h,item_i,item_j,wins,count,losses,win_rate,dataset,reference
1,0,2,5,6,1,0.833333333333333,dots2024_A_r6,full_data
1,0,3,3,3,0,1,dots2024_A_r6,full_data
1,0,4,5,6,1,0.833333333333333,dots2024_A_r6,full_data
1,0,5,1,1,0,1,dots2024_A_r6,full_data
1,0,6,7,9,2,0.777777777777778,dots2024_A_r6,full_data
1,0,7,1,1,0,1,dots2024_A_r6,full_data
1,0,8,10,16,6,0.625,dots2024_A_r6,full_data
1,0,10,7,7,0,1,dots2024_A_r6,full_data
1,0,12,5,5,0,1,dots2024_A_r6,full_data
1,0,13,2,3,1,0.666666666666667,dots2024_A_r6,full_data
1,0,14,1,1,0,1,dots2024_A_r6,full_data
1,0,18,2,2,0,1,dots2024_A_r6,full_data
1,1,0,8,13,5,0.615384615384615,dots2024_A_r6,full_data
1,1,2,3,7,4,0.428571428571429,dots2024_A_r6,full_data
1,1,3,3,5,2,0.6,dots2024_A_r6,full_data
1,1,4,7,9,2,0.777777777777778,dots2024_A_r6,full_data
1,1,5,2,3,1,0.666666666666667,dots2024_A_r6,full_data
1,1,6,2,4,2,0.5,dots2024_A_r6,full_data
1,1,7,2,3,1,0.666666666666667,dots2024_A_r6,full_data
1,1,8,2,3,1,0.666666666666667,dots2024_A_r6,full_data
1,1,10,4,4,0,1,dots2024_A_r6,full_data
1,1,11,1,1,0,1,dots2024_A_r6,full_data
1,1,12,3,3,0,1,dots2024_A_r6,full_data
1,1,14,0,1,1,0,dots2024_A_r6,full_data
1,1,17,0,1,1,0,dots2024_A_r6,full_data
1,1,18,1,2,1,0.5,dots2024_A_r6,full_data
1,2,3,6,8,2,0.75,dots2024_A_r6,full_data
1,2,5,5,8,3,0.625,dots2024_A_r6,full_data
1,2,6,3,5,2,0.6,dots2024_A_r6,full_data
1,2,7,2,2,0,1,dots2024_A_r6,full_data
1,2,9,5,6,1,0.833333333333333,dots2024_A_r6,full_data
1,2,10,6,11,5,0.545454545454545,dots2024_A_r6,full_data
1,2,11,2,2,0,1,dots2024_A_r6,full_data
1,2,12,1,3,2,0.333333333333333,dots2024_A_r6,full_data
1,2,13,2,5,3,0.4,dots2024_A_r6,full_data
1,2,14,2,2,0,1,dots2024_A_r6,full_data
1,2,15,1,1,0,1,dots2024_A_r6,full_data
1,2,17,2,3,1,0.666666666666667,dots2024_A_r6,full_data
1,2,18,0,1,1,0,dots2024_A_r6,full_data
1,2,23,1,1,0,1,dots2024_A_r6,full_data
1,2,24,1,1,0,1,dots2024_A_r6,full_data
1,3,5,6,10,4,0.6,dots2024_A_r6,full_data
1,3,7,3,5,2,0.6,dots2024_A_r6,full_data
1,3,9,3,5,2,0.6,dots2024_A_r6,full_data
1,3,11,6,7,1,0.857142857142857,dots2024_A_r6,full_data
1,3,12,2,4,2,0.5,dots2024_A_r6,full_data
1,3,13,7,9,2,0.777777777777778,dots2024_A_r6,full_data
1,3,14,3,4,1,0.75,dots2024_A_r6,full_data
1,3,15,1,1,0,1,dots2024_A_r6,full_data
1,3,16,1,2,1,0.5,dots2024_A_r6,full_data
1,3,18,5,6,1,0.833333333333333,dots2024_A_r6,full_data
1,3,20,3,3,0,1,dots2024_A_r6,full_data
1,3,23,1,2,1,0.5,dots2024_A_r6,full_data
1,3,27,1,1,0,1,dots2024_A_r6,full_data
1,4,2,5,5,0,1,dots2024_A_r6,full_data
1,4,3,4,6,2,0.666666666666667,dots2024_A_r6,full_data
1,4,5,2,4,2,0.5,dots2024_A_r6,full_data
1,4,6,5,8,3,0.625,dots2024_A_r6,full_data
1,4,7,3,7,4,0.428571428571429,dots2024_A_r6,full_data
1,4,8,8,12,4,0.666666666666667,dots2024_A_r6,full_data
1,4,9,2,3,1,0.666666666666667,dots2024_A_r6,full_data
1,4,10,1,4,3,0.25,dots2024_A_r6,full_data
1,4,12,3,3,0,1,dots2024_A_r6,full_data
1,4,13,4,5,1,0.8,dots2024_A_r6,full_data
1,4,18,1,1,0,1,dots2024_A_r6,full_data
1,4,19,1,1,0,1,dots2024_A_r6,full_data
1,5,7,4,10,6,0.4,dots2024_A_r6,full_data
1,5,9,6,6,0,1,dots2024_A_r6,full_data
1,5,11,1,1,0,1,dots2024_A_r6,full_data
1,5,12,6,10,4,0.6,dots2024_A_r6,full_data
1,5,13,6,10,4,0.6,dots2024_A_r6,full_data
1,5,14,3,5,2,0.6,dots2024_A_r6,full_data
1,5,16,4,4,0,1,dots2024_A_r6,full_data
1,5,17,3,3,0,1,dots2024_A_r6,full_data
1,5,18,5,7,2,0.714285714285714,dots2024_A_r6,full_data
1,5,19,1,1,0,1,dots2024_A_r6,full_data
1,5,20,3,3,0,1,dots2024_A_r6,full_data
1,5,24,0,1,1,0,dots2024_A_r6,full_data
1,5,26,1,1,0,1,dots2024_A_r6,full_data
1,6,3,8,11,3,0.727272727272727,dots2024_A_r6,full_data
1,6,5,10,14,4,0.714285714285714,dots2024_A_r6,full_data
1,6,7,3,5,2,0.6,dots2024_A_r6,full_data
1,6,9,1,2,1,0.5,dots2024_A_r6,full_data
1,6,11,2,3,1,0.666666666666667,dots2024_A_r6,full_data
1,6,12,8,13,5,0.615384615384615,dots2024_A_r6,full_data
1,6,13,2,2,0,1,dots2024_A_r6,full_data
1,6,14,3,3,0,1,dots2024_A_r6,full_data
1,6,15,0,1,1,0,dots2024_A_r6,full_data
1,6,16,1,1,0,1,dots2024_A_r6,full_data
1,6,17,1,1,0,1,dots2024_A_r6,full_data
1,6,18,2,2,0,1,dots2024_A_r6,full_data
1,6,20,1,1,0,1,dots2024_A_r6,full_data
1,6,23,1,1,0,1,dots2024_A_r6,full_data
1,6,24,0,2,2,0,dots2024_A_r6,full_data
1,7,9,11,14,3,0.785714285714286,dots2024_A_r6,full_data
1,7,11,6,8,2,0.75,dots2024_A_r6,full_data
1,7,14,4,5,1,0.8,dots2024_A_r6,full_data
1,7,15,1,1,0,1,dots2024_A_r6,full_data
1,7,16,1,2,1,0.5,dots2024_A_r6,full_data
1,7,17,4,4,0,1,dots2024_A_r6,full_data
1,7,18,6,10,4,0.6,dots2024_A_r6,full_data
1,7,19,2,2,0,1,dots2024_A_r6,full_data
1,7,20,7,7,0,1,dots2024_A_r6,full_data
1,7,22,2,2,0,1,dots2024_A_r6,full_data
1,7,23,1,1,0,1,dots2024_A_r6,full_data
1,7,24,1,2,1,0.5,dots2024_A_r6,full_data
1,7,27,1,1,0,1,dots2024_A_r6,full_data
1,7,29,1,1,0,1,dots2024_A_r6,full_data
1,8,2,5,9,4,0.555555555555556,dots2024_A_r6,full_data
1,8,3,0,1,1,0,dots2024_A_r6,full_data
1,8,5,4,6,2,0.666666666666667,dots2024_A_r6,full_data
1,8,6,2,4,2,0.5,dots2024_A_r6,full_data
1,8,7,2,4,2,0.5,dots2024_A_r6,full_data
1,8,9,2,4,2,0.5,dots2024_A_r6,full_data
1,8,10,8,15,7,0.533333333333333,dots2024_A_r6,full_data
1,8,11,1,1,0,1,dots2024_A_r6,full_data
1,8,12,3,4,1,0.75,dots2024_A_r6,full_data
1,8,13,2,5,3,0.4,dots2024_A_r6,full_data
1,8,14,0,1,1,0,dots2024_A_r6,full_data
1,8,17,1,2,1,0.5,dots2024_A_r6,full_data
1,8,18,0,3,3,0,dots2024_A_r6,full_data
1,8,20,1,1,0,1,dots2024_A_r6,full_data
1,9,11,6,9,3,0.666666666666667,dots2024_A_r6,full_data
1,9,14,5,5,0,1,dots2024_A_r6,full_data
1,9,15,0,1,1,0,dots2024_A_r6,full_data
1,9,16,4,6,2,0.666666666666667,dots2024_A_r6,full_data
1,9,17,8,10,2,0.8,dots2024_A_r6,full_data
1,9,18,4,6,2,0.666666666666667,dots2024_A_r6,full_data
1,9,19,3,4,1,0.75,dots2024_A_r6,full_data
1,9,20,2,3,1,0.666666666666667,dots2024_A_r6,full_data
1,9,21,1,1,0,1,dots2024_A_r6,full_data
1,9,22,4,5,1,0.8,dots2024_A_r6,full_data
1,9,23,1,2,1,0.5,dots2024_A_r6,full_data
1,9,24,2,3,1,0.666666666666667,dots2024_A_r6,full_data
1,9,26,4,4,0,1,dots2024_A_r6,full_data
1,9,27,1,1,0,1,dots2024_A_r6,full_data
1,10,3,5,12,7,0.416666666666667,dots2024_A_r6,full_data
1,10,5,5,7,2,0.714285714285714,dots2024_A_r6,full_data
1,10,6,10,14,4,0.714285714285714,dots2024_A_r6,full_data
1,10,7,3,4,1,0.75,dots2024_A_r6,full_data
1,10,9,3,3,0,1,dots2024_A_r6,full_data
1,10,11,3,4,1,0.75,dots2024_A_r6,full_data
1,10,12,3,6,3,0.5,dots2024_A_r6,full_data
1,10,13,4,6,2,0.666666666666667,dots2024_A_r6,full_data
1,10,14,1,1,0,1,dots2024_A_r6,full_data
1,10,16,1,2,1,0.5,dots2024_A_r6,full_data
1,10,18,3,3,0,1,dots2024_A_r6,full_data
1,11,14,10,12,2,0.833333333333333,dots2024_A_r6,full_data
1,11,15,5,8,3,0.625,dots2024_A_r6,full_data
1,11,16,7,10,3,0.7,dots2024_A_r6,full_data
1,11,17,4,6,2,0.666666666666667,dots2024_A_r6,full_data
1,11,19,2,2,0,1,dots2024_A_r6,full_data
1,11,20,2,5,3,0.4,dots2024_A_r6,full_data
1,11,22,1,2,1,0.5,dots2024_A_r6,full_data
1,11,23,1,2,1,0.5,dots2024_A_r6,full_data
1,11,24,3,3,0,1,dots2024_A_r6,full_data
1,11,26,3,5,2,0.6,dots2024_A_r6,full_data
1,11,27,1,1,0,1,dots2024_A_r6,full_data
1,11,28,1,1,0,1,dots2024_A_r6,full_data
1,11,29,1,1,0,1,dots2024_A_r6,full_data
1,12,7,4,8,4,0.5,dots2024_A_r6,full_data
1,12,9,4,8,4,0.5,dots2024_A_r6,full_data
1,12,11,1,6,5,0.166666666666667,dots2024_A_r6,full_data
1,12,13,5,7,2,0.714285714285714,dots2024_A_r6,full_data
1,12,14,3,4,1,0.75,dots2024_A_r6,full_data
1,12,15,1,2,1,0.5,dots2024_A_r6,full_data
1,12,16,4,4,0,1,dots2024_A_r6,full_data
1,12,17,2,2,0,1,dots2024_A_r6,full_data
1,12,18,4,6,2,0.666666666666667,dots2024_A_r6,full_data
1,12,20,4,4,0,1,dots2024_A_r6,full_data
1,12,21,1,2,1,0.5,dots2024_A_r6,full_data
1,12,23,0,2,2,0,dots2024_A_r6,full_data
1,12,24,2,3,1,0.666666666666667,dots2024_A_r6,full_data
1,12,27,1,1,0,1,dots2024_A_r6,full_data
1,13,7,8,9,1,0.888888888888889,dots2024_A_r6,full_data
1,13,9,1,7,6,0.142857142857143,dots2024_A_r6,full_data
1,13,11,5,7,2,0.714285714285714,dots2024_A_r6,full_data
1,13,14,4,6,2,0.666666666666667,dots2024_A_r6,full_data
1,13,15,3,5,2,0.6,dots2024_A_r6,full_data
1,13,16,1,3,2,0.333333333333333,dots2024_A_r6,full_data
1,13,17,3,4,1,0.75,dots2024_A_r6,full_data
1,13,18,9,10,1,0.9,dots2024_A_r6,full_data
1,13,19,0,1,1,0,dots2024_A_r6,full_data
1,13,20,3,3,0,1,dots2024_A_r6,full_data
1,13,22,1,1,0,1,dots2024_A_r6,full_data
1,13,23,1,1,0,1,dots2024_A_r6,full_data
1,13,26,0,1,1,0,dots2024_A_r6,full_data
1,13,27,1,1,0,1,dots2024_A_r6,full_data
1,14,15,7,9,2,0.777777777777778,dots2024_A_r6,full_data
1,14,16,5,9,4,0.555555555555556,dots2024_A_r6,full_data
1,14,17,6,9,3,0.666666666666667,dots2024_A_r6,full_data
1,14,19,1,1,0,1,dots2024_A_r6,full_data
1,14,20,6,8,2,0.75,dots2024_A_r6,full_data
1,14,21,2,2,0,1,dots2024_A_r6,full_data
1,14,22,1,3,2,0.333333333333333,dots2024_A_r6,full_data
1,14,23,4,4,0,1,dots2024_A_r6,full_data
1,14,24,4,5,1,0.8,dots2024_A_r6,full_data
1,14,25,1,1,0,1,dots2024_A_r6,full_data
1,14,26,2,2,0,1,dots2024_A_r6,full_data
1,14,27,1,1,0,1,dots2024_A_r6,full_data
1,14,28,1,1,0,1,dots2024_A_r6,full_data
1,15,19,5,5,0,1,dots2024_A_r6,full_data
1,15,21,2,2,0,1,dots2024_A_r6,full_data
1,15,22,5,6,1,0.833333333333333,dots2024_A_r6,full_data
1,15,23,15,20,5,0.75,dots2024_A_r6,full_data
1,15,24,2,3,1,0.666666666666667,dots2024_A_r6,full_data
1,15,25,0,1,1,0,dots2024_A_r6,full_data
1,15,26,4,6,2,0.666666666666667,dots2024_A_r6,full_data
1,15,27,2,4,2,0.5,dots2024_A_r6,full_data
1,15,28,4,5,1,0.8,dots2024_A_r6,full_data
1,15,29,1,2,1,0.5,dots2024_A_r6,full_data
1,16,15,6,10,4,0.6,dots2024_A_r6,full_data
1,16,19,5,5,0,1,dots2024_A_r6,full_data
1,16,20,7,7,0,1,dots2024_A_r6,full_data
1,16,21,1,1,0,1,dots2024_A_r6,full_data
1,16,22,2,3,1,0.666666666666667,dots2024_A_r6,full_data
1,16,23,3,7,4,0.428571428571429,dots2024_A_r6,full_data
1,16,24,4,10,6,0.4,dots2024_A_r6,full_data
1,16,25,1,2,1,0.5,dots2024_A_r6,full_data
1,16,26,6,7,1,0.857142857142857,dots2024_A_r6,full_data
1,16,27,2,3,1,0.666666666666667,dots2024_A_r6,full_data
1,16,28,2,3,1,0.666666666666667,dots2024_A_r6,full_data
1,16,29,0,1,1,0,dots2024_A_r6,full_data
1,17,15,3,6,3,0.5,dots2024_A_r6,full_data
1,17,16,2,4,2,0.5,dots2024_A_r6,full_data
1,17,19,7,8,1,0.875,dots2024_A_r6,full_data
1,17,20,11,15,4,0.733333333333333,dots2024_A_r6,full_data
1,17,21,1,2,1,0.5,dots2024_A_r6,full_data
1,17,22,2,5,3,0.4,dots2024_A_r6,full_data
1,17,23,4,8,4,0.5,dots2024_A_r6,full_data
1,17,24,1,3,2,0.333333333333333,dots2024_A_r6,full_data
1,17,25,0,1,1,0,dots2024_A_r6,full_data
1,17,26,1,1,0,1,dots2024_A_r6,full_data
1,17,27,1,2,1,0.5,dots2024_A_r6,full_data
1,17,28,0,1,1,0,dots2024_A_r6,full_data
1,18,11,5,8,3,0.625,dots2024_A_r6,full_data
1,18,14,3,8,5,0.375,dots2024_A_r6,full_data
1,18,15,4,5,1,0.8,dots2024_A_r6,full_data
1,18,16,9,13,4,0.692307692307692,dots2024_A_r6,full_data
1,18,17,7,15,8,0.466666666666667,dots2024_A_r6,full_data
1,18,21,1,2,1,0.5,dots2024_A_r6,full_data
1,18,22,1,1,0,1,dots2024_A_r6,full_data
1,18,24,5,6,1,0.833333333333333,dots2024_A_r6,full_data
1,18,26,1,1,0,1,dots2024_A_r6,full_data
1,18,27,1,2,1,0.5,dots2024_A_r6,full_data
1,19,21,3,7,4,0.428571428571429,dots2024_A_r6,full_data
1,19,22,7,11,4,0.636363636363636,dots2024_A_r6,full_data
1,19,25,2,3,1,0.666666666666667,dots2024_A_r6,full_data
1,19,26,9,12,3,0.75,dots2024_A_r6,full_data
1,19,27,4,7,3,0.571428571428571,dots2024_A_r6,full_data
1,19,28,3,5,2,0.6,dots2024_A_r6,full_data
1,19,29,1,2,1,0.5,dots2024_A_r6,full_data
1,20,15,6,10,4,0.6,dots2024_A_r6,full_data
1,20,19,1,5,4,0.2,dots2024_A_r6,full_data
1,20,21,0,3,3,0,dots2024_A_r6,full_data
1,20,22,4,5,1,0.8,dots2024_A_r6,full_data
1,20,23,5,8,3,0.625,dots2024_A_r6,full_data
1,20,24,5,8,3,0.625,dots2024_A_r6,full_data
1,20,25,2,4,2,0.5,dots2024_A_r6,full_data
1,20,26,0,2,2,0,dots2024_A_r6,full_data
1,20,27,3,4,1,0.75,dots2024_A_r6,full_data
1,20,28,2,2,0,1,dots2024_A_r6,full_data
1,20,29,1,1,0,1,dots2024_A_r6,full_data
1,21,25,5,6,1,0.833333333333333,dots2024_A_r6,full_data
1,21,28,11,15,4,0.733333333333333,dots2024_A_r6,full_data
1,21,29,5,9,4,0.555555555555556,dots2024_A_r6,full_data
1,22,21,4,6,2,0.666666666666667,dots2024_A_r6,full_data
1,22,25,7,7,0,1,dots2024_A_r6,full_data
1,22,26,3,4,1,0.75,dots2024_A_r6,full_data
1,22,27,9,15,6,0.6,dots2024_A_r6,full_data
1,22,28,4,4,0,1,dots2024_A_r6,full_data
1,22,29,2,4,2,0.5,dots2024_A_r6,full_data
1,23,19,6,11,5,0.545454545454545,dots2024_A_r6,full_data
1,23,21,3,5,2,0.6,dots2024_A_r6,full_data
1,23,22,3,7,4,0.428571428571429,dots2024_A_r6,full_data
1,23,24,6,10,4,0.6,dots2024_A_r6,full_data
1,23,25,1,2,1,0.5,dots2024_A_r6,full_data
1,23,26,2,3,1,0.666666666666667,dots2024_A_r6,full_data
1,23,27,6,8,2,0.75,dots2024_A_r6,full_data
1,23,28,2,2,0,1,dots2024_A_r6,full_data
1,23,29,4,6,2,0.666666666666667,dots2024_A_r6,full_data
1,24,19,7,13,6,0.538461538461538,dots2024_A_r6,full_data
1,24,21,1,4,3,0.25,dots2024_A_r6,full_data
1,24,22,5,8,3,0.625,dots2024_A_r6,full_data
1,24,25,1,4,3,0.25,dots2024_A_r6,full_data
1,24,26,1,4,3,0.25,dots2024_A_r6,full_data
1,24,27,4,8,4,0.5,dots2024_A_r6,full_data
1,24,28,2,3,1,0.666666666666667,dots2024_A_r6,full_data
1,24,29,5,7,2,0.714285714285714,dots2024_A_r6,full_data
1,25,29,6,9,3,0.666666666666667,dots2024_A_r6,full_data
1,26,21,9,16,7,0.5625,dots2024_A_r6,full_data
1,26,25,2,6,4,0.333333333333333,dots2024_A_r6,full_data
1,26,28,4,8,4,0.5,dots2024_A_r6,full_data
1,26,29,2,3,1,0.666666666666667,dots2024_A_r6,full_data
1,27,21,3,6,3,0.5,dots2024_A_r6,full_data
1,27,25,4,8,4,0.5,dots2024_A_r6,full_data
1,27,26,6,9,3,0.666666666666667,dots2024_A_r6,full_data
1,27,28,5,10,5,0.5,dots2024_A_r6,full_data
1,27,29,2,5,3,0.4,dots2024_A_r6,full_data
1,28,25,11,15,4,0.733333333333333,dots2024_A_r6,full_data
1,28,29,5,8,3,0.625,dots2024_A_r6,full_data
2,0,2,0,2,2,0,dots2024_A_r6,full_data
2,0,3,6,8,2,0.75,dots2024_A_r6,full_data
2,0,5,4,4,0,1,dots2024_A_r6,full_data
2,0,6,2,3,1,0.666666666666667,dots2024_A_r6,full_data
2,0,7,3,5,2,0.6,dots2024_A_r6,full_data
2,0,8,1,3,2,0.333333333333333,dots2024_A_r6,full_data
2,0,9,4,4,0,1,dots2024_A_r6,full_data
2,0,10,0,2,2,0,dots2024_A_r6,full_data
2,0,11,4,5,1,0.8,dots2024_A_r6,full_data
2,0,12,7,7,0,1,dots2024_A_r6,full_data
2,0,13,1,1,0,1,dots2024_A_r6,full_data
2,0,14,7,7,0,1,dots2024_A_r6,full_data
2,0,15,1,1,0,1,dots2024_A_r6,full_data
2,0,16,1,1,0,1,dots2024_A_r6,full_data
2,0,17,1,1,0,1,dots2024_A_r6,full_data
2,0,18,3,3,0,1,dots2024_A_r6,full_data
2,0,19,1,1,0,1,dots2024_A_r6,full_data
2,0,23,1,1,0,1,dots2024_A_r6,full_data
2,0,24,1,1,0,1,dots2024_A_r6,full_data
2,1,2,2,2,0,1,dots2024_A_r6,full_data
2,1,3,5,5,0,1,dots2024_A_r6,full_data
2,1,4,3,3,0,1,dots2024_A_r6,full_data
2,1,5,3,6,3,0.5,dots2024_A_r6,full_data
2,1,6,4,5,1,0.8,dots2024_A_r6,full_data
2,1,7,2,4,2,0.5,dots2024_A_r6,full_data
2,1,8,1,2,1,0.5,dots2024_A_r6,full_data
2,1,9,2,3,1,0.666666666666667,dots2024_A_r6,full_data
2,1,10,3,5,2,0.6,dots2024_A_r6,full_data
2,1,11,5,5,0,1,dots2024_A_r6,full_data
2,1,12,2,2,0,1,dots2024_A_r6,full_data
2,1,13,2,3,1,0.666666666666667,dots2024_A_r6,full_data
2,1,14,2,2,0,1,dots2024_A_r6,full_data
2,1,16,1,1,0,1,dots2024_A_r6,full_data
2,1,17,2,3,1,0.666666666666667,dots2024_A_r6,full_data
2,1,18,2,2,0,1,dots2024_A_r6,full_data
2,1,19,1,1,0,1,dots2024_A_r6,full_data
2,1,20,2,4,2,0.5,dots2024_A_r6,full_data
2,1,24,0,1,1,0,dots2024_A_r6,full_data
2,2,5,3,5,2,0.6,dots2024_A_r6,full_data
2,2,6,1,1,0,1,dots2024_A_r6,full_data
2,2,7,4,4,0,1,dots2024_A_r6,full_data
2,2,9,5,6,1,0.833333333333333,dots2024_A_r6,full_data
2,2,11,5,6,1,0.833333333333333,dots2024_A_r6,full_data
2,2,12,2,4,2,0.5,dots2024_A_r6,full_data
2,2,13,4,4,0,1,dots2024_A_r6,full_data
2,2,14,2,3,1,0.666666666666667,dots2024_A_r6,full_data
2,2,15,4,4,0,1,dots2024_A_r6,full_data
2,2,16,3,4,1,0.75,dots2024_A_r6,full_data
2,2,17,1,1,0,1,dots2024_A_r6,full_data
2,2,18,4,5,1,0.8,dots2024_A_r6,full_data
2,2,19,2,2,0,1,dots2024_A_r6,full_data
2,2,20,1,2,1,0.5,dots2024_A_r6,full_data
2,2,22,2,2,0,1,dots2024_A_r6,full_data
2,2,23,2,3,1,0.666666666666667,dots2024_A_r6,full_data
2,2,24,1,1,0,1,dots2024_A_r6,full_data
2,2,25,1,1,0,1,dots2024_A_r6,full_data
2,2,27,1,1,0,1,dots2024_A_r6,full_data
2,3,7,1,2,1,0.5,dots2024_A_r6,full_data
2,3,9,0,1,1,0,dots2024_A_r6,full_data
2,3,11,2,2,0,1,dots2024_A_r6,full_data
2,3,12,1,1,0,1,dots2024_A_r6,full_data
2,3,13,2,2,0,1,dots2024_A_r6,full_data
2,3,14,7,9,2,0.777777777777778,dots2024_A_r6,full_data
2,3,15,6,6,0,1,dots2024_A_r6,full_data
2,3,16,7,7,0,1,dots2024_A_r6,full_data
2,3,17,5,5,0,1,dots2024_A_r6,full_data
2,3,18,3,3,0,1,dots2024_A_r6,full_data
2,3,19,2,5,3,0.4,dots2024_A_r6,full_data
2,3,20,3,3,0,1,dots2024_A_r6,full_data
2,3,22,1,1,0,1,dots2024_A_r6,full_data
2,3,23,4,6,2,0.666666666666667,dots2024_A_r6,full_data
2,3,24,2,3,1,0.666666666666667,dots2024_A_r6,full_data
2,3,26,0,1,1,0,dots2024_A_r6,full_data
2,3,27,1,1,0,1,dots2024_A_r6,full_data
2,3,28,1,1,0,1,dots2024_A_r6,full_data
2,4,2,2,2,0,1,dots2024_A_r6,full_data
2,4,3,3,3,0,1,dots2024_A_r6,full_data
2,4,5,4,6,2,0.666666666666667,dots2024_A_r6,full_data
2,4,6,1,2,1,0.5,dots2024_A_r6,full_data
2,4,7,4,5,1,0.8,dots2024_A_r6,full_data
2,4,9,4,8,4,0.5,dots2024_A_r6,full_data
2,4,10,2,2,0,1,dots2024_A_r6,full_data
2,4,11,2,3,1,0.666666666666667,dots2024_A_r6,full_data
2,4,12,5,5,0,1,dots2024_A_r6,full_data
2,4,13,8,8,0,1,dots2024_A_r6,full_data
2,4,14,1,1,0,1,dots2024_A_r6,full_data
2,4,15,1,1,0,1,dots2024_A_r6,full_data
2,4,16,1,1,0,1,dots2024_A_r6,full_data
2,4,17,1,1,0,1,dots2024_A_r6,full_data
2,4,18,3,5,2,0.6,dots2024_A_r6,full_data
2,4,20,1,1,0,1,dots2024_A_r6,full_data
2,4,22,1,1,0,1,dots2024_A_r6,full_data
2,4,24,2,2,0,1,dots2024_A_r6,full_data
2,4,26,1,1,0,1,dots2024_A_r6,full_data
2,4,27,1,1,0,1,dots2024_A_r6,full_data
2,5,7,4,5,1,0.8,dots2024_A_r6,full_data
2,5,9,3,4,1,0.75,dots2024_A_r6,full_data
2,5,11,5,6,1,0.833333333333333,dots2024_A_r6,full_data
2,5,13,0,1,1,0,dots2024_A_r6,full_data
2,5,14,2,2,0,1,dots2024_A_r6,full_data
2,5,15,1,1,0,1,dots2024_A_r6,full_data
2,5,16,6,9,3,0.666666666666667,dots2024_A_r6,full_data
2,5,17,5,5,0,1,dots2024_A_r6,full_data
2,5,18,5,5,0,1,dots2024_A_r6,full_data
2,5,19,3,3,0,1,dots2024_A_r6,full_data
2,5,20,6,6,0,1,dots2024_A_r6,full_data
2,5,21,2,2,0,1,dots2024_A_r6,full_data
2,5,22,2,2,0,1,dots2024_A_r6,full_data
2,5,23,0,2,2,0,dots2024_A_r6,full_data
2,5,24,1,1,0,1,dots2024_A_r6,full_data
2,5,26,4,4,0,1,dots2024_A_r6,full_data
2,5,27,2,2,0,1,dots2024_A_r6,full_data
2,5,28,1,1,0,1,dots2024_A_r6,full_data
2,6,5,2,2,0,1,dots2024_A_r6,full_data
2,6,7,4,5,1,0.8,dots2024_A_r6,full_data
2,6,9,7,10,3,0.7,dots2024_A_r6,full_data
2,6,11,3,3,0,1,dots2024_A_r6,full_data
2,6,12,1,1,0,1,dots2024_A_r6,full_data
2,6,13,2,5,3,0.4,dots2024_A_r6,full_data
2,6,14,4,4,0,1,dots2024_A_r6,full_data
2,6,15,5,7,2,0.714285714285714,dots2024_A_r6,full_data
2,6,16,3,3,0,1,dots2024_A_r6,full_data
2,6,17,2,2,0,1,dots2024_A_r6,full_data
2,6,18,5,7,2,0.714285714285714,dots2024_A_r6,full_data
2,6,19,1,1,0,1,dots2024_A_r6,full_data
2,6,20,3,3,0,1,dots2024_A_r6,full_data
2,6,21,1,2,1,0.5,dots2024_A_r6,full_data
2,6,22,1,1,0,1,dots2024_A_r6,full_data
2,6,23,1,2,1,0.5,dots2024_A_r6,full_data
2,6,24,1,1,0,1,dots2024_A_r6,full_data
2,6,26,1,2,1,0.5,dots2024_A_r6,full_data
2,6,27,1,1,0,1,dots2024_A_r6,full_data
2,7,11,6,7,1,0.857142857142857,dots2024_A_r6,full_data
2,7,14,2,4,2,0.5,dots2024_A_r6,full_data
2,7,15,3,3,0,1,dots2024_A_r6,full_data
2,7,16,2,3,1,0.666666666666667,dots2024_A_r6,full_data
2,7,17,1,3,2,0.333333333333333,dots2024_A_r6,full_data
2,7,19,1,1,0,1,dots2024_A_r6,full_data
2,7,20,3,4,1,0.75,dots2024_A_r6,full_data
2,7,21,2,3,1,0.666666666666667,dots2024_A_r6,full_data
2,7,22,1,3,2,0.333333333333333,dots2024_A_r6,full_data
2,7,23,4,4,0,1,dots2024_A_r6,full_data
2,7,24,5,5,0,1,dots2024_A_r6,full_data
2,7,25,2,2,0,1,dots2024_A_r6,full_data
2,7,26,4,4,0,1,dots2024_A_r6,full_data
2,7,27,3,4,1,0.75,dots2024_A_r6,full_data
2,7,28,1,1,0,1,dots2024_A_r6,full_data
2,7,29,1,1,0,1,dots2024_A_r6,full_data
2,8,3,3,6,3,0.5,dots2024_A_r6,full_data
2,8,5,1,4,3,0.25,dots2024_A_r6,full_data
2,8,6,2,2,0,1,dots2024_A_r6,full_data
2,8,7,4,6,2,0.666666666666667,dots2024_A_r6,full_data
2,8,9,4,5,1,0.8,dots2024_A_r6,full_data
2,8,10,2,2,0,1,dots2024_A_r6,full_data
2,8,11,2,3,1,0.666666666666667,dots2024_A_r6,full_data
2,8,12,0,3,3,0,dots2024_A_r6,full_data
2,8,13,2,4,2,0.5,dots2024_A_r6,full_data
2,8,14,2,3,1,0.666666666666667,dots2024_A_r6,full_data
2,8,15,2,3,1,0.666666666666667,dots2024_A_r6,full_data
2,8,16,2,4,2,0.5,dots2024_A_r6,full_data
2,8,17,2,3,1,0.666666666666667,dots2024_A_r6,full_data
2,8,18,4,4,0,1,dots2024_A_r6,full_data
2,8,20,1,1,0,1,dots2024_A_r6,full_data
2,8,22,1,1,0,1,dots2024_A_r6,full_data
2,8,23,1,2,1,0.5,dots2024_A_r6,full_data
2,8,24,3,4,1,0.75,dots2024_A_r6,full_data
2,9,11,1,1,0,1,dots2024_A_r6,full_data
2,9,14,1,1,0,1,dots2024_A_r6,full_data
2,9,15,3,4,1,0.75,dots2024_A_r6,full_data
2,9,16,2,2,0,1,dots2024_A_r6,full_data
2,9,17,2,3,1,0.666666666666667,dots2024_A_r6,full_data
2,9,19,3,3,0,1,dots2024_A_r6,full_data
2,9,20,4,5,1,0.8,dots2024_A_r6,full_data
2,9,21,1,1,0,1,dots2024_A_r6,full_data
2,9,22,4,4,0,1,dots2024_A_r6,full_data
2,9,23,4,4,0,1,dots2024_A_r6,full_data
2,9,24,4,4,0,1,dots2024_A_r6,full_data
2,9,26,6,6,0,1,dots2024_A_r6,full_data
2,9,27,5,6,1,0.833333333333333,dots2024_A_r6,full_data
2,9,28,4,5,1,0.8,dots2024_A_r6,full_data
2,9,29,1,1,0,1,dots2024_A_r6,full_data
2,10,3,0,1,1,0,dots2024_A_r6,full_data
2,10,5,1,5,4,0.2,dots2024_A_r6,full_data
2,10,7,3,4,1,0.75,dots2024_A_r6,full_data
2,10,9,4,5,1,0.8,dots2024_A_r6,full_data
2,10,11,4,5,1,0.8,dots2024_A_r6,full_data
2,10,12,5,5,0,1,dots2024_A_r6,full_data
2,10,13,2,4,2,0.5,dots2024_A_r6,full_data
2,10,14,3,3,0,1,dots2024_A_r6,full_data
2,10,15,3,3,0,1,dots2024_A_r6,full_data
2,10,16,4,5,1,0.8,dots2024_A_r6,full_data
2,10,17,6,6,0,1,dots2024_A_r6,full_data
2,10,18,4,7,3,0.571428571428571,dots2024_A_r6,full_data
2,10,20,3,4,1,0.75,dots2024_A_r6,full_data
2,10,23,1,1,0,1,dots2024_A_r6,full_data
2,10,24,1,2,1,0.5,dots2024_A_r6,full_data
2,10,26,1,1,0,1,dots2024_A_r6,full_data
2,10,27,1,1,0,1,dots2024_A_r6,full_data
2,11,15,3,5,2,0.6,dots2024_A_r6,full_data
2,11,16,2,2,0,1,dots2024_A_r6,full_data
2,11,17,2,2,0,1,dots2024_A_r6,full_data
2,11,19,5,7,2,0.714285714285714,dots2024_A_r6,full_data
2,11,20,4,4,0,1,dots2024_A_r6,full_data
2,11,21,3,5,2,0.6,dots2024_A_r6,full_data
2,11,22,2,3,1,0.666666666666667,dots2024_A_r6,full_data
2,11,23,3,5,2,0.6,dots2024_A_r6,full_data
2,11,24,4,6,2,0.666666666666667,dots2024_A_r6,full_data
2,11,25,2,2,0,1,dots2024_A_r6,full_data
2,11,26,3,3,0,1,dots2024_A_r6,full_data
2,11,27,2,2,0,1,dots2024_A_r6,full_data
2,11,28,1,1,0,1,dots2024_A_r6,full_data
2,11,29,1,1,0,1,dots2024_A_r6,full_data
2,12,9,0,1,1,0,dots2024_A_r6,full_data
2,12,11,2,2,0,1,dots2024_A_r6,full_data
2,12,14,1,1,0,1,dots2024_A_r6,full_data
2,12,15,4,5,1,0.8,dots2024_A_r6,full_data
2,12,16,2,3,1,0.666666666666667,dots2024_A_r6,full_data
2,12,17,5,7,2,0.714285714285714,dots2024_A_r6,full_data
2,12,18,2,4,2,0.5,dots2024_A_r6,full_data
2,12,19,5,5,0,1,dots2024_A_r6,full_data
2,12,20,2,3,1,0.666666666666667,dots2024_A_r6,full_data
2,12,21,2,4,2,0.5,dots2024_A_r6,full_data
2,12,22,5,5,0,1,dots2024_A_r6,full_data
2,12,23,2,4,2,0.5,dots2024_A_r6,full_data
2,12,24,3,5,2,0.6,dots2024_A_r6,full_data
2,12,26,2,3,1,0.666666666666667,dots2024_A_r6,full_data
2,12,27,3,3,0,1,dots2024_A_r6,full_data
2,12,28,2,3,1,0.666666666666667,dots2024_A_r6,full_data
2,12,29,1,1,0,1,dots2024_A_r6,full_data
2,13,9,2,2,0,1,dots2024_A_r6,full_data
2,13,11,1,2,1,0.5,dots2024_A_r6,full_data
2,13,14,5,6,1,0.833333333333333,dots2024_A_r6,full_data
2,13,15,4,5,1,0.8,dots2024_A_r6,full_data
2,13,16,4,9,5,0.444444444444444,dots2024_A_r6,full_data
2,13,17,7,7,0,1,dots2024_A_r6,full_data
2,13,18,1,1,0,1,dots2024_A_r6,full_data
2,13,19,1,2,1,0.5,dots2024_A_r6,full_data
2,13,20,5,6,1,0.833333333333333,dots2024_A_r6,full_data
2,13,21,4,5,1,0.8,dots2024_A_r6,full_data
2,13,22,1,1,0,1,dots2024_A_r6,full_data
2,13,23,2,3,1,0.666666666666667,dots2024_A_r6,full_data
2,13,24,1,2,1,0.5,dots2024_A_r6,full_data
2,13,26,1,2,1,0.5,dots2024_A_r6,full_data
2,13,27,2,2,0,1,dots2024_A_r6,full_data
2,13,28,2,2,0,1,dots2024_A_r6,full_data
2,14,15,3,4,1,0.75,dots2024_A_r6,full_data
2,14,19,2,3,1,0.666666666666667,dots2024_A_r6,full_data
2,14,20,4,6,2,0.666666666666667,dots2024_A_r6,full_data
2,14,21,4,4,0,1,dots2024_A_r6,full_data
2,14,22,3,4,1,0.75,dots2024_A_r6,full_data
2,14,23,2,3,1,0.666666666666667,dots2024_A_r6,full_data
2,14,24,5,6,1,0.833333333333333,dots2024_A_r6,full_data
2,14,25,4,6,2,0.666666666666667,dots2024_A_r6,full_data
2,14,26,1,1,0,1,dots2024_A_r6,full_data
2,14,27,7,7,0,1,dots2024_A_r6,full_data
2,14,28,2,2,0,1,dots2024_A_r6,full_data
2,14,29,3,3,0,1,dots2024_A_r6,full_data
2,15,19,3,3,0,1,dots2024_A_r6,full_data
2,15,21,3,6,3,0.5,dots2024_A_r6,full_data
2,15,22,3,7,4,0.428571428571429,dots2024_A_r6,full_data
2,15,24,4,5,1,0.8,dots2024_A_r6,full_data
2,15,25,3,4,1,0.75,dots2024_A_r6,full_data
2,15,26,2,2,0,1,dots2024_A_r6,full_data
2,15,27,3,3,0,1,dots2024_A_r6,full_data
2,15,28,3,4,1,0.75,dots2024_A_r6,full_data
2,15,29,3,3,0,1,dots2024_A_r6,full_data
2,16,15,1,1,0,1,dots2024_A_r6,full_data
2,16,19,3,5,2,0.6,dots2024_A_r6,full_data
2,16,21,1,2,1,0.5,dots2024_A_r6,full_data
2,16,22,2,3,1,0.666666666666667,dots2024_A_r6,full_data
2,16,23,4,5,1,0.8,dots2024_A_r6,full_data
2,16,24,2,2,0,1,dots2024_A_r6,full_data
2,16,25,2,2,0,1,dots2024_A_r6,full_data
2,16,26,2,4,2,0.5,dots2024_A_r6,full_data
2,16,27,2,2,0,1,dots2024_A_r6,full_data
2,16,28,7,8,1,0.875,dots2024_A_r6,full_data
2,16,29,4,7,3,0.571428571428571,dots2024_A_r6,full_data
2,17,15,1,3,2,0.333333333333333,dots2024_A_r6,full_data
2,17,19,1,2,1,0.5,dots2024_A_r6,full_data
2,17,21,1,1,0,1,dots2024_A_r6,full_data
2,17,22,4,6,2,0.666666666666667,dots2024_A_r6,full_data
2,17,23,3,4,1,0.75,dots2024_A_r6,full_data
2,17,24,1,3,2,0.333333333333333,dots2024_A_r6,full_data
2,17,25,4,6,2,0.666666666666667,dots2024_A_r6,full_data
2,17,26,4,5,1,0.8,dots2024_A_r6,full_data
2,17,27,2,5,3,0.4,dots2024_A_r6,full_data
2,17,28,4,6,2,0.666666666666667,dots2024_A_r6,full_data
2,17,29,2,4,2,0.5,dots2024_A_r6,full_data
2,18,14,2,2,0,1,dots2024_A_r6,full_data
2,18,15,2,3,1,0.666666666666667,dots2024_A_r6,full_data
2,18,16,1,2,1,0.5,dots2024_A_r6,full_data
2,18,17,1,1,0,1,dots2024_A_r6,full_data
2,18,19,7,7,0,1,dots2024_A_r6,full_data
2,18,20,4,4,0,1,dots2024_A_r6,full_data
2,18,21,1,1,0,1,dots2024_A_r6,full_data
2,18,22,6,7,1,0.857142857142857,dots2024_A_r6,full_data
2,18,23,3,6,3,0.5,dots2024_A_r6,full_data
2,18,24,1,3,2,0.333333333333333,dots2024_A_r6,full_data
2,18,25,1,2,1,0.5,dots2024_A_r6,full_data
2,18,26,7,11,4,0.636363636363636,dots2024_A_r6,full_data
2,18,27,2,4,2,0.5,dots2024_A_r6,full_data
2,18,29,4,4,0,1,dots2024_A_r6,full_data
2,19,21,3,6,3,0.5,dots2024_A_r6,full_data
2,19,25,2,3,1,0.666666666666667,dots2024_A_r6,full_data
2,19,26,2,2,0,1,dots2024_A_r6,full_data
2,19,27,2,2,0,1,dots2024_A_r6,full_data
2,19,28,2,3,1,0.666666666666667,dots2024_A_r6,full_data
2,19,29,1,1,0,1,dots2024_A_r6,full_data
2,20,19,3,6,3,0.5,dots2024_A_r6,full_data
2,20,21,0,3,3,0,dots2024_A_r6,full_data
2,20,22,1,1,0,1,dots2024_A_r6,full_data
2,20,23,2,2,0,1,dots2024_A_r6,full_data
2,20,24,1,1,0,1,dots2024_A_r6,full_data
2,20,25,3,4,1,0.75,dots2024_A_r6,full_data
2,20,26,3,5,2,0.6,dots2024_A_r6,full_data
2,20,27,4,5,1,0.8,dots2024_A_r6,full_data
2,20,28,5,7,2,0.714285714285714,dots2024_A_r6,full_data
2,20,29,0,1,1,0,dots2024_A_r6,full_data
2,21,25,1,3,2,0.333333333333333,dots2024_A_r6,full_data
2,21,29,3,5,2,0.6,dots2024_A_r6,full_data
2,22,21,3,5,2,0.6,dots2024_A_r6,full_data
2,22,25,3,4,1,0.75,dots2024_A_r6,full_data
2,22,28,1,1,0,1,dots2024_A_r6,full_data
2,22,29,1,3,2,0.333333333333333,dots2024_A_r6,full_data
2,23,19,1,2,1,0.5,dots2024_A_r6,full_data
2,23,21,2,3,1,0.666666666666667,dots2024_A_r6,full_data
2,23,22,3,7,4,0.428571428571429,dots2024_A_r6,full_data
2,23,25,6,6,0,1,dots2024_A_r6,full_data
2,23,26,0,1,1,0,dots2024_A_r6,full_data
2,23,27,3,4,1,0.75,dots2024_A_r6,full_data
2,23,28,4,4,0,1,dots2024_A_r6,full_data
2,23,29,6,8,2,0.75,dots2024_A_r6,full_data
2,24,21,3,5,2,0.6,dots2024_A_r6,full_data
2,24,25,4,5,1,0.8,dots2024_A_r6,full_data
2,24,26,4,4,0,1,dots2024_A_r6,full_data
2,24,27,3,4,1,0.75,dots2024_A_r6,full_data
2,24,28,3,4,1,0.75,dots2024_A_r6,full_data
2,24,29,5,6,1,0.833333333333333,dots2024_A_r6,full_data
2,26,25,3,3,0,1,dots2024_A_r6,full_data
2,26,28,5,5,0,1,dots2024_A_r6,full_data
2,26,29,5,8,3,0.625,dots2024_A_r6,full_data
2,27,21,1,1,0,1,dots2024_A_r6,full_data
2,27,25,3,7,4,0.428571428571429,dots2024_A_r6,full_data
2,27,28,0,2,2,0,dots2024_A_r6,full_data
2,27,29,1,1,0,1,dots2024_A_r6,full_data
2,28,29,0,1,1,0,dots2024_A_r6,full_data
3,0,3,0,1,1,0,dots2024_A_r6,full_data
3,0,5,1,1,0,1,dots2024_A_r6,full_data
3,0,6,0,1,1,0,dots2024_A_r6,full_data
3,0,7,5,5,0,1,dots2024_A_r6,full_data
3,0,9,1,3,2,0.333333333333333,dots2024_A_r6,full_data
3,0,11,4,4,0,1,dots2024_A_r6,full_data
3,0,12,2,2,0,1,dots2024_A_r6,full_data
3,0,13,2,3,1,0.666666666666667,dots2024_A_r6,full_data
3,0,14,3,3,0,1,dots2024_A_r6,full_data
3,0,15,1,2,1,0.5,dots2024_A_r6,full_data
3,0,16,6,6,0,1,dots2024_A_r6,full_data
3,0,17,8,8,0,1,dots2024_A_r6,full_data
3,0,18,4,4,0,1,dots2024_A_r6,full_data
3,0,19,1,1,0,1,dots2024_A_r6,full_data
3,0,20,3,3,0,1,dots2024_A_r6,full_data
3,0,21,1,1,0,1,dots2024_A_r6,full_data
3,0,22,2,2,0,1,dots2024_A_r6,full_data
3,0,23,4,5,1,0.8,dots2024_A_r6,full_data
3,0,24,3,3,0,1,dots2024_A_r6,full_data
3,0,27,2,2,0,1,dots2024_A_r6,full_data
3,1,3,3,3,0,1,dots2024_A_r6,full_data
3,1,5,2,2,0,1,dots2024_A_r6,full_data
3,1,6,1,1,0,1,dots2024_A_r6,full_data
3,1,7,4,4,0,1,dots2024_A_r6,full_data
3,1,8,0,1,1,0,dots2024_A_r6,full_data
3,1,9,2,3,1,0.666666666666667,dots2024_A_r6,full_data
3,1,12,2,3,1,0.666666666666667,dots2024_A_r6,full_data
3,1,13,2,3,1,0.666666666666667,dots2024_A_r6,full_data
3,1,14,6,6,0,1,dots2024_A_r6,full_data
3,1,15,7,8,1,0.875,dots2024_A_r6,full_data
3,1,16,3,4,1,0.75,dots2024_A_r6,full_data
3,1,17,1,1,0,1,dots2024_A_r6,full_data
3,1,18,4,5,1,0.8,dots2024_A_r6,full_data
3,1,19,3,3,0,1,dots2024_A_r6,full_data
3,1,20,2,3,1,0.666666666666667,dots2024_A_r6,full_data
3,1,21,1,1,0,1,dots2024_A_r6,full_data
3,1,22,1,1,0,1,dots2024_A_r6,full_data
3,1,23,1,1,0,1,dots2024_A_r6,full_data
3,1,24,3,4,1,0.75,dots2024_A_r6,full_data
3,1,26,2,2,0,1,dots2024_A_r6,full_data
3,2,7,2,4,2,0.5,dots2024_A_r6,full_data
3,2,9,3,3,0,1,dots2024_A_r6,full_data
3,2,11,2,3,1,0.666666666666667,dots2024_A_r6,full_data
3,2,12,1,2,1,0.5,dots2024_A_r6,full_data
3,2,14,2,2,0,1,dots2024_A_r6,full_data
3,2,15,5,6,1,0.833333333333333,dots2024_A_r6,full_data
3,2,16,4,4,0,1,dots2024_A_r6,full_data
3,2,17,4,4,0,1,dots2024_A_r6,full_data
3,2,18,1,1,0,1,dots2024_A_r6,full_data
3,2,19,4,4,0,1,dots2024_A_r6,full_data
3,2,20,4,4,0,1,dots2024_A_r6,full_data
3,2,21,3,3,0,1,dots2024_A_r6,full_data
3,2,22,2,3,1,0.666666666666667,dots2024_A_r6,full_data
3,2,23,2,2,0,1,dots2024_A_r6,full_data
3,2,24,3,3,0,1,dots2024_A_r6,full_data
3,2,26,3,3,0,1,dots2024_A_r6,full_data
3,2,27,5,6,1,0.833333333333333,dots2024_A_r6,full_data
3,2,28,1,1,0,1,dots2024_A_r6,full_data
3,2,29,1,1,0,1,dots2024_A_r6,full_data
3,3,7,1,1,0,1,dots2024_A_r6,full_data
3,3,11,3,3,0,1,dots2024_A_r6,full_data
3,3,15,2,2,0,1,dots2024_A_r6,full_data
3,3,16,3,3,0,1,dots2024_A_r6,full_data
3,3,17,1,2,1,0.5,dots2024_A_r6,full_data
3,3,18,1,1,0,1,dots2024_A_r6,full_data
3,3,19,8,8,0,1,dots2024_A_r6,full_data
3,3,20,4,4,0,1,dots2024_A_r6,full_data
3,3,21,2,3,1,0.666666666666667,dots2024_A_r6,full_data
3,3,22,3,3,0,1,dots2024_A_r6,full_data
3,3,23,4,6,2,0.666666666666667,dots2024_A_r6,full_data
3,3,24,3,3,0,1,dots2024_A_r6,full_data
3,3,25,4,5,1,0.8,dots2024_A_r6,full_data
3,3,26,3,4,1,0.75,dots2024_A_r6,full_data
3,3,28,4,5,1,0.8,dots2024_A_r6,full_data
3,3,29,1,1,0,1,dots2024_A_r6,full_data
3,4,3,1,1,0,1,dots2024_A_r6,full_data
3,4,5,1,1,0,1,dots2024_A_r6,full_data
3,4,7,0,1,1,0,dots2024_A_r6,full_data
3,4,9,8,10,2,0.8,dots2024_A_r6,full_data
3,4,11,2,3,1,0.666666666666667,dots2024_A_r6,full_data
3,4,12,1,2,1,0.5,dots2024_A_r6,full_data
3,4,13,2,2,0,1,dots2024_A_r6,full_data
3,4,14,5,5,0,1,dots2024_A_r6,full_data
3,4,15,5,5,0,1,dots2024_A_r6,full_data
3,4,16,6,7,1,0.857142857142857,dots2024_A_r6,full_data
3,4,17,1,1,0,1,dots2024_A_r6,full_data
3,4,18,3,3,0,1,dots2024_A_r6,full_data
3,4,19,2,2,0,1,dots2024_A_r6,full_data
3,4,20,2,4,2,0.5,dots2024_A_r6,full_data
3,4,21,1,1,0,1,dots2024_A_r6,full_data
3,4,22,2,2,0,1,dots2024_A_r6,full_data
3,4,23,2,3,1,0.666666666666667,dots2024_A_r6,full_data
3,4,24,1,2,1,0.5,dots2024_A_r6,full_data
3,4,26,2,2,0,1,dots2024_A_r6,full_data
3,4,27,2,2,0,1,dots2024_A_r6,full_data
3,5,9,1,1,0,1,dots2024_A_r6,full_data
3,5,11,1,2,1,0.5,dots2024_A_r6,full_data
3,5,14,1,1,0,1,dots2024_A_r6,full_data
3,5,15,3,3,0,1,dots2024_A_r6,full_data
3,5,16,4,5,1,0.8,dots2024_A_r6,full_data
3,5,17,1,3,2,0.333333333333333,dots2024_A_r6,full_data
3,5,18,1,2,1,0.5,dots2024_A_r6,full_data
3,5,20,3,3,0,1,dots2024_A_r6,full_data
3,5,21,6,7,1,0.857142857142857,dots2024_A_r6,full_data
3,5,22,1,1,0,1,dots2024_A_r6,full_data
3,5,23,4,5,1,0.8,dots2024_A_r6,full_data
3,5,24,4,5,1,0.8,dots2024_A_r6,full_data
3,5,25,1,1,0,1,dots2024_A_r6,full_data
3,5,26,4,6,2,0.666666666666667,dots2024_A_r6,full_data
3,5,27,3,3,0,1,dots2024_A_r6,full_data
3,5,28,6,6,0,1,dots2024_A_r6,full_data
3,5,29,2,3,1,0.666666666666667,dots2024_A_r6,full_data
3,6,7,1,1,0,1,dots2024_A_r6,full_data
3,6,9,1,2,1,0.5,dots2024_A_r6,full_data
3,6,11,2,2,0,1,dots2024_A_r6,full_data
3,6,14,3,4,1,0.75,dots2024_A_r6,full_data
3,6,15,2,2,0,1,dots2024_A_r6,full_data
3,6,16,3,5,2,0.6,dots2024_A_r6,full_data
3,6,17,4,5,1,0.8,dots2024_A_r6,full_data
3,6,18,2,2,0,1,dots2024_A_r6,full_data
3,6,19,2,3,1,0.666666666666667,dots2024_A_r6,full_data
3,6,20,4,4,0,1,dots2024_A_r6,full_data
3,6,21,1,2,1,0.5,dots2024_A_r6,full_data
3,6,22,5,6,1,0.833333333333333,dots2024_A_r6,full_data
3,6,23,4,5,1,0.8,dots2024_A_r6,full_data
3,6,24,5,6,1,0.833333333333333,dots2024_A_r6,full_data
3,6,25,1,2,1,0.5,dots2024_A_r6,full_data
3,6,26,3,3,0,1,dots2024_A_r6,full_data
3,6,27,2,2,0,1,dots2024_A_r6,full_data
3,6,28,4,4,0,1,dots2024_A_r6,full_data
3,7,15,1,1,0,1,dots2024_A_r6,full_data
3,7,16,1,1,0,1,dots2024_A_r6,full_data
3,7,17,1,1,0,1,dots2024_A_r6,full_data
3,7,19,1,2,1,0.5,dots2024_A_r6,full_data
3,7,20,4,4,0,1,dots2024_A_r6,full_data
3,7,21,6,6,0,1,dots2024_A_r6,full_data
3,7,22,4,4,0,1,dots2024_A_r6,full_data
3,7,23,1,1,0,1,dots2024_A_r6,full_data
3,7,24,3,3,0,1,dots2024_A_r6,full_data
3,7,25,1,1,0,1,dots2024_A_r6,full_data
3,7,26,5,6,1,0.833333333333333,dots2024_A_r6,full_data
3,7,27,2,2,0,1,dots2024_A_r6,full_data
3,7,28,3,3,0,1,dots2024_A_r6,full_data
3,7,29,3,4,1,0.75,dots2024_A_r6,full_data
3,8,5,0,1,1,0,dots2024_A_r6,full_data
3,8,7,1,2,1,0.5,dots2024_A_r6,full_data
3,8,9,3,6,3,0.5,dots2024_A_r6,full_data
3,8,11,1,3,2,0.333333333333333,dots2024_A_r6,full_data
3,8,13,3,3,0,1,dots2024_A_r6,full_data
3,8,14,4,4,0,1,dots2024_A_r6,full_data
3,8,15,4,6,2,0.666666666666667,dots2024_A_r6,full_data
3,8,16,2,3,1,0.666666666666667,dots2024_A_r6,full_data
3,8,17,3,3,0,1,dots2024_A_r6,full_data
3,8,18,3,4,1,0.75,dots2024_A_r6,full_data
3,8,19,1,2,1,0.5,dots2024_A_r6,full_data
3,8,20,5,5,0,1,dots2024_A_r6,full_data
3,8,22,2,2,0,1,dots2024_A_r6,full_data
3,8,23,3,5,2,0.6,dots2024_A_r6,full_data
3,8,24,0,1,1,0,dots2024_A_r6,full_data
3,8,25,1,1,0,1,dots2024_A_r6,full_data
3,8,26,1,3,2,0.333333333333333,dots2024_A_r6,full_data
3,8,27,4,4,0,1,dots2024_A_r6,full_data
3,8,28,1,1,0,1,dots2024_A_r6,full_data
3,9,14,1,1,0,1,dots2024_A_r6,full_data
3,9,15,2,3,1,0.666666666666667,dots2024_A_r6,full_data
3,9,19,2,2,0,1,dots2024_A_r6,full_data
3,9,21,3,3,0,1,dots2024_A_r6,full_data
3,9,22,1,1,0,1,dots2024_A_r6,full_data
3,9,23,2,3,1,0.666666666666667,dots2024_A_r6,full_data
3,9,24,1,1,0,1,dots2024_A_r6,full_data
3,9,25,6,6,0,1,dots2024_A_r6,full_data
3,9,27,1,1,0,1,dots2024_A_r6,full_data
3,9,28,3,3,0,1,dots2024_A_r6,full_data
3,9,29,7,7,0,1,dots2024_A_r6,full_data
3,10,7,2,3,1,0.666666666666667,dots2024_A_r6,full_data
3,10,9,1,1,0,1,dots2024_A_r6,full_data
3,10,11,1,2,1,0.5,dots2024_A_r6,full_data
3,10,14,3,6,3,0.5,dots2024_A_r6,full_data
3,10,15,2,4,2,0.5,dots2024_A_r6,full_data
3,10,16,2,3,1,0.666666666666667,dots2024_A_r6,full_data
3,10,17,5,5,0,1,dots2024_A_r6,full_data
3,10,18,5,6,1,0.833333333333333,dots2024_A_r6,full_data
3,10,19,2,2,0,1,dots2024_A_r6,full_data
3,10,20,0,1,1,0,dots2024_A_r6,full_data
3,10,21,2,2,0,1,dots2024_A_r6,full_data
3,10,22,6,6,0,1,dots2024_A_r6,full_data
3,10,23,2,3,1,0.666666666666667,dots2024_A_r6,full_data
3,10,24,4,4,0,1,dots2024_A_r6,full_data
3,10,25,1,1,0,1,dots2024_A_r6,full_data
3,10,26,5,6,1,0.833333333333333,dots2024_A_r6,full_data
3,10,27,3,3,0,1,dots2024_A_r6,full_data
3,10,28,2,3,1,0.666666666666667,dots2024_A_r6,full_data
3,10,29,1,1,0,1,dots2024_A_r6,full_data
3,11,19,1,2,1,0.5,dots2024_A_r6,full_data
3,11,20,1,1,0,1,dots2024_A_r6,full_data
3,11,21,3,5,2,0.6,dots2024_A_r6,full_data
3,11,22,1,1,0,1,dots2024_A_r6,full_data
3,11,23,2,2,0,1,dots2024_A_r6,full_data
3,11,24,3,3,0,1,dots2024_A_r6,full_data
3,11,25,5,5,0,1,dots2024_A_r6,full_data
3,11,26,4,4,0,1,dots2024_A_r6,full_data
3,11,27,5,6,1,0.833333333333333,dots2024_A_r6,full_data
3,11,28,3,4,1,0.75,dots2024_A_r6,full_data
3,11,29,3,4,1,0.75,dots2024_A_r6,full_data
3,12,15,0,1,1,0,dots2024_A_r6,full_data
3,12,16,1,1,0,1,dots2024_A_r6,full_data
3,12,17,0,2,2,0,dots2024_A_r6,full_data
3,12,19,6,6,0,1,dots2024_A_r6,full_data
3,12,20,3,4,1,0.75,dots2024_A_r6,full_data
3,12,21,2,3,1,0.666666666666667,dots2024_A_r6,full_data
3,12,22,1,2,1,0.5,dots2024_A_r6,full_data
3,12,23,3,3,0,1,dots2024_A_r6,full_data
3,12,24,2,4,2,0.5,dots2024_A_r6,full_data
3,12,25,3,3,0,1,dots2024_A_r6,full_data
3,12,26,7,7,0,1,dots2024_A_r6,full_data
3,12,27,6,6,0,1,dots2024_A_r6,full_data
3,12,28,2,4,2,0.5,dots2024_A_r6,full_data
3,12,29,3,4,1,0.75,dots2024_A_r6,full_data
3,13,11,1,1,0,1,dots2024_A_r6,full_data
3,13,15,3,4,1,0.75,dots2024_A_r6,full_data
3,13,16,1,1,0,1,dots2024_A_r6,full_data
3,13,17,0,2,2,0,dots2024_A_r6,full_data
3,13,19,3,3,0,1,dots2024_A_r6,full_data
3,13,20,2,2,0,1,dots2024_A_r6,full_data
3,13,21,2,4,2,0.5,dots2024_A_r6,full_data
3,13,22,7,7,0,1,dots2024_A_r6,full_data
3,13,23,4,4,0,1,dots2024_A_r6,full_data
3,13,24,2,4,2,0.5,dots2024_A_r6,full_data
3,13,25,4,5,1,0.8,dots2024_A_r6,full_data
3,13,26,3,3,0,1,dots2024_A_r6,full_data
3,13,27,2,2,0,1,dots2024_A_r6,full_data
3,13,28,3,4,1,0.75,dots2024_A_r6,full_data
3,13,29,1,2,1,0.5,dots2024_A_r6,full_data
3,14,19,5,5,0,1,dots2024_A_r6,full_data
3,14,21,1,2,1,0.5,dots2024_A_r6,full_data
3,14,22,2,3,1,0.666666666666667,dots2024_A_r6,full_data
3,14,23,1,1,0,1,dots2024_A_r6,full_data
3,14,25,4,4,0,1,dots2024_A_r6,full_data
3,14,26,2,2,0,1,dots2024_A_r6,full_data
3,14,27,3,3,0,1,dots2024_A_r6,full_data
3,14,28,4,4,0,1,dots2024_A_r6,full_data
3,14,29,3,3,0,1,dots2024_A_r6,full_data
3,15,21,0,1,1,0,dots2024_A_r6,full_data
3,15,22,3,5,2,0.6,dots2024_A_r6,full_data
3,15,25,3,3,0,1,dots2024_A_r6,full_data
3,15,26,0,1,1,0,dots2024_A_r6,full_data
3,15,28,1,1,0,1,dots2024_A_r6,full_data
3,15,29,2,2,0,1,dots2024_A_r6,full_data
3,16,19,2,3,1,0.666666666666667,dots2024_A_r6,full_data
3,16,21,1,2,1,0.5,dots2024_A_r6,full_data
3,16,22,0,2,2,0,dots2024_A_r6,full_data
3,16,25,2,2,0,1,dots2024_A_r6,full_data
3,16,26,1,1,0,1,dots2024_A_r6,full_data
3,16,27,2,2,0,1,dots2024_A_r6,full_data
3,16,28,2,2,0,1,dots2024_A_r6,full_data
3,16,29,4,5,1,0.8,dots2024_A_r6,full_data
3,17,19,1,2,1,0.5,dots2024_A_r6,full_data
3,17,21,2,2,0,1,dots2024_A_r6,full_data
3,17,22,1,1,0,1,dots2024_A_r6,full_data
3,17,23,0,1,1,0,dots2024_A_r6,full_data
3,17,24,2,2,0,1,dots2024_A_r6,full_data
3,17,25,2,4,2,0.5,dots2024_A_r6,full_data
3,17,26,1,2,1,0.5,dots2024_A_r6,full_data
3,17,27,4,5,1,0.8,dots2024_A_r6,full_data
3,17,28,2,2,0,1,dots2024_A_r6,full_data
3,17,29,1,2,1,0.5,dots2024_A_r6,full_data
3,18,19,1,2,1,0.5,dots2024_A_r6,full_data
3,18,21,0,3,3,0,dots2024_A_r6,full_data
3,18,22,2,2,0,1,dots2024_A_r6,full_data
3,18,23,1,1,0,1,dots2024_A_r6,full_data
3,18,24,3,3,0,1,dots2024_A_r6,full_data
3,18,25,2,2,0,1,dots2024_A_r6,full_data
3,18,26,5,5,0,1,dots2024_A_r6,full_data
3,18,27,5,6,1,0.833333333333333,dots2024_A_r6,full_data
3,18,28,4,5,1,0.8,dots2024_A_r6,full_data
3,18,29,5,5,0,1,dots2024_A_r6,full_data
3,19,21,1,1,0,1,dots2024_A_r6,full_data
3,19,25,1,1,0,1,dots2024_A_r6,full_data
3,19,28,0,1,1,0,dots2024_A_r6,full_data
3,19,29,3,4,1,0.75,dots2024_A_r6,full_data
3,20,21,0,1,1,0,dots2024_A_r6,full_data
3,20,22,2,3,1,0.666666666666667,dots2024_A_r6,full_data
3,20,25,2,6,4,0.333333333333333,dots2024_A_r6,full_data
3,20,28,2,3,1,0.666666666666667,dots2024_A_r6,full_data
3,20,29,4,5,1,0.8,dots2024_A_r6,full_data
3,21,29,0,1,1,0,dots2024_A_r6,full_data
3,22,25,1,1,0,1,dots2024_A_r6,full_data
3,22,28,1,1,0,1,dots2024_A_r6,full_data
3,23,21,2,2,0,1,dots2024_A_r6,full_data
3,23,25,0,1,1,0,dots2024_A_r6,full_data
3,23,26,0,1,1,0,dots2024_A_r6,full_data
3,23,27,0,1,1,0,dots2024_A_r6,full_data
3,23,28,1,1,0,1,dots2024_A_r6,full_data
3,23,29,1,2,1,0.5,dots2024_A_r6,full_data
3,24,21,2,3,1,0.666666666666667,dots2024_A_r6,full_data
3,24,25,4,4,0,1,dots2024_A_r6,full_data
3,24,28,1,2,1,0.5,dots2024_A_r6,full_data
3,26,25,1,1,0,1,dots2024_A_r6,full_data
3,27,25,1,1,0,1,dots2024_A_r6,full_data
3,27,29,2,3,1,0.666666666666667,dots2024_A_r6,full_data
4,0,7,1,1,0,1,dots2024_A_r6,full_data
4,0,9,1,1,0,1,dots2024_A_r6,full_data
4,0,11,1,1,0,1,dots2024_A_r6,full_data
4,0,13,0,1,1,0,dots2024_A_r6,full_data
4,0,14,2,2,0,1,dots2024_A_r6,full_data
4,0,15,7,7,0,1,dots2024_A_r6,full_data
4,0,16,5,5,0,1,dots2024_A_r6,full_data
4,0,17,2,2,0,1,dots2024_A_r6,full_data
4,0,18,1,1,0,1,dots2024_A_r6,full_data
4,0,19,1,2,1,0.5,dots2024_A_r6,full_data
4,0,20,6,6,0,1,dots2024_A_r6,full_data
4,0,21,3,3,0,1,dots2024_A_r6,full_data
4,0,22,2,2,0,1,dots2024_A_r6,full_data
4,0,23,3,5,2,0.6,dots2024_A_r6,full_data
4,0,24,3,5,2,0.6,dots2024_A_r6,full_data
4,0,25,1,1,0,1,dots2024_A_r6,full_data
4,0,26,4,5,1,0.8,dots2024_A_r6,full_data
4,0,27,6,7,1,0.857142857142857,dots2024_A_r6,full_data
4,0,28,3,3,0,1,dots2024_A_r6,full_data
4,1,5,0,1,1,0,dots2024_A_r6,full_data
4,1,7,5,5,0,1,dots2024_A_r6,full_data
4,1,9,3,4,1,0.75,dots2024_A_r6,full_data
4,1,11,6,6,0,1,dots2024_A_r6,full_data
4,1,13,1,1,0,1,dots2024_A_r6,full_data
4,1,15,1,2,1,0.5,dots2024_A_r6,full_data
4,1,16,2,2,0,1,dots2024_A_r6,full_data
4,1,17,2,2,0,1,dots2024_A_r6,full_data
4,1,18,1,1,0,1,dots2024_A_r6,full_data
4,1,19,4,5,1,0.8,dots2024_A_r6,full_data
4,1,20,4,6,2,0.666666666666667,dots2024_A_r6,full_data
4,1,21,3,3,0,1,dots2024_A_r6,full_data
4,1,22,2,3,1,0.666666666666667,dots2024_A_r6,full_data
4,1,23,4,5,1,0.8,dots2024_A_r6,full_data
4,1,24,4,4,0,1,dots2024_A_r6,full_data
4,1,25,1,1,0,1,dots2024_A_r6,full_data
4,1,26,1,2,1,0.5,dots2024_A_r6,full_data
4,1,27,2,3,1,0.666666666666667,dots2024_A_r6,full_data
4,1,28,3,3,0,1,dots2024_A_r6,full_data
4,2,7,1,1,0,1,dots2024_A_r6,full_data
4,2,9,1,1,0,1,dots2024_A_r6,full_data
4,2,11,1,1,0,1,dots2024_A_r6,full_data
4,2,16,2,2,0,1,dots2024_A_r6,full_data
4,2,17,3,3,0,1,dots2024_A_r6,full_data
4,2,18,1,1,0,1,dots2024_A_r6,full_data
4,2,19,7,7,0,1,dots2024_A_r6,full_data
4,2,20,3,3,0,1,dots2024_A_r6,full_data
4,2,21,1,1,0,1,dots2024_A_r6,full_data
4,2,22,5,6,1,0.833333333333333,dots2024_A_r6,full_data
4,2,23,1,2,1,0.5,dots2024_A_r6,full_data
4,2,24,3,3,0,1,dots2024_A_r6,full_data
4,2,25,5,5,0,1,dots2024_A_r6,full_data
4,2,26,6,7,1,0.857142857142857,dots2024_A_r6,full_data
4,2,27,4,4,0,1,dots2024_A_r6,full_data
4,2,28,3,3,0,1,dots2024_A_r6,full_data
4,2,29,3,3,0,1,dots2024_A_r6,full_data
4,3,9,1,1,0,1,dots2024_A_r6,full_data
4,3,14,1,1,0,1,dots2024_A_r6,full_data
4,3,15,2,2,0,1,dots2024_A_r6,full_data
4,3,16,1,1,0,1,dots2024_A_r6,full_data
4,3,19,5,5,0,1,dots2024_A_r6,full_data
4,3,21,3,4,1,0.75,dots2024_A_r6,full_data
4,3,22,3,3,0,1,dots2024_A_r6,full_data
4,3,23,1,1,0,1,dots2024_A_r6,full_data
4,3,24,1,1,0,1,dots2024_A_r6,full_data
4,3,25,2,2,0,1,dots2024_A_r6,full_data
4,3,26,4,4,0,1,dots2024_A_r6,full_data
4,3,27,2,2,0,1,dots2024_A_r6,full_data
4,3,28,4,5,1,0.8,dots2024_A_r6,full_data
4,3,29,4,4,0,1,dots2024_A_r6,full_data
4,4,7,1,1,0,1,dots2024_A_r6,full_data
4,4,9,1,2,1,0.5,dots2024_A_r6,full_data
4,4,11,3,3,0,1,dots2024_A_r6,full_data
4,4,14,3,3,0,1,dots2024_A_r6,full_data
4,4,15,4,4,0,1,dots2024_A_r6,full_data
4,4,16,1,1,0,1,dots2024_A_r6,full_data
4,4,18,0,1,1,0,dots2024_A_r6,full_data
4,4,19,3,3,0,1,dots2024_A_r6,full_data
4,4,20,1,1,0,1,dots2024_A_r6,full_data
4,4,21,6,6,0,1,dots2024_A_r6,full_data
4,4,22,5,6,1,0.833333333333333,dots2024_A_r6,full_data
4,4,23,3,3,0,1,dots2024_A_r6,full_data
4,4,24,7,8,1,0.875,dots2024_A_r6,full_data
4,4,25,1,1,0,1,dots2024_A_r6,full_data
4,4,26,3,4,1,0.75,dots2024_A_r6,full_data
4,4,27,3,3,0,1,dots2024_A_r6,full_data
4,4,28,4,4,0,1,dots2024_A_r6,full_data
4,4,29,2,2,0,1,dots2024_A_r6,full_data
4,5,15,2,2,0,1,dots2024_A_r6,full_data
4,5,19,2,2,0,1,dots2024_A_r6,full_data
4,5,20,1,2,1,0.5,dots2024_A_r6,full_data
4,5,21,3,5,2,0.6,dots2024_A_r6,full_data
4,5,22,2,2,0,1,dots2024_A_r6,full_data
4,5,24,0,1,1,0,dots2024_A_r6,full_data
4,5,25,3,3,0,1,dots2024_A_r6,full_data
4,5,26,3,3,0,1,dots2024_A_r6,full_data
4,5,27,2,2,0,1,dots2024_A_r6,full_data
4,5,28,4,4,0,1,dots2024_A_r6,full_data
4,5,29,4,4,0,1,dots2024_A_r6,full_data
4,6,15,1,1,0,1,dots2024_A_r6,full_data
4,6,16,2,2,0,1,dots2024_A_r6,full_data
4,6,18,1,1,0,1,dots2024_A_r6,full_data
4,6,19,5,5,0,1,dots2024_A_r6,full_data
4,6,20,1,1,0,1,dots2024_A_r6,full_data
4,6,21,5,6,1,0.833333333333333,dots2024_A_r6,full_data
4,6,23,3,3,0,1,dots2024_A_r6,full_data
4,6,24,4,5,1,0.8,dots2024_A_r6,full_data
4,6,25,3,4,1,0.75,dots2024_A_r6,full_data
4,6,26,5,6,1,0.833333333333333,dots2024_A_r6,full_data
4,6,27,2,2,0,1,dots2024_A_r6,full_data
4,6,28,7,9,2,0.777777777777778,dots2024_A_r6,full_data
4,6,29,2,4,2,0.5,dots2024_A_r6,full_data
4,7,15,1,1,0,1,dots2024_A_r6,full_data
4,7,21,3,3,0,1,dots2024_A_r6,full_data
4,7,24,1,1,0,1,dots2024_A_r6,full_data
4,7,25,5,6,1,0.833333333333333,dots2024_A_r6,full_data
4,7,27,1,1,0,1,dots2024_A_r6,full_data
4,7,28,4,4,0,1,dots2024_A_r6,full_data
4,7,29,3,4,1,0.75,dots2024_A_r6,full_data
4,8,9,1,1,0,1,dots2024_A_r6,full_data
4,8,14,2,4,2,0.5,dots2024_A_r6,full_data
4,8,15,1,2,1,0.5,dots2024_A_r6,full_data
4,8,16,2,2,0,1,dots2024_A_r6,full_data
4,8,17,2,4,2,0.5,dots2024_A_r6,full_data
4,8,19,1,3,2,0.333333333333333,dots2024_A_r6,full_data
4,8,20,1,1,0,1,dots2024_A_r6,full_data
4,8,21,4,5,1,0.8,dots2024_A_r6,full_data
4,8,22,7,8,1,0.875,dots2024_A_r6,full_data
4,8,23,2,2,0,1,dots2024_A_r6,full_data
4,8,24,1,1,0,1,dots2024_A_r6,full_data
4,8,25,4,5,1,0.8,dots2024_A_r6,full_data
4,8,26,3,4,1,0.75,dots2024_A_r6,full_data
4,8,27,3,6,3,0.5,dots2024_A_r6,full_data
4,8,28,2,3,1,0.666666666666667,dots2024_A_r6,full_data
4,8,29,4,4,0,1,dots2024_A_r6,full_data
4,9,21,1,2,1,0.5,dots2024_A_r6,full_data
4,9,23,1,1,0,1,dots2024_A_r6,full_data
4,9,24,1,1,0,1,dots2024_A_r6,full_data
4,9,25,3,3,0,1,dots2024_A_r6,full_data
4,9,27,2,3,1,0.666666666666667,dots2024_A_r6,full_data
4,9,28,0,1,1,0,dots2024_A_r6,full_data
4,10,11,1,1,0,1,dots2024_A_r6,full_data
4,10,15,2,2,0,1,dots2024_A_r6,full_data
4,10,16,3,5,2,0.6,dots2024_A_r6,full_data
4,10,17,3,4,1,0.75,dots2024_A_r6,full_data
4,10,19,3,4,1,0.75,dots2024_A_r6,full_data
4,10,20,5,5,0,1,dots2024_A_r6,full_data
4,10,21,2,2,0,1,dots2024_A_r6,full_data
4,10,22,2,3,1,0.666666666666667,dots2024_A_r6,full_data
4,10,23,1,1,0,1,dots2024_A_r6,full_data
4,10,24,1,1,0,1,dots2024_A_r6,full_data
4,10,25,6,7,1,0.857142857142857,dots2024_A_r6,full_data
4,10,26,2,2,0,1,dots2024_A_r6,full_data
4,10,27,6,6,0,1,dots2024_A_r6,full_data
4,10,28,5,5,0,1,dots2024_A_r6,full_data
4,10,29,3,3,0,1,dots2024_A_r6,full_data
4,11,19,2,2,0,1,dots2024_A_r6,full_data
4,11,22,2,2,0,1,dots2024_A_r6,full_data
4,11,28,2,3,1,0.666666666666667,dots2024_A_r6,full_data
4,11,29,3,3,0,1,dots2024_A_r6,full_data
4,12,16,0,1,1,0,dots2024_A_r6,full_data
4,12,19,1,1,0,1,dots2024_A_r6,full_data
4,12,21,2,2,0,1,dots2024_A_r6,full_data
4,12,22,2,2,0,1,dots2024_A_r6,full_data
4,12,23,1,1,0,1,dots2024_A_r6,full_data
4,12,25,5,8,3,0.625,dots2024_A_r6,full_data
4,12,26,1,2,1,0.5,dots2024_A_r6,full_data
4,12,27,1,1,0,1,dots2024_A_r6,full_data
4,12,28,3,5,2,0.6,dots2024_A_r6,full_data
4,12,29,6,8,2,0.75,dots2024_A_r6,full_data
4,13,19,1,1,0,1,dots2024_A_r6,full_data
4,13,22,3,4,1,0.75,dots2024_A_r6,full_data
4,13,24,1,1,0,1,dots2024_A_r6,full_data
4,13,25,2,2,0,1,dots2024_A_r6,full_data
4,13,26,4,4,0,1,dots2024_A_r6,full_data
4,13,27,1,2,1,0.5,dots2024_A_r6,full_data
4,13,28,3,3,0,1,dots2024_A_r6,full_data
4,13,29,9,10,1,0.9,dots2024_A_r6,full_data
4,14,19,0,1,1,0,dots2024_A_r6,full_data
4,14,21,2,2,0,1,dots2024_A_r6,full_data
4,14,25,4,4,0,1,dots2024_A_r6,full_data
4,14,26,0,1,1,0,dots2024_A_r6,full_data
4,14,27,2,3,1,0.666666666666667,dots2024_A_r6,full_data
4,15,28,1,1,0,1,dots2024_A_r6,full_data
4,16,22,1,2,1,0.5,dots2024_A_r6,full_data
4,16,25,0,1,1,0,dots2024_A_r6,full_data
4,16,27,0,1,1,0,dots2024_A_r6,full_data
4,16,29,1,2,1,0.5,dots2024_A_r6,full_data
4,17,21,2,2,0,1,dots2024_A_r6,full_data
4,17,22,2,3,1,0.666666666666667,dots2024_A_r6,full_data
4,17,25,2,2,0,1,dots2024_A_r6,full_data
4,17,26,1,1,0,1,dots2024_A_r6,full_data
4,17,28,1,1,0,1,dots2024_A_r6,full_data
4,17,29,1,1,0,1,dots2024_A_r6,full_data
4,18,19,1,1,0,1,dots2024_A_r6,full_data
4,18,21,3,4,1,0.75,dots2024_A_r6,full_data
4,18,25,2,2,0,1,dots2024_A_r6,full_data
4,18,26,1,1,0,1,dots2024_A_r6,full_data
4,18,27,2,3,1,0.666666666666667,dots2024_A_r6,full_data
4,18,28,1,2,1,0.5,dots2024_A_r6,full_data
4,18,29,2,3,1,0.666666666666667,dots2024_A_r6,full_data
4,20,25,2,2,0,1,dots2024_A_r6,full_data
4,20,29,0,2,2,0,dots2024_A_r6,full_data
4,23,21,0,1,1,0,dots2024_A_r6,full_data
4,23,29,1,1,0,1,dots2024_A_r6,full_data
4,24,25,1,1,0,1,dots2024_A_r6,full_data
4,24,29,1,1,0,1,dots2024_A_r6,full_data
5,0,14,1,1,0,1,dots2024_A_r6,full_data
5,0,17,2,2,0,1,dots2024_A_r6,full_data
5,0,19,3,4,1,0.75,dots2024_A_r6,full_data
5,0,21,1,2,1,0.5,dots2024_A_r6,full_data
5,0,22,1,1,0,1,dots2024_A_r6,full_data
5,0,23,1,1,0,1,dots2024_A_r6,full_data
5,0,24,1,1,0,1,dots2024_A_r6,full_data
5,0,25,11,12,1,0.916666666666667,dots2024_A_r6,full_data
5,0,26,1,1,0,1,dots2024_A_r6,full_data
5,0,27,4,5,1,0.8,dots2024_A_r6,full_data
5,0,28,7,7,0,1,dots2024_A_r6,full_data
5,0,29,10,10,0,1,dots2024_A_r6,full_data
5,1,11,1,1,0,1,dots2024_A_r6,full_data
5,1,14,1,1,0,1,dots2024_A_r6,full_data
5,1,15,2,2,0,1,dots2024_A_r6,full_data
5,1,16,2,2,0,1,dots2024_A_r6,full_data
5,1,18,1,1,0,1,dots2024_A_r6,full_data
5,1,19,1,1,0,1,dots2024_A_r6,full_data
5,1,20,4,4,0,1,dots2024_A_r6,full_data
5,1,21,5,7,2,0.714285714285714,dots2024_A_r6,full_data
5,1,22,2,3,1,0.666666666666667,dots2024_A_r6,full_data
5,1,23,1,1,0,1,dots2024_A_r6,full_data
5,1,24,2,4,2,0.5,dots2024_A_r6,full_data
5,1,25,4,4,0,1,dots2024_A_r6,full_data
5,1,26,6,7,1,0.857142857142857,dots2024_A_r6,full_data
5,1,27,4,5,1,0.8,dots2024_A_r6,full_data
5,1,28,4,6,2,0.666666666666667,dots2024_A_r6,full_data
5,1,29,9,10,1,0.9,dots2024_A_r6,full_data
5,2,11,0,1,1,0,dots2024_A_r6,full_data
5,2,15,0,1,1,0,dots2024_A_r6,full_data
5,2,17,1,1,0,1,dots2024_A_r6,full_data
5,2,19,1,1,0,1,dots2024_A_r6,full_data
5,2,20,1,1,0,1,dots2024_A_r6,full_data
5,2,21,5,5,0,1,dots2024_A_r6,full_data
5,2,22,1,1,0,1,dots2024_A_r6,full_data
5,2,23,1,1,0,1,dots2024_A_r6,full_data
5,2,24,2,2,0,1,dots2024_A_r6,full_data
5,2,25,4,4,0,1,dots2024_A_r6,full_data
5,2,26,4,4,0,1,dots2024_A_r6,full_data
5,2,27,2,2,0,1,dots2024_A_r6,full_data
5,2,28,4,4,0,1,dots2024_A_r6,full_data
5,2,29,4,4,0,1,dots2024_A_r6,full_data
5,3,22,1,1,0,1,dots2024_A_r6,full_data
5,3,25,1,1,0,1,dots2024_A_r6,full_data
5,3,26,1,1,0,1,dots2024_A_r6,full_data
5,3,27,2,2,0,1,dots2024_A_r6,full_data
5,3,28,4,5,1,0.8,dots2024_A_r6,full_data
5,3,29,2,3,1,0.666666666666667,dots2024_A_r6,full_data
5,4,14,1,2,1,0.5,dots2024_A_r6,full_data
5,4,19,3,3,0,1,dots2024_A_r6,full_data
5,4,21,1,2,1,0.5,dots2024_A_r6,full_data
5,4,22,5,5,0,1,dots2024_A_r6,full_data
5,4,24,1,1,0,1,dots2024_A_r6,full_data
5,4,25,10,10,0,1,dots2024_A_r6,full_data
5,4,26,7,7,0,1,dots2024_A_r6,full_data
5,4,27,2,2,0,1,dots2024_A_r6,full_data
5,4,28,4,4,0,1,dots2024_A_r6,full_data
5,4,29,7,8,1,0.875,dots2024_A_r6,full_data
5,5,21,1,1,0,1,dots2024_A_r6,full_data
5,5,22,1,1,0,1,dots2024_A_r6,full_data
5,5,25,3,3,0,1,dots2024_A_r6,full_data
5,5,29,3,4,1,0.75,dots2024_A_r6,full_data
5,6,15,1,1,0,1,dots2024_A_r6,full_data
5,6,21,0,2,2,0,dots2024_A_r6,full_data
5,6,22,1,2,1,0.5,dots2024_A_r6,full_data
5,6,23,2,2,0,1,dots2024_A_r6,full_data
5,6,24,0,1,1,0,dots2024_A_r6,full_data
5,6,25,1,2,1,0.5,dots2024_A_r6,full_data
5,6,26,1,2,1,0.5,dots2024_A_r6,full_data
5,6,28,2,2,0,1,dots2024_A_r6,full_data
5,6,29,3,4,1,0.75,dots2024_A_r6,full_data
5,7,25,1,1,0,1,dots2024_A_r6,full_data
5,7,28,1,1,0,1,dots2024_A_r6,full_data
5,8,15,1,1,0,1,dots2024_A_r6,full_data
5,8,16,1,1,0,1,dots2024_A_r6,full_data
5,8,17,1,1,0,1,dots2024_A_r6,full_data
5,8,19,1,1,0,1,dots2024_A_r6,full_data
5,8,20,2,3,1,0.666666666666667,dots2024_A_r6,full_data
5,8,21,4,4,0,1,dots2024_A_r6,full_data
5,8,22,1,1,0,1,dots2024_A_r6,full_data
5,8,25,4,5,1,0.8,dots2024_A_r6,full_data
5,8,26,2,2,0,1,dots2024_A_r6,full_data
5,8,27,3,3,0,1,dots2024_A_r6,full_data
5,8,28,5,6,1,0.833333333333333,dots2024_A_r6,full_data
5,8,29,1,1,0,1,dots2024_A_r6,full_data
5,9,19,1,1,0,1,dots2024_A_r6,full_data
5,9,29,0,1,1,0,dots2024_A_r6,full_data
5,10,15,1,1,0,1,dots2024_A_r6,full_data
5,10,19,1,1,0,1,dots2024_A_r6,full_data
5,10,21,2,2,0,1,dots2024_A_r6,full_data
5,10,22,1,1,0,1,dots2024_A_r6,full_data
5,10,25,2,3,1,0.666666666666667,dots2024_A_r6,full_data
5,10,26,5,5,0,1,dots2024_A_r6,full_data
5,10,27,1,1,0,1,dots2024_A_r6,full_data
5,10,28,1,1,0,1,dots2024_A_r6,full_data
5,10,29,5,6,1,0.833333333333333,dots2024_A_r6,full_data
5,11,21,2,2,0,1,dots2024_A_r6,full_data
5,11,27,1,1,0,1,dots2024_A_r6,full_data
5,12,22,1,2,1,0.5,dots2024_A_r6,full_data
5,12,25,2,2,0,1,dots2024_A_r6,full_data
5,12,27,1,1,0,1,dots2024_A_r6,full_data
5,12,28,1,1,0,1,dots2024_A_r6,full_data
5,12,29,2,2,0,1,dots2024_A_r6,full_data
5,13,22,1,1,0,1,dots2024_A_r6,full_data
5,13,25,3,3,0,1,dots2024_A_r6,full_data
5,13,29,2,3,1,0.666666666666667,dots2024_A_r6,full_data
5,14,29,0,1,1,0,dots2024_A_r6,full_data
5,16,21,0,1,1,0,dots2024_A_r6,full_data
5,16,29,1,1,0,1,dots2024_A_r6,full_data
5,18,21,1,1,0,1,dots2024_A_r6,full_data
5,18,25,1,1,0,1,dots2024_A_r6,full_data
5,18,29,1,1,0,1,dots2024_A_r6,full_data
1,0,1,5,13,8,0.384615384615385,dots2024_A_r6,objective
1,0,2,4,7,3,0.571428571428571,dots2024_A_r6,objective
1,0,3,6,8,2,0.75,dots2024_A_r6,objective
1,0,4,3,3,0,1,dots2024_A_r6,objective
1,0,5,2,2,0,1,dots2024_A_r6,objective
1,0,6,6,7,1,0.857142857142857,dots2024_A_r6,objective
1,0,7,4,5,1,0.8,dots2024_A_r6,objective
1,0,8,5,6,1,0.833333333333333,dots2024_A_r6,objective
1,0,10,1,1,0,1,dots2024_A_r6,objective
1,0,11,2,2,0,1,dots2024_A_r6,objective
1,0,12,3,3,0,1,dots2024_A_r6,objective
1,0,13,2,3,1,0.666666666666667,dots2024_A_r6,objective
1,1,2,5,9,4,0.555555555555556,dots2024_A_r6,objective
1,1,3,9,11,2,0.818181818181818,dots2024_A_r6,objective
1,1,4,8,10,2,0.8,dots2024_A_r6,objective
1,1,5,5,9,4,0.555555555555556,dots2024_A_r6,objective
1,1,6,2,2,0,1,dots2024_A_r6,objective
1,1,7,3,4,1,0.75,dots2024_A_r6,objective
1,1,8,1,3,2,0.333333333333333,dots2024_A_r6,objective
1,1,10,0,1,1,0,dots2024_A_r6,objective
1,1,11,2,2,0,1,dots2024_A_r6,objective
1,1,12,2,2,0,1,dots2024_A_r6,objective
1,1,14,2,3,1,0.666666666666667,dots2024_A_r6,objective
1,1,15,1,1,0,1,dots2024_A_r6,objective
1,1,16,1,1,0,1,dots2024_A_r6,objective
1,1,18,0,1,1,0,dots2024_A_r6,objective
1,2,3,6,8,2,0.75,dots2024_A_r6,objective
1,2,4,0,6,6,0,dots2024_A_r6,objective
1,2,5,7,11,4,0.636363636363636,dots2024_A_r6,objective
1,2,6,4,4,0,1,dots2024_A_r6,objective
1,2,7,4,5,1,0.8,dots2024_A_r6,objective
1,2,8,1,4,3,0.25,dots2024_A_r6,objective
1,2,9,5,5,0,1,dots2024_A_r6,objective
1,2,10,0,2,2,0,dots2024_A_r6,objective
1,2,11,2,2,0,1,dots2024_A_r6,objective
1,2,12,1,2,1,0.5,dots2024_A_r6,objective
1,2,13,1,3,2,0.333333333333333,dots2024_A_r6,objective
1,2,14,2,2,0,1,dots2024_A_r6,objective
1,2,15,2,3,1,0.666666666666667,dots2024_A_r6,objective
1,2,16,1,1,0,1,dots2024_A_r6,objective
1,2,18,0,1,1,0,dots2024_A_r6,objective
1,3,4,2,10,8,0.2,dots2024_A_r6,objective
1,3,5,5,9,4,0.555555555555556,dots2024_A_r6,objective
1,3,6,3,8,5,0.375,dots2024_A_r6,objective
1,3,7,2,4,2,0.5,dots2024_A_r6,objective
1,3,8,3,3,0,1,dots2024_A_r6,objective
1,3,9,2,2,0,1,dots2024_A_r6,objective
1,3,10,4,6,2,0.666666666666667,dots2024_A_r6,objective
1,3,11,4,5,1,0.8,dots2024_A_r6,objective
1,3,12,1,3,2,0.333333333333333,dots2024_A_r6,objective
1,3,13,2,2,0,1,dots2024_A_r6,objective
1,3,14,3,4,1,0.75,dots2024_A_r6,objective
1,3,15,1,1,0,1,dots2024_A_r6,objective
1,3,16,0,1,1,0,dots2024_A_r6,objective
1,3,20,1,1,0,1,dots2024_A_r6,objective
1,4,5,7,11,4,0.636363636363636,dots2024_A_r6,objective
1,4,6,5,8,3,0.625,dots2024_A_r6,objective
1,4,7,6,10,4,0.6,dots2024_A_r6,objective
1,4,8,5,7,2,0.714285714285714,dots2024_A_r6,objective
1,4,9,6,9,3,0.666666666666667,dots2024_A_r6,objective
1,4,10,1,2,1,0.5,dots2024_A_r6,objective
1,4,11,1,2,1,0.5,dots2024_A_r6,objective
1,4,12,2,2,0,1,dots2024_A_r6,objective
1,4,13,3,3,0,1,dots2024_A_r6,objective
1,4,15,1,1,0,1,dots2024_A_r6,objective
1,4,16,1,1,0,1,dots2024_A_r6,objective
1,4,18,1,1,0,1,dots2024_A_r6,objective
1,4,19,2,2,0,1,dots2024_A_r6,objective
1,5,6,4,16,12,0.25,dots2024_A_r6,objective
1,5,7,5,11,6,0.454545454545455,dots2024_A_r6,objective
1,5,8,5,8,3,0.625,dots2024_A_r6,objective
1,5,9,4,5,1,0.8,dots2024_A_r6,objective
1,5,10,2,4,2,0.5,dots2024_A_r6,objective
1,5,11,3,3,0,1,dots2024_A_r6,objective
1,5,12,3,4,1,0.75,dots2024_A_r6,objective
1,5,13,1,1,0,1,dots2024_A_r6,objective
1,5,14,0,1,1,0,dots2024_A_r6,objective
1,5,16,4,4,0,1,dots2024_A_r6,objective
1,5,17,2,2,0,1,dots2024_A_r6,objective
1,5,19,2,2,0,1,dots2024_A_r6,objective
1,5,20,1,1,0,1,dots2024_A_r6,objective
1,6,7,8,11,3,0.727272727272727,dots2024_A_r6,objective
1,6,8,2,5,3,0.4,dots2024_A_r6,objective
1,6,9,6,10,4,0.6,dots2024_A_r6,objective
1,6,10,2,8,6,0.25,dots2024_A_r6,objective
1,6,11,5,5,0,1,dots2024_A_r6,objective
1,6,12,3,8,5,0.375,dots2024_A_r6,objective
1,6,13,1,2,1,0.5,dots2024_A_r6,objective
1,6,14,6,6,0,1,dots2024_A_r6,objective
1,6,15,2,3,1,0.666666666666667,dots2024_A_r6,objective
1,6,16,2,2,0,1,dots2024_A_r6,objective
1,6,19,1,1,0,1,dots2024_A_r6,objective
1,6,20,1,1,0,1,dots2024_A_r6,objective
1,7,8,5,12,7,0.416666666666667,dots2024_A_r6,objective
1,7,9,8,10,2,0.8,dots2024_A_r6,objective
1,7,10,2,8,6,0.25,dots2024_A_r6,objective
1,7,11,8,10,2,0.8,dots2024_A_r6,objective
1,7,12,2,3,1,0.666666666666667,dots2024_A_r6,objective
1,7,13,0,4,4,0,dots2024_A_r6,objective
1,7,14,2,2,0,1,dots2024_A_r6,objective
1,7,15,1,1,0,1,dots2024_A_r6,objective
1,7,16,1,1,0,1,dots2024_A_r6,objective
1,7,17,1,1,0,1,dots2024_A_r6,objective
1,7,18,2,3,1,0.666666666666667,dots2024_A_r6,objective
1,7,19,1,1,0,1,dots2024_A_r6,objective
1,7,20,1,1,0,1,dots2024_A_r6,objective
1,7,21,2,2,0,1,dots2024_A_r6,objective
1,7,26,1,1,0,1,dots2024_A_r6,objective
1,8,9,10,16,6,0.625,dots2024_A_r6,objective
1,8,10,8,14,6,0.571428571428571,dots2024_A_r6,objective
1,8,11,2,4,2,0.5,dots2024_A_r6,objective
1,8,12,2,2,0,1,dots2024_A_r6,objective
1,8,13,2,6,4,0.333333333333333,dots2024_A_r6,objective
1,8,14,2,4,2,0.5,dots2024_A_r6,objective
1,8,15,2,3,1,0.666666666666667,dots2024_A_r6,objective
1,8,16,1,1,0,1,dots2024_A_r6,objective
1,8,17,2,3,1,0.666666666666667,dots2024_A_r6,objective
1,8,19,0,1,1,0,dots2024_A_r6,objective
1,8,20,1,1,0,1,dots2024_A_r6,objective
1,8,21,1,1,0,1,dots2024_A_r6,objective
1,8,23,2,2,0,1,dots2024_A_r6,objective
1,8,24,1,2,1,0.5,dots2024_A_r6,objective
1,9,10,1,9,8,0.111111111111111,dots2024_A_r6,objective
1,9,11,6,8,2,0.75,dots2024_A_r6,objective
1,9,12,5,7,2,0.714285714285714,dots2024_A_r6,objective
1,9,13,6,7,1,0.857142857142857,dots2024_A_r6,objective
1,9,14,5,5,0,1,dots2024_A_r6,objective
1,9,15,3,4,1,0.75,dots2024_A_r6,objective
1,9,16,3,3,0,1,dots2024_A_r6,objective
1,9,17,3,4,1,0.75,dots2024_A_r6,objective
1,9,19,1,2,1,0.5,dots2024_A_r6,objective
1,9,20,1,2,1,0.5,dots2024_A_r6,objective
1,9,21,1,1,0,1,dots2024_A_r6,objective
1,9,22,3,4,1,0.75,dots2024_A_r6,objective
1,9,23,0,1,1,0,dots2024_A_r6,objective
1,9,24,1,2,1,0.5,dots2024_A_r6,objective
1,9,26,1,1,0,1,dots2024_A_r6,objective
1,10,11,9,12,3,0.75,dots2024_A_r6,objective
1,10,12,6,9,3,0.666666666666667,dots2024_A_r6,objective
1,10,13,5,8,3,0.625,dots2024_A_r6,objective
1,10,14,3,5,2,0.6,dots2024_A_r6,objective
1,10,15,3,4,1,0.75,dots2024_A_r6,objective
1,10,16,4,7,3,0.571428571428571,dots2024_A_r6,objective
1,10,17,6,6,0,1,dots2024_A_r6,objective
1,10,18,1,2,1,0.5,dots2024_A_r6,objective
1,10,20,3,3,0,1,dots2024_A_r6,objective
1,10,21,1,1,0,1,dots2024_A_r6,objective
1,10,23,1,1,0,1,dots2024_A_r6,objective
1,10,24,0,1,1,0,dots2024_A_r6,objective
1,10,25,1,1,0,1,dots2024_A_r6,objective
1,10,26,2,2,0,1,dots2024_A_r6,objective
1,11,12,5,8,3,0.625,dots2024_A_r6,objective
1,11,13,3,10,7,0.3,dots2024_A_r6,objective
1,11,14,9,10,1,0.9,dots2024_A_r6,objective
1,11,15,5,9,4,0.555555555555556,dots2024_A_r6,objective
1,11,16,5,6,1,0.833333333333333,dots2024_A_r6,objective
1,11,17,2,3,1,0.666666666666667,dots2024_A_r6,objective
1,11,18,2,3,1,0.666666666666667,dots2024_A_r6,objective
1,11,19,3,5,2,0.6,dots2024_A_r6,objective
1,11,21,1,3,2,0.333333333333333,dots2024_A_r6,objective
1,11,24,2,2,0,1,dots2024_A_r6,objective
1,11,27,1,1,0,1,dots2024_A_r6,objective
1,12,13,5,7,2,0.714285714285714,dots2024_A_r6,objective
1,12,14,3,4,1,0.75,dots2024_A_r6,objective
1,12,15,4,6,2,0.666666666666667,dots2024_A_r6,objective
1,12,16,6,6,0,1,dots2024_A_r6,objective
1,12,17,7,9,2,0.777777777777778,dots2024_A_r6,objective
1,12,18,2,3,1,0.666666666666667,dots2024_A_r6,objective
1,12,19,5,5,0,1,dots2024_A_r6,objective
1,12,20,3,4,1,0.75,dots2024_A_r6,objective
1,12,21,4,7,3,0.571428571428571,dots2024_A_r6,objective
1,12,22,2,2,0,1,dots2024_A_r6,objective
1,12,23,0,1,1,0,dots2024_A_r6,objective
1,12,24,1,1,0,1,dots2024_A_r6,objective
1,12,26,2,2,0,1,dots2024_A_r6,objective
1,12,29,1,1,0,1,dots2024_A_r6,objective
1,13,14,9,12,3,0.75,dots2024_A_r6,objective
1,13,15,7,11,4,0.636363636363636,dots2024_A_r6,objective
1,13,16,5,8,3,0.625,dots2024_A_r6,objective
1,13,17,5,7,2,0.714285714285714,dots2024_A_r6,objective
1,13,18,4,4,0,1,dots2024_A_r6,objective
1,13,19,2,3,1,0.666666666666667,dots2024_A_r6,objective
1,13,20,5,5,0,1,dots2024_A_r6,objective
1,13,21,2,3,1,0.666666666666667,dots2024_A_r6,objective
1,13,22,2,2,0,1,dots2024_A_r6,objective
1,13,25,2,2,0,1,dots2024_A_r6,objective
1,13,26,1,1,0,1,dots2024_A_r6,objective
1,13,28,1,1,0,1,dots2024_A_r6,objective
1,14,15,10,13,3,0.769230769230769,dots2024_A_r6,objective
1,14,16,4,7,3,0.571428571428571,dots2024_A_r6,objective
1,14,17,6,9,3,0.666666666666667,dots2024_A_r6,objective
1,14,18,3,8,5,0.375,dots2024_A_r6,objective
1,14,19,3,3,0,1,dots2024_A_r6,objective
1,14,20,3,5,2,0.6,dots2024_A_r6,objective
1,14,21,4,4,0,1,dots2024_A_r6,objective
1,14,22,0,1,1,0,dots2024_A_r6,objective
1,14,23,2,2,0,1,dots2024_A_r6,objective
1,14,24,2,2,0,1,dots2024_A_r6,objective
1,14,25,2,2,0,1,dots2024_A_r6,objective
1,14,28,1,1,0,1,dots2024_A_r6,objective
1,15,16,4,11,7,0.363636363636364,dots2024_A_r6,objective
1,15,17,5,9,4,0.555555555555556,dots2024_A_r6,objective
1,15,18,1,6,5,0.166666666666667,dots2024_A_r6,objective
1,15,19,5,5,0,1,dots2024_A_r6,objective
1,15,20,3,5,2,0.6,dots2024_A_r6,objective
1,15,21,3,6,3,0.5,dots2024_A_r6,objective
1,15,22,3,5,2,0.6,dots2024_A_r6,objective
1,15,23,4,5,1,0.8,dots2024_A_r6,objective
1,15,24,1,1,0,1,dots2024_A_r6,objective
1,15,25,3,3,0,1,dots2024_A_r6,objective
1,15,26,1,1,0,1,dots2024_A_r6,objective
1,15,27,0,1,1,0,dots2024_A_r6,objective
1,15,28,1,1,0,1,dots2024_A_r6,objective
1,16,17,2,4,2,0.5,dots2024_A_r6,objective
1,16,18,5,14,9,0.357142857142857,dots2024_A_r6,objective
1,16,19,9,11,2,0.818181818181818,dots2024_A_r6,objective
1,16,20,5,5,0,1,dots2024_A_r6,objective
1,16,21,2,2,0,1,dots2024_A_r6,objective
1,16,22,1,3,2,0.333333333333333,dots2024_A_r6,objective
1,16,23,3,5,2,0.6,dots2024_A_r6,objective
1,16,24,2,5,3,0.4,dots2024_A_r6,objective
1,16,25,1,2,1,0.5,dots2024_A_r6,objective
1,16,26,3,3,0,1,dots2024_A_r6,objective
1,16,27,1,1,0,1,dots2024_A_r6,objective
1,16,28,3,4,1,0.75,dots2024_A_r6,objective
1,16,29,1,1,0,1,dots2024_A_r6,objective
1,17,18,8,16,8,0.5,dots2024_A_r6,objective
1,17,19,5,8,3,0.625,dots2024_A_r6,objective
1,17,20,8,11,3,0.727272727272727,dots2024_A_r6,objective
1,17,21,3,3,0,1,dots2024_A_r6,objective
1,17,22,2,6,4,0.333333333333333,dots2024_A_r6,objective
1,17,23,3,5,2,0.6,dots2024_A_r6,objective
1,17,24,0,2,2,0,dots2024_A_r6,objective
1,17,25,1,3,2,0.333333333333333,dots2024_A_r6,objective
1,17,27,0,1,1,0,dots2024_A_r6,objective
1,17,29,0,1,1,0,dots2024_A_r6,objective
1,18,19,9,10,1,0.9,dots2024_A_r6,objective
1,18,20,4,4,0,1,dots2024_A_r6,objective
1,18,21,3,8,5,0.375,dots2024_A_r6,objective
1,18,22,6,7,1,0.857142857142857,dots2024_A_r6,objective
1,18,23,3,4,1,0.75,dots2024_A_r6,objective
1,18,24,3,4,1,0.75,dots2024_A_r6,objective
1,18,25,2,3,1,0.666666666666667,dots2024_A_r6,objective
1,18,26,6,10,4,0.6,dots2024_A_r6,objective
1,18,27,2,3,1,0.666666666666667,dots2024_A_r6,objective
1,18,29,2,2,0,1,dots2024_A_r6,objective
1,19,20,7,11,4,0.636363636363636,dots2024_A_r6,objective
1,19,21,6,11,5,0.545454545454545,dots2024_A_r6,objective
1,19,22,6,9,3,0.666666666666667,dots2024_A_r6,objective
1,19,23,4,6,2,0.666666666666667,dots2024_A_r6,objective
1,19,24,3,7,4,0.428571428571429,dots2024_A_r6,objective
1,19,25,1,1,0,1,dots2024_A_r6,objective
1,19,26,3,4,1,0.75,dots2024_A_r6,objective
1,19,27,0,1,1,0,dots2024_A_r6,objective
1,19,28,1,1,0,1,dots2024_A_r6,objective
1,20,21,0,7,7,0,dots2024_A_r6,objective
1,20,22,7,9,2,0.777777777777778,dots2024_A_r6,objective
1,20,23,4,6,2,0.666666666666667,dots2024_A_r6,objective
1,20,24,4,7,3,0.571428571428571,dots2024_A_r6,objective
1,20,25,5,8,3,0.625,dots2024_A_r6,objective
1,20,26,2,5,3,0.4,dots2024_A_r6,objective
1,20,27,1,3,2,0.333333333333333,dots2024_A_r6,objective
1,20,28,1,2,1,0.5,dots2024_A_r6,objective
1,20,29,1,1,0,1,dots2024_A_r6,objective
1,21,22,4,11,7,0.363636363636364,dots2024_A_r6,objective
1,21,23,2,7,5,0.285714285714286,dots2024_A_r6,objective
1,21,24,5,9,4,0.555555555555556,dots2024_A_r6,objective
1,21,25,4,6,2,0.666666666666667,dots2024_A_r6,objective
1,21,26,5,9,4,0.555555555555556,dots2024_A_r6,objective
1,21,28,5,6,1,0.833333333333333,dots2024_A_r6,objective
1,21,29,3,3,0,1,dots2024_A_r6,objective
1,22,23,8,14,6,0.571428571428571,dots2024_A_r6,objective
1,22,24,2,5,3,0.4,dots2024_A_r6,objective
1,22,25,6,7,1,0.857142857142857,dots2024_A_r6,objective
1,22,26,3,3,0,1,dots2024_A_r6,objective
1,22,27,5,9,4,0.555555555555556,dots2024_A_r6,objective
1,22,28,3,3,0,1,dots2024_A_r6,objective
1,22,29,1,3,2,0.333333333333333,dots2024_A_r6,objective
1,23,24,6,10,4,0.6,dots2024_A_r6,objective
1,23,25,7,8,1,0.875,dots2024_A_r6,objective
1,23,26,2,3,1,0.666666666666667,dots2024_A_r6,objective
1,23,27,8,11,3,0.727272727272727,dots2024_A_r6,objective
1,23,28,3,3,0,1,dots2024_A_r6,objective
1,23,29,5,9,4,0.555555555555556,dots2024_A_r6,objective
1,24,25,10,14,4,0.714285714285714,dots2024_A_r6,objective
1,24,26,5,7,2,0.714285714285714,dots2024_A_r6,objective
1,24,27,3,7,4,0.428571428571429,dots2024_A_r6,objective
1,24,28,3,5,2,0.6,dots2024_A_r6,objective
1,24,29,7,10,3,0.7,dots2024_A_r6,objective
1,25,26,4,10,6,0.4,dots2024_A_r6,objective
1,25,27,6,13,7,0.461538461538462,dots2024_A_r6,objective
1,25,28,4,9,5,0.444444444444444,dots2024_A_r6,objective
1,25,29,5,6,1,0.833333333333333,dots2024_A_r6,objective
1,26,27,3,9,6,0.333333333333333,dots2024_A_r6,objective
1,26,28,9,12,3,0.75,dots2024_A_r6,objective
1,26,29,1,4,3,0.25,dots2024_A_r6,objective
1,27,28,5,12,7,0.416666666666667,dots2024_A_r6,objective
1,27,29,5,9,4,0.555555555555556,dots2024_A_r6,objective
1,28,29,5,9,4,0.555555555555556,dots2024_A_r6,objective
2,0,2,1,1,0,1,dots2024_A_r6,objective
2,0,3,2,3,1,0.666666666666667,dots2024_A_r6,objective
2,0,4,2,3,1,0.666666666666667,dots2024_A_r6,objective
2,0,5,2,2,0,1,dots2024_A_r6,objective
2,0,6,3,5,2,0.6,dots2024_A_r6,objective
2,0,7,1,1,0,1,dots2024_A_r6,objective
2,0,8,6,10,4,0.6,dots2024_A_r6,objective
2,0,9,4,4,0,1,dots2024_A_r6,objective
2,0,10,5,6,1,0.833333333333333,dots2024_A_r6,objective
2,0,11,3,4,1,0.75,dots2024_A_r6,objective
2,0,12,5,5,0,1,dots2024_A_r6,objective
2,0,13,1,1,0,1,dots2024_A_r6,objective
2,0,14,8,8,0,1,dots2024_A_r6,objective
2,0,16,2,2,0,1,dots2024_A_r6,objective
2,0,17,3,3,0,1,dots2024_A_r6,objective
2,0,21,1,1,0,1,dots2024_A_r6,objective
2,0,22,1,1,0,1,dots2024_A_r6,objective
2,1,3,2,2,0,1,dots2024_A_r6,objective
2,1,4,2,2,0,1,dots2024_A_r6,objective
2,1,5,2,3,1,0.666666666666667,dots2024_A_r6,objective
2,1,6,4,7,3,0.571428571428571,dots2024_A_r6,objective
2,1,7,6,8,2,0.75,dots2024_A_r6,objective
2,1,8,1,1,0,1,dots2024_A_r6,objective
2,1,9,3,4,1,0.75,dots2024_A_r6,objective
2,1,10,3,4,1,0.75,dots2024_A_r6,objective
2,1,11,6,6,0,1,dots2024_A_r6,objective
2,1,12,4,4,0,1,dots2024_A_r6,objective
2,1,13,1,2,1,0.5,dots2024_A_r6,objective
2,1,14,2,2,0,1,dots2024_A_r6,objective
2,1,15,1,2,1,0.5,dots2024_A_r6,objective
2,1,17,2,4,2,0.5,dots2024_A_r6,objective
2,1,18,2,2,0,1,dots2024_A_r6,objective
2,1,19,3,4,1,0.75,dots2024_A_r6,objective
2,1,20,2,2,0,1,dots2024_A_r6,objective
2,2,4,0,1,1,0,dots2024_A_r6,objective
2,2,5,1,2,1,0.5,dots2024_A_r6,objective
2,2,6,0,2,2,0,dots2024_A_r6,objective
2,2,7,4,4,0,1,dots2024_A_r6,objective
2,2,8,2,4,2,0.5,dots2024_A_r6,objective
2,2,9,4,5,1,0.8,dots2024_A_r6,objective
2,2,10,5,6,1,0.833333333333333,dots2024_A_r6,objective
2,2,11,6,8,2,0.75,dots2024_A_r6,objective
2,2,12,1,2,1,0.5,dots2024_A_r6,objective
2,2,13,3,3,0,1,dots2024_A_r6,objective
2,2,14,2,3,1,0.666666666666667,dots2024_A_r6,objective
2,2,15,3,3,0,1,dots2024_A_r6,objective
2,2,16,3,3,0,1,dots2024_A_r6,objective
2,2,17,4,5,1,0.8,dots2024_A_r6,objective
2,2,19,4,4,0,1,dots2024_A_r6,objective
2,2,21,2,2,0,1,dots2024_A_r6,objective
2,2,23,1,1,0,1,dots2024_A_r6,objective
2,2,25,1,1,0,1,dots2024_A_r6,objective
2,3,5,1,1,0,1,dots2024_A_r6,objective
2,3,6,0,3,3,0,dots2024_A_r6,objective
2,3,7,3,4,1,0.75,dots2024_A_r6,objective
2,3,8,1,4,3,0.25,dots2024_A_r6,objective
2,3,9,1,4,3,0.25,dots2024_A_r6,objective
2,3,10,3,4,1,0.75,dots2024_A_r6,objective
2,3,11,6,6,0,1,dots2024_A_r6,objective
2,3,12,1,1,0,1,dots2024_A_r6,objective
2,3,13,4,6,2,0.666666666666667,dots2024_A_r6,objective
2,3,14,1,1,0,1,dots2024_A_r6,objective
2,3,15,4,4,0,1,dots2024_A_r6,objective
2,3,16,6,6,0,1,dots2024_A_r6,objective
2,3,17,4,4,0,1,dots2024_A_r6,objective
2,3,19,3,5,2,0.6,dots2024_A_r6,objective
2,3,21,0,1,1,0,dots2024_A_r6,objective
2,3,23,3,3,0,1,dots2024_A_r6,objective
2,3,24,1,1,0,1,dots2024_A_r6,objective
2,3,25,1,1,0,1,dots2024_A_r6,objective
2,4,6,1,2,1,0.5,dots2024_A_r6,objective
2,4,7,2,4,2,0.5,dots2024_A_r6,objective
2,4,8,2,3,1,0.666666666666667,dots2024_A_r6,objective
2,4,9,6,11,5,0.545454545454545,dots2024_A_r6,objective
2,4,10,1,2,1,0.5,dots2024_A_r6,objective
2,4,11,4,4,0,1,dots2024_A_r6,objective
2,4,12,4,4,0,1,dots2024_A_r6,objective
2,4,13,8,8,0,1,dots2024_A_r6,objective
2,4,14,3,3,0,1,dots2024_A_r6,objective
2,4,15,3,3,0,1,dots2024_A_r6,objective
2,4,16,3,3,0,1,dots2024_A_r6,objective
2,4,17,1,1,0,1,dots2024_A_r6,objective
2,4,18,4,4,0,1,dots2024_A_r6,objective
2,4,20,2,2,0,1,dots2024_A_r6,objective
2,4,21,3,3,0,1,dots2024_A_r6,objective
2,4,22,1,1,0,1,dots2024_A_r6,objective
2,4,26,1,1,0,1,dots2024_A_r6,objective
2,5,7,3,4,1,0.75,dots2024_A_r6,objective
2,5,8,1,3,2,0.333333333333333,dots2024_A_r6,objective
2,5,9,4,4,0,1,dots2024_A_r6,objective
2,5,10,3,7,4,0.428571428571429,dots2024_A_r6,objective
2,5,11,4,5,1,0.8,dots2024_A_r6,objective
2,5,12,2,3,1,0.666666666666667,dots2024_A_r6,objective
2,5,13,1,5,4,0.2,dots2024_A_r6,objective
2,5,14,5,6,1,0.833333333333333,dots2024_A_r6,objective
2,5,15,4,4,0,1,dots2024_A_r6,objective
2,5,16,5,5,0,1,dots2024_A_r6,objective
2,5,17,1,1,0,1,dots2024_A_r6,objective
2,5,18,2,3,1,0.666666666666667,dots2024_A_r6,objective
2,5,19,1,1,0,1,dots2024_A_r6,objective
2,5,20,5,5,0,1,dots2024_A_r6,objective
2,5,21,2,2,0,1,dots2024_A_r6,objective
2,5,23,0,1,1,0,dots2024_A_r6,objective
2,5,24,0,1,1,0,dots2024_A_r6,objective
2,5,26,2,2,0,1,dots2024_A_r6,objective
2,6,8,0,1,1,0,dots2024_A_r6,objective
2,6,9,3,4,1,0.75,dots2024_A_r6,objective
2,6,10,2,6,4,0.333333333333333,dots2024_A_r6,objective
2,6,11,1,1,0,1,dots2024_A_r6,objective
2,6,12,5,5,0,1,dots2024_A_r6,objective
2,6,13,3,5,2,0.6,dots2024_A_r6,objective
2,6,14,1,1,0,1,dots2024_A_r6,objective
2,6,15,6,7,1,0.857142857142857,dots2024_A_r6,objective
2,6,16,4,6,2,0.666666666666667,dots2024_A_r6,objective
2,6,17,3,4,1,0.75,dots2024_A_r6,objective
2,6,18,4,4,0,1,dots2024_A_r6,objective
2,6,19,2,3,1,0.666666666666667,dots2024_A_r6,objective
2,6,20,3,3,0,1,dots2024_A_r6,objective
2,6,21,3,6,3,0.5,dots2024_A_r6,objective
2,6,22,1,1,0,1,dots2024_A_r6,objective
2,6,23,3,3,0,1,dots2024_A_r6,objective
2,6,24,1,2,1,0.5,dots2024_A_r6,objective
2,7,9,3,4,1,0.75,dots2024_A_r6,objective
2,7,10,1,3,2,0.333333333333333,dots2024_A_r6,objective
2,7,11,3,4,1,0.75,dots2024_A_r6,objective
2,7,12,2,4,2,0.5,dots2024_A_r6,objective
2,7,13,1,3,2,0.333333333333333,dots2024_A_r6,objective
2,7,14,3,5,2,0.6,dots2024_A_r6,objective
2,7,15,3,3,0,1,dots2024_A_r6,objective
2,7,16,2,3,1,0.666666666666667,dots2024_A_r6,objective
2,7,17,2,3,1,0.666666666666667,dots2024_A_r6,objective
2,7,18,2,5,3,0.4,dots2024_A_r6,objective
2,7,19,1,1,0,1,dots2024_A_r6,objective
2,7,20,4,5,1,0.8,dots2024_A_r6,objective
2,7,21,4,4,0,1,dots2024_A_r6,objective
2,7,22,2,3,1,0.666666666666667,dots2024_A_r6,objective
2,7,23,2,2,0,1,dots2024_A_r6,objective
2,7,24,3,4,1,0.75,dots2024_A_r6,objective
2,7,27,1,1,0,1,dots2024_A_r6,objective
2,7,28,1,1,0,1,dots2024_A_r6,objective
2,8,10,2,3,1,0.666666666666667,dots2024_A_r6,objective
2,8,11,2,3,1,0.666666666666667,dots2024_A_r6,objective
2,8,12,1,5,4,0.2,dots2024_A_r6,objective
2,8,13,2,3,1,0.666666666666667,dots2024_A_r6,objective
2,8,14,4,6,2,0.666666666666667,dots2024_A_r6,objective
2,8,15,4,7,3,0.571428571428571,dots2024_A_r6,objective
2,8,16,1,2,1,0.5,dots2024_A_r6,objective
2,8,17,5,6,1,0.833333333333333,dots2024_A_r6,objective
2,8,18,1,4,3,0.25,dots2024_A_r6,objective
2,8,19,0,1,1,0,dots2024_A_r6,objective
2,8,20,4,4,0,1,dots2024_A_r6,objective
2,8,21,2,2,0,1,dots2024_A_r6,objective
2,8,22,4,5,1,0.8,dots2024_A_r6,objective
2,8,23,0,2,2,0,dots2024_A_r6,objective
2,8,24,2,2,0,1,dots2024_A_r6,objective
2,8,25,3,3,0,1,dots2024_A_r6,objective
2,9,11,1,2,1,0.5,dots2024_A_r6,objective
2,9,12,0,2,2,0,dots2024_A_r6,objective
2,9,13,0,2,2,0,dots2024_A_r6,objective
2,9,14,2,2,0,1,dots2024_A_r6,objective
2,9,15,2,4,2,0.5,dots2024_A_r6,objective
2,9,16,2,4,2,0.5,dots2024_A_r6,objective
2,9,17,5,6,1,0.833333333333333,dots2024_A_r6,objective
2,9,18,2,3,1,0.666666666666667,dots2024_A_r6,objective
2,9,19,5,5,0,1,dots2024_A_r6,objective
2,9,20,4,4,0,1,dots2024_A_r6,objective
2,9,21,3,3,0,1,dots2024_A_r6,objective
2,9,22,2,2,0,1,dots2024_A_r6,objective
2,9,23,1,1,0,1,dots2024_A_r6,objective
2,9,24,1,1,0,1,dots2024_A_r6,objective
2,9,25,4,4,0,1,dots2024_A_r6,objective
2,9,26,5,5,0,1,dots2024_A_r6,objective
2,9,27,2,3,1,0.666666666666667,dots2024_A_r6,objective
2,9,28,3,3,0,1,dots2024_A_r6,objective
2,10,12,2,2,0,1,dots2024_A_r6,objective
2,10,13,1,2,1,0.5,dots2024_A_r6,objective
2,10,14,4,5,1,0.8,dots2024_A_r6,objective
2,10,15,4,5,1,0.8,dots2024_A_r6,objective
2,10,16,6,8,2,0.75,dots2024_A_r6,objective
2,10,17,5,5,0,1,dots2024_A_r6,objective
2,10,18,7,9,2,0.777777777777778,dots2024_A_r6,objective
2,10,19,2,2,0,1,dots2024_A_r6,objective
2,10,20,1,1,0,1,dots2024_A_r6,objective
2,10,21,2,2,0,1,dots2024_A_r6,objective
2,10,22,2,2,0,1,dots2024_A_r6,objective
2,10,23,1,2,1,0.5,dots2024_A_r6,objective
2,10,24,4,4,0,1,dots2024_A_r6,objective
2,10,25,3,3,0,1,dots2024_A_r6,objective
2,10,26,3,4,1,0.75,dots2024_A_r6,objective
2,10,27,2,2,0,1,dots2024_A_r6,objective
2,10,29,1,1,0,1,dots2024_A_r6,objective
2,11,14,1,2,1,0.5,dots2024_A_r6,objective
2,11,15,2,3,1,0.666666666666667,dots2024_A_r6,objective
2,11,16,4,6,2,0.666666666666667,dots2024_A_r6,objective
2,11,17,3,4,1,0.75,dots2024_A_r6,objective
2,11,18,1,5,4,0.2,dots2024_A_r6,objective
2,11,19,4,5,1,0.8,dots2024_A_r6,objective
2,11,20,3,6,3,0.5,dots2024_A_r6,objective
2,11,21,3,5,2,0.6,dots2024_A_r6,objective
2,11,22,2,4,2,0.5,dots2024_A_r6,objective
2,11,23,2,3,1,0.666666666666667,dots2024_A_r6,objective
2,11,24,1,2,1,0.5,dots2024_A_r6,objective
2,11,25,4,4,0,1,dots2024_A_r6,objective
2,11,26,0,2,2,0,dots2024_A_r6,objective
2,11,27,2,2,0,1,dots2024_A_r6,objective
2,11,28,1,1,0,1,dots2024_A_r6,objective
2,11,29,2,2,0,1,dots2024_A_r6,objective
2,12,14,1,1,0,1,dots2024_A_r6,objective
2,12,15,1,2,1,0.5,dots2024_A_r6,objective
2,12,16,1,2,1,0.5,dots2024_A_r6,objective
2,12,17,0,1,1,0,dots2024_A_r6,objective
2,12,18,4,6,2,0.666666666666667,dots2024_A_r6,objective
2,12,19,5,5,0,1,dots2024_A_r6,objective
2,12,20,5,5,0,1,dots2024_A_r6,objective
2,12,21,2,3,1,0.666666666666667,dots2024_A_r6,objective
2,12,22,6,6,0,1,dots2024_A_r6,objective
2,12,23,3,6,3,0.5,dots2024_A_r6,objective
2,12,24,3,5,2,0.6,dots2024_A_r6,objective
2,12,25,4,4,0,1,dots2024_A_r6,objective
2,12,26,1,1,0,1,dots2024_A_r6,objective
2,12,27,2,2,0,1,dots2024_A_r6,objective
2,12,28,2,3,1,0.666666666666667,dots2024_A_r6,objective
2,12,29,1,1,0,1,dots2024_A_r6,objective
2,13,15,3,3,0,1,dots2024_A_r6,objective
2,13,16,1,4,3,0.25,dots2024_A_r6,objective
2,13,17,5,6,1,0.833333333333333,dots2024_A_r6,objective
2,13,18,5,5,0,1,dots2024_A_r6,objective
2,13,19,2,3,1,0.666666666666667,dots2024_A_r6,objective
2,13,20,3,4,1,0.75,dots2024_A_r6,objective
2,13,21,4,6,2,0.666666666666667,dots2024_A_r6,objective
2,13,22,3,4,1,0.75,dots2024_A_r6,objective
2,13,23,3,3,0,1,dots2024_A_r6,objective
2,13,24,2,4,2,0.5,dots2024_A_r6,objective
2,13,25,1,1,0,1,dots2024_A_r6,objective
2,13,26,3,4,1,0.75,dots2024_A_r6,objective
2,13,27,2,2,0,1,dots2024_A_r6,objective
2,13,28,2,2,0,1,dots2024_A_r6,objective
2,13,29,1,1,0,1,dots2024_A_r6,objective
2,14,16,1,2,1,0.5,dots2024_A_r6,objective
2,14,18,2,2,0,1,dots2024_A_r6,objective
2,14,19,5,7,2,0.714285714285714,dots2024_A_r6,objective
2,14,20,7,8,1,0.875,dots2024_A_r6,objective
2,14,21,2,3,1,0.666666666666667,dots2024_A_r6,objective
2,14,22,3,5,2,0.6,dots2024_A_r6,objective
2,14,23,3,3,0,1,dots2024_A_r6,objective
2,14,24,3,3,0,1,dots2024_A_r6,objective
2,14,25,6,8,2,0.75,dots2024_A_r6,objective
2,14,26,2,2,0,1,dots2024_A_r6,objective
2,14,27,5,5,0,1,dots2024_A_r6,objective
2,14,28,1,1,0,1,dots2024_A_r6,objective
2,14,29,2,2,0,1,dots2024_A_r6,objective
2,15,18,1,2,1,0.5,dots2024_A_r6,objective
2,15,19,3,3,0,1,dots2024_A_r6,objective
2,15,20,1,4,3,0.25,dots2024_A_r6,objective
2,15,21,2,3,1,0.666666666666667,dots2024_A_r6,objective
2,15,22,4,8,4,0.5,dots2024_A_r6,objective
2,15,23,6,7,1,0.857142857142857,dots2024_A_r6,objective
2,15,24,2,3,1,0.666666666666667,dots2024_A_r6,objective
2,15,25,1,2,1,0.5,dots2024_A_r6,objective
2,15,26,3,4,1,0.75,dots2024_A_r6,objective
2,15,27,5,5,0,1,dots2024_A_r6,objective
2,15,28,4,6,2,0.666666666666667,dots2024_A_r6,objective
2,15,29,3,4,1,0.75,dots2024_A_r6,objective
2,16,18,0,1,1,0,dots2024_A_r6,objective
2,16,19,1,2,1,0.5,dots2024_A_r6,objective
2,16,20,2,2,0,1,dots2024_A_r6,objective
2,16,21,1,3,2,0.333333333333333,dots2024_A_r6,objective
2,16,22,3,5,2,0.6,dots2024_A_r6,objective
2,16,23,2,2,0,1,dots2024_A_r6,objective
2,16,24,4,6,2,0.666666666666667,dots2024_A_r6,objective
2,16,25,2,2,0,1,dots2024_A_r6,objective
2,16,26,5,8,3,0.625,dots2024_A_r6,objective
2,16,27,3,3,0,1,dots2024_A_r6,objective
2,16,28,3,4,1,0.75,dots2024_A_r6,objective
2,16,29,2,6,4,0.333333333333333,dots2024_A_r6,objective
2,17,19,4,4,0,1,dots2024_A_r6,objective
2,17,20,3,4,1,0.75,dots2024_A_r6,objective
2,17,21,1,2,1,0.5,dots2024_A_r6,objective
2,17,22,6,7,1,0.857142857142857,dots2024_A_r6,objective
2,17,23,4,5,1,0.8,dots2024_A_r6,objective
2,17,24,2,4,2,0.5,dots2024_A_r6,objective
2,17,25,5,7,2,0.714285714285714,dots2024_A_r6,objective
2,17,26,4,5,1,0.8,dots2024_A_r6,objective
2,17,27,1,2,1,0.5,dots2024_A_r6,objective
2,17,28,2,4,2,0.5,dots2024_A_r6,objective
2,17,29,1,2,1,0.5,dots2024_A_r6,objective
2,18,21,3,3,0,1,dots2024_A_r6,objective
2,18,22,3,3,0,1,dots2024_A_r6,objective
2,18,23,1,2,1,0.5,dots2024_A_r6,objective
2,18,24,3,5,2,0.6,dots2024_A_r6,objective
2,18,25,2,2,0,1,dots2024_A_r6,objective
2,18,26,5,5,0,1,dots2024_A_r6,objective
2,18,27,3,5,2,0.6,dots2024_A_r6,objective
2,18,28,3,3,0,1,dots2024_A_r6,objective
2,18,29,6,6,0,1,dots2024_A_r6,objective
2,19,21,1,3,2,0.333333333333333,dots2024_A_r6,objective
2,19,22,1,2,1,0.5,dots2024_A_r6,objective
2,19,23,1,5,4,0.2,dots2024_A_r6,objective
2,19,24,3,6,3,0.5,dots2024_A_r6,objective
2,19,25,2,3,1,0.666666666666667,dots2024_A_r6,objective
2,19,26,8,9,1,0.888888888888889,dots2024_A_r6,objective
2,19,27,4,4,0,1,dots2024_A_r6,objective
2,19,28,3,4,1,0.75,dots2024_A_r6,objective
2,19,29,2,2,0,1,dots2024_A_r6,objective
2,20,23,3,4,1,0.75,dots2024_A_r6,objective
2,20,24,2,2,0,1,dots2024_A_r6,objective
2,20,25,3,7,4,0.428571428571429,dots2024_A_r6,objective
2,20,26,1,1,0,1,dots2024_A_r6,objective
2,20,27,4,4,0,1,dots2024_A_r6,objective
2,20,28,7,8,1,0.875,dots2024_A_r6,objective
2,20,29,0,2,2,0,dots2024_A_r6,objective
2,21,23,2,4,2,0.5,dots2024_A_r6,objective
2,21,24,0,2,2,0,dots2024_A_r6,objective
2,21,25,1,2,1,0.5,dots2024_A_r6,objective
2,21,26,1,5,4,0.2,dots2024_A_r6,objective
2,21,27,3,5,2,0.6,dots2024_A_r6,objective
2,21,28,4,5,1,0.8,dots2024_A_r6,objective
2,21,29,4,8,4,0.5,dots2024_A_r6,objective
2,22,24,1,3,2,0.333333333333333,dots2024_A_r6,objective
2,22,25,5,5,0,1,dots2024_A_r6,objective
2,22,26,0,1,1,0,dots2024_A_r6,objective
2,22,27,3,5,2,0.6,dots2024_A_r6,objective
2,22,28,2,2,0,1,dots2024_A_r6,objective
2,22,29,2,3,1,0.666666666666667,dots2024_A_r6,objective
2,23,25,0,1,1,0,dots2024_A_r6,objective
2,23,26,0,2,2,0,dots2024_A_r6,objective
2,23,27,1,2,1,0.5,dots2024_A_r6,objective
2,23,28,4,4,0,1,dots2024_A_r6,objective
2,23,29,6,7,1,0.857142857142857,dots2024_A_r6,objective
2,24,26,0,1,1,0,dots2024_A_r6,objective
2,24,27,4,5,1,0.8,dots2024_A_r6,objective
2,24,28,2,3,1,0.666666666666667,dots2024_A_r6,objective
2,24,29,3,3,0,1,dots2024_A_r6,objective
2,25,27,2,3,1,0.666666666666667,dots2024_A_r6,objective
2,25,28,0,5,5,0,dots2024_A_r6,objective
2,25,29,0,2,2,0,dots2024_A_r6,objective
2,26,28,0,1,1,0,dots2024_A_r6,objective
2,26,29,6,7,1,0.857142857142857,dots2024_A_r6,objective
3,0,3,1,1,0,1,dots2024_A_r6,objective
3,0,5,2,2,0,1,dots2024_A_r6,objective
3,0,6,0,1,1,0,dots2024_A_r6,objective
3,0,7,3,4,1,0.75,dots2024_A_r6,objective
3,0,8,0,1,1,0,dots2024_A_r6,objective
3,0,9,2,3,1,0.666666666666667,dots2024_A_r6,objective
3,0,10,1,2,1,0.5,dots2024_A_r6,objective
3,0,11,3,3,0,1,dots2024_A_r6,objective
3,0,12,4,4,0,1,dots2024_A_r6,objective
3,0,13,2,3,1,0.666666666666667,dots2024_A_r6,objective
3,0,14,3,3,0,1,dots2024_A_r6,objective
3,0,15,7,8,1,0.875,dots2024_A_r6,objective
3,0,16,4,4,0,1,dots2024_A_r6,objective
3,0,17,5,5,0,1,dots2024_A_r6,objective
3,0,18,4,4,0,1,dots2024_A_r6,objective
3,0,19,2,3,1,0.666666666666667,dots2024_A_r6,objective
3,0,23,5,5,0,1,dots2024_A_r6,objective
3,0,24,3,3,0,1,dots2024_A_r6,objective
3,0,25,1,1,0,1,dots2024_A_r6,objective
3,1,6,1,1,0,1,dots2024_A_r6,objective
3,1,7,4,4,0,1,dots2024_A_r6,objective
3,1,8,1,2,1,0.5,dots2024_A_r6,objective
3,1,9,3,5,2,0.6,dots2024_A_r6,objective
3,1,10,2,2,0,1,dots2024_A_r6,objective
3,1,11,5,5,0,1,dots2024_A_r6,objective
3,1,12,0,1,1,0,dots2024_A_r6,objective
3,1,13,1,1,0,1,dots2024_A_r6,objective
3,1,14,4,4,0,1,dots2024_A_r6,objective
3,1,15,7,8,1,0.875,dots2024_A_r6,objective
3,1,16,2,3,1,0.666666666666667,dots2024_A_r6,objective
3,1,17,2,2,0,1,dots2024_A_r6,objective
3,1,18,1,1,0,1,dots2024_A_r6,objective
3,1,19,4,4,0,1,dots2024_A_r6,objective
3,1,20,3,5,2,0.6,dots2024_A_r6,objective
3,1,21,4,5,1,0.8,dots2024_A_r6,objective
3,1,22,2,2,0,1,dots2024_A_r6,objective
3,1,23,1,1,0,1,dots2024_A_r6,objective
3,1,24,1,1,0,1,dots2024_A_r6,objective
3,1,26,2,2,0,1,dots2024_A_r6,objective
3,2,7,1,2,1,0.5,dots2024_A_r6,objective
3,2,8,1,1,0,1,dots2024_A_r6,objective
3,2,9,3,4,1,0.75,dots2024_A_r6,objective
3,2,10,1,3,2,0.333333333333333,dots2024_A_r6,objective
3,2,11,1,1,0,1,dots2024_A_r6,objective
3,2,12,2,3,1,0.666666666666667,dots2024_A_r6,objective
3,2,13,2,3,1,0.666666666666667,dots2024_A_r6,objective
3,2,14,2,2,0,1,dots2024_A_r6,objective
3,2,15,4,5,1,0.8,dots2024_A_r6,objective
3,2,16,1,2,1,0.5,dots2024_A_r6,objective
3,2,17,3,3,0,1,dots2024_A_r6,objective
3,2,18,4,4,0,1,dots2024_A_r6,objective
3,2,19,5,5,0,1,dots2024_A_r6,objective
3,2,20,3,4,1,0.75,dots2024_A_r6,objective
3,2,21,3,3,0,1,dots2024_A_r6,objective
3,2,22,3,3,0,1,dots2024_A_r6,objective
3,2,23,3,4,1,0.75,dots2024_A_r6,objective
3,2,24,1,1,0,1,dots2024_A_r6,objective
3,2,25,4,4,0,1,dots2024_A_r6,objective
3,2,26,1,1,0,1,dots2024_A_r6,objective
3,2,27,1,1,0,1,dots2024_A_r6,objective
3,3,9,1,1,0,1,dots2024_A_r6,objective
3,3,10,1,3,2,0.333333333333333,dots2024_A_r6,objective
3,3,11,1,1,0,1,dots2024_A_r6,objective
3,3,13,3,3,0,1,dots2024_A_r6,objective
3,3,14,7,8,1,0.875,dots2024_A_r6,objective
3,3,15,3,3,0,1,dots2024_A_r6,objective
3,3,16,3,3,0,1,dots2024_A_r6,objective
3,3,17,2,2,0,1,dots2024_A_r6,objective
3,3,18,5,5,0,1,dots2024_A_r6,objective
3,3,19,5,6,1,0.833333333333333,dots2024_A_r6,objective
3,3,20,6,6,0,1,dots2024_A_r6,objective
3,3,21,2,3,1,0.666666666666667,dots2024_A_r6,objective
3,3,22,2,2,0,1,dots2024_A_r6,objective
3,3,23,3,6,3,0.5,dots2024_A_r6,objective
3,3,24,1,2,1,0.5,dots2024_A_r6,objective
3,3,25,2,2,0,1,dots2024_A_r6,objective
3,3,26,1,1,0,1,dots2024_A_r6,objective
3,3,27,1,1,0,1,dots2024_A_r6,objective
3,4,8,1,2,1,0.5,dots2024_A_r6,objective
3,4,9,3,3,0,1,dots2024_A_r6,objective
3,4,10,0,1,1,0,dots2024_A_r6,objective
3,4,11,1,2,1,0.5,dots2024_A_r6,objective
3,4,12,3,4,1,0.75,dots2024_A_r6,objective
3,4,13,2,2,0,1,dots2024_A_r6,objective
3,4,14,4,5,1,0.8,dots2024_A_r6,objective
3,4,15,6,6,0,1,dots2024_A_r6,objective
3,4,16,3,4,1,0.75,dots2024_A_r6,objective
3,4,18,1,3,2,0.333333333333333,dots2024_A_r6,objective
3,4,19,4,4,0,1,dots2024_A_r6,objective
3,4,20,1,3,2,0.333333333333333,dots2024_A_r6,objective
3,4,21,0,1,1,0,dots2024_A_r6,objective
3,4,22,5,5,0,1,dots2024_A_r6,objective
3,4,23,4,4,0,1,dots2024_A_r6,objective
3,4,24,1,2,1,0.5,dots2024_A_r6,objective
3,4,25,2,2,0,1,dots2024_A_r6,objective
3,4,26,4,4,0,1,dots2024_A_r6,objective
3,4,27,2,2,0,1,dots2024_A_r6,objective
3,5,9,2,2,0,1,dots2024_A_r6,objective
3,5,10,1,1,0,1,dots2024_A_r6,objective
3,5,11,0,1,1,0,dots2024_A_r6,objective
3,5,12,1,2,1,0.5,dots2024_A_r6,objective
3,5,13,4,5,1,0.8,dots2024_A_r6,objective
3,5,15,2,2,0,1,dots2024_A_r6,objective
3,5,16,4,8,4,0.5,dots2024_A_r6,objective
3,5,17,5,6,1,0.833333333333333,dots2024_A_r6,objective
3,5,18,3,4,1,0.75,dots2024_A_r6,objective
3,5,19,1,1,0,1,dots2024_A_r6,objective
3,5,20,2,2,0,1,dots2024_A_r6,objective
3,5,21,7,8,1,0.875,dots2024_A_r6,objective
3,5,22,2,2,0,1,dots2024_A_r6,objective
3,5,23,1,2,1,0.5,dots2024_A_r6,objective
3,5,24,3,4,1,0.75,dots2024_A_r6,objective
3,5,25,3,3,0,1,dots2024_A_r6,objective
3,5,26,3,3,0,1,dots2024_A_r6,objective
3,5,27,2,2,0,1,dots2024_A_r6,objective
3,5,28,1,1,0,1,dots2024_A_r6,objective
3,5,29,1,1,0,1,dots2024_A_r6,objective
3,6,11,1,2,1,0.5,dots2024_A_r6,objective
3,6,12,1,1,0,1,dots2024_A_r6,objective
3,6,14,2,3,1,0.666666666666667,dots2024_A_r6,objective
3,6,15,0,1,1,0,dots2024_A_r6,objective
3,6,16,3,3,0,1,dots2024_A_r6,objective
3,6,17,3,3,0,1,dots2024_A_r6,objective
3,6,18,4,6,2,0.666666666666667,dots2024_A_r6,objective
3,6,19,3,3,0,1,dots2024_A_r6,objective
3,6,20,5,5,0,1,dots2024_A_r6,objective
3,6,21,4,4,0,1,dots2024_A_r6,objective
3,6,22,3,5,2,0.6,dots2024_A_r6,objective
3,6,23,3,4,1,0.75,dots2024_A_r6,objective
3,6,24,4,6,2,0.666666666666667,dots2024_A_r6,objective
3,6,25,3,5,2,0.6,dots2024_A_r6,objective
3,6,26,2,2,0,1,dots2024_A_r6,objective
3,6,28,5,5,0,1,dots2024_A_r6,objective
3,6,29,1,2,1,0.5,dots2024_A_r6,objective
3,7,11,1,1,0,1,dots2024_A_r6,objective
3,7,12,0,1,1,0,dots2024_A_r6,objective
3,7,13,0,2,2,0,dots2024_A_r6,objective
3,7,14,1,2,1,0.5,dots2024_A_r6,objective
3,7,15,2,2,0,1,dots2024_A_r6,objective
3,7,16,1,2,1,0.5,dots2024_A_r6,objective
3,7,17,2,2,0,1,dots2024_A_r6,objective
3,7,18,2,2,0,1,dots2024_A_r6,objective
3,7,19,2,2,0,1,dots2024_A_r6,objective
3,7,20,5,5,0,1,dots2024_A_r6,objective
3,7,21,5,6,1,0.833333333333333,dots2024_A_r6,objective
3,7,22,4,4,0,1,dots2024_A_r6,objective
3,7,24,5,5,0,1,dots2024_A_r6,objective
3,7,25,5,5,0,1,dots2024_A_r6,objective
3,7,26,2,2,0,1,dots2024_A_r6,objective
3,7,27,3,3,0,1,dots2024_A_r6,objective
3,7,28,2,2,0,1,dots2024_A_r6,objective
3,7,29,2,2,0,1,dots2024_A_r6,objective
3,8,13,3,3,0,1,dots2024_A_r6,objective
3,8,14,2,2,0,1,dots2024_A_r6,objective
3,8,16,5,7,2,0.714285714285714,dots2024_A_r6,objective
3,8,17,1,3,2,0.333333333333333,dots2024_A_r6,objective
3,8,18,5,6,1,0.833333333333333,dots2024_A_r6,objective
3,8,19,1,2,1,0.5,dots2024_A_r6,objective
3,8,20,3,3,0,1,dots2024_A_r6,objective
3,8,21,2,3,1,0.666666666666667,dots2024_A_r6,objective
3,8,22,2,2,0,1,dots2024_A_r6,objective
3,8,23,2,3,1,0.666666666666667,dots2024_A_r6,objective
3,8,24,1,1,0,1,dots2024_A_r6,objective
3,8,25,4,5,1,0.8,dots2024_A_r6,objective
3,8,26,3,5,2,0.6,dots2024_A_r6,objective
3,8,27,3,4,1,0.75,dots2024_A_r6,objective
3,8,28,3,3,0,1,dots2024_A_r6,objective
3,8,29,2,2,0,1,dots2024_A_r6,objective
3,9,16,1,1,0,1,dots2024_A_r6,objective
3,9,17,2,3,1,0.666666666666667,dots2024_A_r6,objective
3,9,18,1,2,1,0.5,dots2024_A_r6,objective
3,9,19,3,3,0,1,dots2024_A_r6,objective
3,9,20,1,2,1,0.5,dots2024_A_r6,objective
3,9,21,1,2,1,0.5,dots2024_A_r6,objective
3,9,22,4,4,0,1,dots2024_A_r6,objective
3,9,23,4,4,0,1,dots2024_A_r6,objective
3,9,24,5,5,0,1,dots2024_A_r6,objective
3,9,25,2,2,0,1,dots2024_A_r6,objective
3,9,26,4,4,0,1,dots2024_A_r6,objective
3,9,27,4,4,0,1,dots2024_A_r6,objective
3,9,28,0,1,1,0,dots2024_A_r6,objective
3,9,29,5,5,0,1,dots2024_A_r6,objective
3,10,15,1,1,0,1,dots2024_A_r6,objective
3,10,17,3,4,1,0.75,dots2024_A_r6,objective
3,10,18,4,5,1,0.8,dots2024_A_r6,objective
3,10,19,4,5,1,0.8,dots2024_A_r6,objective
3,10,20,3,4,1,0.75,dots2024_A_r6,objective
3,10,21,2,2,0,1,dots2024_A_r6,objective
3,10,22,5,6,1,0.833333333333333,dots2024_A_r6,objective
3,10,23,1,1,0,1,dots2024_A_r6,objective
3,10,24,1,1,0,1,dots2024_A_r6,objective
3,10,25,2,3,1,0.666666666666667,dots2024_A_r6,objective
3,10,26,4,4,0,1,dots2024_A_r6,objective
3,10,27,3,3,0,1,dots2024_A_r6,objective
3,10,28,7,8,1,0.875,dots2024_A_r6,objective
3,10,29,3,3,0,1,dots2024_A_r6,objective
3,11,15,1,1,0,1,dots2024_A_r6,objective
3,11,17,1,1,0,1,dots2024_A_r6,objective
3,11,19,3,3,0,1,dots2024_A_r6,objective
3,11,20,4,4,0,1,dots2024_A_r6,objective
3,11,21,3,3,0,1,dots2024_A_r6,objective
3,11,22,2,2,0,1,dots2024_A_r6,objective
3,11,23,3,4,1,0.75,dots2024_A_r6,objective
3,11,24,5,6,1,0.833333333333333,dots2024_A_r6,objective
3,11,25,2,2,0,1,dots2024_A_r6,objective
3,11,26,8,8,0,1,dots2024_A_r6,objective
3,11,27,2,3,1,0.666666666666667,dots2024_A_r6,objective
3,11,28,4,5,1,0.8,dots2024_A_r6,objective
3,11,29,1,2,1,0.5,dots2024_A_r6,objective
3,12,16,0,1,1,0,dots2024_A_r6,objective
3,12,17,0,1,1,0,dots2024_A_r6,objective
3,12,19,2,2,0,1,dots2024_A_r6,objective
3,12,20,1,2,1,0.5,dots2024_A_r6,objective
3,12,21,1,1,0,1,dots2024_A_r6,objective
3,12,22,0,1,1,0,dots2024_A_r6,objective
3,12,23,1,1,0,1,dots2024_A_r6,objective
3,12,24,3,6,3,0.5,dots2024_A_r6,objective
3,12,25,2,3,1,0.666666666666667,dots2024_A_r6,objective
3,12,26,7,8,1,0.875,dots2024_A_r6,objective
3,12,27,8,8,0,1,dots2024_A_r6,objective
3,12,28,2,3,1,0.666666666666667,dots2024_A_r6,objective
3,12,29,5,6,1,0.833333333333333,dots2024_A_r6,objective
3,13,16,0,1,1,0,dots2024_A_r6,objective
3,13,18,1,2,1,0.5,dots2024_A_r6,objective
3,13,19,1,1,0,1,dots2024_A_r6,objective
3,13,20,2,2,0,1,dots2024_A_r6,objective
3,13,22,7,7,0,1,dots2024_A_r6,objective
3,13,23,3,4,1,0.75,dots2024_A_r6,objective
3,13,24,1,1,0,1,dots2024_A_r6,objective
3,13,25,3,4,1,0.75,dots2024_A_r6,objective
3,13,26,3,4,1,0.75,dots2024_A_r6,objective
3,13,27,2,3,1,0.666666666666667,dots2024_A_r6,objective
3,13,28,3,4,1,0.75,dots2024_A_r6,objective
3,13,29,2,4,2,0.5,dots2024_A_r6,objective
3,14,20,0,1,1,0,dots2024_A_r6,objective
3,14,21,3,3,0,1,dots2024_A_r6,objective
3,14,22,2,3,1,0.666666666666667,dots2024_A_r6,objective
3,14,23,1,1,0,1,dots2024_A_r6,objective
3,14,24,4,5,1,0.8,dots2024_A_r6,objective
3,14,25,4,4,0,1,dots2024_A_r6,objective
3,14,26,1,2,1,0.5,dots2024_A_r6,objective
3,14,27,4,4,0,1,dots2024_A_r6,objective
3,14,28,3,3,0,1,dots2024_A_r6,objective
3,14,29,4,4,0,1,dots2024_A_r6,objective
3,15,20,0,1,1,0,dots2024_A_r6,objective
3,15,22,4,4,0,1,dots2024_A_r6,objective
3,15,23,3,5,2,0.6,dots2024_A_r6,objective
3,15,24,3,3,0,1,dots2024_A_r6,objective
3,15,25,1,2,1,0.5,dots2024_A_r6,objective
3,15,26,2,4,2,0.5,dots2024_A_r6,objective
3,15,27,0,1,1,0,dots2024_A_r6,objective
3,15,28,1,1,0,1,dots2024_A_r6,objective
3,15,29,2,2,0,1,dots2024_A_r6,objective
3,16,21,0,1,1,0,dots2024_A_r6,objective
3,16,22,1,2,1,0.5,dots2024_A_r6,objective
3,16,23,2,4,2,0.5,dots2024_A_r6,objective
3,16,24,0,1,1,0,dots2024_A_r6,objective
3,16,25,2,2,0,1,dots2024_A_r6,objective
3,16,27,2,3,1,0.666666666666667,dots2024_A_r6,objective
3,16,28,5,5,0,1,dots2024_A_r6,objective
3,16,29,5,5,0,1,dots2024_A_r6,objective
3,17,21,2,2,0,1,dots2024_A_r6,objective
3,17,22,1,2,1,0.5,dots2024_A_r6,objective
3,17,23,0,2,2,0,dots2024_A_r6,objective
3,17,24,1,1,0,1,dots2024_A_r6,objective
3,17,25,1,2,1,0.5,dots2024_A_r6,objective
3,17,26,2,2,0,1,dots2024_A_r6,objective
3,17,27,4,7,3,0.571428571428571,dots2024_A_r6,objective
3,17,28,4,5,1,0.8,dots2024_A_r6,objective
3,17,29,1,2,1,0.5,dots2024_A_r6,objective
3,18,23,0,1,1,0,dots2024_A_r6,objective
3,18,24,3,3,0,1,dots2024_A_r6,objective
3,18,25,2,2,0,1,dots2024_A_r6,objective
3,18,26,2,2,0,1,dots2024_A_r6,objective
3,18,27,2,3,1,0.666666666666667,dots2024_A_r6,objective
3,18,28,2,3,1,0.666666666666667,dots2024_A_r6,objective
3,18,29,3,4,1,0.75,dots2024_A_r6,objective
3,19,23,1,2,1,0.5,dots2024_A_r6,objective
3,19,25,2,3,1,0.666666666666667,dots2024_A_r6,objective
3,19,26,0,1,1,0,dots2024_A_r6,objective
3,19,27,1,3,2,0.333333333333333,dots2024_A_r6,objective
3,19,28,0,3,3,0,dots2024_A_r6,objective
3,19,29,2,3,1,0.666666666666667,dots2024_A_r6,objective
3,20,25,1,1,0,1,dots2024_A_r6,objective
3,20,26,0,1,1,0,dots2024_A_r6,objective
3,20,27,2,2,0,1,dots2024_A_r6,objective
3,20,28,1,2,1,0.5,dots2024_A_r6,objective
3,20,29,4,5,1,0.8,dots2024_A_r6,objective
3,21,24,1,1,0,1,dots2024_A_r6,objective
3,21,25,1,1,0,1,dots2024_A_r6,objective
3,21,26,1,2,1,0.5,dots2024_A_r6,objective
3,21,27,0,2,2,0,dots2024_A_r6,objective
3,21,28,2,3,1,0.666666666666667,dots2024_A_r6,objective
3,21,29,1,3,2,0.333333333333333,dots2024_A_r6,objective
3,22,27,1,1,0,1,dots2024_A_r6,objective
3,22,28,1,1,0,1,dots2024_A_r6,objective
3,22,29,0,1,1,0,dots2024_A_r6,objective
3,23,29,1,1,0,1,dots2024_A_r6,objective
3,24,28,1,1,0,1,dots2024_A_r6,objective
3,24,29,1,1,0,1,dots2024_A_r6,objective
3,25,28,0,1,1,0,dots2024_A_r6,objective
3,25,29,1,1,0,1,dots2024_A_r6,objective
4,0,7,2,2,0,1,dots2024_A_r6,objective
4,0,8,0,2,2,0,dots2024_A_r6,objective
4,0,9,0,1,1,0,dots2024_A_r6,objective
4,0,11,1,1,0,1,dots2024_A_r6,objective
4,0,12,2,2,0,1,dots2024_A_r6,objective
4,0,13,0,1,1,0,dots2024_A_r6,objective
4,0,14,2,2,0,1,dots2024_A_r6,objective
4,0,15,2,2,0,1,dots2024_A_r6,objective
4,0,16,5,5,0,1,dots2024_A_r6,objective
4,0,17,3,3,0,1,dots2024_A_r6,objective
4,0,18,4,4,0,1,dots2024_A_r6,objective
4,0,19,1,1,0,1,dots2024_A_r6,objective
4,0,20,8,8,0,1,dots2024_A_r6,objective
4,0,21,2,3,1,0.666666666666667,dots2024_A_r6,objective
4,0,22,3,3,0,1,dots2024_A_r6,objective
4,0,23,2,5,3,0.4,dots2024_A_r6,objective
4,0,24,3,3,0,1,dots2024_A_r6,objective
4,0,25,6,6,0,1,dots2024_A_r6,objective
4,0,26,2,2,0,1,dots2024_A_r6,objective
4,0,27,4,4,0,1,dots2024_A_r6,objective
4,1,9,1,1,0,1,dots2024_A_r6,objective
4,1,10,2,2,0,1,dots2024_A_r6,objective
4,1,12,1,1,0,1,dots2024_A_r6,objective
4,1,13,3,4,1,0.75,dots2024_A_r6,objective
4,1,14,1,1,0,1,dots2024_A_r6,objective
4,1,15,1,1,0,1,dots2024_A_r6,objective
4,1,16,4,4,0,1,dots2024_A_r6,objective
4,1,17,1,1,0,1,dots2024_A_r6,objective
4,1,18,4,5,1,0.8,dots2024_A_r6,objective
4,1,19,1,1,0,1,dots2024_A_r6,objective
4,1,20,3,6,3,0.5,dots2024_A_r6,objective
4,1,21,4,5,1,0.8,dots2024_A_r6,objective
4,1,22,1,2,1,0.5,dots2024_A_r6,objective
4,1,23,4,5,1,0.8,dots2024_A_r6,objective
4,1,24,4,8,4,0.5,dots2024_A_r6,objective
4,1,25,4,4,0,1,dots2024_A_r6,objective
4,1,26,2,3,1,0.666666666666667,dots2024_A_r6,objective
4,1,27,3,3,0,1,dots2024_A_r6,objective
4,1,28,2,2,0,1,dots2024_A_r6,objective
4,2,9,2,2,0,1,dots2024_A_r6,objective
4,2,11,1,2,1,0.5,dots2024_A_r6,objective
4,2,12,0,1,1,0,dots2024_A_r6,objective
4,2,15,1,1,0,1,dots2024_A_r6,objective
4,2,16,4,4,0,1,dots2024_A_r6,objective
4,2,17,2,2,0,1,dots2024_A_r6,objective
4,2,18,1,2,1,0.5,dots2024_A_r6,objective
4,2,19,4,4,0,1,dots2024_A_r6,objective
4,2,20,4,4,0,1,dots2024_A_r6,objective
4,2,21,1,1,0,1,dots2024_A_r6,objective
4,2,22,5,7,2,0.714285714285714,dots2024_A_r6,objective
4,2,23,2,2,0,1,dots2024_A_r6,objective
4,2,24,6,6,0,1,dots2024_A_r6,objective
4,2,25,3,3,0,1,dots2024_A_r6,objective
4,2,26,6,6,0,1,dots2024_A_r6,objective
4,2,27,5,6,1,0.833333333333333,dots2024_A_r6,objective
4,2,28,1,1,0,1,dots2024_A_r6,objective
4,2,29,4,4,0,1,dots2024_A_r6,objective
4,3,12,1,1,0,1,dots2024_A_r6,objective
4,3,14,0,1,1,0,dots2024_A_r6,objective
4,3,15,3,3,0,1,dots2024_A_r6,objective
4,3,16,3,3,0,1,dots2024_A_r6,objective
4,3,17,0,1,1,0,dots2024_A_r6,objective
4,3,18,3,3,0,1,dots2024_A_r6,objective
4,3,19,7,7,0,1,dots2024_A_r6,objective
4,3,20,1,1,0,1,dots2024_A_r6,objective
4,3,21,3,3,0,1,dots2024_A_r6,objective
4,3,22,3,3,0,1,dots2024_A_r6,objective
4,3,23,3,4,1,0.75,dots2024_A_r6,objective
4,3,24,4,4,0,1,dots2024_A_r6,objective
4,3,25,2,3,1,0.666666666666667,dots2024_A_r6,objective
4,3,26,3,4,1,0.75,dots2024_A_r6,objective
4,3,27,3,3,0,1,dots2024_A_r6,objective
4,3,28,6,7,1,0.857142857142857,dots2024_A_r6,objective
4,3,29,3,3,0,1,dots2024_A_r6,objective
4,4,10,1,1,0,1,dots2024_A_r6,objective
4,4,11,1,1,0,1,dots2024_A_r6,objective
4,4,13,1,2,1,0.5,dots2024_A_r6,objective
4,4,14,2,2,0,1,dots2024_A_r6,objective
4,4,16,1,1,0,1,dots2024_A_r6,objective
4,4,17,1,1,0,1,dots2024_A_r6,objective
4,4,18,1,2,1,0.5,dots2024_A_r6,objective
4,4,19,2,2,0,1,dots2024_A_r6,objective
4,4,20,1,1,0,1,dots2024_A_r6,objective
4,4,21,5,5,0,1,dots2024_A_r6,objective
4,4,22,5,6,1,0.833333333333333,dots2024_A_r6,objective
4,4,24,9,10,1,0.9,dots2024_A_r6,objective
4,4,25,4,4,0,1,dots2024_A_r6,objective
4,4,26,4,5,1,0.8,dots2024_A_r6,objective
4,4,27,2,2,0,1,dots2024_A_r6,objective
4,4,28,4,4,0,1,dots2024_A_r6,objective
4,4,29,4,4,0,1,dots2024_A_r6,objective
4,5,12,0,1,1,0,dots2024_A_r6,objective
4,5,14,1,1,0,1,dots2024_A_r6,objective
4,5,16,1,1,0,1,dots2024_A_r6,objective
4,5,17,1,2,1,0.5,dots2024_A_r6,objective
4,5,18,6,7,1,0.857142857142857,dots2024_A_r6,objective
4,5,19,2,2,0,1,dots2024_A_r6,objective
4,5,20,3,3,0,1,dots2024_A_r6,objective
4,5,21,3,4,1,0.75,dots2024_A_r6,objective
4,5,22,3,3,0,1,dots2024_A_r6,objective
4,5,23,1,2,1,0.5,dots2024_A_r6,objective
4,5,24,2,2,0,1,dots2024_A_r6,objective
4,5,25,3,3,0,1,dots2024_A_r6,objective
4,5,26,4,5,1,0.8,dots2024_A_r6,objective
4,5,27,5,5,0,1,dots2024_A_r6,objective
4,5,28,9,9,0,1,dots2024_A_r6,objective
4,5,29,3,4,1,0.75,dots2024_A_r6,objective
4,6,14,1,1,0,1,dots2024_A_r6,objective
4,6,17,1,1,0,1,dots2024_A_r6,objective
4,6,18,2,2,0,1,dots2024_A_r6,objective
4,6,19,2,2,0,1,dots2024_A_r6,objective
4,6,21,0,2,2,0,dots2024_A_r6,objective
4,6,22,3,3,0,1,dots2024_A_r6,objective
4,6,23,3,4,1,0.75,dots2024_A_r6,objective
4,6,24,4,6,2,0.666666666666667,dots2024_A_r6,objective
4,6,25,2,2,0,1,dots2024_A_r6,objective
4,6,26,6,7,1,0.857142857142857,dots2024_A_r6,objective
4,6,27,4,4,0,1,dots2024_A_r6,objective
4,6,28,7,8,1,0.875,dots2024_A_r6,objective
4,6,29,1,1,0,1,dots2024_A_r6,objective
4,7,17,1,2,1,0.5,dots2024_A_r6,objective
4,7,20,4,4,0,1,dots2024_A_r6,objective
4,7,22,1,2,1,0.5,dots2024_A_r6,objective
4,7,23,4,4,0,1,dots2024_A_r6,objective
4,7,24,2,2,0,1,dots2024_A_r6,objective
4,7,25,2,3,1,0.666666666666667,dots2024_A_r6,objective
4,7,26,6,7,1,0.857142857142857,dots2024_A_r6,objective
4,7,27,1,2,1,0.5,dots2024_A_r6,objective
4,7,28,2,2,0,1,dots2024_A_r6,objective
4,7,29,6,7,1,0.857142857142857,dots2024_A_r6,objective
4,8,15,2,2,0,1,dots2024_A_r6,objective
4,8,17,1,1,0,1,dots2024_A_r6,objective
4,8,18,1,1,0,1,dots2024_A_r6,objective
4,8,19,2,2,0,1,dots2024_A_r6,objective
4,8,20,2,3,1,0.666666666666667,dots2024_A_r6,objective
4,8,21,2,2,0,1,dots2024_A_r6,objective
4,8,22,3,3,0,1,dots2024_A_r6,objective
4,8,23,2,2,0,1,dots2024_A_r6,objective
4,8,24,0,1,1,0,dots2024_A_r6,objective
4,8,25,1,2,1,0.5,dots2024_A_r6,objective
4,8,26,2,3,1,0.666666666666667,dots2024_A_r6,objective
4,8,27,5,7,2,0.714285714285714,dots2024_A_r6,objective
4,8,28,2,3,1,0.666666666666667,dots2024_A_r6,objective
4,8,29,2,2,0,1,dots2024_A_r6,objective
4,9,18,1,1,0,1,dots2024_A_r6,objective
4,9,21,1,1,0,1,dots2024_A_r6,objective
4,9,23,3,4,1,0.75,dots2024_A_r6,objective
4,9,25,3,3,0,1,dots2024_A_r6,objective
4,9,27,2,3,1,0.666666666666667,dots2024_A_r6,objective
4,9,28,4,5,1,0.8,dots2024_A_r6,objective
4,9,29,3,3,0,1,dots2024_A_r6,objective
4,10,20,1,2,1,0.5,dots2024_A_r6,objective
4,10,21,1,1,0,1,dots2024_A_r6,objective
4,10,22,2,2,0,1,dots2024_A_r6,objective
4,10,23,1,1,0,1,dots2024_A_r6,objective
4,10,24,1,1,0,1,dots2024_A_r6,objective
4,10,25,3,3,0,1,dots2024_A_r6,objective
4,10,26,2,2,0,1,dots2024_A_r6,objective
4,10,27,4,4,0,1,dots2024_A_r6,objective
4,10,28,1,1,0,1,dots2024_A_r6,objective
4,10,29,3,4,1,0.75,dots2024_A_r6,objective
4,11,21,1,1,0,1,dots2024_A_r6,objective
4,11,22,2,2,0,1,dots2024_A_r6,objective
4,11,23,0,1,1,0,dots2024_A_r6,objective
4,11,24,1,1,0,1,dots2024_A_r6,objective
4,11,25,1,1,0,1,dots2024_A_r6,objective
4,11,26,2,2,0,1,dots2024_A_r6,objective
4,11,27,3,3,0,1,dots2024_A_r6,objective
4,11,28,2,3,1,0.666666666666667,dots2024_A_r6,objective
4,11,29,3,3,0,1,dots2024_A_r6,objective
4,12,18,0,1,1,0,dots2024_A_r6,objective
4,12,22,1,1,0,1,dots2024_A_r6,objective
4,12,23,1,1,0,1,dots2024_A_r6,objective
4,12,25,4,6,2,0.666666666666667,dots2024_A_r6,objective
4,12,26,0,1,1,0,dots2024_A_r6,objective
4,12,27,2,2,0,1,dots2024_A_r6,objective
4,12,28,3,5,2,0.6,dots2024_A_r6,objective
4,12,29,3,5,2,0.6,dots2024_A_r6,objective
4,13,22,1,1,0,1,dots2024_A_r6,objective
4,13,23,1,1,0,1,dots2024_A_r6,objective
4,13,24,0,1,1,0,dots2024_A_r6,objective
4,13,25,3,3,0,1,dots2024_A_r6,objective
4,13,26,1,1,0,1,dots2024_A_r6,objective
4,13,27,2,2,0,1,dots2024_A_r6,objective
4,13,28,1,1,0,1,dots2024_A_r6,objective
4,13,29,8,9,1,0.888888888888889,dots2024_A_r6,objective
4,14,22,1,1,0,1,dots2024_A_r6,objective
4,14,23,1,2,1,0.5,dots2024_A_r6,objective
4,14,24,0,1,1,0,dots2024_A_r6,objective
4,14,25,1,1,0,1,dots2024_A_r6,objective
4,14,26,2,2,0,1,dots2024_A_r6,objective
4,14,27,4,5,1,0.8,dots2024_A_r6,objective
4,14,28,2,2,0,1,dots2024_A_r6,objective
4,15,22,0,1,1,0,dots2024_A_r6,objective
4,15,23,2,3,1,0.666666666666667,dots2024_A_r6,objective
4,15,24,0,1,1,0,dots2024_A_r6,objective
4,15,25,1,1,0,1,dots2024_A_r6,objective
4,15,28,3,3,0,1,dots2024_A_r6,objective
4,15,29,1,1,0,1,dots2024_A_r6,objective
4,16,23,0,1,1,0,dots2024_A_r6,objective
4,16,25,0,1,1,0,dots2024_A_r6,objective
4,16,26,1,1,0,1,dots2024_A_r6,objective
4,16,29,1,3,2,0.333333333333333,dots2024_A_r6,objective
4,17,23,0,1,1,0,dots2024_A_r6,objective
4,17,24,1,1,0,1,dots2024_A_r6,objective
4,17,25,1,1,0,1,dots2024_A_r6,objective
4,17,26,1,2,1,0.5,dots2024_A_r6,objective
4,17,28,1,1,0,1,dots2024_A_r6,objective
4,17,29,1,1,0,1,dots2024_A_r6,objective
4,18,26,1,1,0,1,dots2024_A_r6,objective
4,18,27,3,4,1,0.75,dots2024_A_r6,objective
4,18,28,0,1,1,0,dots2024_A_r6,objective
4,18,29,1,1,0,1,dots2024_A_r6,objective
4,19,27,1,1,0,1,dots2024_A_r6,objective
4,19,28,1,1,0,1,dots2024_A_r6,objective
4,19,29,1,2,1,0.5,dots2024_A_r6,objective
4,20,29,0,1,1,0,dots2024_A_r6,objective
4,21,28,0,1,1,0,dots2024_A_r6,objective
4,21,29,0,1,1,0,dots2024_A_r6,objective
5,0,14,1,1,0,1,dots2024_A_r6,objective
5,0,16,1,1,0,1,dots2024_A_r6,objective
5,0,17,2,2,0,1,dots2024_A_r6,objective
5,0,18,2,2,0,1,dots2024_A_r6,objective
5,0,19,3,4,1,0.75,dots2024_A_r6,objective
5,0,20,1,1,0,1,dots2024_A_r6,objective
5,0,21,2,2,0,1,dots2024_A_r6,objective
5,0,22,1,1,0,1,dots2024_A_r6,objective
5,0,23,2,2,0,1,dots2024_A_r6,objective
5,0,24,2,4,2,0.5,dots2024_A_r6,objective
5,0,25,5,6,1,0.833333333333333,dots2024_A_r6,objective
5,0,26,3,4,1,0.75,dots2024_A_r6,objective
5,0,27,8,10,2,0.8,dots2024_A_r6,objective
5,0,28,10,10,0,1,dots2024_A_r6,objective
5,0,29,10,10,0,1,dots2024_A_r6,objective
5,1,16,1,1,0,1,dots2024_A_r6,objective
5,1,18,2,2,0,1,dots2024_A_r6,objective
5,1,19,1,1,0,1,dots2024_A_r6,objective
5,1,20,4,4,0,1,dots2024_A_r6,objective
5,1,21,1,1,0,1,dots2024_A_r6,objective
5,1,22,2,3,1,0.666666666666667,dots2024_A_r6,objective
5,1,23,1,1,0,1,dots2024_A_r6,objective
5,1,24,4,4,0,1,dots2024_A_r6,objective
5,1,25,1,1,0,1,dots2024_A_r6,objective
5,1,26,5,6,1,0.833333333333333,dots2024_A_r6,objective
5,1,27,3,5,2,0.6,dots2024_A_r6,objective
5,1,28,5,7,2,0.714285714285714,dots2024_A_r6,objective
5,1,29,9,10,1,0.9,dots2024_A_r6,objective
5,2,12,0,1,1,0,dots2024_A_r6,objective
5,2,17,2,2,0,1,dots2024_A_r6,objective
5,2,18,1,1,0,1,dots2024_A_r6,objective
5,2,19,1,1,0,1,dots2024_A_r6,objective
5,2,20,2,2,0,1,dots2024_A_r6,objective
5,2,21,3,3,0,1,dots2024_A_r6,objective
5,2,22,2,2,0,1,dots2024_A_r6,objective
5,2,23,1,2,1,0.5,dots2024_A_r6,objective
5,2,24,3,3,0,1,dots2024_A_r6,objective
5,2,25,2,2,0,1,dots2024_A_r6,objective
5,2,26,6,7,1,0.857142857142857,dots2024_A_r6,objective
5,2,27,6,6,0,1,dots2024_A_r6,objective
5,2,28,7,7,0,1,dots2024_A_r6,objective
5,2,29,4,4,0,1,dots2024_A_r6,objective
5,3,18,1,2,1,0.5,dots2024_A_r6,objective
5,3,20,2,2,0,1,dots2024_A_r6,objective
5,3,22,3,3,0,1,dots2024_A_r6,objective
5,3,23,1,2,1,0.5,dots2024_A_r6,objective
5,3,25,2,2,0,1,dots2024_A_r6,objective
5,3,26,4,5,1,0.8,dots2024_A_r6,objective
5,3,27,2,2,0,1,dots2024_A_r6,objective
5,3,28,7,9,2,0.777777777777778,dots2024_A_r6,objective
5,3,29,4,5,1,0.8,dots2024_A_r6,objective
5,4,14,1,1,0,1,dots2024_A_r6,objective
5,4,19,1,1,0,1,dots2024_A_r6,objective
5,4,22,2,2,0,1,dots2024_A_r6,objective
5,4,23,1,2,1,0.5,dots2024_A_r6,objective
5,4,24,1,1,0,1,dots2024_A_r6,objective
5,4,25,5,5,0,1,dots2024_A_r6,objective
5,4,26,4,4,0,1,dots2024_A_r6,objective
5,4,27,4,4,0,1,dots2024_A_r6,objective
5,4,28,4,4,0,1,dots2024_A_r6,objective
5,4,29,5,6,1,0.833333333333333,dots2024_A_r6,objective
5,5,20,2,3,1,0.666666666666667,dots2024_A_r6,objective
5,5,21,0,1,1,0,dots2024_A_r6,objective
5,5,22,1,1,0,1,dots2024_A_r6,objective
5,5,23,2,2,0,1,dots2024_A_r6,objective
5,5,24,0,1,1,0,dots2024_A_r6,objective
5,5,25,1,1,0,1,dots2024_A_r6,objective
5,5,26,3,4,1,0.75,dots2024_A_r6,objective
5,5,28,1,1,0,1,dots2024_A_r6,objective
5,5,29,5,6,1,0.833333333333333,dots2024_A_r6,objective
5,6,15,1,1,0,1,dots2024_A_r6,objective
5,6,23,2,2,0,1,dots2024_A_r6,objective
5,6,24,1,1,0,1,dots2024_A_r6,objective
5,6,25,0,1,1,0,dots2024_A_r6,objective
5,6,26,2,4,2,0.5,dots2024_A_r6,objective
5,6,27,1,1,0,1,dots2024_A_r6,objective
5,6,28,1,2,1,0.5,dots2024_A_r6,objective
5,6,29,3,5,2,0.6,dots2024_A_r6,objective
5,7,19,0,1,1,0,dots2024_A_r6,objective
5,7,25,2,2,0,1,dots2024_A_r6,objective
5,7,27,2,2,0,1,dots2024_A_r6,objective
5,7,28,4,4,0,1,dots2024_A_r6,objective
5,7,29,0,1,1,0,dots2024_A_r6,objective
5,8,21,1,1,0,1,dots2024_A_r6,objective
5,8,22,2,2,0,1,dots2024_A_r6,objective
5,8,25,1,1,0,1,dots2024_A_r6,objective
5,8,26,1,1,0,1,dots2024_A_r6,objective
5,8,27,2,2,0,1,dots2024_A_r6,objective
5,8,28,3,4,1,0.75,dots2024_A_r6,objective
5,8,29,1,1,0,1,dots2024_A_r6,objective
5,9,24,1,1,0,1,dots2024_A_r6,objective
5,9,27,1,1,0,1,dots2024_A_r6,objective
5,9,29,0,1,1,0,dots2024_A_r6,objective
5,10,25,0,1,1,0,dots2024_A_r6,objective
5,10,26,2,2,0,1,dots2024_A_r6,objective
5,10,27,2,2,0,1,dots2024_A_r6,objective
5,10,29,2,2,0,1,dots2024_A_r6,objective
5,11,23,1,1,0,1,dots2024_A_r6,objective
5,11,24,1,1,0,1,dots2024_A_r6,objective
5,11,27,1,1,0,1,dots2024_A_r6,objective
5,11,29,2,2,0,1,dots2024_A_r6,objective
5,12,22,0,1,1,0,dots2024_A_r6,objective
5,12,23,1,1,0,1,dots2024_A_r6,objective
5,12,28,1,2,1,0.5,dots2024_A_r6,objective
5,12,29,2,2,0,1,dots2024_A_r6,objective
5,13,24,1,1,0,1,dots2024_A_r6,objective
5,13,28,1,1,0,1,dots2024_A_r6,objective
5,13,29,1,1,0,1,dots2024_A_r6,objective
5,14,29,0,1,1,0,dots2024_A_r6,objective
5,16,27,0,1,1,0,dots2024_A_r6,objective
5,16,29,1,1,0,1,dots2024_A_r6,objective
5,17,27,2,2,0,1,dots2024_A_r6,objective
5,17,29,1,1,0,1,dots2024_A_r6,objective
