h,item_i,item_j,wins,count,losses,win_rate,dataset,reference
1,0,3,101,189,88,0.534391534391534,sushi_b,full_data
1,0,4,150,294,144,0.510204081632653,sushi_b,full_data
1,0,5,31,46,15,0.673913043478261,sushi_b,full_data
1,0,7,17,21,4,0.80952380952381,sushi_b,full_data
1,0,10,116,199,83,0.582914572864322,sushi_b,full_data
1,0,12,6,6,0,1,sushi_b,full_data
1,0,14,15,26,11,0.576923076923077,sushi_b,full_data
1,0,16,5,6,1,0.833333333333333,sushi_b,full_data
1,0,18,4,4,0,1,sushi_b,full_data
1,0,21,37,67,30,0.552238805970149,sushi_b,full_data
1,0,22,107,207,100,0.516908212560386,sushi_b,full_data
1,0,25,22,34,12,0.647058823529412,sushi_b,full_data
1,0,26,120,225,105,0.533333333333333,sushi_b,full_data
1,0,27,36,71,35,0.507042253521127,sushi_b,full_data
1,0,29,0,1,1,0,sushi_b,full_data
1,0,30,1,1,0,1,sushi_b,full_data
1,0,31,16,23,7,0.695652173913043,sushi_b,full_data
1,0,32,2,5,3,0.4,sushi_b,full_data
1,0,34,5,11,6,0.454545454545455,sushi_b,full_data
1,0,35,0,1,1,0,sushi_b,full_data
1,0,36,23,37,14,0.621621621621622,sushi_b,full_data
1,0,39,3,4,1,0.75,sushi_b,full_data
1,0,43,1,1,0,1,sushi_b,full_data
1,0,44,2,2,0,1,sushi_b,full_data
1,0,45,6,9,3,0.666666666666667,sushi_b,full_data
1,0,46,2,3,1,0.666666666666667,sushi_b,full_data
1,0,54,3,4,1,0.75,sushi_b,full_data
1,0,55,1,1,0,1,sushi_b,full_data
1,0,57,10,13,3,0.769230769230769,sushi_b,full_data
1,0,58,1,1,0,1,sushi_b,full_data
1,0,65,2,2,0,1,sushi_b,full_data
1,0,73,3,4,1,0.75,sushi_b,full_data
1,0,76,10,15,5,0.666666666666667,sushi_b,full_data
1,0,88,2,3,1,0.666666666666667,sushi_b,full_data
1,0,95,1,3,2,0.333333333333333,sushi_b,full_data
1,0,96,5,7,2,0.714285714285714,sushi_b,full_data
1,1,0,215,423,208,0.508274231678487,sushi_b,full_data
1,1,3,63,117,54,0.538461538461538,sushi_b,full_data
1,1,4,88,179,91,0.491620111731844,sushi_b,full_data
1,1,5,20,35,15,0.571428571428571,sushi_b,full_data
1,1,7,6,8,2,0.75,sushi_b,full_data
1,1,10,69,127,58,0.543307086614173,sushi_b,full_data
1,1,14,8,11,3,0.727272727272727,sushi_b,full_data
1,1,18,3,5,2,0.6,sushi_b,full_data
1,1,21,20,29,9,0.689655172413793,sushi_b,full_data
1,1,22,70,133,63,0.526315789473684,sushi_b,full_data
1,1,23,1,2,1,0.5,sushi_b,full_data
1,1,25,15,29,14,0.517241379310345,sushi_b,full_data
1,1,26,76,154,78,0.493506493506494,sushi_b,full_data
1,1,27,26,45,19,0.577777777777778,sushi_b,full_data
1,1,30,2,2,0,1,sushi_b,full_data
1,1,31,14,23,9,0.608695652173913,sushi_b,full_data
1,1,34,3,8,5,0.375,sushi_b,full_data
1,1,36,15,27,12,0.555555555555556,sushi_b,full_data
1,1,39,3,3,0,1,sushi_b,full_data
1,1,41,83,145,62,0.572413793103448,sushi_b,full_data
1,1,43,0,2,2,0,sushi_b,full_data
1,1,45,2,3,1,0.666666666666667,sushi_b,full_data
1,1,46,1,1,0,1,sushi_b,full_data
1,1,50,1,1,0,1,sushi_b,full_data
1,1,57,0,2,2,0,sushi_b,full_data
1,1,65,0,1,1,0,sushi_b,full_data
1,1,73,3,5,2,0.6,sushi_b,full_data
1,1,76,4,8,4,0.5,sushi_b,full_data
1,1,88,2,3,1,0.666666666666667,sushi_b,full_data
1,1,96,2,4,2,0.5,sushi_b,full_data
1,2,0,50,75,25,0.666666666666667,sushi_b,full_data
1,2,1,81,148,67,0.547297297297297,sushi_b,full_data
1,2,3,15,23,8,0.652173913043478,sushi_b,full_data
1,2,4,17,45,28,0.377777777777778,sushi_b,full_data
1,2,5,4,4,0,1,sushi_b,full_data
1,2,6,160,274,114,0.583941605839416,sushi_b,full_data
1,2,7,1,1,0,1,sushi_b,full_data
1,2,10,21,30,9,0.7,sushi_b,full_data
1,2,11,124,200,76,0.62,sushi_b,full_data
1,2,12,1,1,0,1,sushi_b,full_data
1,2,13,174,279,105,0.623655913978495,sushi_b,full_data
1,2,20,58,104,46,0.557692307692308,sushi_b,full_data
1,2,21,4,7,3,0.571428571428571,sushi_b,full_data
1,2,22,16,28,12,0.571428571428571,sushi_b,full_data
1,2,25,4,5,1,0.8,sushi_b,full_data
1,2,26,20,24,4,0.833333333333333,sushi_b,full_data
1,2,27,7,9,2,0.777777777777778,sushi_b,full_data
1,2,31,2,3,1,0.666666666666667,sushi_b,full_data
1,2,32,0,1,1,0,sushi_b,full_data
1,2,34,1,1,0,1,sushi_b,full_data
1,2,36,3,3,0,1,sushi_b,full_data
1,2,41,12,21,9,0.571428571428571,sushi_b,full_data
1,2,44,0,1,1,0,sushi_b,full_data
1,2,45,1,1,0,1,sushi_b,full_data
1,2,53,43,75,32,0.573333333333333,sushi_b,full_data
1,2,57,2,4,2,0.5,sushi_b,full_data
1,2,73,1,1,0,1,sushi_b,full_data
1,2,76,1,1,0,1,sushi_b,full_data
1,2,79,20,36,16,0.555555555555556,sushi_b,full_data
1,2,88,0,1,1,0,sushi_b,full_data
1,3,5,93,151,58,0.615894039735099,sushi_b,full_data
1,3,7,48,79,31,0.607594936708861,sushi_b,full_data
1,3,12,10,23,13,0.434782608695652,sushi_b,full_data
1,3,14,50,79,29,0.632911392405063,sushi_b,full_data
1,3,16,6,8,2,0.75,sushi_b,full_data
1,3,18,11,20,9,0.55,sushi_b,full_data
1,3,21,107,197,90,0.543147208121827,sushi_b,full_data
1,3,23,1,1,0,1,sushi_b,full_data
1,3,25,77,146,69,0.527397260273973,sushi_b,full_data
1,3,27,106,205,99,0.517073170731707,sushi_b,full_data
1,3,28,1,1,0,1,sushi_b,full_data
1,3,30,5,8,3,0.625,sushi_b,full_data
1,3,31,41,73,32,0.561643835616438,sushi_b,full_data
1,3,32,9,13,4,0.692307692307692,sushi_b,full_data
1,3,33,0,2,2,0,sushi_b,full_data
1,3,34,28,44,16,0.636363636363636,sushi_b,full_data
1,3,35,1,1,0,1,sushi_b,full_data
1,3,36,56,114,58,0.491228070175439,sushi_b,full_data
1,3,38,6,7,1,0.857142857142857,sushi_b,full_data
1,3,39,10,14,4,0.714285714285714,sushi_b,full_data
1,3,40,1,1,0,1,sushi_b,full_data
1,3,43,17,26,9,0.653846153846154,sushi_b,full_data
1,3,44,11,14,3,0.785714285714286,sushi_b,full_data
1,3,45,18,28,10,0.642857142857143,sushi_b,full_data
1,3,46,5,10,5,0.5,sushi_b,full_data
1,3,48,3,3,0,1,sushi_b,full_data
1,3,50,3,5,2,0.6,sushi_b,full_data
1,3,51,4,4,0,1,sushi_b,full_data
1,3,54,2,4,2,0.5,sushi_b,full_data
1,3,55,1,2,1,0.5,sushi_b,full_data
1,3,57,25,44,19,0.568181818181818,sushi_b,full_data
1,3,58,0,1,1,0,sushi_b,full_data
1,3,62,6,9,3,0.666666666666667,sushi_b,full_data
1,3,63,1,3,2,0.333333333333333,sushi_b,full_data
1,3,65,5,10,5,0.5,sushi_b,full_data
1,3,67,1,2,1,0.5,sushi_b,full_data
1,3,70,0,1,1,0,sushi_b,full_data
1,3,71,4,4,0,1,sushi_b,full_data
1,3,72,1,1,0,1,sushi_b,full_data
1,3,73,12,29,17,0.413793103448276,sushi_b,full_data
1,3,76,12,26,14,0.461538461538462,sushi_b,full_data
1,3,87,1,1,0,1,sushi_b,full_data
1,3,88,10,20,10,0.5,sushi_b,full_data
1,3,91,1,1,0,1,sushi_b,full_data
1,3,95,4,5,1,0.8,sushi_b,full_data
1,3,96,11,17,6,0.647058823529412,sushi_b,full_data
1,4,3,157,309,152,0.508090614886731,sushi_b,full_data
1,4,5,47,105,58,0.447619047619048,sushi_b,full_data
1,4,7,16,30,14,0.533333333333333,sushi_b,full_data
1,4,10,165,318,153,0.518867924528302,sushi_b,full_data
1,4,12,7,9,2,0.777777777777778,sushi_b,full_data
1,4,14,20,39,19,0.512820512820513,sushi_b,full_data
1,4,16,1,1,0,1,sushi_b,full_data
1,4,18,8,10,2,0.8,sushi_b,full_data
1,4,21,46,104,58,0.442307692307692,sushi_b,full_data
1,4,25,45,71,26,0.633802816901408,sushi_b,full_data
1,4,27,61,111,50,0.54954954954955,sushi_b,full_data
1,4,30,2,3,1,0.666666666666667,sushi_b,full_data
1,4,31,31,58,27,0.53448275862069,sushi_b,full_data
1,4,32,1,3,2,0.333333333333333,sushi_b,full_data
1,4,33,1,1,0,1,sushi_b,full_data
1,4,34,16,28,12,0.571428571428571,sushi_b,full_data
1,4,36,35,60,25,0.583333333333333,sushi_b,full_data
1,4,38,0,3,3,0,sushi_b,full_data
1,4,39,7,11,4,0.636363636363636,sushi_b,full_data
1,4,43,3,5,2,0.6,sushi_b,full_data
1,4,44,2,3,1,0.666666666666667,sushi_b,full_data
1,4,45,13,18,5,0.722222222222222,sushi_b,full_data
1,4,46,2,7,5,0.285714285714286,sushi_b,full_data
1,4,50,0,1,1,0,sushi_b,full_data
1,4,54,0,2,2,0,sushi_b,full_data
1,4,57,6,14,8,0.428571428571429,sushi_b,full_data
1,4,62,2,7,5,0.285714285714286,sushi_b,full_data
1,4,63,2,2,0,1,sushi_b,full_data
1,4,65,2,4,2,0.5,sushi_b,full_data
1,4,71,1,1,0,1,sushi_b,full_data
1,4,72,0,1,1,0,sushi_b,full_data
1,4,73,8,12,4,0.666666666666667,sushi_b,full_data
1,4,76,9,16,7,0.5625,sushi_b,full_data
1,4,82,0,1,1,0,sushi_b,full_data
1,4,87,1,1,0,1,sushi_b,full_data
1,4,88,3,7,4,0.428571428571429,sushi_b,full_data
1,4,96,3,4,1,0.75,sushi_b,full_data
1,5,7,136,232,96,0.586206896551724,sushi_b,full_data
1,5,12,47,88,41,0.534090909090909,sushi_b,full_data
1,5,14,125,251,126,0.49800796812749,sushi_b,full_data
1,5,16,18,27,9,0.666666666666667,sushi_b,full_data
1,5,17,3,5,2,0.6,sushi_b,full_data
1,5,18,41,78,37,0.525641025641026,sushi_b,full_data
1,5,23,9,13,4,0.692307692307692,sushi_b,full_data
1,5,24,3,6,3,0.5,sushi_b,full_data
1,5,28,8,8,0,1,sushi_b,full_data
1,5,29,2,3,1,0.666666666666667,sushi_b,full_data
1,5,30,19,25,6,0.76,sushi_b,full_data
1,5,32,33,55,22,0.6,sushi_b,full_data
1,5,33,9,13,4,0.692307692307692,sushi_b,full_data
1,5,34,74,150,76,0.493333333333333,sushi_b,full_data
1,5,35,1,4,3,0.25,sushi_b,full_data
1,5,38,10,26,16,0.384615384615385,sushi_b,full_data
1,5,39,36,55,19,0.654545454545455,sushi_b,full_data
1,5,42,0,1,1,0,sushi_b,full_data
1,5,43,34,63,29,0.53968253968254,sushi_b,full_data
1,5,44,17,29,12,0.586206896551724,sushi_b,full_data
1,5,45,52,85,33,0.611764705882353,sushi_b,full_data
1,5,46,17,34,17,0.5,sushi_b,full_data
1,5,48,3,4,1,0.75,sushi_b,full_data
1,5,49,2,2,0,1,sushi_b,full_data
1,5,50,8,12,4,0.666666666666667,sushi_b,full_data
1,5,51,18,19,1,0.947368421052632,sushi_b,full_data
1,5,52,1,1,0,1,sushi_b,full_data
1,5,54,17,27,10,0.62962962962963,sushi_b,full_data
1,5,55,2,2,0,1,sushi_b,full_data
1,5,56,1,1,0,1,sushi_b,full_data
1,5,58,2,2,0,1,sushi_b,full_data
1,5,59,2,2,0,1,sushi_b,full_data
1,5,62,21,37,16,0.567567567567568,sushi_b,full_data
1,5,63,8,10,2,0.8,sushi_b,full_data
1,5,65,12,20,8,0.6,sushi_b,full_data
1,5,66,3,5,2,0.6,sushi_b,full_data
1,5,67,4,4,0,1,sushi_b,full_data
1,5,68,2,2,0,1,sushi_b,full_data
1,5,70,1,3,2,0.333333333333333,sushi_b,full_data
1,5,71,1,8,7,0.125,sushi_b,full_data
1,5,72,6,10,4,0.6,sushi_b,full_data
1,5,75,2,3,1,0.666666666666667,sushi_b,full_data
1,5,77,0,1,1,0,sushi_b,full_data
1,5,78,1,1,0,1,sushi_b,full_data
1,5,82,0,1,1,0,sushi_b,full_data
1,5,84,1,1,0,1,sushi_b,full_data
1,5,87,1,2,1,0.5,sushi_b,full_data
1,5,95,6,11,5,0.545454545454545,sushi_b,full_data
1,5,98,2,2,0,1,sushi_b,full_data
1,5,99,1,2,1,0.5,sushi_b,full_data
1,6,0,103,192,89,0.536458333333333,sushi_b,full_data
1,6,1,135,255,120,0.529411764705882,sushi_b,full_data
1,6,3,20,35,15,0.571428571428571,sushi_b,full_data
1,6,4,53,102,49,0.519607843137255,sushi_b,full_data
1,6,5,9,13,4,0.692307692307692,sushi_b,full_data
1,6,7,0,3,3,0,sushi_b,full_data
1,6,10,21,46,25,0.456521739130435,sushi_b,full_data
1,6,11,154,300,146,0.513333333333333,sushi_b,full_data
1,6,14,5,7,2,0.714285714285714,sushi_b,full_data
1,6,20,110,204,94,0.53921568627451,sushi_b,full_data
1,6,21,6,14,8,0.428571428571429,sushi_b,full_data
1,6,22,22,54,32,0.407407407407407,sushi_b,full_data
1,6,25,4,5,1,0.8,sushi_b,full_data
1,6,26,36,63,27,0.571428571428571,sushi_b,full_data
1,6,27,12,17,5,0.705882352941177,sushi_b,full_data
1,6,31,6,9,3,0.666666666666667,sushi_b,full_data
1,6,34,2,3,1,0.666666666666667,sushi_b,full_data
1,6,36,4,8,4,0.5,sushi_b,full_data
1,6,38,2,2,0,1,sushi_b,full_data
1,6,39,1,1,0,1,sushi_b,full_data
1,6,41,31,68,37,0.455882352941176,sushi_b,full_data
1,6,45,1,1,0,1,sushi_b,full_data
1,6,57,1,1,0,1,sushi_b,full_data
1,6,62,1,1,0,1,sushi_b,full_data
1,6,73,1,3,2,0.333333333333333,sushi_b,full_data
1,6,76,2,3,1,0.666666666666667,sushi_b,full_data
1,6,88,1,2,1,0.5,sushi_b,full_data
1,7,12,95,169,74,0.562130177514793,sushi_b,full_data
1,7,16,53,87,34,0.609195402298851,sushi_b,full_data
1,7,17,6,8,2,0.75,sushi_b,full_data
1,7,18,85,156,71,0.544871794871795,sushi_b,full_data
1,7,23,26,48,22,0.541666666666667,sushi_b,full_data
1,7,24,5,11,6,0.454545454545455,sushi_b,full_data
1,7,28,6,16,10,0.375,sushi_b,full_data
1,7,29,10,15,5,0.666666666666667,sushi_b,full_data
1,7,30,35,46,11,0.760869565217391,sushi_b,full_data
1,7,32,48,80,32,0.6,sushi_b,full_data
1,7,33,15,22,7,0.681818181818182,sushi_b,full_data
1,7,35,9,16,7,0.5625,sushi_b,full_data
1,7,38,36,61,25,0.590163934426229,sushi_b,full_data
1,7,39,67,114,47,0.587719298245614,sushi_b,full_data
1,7,40,4,5,1,0.8,sushi_b,full_data
1,7,42,2,2,0,1,sushi_b,full_data
1,7,44,44,80,36,0.55,sushi_b,full_data
1,7,46,39,76,37,0.513157894736842,sushi_b,full_data
1,7,48,9,16,7,0.5625,sushi_b,full_data
1,7,49,4,5,1,0.8,sushi_b,full_data
1,7,50,23,41,18,0.560975609756098,sushi_b,full_data
1,7,51,12,21,9,0.571428571428571,sushi_b,full_data
1,7,52,1,1,0,1,sushi_b,full_data
1,7,54,30,54,24,0.555555555555556,sushi_b,full_data
1,7,55,6,9,3,0.666666666666667,sushi_b,full_data
1,7,56,2,2,0,1,sushi_b,full_data
1,7,58,6,10,4,0.6,sushi_b,full_data
1,7,60,1,1,0,1,sushi_b,full_data
1,7,63,10,21,11,0.476190476190476,sushi_b,full_data
1,7,64,1,1,0,1,sushi_b,full_data
1,7,65,15,29,14,0.517241379310345,sushi_b,full_data
1,7,66,4,9,5,0.444444444444444,sushi_b,full_data
1,7,67,1,3,2,0.333333333333333,sushi_b,full_data
1,7,68,1,4,3,0.25,sushi_b,full_data
1,7,69,1,2,1,0.5,sushi_b,full_data
1,7,70,3,7,4,0.428571428571429,sushi_b,full_data
1,7,71,14,32,18,0.4375,sushi_b,full_data
1,7,72,4,11,7,0.363636363636364,sushi_b,full_data
1,7,75,5,6,1,0.833333333333333,sushi_b,full_data
1,7,80,2,2,0,1,sushi_b,full_data
1,7,82,3,3,0,1,sushi_b,full_data
1,7,83,2,2,0,1,sushi_b,full_data
1,7,85,0,1,1,0,sushi_b,full_data
1,7,87,6,7,1,0.857142857142857,sushi_b,full_data
1,7,91,1,1,0,1,sushi_b,full_data
1,7,93,1,2,1,0.5,sushi_b,full_data
1,7,94,1,1,0,1,sushi_b,full_data
1,7,95,10,19,9,0.526315789473684,sushi_b,full_data
1,7,98,1,1,0,1,sushi_b,full_data
1,8,0,17,27,10,0.62962962962963,sushi_b,full_data
1,8,1,30,48,18,0.625,sushi_b,full_data
1,8,2,117,175,58,0.668571428571429,sushi_b,full_data
1,8,3,2,2,0,1,sushi_b,full_data
1,8,4,9,17,8,0.529411764705882,sushi_b,full_data
1,8,6,61,98,37,0.622448979591837,sushi_b,full_data
1,8,9,169,256,87,0.66015625,sushi_b,full_data
1,8,10,2,5,3,0.4,sushi_b,full_data
1,8,11,52,62,10,0.838709677419355,sushi_b,full_data
1,8,13,67,98,31,0.683673469387755,sushi_b,full_data
1,8,15,122,189,67,0.645502645502645,sushi_b,full_data
1,8,20,23,30,7,0.766666666666667,sushi_b,full_data
1,8,21,1,2,1,0.5,sushi_b,full_data
1,8,22,8,13,5,0.615384615384615,sushi_b,full_data
1,8,25,1,1,0,1,sushi_b,full_data
1,8,26,10,13,3,0.769230769230769,sushi_b,full_data
1,8,27,2,2,0,1,sushi_b,full_data
1,8,37,81,132,51,0.613636363636364,sushi_b,full_data
1,8,41,9,11,2,0.818181818181818,sushi_b,full_data
1,8,47,39,56,17,0.696428571428571,sushi_b,full_data
1,8,53,14,20,6,0.7,sushi_b,full_data
1,8,61,32,46,14,0.695652173913043,sushi_b,full_data
1,8,79,12,18,6,0.666666666666667,sushi_b,full_data
1,9,0,28,38,10,0.736842105263158,sushi_b,full_data
1,9,1,34,72,38,0.472222222222222,sushi_b,full_data
1,9,2,123,256,133,0.48046875,sushi_b,full_data
1,9,3,5,10,5,0.5,sushi_b,full_data
1,9,4,9,17,8,0.529411764705882,sushi_b,full_data
1,9,6,82,144,62,0.569444444444444,sushi_b,full_data
1,9,10,4,7,3,0.571428571428571,sushi_b,full_data
1,9,11,42,84,42,0.5,sushi_b,full_data
1,9,13,88,148,60,0.594594594594595,sushi_b,full_data
1,9,14,0,1,1,0,sushi_b,full_data
1,9,15,132,231,99,0.571428571428571,sushi_b,full_data
1,9,20,27,50,23,0.54,sushi_b,full_data
1,9,22,7,11,4,0.636363636363636,sushi_b,full_data
1,9,26,13,18,5,0.722222222222222,sushi_b,full_data
1,9,27,1,1,0,1,sushi_b,full_data
1,9,36,1,1,0,1,sushi_b,full_data
1,9,41,6,12,6,0.5,sushi_b,full_data
1,9,44,0,1,1,0,sushi_b,full_data
1,9,46,1,1,0,1,sushi_b,full_data
1,9,47,36,77,41,0.467532467532468,sushi_b,full_data
1,9,53,21,46,25,0.456521739130435,sushi_b,full_data
1,9,76,1,2,1,0.5,sushi_b,full_data
1,9,79,9,15,6,0.6,sushi_b,full_data
1,9,88,1,1,0,1,sushi_b,full_data
1,10,3,195,351,156,0.555555555555556,sushi_b,full_data
1,10,5,71,102,31,0.696078431372549,sushi_b,full_data
1,10,7,19,38,19,0.5,sushi_b,full_data
1,10,12,10,11,1,0.909090909090909,sushi_b,full_data
1,10,14,30,60,30,0.5,sushi_b,full_data
1,10,16,1,2,1,0.5,sushi_b,full_data
1,10,18,9,13,4,0.692307692307692,sushi_b,full_data
1,10,21,58,119,61,0.487394957983193,sushi_b,full_data
1,10,25,60,102,42,0.588235294117647,sushi_b,full_data
1,10,27,89,150,61,0.593333333333333,sushi_b,full_data
1,10,29,0,1,1,0,sushi_b,full_data
1,10,30,2,3,1,0.666666666666667,sushi_b,full_data
1,10,31,37,64,27,0.578125,sushi_b,full_data
1,10,32,5,9,4,0.555555555555556,sushi_b,full_data
1,10,34,18,33,15,0.545454545454545,sushi_b,full_data
1,10,35,1,2,1,0.5,sushi_b,full_data
1,10,36,42,72,30,0.583333333333333,sushi_b,full_data
1,10,38,3,5,2,0.6,sushi_b,full_data
1,10,39,9,14,5,0.642857142857143,sushi_b,full_data
1,10,43,5,7,2,0.714285714285714,sushi_b,full_data
1,10,44,9,9,0,1,sushi_b,full_data
1,10,45,8,14,6,0.571428571428571,sushi_b,full_data
1,10,46,4,5,1,0.8,sushi_b,full_data
1,10,49,0,1,1,0,sushi_b,full_data
1,10,50,3,3,0,1,sushi_b,full_data
1,10,51,1,1,0,1,sushi_b,full_data
1,10,54,1,4,3,0.25,sushi_b,full_data
1,10,55,1,1,0,1,sushi_b,full_data
1,10,57,16,30,14,0.533333333333333,sushi_b,full_data
1,10,62,4,6,2,0.666666666666667,sushi_b,full_data
1,10,63,2,3,1,0.666666666666667,sushi_b,full_data
1,10,65,3,3,0,1,sushi_b,full_data
1,10,67,1,1,0,1,sushi_b,full_data
1,10,71,1,2,1,0.5,sushi_b,full_data
1,10,73,18,24,6,0.75,sushi_b,full_data
1,10,76,9,17,8,0.529411764705882,sushi_b,full_data
1,10,88,4,7,3,0.571428571428571,sushi_b,full_data
1,10,95,1,1,0,1,sushi_b,full_data
1,10,96,5,7,2,0.714285714285714,sushi_b,full_data
1,11,0,113,194,81,0.582474226804124,sushi_b,full_data
1,11,1,144,288,144,0.5,sushi_b,full_data
1,11,3,26,44,18,0.590909090909091,sushi_b,full_data
1,11,4,54,99,45,0.545454545454545,sushi_b,full_data
1,11,5,8,11,3,0.727272727272727,sushi_b,full_data
1,11,7,0,3,3,0,sushi_b,full_data
1,11,10,37,70,33,0.528571428571429,sushi_b,full_data
1,11,14,4,5,1,0.8,sushi_b,full_data
1,11,18,1,2,1,0.5,sushi_b,full_data
1,11,20,113,207,94,0.545893719806763,sushi_b,full_data
1,11,21,13,23,10,0.565217391304348,sushi_b,full_data
1,11,22,39,68,29,0.573529411764706,sushi_b,full_data
1,11,25,4,7,3,0.571428571428571,sushi_b,full_data
1,11,26,38,66,28,0.575757575757576,sushi_b,full_data
1,11,27,11,21,10,0.523809523809524,sushi_b,full_data
1,11,29,1,1,0,1,sushi_b,full_data
1,11,31,9,10,1,0.9,sushi_b,full_data
1,11,32,1,1,0,1,sushi_b,full_data
1,11,34,0,1,1,0,sushi_b,full_data
1,11,36,8,10,2,0.8,sushi_b,full_data
1,11,38,1,1,0,1,sushi_b,full_data
1,11,39,2,2,0,1,sushi_b,full_data
1,11,41,32,61,29,0.524590163934426,sushi_b,full_data
1,11,43,3,4,1,0.75,sushi_b,full_data
1,11,44,0,1,1,0,sushi_b,full_data
1,11,45,1,3,2,0.333333333333333,sushi_b,full_data
1,11,57,3,4,1,0.75,sushi_b,full_data
1,11,62,1,2,1,0.5,sushi_b,full_data
1,11,73,1,1,0,1,sushi_b,full_data
1,11,76,1,2,1,0.5,sushi_b,full_data
1,11,96,1,1,0,1,sushi_b,full_data
1,12,16,92,156,64,0.58974358974359,sushi_b,full_data
1,12,17,14,21,7,0.666666666666667,sushi_b,full_data
1,12,23,54,91,37,0.593406593406593,sushi_b,full_data
1,12,24,30,48,18,0.625,sushi_b,full_data
1,12,28,24,38,14,0.631578947368421,sushi_b,full_data
1,12,29,21,42,21,0.5,sushi_b,full_data
1,12,30,70,130,60,0.538461538461538,sushi_b,full_data
1,12,33,37,68,31,0.544117647058823,sushi_b,full_data
1,12,35,17,37,20,0.459459459459459,sushi_b,full_data
1,12,38,70,118,48,0.593220338983051,sushi_b,full_data
1,12,40,7,10,3,0.7,sushi_b,full_data
1,12,42,6,9,3,0.666666666666667,sushi_b,full_data
1,12,48,19,32,13,0.59375,sushi_b,full_data
1,12,49,8,8,0,1,sushi_b,full_data
1,12,50,43,77,34,0.558441558441558,sushi_b,full_data
1,12,51,25,44,19,0.568181818181818,sushi_b,full_data
1,12,52,9,12,3,0.75,sushi_b,full_data
1,12,55,9,16,7,0.5625,sushi_b,full_data
1,12,56,6,8,2,0.75,sushi_b,full_data
1,12,58,9,16,7,0.5625,sushi_b,full_data
1,12,59,1,2,1,0.5,sushi_b,full_data
1,12,60,4,6,2,0.666666666666667,sushi_b,full_data
1,12,63,15,30,15,0.5,sushi_b,full_data
1,12,64,3,5,2,0.6,sushi_b,full_data
1,12,66,12,18,6,0.666666666666667,sushi_b,full_data
1,12,67,3,5,2,0.6,sushi_b,full_data
1,12,68,4,6,2,0.666666666666667,sushi_b,full_data
1,12,69,1,2,1,0.5,sushi_b,full_data
1,12,70,7,14,7,0.5,sushi_b,full_data
1,12,72,9,18,9,0.5,sushi_b,full_data
1,12,74,3,5,2,0.6,sushi_b,full_data
1,12,75,2,3,1,0.666666666666667,sushi_b,full_data
1,12,77,3,6,3,0.5,sushi_b,full_data
1,12,78,1,2,1,0.5,sushi_b,full_data
1,12,80,3,8,5,0.375,sushi_b,full_data
1,12,82,8,15,7,0.533333333333333,sushi_b,full_data
1,12,83,0,1,1,0,sushi_b,full_data
1,12,84,1,2,1,0.5,sushi_b,full_data
1,12,85,0,1,1,0,sushi_b,full_data
1,12,86,1,1,0,1,sushi_b,full_data
1,12,87,6,11,5,0.545454545454545,sushi_b,full_data
1,12,89,1,1,0,1,sushi_b,full_data
1,12,90,1,1,0,1,sushi_b,full_data
1,12,91,0,2,2,0,sushi_b,full_data
1,12,92,1,2,1,0.5,sushi_b,full_data
1,12,94,3,3,0,1,sushi_b,full_data
1,12,98,2,2,0,1,sushi_b,full_data
1,12,99,1,4,3,0.25,sushi_b,full_data
1,13,0,47,101,54,0.465346534653465,sushi_b,full_data
1,13,1,78,170,92,0.458823529411765,sushi_b,full_data
1,13,3,17,30,13,0.566666666666667,sushi_b,full_data
1,13,4,29,44,15,0.659090909090909,sushi_b,full_data
1,13,5,3,6,3,0.5,sushi_b,full_data
1,13,6,143,275,132,0.52,sushi_b,full_data
1,13,7,3,3,0,1,sushi_b,full_data
1,13,10,12,21,9,0.571428571428571,sushi_b,full_data
1,13,11,96,199,103,0.482412060301508,sushi_b,full_data
1,13,12,1,2,1,0.5,sushi_b,full_data
1,13,14,0,1,1,0,sushi_b,full_data
1,13,20,60,115,55,0.521739130434783,sushi_b,full_data
1,13,21,7,9,2,0.777777777777778,sushi_b,full_data
1,13,22,13,33,20,0.393939393939394,sushi_b,full_data
1,13,25,2,4,2,0.5,sushi_b,full_data
1,13,26,22,44,22,0.5,sushi_b,full_data
1,13,27,9,16,7,0.5625,sushi_b,full_data
1,13,31,2,3,1,0.666666666666667,sushi_b,full_data
1,13,36,5,7,2,0.714285714285714,sushi_b,full_data
1,13,41,17,32,15,0.53125,sushi_b,full_data
1,13,45,0,1,1,0,sushi_b,full_data
1,13,46,0,1,1,0,sushi_b,full_data
1,13,57,1,1,0,1,sushi_b,full_data
1,14,7,122,250,128,0.488,sushi_b,full_data
1,14,12,50,76,26,0.657894736842105,sushi_b,full_data
1,14,16,23,46,23,0.5,sushi_b,full_data
1,14,17,4,4,0,1,sushi_b,full_data
1,14,18,45,92,47,0.489130434782609,sushi_b,full_data
1,14,23,17,24,7,0.708333333333333,sushi_b,full_data
1,14,24,5,10,5,0.5,sushi_b,full_data
1,14,28,6,8,2,0.75,sushi_b,full_data
1,14,29,7,14,7,0.5,sushi_b,full_data
1,14,30,26,42,16,0.619047619047619,sushi_b,full_data
1,14,32,31,57,26,0.543859649122807,sushi_b,full_data
1,14,33,9,16,7,0.5625,sushi_b,full_data
1,14,35,10,11,1,0.909090909090909,sushi_b,full_data
1,14,38,16,28,12,0.571428571428571,sushi_b,full_data
1,14,39,31,55,24,0.563636363636364,sushi_b,full_data
1,14,40,0,3,3,0,sushi_b,full_data
1,14,42,0,2,2,0,sushi_b,full_data
1,14,43,41,67,26,0.611940298507463,sushi_b,full_data
1,14,44,22,37,15,0.594594594594595,sushi_b,full_data
1,14,46,29,48,19,0.604166666666667,sushi_b,full_data
1,14,48,2,3,1,0.666666666666667,sushi_b,full_data
1,14,49,1,1,0,1,sushi_b,full_data
1,14,50,11,19,8,0.578947368421053,sushi_b,full_data
1,14,51,6,8,2,0.75,sushi_b,full_data
1,14,54,18,26,8,0.692307692307692,sushi_b,full_data
1,14,55,5,9,4,0.555555555555556,sushi_b,full_data
1,14,58,4,4,0,1,sushi_b,full_data
1,14,60,1,1,0,1,sushi_b,full_data
1,14,62,27,42,15,0.642857142857143,sushi_b,full_data
1,14,63,5,9,4,0.555555555555556,sushi_b,full_data
1,14,64,2,2,0,1,sushi_b,full_data
1,14,65,17,34,17,0.5,sushi_b,full_data
1,14,66,3,4,1,0.75,sushi_b,full_data
1,14,67,3,4,1,0.75,sushi_b,full_data
1,14,69,1,2,1,0.5,sushi_b,full_data
1,14,70,0,3,3,0,sushi_b,full_data
1,14,71,8,13,5,0.615384615384615,sushi_b,full_data
1,14,72,5,7,2,0.714285714285714,sushi_b,full_data
1,14,74,2,4,2,0.5,sushi_b,full_data
1,14,77,1,1,0,1,sushi_b,full_data
1,14,78,1,1,0,1,sushi_b,full_data
1,14,82,3,4,1,0.75,sushi_b,full_data
1,14,84,0,1,1,0,sushi_b,full_data
1,14,87,1,2,1,0.5,sushi_b,full_data
1,14,94,1,1,0,1,sushi_b,full_data
1,14,95,3,9,6,0.333333333333333,sushi_b,full_data
1,14,99,1,1,0,1,sushi_b,full_data
1,15,0,22,41,19,0.536585365853659,sushi_b,full_data
1,15,1,47,86,39,0.546511627906977,sushi_b,full_data
1,15,2,133,253,120,0.525691699604743,sushi_b,full_data
1,15,3,6,12,6,0.5,sushi_b,full_data
1,15,4,17,25,8,0.68,sushi_b,full_data
1,15,5,2,2,0,1,sushi_b,full_data
1,15,6,89,159,70,0.559748427672956,sushi_b,full_data
1,15,10,5,7,2,0.714285714285714,sushi_b,full_data
1,15,11,41,89,48,0.460674157303371,sushi_b,full_data
1,15,13,77,147,70,0.523809523809524,sushi_b,full_data
1,15,20,33,52,19,0.634615384615385,sushi_b,full_data
1,15,21,6,7,1,0.857142857142857,sushi_b,full_data
1,15,22,10,18,8,0.555555555555556,sushi_b,full_data
1,15,26,12,21,9,0.571428571428571,sushi_b,full_data
1,15,27,2,2,0,1,sushi_b,full_data
1,15,31,1,2,1,0.5,sushi_b,full_data
1,15,36,1,1,0,1,sushi_b,full_data
1,15,41,13,22,9,0.590909090909091,sushi_b,full_data
1,15,47,40,69,29,0.579710144927536,sushi_b,full_data
1,15,53,21,43,22,0.488372093023256,sushi_b,full_data
1,15,79,9,19,10,0.473684210526316,sushi_b,full_data
1,16,17,16,30,14,0.533333333333333,sushi_b,full_data
1,16,23,65,126,61,0.515873015873016,sushi_b,full_data
1,16,24,29,65,36,0.446153846153846,sushi_b,full_data
1,16,28,22,47,25,0.468085106382979,sushi_b,full_data
1,16,29,17,54,37,0.314814814814815,sushi_b,full_data
1,16,33,51,98,47,0.520408163265306,sushi_b,full_data
1,16,35,29,59,30,0.491525423728814,sushi_b,full_data
1,16,40,12,19,7,0.631578947368421,sushi_b,full_data
1,16,42,6,8,2,0.75,sushi_b,full_data
1,16,48,19,40,21,0.475,sushi_b,full_data
1,16,49,16,22,6,0.727272727272727,sushi_b,full_data
1,16,51,35,73,38,0.479452054794521,sushi_b,full_data
1,16,52,13,24,11,0.541666666666667,sushi_b,full_data
1,16,55,14,20,6,0.7,sushi_b,full_data
1,16,56,7,11,4,0.636363636363636,sushi_b,full_data
1,16,58,10,23,13,0.434782608695652,sushi_b,full_data
1,16,59,2,3,1,0.666666666666667,sushi_b,full_data
1,16,60,3,7,4,0.428571428571429,sushi_b,full_data
1,16,64,6,10,4,0.6,sushi_b,full_data
1,16,66,14,26,12,0.538461538461538,sushi_b,full_data
1,16,67,9,16,7,0.5625,sushi_b,full_data
1,16,68,3,6,3,0.5,sushi_b,full_data
1,16,69,4,5,1,0.8,sushi_b,full_data
1,16,70,15,22,7,0.681818181818182,sushi_b,full_data
1,16,72,15,28,13,0.535714285714286,sushi_b,full_data
1,16,74,5,9,4,0.555555555555556,sushi_b,full_data
1,16,75,8,14,6,0.571428571428571,sushi_b,full_data
1,16,77,3,5,2,0.6,sushi_b,full_data
1,16,78,1,3,2,0.333333333333333,sushi_b,full_data
1,16,80,2,5,3,0.4,sushi_b,full_data
1,16,82,8,14,6,0.571428571428571,sushi_b,full_data
1,16,83,0,1,1,0,sushi_b,full_data
1,16,84,0,1,1,0,sushi_b,full_data
1,16,85,0,1,1,0,sushi_b,full_data
1,16,86,1,2,1,0.5,sushi_b,full_data
1,16,87,8,15,7,0.533333333333333,sushi_b,full_data
1,16,89,1,1,0,1,sushi_b,full_data
1,16,90,2,2,0,1,sushi_b,full_data
1,16,91,4,8,4,0.5,sushi_b,full_data
1,16,92,0,1,1,0,sushi_b,full_data
1,16,93,0,1,1,0,sushi_b,full_data
1,16,94,1,4,3,0.25,sushi_b,full_data
1,16,97,1,1,0,1,sushi_b,full_data
1,16,98,4,4,0,1,sushi_b,full_data
1,16,99,1,2,1,0.5,sushi_b,full_data
1,17,59,21,34,13,0.617647058823529,sushi_b,full_data
1,17,78,18,27,9,0.666666666666667,sushi_b,full_data
1,17,81,7,10,3,0.7,sushi_b,full_data
1,17,85,5,9,4,0.555555555555556,sushi_b,full_data
1,17,89,9,15,6,0.6,sushi_b,full_data
1,17,90,2,7,5,0.285714285714286,sushi_b,full_data
1,17,92,9,17,8,0.529411764705882,sushi_b,full_data
1,17,93,9,10,1,0.9,sushi_b,full_data
1,17,94,9,14,5,0.642857142857143,sushi_b,full_data
1,17,97,14,15,1,0.933333333333333,sushi_b,full_data
1,18,12,120,219,99,0.547945205479452,sushi_b,full_data
1,18,16,57,109,52,0.522935779816514,sushi_b,full_data
1,18,17,8,17,9,0.470588235294118,sushi_b,full_data
1,18,23,37,58,21,0.637931034482759,sushi_b,full_data
1,18,24,10,25,15,0.4,sushi_b,full_data
1,18,28,4,14,10,0.285714285714286,sushi_b,full_data
1,18,29,18,26,8,0.692307692307692,sushi_b,full_data
1,18,30,47,77,30,0.61038961038961,sushi_b,full_data
1,18,33,21,36,15,0.583333333333333,sushi_b,full_data
1,18,35,18,27,9,0.666666666666667,sushi_b,full_data
1,18,38,41,77,36,0.532467532467532,sushi_b,full_data
1,18,40,3,6,3,0.5,sushi_b,full_data
1,18,42,3,6,3,0.5,sushi_b,full_data
1,18,48,8,21,13,0.380952380952381,sushi_b,full_data
1,18,49,6,8,2,0.75,sushi_b,full_data
1,18,50,19,34,15,0.558823529411765,sushi_b,full_data
1,18,51,19,30,11,0.633333333333333,sushi_b,full_data
1,18,52,2,2,0,1,sushi_b,full_data
1,18,55,7,9,2,0.777777777777778,sushi_b,full_data
1,18,56,5,6,1,0.833333333333333,sushi_b,full_data
1,18,58,6,7,1,0.857142857142857,sushi_b,full_data
1,18,60,1,3,2,0.333333333333333,sushi_b,full_data
1,18,63,7,24,17,0.291666666666667,sushi_b,full_data
1,18,64,2,2,0,1,sushi_b,full_data
1,18,66,8,9,1,0.888888888888889,sushi_b,full_data
1,18,67,2,4,2,0.5,sushi_b,full_data
1,18,68,0,2,2,0,sushi_b,full_data
1,18,70,0,6,6,0,sushi_b,full_data
1,18,71,17,25,8,0.68,sushi_b,full_data
1,18,72,9,19,10,0.473684210526316,sushi_b,full_data
1,18,74,2,4,2,0.5,sushi_b,full_data
1,18,75,1,3,2,0.333333333333333,sushi_b,full_data
1,18,77,1,3,2,0.333333333333333,sushi_b,full_data
1,18,80,1,1,0,1,sushi_b,full_data
1,18,82,2,6,4,0.333333333333333,sushi_b,full_data
1,18,84,0,2,2,0,sushi_b,full_data
1,18,87,4,5,1,0.8,sushi_b,full_data
1,18,90,0,1,1,0,sushi_b,full_data
1,18,91,2,3,1,0.666666666666667,sushi_b,full_data
1,18,94,1,1,0,1,sushi_b,full_data
1,18,97,2,2,0,1,sushi_b,full_data
1,18,98,0,1,1,0,sushi_b,full_data
1,18,99,2,4,2,0.5,sushi_b,full_data
1,19,0,13,17,4,0.764705882352941,sushi_b,full_data
1,19,1,18,28,10,0.642857142857143,sushi_b,full_data
1,19,2,74,106,32,0.69811320754717,sushi_b,full_data
1,19,3,2,3,1,0.666666666666667,sushi_b,full_data
1,19,4,0,4,4,0,sushi_b,full_data
1,19,6,36,53,17,0.679245283018868,sushi_b,full_data
1,19,8,124,242,118,0.512396694214876,sushi_b,full_data
1,19,9,95,153,58,0.620915032679739,sushi_b,full_data
1,19,10,3,3,0,1,sushi_b,full_data
1,19,11,21,27,6,0.777777777777778,sushi_b,full_data
1,19,13,41,51,10,0.803921568627451,sushi_b,full_data
1,19,15,63,94,31,0.670212765957447,sushi_b,full_data
1,19,20,17,21,4,0.80952380952381,sushi_b,full_data
1,19,22,3,6,3,0.5,sushi_b,full_data
1,19,25,1,1,0,1,sushi_b,full_data
1,19,26,4,5,1,0.8,sushi_b,full_data
1,19,36,0,1,1,0,sushi_b,full_data
1,19,37,37,61,24,0.60655737704918,sushi_b,full_data
1,19,41,3,5,2,0.6,sushi_b,full_data
1,19,47,18,23,5,0.782608695652174,sushi_b,full_data
1,19,53,11,17,6,0.647058823529412,sushi_b,full_data
1,19,61,19,27,8,0.703703703703704,sushi_b,full_data
1,19,79,7,9,2,0.777777777777778,sushi_b,full_data
1,20,0,89,190,101,0.468421052631579,sushi_b,full_data
1,20,1,142,255,113,0.556862745098039,sushi_b,full_data
1,20,3,26,38,12,0.684210526315789,sushi_b,full_data
1,20,4,45,86,41,0.523255813953488,sushi_b,full_data
1,20,5,14,22,8,0.636363636363636,sushi_b,full_data
1,20,7,0,4,4,0,sushi_b,full_data
1,20,10,34,73,39,0.465753424657534,sushi_b,full_data
1,20,14,5,5,0,1,sushi_b,full_data
1,20,16,0,1,1,0,sushi_b,full_data
1,20,18,0,1,1,0,sushi_b,full_data
1,20,21,7,16,9,0.4375,sushi_b,full_data
1,20,22,34,55,21,0.618181818181818,sushi_b,full_data
1,20,25,5,11,6,0.454545454545455,sushi_b,full_data
1,20,26,37,70,33,0.528571428571429,sushi_b,full_data
1,20,27,9,23,14,0.391304347826087,sushi_b,full_data
1,20,31,3,7,4,0.428571428571429,sushi_b,full_data
1,20,32,0,1,1,0,sushi_b,full_data
1,20,36,4,11,7,0.363636363636364,sushi_b,full_data
1,20,41,23,55,32,0.418181818181818,sushi_b,full_data
1,20,44,1,1,0,1,sushi_b,full_data
1,20,54,1,2,1,0.5,sushi_b,full_data
1,20,57,1,1,0,1,sushi_b,full_data
1,20,62,2,2,0,1,sushi_b,full_data
1,20,73,3,3,0,1,sushi_b,full_data
1,20,76,0,2,2,0,sushi_b,full_data
1,20,95,0,1,1,0,sushi_b,full_data
1,20,96,1,3,2,0.333333333333333,sushi_b,full_data
1,21,5,97,181,84,0.535911602209945,sushi_b,full_data
1,21,7,40,76,36,0.526315789473684,sushi_b,full_data
1,21,12,19,29,10,0.655172413793103,sushi_b,full_data
1,21,14,52,87,35,0.597701149425287,sushi_b,full_data
1,21,16,3,8,5,0.375,sushi_b,full_data
1,21,18,19,30,11,0.633333333333333,sushi_b,full_data
1,21,23,5,7,2,0.714285714285714,sushi_b,full_data
1,21,24,2,2,0,1,sushi_b,full_data
1,21,25,79,144,65,0.548611111111111,sushi_b,full_data
1,21,29,2,3,1,0.666666666666667,sushi_b,full_data
1,21,30,7,10,3,0.7,sushi_b,full_data
1,21,31,40,78,38,0.512820512820513,sushi_b,full_data
1,21,32,19,27,8,0.703703703703704,sushi_b,full_data
1,21,33,4,4,0,1,sushi_b,full_data
1,21,34,29,45,16,0.644444444444444,sushi_b,full_data
1,21,35,2,2,0,1,sushi_b,full_data
1,21,38,4,8,4,0.5,sushi_b,full_data
1,21,39,11,14,3,0.785714285714286,sushi_b,full_data
1,21,43,7,16,9,0.4375,sushi_b,full_data
1,21,44,7,9,2,0.777777777777778,sushi_b,full_data
1,21,45,23,36,13,0.638888888888889,sushi_b,full_data
1,21,46,8,9,1,0.888888888888889,sushi_b,full_data
1,21,48,1,2,1,0.5,sushi_b,full_data
1,21,50,3,5,2,0.6,sushi_b,full_data
1,21,51,4,4,0,1,sushi_b,full_data
1,21,52,1,1,0,1,sushi_b,full_data
1,21,54,4,8,4,0.5,sushi_b,full_data
1,21,55,1,2,1,0.5,sushi_b,full_data
1,21,57,21,36,15,0.583333333333333,sushi_b,full_data
1,21,58,1,2,1,0.5,sushi_b,full_data
1,21,62,13,18,5,0.722222222222222,sushi_b,full_data
1,21,63,4,4,0,1,sushi_b,full_data
1,21,65,1,2,1,0.5,sushi_b,full_data
1,21,66,1,1,0,1,sushi_b,full_data
1,21,70,0,1,1,0,sushi_b,full_data
1,21,71,2,2,0,1,sushi_b,full_data
1,21,72,1,1,0,1,sushi_b,full_data
1,21,80,0,1,1,0,sushi_b,full_data
1,21,82,1,1,0,1,sushi_b,full_data
1,21,87,0,1,1,0,sushi_b,full_data
1,21,88,7,12,5,0.583333333333333,sushi_b,full_data
1,21,95,2,3,1,0.666666666666667,sushi_b,full_data
1,21,96,11,12,1,0.916666666666667,sushi_b,full_data
1,22,3,76,129,53,0.589147286821705,sushi_b,full_data
1,22,4,101,191,90,0.528795811518325,sushi_b,full_data
1,22,5,29,43,14,0.674418604651163,sushi_b,full_data
1,22,7,8,13,5,0.615384615384615,sushi_b,full_data
1,22,10,100,190,90,0.526315789473684,sushi_b,full_data
1,22,12,6,7,1,0.857142857142857,sushi_b,full_data
1,22,14,10,23,13,0.434782608695652,sushi_b,full_data
1,22,16,2,2,0,1,sushi_b,full_data
1,22,18,1,1,0,1,sushi_b,full_data
1,22,21,22,45,23,0.488888888888889,sushi_b,full_data
1,22,23,1,1,0,1,sushi_b,full_data
1,22,25,32,44,12,0.727272727272727,sushi_b,full_data
1,22,27,26,48,22,0.541666666666667,sushi_b,full_data
1,22,28,1,1,0,1,sushi_b,full_data
1,22,29,1,1,0,1,sushi_b,full_data
1,22,30,3,4,1,0.75,sushi_b,full_data
1,22,31,10,15,5,0.666666666666667,sushi_b,full_data
1,22,32,2,5,3,0.4,sushi_b,full_data
1,22,34,8,13,5,0.615384615384615,sushi_b,full_data
1,22,36,19,33,14,0.575757575757576,sushi_b,full_data
1,22,38,1,2,1,0.5,sushi_b,full_data
1,22,39,5,5,0,1,sushi_b,full_data
1,22,43,2,5,3,0.4,sushi_b,full_data
1,22,44,1,1,0,1,sushi_b,full_data
1,22,45,5,8,3,0.625,sushi_b,full_data
1,22,46,2,5,3,0.4,sushi_b,full_data
1,22,54,1,1,0,1,sushi_b,full_data
1,22,57,6,10,4,0.6,sushi_b,full_data
1,22,62,2,2,0,1,sushi_b,full_data
1,22,65,2,2,0,1,sushi_b,full_data
1,22,70,1,1,0,1,sushi_b,full_data
1,22,71,0,1,1,0,sushi_b,full_data
1,22,73,4,10,6,0.4,sushi_b,full_data
1,22,76,4,5,1,0.8,sushi_b,full_data
1,22,88,1,1,0,1,sushi_b,full_data
1,23,17,26,41,15,0.634146341463415,sushi_b,full_data
1,23,24,44,95,51,0.463157894736842,sushi_b,full_data
1,23,28,29,48,19,0.604166666666667,sushi_b,full_data
1,23,29,39,76,37,0.513157894736842,sushi_b,full_data
1,23,35,39,80,41,0.4875,sushi_b,full_data
1,23,40,7,14,7,0.5,sushi_b,full_data
1,23,42,16,24,8,0.666666666666667,sushi_b,full_data
1,23,48,37,61,24,0.60655737704918,sushi_b,full_data
1,23,49,20,31,11,0.645161290322581,sushi_b,full_data
1,23,52,7,13,6,0.538461538461538,sushi_b,full_data
1,23,55,22,35,13,0.628571428571429,sushi_b,full_data
1,23,56,7,7,0,1,sushi_b,full_data
1,23,58,15,27,12,0.555555555555556,sushi_b,full_data
1,23,59,5,6,1,0.833333333333333,sushi_b,full_data
1,23,60,11,16,5,0.6875,sushi_b,full_data
1,23,64,4,9,5,0.444444444444444,sushi_b,full_data
1,23,67,10,16,6,0.625,sushi_b,full_data
1,23,68,8,14,6,0.571428571428571,sushi_b,full_data
1,23,69,8,9,1,0.888888888888889,sushi_b,full_data
1,23,70,16,29,13,0.551724137931034,sushi_b,full_data
1,23,74,6,8,2,0.75,sushi_b,full_data
1,23,75,4,14,10,0.285714285714286,sushi_b,full_data
1,23,77,8,10,2,0.8,sushi_b,full_data
1,23,78,2,4,2,0.5,sushi_b,full_data
1,23,80,5,6,1,0.833333333333333,sushi_b,full_data
1,23,81,2,3,1,0.666666666666667,sushi_b,full_data
1,23,83,0,2,2,0,sushi_b,full_data
1,23,84,2,3,1,0.666666666666667,sushi_b,full_data
1,23,85,0,1,1,0,sushi_b,full_data
1,23,86,0,1,1,0,sushi_b,full_data
1,23,89,2,3,1,0.666666666666667,sushi_b,full_data
1,23,90,1,1,0,1,sushi_b,full_data
1,23,91,5,10,5,0.5,sushi_b,full_data
1,23,92,3,4,1,0.75,sushi_b,full_data
1,23,93,1,2,1,0.5,sushi_b,full_data
1,23,94,1,1,0,1,sushi_b,full_data
1,23,97,3,3,0,1,sushi_b,full_data
1,23,98,2,5,3,0.4,sushi_b,full_data
1,23,99,4,5,1,0.8,sushi_b,full_data
1,24,17,44,70,26,0.628571428571429,sushi_b,full_data
1,24,28,66,110,44,0.6,sushi_b,full_data
1,24,40,28,38,10,0.736842105263158,sushi_b,full_data
1,24,42,19,37,18,0.513513513513513,sushi_b,full_data
1,24,49,18,40,22,0.45,sushi_b,full_data
1,24,52,25,44,19,0.568181818181818,sushi_b,full_data
1,24,56,18,23,5,0.782608695652174,sushi_b,full_data
1,24,59,14,18,4,0.777777777777778,sushi_b,full_data
1,24,60,17,24,7,0.708333333333333,sushi_b,full_data
1,24,64,19,28,9,0.678571428571429,sushi_b,full_data
1,24,68,14,23,9,0.608695652173913,sushi_b,full_data
1,24,69,6,9,3,0.666666666666667,sushi_b,full_data
1,24,74,11,17,6,0.647058823529412,sushi_b,full_data
1,24,75,7,16,9,0.4375,sushi_b,full_data
1,24,77,11,16,5,0.6875,sushi_b,full_data
1,24,78,5,7,2,0.714285714285714,sushi_b,full_data
1,24,80,2,6,4,0.333333333333333,sushi_b,full_data
1,24,81,4,5,1,0.8,sushi_b,full_data
1,24,83,7,9,2,0.777777777777778,sushi_b,full_data
1,24,84,5,7,2,0.714285714285714,sushi_b,full_data
1,24,85,1,4,3,0.25,sushi_b,full_data
1,24,86,6,8,2,0.75,sushi_b,full_data
1,24,89,4,4,0,1,sushi_b,full_data
1,24,90,1,3,2,0.333333333333333,sushi_b,full_data
1,24,92,3,5,2,0.6,sushi_b,full_data
1,24,93,5,6,1,0.833333333333333,sushi_b,full_data
1,24,94,3,5,2,0.6,sushi_b,full_data
1,24,97,5,6,1,0.833333333333333,sushi_b,full_data
1,24,98,8,12,4,0.666666666666667,sushi_b,full_data
1,24,99,6,13,7,0.461538461538462,sushi_b,full_data
1,25,5,106,202,96,0.524752475247525,sushi_b,full_data
1,25,7,51,95,44,0.536842105263158,sushi_b,full_data
1,25,12,15,29,14,0.517241379310345,sushi_b,full_data
1,25,14,46,94,48,0.48936170212766,sushi_b,full_data
1,25,16,3,7,4,0.428571428571429,sushi_b,full_data
1,25,18,15,28,13,0.535714285714286,sushi_b,full_data
1,25,23,3,5,2,0.6,sushi_b,full_data
1,25,24,5,6,1,0.833333333333333,sushi_b,full_data
1,25,28,0,1,1,0,sushi_b,full_data
1,25,29,2,3,1,0.666666666666667,sushi_b,full_data
1,25,30,7,15,8,0.466666666666667,sushi_b,full_data
1,25,31,48,92,44,0.521739130434783,sushi_b,full_data
1,25,32,7,13,6,0.538461538461538,sushi_b,full_data
1,25,33,0,1,1,0,sushi_b,full_data
1,25,34,30,60,30,0.5,sushi_b,full_data
1,25,38,6,10,4,0.6,sushi_b,full_data
1,25,39,16,21,5,0.761904761904762,sushi_b,full_data
1,25,43,18,29,11,0.620689655172414,sushi_b,full_data
1,25,44,15,18,3,0.833333333333333,sushi_b,full_data
1,25,45,14,33,19,0.424242424242424,sushi_b,full_data
1,25,46,12,15,3,0.8,sushi_b,full_data
1,25,48,0,1,1,0,sushi_b,full_data
1,25,50,1,2,1,0.5,sushi_b,full_data
1,25,51,3,4,1,0.75,sushi_b,full_data
1,25,54,2,6,4,0.333333333333333,sushi_b,full_data
1,25,58,0,1,1,0,sushi_b,full_data
1,25,62,15,18,3,0.833333333333333,sushi_b,full_data
1,25,63,0,3,3,0,sushi_b,full_data
1,25,65,3,8,5,0.375,sushi_b,full_data
1,25,66,1,2,1,0.5,sushi_b,full_data
1,25,69,1,1,0,1,sushi_b,full_data
1,25,71,3,7,4,0.428571428571429,sushi_b,full_data
1,25,72,1,2,1,0.5,sushi_b,full_data
1,25,75,1,1,0,1,sushi_b,full_data
1,25,87,2,2,0,1,sushi_b,full_data
1,25,88,6,8,2,0.75,sushi_b,full_data
1,25,95,2,2,0,1,sushi_b,full_data
1,26,3,49,110,61,0.445454545454545,sushi_b,full_data
1,26,4,97,166,69,0.58433734939759,sushi_b,full_data
1,26,5,16,28,12,0.571428571428571,sushi_b,full_data
1,26,7,2,6,4,0.333333333333333,sushi_b,full_data
1,26,10,65,128,63,0.5078125,sushi_b,full_data
1,26,12,1,2,1,0.5,sushi_b,full_data
1,26,14,9,13,4,0.692307692307692,sushi_b,full_data
1,26,18,2,3,1,0.666666666666667,sushi_b,full_data
1,26,21,19,39,20,0.487179487179487,sushi_b,full_data
1,26,22,87,154,67,0.564935064935065,sushi_b,full_data
1,26,25,12,24,12,0.5,sushi_b,full_data
1,26,27,16,33,17,0.484848484848485,sushi_b,full_data
1,26,30,1,1,0,1,sushi_b,full_data
1,26,31,5,9,4,0.555555555555556,sushi_b,full_data
1,26,32,1,1,0,1,sushi_b,full_data
1,26,34,4,7,3,0.571428571428571,sushi_b,full_data
1,26,36,12,18,6,0.666666666666667,sushi_b,full_data
1,26,38,2,2,0,1,sushi_b,full_data
1,26,39,2,3,1,0.666666666666667,sushi_b,full_data
1,26,43,3,3,0,1,sushi_b,full_data
1,26,44,1,2,1,0.5,sushi_b,full_data
1,26,45,1,2,1,0.5,sushi_b,full_data
1,26,46,2,4,2,0.5,sushi_b,full_data
1,26,54,0,1,1,0,sushi_b,full_data
1,26,57,2,6,4,0.333333333333333,sushi_b,full_data
1,26,62,1,2,1,0.5,sushi_b,full_data
1,26,65,1,1,0,1,sushi_b,full_data
1,26,73,3,6,3,0.5,sushi_b,full_data
1,26,76,4,7,3,0.571428571428571,sushi_b,full_data
1,26,88,1,3,2,0.333333333333333,sushi_b,full_data
1,26,95,0,1,1,0,sushi_b,full_data
1,27,5,54,99,45,0.545454545454545,sushi_b,full_data
1,27,7,32,55,23,0.581818181818182,sushi_b,full_data
1,27,12,6,13,7,0.461538461538462,sushi_b,full_data
1,27,14,17,36,19,0.472222222222222,sushi_b,full_data
1,27,16,0,1,1,0,sushi_b,full_data
1,27,18,11,18,7,0.611111111111111,sushi_b,full_data
1,27,21,65,119,54,0.546218487394958,sushi_b,full_data
1,27,23,2,2,0,1,sushi_b,full_data
1,27,25,53,82,29,0.646341463414634,sushi_b,full_data
1,27,30,2,4,2,0.5,sushi_b,full_data
1,27,31,38,60,22,0.633333333333333,sushi_b,full_data
1,27,32,10,14,4,0.714285714285714,sushi_b,full_data
1,27,33,2,2,0,1,sushi_b,full_data
1,27,34,16,32,16,0.5,sushi_b,full_data
1,27,35,1,1,0,1,sushi_b,full_data
1,27,36,46,82,36,0.560975609756098,sushi_b,full_data
1,27,38,1,4,3,0.25,sushi_b,full_data
1,27,39,10,13,3,0.769230769230769,sushi_b,full_data
1,27,43,13,17,4,0.764705882352941,sushi_b,full_data
1,27,44,1,4,3,0.25,sushi_b,full_data
1,27,45,9,17,8,0.529411764705882,sushi_b,full_data
1,27,46,2,4,2,0.5,sushi_b,full_data
1,27,50,2,3,1,0.666666666666667,sushi_b,full_data
1,27,51,3,5,2,0.6,sushi_b,full_data
1,27,54,1,5,4,0.2,sushi_b,full_data
1,27,57,10,17,7,0.588235294117647,sushi_b,full_data
1,27,60,0,1,1,0,sushi_b,full_data
1,27,62,10,12,2,0.833333333333333,sushi_b,full_data
1,27,63,1,2,1,0.5,sushi_b,full_data
1,27,65,4,5,1,0.8,sushi_b,full_data
1,27,66,1,1,0,1,sushi_b,full_data
1,27,71,1,2,1,0.5,sushi_b,full_data
1,27,72,1,1,0,1,sushi_b,full_data
1,27,73,7,13,6,0.538461538461538,sushi_b,full_data
1,27,76,10,17,7,0.588235294117647,sushi_b,full_data
1,27,88,5,6,1,0.833333333333333,sushi_b,full_data
1,27,95,0,1,1,0,sushi_b,full_data
1,27,96,5,5,0,1,sushi_b,full_data
1,28,17,37,73,36,0.506849315068493,sushi_b,full_data
1,28,40,12,26,14,0.461538461538462,sushi_b,full_data
1,28,42,22,42,20,0.523809523809524,sushi_b,full_data
1,28,49,19,32,13,0.59375,sushi_b,full_data
1,28,52,15,29,14,0.517241379310345,sushi_b,full_data
1,28,56,16,22,6,0.727272727272727,sushi_b,full_data
1,28,59,10,14,4,0.714285714285714,sushi_b,full_data
1,28,60,8,17,9,0.470588235294118,sushi_b,full_data
1,28,64,10,23,13,0.434782608695652,sushi_b,full_data
1,28,68,12,21,9,0.571428571428571,sushi_b,full_data
1,28,69,10,14,4,0.714285714285714,sushi_b,full_data
1,28,74,5,10,5,0.5,sushi_b,full_data
1,28,75,8,11,3,0.727272727272727,sushi_b,full_data
1,28,77,9,16,7,0.5625,sushi_b,full_data
1,28,78,7,12,5,0.583333333333333,sushi_b,full_data
1,28,80,6,10,4,0.6,sushi_b,full_data
1,28,81,2,4,2,0.5,sushi_b,full_data
1,28,83,3,4,1,0.75,sushi_b,full_data
1,28,84,0,3,3,0,sushi_b,full_data
1,28,85,1,5,4,0.2,sushi_b,full_data
1,28,86,4,5,1,0.8,sushi_b,full_data
1,28,89,4,8,4,0.5,sushi_b,full_data
1,28,90,2,2,0,1,sushi_b,full_data
1,28,92,1,4,3,0.25,sushi_b,full_data
1,28,93,5,6,1,0.833333333333333,sushi_b,full_data
1,28,94,3,5,2,0.6,sushi_b,full_data
1,28,97,3,3,0,1,sushi_b,full_data
1,28,98,4,8,4,0.5,sushi_b,full_data
1,28,99,8,10,2,0.8,sushi_b,full_data
1,29,17,22,44,22,0.5,sushi_b,full_data
1,29,24,52,101,49,0.514851485148515,sushi_b,full_data
1,29,28,42,77,35,0.545454545454545,sushi_b,full_data
1,29,40,16,20,4,0.8,sushi_b,full_data
1,29,42,19,28,9,0.678571428571429,sushi_b,full_data
1,29,49,17,31,14,0.548387096774194,sushi_b,full_data
1,29,52,13,24,11,0.541666666666667,sushi_b,full_data
1,29,56,8,13,5,0.615384615384615,sushi_b,full_data
1,29,59,10,16,6,0.625,sushi_b,full_data
1,29,60,10,17,7,0.588235294117647,sushi_b,full_data
1,29,64,10,14,4,0.714285714285714,sushi_b,full_data
1,29,68,5,12,7,0.416666666666667,sushi_b,full_data
1,29,69,6,9,3,0.666666666666667,sushi_b,full_data
1,29,74,6,10,4,0.6,sushi_b,full_data
1,29,75,6,11,5,0.545454545454545,sushi_b,full_data
1,29,77,8,17,9,0.470588235294118,sushi_b,full_data
1,29,78,2,5,3,0.4,sushi_b,full_data
1,29,80,4,8,4,0.5,sushi_b,full_data
1,29,81,2,2,0,1,sushi_b,full_data
1,29,83,2,4,2,0.5,sushi_b,full_data
1,29,84,4,6,2,0.666666666666667,sushi_b,full_data
1,29,85,1,2,1,0.5,sushi_b,full_data
1,29,86,1,4,3,0.25,sushi_b,full_data
1,29,89,1,4,3,0.25,sushi_b,full_data
1,29,90,5,7,2,0.714285714285714,sushi_b,full_data
1,29,92,2,4,2,0.5,sushi_b,full_data
1,29,93,2,7,5,0.285714285714286,sushi_b,full_data
1,29,94,1,2,1,0.5,sushi_b,full_data
1,29,97,2,4,2,0.5,sushi_b,full_data
1,29,98,5,8,3,0.625,sushi_b,full_data
1,29,99,5,7,2,0.714285714285714,sushi_b,full_data
1,30,16,70,129,59,0.542635658914729,sushi_b,full_data
1,30,17,11,18,7,0.611111111111111,sushi_b,full_data
1,30,23,34,74,40,0.459459459459459,sushi_b,full_data
1,30,24,23,41,18,0.560975609756098,sushi_b,full_data
1,30,28,17,32,15,0.53125,sushi_b,full_data
1,30,29,15,31,16,0.483870967741935,sushi_b,full_data
1,30,33,23,42,19,0.547619047619048,sushi_b,full_data
1,30,35,21,38,17,0.552631578947368,sushi_b,full_data
1,30,40,12,18,6,0.666666666666667,sushi_b,full_data
1,30,42,7,12,5,0.583333333333333,sushi_b,full_data
1,30,48,10,23,13,0.434782608695652,sushi_b,full_data
1,30,49,4,6,2,0.666666666666667,sushi_b,full_data
1,30,51,17,37,20,0.459459459459459,sushi_b,full_data
1,30,52,8,9,1,0.888888888888889,sushi_b,full_data
1,30,55,7,16,9,0.4375,sushi_b,full_data
1,30,56,2,3,1,0.666666666666667,sushi_b,full_data
1,30,58,5,14,9,0.357142857142857,sushi_b,full_data
1,30,59,5,6,1,0.833333333333333,sushi_b,full_data
1,30,60,0,1,1,0,sushi_b,full_data
1,30,64,2,4,2,0.5,sushi_b,full_data
1,30,66,8,13,5,0.615384615384615,sushi_b,full_data
1,30,67,3,3,0,1,sushi_b,full_data
1,30,68,1,3,2,0.333333333333333,sushi_b,full_data
1,30,69,3,3,0,1,sushi_b,full_data
1,30,70,4,10,6,0.4,sushi_b,full_data
1,30,72,8,15,7,0.533333333333333,sushi_b,full_data
1,30,74,2,7,5,0.285714285714286,sushi_b,full_data
1,30,75,3,6,3,0.5,sushi_b,full_data
1,30,77,2,4,2,0.5,sushi_b,full_data
1,30,78,1,1,0,1,sushi_b,full_data
1,30,80,1,3,2,0.333333333333333,sushi_b,full_data
1,30,81,1,1,0,1,sushi_b,full_data
1,30,82,5,7,2,0.714285714285714,sushi_b,full_data
1,30,83,0,1,1,0,sushi_b,full_data
1,30,84,2,3,1,0.666666666666667,sushi_b,full_data
1,30,87,5,8,3,0.625,sushi_b,full_data
1,30,89,1,1,0,1,sushi_b,full_data
1,30,91,2,2,0,1,sushi_b,full_data
1,30,93,1,1,0,1,sushi_b,full_data
1,30,94,1,1,0,1,sushi_b,full_data
1,30,97,1,1,0,1,sushi_b,full_data
1,30,98,2,2,0,1,sushi_b,full_data
1,30,99,2,4,2,0.5,sushi_b,full_data
1,31,5,82,160,78,0.5125,sushi_b,full_data
1,31,7,34,60,26,0.566666666666667,sushi_b,full_data
1,31,12,15,27,12,0.555555555555556,sushi_b,full_data
1,31,14,46,94,48,0.48936170212766,sushi_b,full_data
1,31,16,4,8,4,0.5,sushi_b,full_data
1,31,17,1,1,0,1,sushi_b,full_data
1,31,18,11,23,12,0.478260869565217,sushi_b,full_data
1,31,23,1,3,2,0.333333333333333,sushi_b,full_data
1,31,24,2,2,0,1,sushi_b,full_data
1,31,28,1,5,4,0.2,sushi_b,full_data
1,31,29,2,3,1,0.666666666666667,sushi_b,full_data
1,31,30,6,7,1,0.857142857142857,sushi_b,full_data
1,31,32,6,13,7,0.461538461538462,sushi_b,full_data
1,31,33,1,2,1,0.5,sushi_b,full_data
1,31,34,29,51,22,0.568627450980392,sushi_b,full_data
1,31,35,2,2,0,1,sushi_b,full_data
1,31,38,5,7,2,0.714285714285714,sushi_b,full_data
1,31,39,17,24,7,0.708333333333333,sushi_b,full_data
1,31,42,1,1,0,1,sushi_b,full_data
1,31,43,12,18,6,0.666666666666667,sushi_b,full_data
1,31,44,3,4,1,0.75,sushi_b,full_data
1,31,45,22,31,9,0.709677419354839,sushi_b,full_data
1,31,46,4,9,5,0.444444444444444,sushi_b,full_data
1,31,48,1,4,3,0.25,sushi_b,full_data
1,31,50,3,6,3,0.5,sushi_b,full_data
1,31,51,3,4,1,0.75,sushi_b,full_data
1,31,52,1,1,0,1,sushi_b,full_data
1,31,54,4,6,2,0.666666666666667,sushi_b,full_data
1,31,55,1,1,0,1,sushi_b,full_data
1,31,58,2,2,0,1,sushi_b,full_data
1,31,62,12,15,3,0.8,sushi_b,full_data
1,31,63,2,3,1,0.666666666666667,sushi_b,full_data
1,31,65,4,7,3,0.571428571428571,sushi_b,full_data
1,31,66,2,2,0,1,sushi_b,full_data
1,31,67,1,1,0,1,sushi_b,full_data
1,31,70,0,1,1,0,sushi_b,full_data
1,31,71,2,4,2,0.5,sushi_b,full_data
1,31,72,1,1,0,1,sushi_b,full_data
1,31,82,2,2,0,1,sushi_b,full_data
1,31,95,2,2,0,1,sushi_b,full_data
1,31,97,1,1,0,1,sushi_b,full_data
1,32,12,53,93,40,0.56989247311828,sushi_b,full_data
1,32,16,28,50,22,0.56,sushi_b,full_data
1,32,17,2,5,3,0.4,sushi_b,full_data
1,32,18,49,88,39,0.556818181818182,sushi_b,full_data
1,32,23,19,26,7,0.730769230769231,sushi_b,full_data
1,32,24,7,13,6,0.538461538461538,sushi_b,full_data
1,32,28,6,8,2,0.75,sushi_b,full_data
1,32,29,3,8,5,0.375,sushi_b,full_data
1,32,30,18,40,22,0.45,sushi_b,full_data
1,32,33,6,10,4,0.6,sushi_b,full_data
1,32,35,4,8,4,0.5,sushi_b,full_data
1,32,38,12,30,18,0.4,sushi_b,full_data
1,32,40,3,3,0,1,sushi_b,full_data
1,32,42,2,2,0,1,sushi_b,full_data
1,32,48,3,5,2,0.6,sushi_b,full_data
1,32,49,1,2,1,0.5,sushi_b,full_data
1,32,50,6,20,14,0.3,sushi_b,full_data
1,32,51,9,13,4,0.692307692307692,sushi_b,full_data
1,32,55,2,3,1,0.666666666666667,sushi_b,full_data
1,32,56,2,4,2,0.5,sushi_b,full_data
1,32,58,3,3,0,1,sushi_b,full_data
1,32,60,2,2,0,1,sushi_b,full_data
1,32,63,12,20,8,0.6,sushi_b,full_data
1,32,64,2,2,0,1,sushi_b,full_data
1,32,66,0,2,2,0,sushi_b,full_data
1,32,67,1,3,2,0.333333333333333,sushi_b,full_data
1,32,68,1,1,0,1,sushi_b,full_data
1,32,69,1,1,0,1,sushi_b,full_data
1,32,70,0,2,2,0,sushi_b,full_data
1,32,71,6,10,4,0.6,sushi_b,full_data
1,32,72,6,8,2,0.75,sushi_b,full_data
1,32,74,1,2,1,0.5,sushi_b,full_data
1,32,75,1,1,0,1,sushi_b,full_data
1,32,77,1,1,0,1,sushi_b,full_data
1,32,78,1,2,1,0.5,sushi_b,full_data
1,32,82,4,4,0,1,sushi_b,full_data
1,32,89,1,1,0,1,sushi_b,full_data
1,32,91,1,1,0,1,sushi_b,full_data
1,32,93,1,1,0,1,sushi_b,full_data
1,32,98,1,1,0,1,sushi_b,full_data
1,33,17,14,18,4,0.777777777777778,sushi_b,full_data
1,33,23,52,93,41,0.559139784946237,sushi_b,full_data
1,33,24,29,44,15,0.659090909090909,sushi_b,full_data
1,33,28,19,36,17,0.527777777777778,sushi_b,full_data
1,33,29,28,52,24,0.538461538461538,sushi_b,full_data
1,33,35,19,40,21,0.475,sushi_b,full_data
1,33,40,5,8,3,0.625,sushi_b,full_data
1,33,42,5,10,5,0.5,sushi_b,full_data
1,33,48,11,23,12,0.478260869565217,sushi_b,full_data
1,33,49,8,15,7,0.533333333333333,sushi_b,full_data
1,33,52,8,11,3,0.727272727272727,sushi_b,full_data
1,33,55,14,21,7,0.666666666666667,sushi_b,full_data
1,33,56,4,6,2,0.666666666666667,sushi_b,full_data
1,33,58,9,19,10,0.473684210526316,sushi_b,full_data
1,33,59,2,4,2,0.5,sushi_b,full_data
1,33,60,3,9,6,0.333333333333333,sushi_b,full_data
1,33,64,7,8,1,0.875,sushi_b,full_data
1,33,67,4,8,4,0.5,sushi_b,full_data
1,33,68,4,7,3,0.571428571428571,sushi_b,full_data
1,33,69,7,8,1,0.875,sushi_b,full_data
1,33,70,6,7,1,0.857142857142857,sushi_b,full_data
1,33,74,1,3,2,0.333333333333333,sushi_b,full_data
1,33,75,4,9,5,0.444444444444444,sushi_b,full_data
1,33,77,4,7,3,0.571428571428571,sushi_b,full_data
1,33,78,3,3,0,1,sushi_b,full_data
1,33,80,4,4,0,1,sushi_b,full_data
1,33,84,2,4,2,0.5,sushi_b,full_data
1,33,85,0,1,1,0,sushi_b,full_data
1,33,86,2,2,0,1,sushi_b,full_data
1,33,89,2,3,1,0.666666666666667,sushi_b,full_data
1,33,90,0,1,1,0,sushi_b,full_data
1,33,91,4,6,2,0.666666666666667,sushi_b,full_data
1,33,92,1,1,0,1,sushi_b,full_data
1,33,93,1,1,0,1,sushi_b,full_data
1,33,94,0,2,2,0,sushi_b,full_data
1,33,97,3,3,0,1,sushi_b,full_data
1,33,98,4,5,1,0.8,sushi_b,full_data
1,33,99,1,2,1,0.5,sushi_b,full_data
1,34,7,58,106,48,0.547169811320755,sushi_b,full_data
1,34,12,13,29,16,0.448275862068966,sushi_b,full_data
1,34,14,65,117,52,0.555555555555556,sushi_b,full_data
1,34,16,16,20,4,0.8,sushi_b,full_data
1,34,18,24,44,20,0.545454545454545,sushi_b,full_data
1,34,23,2,4,2,0.5,sushi_b,full_data
1,34,24,0,1,1,0,sushi_b,full_data
1,34,29,2,3,1,0.666666666666667,sushi_b,full_data
1,34,30,15,24,9,0.625,sushi_b,full_data
1,34,32,13,27,14,0.481481481481481,sushi_b,full_data
1,34,33,4,5,1,0.8,sushi_b,full_data
1,34,35,2,3,1,0.666666666666667,sushi_b,full_data
1,34,38,9,10,1,0.9,sushi_b,full_data
1,34,39,16,24,8,0.666666666666667,sushi_b,full_data
1,34,42,2,2,0,1,sushi_b,full_data
1,34,43,12,25,13,0.48,sushi_b,full_data
1,34,44,5,14,9,0.357142857142857,sushi_b,full_data
1,34,46,7,12,5,0.583333333333333,sushi_b,full_data
1,34,48,1,1,0,1,sushi_b,full_data
1,34,49,0,1,1,0,sushi_b,full_data
1,34,50,5,8,3,0.625,sushi_b,full_data
1,34,51,3,3,0,1,sushi_b,full_data
1,34,52,1,1,0,1,sushi_b,full_data
1,34,54,14,18,4,0.777777777777778,sushi_b,full_data
1,34,55,2,3,1,0.666666666666667,sushi_b,full_data
1,34,58,2,2,0,1,sushi_b,full_data
1,34,62,8,15,7,0.533333333333333,sushi_b,full_data
1,34,63,6,9,3,0.666666666666667,sushi_b,full_data
1,34,65,4,9,5,0.444444444444444,sushi_b,full_data
1,34,66,1,3,2,0.333333333333333,sushi_b,full_data
1,34,67,1,1,0,1,sushi_b,full_data
1,34,70,0,1,1,0,sushi_b,full_data
1,34,71,4,4,0,1,sushi_b,full_data
1,34,72,0,1,1,0,sushi_b,full_data
1,34,77,0,1,1,0,sushi_b,full_data
1,34,82,2,5,3,0.4,sushi_b,full_data
1,34,95,1,3,2,0.333333333333333,sushi_b,full_data
1,35,17,16,27,11,0.592592592592593,sushi_b,full_data
1,35,24,42,71,29,0.591549295774648,sushi_b,full_data
1,35,28,27,50,23,0.54,sushi_b,full_data
1,35,29,39,79,40,0.493670886075949,sushi_b,full_data
1,35,40,8,14,6,0.571428571428571,sushi_b,full_data
1,35,42,13,20,7,0.65,sushi_b,full_data
1,35,49,8,14,6,0.571428571428571,sushi_b,full_data
1,35,52,5,17,12,0.294117647058824,sushi_b,full_data
1,35,56,5,10,5,0.5,sushi_b,full_data
1,35,59,3,4,1,0.75,sushi_b,full_data
1,35,60,5,12,7,0.416666666666667,sushi_b,full_data
1,35,64,6,16,10,0.375,sushi_b,full_data
1,35,67,9,17,8,0.529411764705882,sushi_b,full_data
1,35,68,4,7,3,0.571428571428571,sushi_b,full_data
1,35,69,5,7,2,0.714285714285714,sushi_b,full_data
1,35,74,3,10,7,0.3,sushi_b,full_data
1,35,75,7,10,3,0.7,sushi_b,full_data
1,35,77,4,7,3,0.571428571428571,sushi_b,full_data
1,35,78,2,4,2,0.5,sushi_b,full_data
1,35,80,2,2,0,1,sushi_b,full_data
1,35,81,1,3,2,0.333333333333333,sushi_b,full_data
1,35,83,1,5,4,0.2,sushi_b,full_data
1,35,85,2,3,1,0.666666666666667,sushi_b,full_data
1,35,86,2,2,0,1,sushi_b,full_data
1,35,89,1,1,0,1,sushi_b,full_data
1,35,90,1,1,0,1,sushi_b,full_data
1,35,91,6,10,4,0.6,sushi_b,full_data
1,35,92,2,2,0,1,sushi_b,full_data
1,35,93,2,2,0,1,sushi_b,full_data
1,35,94,1,1,0,1,sushi_b,full_data
1,35,97,1,1,0,1,sushi_b,full_data
1,35,98,5,6,1,0.833333333333333,sushi_b,full_data
1,35,99,3,6,3,0.5,sushi_b,full_data
1,36,5,48,95,47,0.505263157894737,sushi_b,full_data
1,36,7,18,31,13,0.580645161290323,sushi_b,full_data
1,36,12,8,9,1,0.888888888888889,sushi_b,full_data
1,36,14,17,39,22,0.435897435897436,sushi_b,full_data
1,36,16,2,4,2,0.5,sushi_b,full_data
1,36,18,1,5,4,0.2,sushi_b,full_data
1,36,21,43,83,40,0.518072289156627,sushi_b,full_data
1,36,23,1,1,0,1,sushi_b,full_data
1,36,24,1,1,0,1,sushi_b,full_data
1,36,25,25,46,21,0.543478260869565,sushi_b,full_data
1,36,30,3,3,0,1,sushi_b,full_data
1,36,31,15,31,16,0.483870967741935,sushi_b,full_data
1,36,32,7,10,3,0.7,sushi_b,full_data
1,36,33,1,1,0,1,sushi_b,full_data
1,36,34,9,17,8,0.529411764705882,sushi_b,full_data
1,36,38,1,2,1,0.5,sushi_b,full_data
1,36,39,4,7,3,0.571428571428571,sushi_b,full_data
1,36,42,1,1,0,1,sushi_b,full_data
1,36,43,2,4,2,0.5,sushi_b,full_data
1,36,44,3,6,3,0.5,sushi_b,full_data
1,36,45,6,18,12,0.333333333333333,sushi_b,full_data
1,36,46,2,6,4,0.333333333333333,sushi_b,full_data
1,36,50,2,2,0,1,sushi_b,full_data
1,36,54,1,3,2,0.333333333333333,sushi_b,full_data
1,36,57,9,16,7,0.5625,sushi_b,full_data
1,36,62,6,7,1,0.857142857142857,sushi_b,full_data
1,36,63,1,1,0,1,sushi_b,full_data
1,36,64,1,1,0,1,sushi_b,full_data
1,36,65,1,3,2,0.333333333333333,sushi_b,full_data
1,36,66,0,1,1,0,sushi_b,full_data
1,36,69,1,1,0,1,sushi_b,full_data
1,36,71,3,3,0,1,sushi_b,full_data
1,36,72,2,3,1,0.666666666666667,sushi_b,full_data
1,36,73,11,13,2,0.846153846153846,sushi_b,full_data
1,36,76,9,17,8,0.529411764705882,sushi_b,full_data
1,36,88,3,4,1,0.75,sushi_b,full_data
1,36,95,0,1,1,0,sushi_b,full_data
1,36,96,2,4,2,0.5,sushi_b,full_data
1,37,0,10,15,5,0.666666666666667,sushi_b,full_data
1,37,1,15,32,17,0.46875,sushi_b,full_data
1,37,2,48,84,36,0.571428571428571,sushi_b,full_data
1,37,3,3,4,1,0.75,sushi_b,full_data
1,37,4,1,3,2,0.333333333333333,sushi_b,full_data
1,37,5,1,1,0,1,sushi_b,full_data
1,37,6,21,46,25,0.456521739130435,sushi_b,full_data
1,37,7,0,1,1,0,sushi_b,full_data
1,37,9,62,111,49,0.558558558558559,sushi_b,full_data
1,37,10,1,2,1,0.5,sushi_b,full_data
1,37,11,17,27,10,0.62962962962963,sushi_b,full_data
1,37,13,18,34,16,0.529411764705882,sushi_b,full_data
1,37,15,40,70,30,0.571428571428571,sushi_b,full_data
1,37,20,11,17,6,0.647058823529412,sushi_b,full_data
1,37,21,1,1,0,1,sushi_b,full_data
1,37,22,1,4,3,0.25,sushi_b,full_data
1,37,26,3,5,2,0.6,sushi_b,full_data
1,37,27,1,3,2,0.333333333333333,sushi_b,full_data
1,37,36,2,3,1,0.666666666666667,sushi_b,full_data
1,37,41,0,3,3,0,sushi_b,full_data
1,37,47,11,19,8,0.578947368421053,sushi_b,full_data
1,37,53,12,16,4,0.75,sushi_b,full_data
1,37,61,14,25,11,0.56,sushi_b,full_data
1,37,79,2,6,4,0.333333333333333,sushi_b,full_data
1,38,16,43,74,31,0.581081081081081,sushi_b,full_data
1,38,17,7,12,5,0.583333333333333,sushi_b,full_data
1,38,23,23,45,22,0.511111111111111,sushi_b,full_data
1,38,24,16,28,12,0.571428571428571,sushi_b,full_data
1,38,28,7,13,6,0.538461538461538,sushi_b,full_data
1,38,29,7,21,14,0.333333333333333,sushi_b,full_data
1,38,30,34,66,32,0.515151515151515,sushi_b,full_data
1,38,33,14,31,17,0.451612903225806,sushi_b,full_data
1,38,35,5,18,13,0.277777777777778,sushi_b,full_data
1,38,40,2,2,0,1,sushi_b,full_data
1,38,42,7,8,1,0.875,sushi_b,full_data
1,38,48,10,14,4,0.714285714285714,sushi_b,full_data
1,38,49,1,7,6,0.142857142857143,sushi_b,full_data
1,38,50,15,28,13,0.535714285714286,sushi_b,full_data
1,38,51,9,15,6,0.6,sushi_b,full_data
1,38,52,2,3,1,0.666666666666667,sushi_b,full_data
1,38,55,3,6,3,0.5,sushi_b,full_data
1,38,56,3,6,3,0.5,sushi_b,full_data
1,38,58,5,6,1,0.833333333333333,sushi_b,full_data
1,38,59,2,2,0,1,sushi_b,full_data
1,38,60,4,4,0,1,sushi_b,full_data
1,38,63,7,13,6,0.538461538461538,sushi_b,full_data
1,38,64,2,5,3,0.4,sushi_b,full_data
1,38,66,4,9,5,0.444444444444444,sushi_b,full_data
1,38,67,4,7,3,0.571428571428571,sushi_b,full_data
1,38,68,1,2,1,0.5,sushi_b,full_data
1,38,69,1,1,0,1,sushi_b,full_data
1,38,70,1,3,2,0.333333333333333,sushi_b,full_data
1,38,72,5,8,3,0.625,sushi_b,full_data
1,38,74,1,3,2,0.333333333333333,sushi_b,full_data
1,38,75,0,2,2,0,sushi_b,full_data
1,38,77,1,1,0,1,sushi_b,full_data
1,38,78,1,1,0,1,sushi_b,full_data
1,38,80,1,1,0,1,sushi_b,full_data
1,38,82,1,3,2,0.333333333333333,sushi_b,full_data
1,38,83,0,2,2,0,sushi_b,full_data
1,38,84,3,4,1,0.75,sushi_b,full_data
1,38,86,1,1,0,1,sushi_b,full_data
1,38,91,3,8,5,0.375,sushi_b,full_data
1,38,92,1,1,0,1,sushi_b,full_data
1,38,93,1,1,0,1,sushi_b,full_data
1,38,99,1,1,0,1,sushi_b,full_data
1,39,12,31,65,34,0.476923076923077,sushi_b,full_data
1,39,16,12,25,13,0.48,sushi_b,full_data
1,39,17,3,6,3,0.5,sushi_b,full_data
1,39,18,34,67,33,0.507462686567164,sushi_b,full_data
1,39,23,6,13,7,0.461538461538462,sushi_b,full_data
1,39,24,5,9,4,0.555555555555556,sushi_b,full_data
1,39,28,2,3,1,0.666666666666667,sushi_b,full_data
1,39,29,2,7,5,0.285714285714286,sushi_b,full_data
1,39,30,8,21,13,0.380952380952381,sushi_b,full_data
1,39,32,16,33,17,0.484848484848485,sushi_b,full_data
1,39,33,6,10,4,0.6,sushi_b,full_data
1,39,35,3,5,2,0.6,sushi_b,full_data
1,39,38,11,19,8,0.578947368421053,sushi_b,full_data
1,39,40,0,2,2,0,sushi_b,full_data
1,39,42,1,1,0,1,sushi_b,full_data
1,39,44,15,22,7,0.681818181818182,sushi_b,full_data
1,39,46,19,32,13,0.59375,sushi_b,full_data
1,39,48,1,4,3,0.25,sushi_b,full_data
1,39,49,3,3,0,1,sushi_b,full_data
1,39,50,6,13,7,0.461538461538462,sushi_b,full_data
1,39,51,4,6,2,0.666666666666667,sushi_b,full_data
1,39,52,1,1,0,1,sushi_b,full_data
1,39,54,16,27,11,0.592592592592593,sushi_b,full_data
1,39,55,5,5,0,1,sushi_b,full_data
1,39,58,4,4,0,1,sushi_b,full_data
1,39,60,0,2,2,0,sushi_b,full_data
1,39,63,3,3,0,1,sushi_b,full_data
1,39,64,1,1,0,1,sushi_b,full_data
1,39,66,4,6,2,0.666666666666667,sushi_b,full_data
1,39,67,0,1,1,0,sushi_b,full_data
1,39,70,0,1,1,0,sushi_b,full_data
1,39,71,5,10,5,0.5,sushi_b,full_data
1,39,72,1,3,2,0.333333333333333,sushi_b,full_data
1,39,74,0,2,2,0,sushi_b,full_data
1,39,80,0,2,2,0,sushi_b,full_data
1,39,82,2,2,0,1,sushi_b,full_data
1,39,83,1,1,0,1,sushi_b,full_data
1,39,87,2,6,4,0.333333333333333,sushi_b,full_data
1,39,91,0,1,1,0,sushi_b,full_data
1,39,95,2,4,2,0.5,sushi_b,full_data
1,40,17,41,74,33,0.554054054054054,sushi_b,full_data
1,40,59,4,12,8,0.333333333333333,sushi_b,full_data
1,40,69,5,8,3,0.625,sushi_b,full_data
1,40,78,6,10,4,0.6,sushi_b,full_data
1,40,81,2,2,0,1,sushi_b,full_data
1,40,85,3,3,0,1,sushi_b,full_data
1,40,89,3,7,4,0.428571428571429,sushi_b,full_data
1,40,90,2,6,4,0.333333333333333,sushi_b,full_data
1,40,92,2,5,3,0.4,sushi_b,full_data
1,40,93,2,2,0,1,sushi_b,full_data
1,40,94,3,3,0,1,sushi_b,full_data
1,40,97,2,2,0,1,sushi_b,full_data
1,41,0,77,145,68,0.531034482758621,sushi_b,full_data
1,41,3,17,33,16,0.515151515151515,sushi_b,full_data
1,41,4,37,71,34,0.52112676056338,sushi_b,full_data
1,41,5,5,7,2,0.714285714285714,sushi_b,full_data
1,41,7,2,3,1,0.666666666666667,sushi_b,full_data
1,41,10,20,51,31,0.392156862745098,sushi_b,full_data
1,41,12,1,1,0,1,sushi_b,full_data
1,41,14,1,2,1,0.5,sushi_b,full_data
1,41,18,1,1,0,1,sushi_b,full_data
1,41,21,4,10,6,0.4,sushi_b,full_data
1,41,22,30,54,24,0.555555555555556,sushi_b,full_data
1,41,25,2,4,2,0.5,sushi_b,full_data
1,41,26,27,44,17,0.613636363636364,sushi_b,full_data
1,41,27,5,11,6,0.454545454545455,sushi_b,full_data
1,41,31,4,6,2,0.666666666666667,sushi_b,full_data
1,41,34,0,3,3,0,sushi_b,full_data
1,41,36,5,10,5,0.5,sushi_b,full_data
1,41,43,0,1,1,0,sushi_b,full_data
1,41,44,1,1,0,1,sushi_b,full_data
1,41,45,1,2,1,0.5,sushi_b,full_data
1,41,54,1,1,0,1,sushi_b,full_data
1,41,57,2,3,1,0.666666666666667,sushi_b,full_data
1,41,76,2,4,2,0.5,sushi_b,full_data
1,42,17,39,70,31,0.557142857142857,sushi_b,full_data
1,42,40,19,28,9,0.678571428571429,sushi_b,full_data
1,42,56,10,17,7,0.588235294117647,sushi_b,full_data
1,42,59,4,10,6,0.4,sushi_b,full_data
1,42,60,8,12,4,0.666666666666667,sushi_b,full_data
1,42,69,4,9,5,0.444444444444444,sushi_b,full_data
1,42,78,2,4,2,0.5,sushi_b,full_data
1,42,81,4,5,1,0.8,sushi_b,full_data
1,42,85,4,4,0,1,sushi_b,full_data
1,42,86,2,4,2,0.5,sushi_b,full_data
1,42,89,3,5,2,0.6,sushi_b,full_data
1,42,90,3,5,2,0.6,sushi_b,full_data
1,42,92,2,3,1,0.666666666666667,sushi_b,full_data
1,42,93,0,2,2,0,sushi_b,full_data
1,42,94,4,6,2,0.666666666666667,sushi_b,full_data
1,42,97,2,4,2,0.5,sushi_b,full_data
1,43,7,34,68,34,0.5,sushi_b,full_data
1,43,12,11,29,18,0.379310344827586,sushi_b,full_data
1,43,16,8,15,7,0.533333333333333,sushi_b,full_data
1,43,18,15,33,18,0.454545454545455,sushi_b,full_data
1,43,23,3,7,4,0.428571428571429,sushi_b,full_data
1,43,24,4,6,2,0.666666666666667,sushi_b,full_data
1,43,28,1,1,0,1,sushi_b,full_data
1,43,29,4,7,3,0.571428571428571,sushi_b,full_data
1,43,30,5,8,3,0.625,sushi_b,full_data
1,43,32,12,19,7,0.631578947368421,sushi_b,full_data
1,43,33,1,4,3,0.25,sushi_b,full_data
1,43,35,1,4,3,0.25,sushi_b,full_data
1,43,38,5,11,6,0.454545454545455,sushi_b,full_data
1,43,39,7,19,12,0.368421052631579,sushi_b,full_data
1,43,42,0,1,1,0,sushi_b,full_data
1,43,44,11,16,5,0.6875,sushi_b,full_data
1,43,46,10,18,8,0.555555555555556,sushi_b,full_data
1,43,48,2,3,1,0.666666666666667,sushi_b,full_data
1,43,49,2,2,0,1,sushi_b,full_data
1,43,50,4,6,2,0.666666666666667,sushi_b,full_data
1,43,51,4,5,1,0.8,sushi_b,full_data
1,43,54,5,7,2,0.714285714285714,sushi_b,full_data
1,43,56,1,2,1,0.5,sushi_b,full_data
1,43,58,3,4,1,0.75,sushi_b,full_data
1,43,63,6,7,1,0.857142857142857,sushi_b,full_data
1,43,64,0,1,1,0,sushi_b,full_data
1,43,65,5,6,1,0.833333333333333,sushi_b,full_data
1,43,66,2,2,0,1,sushi_b,full_data
1,43,67,1,2,1,0.5,sushi_b,full_data
1,43,70,1,1,0,1,sushi_b,full_data
1,43,71,1,4,3,0.25,sushi_b,full_data
1,43,72,1,1,0,1,sushi_b,full_data
1,43,74,0,1,1,0,sushi_b,full_data
1,43,80,1,1,0,1,sushi_b,full_data
1,43,82,1,2,1,0.5,sushi_b,full_data
1,43,83,1,1,0,1,sushi_b,full_data
1,43,84,1,1,0,1,sushi_b,full_data
1,43,87,0,1,1,0,sushi_b,full_data
1,43,95,5,6,1,0.833333333333333,sushi_b,full_data
1,44,12,34,59,25,0.576271186440678,sushi_b,full_data
1,44,16,11,25,14,0.44,sushi_b,full_data
1,44,18,26,50,24,0.52,sushi_b,full_data
1,44,23,3,9,6,0.333333333333333,sushi_b,full_data
1,44,24,1,2,1,0.5,sushi_b,full_data
1,44,28,5,7,2,0.714285714285714,sushi_b,full_data
1,44,29,4,6,2,0.666666666666667,sushi_b,full_data
1,44,30,12,23,11,0.521739130434783,sushi_b,full_data
1,44,32,14,32,18,0.4375,sushi_b,full_data
1,44,33,7,16,9,0.4375,sushi_b,full_data
1,44,35,2,2,0,1,sushi_b,full_data
1,44,38,9,16,7,0.5625,sushi_b,full_data
1,44,40,1,2,1,0.5,sushi_b,full_data
1,44,48,2,5,3,0.4,sushi_b,full_data
1,44,49,2,3,1,0.666666666666667,sushi_b,full_data
1,44,50,2,4,2,0.5,sushi_b,full_data
1,44,51,8,10,2,0.8,sushi_b,full_data
1,44,55,1,2,1,0.5,sushi_b,full_data
1,44,56,1,1,0,1,sushi_b,full_data
1,44,58,2,4,2,0.5,sushi_b,full_data
1,44,59,1,1,0,1,sushi_b,full_data
1,44,60,1,1,0,1,sushi_b,full_data
1,44,63,8,10,2,0.8,sushi_b,full_data
1,44,64,1,1,0,1,sushi_b,full_data
1,44,66,5,5,0,1,sushi_b,full_data
1,44,68,0,2,2,0,sushi_b,full_data
1,44,69,1,1,0,1,sushi_b,full_data
1,44,70,1,3,2,0.333333333333333,sushi_b,full_data
1,44,71,7,11,4,0.636363636363636,sushi_b,full_data
1,44,72,0,4,4,0,sushi_b,full_data
1,44,74,1,2,1,0.5,sushi_b,full_data
1,44,77,1,1,0,1,sushi_b,full_data
1,44,80,1,1,0,1,sushi_b,full_data
1,44,89,1,1,0,1,sushi_b,full_data
1,44,91,3,3,0,1,sushi_b,full_data
1,44,95,5,6,1,0.833333333333333,sushi_b,full_data
1,45,7,28,55,27,0.509090909090909,sushi_b,full_data
1,45,12,15,26,11,0.576923076923077,sushi_b,full_data
1,45,14,26,58,32,0.448275862068966,sushi_b,full_data
1,45,16,3,6,3,0.5,sushi_b,full_data
1,45,17,2,3,1,0.666666666666667,sushi_b,full_data
1,45,18,9,22,13,0.409090909090909,sushi_b,full_data
1,45,23,0,2,2,0,sushi_b,full_data
1,45,24,3,4,1,0.75,sushi_b,full_data
1,45,28,0,1,1,0,sushi_b,full_data
1,45,29,2,2,0,1,sushi_b,full_data
1,45,30,1,1,0,1,sushi_b,full_data
1,45,32,4,10,6,0.4,sushi_b,full_data
1,45,33,1,1,0,1,sushi_b,full_data
1,45,34,20,30,10,0.666666666666667,sushi_b,full_data
1,45,35,1,1,0,1,sushi_b,full_data
1,45,38,5,9,4,0.555555555555556,sushi_b,full_data
1,45,39,12,15,3,0.8,sushi_b,full_data
1,45,43,9,16,7,0.5625,sushi_b,full_data
1,45,44,4,5,1,0.8,sushi_b,full_data
1,45,46,6,11,5,0.545454545454545,sushi_b,full_data
1,45,48,0,1,1,0,sushi_b,full_data
1,45,50,3,9,6,0.333333333333333,sushi_b,full_data
1,45,51,1,3,2,0.333333333333333,sushi_b,full_data
1,45,52,1,1,0,1,sushi_b,full_data
1,45,54,1,9,8,0.111111111111111,sushi_b,full_data
1,45,58,0,1,1,0,sushi_b,full_data
1,45,62,2,5,3,0.4,sushi_b,full_data
1,45,63,2,2,0,1,sushi_b,full_data
1,45,65,1,3,2,0.333333333333333,sushi_b,full_data
1,45,67,1,2,1,0.5,sushi_b,full_data
1,45,71,1,4,3,0.25,sushi_b,full_data
1,45,72,2,2,0,1,sushi_b,full_data
1,45,75,1,1,0,1,sushi_b,full_data
1,45,95,1,2,1,0.5,sushi_b,full_data
1,45,98,2,3,1,0.666666666666667,sushi_b,full_data
1,46,12,21,42,21,0.5,sushi_b,full_data
1,46,16,19,31,12,0.612903225806452,sushi_b,full_data
1,46,17,3,4,1,0.75,sushi_b,full_data
1,46,18,33,64,31,0.515625,sushi_b,full_data
1,46,23,7,14,7,0.5,sushi_b,full_data
1,46,24,2,5,3,0.4,sushi_b,full_data
1,46,28,4,4,0,1,sushi_b,full_data
1,46,29,4,10,6,0.4,sushi_b,full_data
1,46,30,16,22,6,0.727272727272727,sushi_b,full_data
1,46,32,17,27,10,0.62962962962963,sushi_b,full_data
1,46,33,6,11,5,0.545454545454545,sushi_b,full_data
1,46,35,7,11,4,0.636363636363636,sushi_b,full_data
1,46,38,10,19,9,0.526315789473684,sushi_b,full_data
1,46,40,0,1,1,0,sushi_b,full_data
1,46,42,2,2,0,1,sushi_b,full_data
1,46,44,14,19,5,0.736842105263158,sushi_b,full_data
1,46,48,1,4,3,0.25,sushi_b,full_data
1,46,49,1,1,0,1,sushi_b,full_data
1,46,50,13,19,6,0.684210526315789,sushi_b,full_data
1,46,51,4,6,2,0.666666666666667,sushi_b,full_data
1,46,52,1,2,1,0.5,sushi_b,full_data
1,46,55,2,2,0,1,sushi_b,full_data
1,46,56,0,1,1,0,sushi_b,full_data
1,46,58,2,3,1,0.666666666666667,sushi_b,full_data
1,46,59,1,1,0,1,sushi_b,full_data
1,46,63,4,4,0,1,sushi_b,full_data
1,46,64,1,2,1,0.5,sushi_b,full_data
1,46,70,1,1,0,1,sushi_b,full_data
1,46,71,4,5,1,0.8,sushi_b,full_data
1,46,75,1,2,1,0.5,sushi_b,full_data
1,46,77,0,1,1,0,sushi_b,full_data
1,46,78,0,1,1,0,sushi_b,full_data
1,46,80,1,1,0,1,sushi_b,full_data
1,46,82,0,3,3,0,sushi_b,full_data
1,46,83,1,1,0,1,sushi_b,full_data
1,46,84,1,1,0,1,sushi_b,full_data
1,46,85,1,1,0,1,sushi_b,full_data
1,46,87,1,1,0,1,sushi_b,full_data
1,46,95,5,5,0,1,sushi_b,full_data
1,47,0,10,19,9,0.526315789473684,sushi_b,full_data
1,47,1,17,30,13,0.566666666666667,sushi_b,full_data
1,47,2,45,88,43,0.511363636363636,sushi_b,full_data
1,47,3,3,7,4,0.428571428571429,sushi_b,full_data
1,47,4,2,7,5,0.285714285714286,sushi_b,full_data
1,47,5,1,1,0,1,sushi_b,full_data
1,47,6,29,52,23,0.557692307692308,sushi_b,full_data
1,47,10,2,3,1,0.666666666666667,sushi_b,full_data
1,47,11,18,44,26,0.409090909090909,sushi_b,full_data
1,47,13,27,47,20,0.574468085106383,sushi_b,full_data
1,47,14,1,1,0,1,sushi_b,full_data
1,47,20,14,23,9,0.608695652173913,sushi_b,full_data
1,47,21,3,3,0,1,sushi_b,full_data
1,47,22,1,3,2,0.333333333333333,sushi_b,full_data
1,47,25,1,2,1,0.5,sushi_b,full_data
1,47,26,3,5,2,0.6,sushi_b,full_data
1,47,41,4,8,4,0.5,sushi_b,full_data
1,47,53,7,17,10,0.411764705882353,sushi_b,full_data
1,47,57,1,1,0,1,sushi_b,full_data
1,47,76,0,1,1,0,sushi_b,full_data
1,47,79,2,4,2,0.5,sushi_b,full_data
1,48,17,6,10,4,0.6,sushi_b,full_data
1,48,24,18,42,24,0.428571428571429,sushi_b,full_data
1,48,28,14,29,15,0.482758620689655,sushi_b,full_data
1,48,29,20,34,14,0.588235294117647,sushi_b,full_data
1,48,35,22,39,17,0.564102564102564,sushi_b,full_data
1,48,40,4,9,5,0.444444444444444,sushi_b,full_data
1,48,42,7,13,6,0.538461538461538,sushi_b,full_data
1,48,49,7,14,7,0.5,sushi_b,full_data
1,48,52,2,3,1,0.666666666666667,sushi_b,full_data
1,48,56,4,5,1,0.8,sushi_b,full_data
1,48,58,6,10,4,0.6,sushi_b,full_data
1,48,59,3,4,1,0.75,sushi_b,full_data
1,48,60,7,10,3,0.7,sushi_b,full_data
1,48,64,1,2,1,0.5,sushi_b,full_data
1,48,67,2,3,1,0.666666666666667,sushi_b,full_data
1,48,68,0,2,2,0,sushi_b,full_data
1,48,69,3,4,1,0.75,sushi_b,full_data
1,48,70,4,5,1,0.8,sushi_b,full_data
1,48,74,7,7,0,1,sushi_b,full_data
1,48,75,1,4,3,0.25,sushi_b,full_data
1,48,77,2,4,2,0.5,sushi_b,full_data
1,48,78,2,4,2,0.5,sushi_b,full_data
1,48,80,0,2,2,0,sushi_b,full_data
1,48,81,1,2,1,0.5,sushi_b,full_data
1,48,83,3,4,1,0.75,sushi_b,full_data
1,48,84,1,2,1,0.5,sushi_b,full_data
1,48,85,0,2,2,0,sushi_b,full_data
1,48,86,1,1,0,1,sushi_b,full_data
1,48,90,1,1,0,1,sushi_b,full_data
1,48,91,2,4,2,0.5,sushi_b,full_data
1,48,93,1,1,0,1,sushi_b,full_data
1,48,94,1,1,0,1,sushi_b,full_data
1,48,98,1,1,0,1,sushi_b,full_data
1,48,99,3,5,2,0.6,sushi_b,full_data
1,49,17,24,38,14,0.631578947368421,sushi_b,full_data
1,49,40,11,19,8,0.578947368421053,sushi_b,full_data
1,49,42,13,25,12,0.52,sushi_b,full_data
1,49,52,10,15,5,0.666666666666667,sushi_b,full_data
1,49,56,9,14,5,0.642857142857143,sushi_b,full_data
1,49,59,4,14,10,0.285714285714286,sushi_b,full_data
1,49,60,4,5,1,0.8,sushi_b,full_data
1,49,64,7,14,7,0.5,sushi_b,full_data
1,49,69,4,7,3,0.571428571428571,sushi_b,full_data
1,49,74,3,7,4,0.428571428571429,sushi_b,full_data
1,49,78,4,10,6,0.4,sushi_b,full_data
1,49,81,2,4,2,0.5,sushi_b,full_data
1,49,84,2,3,1,0.666666666666667,sushi_b,full_data
1,49,85,0,4,4,0,sushi_b,full_data
1,49,86,1,2,1,0.5,sushi_b,full_data
1,49,89,3,3,0,1,sushi_b,full_data
1,49,90,2,3,1,0.666666666666667,sushi_b,full_data
1,49,92,2,3,1,0.666666666666667,sushi_b,full_data
1,49,93,1,2,1,0.5,sushi_b,full_data
1,49,94,1,2,1,0.5,sushi_b,full_data
1,49,97,1,1,0,1,sushi_b,full_data
1,50,16,29,56,27,0.517857142857143,sushi_b,full_data
1,50,17,7,11,4,0.636363636363636,sushi_b,full_data
1,50,23,13,31,18,0.419354838709677,sushi_b,full_data
1,50,24,13,17,4,0.764705882352941,sushi_b,full_data
1,50,28,5,6,1,0.833333333333333,sushi_b,full_data
1,50,29,10,14,4,0.714285714285714,sushi_b,full_data
1,50,30,22,42,20,0.523809523809524,sushi_b,full_data
1,50,33,21,32,11,0.65625,sushi_b,full_data
1,50,35,10,14,4,0.714285714285714,sushi_b,full_data
1,50,40,1,6,5,0.166666666666667,sushi_b,full_data
1,50,42,2,7,5,0.285714285714286,sushi_b,full_data
1,50,48,4,11,7,0.363636363636364,sushi_b,full_data
1,50,49,1,3,2,0.333333333333333,sushi_b,full_data
1,50,51,9,21,12,0.428571428571429,sushi_b,full_data
1,50,52,1,2,1,0.5,sushi_b,full_data
1,50,55,3,6,3,0.5,sushi_b,full_data
1,50,56,2,2,0,1,sushi_b,full_data
1,50,58,3,5,2,0.6,sushi_b,full_data
1,50,59,1,2,1,0.5,sushi_b,full_data
1,50,63,6,10,4,0.6,sushi_b,full_data
1,50,64,2,3,1,0.666666666666667,sushi_b,full_data
1,50,66,2,2,0,1,sushi_b,full_data
1,50,68,1,3,2,0.333333333333333,sushi_b,full_data
1,50,69,2,2,0,1,sushi_b,full_data
1,50,70,1,3,2,0.333333333333333,sushi_b,full_data
1,50,72,6,10,4,0.6,sushi_b,full_data
1,50,74,0,2,2,0,sushi_b,full_data
1,50,75,1,2,1,0.5,sushi_b,full_data
1,50,77,1,1,0,1,sushi_b,full_data
1,50,78,1,1,0,1,sushi_b,full_data
1,50,82,2,2,0,1,sushi_b,full_data
1,50,84,2,2,0,1,sushi_b,full_data
1,50,85,1,1,0,1,sushi_b,full_data
1,50,87,2,2,0,1,sushi_b,full_data
1,50,90,2,2,0,1,sushi_b,full_data
1,50,91,2,3,1,0.666666666666667,sushi_b,full_data
1,50,97,2,2,0,1,sushi_b,full_data
1,50,99,1,1,0,1,sushi_b,full_data
1,51,17,9,13,4,0.692307692307692,sushi_b,full_data
1,51,23,26,50,24,0.52,sushi_b,full_data
1,51,24,20,34,14,0.588235294117647,sushi_b,full_data
1,51,28,10,24,14,0.416666666666667,sushi_b,full_data
1,51,29,14,38,24,0.368421052631579,sushi_b,full_data
1,51,33,28,43,15,0.651162790697674,sushi_b,full_data
1,51,35,10,20,10,0.5,sushi_b,full_data
1,51,40,1,4,3,0.25,sushi_b,full_data
1,51,42,5,8,3,0.625,sushi_b,full_data
1,51,48,9,16,7,0.5625,sushi_b,full_data
1,51,49,6,13,7,0.461538461538462,sushi_b,full_data
1,51,52,6,9,3,0.666666666666667,sushi_b,full_data
1,51,55,3,7,4,0.428571428571429,sushi_b,full_data
1,51,56,1,1,0,1,sushi_b,full_data
1,51,58,5,13,8,0.384615384615385,sushi_b,full_data
1,51,59,2,3,1,0.666666666666667,sushi_b,full_data
1,51,60,2,3,1,0.666666666666667,sushi_b,full_data
1,51,64,2,3,1,0.666666666666667,sushi_b,full_data
1,51,66,2,5,3,0.4,sushi_b,full_data
1,51,67,2,3,1,0.666666666666667,sushi_b,full_data
1,51,68,2,2,0,1,sushi_b,full_data
1,51,69,0,2,2,0,sushi_b,full_data
1,51,70,2,4,2,0.5,sushi_b,full_data
1,51,74,0,1,1,0,sushi_b,full_data
1,51,75,0,1,1,0,sushi_b,full_data
1,51,77,3,6,3,0.5,sushi_b,full_data
1,51,78,3,3,0,1,sushi_b,full_data
1,51,80,1,1,0,1,sushi_b,full_data
1,51,86,1,2,1,0.5,sushi_b,full_data
1,51,87,3,4,1,0.75,sushi_b,full_data
1,51,89,1,1,0,1,sushi_b,full_data
1,51,91,1,1,0,1,sushi_b,full_data
1,51,92,1,1,0,1,sushi_b,full_data
1,51,93,1,1,0,1,sushi_b,full_data
1,51,98,2,2,0,1,sushi_b,full_data
1,52,17,23,42,19,0.547619047619048,sushi_b,full_data
1,52,40,5,21,16,0.238095238095238,sushi_b,full_data
1,52,42,14,21,7,0.666666666666667,sushi_b,full_data
1,52,56,2,4,2,0.5,sushi_b,full_data
1,52,59,4,5,1,0.8,sushi_b,full_data
1,52,60,4,7,3,0.571428571428571,sushi_b,full_data
1,52,64,7,15,8,0.466666666666667,sushi_b,full_data
1,52,69,2,6,4,0.333333333333333,sushi_b,full_data
1,52,74,6,8,2,0.75,sushi_b,full_data
1,52,78,2,5,3,0.4,sushi_b,full_data
1,52,81,1,1,0,1,sushi_b,full_data
1,52,84,5,5,0,1,sushi_b,full_data
1,52,85,4,4,0,1,sushi_b,full_data
1,52,86,1,2,1,0.5,sushi_b,full_data
1,52,90,2,2,0,1,sushi_b,full_data
1,52,92,1,4,3,0.25,sushi_b,full_data
1,52,93,1,1,0,1,sushi_b,full_data
1,52,94,1,4,3,0.25,sushi_b,full_data
1,52,97,1,3,2,0.333333333333333,sushi_b,full_data
1,53,0,9,19,10,0.473684210526316,sushi_b,full_data
1,53,1,17,31,14,0.548387096774194,sushi_b,full_data
1,53,3,1,3,2,0.333333333333333,sushi_b,full_data
1,53,4,4,9,5,0.444444444444444,sushi_b,full_data
1,53,5,1,1,0,1,sushi_b,full_data
1,53,6,30,58,28,0.517241379310345,sushi_b,full_data
1,53,10,6,7,1,0.857142857142857,sushi_b,full_data
1,53,11,19,40,21,0.475,sushi_b,full_data
1,53,13,30,53,23,0.566037735849057,sushi_b,full_data
1,53,20,10,20,10,0.5,sushi_b,full_data
1,53,21,1,2,1,0.5,sushi_b,full_data
1,53,22,5,10,5,0.5,sushi_b,full_data
1,53,25,0,1,1,0,sushi_b,full_data
1,53,26,4,8,4,0.5,sushi_b,full_data
1,53,27,2,3,1,0.666666666666667,sushi_b,full_data
1,53,30,1,1,0,1,sushi_b,full_data
1,53,36,1,1,0,1,sushi_b,full_data
1,53,39,1,1,0,1,sushi_b,full_data
1,53,41,3,6,3,0.5,sushi_b,full_data
1,53,57,0,1,1,0,sushi_b,full_data
1,53,79,4,7,3,0.571428571428571,sushi_b,full_data
1,54,12,14,31,17,0.451612903225806,sushi_b,full_data
1,54,16,8,14,6,0.571428571428571,sushi_b,full_data
1,54,17,1,2,1,0.5,sushi_b,full_data
1,54,18,20,36,16,0.555555555555556,sushi_b,full_data
1,54,23,10,13,3,0.769230769230769,sushi_b,full_data
1,54,24,3,5,2,0.6,sushi_b,full_data
1,54,28,3,3,0,1,sushi_b,full_data
1,54,29,4,7,3,0.571428571428571,sushi_b,full_data
1,54,30,4,9,5,0.444444444444444,sushi_b,full_data
1,54,32,11,16,5,0.6875,sushi_b,full_data
1,54,33,5,6,1,0.833333333333333,sushi_b,full_data
1,54,38,8,12,4,0.666666666666667,sushi_b,full_data
1,54,44,5,11,6,0.454545454545455,sushi_b,full_data
1,54,46,16,26,10,0.615384615384615,sushi_b,full_data
1,54,48,0,3,3,0,sushi_b,full_data
1,54,50,3,8,5,0.375,sushi_b,full_data
1,54,51,3,5,2,0.6,sushi_b,full_data
1,54,52,1,2,1,0.5,sushi_b,full_data
1,54,55,1,3,2,0.333333333333333,sushi_b,full_data
1,54,58,2,3,1,0.666666666666667,sushi_b,full_data
1,54,63,3,5,2,0.6,sushi_b,full_data
1,54,66,1,1,0,1,sushi_b,full_data
1,54,70,1,1,0,1,sushi_b,full_data
1,54,71,1,2,1,0.5,sushi_b,full_data
1,54,72,1,1,0,1,sushi_b,full_data
1,54,74,1,1,0,1,sushi_b,full_data
1,54,82,2,2,0,1,sushi_b,full_data
1,54,95,2,3,1,0.666666666666667,sushi_b,full_data
1,55,17,6,13,7,0.461538461538462,sushi_b,full_data
1,55,24,12,22,10,0.545454545454545,sushi_b,full_data
1,55,28,7,15,8,0.466666666666667,sushi_b,full_data
1,55,29,9,18,9,0.5,sushi_b,full_data
1,55,35,7,15,8,0.466666666666667,sushi_b,full_data
1,55,40,2,5,3,0.4,sushi_b,full_data
1,55,42,4,6,2,0.666666666666667,sushi_b,full_data
1,55,48,9,11,2,0.818181818181818,sushi_b,full_data
1,55,49,5,9,4,0.555555555555556,sushi_b,full_data
1,55,52,3,9,6,0.333333333333333,sushi_b,full_data
1,55,56,1,2,1,0.5,sushi_b,full_data
1,55,58,3,5,2,0.6,sushi_b,full_data
1,55,59,1,1,0,1,sushi_b,full_data
1,55,60,1,2,1,0.5,sushi_b,full_data
1,55,64,1,3,2,0.333333333333333,sushi_b,full_data
1,55,67,2,4,2,0.5,sushi_b,full_data
1,55,68,1,3,2,0.333333333333333,sushi_b,full_data
1,55,70,2,3,1,0.666666666666667,sushi_b,full_data
1,55,74,2,4,2,0.5,sushi_b,full_data
1,55,75,3,3,0,1,sushi_b,full_data
1,55,77,2,2,0,1,sushi_b,full_data
1,55,80,1,2,1,0.5,sushi_b,full_data
1,55,85,0,1,1,0,sushi_b,full_data
1,55,91,0,1,1,0,sushi_b,full_data
1,55,97,1,1,0,1,sushi_b,full_data
1,55,98,2,2,0,1,sushi_b,full_data
1,55,99,0,1,1,0,sushi_b,full_data
1,56,17,16,34,18,0.470588235294118,sushi_b,full_data
1,56,40,8,14,6,0.571428571428571,sushi_b,full_data
1,56,59,10,15,5,0.666666666666667,sushi_b,full_data
1,56,60,5,8,3,0.625,sushi_b,full_data
1,56,69,1,2,1,0.5,sushi_b,full_data
1,56,78,1,1,0,1,sushi_b,full_data
1,56,81,1,1,0,1,sushi_b,full_data
1,56,85,2,3,1,0.666666666666667,sushi_b,full_data
1,56,86,1,1,0,1,sushi_b,full_data
1,56,89,1,3,2,0.333333333333333,sushi_b,full_data
1,56,90,1,1,0,1,sushi_b,full_data
1,56,92,1,1,0,1,sushi_b,full_data
1,56,93,1,2,1,0.5,sushi_b,full_data
1,56,94,1,1,0,1,sushi_b,full_data
1,56,97,2,2,0,1,sushi_b,full_data
1,57,5,26,49,23,0.530612244897959,sushi_b,full_data
1,57,7,13,21,8,0.619047619047619,sushi_b,full_data
1,57,12,4,6,2,0.666666666666667,sushi_b,full_data
1,57,14,14,23,9,0.608695652173913,sushi_b,full_data
1,57,16,3,6,3,0.5,sushi_b,full_data
1,57,18,3,5,2,0.6,sushi_b,full_data
1,57,23,2,3,1,0.666666666666667,sushi_b,full_data
1,57,25,18,34,16,0.529411764705882,sushi_b,full_data
1,57,30,1,1,0,1,sushi_b,full_data
1,57,31,8,17,9,0.470588235294118,sushi_b,full_data
1,57,32,1,1,0,1,sushi_b,full_data
1,57,33,1,1,0,1,sushi_b,full_data
1,57,34,2,7,5,0.285714285714286,sushi_b,full_data
1,57,38,1,2,1,0.5,sushi_b,full_data
1,57,39,3,4,1,0.75,sushi_b,full_data
1,57,43,2,6,4,0.333333333333333,sushi_b,full_data
1,57,44,2,2,0,1,sushi_b,full_data
1,57,45,5,7,2,0.714285714285714,sushi_b,full_data
1,57,46,2,4,2,0.5,sushi_b,full_data
1,57,49,1,2,1,0.5,sushi_b,full_data
1,57,51,0,1,1,0,sushi_b,full_data
1,57,54,1,4,3,0.25,sushi_b,full_data
1,57,62,2,3,1,0.666666666666667,sushi_b,full_data
1,57,63,1,1,0,1,sushi_b,full_data
1,57,65,2,2,0,1,sushi_b,full_data
1,57,72,0,1,1,0,sushi_b,full_data
1,57,88,3,4,1,0.75,sushi_b,full_data
1,57,95,1,1,0,1,sushi_b,full_data
1,58,17,4,10,6,0.4,sushi_b,full_data
1,58,24,18,29,11,0.620689655172414,sushi_b,full_data
1,58,28,9,20,11,0.45,sushi_b,full_data
1,58,29,13,21,8,0.619047619047619,sushi_b,full_data
1,58,35,13,25,12,0.52,sushi_b,full_data
1,58,40,8,13,5,0.615384615384615,sushi_b,full_data
1,58,42,1,4,3,0.25,sushi_b,full_data
1,58,49,3,8,5,0.375,sushi_b,full_data
1,58,52,4,7,3,0.571428571428571,sushi_b,full_data
1,58,56,1,4,3,0.25,sushi_b,full_data
1,58,59,3,4,1,0.75,sushi_b,full_data
1,58,60,2,3,1,0.666666666666667,sushi_b,full_data
1,58,64,4,5,1,0.8,sushi_b,full_data
1,58,67,2,4,2,0.5,sushi_b,full_data
1,58,68,2,2,0,1,sushi_b,full_data
1,58,74,2,6,4,0.333333333333333,sushi_b,full_data
1,58,75,1,1,0,1,sushi_b,full_data
1,58,77,0,1,1,0,sushi_b,full_data
1,58,78,0,1,1,0,sushi_b,full_data
1,58,81,1,1,0,1,sushi_b,full_data
1,58,83,0,1,1,0,sushi_b,full_data
1,58,84,2,2,0,1,sushi_b,full_data
1,58,85,0,1,1,0,sushi_b,full_data
1,58,86,3,3,0,1,sushi_b,full_data
1,58,91,2,3,1,0.666666666666667,sushi_b,full_data
1,58,97,1,2,1,0.5,sushi_b,full_data
1,58,98,2,2,0,1,sushi_b,full_data
1,58,99,1,1,0,1,sushi_b,full_data
1,59,81,1,3,2,0.333333333333333,sushi_b,full_data
1,59,85,1,2,1,0.5,sushi_b,full_data
1,59,89,2,2,0,1,sushi_b,full_data
1,59,90,2,3,1,0.666666666666667,sushi_b,full_data
1,59,92,2,3,1,0.666666666666667,sushi_b,full_data
1,59,93,3,3,0,1,sushi_b,full_data
1,59,97,1,1,0,1,sushi_b,full_data
1,60,17,25,36,11,0.694444444444444,sushi_b,full_data
1,60,40,9,18,9,0.5,sushi_b,full_data
1,60,59,2,2,0,1,sushi_b,full_data
1,60,69,4,4,0,1,sushi_b,full_data
1,60,78,1,5,4,0.2,sushi_b,full_data
1,60,85,3,3,0,1,sushi_b,full_data
1,60,89,3,3,0,1,sushi_b,full_data
1,60,90,3,4,1,0.75,sushi_b,full_data
1,60,92,2,2,0,1,sushi_b,full_data
1,60,93,0,1,1,0,sushi_b,full_data
1,60,94,1,2,1,0.5,sushi_b,full_data
1,61,0,6,7,1,0.857142857142857,sushi_b,full_data
1,61,1,2,5,3,0.4,sushi_b,full_data
1,61,2,21,39,18,0.538461538461538,sushi_b,full_data
1,61,4,1,1,0,1,sushi_b,full_data
1,61,6,14,20,6,0.7,sushi_b,full_data
1,61,9,27,52,25,0.519230769230769,sushi_b,full_data
1,61,10,1,1,0,1,sushi_b,full_data
1,61,11,5,13,8,0.384615384615385,sushi_b,full_data
1,61,13,10,25,15,0.4,sushi_b,full_data
1,61,15,15,33,18,0.454545454545455,sushi_b,full_data
1,61,20,8,10,2,0.8,sushi_b,full_data
1,61,21,1,1,0,1,sushi_b,full_data
1,61,22,3,5,2,0.6,sushi_b,full_data
1,61,26,3,3,0,1,sushi_b,full_data
1,61,27,0,1,1,0,sushi_b,full_data
1,61,41,2,4,2,0.5,sushi_b,full_data
1,61,47,2,6,4,0.333333333333333,sushi_b,full_data
1,61,53,4,5,1,0.8,sushi_b,full_data
1,61,79,0,3,3,0,sushi_b,full_data
1,62,7,34,60,26,0.566666666666667,sushi_b,full_data
1,62,12,9,21,12,0.428571428571429,sushi_b,full_data
1,62,16,2,9,7,0.222222222222222,sushi_b,full_data
1,62,17,1,1,0,1,sushi_b,full_data
1,62,18,9,15,6,0.6,sushi_b,full_data
1,62,23,1,2,1,0.5,sushi_b,full_data
1,62,28,1,1,0,1,sushi_b,full_data
1,62,29,2,2,0,1,sushi_b,full_data
1,62,30,2,6,4,0.333333333333333,sushi_b,full_data
1,62,32,7,12,5,0.583333333333333,sushi_b,full_data
1,62,33,0,1,1,0,sushi_b,full_data
1,62,35,2,5,3,0.4,sushi_b,full_data
1,62,38,2,4,2,0.5,sushi_b,full_data
1,62,39,4,7,3,0.571428571428571,sushi_b,full_data
1,62,40,1,1,0,1,sushi_b,full_data
1,62,43,8,10,2,0.8,sushi_b,full_data
1,62,44,4,9,5,0.444444444444444,sushi_b,full_data
1,62,46,1,4,3,0.25,sushi_b,full_data
1,62,48,0,2,2,0,sushi_b,full_data
1,62,50,4,5,1,0.8,sushi_b,full_data
1,62,54,5,7,2,0.714285714285714,sushi_b,full_data
1,62,58,0,1,1,0,sushi_b,full_data
1,62,59,1,2,1,0.5,sushi_b,full_data
1,62,60,0,1,1,0,sushi_b,full_data
1,62,63,2,2,0,1,sushi_b,full_data
1,62,65,1,2,1,0.5,sushi_b,full_data
1,62,66,0,1,1,0,sushi_b,full_data
1,62,67,1,1,0,1,sushi_b,full_data
1,62,68,1,1,0,1,sushi_b,full_data
1,62,71,2,5,3,0.4,sushi_b,full_data
1,62,72,1,2,1,0.5,sushi_b,full_data
1,62,80,1,1,0,1,sushi_b,full_data
1,62,82,1,2,1,0.5,sushi_b,full_data
1,62,87,1,1,0,1,sushi_b,full_data
1,62,95,4,4,0,1,sushi_b,full_data
1,63,16,18,34,16,0.529411764705882,sushi_b,full_data
1,63,17,4,7,3,0.571428571428571,sushi_b,full_data
1,63,23,13,19,6,0.684210526315789,sushi_b,full_data
1,63,24,7,14,7,0.5,sushi_b,full_data
1,63,28,3,9,6,0.333333333333333,sushi_b,full_data
1,63,29,4,8,4,0.5,sushi_b,full_data
1,63,30,13,22,9,0.590909090909091,sushi_b,full_data
1,63,33,9,17,8,0.529411764705882,sushi_b,full_data
1,63,35,3,9,6,0.333333333333333,sushi_b,full_data
1,63,42,4,4,0,1,sushi_b,full_data
1,63,48,3,9,6,0.333333333333333,sushi_b,full_data
1,63,49,4,4,0,1,sushi_b,full_data
1,63,51,8,12,4,0.666666666666667,sushi_b,full_data
1,63,52,1,2,1,0.5,sushi_b,full_data
1,63,55,1,5,4,0.2,sushi_b,full_data
1,63,56,1,1,0,1,sushi_b,full_data
1,63,58,2,3,1,0.666666666666667,sushi_b,full_data
1,63,60,1,1,0,1,sushi_b,full_data
1,63,64,0,1,1,0,sushi_b,full_data
1,63,66,3,4,1,0.75,sushi_b,full_data
1,63,67,3,5,2,0.6,sushi_b,full_data
1,63,70,0,1,1,0,sushi_b,full_data
1,63,72,1,4,3,0.25,sushi_b,full_data
1,63,77,1,2,1,0.5,sushi_b,full_data
1,63,82,1,2,1,0.5,sushi_b,full_data
1,63,87,1,1,0,1,sushi_b,full_data
1,63,91,1,3,2,0.333333333333333,sushi_b,full_data
1,63,93,0,1,1,0,sushi_b,full_data
1,63,94,1,1,0,1,sushi_b,full_data
1,63,97,1,1,0,1,sushi_b,full_data
1,64,17,16,37,21,0.432432432432432,sushi_b,full_data
1,64,40,9,15,6,0.6,sushi_b,full_data
1,64,42,13,15,2,0.866666666666667,sushi_b,full_data
1,64,56,3,3,0,1,sushi_b,full_data
1,64,59,5,9,4,0.555555555555556,sushi_b,full_data
1,64,60,3,8,5,0.375,sushi_b,full_data
1,64,69,3,6,3,0.5,sushi_b,full_data
1,64,78,1,3,2,0.333333333333333,sushi_b,full_data
1,64,81,1,2,1,0.5,sushi_b,full_data
1,64,85,2,3,1,0.666666666666667,sushi_b,full_data
1,64,86,2,2,0,1,sushi_b,full_data
1,64,89,1,1,0,1,sushi_b,full_data
1,64,90,0,1,1,0,sushi_b,full_data
1,64,92,3,4,1,0.75,sushi_b,full_data
1,64,93,2,4,2,0.5,sushi_b,full_data
1,64,97,5,5,0,1,sushi_b,full_data
1,65,12,9,19,10,0.473684210526316,sushi_b,full_data
1,65,16,3,8,5,0.375,sushi_b,full_data
1,65,17,1,2,1,0.5,sushi_b,full_data
1,65,18,13,22,9,0.590909090909091,sushi_b,full_data
1,65,24,1,1,0,1,sushi_b,full_data
1,65,28,1,2,1,0.5,sushi_b,full_data
1,65,29,3,4,1,0.75,sushi_b,full_data
1,65,30,2,4,2,0.5,sushi_b,full_data
1,65,32,9,15,6,0.6,sushi_b,full_data
1,65,33,5,6,1,0.833333333333333,sushi_b,full_data
1,65,35,3,4,1,0.75,sushi_b,full_data
1,65,38,2,3,1,0.666666666666667,sushi_b,full_data
1,65,39,11,16,5,0.6875,sushi_b,full_data
1,65,42,0,1,1,0,sushi_b,full_data
1,65,44,7,11,4,0.636363636363636,sushi_b,full_data
1,65,46,4,6,2,0.666666666666667,sushi_b,full_data
1,65,48,1,3,2,0.333333333333333,sushi_b,full_data
1,65,50,0,1,1,0,sushi_b,full_data
1,65,51,2,5,3,0.4,sushi_b,full_data
1,65,54,3,4,1,0.75,sushi_b,full_data
1,65,63,1,1,0,1,sushi_b,full_data
1,65,64,1,1,0,1,sushi_b,full_data
1,65,66,1,1,0,1,sushi_b,full_data
1,65,67,0,2,2,0,sushi_b,full_data
1,65,71,2,3,1,0.666666666666667,sushi_b,full_data
1,65,72,0,2,2,0,sushi_b,full_data
1,65,75,1,1,0,1,sushi_b,full_data
1,65,82,1,1,0,1,sushi_b,full_data
1,65,83,1,1,0,1,sushi_b,full_data
1,65,86,1,1,0,1,sushi_b,full_data
1,65,90,1,1,0,1,sushi_b,full_data
1,65,95,1,1,0,1,sushi_b,full_data
1,66,17,2,5,3,0.4,sushi_b,full_data
1,66,23,8,14,6,0.571428571428571,sushi_b,full_data
1,66,24,6,11,5,0.545454545454545,sushi_b,full_data
1,66,28,4,8,4,0.5,sushi_b,full_data
1,66,29,7,10,3,0.7,sushi_b,full_data
1,66,33,13,18,5,0.722222222222222,sushi_b,full_data
1,66,35,5,11,6,0.454545454545455,sushi_b,full_data
1,66,40,4,7,3,0.571428571428571,sushi_b,full_data
1,66,42,6,7,1,0.857142857142857,sushi_b,full_data
1,66,48,2,3,1,0.666666666666667,sushi_b,full_data
1,66,49,0,2,2,0,sushi_b,full_data
1,66,52,0,1,1,0,sushi_b,full_data
1,66,55,2,4,2,0.5,sushi_b,full_data
1,66,56,1,1,0,1,sushi_b,full_data
1,66,58,2,4,2,0.5,sushi_b,full_data
1,66,60,1,1,0,1,sushi_b,full_data
1,66,64,2,2,0,1,sushi_b,full_data
1,66,67,1,2,1,0.5,sushi_b,full_data
1,66,68,0,1,1,0,sushi_b,full_data
1,66,69,2,2,0,1,sushi_b,full_data
1,66,70,0,1,1,0,sushi_b,full_data
1,66,74,1,1,0,1,sushi_b,full_data
1,66,77,3,3,0,1,sushi_b,full_data
1,66,81,0,1,1,0,sushi_b,full_data
1,66,83,0,1,1,0,sushi_b,full_data
1,66,84,0,1,1,0,sushi_b,full_data
1,66,89,2,2,0,1,sushi_b,full_data
1,66,90,1,1,0,1,sushi_b,full_data
1,66,91,0,1,1,0,sushi_b,full_data
1,66,97,2,2,0,1,sushi_b,full_data
1,66,99,0,1,1,0,sushi_b,full_data
1,67,17,11,13,2,0.846153846153846,sushi_b,full_data
1,67,24,6,11,5,0.545454545454545,sushi_b,full_data
1,67,28,7,16,9,0.4375,sushi_b,full_data
1,67,29,13,18,5,0.722222222222222,sushi_b,full_data
1,67,40,2,2,0,1,sushi_b,full_data
1,67,42,2,6,4,0.333333333333333,sushi_b,full_data
1,67,49,5,7,2,0.714285714285714,sushi_b,full_data
1,67,52,2,3,1,0.666666666666667,sushi_b,full_data
1,67,56,3,4,1,0.75,sushi_b,full_data
1,67,60,1,3,2,0.333333333333333,sushi_b,full_data
1,67,64,1,3,2,0.333333333333333,sushi_b,full_data
1,67,68,2,2,0,1,sushi_b,full_data
1,67,69,1,1,0,1,sushi_b,full_data
1,67,74,2,3,1,0.666666666666667,sushi_b,full_data
1,67,77,1,3,2,0.333333333333333,sushi_b,full_data
1,67,78,3,4,1,0.75,sushi_b,full_data
1,67,83,0,1,1,0,sushi_b,full_data
1,67,85,1,1,0,1,sushi_b,full_data
1,67,90,1,1,0,1,sushi_b,full_data
1,67,91,1,1,0,1,sushi_b,full_data
1,67,93,1,2,1,0.5,sushi_b,full_data
1,67,94,1,1,0,1,sushi_b,full_data
1,68,17,3,11,8,0.272727272727273,sushi_b,full_data
1,68,40,8,13,5,0.615384615384615,sushi_b,full_data
1,68,42,4,10,6,0.4,sushi_b,full_data
1,68,49,6,7,1,0.857142857142857,sushi_b,full_data
1,68,52,5,10,5,0.5,sushi_b,full_data
1,68,56,2,6,4,0.333333333333333,sushi_b,full_data
1,68,59,1,1,0,1,sushi_b,full_data
1,68,60,1,3,2,0.333333333333333,sushi_b,full_data
1,68,64,4,5,1,0.8,sushi_b,full_data
1,68,69,2,2,0,1,sushi_b,full_data
1,68,74,3,4,1,0.75,sushi_b,full_data
1,68,75,2,3,1,0.666666666666667,sushi_b,full_data
1,68,77,2,4,2,0.5,sushi_b,full_data
1,68,78,2,3,1,0.666666666666667,sushi_b,full_data
1,68,80,0,1,1,0,sushi_b,full_data
1,68,86,1,1,0,1,sushi_b,full_data
1,68,90,1,2,1,0.5,sushi_b,full_data
1,68,98,0,1,1,0,sushi_b,full_data
1,68,99,3,3,0,1,sushi_b,full_data
1,69,17,13,25,12,0.52,sushi_b,full_data
1,69,59,6,9,3,0.666666666666667,sushi_b,full_data
1,69,78,3,5,2,0.6,sushi_b,full_data
1,69,81,1,2,1,0.5,sushi_b,full_data
1,69,85,2,2,0,1,sushi_b,full_data
1,69,89,2,2,0,1,sushi_b,full_data
1,69,90,0,2,2,0,sushi_b,full_data
1,69,93,1,2,1,0.5,sushi_b,full_data
1,69,94,1,2,1,0.5,sushi_b,full_data
1,69,97,1,4,3,0.25,sushi_b,full_data
1,70,17,11,16,5,0.6875,sushi_b,full_data
1,70,24,4,9,5,0.444444444444444,sushi_b,full_data
1,70,28,4,15,11,0.266666666666667,sushi_b,full_data
1,70,29,8,13,5,0.615384615384615,sushi_b,full_data
1,70,35,7,9,2,0.777777777777778,sushi_b,full_data
1,70,40,1,4,3,0.25,sushi_b,full_data
1,70,42,3,3,0,1,sushi_b,full_data
1,70,49,2,2,0,1,sushi_b,full_data
1,70,52,2,3,1,0.666666666666667,sushi_b,full_data
1,70,56,1,2,1,0.5,sushi_b,full_data
1,70,58,4,5,1,0.8,sushi_b,full_data
1,70,60,1,1,0,1,sushi_b,full_data
1,70,64,2,2,0,1,sushi_b,full_data
1,70,67,3,3,0,1,sushi_b,full_data
1,70,68,2,4,2,0.5,sushi_b,full_data
1,70,69,0,2,2,0,sushi_b,full_data
1,70,74,3,4,1,0.75,sushi_b,full_data
1,70,75,2,5,3,0.4,sushi_b,full_data
1,70,78,2,2,0,1,sushi_b,full_data
1,70,80,1,1,0,1,sushi_b,full_data
1,70,83,1,1,0,1,sushi_b,full_data
1,70,84,1,1,0,1,sushi_b,full_data
1,70,90,1,1,0,1,sushi_b,full_data
1,70,91,1,2,1,0.5,sushi_b,full_data
1,70,93,0,1,1,0,sushi_b,full_data
1,70,98,0,1,1,0,sushi_b,full_data
1,70,99,0,1,1,0,sushi_b,full_data
1,71,12,19,30,11,0.633333333333333,sushi_b,full_data
1,71,16,11,20,9,0.55,sushi_b,full_data
1,71,23,3,8,5,0.375,sushi_b,full_data
1,71,24,2,7,5,0.285714285714286,sushi_b,full_data
1,71,28,1,2,1,0.5,sushi_b,full_data
1,71,29,4,5,1,0.8,sushi_b,full_data
1,71,30,10,15,5,0.666666666666667,sushi_b,full_data
1,71,33,7,9,2,0.777777777777778,sushi_b,full_data
1,71,35,2,2,0,1,sushi_b,full_data
1,71,38,2,7,5,0.285714285714286,sushi_b,full_data
1,71,40,1,1,0,1,sushi_b,full_data
1,71,42,2,2,0,1,sushi_b,full_data
1,71,48,2,3,1,0.666666666666667,sushi_b,full_data
1,71,49,1,2,1,0.5,sushi_b,full_data
1,71,50,5,11,6,0.454545454545455,sushi_b,full_data
1,71,51,1,5,4,0.2,sushi_b,full_data
1,71,52,2,2,0,1,sushi_b,full_data
1,71,58,1,1,0,1,sushi_b,full_data
1,71,63,8,11,3,0.727272727272727,sushi_b,full_data
1,71,67,1,1,0,1,sushi_b,full_data
1,71,69,2,2,0,1,sushi_b,full_data
1,71,70,1,1,0,1,sushi_b,full_data
1,71,72,0,3,3,0,sushi_b,full_data
1,71,74,0,1,1,0,sushi_b,full_data
1,71,75,1,1,0,1,sushi_b,full_data
1,71,77,0,1,1,0,sushi_b,full_data
1,71,82,1,2,1,0.5,sushi_b,full_data
1,71,87,0,1,1,0,sushi_b,full_data
1,71,99,0,2,2,0,sushi_b,full_data
1,72,17,4,7,3,0.571428571428571,sushi_b,full_data
1,72,23,18,32,14,0.5625,sushi_b,full_data
1,72,24,8,15,7,0.533333333333333,sushi_b,full_data
1,72,28,4,6,2,0.666666666666667,sushi_b,full_data
1,72,29,9,15,6,0.6,sushi_b,full_data
1,72,33,5,11,6,0.454545454545455,sushi_b,full_data
1,72,35,1,2,1,0.5,sushi_b,full_data
1,72,40,4,4,0,1,sushi_b,full_data
1,72,42,1,1,0,1,sushi_b,full_data
1,72,48,6,8,2,0.75,sushi_b,full_data
1,72,49,2,5,3,0.4,sushi_b,full_data
1,72,51,6,9,3,0.666666666666667,sushi_b,full_data
1,72,52,1,1,0,1,sushi_b,full_data
1,72,55,1,1,0,1,sushi_b,full_data
1,72,58,2,3,1,0.666666666666667,sushi_b,full_data
1,72,59,0,1,1,0,sushi_b,full_data
1,72,60,0,2,2,0,sushi_b,full_data
1,72,66,3,6,3,0.5,sushi_b,full_data
1,72,67,6,6,0,1,sushi_b,full_data
1,72,68,1,3,2,0.333333333333333,sushi_b,full_data
1,72,70,1,3,2,0.333333333333333,sushi_b,full_data
1,72,74,0,1,1,0,sushi_b,full_data
1,72,75,2,3,1,0.666666666666667,sushi_b,full_data
1,72,81,1,1,0,1,sushi_b,full_data
1,72,82,2,3,1,0.666666666666667,sushi_b,full_data
1,72,84,2,2,0,1,sushi_b,full_data
1,72,87,3,3,0,1,sushi_b,full_data
1,72,90,1,1,0,1,sushi_b,full_data
1,72,93,1,1,0,1,sushi_b,full_data
1,72,94,1,1,0,1,sushi_b,full_data
1,73,5,11,26,15,0.423076923076923,sushi_b,full_data
1,73,7,4,9,5,0.444444444444444,sushi_b,full_data
1,73,12,1,1,0,1,sushi_b,full_data
1,73,14,6,10,4,0.6,sushi_b,full_data
1,73,16,0,1,1,0,sushi_b,full_data
1,73,18,4,4,0,1,sushi_b,full_data
1,73,21,14,23,9,0.608695652173913,sushi_b,full_data
1,73,25,11,18,7,0.611111111111111,sushi_b,full_data
1,73,30,1,2,1,0.5,sushi_b,full_data
1,73,31,4,9,5,0.444444444444444,sushi_b,full_data
1,73,34,1,3,2,0.333333333333333,sushi_b,full_data
1,73,39,1,1,0,1,sushi_b,full_data
1,73,43,2,4,2,0.5,sushi_b,full_data
1,73,45,2,2,0,1,sushi_b,full_data
1,73,46,1,3,2,0.333333333333333,sushi_b,full_data
1,73,51,1,2,1,0.5,sushi_b,full_data
1,73,57,3,5,2,0.6,sushi_b,full_data
1,73,62,3,4,1,0.75,sushi_b,full_data
1,73,63,1,1,0,1,sushi_b,full_data
1,73,88,1,2,1,0.5,sushi_b,full_data
1,73,96,1,3,2,0.333333333333333,sushi_b,full_data
1,74,17,13,27,14,0.481481481481481,sushi_b,full_data
1,74,40,9,13,4,0.692307692307692,sushi_b,full_data
1,74,42,12,15,3,0.8,sushi_b,full_data
1,74,56,6,8,2,0.75,sushi_b,full_data
1,74,59,0,1,1,0,sushi_b,full_data
1,74,60,2,5,3,0.4,sushi_b,full_data
1,74,64,4,7,3,0.571428571428571,sushi_b,full_data
1,74,69,1,1,0,1,sushi_b,full_data
1,74,78,3,4,1,0.75,sushi_b,full_data
1,74,81,2,2,0,1,sushi_b,full_data
1,74,84,1,1,0,1,sushi_b,full_data
1,74,85,0,1,1,0,sushi_b,full_data
1,74,86,2,2,0,1,sushi_b,full_data
1,74,89,1,1,0,1,sushi_b,full_data
1,74,90,1,4,3,0.25,sushi_b,full_data
1,74,92,0,1,1,0,sushi_b,full_data
1,74,94,0,1,1,0,sushi_b,full_data
1,75,17,12,23,11,0.521739130434783,sushi_b,full_data
1,75,40,6,9,3,0.666666666666667,sushi_b,full_data
1,75,42,2,7,5,0.285714285714286,sushi_b,full_data
1,75,49,7,10,3,0.7,sushi_b,full_data
1,75,52,4,7,3,0.571428571428571,sushi_b,full_data
1,75,56,2,4,2,0.5,sushi_b,full_data
1,75,59,1,5,4,0.2,sushi_b,full_data
1,75,60,3,5,2,0.6,sushi_b,full_data
1,75,64,3,7,4,0.428571428571429,sushi_b,full_data
1,75,69,1,2,1,0.5,sushi_b,full_data
1,75,74,1,1,0,1,sushi_b,full_data
1,75,78,1,2,1,0.5,sushi_b,full_data
1,75,80,1,2,1,0.5,sushi_b,full_data
1,75,81,1,2,1,0.5,sushi_b,full_data
1,75,83,1,1,0,1,sushi_b,full_data
1,75,89,1,2,1,0.5,sushi_b,full_data
1,75,93,0,1,1,0,sushi_b,full_data
1,75,94,2,2,0,1,sushi_b,full_data
1,75,97,0,1,1,0,sushi_b,full_data
1,75,98,3,3,0,1,sushi_b,full_data
1,76,5,9,17,8,0.529411764705882,sushi_b,full_data
1,76,7,4,8,4,0.5,sushi_b,full_data
1,76,12,3,4,1,0.75,sushi_b,full_data
1,76,14,8,13,5,0.615384615384615,sushi_b,full_data
1,76,16,1,1,0,1,sushi_b,full_data
1,76,17,1,1,0,1,sushi_b,full_data
1,76,18,2,3,1,0.666666666666667,sushi_b,full_data
1,76,21,9,22,13,0.409090909090909,sushi_b,full_data
1,76,25,12,21,9,0.571428571428571,sushi_b,full_data
1,76,30,1,1,0,1,sushi_b,full_data
1,76,31,4,9,5,0.444444444444444,sushi_b,full_data
1,76,34,4,5,1,0.8,sushi_b,full_data
1,76,39,4,5,1,0.8,sushi_b,full_data
1,76,43,1,3,2,0.333333333333333,sushi_b,full_data
1,76,44,1,1,0,1,sushi_b,full_data
1,76,45,2,4,2,0.5,sushi_b,full_data
1,76,46,2,3,1,0.666666666666667,sushi_b,full_data
1,76,50,3,3,0,1,sushi_b,full_data
1,76,54,0,1,1,0,sushi_b,full_data
1,76,57,3,5,2,0.6,sushi_b,full_data
1,76,62,3,5,2,0.6,sushi_b,full_data
1,76,73,5,7,2,0.714285714285714,sushi_b,full_data
1,76,88,1,1,0,1,sushi_b,full_data
1,76,96,1,1,0,1,sushi_b,full_data
1,77,17,4,14,10,0.285714285714286,sushi_b,full_data
1,77,40,4,7,3,0.571428571428571,sushi_b,full_data
1,77,42,6,10,4,0.6,sushi_b,full_data
1,77,49,6,9,3,0.666666666666667,sushi_b,full_data
1,77,52,3,4,1,0.75,sushi_b,full_data
1,77,56,1,2,1,0.5,sushi_b,full_data
1,77,59,3,4,1,0.75,sushi_b,full_data
1,77,60,1,3,2,0.333333333333333,sushi_b,full_data
1,77,64,3,3,0,1,sushi_b,full_data
1,77,69,3,4,1,0.75,sushi_b,full_data
1,77,74,1,3,2,0.333333333333333,sushi_b,full_data
1,77,75,3,5,2,0.6,sushi_b,full_data
1,77,78,1,2,1,0.5,sushi_b,full_data
1,77,80,2,3,1,0.666666666666667,sushi_b,full_data
1,77,83,1,2,1,0.5,sushi_b,full_data
1,77,84,1,2,1,0.5,sushi_b,full_data
1,77,86,1,1,0,1,sushi_b,full_data
1,77,89,0,1,1,0,sushi_b,full_data
1,77,94,0,1,1,0,sushi_b,full_data
1,77,98,2,3,1,0.666666666666667,sushi_b,full_data
1,78,59,3,5,2,0.6,sushi_b,full_data
1,78,81,3,3,0,1,sushi_b,full_data
1,78,85,2,5,3,0.4,sushi_b,full_data
1,78,89,1,1,0,1,sushi_b,full_data
1,78,90,3,4,1,0.75,sushi_b,full_data
1,78,92,1,2,1,0.5,sushi_b,full_data
1,78,93,2,2,0,1,sushi_b,full_data
1,78,97,1,2,1,0.5,sushi_b,full_data
1,79,0,4,8,4,0.5,sushi_b,full_data
1,79,1,7,15,8,0.466666666666667,sushi_b,full_data
1,79,3,0,1,1,0,sushi_b,full_data
1,79,4,3,3,0,1,sushi_b,full_data
1,79,5,1,1,0,1,sushi_b,full_data
1,79,6,16,36,20,0.444444444444444,sushi_b,full_data
1,79,10,4,4,0,1,sushi_b,full_data
1,79,11,11,17,6,0.647058823529412,sushi_b,full_data
1,79,13,16,30,14,0.533333333333333,sushi_b,full_data
1,79,18,1,1,0,1,sushi_b,full_data
1,79,20,10,18,8,0.555555555555556,sushi_b,full_data
1,79,21,0,2,2,0,sushi_b,full_data
1,79,22,2,3,1,0.666666666666667,sushi_b,full_data
1,79,25,2,2,0,1,sushi_b,full_data
1,79,26,6,8,2,0.75,sushi_b,full_data
1,79,27,0,1,1,0,sushi_b,full_data
1,79,41,0,2,2,0,sushi_b,full_data
1,79,76,1,1,0,1,sushi_b,full_data
1,80,17,5,12,7,0.416666666666667,sushi_b,full_data
1,80,40,2,3,1,0.666666666666667,sushi_b,full_data
1,80,42,2,5,3,0.4,sushi_b,full_data
1,80,49,1,1,0,1,sushi_b,full_data
1,80,52,3,5,2,0.6,sushi_b,full_data
1,80,59,2,2,0,1,sushi_b,full_data
1,80,60,1,2,1,0.5,sushi_b,full_data
1,80,64,1,1,0,1,sushi_b,full_data
1,80,69,1,2,1,0.5,sushi_b,full_data
1,80,74,2,5,3,0.4,sushi_b,full_data
1,80,78,1,2,1,0.5,sushi_b,full_data
1,80,81,1,1,0,1,sushi_b,full_data
1,80,84,0,1,1,0,sushi_b,full_data
1,80,86,1,1,0,1,sushi_b,full_data
1,80,89,1,1,0,1,sushi_b,full_data
1,80,93,1,1,0,1,sushi_b,full_data
1,80,97,1,1,0,1,sushi_b,full_data
1,81,85,1,1,0,1,sushi_b,full_data
1,81,97,2,2,0,1,sushi_b,full_data
1,82,23,3,5,2,0.6,sushi_b,full_data
1,82,24,7,12,5,0.583333333333333,sushi_b,full_data
1,82,28,2,6,4,0.333333333333333,sushi_b,full_data
1,82,29,1,3,2,0.333333333333333,sushi_b,full_data
1,82,33,8,11,3,0.727272727272727,sushi_b,full_data
1,82,35,7,8,1,0.875,sushi_b,full_data
1,82,40,1,1,0,1,sushi_b,full_data
1,82,42,2,2,0,1,sushi_b,full_data
1,82,48,3,4,1,0.75,sushi_b,full_data
1,82,49,1,1,0,1,sushi_b,full_data
1,82,51,7,9,2,0.777777777777778,sushi_b,full_data
1,82,55,2,2,0,1,sushi_b,full_data
1,82,56,1,2,1,0.5,sushi_b,full_data
1,82,58,3,3,0,1,sushi_b,full_data
1,82,64,1,1,0,1,sushi_b,full_data
1,82,66,1,1,0,1,sushi_b,full_data
1,82,67,1,1,0,1,sushi_b,full_data
1,82,70,0,1,1,0,sushi_b,full_data
1,82,74,0,1,1,0,sushi_b,full_data
1,82,75,1,1,0,1,sushi_b,full_data
1,82,80,0,1,1,0,sushi_b,full_data
1,82,91,1,3,2,0.333333333333333,sushi_b,full_data
1,83,17,1,7,6,0.142857142857143,sushi_b,full_data
1,83,40,1,4,3,0.25,sushi_b,full_data
1,83,42,0,1,1,0,sushi_b,full_data
1,83,49,1,2,1,0.5,sushi_b,full_data
1,83,56,1,2,1,0.5,sushi_b,full_data
1,83,60,1,1,0,1,sushi_b,full_data
1,83,64,4,7,3,0.571428571428571,sushi_b,full_data
1,83,69,1,2,1,0.5,sushi_b,full_data
1,83,74,1,1,0,1,sushi_b,full_data
1,83,78,1,2,1,0.5,sushi_b,full_data
1,83,80,2,2,0,1,sushi_b,full_data
1,83,85,1,3,2,0.333333333333333,sushi_b,full_data
1,83,89,0,1,1,0,sushi_b,full_data
1,84,17,8,10,2,0.8,sushi_b,full_data
1,84,40,3,5,2,0.6,sushi_b,full_data
1,84,42,3,7,4,0.428571428571429,sushi_b,full_data
1,84,56,1,1,0,1,sushi_b,full_data
1,84,59,1,1,0,1,sushi_b,full_data
1,84,60,2,4,2,0.5,sushi_b,full_data
1,84,64,1,2,1,0.5,sushi_b,full_data
1,84,69,2,3,1,0.666666666666667,sushi_b,full_data
1,84,81,1,2,1,0.5,sushi_b,full_data
1,84,93,0,1,1,0,sushi_b,full_data
1,86,17,6,9,3,0.666666666666667,sushi_b,full_data
1,86,40,2,3,1,0.666666666666667,sushi_b,full_data
1,86,59,0,1,1,0,sushi_b,full_data
1,86,60,1,1,0,1,sushi_b,full_data
1,86,69,1,2,1,0.5,sushi_b,full_data
1,86,78,1,2,1,0.5,sushi_b,full_data
1,86,81,1,1,0,1,sushi_b,full_data
1,86,85,1,1,0,1,sushi_b,full_data
1,86,90,1,1,0,1,sushi_b,full_data
1,86,92,0,1,1,0,sushi_b,full_data
1,86,94,0,1,1,0,sushi_b,full_data
1,87,17,2,4,2,0.5,sushi_b,full_data
1,87,23,4,8,4,0.5,sushi_b,full_data
1,87,24,2,2,0,1,sushi_b,full_data
1,87,28,1,1,0,1,sushi_b,full_data
1,87,29,4,7,3,0.571428571428571,sushi_b,full_data
1,87,33,8,13,5,0.615384615384615,sushi_b,full_data
1,87,35,4,6,2,0.666666666666667,sushi_b,full_data
1,87,40,0,1,1,0,sushi_b,full_data
1,87,42,0,2,2,0,sushi_b,full_data
1,87,48,1,2,1,0.5,sushi_b,full_data
1,87,52,0,1,1,0,sushi_b,full_data
1,87,55,2,3,1,0.666666666666667,sushi_b,full_data
1,87,56,1,1,0,1,sushi_b,full_data
1,87,58,3,5,2,0.6,sushi_b,full_data
1,87,64,1,4,3,0.25,sushi_b,full_data
1,87,66,2,3,1,0.666666666666667,sushi_b,full_data
1,87,67,0,1,1,0,sushi_b,full_data
1,87,70,1,1,0,1,sushi_b,full_data
1,87,77,1,2,1,0.5,sushi_b,full_data
1,87,78,0,1,1,0,sushi_b,full_data
1,87,91,0,2,2,0,sushi_b,full_data
1,87,99,0,1,1,0,sushi_b,full_data
1,88,5,12,18,6,0.666666666666667,sushi_b,full_data
1,88,7,3,8,5,0.375,sushi_b,full_data
1,88,12,2,3,1,0.666666666666667,sushi_b,full_data
1,88,14,7,14,7,0.5,sushi_b,full_data
1,88,16,2,3,1,0.666666666666667,sushi_b,full_data
1,88,18,4,6,2,0.666666666666667,sushi_b,full_data
1,88,28,1,1,0,1,sushi_b,full_data
1,88,31,8,14,6,0.571428571428571,sushi_b,full_data
1,88,32,1,1,0,1,sushi_b,full_data
1,88,34,1,3,2,0.333333333333333,sushi_b,full_data
1,88,35,0,1,1,0,sushi_b,full_data
1,88,38,1,1,0,1,sushi_b,full_data
1,88,39,1,1,0,1,sushi_b,full_data
1,88,43,0,1,1,0,sushi_b,full_data
1,88,44,1,1,0,1,sushi_b,full_data
1,88,46,1,1,0,1,sushi_b,full_data
1,88,59,1,1,0,1,sushi_b,full_data
1,88,62,0,1,1,0,sushi_b,full_data
1,88,65,0,2,2,0,sushi_b,full_data
1,88,72,1,1,0,1,sushi_b,full_data
1,88,82,1,1,0,1,sushi_b,full_data
1,88,84,1,1,0,1,sushi_b,full_data
1,89,81,1,1,0,1,sushi_b,full_data
1,89,85,1,1,0,1,sushi_b,full_data
1,91,17,3,4,1,0.75,sushi_b,full_data
1,91,24,9,12,3,0.75,sushi_b,full_data
1,91,28,4,5,1,0.8,sushi_b,full_data
1,91,29,5,6,1,0.833333333333333,sushi_b,full_data
1,91,40,1,4,3,0.25,sushi_b,full_data
1,91,42,1,3,2,0.333333333333333,sushi_b,full_data
1,91,49,2,2,0,1,sushi_b,full_data
1,91,56,1,1,0,1,sushi_b,full_data
1,91,64,2,3,1,0.666666666666667,sushi_b,full_data
1,91,74,0,1,1,0,sushi_b,full_data
1,91,75,2,3,1,0.666666666666667,sushi_b,full_data
1,91,77,1,3,2,0.333333333333333,sushi_b,full_data
1,91,84,1,1,0,1,sushi_b,full_data
1,91,85,0,1,1,0,sushi_b,full_data
1,91,97,0,1,1,0,sushi_b,full_data
1,92,81,1,1,0,1,sushi_b,full_data
1,92,90,1,1,0,1,sushi_b,full_data
1,92,93,2,3,1,0.666666666666667,sushi_b,full_data
1,92,97,1,1,0,1,sushi_b,full_data
1,93,89,1,1,0,1,sushi_b,full_data
1,94,59,5,7,2,0.714285714285714,sushi_b,full_data
1,94,85,1,2,1,0.5,sushi_b,full_data
1,94,89,2,2,0,1,sushi_b,full_data
1,94,92,1,1,0,1,sushi_b,full_data
1,94,93,0,1,1,0,sushi_b,full_data
1,94,97,1,1,0,1,sushi_b,full_data
1,95,12,8,13,5,0.615384615384615,sushi_b,full_data
1,95,16,4,12,8,0.333333333333333,sushi_b,full_data
1,95,18,9,15,6,0.6,sushi_b,full_data
1,95,23,2,3,1,0.666666666666667,sushi_b,full_data
1,95,24,1,2,1,0.5,sushi_b,full_data
1,95,28,1,1,0,1,sushi_b,full_data
1,95,29,2,2,0,1,sushi_b,full_data
1,95,30,4,6,2,0.666666666666667,sushi_b,full_data
1,95,32,7,9,2,0.777777777777778,sushi_b,full_data
1,95,33,1,3,2,0.333333333333333,sushi_b,full_data
1,95,35,1,2,1,0.5,sushi_b,full_data
1,95,38,1,3,2,0.333333333333333,sushi_b,full_data
1,95,48,0,2,2,0,sushi_b,full_data
1,95,50,3,7,4,0.428571428571429,sushi_b,full_data
1,95,51,1,1,0,1,sushi_b,full_data
1,95,55,0,3,3,0,sushi_b,full_data
1,95,58,0,2,2,0,sushi_b,full_data
1,95,63,1,1,0,1,sushi_b,full_data
1,95,64,1,1,0,1,sushi_b,full_data
1,95,67,1,2,1,0.5,sushi_b,full_data
1,95,71,0,2,2,0,sushi_b,full_data
1,95,74,1,1,0,1,sushi_b,full_data
1,95,87,2,2,0,1,sushi_b,full_data
1,96,5,10,19,9,0.526315789473684,sushi_b,full_data
1,96,7,4,6,2,0.666666666666667,sushi_b,full_data
1,96,12,1,2,1,0.5,sushi_b,full_data
1,96,14,1,3,2,0.333333333333333,sushi_b,full_data
1,96,18,0,3,3,0,sushi_b,full_data
1,96,25,6,9,3,0.666666666666667,sushi_b,full_data
1,96,30,1,1,0,1,sushi_b,full_data
1,96,31,3,4,1,0.75,sushi_b,full_data
1,96,32,1,2,1,0.5,sushi_b,full_data
1,96,34,4,5,1,0.8,sushi_b,full_data
1,96,43,1,1,0,1,sushi_b,full_data
1,96,44,1,2,1,0.5,sushi_b,full_data
1,96,45,3,4,1,0.75,sushi_b,full_data
1,96,50,1,2,1,0.5,sushi_b,full_data
1,96,57,3,4,1,0.75,sushi_b,full_data
1,96,95,0,1,1,0,sushi_b,full_data
1,97,85,1,2,1,0.5,sushi_b,full_data
1,98,17,6,11,5,0.545454545454545,sushi_b,full_data
1,98,40,1,4,3,0.25,sushi_b,full_data
1,98,42,3,4,1,0.75,sushi_b,full_data
1,98,49,2,4,2,0.5,sushi_b,full_data
1,98,52,2,3,1,0.666666666666667,sushi_b,full_data
1,98,56,1,1,0,1,sushi_b,full_data
1,98,59,2,2,0,1,sushi_b,full_data
1,98,60,2,2,0,1,sushi_b,full_data
1,98,64,2,2,0,1,sushi_b,full_data
1,98,69,0,2,2,0,sushi_b,full_data
1,98,74,1,2,1,0.5,sushi_b,full_data
1,98,83,2,2,0,1,sushi_b,full_data
1,98,86,1,2,1,0.5,sushi_b,full_data
1,98,89,0,1,1,0,sushi_b,full_data
1,98,90,1,1,0,1,sushi_b,full_data
1,98,92,2,2,0,1,sushi_b,full_data
1,98,94,0,1,1,0,sushi_b,full_data
1,99,17,6,10,4,0.6,sushi_b,full_data
1,99,40,2,3,1,0.666666666666667,sushi_b,full_data
1,99,42,3,5,2,0.6,sushi_b,full_data
1,99,49,5,6,1,0.833333333333333,sushi_b,full_data
1,99,52,0,1,1,0,sushi_b,full_data
1,99,60,1,2,1,0.5,sushi_b,full_data
1,99,64,1,2,1,0.5,sushi_b,full_data
1,99,69,3,3,0,1,sushi_b,full_data
1,99,74,2,3,1,0.666666666666667,sushi_b,full_data
1,99,75,2,2,0,1,sushi_b,full_data
1,99,77,1,1,0,1,sushi_b,full_data
1,99,81,1,1,0,1,sushi_b,full_data
1,99,83,1,2,1,0.5,sushi_b,full_data
1,99,84,1,3,2,0.333333333333333,sushi_b,full_data
1,99,86,1,1,0,1,sushi_b,full_data
1,99,89,1,1,0,1,sushi_b,full_data
1,99,92,2,2,0,1,sushi_b,full_data
1,99,94,0,1,1,0,sushi_b,full_data
2,0,3,114,178,64,0.640449438202247,sushi_b,full_data
2,0,4,52,92,40,0.565217391304348,sushi_b,full_data
2,0,5,112,146,34,0.767123287671233,sushi_b,full_data
2,0,7,43,61,18,0.704918032786885,sushi_b,full_data
2,0,10,79,133,54,0.593984962406015,sushi_b,full_data
2,0,12,21,27,6,0.777777777777778,sushi_b,full_data
2,0,14,42,73,31,0.575342465753425,sushi_b,full_data
2,0,16,4,7,3,0.571428571428571,sushi_b,full_data
2,0,18,19,32,13,0.59375,sushi_b,full_data
2,0,21,66,110,44,0.6,sushi_b,full_data
2,0,22,23,40,17,0.575,sushi_b,full_data
2,0,23,3,6,3,0.5,sushi_b,full_data
2,0,24,1,1,0,1,sushi_b,full_data
2,0,25,58,105,47,0.552380952380952,sushi_b,full_data
2,0,27,51,97,46,0.525773195876289,sushi_b,full_data
2,0,28,1,2,1,0.5,sushi_b,full_data
2,0,29,2,3,1,0.666666666666667,sushi_b,full_data
2,0,30,8,10,2,0.8,sushi_b,full_data
2,0,31,31,57,26,0.543859649122807,sushi_b,full_data
2,0,32,13,23,10,0.565217391304348,sushi_b,full_data
2,0,33,1,2,1,0.5,sushi_b,full_data
2,0,34,26,47,21,0.553191489361702,sushi_b,full_data
2,0,35,2,4,2,0.5,sushi_b,full_data
2,0,36,37,54,17,0.685185185185185,sushi_b,full_data
2,0,38,10,14,4,0.714285714285714,sushi_b,full_data
2,0,39,13,14,1,0.928571428571429,sushi_b,full_data
2,0,43,13,22,9,0.590909090909091,sushi_b,full_data
2,0,44,4,7,3,0.571428571428571,sushi_b,full_data
2,0,45,17,24,7,0.708333333333333,sushi_b,full_data
2,0,46,9,12,3,0.75,sushi_b,full_data
2,0,48,4,4,0,1,sushi_b,full_data
2,0,50,4,4,0,1,sushi_b,full_data
2,0,51,4,5,1,0.8,sushi_b,full_data
2,0,54,4,6,2,0.666666666666667,sushi_b,full_data
2,0,57,17,23,6,0.739130434782609,sushi_b,full_data
2,0,62,11,14,3,0.785714285714286,sushi_b,full_data
2,0,63,4,4,0,1,sushi_b,full_data
2,0,65,7,10,3,0.7,sushi_b,full_data
2,0,66,1,1,0,1,sushi_b,full_data
2,0,67,0,1,1,0,sushi_b,full_data
2,0,70,1,1,0,1,sushi_b,full_data
2,0,71,3,5,2,0.6,sushi_b,full_data
2,0,73,12,21,9,0.571428571428571,sushi_b,full_data
2,0,74,1,1,0,1,sushi_b,full_data
2,0,76,9,18,9,0.5,sushi_b,full_data
2,0,82,0,2,2,0,sushi_b,full_data
2,0,87,3,4,1,0.75,sushi_b,full_data
2,0,88,7,10,3,0.7,sushi_b,full_data
2,0,95,3,3,0,1,sushi_b,full_data
2,0,96,2,6,4,0.333333333333333,sushi_b,full_data
2,1,0,18,39,21,0.461538461538462,sushi_b,full_data
2,1,3,97,166,69,0.58433734939759,sushi_b,full_data
2,1,4,91,157,66,0.579617834394904,sushi_b,full_data
2,1,5,62,93,31,0.666666666666667,sushi_b,full_data
2,1,7,38,53,15,0.716981132075472,sushi_b,full_data
2,1,10,94,174,80,0.540229885057471,sushi_b,full_data
2,1,12,9,13,4,0.692307692307692,sushi_b,full_data
2,1,14,31,57,26,0.543859649122807,sushi_b,full_data
2,1,16,4,7,3,0.571428571428571,sushi_b,full_data
2,1,18,24,30,6,0.8,sushi_b,full_data
2,1,21,57,93,36,0.612903225806452,sushi_b,full_data
2,1,22,51,102,51,0.5,sushi_b,full_data
2,1,23,0,1,1,0,sushi_b,full_data
2,1,25,38,70,32,0.542857142857143,sushi_b,full_data
2,1,26,52,83,31,0.626506024096386,sushi_b,full_data
2,1,27,40,81,41,0.493827160493827,sushi_b,full_data
2,1,29,1,1,0,1,sushi_b,full_data
2,1,30,5,5,0,1,sushi_b,full_data
2,1,31,31,49,18,0.63265306122449,sushi_b,full_data
2,1,32,13,16,3,0.8125,sushi_b,full_data
2,1,33,2,2,0,1,sushi_b,full_data
2,1,34,18,33,15,0.545454545454545,sushi_b,full_data
2,1,35,2,2,0,1,sushi_b,full_data
2,1,36,35,51,16,0.686274509803922,sushi_b,full_data
2,1,38,0,2,2,0,sushi_b,full_data
2,1,39,6,8,2,0.75,sushi_b,full_data
2,1,43,8,13,5,0.615384615384615,sushi_b,full_data
2,1,44,6,7,1,0.857142857142857,sushi_b,full_data
2,1,45,11,20,9,0.55,sushi_b,full_data
2,1,46,5,9,4,0.555555555555556,sushi_b,full_data
2,1,50,2,2,0,1,sushi_b,full_data
2,1,51,0,2,2,0,sushi_b,full_data
2,1,54,5,5,0,1,sushi_b,full_data
2,1,57,15,24,9,0.625,sushi_b,full_data
2,1,62,4,6,2,0.666666666666667,sushi_b,full_data
2,1,65,4,5,1,0.8,sushi_b,full_data
2,1,71,3,5,2,0.6,sushi_b,full_data
2,1,72,0,1,1,0,sushi_b,full_data
2,1,73,6,14,8,0.428571428571429,sushi_b,full_data
2,1,76,9,18,9,0.5,sushi_b,full_data
2,1,88,3,9,6,0.333333333333333,sushi_b,full_data
2,1,95,1,2,1,0.5,sushi_b,full_data
2,1,96,3,5,2,0.6,sushi_b,full_data
2,2,0,102,178,76,0.573033707865168,sushi_b,full_data
2,2,1,100,173,73,0.578034682080925,sushi_b,full_data
2,2,3,56,85,29,0.658823529411765,sushi_b,full_data
2,2,4,52,101,49,0.514851485148515,sushi_b,full_data
2,2,5,24,35,11,0.685714285714286,sushi_b,full_data
2,2,6,41,89,48,0.460674157303371,sushi_b,full_data
2,2,7,3,6,3,0.5,sushi_b,full_data
2,2,10,59,96,37,0.614583333333333,sushi_b,full_data
2,2,11,70,114,44,0.614035087719298,sushi_b,full_data
2,2,12,0,1,1,0,sushi_b,full_data
2,2,13,10,19,9,0.526315789473684,sushi_b,full_data
2,2,14,8,14,6,0.571428571428571,sushi_b,full_data
2,2,18,4,7,3,0.571428571428571,sushi_b,full_data
2,2,20,64,105,41,0.60952380952381,sushi_b,full_data
2,2,21,29,36,7,0.805555555555556,sushi_b,full_data
2,2,22,51,80,29,0.6375,sushi_b,full_data
2,2,25,11,21,10,0.523809523809524,sushi_b,full_data
2,2,26,57,76,19,0.75,sushi_b,full_data
2,2,27,22,42,20,0.523809523809524,sushi_b,full_data
2,2,31,8,12,4,0.666666666666667,sushi_b,full_data
2,2,32,0,1,1,0,sushi_b,full_data
2,2,33,1,1,0,1,sushi_b,full_data
2,2,34,5,7,2,0.714285714285714,sushi_b,full_data
2,2,35,1,1,0,1,sushi_b,full_data
2,2,36,9,20,11,0.45,sushi_b,full_data
2,2,39,3,4,1,0.75,sushi_b,full_data
2,2,41,23,44,21,0.522727272727273,sushi_b,full_data
2,2,44,1,2,1,0.5,sushi_b,full_data
2,2,45,4,5,1,0.8,sushi_b,full_data
2,2,46,3,3,0,1,sushi_b,full_data
2,2,54,0,1,1,0,sushi_b,full_data
2,2,57,7,7,0,1,sushi_b,full_data
2,2,62,2,4,2,0.5,sushi_b,full_data
2,2,63,1,1,0,1,sushi_b,full_data
2,2,73,4,5,1,0.8,sushi_b,full_data
2,2,76,4,5,1,0.8,sushi_b,full_data
2,2,79,1,2,1,0.5,sushi_b,full_data
2,2,95,1,1,0,1,sushi_b,full_data
2,2,96,2,2,0,1,sushi_b,full_data
2,3,5,102,149,47,0.684563758389262,sushi_b,full_data
2,3,7,85,138,53,0.615942028985507,sushi_b,full_data
2,3,12,53,77,24,0.688311688311688,sushi_b,full_data
2,3,14,59,127,68,0.464566929133858,sushi_b,full_data
2,3,16,28,42,14,0.666666666666667,sushi_b,full_data
2,3,17,3,4,1,0.75,sushi_b,full_data
2,3,18,40,61,21,0.655737704918033,sushi_b,full_data
2,3,21,24,60,36,0.4,sushi_b,full_data
2,3,23,14,19,5,0.736842105263158,sushi_b,full_data
2,3,24,8,8,0,1,sushi_b,full_data
2,3,25,48,84,36,0.571428571428571,sushi_b,full_data
2,3,28,4,5,1,0.8,sushi_b,full_data
2,3,29,6,7,1,0.857142857142857,sushi_b,full_data
2,3,30,31,39,8,0.794871794871795,sushi_b,full_data
2,3,31,33,54,21,0.611111111111111,sushi_b,full_data
2,3,32,28,41,13,0.682926829268293,sushi_b,full_data
2,3,33,12,17,5,0.705882352941177,sushi_b,full_data
2,3,34,36,57,21,0.631578947368421,sushi_b,full_data
2,3,35,6,7,1,0.857142857142857,sushi_b,full_data
2,3,36,12,19,7,0.631578947368421,sushi_b,full_data
2,3,38,18,29,11,0.620689655172414,sushi_b,full_data
2,3,39,31,44,13,0.704545454545455,sushi_b,full_data
2,3,40,1,1,0,1,sushi_b,full_data
2,3,42,3,4,1,0.75,sushi_b,full_data
2,3,43,20,33,13,0.606060606060606,sushi_b,full_data
2,3,44,24,33,9,0.727272727272727,sushi_b,full_data
2,3,45,31,42,11,0.738095238095238,sushi_b,full_data
2,3,46,17,25,8,0.68,sushi_b,full_data
2,3,48,3,8,5,0.375,sushi_b,full_data
2,3,49,1,2,1,0.5,sushi_b,full_data
2,3,50,15,21,6,0.714285714285714,sushi_b,full_data
2,3,51,11,12,1,0.916666666666667,sushi_b,full_data
2,3,52,2,2,0,1,sushi_b,full_data
2,3,54,10,19,9,0.526315789473684,sushi_b,full_data
2,3,55,1,1,0,1,sushi_b,full_data
2,3,56,1,2,1,0.5,sushi_b,full_data
2,3,57,11,21,10,0.523809523809524,sushi_b,full_data
2,3,58,1,3,2,0.333333333333333,sushi_b,full_data
2,3,60,1,1,0,1,sushi_b,full_data
2,3,62,17,24,7,0.708333333333333,sushi_b,full_data
2,3,63,7,11,4,0.636363636363636,sushi_b,full_data
2,3,64,1,1,0,1,sushi_b,full_data
2,3,65,10,16,6,0.625,sushi_b,full_data
2,3,66,6,7,1,0.857142857142857,sushi_b,full_data
2,3,67,3,5,2,0.6,sushi_b,full_data
2,3,68,1,1,0,1,sushi_b,full_data
2,3,69,2,2,0,1,sushi_b,full_data
2,3,70,3,6,3,0.5,sushi_b,full_data
2,3,71,5,11,6,0.454545454545455,sushi_b,full_data
2,3,72,1,2,1,0.5,sushi_b,full_data
2,3,73,1,5,4,0.2,sushi_b,full_data
2,3,74,1,1,0,1,sushi_b,full_data
2,3,76,5,9,4,0.555555555555556,sushi_b,full_data
2,3,80,0,1,1,0,sushi_b,full_data
2,3,82,3,3,0,1,sushi_b,full_data
2,3,83,1,1,0,1,sushi_b,full_data
2,3,87,3,3,0,1,sushi_b,full_data
2,3,88,5,8,3,0.625,sushi_b,full_data
2,3,91,0,1,1,0,sushi_b,full_data
2,3,95,6,8,2,0.75,sushi_b,full_data
2,3,96,3,7,4,0.428571428571429,sushi_b,full_data
2,4,3,46,84,38,0.547619047619048,sushi_b,full_data
2,4,5,90,151,61,0.596026490066225,sushi_b,full_data
2,4,7,56,101,45,0.554455445544555,sushi_b,full_data
2,4,12,36,56,20,0.642857142857143,sushi_b,full_data
2,4,14,66,108,42,0.611111111111111,sushi_b,full_data
2,4,16,15,18,3,0.833333333333333,sushi_b,full_data
2,4,17,1,1,0,1,sushi_b,full_data
2,4,18,24,43,19,0.558139534883721,sushi_b,full_data
2,4,21,40,82,42,0.48780487804878,sushi_b,full_data
2,4,23,7,8,1,0.875,sushi_b,full_data
2,4,24,1,3,2,0.333333333333333,sushi_b,full_data
2,4,25,48,96,48,0.5,sushi_b,full_data
2,4,27,41,80,39,0.5125,sushi_b,full_data
2,4,28,4,5,1,0.8,sushi_b,full_data
2,4,29,3,3,0,1,sushi_b,full_data
2,4,30,8,13,5,0.615384615384615,sushi_b,full_data
2,4,31,36,60,24,0.6,sushi_b,full_data
2,4,32,13,25,12,0.52,sushi_b,full_data
2,4,33,4,8,4,0.5,sushi_b,full_data
2,4,34,31,55,24,0.563636363636364,sushi_b,full_data
2,4,35,4,4,0,1,sushi_b,full_data
2,4,36,29,55,26,0.527272727272727,sushi_b,full_data
2,4,38,7,14,7,0.5,sushi_b,full_data
2,4,39,16,28,12,0.571428571428571,sushi_b,full_data
2,4,43,21,33,12,0.636363636363636,sushi_b,full_data
2,4,44,14,24,10,0.583333333333333,sushi_b,full_data
2,4,45,14,26,12,0.538461538461538,sushi_b,full_data
2,4,46,10,17,7,0.588235294117647,sushi_b,full_data
2,4,48,5,7,2,0.714285714285714,sushi_b,full_data
2,4,49,0,1,1,0,sushi_b,full_data
2,4,50,4,10,6,0.4,sushi_b,full_data
2,4,51,2,11,9,0.181818181818182,sushi_b,full_data
2,4,54,8,12,4,0.666666666666667,sushi_b,full_data
2,4,55,1,2,1,0.5,sushi_b,full_data
2,4,57,11,18,7,0.611111111111111,sushi_b,full_data
2,4,58,0,1,1,0,sushi_b,full_data
2,4,62,16,26,10,0.615384615384615,sushi_b,full_data
2,4,63,5,8,3,0.625,sushi_b,full_data
2,4,64,0,1,1,0,sushi_b,full_data
2,4,65,3,7,4,0.428571428571429,sushi_b,full_data
2,4,66,2,2,0,1,sushi_b,full_data
2,4,67,1,1,0,1,sushi_b,full_data
2,4,68,1,1,0,1,sushi_b,full_data
2,4,71,3,5,2,0.6,sushi_b,full_data
2,4,72,2,5,3,0.4,sushi_b,full_data
2,4,73,6,14,8,0.428571428571429,sushi_b,full_data
2,4,74,1,1,0,1,sushi_b,full_data
2,4,76,7,15,8,0.466666666666667,sushi_b,full_data
2,4,82,0,3,3,0,sushi_b,full_data
2,4,84,0,1,1,0,sushi_b,full_data
2,4,87,2,4,2,0.5,sushi_b,full_data
2,4,88,9,12,3,0.75,sushi_b,full_data
2,4,95,0,3,3,0,sushi_b,full_data
2,4,96,4,7,3,0.571428571428571,sushi_b,full_data
2,4,99,1,1,0,1,sushi_b,full_data
2,5,7,63,122,59,0.516393442622951,sushi_b,full_data
2,5,12,74,122,48,0.60655737704918,sushi_b,full_data
2,5,14,28,52,24,0.538461538461538,sushi_b,full_data
2,5,16,56,90,34,0.622222222222222,sushi_b,full_data
2,5,17,11,17,6,0.647058823529412,sushi_b,full_data
2,5,18,68,121,53,0.56198347107438,sushi_b,full_data
2,5,23,41,61,20,0.672131147540984,sushi_b,full_data
2,5,24,31,38,7,0.815789473684211,sushi_b,full_data
2,5,28,22,26,4,0.846153846153846,sushi_b,full_data
2,5,29,21,29,8,0.724137931034483,sushi_b,full_data
2,5,30,43,69,26,0.623188405797101,sushi_b,full_data
2,5,32,27,52,25,0.519230769230769,sushi_b,full_data
2,5,33,13,28,15,0.464285714285714,sushi_b,full_data
2,5,34,3,4,1,0.75,sushi_b,full_data
2,5,35,16,29,13,0.551724137931034,sushi_b,full_data
2,5,38,25,42,17,0.595238095238095,sushi_b,full_data
2,5,39,34,54,20,0.62962962962963,sushi_b,full_data
2,5,40,4,5,1,0.8,sushi_b,full_data
2,5,42,11,13,2,0.846153846153846,sushi_b,full_data
2,5,43,11,15,4,0.733333333333333,sushi_b,full_data
2,5,44,21,31,10,0.67741935483871,sushi_b,full_data
2,5,46,28,44,16,0.636363636363636,sushi_b,full_data
2,5,48,14,19,5,0.736842105263158,sushi_b,full_data
2,5,49,10,11,1,0.909090909090909,sushi_b,full_data
2,5,50,28,49,21,0.571428571428571,sushi_b,full_data
2,5,51,16,26,10,0.615384615384615,sushi_b,full_data
2,5,52,5,6,1,0.833333333333333,sushi_b,full_data
2,5,54,12,25,13,0.48,sushi_b,full_data
2,5,55,12,13,1,0.923076923076923,sushi_b,full_data
2,5,56,5,8,3,0.625,sushi_b,full_data
2,5,58,8,11,3,0.727272727272727,sushi_b,full_data
2,5,60,3,4,1,0.75,sushi_b,full_data
2,5,62,8,14,6,0.571428571428571,sushi_b,full_data
2,5,63,13,21,8,0.619047619047619,sushi_b,full_data
2,5,64,4,6,2,0.666666666666667,sushi_b,full_data
2,5,65,8,16,8,0.5,sushi_b,full_data
2,5,66,4,6,2,0.666666666666667,sushi_b,full_data
2,5,67,2,5,3,0.4,sushi_b,full_data
2,5,68,5,5,0,1,sushi_b,full_data
2,5,69,4,4,0,1,sushi_b,full_data
2,5,70,3,5,2,0.6,sushi_b,full_data
2,5,71,9,19,10,0.473684210526316,sushi_b,full_data
2,5,72,10,15,5,0.666666666666667,sushi_b,full_data
2,5,74,3,5,2,0.6,sushi_b,full_data
2,5,75,1,3,2,0.333333333333333,sushi_b,full_data
2,5,77,1,3,2,0.333333333333333,sushi_b,full_data
2,5,78,1,1,0,1,sushi_b,full_data
2,5,80,1,2,1,0.5,sushi_b,full_data
2,5,81,1,1,0,1,sushi_b,full_data
2,5,82,4,7,3,0.571428571428571,sushi_b,full_data
2,5,83,0,1,1,0,sushi_b,full_data
2,5,84,1,1,0,1,sushi_b,full_data
2,5,85,1,1,0,1,sushi_b,full_data
2,5,86,1,1,0,1,sushi_b,full_data
2,5,87,5,9,4,0.555555555555556,sushi_b,full_data
2,5,90,2,2,0,1,sushi_b,full_data
2,5,91,1,1,0,1,sushi_b,full_data
2,5,92,0,1,1,0,sushi_b,full_data
2,5,94,2,2,0,1,sushi_b,full_data
2,5,95,8,13,5,0.615384615384615,sushi_b,full_data
2,5,98,3,3,0,1,sushi_b,full_data
2,5,99,3,4,1,0.75,sushi_b,full_data
2,6,0,104,181,77,0.574585635359116,sushi_b,full_data
2,6,1,67,125,58,0.536,sushi_b,full_data
2,6,3,64,104,40,0.615384615384615,sushi_b,full_data
2,6,4,79,158,79,0.5,sushi_b,full_data
2,6,5,36,50,14,0.72,sushi_b,full_data
2,6,7,9,18,9,0.5,sushi_b,full_data
2,6,10,61,128,67,0.4765625,sushi_b,full_data
2,6,12,1,1,0,1,sushi_b,full_data
2,6,14,22,31,9,0.709677419354839,sushi_b,full_data
2,6,16,1,4,3,0.25,sushi_b,full_data
2,6,18,4,4,0,1,sushi_b,full_data
2,6,20,23,44,21,0.522727272727273,sushi_b,full_data
2,6,21,31,61,30,0.508196721311475,sushi_b,full_data
2,6,22,59,100,41,0.59,sushi_b,full_data
2,6,23,1,1,0,1,sushi_b,full_data
2,6,25,27,40,13,0.675,sushi_b,full_data
2,6,26,47,94,47,0.5,sushi_b,full_data
2,6,27,26,51,25,0.509803921568627,sushi_b,full_data
2,6,30,1,2,1,0.5,sushi_b,full_data
2,6,31,9,25,16,0.36,sushi_b,full_data
2,6,32,4,5,1,0.8,sushi_b,full_data
2,6,34,9,14,5,0.642857142857143,sushi_b,full_data
2,6,36,17,32,15,0.53125,sushi_b,full_data
2,6,39,8,9,1,0.888888888888889,sushi_b,full_data
2,6,41,31,54,23,0.574074074074074,sushi_b,full_data
2,6,43,9,12,3,0.75,sushi_b,full_data
2,6,44,2,6,4,0.333333333333333,sushi_b,full_data
2,6,45,8,10,2,0.8,sushi_b,full_data
2,6,46,6,6,0,1,sushi_b,full_data
2,6,50,2,2,0,1,sushi_b,full_data
2,6,54,2,2,0,1,sushi_b,full_data
2,6,57,2,4,2,0.5,sushi_b,full_data
2,6,62,1,1,0,1,sushi_b,full_data
2,6,65,3,6,3,0.5,sushi_b,full_data
2,6,71,1,2,1,0.5,sushi_b,full_data
2,6,72,1,1,0,1,sushi_b,full_data
2,6,73,5,9,4,0.555555555555556,sushi_b,full_data
2,6,76,5,10,5,0.5,sushi_b,full_data
2,6,95,1,1,0,1,sushi_b,full_data
2,6,96,3,4,1,0.75,sushi_b,full_data
2,7,12,54,94,40,0.574468085106383,sushi_b,full_data
2,7,16,61,106,45,0.575471698113208,sushi_b,full_data
2,7,17,28,46,18,0.608695652173913,sushi_b,full_data
2,7,18,38,71,33,0.535211267605634,sushi_b,full_data
2,7,23,46,76,30,0.605263157894737,sushi_b,full_data
2,7,24,40,67,27,0.597014925373134,sushi_b,full_data
2,7,28,31,44,13,0.704545454545455,sushi_b,full_data
2,7,29,28,39,11,0.717948717948718,sushi_b,full_data
2,7,30,46,84,38,0.547619047619048,sushi_b,full_data
2,7,32,11,20,9,0.55,sushi_b,full_data
2,7,33,33,58,25,0.568965517241379,sushi_b,full_data
2,7,35,29,48,19,0.604166666666667,sushi_b,full_data
2,7,38,34,59,25,0.576271186440678,sushi_b,full_data
2,7,39,3,3,0,1,sushi_b,full_data
2,7,40,6,11,5,0.545454545454545,sushi_b,full_data
2,7,42,11,16,5,0.6875,sushi_b,full_data
2,7,44,9,13,4,0.692307692307692,sushi_b,full_data
2,7,46,7,10,3,0.7,sushi_b,full_data
2,7,48,22,36,14,0.611111111111111,sushi_b,full_data
2,7,49,12,15,3,0.8,sushi_b,full_data
2,7,50,24,31,7,0.774193548387097,sushi_b,full_data
2,7,51,32,43,11,0.744186046511628,sushi_b,full_data
2,7,52,7,13,6,0.538461538461538,sushi_b,full_data
2,7,54,6,7,1,0.857142857142857,sushi_b,full_data
2,7,55,15,19,4,0.789473684210526,sushi_b,full_data
2,7,56,5,6,1,0.833333333333333,sushi_b,full_data
2,7,58,9,20,11,0.45,sushi_b,full_data
2,7,59,8,10,2,0.8,sushi_b,full_data
2,7,60,5,8,3,0.625,sushi_b,full_data
2,7,63,11,19,8,0.578947368421053,sushi_b,full_data
2,7,64,8,12,4,0.666666666666667,sushi_b,full_data
2,7,66,8,14,6,0.571428571428571,sushi_b,full_data
2,7,67,10,13,3,0.769230769230769,sushi_b,full_data
2,7,68,3,5,2,0.6,sushi_b,full_data
2,7,69,4,6,2,0.666666666666667,sushi_b,full_data
2,7,70,3,7,4,0.428571428571429,sushi_b,full_data
2,7,71,7,11,4,0.636363636363636,sushi_b,full_data
2,7,72,7,11,4,0.636363636363636,sushi_b,full_data
2,7,74,4,8,4,0.5,sushi_b,full_data
2,7,75,6,9,3,0.666666666666667,sushi_b,full_data
2,7,77,4,5,1,0.8,sushi_b,full_data
2,7,78,3,3,0,1,sushi_b,full_data
2,7,80,5,6,1,0.833333333333333,sushi_b,full_data
2,7,81,0,1,1,0,sushi_b,full_data
2,7,82,6,8,2,0.75,sushi_b,full_data
2,7,83,2,5,3,0.4,sushi_b,full_data
2,7,84,3,3,0,1,sushi_b,full_data
2,7,86,1,1,0,1,sushi_b,full_data
2,7,87,4,8,4,0.5,sushi_b,full_data
2,7,89,1,2,1,0.5,sushi_b,full_data
2,7,91,3,8,5,0.375,sushi_b,full_data
2,7,93,1,2,1,0.5,sushi_b,full_data
2,7,94,2,3,1,0.666666666666667,sushi_b,full_data
2,7,95,5,7,2,0.714285714285714,sushi_b,full_data
2,7,97,1,1,0,1,sushi_b,full_data
2,7,98,4,5,1,0.8,sushi_b,full_data
2,7,99,2,5,3,0.4,sushi_b,full_data
2,8,0,60,92,32,0.652173913043478,sushi_b,full_data
2,8,1,80,120,40,0.666666666666667,sushi_b,full_data
2,8,2,85,122,37,0.69672131147541,sushi_b,full_data
2,8,3,29,36,7,0.805555555555556,sushi_b,full_data
2,8,4,37,55,18,0.672727272727273,sushi_b,full_data
2,8,5,5,6,1,0.833333333333333,sushi_b,full_data
2,8,6,100,156,56,0.641025641025641,sushi_b,full_data
2,8,7,1,2,1,0.5,sushi_b,full_data
2,8,9,28,41,13,0.682926829268293,sushi_b,full_data
2,8,10,31,45,14,0.688888888888889,sushi_b,full_data
2,8,11,88,120,32,0.733333333333333,sushi_b,full_data
2,8,13,97,133,36,0.729323308270677,sushi_b,full_data
2,8,14,4,5,1,0.8,sushi_b,full_data
2,8,15,28,58,30,0.482758620689655,sushi_b,full_data
2,8,20,64,91,27,0.703296703296703,sushi_b,full_data
2,8,21,13,16,3,0.8125,sushi_b,full_data
2,8,22,22,33,11,0.666666666666667,sushi_b,full_data
2,8,25,5,6,1,0.833333333333333,sushi_b,full_data
2,8,26,26,38,12,0.684210526315789,sushi_b,full_data
2,8,27,9,13,4,0.692307692307692,sushi_b,full_data
2,8,31,1,1,0,1,sushi_b,full_data
2,8,34,2,2,0,1,sushi_b,full_data
2,8,36,0,1,1,0,sushi_b,full_data
2,8,41,27,35,8,0.771428571428571,sushi_b,full_data
2,8,47,23,34,11,0.676470588235294,sushi_b,full_data
2,8,53,24,31,7,0.774193548387097,sushi_b,full_data
2,8,57,0,1,1,0,sushi_b,full_data
2,8,61,4,6,2,0.666666666666667,sushi_b,full_data
2,8,76,6,7,1,0.857142857142857,sushi_b,full_data
2,8,79,9,14,5,0.642857142857143,sushi_b,full_data
2,8,88,1,1,0,1,sushi_b,full_data
2,9,0,67,108,41,0.62037037037037,sushi_b,full_data
2,9,1,74,142,68,0.52112676056338,sushi_b,full_data
2,9,2,41,69,28,0.594202898550725,sushi_b,full_data
2,9,3,28,41,13,0.682926829268293,sushi_b,full_data
2,9,4,50,78,28,0.641025641025641,sushi_b,full_data
2,9,5,10,13,3,0.769230769230769,sushi_b,full_data
2,9,6,69,141,72,0.48936170212766,sushi_b,full_data
2,9,7,3,5,2,0.6,sushi_b,full_data
2,9,10,24,39,15,0.615384615384615,sushi_b,full_data
2,9,11,82,145,63,0.56551724137931,sushi_b,full_data
2,9,12,2,3,1,0.666666666666667,sushi_b,full_data
2,9,13,45,97,52,0.463917525773196,sushi_b,full_data
2,9,14,1,2,1,0.5,sushi_b,full_data
2,9,18,1,1,0,1,sushi_b,full_data
2,9,20,52,94,42,0.553191489361702,sushi_b,full_data
2,9,21,9,18,9,0.5,sushi_b,full_data
2,9,22,29,41,12,0.707317073170732,sushi_b,full_data
2,9,25,2,6,4,0.333333333333333,sushi_b,full_data
2,9,26,34,56,22,0.607142857142857,sushi_b,full_data
2,9,27,8,10,2,0.8,sushi_b,full_data
2,9,31,3,6,3,0.5,sushi_b,full_data
2,9,32,0,1,1,0,sushi_b,full_data
2,9,34,4,4,0,1,sushi_b,full_data
2,9,36,10,13,3,0.769230769230769,sushi_b,full_data
2,9,39,0,1,1,0,sushi_b,full_data
2,9,41,21,45,24,0.466666666666667,sushi_b,full_data
2,9,44,1,1,0,1,sushi_b,full_data
2,9,46,0,1,1,0,sushi_b,full_data
2,9,47,6,10,4,0.6,sushi_b,full_data
2,9,53,13,19,6,0.684210526315789,sushi_b,full_data
2,9,54,0,1,1,0,sushi_b,full_data
2,9,57,4,5,1,0.8,sushi_b,full_data
2,9,62,1,1,0,1,sushi_b,full_data
2,9,73,1,3,2,0.333333333333333,sushi_b,full_data
2,9,76,0,1,1,0,sushi_b,full_data
2,9,79,12,18,6,0.666666666666667,sushi_b,full_data
2,9,88,1,2,1,0.5,sushi_b,full_data
2,9,95,0,1,1,0,sushi_b,full_data
2,9,96,2,2,0,1,sushi_b,full_data
2,10,5,97,167,70,0.580838323353293,sushi_b,full_data
2,10,7,65,109,44,0.596330275229358,sushi_b,full_data
2,10,12,42,57,15,0.736842105263158,sushi_b,full_data
2,10,14,47,79,32,0.594936708860759,sushi_b,full_data
2,10,16,16,24,8,0.666666666666667,sushi_b,full_data
2,10,18,31,43,12,0.720930232558139,sushi_b,full_data
2,10,21,51,89,38,0.573033707865168,sushi_b,full_data
2,10,23,9,10,1,0.9,sushi_b,full_data
2,10,24,2,2,0,1,sushi_b,full_data
2,10,25,49,92,43,0.532608695652174,sushi_b,full_data
2,10,27,28,47,19,0.595744680851064,sushi_b,full_data
2,10,28,5,5,0,1,sushi_b,full_data
2,10,29,1,5,4,0.2,sushi_b,full_data
2,10,30,19,23,4,0.826086956521739,sushi_b,full_data
2,10,31,34,64,30,0.53125,sushi_b,full_data
2,10,32,19,37,18,0.513513513513513,sushi_b,full_data
2,10,33,8,11,3,0.727272727272727,sushi_b,full_data
2,10,34,37,58,21,0.637931034482759,sushi_b,full_data
2,10,35,3,5,2,0.6,sushi_b,full_data
2,10,36,19,37,18,0.513513513513513,sushi_b,full_data
2,10,38,10,17,7,0.588235294117647,sushi_b,full_data
2,10,39,18,29,11,0.620689655172414,sushi_b,full_data
2,10,40,1,1,0,1,sushi_b,full_data
2,10,43,18,39,21,0.461538461538462,sushi_b,full_data
2,10,44,11,18,7,0.611111111111111,sushi_b,full_data
2,10,45,30,41,11,0.731707317073171,sushi_b,full_data
2,10,46,9,19,10,0.473684210526316,sushi_b,full_data
2,10,48,4,4,0,1,sushi_b,full_data
2,10,50,5,10,5,0.5,sushi_b,full_data
2,10,51,7,9,2,0.777777777777778,sushi_b,full_data
2,10,54,5,10,5,0.5,sushi_b,full_data
2,10,55,1,2,1,0.5,sushi_b,full_data
2,10,56,1,1,0,1,sushi_b,full_data
2,10,57,15,22,7,0.681818181818182,sushi_b,full_data
2,10,62,11,18,7,0.611111111111111,sushi_b,full_data
2,10,63,2,4,2,0.5,sushi_b,full_data
2,10,64,0,1,1,0,sushi_b,full_data
2,10,65,5,13,8,0.384615384615385,sushi_b,full_data
2,10,66,2,2,0,1,sushi_b,full_data
2,10,67,1,1,0,1,sushi_b,full_data
2,10,69,1,1,0,1,sushi_b,full_data
2,10,70,1,2,1,0.5,sushi_b,full_data
2,10,71,6,8,2,0.75,sushi_b,full_data
2,10,72,4,5,1,0.8,sushi_b,full_data
2,10,73,5,15,10,0.333333333333333,sushi_b,full_data
2,10,75,0,1,1,0,sushi_b,full_data
2,10,76,6,7,1,0.857142857142857,sushi_b,full_data
2,10,77,1,1,0,1,sushi_b,full_data
2,10,78,0,1,1,0,sushi_b,full_data
2,10,82,2,2,0,1,sushi_b,full_data
2,10,83,1,1,0,1,sushi_b,full_data
2,10,84,1,1,0,1,sushi_b,full_data
2,10,88,8,10,2,0.8,sushi_b,full_data
2,10,91,2,2,0,1,sushi_b,full_data
2,10,95,4,7,3,0.571428571428571,sushi_b,full_data
2,10,96,3,7,4,0.428571428571429,sushi_b,full_data
2,10,99,1,1,0,1,sushi_b,full_data
2,11,0,60,116,56,0.517241379310345,sushi_b,full_data
2,11,1,31,53,22,0.584905660377358,sushi_b,full_data
2,11,3,78,144,66,0.541666666666667,sushi_b,full_data
2,11,4,74,127,53,0.582677165354331,sushi_b,full_data
2,11,5,32,50,18,0.64,sushi_b,full_data
2,11,7,17,26,9,0.653846153846154,sushi_b,full_data
2,11,10,66,129,63,0.511627906976744,sushi_b,full_data
2,11,12,10,11,1,0.909090909090909,sushi_b,full_data
2,11,14,25,34,9,0.735294117647059,sushi_b,full_data
2,11,16,2,3,1,0.666666666666667,sushi_b,full_data
2,11,18,8,9,1,0.888888888888889,sushi_b,full_data
2,11,21,32,44,12,0.727272727272727,sushi_b,full_data
2,11,22,41,88,47,0.465909090909091,sushi_b,full_data
2,11,23,0,2,2,0,sushi_b,full_data
2,11,24,0,1,1,0,sushi_b,full_data
2,11,25,26,41,15,0.634146341463415,sushi_b,full_data
2,11,26,48,76,28,0.631578947368421,sushi_b,full_data
2,11,27,33,54,21,0.611111111111111,sushi_b,full_data
2,11,30,4,4,0,1,sushi_b,full_data
2,11,31,15,30,15,0.5,sushi_b,full_data
2,11,32,1,6,5,0.166666666666667,sushi_b,full_data
2,11,34,17,18,1,0.944444444444444,sushi_b,full_data
2,11,36,21,33,12,0.636363636363636,sushi_b,full_data
2,11,38,1,2,1,0.5,sushi_b,full_data
2,11,39,5,6,1,0.833333333333333,sushi_b,full_data
2,11,41,27,43,16,0.627906976744186,sushi_b,full_data
2,11,43,2,3,1,0.666666666666667,sushi_b,full_data
2,11,44,2,4,2,0.5,sushi_b,full_data
2,11,45,6,8,2,0.75,sushi_b,full_data
2,11,46,1,3,2,0.333333333333333,sushi_b,full_data
2,11,50,2,2,0,1,sushi_b,full_data
2,11,54,3,5,2,0.6,sushi_b,full_data
2,11,57,6,8,2,0.75,sushi_b,full_data
2,11,62,2,3,1,0.666666666666667,sushi_b,full_data
2,11,65,2,2,0,1,sushi_b,full_data
2,11,72,1,1,0,1,sushi_b,full_data
2,11,73,3,4,1,0.75,sushi_b,full_data
2,11,76,1,5,4,0.2,sushi_b,full_data
2,11,84,1,1,0,1,sushi_b,full_data
2,11,88,4,5,1,0.8,sushi_b,full_data
2,11,95,2,2,0,1,sushi_b,full_data
2,11,96,7,7,0,1,sushi_b,full_data
2,12,16,30,59,29,0.508474576271186,sushi_b,full_data
2,12,17,33,54,21,0.611111111111111,sushi_b,full_data
2,12,23,40,74,34,0.540540540540541,sushi_b,full_data
2,12,24,46,77,31,0.597402597402597,sushi_b,full_data
2,12,28,45,64,19,0.703125,sushi_b,full_data
2,12,29,31,56,25,0.553571428571429,sushi_b,full_data
2,12,30,14,27,13,0.518518518518518,sushi_b,full_data
2,12,33,33,50,17,0.66,sushi_b,full_data
2,12,35,26,51,25,0.509803921568627,sushi_b,full_data
2,12,40,13,21,8,0.619047619047619,sushi_b,full_data
2,12,42,23,30,7,0.766666666666667,sushi_b,full_data
2,12,48,16,30,14,0.533333333333333,sushi_b,full_data
2,12,49,23,34,11,0.676470588235294,sushi_b,full_data
2,12,50,4,5,1,0.8,sushi_b,full_data
2,12,51,17,31,14,0.548387096774194,sushi_b,full_data
2,12,52,21,29,8,0.724137931034483,sushi_b,full_data
2,12,55,10,16,6,0.625,sushi_b,full_data
2,12,56,11,15,4,0.733333333333333,sushi_b,full_data
2,12,58,9,22,13,0.409090909090909,sushi_b,full_data
2,12,59,7,10,3,0.7,sushi_b,full_data
2,12,60,9,13,4,0.692307692307692,sushi_b,full_data
2,12,63,4,7,3,0.571428571428571,sushi_b,full_data
2,12,64,13,22,9,0.590909090909091,sushi_b,full_data
2,12,66,2,4,2,0.5,sushi_b,full_data
2,12,67,7,14,7,0.5,sushi_b,full_data
2,12,68,5,8,3,0.625,sushi_b,full_data
2,12,69,6,7,1,0.857142857142857,sushi_b,full_data
2,12,70,6,13,7,0.461538461538462,sushi_b,full_data
2,12,72,6,11,5,0.545454545454545,sushi_b,full_data
2,12,74,5,11,6,0.454545454545455,sushi_b,full_data
2,12,75,9,12,3,0.75,sushi_b,full_data
2,12,77,9,13,4,0.692307692307692,sushi_b,full_data
2,12,78,4,4,0,1,sushi_b,full_data
2,12,80,1,5,4,0.2,sushi_b,full_data
2,12,82,4,6,2,0.666666666666667,sushi_b,full_data
2,12,83,2,3,1,0.666666666666667,sushi_b,full_data
2,12,84,0,6,6,0,sushi_b,full_data
2,12,85,0,1,1,0,sushi_b,full_data
2,12,86,4,4,0,1,sushi_b,full_data
2,12,87,1,6,5,0.166666666666667,sushi_b,full_data
2,12,89,2,3,1,0.666666666666667,sushi_b,full_data
2,12,90,1,1,0,1,sushi_b,full_data
2,12,91,7,11,4,0.636363636363636,sushi_b,full_data
2,12,92,4,5,1,0.8,sushi_b,full_data
2,12,93,2,2,0,1,sushi_b,full_data
2,12,94,4,6,2,0.666666666666667,sushi_b,full_data
2,12,97,5,5,0,1,sushi_b,full_data
2,12,98,4,7,3,0.571428571428571,sushi_b,full_data
2,12,99,0,4,4,0,sushi_b,full_data
2,13,0,69,126,57,0.547619047619048,sushi_b,full_data
2,13,1,59,122,63,0.483606557377049,sushi_b,full_data
2,13,3,36,58,22,0.620689655172414,sushi_b,full_data
2,13,4,47,115,68,0.408695652173913,sushi_b,full_data
2,13,5,24,36,12,0.666666666666667,sushi_b,full_data
2,13,7,12,16,4,0.75,sushi_b,full_data
2,13,10,49,91,42,0.538461538461538,sushi_b,full_data
2,13,11,30,53,23,0.566037735849057,sushi_b,full_data
2,13,12,1,1,0,1,sushi_b,full_data
2,13,14,14,21,7,0.666666666666667,sushi_b,full_data
2,13,16,2,2,0,1,sushi_b,full_data
2,13,18,1,3,2,0.333333333333333,sushi_b,full_data
2,13,20,51,82,31,0.621951219512195,sushi_b,full_data
2,13,21,23,30,7,0.766666666666667,sushi_b,full_data
2,13,22,40,77,37,0.519480519480519,sushi_b,full_data
2,13,23,0,1,1,0,sushi_b,full_data
2,13,25,13,24,11,0.541666666666667,sushi_b,full_data
2,13,26,34,67,33,0.507462686567164,sushi_b,full_data
2,13,27,18,43,25,0.418604651162791,sushi_b,full_data
2,13,31,15,25,10,0.6,sushi_b,full_data
2,13,32,2,4,2,0.5,sushi_b,full_data
2,13,33,0,1,1,0,sushi_b,full_data
2,13,34,2,4,2,0.5,sushi_b,full_data
2,13,36,11,17,6,0.647058823529412,sushi_b,full_data
2,13,38,2,2,0,1,sushi_b,full_data
2,13,39,4,4,0,1,sushi_b,full_data
2,13,41,23,54,31,0.425925925925926,sushi_b,full_data
2,13,43,4,5,1,0.8,sushi_b,full_data
2,13,44,1,1,0,1,sushi_b,full_data
2,13,45,6,7,1,0.857142857142857,sushi_b,full_data
2,13,46,1,2,1,0.5,sushi_b,full_data
2,13,50,1,1,0,1,sushi_b,full_data
2,13,54,2,2,0,1,sushi_b,full_data
2,13,57,0,1,1,0,sushi_b,full_data
2,13,62,2,2,0,1,sushi_b,full_data
2,13,65,2,2,0,1,sushi_b,full_data
2,13,71,2,3,1,0.666666666666667,sushi_b,full_data
2,13,73,2,5,3,0.4,sushi_b,full_data
2,13,76,3,5,2,0.6,sushi_b,full_data
2,13,88,1,1,0,1,sushi_b,full_data
2,13,96,1,2,1,0.5,sushi_b,full_data
2,14,7,13,26,13,0.5,sushi_b,full_data
2,14,12,55,87,32,0.632183908045977,sushi_b,full_data
2,14,16,46,70,24,0.657142857142857,sushi_b,full_data
2,14,17,14,20,6,0.7,sushi_b,full_data
2,14,18,38,71,33,0.535211267605634,sushi_b,full_data
2,14,23,32,50,18,0.64,sushi_b,full_data
2,14,24,33,43,10,0.767441860465116,sushi_b,full_data
2,14,28,22,26,4,0.846153846153846,sushi_b,full_data
2,14,29,20,31,11,0.645161290322581,sushi_b,full_data
2,14,30,37,56,19,0.660714285714286,sushi_b,full_data
2,14,32,27,47,20,0.574468085106383,sushi_b,full_data
2,14,33,23,38,15,0.605263157894737,sushi_b,full_data
2,14,35,19,26,7,0.730769230769231,sushi_b,full_data
2,14,38,31,48,17,0.645833333333333,sushi_b,full_data
2,14,39,17,21,4,0.80952380952381,sushi_b,full_data
2,14,40,7,11,4,0.636363636363636,sushi_b,full_data
2,14,42,7,10,3,0.7,sushi_b,full_data
2,14,43,1,1,0,1,sushi_b,full_data
2,14,44,20,35,15,0.571428571428571,sushi_b,full_data
2,14,46,17,30,13,0.566666666666667,sushi_b,full_data
2,14,48,15,23,8,0.652173913043478,sushi_b,full_data
2,14,49,8,9,1,0.888888888888889,sushi_b,full_data
2,14,50,17,25,8,0.68,sushi_b,full_data
2,14,51,16,29,13,0.551724137931034,sushi_b,full_data
2,14,52,6,9,3,0.666666666666667,sushi_b,full_data
2,14,54,9,15,6,0.6,sushi_b,full_data
2,14,55,12,14,2,0.857142857142857,sushi_b,full_data
2,14,56,5,6,1,0.833333333333333,sushi_b,full_data
2,14,58,11,16,5,0.6875,sushi_b,full_data
2,14,59,6,7,1,0.857142857142857,sushi_b,full_data
2,14,60,4,5,1,0.8,sushi_b,full_data
2,14,63,11,15,4,0.733333333333333,sushi_b,full_data
2,14,64,6,10,4,0.6,sushi_b,full_data
2,14,65,3,6,3,0.5,sushi_b,full_data
2,14,66,5,6,1,0.833333333333333,sushi_b,full_data
2,14,67,5,6,1,0.833333333333333,sushi_b,full_data
2,14,68,2,4,2,0.5,sushi_b,full_data
2,14,69,4,4,0,1,sushi_b,full_data
2,14,70,4,9,5,0.444444444444444,sushi_b,full_data
2,14,71,6,15,9,0.4,sushi_b,full_data
2,14,72,4,7,3,0.571428571428571,sushi_b,full_data
2,14,74,6,10,4,0.6,sushi_b,full_data
2,14,75,2,3,1,0.666666666666667,sushi_b,full_data
2,14,77,3,4,1,0.75,sushi_b,full_data
2,14,78,1,1,0,1,sushi_b,full_data
2,14,80,2,3,1,0.666666666666667,sushi_b,full_data
2,14,82,5,10,5,0.5,sushi_b,full_data
2,14,85,2,2,0,1,sushi_b,full_data
2,14,87,3,7,4,0.428571428571429,sushi_b,full_data
2,14,89,2,2,0,1,sushi_b,full_data
2,14,90,3,3,0,1,sushi_b,full_data
2,14,91,4,4,0,1,sushi_b,full_data
2,14,92,4,4,0,1,sushi_b,full_data
2,14,93,1,1,0,1,sushi_b,full_data
2,14,94,0,3,3,0,sushi_b,full_data
2,14,95,9,10,1,0.9,sushi_b,full_data
2,14,97,1,1,0,1,sushi_b,full_data
2,14,98,0,1,1,0,sushi_b,full_data
2,14,99,2,2,0,1,sushi_b,full_data
2,15,0,65,123,58,0.528455284552846,sushi_b,full_data
2,15,1,76,143,67,0.531468531468531,sushi_b,full_data
2,15,2,8,14,6,0.571428571428571,sushi_b,full_data
2,15,3,39,63,24,0.619047619047619,sushi_b,full_data
2,15,4,37,66,29,0.560606060606061,sushi_b,full_data
2,15,5,13,19,6,0.684210526315789,sushi_b,full_data
2,15,6,60,101,41,0.594059405940594,sushi_b,full_data
2,15,7,1,5,4,0.2,sushi_b,full_data
2,15,10,28,53,25,0.528301886792453,sushi_b,full_data
2,15,11,65,108,43,0.601851851851852,sushi_b,full_data
2,15,12,2,2,0,1,sushi_b,full_data
2,15,13,40,71,31,0.563380281690141,sushi_b,full_data
2,15,14,2,3,1,0.666666666666667,sushi_b,full_data
2,15,18,1,1,0,1,sushi_b,full_data
2,15,20,42,69,27,0.608695652173913,sushi_b,full_data
2,15,21,18,25,7,0.72,sushi_b,full_data
2,15,22,34,52,18,0.653846153846154,sushi_b,full_data
2,15,25,6,9,3,0.666666666666667,sushi_b,full_data
2,15,26,27,43,16,0.627906976744186,sushi_b,full_data
2,15,27,13,22,9,0.590909090909091,sushi_b,full_data
2,15,31,3,4,1,0.75,sushi_b,full_data
2,15,34,0,3,3,0,sushi_b,full_data
2,15,36,10,16,6,0.625,sushi_b,full_data
2,15,39,2,3,1,0.666666666666667,sushi_b,full_data
2,15,41,11,19,8,0.578947368421053,sushi_b,full_data
2,15,44,1,1,0,1,sushi_b,full_data
2,15,45,1,1,0,1,sushi_b,full_data
2,15,53,7,16,9,0.4375,sushi_b,full_data
2,15,57,5,6,1,0.833333333333333,sushi_b,full_data
2,15,62,1,1,0,1,sushi_b,full_data
2,15,73,3,3,0,1,sushi_b,full_data
2,15,76,3,4,1,0.75,sushi_b,full_data
2,15,79,3,6,3,0.5,sushi_b,full_data
2,15,96,2,2,0,1,sushi_b,full_data
2,16,17,48,77,29,0.623376623376623,sushi_b,full_data
2,16,23,17,30,13,0.566666666666667,sushi_b,full_data
2,16,24,29,64,35,0.453125,sushi_b,full_data
2,16,28,23,48,25,0.479166666666667,sushi_b,full_data
2,16,29,37,64,27,0.578125,sushi_b,full_data
2,16,33,5,14,9,0.357142857142857,sushi_b,full_data
2,16,35,18,35,17,0.514285714285714,sushi_b,full_data
2,16,40,15,28,13,0.535714285714286,sushi_b,full_data
2,16,42,16,21,5,0.761904761904762,sushi_b,full_data
2,16,48,12,23,11,0.521739130434783,sushi_b,full_data
2,16,49,12,21,9,0.571428571428571,sushi_b,full_data
2,16,51,2,2,0,1,sushi_b,full_data
2,16,52,9,23,14,0.391304347826087,sushi_b,full_data
2,16,55,7,10,3,0.7,sushi_b,full_data
2,16,56,6,12,6,0.5,sushi_b,full_data
2,16,58,9,16,7,0.5625,sushi_b,full_data
2,16,59,10,13,3,0.769230769230769,sushi_b,full_data
2,16,60,8,14,6,0.571428571428571,sushi_b,full_data
2,16,64,10,15,5,0.666666666666667,sushi_b,full_data
2,16,67,6,11,5,0.545454545454545,sushi_b,full_data
2,16,68,6,10,4,0.6,sushi_b,full_data
2,16,69,10,14,4,0.714285714285714,sushi_b,full_data
2,16,70,7,13,6,0.538461538461538,sushi_b,full_data
2,16,74,2,9,7,0.222222222222222,sushi_b,full_data
2,16,75,7,15,8,0.466666666666667,sushi_b,full_data
2,16,77,6,11,5,0.545454545454545,sushi_b,full_data
2,16,78,2,5,3,0.4,sushi_b,full_data
2,16,80,2,2,0,1,sushi_b,full_data
2,16,81,2,3,1,0.666666666666667,sushi_b,full_data
2,16,83,2,3,1,0.666666666666667,sushi_b,full_data
2,16,84,2,4,2,0.5,sushi_b,full_data
2,16,85,2,3,1,0.666666666666667,sushi_b,full_data
2,16,86,6,8,2,0.75,sushi_b,full_data
2,16,87,2,2,0,1,sushi_b,full_data
2,16,89,2,4,2,0.5,sushi_b,full_data
2,16,90,3,5,2,0.6,sushi_b,full_data
2,16,91,2,3,1,0.666666666666667,sushi_b,full_data
2,16,92,1,1,0,1,sushi_b,full_data
2,16,93,3,4,1,0.75,sushi_b,full_data
2,16,94,2,2,0,1,sushi_b,full_data
2,16,97,3,4,1,0.75,sushi_b,full_data
2,16,98,3,6,3,0.5,sushi_b,full_data
2,16,99,4,7,3,0.571428571428571,sushi_b,full_data
2,17,59,1,2,1,0.5,sushi_b,full_data
2,17,81,3,4,1,0.75,sushi_b,full_data
2,17,85,1,3,2,0.333333333333333,sushi_b,full_data
2,17,89,2,2,0,1,sushi_b,full_data
2,17,90,1,1,0,1,sushi_b,full_data
2,17,92,1,2,1,0.5,sushi_b,full_data
2,18,12,2,4,2,0.5,sushi_b,full_data
2,18,16,35,63,28,0.555555555555556,sushi_b,full_data
2,18,17,17,33,16,0.515151515151515,sushi_b,full_data
2,18,23,38,70,32,0.542857142857143,sushi_b,full_data
2,18,24,37,57,20,0.649122807017544,sushi_b,full_data
2,18,28,24,42,18,0.571428571428571,sushi_b,full_data
2,18,29,31,48,17,0.645833333333333,sushi_b,full_data
2,18,30,21,40,19,0.525,sushi_b,full_data
2,18,33,26,41,15,0.634146341463415,sushi_b,full_data
2,18,35,22,39,17,0.564102564102564,sushi_b,full_data
2,18,38,6,20,14,0.3,sushi_b,full_data
2,18,40,20,26,6,0.769230769230769,sushi_b,full_data
2,18,42,13,19,6,0.684210526315789,sushi_b,full_data
2,18,48,20,25,5,0.8,sushi_b,full_data
2,18,49,14,26,12,0.538461538461538,sushi_b,full_data
2,18,50,9,22,13,0.409090909090909,sushi_b,full_data
2,18,51,14,25,11,0.56,sushi_b,full_data
2,18,52,11,18,7,0.611111111111111,sushi_b,full_data
2,18,55,12,21,9,0.571428571428571,sushi_b,full_data
2,18,56,6,11,5,0.545454545454545,sushi_b,full_data
2,18,58,9,18,9,0.5,sushi_b,full_data
2,18,59,3,4,1,0.75,sushi_b,full_data
2,18,60,2,6,4,0.333333333333333,sushi_b,full_data
2,18,63,4,9,5,0.444444444444444,sushi_b,full_data
2,18,64,9,15,6,0.6,sushi_b,full_data
2,18,66,10,14,4,0.714285714285714,sushi_b,full_data
2,18,67,3,6,3,0.5,sushi_b,full_data
2,18,68,2,4,2,0.5,sushi_b,full_data
2,18,69,6,6,0,1,sushi_b,full_data
2,18,70,8,12,4,0.666666666666667,sushi_b,full_data
2,18,72,6,11,5,0.545454545454545,sushi_b,full_data
2,18,74,3,6,3,0.5,sushi_b,full_data
2,18,75,4,6,2,0.666666666666667,sushi_b,full_data
2,18,77,0,8,8,0,sushi_b,full_data
2,18,78,3,4,1,0.75,sushi_b,full_data
2,18,80,3,4,1,0.75,sushi_b,full_data
2,18,81,2,3,1,0.666666666666667,sushi_b,full_data
2,18,82,1,3,2,0.333333333333333,sushi_b,full_data
2,18,83,1,2,1,0.5,sushi_b,full_data
2,18,84,2,2,0,1,sushi_b,full_data
2,18,85,1,2,1,0.5,sushi_b,full_data
2,18,86,1,2,1,0.5,sushi_b,full_data
2,18,87,1,5,4,0.2,sushi_b,full_data
2,18,89,2,2,0,1,sushi_b,full_data
2,18,90,2,2,0,1,sushi_b,full_data
2,18,91,8,8,0,1,sushi_b,full_data
2,18,92,4,5,1,0.8,sushi_b,full_data
2,18,93,1,1,0,1,sushi_b,full_data
2,18,94,1,1,0,1,sushi_b,full_data
2,18,97,2,2,0,1,sushi_b,full_data
2,18,98,4,4,0,1,sushi_b,full_data
2,18,99,0,1,1,0,sushi_b,full_data
2,19,0,48,64,16,0.75,sushi_b,full_data
2,19,1,52,74,22,0.702702702702703,sushi_b,full_data
2,19,2,60,99,39,0.606060606060606,sushi_b,full_data
2,19,3,16,19,3,0.842105263157895,sushi_b,full_data
2,19,4,18,27,9,0.666666666666667,sushi_b,full_data
2,19,5,4,4,0,1,sushi_b,full_data
2,19,6,71,108,37,0.657407407407407,sushi_b,full_data
2,19,7,0,1,1,0,sushi_b,full_data
2,19,9,43,63,20,0.682539682539683,sushi_b,full_data
2,19,10,19,24,5,0.791666666666667,sushi_b,full_data
2,19,11,60,81,21,0.740740740740741,sushi_b,full_data
2,19,13,57,81,24,0.703703703703704,sushi_b,full_data
2,19,15,41,72,31,0.569444444444444,sushi_b,full_data
2,19,20,42,53,11,0.792452830188679,sushi_b,full_data
2,19,21,5,8,3,0.625,sushi_b,full_data
2,19,22,16,25,9,0.64,sushi_b,full_data
2,19,25,3,4,1,0.75,sushi_b,full_data
2,19,26,23,28,5,0.821428571428571,sushi_b,full_data
2,19,27,4,4,0,1,sushi_b,full_data
2,19,31,2,3,1,0.666666666666667,sushi_b,full_data
2,19,34,1,1,0,1,sushi_b,full_data
2,19,36,4,5,1,0.8,sushi_b,full_data
2,19,37,15,21,6,0.714285714285714,sushi_b,full_data
2,19,41,11,18,7,0.611111111111111,sushi_b,full_data
2,19,44,0,1,1,0,sushi_b,full_data
2,19,46,1,1,0,1,sushi_b,full_data
2,19,47,18,27,9,0.666666666666667,sushi_b,full_data
2,19,53,19,25,6,0.76,sushi_b,full_data
2,19,57,1,2,1,0.5,sushi_b,full_data
2,19,61,7,8,1,0.875,sushi_b,full_data
2,19,79,4,6,2,0.666666666666667,sushi_b,full_data
2,20,0,50,87,37,0.574712643678161,sushi_b,full_data
2,20,3,53,118,65,0.449152542372881,sushi_b,full_data
2,20,4,67,110,43,0.609090909090909,sushi_b,full_data
2,20,5,44,60,16,0.733333333333333,sushi_b,full_data
2,20,7,9,23,14,0.391304347826087,sushi_b,full_data
2,20,10,50,97,47,0.515463917525773,sushi_b,full_data
2,20,12,3,6,3,0.5,sushi_b,full_data
2,20,14,15,28,13,0.535714285714286,sushi_b,full_data
2,20,16,0,1,1,0,sushi_b,full_data
2,20,18,3,3,0,1,sushi_b,full_data
2,20,21,31,42,11,0.738095238095238,sushi_b,full_data
2,20,22,28,48,20,0.583333333333333,sushi_b,full_data
2,20,25,21,36,15,0.583333333333333,sushi_b,full_data
2,20,26,24,56,32,0.428571428571429,sushi_b,full_data
2,20,27,26,47,21,0.553191489361702,sushi_b,full_data
2,20,30,2,2,0,1,sushi_b,full_data
2,20,31,17,22,5,0.772727272727273,sushi_b,full_data
2,20,32,5,8,3,0.625,sushi_b,full_data
2,20,33,0,1,1,0,sushi_b,full_data
2,20,34,9,14,5,0.642857142857143,sushi_b,full_data
2,20,36,18,37,19,0.486486486486487,sushi_b,full_data
2,20,38,1,2,1,0.5,sushi_b,full_data
2,20,39,4,6,2,0.666666666666667,sushi_b,full_data
2,20,41,4,14,10,0.285714285714286,sushi_b,full_data
2,20,43,1,1,0,1,sushi_b,full_data
2,20,44,6,6,0,1,sushi_b,full_data
2,20,45,5,13,8,0.384615384615385,sushi_b,full_data
2,20,46,4,7,3,0.571428571428571,sushi_b,full_data
2,20,50,0,1,1,0,sushi_b,full_data
2,20,51,1,1,0,1,sushi_b,full_data
2,20,54,2,3,1,0.666666666666667,sushi_b,full_data
2,20,55,0,1,1,0,sushi_b,full_data
2,20,57,6,9,3,0.666666666666667,sushi_b,full_data
2,20,62,2,4,2,0.5,sushi_b,full_data
2,20,72,0,2,2,0,sushi_b,full_data
2,20,73,6,8,2,0.75,sushi_b,full_data
2,20,76,3,7,4,0.428571428571429,sushi_b,full_data
2,20,82,1,1,0,1,sushi_b,full_data
2,20,88,3,3,0,1,sushi_b,full_data
2,20,96,3,4,1,0.75,sushi_b,full_data
2,21,5,38,64,26,0.59375,sushi_b,full_data
2,21,7,59,112,53,0.526785714285714,sushi_b,full_data
2,21,12,41,63,22,0.650793650793651,sushi_b,full_data
2,21,14,48,81,33,0.592592592592593,sushi_b,full_data
2,21,16,27,36,9,0.75,sushi_b,full_data
2,21,17,1,2,1,0.5,sushi_b,full_data
2,21,18,30,55,25,0.545454545454545,sushi_b,full_data
2,21,23,27,35,8,0.771428571428571,sushi_b,full_data
2,21,24,3,6,3,0.5,sushi_b,full_data
2,21,25,3,7,4,0.428571428571429,sushi_b,full_data
2,21,28,9,10,1,0.9,sushi_b,full_data
2,21,29,9,13,4,0.692307692307692,sushi_b,full_data
2,21,30,13,18,5,0.722222222222222,sushi_b,full_data
2,21,31,14,25,11,0.56,sushi_b,full_data
2,21,32,15,26,11,0.576923076923077,sushi_b,full_data
2,21,33,9,14,5,0.642857142857143,sushi_b,full_data
2,21,34,24,42,18,0.571428571428571,sushi_b,full_data
2,21,35,3,6,3,0.5,sushi_b,full_data
2,21,38,18,24,6,0.75,sushi_b,full_data
2,21,39,22,29,7,0.758620689655172,sushi_b,full_data
2,21,40,1,2,1,0.5,sushi_b,full_data
2,21,42,2,2,0,1,sushi_b,full_data
2,21,43,12,24,12,0.5,sushi_b,full_data
2,21,44,9,16,7,0.5625,sushi_b,full_data
2,21,45,15,26,11,0.576923076923077,sushi_b,full_data
2,21,46,16,27,11,0.592592592592593,sushi_b,full_data
2,21,48,5,8,3,0.625,sushi_b,full_data
2,21,49,3,4,1,0.75,sushi_b,full_data
2,21,50,17,23,6,0.739130434782609,sushi_b,full_data
2,21,51,8,9,1,0.888888888888889,sushi_b,full_data
2,21,54,7,16,9,0.4375,sushi_b,full_data
2,21,55,2,3,1,0.666666666666667,sushi_b,full_data
2,21,56,1,2,1,0.5,sushi_b,full_data
2,21,58,3,5,2,0.6,sushi_b,full_data
2,21,59,1,1,0,1,sushi_b,full_data
2,21,60,0,1,1,0,sushi_b,full_data
2,21,62,15,27,12,0.555555555555556,sushi_b,full_data
2,21,63,4,8,4,0.5,sushi_b,full_data
2,21,64,1,1,0,1,sushi_b,full_data
2,21,65,4,7,3,0.571428571428571,sushi_b,full_data
2,21,66,3,4,1,0.75,sushi_b,full_data
2,21,68,3,3,0,1,sushi_b,full_data
2,21,69,1,1,0,1,sushi_b,full_data
2,21,70,3,5,2,0.6,sushi_b,full_data
2,21,71,6,12,6,0.5,sushi_b,full_data
2,21,72,4,7,3,0.571428571428571,sushi_b,full_data
2,21,74,1,1,0,1,sushi_b,full_data
2,21,75,2,3,1,0.666666666666667,sushi_b,full_data
2,21,77,3,3,0,1,sushi_b,full_data
2,21,78,0,1,1,0,sushi_b,full_data
2,21,82,2,4,2,0.5,sushi_b,full_data
2,21,84,1,1,0,1,sushi_b,full_data
2,21,87,2,3,1,0.666666666666667,sushi_b,full_data
2,21,88,1,2,1,0.5,sushi_b,full_data
2,21,91,2,2,0,1,sushi_b,full_data
2,21,95,3,4,1,0.75,sushi_b,full_data
2,22,3,45,82,37,0.548780487804878,sushi_b,full_data
2,22,5,63,101,38,0.623762376237624,sushi_b,full_data
2,22,7,37,67,30,0.552238805970149,sushi_b,full_data
2,22,10,21,36,15,0.583333333333333,sushi_b,full_data
2,22,12,19,25,6,0.76,sushi_b,full_data
2,22,14,33,55,22,0.6,sushi_b,full_data
2,22,16,9,11,2,0.818181818181818,sushi_b,full_data
2,22,17,1,1,0,1,sushi_b,full_data
2,22,18,14,19,5,0.736842105263158,sushi_b,full_data
2,22,21,38,65,27,0.584615384615385,sushi_b,full_data
2,22,23,1,4,3,0.25,sushi_b,full_data
2,22,24,1,1,0,1,sushi_b,full_data
2,22,25,22,43,21,0.511627906976744,sushi_b,full_data
2,22,27,29,50,21,0.58,sushi_b,full_data
2,22,28,2,2,0,1,sushi_b,full_data
2,22,29,2,3,1,0.666666666666667,sushi_b,full_data
2,22,30,8,9,1,0.888888888888889,sushi_b,full_data
2,22,31,23,46,23,0.5,sushi_b,full_data
2,22,32,10,13,3,0.769230769230769,sushi_b,full_data
2,22,33,2,2,0,1,sushi_b,full_data
2,22,34,14,26,12,0.538461538461538,sushi_b,full_data
2,22,35,2,4,2,0.5,sushi_b,full_data
2,22,36,16,29,13,0.551724137931034,sushi_b,full_data
2,22,38,9,12,3,0.75,sushi_b,full_data
2,22,39,13,16,3,0.8125,sushi_b,full_data
2,22,40,1,1,0,1,sushi_b,full_data
2,22,42,1,1,0,1,sushi_b,full_data
2,22,43,5,11,6,0.454545454545455,sushi_b,full_data
2,22,44,9,13,4,0.692307692307692,sushi_b,full_data
2,22,45,11,18,7,0.611111111111111,sushi_b,full_data
2,22,46,4,5,1,0.8,sushi_b,full_data
2,22,49,1,1,0,1,sushi_b,full_data
2,22,50,2,4,2,0.5,sushi_b,full_data
2,22,51,2,3,1,0.666666666666667,sushi_b,full_data
2,22,54,2,4,2,0.5,sushi_b,full_data
2,22,55,2,2,0,1,sushi_b,full_data
2,22,57,15,22,7,0.681818181818182,sushi_b,full_data
2,22,62,11,13,2,0.846153846153846,sushi_b,full_data
2,22,63,2,4,2,0.5,sushi_b,full_data
2,22,65,1,5,4,0.2,sushi_b,full_data
2,22,67,1,1,0,1,sushi_b,full_data
2,22,68,1,1,0,1,sushi_b,full_data
2,22,69,0,1,1,0,sushi_b,full_data
2,22,70,1,1,0,1,sushi_b,full_data
2,22,71,3,3,0,1,sushi_b,full_data
2,22,72,0,1,1,0,sushi_b,full_data
2,22,73,5,8,3,0.625,sushi_b,full_data
2,22,76,6,9,3,0.666666666666667,sushi_b,full_data
2,22,82,2,2,0,1,sushi_b,full_data
2,22,87,1,1,0,1,sushi_b,full_data
2,22,88,3,4,1,0.75,sushi_b,full_data
2,22,95,2,3,1,0.666666666666667,sushi_b,full_data
2,22,96,2,3,1,0.666666666666667,sushi_b,full_data
2,22,98,1,1,0,1,sushi_b,full_data
2,23,17,35,56,21,0.625,sushi_b,full_data
2,23,24,17,35,18,0.485714285714286,sushi_b,full_data
2,23,28,21,41,20,0.51219512195122,sushi_b,full_data
2,23,29,21,32,11,0.65625,sushi_b,full_data
2,23,35,12,16,4,0.75,sushi_b,full_data
2,23,40,23,34,11,0.676470588235294,sushi_b,full_data
2,23,42,11,22,11,0.5,sushi_b,full_data
2,23,49,19,28,9,0.678571428571429,sushi_b,full_data
2,23,52,13,19,6,0.684210526315789,sushi_b,full_data
2,23,56,4,8,4,0.5,sushi_b,full_data
2,23,58,1,2,1,0.5,sushi_b,full_data
2,23,59,10,15,5,0.666666666666667,sushi_b,full_data
2,23,60,12,13,1,0.923076923076923,sushi_b,full_data
2,23,64,8,14,6,0.571428571428571,sushi_b,full_data
2,23,67,2,3,1,0.666666666666667,sushi_b,full_data
2,23,68,4,6,2,0.666666666666667,sushi_b,full_data
2,23,69,7,7,0,1,sushi_b,full_data
2,23,70,2,3,1,0.666666666666667,sushi_b,full_data
2,23,74,8,11,3,0.727272727272727,sushi_b,full_data
2,23,75,6,9,3,0.666666666666667,sushi_b,full_data
2,23,77,4,8,4,0.5,sushi_b,full_data
2,23,78,7,13,6,0.538461538461538,sushi_b,full_data
2,23,80,1,4,3,0.25,sushi_b,full_data
2,23,81,3,3,0,1,sushi_b,full_data
2,23,83,0,1,1,0,sushi_b,full_data
2,23,84,0,1,1,0,sushi_b,full_data
2,23,85,2,5,3,0.4,sushi_b,full_data
2,23,86,1,4,3,0.25,sushi_b,full_data
2,23,89,3,4,1,0.75,sushi_b,full_data
2,23,90,2,2,0,1,sushi_b,full_data
2,23,91,1,1,0,1,sushi_b,full_data
2,23,92,3,4,1,0.75,sushi_b,full_data
2,23,93,5,7,2,0.714285714285714,sushi_b,full_data
2,23,94,2,4,2,0.5,sushi_b,full_data
2,23,97,1,1,0,1,sushi_b,full_data
2,23,98,2,3,1,0.666666666666667,sushi_b,full_data
2,23,99,3,6,3,0.5,sushi_b,full_data
2,24,17,39,71,32,0.549295774647887,sushi_b,full_data
2,24,40,15,24,9,0.625,sushi_b,full_data
2,24,42,14,19,5,0.736842105263158,sushi_b,full_data
2,24,49,6,10,4,0.6,sushi_b,full_data
2,24,52,7,10,3,0.7,sushi_b,full_data
2,24,56,8,10,2,0.8,sushi_b,full_data
2,24,59,12,14,2,0.857142857142857,sushi_b,full_data
2,24,60,2,9,7,0.222222222222222,sushi_b,full_data
2,24,64,6,11,5,0.545454545454545,sushi_b,full_data
2,24,68,1,2,1,0.5,sushi_b,full_data
2,24,69,6,7,1,0.857142857142857,sushi_b,full_data
2,24,74,2,4,2,0.5,sushi_b,full_data
2,24,75,3,3,0,1,sushi_b,full_data
2,24,77,2,3,1,0.666666666666667,sushi_b,full_data
2,24,78,6,8,2,0.75,sushi_b,full_data
2,24,80,3,3,0,1,sushi_b,full_data
2,24,81,2,2,0,1,sushi_b,full_data
2,24,83,1,1,0,1,sushi_b,full_data
2,24,84,1,3,2,0.333333333333333,sushi_b,full_data
2,24,85,3,5,2,0.6,sushi_b,full_data
2,24,86,1,2,1,0.5,sushi_b,full_data
2,24,89,4,5,1,0.8,sushi_b,full_data
2,24,90,2,3,1,0.666666666666667,sushi_b,full_data
2,24,92,2,3,1,0.666666666666667,sushi_b,full_data
2,24,93,4,4,0,1,sushi_b,full_data
2,24,94,5,6,1,0.833333333333333,sushi_b,full_data
2,24,97,6,6,0,1,sushi_b,full_data
2,25,5,11,28,17,0.392857142857143,sushi_b,full_data
2,25,7,58,94,36,0.617021276595745,sushi_b,full_data
2,25,12,41,65,24,0.630769230769231,sushi_b,full_data
2,25,14,39,60,21,0.65,sushi_b,full_data
2,25,16,22,40,18,0.55,sushi_b,full_data
2,25,17,4,6,2,0.666666666666667,sushi_b,full_data
2,25,18,38,60,22,0.633333333333333,sushi_b,full_data
2,25,23,20,28,8,0.714285714285714,sushi_b,full_data
2,25,24,7,14,7,0.5,sushi_b,full_data
2,25,28,3,7,4,0.428571428571429,sushi_b,full_data
2,25,29,7,11,4,0.636363636363636,sushi_b,full_data
2,25,30,17,25,8,0.68,sushi_b,full_data
2,25,31,1,2,1,0.5,sushi_b,full_data
2,25,32,17,27,10,0.62962962962963,sushi_b,full_data
2,25,33,12,17,5,0.705882352941177,sushi_b,full_data
2,25,34,18,27,9,0.666666666666667,sushi_b,full_data
2,25,35,6,14,8,0.428571428571429,sushi_b,full_data
2,25,38,16,26,10,0.615384615384615,sushi_b,full_data
2,25,39,22,34,12,0.647058823529412,sushi_b,full_data
2,25,40,8,9,1,0.888888888888889,sushi_b,full_data
2,25,42,0,2,2,0,sushi_b,full_data
2,25,43,11,16,5,0.6875,sushi_b,full_data
2,25,44,11,21,10,0.523809523809524,sushi_b,full_data
2,25,45,7,9,2,0.777777777777778,sushi_b,full_data
2,25,46,8,18,10,0.444444444444444,sushi_b,full_data
2,25,48,5,5,0,1,sushi_b,full_data
2,25,49,3,4,1,0.75,sushi_b,full_data
2,25,50,9,19,10,0.473684210526316,sushi_b,full_data
2,25,51,12,13,1,0.923076923076923,sushi_b,full_data
2,25,52,1,2,1,0.5,sushi_b,full_data
2,25,54,7,18,11,0.388888888888889,sushi_b,full_data
2,25,55,5,5,0,1,sushi_b,full_data
2,25,56,1,4,3,0.25,sushi_b,full_data
2,25,58,4,7,3,0.571428571428571,sushi_b,full_data
2,25,59,2,2,0,1,sushi_b,full_data
2,25,62,7,9,2,0.777777777777778,sushi_b,full_data
2,25,63,9,11,2,0.818181818181818,sushi_b,full_data
2,25,65,7,13,6,0.538461538461538,sushi_b,full_data
2,25,66,7,7,0,1,sushi_b,full_data
2,25,67,1,1,0,1,sushi_b,full_data
2,25,68,3,4,1,0.75,sushi_b,full_data
2,25,70,1,3,2,0.333333333333333,sushi_b,full_data
2,25,71,6,13,7,0.461538461538462,sushi_b,full_data
2,25,72,7,10,3,0.7,sushi_b,full_data
2,25,74,2,2,0,1,sushi_b,full_data
2,25,75,2,4,2,0.5,sushi_b,full_data
2,25,77,1,2,1,0.5,sushi_b,full_data
2,25,78,1,1,0,1,sushi_b,full_data
2,25,80,1,1,0,1,sushi_b,full_data
2,25,82,1,2,1,0.5,sushi_b,full_data
2,25,83,1,1,0,1,sushi_b,full_data
2,25,84,2,2,0,1,sushi_b,full_data
2,25,87,1,1,0,1,sushi_b,full_data
2,25,91,2,2,0,1,sushi_b,full_data
2,25,93,1,1,0,1,sushi_b,full_data
2,25,94,0,1,1,0,sushi_b,full_data
2,25,95,2,3,1,0.666666666666667,sushi_b,full_data
2,25,97,1,1,0,1,sushi_b,full_data
2,25,98,1,2,1,0.5,sushi_b,full_data
2,25,99,1,2,1,0.5,sushi_b,full_data
2,26,3,43,87,44,0.494252873563218,sushi_b,full_data
2,26,4,19,34,15,0.558823529411765,sushi_b,full_data
2,26,5,40,67,27,0.597014925373134,sushi_b,full_data
2,26,7,19,39,20,0.487179487179487,sushi_b,full_data
2,26,10,34,65,31,0.523076923076923,sushi_b,full_data
2,26,12,11,21,10,0.523809523809524,sushi_b,full_data
2,26,14,22,39,17,0.564102564102564,sushi_b,full_data
2,26,16,6,10,4,0.6,sushi_b,full_data
2,26,18,9,11,2,0.818181818181818,sushi_b,full_data
2,26,21,39,69,30,0.565217391304348,sushi_b,full_data
2,26,23,4,4,0,1,sushi_b,full_data
2,26,24,1,1,0,1,sushi_b,full_data
2,26,25,28,46,18,0.608695652173913,sushi_b,full_data
2,26,27,26,49,23,0.530612244897959,sushi_b,full_data
2,26,28,2,2,0,1,sushi_b,full_data
2,26,30,1,4,3,0.25,sushi_b,full_data
2,26,31,26,41,15,0.634146341463415,sushi_b,full_data
2,26,32,6,10,4,0.6,sushi_b,full_data
2,26,33,0,1,1,0,sushi_b,full_data
2,26,34,15,25,10,0.6,sushi_b,full_data
2,26,35,1,2,1,0.5,sushi_b,full_data
2,26,36,15,26,11,0.576923076923077,sushi_b,full_data
2,26,38,2,2,0,1,sushi_b,full_data
2,26,39,9,14,5,0.642857142857143,sushi_b,full_data
2,26,43,9,14,5,0.642857142857143,sushi_b,full_data
2,26,44,3,3,0,1,sushi_b,full_data
2,26,45,11,13,2,0.846153846153846,sushi_b,full_data
2,26,46,8,12,4,0.666666666666667,sushi_b,full_data
2,26,50,1,6,5,0.166666666666667,sushi_b,full_data
2,26,51,2,3,1,0.666666666666667,sushi_b,full_data
2,26,54,3,3,0,1,sushi_b,full_data
2,26,55,1,1,0,1,sushi_b,full_data
2,26,57,10,15,5,0.666666666666667,sushi_b,full_data
2,26,62,3,3,0,1,sushi_b,full_data
2,26,63,2,3,1,0.666666666666667,sushi_b,full_data
2,26,65,1,4,3,0.25,sushi_b,full_data
2,26,67,0,1,1,0,sushi_b,full_data
2,26,70,1,1,0,1,sushi_b,full_data
2,26,71,2,2,0,1,sushi_b,full_data
2,26,73,5,6,1,0.833333333333333,sushi_b,full_data
2,26,74,1,1,0,1,sushi_b,full_data
2,26,76,4,6,2,0.666666666666667,sushi_b,full_data
2,26,80,1,1,0,1,sushi_b,full_data
2,26,82,1,1,0,1,sushi_b,full_data
2,26,87,0,1,1,0,sushi_b,full_data
2,26,88,6,9,3,0.666666666666667,sushi_b,full_data
2,26,95,3,4,1,0.75,sushi_b,full_data
2,26,96,2,3,1,0.666666666666667,sushi_b,full_data
2,27,5,42,71,29,0.591549295774648,sushi_b,full_data
2,27,7,50,78,28,0.641025641025641,sushi_b,full_data
2,27,12,34,48,14,0.708333333333333,sushi_b,full_data
2,27,14,44,64,20,0.6875,sushi_b,full_data
2,27,16,17,22,5,0.772727272727273,sushi_b,full_data
2,27,17,1,3,2,0.333333333333333,sushi_b,full_data
2,27,18,29,39,10,0.743589743589744,sushi_b,full_data
2,27,21,12,20,8,0.6,sushi_b,full_data
2,27,23,10,13,3,0.769230769230769,sushi_b,full_data
2,27,24,8,9,1,0.888888888888889,sushi_b,full_data
2,27,25,20,34,14,0.588235294117647,sushi_b,full_data
2,27,28,5,7,2,0.714285714285714,sushi_b,full_data
2,27,29,4,5,1,0.8,sushi_b,full_data
2,27,30,19,29,10,0.655172413793103,sushi_b,full_data
2,27,31,10,21,11,0.476190476190476,sushi_b,full_data
2,27,32,16,26,10,0.615384615384615,sushi_b,full_data
2,27,33,10,12,2,0.833333333333333,sushi_b,full_data
2,27,34,25,38,13,0.657894736842105,sushi_b,full_data
2,27,35,3,4,1,0.75,sushi_b,full_data
2,27,38,14,17,3,0.823529411764706,sushi_b,full_data
2,27,39,19,28,9,0.678571428571429,sushi_b,full_data
2,27,42,1,1,0,1,sushi_b,full_data
2,27,43,10,22,12,0.454545454545455,sushi_b,full_data
2,27,44,12,15,3,0.8,sushi_b,full_data
2,27,45,11,18,7,0.611111111111111,sushi_b,full_data
2,27,46,9,16,7,0.5625,sushi_b,full_data
2,27,48,5,6,1,0.833333333333333,sushi_b,full_data
2,27,50,9,12,3,0.75,sushi_b,full_data
2,27,51,6,10,4,0.6,sushi_b,full_data
2,27,52,2,3,1,0.666666666666667,sushi_b,full_data
2,27,54,6,13,7,0.461538461538462,sushi_b,full_data
2,27,55,1,1,0,1,sushi_b,full_data
2,27,57,3,7,4,0.428571428571429,sushi_b,full_data
2,27,58,1,3,2,0.333333333333333,sushi_b,full_data
2,27,59,1,1,0,1,sushi_b,full_data
2,27,60,1,2,1,0.5,sushi_b,full_data
2,27,62,6,8,2,0.75,sushi_b,full_data
2,27,63,2,3,1,0.666666666666667,sushi_b,full_data
2,27,64,1,1,0,1,sushi_b,full_data
2,27,65,2,6,4,0.333333333333333,sushi_b,full_data
2,27,66,3,5,2,0.6,sushi_b,full_data
2,27,67,1,2,1,0.5,sushi_b,full_data
2,27,70,1,1,0,1,sushi_b,full_data
2,27,71,1,2,1,0.5,sushi_b,full_data
2,27,72,3,6,3,0.5,sushi_b,full_data
2,27,73,2,2,0,1,sushi_b,full_data
2,27,76,3,5,2,0.6,sushi_b,full_data
2,27,82,1,1,0,1,sushi_b,full_data
2,27,83,0,1,1,0,sushi_b,full_data
2,27,84,0,1,1,0,sushi_b,full_data
2,27,86,1,1,0,1,sushi_b,full_data
2,27,87,0,1,1,0,sushi_b,full_data
2,27,88,2,3,1,0.666666666666667,sushi_b,full_data
2,27,95,0,1,1,0,sushi_b,full_data
2,27,96,1,2,1,0.5,sushi_b,full_data
2,27,97,1,1,0,1,sushi_b,full_data
2,28,17,28,39,11,0.717948717948718,sushi_b,full_data
2,28,40,15,22,7,0.681818181818182,sushi_b,full_data
2,28,42,5,9,4,0.555555555555556,sushi_b,full_data
2,28,49,3,4,1,0.75,sushi_b,full_data
2,28,52,2,5,3,0.4,sushi_b,full_data
2,28,56,2,6,4,0.333333333333333,sushi_b,full_data
2,28,59,8,16,8,0.5,sushi_b,full_data
2,28,60,5,9,4,0.555555555555556,sushi_b,full_data
2,28,64,2,3,1,0.666666666666667,sushi_b,full_data
2,28,69,3,5,2,0.6,sushi_b,full_data
2,28,74,3,5,2,0.6,sushi_b,full_data
2,28,75,2,2,0,1,sushi_b,full_data
2,28,77,1,2,1,0.5,sushi_b,full_data
2,28,78,7,9,2,0.777777777777778,sushi_b,full_data
2,28,80,0,2,2,0,sushi_b,full_data
2,28,81,1,1,0,1,sushi_b,full_data
2,28,83,1,1,0,1,sushi_b,full_data
2,28,84,1,1,0,1,sushi_b,full_data
2,28,85,4,8,4,0.5,sushi_b,full_data
2,28,89,6,8,2,0.75,sushi_b,full_data
2,28,90,4,6,2,0.666666666666667,sushi_b,full_data
2,28,92,1,3,2,0.333333333333333,sushi_b,full_data
2,28,93,3,4,1,0.75,sushi_b,full_data
2,28,94,3,4,1,0.75,sushi_b,full_data
2,28,97,2,2,0,1,sushi_b,full_data
2,28,98,0,1,1,0,sushi_b,full_data
2,29,17,30,52,22,0.576923076923077,sushi_b,full_data
2,29,28,7,14,7,0.5,sushi_b,full_data
2,29,40,7,11,4,0.636363636363636,sushi_b,full_data
2,29,42,13,26,13,0.5,sushi_b,full_data
2,29,49,9,11,2,0.818181818181818,sushi_b,full_data
2,29,52,6,7,1,0.857142857142857,sushi_b,full_data
2,29,56,6,6,0,1,sushi_b,full_data
2,29,59,6,13,7,0.461538461538462,sushi_b,full_data
2,29,60,4,8,4,0.5,sushi_b,full_data
2,29,64,8,10,2,0.8,sushi_b,full_data
2,29,68,2,3,1,0.666666666666667,sushi_b,full_data
2,29,69,9,14,5,0.642857142857143,sushi_b,full_data
2,29,74,3,4,1,0.75,sushi_b,full_data
2,29,75,3,3,0,1,sushi_b,full_data
2,29,77,3,3,0,1,sushi_b,full_data
2,29,78,8,9,1,0.888888888888889,sushi_b,full_data
2,29,81,8,10,2,0.8,sushi_b,full_data
2,29,83,1,1,0,1,sushi_b,full_data
2,29,84,2,4,2,0.5,sushi_b,full_data
2,29,85,2,2,0,1,sushi_b,full_data
2,29,86,1,1,0,1,sushi_b,full_data
2,29,89,2,5,3,0.4,sushi_b,full_data
2,29,90,1,3,2,0.333333333333333,sushi_b,full_data
2,29,92,1,2,1,0.5,sushi_b,full_data
2,29,93,1,2,1,0.5,sushi_b,full_data
2,29,94,2,6,4,0.333333333333333,sushi_b,full_data
2,29,97,6,6,0,1,sushi_b,full_data
2,29,98,2,3,1,0.666666666666667,sushi_b,full_data
2,29,99,1,2,1,0.5,sushi_b,full_data
2,30,17,28,40,12,0.7,sushi_b,full_data
2,30,23,22,40,18,0.55,sushi_b,full_data
2,30,24,28,47,19,0.595744680851064,sushi_b,full_data
2,30,28,22,34,12,0.647058823529412,sushi_b,full_data
2,30,29,15,29,14,0.517241379310345,sushi_b,full_data
2,30,33,9,19,10,0.473684210526316,sushi_b,full_data
2,30,35,9,15,6,0.6,sushi_b,full_data
2,30,40,9,17,8,0.529411764705882,sushi_b,full_data
2,30,42,10,21,11,0.476190476190476,sushi_b,full_data
2,30,48,6,9,3,0.666666666666667,sushi_b,full_data
2,30,49,19,27,8,0.703703703703704,sushi_b,full_data
2,30,51,6,11,5,0.545454545454545,sushi_b,full_data
2,30,52,9,13,4,0.692307692307692,sushi_b,full_data
2,30,55,6,10,4,0.6,sushi_b,full_data
2,30,56,10,13,3,0.769230769230769,sushi_b,full_data
2,30,58,6,9,3,0.666666666666667,sushi_b,full_data
2,30,59,7,10,3,0.7,sushi_b,full_data
2,30,60,3,7,4,0.428571428571429,sushi_b,full_data
2,30,64,1,6,5,0.166666666666667,sushi_b,full_data
2,30,66,0,1,1,0,sushi_b,full_data
2,30,67,4,6,2,0.666666666666667,sushi_b,full_data
2,30,68,3,7,4,0.428571428571429,sushi_b,full_data
2,30,69,6,9,3,0.666666666666667,sushi_b,full_data
2,30,70,4,5,1,0.8,sushi_b,full_data
2,30,72,3,6,3,0.5,sushi_b,full_data
2,30,74,4,6,2,0.666666666666667,sushi_b,full_data
2,30,75,3,7,4,0.428571428571429,sushi_b,full_data
2,30,77,2,6,4,0.333333333333333,sushi_b,full_data
2,30,78,4,9,5,0.444444444444444,sushi_b,full_data
2,30,80,3,7,4,0.428571428571429,sushi_b,full_data
2,30,81,0,3,3,0,sushi_b,full_data
2,30,82,0,1,1,0,sushi_b,full_data
2,30,83,1,4,3,0.25,sushi_b,full_data
2,30,84,1,2,1,0.5,sushi_b,full_data
2,30,85,0,1,1,0,sushi_b,full_data
2,30,86,2,2,0,1,sushi_b,full_data
2,30,87,0,2,2,0,sushi_b,full_data
2,30,89,0,1,1,0,sushi_b,full_data
2,30,90,4,4,0,1,sushi_b,full_data
2,30,91,1,2,1,0.5,sushi_b,full_data
2,30,92,0,1,1,0,sushi_b,full_data
2,30,93,3,3,0,1,sushi_b,full_data
2,30,97,7,7,0,1,sushi_b,full_data
2,30,98,3,4,1,0.75,sushi_b,full_data
2,30,99,5,7,2,0.714285714285714,sushi_b,full_data
2,31,7,30,57,27,0.526315789473684,sushi_b,full_data
2,31,12,32,53,21,0.60377358490566,sushi_b,full_data
2,31,14,25,43,18,0.581395348837209,sushi_b,full_data
2,31,16,21,36,15,0.583333333333333,sushi_b,full_data
2,31,17,7,9,2,0.777777777777778,sushi_b,full_data
2,31,18,27,54,27,0.5,sushi_b,full_data
2,31,23,10,15,5,0.666666666666667,sushi_b,full_data
2,31,24,7,9,2,0.777777777777778,sushi_b,full_data
2,31,28,5,11,6,0.454545454545455,sushi_b,full_data
2,31,29,6,8,2,0.75,sushi_b,full_data
2,31,30,14,20,6,0.7,sushi_b,full_data
2,31,32,24,32,8,0.75,sushi_b,full_data
2,31,33,7,10,3,0.7,sushi_b,full_data
2,31,34,12,19,7,0.631578947368421,sushi_b,full_data
2,31,35,6,7,1,0.857142857142857,sushi_b,full_data
2,31,38,10,18,8,0.555555555555556,sushi_b,full_data
2,31,39,13,17,4,0.764705882352941,sushi_b,full_data
2,31,40,1,1,0,1,sushi_b,full_data
2,31,42,2,2,0,1,sushi_b,full_data
2,31,43,17,22,5,0.772727272727273,sushi_b,full_data
2,31,44,10,16,6,0.625,sushi_b,full_data
2,31,45,5,7,2,0.714285714285714,sushi_b,full_data
2,31,46,6,13,7,0.461538461538462,sushi_b,full_data
2,31,48,6,8,2,0.75,sushi_b,full_data
2,31,49,2,5,3,0.4,sushi_b,full_data
2,31,50,3,8,5,0.375,sushi_b,full_data
2,31,51,3,6,3,0.5,sushi_b,full_data
2,31,52,2,2,0,1,sushi_b,full_data
2,31,54,6,12,6,0.5,sushi_b,full_data
2,31,55,2,4,2,0.5,sushi_b,full_data
2,31,56,2,2,0,1,sushi_b,full_data
2,31,58,3,3,0,1,sushi_b,full_data
2,31,59,5,5,0,1,sushi_b,full_data
2,31,60,1,3,2,0.333333333333333,sushi_b,full_data
2,31,62,4,4,0,1,sushi_b,full_data
2,31,63,4,10,6,0.4,sushi_b,full_data
2,31,65,9,10,1,0.9,sushi_b,full_data
2,31,66,3,4,1,0.75,sushi_b,full_data
2,31,67,0,2,2,0,sushi_b,full_data
2,31,68,0,2,2,0,sushi_b,full_data
2,31,70,1,2,1,0.5,sushi_b,full_data
2,31,71,6,6,0,1,sushi_b,full_data
2,31,72,5,8,3,0.625,sushi_b,full_data
2,31,74,0,1,1,0,sushi_b,full_data
2,31,75,1,1,0,1,sushi_b,full_data
2,31,77,1,1,0,1,sushi_b,full_data
2,31,78,1,1,0,1,sushi_b,full_data
2,31,80,1,1,0,1,sushi_b,full_data
2,31,82,2,3,1,0.666666666666667,sushi_b,full_data
2,31,83,1,1,0,1,sushi_b,full_data
2,31,84,2,2,0,1,sushi_b,full_data
2,31,87,1,1,0,1,sushi_b,full_data
2,31,91,2,3,1,0.666666666666667,sushi_b,full_data
2,31,95,6,9,3,0.666666666666667,sushi_b,full_data
2,31,99,1,1,0,1,sushi_b,full_data
2,32,12,7,12,5,0.583333333333333,sushi_b,full_data
2,32,16,22,45,23,0.488888888888889,sushi_b,full_data
2,32,17,15,19,4,0.789473684210526,sushi_b,full_data
2,32,23,22,36,14,0.611111111111111,sushi_b,full_data
2,32,24,13,21,8,0.619047619047619,sushi_b,full_data
2,32,28,10,22,12,0.454545454545455,sushi_b,full_data
2,32,29,14,29,15,0.482758620689655,sushi_b,full_data
2,32,30,10,16,6,0.625,sushi_b,full_data
2,32,33,14,23,9,0.608695652173913,sushi_b,full_data
2,32,35,15,22,7,0.681818181818182,sushi_b,full_data
2,32,38,6,14,8,0.428571428571429,sushi_b,full_data
2,32,40,8,10,2,0.8,sushi_b,full_data
2,32,42,8,9,1,0.888888888888889,sushi_b,full_data
2,32,48,8,14,6,0.571428571428571,sushi_b,full_data
2,32,49,8,12,4,0.666666666666667,sushi_b,full_data
2,32,50,6,10,4,0.6,sushi_b,full_data
2,32,51,11,15,4,0.733333333333333,sushi_b,full_data
2,32,52,4,5,1,0.8,sushi_b,full_data
2,32,55,3,5,2,0.6,sushi_b,full_data
2,32,56,2,3,1,0.666666666666667,sushi_b,full_data
2,32,58,3,5,2,0.6,sushi_b,full_data
2,32,59,6,6,0,1,sushi_b,full_data
2,32,60,2,5,3,0.4,sushi_b,full_data
2,32,63,9,13,4,0.692307692307692,sushi_b,full_data
2,32,64,2,5,3,0.4,sushi_b,full_data
2,32,66,2,5,3,0.4,sushi_b,full_data
2,32,67,4,6,2,0.666666666666667,sushi_b,full_data
2,32,68,1,4,3,0.25,sushi_b,full_data
2,32,69,1,1,0,1,sushi_b,full_data
2,32,70,0,3,3,0,sushi_b,full_data
2,32,71,2,2,0,1,sushi_b,full_data
2,32,72,3,5,2,0.6,sushi_b,full_data
2,32,74,5,6,1,0.833333333333333,sushi_b,full_data
2,32,75,2,4,2,0.5,sushi_b,full_data
2,32,77,4,4,0,1,sushi_b,full_data
2,32,78,0,3,3,0,sushi_b,full_data
2,32,80,2,3,1,0.666666666666667,sushi_b,full_data
2,32,82,5,6,1,0.833333333333333,sushi_b,full_data
2,32,83,0,1,1,0,sushi_b,full_data
2,32,84,0,1,1,0,sushi_b,full_data
2,32,85,1,1,0,1,sushi_b,full_data
2,32,86,2,2,0,1,sushi_b,full_data
2,32,91,1,4,3,0.25,sushi_b,full_data
2,32,94,1,1,0,1,sushi_b,full_data
2,32,98,1,2,1,0.5,sushi_b,full_data
2,32,99,1,1,0,1,sushi_b,full_data
2,33,17,14,30,16,0.466666666666667,sushi_b,full_data
2,33,24,18,31,13,0.580645161290323,sushi_b,full_data
2,33,28,11,20,9,0.55,sushi_b,full_data
2,33,29,11,20,9,0.55,sushi_b,full_data
2,33,35,10,20,10,0.5,sushi_b,full_data
2,33,40,13,22,9,0.590909090909091,sushi_b,full_data
2,33,42,9,15,6,0.6,sushi_b,full_data
2,33,48,3,7,4,0.428571428571429,sushi_b,full_data
2,33,49,5,14,9,0.357142857142857,sushi_b,full_data
2,33,52,7,11,4,0.636363636363636,sushi_b,full_data
2,33,55,1,3,2,0.333333333333333,sushi_b,full_data
2,33,56,9,13,4,0.692307692307692,sushi_b,full_data
2,33,58,1,3,2,0.333333333333333,sushi_b,full_data
2,33,59,10,11,1,0.909090909090909,sushi_b,full_data
2,33,60,6,10,4,0.6,sushi_b,full_data
2,33,64,6,13,7,0.461538461538462,sushi_b,full_data
2,33,67,2,3,1,0.666666666666667,sushi_b,full_data
2,33,68,8,9,1,0.888888888888889,sushi_b,full_data
2,33,69,4,6,2,0.666666666666667,sushi_b,full_data
2,33,70,0,3,3,0,sushi_b,full_data
2,33,74,2,6,4,0.333333333333333,sushi_b,full_data
2,33,75,4,5,1,0.8,sushi_b,full_data
2,33,77,0,1,1,0,sushi_b,full_data
2,33,78,3,4,1,0.75,sushi_b,full_data
2,33,80,2,4,2,0.5,sushi_b,full_data
2,33,81,4,6,2,0.666666666666667,sushi_b,full_data
2,33,83,1,2,1,0.5,sushi_b,full_data
2,33,84,0,1,1,0,sushi_b,full_data
2,33,85,1,2,1,0.5,sushi_b,full_data
2,33,86,2,3,1,0.666666666666667,sushi_b,full_data
2,33,89,3,3,0,1,sushi_b,full_data
2,33,90,3,5,2,0.6,sushi_b,full_data
2,33,91,2,4,2,0.5,sushi_b,full_data
2,33,92,1,4,3,0.25,sushi_b,full_data
2,33,93,2,3,1,0.666666666666667,sushi_b,full_data
2,33,94,0,1,1,0,sushi_b,full_data
2,33,97,5,5,0,1,sushi_b,full_data
2,33,98,2,3,1,0.666666666666667,sushi_b,full_data
2,33,99,2,3,1,0.666666666666667,sushi_b,full_data
2,34,7,18,30,12,0.6,sushi_b,full_data
2,34,12,28,48,20,0.583333333333333,sushi_b,full_data
2,34,16,22,40,18,0.55,sushi_b,full_data
2,34,17,6,9,3,0.666666666666667,sushi_b,full_data
2,34,18,26,46,20,0.565217391304348,sushi_b,full_data
2,34,23,19,31,12,0.612903225806452,sushi_b,full_data
2,34,24,12,19,7,0.631578947368421,sushi_b,full_data
2,34,28,11,15,4,0.733333333333333,sushi_b,full_data
2,34,29,10,26,16,0.384615384615385,sushi_b,full_data
2,34,30,21,29,8,0.724137931034483,sushi_b,full_data
2,34,32,5,8,3,0.625,sushi_b,full_data
2,34,33,10,15,5,0.666666666666667,sushi_b,full_data
2,34,35,11,14,3,0.785714285714286,sushi_b,full_data
2,34,38,15,27,12,0.555555555555556,sushi_b,full_data
2,34,39,6,12,6,0.5,sushi_b,full_data
2,34,40,1,3,2,0.333333333333333,sushi_b,full_data
2,34,42,5,7,2,0.714285714285714,sushi_b,full_data
2,34,43,6,7,1,0.857142857142857,sushi_b,full_data
2,34,44,8,15,7,0.533333333333333,sushi_b,full_data
2,34,46,14,19,5,0.736842105263158,sushi_b,full_data
2,34,48,3,7,4,0.428571428571429,sushi_b,full_data
2,34,49,4,6,2,0.666666666666667,sushi_b,full_data
2,34,50,6,7,1,0.857142857142857,sushi_b,full_data
2,34,51,11,18,7,0.611111111111111,sushi_b,full_data
2,34,54,7,10,3,0.7,sushi_b,full_data
2,34,55,2,4,2,0.5,sushi_b,full_data
2,34,56,1,1,0,1,sushi_b,full_data
2,34,58,5,5,0,1,sushi_b,full_data
2,34,59,1,1,0,1,sushi_b,full_data
2,34,60,1,2,1,0.5,sushi_b,full_data
2,34,62,1,2,1,0.5,sushi_b,full_data
2,34,63,7,10,3,0.7,sushi_b,full_data
2,34,64,3,4,1,0.75,sushi_b,full_data
2,34,65,4,6,2,0.666666666666667,sushi_b,full_data
2,34,66,6,6,0,1,sushi_b,full_data
2,34,67,2,3,1,0.666666666666667,sushi_b,full_data
2,34,69,3,3,0,1,sushi_b,full_data
2,34,70,0,1,1,0,sushi_b,full_data
2,34,71,7,10,3,0.7,sushi_b,full_data
2,34,72,5,7,2,0.714285714285714,sushi_b,full_data
2,34,74,2,3,1,0.666666666666667,sushi_b,full_data
2,34,80,1,1,0,1,sushi_b,full_data
2,34,82,3,4,1,0.75,sushi_b,full_data
2,34,83,0,1,1,0,sushi_b,full_data
2,34,84,0,1,1,0,sushi_b,full_data
2,34,90,1,1,0,1,sushi_b,full_data
2,34,91,1,1,0,1,sushi_b,full_data
2,34,93,1,1,0,1,sushi_b,full_data
2,34,94,1,1,0,1,sushi_b,full_data
2,34,95,1,1,0,1,sushi_b,full_data
2,35,17,21,40,19,0.525,sushi_b,full_data
2,35,24,3,5,2,0.6,sushi_b,full_data
2,35,28,7,18,11,0.388888888888889,sushi_b,full_data
2,35,29,2,3,1,0.666666666666667,sushi_b,full_data
2,35,40,8,15,7,0.533333333333333,sushi_b,full_data
2,35,42,7,17,10,0.411764705882353,sushi_b,full_data
2,35,49,9,13,4,0.692307692307692,sushi_b,full_data
2,35,52,8,14,6,0.571428571428571,sushi_b,full_data
2,35,56,5,10,5,0.5,sushi_b,full_data
2,35,59,5,6,1,0.833333333333333,sushi_b,full_data
2,35,60,10,16,6,0.625,sushi_b,full_data
2,35,64,0,5,5,0,sushi_b,full_data
2,35,68,4,7,3,0.571428571428571,sushi_b,full_data
2,35,69,2,3,1,0.666666666666667,sushi_b,full_data
2,35,74,2,4,2,0.5,sushi_b,full_data
2,35,75,4,5,1,0.8,sushi_b,full_data
2,35,77,5,6,1,0.833333333333333,sushi_b,full_data
2,35,78,6,9,3,0.666666666666667,sushi_b,full_data
2,35,80,2,4,2,0.5,sushi_b,full_data
2,35,81,0,1,1,0,sushi_b,full_data
2,35,83,4,4,0,1,sushi_b,full_data
2,35,84,0,1,1,0,sushi_b,full_data
2,35,85,5,6,1,0.833333333333333,sushi_b,full_data
2,35,86,1,1,0,1,sushi_b,full_data
2,35,90,1,1,0,1,sushi_b,full_data
2,35,92,1,2,1,0.5,sushi_b,full_data
2,35,93,1,2,1,0.5,sushi_b,full_data
2,35,94,3,3,0,1,sushi_b,full_data
2,35,97,1,1,0,1,sushi_b,full_data
2,35,98,3,3,0,1,sushi_b,full_data
2,35,99,2,4,2,0.5,sushi_b,full_data
2,36,5,21,38,17,0.552631578947368,sushi_b,full_data
2,36,7,22,50,28,0.44,sushi_b,full_data
2,36,12,15,30,15,0.5,sushi_b,full_data
2,36,14,31,49,18,0.63265306122449,sushi_b,full_data
2,36,16,15,17,2,0.882352941176471,sushi_b,full_data
2,36,17,1,3,2,0.333333333333333,sushi_b,full_data
2,36,18,21,33,12,0.636363636363636,sushi_b,full_data
2,36,21,1,1,0,1,sushi_b,full_data
2,36,23,2,2,0,1,sushi_b,full_data
2,36,24,6,7,1,0.857142857142857,sushi_b,full_data
2,36,25,7,16,9,0.4375,sushi_b,full_data
2,36,28,1,1,0,1,sushi_b,full_data
2,36,29,3,7,4,0.428571428571429,sushi_b,full_data
2,36,30,7,9,2,0.777777777777778,sushi_b,full_data
2,36,31,7,20,13,0.35,sushi_b,full_data
2,36,32,9,18,9,0.5,sushi_b,full_data
2,36,33,7,11,4,0.636363636363636,sushi_b,full_data
2,36,34,10,19,9,0.526315789473684,sushi_b,full_data
2,36,35,1,1,0,1,sushi_b,full_data
2,36,38,6,12,6,0.5,sushi_b,full_data
2,36,39,17,20,3,0.85,sushi_b,full_data
2,36,40,1,1,0,1,sushi_b,full_data
2,36,43,4,14,10,0.285714285714286,sushi_b,full_data
2,36,44,4,8,4,0.5,sushi_b,full_data
2,36,45,5,11,6,0.454545454545455,sushi_b,full_data
2,36,46,6,8,2,0.75,sushi_b,full_data
2,36,48,0,4,4,0,sushi_b,full_data
2,36,49,1,1,0,1,sushi_b,full_data
2,36,50,4,5,1,0.8,sushi_b,full_data
2,36,51,3,3,0,1,sushi_b,full_data
2,36,52,1,1,0,1,sushi_b,full_data
2,36,54,9,15,6,0.6,sushi_b,full_data
2,36,55,2,3,1,0.666666666666667,sushi_b,full_data
2,36,57,3,3,0,1,sushi_b,full_data
2,36,58,1,2,1,0.5,sushi_b,full_data
2,36,62,12,16,4,0.75,sushi_b,full_data
2,36,63,3,6,3,0.5,sushi_b,full_data
2,36,65,2,5,3,0.4,sushi_b,full_data
2,36,66,1,1,0,1,sushi_b,full_data
2,36,67,1,1,0,1,sushi_b,full_data
2,36,70,1,3,2,0.333333333333333,sushi_b,full_data
2,36,71,2,3,1,0.666666666666667,sushi_b,full_data
2,36,72,1,3,2,0.333333333333333,sushi_b,full_data
2,36,73,1,1,0,1,sushi_b,full_data
2,36,74,1,1,0,1,sushi_b,full_data
2,36,75,1,1,0,1,sushi_b,full_data
2,36,80,0,1,1,0,sushi_b,full_data
2,36,82,2,2,0,1,sushi_b,full_data
2,36,87,2,2,0,1,sushi_b,full_data
2,36,88,1,1,0,1,sushi_b,full_data
2,36,90,1,1,0,1,sushi_b,full_data
2,36,95,3,4,1,0.75,sushi_b,full_data
2,36,96,0,1,1,0,sushi_b,full_data
2,36,98,0,1,1,0,sushi_b,full_data
2,36,99,1,1,0,1,sushi_b,full_data
2,37,0,25,44,19,0.568181818181818,sushi_b,full_data
2,37,1,37,57,20,0.649122807017544,sushi_b,full_data
2,37,2,21,53,32,0.39622641509434,sushi_b,full_data
2,37,3,9,13,4,0.692307692307692,sushi_b,full_data
2,37,4,10,21,11,0.476190476190476,sushi_b,full_data
2,37,5,1,5,4,0.2,sushi_b,full_data
2,37,6,28,47,19,0.595744680851064,sushi_b,full_data
2,37,9,4,4,0,1,sushi_b,full_data
2,37,10,10,16,6,0.625,sushi_b,full_data
2,37,11,28,47,19,0.595744680851064,sushi_b,full_data
2,37,13,28,42,14,0.666666666666667,sushi_b,full_data
2,37,14,4,4,0,1,sushi_b,full_data
2,37,15,12,22,10,0.545454545454545,sushi_b,full_data
2,37,20,25,43,18,0.581395348837209,sushi_b,full_data
2,37,21,4,5,1,0.8,sushi_b,full_data
2,37,22,16,21,5,0.761904761904762,sushi_b,full_data
2,37,25,5,6,1,0.833333333333333,sushi_b,full_data
2,37,26,4,8,4,0.5,sushi_b,full_data
2,37,27,4,7,3,0.571428571428571,sushi_b,full_data
2,37,30,1,1,0,1,sushi_b,full_data
2,37,31,0,1,1,0,sushi_b,full_data
2,37,36,2,3,1,0.666666666666667,sushi_b,full_data
2,37,38,0,1,1,0,sushi_b,full_data
2,37,41,15,22,7,0.681818181818182,sushi_b,full_data
2,37,45,2,3,1,0.666666666666667,sushi_b,full_data
2,37,47,6,16,10,0.375,sushi_b,full_data
2,37,53,9,11,2,0.818181818181818,sushi_b,full_data
2,37,65,1,1,0,1,sushi_b,full_data
2,37,76,2,3,1,0.666666666666667,sushi_b,full_data
2,37,79,2,4,2,0.5,sushi_b,full_data
2,37,88,1,1,0,1,sushi_b,full_data
2,38,16,5,15,10,0.333333333333333,sushi_b,full_data
2,38,17,19,34,15,0.558823529411765,sushi_b,full_data
2,38,23,16,36,20,0.444444444444444,sushi_b,full_data
2,38,24,14,35,21,0.4,sushi_b,full_data
2,38,28,11,24,13,0.458333333333333,sushi_b,full_data
2,38,29,12,22,10,0.545454545454545,sushi_b,full_data
2,38,30,2,4,2,0.5,sushi_b,full_data
2,38,33,14,20,6,0.7,sushi_b,full_data
2,38,35,8,19,11,0.421052631578947,sushi_b,full_data
2,38,40,5,9,4,0.555555555555556,sushi_b,full_data
2,38,42,9,13,4,0.692307692307692,sushi_b,full_data
2,38,48,7,13,6,0.538461538461538,sushi_b,full_data
2,38,49,6,9,3,0.666666666666667,sushi_b,full_data
2,38,51,5,6,1,0.833333333333333,sushi_b,full_data
2,38,52,9,13,4,0.692307692307692,sushi_b,full_data
2,38,55,4,5,1,0.8,sushi_b,full_data
2,38,56,3,7,4,0.428571428571429,sushi_b,full_data
2,38,58,7,7,0,1,sushi_b,full_data
2,38,59,4,4,0,1,sushi_b,full_data
2,38,60,4,7,3,0.571428571428571,sushi_b,full_data
2,38,63,1,1,0,1,sushi_b,full_data
2,38,64,3,7,4,0.428571428571429,sushi_b,full_data
2,38,66,0,5,5,0,sushi_b,full_data
2,38,67,1,3,2,0.333333333333333,sushi_b,full_data
2,38,68,4,7,3,0.571428571428571,sushi_b,full_data
2,38,69,2,3,1,0.666666666666667,sushi_b,full_data
2,38,70,2,4,2,0.5,sushi_b,full_data
2,38,72,3,4,1,0.75,sushi_b,full_data
2,38,74,0,1,1,0,sushi_b,full_data
2,38,75,1,3,2,0.333333333333333,sushi_b,full_data
2,38,77,4,6,2,0.666666666666667,sushi_b,full_data
2,38,78,2,4,2,0.5,sushi_b,full_data
2,38,80,2,2,0,1,sushi_b,full_data
2,38,81,2,2,0,1,sushi_b,full_data
2,38,82,0,1,1,0,sushi_b,full_data
2,38,83,0,2,2,0,sushi_b,full_data
2,38,84,3,4,1,0.75,sushi_b,full_data
2,38,85,1,2,1,0.5,sushi_b,full_data
2,38,86,1,4,3,0.25,sushi_b,full_data
2,38,87,2,3,1,0.666666666666667,sushi_b,full_data
2,38,89,1,2,1,0.5,sushi_b,full_data
2,38,91,2,4,2,0.5,sushi_b,full_data
2,38,92,2,3,1,0.666666666666667,sushi_b,full_data
2,38,93,1,2,1,0.5,sushi_b,full_data
2,38,94,1,1,0,1,sushi_b,full_data
2,38,97,2,2,0,1,sushi_b,full_data
2,38,98,4,5,1,0.8,sushi_b,full_data
2,38,99,2,4,2,0.5,sushi_b,full_data
2,39,12,25,49,24,0.510204081632653,sushi_b,full_data
2,39,16,28,43,15,0.651162790697674,sushi_b,full_data
2,39,17,5,13,8,0.384615384615385,sushi_b,full_data
2,39,18,8,13,5,0.615384615384615,sushi_b,full_data
2,39,23,7,23,16,0.304347826086957,sushi_b,full_data
2,39,24,11,17,6,0.647058823529412,sushi_b,full_data
2,39,28,6,12,6,0.5,sushi_b,full_data
2,39,29,7,15,8,0.466666666666667,sushi_b,full_data
2,39,30,11,20,9,0.55,sushi_b,full_data
2,39,32,3,5,2,0.6,sushi_b,full_data
2,39,33,13,18,5,0.722222222222222,sushi_b,full_data
2,39,35,8,15,7,0.533333333333333,sushi_b,full_data
2,39,38,9,11,2,0.818181818181818,sushi_b,full_data
2,39,40,7,9,2,0.777777777777778,sushi_b,full_data
2,39,42,2,4,2,0.5,sushi_b,full_data
2,39,44,2,2,0,1,sushi_b,full_data
2,39,46,1,5,4,0.2,sushi_b,full_data
2,39,48,4,10,6,0.4,sushi_b,full_data
2,39,49,2,4,2,0.5,sushi_b,full_data
2,39,50,8,15,7,0.533333333333333,sushi_b,full_data
2,39,51,5,9,4,0.555555555555556,sushi_b,full_data
2,39,52,4,7,3,0.571428571428571,sushi_b,full_data
2,39,55,2,6,4,0.333333333333333,sushi_b,full_data
2,39,56,2,3,1,0.666666666666667,sushi_b,full_data
2,39,58,3,4,1,0.75,sushi_b,full_data
2,39,59,3,4,1,0.75,sushi_b,full_data
2,39,60,1,1,0,1,sushi_b,full_data
2,39,63,5,8,3,0.625,sushi_b,full_data
2,39,64,1,1,0,1,sushi_b,full_data
2,39,66,8,9,1,0.888888888888889,sushi_b,full_data
2,39,67,3,4,1,0.75,sushi_b,full_data
2,39,68,1,4,3,0.25,sushi_b,full_data
2,39,69,2,3,1,0.666666666666667,sushi_b,full_data
2,39,70,2,3,1,0.666666666666667,sushi_b,full_data
2,39,71,0,2,2,0,sushi_b,full_data
2,39,72,4,9,5,0.444444444444444,sushi_b,full_data
2,39,74,2,2,0,1,sushi_b,full_data
2,39,75,1,1,0,1,sushi_b,full_data
2,39,77,2,5,3,0.4,sushi_b,full_data
2,39,78,2,3,1,0.666666666666667,sushi_b,full_data
2,39,80,2,2,0,1,sushi_b,full_data
2,39,82,0,2,2,0,sushi_b,full_data
2,39,84,1,1,0,1,sushi_b,full_data
2,39,86,2,2,0,1,sushi_b,full_data
2,39,87,2,2,0,1,sushi_b,full_data
2,39,90,1,1,0,1,sushi_b,full_data
2,39,91,0,1,1,0,sushi_b,full_data
2,39,92,1,1,0,1,sushi_b,full_data
2,39,93,1,1,0,1,sushi_b,full_data
2,39,94,1,2,1,0.5,sushi_b,full_data
2,39,95,1,1,0,1,sushi_b,full_data
2,39,97,0,1,1,0,sushi_b,full_data
2,39,98,1,3,2,0.333333333333333,sushi_b,full_data
2,39,99,1,2,1,0.5,sushi_b,full_data
2,40,59,2,4,2,0.5,sushi_b,full_data
2,40,78,1,1,0,1,sushi_b,full_data
2,40,81,0,1,1,0,sushi_b,full_data
2,40,85,1,1,0,1,sushi_b,full_data
2,40,90,2,2,0,1,sushi_b,full_data
2,40,93,3,3,0,1,sushi_b,full_data
2,41,3,38,63,25,0.603174603174603,sushi_b,full_data
2,41,4,27,42,15,0.642857142857143,sushi_b,full_data
2,41,5,16,24,8,0.666666666666667,sushi_b,full_data
2,41,7,12,19,7,0.631578947368421,sushi_b,full_data
2,41,10,32,44,12,0.727272727272727,sushi_b,full_data
2,41,12,5,5,0,1,sushi_b,full_data
2,41,14,10,13,3,0.769230769230769,sushi_b,full_data
2,41,16,2,3,1,0.666666666666667,sushi_b,full_data
2,41,18,3,4,1,0.75,sushi_b,full_data
2,41,21,17,31,14,0.548387096774194,sushi_b,full_data
2,41,22,14,26,12,0.538461538461538,sushi_b,full_data
2,41,23,0,1,1,0,sushi_b,full_data
2,41,25,13,24,11,0.541666666666667,sushi_b,full_data
2,41,26,16,20,4,0.8,sushi_b,full_data
2,41,27,15,35,20,0.428571428571429,sushi_b,full_data
2,41,29,1,2,1,0.5,sushi_b,full_data
2,41,30,3,5,2,0.6,sushi_b,full_data
2,41,31,9,17,8,0.529411764705882,sushi_b,full_data
2,41,32,2,3,1,0.666666666666667,sushi_b,full_data
2,41,34,7,10,3,0.7,sushi_b,full_data
2,41,36,13,20,7,0.65,sushi_b,full_data
2,41,38,2,2,0,1,sushi_b,full_data
2,41,39,4,5,1,0.8,sushi_b,full_data
2,41,43,3,4,1,0.75,sushi_b,full_data
2,41,44,2,2,0,1,sushi_b,full_data
2,41,45,1,5,4,0.2,sushi_b,full_data
2,41,46,4,6,2,0.666666666666667,sushi_b,full_data
2,41,48,1,1,0,1,sushi_b,full_data
2,41,50,1,2,1,0.5,sushi_b,full_data
2,41,54,2,3,1,0.666666666666667,sushi_b,full_data
2,41,57,6,11,5,0.545454545454545,sushi_b,full_data
2,41,58,1,1,0,1,sushi_b,full_data
2,41,62,1,3,2,0.333333333333333,sushi_b,full_data
2,41,73,2,4,2,0.5,sushi_b,full_data
2,41,76,2,4,2,0.5,sushi_b,full_data
2,41,88,1,2,1,0.5,sushi_b,full_data
2,41,95,1,1,0,1,sushi_b,full_data
2,41,96,1,1,0,1,sushi_b,full_data
2,42,17,4,8,4,0.5,sushi_b,full_data
2,42,59,1,5,4,0.2,sushi_b,full_data
2,42,81,1,1,0,1,sushi_b,full_data
2,42,85,0,2,2,0,sushi_b,full_data
2,42,89,2,4,2,0.5,sushi_b,full_data
2,42,92,2,3,1,0.666666666666667,sushi_b,full_data
2,42,93,4,5,1,0.8,sushi_b,full_data
2,42,94,1,2,1,0.5,sushi_b,full_data
2,42,97,4,4,0,1,sushi_b,full_data
2,43,12,18,28,10,0.642857142857143,sushi_b,full_data
2,43,16,14,29,15,0.482758620689655,sushi_b,full_data
2,43,17,4,7,3,0.571428571428571,sushi_b,full_data
2,43,18,14,25,11,0.56,sushi_b,full_data
2,43,23,6,12,6,0.5,sushi_b,full_data
2,43,24,7,14,7,0.5,sushi_b,full_data
2,43,28,2,5,3,0.4,sushi_b,full_data
2,43,29,10,15,5,0.666666666666667,sushi_b,full_data
2,43,30,13,20,7,0.65,sushi_b,full_data
2,43,32,6,9,3,0.666666666666667,sushi_b,full_data
2,43,33,8,12,4,0.666666666666667,sushi_b,full_data
2,43,35,4,7,3,0.571428571428571,sushi_b,full_data
2,43,38,5,8,3,0.625,sushi_b,full_data
2,43,39,2,4,2,0.5,sushi_b,full_data
2,43,40,2,2,0,1,sushi_b,full_data
2,43,42,1,1,0,1,sushi_b,full_data
2,43,44,3,6,3,0.5,sushi_b,full_data
2,43,46,2,8,6,0.25,sushi_b,full_data
2,43,48,3,5,2,0.6,sushi_b,full_data
2,43,49,1,2,1,0.5,sushi_b,full_data
2,43,50,7,12,5,0.583333333333333,sushi_b,full_data
2,43,51,6,12,6,0.5,sushi_b,full_data
2,43,52,0,2,2,0,sushi_b,full_data
2,43,54,1,1,0,1,sushi_b,full_data
2,43,55,1,3,2,0.333333333333333,sushi_b,full_data
2,43,56,5,5,0,1,sushi_b,full_data
2,43,58,4,7,3,0.571428571428571,sushi_b,full_data
2,43,59,1,1,0,1,sushi_b,full_data
2,43,60,1,1,0,1,sushi_b,full_data
2,43,63,1,5,4,0.2,sushi_b,full_data
2,43,65,1,1,0,1,sushi_b,full_data
2,43,66,3,4,1,0.75,sushi_b,full_data
2,43,67,3,3,0,1,sushi_b,full_data
2,43,68,1,1,0,1,sushi_b,full_data
2,43,69,1,1,0,1,sushi_b,full_data
2,43,70,0,1,1,0,sushi_b,full_data
2,43,71,1,5,4,0.2,sushi_b,full_data
2,43,72,3,3,0,1,sushi_b,full_data
2,43,74,3,5,2,0.6,sushi_b,full_data
2,43,75,1,1,0,1,sushi_b,full_data
2,43,77,2,3,1,0.666666666666667,sushi_b,full_data
2,43,78,1,1,0,1,sushi_b,full_data
2,43,82,3,4,1,0.75,sushi_b,full_data
2,43,83,1,1,0,1,sushi_b,full_data
2,43,84,0,1,1,0,sushi_b,full_data
2,43,89,2,2,0,1,sushi_b,full_data
2,43,92,1,1,0,1,sushi_b,full_data
2,43,93,1,1,0,1,sushi_b,full_data
2,43,95,0,2,2,0,sushi_b,full_data
2,43,99,2,2,0,1,sushi_b,full_data
2,44,12,11,20,9,0.55,sushi_b,full_data
2,44,16,15,21,6,0.714285714285714,sushi_b,full_data
2,44,17,5,10,5,0.5,sushi_b,full_data
2,44,18,2,3,1,0.666666666666667,sushi_b,full_data
2,44,23,9,17,8,0.529411764705882,sushi_b,full_data
2,44,24,8,16,8,0.5,sushi_b,full_data
2,44,28,7,11,4,0.636363636363636,sushi_b,full_data
2,44,29,11,17,6,0.647058823529412,sushi_b,full_data
2,44,30,11,16,5,0.6875,sushi_b,full_data
2,44,33,11,22,11,0.5,sushi_b,full_data
2,44,35,9,15,6,0.6,sushi_b,full_data
2,44,38,7,13,6,0.538461538461538,sushi_b,full_data
2,44,40,2,3,1,0.666666666666667,sushi_b,full_data
2,44,42,7,9,2,0.777777777777778,sushi_b,full_data
2,44,48,5,7,2,0.714285714285714,sushi_b,full_data
2,44,49,5,7,2,0.714285714285714,sushi_b,full_data
2,44,50,7,10,3,0.7,sushi_b,full_data
2,44,51,0,4,4,0,sushi_b,full_data
2,44,52,4,6,2,0.666666666666667,sushi_b,full_data
2,44,55,5,12,7,0.416666666666667,sushi_b,full_data
2,44,56,5,5,0,1,sushi_b,full_data
2,44,58,0,5,5,0,sushi_b,full_data
2,44,59,1,1,0,1,sushi_b,full_data
2,44,60,4,4,0,1,sushi_b,full_data
2,44,63,1,2,1,0.5,sushi_b,full_data
2,44,64,3,3,0,1,sushi_b,full_data
2,44,66,1,2,1,0.5,sushi_b,full_data
2,44,67,0,2,2,0,sushi_b,full_data
2,44,68,2,2,0,1,sushi_b,full_data
2,44,69,2,2,0,1,sushi_b,full_data
2,44,70,1,5,4,0.2,sushi_b,full_data
2,44,71,2,2,0,1,sushi_b,full_data
2,44,72,2,2,0,1,sushi_b,full_data
2,44,74,2,5,3,0.4,sushi_b,full_data
2,44,75,2,4,2,0.5,sushi_b,full_data
2,44,77,1,2,1,0.5,sushi_b,full_data
2,44,80,0,1,1,0,sushi_b,full_data
2,44,81,0,1,1,0,sushi_b,full_data
2,44,82,1,2,1,0.5,sushi_b,full_data
2,44,84,3,4,1,0.75,sushi_b,full_data
2,44,87,1,1,0,1,sushi_b,full_data
2,44,91,1,1,0,1,sushi_b,full_data
2,44,92,2,2,0,1,sushi_b,full_data
2,44,99,0,1,1,0,sushi_b,full_data
2,45,7,12,24,12,0.5,sushi_b,full_data
2,45,12,14,29,15,0.482758620689655,sushi_b,full_data
2,45,14,3,4,1,0.75,sushi_b,full_data
2,45,16,12,23,11,0.521739130434783,sushi_b,full_data
2,45,17,3,5,2,0.6,sushi_b,full_data
2,45,18,10,18,8,0.555555555555556,sushi_b,full_data
2,45,23,8,14,6,0.571428571428571,sushi_b,full_data
2,45,24,9,11,2,0.818181818181818,sushi_b,full_data
2,45,28,3,6,3,0.5,sushi_b,full_data
2,45,29,4,6,2,0.666666666666667,sushi_b,full_data
2,45,30,12,17,5,0.705882352941177,sushi_b,full_data
2,45,32,8,16,8,0.5,sushi_b,full_data
2,45,33,9,11,2,0.818181818181818,sushi_b,full_data
2,45,35,3,8,5,0.375,sushi_b,full_data
2,45,38,10,14,4,0.714285714285714,sushi_b,full_data
2,45,39,4,8,4,0.5,sushi_b,full_data
2,45,40,0,1,1,0,sushi_b,full_data
2,45,42,1,2,1,0.5,sushi_b,full_data
2,45,43,3,6,3,0.5,sushi_b,full_data
2,45,44,6,9,3,0.666666666666667,sushi_b,full_data
2,45,46,5,10,5,0.5,sushi_b,full_data
2,45,48,2,3,1,0.666666666666667,sushi_b,full_data
2,45,49,2,2,0,1,sushi_b,full_data
2,45,50,3,7,4,0.428571428571429,sushi_b,full_data
2,45,51,4,9,5,0.444444444444444,sushi_b,full_data
2,45,54,5,6,1,0.833333333333333,sushi_b,full_data
2,45,55,2,4,2,0.5,sushi_b,full_data
2,45,58,0,1,1,0,sushi_b,full_data
2,45,59,0,1,1,0,sushi_b,full_data
2,45,60,2,3,1,0.666666666666667,sushi_b,full_data
2,45,62,2,2,0,1,sushi_b,full_data
2,45,63,2,4,2,0.5,sushi_b,full_data
2,45,64,3,4,1,0.75,sushi_b,full_data
2,45,65,2,3,1,0.666666666666667,sushi_b,full_data
2,45,66,0,3,3,0,sushi_b,full_data
2,45,67,3,4,1,0.75,sushi_b,full_data
2,45,69,1,3,2,0.333333333333333,sushi_b,full_data
2,45,70,1,1,0,1,sushi_b,full_data
2,45,71,2,2,0,1,sushi_b,full_data
2,45,72,0,4,4,0,sushi_b,full_data
2,45,75,2,3,1,0.666666666666667,sushi_b,full_data
2,45,77,1,2,1,0.5,sushi_b,full_data
2,45,78,1,1,0,1,sushi_b,full_data
2,45,82,0,1,1,0,sushi_b,full_data
2,45,89,1,1,0,1,sushi_b,full_data
2,45,92,1,2,1,0.5,sushi_b,full_data
2,45,98,1,1,0,1,sushi_b,full_data
2,46,12,16,27,11,0.592592592592593,sushi_b,full_data
2,46,16,14,24,10,0.583333333333333,sushi_b,full_data
2,46,17,8,16,8,0.5,sushi_b,full_data
2,46,18,6,11,5,0.545454545454545,sushi_b,full_data
2,46,23,16,24,8,0.666666666666667,sushi_b,full_data
2,46,24,10,17,7,0.588235294117647,sushi_b,full_data
2,46,28,8,15,7,0.533333333333333,sushi_b,full_data
2,46,29,11,17,6,0.647058823529412,sushi_b,full_data
2,46,30,9,13,4,0.692307692307692,sushi_b,full_data
2,46,32,1,1,0,1,sushi_b,full_data
2,46,33,12,17,5,0.705882352941177,sushi_b,full_data
2,46,35,12,17,5,0.705882352941177,sushi_b,full_data
2,46,38,6,10,4,0.6,sushi_b,full_data
2,46,40,6,8,2,0.75,sushi_b,full_data
2,46,42,3,6,3,0.5,sushi_b,full_data
2,46,48,5,5,0,1,sushi_b,full_data
2,46,49,3,3,0,1,sushi_b,full_data
2,46,50,2,5,3,0.4,sushi_b,full_data
2,46,51,5,9,4,0.555555555555556,sushi_b,full_data
2,46,52,3,4,1,0.75,sushi_b,full_data
2,46,55,2,4,2,0.5,sushi_b,full_data
2,46,56,1,4,3,0.25,sushi_b,full_data
2,46,58,4,6,2,0.666666666666667,sushi_b,full_data
2,46,59,2,3,1,0.666666666666667,sushi_b,full_data
2,46,60,2,2,0,1,sushi_b,full_data
2,46,63,6,6,0,1,sushi_b,full_data
2,46,64,2,2,0,1,sushi_b,full_data
2,46,66,7,7,0,1,sushi_b,full_data
2,46,67,1,2,1,0.5,sushi_b,full_data
2,46,68,2,3,1,0.666666666666667,sushi_b,full_data
2,46,69,1,1,0,1,sushi_b,full_data
2,46,70,6,8,2,0.75,sushi_b,full_data
2,46,71,2,2,0,1,sushi_b,full_data
2,46,72,3,5,2,0.6,sushi_b,full_data
2,46,74,3,6,3,0.5,sushi_b,full_data
2,46,77,2,3,1,0.666666666666667,sushi_b,full_data
2,46,78,2,3,1,0.666666666666667,sushi_b,full_data
2,46,80,0,1,1,0,sushi_b,full_data
2,46,83,1,1,0,1,sushi_b,full_data
2,46,84,3,4,1,0.75,sushi_b,full_data
2,46,85,2,2,0,1,sushi_b,full_data
2,46,86,1,1,0,1,sushi_b,full_data
2,46,87,1,1,0,1,sushi_b,full_data
2,46,90,1,1,0,1,sushi_b,full_data
2,46,91,1,1,0,1,sushi_b,full_data
2,46,98,2,3,1,0.666666666666667,sushi_b,full_data
2,47,0,28,46,18,0.608695652173913,sushi_b,full_data
2,47,1,16,33,17,0.484848484848485,sushi_b,full_data
2,47,3,13,20,7,0.65,sushi_b,full_data
2,47,4,15,29,14,0.517241379310345,sushi_b,full_data
2,47,5,6,7,1,0.857142857142857,sushi_b,full_data
2,47,6,15,32,17,0.46875,sushi_b,full_data
2,47,10,7,22,15,0.318181818181818,sushi_b,full_data
2,47,11,24,36,12,0.666666666666667,sushi_b,full_data
2,47,12,1,1,0,1,sushi_b,full_data
2,47,13,9,18,9,0.5,sushi_b,full_data
2,47,14,1,1,0,1,sushi_b,full_data
2,47,16,0,1,1,0,sushi_b,full_data
2,47,20,14,29,15,0.482758620689655,sushi_b,full_data
2,47,21,4,6,2,0.666666666666667,sushi_b,full_data
2,47,22,7,10,3,0.7,sushi_b,full_data
2,47,25,3,7,4,0.428571428571429,sushi_b,full_data
2,47,26,9,14,5,0.642857142857143,sushi_b,full_data
2,47,27,4,9,5,0.444444444444444,sushi_b,full_data
2,47,31,5,6,1,0.833333333333333,sushi_b,full_data
2,47,34,0,1,1,0,sushi_b,full_data
2,47,36,5,6,1,0.833333333333333,sushi_b,full_data
2,47,39,1,1,0,1,sushi_b,full_data
2,47,41,4,13,9,0.307692307692308,sushi_b,full_data
2,47,45,1,1,0,1,sushi_b,full_data
2,47,51,1,1,0,1,sushi_b,full_data
2,47,53,5,5,0,1,sushi_b,full_data
2,47,57,1,2,1,0.5,sushi_b,full_data
2,47,62,1,1,0,1,sushi_b,full_data
2,47,73,1,1,0,1,sushi_b,full_data
2,47,79,3,5,2,0.6,sushi_b,full_data
2,47,96,2,2,0,1,sushi_b,full_data
2,48,17,22,35,13,0.628571428571429,sushi_b,full_data
2,48,24,9,9,0,1,sushi_b,full_data
2,48,28,11,18,7,0.611111111111111,sushi_b,full_data
2,48,29,3,7,4,0.428571428571429,sushi_b,full_data
2,48,35,1,1,0,1,sushi_b,full_data
2,48,40,6,9,3,0.666666666666667,sushi_b,full_data
2,48,42,5,6,1,0.833333333333333,sushi_b,full_data
2,48,49,4,8,4,0.5,sushi_b,full_data
2,48,52,6,10,4,0.6,sushi_b,full_data
2,48,56,3,5,2,0.6,sushi_b,full_data
2,48,59,2,7,5,0.285714285714286,sushi_b,full_data
2,48,60,1,3,2,0.333333333333333,sushi_b,full_data
2,48,64,3,6,3,0.5,sushi_b,full_data
2,48,67,1,1,0,1,sushi_b,full_data
2,48,68,2,5,3,0.4,sushi_b,full_data
2,48,69,1,2,1,0.5,sushi_b,full_data
2,48,74,1,2,1,0.5,sushi_b,full_data
2,48,75,0,2,2,0,sushi_b,full_data
2,48,77,2,5,3,0.4,sushi_b,full_data
2,48,78,3,3,0,1,sushi_b,full_data
2,48,80,2,3,1,0.666666666666667,sushi_b,full_data
2,48,81,0,1,1,0,sushi_b,full_data
2,48,83,1,2,1,0.5,sushi_b,full_data
2,48,84,0,1,1,0,sushi_b,full_data
2,48,85,1,2,1,0.5,sushi_b,full_data
2,48,86,1,2,1,0.5,sushi_b,full_data
2,48,89,0,1,1,0,sushi_b,full_data
2,48,90,2,4,2,0.5,sushi_b,full_data
2,48,91,2,2,0,1,sushi_b,full_data
2,48,92,1,2,1,0.5,sushi_b,full_data
2,48,93,2,4,2,0.5,sushi_b,full_data
2,48,94,0,1,1,0,sushi_b,full_data
2,48,97,2,3,1,0.666666666666667,sushi_b,full_data
2,48,98,2,2,0,1,sushi_b,full_data
2,48,99,2,2,0,1,sushi_b,full_data
2,49,17,6,15,9,0.4,sushi_b,full_data
2,49,40,7,10,3,0.7,sushi_b,full_data
2,49,42,1,5,4,0.2,sushi_b,full_data
2,49,56,1,3,2,0.333333333333333,sushi_b,full_data
2,49,59,3,5,2,0.6,sushi_b,full_data
2,49,60,3,5,2,0.6,sushi_b,full_data
2,49,64,2,3,1,0.666666666666667,sushi_b,full_data
2,49,69,1,2,1,0.5,sushi_b,full_data
2,49,78,1,3,2,0.333333333333333,sushi_b,full_data
2,49,81,1,1,0,1,sushi_b,full_data
2,49,85,2,2,0,1,sushi_b,full_data
2,49,86,1,1,0,1,sushi_b,full_data
2,49,89,2,3,1,0.666666666666667,sushi_b,full_data
2,49,90,0,1,1,0,sushi_b,full_data
2,49,92,3,3,0,1,sushi_b,full_data
2,49,94,2,2,0,1,sushi_b,full_data
2,49,97,1,1,0,1,sushi_b,full_data
2,50,16,5,8,3,0.625,sushi_b,full_data
2,50,17,10,15,5,0.666666666666667,sushi_b,full_data
2,50,23,12,16,4,0.75,sushi_b,full_data
2,50,24,19,29,10,0.655172413793103,sushi_b,full_data
2,50,28,14,21,7,0.666666666666667,sushi_b,full_data
2,50,29,10,21,11,0.476190476190476,sushi_b,full_data
2,50,30,0,1,1,0,sushi_b,full_data
2,50,33,6,10,4,0.6,sushi_b,full_data
2,50,35,7,12,5,0.583333333333333,sushi_b,full_data
2,50,40,5,10,5,0.5,sushi_b,full_data
2,50,42,6,8,2,0.75,sushi_b,full_data
2,50,48,6,14,8,0.428571428571429,sushi_b,full_data
2,50,49,3,7,4,0.428571428571429,sushi_b,full_data
2,50,51,3,5,2,0.6,sushi_b,full_data
2,50,52,6,8,2,0.75,sushi_b,full_data
2,50,55,3,9,6,0.333333333333333,sushi_b,full_data
2,50,56,0,4,4,0,sushi_b,full_data
2,50,58,6,8,2,0.75,sushi_b,full_data
2,50,59,4,5,1,0.8,sushi_b,full_data
2,50,64,3,7,4,0.428571428571429,sushi_b,full_data
2,50,66,4,5,1,0.8,sushi_b,full_data
2,50,67,5,6,1,0.833333333333333,sushi_b,full_data
2,50,68,2,2,0,1,sushi_b,full_data
2,50,69,3,4,1,0.75,sushi_b,full_data
2,50,70,2,4,2,0.5,sushi_b,full_data
2,50,72,1,1,0,1,sushi_b,full_data
2,50,74,4,4,0,1,sushi_b,full_data
2,50,75,2,6,4,0.333333333333333,sushi_b,full_data
2,50,78,1,2,1,0.5,sushi_b,full_data
2,50,81,1,1,0,1,sushi_b,full_data
2,50,82,2,2,0,1,sushi_b,full_data
2,50,86,1,1,0,1,sushi_b,full_data
2,50,87,1,3,2,0.333333333333333,sushi_b,full_data
2,50,89,2,2,0,1,sushi_b,full_data
2,50,91,0,1,1,0,sushi_b,full_data
2,50,93,3,3,0,1,sushi_b,full_data
2,50,94,4,4,0,1,sushi_b,full_data
2,50,97,1,1,0,1,sushi_b,full_data
2,50,98,1,2,1,0.5,sushi_b,full_data
2,50,99,3,4,1,0.75,sushi_b,full_data
2,51,17,8,25,17,0.32,sushi_b,full_data
2,51,23,8,10,2,0.8,sushi_b,full_data
2,51,24,16,24,8,0.666666666666667,sushi_b,full_data
2,51,28,13,17,4,0.764705882352941,sushi_b,full_data
2,51,29,12,21,9,0.571428571428571,sushi_b,full_data
2,51,33,1,2,1,0.5,sushi_b,full_data
2,51,35,7,14,7,0.5,sushi_b,full_data
2,51,40,6,14,8,0.428571428571429,sushi_b,full_data
2,51,42,8,11,3,0.727272727272727,sushi_b,full_data
2,51,48,3,5,2,0.6,sushi_b,full_data
2,51,49,2,6,4,0.333333333333333,sushi_b,full_data
2,51,52,8,9,1,0.888888888888889,sushi_b,full_data
2,51,55,2,3,1,0.666666666666667,sushi_b,full_data
2,51,56,4,5,1,0.8,sushi_b,full_data
2,51,58,3,4,1,0.75,sushi_b,full_data
2,51,59,2,2,0,1,sushi_b,full_data
2,51,60,4,8,4,0.5,sushi_b,full_data
2,51,64,3,7,4,0.428571428571429,sushi_b,full_data
2,51,67,1,2,1,0.5,sushi_b,full_data
2,51,68,1,1,0,1,sushi_b,full_data
2,51,69,1,2,1,0.5,sushi_b,full_data
2,51,70,1,1,0,1,sushi_b,full_data
2,51,74,3,3,0,1,sushi_b,full_data
2,51,75,2,4,2,0.5,sushi_b,full_data
2,51,77,1,2,1,0.5,sushi_b,full_data
2,51,78,6,8,2,0.75,sushi_b,full_data
2,51,80,1,1,0,1,sushi_b,full_data
2,51,84,2,2,0,1,sushi_b,full_data
2,51,85,1,1,0,1,sushi_b,full_data
2,51,86,1,3,2,0.333333333333333,sushi_b,full_data
2,51,89,1,2,1,0.5,sushi_b,full_data
2,51,90,0,1,1,0,sushi_b,full_data
2,51,91,1,2,1,0.5,sushi_b,full_data
2,51,92,1,2,1,0.5,sushi_b,full_data
2,51,93,1,2,1,0.5,sushi_b,full_data
2,51,94,1,1,0,1,sushi_b,full_data
2,51,97,1,1,0,1,sushi_b,full_data
2,51,98,0,2,2,0,sushi_b,full_data
2,51,99,1,3,2,0.333333333333333,sushi_b,full_data
2,52,17,7,14,7,0.5,sushi_b,full_data
2,52,40,3,4,1,0.75,sushi_b,full_data
2,52,42,2,2,0,1,sushi_b,full_data
2,52,59,2,3,1,0.666666666666667,sushi_b,full_data
2,52,60,2,2,0,1,sushi_b,full_data
2,52,69,1,3,2,0.333333333333333,sushi_b,full_data
2,52,78,2,3,1,0.666666666666667,sushi_b,full_data
2,52,85,2,5,3,0.4,sushi_b,full_data
2,52,89,2,4,2,0.5,sushi_b,full_data
2,52,90,1,1,0,1,sushi_b,full_data
2,52,92,1,1,0,1,sushi_b,full_data
2,52,93,3,3,0,1,sushi_b,full_data
2,52,94,1,1,0,1,sushi_b,full_data
2,53,0,22,40,18,0.55,sushi_b,full_data
2,53,1,18,30,12,0.6,sushi_b,full_data
2,53,3,13,24,11,0.541666666666667,sushi_b,full_data
2,53,4,10,19,9,0.526315789473684,sushi_b,full_data
2,53,5,3,3,0,1,sushi_b,full_data
2,53,6,6,11,5,0.545454545454545,sushi_b,full_data
2,53,7,1,3,2,0.333333333333333,sushi_b,full_data
2,53,10,16,23,7,0.695652173913043,sushi_b,full_data
2,53,11,11,24,13,0.458333333333333,sushi_b,full_data
2,53,14,3,5,2,0.6,sushi_b,full_data
2,53,18,1,1,0,1,sushi_b,full_data
2,53,20,10,17,7,0.588235294117647,sushi_b,full_data
2,53,21,3,6,3,0.5,sushi_b,full_data
2,53,22,6,9,3,0.666666666666667,sushi_b,full_data
2,53,23,0,1,1,0,sushi_b,full_data
2,53,25,6,7,1,0.857142857142857,sushi_b,full_data
2,53,26,8,11,3,0.727272727272727,sushi_b,full_data
2,53,27,5,9,4,0.555555555555556,sushi_b,full_data
2,53,30,1,1,0,1,sushi_b,full_data
2,53,31,3,6,3,0.5,sushi_b,full_data
2,53,34,0,1,1,0,sushi_b,full_data
2,53,36,6,9,3,0.666666666666667,sushi_b,full_data
2,53,38,1,1,0,1,sushi_b,full_data
2,53,39,0,1,1,0,sushi_b,full_data
2,53,41,4,8,4,0.5,sushi_b,full_data
2,53,45,2,3,1,0.666666666666667,sushi_b,full_data
2,53,57,1,1,0,1,sushi_b,full_data
2,53,65,1,1,0,1,sushi_b,full_data
2,53,73,2,2,0,1,sushi_b,full_data
2,53,76,0,3,3,0,sushi_b,full_data
2,53,88,0,1,1,0,sushi_b,full_data
2,53,95,1,1,0,1,sushi_b,full_data
2,54,12,8,18,10,0.444444444444444,sushi_b,full_data
2,54,16,8,15,7,0.533333333333333,sushi_b,full_data
2,54,17,8,8,0,1,sushi_b,full_data
2,54,18,7,13,6,0.538461538461538,sushi_b,full_data
2,54,23,3,9,6,0.333333333333333,sushi_b,full_data
2,54,24,8,13,5,0.615384615384615,sushi_b,full_data
2,54,28,5,7,2,0.714285714285714,sushi_b,full_data
2,54,29,7,10,3,0.7,sushi_b,full_data
2,54,30,11,15,4,0.733333333333333,sushi_b,full_data
2,54,32,1,3,2,0.333333333333333,sushi_b,full_data
2,54,33,7,10,3,0.7,sushi_b,full_data
2,54,35,6,9,3,0.666666666666667,sushi_b,full_data
2,54,38,4,8,4,0.5,sushi_b,full_data
2,54,40,1,4,3,0.25,sushi_b,full_data
2,54,42,2,3,1,0.666666666666667,sushi_b,full_data
2,54,44,1,1,0,1,sushi_b,full_data
2,54,48,4,8,4,0.5,sushi_b,full_data
2,54,50,2,3,1,0.666666666666667,sushi_b,full_data
2,54,51,5,9,4,0.555555555555556,sushi_b,full_data
2,54,52,3,3,0,1,sushi_b,full_data
2,54,55,3,3,0,1,sushi_b,full_data
2,54,56,0,1,1,0,sushi_b,full_data
2,54,58,2,6,4,0.333333333333333,sushi_b,full_data
2,54,59,0,1,1,0,sushi_b,full_data
2,54,60,0,1,1,0,sushi_b,full_data
2,54,63,2,3,1,0.666666666666667,sushi_b,full_data
2,54,64,1,2,1,0.5,sushi_b,full_data
2,54,66,3,3,0,1,sushi_b,full_data
2,54,68,1,3,2,0.333333333333333,sushi_b,full_data
2,54,69,2,2,0,1,sushi_b,full_data
2,54,70,3,4,1,0.75,sushi_b,full_data
2,54,71,1,1,0,1,sushi_b,full_data
2,54,72,1,1,0,1,sushi_b,full_data
2,54,74,2,2,0,1,sushi_b,full_data
2,54,77,1,2,1,0.5,sushi_b,full_data
2,54,78,1,1,0,1,sushi_b,full_data
2,54,80,1,1,0,1,sushi_b,full_data
2,54,82,3,3,0,1,sushi_b,full_data
2,54,85,1,1,0,1,sushi_b,full_data
2,54,87,4,4,0,1,sushi_b,full_data
2,54,98,1,1,0,1,sushi_b,full_data
2,55,17,4,9,5,0.444444444444444,sushi_b,full_data
2,55,24,4,7,3,0.571428571428571,sushi_b,full_data
2,55,28,7,11,4,0.636363636363636,sushi_b,full_data
2,55,29,4,4,0,1,sushi_b,full_data
2,55,40,2,7,5,0.285714285714286,sushi_b,full_data
2,55,42,7,12,5,0.583333333333333,sushi_b,full_data
2,55,52,3,5,2,0.6,sushi_b,full_data
2,55,56,4,5,1,0.8,sushi_b,full_data
2,55,58,1,1,0,1,sushi_b,full_data
2,55,59,1,3,2,0.333333333333333,sushi_b,full_data
2,55,60,1,3,2,0.333333333333333,sushi_b,full_data
2,55,68,0,1,1,0,sushi_b,full_data
2,55,69,1,1,0,1,sushi_b,full_data
2,55,74,0,3,3,0,sushi_b,full_data
2,55,75,2,2,0,1,sushi_b,full_data
2,55,77,1,1,0,1,sushi_b,full_data
2,55,78,0,1,1,0,sushi_b,full_data
2,55,80,0,2,2,0,sushi_b,full_data
2,55,81,3,3,0,1,sushi_b,full_data
2,55,83,1,1,0,1,sushi_b,full_data
2,55,84,0,2,2,0,sushi_b,full_data
2,55,85,0,1,1,0,sushi_b,full_data
2,55,86,2,2,0,1,sushi_b,full_data
2,55,89,2,3,1,0.666666666666667,sushi_b,full_data
2,55,90,1,3,2,0.333333333333333,sushi_b,full_data
2,55,92,0,1,1,0,sushi_b,full_data
2,55,93,0,1,1,0,sushi_b,full_data
2,55,94,1,1,0,1,sushi_b,full_data
2,55,97,3,3,0,1,sushi_b,full_data
2,55,99,0,1,1,0,sushi_b,full_data
2,56,17,1,4,3,0.25,sushi_b,full_data
2,56,59,2,2,0,1,sushi_b,full_data
2,56,81,1,1,0,1,sushi_b,full_data
2,56,90,1,1,0,1,sushi_b,full_data
2,56,92,0,1,1,0,sushi_b,full_data
2,56,94,1,2,1,0.5,sushi_b,full_data
2,56,97,1,1,0,1,sushi_b,full_data
2,57,5,8,11,3,0.727272727272727,sushi_b,full_data
2,57,7,10,20,10,0.5,sushi_b,full_data
2,57,12,10,15,5,0.666666666666667,sushi_b,full_data
2,57,14,9,25,16,0.36,sushi_b,full_data
2,57,16,4,9,5,0.444444444444444,sushi_b,full_data
2,57,17,0,2,2,0,sushi_b,full_data
2,57,18,11,17,6,0.647058823529412,sushi_b,full_data
2,57,23,4,6,2,0.666666666666667,sushi_b,full_data
2,57,24,1,1,0,1,sushi_b,full_data
2,57,28,2,5,3,0.4,sushi_b,full_data
2,57,29,1,4,3,0.25,sushi_b,full_data
2,57,30,2,3,1,0.666666666666667,sushi_b,full_data
2,57,32,4,5,1,0.8,sushi_b,full_data
2,57,33,3,4,1,0.75,sushi_b,full_data
2,57,34,6,8,2,0.75,sushi_b,full_data
2,57,35,0,2,2,0,sushi_b,full_data
2,57,38,5,10,5,0.5,sushi_b,full_data
2,57,39,6,11,5,0.545454545454545,sushi_b,full_data
2,57,42,1,1,0,1,sushi_b,full_data
2,57,43,2,3,1,0.666666666666667,sushi_b,full_data
2,57,44,2,2,0,1,sushi_b,full_data
2,57,45,2,3,1,0.666666666666667,sushi_b,full_data
2,57,46,1,3,2,0.333333333333333,sushi_b,full_data
2,57,50,4,6,2,0.666666666666667,sushi_b,full_data
2,57,51,2,5,3,0.4,sushi_b,full_data
2,57,52,1,1,0,1,sushi_b,full_data
2,57,54,1,6,5,0.166666666666667,sushi_b,full_data
2,57,58,2,2,0,1,sushi_b,full_data
2,57,62,2,3,1,0.666666666666667,sushi_b,full_data
2,57,63,3,3,0,1,sushi_b,full_data
2,57,64,1,1,0,1,sushi_b,full_data
2,57,65,3,4,1,0.75,sushi_b,full_data
2,57,66,0,1,1,0,sushi_b,full_data
2,57,67,0,1,1,0,sushi_b,full_data
2,57,70,2,2,0,1,sushi_b,full_data
2,57,71,5,6,1,0.833333333333333,sushi_b,full_data
2,57,74,1,1,0,1,sushi_b,full_data
2,57,75,1,2,1,0.5,sushi_b,full_data
2,57,78,1,1,0,1,sushi_b,full_data
2,57,84,0,1,1,0,sushi_b,full_data
2,57,91,1,1,0,1,sushi_b,full_data
2,58,17,14,19,5,0.736842105263158,sushi_b,full_data
2,58,24,2,3,1,0.666666666666667,sushi_b,full_data
2,58,28,4,5,1,0.8,sushi_b,full_data
2,58,29,3,5,2,0.6,sushi_b,full_data
2,58,40,3,8,5,0.375,sushi_b,full_data
2,58,42,5,9,4,0.555555555555556,sushi_b,full_data
2,58,49,2,4,2,0.5,sushi_b,full_data
2,58,52,1,5,4,0.2,sushi_b,full_data
2,58,56,1,1,0,1,sushi_b,full_data
2,58,59,1,2,1,0.5,sushi_b,full_data
2,58,60,3,5,2,0.6,sushi_b,full_data
2,58,64,4,4,0,1,sushi_b,full_data
2,58,68,1,2,1,0.5,sushi_b,full_data
2,58,69,2,4,2,0.5,sushi_b,full_data
2,58,74,2,3,1,0.666666666666667,sushi_b,full_data
2,58,75,0,3,3,0,sushi_b,full_data
2,58,77,1,2,1,0.5,sushi_b,full_data
2,58,78,0,2,2,0,sushi_b,full_data
2,58,80,2,2,0,1,sushi_b,full_data
2,58,83,2,2,0,1,sushi_b,full_data
2,58,84,0,1,1,0,sushi_b,full_data
2,58,85,0,2,2,0,sushi_b,full_data
2,58,89,2,3,1,0.666666666666667,sushi_b,full_data
2,58,92,1,2,1,0.5,sushi_b,full_data
2,58,93,0,1,1,0,sushi_b,full_data
2,58,99,1,1,0,1,sushi_b,full_data
2,60,17,2,3,1,0.666666666666667,sushi_b,full_data
2,60,59,0,1,1,0,sushi_b,full_data
2,60,78,0,1,1,0,sushi_b,full_data
2,60,85,1,1,0,1,sushi_b,full_data
2,60,90,1,1,0,1,sushi_b,full_data
2,60,92,1,1,0,1,sushi_b,full_data
2,60,93,0,1,1,0,sushi_b,full_data
2,60,94,1,2,1,0.5,sushi_b,full_data
2,61,0,17,28,11,0.607142857142857,sushi_b,full_data
2,61,1,11,25,14,0.44,sushi_b,full_data
2,61,2,11,20,9,0.55,sushi_b,full_data
2,61,3,6,9,3,0.666666666666667,sushi_b,full_data
2,61,4,7,10,3,0.7,sushi_b,full_data
2,61,5,2,2,0,1,sushi_b,full_data
2,61,6,13,27,14,0.481481481481481,sushi_b,full_data
2,61,10,6,7,1,0.857142857142857,sushi_b,full_data
2,61,11,10,26,16,0.384615384615385,sushi_b,full_data
2,61,13,7,12,5,0.583333333333333,sushi_b,full_data
2,61,15,7,10,3,0.7,sushi_b,full_data
2,61,18,1,1,0,1,sushi_b,full_data
2,61,20,6,13,7,0.461538461538462,sushi_b,full_data
2,61,21,1,1,0,1,sushi_b,full_data
2,61,22,6,10,4,0.6,sushi_b,full_data
2,61,25,1,1,0,1,sushi_b,full_data
2,61,26,7,11,4,0.636363636363636,sushi_b,full_data
2,61,27,2,2,0,1,sushi_b,full_data
2,61,31,1,1,0,1,sushi_b,full_data
2,61,36,0,1,1,0,sushi_b,full_data
2,61,41,2,5,3,0.4,sushi_b,full_data
2,61,47,2,2,0,1,sushi_b,full_data
2,61,53,3,7,4,0.428571428571429,sushi_b,full_data
2,61,57,2,2,0,1,sushi_b,full_data
2,61,76,0,1,1,0,sushi_b,full_data
2,62,12,17,29,12,0.586206896551724,sushi_b,full_data
2,62,16,8,16,8,0.5,sushi_b,full_data
2,62,17,1,3,2,0.333333333333333,sushi_b,full_data
2,62,18,6,11,5,0.545454545454545,sushi_b,full_data
2,62,23,4,8,4,0.5,sushi_b,full_data
2,62,24,5,6,1,0.833333333333333,sushi_b,full_data
2,62,28,1,4,3,0.25,sushi_b,full_data
2,62,29,2,3,1,0.666666666666667,sushi_b,full_data
2,62,30,6,12,6,0.5,sushi_b,full_data
2,62,32,3,5,2,0.6,sushi_b,full_data
2,62,33,6,7,1,0.857142857142857,sushi_b,full_data
2,62,35,1,3,2,0.333333333333333,sushi_b,full_data
2,62,38,1,6,5,0.166666666666667,sushi_b,full_data
2,62,39,2,6,4,0.333333333333333,sushi_b,full_data
2,62,42,1,1,0,1,sushi_b,full_data
2,62,44,2,4,2,0.5,sushi_b,full_data
2,62,46,4,5,1,0.8,sushi_b,full_data
2,62,48,3,3,0,1,sushi_b,full_data
2,62,49,1,1,0,1,sushi_b,full_data
2,62,50,3,5,2,0.6,sushi_b,full_data
2,62,51,5,8,3,0.625,sushi_b,full_data
2,62,54,2,3,1,0.666666666666667,sushi_b,full_data
2,62,55,1,2,1,0.5,sushi_b,full_data
2,62,56,1,2,1,0.5,sushi_b,full_data
2,62,58,1,4,3,0.25,sushi_b,full_data
2,62,60,2,4,2,0.5,sushi_b,full_data
2,62,63,1,6,5,0.166666666666667,sushi_b,full_data
2,62,65,1,1,0,1,sushi_b,full_data
2,62,66,2,4,2,0.5,sushi_b,full_data
2,62,67,1,1,0,1,sushi_b,full_data
2,62,68,1,2,1,0.5,sushi_b,full_data
2,62,69,1,1,0,1,sushi_b,full_data
2,62,71,1,1,0,1,sushi_b,full_data
2,62,72,2,5,3,0.4,sushi_b,full_data
2,62,74,1,1,0,1,sushi_b,full_data
2,62,75,1,1,0,1,sushi_b,full_data
2,62,77,1,1,0,1,sushi_b,full_data
2,62,82,0,2,2,0,sushi_b,full_data
2,62,83,0,1,1,0,sushi_b,full_data
2,62,84,1,2,1,0.5,sushi_b,full_data
2,62,87,0,1,1,0,sushi_b,full_data
2,62,90,0,1,1,0,sushi_b,full_data
2,62,91,1,2,1,0.5,sushi_b,full_data
2,62,92,0,1,1,0,sushi_b,full_data
2,62,93,1,1,0,1,sushi_b,full_data
2,63,16,4,4,0,1,sushi_b,full_data
2,63,17,7,12,5,0.583333333333333,sushi_b,full_data
2,63,23,8,14,6,0.571428571428571,sushi_b,full_data
2,63,24,7,11,4,0.636363636363636,sushi_b,full_data
2,63,28,6,9,3,0.666666666666667,sushi_b,full_data
2,63,29,4,8,4,0.5,sushi_b,full_data
2,63,33,5,11,6,0.454545454545455,sushi_b,full_data
2,63,35,9,13,4,0.692307692307692,sushi_b,full_data
2,63,40,5,9,4,0.555555555555556,sushi_b,full_data
2,63,42,3,4,1,0.75,sushi_b,full_data
2,63,48,2,6,4,0.333333333333333,sushi_b,full_data
2,63,49,6,7,1,0.857142857142857,sushi_b,full_data
2,63,51,1,6,5,0.166666666666667,sushi_b,full_data
2,63,52,3,3,0,1,sushi_b,full_data
2,63,55,1,2,1,0.5,sushi_b,full_data
2,63,56,2,2,0,1,sushi_b,full_data
2,63,59,1,1,0,1,sushi_b,full_data
2,63,60,0,4,4,0,sushi_b,full_data
2,63,64,1,3,2,0.333333333333333,sushi_b,full_data
2,63,66,2,3,1,0.666666666666667,sushi_b,full_data
2,63,67,0,1,1,0,sushi_b,full_data
2,63,68,1,4,3,0.25,sushi_b,full_data
2,63,69,1,1,0,1,sushi_b,full_data
2,63,70,1,1,0,1,sushi_b,full_data
2,63,72,2,2,0,1,sushi_b,full_data
2,63,74,3,4,1,0.75,sushi_b,full_data
2,63,75,3,4,1,0.75,sushi_b,full_data
2,63,77,4,4,0,1,sushi_b,full_data
2,63,80,1,2,1,0.5,sushi_b,full_data
2,63,81,0,1,1,0,sushi_b,full_data
2,63,83,0,1,1,0,sushi_b,full_data
2,63,85,0,1,1,0,sushi_b,full_data
2,63,87,0,1,1,0,sushi_b,full_data
2,63,89,2,3,1,0.666666666666667,sushi_b,full_data
2,63,90,0,2,2,0,sushi_b,full_data
2,63,93,0,1,1,0,sushi_b,full_data
2,63,94,0,1,1,0,sushi_b,full_data
2,63,97,2,2,0,1,sushi_b,full_data
2,63,99,0,1,1,0,sushi_b,full_data
2,64,17,2,5,3,0.4,sushi_b,full_data
2,64,40,1,1,0,1,sushi_b,full_data
2,64,56,0,1,1,0,sushi_b,full_data
2,64,59,1,3,2,0.333333333333333,sushi_b,full_data
2,64,60,1,1,0,1,sushi_b,full_data
2,64,69,1,1,0,1,sushi_b,full_data
2,64,81,0,1,1,0,sushi_b,full_data
2,64,85,0,1,1,0,sushi_b,full_data
2,64,90,1,3,2,0.333333333333333,sushi_b,full_data
2,64,92,0,1,1,0,sushi_b,full_data
2,64,97,0,1,1,0,sushi_b,full_data
2,65,12,5,10,5,0.5,sushi_b,full_data
2,65,16,7,13,6,0.538461538461538,sushi_b,full_data
2,65,17,3,4,1,0.75,sushi_b,full_data
2,65,18,4,7,3,0.571428571428571,sushi_b,full_data
2,65,23,6,11,5,0.545454545454545,sushi_b,full_data
2,65,24,3,4,1,0.75,sushi_b,full_data
2,65,28,3,4,1,0.75,sushi_b,full_data
2,65,29,4,6,2,0.666666666666667,sushi_b,full_data
2,65,30,9,11,2,0.818181818181818,sushi_b,full_data
2,65,32,2,3,1,0.666666666666667,sushi_b,full_data
2,65,33,6,7,1,0.857142857142857,sushi_b,full_data
2,65,35,1,2,1,0.5,sushi_b,full_data
2,65,38,4,7,3,0.571428571428571,sushi_b,full_data
2,65,40,1,2,1,0.5,sushi_b,full_data
2,65,42,2,2,0,1,sushi_b,full_data
2,65,46,1,2,1,0.5,sushi_b,full_data
2,65,48,1,2,1,0.5,sushi_b,full_data
2,65,50,2,5,3,0.4,sushi_b,full_data
2,65,51,1,3,2,0.333333333333333,sushi_b,full_data
2,65,55,1,1,0,1,sushi_b,full_data
2,65,56,1,1,0,1,sushi_b,full_data
2,65,58,3,4,1,0.75,sushi_b,full_data
2,65,59,0,1,1,0,sushi_b,full_data
2,65,60,3,3,0,1,sushi_b,full_data
2,65,63,1,1,0,1,sushi_b,full_data
2,65,64,1,1,0,1,sushi_b,full_data
2,65,66,1,3,2,0.333333333333333,sushi_b,full_data
2,65,67,2,2,0,1,sushi_b,full_data
2,65,70,0,2,2,0,sushi_b,full_data
2,65,71,1,1,0,1,sushi_b,full_data
2,65,72,1,2,1,0.5,sushi_b,full_data
2,65,75,0,2,2,0,sushi_b,full_data
2,65,81,1,1,0,1,sushi_b,full_data
2,65,83,1,1,0,1,sushi_b,full_data
2,65,87,1,1,0,1,sushi_b,full_data
2,65,90,1,1,0,1,sushi_b,full_data
2,65,91,2,3,1,0.666666666666667,sushi_b,full_data
2,65,93,1,1,0,1,sushi_b,full_data
2,65,98,1,1,0,1,sushi_b,full_data
2,66,17,4,6,2,0.666666666666667,sushi_b,full_data
2,66,23,3,5,2,0.6,sushi_b,full_data
2,66,24,1,3,2,0.333333333333333,sushi_b,full_data
2,66,28,1,7,6,0.142857142857143,sushi_b,full_data
2,66,29,6,7,1,0.857142857142857,sushi_b,full_data
2,66,35,3,4,1,0.75,sushi_b,full_data
2,66,40,5,8,3,0.625,sushi_b,full_data
2,66,42,2,3,1,0.666666666666667,sushi_b,full_data
2,66,48,2,3,1,0.666666666666667,sushi_b,full_data
2,66,49,4,5,1,0.8,sushi_b,full_data
2,66,52,1,2,1,0.5,sushi_b,full_data
2,66,56,1,3,2,0.333333333333333,sushi_b,full_data
2,66,59,2,3,1,0.666666666666667,sushi_b,full_data
2,66,60,0,1,1,0,sushi_b,full_data
2,66,64,0,1,1,0,sushi_b,full_data
2,66,68,1,1,0,1,sushi_b,full_data
2,66,69,1,2,1,0.5,sushi_b,full_data
2,66,74,3,3,0,1,sushi_b,full_data
2,66,75,0,1,1,0,sushi_b,full_data
2,66,77,1,1,0,1,sushi_b,full_data
2,66,78,1,1,0,1,sushi_b,full_data
2,66,80,1,1,0,1,sushi_b,full_data
2,66,81,0,1,1,0,sushi_b,full_data
2,66,83,1,1,0,1,sushi_b,full_data
2,66,89,1,1,0,1,sushi_b,full_data
2,66,90,1,1,0,1,sushi_b,full_data
2,66,91,2,2,0,1,sushi_b,full_data
2,66,92,1,1,0,1,sushi_b,full_data
2,66,93,0,1,1,0,sushi_b,full_data
2,66,94,2,2,0,1,sushi_b,full_data
2,66,97,0,1,1,0,sushi_b,full_data
2,66,98,0,1,1,0,sushi_b,full_data
2,66,99,0,1,1,0,sushi_b,full_data
2,67,17,6,8,2,0.75,sushi_b,full_data
2,67,24,2,5,3,0.4,sushi_b,full_data
2,67,28,4,5,1,0.8,sushi_b,full_data
2,67,40,1,1,0,1,sushi_b,full_data
2,67,42,4,6,2,0.666666666666667,sushi_b,full_data
2,67,49,1,2,1,0.5,sushi_b,full_data
2,67,52,1,1,0,1,sushi_b,full_data
2,67,56,1,1,0,1,sushi_b,full_data
2,67,59,2,2,0,1,sushi_b,full_data
2,67,60,0,1,1,0,sushi_b,full_data
2,67,64,3,3,0,1,sushi_b,full_data
2,67,68,2,3,1,0.666666666666667,sushi_b,full_data
2,67,69,1,2,1,0.5,sushi_b,full_data
2,67,74,0,1,1,0,sushi_b,full_data
2,67,75,1,2,1,0.5,sushi_b,full_data
2,67,77,0,1,1,0,sushi_b,full_data
2,67,78,2,3,1,0.666666666666667,sushi_b,full_data
2,67,85,1,1,0,1,sushi_b,full_data
2,67,89,1,2,1,0.5,sushi_b,full_data
2,67,90,0,2,2,0,sushi_b,full_data
2,67,92,1,1,0,1,sushi_b,full_data
2,67,97,2,2,0,1,sushi_b,full_data
2,68,17,7,15,8,0.466666666666667,sushi_b,full_data
2,68,40,0,2,2,0,sushi_b,full_data
2,68,42,2,3,1,0.666666666666667,sushi_b,full_data
2,68,49,1,1,0,1,sushi_b,full_data
2,68,56,2,2,0,1,sushi_b,full_data
2,68,60,3,4,1,0.75,sushi_b,full_data
2,68,69,2,2,0,1,sushi_b,full_data
2,68,74,1,2,1,0.5,sushi_b,full_data
2,68,78,0,1,1,0,sushi_b,full_data
2,68,83,0,1,1,0,sushi_b,full_data
2,68,85,0,1,1,0,sushi_b,full_data
2,68,86,1,1,0,1,sushi_b,full_data
2,68,90,0,1,1,0,sushi_b,full_data
2,68,92,2,2,0,1,sushi_b,full_data
2,68,94,1,1,0,1,sushi_b,full_data
2,68,97,1,1,0,1,sushi_b,full_data
2,69,78,1,1,0,1,sushi_b,full_data
2,69,81,0,1,1,0,sushi_b,full_data
2,69,85,0,1,1,0,sushi_b,full_data
2,69,92,1,1,0,1,sushi_b,full_data
2,69,93,2,2,0,1,sushi_b,full_data
2,69,97,1,1,0,1,sushi_b,full_data
2,70,17,8,9,1,0.888888888888889,sushi_b,full_data
2,70,24,2,5,3,0.4,sushi_b,full_data
2,70,28,3,4,1,0.75,sushi_b,full_data
2,70,29,0,1,1,0,sushi_b,full_data
2,70,40,4,4,0,1,sushi_b,full_data
2,70,42,3,4,1,0.75,sushi_b,full_data
2,70,49,2,2,0,1,sushi_b,full_data
2,70,52,1,3,2,0.333333333333333,sushi_b,full_data
2,70,56,1,2,1,0.5,sushi_b,full_data
2,70,59,0,1,1,0,sushi_b,full_data
2,70,60,2,3,1,0.666666666666667,sushi_b,full_data
2,70,64,5,7,2,0.714285714285714,sushi_b,full_data
2,70,68,2,2,0,1,sushi_b,full_data
2,70,69,2,3,1,0.666666666666667,sushi_b,full_data
2,70,74,0,1,1,0,sushi_b,full_data
2,70,75,1,1,0,1,sushi_b,full_data
2,70,78,1,2,1,0.5,sushi_b,full_data
2,70,80,1,2,1,0.5,sushi_b,full_data
2,70,81,0,1,1,0,sushi_b,full_data
2,70,85,0,1,1,0,sushi_b,full_data
2,70,90,0,1,1,0,sushi_b,full_data
2,70,92,1,2,1,0.5,sushi_b,full_data
2,70,97,0,1,1,0,sushi_b,full_data
2,71,16,7,11,4,0.636363636363636,sushi_b,full_data
2,71,17,7,11,4,0.636363636363636,sushi_b,full_data
2,71,23,4,11,7,0.363636363636364,sushi_b,full_data
2,71,24,3,8,5,0.375,sushi_b,full_data
2,71,28,5,8,3,0.625,sushi_b,full_data
2,71,29,7,9,2,0.777777777777778,sushi_b,full_data
2,71,30,1,4,3,0.25,sushi_b,full_data
2,71,33,3,6,3,0.5,sushi_b,full_data
2,71,35,1,7,6,0.142857142857143,sushi_b,full_data
2,71,38,2,3,1,0.666666666666667,sushi_b,full_data
2,71,40,2,4,2,0.5,sushi_b,full_data
2,71,42,1,4,3,0.25,sushi_b,full_data
2,71,48,3,5,2,0.6,sushi_b,full_data
2,71,49,1,3,2,0.333333333333333,sushi_b,full_data
2,71,50,1,3,2,0.333333333333333,sushi_b,full_data
2,71,51,3,6,3,0.5,sushi_b,full_data
2,71,52,1,1,0,1,sushi_b,full_data
2,71,56,3,3,0,1,sushi_b,full_data
2,71,58,0,2,2,0,sushi_b,full_data
2,71,59,1,1,0,1,sushi_b,full_data
2,71,60,1,3,2,0.333333333333333,sushi_b,full_data
2,71,63,2,2,0,1,sushi_b,full_data
2,71,64,0,1,1,0,sushi_b,full_data
2,71,66,0,1,1,0,sushi_b,full_data
2,71,67,1,2,1,0.5,sushi_b,full_data
2,71,68,0,1,1,0,sushi_b,full_data
2,71,70,0,1,1,0,sushi_b,full_data
2,71,72,1,2,1,0.5,sushi_b,full_data
2,71,75,2,2,0,1,sushi_b,full_data
2,71,77,0,1,1,0,sushi_b,full_data
2,71,78,1,1,0,1,sushi_b,full_data
2,71,80,1,1,0,1,sushi_b,full_data
2,71,84,0,1,1,0,sushi_b,full_data
2,71,89,1,1,0,1,sushi_b,full_data
2,71,91,1,1,0,1,sushi_b,full_data
2,71,93,2,2,0,1,sushi_b,full_data
2,71,98,3,3,0,1,sushi_b,full_data
2,71,99,0,1,1,0,sushi_b,full_data
2,72,17,6,8,2,0.75,sushi_b,full_data
2,72,23,1,2,1,0.5,sushi_b,full_data
2,72,24,4,11,7,0.363636363636364,sushi_b,full_data
2,72,28,4,10,6,0.4,sushi_b,full_data
2,72,29,4,8,4,0.5,sushi_b,full_data
2,72,33,0,1,1,0,sushi_b,full_data
2,72,35,5,9,4,0.555555555555556,sushi_b,full_data
2,72,40,4,5,1,0.8,sushi_b,full_data
2,72,42,5,8,3,0.625,sushi_b,full_data
2,72,48,3,5,2,0.6,sushi_b,full_data
2,72,49,2,2,0,1,sushi_b,full_data
2,72,52,1,3,2,0.333333333333333,sushi_b,full_data
2,72,56,0,2,2,0,sushi_b,full_data
2,72,58,0,1,1,0,sushi_b,full_data
2,72,59,0,1,1,0,sushi_b,full_data
2,72,60,1,1,0,1,sushi_b,full_data
2,72,64,2,3,1,0.666666666666667,sushi_b,full_data
2,72,67,2,3,1,0.666666666666667,sushi_b,full_data
2,72,68,1,3,2,0.333333333333333,sushi_b,full_data
2,72,69,0,2,2,0,sushi_b,full_data
2,72,70,1,1,0,1,sushi_b,full_data
2,72,74,4,4,0,1,sushi_b,full_data
2,72,75,1,1,0,1,sushi_b,full_data
2,72,77,2,3,1,0.666666666666667,sushi_b,full_data
2,72,78,1,1,0,1,sushi_b,full_data
2,72,80,1,1,0,1,sushi_b,full_data
2,72,81,2,2,0,1,sushi_b,full_data
2,72,84,0,1,1,0,sushi_b,full_data
2,72,85,0,1,1,0,sushi_b,full_data
2,72,89,1,1,0,1,sushi_b,full_data
2,72,90,1,1,0,1,sushi_b,full_data
2,72,94,1,1,0,1,sushi_b,full_data
2,72,97,1,1,0,1,sushi_b,full_data
2,72,99,0,1,1,0,sushi_b,full_data
2,73,5,6,11,5,0.545454545454545,sushi_b,full_data
2,73,7,11,19,8,0.578947368421053,sushi_b,full_data
2,73,12,3,7,4,0.428571428571429,sushi_b,full_data
2,73,14,4,7,3,0.571428571428571,sushi_b,full_data
2,73,16,4,5,1,0.8,sushi_b,full_data
2,73,18,3,5,2,0.6,sushi_b,full_data
2,73,23,2,3,1,0.666666666666667,sushi_b,full_data
2,73,24,1,2,1,0.5,sushi_b,full_data
2,73,25,3,6,3,0.5,sushi_b,full_data
2,73,30,2,4,2,0.5,sushi_b,full_data
2,73,31,2,5,3,0.4,sushi_b,full_data
2,73,32,3,4,1,0.75,sushi_b,full_data
2,73,33,2,2,0,1,sushi_b,full_data
2,73,34,6,8,2,0.75,sushi_b,full_data
2,73,35,1,3,2,0.333333333333333,sushi_b,full_data
2,73,38,1,3,2,0.333333333333333,sushi_b,full_data
2,73,39,3,6,3,0.5,sushi_b,full_data
2,73,43,2,4,2,0.5,sushi_b,full_data
2,73,44,2,2,0,1,sushi_b,full_data
2,73,45,2,3,1,0.666666666666667,sushi_b,full_data
2,73,46,2,4,2,0.5,sushi_b,full_data
2,73,49,1,1,0,1,sushi_b,full_data
2,73,54,1,1,0,1,sushi_b,full_data
2,73,55,0,1,1,0,sushi_b,full_data
2,73,57,0,1,1,0,sushi_b,full_data
2,73,58,1,1,0,1,sushi_b,full_data
2,73,59,0,1,1,0,sushi_b,full_data
2,73,62,1,2,1,0.5,sushi_b,full_data
2,73,63,0,2,2,0,sushi_b,full_data
2,73,65,0,2,2,0,sushi_b,full_data
2,73,66,1,1,0,1,sushi_b,full_data
2,73,71,2,2,0,1,sushi_b,full_data
2,73,72,1,1,0,1,sushi_b,full_data
2,73,95,1,2,1,0.5,sushi_b,full_data
2,73,96,1,1,0,1,sushi_b,full_data
2,74,17,5,8,3,0.625,sushi_b,full_data
2,74,40,0,1,1,0,sushi_b,full_data
2,74,42,1,1,0,1,sushi_b,full_data
2,74,59,3,5,2,0.6,sushi_b,full_data
2,74,60,1,1,0,1,sushi_b,full_data
2,74,78,0,1,1,0,sushi_b,full_data
2,74,81,0,1,1,0,sushi_b,full_data
2,74,86,1,1,0,1,sushi_b,full_data
2,74,89,2,2,0,1,sushi_b,full_data
2,74,90,1,2,1,0.5,sushi_b,full_data
2,75,17,8,12,4,0.666666666666667,sushi_b,full_data
2,75,42,3,3,0,1,sushi_b,full_data
2,75,56,0,1,1,0,sushi_b,full_data
2,75,59,1,2,1,0.5,sushi_b,full_data
2,75,60,1,2,1,0.5,sushi_b,full_data
2,75,64,2,2,0,1,sushi_b,full_data
2,75,78,1,2,1,0.5,sushi_b,full_data
2,75,85,0,1,1,0,sushi_b,full_data
2,75,92,1,2,1,0.5,sushi_b,full_data
2,76,5,11,17,6,0.647058823529412,sushi_b,full_data
2,76,7,7,14,7,0.5,sushi_b,full_data
2,76,12,4,7,3,0.571428571428571,sushi_b,full_data
2,76,14,5,10,5,0.5,sushi_b,full_data
2,76,16,2,3,1,0.666666666666667,sushi_b,full_data
2,76,18,7,9,2,0.777777777777778,sushi_b,full_data
2,76,21,1,1,0,1,sushi_b,full_data
2,76,23,1,2,1,0.5,sushi_b,full_data
2,76,24,2,2,0,1,sushi_b,full_data
2,76,25,4,7,3,0.571428571428571,sushi_b,full_data
2,76,29,2,2,0,1,sushi_b,full_data
2,76,30,6,8,2,0.75,sushi_b,full_data
2,76,31,4,6,2,0.666666666666667,sushi_b,full_data
2,76,32,3,6,3,0.5,sushi_b,full_data
2,76,33,1,1,0,1,sushi_b,full_data
2,76,34,3,9,6,0.333333333333333,sushi_b,full_data
2,76,35,2,2,0,1,sushi_b,full_data
2,76,38,3,3,0,1,sushi_b,full_data
2,76,39,1,1,0,1,sushi_b,full_data
2,76,42,1,1,0,1,sushi_b,full_data
2,76,43,2,5,3,0.4,sushi_b,full_data
2,76,44,2,5,3,0.4,sushi_b,full_data
2,76,45,2,3,1,0.666666666666667,sushi_b,full_data
2,76,46,2,2,0,1,sushi_b,full_data
2,76,48,0,1,1,0,sushi_b,full_data
2,76,54,1,2,1,0.5,sushi_b,full_data
2,76,55,2,2,0,1,sushi_b,full_data
2,76,58,1,1,0,1,sushi_b,full_data
2,76,62,2,2,0,1,sushi_b,full_data
2,76,63,1,1,0,1,sushi_b,full_data
2,76,65,0,1,1,0,sushi_b,full_data
2,76,67,1,1,0,1,sushi_b,full_data
2,76,68,0,1,1,0,sushi_b,full_data
2,76,71,0,1,1,0,sushi_b,full_data
2,76,72,0,1,1,0,sushi_b,full_data
2,76,77,1,1,0,1,sushi_b,full_data
2,76,95,0,1,1,0,sushi_b,full_data
2,77,17,6,11,5,0.545454545454545,sushi_b,full_data
2,77,40,3,3,0,1,sushi_b,full_data
2,77,52,0,1,1,0,sushi_b,full_data
2,77,56,2,2,0,1,sushi_b,full_data
2,77,64,1,2,1,0.5,sushi_b,full_data
2,77,69,1,1,0,1,sushi_b,full_data
2,77,74,1,1,0,1,sushi_b,full_data
2,77,78,0,2,2,0,sushi_b,full_data
2,77,89,1,2,1,0.5,sushi_b,full_data
2,77,94,1,1,0,1,sushi_b,full_data
2,77,97,1,2,1,0.5,sushi_b,full_data
2,78,85,2,2,0,1,sushi_b,full_data
2,78,92,1,1,0,1,sushi_b,full_data
2,78,97,1,1,0,1,sushi_b,full_data
2,79,0,8,15,7,0.533333333333333,sushi_b,full_data
2,79,1,7,16,9,0.4375,sushi_b,full_data
2,79,3,6,8,2,0.75,sushi_b,full_data
2,79,4,9,16,7,0.5625,sushi_b,full_data
2,79,5,5,9,4,0.555555555555556,sushi_b,full_data
2,79,6,5,7,2,0.714285714285714,sushi_b,full_data
2,79,7,0,1,1,0,sushi_b,full_data
2,79,10,4,6,2,0.666666666666667,sushi_b,full_data
2,79,11,6,10,4,0.6,sushi_b,full_data
2,79,12,1,1,0,1,sushi_b,full_data
2,79,14,0,1,1,0,sushi_b,full_data
2,79,18,0,1,1,0,sushi_b,full_data
2,79,20,9,15,6,0.6,sushi_b,full_data
2,79,21,2,3,1,0.666666666666667,sushi_b,full_data
2,79,22,6,13,7,0.461538461538462,sushi_b,full_data
2,79,24,1,1,0,1,sushi_b,full_data
2,79,25,1,1,0,1,sushi_b,full_data
2,79,26,2,6,4,0.333333333333333,sushi_b,full_data
2,79,27,2,2,0,1,sushi_b,full_data
2,79,29,1,1,0,1,sushi_b,full_data
2,79,31,2,3,1,0.666666666666667,sushi_b,full_data
2,79,34,1,2,1,0.5,sushi_b,full_data
2,79,36,1,1,0,1,sushi_b,full_data
2,79,41,5,9,4,0.555555555555556,sushi_b,full_data
2,79,45,3,3,0,1,sushi_b,full_data
2,79,46,1,1,0,1,sushi_b,full_data
2,79,57,0,1,1,0,sushi_b,full_data
2,80,17,0,1,1,0,sushi_b,full_data
2,80,40,3,3,0,1,sushi_b,full_data
2,80,42,1,2,1,0.5,sushi_b,full_data
2,80,59,1,1,0,1,sushi_b,full_data
2,80,60,0,1,1,0,sushi_b,full_data
2,80,64,1,1,0,1,sushi_b,full_data
2,80,74,1,1,0,1,sushi_b,full_data
2,80,78,1,3,2,0.333333333333333,sushi_b,full_data
2,80,81,0,1,1,0,sushi_b,full_data
2,80,85,0,1,1,0,sushi_b,full_data
2,80,90,0,1,1,0,sushi_b,full_data
2,80,97,0,1,1,0,sushi_b,full_data
2,82,17,2,2,0,1,sushi_b,full_data
2,82,23,0,1,1,0,sushi_b,full_data
2,82,24,2,3,1,0.666666666666667,sushi_b,full_data
2,82,28,6,8,2,0.75,sushi_b,full_data
2,82,29,1,1,0,1,sushi_b,full_data
2,82,33,1,1,0,1,sushi_b,full_data
2,82,35,1,2,1,0.5,sushi_b,full_data
2,82,40,3,4,1,0.75,sushi_b,full_data
2,82,42,2,2,0,1,sushi_b,full_data
2,82,48,1,1,0,1,sushi_b,full_data
2,82,49,2,3,1,0.666666666666667,sushi_b,full_data
2,82,52,2,3,1,0.666666666666667,sushi_b,full_data
2,82,56,1,2,1,0.5,sushi_b,full_data
2,82,58,0,2,2,0,sushi_b,full_data
2,82,59,3,3,0,1,sushi_b,full_data
2,82,60,1,2,1,0.5,sushi_b,full_data
2,82,64,0,1,1,0,sushi_b,full_data
2,82,66,1,1,0,1,sushi_b,full_data
2,82,67,1,2,1,0.5,sushi_b,full_data
2,82,68,1,1,0,1,sushi_b,full_data
2,82,69,1,1,0,1,sushi_b,full_data
2,82,70,0,1,1,0,sushi_b,full_data
2,82,74,0,1,1,0,sushi_b,full_data
2,82,75,1,2,1,0.5,sushi_b,full_data
2,82,78,1,1,0,1,sushi_b,full_data
2,82,81,1,1,0,1,sushi_b,full_data
2,82,83,1,1,0,1,sushi_b,full_data
2,82,85,1,1,0,1,sushi_b,full_data
2,82,89,1,1,0,1,sushi_b,full_data
2,82,90,1,1,0,1,sushi_b,full_data
2,82,97,1,1,0,1,sushi_b,full_data
2,82,98,0,1,1,0,sushi_b,full_data
2,83,17,2,3,1,0.666666666666667,sushi_b,full_data
2,83,40,3,3,0,1,sushi_b,full_data
2,83,42,2,3,1,0.666666666666667,sushi_b,full_data
2,83,59,1,1,0,1,sushi_b,full_data
2,83,81,1,1,0,1,sushi_b,full_data
2,83,97,1,1,0,1,sushi_b,full_data
2,84,17,1,5,4,0.2,sushi_b,full_data
2,84,40,0,1,1,0,sushi_b,full_data
2,84,42,1,1,0,1,sushi_b,full_data
2,84,59,1,1,0,1,sushi_b,full_data
2,84,78,0,1,1,0,sushi_b,full_data
2,84,85,2,2,0,1,sushi_b,full_data
2,84,89,2,3,1,0.666666666666667,sushi_b,full_data
2,86,59,0,1,1,0,sushi_b,full_data
2,86,92,1,1,0,1,sushi_b,full_data
2,86,94,1,1,0,1,sushi_b,full_data
2,87,17,0,2,2,0,sushi_b,full_data
2,87,23,1,4,3,0.25,sushi_b,full_data
2,87,24,3,7,4,0.428571428571429,sushi_b,full_data
2,87,28,4,5,1,0.8,sushi_b,full_data
2,87,29,1,4,3,0.25,sushi_b,full_data
2,87,35,0,1,1,0,sushi_b,full_data
2,87,40,2,3,1,0.666666666666667,sushi_b,full_data
2,87,49,2,6,4,0.333333333333333,sushi_b,full_data
2,87,52,2,2,0,1,sushi_b,full_data
2,87,56,1,1,0,1,sushi_b,full_data
2,87,60,2,2,0,1,sushi_b,full_data
2,87,64,1,1,0,1,sushi_b,full_data
2,87,67,2,3,1,0.666666666666667,sushi_b,full_data
2,87,69,0,1,1,0,sushi_b,full_data
2,87,75,1,2,1,0.5,sushi_b,full_data
2,87,78,1,2,1,0.5,sushi_b,full_data
2,87,85,1,1,0,1,sushi_b,full_data
2,87,91,1,2,1,0.5,sushi_b,full_data
2,87,93,2,2,0,1,sushi_b,full_data
2,87,94,0,1,1,0,sushi_b,full_data
2,87,97,1,1,0,1,sushi_b,full_data
2,88,5,2,3,1,0.666666666666667,sushi_b,full_data
2,88,7,5,6,1,0.833333333333333,sushi_b,full_data
2,88,12,5,10,5,0.5,sushi_b,full_data
2,88,14,5,7,2,0.714285714285714,sushi_b,full_data
2,88,16,2,2,0,1,sushi_b,full_data
2,88,17,1,1,0,1,sushi_b,full_data
2,88,18,2,4,2,0.5,sushi_b,full_data
2,88,23,2,2,0,1,sushi_b,full_data
2,88,24,3,4,1,0.75,sushi_b,full_data
2,88,28,1,1,0,1,sushi_b,full_data
2,88,30,1,2,1,0.5,sushi_b,full_data
2,88,32,2,5,3,0.4,sushi_b,full_data
2,88,33,0,3,3,0,sushi_b,full_data
2,88,38,2,3,1,0.666666666666667,sushi_b,full_data
2,88,39,1,2,1,0.5,sushi_b,full_data
2,88,40,1,1,0,1,sushi_b,full_data
2,88,42,0,1,1,0,sushi_b,full_data
2,88,43,1,2,1,0.5,sushi_b,full_data
2,88,44,1,3,2,0.333333333333333,sushi_b,full_data
2,88,45,2,2,0,1,sushi_b,full_data
2,88,46,1,3,2,0.333333333333333,sushi_b,full_data
2,88,49,1,1,0,1,sushi_b,full_data
2,88,50,2,2,0,1,sushi_b,full_data
2,88,51,2,2,0,1,sushi_b,full_data
2,88,54,2,3,1,0.666666666666667,sushi_b,full_data
2,88,64,1,1,0,1,sushi_b,full_data
2,88,65,0,1,1,0,sushi_b,full_data
2,88,66,0,1,1,0,sushi_b,full_data
2,88,67,1,1,0,1,sushi_b,full_data
2,88,69,1,1,0,1,sushi_b,full_data
2,88,70,0,1,1,0,sushi_b,full_data
2,88,94,1,1,0,1,sushi_b,full_data
2,88,99,1,1,0,1,sushi_b,full_data
2,91,17,2,4,2,0.5,sushi_b,full_data
2,91,24,0,1,1,0,sushi_b,full_data
2,91,28,1,3,2,0.333333333333333,sushi_b,full_data
2,91,40,1,3,2,0.333333333333333,sushi_b,full_data
2,91,42,1,2,1,0.5,sushi_b,full_data
2,91,49,1,1,0,1,sushi_b,full_data
2,91,52,1,1,0,1,sushi_b,full_data
2,91,56,1,1,0,1,sushi_b,full_data
2,91,59,2,3,1,0.666666666666667,sushi_b,full_data
2,91,60,1,1,0,1,sushi_b,full_data
2,91,64,1,2,1,0.5,sushi_b,full_data
2,91,74,1,1,0,1,sushi_b,full_data
2,91,77,1,1,0,1,sushi_b,full_data
2,91,81,1,1,0,1,sushi_b,full_data
2,91,84,1,1,0,1,sushi_b,full_data
2,91,97,1,1,0,1,sushi_b,full_data
2,94,85,1,1,0,1,sushi_b,full_data
2,95,12,5,7,2,0.714285714285714,sushi_b,full_data
2,95,16,3,9,6,0.333333333333333,sushi_b,full_data
2,95,17,1,2,1,0.5,sushi_b,full_data
2,95,18,1,1,0,1,sushi_b,full_data
2,95,23,6,8,2,0.75,sushi_b,full_data
2,95,24,1,4,3,0.25,sushi_b,full_data
2,95,28,1,3,2,0.333333333333333,sushi_b,full_data
2,95,29,3,5,2,0.6,sushi_b,full_data
2,95,30,4,4,0,1,sushi_b,full_data
2,95,33,5,6,1,0.833333333333333,sushi_b,full_data
2,95,35,2,3,1,0.666666666666667,sushi_b,full_data
2,95,38,0,1,1,0,sushi_b,full_data
2,95,40,1,1,0,1,sushi_b,full_data
2,95,42,0,2,2,0,sushi_b,full_data
2,95,48,1,2,1,0.5,sushi_b,full_data
2,95,49,1,1,0,1,sushi_b,full_data
2,95,50,0,1,1,0,sushi_b,full_data
2,95,51,1,3,2,0.333333333333333,sushi_b,full_data
2,95,52,0,2,2,0,sushi_b,full_data
2,95,55,2,2,0,1,sushi_b,full_data
2,95,56,0,1,1,0,sushi_b,full_data
2,95,58,1,1,0,1,sushi_b,full_data
2,95,60,1,3,2,0.333333333333333,sushi_b,full_data
2,95,63,1,3,2,0.333333333333333,sushi_b,full_data
2,95,64,1,1,0,1,sushi_b,full_data
2,95,67,0,1,1,0,sushi_b,full_data
2,95,69,0,1,1,0,sushi_b,full_data
2,95,70,1,2,1,0.5,sushi_b,full_data
2,95,71,1,1,0,1,sushi_b,full_data
2,95,72,0,1,1,0,sushi_b,full_data
2,95,75,1,3,2,0.333333333333333,sushi_b,full_data
2,95,77,1,1,0,1,sushi_b,full_data
2,95,86,0,1,1,0,sushi_b,full_data
2,95,97,0,1,1,0,sushi_b,full_data
2,95,98,1,1,0,1,sushi_b,full_data
2,96,5,0,1,1,0,sushi_b,full_data
2,96,7,4,8,4,0.5,sushi_b,full_data
2,96,12,1,4,3,0.25,sushi_b,full_data
2,96,14,1,8,7,0.125,sushi_b,full_data
2,96,16,2,4,2,0.5,sushi_b,full_data
2,96,18,6,7,1,0.857142857142857,sushi_b,full_data
2,96,24,1,2,1,0.5,sushi_b,full_data
2,96,29,1,1,0,1,sushi_b,full_data
2,96,30,0,2,2,0,sushi_b,full_data
2,96,31,1,1,0,1,sushi_b,full_data
2,96,32,1,1,0,1,sushi_b,full_data
2,96,34,1,4,3,0.25,sushi_b,full_data
2,96,35,1,1,0,1,sushi_b,full_data
2,96,38,1,2,1,0.5,sushi_b,full_data
2,96,39,3,4,1,0.75,sushi_b,full_data
2,96,43,2,3,1,0.666666666666667,sushi_b,full_data
2,96,44,0,2,2,0,sushi_b,full_data
2,96,45,0,1,1,0,sushi_b,full_data
2,96,46,1,2,1,0.5,sushi_b,full_data
2,96,48,1,1,0,1,sushi_b,full_data
2,96,51,1,1,0,1,sushi_b,full_data
2,96,54,1,2,1,0.5,sushi_b,full_data
2,96,63,1,1,0,1,sushi_b,full_data
2,96,65,0,1,1,0,sushi_b,full_data
2,96,67,1,1,0,1,sushi_b,full_data
2,96,72,0,1,1,0,sushi_b,full_data
2,96,78,1,1,0,1,sushi_b,full_data
2,96,80,1,1,0,1,sushi_b,full_data
2,98,17,2,2,0,1,sushi_b,full_data
2,98,42,0,1,1,0,sushi_b,full_data
2,98,59,1,3,2,0.333333333333333,sushi_b,full_data
2,98,69,1,1,0,1,sushi_b,full_data
2,98,78,0,1,1,0,sushi_b,full_data
2,98,81,1,2,1,0.5,sushi_b,full_data
2,98,86,1,1,0,1,sushi_b,full_data
2,98,92,0,1,1,0,sushi_b,full_data
2,99,17,5,8,3,0.625,sushi_b,full_data
2,99,42,0,1,1,0,sushi_b,full_data
2,99,49,1,1,0,1,sushi_b,full_data
2,99,59,1,1,0,1,sushi_b,full_data
2,99,60,1,1,0,1,sushi_b,full_data
2,99,64,0,1,1,0,sushi_b,full_data
2,99,69,1,1,0,1,sushi_b,full_data
2,99,74,0,1,1,0,sushi_b,full_data
2,99,78,2,2,0,1,sushi_b,full_data
2,99,81,2,2,0,1,sushi_b,full_data
2,99,90,0,1,1,0,sushi_b,full_data
2,99,93,1,1,0,1,sushi_b,full_data
3,0,3,30,52,22,0.576923076923077,sushi_b,full_data
3,0,4,4,7,3,0.571428571428571,sushi_b,full_data
3,0,5,109,153,44,0.712418300653595,sushi_b,full_data
3,0,7,77,116,39,0.663793103448276,sushi_b,full_data
3,0,10,9,18,9,0.5,sushi_b,full_data
3,0,12,61,85,24,0.717647058823529,sushi_b,full_data
3,0,14,67,102,35,0.656862745098039,sushi_b,full_data
3,0,16,33,42,9,0.785714285714286,sushi_b,full_data
3,0,17,4,4,0,1,sushi_b,full_data
3,0,18,37,55,18,0.672727272727273,sushi_b,full_data
3,0,21,35,66,31,0.53030303030303,sushi_b,full_data
3,0,23,10,16,6,0.625,sushi_b,full_data
3,0,24,9,11,2,0.818181818181818,sushi_b,full_data
3,0,25,50,84,34,0.595238095238095,sushi_b,full_data
3,0,27,29,47,18,0.617021276595745,sushi_b,full_data
3,0,28,7,7,0,1,sushi_b,full_data
3,0,29,14,17,3,0.823529411764706,sushi_b,full_data
3,0,30,27,35,8,0.771428571428571,sushi_b,full_data
3,0,31,29,48,19,0.604166666666667,sushi_b,full_data
3,0,32,26,37,11,0.702702702702703,sushi_b,full_data
3,0,33,18,20,2,0.9,sushi_b,full_data
3,0,34,40,64,24,0.625,sushi_b,full_data
3,0,35,3,4,1,0.75,sushi_b,full_data
3,0,36,11,24,13,0.458333333333333,sushi_b,full_data
3,0,38,25,35,10,0.714285714285714,sushi_b,full_data
3,0,39,31,37,6,0.837837837837838,sushi_b,full_data
3,0,40,2,2,0,1,sushi_b,full_data
3,0,42,2,2,0,1,sushi_b,full_data
3,0,43,24,38,14,0.631578947368421,sushi_b,full_data
3,0,44,19,24,5,0.791666666666667,sushi_b,full_data
3,0,45,18,31,13,0.580645161290323,sushi_b,full_data
3,0,46,16,22,6,0.727272727272727,sushi_b,full_data
3,0,48,6,10,4,0.6,sushi_b,full_data
3,0,49,2,2,0,1,sushi_b,full_data
3,0,50,14,21,7,0.666666666666667,sushi_b,full_data
3,0,51,10,13,3,0.769230769230769,sushi_b,full_data
3,0,52,2,2,0,1,sushi_b,full_data
3,0,54,13,21,8,0.619047619047619,sushi_b,full_data
3,0,55,2,5,3,0.4,sushi_b,full_data
3,0,57,12,19,7,0.631578947368421,sushi_b,full_data
3,0,58,5,6,1,0.833333333333333,sushi_b,full_data
3,0,59,4,4,0,1,sushi_b,full_data
3,0,60,1,1,0,1,sushi_b,full_data
3,0,62,17,27,10,0.62962962962963,sushi_b,full_data
3,0,63,7,10,3,0.7,sushi_b,full_data
3,0,65,7,14,7,0.5,sushi_b,full_data
3,0,66,1,2,1,0.5,sushi_b,full_data
3,0,67,2,3,1,0.666666666666667,sushi_b,full_data
3,0,68,1,1,0,1,sushi_b,full_data
3,0,69,1,1,0,1,sushi_b,full_data
3,0,70,2,4,2,0.5,sushi_b,full_data
3,0,71,6,9,3,0.666666666666667,sushi_b,full_data
3,0,72,4,5,1,0.8,sushi_b,full_data
3,0,73,6,8,2,0.75,sushi_b,full_data
3,0,74,1,1,0,1,sushi_b,full_data
3,0,75,2,3,1,0.666666666666667,sushi_b,full_data
3,0,76,6,9,3,0.666666666666667,sushi_b,full_data
3,0,77,0,1,1,0,sushi_b,full_data
3,0,78,1,1,0,1,sushi_b,full_data
3,0,80,1,1,0,1,sushi_b,full_data
3,0,82,2,4,2,0.5,sushi_b,full_data
3,0,83,1,2,1,0.5,sushi_b,full_data
3,0,87,4,5,1,0.8,sushi_b,full_data
3,0,88,6,11,5,0.545454545454545,sushi_b,full_data
3,0,95,5,6,1,0.833333333333333,sushi_b,full_data
3,0,96,3,4,1,0.75,sushi_b,full_data
3,0,97,1,1,0,1,sushi_b,full_data
3,0,98,1,1,0,1,sushi_b,full_data
3,1,3,58,109,51,0.532110091743119,sushi_b,full_data
3,1,4,17,36,19,0.472222222222222,sushi_b,full_data
3,1,5,98,136,38,0.720588235294118,sushi_b,full_data
3,1,7,63,96,33,0.65625,sushi_b,full_data
3,1,10,42,68,26,0.617647058823529,sushi_b,full_data
3,1,12,37,56,19,0.660714285714286,sushi_b,full_data
3,1,14,68,115,47,0.591304347826087,sushi_b,full_data
3,1,16,17,27,10,0.62962962962963,sushi_b,full_data
3,1,17,0,1,1,0,sushi_b,full_data
3,1,18,39,50,11,0.78,sushi_b,full_data
3,1,21,57,89,32,0.640449438202247,sushi_b,full_data
3,1,22,13,25,12,0.52,sushi_b,full_data
3,1,23,15,19,4,0.789473684210526,sushi_b,full_data
3,1,24,3,3,0,1,sushi_b,full_data
3,1,25,48,84,36,0.571428571428571,sushi_b,full_data
3,1,26,3,4,1,0.75,sushi_b,full_data
3,1,27,32,68,36,0.470588235294118,sushi_b,full_data
3,1,28,4,4,0,1,sushi_b,full_data
3,1,29,4,7,3,0.571428571428571,sushi_b,full_data
3,1,30,12,17,5,0.705882352941177,sushi_b,full_data
3,1,31,20,47,27,0.425531914893617,sushi_b,full_data
3,1,32,19,28,9,0.678571428571429,sushi_b,full_data
3,1,33,4,6,2,0.666666666666667,sushi_b,full_data
3,1,34,37,57,20,0.649122807017544,sushi_b,full_data
3,1,35,3,7,4,0.428571428571429,sushi_b,full_data
3,1,36,21,44,23,0.477272727272727,sushi_b,full_data
3,1,38,21,25,4,0.84,sushi_b,full_data
3,1,39,26,37,11,0.702702702702703,sushi_b,full_data
3,1,40,1,1,0,1,sushi_b,full_data
3,1,42,0,1,1,0,sushi_b,full_data
3,1,43,23,28,5,0.821428571428571,sushi_b,full_data
3,1,44,16,22,6,0.727272727272727,sushi_b,full_data
3,1,45,17,25,8,0.68,sushi_b,full_data
3,1,46,14,25,11,0.56,sushi_b,full_data
3,1,48,4,4,0,1,sushi_b,full_data
3,1,50,6,7,1,0.857142857142857,sushi_b,full_data
3,1,51,9,12,3,0.75,sushi_b,full_data
3,1,52,1,1,0,1,sushi_b,full_data
3,1,54,4,7,3,0.571428571428571,sushi_b,full_data
3,1,55,4,4,0,1,sushi_b,full_data
3,1,56,0,1,1,0,sushi_b,full_data
3,1,57,16,26,10,0.615384615384615,sushi_b,full_data
3,1,58,1,1,0,1,sushi_b,full_data
3,1,60,1,1,0,1,sushi_b,full_data
3,1,62,16,23,7,0.695652173913043,sushi_b,full_data
3,1,63,5,7,2,0.714285714285714,sushi_b,full_data
3,1,64,1,1,0,1,sushi_b,full_data
3,1,65,5,9,4,0.555555555555556,sushi_b,full_data
3,1,66,2,3,1,0.666666666666667,sushi_b,full_data
3,1,71,8,9,1,0.888888888888889,sushi_b,full_data
3,1,72,2,2,0,1,sushi_b,full_data
3,1,73,3,9,6,0.333333333333333,sushi_b,full_data
3,1,76,8,12,4,0.666666666666667,sushi_b,full_data
3,1,82,2,2,0,1,sushi_b,full_data
3,1,87,4,5,1,0.8,sushi_b,full_data
3,1,88,5,9,4,0.555555555555556,sushi_b,full_data
3,1,95,8,9,1,0.888888888888889,sushi_b,full_data
3,1,96,2,3,1,0.666666666666667,sushi_b,full_data
3,1,99,1,1,0,1,sushi_b,full_data
3,2,0,73,115,42,0.634782608695652,sushi_b,full_data
3,2,1,33,61,28,0.540983606557377,sushi_b,full_data
3,2,3,95,140,45,0.678571428571429,sushi_b,full_data
3,2,4,62,118,56,0.525423728813559,sushi_b,full_data
3,2,5,63,86,23,0.732558139534884,sushi_b,full_data
3,2,6,1,2,1,0.5,sushi_b,full_data
3,2,7,27,37,10,0.72972972972973,sushi_b,full_data
3,2,10,80,137,57,0.583941605839416,sushi_b,full_data
3,2,11,11,17,6,0.647058823529412,sushi_b,full_data
3,2,12,9,13,4,0.692307692307692,sushi_b,full_data
3,2,14,37,51,14,0.725490196078431,sushi_b,full_data
3,2,16,3,7,4,0.428571428571429,sushi_b,full_data
3,2,18,11,14,3,0.785714285714286,sushi_b,full_data
3,2,20,25,38,13,0.657894736842105,sushi_b,full_data
3,2,21,36,54,18,0.666666666666667,sushi_b,full_data
3,2,22,33,57,24,0.578947368421053,sushi_b,full_data
3,2,23,1,2,1,0.5,sushi_b,full_data
3,2,24,2,2,0,1,sushi_b,full_data
3,2,25,36,56,20,0.642857142857143,sushi_b,full_data
3,2,26,49,59,10,0.830508474576271,sushi_b,full_data
3,2,27,38,61,23,0.622950819672131,sushi_b,full_data
3,2,29,1,1,0,1,sushi_b,full_data
3,2,30,8,9,1,0.888888888888889,sushi_b,full_data
3,2,31,23,32,9,0.71875,sushi_b,full_data
3,2,32,5,9,4,0.555555555555556,sushi_b,full_data
3,2,33,1,1,0,1,sushi_b,full_data
3,2,34,24,32,8,0.75,sushi_b,full_data
3,2,35,0,1,1,0,sushi_b,full_data
3,2,36,27,34,7,0.794117647058823,sushi_b,full_data
3,2,38,7,8,1,0.875,sushi_b,full_data
3,2,39,5,7,2,0.714285714285714,sushi_b,full_data
3,2,41,20,29,9,0.689655172413793,sushi_b,full_data
3,2,43,6,10,4,0.6,sushi_b,full_data
3,2,44,6,8,2,0.75,sushi_b,full_data
3,2,45,11,20,9,0.55,sushi_b,full_data
3,2,46,5,6,1,0.833333333333333,sushi_b,full_data
3,2,50,1,2,1,0.5,sushi_b,full_data
3,2,51,1,1,0,1,sushi_b,full_data
3,2,57,9,15,6,0.6,sushi_b,full_data
3,2,62,4,5,1,0.8,sushi_b,full_data
3,2,65,3,3,0,1,sushi_b,full_data
3,2,66,1,1,0,1,sushi_b,full_data
3,2,71,4,6,2,0.666666666666667,sushi_b,full_data
3,2,72,1,1,0,1,sushi_b,full_data
3,2,73,4,10,6,0.4,sushi_b,full_data
3,2,76,4,12,8,0.333333333333333,sushi_b,full_data
3,2,88,3,6,3,0.5,sushi_b,full_data
3,2,91,0,1,1,0,sushi_b,full_data
3,2,95,5,5,0,1,sushi_b,full_data
3,2,96,4,4,0,1,sushi_b,full_data
3,3,5,39,59,20,0.661016949152542,sushi_b,full_data
3,3,7,74,114,40,0.649122807017544,sushi_b,full_data
3,3,12,66,105,39,0.628571428571429,sushi_b,full_data
3,3,14,40,69,29,0.579710144927536,sushi_b,full_data
3,3,16,45,67,22,0.671641791044776,sushi_b,full_data
3,3,17,11,16,5,0.6875,sushi_b,full_data
3,3,18,46,75,29,0.613333333333333,sushi_b,full_data
3,3,21,2,3,1,0.666666666666667,sushi_b,full_data
3,3,23,40,59,19,0.677966101694915,sushi_b,full_data
3,3,24,23,39,16,0.58974358974359,sushi_b,full_data
3,3,25,9,14,5,0.642857142857143,sushi_b,full_data
3,3,28,28,29,1,0.96551724137931,sushi_b,full_data
3,3,29,17,30,13,0.566666666666667,sushi_b,full_data
3,3,30,38,50,12,0.76,sushi_b,full_data
3,3,31,15,22,7,0.681818181818182,sushi_b,full_data
3,3,32,39,55,16,0.709090909090909,sushi_b,full_data
3,3,33,26,41,15,0.634146341463415,sushi_b,full_data
3,3,34,15,25,10,0.6,sushi_b,full_data
3,3,35,19,29,10,0.655172413793103,sushi_b,full_data
3,3,38,23,46,23,0.5,sushi_b,full_data
3,3,39,26,38,12,0.684210526315789,sushi_b,full_data
3,3,40,8,9,1,0.888888888888889,sushi_b,full_data
3,3,42,7,9,2,0.777777777777778,sushi_b,full_data
3,3,43,14,17,3,0.823529411764706,sushi_b,full_data
3,3,44,23,32,9,0.71875,sushi_b,full_data
3,3,45,11,15,4,0.733333333333333,sushi_b,full_data
3,3,46,18,24,6,0.75,sushi_b,full_data
3,3,48,12,19,7,0.631578947368421,sushi_b,full_data
3,3,49,6,7,1,0.857142857142857,sushi_b,full_data
3,3,50,24,30,6,0.8,sushi_b,full_data
3,3,51,26,36,10,0.722222222222222,sushi_b,full_data
3,3,52,8,11,3,0.727272727272727,sushi_b,full_data
3,3,54,15,19,4,0.789473684210526,sushi_b,full_data
3,3,55,11,16,5,0.6875,sushi_b,full_data
3,3,56,3,5,2,0.6,sushi_b,full_data
3,3,57,2,3,1,0.666666666666667,sushi_b,full_data
3,3,58,11,14,3,0.785714285714286,sushi_b,full_data
3,3,59,1,2,1,0.5,sushi_b,full_data
3,3,60,1,3,2,0.333333333333333,sushi_b,full_data
3,3,62,13,17,4,0.764705882352941,sushi_b,full_data
3,3,63,15,17,2,0.882352941176471,sushi_b,full_data
3,3,64,3,5,2,0.6,sushi_b,full_data
3,3,65,5,9,4,0.555555555555556,sushi_b,full_data
3,3,66,10,11,1,0.909090909090909,sushi_b,full_data
3,3,67,2,4,2,0.5,sushi_b,full_data
3,3,68,3,3,0,1,sushi_b,full_data
3,3,69,2,3,1,0.666666666666667,sushi_b,full_data
3,3,70,7,9,2,0.777777777777778,sushi_b,full_data
3,3,71,9,14,5,0.642857142857143,sushi_b,full_data
3,3,72,9,14,5,0.642857142857143,sushi_b,full_data
3,3,73,1,1,0,1,sushi_b,full_data
3,3,74,4,5,1,0.8,sushi_b,full_data
3,3,75,2,2,0,1,sushi_b,full_data
3,3,77,8,10,2,0.8,sushi_b,full_data
3,3,78,3,3,0,1,sushi_b,full_data
3,3,80,2,2,0,1,sushi_b,full_data
3,3,82,7,9,2,0.777777777777778,sushi_b,full_data
3,3,83,2,2,0,1,sushi_b,full_data
3,3,84,2,2,0,1,sushi_b,full_data
3,3,85,1,1,0,1,sushi_b,full_data
3,3,87,8,8,0,1,sushi_b,full_data
3,3,88,1,1,0,1,sushi_b,full_data
3,3,89,2,2,0,1,sushi_b,full_data
3,3,90,3,3,0,1,sushi_b,full_data
3,3,91,0,2,2,0,sushi_b,full_data
3,3,93,1,1,0,1,sushi_b,full_data
3,3,94,1,1,0,1,sushi_b,full_data
3,3,95,3,3,0,1,sushi_b,full_data
3,3,96,1,1,0,1,sushi_b,full_data
3,3,97,2,2,0,1,sushi_b,full_data
3,3,98,1,1,0,1,sushi_b,full_data
3,3,99,2,2,0,1,sushi_b,full_data
3,4,5,52,89,37,0.584269662921348,sushi_b,full_data
3,4,7,66,124,58,0.532258064516129,sushi_b,full_data
3,4,12,54,88,34,0.613636363636364,sushi_b,full_data
3,4,14,54,91,37,0.593406593406593,sushi_b,full_data
3,4,16,50,74,24,0.675675675675676,sushi_b,full_data
3,4,17,4,6,2,0.666666666666667,sushi_b,full_data
3,4,18,38,67,29,0.567164179104478,sushi_b,full_data
3,4,21,21,38,17,0.552631578947368,sushi_b,full_data
3,4,23,20,28,8,0.714285714285714,sushi_b,full_data
3,4,24,14,19,5,0.736842105263158,sushi_b,full_data
3,4,25,27,42,15,0.642857142857143,sushi_b,full_data
3,4,27,6,9,3,0.666666666666667,sushi_b,full_data
3,4,28,11,13,2,0.846153846153846,sushi_b,full_data
3,4,29,8,17,9,0.470588235294118,sushi_b,full_data
3,4,30,26,47,21,0.553191489361702,sushi_b,full_data
3,4,31,18,35,17,0.514285714285714,sushi_b,full_data
3,4,32,22,41,19,0.536585365853659,sushi_b,full_data
3,4,33,14,21,7,0.666666666666667,sushi_b,full_data
3,4,34,27,41,14,0.658536585365854,sushi_b,full_data
3,4,35,11,15,4,0.733333333333333,sushi_b,full_data
3,4,36,6,13,7,0.461538461538462,sushi_b,full_data
3,4,38,20,33,13,0.606060606060606,sushi_b,full_data
3,4,39,21,38,17,0.552631578947368,sushi_b,full_data
3,4,40,3,4,1,0.75,sushi_b,full_data
3,4,42,3,4,1,0.75,sushi_b,full_data
3,4,43,14,30,16,0.466666666666667,sushi_b,full_data
3,4,44,16,27,11,0.592592592592593,sushi_b,full_data
3,4,45,19,29,10,0.655172413793103,sushi_b,full_data
3,4,46,18,28,10,0.642857142857143,sushi_b,full_data
3,4,48,8,16,8,0.5,sushi_b,full_data
3,4,49,7,8,1,0.875,sushi_b,full_data
3,4,50,15,26,11,0.576923076923077,sushi_b,full_data
3,4,51,10,19,9,0.526315789473684,sushi_b,full_data
3,4,52,1,1,0,1,sushi_b,full_data
3,4,54,11,23,12,0.478260869565217,sushi_b,full_data
3,4,55,1,2,1,0.5,sushi_b,full_data
3,4,56,4,4,0,1,sushi_b,full_data
3,4,57,8,10,2,0.8,sushi_b,full_data
3,4,58,3,8,5,0.375,sushi_b,full_data
3,4,60,1,1,0,1,sushi_b,full_data
3,4,62,7,10,3,0.7,sushi_b,full_data
3,4,63,5,8,3,0.625,sushi_b,full_data
3,4,64,2,2,0,1,sushi_b,full_data
3,4,65,6,11,5,0.545454545454545,sushi_b,full_data
3,4,66,6,8,2,0.75,sushi_b,full_data
3,4,67,3,4,1,0.75,sushi_b,full_data
3,4,68,2,3,1,0.666666666666667,sushi_b,full_data
3,4,69,2,2,0,1,sushi_b,full_data
3,4,70,1,1,0,1,sushi_b,full_data
3,4,71,10,17,7,0.588235294117647,sushi_b,full_data
3,4,72,10,14,4,0.714285714285714,sushi_b,full_data
3,4,73,0,5,5,0,sushi_b,full_data
3,4,74,2,2,0,1,sushi_b,full_data
3,4,75,5,7,2,0.714285714285714,sushi_b,full_data
3,4,76,3,5,2,0.6,sushi_b,full_data
3,4,77,2,2,0,1,sushi_b,full_data
3,4,78,1,2,1,0.5,sushi_b,full_data
3,4,80,2,2,0,1,sushi_b,full_data
3,4,82,4,6,2,0.666666666666667,sushi_b,full_data
3,4,83,1,1,0,1,sushi_b,full_data
3,4,87,2,4,2,0.5,sushi_b,full_data
3,4,88,2,4,2,0.5,sushi_b,full_data
3,4,91,1,4,3,0.25,sushi_b,full_data
3,4,93,0,1,1,0,sushi_b,full_data
3,4,95,5,7,2,0.714285714285714,sushi_b,full_data
3,4,96,3,5,2,0.6,sushi_b,full_data
3,4,98,1,1,0,1,sushi_b,full_data
3,4,99,1,2,1,0.5,sushi_b,full_data
3,5,7,10,17,7,0.588235294117647,sushi_b,full_data
3,5,12,46,83,37,0.55421686746988,sushi_b,full_data
3,5,14,1,1,0,1,sushi_b,full_data
3,5,16,59,94,35,0.627659574468085,sushi_b,full_data
3,5,17,30,44,14,0.681818181818182,sushi_b,full_data
3,5,18,34,55,21,0.618181818181818,sushi_b,full_data
3,5,23,48,73,25,0.657534246575342,sushi_b,full_data
3,5,24,46,71,25,0.647887323943662,sushi_b,full_data
3,5,28,39,56,17,0.696428571428571,sushi_b,full_data
3,5,29,37,51,14,0.725490196078431,sushi_b,full_data
3,5,30,45,60,15,0.75,sushi_b,full_data
3,5,32,13,22,9,0.590909090909091,sushi_b,full_data
3,5,33,34,51,17,0.666666666666667,sushi_b,full_data
3,5,35,27,45,18,0.6,sushi_b,full_data
3,5,38,28,41,13,0.682926829268293,sushi_b,full_data
3,5,39,10,12,2,0.833333333333333,sushi_b,full_data
3,5,40,16,21,5,0.761904761904762,sushi_b,full_data
3,5,42,24,26,2,0.923076923076923,sushi_b,full_data
3,5,43,1,3,2,0.333333333333333,sushi_b,full_data
3,5,44,10,15,5,0.666666666666667,sushi_b,full_data
3,5,46,9,11,2,0.818181818181818,sushi_b,full_data
3,5,48,19,29,10,0.655172413793103,sushi_b,full_data
3,5,49,12,15,3,0.8,sushi_b,full_data
3,5,50,15,18,3,0.833333333333333,sushi_b,full_data
3,5,51,25,43,18,0.581395348837209,sushi_b,full_data
3,5,52,11,14,3,0.785714285714286,sushi_b,full_data
3,5,54,6,11,5,0.545454545454545,sushi_b,full_data
3,5,55,21,22,1,0.954545454545455,sushi_b,full_data
3,5,56,7,11,4,0.636363636363636,sushi_b,full_data
3,5,58,15,29,14,0.517241379310345,sushi_b,full_data
3,5,59,7,9,2,0.777777777777778,sushi_b,full_data
3,5,60,15,17,2,0.882352941176471,sushi_b,full_data
3,5,63,13,23,10,0.565217391304348,sushi_b,full_data
3,5,64,14,20,6,0.7,sushi_b,full_data
3,5,65,4,5,1,0.8,sushi_b,full_data
3,5,66,7,11,4,0.636363636363636,sushi_b,full_data
3,5,67,9,15,6,0.6,sushi_b,full_data
3,5,68,5,6,1,0.833333333333333,sushi_b,full_data
3,5,69,14,15,1,0.933333333333333,sushi_b,full_data
3,5,70,6,10,4,0.6,sushi_b,full_data
3,5,71,9,14,5,0.642857142857143,sushi_b,full_data
3,5,72,6,9,3,0.666666666666667,sushi_b,full_data
3,5,74,5,9,4,0.555555555555556,sushi_b,full_data
3,5,75,7,11,4,0.636363636363636,sushi_b,full_data
3,5,77,7,8,1,0.875,sushi_b,full_data
3,5,78,4,5,1,0.8,sushi_b,full_data
3,5,80,2,2,0,1,sushi_b,full_data
3,5,81,2,2,0,1,sushi_b,full_data
3,5,82,6,8,2,0.75,sushi_b,full_data
3,5,84,3,3,0,1,sushi_b,full_data
3,5,85,2,3,1,0.666666666666667,sushi_b,full_data
3,5,86,3,3,0,1,sushi_b,full_data
3,5,87,9,9,0,1,sushi_b,full_data
3,5,89,2,2,0,1,sushi_b,full_data
3,5,90,2,2,0,1,sushi_b,full_data
3,5,91,2,4,2,0.5,sushi_b,full_data
3,5,92,7,7,0,1,sushi_b,full_data
3,5,93,3,3,0,1,sushi_b,full_data
3,5,94,2,4,2,0.5,sushi_b,full_data
3,5,95,1,2,1,0.5,sushi_b,full_data
3,5,98,3,7,4,0.428571428571429,sushi_b,full_data
3,5,99,2,2,0,1,sushi_b,full_data
3,6,0,31,56,25,0.553571428571429,sushi_b,full_data
3,6,1,2,9,7,0.222222222222222,sushi_b,full_data
3,6,3,81,134,53,0.604477611940298,sushi_b,full_data
3,6,4,55,101,46,0.544554455445545,sushi_b,full_data
3,6,5,60,108,48,0.555555555555556,sushi_b,full_data
3,6,7,38,57,19,0.666666666666667,sushi_b,full_data
3,6,10,62,114,52,0.543859649122807,sushi_b,full_data
3,6,12,21,26,5,0.807692307692308,sushi_b,full_data
3,6,14,45,80,35,0.5625,sushi_b,full_data
3,6,16,8,8,0,1,sushi_b,full_data
3,6,18,32,38,6,0.842105263157895,sushi_b,full_data
3,6,21,53,91,38,0.582417582417582,sushi_b,full_data
3,6,22,32,57,25,0.56140350877193,sushi_b,full_data
3,6,23,4,5,1,0.8,sushi_b,full_data
3,6,25,45,73,28,0.616438356164384,sushi_b,full_data
3,6,26,18,38,20,0.473684210526316,sushi_b,full_data
3,6,27,38,62,24,0.612903225806452,sushi_b,full_data
3,6,29,2,3,1,0.666666666666667,sushi_b,full_data
3,6,30,3,9,6,0.333333333333333,sushi_b,full_data
3,6,31,25,45,20,0.555555555555556,sushi_b,full_data
3,6,32,16,21,5,0.761904761904762,sushi_b,full_data
3,6,33,4,4,0,1,sushi_b,full_data
3,6,34,16,28,12,0.571428571428571,sushi_b,full_data
3,6,35,1,1,0,1,sushi_b,full_data
3,6,36,35,49,14,0.714285714285714,sushi_b,full_data
3,6,38,4,9,5,0.444444444444444,sushi_b,full_data
3,6,39,8,14,6,0.571428571428571,sushi_b,full_data
3,6,41,7,15,8,0.466666666666667,sushi_b,full_data
3,6,43,10,15,5,0.666666666666667,sushi_b,full_data
3,6,44,7,8,1,0.875,sushi_b,full_data
3,6,45,15,19,4,0.789473684210526,sushi_b,full_data
3,6,46,8,17,9,0.470588235294118,sushi_b,full_data
3,6,50,2,3,1,0.666666666666667,sushi_b,full_data
3,6,51,1,2,1,0.5,sushi_b,full_data
3,6,52,1,1,0,1,sushi_b,full_data
3,6,54,8,11,3,0.727272727272727,sushi_b,full_data
3,6,55,1,2,1,0.5,sushi_b,full_data
3,6,57,12,19,7,0.631578947368421,sushi_b,full_data
3,6,58,1,1,0,1,sushi_b,full_data
3,6,62,5,8,3,0.625,sushi_b,full_data
3,6,63,2,2,0,1,sushi_b,full_data
3,6,65,2,4,2,0.5,sushi_b,full_data
3,6,70,1,1,0,1,sushi_b,full_data
3,6,71,1,1,0,1,sushi_b,full_data
3,6,72,1,1,0,1,sushi_b,full_data
3,6,73,6,8,2,0.75,sushi_b,full_data
3,6,76,4,7,3,0.571428571428571,sushi_b,full_data
3,6,82,3,4,1,0.75,sushi_b,full_data
3,6,87,1,1,0,1,sushi_b,full_data
3,6,88,3,9,6,0.333333333333333,sushi_b,full_data
3,6,95,4,5,1,0.8,sushi_b,full_data
3,6,96,7,8,1,0.875,sushi_b,full_data
3,7,12,16,26,10,0.615384615384615,sushi_b,full_data
3,7,16,35,55,20,0.636363636363636,sushi_b,full_data
3,7,17,42,65,23,0.646153846153846,sushi_b,full_data
3,7,18,5,10,5,0.5,sushi_b,full_data
3,7,23,31,50,19,0.62,sushi_b,full_data
3,7,24,41,76,35,0.539473684210526,sushi_b,full_data
3,7,28,42,76,34,0.552631578947368,sushi_b,full_data
3,7,29,41,61,20,0.672131147540984,sushi_b,full_data
3,7,30,15,28,13,0.535714285714286,sushi_b,full_data
3,7,32,2,3,1,0.666666666666667,sushi_b,full_data
3,7,33,25,43,18,0.581395348837209,sushi_b,full_data
3,7,35,29,47,18,0.617021276595745,sushi_b,full_data
3,7,38,11,14,3,0.785714285714286,sushi_b,full_data
3,7,40,23,30,7,0.766666666666667,sushi_b,full_data
3,7,42,20,27,7,0.740740740740741,sushi_b,full_data
3,7,46,0,1,1,0,sushi_b,full_data
3,7,48,15,27,12,0.555555555555556,sushi_b,full_data
3,7,49,13,22,9,0.590909090909091,sushi_b,full_data
3,7,50,8,15,7,0.533333333333333,sushi_b,full_data
3,7,51,12,22,10,0.545454545454545,sushi_b,full_data
3,7,52,11,19,8,0.578947368421053,sushi_b,full_data
3,7,55,8,15,7,0.533333333333333,sushi_b,full_data
3,7,56,10,13,3,0.769230769230769,sushi_b,full_data
3,7,58,4,6,2,0.666666666666667,sushi_b,full_data
3,7,59,15,22,7,0.681818181818182,sushi_b,full_data
3,7,60,12,18,6,0.666666666666667,sushi_b,full_data
3,7,63,6,9,3,0.666666666666667,sushi_b,full_data
3,7,64,6,15,9,0.4,sushi_b,full_data
3,7,66,7,9,2,0.777777777777778,sushi_b,full_data
3,7,67,4,12,8,0.333333333333333,sushi_b,full_data
3,7,68,5,8,3,0.625,sushi_b,full_data
3,7,69,9,11,2,0.818181818181818,sushi_b,full_data
3,7,70,12,14,2,0.857142857142857,sushi_b,full_data
3,7,71,1,2,1,0.5,sushi_b,full_data
3,7,72,4,9,5,0.444444444444444,sushi_b,full_data
3,7,74,8,15,7,0.533333333333333,sushi_b,full_data
3,7,75,8,12,4,0.666666666666667,sushi_b,full_data
3,7,77,7,10,3,0.7,sushi_b,full_data
3,7,78,6,7,1,0.857142857142857,sushi_b,full_data
3,7,80,3,5,2,0.6,sushi_b,full_data
3,7,81,3,4,1,0.75,sushi_b,full_data
3,7,82,5,5,0,1,sushi_b,full_data
3,7,83,0,1,1,0,sushi_b,full_data
3,7,84,5,6,1,0.833333333333333,sushi_b,full_data
3,7,85,4,5,1,0.8,sushi_b,full_data
3,7,86,2,3,1,0.666666666666667,sushi_b,full_data
3,7,87,2,4,2,0.5,sushi_b,full_data
3,7,89,4,5,1,0.8,sushi_b,full_data
3,7,90,8,8,0,1,sushi_b,full_data
3,7,91,6,8,2,0.75,sushi_b,full_data
3,7,92,7,10,3,0.7,sushi_b,full_data
3,7,93,6,8,2,0.75,sushi_b,full_data
3,7,94,2,2,0,1,sushi_b,full_data
3,7,97,7,8,1,0.875,sushi_b,full_data
3,7,98,0,6,6,0,sushi_b,full_data
3,7,99,3,4,1,0.75,sushi_b,full_data
3,8,0,95,137,42,0.693430656934307,sushi_b,full_data
3,8,1,84,127,43,0.661417322834646,sushi_b,full_data
3,8,2,27,39,12,0.692307692307692,sushi_b,full_data
3,8,3,61,77,16,0.792207792207792,sushi_b,full_data
3,8,4,77,106,29,0.726415094339623,sushi_b,full_data
3,8,5,20,30,10,0.666666666666667,sushi_b,full_data
3,8,6,55,75,20,0.733333333333333,sushi_b,full_data
3,8,7,11,15,4,0.733333333333333,sushi_b,full_data
3,8,9,1,1,0,1,sushi_b,full_data
3,8,10,57,84,27,0.678571428571429,sushi_b,full_data
3,8,11,69,89,20,0.775280898876405,sushi_b,full_data
3,8,12,3,3,0,1,sushi_b,full_data
3,8,13,33,49,16,0.673469387755102,sushi_b,full_data
3,8,14,10,14,4,0.714285714285714,sushi_b,full_data
3,8,15,3,7,4,0.428571428571429,sushi_b,full_data
3,8,16,0,1,1,0,sushi_b,full_data
3,8,18,3,3,0,1,sushi_b,full_data
3,8,20,47,74,27,0.635135135135135,sushi_b,full_data
3,8,21,21,28,7,0.75,sushi_b,full_data
3,8,22,59,72,13,0.819444444444444,sushi_b,full_data
3,8,25,19,23,4,0.826086956521739,sushi_b,full_data
3,8,26,45,63,18,0.714285714285714,sushi_b,full_data
3,8,27,35,42,7,0.833333333333333,sushi_b,full_data
3,8,31,14,20,6,0.7,sushi_b,full_data
3,8,32,4,5,1,0.8,sushi_b,full_data
3,8,34,1,2,1,0.5,sushi_b,full_data
3,8,36,11,23,12,0.478260869565217,sushi_b,full_data
3,8,38,1,1,0,1,sushi_b,full_data
3,8,39,3,5,2,0.6,sushi_b,full_data
3,8,41,23,40,17,0.575,sushi_b,full_data
3,8,43,2,4,2,0.5,sushi_b,full_data
3,8,44,2,3,1,0.666666666666667,sushi_b,full_data
3,8,45,4,6,2,0.666666666666667,sushi_b,full_data
3,8,46,0,1,1,0,sushi_b,full_data
3,8,47,4,6,2,0.666666666666667,sushi_b,full_data
3,8,53,4,8,4,0.5,sushi_b,full_data
3,8,54,2,2,0,1,sushi_b,full_data
3,8,57,5,7,2,0.714285714285714,sushi_b,full_data
3,8,62,3,5,2,0.6,sushi_b,full_data
3,8,71,0,1,1,0,sushi_b,full_data
3,8,73,5,6,1,0.833333333333333,sushi_b,full_data
3,8,76,4,5,1,0.8,sushi_b,full_data
3,8,79,3,5,2,0.6,sushi_b,full_data
3,8,88,1,1,0,1,sushi_b,full_data
3,8,95,1,2,1,0.5,sushi_b,full_data
3,8,96,4,4,0,1,sushi_b,full_data
3,9,0,57,101,44,0.564356435643564,sushi_b,full_data
3,9,1,58,102,44,0.568627450980392,sushi_b,full_data
3,9,2,3,4,1,0.75,sushi_b,full_data
3,9,3,73,111,38,0.657657657657658,sushi_b,full_data
3,9,4,64,115,51,0.556521739130435,sushi_b,full_data
3,9,5,31,41,10,0.75609756097561,sushi_b,full_data
3,9,6,22,34,12,0.647058823529412,sushi_b,full_data
3,9,7,7,12,5,0.583333333333333,sushi_b,full_data
3,9,10,57,96,39,0.59375,sushi_b,full_data
3,9,11,34,67,33,0.507462686567164,sushi_b,full_data
3,9,12,7,8,1,0.875,sushi_b,full_data
3,9,13,16,25,9,0.64,sushi_b,full_data
3,9,14,13,18,5,0.722222222222222,sushi_b,full_data
3,9,18,3,4,1,0.75,sushi_b,full_data
3,9,20,32,57,25,0.56140350877193,sushi_b,full_data
3,9,21,29,41,12,0.707317073170732,sushi_b,full_data
3,9,22,52,76,24,0.684210526315789,sushi_b,full_data
3,9,23,1,1,0,1,sushi_b,full_data
3,9,25,24,39,15,0.615384615384615,sushi_b,full_data
3,9,26,49,72,23,0.680555555555556,sushi_b,full_data
3,9,27,33,53,20,0.622641509433962,sushi_b,full_data
3,9,31,20,26,6,0.769230769230769,sushi_b,full_data
3,9,32,1,2,1,0.5,sushi_b,full_data
3,9,33,1,1,0,1,sushi_b,full_data
3,9,34,8,15,7,0.533333333333333,sushi_b,full_data
3,9,35,1,1,0,1,sushi_b,full_data
3,9,36,13,21,8,0.619047619047619,sushi_b,full_data
3,9,39,1,6,5,0.166666666666667,sushi_b,full_data
3,9,41,20,34,14,0.588235294117647,sushi_b,full_data
3,9,43,8,8,0,1,sushi_b,full_data
3,9,44,1,1,0,1,sushi_b,full_data
3,9,45,5,6,1,0.833333333333333,sushi_b,full_data
3,9,46,3,5,2,0.6,sushi_b,full_data
3,9,50,2,3,1,0.666666666666667,sushi_b,full_data
3,9,51,1,1,0,1,sushi_b,full_data
3,9,53,4,5,1,0.8,sushi_b,full_data
3,9,54,0,1,1,0,sushi_b,full_data
3,9,57,5,6,1,0.833333333333333,sushi_b,full_data
3,9,65,0,1,1,0,sushi_b,full_data
3,9,70,1,1,0,1,sushi_b,full_data
3,9,71,1,1,0,1,sushi_b,full_data
3,9,73,7,7,0,1,sushi_b,full_data
3,9,76,5,5,0,1,sushi_b,full_data
3,9,79,0,1,1,0,sushi_b,full_data
3,9,87,2,2,0,1,sushi_b,full_data
3,9,88,1,1,0,1,sushi_b,full_data
3,9,95,1,1,0,1,sushi_b,full_data
3,9,96,3,5,2,0.6,sushi_b,full_data
3,10,5,44,65,21,0.676923076923077,sushi_b,full_data
3,10,7,78,121,43,0.644628099173554,sushi_b,full_data
3,10,12,55,77,22,0.714285714285714,sushi_b,full_data
3,10,14,49,78,29,0.628205128205128,sushi_b,full_data
3,10,16,43,61,18,0.704918032786885,sushi_b,full_data
3,10,17,11,16,5,0.6875,sushi_b,full_data
3,10,18,53,88,35,0.602272727272727,sushi_b,full_data
3,10,21,8,16,8,0.5,sushi_b,full_data
3,10,23,27,36,9,0.75,sushi_b,full_data
3,10,24,15,18,3,0.833333333333333,sushi_b,full_data
3,10,25,12,22,10,0.545454545454545,sushi_b,full_data
3,10,28,14,14,0,1,sushi_b,full_data
3,10,29,10,14,4,0.714285714285714,sushi_b,full_data
3,10,30,39,49,10,0.795918367346939,sushi_b,full_data
3,10,31,18,32,14,0.5625,sushi_b,full_data
3,10,32,36,51,15,0.705882352941177,sushi_b,full_data
3,10,33,22,27,5,0.814814814814815,sushi_b,full_data
3,10,34,24,36,12,0.666666666666667,sushi_b,full_data
3,10,35,14,18,4,0.777777777777778,sushi_b,full_data
3,10,36,2,5,3,0.4,sushi_b,full_data
3,10,38,21,32,11,0.65625,sushi_b,full_data
3,10,39,28,47,19,0.595744680851064,sushi_b,full_data
3,10,40,4,4,0,1,sushi_b,full_data
3,10,42,6,6,0,1,sushi_b,full_data
3,10,43,17,24,7,0.708333333333333,sushi_b,full_data
3,10,44,18,26,8,0.692307692307692,sushi_b,full_data
3,10,45,16,26,10,0.615384615384615,sushi_b,full_data
3,10,46,21,30,9,0.7,sushi_b,full_data
3,10,48,5,10,5,0.5,sushi_b,full_data
3,10,49,4,6,2,0.666666666666667,sushi_b,full_data
3,10,50,22,30,8,0.733333333333333,sushi_b,full_data
3,10,51,13,17,4,0.764705882352941,sushi_b,full_data
3,10,52,3,6,3,0.5,sushi_b,full_data
3,10,54,12,18,6,0.666666666666667,sushi_b,full_data
3,10,55,5,8,3,0.625,sushi_b,full_data
3,10,56,3,3,0,1,sushi_b,full_data
3,10,57,3,3,0,1,sushi_b,full_data
3,10,58,4,6,2,0.666666666666667,sushi_b,full_data
3,10,59,1,1,0,1,sushi_b,full_data
3,10,60,1,1,0,1,sushi_b,full_data
3,10,62,17,19,2,0.894736842105263,sushi_b,full_data
3,10,63,10,11,1,0.909090909090909,sushi_b,full_data
3,10,64,3,4,1,0.75,sushi_b,full_data
3,10,65,6,11,5,0.545454545454545,sushi_b,full_data
3,10,66,10,10,0,1,sushi_b,full_data
3,10,67,3,5,2,0.6,sushi_b,full_data
3,10,68,4,4,0,1,sushi_b,full_data
3,10,69,1,3,2,0.333333333333333,sushi_b,full_data
3,10,70,2,4,2,0.5,sushi_b,full_data
3,10,71,7,14,7,0.5,sushi_b,full_data
3,10,72,4,9,5,0.444444444444444,sushi_b,full_data
3,10,73,3,3,0,1,sushi_b,full_data
3,10,74,6,6,0,1,sushi_b,full_data
3,10,75,4,5,1,0.8,sushi_b,full_data
3,10,76,2,3,1,0.666666666666667,sushi_b,full_data
3,10,78,1,2,1,0.5,sushi_b,full_data
3,10,80,2,3,1,0.666666666666667,sushi_b,full_data
3,10,82,2,3,1,0.666666666666667,sushi_b,full_data
3,10,83,1,1,0,1,sushi_b,full_data
3,10,84,2,2,0,1,sushi_b,full_data
3,10,86,1,1,0,1,sushi_b,full_data
3,10,87,1,1,0,1,sushi_b,full_data
3,10,88,1,2,1,0.5,sushi_b,full_data
3,10,89,1,1,0,1,sushi_b,full_data
3,10,90,0,1,1,0,sushi_b,full_data
3,10,91,2,2,0,1,sushi_b,full_data
3,10,93,1,1,0,1,sushi_b,full_data
3,10,94,1,2,1,0.5,sushi_b,full_data
3,10,95,1,4,3,0.25,sushi_b,full_data
3,10,96,1,1,0,1,sushi_b,full_data
3,10,97,1,1,0,1,sushi_b,full_data
3,10,98,1,1,0,1,sushi_b,full_data
3,10,99,2,3,1,0.666666666666667,sushi_b,full_data
3,11,0,13,22,9,0.590909090909091,sushi_b,full_data
3,11,3,51,87,36,0.586206896551724,sushi_b,full_data
3,11,4,35,59,24,0.593220338983051,sushi_b,full_data
3,11,5,70,111,41,0.630630630630631,sushi_b,full_data
3,11,7,59,83,24,0.710843373493976,sushi_b,full_data
3,11,10,50,82,32,0.609756097560976,sushi_b,full_data
3,11,12,19,31,12,0.612903225806452,sushi_b,full_data
3,11,14,33,50,17,0.66,sushi_b,full_data
3,11,16,10,13,3,0.769230769230769,sushi_b,full_data
3,11,18,28,38,10,0.736842105263158,sushi_b,full_data
3,11,21,45,80,35,0.5625,sushi_b,full_data
3,11,22,29,41,12,0.707317073170732,sushi_b,full_data
3,11,23,6,7,1,0.857142857142857,sushi_b,full_data
3,11,24,2,2,0,1,sushi_b,full_data
3,11,25,38,66,28,0.575757575757576,sushi_b,full_data
3,11,26,16,23,7,0.695652173913043,sushi_b,full_data
3,11,27,35,64,29,0.546875,sushi_b,full_data
3,11,28,2,2,0,1,sushi_b,full_data
3,11,30,8,8,0,1,sushi_b,full_data
3,11,31,29,41,12,0.707317073170732,sushi_b,full_data
3,11,32,17,28,11,0.607142857142857,sushi_b,full_data
3,11,33,1,3,2,0.333333333333333,sushi_b,full_data
3,11,34,14,30,16,0.466666666666667,sushi_b,full_data
3,11,35,4,8,4,0.5,sushi_b,full_data
3,11,36,22,43,21,0.511627906976744,sushi_b,full_data
3,11,38,9,13,4,0.692307692307692,sushi_b,full_data
3,11,39,10,12,2,0.833333333333333,sushi_b,full_data
3,11,40,1,1,0,1,sushi_b,full_data
3,11,41,0,1,1,0,sushi_b,full_data
3,11,42,2,2,0,1,sushi_b,full_data
3,11,43,7,12,5,0.583333333333333,sushi_b,full_data
3,11,44,9,12,3,0.75,sushi_b,full_data
3,11,45,16,22,6,0.727272727272727,sushi_b,full_data
3,11,46,11,12,1,0.916666666666667,sushi_b,full_data
3,11,48,1,1,0,1,sushi_b,full_data
3,11,50,5,5,0,1,sushi_b,full_data
3,11,51,4,6,2,0.666666666666667,sushi_b,full_data
3,11,54,7,8,1,0.875,sushi_b,full_data
3,11,55,1,1,0,1,sushi_b,full_data
3,11,57,15,20,5,0.75,sushi_b,full_data
3,11,60,1,1,0,1,sushi_b,full_data
3,11,62,9,10,1,0.9,sushi_b,full_data
3,11,63,2,3,1,0.666666666666667,sushi_b,full_data
3,11,65,5,10,5,0.5,sushi_b,full_data
3,11,70,0,1,1,0,sushi_b,full_data
3,11,71,2,4,2,0.5,sushi_b,full_data
3,11,72,1,1,0,1,sushi_b,full_data
3,11,73,3,6,3,0.5,sushi_b,full_data
3,11,76,6,9,3,0.666666666666667,sushi_b,full_data
3,11,82,1,1,0,1,sushi_b,full_data
3,11,87,1,1,0,1,sushi_b,full_data
3,11,88,7,8,1,0.875,sushi_b,full_data
3,11,95,3,3,0,1,sushi_b,full_data
3,11,96,5,5,0,1,sushi_b,full_data
3,12,16,2,5,3,0.4,sushi_b,full_data
3,12,17,53,81,28,0.654320987654321,sushi_b,full_data
3,12,23,12,27,15,0.444444444444444,sushi_b,full_data
3,12,24,39,56,17,0.696428571428571,sushi_b,full_data
3,12,28,25,39,14,0.641025641025641,sushi_b,full_data
3,12,29,20,37,17,0.540540540540541,sushi_b,full_data
3,12,30,2,2,0,1,sushi_b,full_data
3,12,33,12,15,3,0.8,sushi_b,full_data
3,12,35,10,16,6,0.625,sushi_b,full_data
3,12,40,12,24,12,0.5,sushi_b,full_data
3,12,42,21,35,14,0.6,sushi_b,full_data
3,12,48,11,16,5,0.6875,sushi_b,full_data
3,12,49,17,23,6,0.739130434782609,sushi_b,full_data
3,12,51,2,7,5,0.285714285714286,sushi_b,full_data
3,12,52,16,19,3,0.842105263157895,sushi_b,full_data
3,12,55,5,6,1,0.833333333333333,sushi_b,full_data
3,12,56,8,13,5,0.615384615384615,sushi_b,full_data
3,12,58,2,5,3,0.4,sushi_b,full_data
3,12,59,10,14,4,0.714285714285714,sushi_b,full_data
3,12,60,14,16,2,0.875,sushi_b,full_data
3,12,64,6,10,4,0.6,sushi_b,full_data
3,12,66,3,4,1,0.75,sushi_b,full_data
3,12,67,1,5,4,0.2,sushi_b,full_data
3,12,68,11,14,3,0.785714285714286,sushi_b,full_data
3,12,69,10,14,4,0.714285714285714,sushi_b,full_data
3,12,70,1,3,2,0.333333333333333,sushi_b,full_data
3,12,72,2,4,2,0.5,sushi_b,full_data
3,12,74,2,5,3,0.4,sushi_b,full_data
3,12,75,5,9,4,0.555555555555556,sushi_b,full_data
3,12,77,5,8,3,0.625,sushi_b,full_data
3,12,78,7,12,5,0.583333333333333,sushi_b,full_data
3,12,80,4,5,1,0.8,sushi_b,full_data
3,12,81,2,5,3,0.4,sushi_b,full_data
3,12,82,1,1,0,1,sushi_b,full_data
3,12,83,2,4,2,0.5,sushi_b,full_data
3,12,84,0,1,1,0,sushi_b,full_data
3,12,85,2,5,3,0.4,sushi_b,full_data
3,12,86,5,6,1,0.833333333333333,sushi_b,full_data
3,12,89,2,3,1,0.666666666666667,sushi_b,full_data
3,12,90,5,8,3,0.625,sushi_b,full_data
3,12,91,0,2,2,0,sushi_b,full_data
3,12,92,4,6,2,0.666666666666667,sushi_b,full_data
3,12,93,7,8,1,0.875,sushi_b,full_data
3,12,94,2,4,2,0.5,sushi_b,full_data
3,12,97,4,4,0,1,sushi_b,full_data
3,12,98,4,5,1,0.8,sushi_b,full_data
3,12,99,7,8,1,0.875,sushi_b,full_data
3,13,0,42,69,27,0.608695652173913,sushi_b,full_data
3,13,1,20,35,15,0.571428571428571,sushi_b,full_data
3,13,3,58,94,36,0.617021276595745,sushi_b,full_data
3,13,4,58,104,46,0.557692307692308,sushi_b,full_data
3,13,5,41,58,17,0.706896551724138,sushi_b,full_data
3,13,7,27,42,15,0.642857142857143,sushi_b,full_data
3,13,10,53,97,44,0.54639175257732,sushi_b,full_data
3,13,12,10,15,5,0.666666666666667,sushi_b,full_data
3,13,14,19,30,11,0.633333333333333,sushi_b,full_data
3,13,16,1,3,2,0.333333333333333,sushi_b,full_data
3,13,18,10,17,7,0.588235294117647,sushi_b,full_data
3,13,20,7,10,3,0.7,sushi_b,full_data
3,13,21,28,51,23,0.549019607843137,sushi_b,full_data
3,13,22,24,47,23,0.51063829787234,sushi_b,full_data
3,13,23,4,5,1,0.8,sushi_b,full_data
3,13,25,37,55,18,0.672727272727273,sushi_b,full_data
3,13,26,20,46,26,0.434782608695652,sushi_b,full_data
3,13,27,32,54,22,0.592592592592593,sushi_b,full_data
3,13,29,3,3,0,1,sushi_b,full_data
3,13,30,6,7,1,0.857142857142857,sushi_b,full_data
3,13,31,18,26,8,0.692307692307692,sushi_b,full_data
3,13,32,11,16,5,0.6875,sushi_b,full_data
3,13,33,0,1,1,0,sushi_b,full_data
3,13,34,19,29,10,0.655172413793103,sushi_b,full_data
3,13,36,20,38,18,0.526315789473684,sushi_b,full_data
3,13,38,4,5,1,0.8,sushi_b,full_data
3,13,39,10,14,4,0.714285714285714,sushi_b,full_data
3,13,41,7,18,11,0.388888888888889,sushi_b,full_data
3,13,43,6,12,6,0.5,sushi_b,full_data
3,13,44,10,11,1,0.909090909090909,sushi_b,full_data
3,13,45,8,15,7,0.533333333333333,sushi_b,full_data
3,13,46,7,10,3,0.7,sushi_b,full_data
3,13,48,2,2,0,1,sushi_b,full_data
3,13,50,4,5,1,0.8,sushi_b,full_data
3,13,51,1,1,0,1,sushi_b,full_data
3,13,54,5,9,4,0.555555555555556,sushi_b,full_data
3,13,57,6,10,4,0.6,sushi_b,full_data
3,13,62,4,9,5,0.444444444444444,sushi_b,full_data
3,13,63,1,2,1,0.5,sushi_b,full_data
3,13,65,2,4,2,0.5,sushi_b,full_data
3,13,67,1,1,0,1,sushi_b,full_data
3,13,70,0,1,1,0,sushi_b,full_data
3,13,71,0,1,1,0,sushi_b,full_data
3,13,72,4,4,0,1,sushi_b,full_data
3,13,73,7,10,3,0.7,sushi_b,full_data
3,13,76,11,14,3,0.785714285714286,sushi_b,full_data
3,13,82,0,1,1,0,sushi_b,full_data
3,13,84,1,1,0,1,sushi_b,full_data
3,13,88,0,2,2,0,sushi_b,full_data
3,13,95,2,2,0,1,sushi_b,full_data
3,13,96,1,2,1,0.5,sushi_b,full_data
3,14,12,33,51,18,0.647058823529412,sushi_b,full_data
3,14,16,34,55,21,0.618181818181818,sushi_b,full_data
3,14,17,36,48,12,0.75,sushi_b,full_data
3,14,18,17,20,3,0.85,sushi_b,full_data
3,14,23,38,56,18,0.678571428571429,sushi_b,full_data
3,14,24,36,52,16,0.692307692307692,sushi_b,full_data
3,14,28,28,37,9,0.756756756756757,sushi_b,full_data
3,14,29,27,45,18,0.6,sushi_b,full_data
3,14,30,26,39,13,0.666666666666667,sushi_b,full_data
3,14,32,3,7,4,0.428571428571429,sushi_b,full_data
3,14,33,23,33,10,0.696969696969697,sushi_b,full_data
3,14,35,20,31,11,0.645161290322581,sushi_b,full_data
3,14,38,14,20,6,0.7,sushi_b,full_data
3,14,39,1,4,3,0.25,sushi_b,full_data
3,14,40,15,22,7,0.681818181818182,sushi_b,full_data
3,14,42,20,27,7,0.740740740740741,sushi_b,full_data
3,14,44,6,8,2,0.75,sushi_b,full_data
3,14,46,2,3,1,0.666666666666667,sushi_b,full_data
3,14,48,11,24,13,0.458333333333333,sushi_b,full_data
3,14,49,12,19,7,0.631578947368421,sushi_b,full_data
3,14,50,11,14,3,0.785714285714286,sushi_b,full_data
3,14,51,18,24,6,0.75,sushi_b,full_data
3,14,52,16,20,4,0.8,sushi_b,full_data
3,14,54,0,1,1,0,sushi_b,full_data
3,14,55,9,13,4,0.692307692307692,sushi_b,full_data
3,14,56,7,10,3,0.7,sushi_b,full_data
3,14,58,11,21,10,0.523809523809524,sushi_b,full_data
3,14,59,8,11,3,0.727272727272727,sushi_b,full_data
3,14,60,8,13,5,0.615384615384615,sushi_b,full_data
3,14,63,9,15,6,0.6,sushi_b,full_data
3,14,64,8,13,5,0.615384615384615,sushi_b,full_data
3,14,65,0,1,1,0,sushi_b,full_data
3,14,66,10,13,3,0.769230769230769,sushi_b,full_data
3,14,67,5,7,2,0.714285714285714,sushi_b,full_data
3,14,68,6,11,5,0.545454545454545,sushi_b,full_data
3,14,69,1,2,1,0.5,sushi_b,full_data
3,14,70,4,9,5,0.444444444444444,sushi_b,full_data
3,14,71,3,4,1,0.75,sushi_b,full_data
3,14,72,6,9,3,0.666666666666667,sushi_b,full_data
3,14,74,7,12,5,0.583333333333333,sushi_b,full_data
3,14,75,6,8,2,0.75,sushi_b,full_data
3,14,77,3,4,1,0.75,sushi_b,full_data
3,14,78,9,9,0,1,sushi_b,full_data
3,14,80,2,3,1,0.666666666666667,sushi_b,full_data
3,14,81,5,5,0,1,sushi_b,full_data
3,14,82,0,1,1,0,sushi_b,full_data
3,14,83,3,3,0,1,sushi_b,full_data
3,14,84,5,6,1,0.833333333333333,sushi_b,full_data
3,14,85,1,1,0,1,sushi_b,full_data
3,14,86,4,4,0,1,sushi_b,full_data
3,14,87,1,1,0,1,sushi_b,full_data
3,14,89,5,5,0,1,sushi_b,full_data
3,14,90,2,2,0,1,sushi_b,full_data
3,14,91,2,6,4,0.333333333333333,sushi_b,full_data
3,14,92,1,2,1,0.5,sushi_b,full_data
3,14,93,3,3,0,1,sushi_b,full_data
3,14,94,1,1,0,1,sushi_b,full_data
3,14,95,2,2,0,1,sushi_b,full_data
3,14,97,2,2,0,1,sushi_b,full_data
3,14,98,4,4,0,1,sushi_b,full_data
3,14,99,4,6,2,0.666666666666667,sushi_b,full_data
3,15,0,65,100,35,0.65,sushi_b,full_data
3,15,1,37,70,33,0.528571428571429,sushi_b,full_data
3,15,3,56,91,35,0.615384615384615,sushi_b,full_data
3,15,4,47,78,31,0.602564102564103,sushi_b,full_data
3,15,5,41,57,16,0.719298245614035,sushi_b,full_data
3,15,6,5,18,13,0.277777777777778,sushi_b,full_data
3,15,7,16,16,0,1,sushi_b,full_data
3,15,10,53,91,38,0.582417582417582,sushi_b,full_data
3,15,11,15,29,14,0.517241379310345,sushi_b,full_data
3,15,12,3,3,0,1,sushi_b,full_data
3,15,13,2,5,3,0.4,sushi_b,full_data
3,15,14,26,31,5,0.838709677419355,sushi_b,full_data
3,15,16,1,1,0,1,sushi_b,full_data
3,15,18,6,8,2,0.75,sushi_b,full_data
3,15,20,25,42,17,0.595238095238095,sushi_b,full_data
3,15,21,28,50,22,0.56,sushi_b,full_data
3,15,22,31,54,23,0.574074074074074,sushi_b,full_data
3,15,23,1,1,0,1,sushi_b,full_data
3,15,25,23,34,11,0.676470588235294,sushi_b,full_data
3,15,26,38,59,21,0.644067796610169,sushi_b,full_data
3,15,27,28,44,16,0.636363636363636,sushi_b,full_data
3,15,30,1,1,0,1,sushi_b,full_data
3,15,31,19,29,10,0.655172413793103,sushi_b,full_data
3,15,32,2,4,2,0.5,sushi_b,full_data
3,15,34,5,9,4,0.555555555555556,sushi_b,full_data
3,15,36,19,32,13,0.59375,sushi_b,full_data
3,15,38,0,2,2,0,sushi_b,full_data
3,15,39,5,7,2,0.714285714285714,sushi_b,full_data
3,15,41,20,43,23,0.465116279069767,sushi_b,full_data
3,15,43,5,8,3,0.625,sushi_b,full_data
3,15,44,2,3,1,0.666666666666667,sushi_b,full_data
3,15,45,7,11,4,0.636363636363636,sushi_b,full_data
3,15,46,4,4,0,1,sushi_b,full_data
3,15,53,2,2,0,1,sushi_b,full_data
3,15,54,1,2,1,0.5,sushi_b,full_data
3,15,57,6,8,2,0.75,sushi_b,full_data
3,15,62,0,1,1,0,sushi_b,full_data
3,15,63,3,3,0,1,sushi_b,full_data
3,15,65,2,2,0,1,sushi_b,full_data
3,15,71,1,1,0,1,sushi_b,full_data
3,15,73,7,9,2,0.777777777777778,sushi_b,full_data
3,15,76,2,7,5,0.285714285714286,sushi_b,full_data
3,15,88,3,5,2,0.6,sushi_b,full_data
3,15,96,2,2,0,1,sushi_b,full_data
3,16,17,22,46,24,0.478260869565217,sushi_b,full_data
3,16,23,2,3,1,0.666666666666667,sushi_b,full_data
3,16,24,16,22,6,0.727272727272727,sushi_b,full_data
3,16,28,10,22,12,0.454545454545455,sushi_b,full_data
3,16,29,5,11,6,0.454545454545455,sushi_b,full_data
3,16,33,1,1,0,1,sushi_b,full_data
3,16,35,4,7,3,0.571428571428571,sushi_b,full_data
3,16,40,20,34,14,0.588235294117647,sushi_b,full_data
3,16,42,14,23,9,0.608695652173913,sushi_b,full_data
3,16,48,3,4,1,0.75,sushi_b,full_data
3,16,49,14,21,7,0.666666666666667,sushi_b,full_data
3,16,52,12,18,6,0.666666666666667,sushi_b,full_data
3,16,55,1,1,0,1,sushi_b,full_data
3,16,56,8,16,8,0.5,sushi_b,full_data
3,16,59,5,11,6,0.454545454545455,sushi_b,full_data
3,16,60,9,13,4,0.692307692307692,sushi_b,full_data
3,16,64,9,13,4,0.692307692307692,sushi_b,full_data
3,16,67,2,2,0,1,sushi_b,full_data
3,16,68,2,7,5,0.285714285714286,sushi_b,full_data
3,16,69,7,10,3,0.7,sushi_b,full_data
3,16,70,1,1,0,1,sushi_b,full_data
3,16,74,4,4,0,1,sushi_b,full_data
3,16,75,3,5,2,0.6,sushi_b,full_data
3,16,77,0,3,3,0,sushi_b,full_data
3,16,78,5,6,1,0.833333333333333,sushi_b,full_data
3,16,80,3,5,2,0.6,sushi_b,full_data
3,16,81,0,2,2,0,sushi_b,full_data
3,16,83,1,1,0,1,sushi_b,full_data
3,16,84,2,4,2,0.5,sushi_b,full_data
3,16,85,4,8,4,0.5,sushi_b,full_data
3,16,86,3,3,0,1,sushi_b,full_data
3,16,89,2,3,1,0.666666666666667,sushi_b,full_data
3,16,90,3,4,1,0.75,sushi_b,full_data
3,16,91,0,2,2,0,sushi_b,full_data
3,16,92,6,8,2,0.75,sushi_b,full_data
3,16,93,3,4,1,0.75,sushi_b,full_data
3,16,94,3,4,1,0.75,sushi_b,full_data
3,16,97,3,5,2,0.6,sushi_b,full_data
3,16,98,1,1,0,1,sushi_b,full_data
3,16,99,1,3,2,0.333333333333333,sushi_b,full_data
3,17,97,1,1,0,1,sushi_b,full_data
3,18,16,9,16,7,0.5625,sushi_b,full_data
3,18,17,36,62,26,0.580645161290323,sushi_b,full_data
3,18,23,13,26,13,0.5,sushi_b,full_data
3,18,24,28,44,16,0.636363636363636,sushi_b,full_data
3,18,28,27,46,19,0.58695652173913,sushi_b,full_data
3,18,29,24,31,7,0.774193548387097,sushi_b,full_data
3,18,30,3,6,3,0.5,sushi_b,full_data
3,18,33,11,15,4,0.733333333333333,sushi_b,full_data
3,18,35,9,26,17,0.346153846153846,sushi_b,full_data
3,18,40,14,19,5,0.736842105263158,sushi_b,full_data
3,18,42,11,17,6,0.647058823529412,sushi_b,full_data
3,18,48,9,13,4,0.692307692307692,sushi_b,full_data
3,18,49,19,25,6,0.76,sushi_b,full_data
3,18,50,1,1,0,1,sushi_b,full_data
3,18,51,7,14,7,0.5,sushi_b,full_data
3,18,52,12,14,2,0.857142857142857,sushi_b,full_data
3,18,55,4,5,1,0.8,sushi_b,full_data
3,18,56,11,15,4,0.733333333333333,sushi_b,full_data
3,18,58,4,7,3,0.571428571428571,sushi_b,full_data
3,18,59,7,11,4,0.636363636363636,sushi_b,full_data
3,18,60,9,17,8,0.529411764705882,sushi_b,full_data
3,18,64,12,20,8,0.6,sushi_b,full_data
3,18,66,0,1,1,0,sushi_b,full_data
3,18,67,5,11,6,0.454545454545455,sushi_b,full_data
3,18,68,4,10,6,0.4,sushi_b,full_data
3,18,69,10,13,3,0.769230769230769,sushi_b,full_data
3,18,70,4,7,3,0.571428571428571,sushi_b,full_data
3,18,72,2,4,2,0.5,sushi_b,full_data
3,18,74,4,8,4,0.5,sushi_b,full_data
3,18,75,6,9,3,0.666666666666667,sushi_b,full_data
3,18,77,2,3,1,0.666666666666667,sushi_b,full_data
3,18,78,6,8,2,0.75,sushi_b,full_data
3,18,80,3,4,1,0.75,sushi_b,full_data
3,18,81,1,2,1,0.5,sushi_b,full_data
3,18,83,1,1,0,1,sushi_b,full_data
3,18,84,3,4,1,0.75,sushi_b,full_data
3,18,85,3,4,1,0.75,sushi_b,full_data
3,18,86,4,6,2,0.666666666666667,sushi_b,full_data
3,18,87,0,1,1,0,sushi_b,full_data
3,18,89,3,4,1,0.75,sushi_b,full_data
3,18,90,2,3,1,0.666666666666667,sushi_b,full_data
3,18,91,3,3,0,1,sushi_b,full_data
3,18,93,5,6,1,0.833333333333333,sushi_b,full_data
3,18,94,2,4,2,0.5,sushi_b,full_data
3,18,97,2,2,0,1,sushi_b,full_data
3,18,98,3,8,5,0.375,sushi_b,full_data
3,18,99,1,2,1,0.5,sushi_b,full_data
3,19,0,59,84,25,0.702380952380952,sushi_b,full_data
3,19,1,65,85,20,0.764705882352941,sushi_b,full_data
3,19,2,22,36,14,0.611111111111111,sushi_b,full_data
3,19,3,44,54,10,0.814814814814815,sushi_b,full_data
3,19,4,42,70,28,0.6,sushi_b,full_data
3,19,5,22,26,4,0.846153846153846,sushi_b,full_data
3,19,6,52,67,15,0.776119402985075,sushi_b,full_data
3,19,7,10,11,1,0.909090909090909,sushi_b,full_data
3,19,9,4,6,2,0.666666666666667,sushi_b,full_data
3,19,10,32,49,17,0.653061224489796,sushi_b,full_data
3,19,11,58,86,28,0.674418604651163,sushi_b,full_data
3,19,12,4,4,0,1,sushi_b,full_data
3,19,13,28,45,17,0.622222222222222,sushi_b,full_data
3,19,14,5,7,2,0.714285714285714,sushi_b,full_data
3,19,15,7,13,6,0.538461538461538,sushi_b,full_data
3,19,18,1,2,1,0.5,sushi_b,full_data
3,19,20,31,53,22,0.584905660377358,sushi_b,full_data
3,19,21,13,16,3,0.8125,sushi_b,full_data
3,19,22,34,47,13,0.723404255319149,sushi_b,full_data
3,19,25,7,11,4,0.636363636363636,sushi_b,full_data
3,19,26,28,37,9,0.756756756756757,sushi_b,full_data
3,19,27,21,26,5,0.807692307692308,sushi_b,full_data
3,19,30,1,1,0,1,sushi_b,full_data
3,19,31,11,12,1,0.916666666666667,sushi_b,full_data
3,19,32,0,1,1,0,sushi_b,full_data
3,19,34,6,6,0,1,sushi_b,full_data
3,19,36,9,11,2,0.818181818181818,sushi_b,full_data
3,19,39,3,4,1,0.75,sushi_b,full_data
3,19,41,17,24,7,0.708333333333333,sushi_b,full_data
3,19,43,1,1,0,1,sushi_b,full_data
3,19,44,1,1,0,1,sushi_b,full_data
3,19,45,4,5,1,0.8,sushi_b,full_data
3,19,46,2,3,1,0.666666666666667,sushi_b,full_data
3,19,47,4,8,4,0.5,sushi_b,full_data
3,19,50,1,1,0,1,sushi_b,full_data
3,19,53,7,11,4,0.636363636363636,sushi_b,full_data
3,19,54,1,1,0,1,sushi_b,full_data
3,19,57,2,3,1,0.666666666666667,sushi_b,full_data
3,19,61,1,1,0,1,sushi_b,full_data
3,19,65,4,4,0,1,sushi_b,full_data
3,19,73,3,3,0,1,sushi_b,full_data
3,19,76,7,8,1,0.875,sushi_b,full_data
3,19,79,7,11,4,0.636363636363636,sushi_b,full_data
3,19,88,1,1,0,1,sushi_b,full_data
3,19,96,1,1,0,1,sushi_b,full_data
3,20,0,1,3,2,0.333333333333333,sushi_b,full_data
3,20,3,41,73,32,0.561643835616438,sushi_b,full_data
3,20,4,19,34,15,0.558823529411765,sushi_b,full_data
3,20,5,50,78,28,0.641025641025641,sushi_b,full_data
3,20,7,37,58,21,0.637931034482759,sushi_b,full_data
3,20,10,30,47,17,0.638297872340426,sushi_b,full_data
3,20,12,18,25,7,0.72,sushi_b,full_data
3,20,14,37,55,18,0.672727272727273,sushi_b,full_data
3,20,16,9,16,7,0.5625,sushi_b,full_data
3,20,18,25,32,7,0.78125,sushi_b,full_data
3,20,21,33,60,27,0.55,sushi_b,full_data
3,20,22,17,24,7,0.708333333333333,sushi_b,full_data
3,20,23,2,4,2,0.5,sushi_b,full_data
3,20,24,1,1,0,1,sushi_b,full_data
3,20,25,23,46,23,0.5,sushi_b,full_data
3,20,26,10,14,4,0.714285714285714,sushi_b,full_data
3,20,27,21,39,18,0.538461538461538,sushi_b,full_data
3,20,28,1,1,0,1,sushi_b,full_data
3,20,29,3,3,0,1,sushi_b,full_data
3,20,30,11,14,3,0.785714285714286,sushi_b,full_data
3,20,31,30,44,14,0.681818181818182,sushi_b,full_data
3,20,32,16,20,4,0.8,sushi_b,full_data
3,20,33,3,3,0,1,sushi_b,full_data
3,20,34,24,34,10,0.705882352941177,sushi_b,full_data
3,20,35,3,3,0,1,sushi_b,full_data
3,20,36,15,26,11,0.576923076923077,sushi_b,full_data
3,20,38,5,8,3,0.625,sushi_b,full_data
3,20,39,11,13,2,0.846153846153846,sushi_b,full_data
3,20,43,14,24,10,0.583333333333333,sushi_b,full_data
3,20,44,6,11,5,0.545454545454545,sushi_b,full_data
3,20,45,12,18,6,0.666666666666667,sushi_b,full_data
3,20,46,7,11,4,0.636363636363636,sushi_b,full_data
3,20,48,1,2,1,0.5,sushi_b,full_data
3,20,50,3,5,2,0.6,sushi_b,full_data
3,20,51,2,5,3,0.4,sushi_b,full_data
3,20,54,5,9,4,0.555555555555556,sushi_b,full_data
3,20,55,1,1,0,1,sushi_b,full_data
3,20,57,10,16,6,0.625,sushi_b,full_data
3,20,58,1,2,1,0.5,sushi_b,full_data
3,20,62,6,9,3,0.666666666666667,sushi_b,full_data
3,20,63,2,3,1,0.666666666666667,sushi_b,full_data
3,20,65,3,5,2,0.6,sushi_b,full_data
3,20,66,1,1,0,1,sushi_b,full_data
3,20,67,1,1,0,1,sushi_b,full_data
3,20,70,1,1,0,1,sushi_b,full_data
3,20,71,2,3,1,0.666666666666667,sushi_b,full_data
3,20,72,0,1,1,0,sushi_b,full_data
3,20,73,5,9,4,0.555555555555556,sushi_b,full_data
3,20,74,1,1,0,1,sushi_b,full_data
3,20,76,3,6,3,0.5,sushi_b,full_data
3,20,80,0,1,1,0,sushi_b,full_data
3,20,82,1,1,0,1,sushi_b,full_data
3,20,87,1,1,0,1,sushi_b,full_data
3,20,88,2,2,0,1,sushi_b,full_data
3,20,95,6,8,2,0.75,sushi_b,full_data
3,20,96,3,4,1,0.75,sushi_b,full_data
3,21,5,3,9,6,0.333333333333333,sushi_b,full_data
3,21,7,31,47,16,0.659574468085106,sushi_b,full_data
3,21,12,41,62,21,0.661290322580645,sushi_b,full_data
3,21,14,12,25,13,0.48,sushi_b,full_data
3,21,16,35,52,17,0.673076923076923,sushi_b,full_data
3,21,17,14,16,2,0.875,sushi_b,full_data
3,21,18,37,59,22,0.627118644067797,sushi_b,full_data
3,21,23,25,36,11,0.694444444444444,sushi_b,full_data
3,21,24,20,30,10,0.666666666666667,sushi_b,full_data
3,21,28,16,23,7,0.695652173913043,sushi_b,full_data
3,21,29,17,24,7,0.708333333333333,sushi_b,full_data
3,21,30,32,41,9,0.780487804878049,sushi_b,full_data
3,21,32,16,23,7,0.695652173913043,sushi_b,full_data
3,21,33,26,34,8,0.764705882352941,sushi_b,full_data
3,21,34,8,12,4,0.666666666666667,sushi_b,full_data
3,21,35,17,25,8,0.68,sushi_b,full_data
3,21,38,15,24,9,0.625,sushi_b,full_data
3,21,39,19,25,6,0.76,sushi_b,full_data
3,21,40,2,3,1,0.666666666666667,sushi_b,full_data
3,21,42,5,7,2,0.714285714285714,sushi_b,full_data
3,21,43,10,12,2,0.833333333333333,sushi_b,full_data
3,21,44,13,21,8,0.619047619047619,sushi_b,full_data
3,21,45,2,3,1,0.666666666666667,sushi_b,full_data
3,21,46,21,27,6,0.777777777777778,sushi_b,full_data
3,21,48,10,12,2,0.833333333333333,sushi_b,full_data
3,21,49,10,11,1,0.909090909090909,sushi_b,full_data
3,21,50,17,24,7,0.708333333333333,sushi_b,full_data
3,21,51,13,19,6,0.684210526315789,sushi_b,full_data
3,21,52,3,4,1,0.75,sushi_b,full_data
3,21,54,9,13,4,0.692307692307692,sushi_b,full_data
3,21,55,8,11,3,0.727272727272727,sushi_b,full_data
3,21,56,6,8,2,0.75,sushi_b,full_data
3,21,58,6,8,2,0.75,sushi_b,full_data
3,21,59,4,5,1,0.8,sushi_b,full_data
3,21,60,1,1,0,1,sushi_b,full_data
3,21,62,5,10,5,0.5,sushi_b,full_data
3,21,63,10,12,2,0.833333333333333,sushi_b,full_data
3,21,64,8,9,1,0.888888888888889,sushi_b,full_data
3,21,65,6,11,5,0.545454545454545,sushi_b,full_data
3,21,66,6,6,0,1,sushi_b,full_data
3,21,67,6,9,3,0.666666666666667,sushi_b,full_data
3,21,68,1,1,0,1,sushi_b,full_data
3,21,69,1,2,1,0.5,sushi_b,full_data
3,21,70,7,10,3,0.7,sushi_b,full_data
3,21,71,5,11,6,0.454545454545455,sushi_b,full_data
3,21,72,3,5,2,0.6,sushi_b,full_data
3,21,74,2,5,3,0.4,sushi_b,full_data
3,21,75,6,7,1,0.857142857142857,sushi_b,full_data
3,21,77,4,6,2,0.666666666666667,sushi_b,full_data
3,21,78,3,3,0,1,sushi_b,full_data
3,21,80,2,4,2,0.5,sushi_b,full_data
3,21,82,3,6,3,0.5,sushi_b,full_data
3,21,83,1,2,1,0.5,sushi_b,full_data
3,21,84,2,2,0,1,sushi_b,full_data
3,21,85,2,3,1,0.666666666666667,sushi_b,full_data
3,21,86,1,1,0,1,sushi_b,full_data
3,21,89,1,1,0,1,sushi_b,full_data
3,21,91,1,2,1,0.5,sushi_b,full_data
3,21,92,2,2,0,1,sushi_b,full_data
3,21,93,1,1,0,1,sushi_b,full_data
3,21,94,1,2,1,0.5,sushi_b,full_data
3,21,95,3,5,2,0.6,sushi_b,full_data
3,21,97,1,1,0,1,sushi_b,full_data
3,21,98,2,2,0,1,sushi_b,full_data
3,21,99,3,3,0,1,sushi_b,full_data
3,22,3,4,7,3,0.571428571428571,sushi_b,full_data
3,22,5,49,76,27,0.644736842105263,sushi_b,full_data
3,22,7,42,75,33,0.56,sushi_b,full_data
3,22,12,39,47,8,0.829787234042553,sushi_b,full_data
3,22,14,34,57,23,0.596491228070175,sushi_b,full_data
3,22,16,19,28,9,0.678571428571429,sushi_b,full_data
3,22,17,1,1,0,1,sushi_b,full_data
3,22,18,24,34,10,0.705882352941177,sushi_b,full_data
3,22,21,12,23,11,0.521739130434783,sushi_b,full_data
3,22,23,10,14,4,0.714285714285714,sushi_b,full_data
3,22,24,7,10,3,0.7,sushi_b,full_data
3,22,25,19,31,12,0.612903225806452,sushi_b,full_data
3,22,27,7,12,5,0.583333333333333,sushi_b,full_data
3,22,28,6,6,0,1,sushi_b,full_data
3,22,29,4,7,3,0.571428571428571,sushi_b,full_data
3,22,30,24,28,4,0.857142857142857,sushi_b,full_data
3,22,31,17,23,6,0.739130434782609,sushi_b,full_data
3,22,32,19,30,11,0.633333333333333,sushi_b,full_data
3,22,33,10,11,1,0.909090909090909,sushi_b,full_data
3,22,34,20,25,5,0.8,sushi_b,full_data
3,22,35,8,8,0,1,sushi_b,full_data
3,22,36,6,12,6,0.5,sushi_b,full_data
3,22,38,9,17,8,0.529411764705882,sushi_b,full_data
3,22,39,19,31,12,0.612903225806452,sushi_b,full_data
3,22,40,2,2,0,1,sushi_b,full_data
3,22,42,2,2,0,1,sushi_b,full_data
3,22,43,9,17,8,0.529411764705882,sushi_b,full_data
3,22,44,9,12,3,0.75,sushi_b,full_data
3,22,45,17,23,6,0.739130434782609,sushi_b,full_data
3,22,46,12,20,8,0.6,sushi_b,full_data
3,22,48,8,12,4,0.666666666666667,sushi_b,full_data
3,22,49,2,4,2,0.5,sushi_b,full_data
3,22,50,8,12,4,0.666666666666667,sushi_b,full_data
3,22,51,11,12,1,0.916666666666667,sushi_b,full_data
3,22,52,1,1,0,1,sushi_b,full_data
3,22,54,8,12,4,0.666666666666667,sushi_b,full_data
3,22,55,3,3,0,1,sushi_b,full_data
3,22,56,3,3,0,1,sushi_b,full_data
3,22,57,7,8,1,0.875,sushi_b,full_data
3,22,58,4,5,1,0.8,sushi_b,full_data
3,22,59,2,2,0,1,sushi_b,full_data
3,22,60,0,1,1,0,sushi_b,full_data
3,22,62,10,12,2,0.833333333333333,sushi_b,full_data
3,22,63,8,11,3,0.727272727272727,sushi_b,full_data
3,22,64,2,3,1,0.666666666666667,sushi_b,full_data
3,22,65,6,8,2,0.75,sushi_b,full_data
3,22,66,4,5,1,0.8,sushi_b,full_data
3,22,67,2,5,3,0.4,sushi_b,full_data
3,22,68,1,1,0,1,sushi_b,full_data
3,22,69,2,3,1,0.666666666666667,sushi_b,full_data
3,22,70,4,6,2,0.666666666666667,sushi_b,full_data
3,22,71,2,3,1,0.666666666666667,sushi_b,full_data
3,22,72,2,5,3,0.4,sushi_b,full_data
3,22,73,5,6,1,0.833333333333333,sushi_b,full_data
3,22,74,1,2,1,0.5,sushi_b,full_data
3,22,75,0,1,1,0,sushi_b,full_data
3,22,76,3,5,2,0.6,sushi_b,full_data
3,22,77,0,1,1,0,sushi_b,full_data
3,22,78,2,2,0,1,sushi_b,full_data
3,22,82,1,2,1,0.5,sushi_b,full_data
3,22,84,2,2,0,1,sushi_b,full_data
3,22,87,3,3,0,1,sushi_b,full_data
3,22,88,3,4,1,0.75,sushi_b,full_data
3,22,91,3,3,0,1,sushi_b,full_data
3,22,95,2,3,1,0.666666666666667,sushi_b,full_data
3,22,96,2,3,1,0.666666666666667,sushi_b,full_data
3,22,97,1,1,0,1,sushi_b,full_data
3,22,99,1,1,0,1,sushi_b,full_data
3,23,17,32,43,11,0.744186046511628,sushi_b,full_data
3,23,24,7,11,4,0.636363636363636,sushi_b,full_data
3,23,28,6,9,3,0.666666666666667,sushi_b,full_data
3,23,29,0,2,2,0,sushi_b,full_data
3,23,35,0,1,1,0,sushi_b,full_data
3,23,40,14,17,3,0.823529411764706,sushi_b,full_data
3,23,42,3,8,5,0.375,sushi_b,full_data
3,23,49,5,5,0,1,sushi_b,full_data
3,23,52,3,8,5,0.375,sushi_b,full_data
3,23,56,2,3,1,0.666666666666667,sushi_b,full_data
3,23,59,7,11,4,0.636363636363636,sushi_b,full_data
3,23,60,8,11,3,0.727272727272727,sushi_b,full_data
3,23,64,8,9,1,0.888888888888889,sushi_b,full_data
3,23,68,1,1,0,1,sushi_b,full_data
3,23,69,2,3,1,0.666666666666667,sushi_b,full_data
3,23,74,5,8,3,0.625,sushi_b,full_data
3,23,75,1,2,1,0.5,sushi_b,full_data
3,23,77,2,3,1,0.666666666666667,sushi_b,full_data
3,23,78,6,8,2,0.75,sushi_b,full_data
3,23,81,1,3,2,0.333333333333333,sushi_b,full_data
3,23,83,1,2,1,0.5,sushi_b,full_data
3,23,84,2,3,1,0.666666666666667,sushi_b,full_data
3,23,85,3,4,1,0.75,sushi_b,full_data
3,23,89,1,2,1,0.5,sushi_b,full_data
3,23,90,2,3,1,0.666666666666667,sushi_b,full_data
3,23,92,1,1,0,1,sushi_b,full_data
3,23,94,2,3,1,0.666666666666667,sushi_b,full_data
3,23,97,3,3,0,1,sushi_b,full_data
3,23,98,1,1,0,1,sushi_b,full_data
3,23,99,2,2,0,1,sushi_b,full_data
3,24,17,11,20,9,0.55,sushi_b,full_data
3,24,40,4,5,1,0.8,sushi_b,full_data
3,24,42,2,2,0,1,sushi_b,full_data
3,24,49,3,3,0,1,sushi_b,full_data
3,24,52,1,1,0,1,sushi_b,full_data
3,24,56,0,2,2,0,sushi_b,full_data
3,24,59,2,3,1,0.666666666666667,sushi_b,full_data
3,24,60,0,1,1,0,sushi_b,full_data
3,24,64,1,1,0,1,sushi_b,full_data
3,24,69,2,3,1,0.666666666666667,sushi_b,full_data
3,24,74,0,1,1,0,sushi_b,full_data
3,24,78,2,4,2,0.5,sushi_b,full_data
3,24,81,0,1,1,0,sushi_b,full_data
3,24,85,3,5,2,0.6,sushi_b,full_data
3,24,89,3,5,2,0.6,sushi_b,full_data
3,24,90,0,1,1,0,sushi_b,full_data
3,24,92,2,3,1,0.666666666666667,sushi_b,full_data
3,24,93,1,1,0,1,sushi_b,full_data
3,24,94,3,3,0,1,sushi_b,full_data
3,24,97,3,4,1,0.75,sushi_b,full_data
3,25,7,14,27,13,0.518518518518518,sushi_b,full_data
3,25,12,40,64,24,0.625,sushi_b,full_data
3,25,14,7,10,3,0.7,sushi_b,full_data
3,25,16,21,38,17,0.552631578947368,sushi_b,full_data
3,25,17,10,19,9,0.526315789473684,sushi_b,full_data
3,25,18,28,45,17,0.622222222222222,sushi_b,full_data
3,25,23,31,51,20,0.607843137254902,sushi_b,full_data
3,25,24,21,31,10,0.67741935483871,sushi_b,full_data
3,25,28,19,29,10,0.655172413793103,sushi_b,full_data
3,25,29,25,38,13,0.657894736842105,sushi_b,full_data
3,25,30,26,38,12,0.684210526315789,sushi_b,full_data
3,25,32,14,22,8,0.636363636363636,sushi_b,full_data
3,25,33,14,20,6,0.7,sushi_b,full_data
3,25,34,2,4,2,0.5,sushi_b,full_data
3,25,35,18,27,9,0.666666666666667,sushi_b,full_data
3,25,38,22,30,8,0.733333333333333,sushi_b,full_data
3,25,39,11,12,1,0.916666666666667,sushi_b,full_data
3,25,40,7,9,2,0.777777777777778,sushi_b,full_data
3,25,42,6,10,4,0.6,sushi_b,full_data
3,25,43,1,2,1,0.5,sushi_b,full_data
3,25,44,6,12,6,0.5,sushi_b,full_data
3,25,45,1,1,0,1,sushi_b,full_data
3,25,46,6,13,7,0.461538461538462,sushi_b,full_data
3,25,48,16,24,8,0.666666666666667,sushi_b,full_data
3,25,49,6,9,3,0.666666666666667,sushi_b,full_data
3,25,50,14,21,7,0.666666666666667,sushi_b,full_data
3,25,51,9,11,2,0.818181818181818,sushi_b,full_data
3,25,52,4,6,2,0.666666666666667,sushi_b,full_data
3,25,54,7,9,2,0.777777777777778,sushi_b,full_data
3,25,55,7,7,0,1,sushi_b,full_data
3,25,56,7,7,0,1,sushi_b,full_data
3,25,58,6,9,3,0.666666666666667,sushi_b,full_data
3,25,59,4,5,1,0.8,sushi_b,full_data
3,25,60,4,5,1,0.8,sushi_b,full_data
3,25,62,2,2,0,1,sushi_b,full_data
3,25,63,8,13,5,0.615384615384615,sushi_b,full_data
3,25,64,3,6,3,0.5,sushi_b,full_data
3,25,65,2,5,3,0.4,sushi_b,full_data
3,25,66,5,6,1,0.833333333333333,sushi_b,full_data
3,25,67,3,5,2,0.6,sushi_b,full_data
3,25,68,1,3,2,0.333333333333333,sushi_b,full_data
3,25,69,3,4,1,0.75,sushi_b,full_data
3,25,70,2,4,2,0.5,sushi_b,full_data
3,25,71,5,6,1,0.833333333333333,sushi_b,full_data
3,25,72,9,16,7,0.5625,sushi_b,full_data
3,25,74,5,7,2,0.714285714285714,sushi_b,full_data
3,25,75,0,2,2,0,sushi_b,full_data
3,25,77,2,3,1,0.666666666666667,sushi_b,full_data
3,25,78,2,3,1,0.666666666666667,sushi_b,full_data
3,25,80,1,2,1,0.5,sushi_b,full_data
3,25,81,2,2,0,1,sushi_b,full_data
3,25,82,2,5,3,0.4,sushi_b,full_data
3,25,83,1,2,1,0.5,sushi_b,full_data
3,25,84,0,1,1,0,sushi_b,full_data
3,25,85,1,1,0,1,sushi_b,full_data
3,25,86,3,3,0,1,sushi_b,full_data
3,25,87,5,5,0,1,sushi_b,full_data
3,25,89,1,1,0,1,sushi_b,full_data
3,25,90,1,1,0,1,sushi_b,full_data
3,25,91,4,5,1,0.8,sushi_b,full_data
3,25,93,1,1,0,1,sushi_b,full_data
3,25,94,1,1,0,1,sushi_b,full_data
3,25,95,1,4,3,0.25,sushi_b,full_data
3,25,98,2,3,1,0.666666666666667,sushi_b,full_data
3,25,99,0,1,1,0,sushi_b,full_data
3,26,3,14,26,12,0.538461538461538,sushi_b,full_data
3,26,5,45,64,19,0.703125,sushi_b,full_data
3,26,7,44,67,23,0.656716417910448,sushi_b,full_data
3,26,10,1,4,3,0.25,sushi_b,full_data
3,26,12,21,43,22,0.488372093023256,sushi_b,full_data
3,26,14,31,54,23,0.574074074074074,sushi_b,full_data
3,26,16,19,22,3,0.863636363636364,sushi_b,full_data
3,26,17,2,2,0,1,sushi_b,full_data
3,26,18,22,35,13,0.628571428571429,sushi_b,full_data
3,26,21,18,30,12,0.6,sushi_b,full_data
3,26,23,5,8,3,0.625,sushi_b,full_data
3,26,24,3,6,3,0.5,sushi_b,full_data
3,26,25,19,31,12,0.612903225806452,sushi_b,full_data
3,26,27,10,22,12,0.454545454545455,sushi_b,full_data
3,26,28,3,3,0,1,sushi_b,full_data
3,26,29,5,7,2,0.714285714285714,sushi_b,full_data
3,26,30,7,17,10,0.411764705882353,sushi_b,full_data
3,26,31,25,34,9,0.735294117647059,sushi_b,full_data
3,26,32,11,17,6,0.647058823529412,sushi_b,full_data
3,26,33,6,11,5,0.545454545454545,sushi_b,full_data
3,26,34,15,28,13,0.535714285714286,sushi_b,full_data
3,26,35,6,7,1,0.857142857142857,sushi_b,full_data
3,26,36,10,17,7,0.588235294117647,sushi_b,full_data
3,26,38,17,24,7,0.708333333333333,sushi_b,full_data
3,26,39,10,16,6,0.625,sushi_b,full_data
3,26,40,1,1,0,1,sushi_b,full_data
3,26,42,1,1,0,1,sushi_b,full_data
3,26,43,11,16,5,0.6875,sushi_b,full_data
3,26,44,10,14,4,0.714285714285714,sushi_b,full_data
3,26,45,8,13,5,0.615384615384615,sushi_b,full_data
3,26,46,10,14,4,0.714285714285714,sushi_b,full_data
3,26,48,6,8,2,0.75,sushi_b,full_data
3,26,49,1,1,0,1,sushi_b,full_data
3,26,50,11,15,4,0.733333333333333,sushi_b,full_data
3,26,51,6,7,1,0.857142857142857,sushi_b,full_data
3,26,52,1,1,0,1,sushi_b,full_data
3,26,54,8,11,3,0.727272727272727,sushi_b,full_data
3,26,55,0,1,1,0,sushi_b,full_data
3,26,57,4,7,3,0.571428571428571,sushi_b,full_data
3,26,58,3,4,1,0.75,sushi_b,full_data
3,26,59,2,2,0,1,sushi_b,full_data
3,26,62,3,12,9,0.25,sushi_b,full_data
3,26,63,6,9,3,0.666666666666667,sushi_b,full_data
3,26,65,2,6,4,0.333333333333333,sushi_b,full_data
3,26,66,1,1,0,1,sushi_b,full_data
3,26,67,1,1,0,1,sushi_b,full_data
3,26,68,2,2,0,1,sushi_b,full_data
3,26,69,2,2,0,1,sushi_b,full_data
3,26,70,1,1,0,1,sushi_b,full_data
3,26,71,4,6,2,0.666666666666667,sushi_b,full_data
3,26,72,0,4,4,0,sushi_b,full_data
3,26,73,1,5,4,0.2,sushi_b,full_data
3,26,76,3,5,2,0.6,sushi_b,full_data
3,26,77,1,1,0,1,sushi_b,full_data
3,26,80,1,1,0,1,sushi_b,full_data
3,26,87,0,1,1,0,sushi_b,full_data
3,26,88,2,3,1,0.666666666666667,sushi_b,full_data
3,26,91,2,2,0,1,sushi_b,full_data
3,26,95,4,5,1,0.8,sushi_b,full_data
3,26,96,4,4,0,1,sushi_b,full_data
3,26,98,1,1,0,1,sushi_b,full_data
3,26,99,1,1,0,1,sushi_b,full_data
3,27,5,9,17,8,0.529411764705882,sushi_b,full_data
3,27,7,31,47,16,0.659574468085106,sushi_b,full_data
3,27,12,37,51,14,0.725490196078431,sushi_b,full_data
3,27,14,19,39,20,0.487179487179487,sushi_b,full_data
3,27,16,32,51,19,0.627450980392157,sushi_b,full_data
3,27,17,9,12,3,0.75,sushi_b,full_data
3,27,18,32,38,6,0.842105263157895,sushi_b,full_data
3,27,23,28,39,11,0.717948717948718,sushi_b,full_data
3,27,24,17,20,3,0.85,sushi_b,full_data
3,27,25,3,7,4,0.428571428571429,sushi_b,full_data
3,27,28,10,14,4,0.714285714285714,sushi_b,full_data
3,27,29,16,20,4,0.8,sushi_b,full_data
3,27,30,21,31,10,0.67741935483871,sushi_b,full_data
3,27,31,6,10,4,0.6,sushi_b,full_data
3,27,32,13,19,6,0.684210526315789,sushi_b,full_data
3,27,33,14,22,8,0.636363636363636,sushi_b,full_data
3,27,34,6,11,5,0.545454545454545,sushi_b,full_data
3,27,35,11,18,7,0.611111111111111,sushi_b,full_data
3,27,38,14,20,6,0.7,sushi_b,full_data
3,27,39,14,21,7,0.666666666666667,sushi_b,full_data
3,27,40,1,2,1,0.5,sushi_b,full_data
3,27,42,2,3,1,0.666666666666667,sushi_b,full_data
3,27,43,7,12,5,0.583333333333333,sushi_b,full_data
3,27,44,9,12,3,0.75,sushi_b,full_data
3,27,45,1,3,2,0.333333333333333,sushi_b,full_data
3,27,46,12,21,9,0.571428571428571,sushi_b,full_data
3,27,48,7,10,3,0.7,sushi_b,full_data
3,27,49,5,7,2,0.714285714285714,sushi_b,full_data
3,27,50,8,15,7,0.533333333333333,sushi_b,full_data
3,27,51,10,13,3,0.769230769230769,sushi_b,full_data
3,27,52,3,4,1,0.75,sushi_b,full_data
3,27,54,9,10,1,0.9,sushi_b,full_data
3,27,55,5,5,0,1,sushi_b,full_data
3,27,56,3,4,1,0.75,sushi_b,full_data
3,27,58,2,3,1,0.666666666666667,sushi_b,full_data
3,27,59,1,2,1,0.5,sushi_b,full_data
3,27,60,1,2,1,0.5,sushi_b,full_data
3,27,62,4,7,3,0.571428571428571,sushi_b,full_data
3,27,63,7,13,6,0.538461538461538,sushi_b,full_data
3,27,64,3,3,0,1,sushi_b,full_data
3,27,65,7,7,0,1,sushi_b,full_data
3,27,66,8,9,1,0.888888888888889,sushi_b,full_data
3,27,67,2,2,0,1,sushi_b,full_data
3,27,68,4,7,3,0.571428571428571,sushi_b,full_data
3,27,69,2,2,0,1,sushi_b,full_data
3,27,70,3,5,2,0.6,sushi_b,full_data
3,27,71,5,9,4,0.555555555555556,sushi_b,full_data
3,27,72,10,13,3,0.769230769230769,sushi_b,full_data
3,27,74,3,3,0,1,sushi_b,full_data
3,27,75,4,4,0,1,sushi_b,full_data
3,27,77,2,4,2,0.5,sushi_b,full_data
3,27,78,2,2,0,1,sushi_b,full_data
3,27,80,0,1,1,0,sushi_b,full_data
3,27,82,3,5,2,0.6,sushi_b,full_data
3,27,83,2,2,0,1,sushi_b,full_data
3,27,84,2,3,1,0.666666666666667,sushi_b,full_data
3,27,87,1,2,1,0.5,sushi_b,full_data
3,27,89,1,1,0,1,sushi_b,full_data
3,27,91,2,3,1,0.666666666666667,sushi_b,full_data
3,27,94,3,3,0,1,sushi_b,full_data
3,27,95,2,4,2,0.5,sushi_b,full_data
3,27,97,1,1,0,1,sushi_b,full_data
3,27,99,3,4,1,0.75,sushi_b,full_data
3,28,17,4,8,4,0.5,sushi_b,full_data
3,28,40,3,5,2,0.6,sushi_b,full_data
3,28,59,1,1,0,1,sushi_b,full_data
3,28,69,1,1,0,1,sushi_b,full_data
3,28,74,1,2,1,0.5,sushi_b,full_data
3,28,78,2,4,2,0.5,sushi_b,full_data
3,28,81,1,3,2,0.333333333333333,sushi_b,full_data
3,28,85,1,1,0,1,sushi_b,full_data
3,28,86,1,1,0,1,sushi_b,full_data
3,28,89,1,1,0,1,sushi_b,full_data
3,28,90,1,3,2,0.333333333333333,sushi_b,full_data
3,28,92,1,2,1,0.5,sushi_b,full_data
3,28,93,1,1,0,1,sushi_b,full_data
3,28,94,2,2,0,1,sushi_b,full_data
3,28,97,2,2,0,1,sushi_b,full_data
3,29,17,10,16,6,0.625,sushi_b,full_data
3,29,40,2,4,2,0.5,sushi_b,full_data
3,29,42,6,8,2,0.75,sushi_b,full_data
3,29,49,1,1,0,1,sushi_b,full_data
3,29,52,1,2,1,0.5,sushi_b,full_data
3,29,56,2,3,1,0.666666666666667,sushi_b,full_data
3,29,59,5,6,1,0.833333333333333,sushi_b,full_data
3,29,60,4,6,2,0.666666666666667,sushi_b,full_data
3,29,64,1,2,1,0.5,sushi_b,full_data
3,29,75,3,3,0,1,sushi_b,full_data
3,29,78,1,1,0,1,sushi_b,full_data
3,29,81,3,4,1,0.75,sushi_b,full_data
3,29,83,1,1,0,1,sushi_b,full_data
3,29,89,3,3,0,1,sushi_b,full_data
3,29,90,1,1,0,1,sushi_b,full_data
3,29,93,1,2,1,0.5,sushi_b,full_data
3,29,94,4,4,0,1,sushi_b,full_data
3,29,97,1,1,0,1,sushi_b,full_data
3,30,17,24,37,13,0.648648648648649,sushi_b,full_data
3,30,23,3,5,2,0.6,sushi_b,full_data
3,30,24,11,18,7,0.611111111111111,sushi_b,full_data
3,30,28,8,16,8,0.5,sushi_b,full_data
3,30,29,9,13,4,0.692307692307692,sushi_b,full_data
3,30,33,1,1,0,1,sushi_b,full_data
3,30,35,6,7,1,0.857142857142857,sushi_b,full_data
3,30,40,8,13,5,0.615384615384615,sushi_b,full_data
3,30,42,9,16,7,0.5625,sushi_b,full_data
3,30,48,4,4,0,1,sushi_b,full_data
3,30,49,6,8,2,0.75,sushi_b,full_data
3,30,52,8,12,4,0.666666666666667,sushi_b,full_data
3,30,55,1,1,0,1,sushi_b,full_data
3,30,56,2,5,3,0.4,sushi_b,full_data
3,30,58,4,8,4,0.5,sushi_b,full_data
3,30,59,7,12,5,0.583333333333333,sushi_b,full_data
3,30,60,1,3,2,0.333333333333333,sushi_b,full_data
3,30,64,1,2,1,0.5,sushi_b,full_data
3,30,67,1,3,2,0.333333333333333,sushi_b,full_data
3,30,68,1,2,1,0.5,sushi_b,full_data
3,30,69,2,3,1,0.666666666666667,sushi_b,full_data
3,30,70,1,3,2,0.333333333333333,sushi_b,full_data
3,30,74,5,9,4,0.555555555555556,sushi_b,full_data
3,30,75,4,5,1,0.8,sushi_b,full_data
3,30,77,2,3,1,0.666666666666667,sushi_b,full_data
3,30,78,7,7,0,1,sushi_b,full_data
3,30,80,2,2,0,1,sushi_b,full_data
3,30,83,1,1,0,1,sushi_b,full_data
3,30,84,1,1,0,1,sushi_b,full_data
3,30,85,1,3,2,0.333333333333333,sushi_b,full_data
3,30,86,2,3,1,0.666666666666667,sushi_b,full_data
3,30,87,1,1,0,1,sushi_b,full_data
3,30,89,4,4,0,1,sushi_b,full_data
3,30,90,0,2,2,0,sushi_b,full_data
3,30,91,4,7,3,0.571428571428571,sushi_b,full_data
3,30,92,1,2,1,0.5,sushi_b,full_data
3,30,93,1,1,0,1,sushi_b,full_data
3,30,94,1,1,0,1,sushi_b,full_data
3,30,97,4,4,0,1,sushi_b,full_data
3,30,98,2,3,1,0.666666666666667,sushi_b,full_data
3,30,99,0,1,1,0,sushi_b,full_data
3,31,7,10,24,14,0.416666666666667,sushi_b,full_data
3,31,12,29,43,14,0.674418604651163,sushi_b,full_data
3,31,14,1,3,2,0.333333333333333,sushi_b,full_data
3,31,16,28,41,13,0.682926829268293,sushi_b,full_data
3,31,17,10,11,1,0.909090909090909,sushi_b,full_data
3,31,18,27,39,12,0.692307692307692,sushi_b,full_data
3,31,23,22,31,9,0.709677419354839,sushi_b,full_data
3,31,24,27,38,11,0.710526315789474,sushi_b,full_data
3,31,28,14,18,4,0.777777777777778,sushi_b,full_data
3,31,29,11,17,6,0.647058823529412,sushi_b,full_data
3,31,30,15,25,10,0.6,sushi_b,full_data
3,31,32,6,9,3,0.666666666666667,sushi_b,full_data
3,31,33,13,18,5,0.722222222222222,sushi_b,full_data
3,31,34,0,1,1,0,sushi_b,full_data
3,31,35,13,22,9,0.590909090909091,sushi_b,full_data
3,31,38,10,17,7,0.588235294117647,sushi_b,full_data
3,31,39,6,7,1,0.857142857142857,sushi_b,full_data
3,31,40,4,4,0,1,sushi_b,full_data
3,31,42,3,4,1,0.75,sushi_b,full_data
3,31,43,1,1,0,1,sushi_b,full_data
3,31,44,2,7,5,0.285714285714286,sushi_b,full_data
3,31,46,4,4,0,1,sushi_b,full_data
3,31,48,3,6,3,0.5,sushi_b,full_data
3,31,49,4,6,2,0.666666666666667,sushi_b,full_data
3,31,50,6,9,3,0.666666666666667,sushi_b,full_data
3,31,51,8,17,9,0.470588235294118,sushi_b,full_data
3,31,52,7,8,1,0.875,sushi_b,full_data
3,31,54,3,4,1,0.75,sushi_b,full_data
3,31,55,7,10,3,0.7,sushi_b,full_data
3,31,56,4,4,0,1,sushi_b,full_data
3,31,58,6,8,2,0.75,sushi_b,full_data
3,31,59,1,2,1,0.5,sushi_b,full_data
3,31,60,6,7,1,0.857142857142857,sushi_b,full_data
3,31,62,0,1,1,0,sushi_b,full_data
3,31,63,6,10,4,0.6,sushi_b,full_data
3,31,64,1,3,2,0.333333333333333,sushi_b,full_data
3,31,65,4,4,0,1,sushi_b,full_data
3,31,66,2,3,1,0.666666666666667,sushi_b,full_data
3,31,67,2,6,4,0.333333333333333,sushi_b,full_data
3,31,68,1,2,1,0.5,sushi_b,full_data
3,31,69,3,5,2,0.6,sushi_b,full_data
3,31,70,2,4,2,0.5,sushi_b,full_data
3,31,71,5,7,2,0.714285714285714,sushi_b,full_data
3,31,72,6,8,2,0.75,sushi_b,full_data
3,31,74,5,7,2,0.714285714285714,sushi_b,full_data
3,31,75,3,3,0,1,sushi_b,full_data
3,31,77,1,1,0,1,sushi_b,full_data
3,31,78,1,1,0,1,sushi_b,full_data
3,31,80,7,7,0,1,sushi_b,full_data
3,31,82,2,3,1,0.666666666666667,sushi_b,full_data
3,31,84,2,2,0,1,sushi_b,full_data
3,31,86,2,2,0,1,sushi_b,full_data
3,31,87,4,6,2,0.666666666666667,sushi_b,full_data
3,31,89,0,1,1,0,sushi_b,full_data
3,31,91,3,3,0,1,sushi_b,full_data
3,31,92,3,3,0,1,sushi_b,full_data
3,31,93,2,2,0,1,sushi_b,full_data
3,31,94,1,1,0,1,sushi_b,full_data
3,31,95,1,2,1,0.5,sushi_b,full_data
3,31,97,1,1,0,1,sushi_b,full_data
3,31,99,1,1,0,1,sushi_b,full_data
3,32,16,7,9,2,0.777777777777778,sushi_b,full_data
3,32,17,24,39,15,0.615384615384615,sushi_b,full_data
3,32,23,12,19,7,0.631578947368421,sushi_b,full_data
3,32,24,16,32,16,0.5,sushi_b,full_data
3,32,28,14,19,5,0.736842105263158,sushi_b,full_data
3,32,29,14,22,8,0.636363636363636,sushi_b,full_data
3,32,30,4,6,2,0.666666666666667,sushi_b,full_data
3,32,33,7,9,2,0.777777777777778,sushi_b,full_data
3,32,35,9,17,8,0.529411764705882,sushi_b,full_data
3,32,40,7,10,3,0.7,sushi_b,full_data
3,32,42,6,9,3,0.666666666666667,sushi_b,full_data
3,32,48,2,8,6,0.25,sushi_b,full_data
3,32,49,8,16,8,0.5,sushi_b,full_data
3,32,50,1,1,0,1,sushi_b,full_data
3,32,51,1,2,1,0.5,sushi_b,full_data
3,32,52,5,8,3,0.625,sushi_b,full_data
3,32,55,2,6,4,0.333333333333333,sushi_b,full_data
3,32,56,8,11,3,0.727272727272727,sushi_b,full_data
3,32,58,2,2,0,1,sushi_b,full_data
3,32,59,4,7,3,0.571428571428571,sushi_b,full_data
3,32,60,2,4,2,0.5,sushi_b,full_data
3,32,63,1,1,0,1,sushi_b,full_data
3,32,64,7,10,3,0.7,sushi_b,full_data
3,32,66,2,4,2,0.5,sushi_b,full_data
3,32,67,2,2,0,1,sushi_b,full_data
3,32,69,4,4,0,1,sushi_b,full_data
3,32,70,3,6,3,0.5,sushi_b,full_data
3,32,72,1,1,0,1,sushi_b,full_data
3,32,74,2,4,2,0.5,sushi_b,full_data
3,32,75,2,3,1,0.666666666666667,sushi_b,full_data
3,32,77,4,9,5,0.444444444444444,sushi_b,full_data
3,32,78,1,1,0,1,sushi_b,full_data
3,32,81,3,4,1,0.75,sushi_b,full_data
3,32,82,2,2,0,1,sushi_b,full_data
3,32,85,1,3,2,0.333333333333333,sushi_b,full_data
3,32,87,1,2,1,0.5,sushi_b,full_data
3,32,89,3,3,0,1,sushi_b,full_data
3,32,90,1,1,0,1,sushi_b,full_data
3,32,91,2,3,1,0.666666666666667,sushi_b,full_data
3,32,92,3,3,0,1,sushi_b,full_data
3,32,93,0,1,1,0,sushi_b,full_data
3,32,94,1,1,0,1,sushi_b,full_data
3,32,97,2,2,0,1,sushi_b,full_data
3,32,98,3,4,1,0.75,sushi_b,full_data
3,33,17,16,30,14,0.533333333333333,sushi_b,full_data
3,33,24,1,2,1,0.5,sushi_b,full_data
3,33,28,6,11,5,0.545454545454545,sushi_b,full_data
3,33,29,3,4,1,0.75,sushi_b,full_data
3,33,35,1,2,1,0.5,sushi_b,full_data
3,33,40,8,9,1,0.888888888888889,sushi_b,full_data
3,33,42,8,11,3,0.727272727272727,sushi_b,full_data
3,33,49,0,2,2,0,sushi_b,full_data
3,33,52,5,5,0,1,sushi_b,full_data
3,33,56,2,4,2,0.5,sushi_b,full_data
3,33,59,3,5,2,0.6,sushi_b,full_data
3,33,60,2,3,1,0.666666666666667,sushi_b,full_data
3,33,64,5,8,3,0.625,sushi_b,full_data
3,33,68,3,4,1,0.75,sushi_b,full_data
3,33,69,0,1,1,0,sushi_b,full_data
3,33,70,1,1,0,1,sushi_b,full_data
3,33,74,2,2,0,1,sushi_b,full_data
3,33,75,3,3,0,1,sushi_b,full_data
3,33,77,1,2,1,0.5,sushi_b,full_data
3,33,78,1,1,0,1,sushi_b,full_data
3,33,81,1,2,1,0.5,sushi_b,full_data
3,33,84,1,3,2,0.333333333333333,sushi_b,full_data
3,33,85,1,4,3,0.25,sushi_b,full_data
3,33,89,3,3,0,1,sushi_b,full_data
3,33,90,3,5,2,0.6,sushi_b,full_data
3,33,93,2,3,1,0.666666666666667,sushi_b,full_data
3,33,94,1,1,0,1,sushi_b,full_data
3,33,99,1,2,1,0.5,sushi_b,full_data
3,34,7,1,1,0,1,sushi_b,full_data
3,34,12,14,24,10,0.583333333333333,sushi_b,full_data
3,34,16,18,34,16,0.529411764705882,sushi_b,full_data
3,34,17,12,24,12,0.5,sushi_b,full_data
3,34,18,8,12,4,0.666666666666667,sushi_b,full_data
3,34,23,19,32,13,0.59375,sushi_b,full_data
3,34,24,14,22,8,0.636363636363636,sushi_b,full_data
3,34,28,12,18,6,0.666666666666667,sushi_b,full_data
3,34,29,15,27,12,0.555555555555556,sushi_b,full_data
3,34,30,10,20,10,0.5,sushi_b,full_data
3,34,32,3,3,0,1,sushi_b,full_data
3,34,33,15,20,5,0.75,sushi_b,full_data
3,34,35,6,11,5,0.545454545454545,sushi_b,full_data
3,34,38,10,13,3,0.769230769230769,sushi_b,full_data
3,34,39,3,3,0,1,sushi_b,full_data
3,34,40,9,10,1,0.9,sushi_b,full_data
3,34,42,8,11,3,0.727272727272727,sushi_b,full_data
3,34,46,1,3,2,0.333333333333333,sushi_b,full_data
3,34,48,9,12,3,0.75,sushi_b,full_data
3,34,49,9,10,1,0.9,sushi_b,full_data
3,34,50,5,11,6,0.454545454545455,sushi_b,full_data
3,34,51,8,11,3,0.727272727272727,sushi_b,full_data
3,34,52,5,7,2,0.714285714285714,sushi_b,full_data
3,34,54,0,2,2,0,sushi_b,full_data
3,34,55,6,7,1,0.857142857142857,sushi_b,full_data
3,34,56,7,9,2,0.777777777777778,sushi_b,full_data
3,34,58,4,7,3,0.571428571428571,sushi_b,full_data
3,34,59,7,7,0,1,sushi_b,full_data
3,34,60,3,7,4,0.428571428571429,sushi_b,full_data
3,34,63,4,4,0,1,sushi_b,full_data
3,34,64,2,4,2,0.5,sushi_b,full_data
3,34,66,5,7,2,0.714285714285714,sushi_b,full_data
3,34,67,2,3,1,0.666666666666667,sushi_b,full_data
3,34,68,3,4,1,0.75,sushi_b,full_data
3,34,69,1,1,0,1,sushi_b,full_data
3,34,70,0,2,2,0,sushi_b,full_data
3,34,71,2,3,1,0.666666666666667,sushi_b,full_data
3,34,72,3,5,2,0.6,sushi_b,full_data
3,34,74,5,9,4,0.555555555555556,sushi_b,full_data
3,34,75,1,5,4,0.2,sushi_b,full_data
3,34,77,3,6,3,0.5,sushi_b,full_data
3,34,78,2,4,2,0.5,sushi_b,full_data
3,34,80,3,4,1,0.75,sushi_b,full_data
3,34,81,1,1,0,1,sushi_b,full_data
3,34,82,0,3,3,0,sushi_b,full_data
3,34,83,5,5,0,1,sushi_b,full_data
3,34,84,0,1,1,0,sushi_b,full_data
3,34,85,1,1,0,1,sushi_b,full_data
3,34,86,2,3,1,0.666666666666667,sushi_b,full_data
3,34,87,2,2,0,1,sushi_b,full_data
3,34,89,2,2,0,1,sushi_b,full_data
3,34,90,2,2,0,1,sushi_b,full_data
3,34,91,2,3,1,0.666666666666667,sushi_b,full_data
3,34,92,1,1,0,1,sushi_b,full_data
3,34,93,3,4,1,0.75,sushi_b,full_data
3,34,95,3,5,2,0.6,sushi_b,full_data
3,34,97,2,2,0,1,sushi_b,full_data
3,34,98,1,4,3,0.25,sushi_b,full_data
3,34,99,2,3,1,0.666666666666667,sushi_b,full_data
3,35,17,13,18,5,0.722222222222222,sushi_b,full_data
3,35,28,1,2,1,0.5,sushi_b,full_data
3,35,40,5,6,1,0.833333333333333,sushi_b,full_data
3,35,42,4,6,2,0.666666666666667,sushi_b,full_data
3,35,49,0,1,1,0,sushi_b,full_data
3,35,52,1,2,1,0.5,sushi_b,full_data
3,35,56,1,1,0,1,sushi_b,full_data
3,35,59,6,7,1,0.857142857142857,sushi_b,full_data
3,35,60,1,2,1,0.5,sushi_b,full_data
3,35,64,1,3,2,0.333333333333333,sushi_b,full_data
3,35,69,2,4,2,0.5,sushi_b,full_data
3,35,74,2,3,1,0.666666666666667,sushi_b,full_data
3,35,78,3,3,0,1,sushi_b,full_data
3,35,80,1,1,0,1,sushi_b,full_data
3,35,81,1,1,0,1,sushi_b,full_data
3,35,83,1,1,0,1,sushi_b,full_data
3,35,84,1,1,0,1,sushi_b,full_data
3,35,85,3,7,4,0.428571428571429,sushi_b,full_data
3,35,86,1,1,0,1,sushi_b,full_data
3,35,89,2,5,3,0.4,sushi_b,full_data
3,35,92,1,1,0,1,sushi_b,full_data
3,35,93,1,2,1,0.5,sushi_b,full_data
3,35,97,0,1,1,0,sushi_b,full_data
3,36,5,1,7,6,0.142857142857143,sushi_b,full_data
3,36,7,13,26,13,0.5,sushi_b,full_data
3,36,12,24,37,13,0.648648648648649,sushi_b,full_data
3,36,14,7,19,12,0.368421052631579,sushi_b,full_data
3,36,16,28,35,7,0.8,sushi_b,full_data
3,36,17,8,11,3,0.727272727272727,sushi_b,full_data
3,36,18,30,42,12,0.714285714285714,sushi_b,full_data
3,36,23,17,24,7,0.708333333333333,sushi_b,full_data
3,36,24,3,9,6,0.333333333333333,sushi_b,full_data
3,36,25,2,3,1,0.666666666666667,sushi_b,full_data
3,36,28,4,9,5,0.444444444444444,sushi_b,full_data
3,36,29,7,10,3,0.7,sushi_b,full_data
3,36,30,8,15,7,0.533333333333333,sushi_b,full_data
3,36,31,2,2,0,1,sushi_b,full_data
3,36,32,4,9,5,0.444444444444444,sushi_b,full_data
3,36,33,9,15,6,0.6,sushi_b,full_data
3,36,34,3,9,6,0.333333333333333,sushi_b,full_data
3,36,35,4,7,3,0.571428571428571,sushi_b,full_data
3,36,38,6,12,6,0.5,sushi_b,full_data
3,36,39,4,9,5,0.444444444444444,sushi_b,full_data
3,36,40,2,3,1,0.666666666666667,sushi_b,full_data
3,36,42,3,8,5,0.375,sushi_b,full_data
3,36,43,6,6,0,1,sushi_b,full_data
3,36,44,8,12,4,0.666666666666667,sushi_b,full_data
3,36,45,2,4,2,0.5,sushi_b,full_data
3,36,46,8,11,3,0.727272727272727,sushi_b,full_data
3,36,48,6,7,1,0.857142857142857,sushi_b,full_data
3,36,49,5,6,1,0.833333333333333,sushi_b,full_data
3,36,50,8,13,5,0.615384615384615,sushi_b,full_data
3,36,51,5,9,4,0.555555555555556,sushi_b,full_data
3,36,52,1,2,1,0.5,sushi_b,full_data
3,36,54,6,11,5,0.545454545454545,sushi_b,full_data
3,36,55,2,4,2,0.5,sushi_b,full_data
3,36,56,1,2,1,0.5,sushi_b,full_data
3,36,58,2,3,1,0.666666666666667,sushi_b,full_data
3,36,59,2,2,0,1,sushi_b,full_data
3,36,60,2,4,2,0.5,sushi_b,full_data
3,36,62,1,2,1,0.5,sushi_b,full_data
3,36,63,5,5,0,1,sushi_b,full_data
3,36,64,1,1,0,1,sushi_b,full_data
3,36,65,4,6,2,0.666666666666667,sushi_b,full_data
3,36,66,4,5,1,0.8,sushi_b,full_data
3,36,67,3,3,0,1,sushi_b,full_data
3,36,68,1,2,1,0.5,sushi_b,full_data
3,36,69,1,1,0,1,sushi_b,full_data
3,36,70,1,1,0,1,sushi_b,full_data
3,36,71,1,7,6,0.142857142857143,sushi_b,full_data
3,36,72,2,2,0,1,sushi_b,full_data
3,36,75,1,2,1,0.5,sushi_b,full_data
3,36,77,6,6,0,1,sushi_b,full_data
3,36,80,2,2,0,1,sushi_b,full_data
3,36,82,4,4,0,1,sushi_b,full_data
3,36,87,1,2,1,0.5,sushi_b,full_data
3,36,88,1,1,0,1,sushi_b,full_data
3,36,94,2,3,1,0.666666666666667,sushi_b,full_data
3,36,95,1,4,3,0.25,sushi_b,full_data
3,36,96,1,1,0,1,sushi_b,full_data
3,36,97,1,1,0,1,sushi_b,full_data
3,36,98,1,1,0,1,sushi_b,full_data
3,36,99,1,1,0,1,sushi_b,full_data
3,37,0,33,56,23,0.589285714285714,sushi_b,full_data
3,37,1,33,55,22,0.6,sushi_b,full_data
3,37,2,5,8,3,0.625,sushi_b,full_data
3,37,3,21,35,14,0.6,sushi_b,full_data
3,37,4,25,50,25,0.5,sushi_b,full_data
3,37,5,6,9,3,0.666666666666667,sushi_b,full_data
3,37,6,17,27,10,0.62962962962963,sushi_b,full_data
3,37,7,4,6,2,0.666666666666667,sushi_b,full_data
3,37,10,21,37,16,0.567567567567568,sushi_b,full_data
3,37,11,13,22,9,0.590909090909091,sushi_b,full_data
3,37,13,5,11,6,0.454545454545455,sushi_b,full_data
3,37,14,9,11,2,0.818181818181818,sushi_b,full_data
3,37,18,3,6,3,0.5,sushi_b,full_data
3,37,20,17,31,14,0.548387096774194,sushi_b,full_data
3,37,21,10,13,3,0.769230769230769,sushi_b,full_data
3,37,22,18,26,8,0.692307692307692,sushi_b,full_data
3,37,23,1,1,0,1,sushi_b,full_data
3,37,25,6,9,3,0.666666666666667,sushi_b,full_data
3,37,26,9,19,10,0.473684210526316,sushi_b,full_data
3,37,27,9,15,6,0.6,sushi_b,full_data
3,37,31,10,10,0,1,sushi_b,full_data
3,37,34,3,7,4,0.428571428571429,sushi_b,full_data
3,37,36,4,12,8,0.333333333333333,sushi_b,full_data
3,37,39,1,2,1,0.5,sushi_b,full_data
3,37,41,14,22,8,0.636363636363636,sushi_b,full_data
3,37,43,2,3,1,0.666666666666667,sushi_b,full_data
3,37,45,2,2,0,1,sushi_b,full_data
3,37,46,3,3,0,1,sushi_b,full_data
3,37,47,1,2,1,0.5,sushi_b,full_data
3,37,50,1,1,0,1,sushi_b,full_data
3,37,57,4,4,0,1,sushi_b,full_data
3,37,62,3,3,0,1,sushi_b,full_data
3,37,65,0,1,1,0,sushi_b,full_data
3,37,73,0,2,2,0,sushi_b,full_data
3,37,76,1,4,3,0.25,sushi_b,full_data
3,37,79,0,2,2,0,sushi_b,full_data
3,37,88,2,3,1,0.666666666666667,sushi_b,full_data
3,37,96,2,2,0,1,sushi_b,full_data
3,38,16,2,2,0,1,sushi_b,full_data
3,38,17,11,28,17,0.392857142857143,sushi_b,full_data
3,38,23,5,5,0,1,sushi_b,full_data
3,38,24,7,12,5,0.583333333333333,sushi_b,full_data
3,38,28,8,19,11,0.421052631578947,sushi_b,full_data
3,38,29,5,11,6,0.454545454545455,sushi_b,full_data
3,38,33,1,3,2,0.333333333333333,sushi_b,full_data
3,38,35,2,5,3,0.4,sushi_b,full_data
3,38,40,6,13,7,0.461538461538462,sushi_b,full_data
3,38,42,2,7,5,0.285714285714286,sushi_b,full_data
3,38,48,4,8,4,0.5,sushi_b,full_data
3,38,49,6,12,6,0.5,sushi_b,full_data
3,38,51,0,1,1,0,sushi_b,full_data
3,38,52,7,11,4,0.636363636363636,sushi_b,full_data
3,38,55,1,5,4,0.2,sushi_b,full_data
3,38,56,6,9,3,0.666666666666667,sushi_b,full_data
3,38,58,5,5,0,1,sushi_b,full_data
3,38,59,3,10,7,0.3,sushi_b,full_data
3,38,60,5,6,1,0.833333333333333,sushi_b,full_data
3,38,64,4,7,3,0.571428571428571,sushi_b,full_data
3,38,66,0,1,1,0,sushi_b,full_data
3,38,67,4,5,1,0.8,sushi_b,full_data
3,38,68,5,7,2,0.714285714285714,sushi_b,full_data
3,38,69,3,5,2,0.6,sushi_b,full_data
3,38,70,2,3,1,0.666666666666667,sushi_b,full_data
3,38,74,2,3,1,0.666666666666667,sushi_b,full_data
3,38,75,3,3,0,1,sushi_b,full_data
3,38,77,2,2,0,1,sushi_b,full_data
3,38,78,3,3,0,1,sushi_b,full_data
3,38,80,1,1,0,1,sushi_b,full_data
3,38,81,2,2,0,1,sushi_b,full_data
3,38,83,0,1,1,0,sushi_b,full_data
3,38,84,1,1,0,1,sushi_b,full_data
3,38,85,1,3,2,0.333333333333333,sushi_b,full_data
3,38,89,2,5,3,0.4,sushi_b,full_data
3,38,90,2,3,1,0.666666666666667,sushi_b,full_data
3,38,91,0,1,1,0,sushi_b,full_data
3,38,92,0,3,3,0,sushi_b,full_data
3,38,93,1,4,3,0.25,sushi_b,full_data
3,38,94,2,3,1,0.666666666666667,sushi_b,full_data
3,38,97,1,3,2,0.333333333333333,sushi_b,full_data
3,38,98,1,2,1,0.5,sushi_b,full_data
3,38,99,4,4,0,1,sushi_b,full_data
3,39,12,3,5,2,0.6,sushi_b,full_data
3,39,16,11,19,8,0.578947368421053,sushi_b,full_data
3,39,17,11,20,9,0.55,sushi_b,full_data
3,39,18,2,3,1,0.666666666666667,sushi_b,full_data
3,39,23,18,26,8,0.692307692307692,sushi_b,full_data
3,39,24,13,21,8,0.619047619047619,sushi_b,full_data
3,39,28,10,18,8,0.555555555555556,sushi_b,full_data
3,39,29,9,20,11,0.45,sushi_b,full_data
3,39,30,3,8,5,0.375,sushi_b,full_data
3,39,32,0,1,1,0,sushi_b,full_data
3,39,33,8,10,2,0.8,sushi_b,full_data
3,39,35,11,18,7,0.611111111111111,sushi_b,full_data
3,39,38,1,3,2,0.333333333333333,sushi_b,full_data
3,39,40,12,18,6,0.666666666666667,sushi_b,full_data
3,39,42,3,5,2,0.6,sushi_b,full_data
3,39,44,0,1,1,0,sushi_b,full_data
3,39,48,5,8,3,0.625,sushi_b,full_data
3,39,49,8,9,1,0.888888888888889,sushi_b,full_data
3,39,50,1,3,2,0.333333333333333,sushi_b,full_data
3,39,51,6,8,2,0.75,sushi_b,full_data
3,39,52,8,8,0,1,sushi_b,full_data
3,39,55,1,2,1,0.5,sushi_b,full_data
3,39,56,2,2,0,1,sushi_b,full_data
3,39,58,4,8,4,0.5,sushi_b,full_data
3,39,59,3,3,0,1,sushi_b,full_data
3,39,60,2,4,2,0.5,sushi_b,full_data
3,39,63,1,4,3,0.25,sushi_b,full_data
3,39,64,2,5,3,0.4,sushi_b,full_data
3,39,66,4,4,0,1,sushi_b,full_data
3,39,67,2,2,0,1,sushi_b,full_data
3,39,68,3,3,0,1,sushi_b,full_data
3,39,69,2,3,1,0.666666666666667,sushi_b,full_data
3,39,70,1,1,0,1,sushi_b,full_data
3,39,71,1,2,1,0.5,sushi_b,full_data
3,39,72,2,3,1,0.666666666666667,sushi_b,full_data
3,39,74,1,2,1,0.5,sushi_b,full_data
3,39,75,5,8,3,0.625,sushi_b,full_data
3,39,77,6,8,2,0.75,sushi_b,full_data
3,39,78,3,4,1,0.75,sushi_b,full_data
3,39,80,1,1,0,1,sushi_b,full_data
3,39,81,1,1,0,1,sushi_b,full_data
3,39,82,1,2,1,0.5,sushi_b,full_data
3,39,83,0,1,1,0,sushi_b,full_data
3,39,85,1,1,0,1,sushi_b,full_data
3,39,87,1,1,0,1,sushi_b,full_data
3,39,89,1,1,0,1,sushi_b,full_data
3,39,90,2,3,1,0.666666666666667,sushi_b,full_data
3,39,93,1,3,2,0.333333333333333,sushi_b,full_data
3,39,94,1,1,0,1,sushi_b,full_data
3,39,97,3,4,1,0.75,sushi_b,full_data
3,39,98,4,5,1,0.8,sushi_b,full_data
3,39,99,2,4,2,0.5,sushi_b,full_data
3,40,92,1,1,0,1,sushi_b,full_data
3,41,3,15,25,10,0.6,sushi_b,full_data
3,41,4,7,7,0,1,sushi_b,full_data
3,41,5,31,44,13,0.704545454545455,sushi_b,full_data
3,41,7,21,35,14,0.6,sushi_b,full_data
3,41,10,14,17,3,0.823529411764706,sushi_b,full_data
3,41,12,12,16,4,0.75,sushi_b,full_data
3,41,14,13,25,12,0.52,sushi_b,full_data
3,41,16,10,13,3,0.769230769230769,sushi_b,full_data
3,41,17,0,1,1,0,sushi_b,full_data
3,41,18,9,12,3,0.75,sushi_b,full_data
3,41,21,20,31,11,0.645161290322581,sushi_b,full_data
3,41,22,2,2,0,1,sushi_b,full_data
3,41,23,2,7,5,0.285714285714286,sushi_b,full_data
3,41,24,2,2,0,1,sushi_b,full_data
3,41,25,16,28,12,0.571428571428571,sushi_b,full_data
3,41,27,11,18,7,0.611111111111111,sushi_b,full_data
3,41,28,2,3,1,0.666666666666667,sushi_b,full_data
3,41,29,2,5,3,0.4,sushi_b,full_data
3,41,30,4,5,1,0.8,sushi_b,full_data
3,41,31,6,13,7,0.461538461538462,sushi_b,full_data
3,41,32,3,6,3,0.5,sushi_b,full_data
3,41,33,2,4,2,0.5,sushi_b,full_data
3,41,34,10,18,8,0.555555555555556,sushi_b,full_data
3,41,35,2,3,1,0.666666666666667,sushi_b,full_data
3,41,36,8,9,1,0.888888888888889,sushi_b,full_data
3,41,38,4,8,4,0.5,sushi_b,full_data
3,41,39,8,10,2,0.8,sushi_b,full_data
3,41,42,1,1,0,1,sushi_b,full_data
3,41,43,4,10,6,0.4,sushi_b,full_data
3,41,44,7,11,4,0.636363636363636,sushi_b,full_data
3,41,45,1,6,5,0.166666666666667,sushi_b,full_data
3,41,46,6,9,3,0.666666666666667,sushi_b,full_data
3,41,48,1,2,1,0.5,sushi_b,full_data
3,41,50,3,6,3,0.5,sushi_b,full_data
3,41,51,2,2,0,1,sushi_b,full_data
3,41,54,2,4,2,0.5,sushi_b,full_data
3,41,55,1,1,0,1,sushi_b,full_data
3,41,57,4,6,2,0.666666666666667,sushi_b,full_data
3,41,62,7,10,3,0.7,sushi_b,full_data
3,41,63,4,4,0,1,sushi_b,full_data
3,41,64,1,1,0,1,sushi_b,full_data
3,41,65,1,3,2,0.333333333333333,sushi_b,full_data
3,41,66,1,2,1,0.5,sushi_b,full_data
3,41,68,1,1,0,1,sushi_b,full_data
3,41,71,1,3,2,0.333333333333333,sushi_b,full_data
3,41,72,1,2,1,0.5,sushi_b,full_data
3,41,73,2,4,2,0.5,sushi_b,full_data
3,41,74,1,1,0,1,sushi_b,full_data
3,41,76,4,5,1,0.8,sushi_b,full_data
3,41,82,1,1,0,1,sushi_b,full_data
3,41,87,1,1,0,1,sushi_b,full_data
3,41,88,2,3,1,0.666666666666667,sushi_b,full_data
3,41,95,0,1,1,0,sushi_b,full_data
3,42,81,0,1,1,0,sushi_b,full_data
3,42,92,1,1,0,1,sushi_b,full_data
3,43,12,4,7,3,0.571428571428571,sushi_b,full_data
3,43,16,10,19,9,0.526315789473684,sushi_b,full_data
3,43,17,11,15,4,0.733333333333333,sushi_b,full_data
3,43,18,2,5,3,0.4,sushi_b,full_data
3,43,23,11,16,5,0.6875,sushi_b,full_data
3,43,24,8,16,8,0.5,sushi_b,full_data
3,43,28,7,8,1,0.875,sushi_b,full_data
3,43,29,10,16,6,0.625,sushi_b,full_data
3,43,30,8,13,5,0.615384615384615,sushi_b,full_data
3,43,32,1,2,1,0.5,sushi_b,full_data
3,43,33,7,14,7,0.5,sushi_b,full_data
3,43,35,7,14,7,0.5,sushi_b,full_data
3,43,38,3,5,2,0.6,sushi_b,full_data
3,43,40,6,7,1,0.857142857142857,sushi_b,full_data
3,43,42,7,11,4,0.636363636363636,sushi_b,full_data
3,43,48,7,8,1,0.875,sushi_b,full_data
3,43,49,5,7,2,0.714285714285714,sushi_b,full_data
3,43,50,5,7,2,0.714285714285714,sushi_b,full_data
3,43,51,2,4,2,0.5,sushi_b,full_data
3,43,52,6,8,2,0.75,sushi_b,full_data
3,43,55,3,6,3,0.5,sushi_b,full_data
3,43,56,2,2,0,1,sushi_b,full_data
3,43,58,0,2,2,0,sushi_b,full_data
3,43,59,3,3,0,1,sushi_b,full_data
3,43,60,2,2,0,1,sushi_b,full_data
3,43,63,1,2,1,0.5,sushi_b,full_data
3,43,64,2,6,4,0.333333333333333,sushi_b,full_data
3,43,66,1,3,2,0.333333333333333,sushi_b,full_data
3,43,67,2,2,0,1,sushi_b,full_data
3,43,68,0,3,3,0,sushi_b,full_data
3,43,69,1,2,1,0.5,sushi_b,full_data
3,43,70,3,5,2,0.6,sushi_b,full_data
3,43,72,0,2,2,0,sushi_b,full_data
3,43,74,0,1,1,0,sushi_b,full_data
3,43,75,1,2,1,0.5,sushi_b,full_data
3,43,77,1,3,2,0.333333333333333,sushi_b,full_data
3,43,78,2,2,0,1,sushi_b,full_data
3,43,80,2,3,1,0.666666666666667,sushi_b,full_data
3,43,81,1,2,1,0.5,sushi_b,full_data
3,43,84,1,1,0,1,sushi_b,full_data
3,43,85,1,1,0,1,sushi_b,full_data
3,43,87,1,1,0,1,sushi_b,full_data
3,43,89,1,1,0,1,sushi_b,full_data
3,43,91,2,2,0,1,sushi_b,full_data
3,43,92,1,1,0,1,sushi_b,full_data
3,43,93,1,1,0,1,sushi_b,full_data
3,43,97,1,1,0,1,sushi_b,full_data
3,44,16,2,3,1,0.666666666666667,sushi_b,full_data
3,44,17,20,27,7,0.740740740740741,sushi_b,full_data
3,44,23,11,21,10,0.523809523809524,sushi_b,full_data
3,44,24,9,14,5,0.642857142857143,sushi_b,full_data
3,44,28,7,11,4,0.636363636363636,sushi_b,full_data
3,44,29,9,18,9,0.5,sushi_b,full_data
3,44,30,6,7,1,0.857142857142857,sushi_b,full_data
3,44,33,2,7,5,0.285714285714286,sushi_b,full_data
3,44,35,3,5,2,0.6,sushi_b,full_data
3,44,38,2,2,0,1,sushi_b,full_data
3,44,40,11,16,5,0.6875,sushi_b,full_data
3,44,42,6,10,4,0.6,sushi_b,full_data
3,44,48,4,5,1,0.8,sushi_b,full_data
3,44,49,5,8,3,0.625,sushi_b,full_data
3,44,50,0,1,1,0,sushi_b,full_data
3,44,51,3,6,3,0.5,sushi_b,full_data
3,44,52,3,7,4,0.428571428571429,sushi_b,full_data
3,44,55,0,2,2,0,sushi_b,full_data
3,44,56,5,8,3,0.625,sushi_b,full_data
3,44,58,1,4,3,0.25,sushi_b,full_data
3,44,59,2,2,0,1,sushi_b,full_data
3,44,60,3,5,2,0.6,sushi_b,full_data
3,44,63,0,1,1,0,sushi_b,full_data
3,44,64,5,5,0,1,sushi_b,full_data
3,44,66,2,2,0,1,sushi_b,full_data
3,44,67,0,3,3,0,sushi_b,full_data
3,44,68,2,3,1,0.666666666666667,sushi_b,full_data
3,44,69,3,3,0,1,sushi_b,full_data
3,44,70,1,2,1,0.5,sushi_b,full_data
3,44,72,2,2,0,1,sushi_b,full_data
3,44,74,0,1,1,0,sushi_b,full_data
3,44,75,2,2,0,1,sushi_b,full_data
3,44,77,2,2,0,1,sushi_b,full_data
3,44,78,1,1,0,1,sushi_b,full_data
3,44,80,2,2,0,1,sushi_b,full_data
3,44,82,1,2,1,0.5,sushi_b,full_data
3,44,84,1,1,0,1,sushi_b,full_data
3,44,86,1,1,0,1,sushi_b,full_data
3,44,89,1,1,0,1,sushi_b,full_data
3,44,90,1,2,1,0.5,sushi_b,full_data
3,44,92,0,1,1,0,sushi_b,full_data
3,44,93,1,2,1,0.5,sushi_b,full_data
3,44,98,2,3,1,0.666666666666667,sushi_b,full_data
3,44,99,1,1,0,1,sushi_b,full_data
3,45,7,2,3,1,0.666666666666667,sushi_b,full_data
3,45,12,5,14,9,0.357142857142857,sushi_b,full_data
3,45,16,9,19,10,0.473684210526316,sushi_b,full_data
3,45,17,11,20,9,0.55,sushi_b,full_data
3,45,18,8,13,5,0.615384615384615,sushi_b,full_data
3,45,23,13,17,4,0.764705882352941,sushi_b,full_data
3,45,24,10,19,9,0.526315789473684,sushi_b,full_data
3,45,28,5,7,2,0.714285714285714,sushi_b,full_data
3,45,29,5,8,3,0.625,sushi_b,full_data
3,45,30,7,10,3,0.7,sushi_b,full_data
3,45,32,0,1,1,0,sushi_b,full_data
3,45,33,5,10,5,0.5,sushi_b,full_data
3,45,35,5,10,5,0.5,sushi_b,full_data
3,45,38,2,7,5,0.285714285714286,sushi_b,full_data
3,45,39,1,1,0,1,sushi_b,full_data
3,45,40,2,2,0,1,sushi_b,full_data
3,45,42,5,11,6,0.454545454545455,sushi_b,full_data
3,45,43,1,1,0,1,sushi_b,full_data
3,45,44,2,4,2,0.5,sushi_b,full_data
3,45,46,5,7,2,0.714285714285714,sushi_b,full_data
3,45,48,4,5,1,0.8,sushi_b,full_data
3,45,49,3,5,2,0.6,sushi_b,full_data
3,45,50,1,6,5,0.166666666666667,sushi_b,full_data
3,45,51,4,9,5,0.444444444444444,sushi_b,full_data
3,45,52,4,6,2,0.666666666666667,sushi_b,full_data
3,45,54,0,1,1,0,sushi_b,full_data
3,45,55,1,3,2,0.333333333333333,sushi_b,full_data
3,45,56,1,2,1,0.5,sushi_b,full_data
3,45,58,2,4,2,0.5,sushi_b,full_data
3,45,59,0,2,2,0,sushi_b,full_data
3,45,60,2,3,1,0.666666666666667,sushi_b,full_data
3,45,63,1,1,0,1,sushi_b,full_data
3,45,64,5,5,0,1,sushi_b,full_data
3,45,65,0,1,1,0,sushi_b,full_data
3,45,66,1,2,1,0.5,sushi_b,full_data
3,45,67,1,3,2,0.333333333333333,sushi_b,full_data
3,45,68,2,3,1,0.666666666666667,sushi_b,full_data
3,45,69,3,3,0,1,sushi_b,full_data
3,45,70,3,6,3,0.5,sushi_b,full_data
3,45,72,1,2,1,0.5,sushi_b,full_data
3,45,74,3,4,1,0.75,sushi_b,full_data
3,45,75,3,5,2,0.6,sushi_b,full_data
3,45,77,1,1,0,1,sushi_b,full_data
3,45,78,1,1,0,1,sushi_b,full_data
3,45,80,1,2,1,0.5,sushi_b,full_data
3,45,82,0,2,2,0,sushi_b,full_data
3,45,83,1,2,1,0.5,sushi_b,full_data
3,45,90,0,1,1,0,sushi_b,full_data
3,45,91,0,1,1,0,sushi_b,full_data
3,45,92,1,1,0,1,sushi_b,full_data
3,45,94,2,2,0,1,sushi_b,full_data
3,45,95,1,1,0,1,sushi_b,full_data
3,45,98,2,2,0,1,sushi_b,full_data
3,45,99,3,3,0,1,sushi_b,full_data
3,46,12,1,2,1,0.5,sushi_b,full_data
3,46,16,3,8,5,0.375,sushi_b,full_data
3,46,17,11,20,9,0.55,sushi_b,full_data
3,46,18,1,1,0,1,sushi_b,full_data
3,46,23,5,13,8,0.384615384615385,sushi_b,full_data
3,46,24,12,16,4,0.75,sushi_b,full_data
3,46,28,9,15,6,0.6,sushi_b,full_data
3,46,29,6,13,7,0.461538461538462,sushi_b,full_data
3,46,30,3,5,2,0.6,sushi_b,full_data
3,46,33,7,12,5,0.583333333333333,sushi_b,full_data
3,46,35,7,11,4,0.636363636363636,sushi_b,full_data
3,46,38,2,3,1,0.666666666666667,sushi_b,full_data
3,46,40,10,16,6,0.625,sushi_b,full_data
3,46,42,6,9,3,0.666666666666667,sushi_b,full_data
3,46,48,5,10,5,0.5,sushi_b,full_data
3,46,49,9,11,2,0.818181818181818,sushi_b,full_data
3,46,51,2,4,2,0.5,sushi_b,full_data
3,46,52,4,5,1,0.8,sushi_b,full_data
3,46,55,5,5,0,1,sushi_b,full_data
3,46,56,2,4,2,0.5,sushi_b,full_data
3,46,58,5,6,1,0.833333333333333,sushi_b,full_data
3,46,60,2,6,4,0.333333333333333,sushi_b,full_data
3,46,63,0,1,1,0,sushi_b,full_data
3,46,64,3,4,1,0.75,sushi_b,full_data
3,46,66,1,2,1,0.5,sushi_b,full_data
3,46,67,3,3,0,1,sushi_b,full_data
3,46,69,2,2,0,1,sushi_b,full_data
3,46,70,2,5,3,0.4,sushi_b,full_data
3,46,72,1,1,0,1,sushi_b,full_data
3,46,74,2,4,2,0.5,sushi_b,full_data
3,46,75,1,2,1,0.5,sushi_b,full_data
3,46,77,2,2,0,1,sushi_b,full_data
3,46,78,1,2,1,0.5,sushi_b,full_data
3,46,80,1,1,0,1,sushi_b,full_data
3,46,81,2,2,0,1,sushi_b,full_data
3,46,83,4,4,0,1,sushi_b,full_data
3,46,84,1,1,0,1,sushi_b,full_data
3,46,85,0,1,1,0,sushi_b,full_data
3,46,87,2,2,0,1,sushi_b,full_data
3,46,89,1,1,0,1,sushi_b,full_data
3,46,91,1,2,1,0.5,sushi_b,full_data
3,46,93,1,2,1,0.5,sushi_b,full_data
3,46,94,0,1,1,0,sushi_b,full_data
3,46,97,1,2,1,0.5,sushi_b,full_data
3,46,98,2,2,0,1,sushi_b,full_data
3,46,99,1,1,0,1,sushi_b,full_data
3,47,0,16,32,16,0.5,sushi_b,full_data
3,47,1,12,21,9,0.571428571428571,sushi_b,full_data
3,47,3,12,23,11,0.521739130434783,sushi_b,full_data
3,47,4,16,31,15,0.516129032258065,sushi_b,full_data
3,47,5,11,18,7,0.611111111111111,sushi_b,full_data
3,47,6,1,3,2,0.333333333333333,sushi_b,full_data
3,47,7,7,9,2,0.777777777777778,sushi_b,full_data
3,47,10,20,32,12,0.625,sushi_b,full_data
3,47,11,3,8,5,0.375,sushi_b,full_data
3,47,12,1,3,2,0.333333333333333,sushi_b,full_data
3,47,13,1,1,0,1,sushi_b,full_data
3,47,14,9,13,4,0.692307692307692,sushi_b,full_data
3,47,16,1,1,0,1,sushi_b,full_data
3,47,18,0,1,1,0,sushi_b,full_data
3,47,20,8,13,5,0.615384615384615,sushi_b,full_data
3,47,21,7,18,11,0.388888888888889,sushi_b,full_data
3,47,22,12,20,8,0.6,sushi_b,full_data
3,47,25,6,9,3,0.666666666666667,sushi_b,full_data
3,47,26,7,13,6,0.538461538461538,sushi_b,full_data
3,47,27,11,20,9,0.55,sushi_b,full_data
3,47,31,9,16,7,0.5625,sushi_b,full_data
3,47,32,0,1,1,0,sushi_b,full_data
3,47,34,3,5,2,0.6,sushi_b,full_data
3,47,35,1,1,0,1,sushi_b,full_data
3,47,36,9,13,4,0.692307692307692,sushi_b,full_data
3,47,41,6,7,1,0.857142857142857,sushi_b,full_data
3,47,43,5,5,0,1,sushi_b,full_data
3,47,44,2,2,0,1,sushi_b,full_data
3,47,45,3,5,2,0.6,sushi_b,full_data
3,47,46,1,1,0,1,sushi_b,full_data
3,47,50,1,1,0,1,sushi_b,full_data
3,47,54,1,1,0,1,sushi_b,full_data
3,47,57,4,7,3,0.571428571428571,sushi_b,full_data
3,47,62,1,1,0,1,sushi_b,full_data
3,47,65,1,1,0,1,sushi_b,full_data
3,47,73,2,5,3,0.4,sushi_b,full_data
3,47,82,0,1,1,0,sushi_b,full_data
3,47,88,1,1,0,1,sushi_b,full_data
3,47,95,1,1,0,1,sushi_b,full_data
3,47,96,1,2,1,0.5,sushi_b,full_data
3,48,17,9,17,8,0.529411764705882,sushi_b,full_data
3,48,40,3,5,2,0.6,sushi_b,full_data
3,48,42,1,5,4,0.2,sushi_b,full_data
3,48,52,0,1,1,0,sushi_b,full_data
3,48,56,2,2,0,1,sushi_b,full_data
3,48,59,4,4,0,1,sushi_b,full_data
3,48,60,1,3,2,0.333333333333333,sushi_b,full_data
3,48,64,1,1,0,1,sushi_b,full_data
3,48,68,2,2,0,1,sushi_b,full_data
3,48,69,1,1,0,1,sushi_b,full_data
3,48,74,1,1,0,1,sushi_b,full_data
3,48,75,1,1,0,1,sushi_b,full_data
3,48,77,1,1,0,1,sushi_b,full_data
3,48,78,1,1,0,1,sushi_b,full_data
3,48,80,0,1,1,0,sushi_b,full_data
3,48,81,2,2,0,1,sushi_b,full_data
3,48,84,1,1,0,1,sushi_b,full_data
3,48,85,0,2,2,0,sushi_b,full_data
3,48,89,2,2,0,1,sushi_b,full_data
3,48,92,1,1,0,1,sushi_b,full_data
3,48,94,0,1,1,0,sushi_b,full_data
3,48,97,2,2,0,1,sushi_b,full_data
3,49,17,1,2,1,0.5,sushi_b,full_data
3,49,40,1,1,0,1,sushi_b,full_data
3,49,56,1,1,0,1,sushi_b,full_data
3,49,59,1,2,1,0.5,sushi_b,full_data
3,49,85,1,1,0,1,sushi_b,full_data
3,49,90,1,1,0,1,sushi_b,full_data
3,50,16,1,1,0,1,sushi_b,full_data
3,50,17,14,21,7,0.666666666666667,sushi_b,full_data
3,50,23,1,3,2,0.333333333333333,sushi_b,full_data
3,50,24,6,13,7,0.461538461538462,sushi_b,full_data
3,50,28,5,11,6,0.454545454545455,sushi_b,full_data
3,50,29,2,5,3,0.4,sushi_b,full_data
3,50,33,3,3,0,1,sushi_b,full_data
3,50,35,6,10,4,0.6,sushi_b,full_data
3,50,40,9,11,2,0.818181818181818,sushi_b,full_data
3,50,42,6,10,4,0.6,sushi_b,full_data
3,50,48,0,2,2,0,sushi_b,full_data
3,50,49,6,8,2,0.75,sushi_b,full_data
3,50,52,2,3,1,0.666666666666667,sushi_b,full_data
3,50,56,1,2,1,0.5,sushi_b,full_data
3,50,58,1,1,0,1,sushi_b,full_data
3,50,59,4,5,1,0.8,sushi_b,full_data
3,50,60,5,7,2,0.714285714285714,sushi_b,full_data
3,50,64,0,4,4,0,sushi_b,full_data
3,50,68,4,6,2,0.666666666666667,sushi_b,full_data
3,50,69,4,5,1,0.8,sushi_b,full_data
3,50,70,2,2,0,1,sushi_b,full_data
3,50,72,0,1,1,0,sushi_b,full_data
3,50,74,3,6,3,0.5,sushi_b,full_data
3,50,75,2,4,2,0.5,sushi_b,full_data
3,50,77,0,1,1,0,sushi_b,full_data
3,50,78,1,1,0,1,sushi_b,full_data
3,50,80,1,1,0,1,sushi_b,full_data
3,50,81,1,1,0,1,sushi_b,full_data
3,50,84,0,1,1,0,sushi_b,full_data
3,50,85,1,1,0,1,sushi_b,full_data
3,50,86,1,1,0,1,sushi_b,full_data
3,50,89,0,1,1,0,sushi_b,full_data
3,50,91,0,1,1,0,sushi_b,full_data
3,50,93,1,1,0,1,sushi_b,full_data
3,50,97,3,3,0,1,sushi_b,full_data
3,50,98,0,1,1,0,sushi_b,full_data
3,50,99,1,2,1,0.5,sushi_b,full_data
3,51,17,7,16,9,0.4375,sushi_b,full_data
3,51,24,4,5,1,0.8,sushi_b,full_data
3,51,28,5,10,5,0.5,sushi_b,full_data
3,51,29,3,5,2,0.6,sushi_b,full_data
3,51,35,2,2,0,1,sushi_b,full_data
3,51,40,7,10,3,0.7,sushi_b,full_data
3,51,42,5,6,1,0.833333333333333,sushi_b,full_data
3,51,49,4,6,2,0.666666666666667,sushi_b,full_data
3,51,52,5,5,0,1,sushi_b,full_data
3,51,55,2,2,0,1,sushi_b,full_data
3,51,56,3,3,0,1,sushi_b,full_data
3,51,58,1,1,0,1,sushi_b,full_data
3,51,59,5,8,3,0.625,sushi_b,full_data
3,51,60,1,3,2,0.333333333333333,sushi_b,full_data
3,51,64,1,4,3,0.25,sushi_b,full_data
3,51,68,0,1,1,0,sushi_b,full_data
3,51,69,2,3,1,0.666666666666667,sushi_b,full_data
3,51,74,3,3,0,1,sushi_b,full_data
3,51,75,1,1,0,1,sushi_b,full_data
3,51,77,1,1,0,1,sushi_b,full_data
3,51,78,4,7,3,0.571428571428571,sushi_b,full_data
3,51,80,0,1,1,0,sushi_b,full_data
3,51,81,1,3,2,0.333333333333333,sushi_b,full_data
3,51,83,2,2,0,1,sushi_b,full_data
3,51,84,0,1,1,0,sushi_b,full_data
3,51,85,2,3,1,0.666666666666667,sushi_b,full_data
3,51,89,1,1,0,1,sushi_b,full_data
3,51,92,3,5,2,0.6,sushi_b,full_data
3,51,93,1,1,0,1,sushi_b,full_data
3,51,94,2,4,2,0.5,sushi_b,full_data
3,51,97,2,3,1,0.666666666666667,sushi_b,full_data
3,51,98,1,1,0,1,sushi_b,full_data
3,51,99,1,1,0,1,sushi_b,full_data
3,52,17,2,2,0,1,sushi_b,full_data
3,52,59,1,2,1,0.5,sushi_b,full_data
3,52,97,1,1,0,1,sushi_b,full_data
3,53,0,8,17,9,0.470588235294118,sushi_b,full_data
3,53,1,4,7,3,0.571428571428571,sushi_b,full_data
3,53,3,17,25,8,0.68,sushi_b,full_data
3,53,4,15,24,9,0.625,sushi_b,full_data
3,53,5,10,21,11,0.476190476190476,sushi_b,full_data
3,53,7,12,14,2,0.857142857142857,sushi_b,full_data
3,53,10,11,14,3,0.785714285714286,sushi_b,full_data
3,53,12,1,1,0,1,sushi_b,full_data
3,53,14,10,14,4,0.714285714285714,sushi_b,full_data
3,53,16,2,2,0,1,sushi_b,full_data
3,53,18,3,3,0,1,sushi_b,full_data
3,53,20,6,7,1,0.857142857142857,sushi_b,full_data
3,53,21,6,10,4,0.6,sushi_b,full_data
3,53,22,10,18,8,0.555555555555556,sushi_b,full_data
3,53,25,9,14,5,0.642857142857143,sushi_b,full_data
3,53,26,10,15,5,0.666666666666667,sushi_b,full_data
3,53,27,4,11,7,0.363636363636364,sushi_b,full_data
3,53,30,1,2,1,0.5,sushi_b,full_data
3,53,31,4,8,4,0.5,sushi_b,full_data
3,53,32,1,2,1,0.5,sushi_b,full_data
3,53,34,5,8,3,0.625,sushi_b,full_data
3,53,35,1,2,1,0.5,sushi_b,full_data
3,53,36,5,7,2,0.714285714285714,sushi_b,full_data
3,53,39,2,4,2,0.5,sushi_b,full_data
3,53,41,6,7,1,0.857142857142857,sushi_b,full_data
3,53,43,2,3,1,0.666666666666667,sushi_b,full_data
3,53,44,1,2,1,0.5,sushi_b,full_data
3,53,45,2,4,2,0.5,sushi_b,full_data
3,53,46,1,1,0,1,sushi_b,full_data
3,53,50,1,2,1,0.5,sushi_b,full_data
3,53,51,1,1,0,1,sushi_b,full_data
3,53,57,1,3,2,0.333333333333333,sushi_b,full_data
3,53,62,2,2,0,1,sushi_b,full_data
3,53,71,1,1,0,1,sushi_b,full_data
3,53,73,2,3,1,0.666666666666667,sushi_b,full_data
3,53,76,1,1,0,1,sushi_b,full_data
3,53,88,1,2,1,0.5,sushi_b,full_data
3,54,12,1,5,4,0.2,sushi_b,full_data
3,54,16,1,6,5,0.166666666666667,sushi_b,full_data
3,54,17,11,13,2,0.846153846153846,sushi_b,full_data
3,54,23,9,14,5,0.642857142857143,sushi_b,full_data
3,54,24,9,14,5,0.642857142857143,sushi_b,full_data
3,54,28,3,5,2,0.6,sushi_b,full_data
3,54,29,6,8,2,0.75,sushi_b,full_data
3,54,30,3,5,2,0.6,sushi_b,full_data
3,54,33,8,13,5,0.615384615384615,sushi_b,full_data
3,54,35,3,6,3,0.5,sushi_b,full_data
3,54,38,3,3,0,1,sushi_b,full_data
3,54,40,4,5,1,0.8,sushi_b,full_data
3,54,42,5,5,0,1,sushi_b,full_data
3,54,48,1,2,1,0.5,sushi_b,full_data
3,54,49,2,3,1,0.666666666666667,sushi_b,full_data
3,54,50,2,4,2,0.5,sushi_b,full_data
3,54,51,1,1,0,1,sushi_b,full_data
3,54,52,3,5,2,0.6,sushi_b,full_data
3,54,55,2,3,1,0.666666666666667,sushi_b,full_data
3,54,56,3,3,0,1,sushi_b,full_data
3,54,58,1,6,5,0.166666666666667,sushi_b,full_data
3,54,59,2,2,0,1,sushi_b,full_data
3,54,60,2,3,1,0.666666666666667,sushi_b,full_data
3,54,66,1,1,0,1,sushi_b,full_data
3,54,67,1,3,2,0.333333333333333,sushi_b,full_data
3,54,70,0,1,1,0,sushi_b,full_data
3,54,74,1,2,1,0.5,sushi_b,full_data
3,54,75,0,1,1,0,sushi_b,full_data
3,54,77,2,2,0,1,sushi_b,full_data
3,54,78,2,2,0,1,sushi_b,full_data
3,54,80,1,1,0,1,sushi_b,full_data
3,54,83,1,3,2,0.333333333333333,sushi_b,full_data
3,54,84,1,1,0,1,sushi_b,full_data
3,54,85,1,1,0,1,sushi_b,full_data
3,54,86,1,1,0,1,sushi_b,full_data
3,54,90,1,1,0,1,sushi_b,full_data
3,54,91,1,1,0,1,sushi_b,full_data
3,54,94,2,2,0,1,sushi_b,full_data
3,54,97,1,2,1,0.5,sushi_b,full_data
3,54,98,1,2,1,0.5,sushi_b,full_data
3,54,99,1,1,0,1,sushi_b,full_data
3,55,17,3,8,5,0.375,sushi_b,full_data
3,55,28,2,4,2,0.5,sushi_b,full_data
3,55,40,2,5,3,0.4,sushi_b,full_data
3,55,42,1,1,0,1,sushi_b,full_data
3,55,49,1,1,0,1,sushi_b,full_data
3,55,52,1,1,0,1,sushi_b,full_data
3,55,56,1,2,1,0.5,sushi_b,full_data
3,55,59,1,3,2,0.333333333333333,sushi_b,full_data
3,55,60,1,1,0,1,sushi_b,full_data
3,55,68,1,1,0,1,sushi_b,full_data
3,55,69,0,3,3,0,sushi_b,full_data
3,55,77,1,1,0,1,sushi_b,full_data
3,55,81,1,1,0,1,sushi_b,full_data
3,55,85,0,1,1,0,sushi_b,full_data
3,55,86,1,1,0,1,sushi_b,full_data
3,55,94,0,1,1,0,sushi_b,full_data
3,56,90,0,1,1,0,sushi_b,full_data
3,57,7,5,12,7,0.416666666666667,sushi_b,full_data
3,57,12,12,18,6,0.666666666666667,sushi_b,full_data
3,57,14,2,2,0,1,sushi_b,full_data
3,57,16,10,12,2,0.833333333333333,sushi_b,full_data
3,57,17,4,6,2,0.666666666666667,sushi_b,full_data
3,57,18,5,11,6,0.454545454545455,sushi_b,full_data
3,57,23,7,12,5,0.583333333333333,sushi_b,full_data
3,57,24,6,9,3,0.666666666666667,sushi_b,full_data
3,57,28,4,5,1,0.8,sushi_b,full_data
3,57,29,2,3,1,0.666666666666667,sushi_b,full_data
3,57,30,5,12,7,0.416666666666667,sushi_b,full_data
3,57,32,2,3,1,0.666666666666667,sushi_b,full_data
3,57,33,7,10,3,0.7,sushi_b,full_data
3,57,34,2,2,0,1,sushi_b,full_data
3,57,35,6,7,1,0.857142857142857,sushi_b,full_data
3,57,38,7,8,1,0.875,sushi_b,full_data
3,57,39,3,6,3,0.5,sushi_b,full_data
3,57,40,3,7,4,0.428571428571429,sushi_b,full_data
3,57,42,2,2,0,1,sushi_b,full_data
3,57,43,1,2,1,0.5,sushi_b,full_data
3,57,46,1,1,0,1,sushi_b,full_data
3,57,48,1,1,0,1,sushi_b,full_data
3,57,49,2,3,1,0.666666666666667,sushi_b,full_data
3,57,50,3,6,3,0.5,sushi_b,full_data
3,57,51,2,4,2,0.5,sushi_b,full_data
3,57,52,2,4,2,0.5,sushi_b,full_data
3,57,54,1,1,0,1,sushi_b,full_data
3,57,55,1,1,0,1,sushi_b,full_data
3,57,56,1,1,0,1,sushi_b,full_data
3,57,58,3,4,1,0.75,sushi_b,full_data
3,57,60,1,2,1,0.5,sushi_b,full_data
3,57,62,1,1,0,1,sushi_b,full_data
3,57,63,4,5,1,0.8,sushi_b,full_data
3,57,64,4,5,1,0.8,sushi_b,full_data
3,57,65,2,3,1,0.666666666666667,sushi_b,full_data
3,57,67,0,1,1,0,sushi_b,full_data
3,57,68,0,1,1,0,sushi_b,full_data
3,57,82,1,1,0,1,sushi_b,full_data
3,57,84,1,1,0,1,sushi_b,full_data
3,57,86,1,1,0,1,sushi_b,full_data
3,57,90,1,1,0,1,sushi_b,full_data
3,57,91,1,1,0,1,sushi_b,full_data
3,57,94,0,1,1,0,sushi_b,full_data
3,57,97,1,1,0,1,sushi_b,full_data
3,57,98,1,2,1,0.5,sushi_b,full_data
3,57,99,0,1,1,0,sushi_b,full_data
3,58,17,5,6,1,0.833333333333333,sushi_b,full_data
3,58,28,2,2,0,1,sushi_b,full_data
3,58,40,2,4,2,0.5,sushi_b,full_data
3,58,42,0,2,2,0,sushi_b,full_data
3,58,49,2,3,1,0.666666666666667,sushi_b,full_data
3,58,52,0,1,1,0,sushi_b,full_data
3,58,59,0,2,2,0,sushi_b,full_data
3,58,60,3,4,1,0.75,sushi_b,full_data
3,58,64,1,1,0,1,sushi_b,full_data
3,58,74,1,2,1,0.5,sushi_b,full_data
3,58,77,1,1,0,1,sushi_b,full_data
3,58,78,1,2,1,0.5,sushi_b,full_data
3,58,81,3,3,0,1,sushi_b,full_data
3,58,86,1,1,0,1,sushi_b,full_data
3,58,90,1,3,2,0.333333333333333,sushi_b,full_data
3,58,93,1,1,0,1,sushi_b,full_data
3,58,97,1,1,0,1,sushi_b,full_data
3,61,0,14,24,10,0.583333333333333,sushi_b,full_data
3,61,1,7,18,11,0.388888888888889,sushi_b,full_data
3,61,2,4,4,0,1,sushi_b,full_data
3,61,3,7,21,14,0.333333333333333,sushi_b,full_data
3,61,4,10,19,9,0.526315789473684,sushi_b,full_data
3,61,5,7,12,5,0.583333333333333,sushi_b,full_data
3,61,6,5,10,5,0.5,sushi_b,full_data
3,61,7,1,1,0,1,sushi_b,full_data
3,61,10,9,12,3,0.75,sushi_b,full_data
3,61,11,3,8,5,0.375,sushi_b,full_data
3,61,12,2,3,1,0.666666666666667,sushi_b,full_data
3,61,13,6,7,1,0.857142857142857,sushi_b,full_data
3,61,14,1,2,1,0.5,sushi_b,full_data
3,61,20,7,12,5,0.583333333333333,sushi_b,full_data
3,61,21,6,10,4,0.6,sushi_b,full_data
3,61,22,10,16,6,0.625,sushi_b,full_data
3,61,25,3,4,1,0.75,sushi_b,full_data
3,61,26,12,15,3,0.8,sushi_b,full_data
3,61,27,7,9,2,0.777777777777778,sushi_b,full_data
3,61,31,5,6,1,0.833333333333333,sushi_b,full_data
3,61,34,1,1,0,1,sushi_b,full_data
3,61,36,4,4,0,1,sushi_b,full_data
3,61,41,3,4,1,0.75,sushi_b,full_data
3,61,43,1,1,0,1,sushi_b,full_data
3,61,57,1,1,0,1,sushi_b,full_data
3,61,73,1,2,1,0.5,sushi_b,full_data
3,61,76,1,2,1,0.5,sushi_b,full_data
3,61,79,1,2,1,0.5,sushi_b,full_data
3,61,88,3,3,0,1,sushi_b,full_data
3,61,96,1,1,0,1,sushi_b,full_data
3,62,12,1,5,4,0.2,sushi_b,full_data
3,62,16,8,10,2,0.8,sushi_b,full_data
3,62,17,10,14,4,0.714285714285714,sushi_b,full_data
3,62,18,3,6,3,0.5,sushi_b,full_data
3,62,23,5,7,2,0.714285714285714,sushi_b,full_data
3,62,24,4,7,3,0.571428571428571,sushi_b,full_data
3,62,28,5,5,0,1,sushi_b,full_data
3,62,29,7,13,6,0.538461538461538,sushi_b,full_data
3,62,30,3,6,3,0.5,sushi_b,full_data
3,62,32,2,3,1,0.666666666666667,sushi_b,full_data
3,62,33,5,8,3,0.625,sushi_b,full_data
3,62,35,7,13,6,0.538461538461538,sushi_b,full_data
3,62,38,0,1,1,0,sushi_b,full_data
3,62,40,0,1,1,0,sushi_b,full_data
3,62,42,3,5,2,0.6,sushi_b,full_data
3,62,48,2,4,2,0.5,sushi_b,full_data
3,62,49,4,5,1,0.8,sushi_b,full_data
3,62,50,1,1,0,1,sushi_b,full_data
3,62,51,4,8,4,0.5,sushi_b,full_data
3,62,52,2,3,1,0.666666666666667,sushi_b,full_data
3,62,55,5,6,1,0.833333333333333,sushi_b,full_data
3,62,56,1,3,2,0.333333333333333,sushi_b,full_data
3,62,58,1,3,2,0.333333333333333,sushi_b,full_data
3,62,60,0,1,1,0,sushi_b,full_data
3,62,66,2,2,0,1,sushi_b,full_data
3,62,67,1,4,3,0.25,sushi_b,full_data
3,62,68,1,3,2,0.333333333333333,sushi_b,full_data
3,62,69,1,1,0,1,sushi_b,full_data
3,62,70,1,2,1,0.5,sushi_b,full_data
3,62,72,1,1,0,1,sushi_b,full_data
3,62,77,0,1,1,0,sushi_b,full_data
3,62,78,1,2,1,0.5,sushi_b,full_data
3,62,80,1,1,0,1,sushi_b,full_data
3,62,82,0,1,1,0,sushi_b,full_data
3,62,83,1,2,1,0.5,sushi_b,full_data
3,62,84,1,2,1,0.5,sushi_b,full_data
3,62,89,1,1,0,1,sushi_b,full_data
3,62,91,1,1,0,1,sushi_b,full_data
3,62,97,1,1,0,1,sushi_b,full_data
3,62,99,2,3,1,0.666666666666667,sushi_b,full_data
3,63,17,6,10,4,0.6,sushi_b,full_data
3,63,23,2,3,1,0.666666666666667,sushi_b,full_data
3,63,24,4,9,5,0.444444444444444,sushi_b,full_data
3,63,28,7,8,1,0.875,sushi_b,full_data
3,63,29,4,11,7,0.363636363636364,sushi_b,full_data
3,63,35,1,1,0,1,sushi_b,full_data
3,63,40,4,7,3,0.571428571428571,sushi_b,full_data
3,63,42,4,6,2,0.666666666666667,sushi_b,full_data
3,63,49,4,5,1,0.8,sushi_b,full_data
3,63,52,1,2,1,0.5,sushi_b,full_data
3,63,56,1,1,0,1,sushi_b,full_data
3,63,58,1,1,0,1,sushi_b,full_data
3,63,59,4,6,2,0.666666666666667,sushi_b,full_data
3,63,60,1,1,0,1,sushi_b,full_data
3,63,64,3,3,0,1,sushi_b,full_data
3,63,69,1,1,0,1,sushi_b,full_data
3,63,75,0,2,2,0,sushi_b,full_data
3,63,77,2,2,0,1,sushi_b,full_data
3,63,78,2,3,1,0.666666666666667,sushi_b,full_data
3,63,80,0,1,1,0,sushi_b,full_data
3,63,81,1,1,0,1,sushi_b,full_data
3,63,83,1,1,0,1,sushi_b,full_data
3,63,84,2,2,0,1,sushi_b,full_data
3,63,85,1,1,0,1,sushi_b,full_data
3,63,89,2,2,0,1,sushi_b,full_data
3,63,91,1,1,0,1,sushi_b,full_data
3,63,92,2,3,1,0.666666666666667,sushi_b,full_data
3,63,93,2,2,0,1,sushi_b,full_data
3,63,94,1,1,0,1,sushi_b,full_data
3,64,89,0,1,1,0,sushi_b,full_data
3,64,90,1,1,0,1,sushi_b,full_data
3,64,92,1,1,0,1,sushi_b,full_data
3,64,93,1,2,1,0.5,sushi_b,full_data
3,65,12,3,6,3,0.5,sushi_b,full_data
3,65,16,6,7,1,0.857142857142857,sushi_b,full_data
3,65,17,3,4,1,0.75,sushi_b,full_data
3,65,23,6,9,3,0.666666666666667,sushi_b,full_data
3,65,24,6,7,1,0.857142857142857,sushi_b,full_data
3,65,28,0,2,2,0,sushi_b,full_data
3,65,29,3,6,3,0.5,sushi_b,full_data
3,65,30,1,2,1,0.5,sushi_b,full_data
3,65,33,4,6,2,0.666666666666667,sushi_b,full_data
3,65,35,4,6,2,0.666666666666667,sushi_b,full_data
3,65,38,1,2,1,0.5,sushi_b,full_data
3,65,40,3,4,1,0.75,sushi_b,full_data
3,65,42,2,3,1,0.666666666666667,sushi_b,full_data
3,65,48,3,5,2,0.6,sushi_b,full_data
3,65,49,1,3,2,0.333333333333333,sushi_b,full_data
3,65,52,2,4,2,0.5,sushi_b,full_data
3,65,55,1,3,2,0.333333333333333,sushi_b,full_data
3,65,58,2,2,0,1,sushi_b,full_data
3,65,59,1,1,0,1,sushi_b,full_data
3,65,60,2,3,1,0.666666666666667,sushi_b,full_data
3,65,64,2,2,0,1,sushi_b,full_data
3,65,68,2,2,0,1,sushi_b,full_data
3,65,69,1,1,0,1,sushi_b,full_data
3,65,72,2,2,0,1,sushi_b,full_data
3,65,74,0,1,1,0,sushi_b,full_data
3,65,75,0,1,1,0,sushi_b,full_data
3,65,78,1,2,1,0.5,sushi_b,full_data
3,65,80,1,2,1,0.5,sushi_b,full_data
3,65,81,1,1,0,1,sushi_b,full_data
3,65,83,1,1,0,1,sushi_b,full_data
3,65,84,1,1,0,1,sushi_b,full_data
3,65,87,1,2,1,0.5,sushi_b,full_data
3,65,91,0,1,1,0,sushi_b,full_data
3,65,94,1,1,0,1,sushi_b,full_data
3,65,95,1,1,0,1,sushi_b,full_data
3,65,97,1,1,0,1,sushi_b,full_data
3,66,17,4,7,3,0.571428571428571,sushi_b,full_data
3,66,24,2,4,2,0.5,sushi_b,full_data
3,66,28,1,1,0,1,sushi_b,full_data
3,66,29,2,3,1,0.666666666666667,sushi_b,full_data
3,66,40,3,4,1,0.75,sushi_b,full_data
3,66,42,1,4,3,0.25,sushi_b,full_data
3,66,49,2,2,0,1,sushi_b,full_data
3,66,52,0,1,1,0,sushi_b,full_data
3,66,56,1,2,1,0.5,sushi_b,full_data
3,66,59,1,1,0,1,sushi_b,full_data
3,66,60,1,1,0,1,sushi_b,full_data
3,66,64,1,1,0,1,sushi_b,full_data
3,66,69,1,1,0,1,sushi_b,full_data
3,66,77,1,1,0,1,sushi_b,full_data
3,66,78,1,2,1,0.5,sushi_b,full_data
3,66,80,1,1,0,1,sushi_b,full_data
3,66,86,1,1,0,1,sushi_b,full_data
3,66,89,0,2,2,0,sushi_b,full_data
3,66,92,0,1,1,0,sushi_b,full_data
3,66,99,0,1,1,0,sushi_b,full_data
3,67,17,2,4,2,0.5,sushi_b,full_data
3,67,40,0,2,2,0,sushi_b,full_data
3,67,49,2,2,0,1,sushi_b,full_data
3,67,59,0,2,2,0,sushi_b,full_data
3,67,78,1,2,1,0.5,sushi_b,full_data
3,67,84,1,2,1,0.5,sushi_b,full_data
3,67,86,1,1,0,1,sushi_b,full_data
3,67,89,1,1,0,1,sushi_b,full_data
3,67,93,1,1,0,1,sushi_b,full_data
3,67,94,1,1,0,1,sushi_b,full_data
3,68,17,2,2,0,1,sushi_b,full_data
3,68,40,1,1,0,1,sushi_b,full_data
3,68,56,1,1,0,1,sushi_b,full_data
3,68,64,0,1,1,0,sushi_b,full_data
3,68,78,0,1,1,0,sushi_b,full_data
3,68,85,1,1,0,1,sushi_b,full_data
3,68,92,0,1,1,0,sushi_b,full_data
3,68,94,0,1,1,0,sushi_b,full_data
3,70,17,2,8,6,0.25,sushi_b,full_data
3,70,40,2,2,0,1,sushi_b,full_data
3,70,42,0,1,1,0,sushi_b,full_data
3,70,52,1,1,0,1,sushi_b,full_data
3,70,59,1,1,0,1,sushi_b,full_data
3,70,78,1,2,1,0.5,sushi_b,full_data
3,70,81,0,1,1,0,sushi_b,full_data
3,70,89,0,1,1,0,sushi_b,full_data
3,70,92,0,1,1,0,sushi_b,full_data
3,70,99,0,1,1,0,sushi_b,full_data
3,71,16,0,1,1,0,sushi_b,full_data
3,71,17,6,8,2,0.75,sushi_b,full_data
3,71,23,3,5,2,0.6,sushi_b,full_data
3,71,24,0,1,1,0,sushi_b,full_data
3,71,28,3,8,5,0.375,sushi_b,full_data
3,71,29,6,7,1,0.857142857142857,sushi_b,full_data
3,71,30,1,2,1,0.5,sushi_b,full_data
3,71,33,2,3,1,0.666666666666667,sushi_b,full_data
3,71,35,3,6,3,0.5,sushi_b,full_data
3,71,40,4,5,1,0.8,sushi_b,full_data
3,71,42,2,3,1,0.666666666666667,sushi_b,full_data
3,71,48,1,1,0,1,sushi_b,full_data
3,71,49,3,5,2,0.6,sushi_b,full_data
3,71,51,3,4,1,0.75,sushi_b,full_data
3,71,52,2,3,1,0.666666666666667,sushi_b,full_data
3,71,56,1,1,0,1,sushi_b,full_data
3,71,58,0,2,2,0,sushi_b,full_data
3,71,60,2,2,0,1,sushi_b,full_data
3,71,64,2,4,2,0.5,sushi_b,full_data
3,71,68,1,1,0,1,sushi_b,full_data
3,71,69,2,2,0,1,sushi_b,full_data
3,71,70,0,1,1,0,sushi_b,full_data
3,71,72,1,1,0,1,sushi_b,full_data
3,71,74,1,2,1,0.5,sushi_b,full_data
3,71,75,0,1,1,0,sushi_b,full_data
3,71,77,1,1,0,1,sushi_b,full_data
3,71,82,1,1,0,1,sushi_b,full_data
3,71,85,1,1,0,1,sushi_b,full_data
3,71,89,1,1,0,1,sushi_b,full_data
3,71,90,2,3,1,0.666666666666667,sushi_b,full_data
3,71,92,2,2,0,1,sushi_b,full_data
3,71,93,1,1,0,1,sushi_b,full_data
3,71,94,1,1,0,1,sushi_b,full_data
3,71,97,1,1,0,1,sushi_b,full_data
3,71,99,0,1,1,0,sushi_b,full_data
3,72,17,7,10,3,0.7,sushi_b,full_data
3,72,24,3,4,1,0.75,sushi_b,full_data
3,72,28,1,5,4,0.2,sushi_b,full_data
3,72,29,2,4,2,0.5,sushi_b,full_data
3,72,40,0,3,3,0,sushi_b,full_data
3,72,42,1,1,0,1,sushi_b,full_data
3,72,49,1,1,0,1,sushi_b,full_data
3,72,52,1,1,0,1,sushi_b,full_data
3,72,56,1,3,2,0.333333333333333,sushi_b,full_data
3,72,59,3,4,1,0.75,sushi_b,full_data
3,72,64,1,1,0,1,sushi_b,full_data
3,72,68,1,2,1,0.5,sushi_b,full_data
3,72,69,0,1,1,0,sushi_b,full_data
3,72,70,1,1,0,1,sushi_b,full_data
3,72,75,2,2,0,1,sushi_b,full_data
3,72,77,1,1,0,1,sushi_b,full_data
3,72,78,1,3,2,0.333333333333333,sushi_b,full_data
3,72,80,1,1,0,1,sushi_b,full_data
3,72,86,2,2,0,1,sushi_b,full_data
3,72,90,1,1,0,1,sushi_b,full_data
3,72,91,1,1,0,1,sushi_b,full_data
3,72,94,1,1,0,1,sushi_b,full_data
3,72,97,1,1,0,1,sushi_b,full_data
3,73,5,2,3,1,0.666666666666667,sushi_b,full_data
3,73,7,3,5,2,0.6,sushi_b,full_data
3,73,12,5,11,6,0.454545454545455,sushi_b,full_data
3,73,14,4,7,3,0.571428571428571,sushi_b,full_data
3,73,16,5,10,5,0.5,sushi_b,full_data
3,73,17,3,5,2,0.6,sushi_b,full_data
3,73,18,9,13,4,0.692307692307692,sushi_b,full_data
3,73,23,3,3,0,1,sushi_b,full_data
3,73,24,4,4,0,1,sushi_b,full_data
3,73,28,4,5,1,0.8,sushi_b,full_data
3,73,29,0,2,2,0,sushi_b,full_data
3,73,30,0,2,2,0,sushi_b,full_data
3,73,32,0,3,3,0,sushi_b,full_data
3,73,33,2,5,3,0.4,sushi_b,full_data
3,73,34,1,2,1,0.5,sushi_b,full_data
3,73,35,2,2,0,1,sushi_b,full_data
3,73,38,4,4,0,1,sushi_b,full_data
3,73,39,1,1,0,1,sushi_b,full_data
3,73,40,1,1,0,1,sushi_b,full_data
3,73,42,3,4,1,0.75,sushi_b,full_data
3,73,43,2,4,2,0.5,sushi_b,full_data
3,73,44,2,4,2,0.5,sushi_b,full_data
3,73,45,1,1,0,1,sushi_b,full_data
3,73,46,1,1,0,1,sushi_b,full_data
3,73,48,2,2,0,1,sushi_b,full_data
3,73,49,2,2,0,1,sushi_b,full_data
3,73,50,1,1,0,1,sushi_b,full_data
3,73,51,1,1,0,1,sushi_b,full_data
3,73,52,1,2,1,0.5,sushi_b,full_data
3,73,54,0,2,2,0,sushi_b,full_data
3,73,55,1,1,0,1,sushi_b,full_data
3,73,58,1,1,0,1,sushi_b,full_data
3,73,63,0,1,1,0,sushi_b,full_data
3,73,65,1,1,0,1,sushi_b,full_data
3,73,66,0,1,1,0,sushi_b,full_data
3,73,71,1,2,1,0.5,sushi_b,full_data
3,73,72,2,2,0,1,sushi_b,full_data
3,73,87,1,1,0,1,sushi_b,full_data
3,74,17,1,1,0,1,sushi_b,full_data
3,75,17,0,1,1,0,sushi_b,full_data
3,75,69,1,1,0,1,sushi_b,full_data
3,75,78,1,2,1,0.5,sushi_b,full_data
3,76,5,0,2,2,0,sushi_b,full_data
3,76,7,4,10,6,0.4,sushi_b,full_data
3,76,12,12,15,3,0.8,sushi_b,full_data
3,76,14,4,6,2,0.666666666666667,sushi_b,full_data
3,76,16,7,9,2,0.777777777777778,sushi_b,full_data
3,76,17,1,1,0,1,sushi_b,full_data
3,76,18,3,8,5,0.375,sushi_b,full_data
3,76,23,2,4,2,0.5,sushi_b,full_data
3,76,24,5,5,0,1,sushi_b,full_data
3,76,28,3,4,1,0.75,sushi_b,full_data
3,76,29,2,3,1,0.666666666666667,sushi_b,full_data
3,76,30,0,3,3,0,sushi_b,full_data
3,76,32,2,3,1,0.666666666666667,sushi_b,full_data
3,76,33,3,5,2,0.6,sushi_b,full_data
3,76,34,2,4,2,0.5,sushi_b,full_data
3,76,35,2,4,2,0.5,sushi_b,full_data
3,76,38,6,7,1,0.857142857142857,sushi_b,full_data
3,76,39,2,3,1,0.666666666666667,sushi_b,full_data
3,76,42,3,3,0,1,sushi_b,full_data
3,76,43,1,1,0,1,sushi_b,full_data
3,76,44,0,1,1,0,sushi_b,full_data
3,76,45,1,1,0,1,sushi_b,full_data
3,76,46,1,1,0,1,sushi_b,full_data
3,76,48,1,1,0,1,sushi_b,full_data
3,76,49,3,3,0,1,sushi_b,full_data
3,76,50,3,3,0,1,sushi_b,full_data
3,76,51,3,3,0,1,sushi_b,full_data
3,76,54,2,3,1,0.666666666666667,sushi_b,full_data
3,76,56,2,3,1,0.666666666666667,sushi_b,full_data
3,76,58,1,2,1,0.5,sushi_b,full_data
3,76,62,1,1,0,1,sushi_b,full_data
3,76,63,1,1,0,1,sushi_b,full_data
3,76,64,1,2,1,0.5,sushi_b,full_data
3,76,65,1,1,0,1,sushi_b,full_data
3,76,67,1,1,0,1,sushi_b,full_data
3,76,69,1,1,0,1,sushi_b,full_data
3,76,70,1,1,0,1,sushi_b,full_data
3,76,71,1,1,0,1,sushi_b,full_data
3,76,72,1,1,0,1,sushi_b,full_data
3,76,75,1,1,0,1,sushi_b,full_data
3,76,77,1,2,1,0.5,sushi_b,full_data
3,76,86,0,1,1,0,sushi_b,full_data
3,76,87,1,1,0,1,sushi_b,full_data
3,76,91,1,1,0,1,sushi_b,full_data
3,76,92,0,1,1,0,sushi_b,full_data
3,76,98,1,1,0,1,sushi_b,full_data
3,77,17,1,2,1,0.5,sushi_b,full_data
3,77,42,1,1,0,1,sushi_b,full_data
3,77,59,1,2,1,0.5,sushi_b,full_data
3,77,89,1,1,0,1,sushi_b,full_data
3,77,90,0,1,1,0,sushi_b,full_data
3,79,0,7,12,5,0.583333333333333,sushi_b,full_data
3,79,1,4,7,3,0.571428571428571,sushi_b,full_data
3,79,3,9,14,5,0.642857142857143,sushi_b,full_data
3,79,4,6,10,4,0.6,sushi_b,full_data
3,79,5,7,9,2,0.777777777777778,sushi_b,full_data
3,79,7,2,2,0,1,sushi_b,full_data
3,79,10,7,11,4,0.636363636363636,sushi_b,full_data
3,79,11,0,2,2,0,sushi_b,full_data
3,79,12,1,1,0,1,sushi_b,full_data
3,79,14,4,5,1,0.8,sushi_b,full_data
3,79,16,2,2,0,1,sushi_b,full_data
3,79,18,1,2,1,0.5,sushi_b,full_data
3,79,20,3,4,1,0.75,sushi_b,full_data
3,79,21,3,3,0,1,sushi_b,full_data
3,79,22,4,5,1,0.8,sushi_b,full_data
3,79,24,1,1,0,1,sushi_b,full_data
3,79,25,6,7,1,0.857142857142857,sushi_b,full_data
3,79,26,4,9,5,0.444444444444444,sushi_b,full_data
3,79,27,4,8,4,0.5,sushi_b,full_data
3,79,31,3,3,0,1,sushi_b,full_data
3,79,33,1,1,0,1,sushi_b,full_data
3,79,34,2,4,2,0.5,sushi_b,full_data
3,79,36,2,4,2,0.5,sushi_b,full_data
3,79,39,2,3,1,0.666666666666667,sushi_b,full_data
3,79,41,3,4,1,0.75,sushi_b,full_data
3,79,43,1,1,0,1,sushi_b,full_data
3,79,44,1,1,0,1,sushi_b,full_data
3,79,45,2,4,2,0.5,sushi_b,full_data
3,79,46,0,1,1,0,sushi_b,full_data
3,79,52,1,1,0,1,sushi_b,full_data
3,79,54,2,3,1,0.666666666666667,sushi_b,full_data
3,79,62,2,2,0,1,sushi_b,full_data
3,79,63,1,1,0,1,sushi_b,full_data
3,79,65,1,1,0,1,sushi_b,full_data
3,79,71,0,1,1,0,sushi_b,full_data
3,79,73,1,2,1,0.5,sushi_b,full_data
3,79,76,2,2,0,1,sushi_b,full_data
3,80,17,2,2,0,1,sushi_b,full_data
3,80,42,1,1,0,1,sushi_b,full_data
3,82,17,0,1,1,0,sushi_b,full_data
3,82,28,0,1,1,0,sushi_b,full_data
3,82,29,1,1,0,1,sushi_b,full_data
3,82,33,1,1,0,1,sushi_b,full_data
3,82,40,3,3,0,1,sushi_b,full_data
3,82,42,3,5,2,0.6,sushi_b,full_data
3,82,49,1,1,0,1,sushi_b,full_data
3,82,52,1,2,1,0.5,sushi_b,full_data
3,82,56,0,1,1,0,sushi_b,full_data
3,82,59,3,3,0,1,sushi_b,full_data
3,82,60,1,1,0,1,sushi_b,full_data
3,82,69,0,1,1,0,sushi_b,full_data
3,82,78,1,2,1,0.5,sushi_b,full_data
3,82,83,1,1,0,1,sushi_b,full_data
3,82,86,1,1,0,1,sushi_b,full_data
3,82,89,1,1,0,1,sushi_b,full_data
3,82,90,1,1,0,1,sushi_b,full_data
3,82,97,0,1,1,0,sushi_b,full_data
3,83,78,1,1,0,1,sushi_b,full_data
3,84,94,1,1,0,1,sushi_b,full_data
3,87,17,4,6,2,0.666666666666667,sushi_b,full_data
3,87,28,2,2,0,1,sushi_b,full_data
3,87,42,2,3,1,0.666666666666667,sushi_b,full_data
3,87,52,1,1,0,1,sushi_b,full_data
3,87,56,0,1,1,0,sushi_b,full_data
3,87,58,0,1,1,0,sushi_b,full_data
3,87,59,1,2,1,0.5,sushi_b,full_data
3,87,60,1,1,0,1,sushi_b,full_data
3,87,64,2,2,0,1,sushi_b,full_data
3,87,74,2,2,0,1,sushi_b,full_data
3,87,75,0,1,1,0,sushi_b,full_data
3,87,78,0,2,2,0,sushi_b,full_data
3,87,81,2,3,1,0.666666666666667,sushi_b,full_data
3,87,85,1,2,1,0.5,sushi_b,full_data
3,88,7,1,3,2,0.333333333333333,sushi_b,full_data
3,88,12,0,1,1,0,sushi_b,full_data
3,88,16,3,5,2,0.6,sushi_b,full_data
3,88,17,1,4,3,0.25,sushi_b,full_data
3,88,18,2,2,0,1,sushi_b,full_data
3,88,23,5,7,2,0.714285714285714,sushi_b,full_data
3,88,24,5,6,1,0.833333333333333,sushi_b,full_data
3,88,28,1,3,2,0.333333333333333,sushi_b,full_data
3,88,29,4,5,1,0.8,sushi_b,full_data
3,88,30,3,4,1,0.75,sushi_b,full_data
3,88,32,2,3,1,0.666666666666667,sushi_b,full_data
3,88,33,1,2,1,0.5,sushi_b,full_data
3,88,35,0,1,1,0,sushi_b,full_data
3,88,38,3,3,0,1,sushi_b,full_data
3,88,39,1,1,0,1,sushi_b,full_data
3,88,40,2,2,0,1,sushi_b,full_data
3,88,43,1,1,0,1,sushi_b,full_data
3,88,44,1,1,0,1,sushi_b,full_data
3,88,46,0,1,1,0,sushi_b,full_data
3,88,48,0,1,1,0,sushi_b,full_data
3,88,49,1,1,0,1,sushi_b,full_data
3,88,50,2,5,3,0.4,sushi_b,full_data
3,88,51,0,2,2,0,sushi_b,full_data
3,88,55,1,2,1,0.5,sushi_b,full_data
3,88,58,1,1,0,1,sushi_b,full_data
3,88,59,1,1,0,1,sushi_b,full_data
3,88,63,1,1,0,1,sushi_b,full_data
3,88,64,0,1,1,0,sushi_b,full_data
3,88,65,1,1,0,1,sushi_b,full_data
3,88,70,1,1,0,1,sushi_b,full_data
3,88,72,1,1,0,1,sushi_b,full_data
3,88,77,1,1,0,1,sushi_b,full_data
3,88,84,1,1,0,1,sushi_b,full_data
3,88,87,1,1,0,1,sushi_b,full_data
3,88,92,1,1,0,1,sushi_b,full_data
3,91,17,3,4,1,0.75,sushi_b,full_data
3,91,40,2,2,0,1,sushi_b,full_data
3,91,49,1,1,0,1,sushi_b,full_data
3,91,52,0,1,1,0,sushi_b,full_data
3,91,69,1,1,0,1,sushi_b,full_data
3,91,89,1,1,0,1,sushi_b,full_data
3,95,16,3,5,2,0.6,sushi_b,full_data
3,95,17,3,4,1,0.75,sushi_b,full_data
3,95,23,2,3,1,0.666666666666667,sushi_b,full_data
3,95,24,1,4,3,0.25,sushi_b,full_data
3,95,28,6,12,6,0.5,sushi_b,full_data
3,95,29,2,3,1,0.666666666666667,sushi_b,full_data
3,95,30,0,1,1,0,sushi_b,full_data
3,95,33,2,3,1,0.666666666666667,sushi_b,full_data
3,95,35,3,5,2,0.6,sushi_b,full_data
3,95,40,0,2,2,0,sushi_b,full_data
3,95,42,1,3,2,0.333333333333333,sushi_b,full_data
3,95,48,1,2,1,0.5,sushi_b,full_data
3,95,49,2,3,1,0.666666666666667,sushi_b,full_data
3,95,50,1,1,0,1,sushi_b,full_data
3,95,52,2,3,1,0.666666666666667,sushi_b,full_data
3,95,58,1,2,1,0.5,sushi_b,full_data
3,95,59,0,1,1,0,sushi_b,full_data
3,95,60,1,1,0,1,sushi_b,full_data
3,95,67,0,1,1,0,sushi_b,full_data
3,95,69,1,1,0,1,sushi_b,full_data
3,95,77,3,3,0,1,sushi_b,full_data
3,95,78,1,1,0,1,sushi_b,full_data
3,95,80,1,1,0,1,sushi_b,full_data
3,95,81,2,2,0,1,sushi_b,full_data
3,95,89,1,1,0,1,sushi_b,full_data
3,95,90,1,1,0,1,sushi_b,full_data
3,95,94,0,1,1,0,sushi_b,full_data
3,96,5,1,1,0,1,sushi_b,full_data
3,96,7,3,6,3,0.5,sushi_b,full_data
3,96,12,5,7,2,0.714285714285714,sushi_b,full_data
3,96,14,1,2,1,0.5,sushi_b,full_data
3,96,16,0,2,2,0,sushi_b,full_data
3,96,23,1,4,3,0.25,sushi_b,full_data
3,96,24,1,3,2,0.333333333333333,sushi_b,full_data
3,96,28,1,2,1,0.5,sushi_b,full_data
3,96,29,1,2,1,0.5,sushi_b,full_data
3,96,30,4,4,0,1,sushi_b,full_data
3,96,32,0,1,1,0,sushi_b,full_data
3,96,35,1,2,1,0.5,sushi_b,full_data
3,96,38,3,4,1,0.75,sushi_b,full_data
3,96,39,0,1,1,0,sushi_b,full_data
3,96,44,1,3,2,0.333333333333333,sushi_b,full_data
3,96,45,0,1,1,0,sushi_b,full_data
3,96,46,3,4,1,0.75,sushi_b,full_data
3,96,51,2,2,0,1,sushi_b,full_data
3,96,55,1,1,0,1,sushi_b,full_data
3,96,63,1,2,1,0.5,sushi_b,full_data
3,96,64,1,2,1,0.5,sushi_b,full_data
3,96,65,1,1,0,1,sushi_b,full_data
3,96,66,1,2,1,0.5,sushi_b,full_data
3,96,67,1,1,0,1,sushi_b,full_data
3,96,72,1,2,1,0.5,sushi_b,full_data
3,96,82,1,1,0,1,sushi_b,full_data
3,96,84,1,1,0,1,sushi_b,full_data
3,96,91,0,1,1,0,sushi_b,full_data
3,98,85,0,1,1,0,sushi_b,full_data
3,99,89,0,1,1,0,sushi_b,full_data
3,99,94,1,1,0,1,sushi_b,full_data
3,99,97,1,1,0,1,sushi_b,full_data
4,0,3,2,5,3,0.4,sushi_b,full_data
4,0,5,41,56,15,0.732142857142857,sushi_b,full_data
4,0,7,71,102,31,0.696078431372549,sushi_b,full_data
4,0,10,0,1,1,0,sushi_b,full_data
4,0,12,90,120,30,0.75,sushi_b,full_data
4,0,14,47,74,27,0.635135135135135,sushi_b,full_data
4,0,16,61,71,10,0.859154929577465,sushi_b,full_data
4,0,17,14,19,5,0.736842105263158,sushi_b,full_data
4,0,18,48,80,32,0.6,sushi_b,full_data
4,0,21,9,16,7,0.5625,sushi_b,full_data
4,0,23,32,40,8,0.8,sushi_b,full_data
4,0,24,33,39,6,0.846153846153846,sushi_b,full_data
4,0,25,19,28,9,0.678571428571429,sushi_b,full_data
4,0,27,6,8,2,0.75,sushi_b,full_data
4,0,28,22,29,7,0.758620689655172,sushi_b,full_data
4,0,29,24,27,3,0.888888888888889,sushi_b,full_data
4,0,30,43,59,16,0.728813559322034,sushi_b,full_data
4,0,31,17,26,9,0.653846153846154,sushi_b,full_data
4,0,32,38,46,8,0.826086956521739,sushi_b,full_data
4,0,33,21,31,10,0.67741935483871,sushi_b,full_data
4,0,34,26,33,7,0.787878787878788,sushi_b,full_data
4,0,35,22,28,6,0.785714285714286,sushi_b,full_data
4,0,36,4,5,1,0.8,sushi_b,full_data
4,0,38,31,47,16,0.659574468085106,sushi_b,full_data
4,0,39,27,39,12,0.692307692307692,sushi_b,full_data
4,0,40,5,7,2,0.714285714285714,sushi_b,full_data
4,0,42,7,7,0,1,sushi_b,full_data
4,0,43,14,26,12,0.538461538461538,sushi_b,full_data
4,0,44,22,33,11,0.666666666666667,sushi_b,full_data
4,0,45,15,19,4,0.789473684210526,sushi_b,full_data
4,0,46,22,29,7,0.758620689655172,sushi_b,full_data
4,0,48,14,22,8,0.636363636363636,sushi_b,full_data
4,0,49,7,8,1,0.875,sushi_b,full_data
4,0,50,25,36,11,0.694444444444444,sushi_b,full_data
4,0,51,23,31,8,0.741935483870968,sushi_b,full_data
4,0,52,3,5,2,0.6,sushi_b,full_data
4,0,54,16,25,9,0.64,sushi_b,full_data
4,0,55,7,8,1,0.875,sushi_b,full_data
4,0,56,4,4,0,1,sushi_b,full_data
4,0,57,6,8,2,0.75,sushi_b,full_data
4,0,58,4,7,3,0.571428571428571,sushi_b,full_data
4,0,59,1,2,1,0.5,sushi_b,full_data
4,0,60,3,3,0,1,sushi_b,full_data
4,0,62,15,20,5,0.75,sushi_b,full_data
4,0,63,11,15,4,0.733333333333333,sushi_b,full_data
4,0,64,3,4,1,0.75,sushi_b,full_data
4,0,65,14,16,2,0.875,sushi_b,full_data
4,0,66,11,13,2,0.846153846153846,sushi_b,full_data
4,0,67,5,8,3,0.625,sushi_b,full_data
4,0,68,7,7,0,1,sushi_b,full_data
4,0,69,2,4,2,0.5,sushi_b,full_data
4,0,70,6,8,2,0.75,sushi_b,full_data
4,0,71,10,12,2,0.833333333333333,sushi_b,full_data
4,0,72,8,17,9,0.470588235294118,sushi_b,full_data
4,0,73,4,7,3,0.571428571428571,sushi_b,full_data
4,0,74,6,7,1,0.857142857142857,sushi_b,full_data
4,0,75,5,7,2,0.714285714285714,sushi_b,full_data
4,0,76,3,3,0,1,sushi_b,full_data
4,0,77,3,4,1,0.75,sushi_b,full_data
4,0,78,6,6,0,1,sushi_b,full_data
4,0,82,5,6,1,0.833333333333333,sushi_b,full_data
4,0,84,4,4,0,1,sushi_b,full_data
4,0,85,2,2,0,1,sushi_b,full_data
4,0,86,2,2,0,1,sushi_b,full_data
4,0,87,5,8,3,0.625,sushi_b,full_data
4,0,88,3,3,0,1,sushi_b,full_data
4,0,90,0,1,1,0,sushi_b,full_data
4,0,91,2,4,2,0.5,sushi_b,full_data
4,0,93,1,1,0,1,sushi_b,full_data
4,0,94,2,2,0,1,sushi_b,full_data
4,0,95,6,8,2,0.75,sushi_b,full_data
4,0,97,1,1,0,1,sushi_b,full_data
4,0,98,2,3,1,0.666666666666667,sushi_b,full_data
4,0,99,5,5,0,1,sushi_b,full_data
4,1,3,8,19,11,0.421052631578947,sushi_b,full_data
4,1,4,6,6,0,1,sushi_b,full_data
4,1,5,54,93,39,0.580645161290323,sushi_b,full_data
4,1,7,83,129,46,0.643410852713178,sushi_b,full_data
4,1,10,9,13,4,0.692307692307692,sushi_b,full_data
4,1,12,68,92,24,0.739130434782609,sushi_b,full_data
4,1,14,66,94,28,0.702127659574468,sushi_b,full_data
4,1,16,51,73,22,0.698630136986301,sushi_b,full_data
4,1,17,7,9,2,0.777777777777778,sushi_b,full_data
4,1,18,44,78,34,0.564102564102564,sushi_b,full_data
4,1,21,24,46,22,0.521739130434783,sushi_b,full_data
4,1,23,34,49,15,0.693877551020408,sushi_b,full_data
4,1,24,15,24,9,0.625,sushi_b,full_data
4,1,25,24,46,22,0.521739130434783,sushi_b,full_data
4,1,27,14,23,9,0.608695652173913,sushi_b,full_data
4,1,28,11,12,1,0.916666666666667,sushi_b,full_data
4,1,29,17,24,7,0.708333333333333,sushi_b,full_data
4,1,30,35,50,15,0.7,sushi_b,full_data
4,1,31,21,36,15,0.583333333333333,sushi_b,full_data
4,1,32,28,45,17,0.622222222222222,sushi_b,full_data
4,1,33,19,24,5,0.791666666666667,sushi_b,full_data
4,1,34,27,44,17,0.613636363636364,sushi_b,full_data
4,1,35,16,20,4,0.8,sushi_b,full_data
4,1,36,9,17,8,0.529411764705882,sushi_b,full_data
4,1,38,23,36,13,0.638888888888889,sushi_b,full_data
4,1,39,31,38,7,0.815789473684211,sushi_b,full_data
4,1,40,2,2,0,1,sushi_b,full_data
4,1,42,6,7,1,0.857142857142857,sushi_b,full_data
4,1,43,23,36,13,0.638888888888889,sushi_b,full_data
4,1,44,14,22,8,0.636363636363636,sushi_b,full_data
4,1,45,17,25,8,0.68,sushi_b,full_data
4,1,46,19,25,6,0.76,sushi_b,full_data
4,1,48,15,20,5,0.75,sushi_b,full_data
4,1,49,6,7,1,0.857142857142857,sushi_b,full_data
4,1,50,20,26,6,0.769230769230769,sushi_b,full_data
4,1,51,14,18,4,0.777777777777778,sushi_b,full_data
4,1,52,3,3,0,1,sushi_b,full_data
4,1,54,15,22,7,0.681818181818182,sushi_b,full_data
4,1,55,5,7,2,0.714285714285714,sushi_b,full_data
4,1,56,0,1,1,0,sushi_b,full_data
4,1,57,5,10,5,0.5,sushi_b,full_data
4,1,58,9,12,3,0.75,sushi_b,full_data
4,1,59,4,4,0,1,sushi_b,full_data
4,1,60,1,1,0,1,sushi_b,full_data
4,1,62,17,19,2,0.894736842105263,sushi_b,full_data
4,1,63,13,17,4,0.764705882352941,sushi_b,full_data
4,1,64,1,2,1,0.5,sushi_b,full_data
4,1,65,6,10,4,0.6,sushi_b,full_data
4,1,66,6,7,1,0.857142857142857,sushi_b,full_data
4,1,67,2,2,0,1,sushi_b,full_data
4,1,68,4,4,0,1,sushi_b,full_data
4,1,69,1,1,0,1,sushi_b,full_data
4,1,70,4,6,2,0.666666666666667,sushi_b,full_data
4,1,71,9,11,2,0.818181818181818,sushi_b,full_data
4,1,72,7,8,1,0.875,sushi_b,full_data
4,1,73,4,4,0,1,sushi_b,full_data
4,1,74,3,3,0,1,sushi_b,full_data
4,1,75,1,2,1,0.5,sushi_b,full_data
4,1,76,0,6,6,0,sushi_b,full_data
4,1,77,2,2,0,1,sushi_b,full_data
4,1,78,1,1,0,1,sushi_b,full_data
4,1,80,1,1,0,1,sushi_b,full_data
4,1,82,3,6,3,0.5,sushi_b,full_data
4,1,83,2,2,0,1,sushi_b,full_data
4,1,84,1,1,0,1,sushi_b,full_data
4,1,86,1,1,0,1,sushi_b,full_data
4,1,87,3,4,1,0.75,sushi_b,full_data
4,1,88,2,5,3,0.4,sushi_b,full_data
4,1,90,1,1,0,1,sushi_b,full_data
4,1,91,1,2,1,0.5,sushi_b,full_data
4,1,92,1,1,0,1,sushi_b,full_data
4,1,95,3,7,4,0.428571428571429,sushi_b,full_data
4,1,96,1,1,0,1,sushi_b,full_data
4,1,98,1,1,0,1,sushi_b,full_data
4,1,99,2,2,0,1,sushi_b,full_data
4,2,0,22,28,6,0.785714285714286,sushi_b,full_data
4,2,1,9,12,3,0.75,sushi_b,full_data
4,2,3,58,85,27,0.682352941176471,sushi_b,full_data
4,2,4,45,70,25,0.642857142857143,sushi_b,full_data
4,2,5,73,95,22,0.768421052631579,sushi_b,full_data
4,2,7,57,88,31,0.647727272727273,sushi_b,full_data
4,2,10,47,65,18,0.723076923076923,sushi_b,full_data
4,2,12,38,50,12,0.76,sushi_b,full_data
4,2,14,55,77,22,0.714285714285714,sushi_b,full_data
4,2,16,14,20,6,0.7,sushi_b,full_data
4,2,18,36,46,10,0.782608695652174,sushi_b,full_data
4,2,20,2,3,1,0.666666666666667,sushi_b,full_data
4,2,21,53,76,23,0.697368421052632,sushi_b,full_data
4,2,22,23,42,19,0.547619047619048,sushi_b,full_data
4,2,23,9,11,2,0.818181818181818,sushi_b,full_data
4,2,24,3,3,0,1,sushi_b,full_data
4,2,25,51,76,25,0.671052631578947,sushi_b,full_data
4,2,26,17,24,7,0.708333333333333,sushi_b,full_data
4,2,27,43,61,18,0.704918032786885,sushi_b,full_data
4,2,28,2,2,0,1,sushi_b,full_data
4,2,29,5,8,3,0.625,sushi_b,full_data
4,2,30,6,9,3,0.666666666666667,sushi_b,full_data
4,2,31,31,42,11,0.738095238095238,sushi_b,full_data
4,2,32,27,30,3,0.9,sushi_b,full_data
4,2,33,3,5,2,0.6,sushi_b,full_data
4,2,34,37,50,13,0.74,sushi_b,full_data
4,2,35,4,7,3,0.571428571428571,sushi_b,full_data
4,2,36,17,36,19,0.472222222222222,sushi_b,full_data
4,2,38,11,12,1,0.916666666666667,sushi_b,full_data
4,2,39,17,22,5,0.772727272727273,sushi_b,full_data
4,2,41,4,6,2,0.666666666666667,sushi_b,full_data
4,2,42,1,1,0,1,sushi_b,full_data
4,2,43,16,23,7,0.695652173913043,sushi_b,full_data
4,2,44,13,18,5,0.722222222222222,sushi_b,full_data
4,2,45,20,28,8,0.714285714285714,sushi_b,full_data
4,2,46,15,21,6,0.714285714285714,sushi_b,full_data
4,2,48,4,5,1,0.8,sushi_b,full_data
4,2,50,10,14,4,0.714285714285714,sushi_b,full_data
4,2,51,5,6,1,0.833333333333333,sushi_b,full_data
4,2,52,1,1,0,1,sushi_b,full_data
4,2,54,11,15,4,0.733333333333333,sushi_b,full_data
4,2,55,3,3,0,1,sushi_b,full_data
4,2,57,9,12,3,0.75,sushi_b,full_data
4,2,58,2,2,0,1,sushi_b,full_data
4,2,62,8,10,2,0.8,sushi_b,full_data
4,2,63,7,9,2,0.777777777777778,sushi_b,full_data
4,2,64,1,1,0,1,sushi_b,full_data
4,2,65,9,9,0,1,sushi_b,full_data
4,2,68,1,1,0,1,sushi_b,full_data
4,2,71,2,4,2,0.5,sushi_b,full_data
4,2,72,3,6,3,0.5,sushi_b,full_data
4,2,73,8,12,4,0.666666666666667,sushi_b,full_data
4,2,76,7,11,4,0.636363636363636,sushi_b,full_data
4,2,82,3,3,0,1,sushi_b,full_data
4,2,84,1,1,0,1,sushi_b,full_data
4,2,87,1,1,0,1,sushi_b,full_data
4,2,88,10,14,4,0.714285714285714,sushi_b,full_data
4,2,95,6,7,1,0.857142857142857,sushi_b,full_data
4,2,96,6,7,1,0.857142857142857,sushi_b,full_data
4,3,5,4,5,1,0.8,sushi_b,full_data
4,3,7,26,40,14,0.65,sushi_b,full_data
4,3,12,59,82,23,0.719512195121951,sushi_b,full_data
4,3,14,17,29,12,0.586206896551724,sushi_b,full_data
4,3,16,54,80,26,0.675,sushi_b,full_data
4,3,17,28,41,13,0.682926829268293,sushi_b,full_data
4,3,18,38,62,24,0.612903225806452,sushi_b,full_data
4,3,23,48,76,28,0.631578947368421,sushi_b,full_data
4,3,24,46,59,13,0.779661016949153,sushi_b,full_data
4,3,25,2,4,2,0.5,sushi_b,full_data
4,3,28,32,47,15,0.680851063829787,sushi_b,full_data
4,3,29,33,51,18,0.647058823529412,sushi_b,full_data
4,3,30,35,46,11,0.760869565217391,sushi_b,full_data
4,3,31,3,3,0,1,sushi_b,full_data
4,3,32,11,13,2,0.846153846153846,sushi_b,full_data
4,3,33,27,49,22,0.551020408163265,sushi_b,full_data
4,3,34,6,8,2,0.75,sushi_b,full_data
4,3,35,28,40,12,0.7,sushi_b,full_data
4,3,38,22,32,10,0.6875,sushi_b,full_data
4,3,39,14,18,4,0.777777777777778,sushi_b,full_data
4,3,40,13,20,7,0.65,sushi_b,full_data
4,3,42,22,26,4,0.846153846153846,sushi_b,full_data
4,3,43,8,10,2,0.8,sushi_b,full_data
4,3,44,11,18,7,0.611111111111111,sushi_b,full_data
4,3,46,19,22,3,0.863636363636364,sushi_b,full_data
4,3,48,21,28,7,0.75,sushi_b,full_data
4,3,49,15,21,6,0.714285714285714,sushi_b,full_data
4,3,50,15,19,4,0.789473684210526,sushi_b,full_data
4,3,51,15,27,12,0.555555555555556,sushi_b,full_data
4,3,52,14,20,6,0.7,sushi_b,full_data
4,3,54,7,10,3,0.7,sushi_b,full_data
4,3,55,12,18,6,0.666666666666667,sushi_b,full_data
4,3,56,19,21,2,0.904761904761905,sushi_b,full_data
4,3,58,16,21,5,0.761904761904762,sushi_b,full_data
4,3,59,10,12,2,0.833333333333333,sushi_b,full_data
4,3,60,10,12,2,0.833333333333333,sushi_b,full_data
4,3,62,2,2,0,1,sushi_b,full_data
4,3,63,8,12,4,0.666666666666667,sushi_b,full_data
4,3,64,11,16,5,0.6875,sushi_b,full_data
4,3,65,3,4,1,0.75,sushi_b,full_data
4,3,66,6,10,4,0.6,sushi_b,full_data
4,3,67,10,15,5,0.666666666666667,sushi_b,full_data
4,3,68,6,8,2,0.75,sushi_b,full_data
4,3,69,8,9,1,0.888888888888889,sushi_b,full_data
4,3,70,4,5,1,0.8,sushi_b,full_data
4,3,71,5,11,6,0.454545454545455,sushi_b,full_data
4,3,72,10,19,9,0.526315789473684,sushi_b,full_data
4,3,74,10,13,3,0.769230769230769,sushi_b,full_data
4,3,75,6,7,1,0.857142857142857,sushi_b,full_data
4,3,77,9,9,0,1,sushi_b,full_data
4,3,78,5,5,0,1,sushi_b,full_data
4,3,80,3,5,2,0.6,sushi_b,full_data
4,3,81,3,4,1,0.75,sushi_b,full_data
4,3,82,7,9,2,0.777777777777778,sushi_b,full_data
4,3,83,4,4,0,1,sushi_b,full_data
4,3,84,6,7,1,0.857142857142857,sushi_b,full_data
4,3,85,1,2,1,0.5,sushi_b,full_data
4,3,86,2,3,1,0.666666666666667,sushi_b,full_data
4,3,87,8,8,0,1,sushi_b,full_data
4,3,89,2,2,0,1,sushi_b,full_data
4,3,90,4,4,0,1,sushi_b,full_data
4,3,91,4,5,1,0.8,sushi_b,full_data
4,3,92,3,3,0,1,sushi_b,full_data
4,3,93,1,1,0,1,sushi_b,full_data
4,3,94,6,7,1,0.857142857142857,sushi_b,full_data
4,3,95,7,10,3,0.7,sushi_b,full_data
4,3,97,3,3,0,1,sushi_b,full_data
4,3,98,3,4,1,0.75,sushi_b,full_data
4,3,99,4,6,2,0.666666666666667,sushi_b,full_data
4,4,5,26,41,15,0.634146341463415,sushi_b,full_data
4,4,7,34,66,32,0.515151515151515,sushi_b,full_data
4,4,12,51,82,31,0.621951219512195,sushi_b,full_data
4,4,14,27,46,19,0.58695652173913,sushi_b,full_data
4,4,16,43,73,30,0.589041095890411,sushi_b,full_data
4,4,17,15,22,7,0.681818181818182,sushi_b,full_data
4,4,18,35,69,34,0.507246376811594,sushi_b,full_data
4,4,21,2,4,2,0.5,sushi_b,full_data
4,4,23,40,68,28,0.588235294117647,sushi_b,full_data
4,4,24,38,59,21,0.644067796610169,sushi_b,full_data
4,4,25,10,12,2,0.833333333333333,sushi_b,full_data
4,4,28,24,35,11,0.685714285714286,sushi_b,full_data
4,4,29,18,30,12,0.6,sushi_b,full_data
4,4,30,32,59,27,0.542372881355932,sushi_b,full_data
4,4,31,4,7,3,0.571428571428571,sushi_b,full_data
4,4,32,21,38,17,0.552631578947368,sushi_b,full_data
4,4,33,35,54,19,0.648148148148148,sushi_b,full_data
4,4,34,9,17,8,0.529411764705882,sushi_b,full_data
4,4,35,16,29,13,0.551724137931034,sushi_b,full_data
4,4,38,17,28,11,0.607142857142857,sushi_b,full_data
4,4,39,24,31,7,0.774193548387097,sushi_b,full_data
4,4,40,8,10,2,0.8,sushi_b,full_data
4,4,42,14,22,8,0.636363636363636,sushi_b,full_data
4,4,43,5,8,3,0.625,sushi_b,full_data
4,4,44,9,15,6,0.6,sushi_b,full_data
4,4,45,2,5,3,0.4,sushi_b,full_data
4,4,46,14,25,11,0.56,sushi_b,full_data
4,4,48,8,16,8,0.5,sushi_b,full_data
4,4,49,9,16,7,0.5625,sushi_b,full_data
4,4,50,12,18,6,0.666666666666667,sushi_b,full_data
4,4,51,19,31,12,0.612903225806452,sushi_b,full_data
4,4,52,12,19,7,0.631578947368421,sushi_b,full_data
4,4,54,5,13,8,0.384615384615385,sushi_b,full_data
4,4,55,13,18,5,0.722222222222222,sushi_b,full_data
4,4,56,10,11,1,0.909090909090909,sushi_b,full_data
4,4,57,1,2,1,0.5,sushi_b,full_data
4,4,58,8,12,4,0.666666666666667,sushi_b,full_data
4,4,59,2,3,1,0.666666666666667,sushi_b,full_data
4,4,60,7,8,1,0.875,sushi_b,full_data
4,4,62,7,13,6,0.538461538461538,sushi_b,full_data
4,4,63,12,24,12,0.5,sushi_b,full_data
4,4,64,6,12,6,0.5,sushi_b,full_data
4,4,65,3,6,3,0.5,sushi_b,full_data
4,4,66,7,11,4,0.636363636363636,sushi_b,full_data
4,4,67,3,7,4,0.428571428571429,sushi_b,full_data
4,4,68,3,5,2,0.6,sushi_b,full_data
4,4,69,5,7,2,0.714285714285714,sushi_b,full_data
4,4,70,5,8,3,0.625,sushi_b,full_data
4,4,71,9,14,5,0.642857142857143,sushi_b,full_data
4,4,72,6,12,6,0.5,sushi_b,full_data
4,4,74,7,11,4,0.636363636363636,sushi_b,full_data
4,4,75,6,8,2,0.75,sushi_b,full_data
4,4,77,2,4,2,0.5,sushi_b,full_data
4,4,78,1,3,2,0.333333333333333,sushi_b,full_data
4,4,80,3,4,1,0.75,sushi_b,full_data
4,4,81,1,1,0,1,sushi_b,full_data
4,4,82,3,8,5,0.375,sushi_b,full_data
4,4,83,3,4,1,0.75,sushi_b,full_data
4,4,84,3,3,0,1,sushi_b,full_data
4,4,85,1,1,0,1,sushi_b,full_data
4,4,86,1,1,0,1,sushi_b,full_data
4,4,87,6,8,2,0.75,sushi_b,full_data
4,4,88,3,3,0,1,sushi_b,full_data
4,4,89,1,3,2,0.333333333333333,sushi_b,full_data
4,4,90,2,2,0,1,sushi_b,full_data
4,4,91,1,4,3,0.25,sushi_b,full_data
4,4,92,1,2,1,0.5,sushi_b,full_data
4,4,93,2,2,0,1,sushi_b,full_data
4,4,95,0,2,2,0,sushi_b,full_data
4,4,96,1,1,0,1,sushi_b,full_data
4,4,97,1,1,0,1,sushi_b,full_data
4,4,99,2,4,2,0.5,sushi_b,full_data
4,5,12,20,32,12,0.625,sushi_b,full_data
4,5,16,24,41,17,0.585365853658537,sushi_b,full_data
4,5,17,65,89,24,0.730337078651685,sushi_b,full_data
4,5,18,7,13,6,0.538461538461538,sushi_b,full_data
4,5,23,40,60,20,0.666666666666667,sushi_b,full_data
4,5,24,42,68,26,0.617647058823529,sushi_b,full_data
4,5,28,37,49,12,0.755102040816326,sushi_b,full_data
4,5,29,44,66,22,0.666666666666667,sushi_b,full_data
4,5,30,17,25,8,0.68,sushi_b,full_data
4,5,32,1,2,1,0.5,sushi_b,full_data
4,5,33,18,32,14,0.5625,sushi_b,full_data
4,5,35,23,35,12,0.657142857142857,sushi_b,full_data
4,5,38,14,18,4,0.777777777777778,sushi_b,full_data
4,5,39,1,2,1,0.5,sushi_b,full_data
4,5,40,23,30,7,0.766666666666667,sushi_b,full_data
4,5,42,21,29,8,0.724137931034483,sushi_b,full_data
4,5,44,1,1,0,1,sushi_b,full_data
4,5,46,0,1,1,0,sushi_b,full_data
4,5,48,14,21,7,0.666666666666667,sushi_b,full_data
4,5,49,22,30,8,0.733333333333333,sushi_b,full_data
4,5,50,7,16,9,0.4375,sushi_b,full_data
4,5,51,13,20,7,0.65,sushi_b,full_data
4,5,52,19,26,7,0.730769230769231,sushi_b,full_data
4,5,55,8,11,3,0.727272727272727,sushi_b,full_data
4,5,56,10,13,3,0.769230769230769,sushi_b,full_data
4,5,58,12,19,7,0.631578947368421,sushi_b,full_data
4,5,59,22,23,1,0.956521739130435,sushi_b,full_data
4,5,60,16,19,3,0.842105263157895,sushi_b,full_data
4,5,63,7,11,4,0.636363636363636,sushi_b,full_data
4,5,64,5,10,5,0.5,sushi_b,full_data
4,5,66,4,10,6,0.4,sushi_b,full_data
4,5,67,9,11,2,0.818181818181818,sushi_b,full_data
4,5,68,10,13,3,0.769230769230769,sushi_b,full_data
4,5,69,10,11,1,0.909090909090909,sushi_b,full_data
4,5,70,9,12,3,0.75,sushi_b,full_data
4,5,71,1,1,0,1,sushi_b,full_data
4,5,72,8,9,1,0.888888888888889,sushi_b,full_data
4,5,74,12,16,4,0.75,sushi_b,full_data
4,5,75,7,9,2,0.777777777777778,sushi_b,full_data
4,5,77,8,12,4,0.666666666666667,sushi_b,full_data
4,5,78,11,15,4,0.733333333333333,sushi_b,full_data
4,5,80,6,7,1,0.857142857142857,sushi_b,full_data
4,5,81,3,5,2,0.6,sushi_b,full_data
4,5,82,4,4,0,1,sushi_b,full_data
4,5,83,3,5,2,0.6,sushi_b,full_data
4,5,84,1,2,1,0.5,sushi_b,full_data
4,5,85,5,5,0,1,sushi_b,full_data
4,5,86,2,2,0,1,sushi_b,full_data
4,5,87,3,5,2,0.6,sushi_b,full_data
4,5,89,3,4,1,0.75,sushi_b,full_data
4,5,90,6,6,0,1,sushi_b,full_data
4,5,91,6,8,2,0.75,sushi_b,full_data
4,5,92,5,6,1,0.833333333333333,sushi_b,full_data
4,5,93,7,7,0,1,sushi_b,full_data
4,5,94,1,1,0,1,sushi_b,full_data
4,5,95,1,1,0,1,sushi_b,full_data
4,5,97,5,6,1,0.833333333333333,sushi_b,full_data
4,5,98,4,5,1,0.8,sushi_b,full_data
4,5,99,6,9,3,0.666666666666667,sushi_b,full_data
4,6,0,2,5,3,0.4,sushi_b,full_data
4,6,3,41,61,20,0.672131147540984,sushi_b,full_data
4,6,4,13,23,10,0.565217391304348,sushi_b,full_data
4,6,5,77,120,43,0.641666666666667,sushi_b,full_data
4,6,7,67,101,34,0.663366336633663,sushi_b,full_data
4,6,10,24,42,18,0.571428571428571,sushi_b,full_data
4,6,12,40,67,27,0.597014925373134,sushi_b,full_data
4,6,14,53,90,37,0.588888888888889,sushi_b,full_data
4,6,16,31,42,11,0.738095238095238,sushi_b,full_data
4,6,17,1,1,0,1,sushi_b,full_data
4,6,18,49,68,19,0.720588235294118,sushi_b,full_data
4,6,21,38,67,29,0.567164179104478,sushi_b,full_data
4,6,22,14,19,5,0.736842105263158,sushi_b,full_data
4,6,23,13,17,4,0.764705882352941,sushi_b,full_data
4,6,24,5,7,2,0.714285714285714,sushi_b,full_data
4,6,25,41,65,24,0.630769230769231,sushi_b,full_data
4,6,26,4,6,2,0.666666666666667,sushi_b,full_data
4,6,27,24,51,27,0.470588235294118,sushi_b,full_data
4,6,28,5,6,1,0.833333333333333,sushi_b,full_data
4,6,29,6,9,3,0.666666666666667,sushi_b,full_data
4,6,30,18,25,7,0.72,sushi_b,full_data
4,6,31,29,57,28,0.508771929824561,sushi_b,full_data
4,6,32,13,23,10,0.565217391304348,sushi_b,full_data
4,6,33,9,12,3,0.75,sushi_b,full_data
4,6,34,25,39,14,0.641025641025641,sushi_b,full_data
4,6,35,11,13,2,0.846153846153846,sushi_b,full_data
4,6,36,15,28,13,0.535714285714286,sushi_b,full_data
4,6,38,18,24,6,0.75,sushi_b,full_data
4,6,39,26,32,6,0.8125,sushi_b,full_data
4,6,40,1,1,0,1,sushi_b,full_data
4,6,41,1,1,0,1,sushi_b,full_data
4,6,43,18,30,12,0.6,sushi_b,full_data
4,6,44,14,20,6,0.7,sushi_b,full_data
4,6,45,16,24,8,0.666666666666667,sushi_b,full_data
4,6,46,19,25,6,0.76,sushi_b,full_data
4,6,48,4,8,4,0.5,sushi_b,full_data
4,6,50,11,16,5,0.6875,sushi_b,full_data
4,6,51,10,13,3,0.769230769230769,sushi_b,full_data
4,6,52,1,1,0,1,sushi_b,full_data
4,6,54,12,18,6,0.666666666666667,sushi_b,full_data
4,6,55,4,5,1,0.8,sushi_b,full_data
4,6,57,14,19,5,0.736842105263158,sushi_b,full_data
4,6,58,5,5,0,1,sushi_b,full_data
4,6,62,8,14,6,0.571428571428571,sushi_b,full_data
4,6,63,4,5,1,0.8,sushi_b,full_data
4,6,65,7,13,6,0.538461538461538,sushi_b,full_data
4,6,66,3,4,1,0.75,sushi_b,full_data
4,6,67,2,2,0,1,sushi_b,full_data
4,6,70,2,3,1,0.666666666666667,sushi_b,full_data
4,6,71,9,10,1,0.9,sushi_b,full_data
4,6,72,4,8,4,0.5,sushi_b,full_data
4,6,73,7,11,4,0.636363636363636,sushi_b,full_data
4,6,74,1,1,0,1,sushi_b,full_data
4,6,76,5,7,2,0.714285714285714,sushi_b,full_data
4,6,78,1,1,0,1,sushi_b,full_data
4,6,82,3,5,2,0.6,sushi_b,full_data
4,6,87,2,2,0,1,sushi_b,full_data
4,6,88,4,5,1,0.8,sushi_b,full_data
4,6,95,7,7,0,1,sushi_b,full_data
4,6,96,4,7,3,0.571428571428571,sushi_b,full_data
4,6,98,1,1,0,1,sushi_b,full_data
4,7,12,2,5,3,0.4,sushi_b,full_data
4,7,16,11,13,2,0.846153846153846,sushi_b,full_data
4,7,17,46,78,32,0.58974358974359,sushi_b,full_data
4,7,18,1,2,1,0.5,sushi_b,full_data
4,7,23,13,22,9,0.590909090909091,sushi_b,full_data
4,7,24,24,42,18,0.571428571428571,sushi_b,full_data
4,7,28,30,44,14,0.681818181818182,sushi_b,full_data
4,7,29,20,27,7,0.740740740740741,sushi_b,full_data
4,7,30,7,7,0,1,sushi_b,full_data
4,7,33,8,14,6,0.571428571428571,sushi_b,full_data
4,7,35,9,17,8,0.529411764705882,sushi_b,full_data
4,7,38,4,4,0,1,sushi_b,full_data
4,7,40,23,38,15,0.605263157894737,sushi_b,full_data
4,7,42,14,24,10,0.583333333333333,sushi_b,full_data
4,7,48,7,10,3,0.7,sushi_b,full_data
4,7,49,19,30,11,0.633333333333333,sushi_b,full_data
4,7,51,5,7,2,0.714285714285714,sushi_b,full_data
4,7,52,15,21,6,0.714285714285714,sushi_b,full_data
4,7,55,3,5,2,0.6,sushi_b,full_data
4,7,56,7,13,6,0.538461538461538,sushi_b,full_data
4,7,58,8,12,4,0.666666666666667,sushi_b,full_data
4,7,59,8,14,6,0.571428571428571,sushi_b,full_data
4,7,60,10,12,2,0.833333333333333,sushi_b,full_data
4,7,63,1,2,1,0.5,sushi_b,full_data
4,7,64,13,15,2,0.866666666666667,sushi_b,full_data
4,7,66,2,6,4,0.333333333333333,sushi_b,full_data
4,7,67,1,3,2,0.333333333333333,sushi_b,full_data
4,7,68,5,10,5,0.5,sushi_b,full_data
4,7,69,5,7,2,0.714285714285714,sushi_b,full_data
4,7,70,4,8,4,0.5,sushi_b,full_data
4,7,72,1,1,0,1,sushi_b,full_data
4,7,74,3,5,2,0.6,sushi_b,full_data
4,7,75,3,4,1,0.75,sushi_b,full_data
4,7,77,4,10,6,0.4,sushi_b,full_data
4,7,78,9,12,3,0.75,sushi_b,full_data
4,7,80,1,2,1,0.5,sushi_b,full_data
4,7,81,3,4,1,0.75,sushi_b,full_data
4,7,83,4,5,1,0.8,sushi_b,full_data
4,7,84,2,2,0,1,sushi_b,full_data
4,7,85,5,9,4,0.555555555555556,sushi_b,full_data
4,7,86,3,4,1,0.75,sushi_b,full_data
4,7,89,2,5,3,0.4,sushi_b,full_data
4,7,90,7,7,0,1,sushi_b,full_data
4,7,91,0,4,4,0,sushi_b,full_data
4,7,92,2,3,1,0.666666666666667,sushi_b,full_data
4,7,93,2,4,2,0.5,sushi_b,full_data
4,7,94,4,4,0,1,sushi_b,full_data
4,7,97,5,6,1,0.833333333333333,sushi_b,full_data
4,7,98,4,8,4,0.5,sushi_b,full_data
4,7,99,5,5,0,1,sushi_b,full_data
4,8,0,69,91,22,0.758241758241758,sushi_b,full_data
4,8,1,38,58,20,0.655172413793103,sushi_b,full_data
4,8,2,4,5,1,0.8,sushi_b,full_data
4,8,3,84,119,35,0.705882352941177,sushi_b,full_data
4,8,4,68,100,32,0.68,sushi_b,full_data
4,8,5,59,79,20,0.746835443037975,sushi_b,full_data
4,8,6,9,15,6,0.6,sushi_b,full_data
4,8,7,35,42,7,0.833333333333333,sushi_b,full_data
4,8,10,65,95,30,0.684210526315789,sushi_b,full_data
4,8,11,18,22,4,0.818181818181818,sushi_b,full_data
4,8,12,12,12,0,1,sushi_b,full_data
4,8,13,4,5,1,0.8,sushi_b,full_data
4,8,14,30,41,11,0.731707317073171,sushi_b,full_data
4,8,16,0,1,1,0,sushi_b,full_data
4,8,18,9,10,1,0.9,sushi_b,full_data
4,8,20,27,36,9,0.75,sushi_b,full_data
4,8,21,44,67,23,0.656716417910448,sushi_b,full_data
4,8,22,54,69,15,0.782608695652174,sushi_b,full_data
4,8,23,2,2,0,1,sushi_b,full_data
4,8,25,42,52,10,0.807692307692308,sushi_b,full_data
4,8,26,30,40,10,0.75,sushi_b,full_data
4,8,27,51,67,16,0.761194029850746,sushi_b,full_data
4,8,30,5,6,1,0.833333333333333,sushi_b,full_data
4,8,31,25,36,11,0.694444444444444,sushi_b,full_data
4,8,32,9,12,3,0.75,sushi_b,full_data
4,8,34,22,25,3,0.88,sushi_b,full_data
4,8,36,31,43,12,0.720930232558139,sushi_b,full_data
4,8,38,4,5,1,0.8,sushi_b,full_data
4,8,39,6,8,2,0.75,sushi_b,full_data
4,8,41,23,33,10,0.696969696969697,sushi_b,full_data
4,8,43,12,15,3,0.8,sushi_b,full_data
4,8,44,8,8,0,1,sushi_b,full_data
4,8,45,7,10,3,0.7,sushi_b,full_data
4,8,46,8,8,0,1,sushi_b,full_data
4,8,50,4,6,2,0.666666666666667,sushi_b,full_data
4,8,51,2,2,0,1,sushi_b,full_data
4,8,54,4,6,2,0.666666666666667,sushi_b,full_data
4,8,57,11,17,6,0.647058823529412,sushi_b,full_data
4,8,62,5,6,1,0.833333333333333,sushi_b,full_data
4,8,63,2,2,0,1,sushi_b,full_data
4,8,65,5,5,0,1,sushi_b,full_data
4,8,70,1,1,0,1,sushi_b,full_data
4,8,71,1,1,0,1,sushi_b,full_data
4,8,73,10,12,2,0.833333333333333,sushi_b,full_data
4,8,76,7,10,3,0.7,sushi_b,full_data
4,8,79,1,3,2,0.333333333333333,sushi_b,full_data
4,8,80,0,1,1,0,sushi_b,full_data
4,8,87,0,2,2,0,sushi_b,full_data
4,8,88,4,4,0,1,sushi_b,full_data
4,8,96,5,6,1,0.833333333333333,sushi_b,full_data
4,9,0,38,60,22,0.633333333333333,sushi_b,full_data
4,9,1,15,34,19,0.441176470588235,sushi_b,full_data
4,9,3,77,113,36,0.68141592920354,sushi_b,full_data
4,9,4,54,88,34,0.613636363636364,sushi_b,full_data
4,9,5,88,112,24,0.785714285714286,sushi_b,full_data
4,9,6,4,6,2,0.666666666666667,sushi_b,full_data
4,9,7,33,46,13,0.717391304347826,sushi_b,full_data
4,9,10,62,87,25,0.71264367816092,sushi_b,full_data
4,9,11,6,9,3,0.666666666666667,sushi_b,full_data
4,9,12,10,13,3,0.769230769230769,sushi_b,full_data
4,9,13,1,3,2,0.333333333333333,sushi_b,full_data
4,9,14,33,57,24,0.578947368421053,sushi_b,full_data
4,9,16,8,10,2,0.8,sushi_b,full_data
4,9,18,17,25,8,0.68,sushi_b,full_data
4,9,20,14,22,8,0.636363636363636,sushi_b,full_data
4,9,21,27,46,19,0.58695652173913,sushi_b,full_data
4,9,22,27,47,20,0.574468085106383,sushi_b,full_data
4,9,23,3,3,0,1,sushi_b,full_data
4,9,24,1,1,0,1,sushi_b,full_data
4,9,25,27,42,15,0.642857142857143,sushi_b,full_data
4,9,26,22,38,16,0.578947368421053,sushi_b,full_data
4,9,27,36,56,20,0.642857142857143,sushi_b,full_data
4,9,29,4,4,0,1,sushi_b,full_data
4,9,30,10,10,0,1,sushi_b,full_data
4,9,31,30,43,13,0.697674418604651,sushi_b,full_data
4,9,32,7,10,3,0.7,sushi_b,full_data
4,9,33,2,2,0,1,sushi_b,full_data
4,9,34,13,18,5,0.722222222222222,sushi_b,full_data
4,9,35,1,2,1,0.5,sushi_b,full_data
4,9,36,31,55,24,0.563636363636364,sushi_b,full_data
4,9,38,5,7,2,0.714285714285714,sushi_b,full_data
4,9,39,11,15,4,0.733333333333333,sushi_b,full_data
4,9,41,5,12,7,0.416666666666667,sushi_b,full_data
4,9,43,12,16,4,0.75,sushi_b,full_data
4,9,44,9,12,3,0.75,sushi_b,full_data
4,9,45,16,23,7,0.695652173913043,sushi_b,full_data
4,9,46,9,12,3,0.75,sushi_b,full_data
4,9,50,2,2,0,1,sushi_b,full_data
4,9,51,1,1,0,1,sushi_b,full_data
4,9,53,1,1,0,1,sushi_b,full_data
4,9,54,4,7,3,0.571428571428571,sushi_b,full_data
4,9,57,13,15,2,0.866666666666667,sushi_b,full_data
4,9,58,1,1,0,1,sushi_b,full_data
4,9,62,7,10,3,0.7,sushi_b,full_data
4,9,63,3,4,1,0.75,sushi_b,full_data
4,9,65,4,5,1,0.8,sushi_b,full_data
4,9,70,1,2,1,0.5,sushi_b,full_data
4,9,71,2,3,1,0.666666666666667,sushi_b,full_data
4,9,73,6,8,2,0.75,sushi_b,full_data
4,9,75,1,1,0,1,sushi_b,full_data
4,9,76,7,10,3,0.7,sushi_b,full_data
4,9,88,3,5,2,0.6,sushi_b,full_data
4,9,91,0,1,1,0,sushi_b,full_data
4,9,95,1,2,1,0.5,sushi_b,full_data
4,9,96,5,7,2,0.714285714285714,sushi_b,full_data
4,10,5,12,18,6,0.666666666666667,sushi_b,full_data
4,10,7,39,59,20,0.661016949152542,sushi_b,full_data
4,10,12,55,75,20,0.733333333333333,sushi_b,full_data
4,10,14,17,31,14,0.548387096774194,sushi_b,full_data
4,10,16,63,83,20,0.759036144578313,sushi_b,full_data
4,10,17,24,32,8,0.75,sushi_b,full_data
4,10,18,39,57,18,0.684210526315789,sushi_b,full_data
4,10,21,2,2,0,1,sushi_b,full_data
4,10,23,38,53,15,0.716981132075472,sushi_b,full_data
4,10,24,31,39,8,0.794871794871795,sushi_b,full_data
4,10,25,2,3,1,0.666666666666667,sushi_b,full_data
4,10,28,42,49,7,0.857142857142857,sushi_b,full_data
4,10,29,29,50,21,0.58,sushi_b,full_data
4,10,30,34,43,9,0.790697674418605,sushi_b,full_data
4,10,31,5,8,3,0.625,sushi_b,full_data
4,10,32,22,28,6,0.785714285714286,sushi_b,full_data
4,10,33,35,45,10,0.777777777777778,sushi_b,full_data
4,10,34,9,12,3,0.75,sushi_b,full_data
4,10,35,23,32,9,0.71875,sushi_b,full_data
4,10,38,24,39,15,0.615384615384615,sushi_b,full_data
4,10,39,12,22,10,0.545454545454545,sushi_b,full_data
4,10,40,12,12,0,1,sushi_b,full_data
4,10,42,8,11,3,0.727272727272727,sushi_b,full_data
4,10,43,6,8,2,0.75,sushi_b,full_data
4,10,44,14,20,6,0.7,sushi_b,full_data
4,10,45,1,5,4,0.2,sushi_b,full_data
4,10,46,9,17,8,0.529411764705882,sushi_b,full_data
4,10,48,21,26,5,0.807692307692308,sushi_b,full_data
4,10,49,14,17,3,0.823529411764706,sushi_b,full_data
4,10,50,21,33,12,0.636363636363636,sushi_b,full_data
4,10,51,21,25,4,0.84,sushi_b,full_data
4,10,52,10,13,3,0.769230769230769,sushi_b,full_data
4,10,54,8,10,2,0.8,sushi_b,full_data
4,10,55,11,14,3,0.785714285714286,sushi_b,full_data
4,10,56,5,7,2,0.714285714285714,sushi_b,full_data
4,10,57,1,1,0,1,sushi_b,full_data
4,10,58,14,16,2,0.875,sushi_b,full_data
4,10,59,5,5,0,1,sushi_b,full_data
4,10,60,5,5,0,1,sushi_b,full_data
4,10,62,2,3,1,0.666666666666667,sushi_b,full_data
4,10,63,20,21,1,0.952380952380952,sushi_b,full_data
4,10,64,6,7,1,0.857142857142857,sushi_b,full_data
4,10,65,5,7,2,0.714285714285714,sushi_b,full_data
4,10,66,10,12,2,0.833333333333333,sushi_b,full_data
4,10,67,6,6,0,1,sushi_b,full_data
4,10,68,3,5,2,0.6,sushi_b,full_data
4,10,69,2,3,1,0.666666666666667,sushi_b,full_data
4,10,70,7,11,4,0.636363636363636,sushi_b,full_data
4,10,71,7,13,6,0.538461538461538,sushi_b,full_data
4,10,72,7,10,3,0.7,sushi_b,full_data
4,10,74,9,9,0,1,sushi_b,full_data
4,10,75,8,9,1,0.888888888888889,sushi_b,full_data
4,10,77,5,8,3,0.625,sushi_b,full_data
4,10,78,2,2,0,1,sushi_b,full_data
4,10,80,4,4,0,1,sushi_b,full_data
4,10,81,1,1,0,1,sushi_b,full_data
4,10,82,9,10,1,0.9,sushi_b,full_data
4,10,83,3,3,0,1,sushi_b,full_data
4,10,84,3,4,1,0.75,sushi_b,full_data
4,10,85,2,3,1,0.666666666666667,sushi_b,full_data
4,10,86,1,2,1,0.5,sushi_b,full_data
4,10,87,5,6,1,0.833333333333333,sushi_b,full_data
4,10,89,4,4,0,1,sushi_b,full_data
4,10,90,1,1,0,1,sushi_b,full_data
4,10,91,4,6,2,0.666666666666667,sushi_b,full_data
4,10,92,1,3,2,0.333333333333333,sushi_b,full_data
4,10,93,2,2,0,1,sushi_b,full_data
4,10,94,2,3,1,0.666666666666667,sushi_b,full_data
4,10,95,1,1,0,1,sushi_b,full_data
4,10,97,2,2,0,1,sushi_b,full_data
4,10,98,2,2,0,1,sushi_b,full_data
4,10,99,1,1,0,1,sushi_b,full_data
4,11,3,27,44,17,0.613636363636364,sushi_b,full_data
4,11,4,4,14,10,0.285714285714286,sushi_b,full_data
4,11,5,61,84,23,0.726190476190476,sushi_b,full_data
4,11,7,66,88,22,0.75,sushi_b,full_data
4,11,10,20,27,7,0.740740740740741,sushi_b,full_data
4,11,12,57,75,18,0.76,sushi_b,full_data
4,11,14,50,80,30,0.625,sushi_b,full_data
4,11,16,25,39,14,0.641025641025641,sushi_b,full_data
4,11,17,4,4,0,1,sushi_b,full_data
4,11,18,37,55,18,0.672727272727273,sushi_b,full_data
4,11,21,28,47,19,0.595744680851064,sushi_b,full_data
4,11,22,3,8,5,0.375,sushi_b,full_data
4,11,23,13,17,4,0.764705882352941,sushi_b,full_data
4,11,24,10,11,1,0.909090909090909,sushi_b,full_data
4,11,25,23,37,14,0.621621621621622,sushi_b,full_data
4,11,26,1,2,1,0.5,sushi_b,full_data
4,11,27,18,28,10,0.642857142857143,sushi_b,full_data
4,11,28,6,6,0,1,sushi_b,full_data
4,11,29,5,9,4,0.555555555555556,sushi_b,full_data
4,11,30,23,32,9,0.71875,sushi_b,full_data
4,11,31,25,37,12,0.675675675675676,sushi_b,full_data
4,11,32,31,38,7,0.815789473684211,sushi_b,full_data
4,11,33,11,13,2,0.846153846153846,sushi_b,full_data
4,11,34,28,40,12,0.7,sushi_b,full_data
4,11,35,3,4,1,0.75,sushi_b,full_data
4,11,36,9,16,7,0.5625,sushi_b,full_data
4,11,38,13,26,13,0.5,sushi_b,full_data
4,11,39,27,33,6,0.818181818181818,sushi_b,full_data
4,11,40,2,2,0,1,sushi_b,full_data
4,11,43,16,24,8,0.666666666666667,sushi_b,full_data
4,11,44,14,20,6,0.7,sushi_b,full_data
4,11,45,9,22,13,0.409090909090909,sushi_b,full_data
4,11,46,23,32,9,0.71875,sushi_b,full_data
4,11,48,6,8,2,0.75,sushi_b,full_data
4,11,49,1,2,1,0.5,sushi_b,full_data
4,11,50,12,17,5,0.705882352941177,sushi_b,full_data
4,11,51,12,15,3,0.8,sushi_b,full_data
4,11,52,2,2,0,1,sushi_b,full_data
4,11,54,11,16,5,0.6875,sushi_b,full_data
4,11,55,5,5,0,1,sushi_b,full_data
4,11,56,1,1,0,1,sushi_b,full_data
4,11,57,10,14,4,0.714285714285714,sushi_b,full_data
4,11,58,5,5,0,1,sushi_b,full_data
4,11,59,1,1,0,1,sushi_b,full_data
4,11,60,2,2,0,1,sushi_b,full_data
4,11,62,8,14,6,0.571428571428571,sushi_b,full_data
4,11,63,10,11,1,0.909090909090909,sushi_b,full_data
4,11,64,3,3,0,1,sushi_b,full_data
4,11,65,7,9,2,0.777777777777778,sushi_b,full_data
4,11,66,3,4,1,0.75,sushi_b,full_data
4,11,67,2,3,1,0.666666666666667,sushi_b,full_data
4,11,69,1,1,0,1,sushi_b,full_data
4,11,70,2,2,0,1,sushi_b,full_data
4,11,71,7,8,1,0.875,sushi_b,full_data
4,11,72,7,9,2,0.777777777777778,sushi_b,full_data
4,11,73,1,1,0,1,sushi_b,full_data
4,11,74,1,2,1,0.5,sushi_b,full_data
4,11,75,0,1,1,0,sushi_b,full_data
4,11,76,4,8,4,0.5,sushi_b,full_data
4,11,77,1,1,0,1,sushi_b,full_data
4,11,80,2,2,0,1,sushi_b,full_data
4,11,82,2,2,0,1,sushi_b,full_data
4,11,83,1,1,0,1,sushi_b,full_data
4,11,87,5,5,0,1,sushi_b,full_data
4,11,88,6,6,0,1,sushi_b,full_data
4,11,91,1,1,0,1,sushi_b,full_data
4,11,94,0,1,1,0,sushi_b,full_data
4,11,95,7,9,2,0.777777777777778,sushi_b,full_data
4,11,96,2,2,0,1,sushi_b,full_data
4,11,97,2,2,0,1,sushi_b,full_data
4,11,99,2,2,0,1,sushi_b,full_data
4,12,16,1,1,0,1,sushi_b,full_data
4,12,17,30,46,16,0.652173913043478,sushi_b,full_data
4,12,23,1,3,2,0.333333333333333,sushi_b,full_data
4,12,24,12,13,1,0.923076923076923,sushi_b,full_data
4,12,28,9,13,4,0.692307692307692,sushi_b,full_data
4,12,29,4,8,4,0.5,sushi_b,full_data
4,12,33,1,1,0,1,sushi_b,full_data
4,12,35,2,7,5,0.285714285714286,sushi_b,full_data
4,12,40,8,15,7,0.533333333333333,sushi_b,full_data
4,12,42,11,20,9,0.55,sushi_b,full_data
4,12,48,2,4,2,0.5,sushi_b,full_data
4,12,49,9,15,6,0.6,sushi_b,full_data
4,12,51,1,1,0,1,sushi_b,full_data
4,12,52,9,13,4,0.692307692307692,sushi_b,full_data
4,12,55,1,1,0,1,sushi_b,full_data
4,12,56,3,8,5,0.375,sushi_b,full_data
4,12,58,0,4,4,0,sushi_b,full_data
4,12,59,10,15,5,0.666666666666667,sushi_b,full_data
4,12,60,4,8,4,0.5,sushi_b,full_data
4,12,64,5,7,2,0.714285714285714,sushi_b,full_data
4,12,67,1,1,0,1,sushi_b,full_data
4,12,68,1,4,3,0.25,sushi_b,full_data
4,12,69,5,7,2,0.714285714285714,sushi_b,full_data
4,12,70,0,1,1,0,sushi_b,full_data
4,12,74,2,5,3,0.4,sushi_b,full_data
4,12,75,1,2,1,0.5,sushi_b,full_data
4,12,77,2,2,0,1,sushi_b,full_data
4,12,78,4,5,1,0.8,sushi_b,full_data
4,12,80,2,2,0,1,sushi_b,full_data
4,12,81,4,4,0,1,sushi_b,full_data
4,12,84,0,2,2,0,sushi_b,full_data
4,12,85,4,6,2,0.666666666666667,sushi_b,full_data
4,12,86,1,2,1,0.5,sushi_b,full_data
4,12,89,4,6,2,0.666666666666667,sushi_b,full_data
4,12,90,2,4,2,0.5,sushi_b,full_data
4,12,91,0,2,2,0,sushi_b,full_data
4,12,92,1,2,1,0.5,sushi_b,full_data
4,12,93,2,3,1,0.666666666666667,sushi_b,full_data
4,12,94,6,6,0,1,sushi_b,full_data
4,12,97,7,7,0,1,sushi_b,full_data
4,12,98,1,3,2,0.333333333333333,sushi_b,full_data
4,12,99,1,2,1,0.5,sushi_b,full_data
4,13,0,9,20,11,0.45,sushi_b,full_data
4,13,1,3,3,0,1,sushi_b,full_data
4,13,3,38,80,42,0.475,sushi_b,full_data
4,13,4,14,27,13,0.518518518518518,sushi_b,full_data
4,13,5,43,85,42,0.505882352941176,sushi_b,full_data
4,13,7,45,75,30,0.6,sushi_b,full_data
4,13,10,19,45,26,0.422222222222222,sushi_b,full_data
4,13,12,35,47,12,0.74468085106383,sushi_b,full_data
4,13,14,48,76,28,0.631578947368421,sushi_b,full_data
4,13,16,21,25,4,0.84,sushi_b,full_data
4,13,18,31,40,9,0.775,sushi_b,full_data
4,13,21,39,68,29,0.573529411764706,sushi_b,full_data
4,13,22,15,21,6,0.714285714285714,sushi_b,full_data
4,13,23,9,14,5,0.642857142857143,sushi_b,full_data
4,13,24,4,5,1,0.8,sushi_b,full_data
4,13,25,35,58,23,0.603448275862069,sushi_b,full_data
4,13,26,10,14,4,0.714285714285714,sushi_b,full_data
4,13,27,20,30,10,0.666666666666667,sushi_b,full_data
4,13,28,3,4,1,0.75,sushi_b,full_data
4,13,29,3,7,4,0.428571428571429,sushi_b,full_data
4,13,30,18,22,4,0.818181818181818,sushi_b,full_data
4,13,31,20,32,12,0.625,sushi_b,full_data
4,13,32,17,28,11,0.607142857142857,sushi_b,full_data
4,13,33,6,8,2,0.75,sushi_b,full_data
4,13,34,18,33,15,0.545454545454545,sushi_b,full_data
4,13,35,5,8,3,0.625,sushi_b,full_data
4,13,36,11,17,6,0.647058823529412,sushi_b,full_data
4,13,38,11,15,4,0.733333333333333,sushi_b,full_data
4,13,39,12,17,5,0.705882352941177,sushi_b,full_data
4,13,41,0,1,1,0,sushi_b,full_data
4,13,42,2,2,0,1,sushi_b,full_data
4,13,43,13,16,3,0.8125,sushi_b,full_data
4,13,44,16,21,5,0.761904761904762,sushi_b,full_data
4,13,45,8,15,7,0.533333333333333,sushi_b,full_data
4,13,46,15,23,8,0.652173913043478,sushi_b,full_data
4,13,48,2,4,2,0.5,sushi_b,full_data
4,13,49,1,1,0,1,sushi_b,full_data
4,13,50,6,7,1,0.857142857142857,sushi_b,full_data
4,13,51,1,2,1,0.5,sushi_b,full_data
4,13,52,1,1,0,1,sushi_b,full_data
4,13,54,7,9,2,0.777777777777778,sushi_b,full_data
4,13,55,1,1,0,1,sushi_b,full_data
4,13,57,14,20,6,0.7,sushi_b,full_data
4,13,58,2,2,0,1,sushi_b,full_data
4,13,60,1,1,0,1,sushi_b,full_data
4,13,62,6,6,0,1,sushi_b,full_data
4,13,63,4,6,2,0.666666666666667,sushi_b,full_data
4,13,65,8,12,4,0.666666666666667,sushi_b,full_data
4,13,66,1,1,0,1,sushi_b,full_data
4,13,67,2,2,0,1,sushi_b,full_data
4,13,70,0,1,1,0,sushi_b,full_data
4,13,71,3,4,1,0.75,sushi_b,full_data
4,13,72,2,2,0,1,sushi_b,full_data
4,13,73,6,10,4,0.6,sushi_b,full_data
4,13,75,2,2,0,1,sushi_b,full_data
4,13,76,4,6,2,0.666666666666667,sushi_b,full_data
4,13,77,0,1,1,0,sushi_b,full_data
4,13,78,1,1,0,1,sushi_b,full_data
4,13,82,1,1,0,1,sushi_b,full_data
4,13,83,0,1,1,0,sushi_b,full_data
4,13,87,1,1,0,1,sushi_b,full_data
4,13,88,3,6,3,0.5,sushi_b,full_data
4,13,95,3,3,0,1,sushi_b,full_data
4,13,96,1,2,1,0.5,sushi_b,full_data
4,14,12,3,5,2,0.6,sushi_b,full_data
4,14,16,12,21,9,0.571428571428571,sushi_b,full_data
4,14,17,45,54,9,0.833333333333333,sushi_b,full_data
4,14,18,3,7,4,0.428571428571429,sushi_b,full_data
4,14,23,20,28,8,0.714285714285714,sushi_b,full_data
4,14,24,28,39,11,0.717948717948718,sushi_b,full_data
4,14,28,21,39,18,0.538461538461538,sushi_b,full_data
4,14,29,22,32,10,0.6875,sushi_b,full_data
4,14,30,6,11,5,0.545454545454545,sushi_b,full_data
4,14,32,2,2,0,1,sushi_b,full_data
4,14,33,14,21,7,0.666666666666667,sushi_b,full_data
4,14,35,21,29,8,0.724137931034483,sushi_b,full_data
4,14,38,3,3,0,1,sushi_b,full_data
4,14,40,21,35,14,0.6,sushi_b,full_data
4,14,42,26,33,7,0.787878787878788,sushi_b,full_data
4,14,48,9,13,4,0.692307692307692,sushi_b,full_data
4,14,49,16,19,3,0.842105263157895,sushi_b,full_data
4,14,50,5,7,2,0.714285714285714,sushi_b,full_data
4,14,51,6,8,2,0.75,sushi_b,full_data
4,14,52,12,18,6,0.666666666666667,sushi_b,full_data
4,14,55,8,9,1,0.888888888888889,sushi_b,full_data
4,14,56,11,20,9,0.55,sushi_b,full_data
4,14,58,8,10,2,0.8,sushi_b,full_data
4,14,59,7,13,6,0.538461538461538,sushi_b,full_data
4,14,60,15,21,6,0.714285714285714,sushi_b,full_data
4,14,63,1,1,0,1,sushi_b,full_data
4,14,64,8,16,8,0.5,sushi_b,full_data
4,14,66,2,5,3,0.4,sushi_b,full_data
4,14,67,2,5,3,0.4,sushi_b,full_data
4,14,68,7,8,1,0.875,sushi_b,full_data
4,14,69,5,6,1,0.833333333333333,sushi_b,full_data
4,14,70,7,9,2,0.777777777777778,sushi_b,full_data
4,14,71,1,1,0,1,sushi_b,full_data
4,14,72,3,4,1,0.75,sushi_b,full_data
4,14,74,3,9,6,0.333333333333333,sushi_b,full_data
4,14,75,2,4,2,0.5,sushi_b,full_data
4,14,77,6,6,0,1,sushi_b,full_data
4,14,78,6,7,1,0.857142857142857,sushi_b,full_data
4,14,80,5,7,2,0.714285714285714,sushi_b,full_data
4,14,81,4,8,4,0.5,sushi_b,full_data
4,14,82,0,1,1,0,sushi_b,full_data
4,14,83,0,1,1,0,sushi_b,full_data
4,14,84,2,4,2,0.5,sushi_b,full_data
4,14,85,1,1,0,1,sushi_b,full_data
4,14,86,1,1,0,1,sushi_b,full_data
4,14,87,3,4,1,0.75,sushi_b,full_data
4,14,89,4,5,1,0.8,sushi_b,full_data
4,14,90,5,6,1,0.833333333333333,sushi_b,full_data
4,14,91,3,3,0,1,sushi_b,full_data
4,14,92,1,3,2,0.333333333333333,sushi_b,full_data
4,14,93,1,1,0,1,sushi_b,full_data
4,14,94,1,1,0,1,sushi_b,full_data
4,14,97,4,4,0,1,sushi_b,full_data
4,14,98,3,4,1,0.75,sushi_b,full_data
4,14,99,2,2,0,1,sushi_b,full_data
4,15,0,25,42,17,0.595238095238095,sushi_b,full_data
4,15,1,10,20,10,0.5,sushi_b,full_data
4,15,3,46,84,38,0.547619047619048,sushi_b,full_data
4,15,4,42,64,22,0.65625,sushi_b,full_data
4,15,5,58,96,38,0.604166666666667,sushi_b,full_data
4,15,7,37,59,22,0.627118644067797,sushi_b,full_data
4,15,10,37,66,29,0.560606060606061,sushi_b,full_data
4,15,11,1,3,2,0.333333333333333,sushi_b,full_data
4,15,12,14,17,3,0.823529411764706,sushi_b,full_data
4,15,14,34,54,20,0.62962962962963,sushi_b,full_data
4,15,16,7,10,3,0.7,sushi_b,full_data
4,15,18,16,22,6,0.727272727272727,sushi_b,full_data
4,15,20,4,5,1,0.8,sushi_b,full_data
4,15,21,31,61,30,0.508196721311475,sushi_b,full_data
4,15,22,23,31,8,0.741935483870968,sushi_b,full_data
4,15,23,3,5,2,0.6,sushi_b,full_data
4,15,24,1,1,0,1,sushi_b,full_data
4,15,25,29,49,20,0.591836734693878,sushi_b,full_data
4,15,26,19,27,8,0.703703703703704,sushi_b,full_data
4,15,27,31,42,11,0.738095238095238,sushi_b,full_data
4,15,28,1,1,0,1,sushi_b,full_data
4,15,29,1,1,0,1,sushi_b,full_data
4,15,30,4,5,1,0.8,sushi_b,full_data
4,15,31,22,30,8,0.733333333333333,sushi_b,full_data
4,15,32,18,22,4,0.818181818181818,sushi_b,full_data
4,15,33,2,2,0,1,sushi_b,full_data
4,15,34,26,41,15,0.634146341463415,sushi_b,full_data
4,15,35,1,2,1,0.5,sushi_b,full_data
4,15,36,20,31,11,0.645161290322581,sushi_b,full_data
4,15,38,7,8,1,0.875,sushi_b,full_data
4,15,39,11,15,4,0.733333333333333,sushi_b,full_data
4,15,41,8,14,6,0.571428571428571,sushi_b,full_data
4,15,43,10,15,5,0.666666666666667,sushi_b,full_data
4,15,44,6,7,1,0.857142857142857,sushi_b,full_data
4,15,45,15,22,7,0.681818181818182,sushi_b,full_data
4,15,46,6,6,0,1,sushi_b,full_data
4,15,48,1,1,0,1,sushi_b,full_data
4,15,50,3,5,2,0.6,sushi_b,full_data
4,15,51,3,3,0,1,sushi_b,full_data
4,15,52,1,1,0,1,sushi_b,full_data
4,15,54,6,6,0,1,sushi_b,full_data
4,15,55,1,1,0,1,sushi_b,full_data
4,15,57,13,23,10,0.565217391304348,sushi_b,full_data
4,15,58,1,2,1,0.5,sushi_b,full_data
4,15,62,11,16,5,0.6875,sushi_b,full_data
4,15,63,2,2,0,1,sushi_b,full_data
4,15,65,4,4,0,1,sushi_b,full_data
4,15,71,3,4,1,0.75,sushi_b,full_data
4,15,72,3,3,0,1,sushi_b,full_data
4,15,73,3,4,1,0.75,sushi_b,full_data
4,15,76,8,10,2,0.8,sushi_b,full_data
4,15,82,2,3,1,0.666666666666667,sushi_b,full_data
4,15,88,4,5,1,0.8,sushi_b,full_data
4,15,95,2,2,0,1,sushi_b,full_data
4,15,96,1,2,1,0.5,sushi_b,full_data
4,16,17,13,17,4,0.764705882352941,sushi_b,full_data
4,16,28,3,4,1,0.75,sushi_b,full_data
4,16,29,2,3,1,0.666666666666667,sushi_b,full_data
4,16,35,0,1,1,0,sushi_b,full_data
4,16,40,6,9,3,0.666666666666667,sushi_b,full_data
4,16,42,7,8,1,0.875,sushi_b,full_data
4,16,49,1,1,0,1,sushi_b,full_data
4,16,52,3,4,1,0.75,sushi_b,full_data
4,16,56,3,4,1,0.75,sushi_b,full_data
4,16,59,5,8,3,0.625,sushi_b,full_data
4,16,60,2,3,1,0.666666666666667,sushi_b,full_data
4,16,64,6,6,0,1,sushi_b,full_data
4,16,68,2,2,0,1,sushi_b,full_data
4,16,69,3,4,1,0.75,sushi_b,full_data
4,16,74,3,3,0,1,sushi_b,full_data
4,16,75,1,1,0,1,sushi_b,full_data
4,16,77,1,1,0,1,sushi_b,full_data
4,16,78,3,8,5,0.375,sushi_b,full_data
4,16,81,1,3,2,0.333333333333333,sushi_b,full_data
4,16,84,0,1,1,0,sushi_b,full_data
4,16,85,3,3,0,1,sushi_b,full_data
4,16,86,1,2,1,0.5,sushi_b,full_data
4,16,89,3,5,2,0.6,sushi_b,full_data
4,16,90,1,3,2,0.333333333333333,sushi_b,full_data
4,16,92,0,1,1,0,sushi_b,full_data
4,16,93,1,1,0,1,sushi_b,full_data
4,16,94,0,2,2,0,sushi_b,full_data
4,16,97,2,2,0,1,sushi_b,full_data
4,18,16,1,1,0,1,sushi_b,full_data
4,18,17,31,53,22,0.584905660377358,sushi_b,full_data
4,18,23,10,12,2,0.833333333333333,sushi_b,full_data
4,18,24,9,14,5,0.642857142857143,sushi_b,full_data
4,18,28,13,18,5,0.722222222222222,sushi_b,full_data
4,18,29,5,11,6,0.454545454545455,sushi_b,full_data
4,18,33,1,5,4,0.2,sushi_b,full_data
4,18,35,6,9,3,0.666666666666667,sushi_b,full_data
4,18,40,10,15,5,0.666666666666667,sushi_b,full_data
4,18,42,11,16,5,0.6875,sushi_b,full_data
4,18,48,2,3,1,0.666666666666667,sushi_b,full_data
4,18,49,11,15,4,0.733333333333333,sushi_b,full_data
4,18,52,5,8,3,0.625,sushi_b,full_data
4,18,55,0,1,1,0,sushi_b,full_data
4,18,56,6,11,5,0.545454545454545,sushi_b,full_data
4,18,58,2,4,2,0.5,sushi_b,full_data
4,18,59,4,10,6,0.4,sushi_b,full_data
4,18,60,4,6,2,0.666666666666667,sushi_b,full_data
4,18,64,3,3,0,1,sushi_b,full_data
4,18,67,2,2,0,1,sushi_b,full_data
4,18,68,2,5,3,0.4,sushi_b,full_data
4,18,69,4,4,0,1,sushi_b,full_data
4,18,70,1,1,0,1,sushi_b,full_data
4,18,72,0,1,1,0,sushi_b,full_data
4,18,74,5,7,2,0.714285714285714,sushi_b,full_data
4,18,75,4,5,1,0.8,sushi_b,full_data
4,18,77,3,5,2,0.6,sushi_b,full_data
4,18,78,4,8,4,0.5,sushi_b,full_data
4,18,81,3,4,1,0.75,sushi_b,full_data
4,18,83,2,2,0,1,sushi_b,full_data
4,18,84,3,3,0,1,sushi_b,full_data
4,18,85,1,5,4,0.2,sushi_b,full_data
4,18,86,1,2,1,0.5,sushi_b,full_data
4,18,89,1,3,2,0.333333333333333,sushi_b,full_data
4,18,90,5,5,0,1,sushi_b,full_data
4,18,91,1,1,0,1,sushi_b,full_data
4,18,92,3,7,4,0.428571428571429,sushi_b,full_data
4,18,93,1,3,2,0.333333333333333,sushi_b,full_data
4,18,94,3,4,1,0.75,sushi_b,full_data
4,18,97,6,6,0,1,sushi_b,full_data
4,18,98,1,1,0,1,sushi_b,full_data
4,18,99,1,2,1,0.5,sushi_b,full_data
4,19,0,51,74,23,0.689189189189189,sushi_b,full_data
4,19,1,38,54,16,0.703703703703704,sushi_b,full_data
4,19,2,7,8,1,0.875,sushi_b,full_data
4,19,3,53,73,20,0.726027397260274,sushi_b,full_data
4,19,4,46,70,24,0.657142857142857,sushi_b,full_data
4,19,5,45,61,16,0.737704918032787,sushi_b,full_data
4,19,6,17,21,4,0.80952380952381,sushi_b,full_data
4,19,7,14,18,4,0.777777777777778,sushi_b,full_data
4,19,10,62,84,22,0.738095238095238,sushi_b,full_data
4,19,11,16,21,5,0.761904761904762,sushi_b,full_data
4,19,12,5,7,2,0.714285714285714,sushi_b,full_data
4,19,13,11,19,8,0.578947368421053,sushi_b,full_data
4,19,14,16,23,7,0.695652173913043,sushi_b,full_data
4,19,15,1,1,0,1,sushi_b,full_data
4,19,16,4,7,3,0.571428571428571,sushi_b,full_data
4,19,18,6,6,0,1,sushi_b,full_data
4,19,20,21,32,11,0.65625,sushi_b,full_data
4,19,21,35,44,9,0.795454545454545,sushi_b,full_data
4,19,22,28,41,13,0.682926829268293,sushi_b,full_data
4,19,23,1,2,1,0.5,sushi_b,full_data
4,19,25,28,36,8,0.777777777777778,sushi_b,full_data
4,19,26,36,49,13,0.73469387755102,sushi_b,full_data
4,19,27,28,37,9,0.756756756756757,sushi_b,full_data
4,19,30,1,1,0,1,sushi_b,full_data
4,19,31,21,26,5,0.807692307692308,sushi_b,full_data
4,19,32,11,13,2,0.846153846153846,sushi_b,full_data
4,19,33,2,2,0,1,sushi_b,full_data
4,19,34,7,9,2,0.777777777777778,sushi_b,full_data
4,19,36,17,28,11,0.607142857142857,sushi_b,full_data
4,19,38,3,3,0,1,sushi_b,full_data
4,19,39,10,11,1,0.909090909090909,sushi_b,full_data
4,19,41,10,16,6,0.625,sushi_b,full_data
4,19,43,4,5,1,0.8,sushi_b,full_data
4,19,44,4,5,1,0.8,sushi_b,full_data
4,19,45,8,8,0,1,sushi_b,full_data
4,19,46,4,4,0,1,sushi_b,full_data
4,19,47,0,1,1,0,sushi_b,full_data
4,19,48,1,1,0,1,sushi_b,full_data
4,19,50,2,3,1,0.666666666666667,sushi_b,full_data
4,19,53,1,1,0,1,sushi_b,full_data
4,19,54,2,3,1,0.666666666666667,sushi_b,full_data
4,19,57,2,2,0,1,sushi_b,full_data
4,19,62,7,7,0,1,sushi_b,full_data
4,19,65,1,2,1,0.5,sushi_b,full_data
4,19,71,2,2,0,1,sushi_b,full_data
4,19,73,4,4,0,1,sushi_b,full_data
4,19,76,4,4,0,1,sushi_b,full_data
4,19,87,1,1,0,1,sushi_b,full_data
4,19,88,1,1,0,1,sushi_b,full_data
4,19,95,2,3,1,0.666666666666667,sushi_b,full_data
4,19,96,2,3,1,0.666666666666667,sushi_b,full_data
4,20,3,13,23,10,0.565217391304348,sushi_b,full_data
4,20,4,5,10,5,0.5,sushi_b,full_data
4,20,5,41,66,25,0.621212121212121,sushi_b,full_data
4,20,7,56,85,29,0.658823529411765,sushi_b,full_data
4,20,10,7,11,4,0.636363636363636,sushi_b,full_data
4,20,12,39,59,20,0.661016949152542,sushi_b,full_data
4,20,14,24,47,23,0.51063829787234,sushi_b,full_data
4,20,16,36,48,12,0.75,sushi_b,full_data
4,20,17,4,5,1,0.8,sushi_b,full_data
4,20,18,29,44,15,0.659090909090909,sushi_b,full_data
4,20,21,15,28,13,0.535714285714286,sushi_b,full_data
4,20,22,3,4,1,0.75,sushi_b,full_data
4,20,23,17,22,5,0.772727272727273,sushi_b,full_data
4,20,24,9,9,0,1,sushi_b,full_data
4,20,25,25,35,10,0.714285714285714,sushi_b,full_data
4,20,27,5,12,7,0.416666666666667,sushi_b,full_data
4,20,28,6,6,0,1,sushi_b,full_data
4,20,29,3,7,4,0.428571428571429,sushi_b,full_data
4,20,30,13,20,7,0.65,sushi_b,full_data
4,20,31,9,20,11,0.45,sushi_b,full_data
4,20,32,14,21,7,0.666666666666667,sushi_b,full_data
4,20,33,16,20,4,0.8,sushi_b,full_data
4,20,34,24,31,7,0.774193548387097,sushi_b,full_data
4,20,35,8,9,1,0.888888888888889,sushi_b,full_data
4,20,36,10,12,2,0.833333333333333,sushi_b,full_data
4,20,38,21,31,10,0.67741935483871,sushi_b,full_data
4,20,39,18,25,7,0.72,sushi_b,full_data
4,20,40,2,2,0,1,sushi_b,full_data
4,20,42,3,4,1,0.75,sushi_b,full_data
4,20,43,12,18,6,0.666666666666667,sushi_b,full_data
4,20,44,10,11,1,0.909090909090909,sushi_b,full_data
4,20,45,14,22,8,0.636363636363636,sushi_b,full_data
4,20,46,10,15,5,0.666666666666667,sushi_b,full_data
4,20,48,6,8,2,0.75,sushi_b,full_data
4,20,49,3,4,1,0.75,sushi_b,full_data
4,20,50,9,13,4,0.692307692307692,sushi_b,full_data
4,20,51,11,12,1,0.916666666666667,sushi_b,full_data
4,20,52,2,2,0,1,sushi_b,full_data
4,20,54,9,12,3,0.75,sushi_b,full_data
4,20,55,4,5,1,0.8,sushi_b,full_data
4,20,56,0,1,1,0,sushi_b,full_data
4,20,57,4,5,1,0.8,sushi_b,full_data
4,20,58,3,4,1,0.75,sushi_b,full_data
4,20,60,1,1,0,1,sushi_b,full_data
4,20,62,9,14,5,0.642857142857143,sushi_b,full_data
4,20,63,9,12,3,0.75,sushi_b,full_data
4,20,64,1,1,0,1,sushi_b,full_data
4,20,65,7,8,1,0.875,sushi_b,full_data
4,20,66,4,5,1,0.8,sushi_b,full_data
4,20,67,2,3,1,0.666666666666667,sushi_b,full_data
4,20,68,2,3,1,0.666666666666667,sushi_b,full_data
4,20,70,1,1,0,1,sushi_b,full_data
4,20,71,5,6,1,0.833333333333333,sushi_b,full_data
4,20,72,2,5,3,0.4,sushi_b,full_data
4,20,73,4,4,0,1,sushi_b,full_data
4,20,74,0,1,1,0,sushi_b,full_data
4,20,75,2,2,0,1,sushi_b,full_data
4,20,76,1,2,1,0.5,sushi_b,full_data
4,20,77,1,2,1,0.5,sushi_b,full_data
4,20,80,2,3,1,0.666666666666667,sushi_b,full_data
4,20,82,1,1,0,1,sushi_b,full_data
4,20,87,1,1,0,1,sushi_b,full_data
4,20,88,3,4,1,0.75,sushi_b,full_data
4,20,90,1,1,0,1,sushi_b,full_data
4,20,91,0,1,1,0,sushi_b,full_data
4,20,95,5,5,0,1,sushi_b,full_data
4,20,98,0,1,1,0,sushi_b,full_data
4,20,99,1,2,1,0.5,sushi_b,full_data
4,21,7,11,16,5,0.6875,sushi_b,full_data
4,21,12,26,41,15,0.634146341463415,sushi_b,full_data
4,21,14,1,2,1,0.5,sushi_b,full_data
4,21,16,27,36,9,0.75,sushi_b,full_data
4,21,17,28,34,6,0.823529411764706,sushi_b,full_data
4,21,18,14,22,8,0.636363636363636,sushi_b,full_data
4,21,23,32,43,11,0.744186046511628,sushi_b,full_data
4,21,24,28,41,13,0.682926829268293,sushi_b,full_data
4,21,28,24,34,10,0.705882352941177,sushi_b,full_data
4,21,29,22,32,10,0.6875,sushi_b,full_data
4,21,30,20,31,11,0.645161290322581,sushi_b,full_data
4,21,32,12,13,1,0.923076923076923,sushi_b,full_data
4,21,33,20,29,9,0.689655172413793,sushi_b,full_data
4,21,35,20,31,11,0.645161290322581,sushi_b,full_data
4,21,38,20,27,7,0.740740740740741,sushi_b,full_data
4,21,39,6,8,2,0.75,sushi_b,full_data
4,21,40,13,19,6,0.684210526315789,sushi_b,full_data
4,21,42,13,18,5,0.722222222222222,sushi_b,full_data
4,21,43,0,1,1,0,sushi_b,full_data
4,21,44,6,10,4,0.6,sushi_b,full_data
4,21,46,6,7,1,0.857142857142857,sushi_b,full_data
4,21,48,12,16,4,0.75,sushi_b,full_data
4,21,49,15,19,4,0.789473684210526,sushi_b,full_data
4,21,50,17,21,4,0.80952380952381,sushi_b,full_data
4,21,51,11,22,11,0.5,sushi_b,full_data
4,21,52,15,17,2,0.882352941176471,sushi_b,full_data
4,21,54,4,5,1,0.8,sushi_b,full_data
4,21,55,9,11,2,0.818181818181818,sushi_b,full_data
4,21,56,5,8,3,0.625,sushi_b,full_data
4,21,58,6,10,4,0.6,sushi_b,full_data
4,21,59,10,11,1,0.909090909090909,sushi_b,full_data
4,21,60,8,12,4,0.666666666666667,sushi_b,full_data
4,21,63,4,5,1,0.8,sushi_b,full_data
4,21,64,4,8,4,0.5,sushi_b,full_data
4,21,65,3,4,1,0.75,sushi_b,full_data
4,21,66,4,6,2,0.666666666666667,sushi_b,full_data
4,21,67,3,7,4,0.428571428571429,sushi_b,full_data
4,21,69,8,10,2,0.8,sushi_b,full_data
4,21,70,4,6,2,0.666666666666667,sushi_b,full_data
4,21,71,3,4,1,0.75,sushi_b,full_data
4,21,72,4,5,1,0.8,sushi_b,full_data
4,21,74,7,7,0,1,sushi_b,full_data
4,21,75,6,9,3,0.666666666666667,sushi_b,full_data
4,21,77,2,5,3,0.4,sushi_b,full_data
4,21,78,6,8,2,0.75,sushi_b,full_data
4,21,80,2,2,0,1,sushi_b,full_data
4,21,82,2,4,2,0.5,sushi_b,full_data
4,21,84,3,5,2,0.6,sushi_b,full_data
4,21,85,2,3,1,0.666666666666667,sushi_b,full_data
4,21,86,2,2,0,1,sushi_b,full_data
4,21,87,3,3,0,1,sushi_b,full_data
4,21,89,0,1,1,0,sushi_b,full_data
4,21,90,2,2,0,1,sushi_b,full_data
4,21,91,4,4,0,1,sushi_b,full_data
4,21,92,1,2,1,0.5,sushi_b,full_data
4,21,93,3,3,0,1,sushi_b,full_data
4,21,94,2,3,1,0.666666666666667,sushi_b,full_data
4,21,95,1,1,0,1,sushi_b,full_data
4,21,97,4,4,0,1,sushi_b,full_data
4,21,98,5,8,3,0.625,sushi_b,full_data
4,21,99,2,2,0,1,sushi_b,full_data
4,22,5,8,16,8,0.5,sushi_b,full_data
4,22,7,25,39,14,0.641025641025641,sushi_b,full_data
4,22,12,33,47,14,0.702127659574468,sushi_b,full_data
4,22,14,26,33,7,0.787878787878788,sushi_b,full_data
4,22,16,36,46,10,0.782608695652174,sushi_b,full_data
4,22,17,9,11,2,0.818181818181818,sushi_b,full_data
4,22,18,30,47,17,0.638297872340426,sushi_b,full_data
4,22,21,2,4,2,0.5,sushi_b,full_data
4,22,23,31,43,12,0.720930232558139,sushi_b,full_data
4,22,24,22,27,5,0.814814814814815,sushi_b,full_data
4,22,25,3,6,3,0.5,sushi_b,full_data
4,22,28,16,17,1,0.941176470588235,sushi_b,full_data
4,22,29,22,27,5,0.814814814814815,sushi_b,full_data
4,22,30,21,29,8,0.724137931034483,sushi_b,full_data
4,22,31,5,11,6,0.454545454545455,sushi_b,full_data
4,22,32,16,26,10,0.615384615384615,sushi_b,full_data
4,22,33,16,23,7,0.695652173913043,sushi_b,full_data
4,22,34,10,17,7,0.588235294117647,sushi_b,full_data
4,22,35,20,27,7,0.740740740740741,sushi_b,full_data
4,22,36,1,2,1,0.5,sushi_b,full_data
4,22,38,14,24,10,0.583333333333333,sushi_b,full_data
4,22,39,16,23,7,0.695652173913043,sushi_b,full_data
4,22,40,9,9,0,1,sushi_b,full_data
4,22,42,7,7,0,1,sushi_b,full_data
4,22,43,7,10,3,0.7,sushi_b,full_data
4,22,44,10,14,4,0.714285714285714,sushi_b,full_data
4,22,45,9,11,2,0.818181818181818,sushi_b,full_data
4,22,46,12,17,5,0.705882352941177,sushi_b,full_data
4,22,48,12,12,0,1,sushi_b,full_data
4,22,49,6,10,4,0.6,sushi_b,full_data
4,22,50,15,16,1,0.9375,sushi_b,full_data
4,22,51,16,17,1,0.941176470588235,sushi_b,full_data
4,22,52,6,8,2,0.75,sushi_b,full_data
4,22,54,5,9,4,0.555555555555556,sushi_b,full_data
4,22,55,8,8,0,1,sushi_b,full_data
4,22,56,4,5,1,0.8,sushi_b,full_data
4,22,57,1,1,0,1,sushi_b,full_data
4,22,58,5,5,0,1,sushi_b,full_data
4,22,59,4,4,0,1,sushi_b,full_data
4,22,60,3,3,0,1,sushi_b,full_data
4,22,62,6,11,5,0.545454545454545,sushi_b,full_data
4,22,63,11,13,2,0.846153846153846,sushi_b,full_data
4,22,64,4,4,0,1,sushi_b,full_data
4,22,65,3,4,1,0.75,sushi_b,full_data
4,22,66,7,7,0,1,sushi_b,full_data
4,22,67,4,4,0,1,sushi_b,full_data
4,22,68,1,1,0,1,sushi_b,full_data
4,22,69,3,3,0,1,sushi_b,full_data
4,22,70,1,2,1,0.5,sushi_b,full_data
4,22,71,8,13,5,0.615384615384615,sushi_b,full_data
4,22,72,6,8,2,0.75,sushi_b,full_data
4,22,73,1,1,0,1,sushi_b,full_data
4,22,74,2,2,0,1,sushi_b,full_data
4,22,75,6,6,0,1,sushi_b,full_data
4,22,76,1,2,1,0.5,sushi_b,full_data
4,22,77,6,6,0,1,sushi_b,full_data
4,22,78,2,2,0,1,sushi_b,full_data
4,22,80,1,3,2,0.333333333333333,sushi_b,full_data
4,22,82,3,4,1,0.75,sushi_b,full_data
4,22,83,2,2,0,1,sushi_b,full_data
4,22,86,1,1,0,1,sushi_b,full_data
4,22,87,5,5,0,1,sushi_b,full_data
4,22,88,1,1,0,1,sushi_b,full_data
4,22,89,3,3,0,1,sushi_b,full_data
4,22,91,4,5,1,0.8,sushi_b,full_data
4,22,92,1,2,1,0.5,sushi_b,full_data
4,22,93,2,3,1,0.666666666666667,sushi_b,full_data
4,22,94,1,2,1,0.5,sushi_b,full_data
4,22,95,2,3,1,0.666666666666667,sushi_b,full_data
4,22,96,1,1,0,1,sushi_b,full_data
4,22,97,1,1,0,1,sushi_b,full_data
4,22,98,3,3,0,1,sushi_b,full_data
4,22,99,1,1,0,1,sushi_b,full_data
4,23,17,9,14,5,0.642857142857143,sushi_b,full_data
4,23,28,0,1,1,0,sushi_b,full_data
4,23,40,4,5,1,0.8,sushi_b,full_data
4,23,42,2,3,1,0.666666666666667,sushi_b,full_data
4,23,52,0,1,1,0,sushi_b,full_data
4,23,56,1,2,1,0.5,sushi_b,full_data
4,23,59,6,8,2,0.75,sushi_b,full_data
4,23,60,1,3,2,0.333333333333333,sushi_b,full_data
4,23,68,0,1,1,0,sushi_b,full_data
4,23,69,1,1,0,1,sushi_b,full_data
4,23,74,0,1,1,0,sushi_b,full_data
4,23,77,1,1,0,1,sushi_b,full_data
4,23,80,1,1,0,1,sushi_b,full_data
4,23,81,1,1,0,1,sushi_b,full_data
4,23,84,2,2,0,1,sushi_b,full_data
4,23,85,1,1,0,1,sushi_b,full_data
4,23,89,3,4,1,0.75,sushi_b,full_data
4,23,90,1,1,0,1,sushi_b,full_data
4,23,92,1,1,0,1,sushi_b,full_data
4,23,94,1,1,0,1,sushi_b,full_data
4,23,97,1,1,0,1,sushi_b,full_data
4,24,17,1,1,0,1,sushi_b,full_data
4,24,56,1,1,0,1,sushi_b,full_data
4,24,59,1,1,0,1,sushi_b,full_data
4,24,85,1,1,0,1,sushi_b,full_data
4,24,89,1,1,0,1,sushi_b,full_data
4,24,90,2,2,0,1,sushi_b,full_data
4,24,92,1,1,0,1,sushi_b,full_data
4,24,93,1,1,0,1,sushi_b,full_data
4,24,97,1,1,0,1,sushi_b,full_data
4,25,7,2,5,3,0.4,sushi_b,full_data
4,25,12,16,25,9,0.64,sushi_b,full_data
4,25,14,1,1,0,1,sushi_b,full_data
4,25,16,28,39,11,0.717948717948718,sushi_b,full_data
4,25,17,29,47,18,0.617021276595745,sushi_b,full_data
4,25,18,10,14,4,0.714285714285714,sushi_b,full_data
4,25,23,25,31,6,0.806451612903226,sushi_b,full_data
4,25,24,31,45,14,0.688888888888889,sushi_b,full_data
4,25,28,19,29,10,0.655172413793103,sushi_b,full_data
4,25,29,32,43,11,0.744186046511628,sushi_b,full_data
4,25,30,14,25,11,0.56,sushi_b,full_data
4,25,32,3,4,1,0.75,sushi_b,full_data
4,25,33,14,20,6,0.7,sushi_b,full_data
4,25,35,16,25,9,0.64,sushi_b,full_data
4,25,38,8,14,6,0.571428571428571,sushi_b,full_data
4,25,39,2,2,0,1,sushi_b,full_data
4,25,40,20,25,5,0.8,sushi_b,full_data
4,25,42,11,15,4,0.733333333333333,sushi_b,full_data
4,25,44,0,3,3,0,sushi_b,full_data
4,25,46,0,1,1,0,sushi_b,full_data
4,25,48,10,15,5,0.666666666666667,sushi_b,full_data
4,25,49,9,13,4,0.692307692307692,sushi_b,full_data
4,25,50,5,7,2,0.714285714285714,sushi_b,full_data
4,25,51,9,16,7,0.5625,sushi_b,full_data
4,25,52,3,9,6,0.333333333333333,sushi_b,full_data
4,25,54,1,1,0,1,sushi_b,full_data
4,25,55,6,10,4,0.6,sushi_b,full_data
4,25,56,6,7,1,0.857142857142857,sushi_b,full_data
4,25,58,7,12,5,0.583333333333333,sushi_b,full_data
4,25,59,7,8,1,0.875,sushi_b,full_data
4,25,60,8,12,4,0.666666666666667,sushi_b,full_data
4,25,63,3,4,1,0.75,sushi_b,full_data
4,25,64,9,11,2,0.818181818181818,sushi_b,full_data
4,25,65,1,1,0,1,sushi_b,full_data
4,25,66,2,4,2,0.5,sushi_b,full_data
4,25,67,8,11,3,0.727272727272727,sushi_b,full_data
4,25,68,4,5,1,0.8,sushi_b,full_data
4,25,69,6,7,1,0.857142857142857,sushi_b,full_data
4,25,70,5,7,2,0.714285714285714,sushi_b,full_data
4,25,71,1,4,3,0.25,sushi_b,full_data
4,25,72,3,4,1,0.75,sushi_b,full_data
4,25,74,1,4,3,0.25,sushi_b,full_data
4,25,75,4,6,2,0.666666666666667,sushi_b,full_data
4,25,77,4,5,1,0.8,sushi_b,full_data
4,25,78,2,6,4,0.333333333333333,sushi_b,full_data
4,25,80,0,1,1,0,sushi_b,full_data
4,25,81,3,3,0,1,sushi_b,full_data
4,25,82,2,3,1,0.666666666666667,sushi_b,full_data
4,25,83,3,3,0,1,sushi_b,full_data
4,25,84,3,3,0,1,sushi_b,full_data
4,25,86,2,2,0,1,sushi_b,full_data
4,25,87,0,1,1,0,sushi_b,full_data
4,25,89,1,2,1,0.5,sushi_b,full_data
4,25,90,3,3,0,1,sushi_b,full_data
4,25,91,3,3,0,1,sushi_b,full_data
4,25,92,3,5,2,0.6,sushi_b,full_data
4,25,93,5,5,0,1,sushi_b,full_data
4,25,94,1,2,1,0.5,sushi_b,full_data
4,25,95,1,1,0,1,sushi_b,full_data
4,25,97,2,4,2,0.5,sushi_b,full_data
4,25,98,5,6,1,0.833333333333333,sushi_b,full_data
4,25,99,2,4,2,0.5,sushi_b,full_data
4,26,3,2,2,0,1,sushi_b,full_data
4,26,5,26,38,12,0.684210526315789,sushi_b,full_data
4,26,7,31,48,17,0.645833333333333,sushi_b,full_data
4,26,12,31,48,17,0.645833333333333,sushi_b,full_data
4,26,14,17,27,10,0.62962962962963,sushi_b,full_data
4,26,16,22,35,13,0.628571428571429,sushi_b,full_data
4,26,17,6,8,2,0.75,sushi_b,full_data
4,26,18,27,37,10,0.72972972972973,sushi_b,full_data
4,26,21,5,12,7,0.416666666666667,sushi_b,full_data
4,26,23,20,33,13,0.606060606060606,sushi_b,full_data
4,26,24,20,29,9,0.689655172413793,sushi_b,full_data
4,26,25,5,10,5,0.5,sushi_b,full_data
4,26,27,0,2,2,0,sushi_b,full_data
4,26,28,11,17,6,0.647058823529412,sushi_b,full_data
4,26,29,16,19,3,0.842105263157895,sushi_b,full_data
4,26,30,26,35,9,0.742857142857143,sushi_b,full_data
4,26,31,5,8,3,0.625,sushi_b,full_data
4,26,32,23,31,8,0.741935483870968,sushi_b,full_data
4,26,33,12,17,5,0.705882352941177,sushi_b,full_data
4,26,34,11,16,5,0.6875,sushi_b,full_data
4,26,35,11,17,6,0.647058823529412,sushi_b,full_data
4,26,36,3,5,2,0.6,sushi_b,full_data
4,26,38,15,20,5,0.75,sushi_b,full_data
4,26,39,12,18,6,0.666666666666667,sushi_b,full_data
4,26,40,2,2,0,1,sushi_b,full_data
4,26,42,4,4,0,1,sushi_b,full_data
4,26,43,11,16,5,0.6875,sushi_b,full_data
4,26,44,10,16,6,0.625,sushi_b,full_data
4,26,45,8,11,3,0.727272727272727,sushi_b,full_data
4,26,46,5,9,4,0.555555555555556,sushi_b,full_data
4,26,48,4,5,1,0.8,sushi_b,full_data
4,26,49,6,8,2,0.75,sushi_b,full_data
4,26,50,11,13,2,0.846153846153846,sushi_b,full_data
4,26,51,15,20,5,0.75,sushi_b,full_data
4,26,54,7,9,2,0.777777777777778,sushi_b,full_data
4,26,55,2,3,1,0.666666666666667,sushi_b,full_data
4,26,56,1,2,1,0.5,sushi_b,full_data
4,26,57,0,2,2,0,sushi_b,full_data
4,26,58,5,5,0,1,sushi_b,full_data
4,26,59,3,3,0,1,sushi_b,full_data
4,26,60,2,3,1,0.666666666666667,sushi_b,full_data
4,26,62,8,9,1,0.888888888888889,sushi_b,full_data
4,26,63,6,9,3,0.666666666666667,sushi_b,full_data
4,26,64,4,6,2,0.666666666666667,sushi_b,full_data
4,26,65,3,6,3,0.5,sushi_b,full_data
4,26,66,5,7,2,0.714285714285714,sushi_b,full_data
4,26,67,8,10,2,0.8,sushi_b,full_data
4,26,68,3,3,0,1,sushi_b,full_data
4,26,69,2,2,0,1,sushi_b,full_data
4,26,70,1,2,1,0.5,sushi_b,full_data
4,26,71,5,9,4,0.555555555555556,sushi_b,full_data
4,26,72,1,3,2,0.333333333333333,sushi_b,full_data
4,26,73,0,2,2,0,sushi_b,full_data
4,26,74,3,3,0,1,sushi_b,full_data
4,26,75,1,2,1,0.5,sushi_b,full_data
4,26,76,1,1,0,1,sushi_b,full_data
4,26,77,1,2,1,0.5,sushi_b,full_data
4,26,78,2,2,0,1,sushi_b,full_data
4,26,80,1,1,0,1,sushi_b,full_data
4,26,82,2,3,1,0.666666666666667,sushi_b,full_data
4,26,84,1,1,0,1,sushi_b,full_data
4,26,85,1,1,0,1,sushi_b,full_data
4,26,87,3,5,2,0.6,sushi_b,full_data
4,26,90,1,1,0,1,sushi_b,full_data
4,26,91,4,5,1,0.8,sushi_b,full_data
4,26,94,1,1,0,1,sushi_b,full_data
4,26,95,4,6,2,0.666666666666667,sushi_b,full_data
4,26,96,0,2,2,0,sushi_b,full_data
4,26,97,2,2,0,1,sushi_b,full_data
4,27,5,3,5,2,0.6,sushi_b,full_data
4,27,7,8,17,9,0.470588235294118,sushi_b,full_data
4,27,12,20,33,13,0.606060606060606,sushi_b,full_data
4,27,14,1,3,2,0.333333333333333,sushi_b,full_data
4,27,16,23,35,12,0.657142857142857,sushi_b,full_data
4,27,17,17,25,8,0.68,sushi_b,full_data
4,27,18,21,34,13,0.617647058823529,sushi_b,full_data
4,27,23,26,42,16,0.619047619047619,sushi_b,full_data
4,27,24,19,26,7,0.730769230769231,sushi_b,full_data
4,27,28,21,27,6,0.777777777777778,sushi_b,full_data
4,27,29,25,31,6,0.806451612903226,sushi_b,full_data
4,27,30,20,24,4,0.833333333333333,sushi_b,full_data
4,27,32,4,10,6,0.4,sushi_b,full_data
4,27,33,17,24,7,0.708333333333333,sushi_b,full_data
4,27,34,3,3,0,1,sushi_b,full_data
4,27,35,13,20,7,0.65,sushi_b,full_data
4,27,38,15,19,4,0.789473684210526,sushi_b,full_data
4,27,39,5,5,0,1,sushi_b,full_data
4,27,40,8,12,4,0.666666666666667,sushi_b,full_data
4,27,42,12,15,3,0.8,sushi_b,full_data
4,27,43,1,3,2,0.333333333333333,sushi_b,full_data
4,27,44,3,6,3,0.5,sushi_b,full_data
4,27,46,6,10,4,0.6,sushi_b,full_data
4,27,48,12,16,4,0.75,sushi_b,full_data
4,27,49,6,7,1,0.857142857142857,sushi_b,full_data
4,27,50,13,20,7,0.65,sushi_b,full_data
4,27,51,12,16,4,0.75,sushi_b,full_data
4,27,52,5,10,5,0.5,sushi_b,full_data
4,27,54,4,9,5,0.444444444444444,sushi_b,full_data
4,27,55,6,9,3,0.666666666666667,sushi_b,full_data
4,27,56,4,5,1,0.8,sushi_b,full_data
4,27,58,3,7,4,0.428571428571429,sushi_b,full_data
4,27,59,3,4,1,0.75,sushi_b,full_data
4,27,60,5,8,3,0.625,sushi_b,full_data
4,27,62,0,1,1,0,sushi_b,full_data
4,27,63,4,5,1,0.8,sushi_b,full_data
4,27,64,8,9,1,0.888888888888889,sushi_b,full_data
4,27,65,3,4,1,0.75,sushi_b,full_data
4,27,66,4,5,1,0.8,sushi_b,full_data
4,27,67,5,8,3,0.625,sushi_b,full_data
4,27,68,3,3,0,1,sushi_b,full_data
4,27,69,3,5,2,0.6,sushi_b,full_data
4,27,70,7,10,3,0.7,sushi_b,full_data
4,27,71,2,3,1,0.666666666666667,sushi_b,full_data
4,27,72,8,9,1,0.888888888888889,sushi_b,full_data
4,27,74,8,10,2,0.8,sushi_b,full_data
4,27,75,4,6,2,0.666666666666667,sushi_b,full_data
4,27,77,2,4,2,0.5,sushi_b,full_data
4,27,78,3,3,0,1,sushi_b,full_data
4,27,80,5,6,1,0.833333333333333,sushi_b,full_data
4,27,81,1,1,0,1,sushi_b,full_data
4,27,82,3,3,0,1,sushi_b,full_data
4,27,83,1,2,1,0.5,sushi_b,full_data
4,27,84,3,3,0,1,sushi_b,full_data
4,27,85,2,2,0,1,sushi_b,full_data
4,27,86,1,1,0,1,sushi_b,full_data
4,27,89,1,2,1,0.5,sushi_b,full_data
4,27,90,2,2,0,1,sushi_b,full_data
4,27,91,2,3,1,0.666666666666667,sushi_b,full_data
4,27,92,2,2,0,1,sushi_b,full_data
4,27,93,4,4,0,1,sushi_b,full_data
4,27,94,3,3,0,1,sushi_b,full_data
4,27,97,3,3,0,1,sushi_b,full_data
4,27,98,8,10,2,0.8,sushi_b,full_data
4,27,99,3,5,2,0.6,sushi_b,full_data
4,28,17,2,2,0,1,sushi_b,full_data
4,28,78,0,1,1,0,sushi_b,full_data
4,28,94,0,1,1,0,sushi_b,full_data
4,29,17,2,7,5,0.285714285714286,sushi_b,full_data
4,29,40,1,1,0,1,sushi_b,full_data
4,29,60,0,1,1,0,sushi_b,full_data
4,29,81,2,2,0,1,sushi_b,full_data
4,29,85,1,1,0,1,sushi_b,full_data
4,29,89,1,1,0,1,sushi_b,full_data
4,29,92,1,1,0,1,sushi_b,full_data
4,29,93,1,1,0,1,sushi_b,full_data
4,30,17,7,11,4,0.636363636363636,sushi_b,full_data
4,30,24,1,3,2,0.333333333333333,sushi_b,full_data
4,30,28,7,8,1,0.875,sushi_b,full_data
4,30,29,0,1,1,0,sushi_b,full_data
4,30,35,1,1,0,1,sushi_b,full_data
4,30,40,4,9,5,0.444444444444444,sushi_b,full_data
4,30,42,4,4,0,1,sushi_b,full_data
4,30,48,1,1,0,1,sushi_b,full_data
4,30,49,1,3,2,0.333333333333333,sushi_b,full_data
4,30,52,3,7,4,0.428571428571429,sushi_b,full_data
4,30,56,1,1,0,1,sushi_b,full_data
4,30,59,4,6,2,0.666666666666667,sushi_b,full_data
4,30,60,1,2,1,0.5,sushi_b,full_data
4,30,64,6,9,3,0.666666666666667,sushi_b,full_data
4,30,69,0,3,3,0,sushi_b,full_data
4,30,70,2,2,0,1,sushi_b,full_data
4,30,74,1,2,1,0.5,sushi_b,full_data
4,30,75,1,2,1,0.5,sushi_b,full_data
4,30,77,1,1,0,1,sushi_b,full_data
4,30,78,0,1,1,0,sushi_b,full_data
4,30,80,1,1,0,1,sushi_b,full_data
4,30,81,1,2,1,0.5,sushi_b,full_data
4,30,84,1,1,0,1,sushi_b,full_data
4,30,85,2,3,1,0.666666666666667,sushi_b,full_data
4,30,86,2,2,0,1,sushi_b,full_data
4,30,89,5,6,1,0.833333333333333,sushi_b,full_data
4,30,92,2,2,0,1,sushi_b,full_data
4,30,94,0,1,1,0,sushi_b,full_data
4,30,97,2,2,0,1,sushi_b,full_data
4,30,99,1,1,0,1,sushi_b,full_data
4,31,7,1,1,0,1,sushi_b,full_data
4,31,12,10,19,9,0.526315789473684,sushi_b,full_data
4,31,16,24,28,4,0.857142857142857,sushi_b,full_data
4,31,17,28,37,9,0.756756756756757,sushi_b,full_data
4,31,18,8,9,1,0.888888888888889,sushi_b,full_data
4,31,23,21,31,10,0.67741935483871,sushi_b,full_data
4,31,24,19,29,10,0.655172413793103,sushi_b,full_data
4,31,28,9,19,10,0.473684210526316,sushi_b,full_data
4,31,29,14,18,4,0.777777777777778,sushi_b,full_data
4,31,30,10,13,3,0.769230769230769,sushi_b,full_data
4,31,32,2,3,1,0.666666666666667,sushi_b,full_data
4,31,33,10,15,5,0.666666666666667,sushi_b,full_data
4,31,35,9,18,9,0.5,sushi_b,full_data
4,31,38,5,7,2,0.714285714285714,sushi_b,full_data
4,31,39,1,1,0,1,sushi_b,full_data
4,31,40,11,14,3,0.785714285714286,sushi_b,full_data
4,31,42,10,15,5,0.666666666666667,sushi_b,full_data
4,31,44,4,4,0,1,sushi_b,full_data
4,31,46,0,1,1,0,sushi_b,full_data
4,31,48,15,20,5,0.75,sushi_b,full_data
4,31,49,9,12,3,0.75,sushi_b,full_data
4,31,50,3,4,1,0.75,sushi_b,full_data
4,31,51,4,7,3,0.571428571428571,sushi_b,full_data
4,31,52,7,10,3,0.7,sushi_b,full_data
4,31,54,1,1,0,1,sushi_b,full_data
4,31,55,11,11,0,1,sushi_b,full_data
4,31,56,5,5,0,1,sushi_b,full_data
4,31,58,3,6,3,0.5,sushi_b,full_data
4,31,59,3,4,1,0.75,sushi_b,full_data
4,31,60,6,9,3,0.666666666666667,sushi_b,full_data
4,31,63,3,3,0,1,sushi_b,full_data
4,31,64,13,15,2,0.866666666666667,sushi_b,full_data
4,31,66,4,4,0,1,sushi_b,full_data
4,31,67,3,3,0,1,sushi_b,full_data
4,31,68,7,9,2,0.777777777777778,sushi_b,full_data
4,31,69,5,8,3,0.625,sushi_b,full_data
4,31,70,4,6,2,0.666666666666667,sushi_b,full_data
4,31,71,3,3,0,1,sushi_b,full_data
4,31,72,2,3,1,0.666666666666667,sushi_b,full_data
4,31,74,7,9,2,0.777777777777778,sushi_b,full_data
4,31,75,3,5,2,0.6,sushi_b,full_data
4,31,77,6,9,3,0.666666666666667,sushi_b,full_data
4,31,78,1,1,0,1,sushi_b,full_data
4,31,80,2,2,0,1,sushi_b,full_data
4,31,82,0,1,1,0,sushi_b,full_data
4,31,83,2,2,0,1,sushi_b,full_data
4,31,84,0,1,1,0,sushi_b,full_data
4,31,89,2,2,0,1,sushi_b,full_data
4,31,90,1,2,1,0.5,sushi_b,full_data
4,31,91,0,1,1,0,sushi_b,full_data
4,31,92,1,1,0,1,sushi_b,full_data
4,31,93,1,1,0,1,sushi_b,full_data
4,31,94,2,2,0,1,sushi_b,full_data
4,31,97,1,1,0,1,sushi_b,full_data
4,31,98,1,2,1,0.5,sushi_b,full_data
4,31,99,1,3,2,0.333333333333333,sushi_b,full_data
4,32,16,1,1,0,1,sushi_b,full_data
4,32,17,11,23,12,0.478260869565217,sushi_b,full_data
4,32,23,3,4,1,0.75,sushi_b,full_data
4,32,24,6,12,6,0.5,sushi_b,full_data
4,32,28,7,10,3,0.7,sushi_b,full_data
4,32,29,4,8,4,0.5,sushi_b,full_data
4,32,33,2,5,3,0.4,sushi_b,full_data
4,32,35,3,5,2,0.6,sushi_b,full_data
4,32,40,6,10,4,0.6,sushi_b,full_data
4,32,42,4,8,4,0.5,sushi_b,full_data
4,32,48,1,1,0,1,sushi_b,full_data
4,32,49,2,3,1,0.666666666666667,sushi_b,full_data
4,32,51,1,1,0,1,sushi_b,full_data
4,32,52,3,5,2,0.6,sushi_b,full_data
4,32,56,5,6,1,0.833333333333333,sushi_b,full_data
4,32,59,4,4,0,1,sushi_b,full_data
4,32,60,4,5,1,0.8,sushi_b,full_data
4,32,64,3,5,2,0.6,sushi_b,full_data
4,32,66,0,1,1,0,sushi_b,full_data
4,32,67,1,1,0,1,sushi_b,full_data
4,32,68,3,3,0,1,sushi_b,full_data
4,32,69,4,4,0,1,sushi_b,full_data
4,32,72,0,1,1,0,sushi_b,full_data
4,32,74,0,2,2,0,sushi_b,full_data
4,32,75,3,5,2,0.6,sushi_b,full_data
4,32,77,2,2,0,1,sushi_b,full_data
4,32,78,2,4,2,0.5,sushi_b,full_data
4,32,80,2,2,0,1,sushi_b,full_data
4,32,81,1,1,0,1,sushi_b,full_data
4,32,84,1,1,0,1,sushi_b,full_data
4,32,85,6,6,0,1,sushi_b,full_data
4,32,86,1,1,0,1,sushi_b,full_data
4,32,90,2,2,0,1,sushi_b,full_data
4,32,91,1,1,0,1,sushi_b,full_data
4,32,92,2,2,0,1,sushi_b,full_data
4,32,93,2,3,1,0.666666666666667,sushi_b,full_data
4,32,94,2,3,1,0.666666666666667,sushi_b,full_data
4,32,97,4,4,0,1,sushi_b,full_data
4,32,98,1,2,1,0.5,sushi_b,full_data
4,33,17,8,12,4,0.666666666666667,sushi_b,full_data
4,33,28,1,2,1,0.5,sushi_b,full_data
4,33,40,1,1,0,1,sushi_b,full_data
4,33,49,1,2,1,0.5,sushi_b,full_data
4,33,52,0,1,1,0,sushi_b,full_data
4,33,56,1,2,1,0.5,sushi_b,full_data
4,33,59,2,4,2,0.5,sushi_b,full_data
4,33,60,2,5,3,0.4,sushi_b,full_data
4,33,69,2,3,1,0.666666666666667,sushi_b,full_data
4,33,75,0,1,1,0,sushi_b,full_data
4,33,78,1,1,0,1,sushi_b,full_data
4,33,85,0,1,1,0,sushi_b,full_data
4,33,89,1,2,1,0.5,sushi_b,full_data
4,33,90,0,1,1,0,sushi_b,full_data
4,33,92,1,1,0,1,sushi_b,full_data
4,34,12,3,5,2,0.6,sushi_b,full_data
4,34,16,9,14,5,0.642857142857143,sushi_b,full_data
4,34,17,16,26,10,0.615384615384615,sushi_b,full_data
4,34,18,1,1,0,1,sushi_b,full_data
4,34,23,18,19,1,0.947368421052632,sushi_b,full_data
4,34,24,19,27,8,0.703703703703704,sushi_b,full_data
4,34,28,15,22,7,0.681818181818182,sushi_b,full_data
4,34,29,9,20,11,0.45,sushi_b,full_data
4,34,30,3,5,2,0.6,sushi_b,full_data
4,34,32,0,1,1,0,sushi_b,full_data
4,34,33,10,12,2,0.833333333333333,sushi_b,full_data
4,34,35,9,16,7,0.5625,sushi_b,full_data
4,34,38,0,1,1,0,sushi_b,full_data
4,34,40,7,14,7,0.5,sushi_b,full_data
4,34,42,13,15,2,0.866666666666667,sushi_b,full_data
4,34,48,2,6,4,0.333333333333333,sushi_b,full_data
4,34,49,10,13,3,0.769230769230769,sushi_b,full_data
4,34,50,1,2,1,0.5,sushi_b,full_data
4,34,51,5,8,3,0.625,sushi_b,full_data
4,34,52,4,5,1,0.8,sushi_b,full_data
4,34,55,2,5,3,0.4,sushi_b,full_data
4,34,56,5,5,0,1,sushi_b,full_data
4,34,58,3,6,3,0.5,sushi_b,full_data
4,34,59,2,2,0,1,sushi_b,full_data
4,34,60,3,4,1,0.75,sushi_b,full_data
4,34,63,1,1,0,1,sushi_b,full_data
4,34,64,6,8,2,0.75,sushi_b,full_data
4,34,66,2,2,0,1,sushi_b,full_data
4,34,67,3,3,0,1,sushi_b,full_data
4,34,68,3,3,0,1,sushi_b,full_data
4,34,69,3,3,0,1,sushi_b,full_data
4,34,70,2,3,1,0.666666666666667,sushi_b,full_data
4,34,72,1,1,0,1,sushi_b,full_data
4,34,74,3,3,0,1,sushi_b,full_data
4,34,75,3,3,0,1,sushi_b,full_data
4,34,77,1,1,0,1,sushi_b,full_data
4,34,78,6,7,1,0.857142857142857,sushi_b,full_data
4,34,80,1,1,0,1,sushi_b,full_data
4,34,81,3,3,0,1,sushi_b,full_data
4,34,82,1,1,0,1,sushi_b,full_data
4,34,83,4,5,1,0.8,sushi_b,full_data
4,34,84,2,2,0,1,sushi_b,full_data
4,34,85,2,2,0,1,sushi_b,full_data
4,34,86,2,2,0,1,sushi_b,full_data
4,34,87,1,2,1,0.5,sushi_b,full_data
4,34,90,2,2,0,1,sushi_b,full_data
4,34,91,2,2,0,1,sushi_b,full_data
4,34,92,5,5,0,1,sushi_b,full_data
4,34,93,2,2,0,1,sushi_b,full_data
4,34,94,2,2,0,1,sushi_b,full_data
4,34,97,1,1,0,1,sushi_b,full_data
4,34,98,1,1,0,1,sushi_b,full_data
4,34,99,1,2,1,0.5,sushi_b,full_data
4,35,17,4,6,2,0.666666666666667,sushi_b,full_data
4,35,40,2,2,0,1,sushi_b,full_data
4,35,42,1,1,0,1,sushi_b,full_data
4,35,49,1,1,0,1,sushi_b,full_data
4,35,52,1,1,0,1,sushi_b,full_data
4,35,69,1,2,1,0.5,sushi_b,full_data
4,35,78,0,1,1,0,sushi_b,full_data
4,35,85,2,2,0,1,sushi_b,full_data
4,35,93,1,1,0,1,sushi_b,full_data
4,35,94,1,1,0,1,sushi_b,full_data
4,36,5,1,1,0,1,sushi_b,full_data
4,36,7,3,9,6,0.333333333333333,sushi_b,full_data
4,36,12,10,20,10,0.5,sushi_b,full_data
4,36,14,4,7,3,0.571428571428571,sushi_b,full_data
4,36,16,15,28,13,0.535714285714286,sushi_b,full_data
4,36,17,9,15,6,0.6,sushi_b,full_data
4,36,18,5,14,9,0.357142857142857,sushi_b,full_data
4,36,23,20,23,3,0.869565217391304,sushi_b,full_data
4,36,24,17,24,7,0.708333333333333,sushi_b,full_data
4,36,28,13,18,5,0.722222222222222,sushi_b,full_data
4,36,29,11,16,5,0.6875,sushi_b,full_data
4,36,30,20,29,9,0.689655172413793,sushi_b,full_data
4,36,32,2,2,0,1,sushi_b,full_data
4,36,33,12,13,1,0.923076923076923,sushi_b,full_data
4,36,34,1,1,0,1,sushi_b,full_data
4,36,35,8,14,6,0.571428571428571,sushi_b,full_data
4,36,38,11,16,5,0.6875,sushi_b,full_data
4,36,39,2,4,2,0.5,sushi_b,full_data
4,36,40,3,5,2,0.6,sushi_b,full_data
4,36,42,6,7,1,0.857142857142857,sushi_b,full_data
4,36,43,1,1,0,1,sushi_b,full_data
4,36,44,3,4,1,0.75,sushi_b,full_data
4,36,45,1,1,0,1,sushi_b,full_data
4,36,46,2,4,2,0.5,sushi_b,full_data
4,36,48,7,11,4,0.636363636363636,sushi_b,full_data
4,36,49,7,10,3,0.7,sushi_b,full_data
4,36,50,4,5,1,0.8,sushi_b,full_data
4,36,51,10,15,5,0.666666666666667,sushi_b,full_data
4,36,52,1,1,0,1,sushi_b,full_data
4,36,55,6,7,1,0.857142857142857,sushi_b,full_data
4,36,56,7,9,2,0.777777777777778,sushi_b,full_data
4,36,58,2,3,1,0.666666666666667,sushi_b,full_data
4,36,59,3,4,1,0.75,sushi_b,full_data
4,36,60,3,4,1,0.75,sushi_b,full_data
4,36,62,0,1,1,0,sushi_b,full_data
4,36,63,3,6,3,0.5,sushi_b,full_data
4,36,64,6,10,4,0.6,sushi_b,full_data
4,36,65,2,5,3,0.4,sushi_b,full_data
4,36,66,5,5,0,1,sushi_b,full_data
4,36,67,2,2,0,1,sushi_b,full_data
4,36,68,3,5,2,0.6,sushi_b,full_data
4,36,69,5,5,0,1,sushi_b,full_data
4,36,70,2,2,0,1,sushi_b,full_data
4,36,71,3,3,0,1,sushi_b,full_data
4,36,72,1,3,2,0.333333333333333,sushi_b,full_data
4,36,74,2,2,0,1,sushi_b,full_data
4,36,75,2,2,0,1,sushi_b,full_data
4,36,77,1,2,1,0.5,sushi_b,full_data
4,36,78,4,4,0,1,sushi_b,full_data
4,36,80,1,2,1,0.5,sushi_b,full_data
4,36,82,0,2,2,0,sushi_b,full_data
4,36,83,1,1,0,1,sushi_b,full_data
4,36,84,1,2,1,0.5,sushi_b,full_data
4,36,86,1,1,0,1,sushi_b,full_data
4,36,87,1,1,0,1,sushi_b,full_data
4,36,89,3,3,0,1,sushi_b,full_data
4,36,90,0,1,1,0,sushi_b,full_data
4,36,91,1,3,2,0.333333333333333,sushi_b,full_data
4,36,92,1,1,0,1,sushi_b,full_data
4,36,93,1,1,0,1,sushi_b,full_data
4,36,95,2,2,0,1,sushi_b,full_data
4,36,97,1,1,0,1,sushi_b,full_data
4,36,98,1,1,0,1,sushi_b,full_data
4,36,99,3,3,0,1,sushi_b,full_data
4,37,0,18,35,17,0.514285714285714,sushi_b,full_data
4,37,1,16,24,8,0.666666666666667,sushi_b,full_data
4,37,3,46,64,18,0.71875,sushi_b,full_data
4,37,4,22,29,7,0.758620689655172,sushi_b,full_data
4,37,5,13,20,7,0.65,sushi_b,full_data
4,37,6,2,4,2,0.5,sushi_b,full_data
4,37,7,13,20,7,0.65,sushi_b,full_data
4,37,10,16,34,18,0.470588235294118,sushi_b,full_data
4,37,11,7,10,3,0.7,sushi_b,full_data
4,37,12,6,8,2,0.75,sushi_b,full_data
4,37,13,3,5,2,0.6,sushi_b,full_data
4,37,14,17,22,5,0.772727272727273,sushi_b,full_data
4,37,16,1,1,0,1,sushi_b,full_data
4,37,18,4,5,1,0.8,sushi_b,full_data
4,37,20,3,9,6,0.333333333333333,sushi_b,full_data
4,37,21,20,31,11,0.645161290322581,sushi_b,full_data
4,37,22,10,16,6,0.625,sushi_b,full_data
4,37,23,4,4,0,1,sushi_b,full_data
4,37,25,13,18,5,0.722222222222222,sushi_b,full_data
4,37,26,11,14,3,0.785714285714286,sushi_b,full_data
4,37,27,14,21,7,0.666666666666667,sushi_b,full_data
4,37,30,2,2,0,1,sushi_b,full_data
4,37,31,10,14,4,0.714285714285714,sushi_b,full_data
4,37,32,3,3,0,1,sushi_b,full_data
4,37,34,9,17,8,0.529411764705882,sushi_b,full_data
4,37,35,1,1,0,1,sushi_b,full_data
4,37,36,10,14,4,0.714285714285714,sushi_b,full_data
4,37,38,1,1,0,1,sushi_b,full_data
4,37,39,5,5,0,1,sushi_b,full_data
4,37,41,4,6,2,0.666666666666667,sushi_b,full_data
4,37,43,2,4,2,0.5,sushi_b,full_data
4,37,44,4,7,3,0.571428571428571,sushi_b,full_data
4,37,45,7,11,4,0.636363636363636,sushi_b,full_data
4,37,46,1,2,1,0.5,sushi_b,full_data
4,37,50,3,3,0,1,sushi_b,full_data
4,37,51,1,2,1,0.5,sushi_b,full_data
4,37,53,2,2,0,1,sushi_b,full_data
4,37,54,0,1,1,0,sushi_b,full_data
4,37,57,5,9,4,0.555555555555556,sushi_b,full_data
4,37,62,4,4,0,1,sushi_b,full_data
4,37,65,2,5,3,0.4,sushi_b,full_data
4,37,66,1,1,0,1,sushi_b,full_data
4,37,71,2,3,1,0.666666666666667,sushi_b,full_data
4,37,73,0,2,2,0,sushi_b,full_data
4,37,76,5,6,1,0.833333333333333,sushi_b,full_data
4,37,79,0,1,1,0,sushi_b,full_data
4,37,88,5,7,2,0.714285714285714,sushi_b,full_data
4,37,95,1,1,0,1,sushi_b,full_data
4,37,96,1,4,3,0.25,sushi_b,full_data
4,38,17,8,20,12,0.4,sushi_b,full_data
4,38,24,7,10,3,0.7,sushi_b,full_data
4,38,28,3,3,0,1,sushi_b,full_data
4,38,29,2,4,2,0.5,sushi_b,full_data
4,38,40,8,11,3,0.727272727272727,sushi_b,full_data
4,38,42,1,2,1,0.5,sushi_b,full_data
4,38,48,0,1,1,0,sushi_b,full_data
4,38,49,2,4,2,0.5,sushi_b,full_data
4,38,52,1,3,2,0.333333333333333,sushi_b,full_data
4,38,56,1,2,1,0.5,sushi_b,full_data
4,38,59,4,6,2,0.666666666666667,sushi_b,full_data
4,38,60,2,2,0,1,sushi_b,full_data
4,38,64,2,3,1,0.666666666666667,sushi_b,full_data
4,38,68,1,1,0,1,sushi_b,full_data
4,38,70,1,1,0,1,sushi_b,full_data
4,38,72,1,1,0,1,sushi_b,full_data
4,38,74,1,2,1,0.5,sushi_b,full_data
4,38,75,3,3,0,1,sushi_b,full_data
4,38,77,1,2,1,0.5,sushi_b,full_data
4,38,78,1,4,3,0.25,sushi_b,full_data
4,38,81,0,1,1,0,sushi_b,full_data
4,38,83,1,1,0,1,sushi_b,full_data
4,38,84,1,1,0,1,sushi_b,full_data
4,38,85,0,1,1,0,sushi_b,full_data
4,38,86,0,1,1,0,sushi_b,full_data
4,38,89,2,3,1,0.666666666666667,sushi_b,full_data
4,38,90,1,2,1,0.5,sushi_b,full_data
4,38,91,0,1,1,0,sushi_b,full_data
4,38,93,0,1,1,0,sushi_b,full_data
4,38,94,3,4,1,0.75,sushi_b,full_data
4,38,97,1,1,0,1,sushi_b,full_data
4,39,12,0,1,1,0,sushi_b,full_data
4,39,16,0,4,4,0,sushi_b,full_data
4,39,17,18,23,5,0.782608695652174,sushi_b,full_data
4,39,23,2,3,1,0.666666666666667,sushi_b,full_data
4,39,24,10,16,6,0.625,sushi_b,full_data
4,39,28,10,12,2,0.833333333333333,sushi_b,full_data
4,39,29,11,13,2,0.846153846153846,sushi_b,full_data
4,39,30,4,4,0,1,sushi_b,full_data
4,39,33,2,3,1,0.666666666666667,sushi_b,full_data
4,39,35,7,10,3,0.7,sushi_b,full_data
4,39,40,7,9,2,0.777777777777778,sushi_b,full_data
4,39,42,9,12,3,0.75,sushi_b,full_data
4,39,48,2,3,1,0.666666666666667,sushi_b,full_data
4,39,49,5,9,4,0.555555555555556,sushi_b,full_data
4,39,51,1,1,0,1,sushi_b,full_data
4,39,52,6,6,0,1,sushi_b,full_data
4,39,55,1,3,2,0.333333333333333,sushi_b,full_data
4,39,56,4,4,0,1,sushi_b,full_data
4,39,58,1,2,1,0.5,sushi_b,full_data
4,39,59,6,8,2,0.75,sushi_b,full_data
4,39,60,5,5,0,1,sushi_b,full_data
4,39,64,5,6,1,0.833333333333333,sushi_b,full_data
4,39,66,0,1,1,0,sushi_b,full_data
4,39,67,3,4,1,0.75,sushi_b,full_data
4,39,69,1,2,1,0.5,sushi_b,full_data
4,39,70,0,1,1,0,sushi_b,full_data
4,39,72,1,1,0,1,sushi_b,full_data
4,39,74,2,2,0,1,sushi_b,full_data
4,39,75,2,4,2,0.5,sushi_b,full_data
4,39,78,2,2,0,1,sushi_b,full_data
4,39,80,1,1,0,1,sushi_b,full_data
4,39,81,3,3,0,1,sushi_b,full_data
4,39,83,0,1,1,0,sushi_b,full_data
4,39,85,1,1,0,1,sushi_b,full_data
4,39,86,3,3,0,1,sushi_b,full_data
4,39,89,2,2,0,1,sushi_b,full_data
4,39,91,1,1,0,1,sushi_b,full_data
4,39,92,2,2,0,1,sushi_b,full_data
4,39,93,2,2,0,1,sushi_b,full_data
4,39,94,2,4,2,0.5,sushi_b,full_data
4,39,98,1,1,0,1,sushi_b,full_data
4,41,3,2,3,1,0.666666666666667,sushi_b,full_data
4,41,4,1,1,0,1,sushi_b,full_data
4,41,5,16,27,11,0.592592592592593,sushi_b,full_data
4,41,7,21,40,19,0.525,sushi_b,full_data
4,41,12,18,24,6,0.75,sushi_b,full_data
4,41,14,20,29,9,0.689655172413793,sushi_b,full_data
4,41,16,16,21,5,0.761904761904762,sushi_b,full_data
4,41,17,2,3,1,0.666666666666667,sushi_b,full_data
4,41,18,18,26,8,0.692307692307692,sushi_b,full_data
4,41,21,8,10,2,0.8,sushi_b,full_data
4,41,23,10,11,1,0.909090909090909,sushi_b,full_data
4,41,24,7,11,4,0.636363636363636,sushi_b,full_data
4,41,25,4,7,3,0.571428571428571,sushi_b,full_data
4,41,27,5,6,1,0.833333333333333,sushi_b,full_data
4,41,28,3,6,3,0.5,sushi_b,full_data
4,41,29,3,5,2,0.6,sushi_b,full_data
4,41,30,16,22,6,0.727272727272727,sushi_b,full_data
4,41,31,7,10,3,0.7,sushi_b,full_data
4,41,32,11,13,2,0.846153846153846,sushi_b,full_data
4,41,33,14,15,1,0.933333333333333,sushi_b,full_data
4,41,34,7,12,5,0.583333333333333,sushi_b,full_data
4,41,35,1,1,0,1,sushi_b,full_data
4,41,36,3,7,4,0.428571428571429,sushi_b,full_data
4,41,38,6,9,3,0.666666666666667,sushi_b,full_data
4,41,39,10,13,3,0.769230769230769,sushi_b,full_data
4,41,40,1,2,1,0.5,sushi_b,full_data
4,41,42,4,4,0,1,sushi_b,full_data
4,41,43,6,10,4,0.6,sushi_b,full_data
4,41,44,6,8,2,0.75,sushi_b,full_data
4,41,45,3,3,0,1,sushi_b,full_data
4,41,46,4,6,2,0.666666666666667,sushi_b,full_data
4,41,48,3,5,2,0.6,sushi_b,full_data
4,41,49,2,2,0,1,sushi_b,full_data
4,41,50,7,10,3,0.7,sushi_b,full_data
4,41,51,7,10,3,0.7,sushi_b,full_data
4,41,52,0,1,1,0,sushi_b,full_data
4,41,54,2,7,5,0.285714285714286,sushi_b,full_data
4,41,55,2,2,0,1,sushi_b,full_data
4,41,56,0,2,2,0,sushi_b,full_data
4,41,57,1,2,1,0.5,sushi_b,full_data
4,41,58,1,3,2,0.333333333333333,sushi_b,full_data
4,41,59,3,3,0,1,sushi_b,full_data
4,41,60,1,1,0,1,sushi_b,full_data
4,41,62,3,6,3,0.5,sushi_b,full_data
4,41,63,5,5,0,1,sushi_b,full_data
4,41,65,1,4,3,0.25,sushi_b,full_data
4,41,66,2,2,0,1,sushi_b,full_data
4,41,67,2,2,0,1,sushi_b,full_data
4,41,68,2,2,0,1,sushi_b,full_data
4,41,69,2,2,0,1,sushi_b,full_data
4,41,70,3,5,2,0.6,sushi_b,full_data
4,41,71,0,2,2,0,sushi_b,full_data
4,41,72,0,2,2,0,sushi_b,full_data
4,41,73,2,2,0,1,sushi_b,full_data
4,41,74,1,1,0,1,sushi_b,full_data
4,41,75,2,3,1,0.666666666666667,sushi_b,full_data
4,41,76,2,2,0,1,sushi_b,full_data
4,41,77,1,1,0,1,sushi_b,full_data
4,41,80,1,1,0,1,sushi_b,full_data
4,41,82,1,1,0,1,sushi_b,full_data
4,41,88,1,2,1,0.5,sushi_b,full_data
4,41,95,1,1,0,1,sushi_b,full_data
4,41,98,1,1,0,1,sushi_b,full_data
4,41,99,1,1,0,1,sushi_b,full_data
4,43,12,1,1,0,1,sushi_b,full_data
4,43,16,2,3,1,0.666666666666667,sushi_b,full_data
4,43,17,14,22,8,0.636363636363636,sushi_b,full_data
4,43,23,2,7,5,0.285714285714286,sushi_b,full_data
4,43,24,7,13,6,0.538461538461538,sushi_b,full_data
4,43,28,5,12,7,0.416666666666667,sushi_b,full_data
4,43,29,4,6,2,0.666666666666667,sushi_b,full_data
4,43,30,2,2,0,1,sushi_b,full_data
4,43,33,4,4,0,1,sushi_b,full_data
4,43,35,6,10,4,0.6,sushi_b,full_data
4,43,38,1,1,0,1,sushi_b,full_data
4,43,40,8,8,0,1,sushi_b,full_data
4,43,42,1,3,2,0.333333333333333,sushi_b,full_data
4,43,48,3,6,3,0.5,sushi_b,full_data
4,43,49,6,7,1,0.857142857142857,sushi_b,full_data
4,43,50,0,1,1,0,sushi_b,full_data
4,43,51,2,3,1,0.666666666666667,sushi_b,full_data
4,43,52,3,4,1,0.75,sushi_b,full_data
4,43,55,1,1,0,1,sushi_b,full_data
4,43,56,5,6,1,0.833333333333333,sushi_b,full_data
4,43,58,2,2,0,1,sushi_b,full_data
4,43,59,4,4,0,1,sushi_b,full_data
4,43,60,3,3,0,1,sushi_b,full_data
4,43,63,1,1,0,1,sushi_b,full_data
4,43,64,1,3,2,0.333333333333333,sushi_b,full_data
4,43,66,0,1,1,0,sushi_b,full_data
4,43,67,0,1,1,0,sushi_b,full_data
4,43,68,0,2,2,0,sushi_b,full_data
4,43,69,1,1,0,1,sushi_b,full_data
4,43,70,2,2,0,1,sushi_b,full_data
4,43,72,1,1,0,1,sushi_b,full_data
4,43,74,2,3,1,0.666666666666667,sushi_b,full_data
4,43,75,2,3,1,0.666666666666667,sushi_b,full_data
4,43,78,3,3,0,1,sushi_b,full_data
4,43,81,2,2,0,1,sushi_b,full_data
4,43,82,1,1,0,1,sushi_b,full_data
4,43,83,0,1,1,0,sushi_b,full_data
4,43,84,2,2,0,1,sushi_b,full_data
4,43,89,1,1,0,1,sushi_b,full_data
4,43,90,1,2,1,0.5,sushi_b,full_data
4,43,92,1,1,0,1,sushi_b,full_data
4,43,93,0,1,1,0,sushi_b,full_data
4,43,97,1,1,0,1,sushi_b,full_data
4,43,99,1,3,2,0.333333333333333,sushi_b,full_data
4,44,16,2,2,0,1,sushi_b,full_data
4,44,17,19,27,8,0.703703703703704,sushi_b,full_data
4,44,23,3,3,0,1,sushi_b,full_data
4,44,24,6,7,1,0.857142857142857,sushi_b,full_data
4,44,28,5,8,3,0.625,sushi_b,full_data
4,44,29,3,5,2,0.6,sushi_b,full_data
4,44,30,0,1,1,0,sushi_b,full_data
4,44,33,1,2,1,0.5,sushi_b,full_data
4,44,35,1,3,2,0.333333333333333,sushi_b,full_data
4,44,40,3,5,2,0.6,sushi_b,full_data
4,44,42,6,12,6,0.5,sushi_b,full_data
4,44,48,1,2,1,0.5,sushi_b,full_data
4,44,49,4,5,1,0.8,sushi_b,full_data
4,44,51,1,1,0,1,sushi_b,full_data
4,44,52,1,2,1,0.5,sushi_b,full_data
4,44,55,1,2,1,0.5,sushi_b,full_data
4,44,56,1,1,0,1,sushi_b,full_data
4,44,58,1,1,0,1,sushi_b,full_data
4,44,59,2,2,0,1,sushi_b,full_data
4,44,60,2,3,1,0.666666666666667,sushi_b,full_data
4,44,64,1,1,0,1,sushi_b,full_data
4,44,66,1,1,0,1,sushi_b,full_data
4,44,67,2,3,1,0.666666666666667,sushi_b,full_data
4,44,68,2,2,0,1,sushi_b,full_data
4,44,69,3,5,2,0.6,sushi_b,full_data
4,44,70,1,2,1,0.5,sushi_b,full_data
4,44,74,1,1,0,1,sushi_b,full_data
4,44,75,2,4,2,0.5,sushi_b,full_data
4,44,77,2,3,1,0.666666666666667,sushi_b,full_data
4,44,78,1,1,0,1,sushi_b,full_data
4,44,80,1,2,1,0.5,sushi_b,full_data
4,44,81,3,3,0,1,sushi_b,full_data
4,44,84,1,1,0,1,sushi_b,full_data
4,44,85,0,1,1,0,sushi_b,full_data
4,44,89,1,1,0,1,sushi_b,full_data
4,44,92,0,1,1,0,sushi_b,full_data
4,44,93,3,4,1,0.75,sushi_b,full_data
4,44,99,0,1,1,0,sushi_b,full_data
4,45,12,2,6,4,0.333333333333333,sushi_b,full_data
4,45,16,6,6,0,1,sushi_b,full_data
4,45,17,12,23,11,0.521739130434783,sushi_b,full_data
4,45,18,1,1,0,1,sushi_b,full_data
4,45,23,3,5,2,0.6,sushi_b,full_data
4,45,24,4,10,6,0.4,sushi_b,full_data
4,45,28,10,18,8,0.555555555555556,sushi_b,full_data
4,45,29,7,10,3,0.7,sushi_b,full_data
4,45,30,1,4,3,0.25,sushi_b,full_data
4,45,32,1,1,0,1,sushi_b,full_data
4,45,33,3,4,1,0.75,sushi_b,full_data
4,45,35,5,9,4,0.555555555555556,sushi_b,full_data
4,45,38,2,3,1,0.666666666666667,sushi_b,full_data
4,45,40,0,5,5,0,sushi_b,full_data
4,45,42,6,10,4,0.6,sushi_b,full_data
4,45,44,0,2,2,0,sushi_b,full_data
4,45,46,0,1,1,0,sushi_b,full_data
4,45,48,8,10,2,0.8,sushi_b,full_data
4,45,49,5,6,1,0.833333333333333,sushi_b,full_data
4,45,50,2,4,2,0.5,sushi_b,full_data
4,45,51,1,2,1,0.5,sushi_b,full_data
4,45,52,6,6,0,1,sushi_b,full_data
4,45,55,2,2,0,1,sushi_b,full_data
4,45,56,4,5,1,0.8,sushi_b,full_data
4,45,58,2,2,0,1,sushi_b,full_data
4,45,59,5,8,3,0.625,sushi_b,full_data
4,45,60,3,3,0,1,sushi_b,full_data
4,45,63,1,1,0,1,sushi_b,full_data
4,45,64,3,5,2,0.6,sushi_b,full_data
4,45,67,0,1,1,0,sushi_b,full_data
4,45,68,2,5,3,0.4,sushi_b,full_data
4,45,69,3,3,0,1,sushi_b,full_data
4,45,71,1,1,0,1,sushi_b,full_data
4,45,72,2,2,0,1,sushi_b,full_data
4,45,74,2,4,2,0.5,sushi_b,full_data
4,45,75,2,2,0,1,sushi_b,full_data
4,45,77,3,3,0,1,sushi_b,full_data
4,45,78,1,1,0,1,sushi_b,full_data
4,45,80,1,1,0,1,sushi_b,full_data
4,45,81,1,1,0,1,sushi_b,full_data
4,45,82,2,2,0,1,sushi_b,full_data
4,45,84,0,1,1,0,sushi_b,full_data
4,45,85,1,1,0,1,sushi_b,full_data
4,45,86,3,3,0,1,sushi_b,full_data
4,45,89,3,3,0,1,sushi_b,full_data
4,45,90,1,1,0,1,sushi_b,full_data
4,45,91,2,2,0,1,sushi_b,full_data
4,45,92,0,1,1,0,sushi_b,full_data
4,45,93,3,3,0,1,sushi_b,full_data
4,45,94,0,2,2,0,sushi_b,full_data
4,45,95,0,1,1,0,sushi_b,full_data
4,45,97,2,2,0,1,sushi_b,full_data
4,45,98,1,1,0,1,sushi_b,full_data
4,46,16,2,4,2,0.5,sushi_b,full_data
4,46,17,19,27,8,0.703703703703704,sushi_b,full_data
4,46,23,1,3,2,0.333333333333333,sushi_b,full_data
4,46,24,2,6,4,0.333333333333333,sushi_b,full_data
4,46,28,8,12,4,0.666666666666667,sushi_b,full_data
4,46,29,7,9,2,0.777777777777778,sushi_b,full_data
4,46,30,1,2,1,0.5,sushi_b,full_data
4,46,33,3,3,0,1,sushi_b,full_data
4,46,35,2,2,0,1,sushi_b,full_data
4,46,40,4,7,3,0.571428571428571,sushi_b,full_data
4,46,42,4,4,0,1,sushi_b,full_data
4,46,49,3,5,2,0.6,sushi_b,full_data
4,46,51,1,1,0,1,sushi_b,full_data
4,46,52,3,7,4,0.428571428571429,sushi_b,full_data
4,46,55,1,1,0,1,sushi_b,full_data
4,46,56,2,3,1,0.666666666666667,sushi_b,full_data
4,46,59,3,5,2,0.6,sushi_b,full_data
4,46,60,5,5,0,1,sushi_b,full_data
4,46,64,2,4,2,0.5,sushi_b,full_data
4,46,67,2,3,1,0.666666666666667,sushi_b,full_data
4,46,68,2,2,0,1,sushi_b,full_data
4,46,69,5,5,0,1,sushi_b,full_data
4,46,70,0,1,1,0,sushi_b,full_data
4,46,72,1,1,0,1,sushi_b,full_data
4,46,77,1,1,0,1,sushi_b,full_data
4,46,78,2,3,1,0.666666666666667,sushi_b,full_data
4,46,80,2,2,0,1,sushi_b,full_data
4,46,81,0,1,1,0,sushi_b,full_data
4,46,84,1,2,1,0.5,sushi_b,full_data
4,46,85,1,2,1,0.5,sushi_b,full_data
4,46,89,2,3,1,0.666666666666667,sushi_b,full_data
4,46,91,1,1,0,1,sushi_b,full_data
4,46,92,2,2,0,1,sushi_b,full_data
4,46,93,0,1,1,0,sushi_b,full_data
4,46,97,1,1,0,1,sushi_b,full_data
4,46,98,1,1,0,1,sushi_b,full_data
4,46,99,2,2,0,1,sushi_b,full_data
4,47,0,7,18,11,0.388888888888889,sushi_b,full_data
4,47,1,1,4,3,0.25,sushi_b,full_data
4,47,3,15,21,6,0.714285714285714,sushi_b,full_data
4,47,4,15,21,6,0.714285714285714,sushi_b,full_data
4,47,5,18,31,13,0.580645161290323,sushi_b,full_data
4,47,7,17,23,6,0.739130434782609,sushi_b,full_data
4,47,10,13,16,3,0.8125,sushi_b,full_data
4,47,12,8,14,6,0.571428571428571,sushi_b,full_data
4,47,14,16,27,11,0.592592592592593,sushi_b,full_data
4,47,16,1,1,0,1,sushi_b,full_data
4,47,18,11,13,2,0.846153846153846,sushi_b,full_data
4,47,20,1,2,1,0.5,sushi_b,full_data
4,47,21,4,11,7,0.363636363636364,sushi_b,full_data
4,47,22,3,5,2,0.6,sushi_b,full_data
4,47,24,1,1,0,1,sushi_b,full_data
4,47,25,9,22,13,0.409090909090909,sushi_b,full_data
4,47,26,5,8,3,0.625,sushi_b,full_data
4,47,27,7,14,7,0.5,sushi_b,full_data
4,47,30,4,6,2,0.666666666666667,sushi_b,full_data
4,47,31,6,11,5,0.545454545454545,sushi_b,full_data
4,47,32,4,6,2,0.666666666666667,sushi_b,full_data
4,47,33,1,1,0,1,sushi_b,full_data
4,47,34,3,6,3,0.5,sushi_b,full_data
4,47,36,9,13,4,0.692307692307692,sushi_b,full_data
4,47,38,4,6,2,0.666666666666667,sushi_b,full_data
4,47,39,8,10,2,0.8,sushi_b,full_data
4,47,41,0,3,3,0,sushi_b,full_data
4,47,43,3,3,0,1,sushi_b,full_data
4,47,44,4,5,1,0.8,sushi_b,full_data
4,47,45,7,10,3,0.7,sushi_b,full_data
4,47,46,2,3,1,0.666666666666667,sushi_b,full_data
4,47,48,1,1,0,1,sushi_b,full_data
4,47,50,2,2,0,1,sushi_b,full_data
4,47,51,0,1,1,0,sushi_b,full_data
4,47,54,3,3,0,1,sushi_b,full_data
4,47,57,2,3,1,0.666666666666667,sushi_b,full_data
4,47,58,0,1,1,0,sushi_b,full_data
4,47,62,3,5,2,0.6,sushi_b,full_data
4,47,65,1,2,1,0.5,sushi_b,full_data
4,47,71,1,1,0,1,sushi_b,full_data
4,47,72,1,3,2,0.333333333333333,sushi_b,full_data
4,47,73,2,3,1,0.666666666666667,sushi_b,full_data
4,47,76,2,3,1,0.666666666666667,sushi_b,full_data
4,47,88,0,1,1,0,sushi_b,full_data
4,47,95,1,2,1,0.5,sushi_b,full_data
4,48,17,2,2,0,1,sushi_b,full_data
4,48,40,1,2,1,0.5,sushi_b,full_data
4,48,42,1,1,0,1,sushi_b,full_data
4,48,49,0,1,1,0,sushi_b,full_data
4,48,60,1,2,1,0.5,sushi_b,full_data
4,48,64,1,1,0,1,sushi_b,full_data
4,48,78,1,1,0,1,sushi_b,full_data
4,48,81,1,1,0,1,sushi_b,full_data
4,48,94,1,1,0,1,sushi_b,full_data
4,50,17,10,14,4,0.714285714285714,sushi_b,full_data
4,50,23,1,1,0,1,sushi_b,full_data
4,50,24,1,1,0,1,sushi_b,full_data
4,50,28,3,4,1,0.75,sushi_b,full_data
4,50,29,3,3,0,1,sushi_b,full_data
4,50,35,1,1,0,1,sushi_b,full_data
4,50,40,3,7,4,0.428571428571429,sushi_b,full_data
4,50,42,4,8,4,0.5,sushi_b,full_data
4,50,49,1,1,0,1,sushi_b,full_data
4,50,56,0,1,1,0,sushi_b,full_data
4,50,59,1,2,1,0.5,sushi_b,full_data
4,50,60,0,1,1,0,sushi_b,full_data
4,50,64,1,4,3,0.25,sushi_b,full_data
4,50,68,2,3,1,0.666666666666667,sushi_b,full_data
4,50,69,2,2,0,1,sushi_b,full_data
4,50,74,0,1,1,0,sushi_b,full_data
4,50,75,2,3,1,0.666666666666667,sushi_b,full_data
4,50,77,1,1,0,1,sushi_b,full_data
4,50,78,2,2,0,1,sushi_b,full_data
4,50,80,0,1,1,0,sushi_b,full_data
4,50,81,2,2,0,1,sushi_b,full_data
4,50,85,0,1,1,0,sushi_b,full_data
4,50,89,1,1,0,1,sushi_b,full_data
4,50,90,1,1,0,1,sushi_b,full_data
4,50,91,0,1,1,0,sushi_b,full_data
4,50,92,1,1,0,1,sushi_b,full_data
4,50,93,1,1,0,1,sushi_b,full_data
4,50,94,1,1,0,1,sushi_b,full_data
4,51,17,0,3,3,0,sushi_b,full_data
4,51,24,0,1,1,0,sushi_b,full_data
4,51,28,0,1,1,0,sushi_b,full_data
4,51,40,4,4,0,1,sushi_b,full_data
4,51,42,0,1,1,0,sushi_b,full_data
4,51,52,1,1,0,1,sushi_b,full_data
4,51,56,1,1,0,1,sushi_b,full_data
4,51,59,2,4,2,0.5,sushi_b,full_data
4,51,60,1,3,2,0.333333333333333,sushi_b,full_data
4,51,64,2,2,0,1,sushi_b,full_data
4,51,68,2,3,1,0.666666666666667,sushi_b,full_data
4,51,77,1,1,0,1,sushi_b,full_data
4,51,78,2,2,0,1,sushi_b,full_data
4,51,81,1,1,0,1,sushi_b,full_data
4,51,84,1,1,0,1,sushi_b,full_data
4,51,85,2,3,1,0.666666666666667,sushi_b,full_data
4,51,89,1,1,0,1,sushi_b,full_data
4,51,90,1,1,0,1,sushi_b,full_data
4,51,92,1,1,0,1,sushi_b,full_data
4,51,93,0,1,1,0,sushi_b,full_data
4,53,0,3,6,3,0.5,sushi_b,full_data
4,53,1,3,3,0,1,sushi_b,full_data
4,53,3,8,16,8,0.5,sushi_b,full_data
4,53,4,5,7,2,0.714285714285714,sushi_b,full_data
4,53,5,15,24,9,0.625,sushi_b,full_data
4,53,7,18,23,5,0.782608695652174,sushi_b,full_data
4,53,10,9,14,5,0.642857142857143,sushi_b,full_data
4,53,12,5,6,1,0.833333333333333,sushi_b,full_data
4,53,14,12,16,4,0.75,sushi_b,full_data
4,53,16,3,5,2,0.6,sushi_b,full_data
4,53,18,9,10,1,0.9,sushi_b,full_data
4,53,21,6,9,3,0.666666666666667,sushi_b,full_data
4,53,22,9,10,1,0.9,sushi_b,full_data
4,53,23,2,2,0,1,sushi_b,full_data
4,53,24,2,2,0,1,sushi_b,full_data
4,53,25,10,17,7,0.588235294117647,sushi_b,full_data
4,53,26,2,3,1,0.666666666666667,sushi_b,full_data
4,53,27,7,9,2,0.777777777777778,sushi_b,full_data
4,53,28,1,1,0,1,sushi_b,full_data
4,53,29,0,1,1,0,sushi_b,full_data
4,53,30,3,4,1,0.75,sushi_b,full_data
4,53,31,3,8,5,0.375,sushi_b,full_data
4,53,32,5,6,1,0.833333333333333,sushi_b,full_data
4,53,34,5,10,5,0.5,sushi_b,full_data
4,53,35,0,1,1,0,sushi_b,full_data
4,53,36,5,6,1,0.833333333333333,sushi_b,full_data
4,53,38,4,4,0,1,sushi_b,full_data
4,53,39,6,8,2,0.75,sushi_b,full_data
4,53,43,2,3,1,0.666666666666667,sushi_b,full_data
4,53,44,1,1,0,1,sushi_b,full_data
4,53,45,1,2,1,0.5,sushi_b,full_data
4,53,46,5,8,3,0.625,sushi_b,full_data
4,53,48,0,1,1,0,sushi_b,full_data
4,53,49,1,1,0,1,sushi_b,full_data
4,53,50,2,2,0,1,sushi_b,full_data
4,53,51,1,1,0,1,sushi_b,full_data
4,53,54,2,3,1,0.666666666666667,sushi_b,full_data
4,53,57,2,2,0,1,sushi_b,full_data
4,53,58,2,2,0,1,sushi_b,full_data
4,53,62,1,2,1,0.5,sushi_b,full_data
4,53,63,2,2,0,1,sushi_b,full_data
4,53,64,1,1,0,1,sushi_b,full_data
4,53,70,1,1,0,1,sushi_b,full_data
4,53,71,3,3,0,1,sushi_b,full_data
4,53,73,2,5,3,0.4,sushi_b,full_data
4,53,76,3,4,1,0.75,sushi_b,full_data
4,53,88,0,1,1,0,sushi_b,full_data
4,53,95,2,3,1,0.666666666666667,sushi_b,full_data
4,53,96,3,3,0,1,sushi_b,full_data
4,54,16,1,2,1,0.5,sushi_b,full_data
4,54,17,13,19,6,0.684210526315789,sushi_b,full_data
4,54,23,1,3,2,0.333333333333333,sushi_b,full_data
4,54,24,0,4,4,0,sushi_b,full_data
4,54,28,7,11,4,0.636363636363636,sushi_b,full_data
4,54,29,2,4,2,0.5,sushi_b,full_data
4,54,33,1,3,2,0.333333333333333,sushi_b,full_data
4,54,35,1,2,1,0.5,sushi_b,full_data
4,54,40,6,6,0,1,sushi_b,full_data
4,54,42,4,4,0,1,sushi_b,full_data
4,54,48,1,2,1,0.5,sushi_b,full_data
4,54,49,2,2,0,1,sushi_b,full_data
4,54,50,1,1,0,1,sushi_b,full_data
4,54,52,1,1,0,1,sushi_b,full_data
4,54,56,4,4,0,1,sushi_b,full_data
4,54,59,1,1,0,1,sushi_b,full_data
4,54,60,3,3,0,1,sushi_b,full_data
4,54,64,0,2,2,0,sushi_b,full_data
4,54,68,0,1,1,0,sushi_b,full_data
4,54,69,1,2,1,0.5,sushi_b,full_data
4,54,72,1,1,0,1,sushi_b,full_data
4,54,75,1,2,1,0.5,sushi_b,full_data
4,54,77,4,4,0,1,sushi_b,full_data
4,54,78,1,1,0,1,sushi_b,full_data
4,54,80,1,1,0,1,sushi_b,full_data
4,54,81,1,1,0,1,sushi_b,full_data
4,54,84,1,2,1,0.5,sushi_b,full_data
4,54,85,2,3,1,0.666666666666667,sushi_b,full_data
4,54,86,1,3,2,0.333333333333333,sushi_b,full_data
4,54,89,2,2,0,1,sushi_b,full_data
4,54,91,1,1,0,1,sushi_b,full_data
4,54,92,2,2,0,1,sushi_b,full_data
4,54,93,2,2,0,1,sushi_b,full_data
4,54,98,1,1,0,1,sushi_b,full_data
4,55,17,2,3,1,0.666666666666667,sushi_b,full_data
4,55,40,1,1,0,1,sushi_b,full_data
4,55,52,1,1,0,1,sushi_b,full_data
4,55,56,1,1,0,1,sushi_b,full_data
4,55,59,1,1,0,1,sushi_b,full_data
4,55,69,2,2,0,1,sushi_b,full_data
4,55,75,1,1,0,1,sushi_b,full_data
4,55,78,1,2,1,0.5,sushi_b,full_data
4,55,97,1,1,0,1,sushi_b,full_data
4,57,7,1,3,2,0.333333333333333,sushi_b,full_data
4,57,12,2,4,2,0.5,sushi_b,full_data
4,57,14,0,1,1,0,sushi_b,full_data
4,57,16,5,12,7,0.416666666666667,sushi_b,full_data
4,57,17,10,12,2,0.833333333333333,sushi_b,full_data
4,57,18,3,3,0,1,sushi_b,full_data
4,57,23,5,9,4,0.555555555555556,sushi_b,full_data
4,57,24,6,7,1,0.857142857142857,sushi_b,full_data
4,57,28,3,6,3,0.5,sushi_b,full_data
4,57,29,7,12,5,0.583333333333333,sushi_b,full_data
4,57,30,5,9,4,0.555555555555556,sushi_b,full_data
4,57,32,1,1,0,1,sushi_b,full_data
4,57,33,4,8,4,0.5,sushi_b,full_data
4,57,35,5,7,2,0.714285714285714,sushi_b,full_data
4,57,38,1,2,1,0.5,sushi_b,full_data
4,57,39,0,1,1,0,sushi_b,full_data
4,57,40,6,9,3,0.666666666666667,sushi_b,full_data
4,57,42,3,3,0,1,sushi_b,full_data
4,57,44,0,1,1,0,sushi_b,full_data
4,57,46,1,2,1,0.5,sushi_b,full_data
4,57,48,0,2,2,0,sushi_b,full_data
4,57,49,1,1,0,1,sushi_b,full_data
4,57,50,1,2,1,0.5,sushi_b,full_data
4,57,51,3,4,1,0.75,sushi_b,full_data
4,57,52,0,1,1,0,sushi_b,full_data
4,57,55,3,5,2,0.6,sushi_b,full_data
4,57,56,1,3,2,0.333333333333333,sushi_b,full_data
4,57,58,3,3,0,1,sushi_b,full_data
4,57,59,1,3,2,0.333333333333333,sushi_b,full_data
4,57,60,2,3,1,0.666666666666667,sushi_b,full_data
4,57,64,2,3,1,0.666666666666667,sushi_b,full_data
4,57,66,1,1,0,1,sushi_b,full_data
4,57,67,1,1,0,1,sushi_b,full_data
4,57,68,1,1,0,1,sushi_b,full_data
4,57,69,1,2,1,0.5,sushi_b,full_data
4,57,70,0,1,1,0,sushi_b,full_data
4,57,71,1,1,0,1,sushi_b,full_data
4,57,72,3,4,1,0.75,sushi_b,full_data
4,57,74,1,2,1,0.5,sushi_b,full_data
4,57,75,3,4,1,0.75,sushi_b,full_data
4,57,77,1,2,1,0.5,sushi_b,full_data
4,57,78,2,2,0,1,sushi_b,full_data
4,57,80,2,2,0,1,sushi_b,full_data
4,57,81,1,1,0,1,sushi_b,full_data
4,57,84,1,1,0,1,sushi_b,full_data
4,57,85,1,1,0,1,sushi_b,full_data
4,57,93,1,1,0,1,sushi_b,full_data
4,57,94,3,3,0,1,sushi_b,full_data
4,57,97,1,1,0,1,sushi_b,full_data
4,58,17,1,2,1,0.5,sushi_b,full_data
4,58,40,1,1,0,1,sushi_b,full_data
4,58,69,1,1,0,1,sushi_b,full_data
4,58,86,1,1,0,1,sushi_b,full_data
4,58,89,0,1,1,0,sushi_b,full_data
4,61,0,7,12,5,0.583333333333333,sushi_b,full_data
4,61,1,2,5,3,0.4,sushi_b,full_data
4,61,3,10,12,2,0.833333333333333,sushi_b,full_data
4,61,4,11,19,8,0.578947368421053,sushi_b,full_data
4,61,5,13,15,2,0.866666666666667,sushi_b,full_data
4,61,6,2,2,0,1,sushi_b,full_data
4,61,7,7,8,1,0.875,sushi_b,full_data
4,61,10,7,15,8,0.466666666666667,sushi_b,full_data
4,61,11,3,5,2,0.6,sushi_b,full_data
4,61,12,4,4,0,1,sushi_b,full_data
4,61,13,1,1,0,1,sushi_b,full_data
4,61,14,6,9,3,0.666666666666667,sushi_b,full_data
4,61,16,1,1,0,1,sushi_b,full_data
4,61,18,6,6,0,1,sushi_b,full_data
4,61,20,0,1,1,0,sushi_b,full_data
4,61,21,10,11,1,0.909090909090909,sushi_b,full_data
4,61,22,5,13,8,0.384615384615385,sushi_b,full_data
4,61,25,11,15,4,0.733333333333333,sushi_b,full_data
4,61,26,6,11,5,0.545454545454545,sushi_b,full_data
4,61,27,4,5,1,0.8,sushi_b,full_data
4,61,31,6,10,4,0.6,sushi_b,full_data
4,61,32,1,1,0,1,sushi_b,full_data
4,61,33,1,1,0,1,sushi_b,full_data
4,61,34,5,6,1,0.833333333333333,sushi_b,full_data
4,61,36,5,7,2,0.714285714285714,sushi_b,full_data
4,61,38,2,3,1,0.666666666666667,sushi_b,full_data
4,61,39,3,4,1,0.75,sushi_b,full_data
4,61,41,1,5,4,0.2,sushi_b,full_data
4,61,43,2,3,1,0.666666666666667,sushi_b,full_data
4,61,44,4,4,0,1,sushi_b,full_data
4,61,45,3,4,1,0.75,sushi_b,full_data
4,61,46,2,2,0,1,sushi_b,full_data
4,61,51,0,1,1,0,sushi_b,full_data
4,61,53,1,1,0,1,sushi_b,full_data
4,61,54,1,1,0,1,sushi_b,full_data
4,61,57,2,3,1,0.666666666666667,sushi_b,full_data
4,61,62,1,1,0,1,sushi_b,full_data
4,61,63,1,1,0,1,sushi_b,full_data
4,61,65,1,2,1,0.5,sushi_b,full_data
4,61,66,1,1,0,1,sushi_b,full_data
4,61,73,0,1,1,0,sushi_b,full_data
4,61,87,1,1,0,1,sushi_b,full_data
4,61,95,1,1,0,1,sushi_b,full_data
4,62,12,2,4,2,0.5,sushi_b,full_data
4,62,16,3,3,0,1,sushi_b,full_data
4,62,17,4,8,4,0.5,sushi_b,full_data
4,62,23,4,6,2,0.666666666666667,sushi_b,full_data
4,62,24,7,13,6,0.538461538461538,sushi_b,full_data
4,62,28,3,6,3,0.5,sushi_b,full_data
4,62,29,4,7,3,0.571428571428571,sushi_b,full_data
4,62,30,0,1,1,0,sushi_b,full_data
4,62,33,3,4,1,0.75,sushi_b,full_data
4,62,35,2,4,2,0.5,sushi_b,full_data
4,62,40,2,4,2,0.5,sushi_b,full_data
4,62,42,3,5,2,0.6,sushi_b,full_data
4,62,48,2,2,0,1,sushi_b,full_data
4,62,49,3,6,3,0.5,sushi_b,full_data
4,62,52,5,7,2,0.714285714285714,sushi_b,full_data
4,62,55,1,1,0,1,sushi_b,full_data
4,62,56,1,1,0,1,sushi_b,full_data
4,62,58,2,3,1,0.666666666666667,sushi_b,full_data
4,62,59,2,3,1,0.666666666666667,sushi_b,full_data
4,62,60,1,2,1,0.5,sushi_b,full_data
4,62,66,0,1,1,0,sushi_b,full_data
4,62,67,1,1,0,1,sushi_b,full_data
4,62,68,0,1,1,0,sushi_b,full_data
4,62,69,2,3,1,0.666666666666667,sushi_b,full_data
4,62,70,1,2,1,0.5,sushi_b,full_data
4,62,74,1,2,1,0.5,sushi_b,full_data
4,62,75,1,2,1,0.5,sushi_b,full_data
4,62,77,1,2,1,0.5,sushi_b,full_data
4,62,78,1,3,2,0.333333333333333,sushi_b,full_data
4,62,80,0,1,1,0,sushi_b,full_data
4,62,82,1,1,0,1,sushi_b,full_data
4,62,83,0,1,1,0,sushi_b,full_data
4,62,86,2,2,0,1,sushi_b,full_data
4,62,87,1,1,0,1,sushi_b,full_data
4,62,92,2,2,0,1,sushi_b,full_data
4,62,93,1,1,0,1,sushi_b,full_data
4,62,97,1,1,0,1,sushi_b,full_data
4,62,99,1,1,0,1,sushi_b,full_data
4,63,17,7,9,2,0.777777777777778,sushi_b,full_data
4,63,24,2,3,1,0.666666666666667,sushi_b,full_data
4,63,28,3,3,0,1,sushi_b,full_data
4,63,35,1,1,0,1,sushi_b,full_data
4,63,40,3,5,2,0.6,sushi_b,full_data
4,63,42,1,1,0,1,sushi_b,full_data
4,63,48,1,2,1,0.5,sushi_b,full_data
4,63,49,1,1,0,1,sushi_b,full_data
4,63,52,1,1,0,1,sushi_b,full_data
4,63,59,1,1,0,1,sushi_b,full_data
4,63,60,1,1,0,1,sushi_b,full_data
4,63,74,0,3,3,0,sushi_b,full_data
4,63,75,1,1,0,1,sushi_b,full_data
4,63,78,1,2,1,0.5,sushi_b,full_data
4,63,85,0,1,1,0,sushi_b,full_data
4,63,89,1,1,0,1,sushi_b,full_data
4,63,90,1,1,0,1,sushi_b,full_data
4,63,92,2,2,0,1,sushi_b,full_data
4,63,99,1,1,0,1,sushi_b,full_data
4,65,16,1,2,1,0.5,sushi_b,full_data
4,65,17,7,11,4,0.636363636363636,sushi_b,full_data
4,65,23,3,4,1,0.75,sushi_b,full_data
4,65,24,6,9,3,0.666666666666667,sushi_b,full_data
4,65,28,3,7,4,0.428571428571429,sushi_b,full_data
4,65,29,1,3,2,0.333333333333333,sushi_b,full_data
4,65,33,3,3,0,1,sushi_b,full_data
4,65,35,2,3,1,0.666666666666667,sushi_b,full_data
4,65,40,3,4,1,0.75,sushi_b,full_data
4,65,42,2,2,0,1,sushi_b,full_data
4,65,48,0,1,1,0,sushi_b,full_data
4,65,49,1,1,0,1,sushi_b,full_data
4,65,51,1,1,0,1,sushi_b,full_data
4,65,52,2,2,0,1,sushi_b,full_data
4,65,56,1,1,0,1,sushi_b,full_data
4,65,58,1,1,0,1,sushi_b,full_data
4,65,59,1,3,2,0.333333333333333,sushi_b,full_data
4,65,60,1,2,1,0.5,sushi_b,full_data
4,65,63,1,1,0,1,sushi_b,full_data
4,65,68,1,1,0,1,sushi_b,full_data
4,65,70,1,1,0,1,sushi_b,full_data
4,65,72,1,1,0,1,sushi_b,full_data
4,65,75,1,1,0,1,sushi_b,full_data
4,65,77,0,1,1,0,sushi_b,full_data
4,65,81,1,1,0,1,sushi_b,full_data
4,65,86,1,1,0,1,sushi_b,full_data
4,65,90,1,1,0,1,sushi_b,full_data
4,65,97,1,2,1,0.5,sushi_b,full_data
4,65,98,0,1,1,0,sushi_b,full_data
4,65,99,1,2,1,0.5,sushi_b,full_data
4,66,17,0,4,4,0,sushi_b,full_data
4,66,60,1,1,0,1,sushi_b,full_data
4,66,64,0,1,1,0,sushi_b,full_data
4,66,74,0,1,1,0,sushi_b,full_data
4,66,83,1,1,0,1,sushi_b,full_data
4,66,99,0,1,1,0,sushi_b,full_data
4,67,56,0,1,1,0,sushi_b,full_data
4,67,81,0,1,1,0,sushi_b,full_data
4,70,59,1,1,0,1,sushi_b,full_data
4,70,92,0,1,1,0,sushi_b,full_data
4,70,94,1,1,0,1,sushi_b,full_data
4,71,17,2,5,3,0.4,sushi_b,full_data
4,71,23,1,2,1,0.5,sushi_b,full_data
4,71,24,2,3,1,0.666666666666667,sushi_b,full_data
4,71,28,2,3,1,0.666666666666667,sushi_b,full_data
4,71,29,2,2,0,1,sushi_b,full_data
4,71,33,1,1,0,1,sushi_b,full_data
4,71,35,1,1,0,1,sushi_b,full_data
4,71,42,1,1,0,1,sushi_b,full_data
4,71,48,1,1,0,1,sushi_b,full_data
4,71,49,1,1,0,1,sushi_b,full_data
4,71,52,0,1,1,0,sushi_b,full_data
4,71,60,1,1,0,1,sushi_b,full_data
4,71,64,2,3,1,0.666666666666667,sushi_b,full_data
4,71,69,1,1,0,1,sushi_b,full_data
4,71,70,0,1,1,0,sushi_b,full_data
4,71,74,2,2,0,1,sushi_b,full_data
4,71,78,0,1,1,0,sushi_b,full_data
4,71,80,0,1,1,0,sushi_b,full_data
4,71,83,1,1,0,1,sushi_b,full_data
4,71,90,2,2,0,1,sushi_b,full_data
4,71,92,0,1,1,0,sushi_b,full_data
4,71,93,1,3,2,0.333333333333333,sushi_b,full_data
4,71,98,0,1,1,0,sushi_b,full_data
4,72,17,3,3,0,1,sushi_b,full_data
4,72,29,1,1,0,1,sushi_b,full_data
4,72,40,1,1,0,1,sushi_b,full_data
4,72,42,2,3,1,0.666666666666667,sushi_b,full_data
4,72,52,2,2,0,1,sushi_b,full_data
4,72,59,0,2,2,0,sushi_b,full_data
4,72,74,1,2,1,0.5,sushi_b,full_data
4,72,78,1,2,1,0.5,sushi_b,full_data
4,72,81,1,1,0,1,sushi_b,full_data
4,72,85,1,1,0,1,sushi_b,full_data
4,72,90,1,2,1,0.5,sushi_b,full_data
4,72,97,1,1,0,1,sushi_b,full_data
4,72,98,1,1,0,1,sushi_b,full_data
4,72,99,0,1,1,0,sushi_b,full_data
4,73,12,3,6,3,0.5,sushi_b,full_data
4,73,14,1,2,1,0.5,sushi_b,full_data
4,73,16,4,5,1,0.8,sushi_b,full_data
4,73,17,0,1,1,0,sushi_b,full_data
4,73,18,1,3,2,0.333333333333333,sushi_b,full_data
4,73,23,3,4,1,0.75,sushi_b,full_data
4,73,24,5,10,5,0.5,sushi_b,full_data
4,73,28,6,8,2,0.75,sushi_b,full_data
4,73,29,4,6,2,0.666666666666667,sushi_b,full_data
4,73,30,2,3,1,0.666666666666667,sushi_b,full_data
4,73,32,1,2,1,0.5,sushi_b,full_data
4,73,33,3,6,3,0.5,sushi_b,full_data
4,73,35,4,5,1,0.8,sushi_b,full_data
4,73,38,2,4,2,0.5,sushi_b,full_data
4,73,39,2,2,0,1,sushi_b,full_data
4,73,40,1,2,1,0.5,sushi_b,full_data
4,73,42,0,1,1,0,sushi_b,full_data
4,73,43,0,1,1,0,sushi_b,full_data
4,73,44,1,1,0,1,sushi_b,full_data
4,73,48,1,2,1,0.5,sushi_b,full_data
4,73,49,1,2,1,0.5,sushi_b,full_data
4,73,50,1,1,0,1,sushi_b,full_data
4,73,51,2,2,0,1,sushi_b,full_data
4,73,52,2,4,2,0.5,sushi_b,full_data
4,73,55,1,1,0,1,sushi_b,full_data
4,73,58,1,2,1,0.5,sushi_b,full_data
4,73,59,1,2,1,0.5,sushi_b,full_data
4,73,64,1,3,2,0.333333333333333,sushi_b,full_data
4,73,66,1,1,0,1,sushi_b,full_data
4,73,67,1,1,0,1,sushi_b,full_data
4,73,68,1,1,0,1,sushi_b,full_data
4,73,70,0,1,1,0,sushi_b,full_data
4,73,71,1,1,0,1,sushi_b,full_data
4,73,77,1,1,0,1,sushi_b,full_data
4,73,82,1,1,0,1,sushi_b,full_data
4,73,86,1,1,0,1,sushi_b,full_data
4,73,87,1,2,1,0.5,sushi_b,full_data
4,73,89,1,1,0,1,sushi_b,full_data
4,73,91,1,1,0,1,sushi_b,full_data
4,73,93,1,1,0,1,sushi_b,full_data
4,73,94,1,1,0,1,sushi_b,full_data
4,73,95,1,1,0,1,sushi_b,full_data
4,73,99,1,1,0,1,sushi_b,full_data
4,75,85,1,1,0,1,sushi_b,full_data
4,76,7,3,4,1,0.75,sushi_b,full_data
4,76,12,2,4,2,0.5,sushi_b,full_data
4,76,16,5,9,4,0.555555555555556,sushi_b,full_data
4,76,17,5,8,3,0.625,sushi_b,full_data
4,76,18,4,5,1,0.8,sushi_b,full_data
4,76,23,8,11,3,0.727272727272727,sushi_b,full_data
4,76,24,1,5,4,0.2,sushi_b,full_data
4,76,28,3,3,0,1,sushi_b,full_data
4,76,29,1,2,1,0.5,sushi_b,full_data
4,76,30,1,3,2,0.333333333333333,sushi_b,full_data
4,76,32,2,2,0,1,sushi_b,full_data
4,76,33,1,1,0,1,sushi_b,full_data
4,76,34,0,1,1,0,sushi_b,full_data
4,76,35,5,9,4,0.555555555555556,sushi_b,full_data
4,76,38,2,2,0,1,sushi_b,full_data
4,76,40,1,2,1,0.5,sushi_b,full_data
4,76,44,1,2,1,0.5,sushi_b,full_data
4,76,49,1,2,1,0.5,sushi_b,full_data
4,76,51,2,3,1,0.666666666666667,sushi_b,full_data
4,76,52,4,4,0,1,sushi_b,full_data
4,76,54,1,1,0,1,sushi_b,full_data
4,76,55,1,1,0,1,sushi_b,full_data
4,76,56,3,3,0,1,sushi_b,full_data
4,76,58,1,2,1,0.5,sushi_b,full_data
4,76,59,1,1,0,1,sushi_b,full_data
4,76,60,1,1,0,1,sushi_b,full_data
4,76,62,0,1,1,0,sushi_b,full_data
4,76,63,1,1,0,1,sushi_b,full_data
4,76,64,0,2,2,0,sushi_b,full_data
4,76,65,1,1,0,1,sushi_b,full_data
4,76,69,1,1,0,1,sushi_b,full_data
4,76,70,0,2,2,0,sushi_b,full_data
4,76,71,0,2,2,0,sushi_b,full_data
4,76,74,2,2,0,1,sushi_b,full_data
4,76,75,1,1,0,1,sushi_b,full_data
4,76,77,1,3,2,0.333333333333333,sushi_b,full_data
4,76,78,1,1,0,1,sushi_b,full_data
4,76,80,4,4,0,1,sushi_b,full_data
4,76,82,2,2,0,1,sushi_b,full_data
4,76,83,1,1,0,1,sushi_b,full_data
4,76,85,1,1,0,1,sushi_b,full_data
4,76,86,1,1,0,1,sushi_b,full_data
4,76,90,1,1,0,1,sushi_b,full_data
4,76,91,0,1,1,0,sushi_b,full_data
4,76,93,1,1,0,1,sushi_b,full_data
4,76,97,2,2,0,1,sushi_b,full_data
4,77,92,1,1,0,1,sushi_b,full_data
4,79,0,3,4,1,0.75,sushi_b,full_data
4,79,1,0,1,1,0,sushi_b,full_data
4,79,3,2,6,4,0.333333333333333,sushi_b,full_data
4,79,4,3,7,4,0.428571428571429,sushi_b,full_data
4,79,5,6,14,8,0.428571428571429,sushi_b,full_data
4,79,7,8,9,1,0.888888888888889,sushi_b,full_data
4,79,10,4,7,3,0.571428571428571,sushi_b,full_data
4,79,12,4,6,2,0.666666666666667,sushi_b,full_data
4,79,14,2,5,3,0.4,sushi_b,full_data
4,79,16,2,3,1,0.666666666666667,sushi_b,full_data
4,79,18,3,4,1,0.75,sushi_b,full_data
4,79,21,8,9,1,0.888888888888889,sushi_b,full_data
4,79,22,3,4,1,0.75,sushi_b,full_data
4,79,25,4,7,3,0.571428571428571,sushi_b,full_data
4,79,26,5,5,0,1,sushi_b,full_data
4,79,27,5,5,0,1,sushi_b,full_data
4,79,28,1,1,0,1,sushi_b,full_data
4,79,29,3,3,0,1,sushi_b,full_data
4,79,30,4,5,1,0.8,sushi_b,full_data
4,79,31,3,3,0,1,sushi_b,full_data
4,79,32,1,3,2,0.333333333333333,sushi_b,full_data
4,79,33,2,2,0,1,sushi_b,full_data
4,79,34,4,8,4,0.5,sushi_b,full_data
4,79,36,2,4,2,0.5,sushi_b,full_data
4,79,38,2,2,0,1,sushi_b,full_data
4,79,39,2,2,0,1,sushi_b,full_data
4,79,41,0,1,1,0,sushi_b,full_data
4,79,42,2,2,0,1,sushi_b,full_data
4,79,43,0,2,2,0,sushi_b,full_data
4,79,44,1,1,0,1,sushi_b,full_data
4,79,45,0,1,1,0,sushi_b,full_data
4,79,46,1,2,1,0.5,sushi_b,full_data
4,79,48,1,1,0,1,sushi_b,full_data
4,79,51,1,1,0,1,sushi_b,full_data
4,79,54,1,1,0,1,sushi_b,full_data
4,79,62,3,3,0,1,sushi_b,full_data
4,79,63,1,1,0,1,sushi_b,full_data
4,79,67,0,1,1,0,sushi_b,full_data
4,79,71,0,1,1,0,sushi_b,full_data
4,79,73,2,2,0,1,sushi_b,full_data
4,79,76,2,2,0,1,sushi_b,full_data
4,79,95,1,1,0,1,sushi_b,full_data
4,79,96,1,1,0,1,sushi_b,full_data
4,80,56,1,1,0,1,sushi_b,full_data
4,82,17,3,5,2,0.6,sushi_b,full_data
4,82,40,1,1,0,1,sushi_b,full_data
4,82,42,1,1,0,1,sushi_b,full_data
4,82,60,1,1,0,1,sushi_b,full_data
4,82,69,0,1,1,0,sushi_b,full_data
4,82,85,0,1,1,0,sushi_b,full_data
4,87,17,2,3,1,0.666666666666667,sushi_b,full_data
4,87,35,1,1,0,1,sushi_b,full_data
4,87,40,0,2,2,0,sushi_b,full_data
4,87,42,1,1,0,1,sushi_b,full_data
4,87,59,1,1,0,1,sushi_b,full_data
4,87,60,1,1,0,1,sushi_b,full_data
4,88,16,2,3,1,0.666666666666667,sushi_b,full_data
4,88,17,4,5,1,0.8,sushi_b,full_data
4,88,18,3,3,0,1,sushi_b,full_data
4,88,23,0,1,1,0,sushi_b,full_data
4,88,24,6,8,2,0.75,sushi_b,full_data
4,88,28,0,1,1,0,sushi_b,full_data
4,88,29,2,3,1,0.666666666666667,sushi_b,full_data
4,88,30,2,2,0,1,sushi_b,full_data
4,88,33,2,3,1,0.666666666666667,sushi_b,full_data
4,88,35,2,3,1,0.666666666666667,sushi_b,full_data
4,88,38,0,1,1,0,sushi_b,full_data
4,88,40,2,2,0,1,sushi_b,full_data
4,88,42,1,3,2,0.333333333333333,sushi_b,full_data
4,88,48,1,1,0,1,sushi_b,full_data
4,88,49,1,1,0,1,sushi_b,full_data
4,88,51,2,3,1,0.666666666666667,sushi_b,full_data
4,88,55,1,1,0,1,sushi_b,full_data
4,88,56,1,1,0,1,sushi_b,full_data
4,88,60,1,1,0,1,sushi_b,full_data
4,88,63,1,1,0,1,sushi_b,full_data
4,88,64,1,1,0,1,sushi_b,full_data
4,88,66,2,2,0,1,sushi_b,full_data
4,88,68,0,1,1,0,sushi_b,full_data
4,88,69,1,1,0,1,sushi_b,full_data
4,88,75,1,2,1,0.5,sushi_b,full_data
4,88,78,1,1,0,1,sushi_b,full_data
4,88,86,1,1,0,1,sushi_b,full_data
4,88,91,0,1,1,0,sushi_b,full_data
4,88,92,1,1,0,1,sushi_b,full_data
4,88,98,1,1,0,1,sushi_b,full_data
4,91,42,1,1,0,1,sushi_b,full_data
4,95,17,3,3,0,1,sushi_b,full_data
4,95,24,1,1,0,1,sushi_b,full_data
4,95,28,1,1,0,1,sushi_b,full_data
4,95,29,1,2,1,0.5,sushi_b,full_data
4,95,33,1,1,0,1,sushi_b,full_data
4,95,35,0,1,1,0,sushi_b,full_data
4,95,40,2,5,3,0.4,sushi_b,full_data
4,95,42,3,6,3,0.5,sushi_b,full_data
4,95,48,0,1,1,0,sushi_b,full_data
4,95,49,1,1,0,1,sushi_b,full_data
4,95,51,1,1,0,1,sushi_b,full_data
4,95,55,0,1,1,0,sushi_b,full_data
4,95,58,1,2,1,0.5,sushi_b,full_data
4,95,59,1,1,0,1,sushi_b,full_data
4,95,64,1,1,0,1,sushi_b,full_data
4,95,67,1,1,0,1,sushi_b,full_data
4,95,68,1,1,0,1,sushi_b,full_data
4,95,69,1,1,0,1,sushi_b,full_data
4,95,75,1,1,0,1,sushi_b,full_data
4,95,78,1,1,0,1,sushi_b,full_data
4,95,80,1,1,0,1,sushi_b,full_data
4,95,85,0,1,1,0,sushi_b,full_data
4,95,86,1,1,0,1,sushi_b,full_data
4,95,93,2,2,0,1,sushi_b,full_data
4,95,94,1,1,0,1,sushi_b,full_data
4,95,97,1,1,0,1,sushi_b,full_data
4,96,7,0,1,1,0,sushi_b,full_data
4,96,12,3,5,2,0.6,sushi_b,full_data
4,96,16,2,2,0,1,sushi_b,full_data
4,96,17,1,2,1,0.5,sushi_b,full_data
4,96,18,0,1,1,0,sushi_b,full_data
4,96,23,2,2,0,1,sushi_b,full_data
4,96,24,3,4,1,0.75,sushi_b,full_data
4,96,28,3,4,1,0.75,sushi_b,full_data
4,96,29,3,4,1,0.75,sushi_b,full_data
4,96,32,1,2,1,0.5,sushi_b,full_data
4,96,33,2,4,2,0.5,sushi_b,full_data
4,96,35,3,3,0,1,sushi_b,full_data
4,96,40,2,2,0,1,sushi_b,full_data
4,96,44,1,1,0,1,sushi_b,full_data
4,96,48,1,2,1,0.5,sushi_b,full_data
4,96,49,1,2,1,0.5,sushi_b,full_data
4,96,51,0,1,1,0,sushi_b,full_data
4,96,55,1,2,1,0.5,sushi_b,full_data
4,96,58,0,1,1,0,sushi_b,full_data
4,96,59,1,1,0,1,sushi_b,full_data
4,96,60,0,1,1,0,sushi_b,full_data
4,96,63,1,1,0,1,sushi_b,full_data
4,96,66,0,1,1,0,sushi_b,full_data
4,96,70,1,1,0,1,sushi_b,full_data
4,96,71,1,1,0,1,sushi_b,full_data
4,96,77,1,1,0,1,sushi_b,full_data
4,96,91,1,1,0,1,sushi_b,full_data
4,96,94,1,1,0,1,sushi_b,full_data
5,0,3,0,1,1,0,sushi_b,full_data
5,0,5,14,23,9,0.608695652173913,sushi_b,full_data
5,0,7,33,41,8,0.804878048780488,sushi_b,full_data
5,0,12,51,76,25,0.671052631578947,sushi_b,full_data
5,0,14,17,27,10,0.62962962962963,sushi_b,full_data
5,0,16,56,72,16,0.777777777777778,sushi_b,full_data
5,0,17,37,47,10,0.787234042553192,sushi_b,full_data
5,0,18,38,58,20,0.655172413793103,sushi_b,full_data
5,0,21,2,3,1,0.666666666666667,sushi_b,full_data
5,0,23,63,81,18,0.777777777777778,sushi_b,full_data
5,0,24,44,54,10,0.814814814814815,sushi_b,full_data
5,0,25,6,8,2,0.75,sushi_b,full_data
5,0,28,41,53,12,0.773584905660377,sushi_b,full_data
5,0,29,46,56,10,0.821428571428571,sushi_b,full_data
5,0,30,52,63,11,0.825396825396825,sushi_b,full_data
5,0,31,4,6,2,0.666666666666667,sushi_b,full_data
5,0,32,28,38,10,0.736842105263158,sushi_b,full_data
5,0,33,41,51,10,0.803921568627451,sushi_b,full_data
5,0,34,1,8,7,0.125,sushi_b,full_data
5,0,35,39,49,10,0.795918367346939,sushi_b,full_data
5,0,36,2,2,0,1,sushi_b,full_data
5,0,38,23,38,15,0.605263157894737,sushi_b,full_data
5,0,39,16,20,4,0.8,sushi_b,full_data
5,0,40,15,16,1,0.9375,sushi_b,full_data
5,0,42,13,21,8,0.619047619047619,sushi_b,full_data
5,0,43,5,6,1,0.833333333333333,sushi_b,full_data
5,0,44,5,13,8,0.384615384615385,sushi_b,full_data
5,0,45,5,5,0,1,sushi_b,full_data
5,0,46,9,18,9,0.5,sushi_b,full_data
5,0,48,18,23,5,0.782608695652174,sushi_b,full_data
5,0,49,20,28,8,0.714285714285714,sushi_b,full_data
5,0,50,20,26,6,0.769230769230769,sushi_b,full_data
5,0,51,21,31,10,0.67741935483871,sushi_b,full_data
5,0,52,17,19,2,0.894736842105263,sushi_b,full_data
5,0,54,5,7,2,0.714285714285714,sushi_b,full_data
5,0,55,17,19,2,0.894736842105263,sushi_b,full_data
5,0,56,14,17,3,0.823529411764706,sushi_b,full_data
5,0,57,1,1,0,1,sushi_b,full_data
5,0,58,23,29,6,0.793103448275862,sushi_b,full_data
5,0,59,5,5,0,1,sushi_b,full_data
5,0,60,10,11,1,0.909090909090909,sushi_b,full_data
5,0,62,7,9,2,0.777777777777778,sushi_b,full_data
5,0,63,13,15,2,0.866666666666667,sushi_b,full_data
5,0,64,12,16,4,0.75,sushi_b,full_data
5,0,65,6,7,1,0.857142857142857,sushi_b,full_data
5,0,66,8,11,3,0.727272727272727,sushi_b,full_data
5,0,67,7,12,5,0.583333333333333,sushi_b,full_data
5,0,68,4,6,2,0.666666666666667,sushi_b,full_data
5,0,69,7,7,0,1,sushi_b,full_data
5,0,70,8,11,3,0.727272727272727,sushi_b,full_data
5,0,71,10,13,3,0.769230769230769,sushi_b,full_data
5,0,72,7,13,6,0.538461538461538,sushi_b,full_data
5,0,74,13,14,1,0.928571428571429,sushi_b,full_data
5,0,75,7,9,2,0.777777777777778,sushi_b,full_data
5,0,77,6,9,3,0.666666666666667,sushi_b,full_data
5,0,78,8,8,0,1,sushi_b,full_data
5,0,80,10,12,2,0.833333333333333,sushi_b,full_data
5,0,81,3,4,1,0.75,sushi_b,full_data
5,0,82,4,5,1,0.8,sushi_b,full_data
5,0,83,6,6,0,1,sushi_b,full_data
5,0,84,5,5,0,1,sushi_b,full_data
5,0,85,3,4,1,0.75,sushi_b,full_data
5,0,86,5,5,0,1,sushi_b,full_data
5,0,87,11,13,2,0.846153846153846,sushi_b,full_data
5,0,88,2,2,0,1,sushi_b,full_data
5,0,89,3,3,0,1,sushi_b,full_data
5,0,90,1,1,0,1,sushi_b,full_data
5,0,91,3,5,2,0.6,sushi_b,full_data
5,0,92,5,6,1,0.833333333333333,sushi_b,full_data
5,0,94,1,3,2,0.333333333333333,sushi_b,full_data
5,0,95,2,4,2,0.5,sushi_b,full_data
5,0,96,1,2,1,0.5,sushi_b,full_data
5,0,97,2,2,0,1,sushi_b,full_data
5,0,98,2,2,0,1,sushi_b,full_data
5,0,99,3,6,3,0.5,sushi_b,full_data
5,1,3,3,4,1,0.75,sushi_b,full_data
5,1,5,29,42,13,0.69047619047619,sushi_b,full_data
5,1,7,53,86,33,0.616279069767442,sushi_b,full_data
5,1,10,0,1,1,0,sushi_b,full_data
5,1,12,67,96,29,0.697916666666667,sushi_b,full_data
5,1,14,17,36,19,0.472222222222222,sushi_b,full_data
5,1,16,68,85,17,0.8,sushi_b,full_data
5,1,17,22,28,6,0.785714285714286,sushi_b,full_data
5,1,18,43,63,20,0.682539682539683,sushi_b,full_data
5,1,21,2,4,2,0.5,sushi_b,full_data
5,1,23,45,58,13,0.775862068965517,sushi_b,full_data
5,1,24,54,65,11,0.830769230769231,sushi_b,full_data
5,1,25,9,11,2,0.818181818181818,sushi_b,full_data
5,1,27,1,1,0,1,sushi_b,full_data
5,1,28,36,45,9,0.8,sushi_b,full_data
5,1,29,37,48,11,0.770833333333333,sushi_b,full_data
5,1,30,41,64,23,0.640625,sushi_b,full_data
5,1,31,6,13,7,0.461538461538462,sushi_b,full_data
5,1,32,27,38,11,0.710526315789474,sushi_b,full_data
5,1,33,34,42,8,0.80952380952381,sushi_b,full_data
5,1,34,17,23,6,0.739130434782609,sushi_b,full_data
5,1,35,31,40,9,0.775,sushi_b,full_data
5,1,36,3,4,1,0.75,sushi_b,full_data
5,1,38,25,39,14,0.641025641025641,sushi_b,full_data
5,1,39,25,32,7,0.78125,sushi_b,full_data
5,1,40,10,13,3,0.769230769230769,sushi_b,full_data
5,1,42,13,17,4,0.764705882352941,sushi_b,full_data
5,1,43,13,15,2,0.866666666666667,sushi_b,full_data
5,1,44,22,30,8,0.733333333333333,sushi_b,full_data
5,1,45,9,13,4,0.692307692307692,sushi_b,full_data
5,1,46,18,23,5,0.782608695652174,sushi_b,full_data
5,1,48,17,29,12,0.586206896551724,sushi_b,full_data
5,1,49,8,10,2,0.8,sushi_b,full_data
5,1,50,30,39,9,0.769230769230769,sushi_b,full_data
5,1,51,20,30,10,0.666666666666667,sushi_b,full_data
5,1,52,11,12,1,0.916666666666667,sushi_b,full_data
5,1,54,8,19,11,0.421052631578947,sushi_b,full_data
5,1,55,14,16,2,0.875,sushi_b,full_data
5,1,56,9,10,1,0.9,sushi_b,full_data
5,1,57,4,5,1,0.8,sushi_b,full_data
5,1,58,8,10,2,0.8,sushi_b,full_data
5,1,59,3,4,1,0.75,sushi_b,full_data
5,1,60,6,8,2,0.75,sushi_b,full_data
5,1,62,8,13,5,0.615384615384615,sushi_b,full_data
5,1,63,10,19,9,0.526315789473684,sushi_b,full_data
5,1,64,8,11,3,0.727272727272727,sushi_b,full_data
5,1,65,0,3,3,0,sushi_b,full_data
5,1,66,8,10,2,0.8,sushi_b,full_data
5,1,67,3,7,4,0.428571428571429,sushi_b,full_data
5,1,68,8,12,4,0.666666666666667,sushi_b,full_data
5,1,69,9,10,1,0.9,sushi_b,full_data
5,1,70,10,15,5,0.666666666666667,sushi_b,full_data
5,1,71,6,13,7,0.461538461538462,sushi_b,full_data
5,1,72,5,6,1,0.833333333333333,sushi_b,full_data
5,1,73,2,2,0,1,sushi_b,full_data
5,1,74,5,6,1,0.833333333333333,sushi_b,full_data
5,1,75,6,10,4,0.6,sushi_b,full_data
5,1,76,1,2,1,0.5,sushi_b,full_data
5,1,77,5,6,1,0.833333333333333,sushi_b,full_data
5,1,78,6,6,0,1,sushi_b,full_data
5,1,80,1,1,0,1,sushi_b,full_data
5,1,81,2,2,0,1,sushi_b,full_data
5,1,82,4,7,3,0.571428571428571,sushi_b,full_data
5,1,83,2,3,1,0.666666666666667,sushi_b,full_data
5,1,84,2,3,1,0.666666666666667,sushi_b,full_data
5,1,85,2,2,0,1,sushi_b,full_data
5,1,86,3,3,0,1,sushi_b,full_data
5,1,87,7,10,3,0.7,sushi_b,full_data
5,1,88,2,2,0,1,sushi_b,full_data
5,1,89,1,1,0,1,sushi_b,full_data
5,1,90,4,5,1,0.8,sushi_b,full_data
5,1,91,7,7,0,1,sushi_b,full_data
5,1,92,3,3,0,1,sushi_b,full_data
5,1,93,2,2,0,1,sushi_b,full_data
5,1,94,3,3,0,1,sushi_b,full_data
5,1,95,3,3,0,1,sushi_b,full_data
5,1,97,2,2,0,1,sushi_b,full_data
5,1,98,2,2,0,1,sushi_b,full_data
5,1,99,3,3,0,1,sushi_b,full_data
5,2,0,4,4,0,1,sushi_b,full_data
5,2,3,30,44,14,0.681818181818182,sushi_b,full_data
5,2,4,8,16,8,0.5,sushi_b,full_data
5,2,5,60,86,26,0.697674418604651,sushi_b,full_data
5,2,7,76,104,28,0.730769230769231,sushi_b,full_data
5,2,10,18,25,7,0.72,sushi_b,full_data
5,2,12,62,80,18,0.775,sushi_b,full_data
5,2,14,56,79,23,0.708860759493671,sushi_b,full_data
5,2,16,52,66,14,0.787878787878788,sushi_b,full_data
5,2,17,4,5,1,0.8,sushi_b,full_data
5,2,18,59,70,11,0.842857142857143,sushi_b,full_data
5,2,21,35,52,17,0.673076923076923,sushi_b,full_data
5,2,22,5,5,0,1,sushi_b,full_data
5,2,23,24,31,7,0.774193548387097,sushi_b,full_data
5,2,24,10,13,3,0.769230769230769,sushi_b,full_data
5,2,25,22,34,12,0.647058823529412,sushi_b,full_data
5,2,26,3,4,1,0.75,sushi_b,full_data
5,2,27,16,29,13,0.551724137931034,sushi_b,full_data
5,2,28,14,19,5,0.736842105263158,sushi_b,full_data
5,2,29,13,17,4,0.764705882352941,sushi_b,full_data
5,2,30,31,39,8,0.794871794871795,sushi_b,full_data
5,2,31,23,32,9,0.71875,sushi_b,full_data
5,2,32,26,34,8,0.764705882352941,sushi_b,full_data
5,2,33,16,20,4,0.8,sushi_b,full_data
5,2,34,26,38,12,0.684210526315789,sushi_b,full_data
5,2,35,12,14,2,0.857142857142857,sushi_b,full_data
5,2,36,12,22,10,0.545454545454545,sushi_b,full_data
5,2,38,25,32,7,0.78125,sushi_b,full_data
5,2,39,31,37,6,0.837837837837838,sushi_b,full_data
5,2,40,1,1,0,1,sushi_b,full_data
5,2,41,1,1,0,1,sushi_b,full_data
5,2,42,4,4,0,1,sushi_b,full_data
5,2,43,19,23,4,0.826086956521739,sushi_b,full_data
5,2,44,22,31,9,0.709677419354839,sushi_b,full_data
5,2,45,13,22,9,0.590909090909091,sushi_b,full_data
5,2,46,25,27,2,0.925925925925926,sushi_b,full_data
5,2,48,14,15,1,0.933333333333333,sushi_b,full_data
5,2,49,3,4,1,0.75,sushi_b,full_data
5,2,50,16,19,3,0.842105263157895,sushi_b,full_data
5,2,51,23,26,3,0.884615384615385,sushi_b,full_data
5,2,52,2,2,0,1,sushi_b,full_data
5,2,54,8,11,3,0.727272727272727,sushi_b,full_data
5,2,55,4,4,0,1,sushi_b,full_data
5,2,57,12,14,2,0.857142857142857,sushi_b,full_data
5,2,58,5,6,1,0.833333333333333,sushi_b,full_data
5,2,60,2,2,0,1,sushi_b,full_data
5,2,62,12,13,1,0.923076923076923,sushi_b,full_data
5,2,63,9,12,3,0.75,sushi_b,full_data
5,2,64,2,2,0,1,sushi_b,full_data
5,2,65,7,10,3,0.7,sushi_b,full_data
5,2,66,7,8,1,0.875,sushi_b,full_data
5,2,67,1,3,2,0.333333333333333,sushi_b,full_data
5,2,68,2,3,1,0.666666666666667,sushi_b,full_data
5,2,69,1,1,0,1,sushi_b,full_data
5,2,70,3,6,3,0.5,sushi_b,full_data
5,2,71,11,15,4,0.733333333333333,sushi_b,full_data
5,2,72,10,11,1,0.909090909090909,sushi_b,full_data
5,2,73,10,10,0,1,sushi_b,full_data
5,2,75,0,1,1,0,sushi_b,full_data
5,2,76,2,4,2,0.5,sushi_b,full_data
5,2,77,2,2,0,1,sushi_b,full_data
5,2,80,1,1,0,1,sushi_b,full_data
5,2,82,5,6,1,0.833333333333333,sushi_b,full_data
5,2,83,1,1,0,1,sushi_b,full_data
5,2,87,3,4,1,0.75,sushi_b,full_data
5,2,88,6,8,2,0.75,sushi_b,full_data
5,2,91,1,1,0,1,sushi_b,full_data
5,2,95,9,10,1,0.9,sushi_b,full_data
5,2,96,5,7,2,0.714285714285714,sushi_b,full_data
5,2,97,1,1,0,1,sushi_b,full_data
5,2,98,1,2,1,0.5,sushi_b,full_data
5,2,99,1,1,0,1,sushi_b,full_data
5,3,5,1,2,1,0.5,sushi_b,full_data
5,3,7,5,8,3,0.625,sushi_b,full_data
5,3,12,23,35,12,0.657142857142857,sushi_b,full_data
5,3,14,1,4,3,0.25,sushi_b,full_data
5,3,16,36,53,17,0.679245283018868,sushi_b,full_data
5,3,17,39,60,21,0.65,sushi_b,full_data
5,3,18,12,23,11,0.521739130434783,sushi_b,full_data
5,3,23,37,51,14,0.725490196078431,sushi_b,full_data
5,3,24,41,58,17,0.706896551724138,sushi_b,full_data
5,3,28,48,60,12,0.8,sushi_b,full_data
5,3,29,48,57,9,0.842105263157895,sushi_b,full_data
5,3,30,22,25,3,0.88,sushi_b,full_data
5,3,32,3,4,1,0.75,sushi_b,full_data
5,3,33,25,33,8,0.757575757575758,sushi_b,full_data
5,3,35,20,27,7,0.740740740740741,sushi_b,full_data
5,3,38,12,17,5,0.705882352941177,sushi_b,full_data
5,3,39,2,2,0,1,sushi_b,full_data
5,3,40,38,41,3,0.926829268292683,sushi_b,full_data
5,3,42,32,46,14,0.695652173913043,sushi_b,full_data
5,3,43,1,1,0,1,sushi_b,full_data
5,3,44,3,4,1,0.75,sushi_b,full_data
5,3,46,1,2,1,0.5,sushi_b,full_data
5,3,48,12,22,10,0.545454545454545,sushi_b,full_data
5,3,49,24,29,5,0.827586206896552,sushi_b,full_data
5,3,50,10,21,11,0.476190476190476,sushi_b,full_data
5,3,51,9,16,7,0.5625,sushi_b,full_data
5,3,52,18,21,3,0.857142857142857,sushi_b,full_data
5,3,54,3,5,2,0.6,sushi_b,full_data
5,3,55,8,12,4,0.666666666666667,sushi_b,full_data
5,3,56,13,15,2,0.866666666666667,sushi_b,full_data
5,3,58,10,20,10,0.5,sushi_b,full_data
5,3,59,12,18,6,0.666666666666667,sushi_b,full_data
5,3,60,13,16,3,0.8125,sushi_b,full_data
5,3,62,0,1,1,0,sushi_b,full_data
5,3,63,7,9,2,0.777777777777778,sushi_b,full_data
5,3,64,11,14,3,0.785714285714286,sushi_b,full_data
5,3,65,3,3,0,1,sushi_b,full_data
5,3,66,4,6,2,0.666666666666667,sushi_b,full_data
5,3,67,10,13,3,0.769230769230769,sushi_b,full_data
5,3,68,8,10,2,0.8,sushi_b,full_data
5,3,69,12,13,1,0.923076923076923,sushi_b,full_data
5,3,70,9,13,4,0.692307692307692,sushi_b,full_data
5,3,71,1,2,1,0.5,sushi_b,full_data
5,3,72,4,6,2,0.666666666666667,sushi_b,full_data
5,3,74,9,11,2,0.818181818181818,sushi_b,full_data
5,3,75,11,15,4,0.733333333333333,sushi_b,full_data
5,3,77,14,14,0,1,sushi_b,full_data
5,3,78,9,9,0,1,sushi_b,full_data
5,3,80,3,4,1,0.75,sushi_b,full_data
5,3,81,6,6,0,1,sushi_b,full_data
5,3,82,2,2,0,1,sushi_b,full_data
5,3,83,2,3,1,0.666666666666667,sushi_b,full_data
5,3,84,3,4,1,0.75,sushi_b,full_data
5,3,85,3,4,1,0.75,sushi_b,full_data
5,3,86,2,2,0,1,sushi_b,full_data
5,3,87,4,4,0,1,sushi_b,full_data
5,3,89,7,9,2,0.777777777777778,sushi_b,full_data
5,3,90,6,7,1,0.857142857142857,sushi_b,full_data
5,3,91,2,4,2,0.5,sushi_b,full_data
5,3,92,6,7,1,0.857142857142857,sushi_b,full_data
5,3,93,3,3,0,1,sushi_b,full_data
5,3,94,5,6,1,0.833333333333333,sushi_b,full_data
5,3,95,1,3,2,0.333333333333333,sushi_b,full_data
5,3,97,7,7,0,1,sushi_b,full_data
5,3,98,6,9,3,0.666666666666667,sushi_b,full_data
5,3,99,3,5,2,0.6,sushi_b,full_data
5,4,5,2,3,1,0.666666666666667,sushi_b,full_data
5,4,7,16,25,9,0.64,sushi_b,full_data
5,4,12,33,54,21,0.611111111111111,sushi_b,full_data
5,4,14,6,11,5,0.545454545454545,sushi_b,full_data
5,4,16,46,66,20,0.696969696969697,sushi_b,full_data
5,4,17,57,81,24,0.703703703703704,sushi_b,full_data
5,4,18,20,33,13,0.606060606060606,sushi_b,full_data
5,4,23,43,71,28,0.605633802816901,sushi_b,full_data
5,4,24,33,57,24,0.578947368421053,sushi_b,full_data
5,4,25,1,2,1,0.5,sushi_b,full_data
5,4,28,21,40,19,0.525,sushi_b,full_data
5,4,29,32,55,23,0.581818181818182,sushi_b,full_data
5,4,30,24,37,13,0.648648648648649,sushi_b,full_data
5,4,31,1,1,0,1,sushi_b,full_data
5,4,32,6,10,4,0.6,sushi_b,full_data
5,4,33,27,42,15,0.642857142857143,sushi_b,full_data
5,4,34,2,4,2,0.5,sushi_b,full_data
5,4,35,23,43,20,0.534883720930233,sushi_b,full_data
5,4,38,18,28,10,0.642857142857143,sushi_b,full_data
5,4,39,7,8,1,0.875,sushi_b,full_data
5,4,40,19,26,7,0.730769230769231,sushi_b,full_data
5,4,42,16,27,11,0.592592592592593,sushi_b,full_data
5,4,43,3,6,3,0.5,sushi_b,full_data
5,4,44,5,10,5,0.5,sushi_b,full_data
5,4,45,0,2,2,0,sushi_b,full_data
5,4,46,8,13,5,0.615384615384615,sushi_b,full_data
5,4,48,16,23,7,0.695652173913043,sushi_b,full_data
5,4,49,22,32,10,0.6875,sushi_b,full_data
5,4,50,13,21,8,0.619047619047619,sushi_b,full_data
5,4,51,19,25,6,0.76,sushi_b,full_data
5,4,52,16,22,6,0.727272727272727,sushi_b,full_data
5,4,54,5,5,0,1,sushi_b,full_data
5,4,55,13,13,0,1,sushi_b,full_data
5,4,56,8,9,1,0.888888888888889,sushi_b,full_data
5,4,58,12,18,6,0.666666666666667,sushi_b,full_data
5,4,59,9,12,3,0.75,sushi_b,full_data
5,4,60,14,17,3,0.823529411764706,sushi_b,full_data
5,4,62,1,1,0,1,sushi_b,full_data
5,4,63,9,13,4,0.692307692307692,sushi_b,full_data
5,4,64,10,16,6,0.625,sushi_b,full_data
5,4,65,2,5,3,0.4,sushi_b,full_data
5,4,66,4,6,2,0.666666666666667,sushi_b,full_data
5,4,67,7,10,3,0.7,sushi_b,full_data
5,4,68,3,4,1,0.75,sushi_b,full_data
5,4,69,6,7,1,0.857142857142857,sushi_b,full_data
5,4,70,3,4,1,0.75,sushi_b,full_data
5,4,71,6,10,4,0.6,sushi_b,full_data
5,4,72,10,13,3,0.769230769230769,sushi_b,full_data
5,4,74,10,15,5,0.666666666666667,sushi_b,full_data
5,4,75,6,8,2,0.75,sushi_b,full_data
5,4,77,8,14,6,0.571428571428571,sushi_b,full_data
5,4,78,6,8,2,0.75,sushi_b,full_data
5,4,80,3,3,0,1,sushi_b,full_data
5,4,81,2,3,1,0.666666666666667,sushi_b,full_data
5,4,82,5,6,1,0.833333333333333,sushi_b,full_data
5,4,83,2,3,1,0.666666666666667,sushi_b,full_data
5,4,84,5,6,1,0.833333333333333,sushi_b,full_data
5,4,85,2,4,2,0.5,sushi_b,full_data
5,4,86,0,1,1,0,sushi_b,full_data
5,4,87,3,5,2,0.6,sushi_b,full_data
5,4,89,3,5,2,0.6,sushi_b,full_data
5,4,91,5,6,1,0.833333333333333,sushi_b,full_data
5,4,92,1,1,0,1,sushi_b,full_data
5,4,93,3,5,2,0.6,sushi_b,full_data
5,4,94,5,5,0,1,sushi_b,full_data
5,4,95,0,1,1,0,sushi_b,full_data
5,4,97,4,4,0,1,sushi_b,full_data
5,4,98,8,10,2,0.8,sushi_b,full_data
5,4,99,2,3,1,0.666666666666667,sushi_b,full_data
5,5,12,1,2,1,0.5,sushi_b,full_data
5,5,16,13,17,4,0.764705882352941,sushi_b,full_data
5,5,17,50,72,22,0.694444444444444,sushi_b,full_data
5,5,18,1,1,0,1,sushi_b,full_data
5,5,23,12,19,7,0.631578947368421,sushi_b,full_data
5,5,24,27,40,13,0.675,sushi_b,full_data
5,5,28,33,40,7,0.825,sushi_b,full_data
5,5,29,18,24,6,0.75,sushi_b,full_data
5,5,30,8,9,1,0.888888888888889,sushi_b,full_data
5,5,32,1,1,0,1,sushi_b,full_data
5,5,33,10,15,5,0.666666666666667,sushi_b,full_data
5,5,35,13,21,8,0.619047619047619,sushi_b,full_data
5,5,38,2,2,0,1,sushi_b,full_data
5,5,40,14,18,4,0.777777777777778,sushi_b,full_data
5,5,42,13,20,7,0.65,sushi_b,full_data
5,5,48,8,13,5,0.615384615384615,sushi_b,full_data
5,5,49,18,23,5,0.782608695652174,sushi_b,full_data
5,5,50,0,4,4,0,sushi_b,full_data
5,5,51,3,3,0,1,sushi_b,full_data
5,5,52,18,25,7,0.72,sushi_b,full_data
5,5,55,1,2,1,0.5,sushi_b,full_data
5,5,56,8,12,4,0.666666666666667,sushi_b,full_data
5,5,58,5,9,4,0.555555555555556,sushi_b,full_data
5,5,59,7,11,4,0.636363636363636,sushi_b,full_data
5,5,60,4,6,2,0.666666666666667,sushi_b,full_data
5,5,64,12,17,5,0.705882352941177,sushi_b,full_data
5,5,66,3,4,1,0.75,sushi_b,full_data
5,5,67,3,5,2,0.6,sushi_b,full_data
5,5,68,8,11,3,0.727272727272727,sushi_b,full_data
5,5,69,7,9,2,0.777777777777778,sushi_b,full_data
5,5,70,2,3,1,0.666666666666667,sushi_b,full_data
5,5,71,1,1,0,1,sushi_b,full_data
5,5,72,1,3,2,0.333333333333333,sushi_b,full_data
5,5,74,7,11,4,0.636363636363636,sushi_b,full_data
5,5,75,2,4,2,0.5,sushi_b,full_data
5,5,77,5,5,0,1,sushi_b,full_data
5,5,78,11,13,2,0.846153846153846,sushi_b,full_data
5,5,80,6,6,0,1,sushi_b,full_data
5,5,81,6,6,0,1,sushi_b,full_data
5,5,82,1,1,0,1,sushi_b,full_data
5,5,83,3,6,3,0.5,sushi_b,full_data
5,5,84,4,9,5,0.444444444444444,sushi_b,full_data
5,5,85,7,8,1,0.875,sushi_b,full_data
5,5,86,7,8,1,0.875,sushi_b,full_data
5,5,89,0,2,2,0,sushi_b,full_data
5,5,90,6,9,3,0.666666666666667,sushi_b,full_data
5,5,92,2,3,1,0.666666666666667,sushi_b,full_data
5,5,93,9,10,1,0.9,sushi_b,full_data
5,5,94,4,6,2,0.666666666666667,sushi_b,full_data
5,5,97,3,3,0,1,sushi_b,full_data
5,5,98,3,4,1,0.75,sushi_b,full_data
5,5,99,4,4,0,1,sushi_b,full_data
5,6,3,9,21,12,0.428571428571429,sushi_b,full_data
5,6,4,2,3,1,0.666666666666667,sushi_b,full_data
5,6,5,39,66,27,0.590909090909091,sushi_b,full_data
5,6,7,59,99,40,0.595959595959596,sushi_b,full_data
5,6,10,7,8,1,0.875,sushi_b,full_data
5,6,12,71,102,31,0.696078431372549,sushi_b,full_data
5,6,14,47,71,24,0.661971830985915,sushi_b,full_data
5,6,16,66,87,21,0.758620689655172,sushi_b,full_data
5,6,17,12,13,1,0.923076923076923,sushi_b,full_data
5,6,18,36,54,18,0.666666666666667,sushi_b,full_data
5,6,21,12,26,14,0.461538461538462,sushi_b,full_data
5,6,22,1,1,0,1,sushi_b,full_data
5,6,23,28,47,19,0.595744680851064,sushi_b,full_data
5,6,24,15,28,13,0.535714285714286,sushi_b,full_data
5,6,25,19,31,12,0.612903225806452,sushi_b,full_data
5,6,27,7,13,6,0.538461538461538,sushi_b,full_data
5,6,28,14,17,3,0.823529411764706,sushi_b,full_data
5,6,29,22,25,3,0.88,sushi_b,full_data
5,6,30,34,49,15,0.693877551020408,sushi_b,full_data
5,6,31,16,22,6,0.727272727272727,sushi_b,full_data
5,6,32,23,40,17,0.575,sushi_b,full_data
5,6,33,24,35,11,0.685714285714286,sushi_b,full_data
5,6,34,26,37,11,0.702702702702703,sushi_b,full_data
5,6,35,16,20,4,0.8,sushi_b,full_data
5,6,36,8,16,8,0.5,sushi_b,full_data
5,6,38,28,36,8,0.777777777777778,sushi_b,full_data
5,6,39,21,34,13,0.617647058823529,sushi_b,full_data
5,6,40,2,3,1,0.666666666666667,sushi_b,full_data
5,6,42,12,12,0,1,sushi_b,full_data
5,6,43,20,31,11,0.645161290322581,sushi_b,full_data
5,6,44,15,24,9,0.625,sushi_b,full_data
5,6,45,15,23,8,0.652173913043478,sushi_b,full_data
5,6,46,14,22,8,0.636363636363636,sushi_b,full_data
5,6,48,15,23,8,0.652173913043478,sushi_b,full_data
5,6,49,6,6,0,1,sushi_b,full_data
5,6,50,18,21,3,0.857142857142857,sushi_b,full_data
5,6,51,17,30,13,0.566666666666667,sushi_b,full_data
5,6,52,3,4,1,0.75,sushi_b,full_data
5,6,54,12,17,5,0.705882352941177,sushi_b,full_data
5,6,55,6,7,1,0.857142857142857,sushi_b,full_data
5,6,56,1,1,0,1,sushi_b,full_data
5,6,57,2,5,3,0.4,sushi_b,full_data
5,6,58,11,13,2,0.846153846153846,sushi_b,full_data
5,6,59,1,2,1,0.5,sushi_b,full_data
5,6,60,3,4,1,0.75,sushi_b,full_data
5,6,62,11,17,6,0.647058823529412,sushi_b,full_data
5,6,63,8,11,3,0.727272727272727,sushi_b,full_data
5,6,64,2,3,1,0.666666666666667,sushi_b,full_data
5,6,65,3,7,4,0.428571428571429,sushi_b,full_data
5,6,66,9,10,1,0.9,sushi_b,full_data
5,6,67,3,8,5,0.375,sushi_b,full_data
5,6,68,7,8,1,0.875,sushi_b,full_data
5,6,69,2,2,0,1,sushi_b,full_data
5,6,70,4,4,0,1,sushi_b,full_data
5,6,71,13,15,2,0.866666666666667,sushi_b,full_data
5,6,72,9,12,3,0.75,sushi_b,full_data
5,6,73,3,3,0,1,sushi_b,full_data
5,6,74,4,4,0,1,sushi_b,full_data
5,6,75,1,3,2,0.333333333333333,sushi_b,full_data
5,6,76,4,5,1,0.8,sushi_b,full_data
5,6,77,2,3,1,0.666666666666667,sushi_b,full_data
5,6,78,1,1,0,1,sushi_b,full_data
5,6,80,4,4,0,1,sushi_b,full_data
5,6,82,3,5,2,0.6,sushi_b,full_data
5,6,83,2,2,0,1,sushi_b,full_data
5,6,84,2,2,0,1,sushi_b,full_data
5,6,85,1,1,0,1,sushi_b,full_data
5,6,87,1,2,1,0.5,sushi_b,full_data
5,6,88,2,3,1,0.666666666666667,sushi_b,full_data
5,6,91,0,1,1,0,sushi_b,full_data
5,6,93,1,1,0,1,sushi_b,full_data
5,6,95,9,12,3,0.75,sushi_b,full_data
5,6,96,0,1,1,0,sushi_b,full_data
5,6,97,1,1,0,1,sushi_b,full_data
5,6,98,1,1,0,1,sushi_b,full_data
5,6,99,5,5,0,1,sushi_b,full_data
5,7,16,1,2,1,0.5,sushi_b,full_data
5,7,17,30,47,17,0.638297872340426,sushi_b,full_data
5,7,23,8,9,1,0.888888888888889,sushi_b,full_data
5,7,24,10,10,0,1,sushi_b,full_data
5,7,28,11,16,5,0.6875,sushi_b,full_data
5,7,29,7,12,5,0.583333333333333,sushi_b,full_data
5,7,30,2,2,0,1,sushi_b,full_data
5,7,33,1,1,0,1,sushi_b,full_data
5,7,35,3,7,4,0.428571428571429,sushi_b,full_data
5,7,40,15,17,2,0.882352941176471,sushi_b,full_data
5,7,42,9,11,2,0.818181818181818,sushi_b,full_data
5,7,48,2,2,0,1,sushi_b,full_data
5,7,49,6,10,4,0.6,sushi_b,full_data
5,7,52,8,11,3,0.727272727272727,sushi_b,full_data
5,7,55,1,2,1,0.5,sushi_b,full_data
5,7,56,9,11,2,0.818181818181818,sushi_b,full_data
5,7,59,7,13,6,0.538461538461538,sushi_b,full_data
5,7,60,7,7,0,1,sushi_b,full_data
5,7,64,7,9,2,0.777777777777778,sushi_b,full_data
5,7,66,2,2,0,1,sushi_b,full_data
5,7,67,2,2,0,1,sushi_b,full_data
5,7,68,2,4,2,0.5,sushi_b,full_data
5,7,69,7,8,1,0.875,sushi_b,full_data
5,7,70,0,1,1,0,sushi_b,full_data
5,7,74,0,3,3,0,sushi_b,full_data
5,7,75,1,2,1,0.5,sushi_b,full_data
5,7,77,3,3,0,1,sushi_b,full_data
5,7,78,4,6,2,0.666666666666667,sushi_b,full_data
5,7,80,2,4,2,0.5,sushi_b,full_data
5,7,81,3,4,1,0.75,sushi_b,full_data
5,7,84,1,3,2,0.333333333333333,sushi_b,full_data
5,7,85,3,3,0,1,sushi_b,full_data
5,7,86,3,3,0,1,sushi_b,full_data
5,7,89,7,9,2,0.777777777777778,sushi_b,full_data
5,7,90,1,4,3,0.25,sushi_b,full_data
5,7,91,2,3,1,0.666666666666667,sushi_b,full_data
5,7,92,4,5,1,0.8,sushi_b,full_data
5,7,93,1,2,1,0.5,sushi_b,full_data
5,7,94,2,4,2,0.5,sushi_b,full_data
5,7,97,3,4,1,0.75,sushi_b,full_data
5,7,98,2,3,1,0.666666666666667,sushi_b,full_data
5,8,0,31,43,12,0.720930232558139,sushi_b,full_data
5,8,1,11,14,3,0.785714285714286,sushi_b,full_data
5,8,3,62,88,26,0.704545454545455,sushi_b,full_data
5,8,4,35,51,16,0.686274509803922,sushi_b,full_data
5,8,5,84,110,26,0.763636363636364,sushi_b,full_data
5,8,6,0,1,1,0,sushi_b,full_data
5,8,7,76,97,21,0.783505154639175,sushi_b,full_data
5,8,10,38,54,16,0.703703703703704,sushi_b,full_data
5,8,11,5,6,1,0.833333333333333,sushi_b,full_data
5,8,12,34,44,10,0.772727272727273,sushi_b,full_data
5,8,13,2,3,1,0.666666666666667,sushi_b,full_data
5,8,14,67,77,10,0.87012987012987,sushi_b,full_data
5,8,16,12,15,3,0.8,sushi_b,full_data
5,8,18,42,49,7,0.857142857142857,sushi_b,full_data
5,8,20,4,5,1,0.8,sushi_b,full_data
5,8,21,45,62,17,0.725806451612903,sushi_b,full_data
5,8,22,23,28,5,0.821428571428571,sushi_b,full_data
5,8,23,5,7,2,0.714285714285714,sushi_b,full_data
5,8,24,3,3,0,1,sushi_b,full_data
5,8,25,48,64,16,0.75,sushi_b,full_data
5,8,26,12,18,6,0.666666666666667,sushi_b,full_data
5,8,27,36,48,12,0.75,sushi_b,full_data
5,8,29,4,4,0,1,sushi_b,full_data
5,8,30,17,20,3,0.85,sushi_b,full_data
5,8,31,29,37,8,0.783783783783784,sushi_b,full_data
5,8,32,17,19,2,0.894736842105263,sushi_b,full_data
5,8,33,8,8,0,1,sushi_b,full_data
5,8,34,40,49,9,0.816326530612245,sushi_b,full_data
5,8,35,4,4,0,1,sushi_b,full_data
5,8,36,28,32,4,0.875,sushi_b,full_data
5,8,38,9,12,3,0.75,sushi_b,full_data
5,8,39,12,17,5,0.705882352941177,sushi_b,full_data
5,8,41,6,7,1,0.857142857142857,sushi_b,full_data
5,8,43,11,15,4,0.733333333333333,sushi_b,full_data
5,8,44,18,24,6,0.75,sushi_b,full_data
5,8,45,24,33,9,0.727272727272727,sushi_b,full_data
5,8,46,17,19,2,0.894736842105263,sushi_b,full_data
5,8,48,1,1,0,1,sushi_b,full_data
5,8,49,0,1,1,0,sushi_b,full_data
5,8,50,7,10,3,0.7,sushi_b,full_data
5,8,51,4,4,0,1,sushi_b,full_data
5,8,53,2,2,0,1,sushi_b,full_data
5,8,54,8,9,1,0.888888888888889,sushi_b,full_data
5,8,55,3,3,0,1,sushi_b,full_data
5,8,57,16,18,2,0.888888888888889,sushi_b,full_data
5,8,58,1,1,0,1,sushi_b,full_data
5,8,62,12,16,4,0.75,sushi_b,full_data
5,8,63,8,10,2,0.8,sushi_b,full_data
5,8,65,7,10,3,0.7,sushi_b,full_data
5,8,66,3,3,0,1,sushi_b,full_data
5,8,67,1,1,0,1,sushi_b,full_data
5,8,70,1,1,0,1,sushi_b,full_data
5,8,71,4,4,0,1,sushi_b,full_data
5,8,72,1,3,2,0.333333333333333,sushi_b,full_data
5,8,73,3,3,0,1,sushi_b,full_data
5,8,76,8,9,1,0.888888888888889,sushi_b,full_data
5,8,82,2,2,0,1,sushi_b,full_data
5,8,88,5,8,3,0.625,sushi_b,full_data
5,8,95,7,9,2,0.777777777777778,sushi_b,full_data
5,8,96,5,6,1,0.833333333333333,sushi_b,full_data
5,9,0,7,18,11,0.388888888888889,sushi_b,full_data
5,9,1,4,9,5,0.444444444444444,sushi_b,full_data
5,9,3,38,53,15,0.716981132075472,sushi_b,full_data
5,9,4,26,39,13,0.666666666666667,sushi_b,full_data
5,9,5,58,93,35,0.623655913978495,sushi_b,full_data
5,9,7,77,101,24,0.762376237623762,sushi_b,full_data
5,9,10,23,37,14,0.621621621621622,sushi_b,full_data
5,9,12,47,63,16,0.746031746031746,sushi_b,full_data
5,9,14,56,75,19,0.746666666666667,sushi_b,full_data
5,9,16,19,27,8,0.703703703703704,sushi_b,full_data
5,9,18,36,54,18,0.666666666666667,sushi_b,full_data
5,9,20,1,2,1,0.5,sushi_b,full_data
5,9,21,34,59,25,0.576271186440678,sushi_b,full_data
5,9,22,11,16,5,0.6875,sushi_b,full_data
5,9,23,11,13,2,0.846153846153846,sushi_b,full_data
5,9,24,7,10,3,0.7,sushi_b,full_data
5,9,25,46,69,23,0.666666666666667,sushi_b,full_data
5,9,26,7,10,3,0.7,sushi_b,full_data
5,9,27,23,35,12,0.657142857142857,sushi_b,full_data
5,9,28,1,1,0,1,sushi_b,full_data
5,9,29,5,5,0,1,sushi_b,full_data
5,9,30,23,24,1,0.958333333333333,sushi_b,full_data
5,9,31,22,31,9,0.709677419354839,sushi_b,full_data
5,9,32,23,31,8,0.741935483870968,sushi_b,full_data
5,9,33,11,14,3,0.785714285714286,sushi_b,full_data
5,9,34,34,45,11,0.755555555555556,sushi_b,full_data
5,9,35,1,4,3,0.25,sushi_b,full_data
5,9,36,19,28,9,0.678571428571429,sushi_b,full_data
5,9,38,18,20,2,0.9,sushi_b,full_data
5,9,39,14,22,8,0.636363636363636,sushi_b,full_data
5,9,41,2,8,6,0.25,sushi_b,full_data
5,9,43,17,23,6,0.739130434782609,sushi_b,full_data
5,9,44,13,17,4,0.764705882352941,sushi_b,full_data
5,9,45,17,20,3,0.85,sushi_b,full_data
5,9,46,19,26,7,0.730769230769231,sushi_b,full_data
5,9,48,2,4,2,0.5,sushi_b,full_data
5,9,49,2,2,0,1,sushi_b,full_data
5,9,50,7,11,4,0.636363636363636,sushi_b,full_data
5,9,51,11,16,5,0.6875,sushi_b,full_data
5,9,52,2,3,1,0.666666666666667,sushi_b,full_data
5,9,54,10,13,3,0.769230769230769,sushi_b,full_data
5,9,55,1,1,0,1,sushi_b,full_data
5,9,57,8,11,3,0.727272727272727,sushi_b,full_data
5,9,58,6,6,0,1,sushi_b,full_data
5,9,62,7,9,2,0.777777777777778,sushi_b,full_data
5,9,63,7,8,1,0.875,sushi_b,full_data
5,9,65,5,8,3,0.625,sushi_b,full_data
5,9,66,2,2,0,1,sushi_b,full_data
5,9,67,1,1,0,1,sushi_b,full_data
5,9,70,3,3,0,1,sushi_b,full_data
5,9,71,2,2,0,1,sushi_b,full_data
5,9,72,6,6,0,1,sushi_b,full_data
5,9,73,3,4,1,0.75,sushi_b,full_data
5,9,74,1,1,0,1,sushi_b,full_data
5,9,76,3,8,5,0.375,sushi_b,full_data
5,9,82,3,3,0,1,sushi_b,full_data
5,9,83,1,1,0,1,sushi_b,full_data
5,9,87,2,2,0,1,sushi_b,full_data
5,9,88,3,3,0,1,sushi_b,full_data
5,9,91,1,1,0,1,sushi_b,full_data
5,9,95,4,7,3,0.571428571428571,sushi_b,full_data
5,9,96,4,5,1,0.8,sushi_b,full_data
5,9,98,1,1,0,1,sushi_b,full_data
5,10,5,1,1,0,1,sushi_b,full_data
5,10,7,8,13,5,0.615384615384615,sushi_b,full_data
5,10,12,24,30,6,0.8,sushi_b,full_data
5,10,14,6,9,3,0.666666666666667,sushi_b,full_data
5,10,16,38,46,8,0.826086956521739,sushi_b,full_data
5,10,17,41,55,14,0.745454545454545,sushi_b,full_data
5,10,18,21,29,8,0.724137931034483,sushi_b,full_data
5,10,23,36,52,16,0.692307692307692,sushi_b,full_data
5,10,24,53,69,16,0.768115942028985,sushi_b,full_data
5,10,28,34,43,9,0.790697674418605,sushi_b,full_data
5,10,29,33,41,8,0.804878048780488,sushi_b,full_data
5,10,30,28,34,6,0.823529411764706,sushi_b,full_data
5,10,32,5,8,3,0.625,sushi_b,full_data
5,10,33,27,37,10,0.72972972972973,sushi_b,full_data
5,10,34,2,3,1,0.666666666666667,sushi_b,full_data
5,10,35,27,36,9,0.75,sushi_b,full_data
5,10,38,17,21,4,0.80952380952381,sushi_b,full_data
5,10,39,6,8,2,0.75,sushi_b,full_data
5,10,40,22,29,7,0.758620689655172,sushi_b,full_data
5,10,42,23,30,7,0.766666666666667,sushi_b,full_data
5,10,43,1,2,1,0.5,sushi_b,full_data
5,10,44,6,8,2,0.75,sushi_b,full_data
5,10,46,8,10,2,0.8,sushi_b,full_data
5,10,48,10,20,10,0.5,sushi_b,full_data
5,10,49,25,28,3,0.892857142857143,sushi_b,full_data
5,10,50,5,6,1,0.833333333333333,sushi_b,full_data
5,10,51,19,25,6,0.76,sushi_b,full_data
5,10,52,18,21,3,0.857142857142857,sushi_b,full_data
5,10,54,3,4,1,0.75,sushi_b,full_data
5,10,55,14,16,2,0.875,sushi_b,full_data
5,10,56,24,25,1,0.96,sushi_b,full_data
5,10,58,13,17,4,0.764705882352941,sushi_b,full_data
5,10,59,10,12,2,0.833333333333333,sushi_b,full_data
5,10,60,13,16,3,0.8125,sushi_b,full_data
5,10,62,2,2,0,1,sushi_b,full_data
5,10,63,7,7,0,1,sushi_b,full_data
5,10,64,16,20,4,0.8,sushi_b,full_data
5,10,65,3,5,2,0.6,sushi_b,full_data
5,10,66,9,13,4,0.692307692307692,sushi_b,full_data
5,10,67,7,8,1,0.875,sushi_b,full_data
5,10,68,9,12,3,0.75,sushi_b,full_data
5,10,69,9,11,2,0.818181818181818,sushi_b,full_data
5,10,70,9,10,1,0.9,sushi_b,full_data
5,10,71,1,4,3,0.25,sushi_b,full_data
5,10,72,9,10,1,0.9,sushi_b,full_data
5,10,74,13,15,2,0.866666666666667,sushi_b,full_data
5,10,75,7,8,1,0.875,sushi_b,full_data
5,10,77,10,11,1,0.909090909090909,sushi_b,full_data
5,10,78,7,7,0,1,sushi_b,full_data
5,10,80,4,5,1,0.8,sushi_b,full_data
5,10,81,0,1,1,0,sushi_b,full_data
5,10,82,3,4,1,0.75,sushi_b,full_data
5,10,83,1,2,1,0.5,sushi_b,full_data
5,10,84,4,4,0,1,sushi_b,full_data
5,10,85,4,4,0,1,sushi_b,full_data
5,10,86,6,7,1,0.857142857142857,sushi_b,full_data
5,10,87,3,3,0,1,sushi_b,full_data
5,10,89,2,3,1,0.666666666666667,sushi_b,full_data
5,10,90,4,4,0,1,sushi_b,full_data
5,10,91,10,10,0,1,sushi_b,full_data
5,10,92,6,7,1,0.857142857142857,sushi_b,full_data
5,10,93,5,6,1,0.833333333333333,sushi_b,full_data
5,10,94,7,8,1,0.875,sushi_b,full_data
5,10,95,1,3,2,0.333333333333333,sushi_b,full_data
5,10,97,4,4,0,1,sushi_b,full_data
5,10,98,7,7,0,1,sushi_b,full_data
5,10,99,8,9,1,0.888888888888889,sushi_b,full_data
5,11,3,4,5,1,0.8,sushi_b,full_data
5,11,4,1,3,2,0.333333333333333,sushi_b,full_data
5,11,5,29,41,12,0.707317073170732,sushi_b,full_data
5,11,7,43,70,27,0.614285714285714,sushi_b,full_data
5,11,10,2,5,3,0.4,sushi_b,full_data
5,11,12,63,79,16,0.79746835443038,sushi_b,full_data
5,11,14,39,51,12,0.764705882352941,sushi_b,full_data
5,11,16,47,62,15,0.758064516129032,sushi_b,full_data
5,11,17,9,11,2,0.818181818181818,sushi_b,full_data
5,11,18,31,58,27,0.53448275862069,sushi_b,full_data
5,11,21,16,23,7,0.695652173913043,sushi_b,full_data
5,11,23,42,54,12,0.777777777777778,sushi_b,full_data
5,11,24,20,26,6,0.769230769230769,sushi_b,full_data
5,11,25,11,22,11,0.5,sushi_b,full_data
5,11,27,4,7,3,0.571428571428571,sushi_b,full_data
5,11,28,14,17,3,0.823529411764706,sushi_b,full_data
5,11,29,21,29,8,0.724137931034483,sushi_b,full_data
5,11,30,49,61,12,0.80327868852459,sushi_b,full_data
5,11,31,8,12,4,0.666666666666667,sushi_b,full_data
5,11,32,21,30,9,0.7,sushi_b,full_data
5,11,33,26,34,8,0.764705882352941,sushi_b,full_data
5,11,34,9,19,10,0.473684210526316,sushi_b,full_data
5,11,35,17,23,6,0.739130434782609,sushi_b,full_data
5,11,36,4,6,2,0.666666666666667,sushi_b,full_data
5,11,38,28,44,16,0.636363636363636,sushi_b,full_data
5,11,39,22,29,7,0.758620689655172,sushi_b,full_data
5,11,40,9,9,0,1,sushi_b,full_data
5,11,42,14,15,1,0.933333333333333,sushi_b,full_data
5,11,43,16,22,6,0.727272727272727,sushi_b,full_data
5,11,44,10,16,6,0.625,sushi_b,full_data
5,11,45,10,14,4,0.714285714285714,sushi_b,full_data
5,11,46,19,27,8,0.703703703703704,sushi_b,full_data
5,11,48,18,24,6,0.75,sushi_b,full_data
5,11,49,10,10,0,1,sushi_b,full_data
5,11,50,16,19,3,0.842105263157895,sushi_b,full_data
5,11,51,13,17,4,0.764705882352941,sushi_b,full_data
5,11,52,5,7,2,0.714285714285714,sushi_b,full_data
5,11,54,9,14,5,0.642857142857143,sushi_b,full_data
5,11,55,7,8,1,0.875,sushi_b,full_data
5,11,56,5,5,0,1,sushi_b,full_data
5,11,57,4,5,1,0.8,sushi_b,full_data
5,11,58,3,10,7,0.3,sushi_b,full_data
5,11,59,3,3,0,1,sushi_b,full_data
5,11,60,2,4,2,0.5,sushi_b,full_data
5,11,62,6,10,4,0.6,sushi_b,full_data
5,11,63,13,16,3,0.8125,sushi_b,full_data
5,11,64,5,8,3,0.625,sushi_b,full_data
5,11,65,9,9,0,1,sushi_b,full_data
5,11,66,5,7,2,0.714285714285714,sushi_b,full_data
5,11,67,5,7,2,0.714285714285714,sushi_b,full_data
5,11,68,4,4,0,1,sushi_b,full_data
5,11,69,1,1,0,1,sushi_b,full_data
5,11,70,5,6,1,0.833333333333333,sushi_b,full_data
5,11,71,6,8,2,0.75,sushi_b,full_data
5,11,72,6,11,5,0.545454545454545,sushi_b,full_data
5,11,73,2,3,1,0.666666666666667,sushi_b,full_data
5,11,74,4,5,1,0.8,sushi_b,full_data
5,11,75,5,5,0,1,sushi_b,full_data
5,11,76,2,3,1,0.666666666666667,sushi_b,full_data
5,11,77,6,6,0,1,sushi_b,full_data
5,11,78,1,1,0,1,sushi_b,full_data
5,11,80,3,4,1,0.75,sushi_b,full_data
5,11,82,3,5,2,0.6,sushi_b,full_data
5,11,83,1,1,0,1,sushi_b,full_data
5,11,84,3,4,1,0.75,sushi_b,full_data
5,11,85,0,1,1,0,sushi_b,full_data
5,11,86,2,2,0,1,sushi_b,full_data
5,11,87,4,4,0,1,sushi_b,full_data
5,11,90,1,1,0,1,sushi_b,full_data
5,11,91,3,5,2,0.6,sushi_b,full_data
5,11,92,1,1,0,1,sushi_b,full_data
5,11,94,1,1,0,1,sushi_b,full_data
5,11,95,2,4,2,0.5,sushi_b,full_data
5,11,97,1,1,0,1,sushi_b,full_data
5,11,98,2,4,2,0.5,sushi_b,full_data
5,12,17,6,13,7,0.461538461538462,sushi_b,full_data
5,12,24,3,4,1,0.75,sushi_b,full_data
5,12,28,2,2,0,1,sushi_b,full_data
5,12,35,1,1,0,1,sushi_b,full_data
5,12,40,8,11,3,0.727272727272727,sushi_b,full_data
5,12,42,3,3,0,1,sushi_b,full_data
5,12,49,1,3,2,0.333333333333333,sushi_b,full_data
5,12,52,2,3,1,0.666666666666667,sushi_b,full_data
5,12,56,2,3,1,0.666666666666667,sushi_b,full_data
5,12,59,5,6,1,0.833333333333333,sushi_b,full_data
5,12,60,3,5,2,0.6,sushi_b,full_data
5,12,64,4,4,0,1,sushi_b,full_data
5,12,68,2,3,1,0.666666666666667,sushi_b,full_data
5,12,69,2,3,1,0.666666666666667,sushi_b,full_data
5,12,74,0,1,1,0,sushi_b,full_data
5,12,78,1,3,2,0.333333333333333,sushi_b,full_data
5,12,81,1,2,1,0.5,sushi_b,full_data
5,12,85,1,2,1,0.5,sushi_b,full_data
5,12,86,2,2,0,1,sushi_b,full_data
5,12,89,2,2,0,1,sushi_b,full_data
5,12,90,1,1,0,1,sushi_b,full_data
5,12,91,1,1,0,1,sushi_b,full_data
5,12,92,2,2,0,1,sushi_b,full_data
5,12,94,1,1,0,1,sushi_b,full_data
5,12,97,1,1,0,1,sushi_b,full_data
5,13,0,1,1,0,1,sushi_b,full_data
5,13,3,10,19,9,0.526315789473684,sushi_b,full_data
5,13,4,3,9,6,0.333333333333333,sushi_b,full_data
5,13,5,49,69,20,0.710144927536232,sushi_b,full_data
5,13,7,47,84,37,0.55952380952381,sushi_b,full_data
5,13,10,6,13,7,0.461538461538462,sushi_b,full_data
5,13,12,58,73,15,0.794520547945205,sushi_b,full_data
5,13,14,34,62,28,0.548387096774194,sushi_b,full_data
5,13,16,38,50,12,0.76,sushi_b,full_data
5,13,17,5,5,0,1,sushi_b,full_data
5,13,18,47,58,11,0.810344827586207,sushi_b,full_data
5,13,21,8,17,9,0.470588235294118,sushi_b,full_data
5,13,22,4,5,1,0.8,sushi_b,full_data
5,13,23,21,26,5,0.807692307692308,sushi_b,full_data
5,13,24,14,19,5,0.736842105263158,sushi_b,full_data
5,13,25,24,36,12,0.666666666666667,sushi_b,full_data
5,13,26,1,1,0,1,sushi_b,full_data
5,13,27,13,20,7,0.65,sushi_b,full_data
5,13,28,7,9,2,0.777777777777778,sushi_b,full_data
5,13,29,12,16,4,0.75,sushi_b,full_data
5,13,30,20,26,6,0.769230769230769,sushi_b,full_data
5,13,31,17,26,9,0.653846153846154,sushi_b,full_data
5,13,32,20,31,11,0.645161290322581,sushi_b,full_data
5,13,33,15,18,3,0.833333333333333,sushi_b,full_data
5,13,34,15,24,9,0.625,sushi_b,full_data
5,13,35,20,23,3,0.869565217391304,sushi_b,full_data
5,13,36,5,9,4,0.555555555555556,sushi_b,full_data
5,13,38,25,34,9,0.735294117647059,sushi_b,full_data
5,13,39,19,27,8,0.703703703703704,sushi_b,full_data
5,13,40,3,4,1,0.75,sushi_b,full_data
5,13,42,3,4,1,0.75,sushi_b,full_data
5,13,43,13,20,7,0.65,sushi_b,full_data
5,13,44,8,12,4,0.666666666666667,sushi_b,full_data
5,13,45,7,10,3,0.7,sushi_b,full_data
5,13,46,16,20,4,0.8,sushi_b,full_data
5,13,48,6,11,5,0.545454545454545,sushi_b,full_data
5,13,49,5,5,0,1,sushi_b,full_data
5,13,50,13,20,7,0.65,sushi_b,full_data
5,13,51,17,20,3,0.85,sushi_b,full_data
5,13,52,1,2,1,0.5,sushi_b,full_data
5,13,54,14,19,5,0.736842105263158,sushi_b,full_data
5,13,55,5,9,4,0.555555555555556,sushi_b,full_data
5,13,56,1,1,0,1,sushi_b,full_data
5,13,57,5,7,2,0.714285714285714,sushi_b,full_data
5,13,58,4,4,0,1,sushi_b,full_data
5,13,59,2,2,0,1,sushi_b,full_data
5,13,60,3,3,0,1,sushi_b,full_data
5,13,62,11,14,3,0.785714285714286,sushi_b,full_data
5,13,63,12,17,5,0.705882352941177,sushi_b,full_data
5,13,64,3,3,0,1,sushi_b,full_data
5,13,65,6,14,8,0.428571428571429,sushi_b,full_data
5,13,66,4,5,1,0.8,sushi_b,full_data
5,13,67,6,8,2,0.75,sushi_b,full_data
5,13,68,1,2,1,0.5,sushi_b,full_data
5,13,69,1,2,1,0.5,sushi_b,full_data
5,13,70,1,2,1,0.5,sushi_b,full_data
5,13,71,5,10,5,0.5,sushi_b,full_data
5,13,72,5,11,6,0.454545454545455,sushi_b,full_data
5,13,73,4,6,2,0.666666666666667,sushi_b,full_data
5,13,74,2,4,2,0.5,sushi_b,full_data
5,13,75,4,4,0,1,sushi_b,full_data
5,13,76,3,4,1,0.75,sushi_b,full_data
5,13,82,5,7,2,0.714285714285714,sushi_b,full_data
5,13,87,3,3,0,1,sushi_b,full_data
5,13,88,1,4,3,0.25,sushi_b,full_data
5,13,91,1,1,0,1,sushi_b,full_data
5,13,93,1,1,0,1,sushi_b,full_data
5,13,94,2,2,0,1,sushi_b,full_data
5,13,95,0,2,2,0,sushi_b,full_data
5,13,98,2,2,0,1,sushi_b,full_data
5,13,99,0,3,3,0,sushi_b,full_data
5,14,12,1,2,1,0.5,sushi_b,full_data
5,14,16,2,3,1,0.666666666666667,sushi_b,full_data
5,14,17,40,64,24,0.625,sushi_b,full_data
5,14,23,3,6,3,0.5,sushi_b,full_data
5,14,24,10,18,8,0.555555555555556,sushi_b,full_data
5,14,28,14,20,6,0.7,sushi_b,full_data
5,14,29,7,9,2,0.777777777777778,sushi_b,full_data
5,14,30,1,1,0,1,sushi_b,full_data
5,14,33,2,6,4,0.333333333333333,sushi_b,full_data
5,14,35,11,14,3,0.785714285714286,sushi_b,full_data
5,14,38,1,1,0,1,sushi_b,full_data
5,14,40,21,29,8,0.724137931034483,sushi_b,full_data
5,14,42,14,16,2,0.875,sushi_b,full_data
5,14,48,2,3,1,0.666666666666667,sushi_b,full_data
5,14,49,9,14,5,0.642857142857143,sushi_b,full_data
5,14,51,5,5,0,1,sushi_b,full_data
5,14,52,5,10,5,0.5,sushi_b,full_data
5,14,55,3,3,0,1,sushi_b,full_data
5,14,56,8,10,2,0.8,sushi_b,full_data
5,14,58,2,2,0,1,sushi_b,full_data
5,14,59,16,22,6,0.727272727272727,sushi_b,full_data
5,14,60,6,8,2,0.75,sushi_b,full_data
5,14,63,0,2,2,0,sushi_b,full_data
5,14,64,6,8,2,0.75,sushi_b,full_data
5,14,66,1,2,1,0.5,sushi_b,full_data
5,14,67,3,3,0,1,sushi_b,full_data
5,14,69,8,12,4,0.666666666666667,sushi_b,full_data
5,14,72,1,1,0,1,sushi_b,full_data
5,14,74,1,2,1,0.5,sushi_b,full_data
5,14,75,0,2,2,0,sushi_b,full_data
5,14,77,1,2,1,0.5,sushi_b,full_data
5,14,78,5,10,5,0.5,sushi_b,full_data
5,14,80,1,1,0,1,sushi_b,full_data
5,14,81,3,4,1,0.75,sushi_b,full_data
5,14,83,1,1,0,1,sushi_b,full_data
5,14,85,4,6,2,0.666666666666667,sushi_b,full_data
5,14,86,0,1,1,0,sushi_b,full_data
5,14,89,3,3,0,1,sushi_b,full_data
5,14,90,7,7,0,1,sushi_b,full_data
5,14,91,1,1,0,1,sushi_b,full_data
5,14,92,5,6,1,0.833333333333333,sushi_b,full_data
5,14,93,3,3,0,1,sushi_b,full_data
5,14,94,1,1,0,1,sushi_b,full_data
5,14,99,3,4,1,0.75,sushi_b,full_data
5,15,0,5,11,6,0.454545454545455,sushi_b,full_data
5,15,1,2,3,1,0.666666666666667,sushi_b,full_data
5,15,3,22,42,20,0.523809523809524,sushi_b,full_data
5,15,4,14,20,6,0.7,sushi_b,full_data
5,15,5,51,84,33,0.607142857142857,sushi_b,full_data
5,15,7,58,82,24,0.707317073170732,sushi_b,full_data
5,15,10,21,26,5,0.807692307692308,sushi_b,full_data
5,15,12,33,49,16,0.673469387755102,sushi_b,full_data
5,15,14,38,59,21,0.644067796610169,sushi_b,full_data
5,15,16,23,29,6,0.793103448275862,sushi_b,full_data
5,15,18,47,66,19,0.712121212121212,sushi_b,full_data
5,15,20,0,1,1,0,sushi_b,full_data
5,15,21,25,42,17,0.595238095238095,sushi_b,full_data
5,15,22,5,10,5,0.5,sushi_b,full_data
5,15,23,14,15,1,0.933333333333333,sushi_b,full_data
5,15,24,7,9,2,0.777777777777778,sushi_b,full_data
5,15,25,33,48,15,0.6875,sushi_b,full_data
5,15,26,6,10,4,0.6,sushi_b,full_data
5,15,27,20,28,8,0.714285714285714,sushi_b,full_data
5,15,28,5,6,1,0.833333333333333,sushi_b,full_data
5,15,29,4,6,2,0.666666666666667,sushi_b,full_data
5,15,30,15,22,7,0.681818181818182,sushi_b,full_data
5,15,31,20,33,13,0.606060606060606,sushi_b,full_data
5,15,32,29,34,5,0.852941176470588,sushi_b,full_data
5,15,33,7,10,3,0.7,sushi_b,full_data
5,15,34,25,35,10,0.714285714285714,sushi_b,full_data
5,15,35,8,11,3,0.727272727272727,sushi_b,full_data
5,15,36,10,21,11,0.476190476190476,sushi_b,full_data
5,15,38,17,19,2,0.894736842105263,sushi_b,full_data
5,15,39,15,23,8,0.652173913043478,sushi_b,full_data
5,15,41,2,2,0,1,sushi_b,full_data
5,15,42,2,2,0,1,sushi_b,full_data
5,15,43,7,15,8,0.466666666666667,sushi_b,full_data
5,15,44,12,18,6,0.666666666666667,sushi_b,full_data
5,15,45,15,18,3,0.833333333333333,sushi_b,full_data
5,15,46,19,24,5,0.791666666666667,sushi_b,full_data
5,15,48,6,7,1,0.857142857142857,sushi_b,full_data
5,15,49,1,1,0,1,sushi_b,full_data
5,15,50,11,19,8,0.578947368421053,sushi_b,full_data
5,15,51,8,9,1,0.888888888888889,sushi_b,full_data
5,15,52,2,2,0,1,sushi_b,full_data
5,15,54,14,20,6,0.7,sushi_b,full_data
5,15,55,4,4,0,1,sushi_b,full_data
5,15,57,9,11,2,0.818181818181818,sushi_b,full_data
5,15,58,3,3,0,1,sushi_b,full_data
5,15,62,7,13,6,0.538461538461538,sushi_b,full_data
5,15,63,5,7,2,0.714285714285714,sushi_b,full_data
5,15,64,1,1,0,1,sushi_b,full_data
5,15,65,5,6,1,0.833333333333333,sushi_b,full_data
5,15,66,1,2,1,0.5,sushi_b,full_data
5,15,67,1,1,0,1,sushi_b,full_data
5,15,68,1,1,0,1,sushi_b,full_data
5,15,70,0,1,1,0,sushi_b,full_data
5,15,71,6,8,2,0.75,sushi_b,full_data
5,15,72,0,6,6,0,sushi_b,full_data
5,15,73,2,2,0,1,sushi_b,full_data
5,15,76,5,6,1,0.833333333333333,sushi_b,full_data
5,15,77,1,1,0,1,sushi_b,full_data
5,15,78,1,1,0,1,sushi_b,full_data
5,15,80,1,1,0,1,sushi_b,full_data
5,15,84,1,1,0,1,sushi_b,full_data
5,15,88,1,1,0,1,sushi_b,full_data
5,15,95,7,8,1,0.875,sushi_b,full_data
5,15,96,1,1,0,1,sushi_b,full_data
5,16,17,3,4,1,0.75,sushi_b,full_data
5,16,40,2,3,1,0.666666666666667,sushi_b,full_data
5,16,42,1,1,0,1,sushi_b,full_data
5,16,56,1,1,0,1,sushi_b,full_data
5,16,59,3,3,0,1,sushi_b,full_data
5,16,60,2,3,1,0.666666666666667,sushi_b,full_data
5,16,69,1,1,0,1,sushi_b,full_data
5,16,77,0,1,1,0,sushi_b,full_data
5,16,81,2,2,0,1,sushi_b,full_data
5,16,85,2,4,2,0.5,sushi_b,full_data
5,16,90,1,1,0,1,sushi_b,full_data
5,16,93,1,1,0,1,sushi_b,full_data
5,16,94,1,1,0,1,sushi_b,full_data
5,18,17,19,23,4,0.826086956521739,sushi_b,full_data
5,18,24,4,5,1,0.8,sushi_b,full_data
5,18,28,3,4,1,0.75,sushi_b,full_data
5,18,29,0,2,2,0,sushi_b,full_data
5,18,35,2,3,1,0.666666666666667,sushi_b,full_data
5,18,40,2,4,2,0.5,sushi_b,full_data
5,18,42,4,7,3,0.571428571428571,sushi_b,full_data
5,18,48,1,2,1,0.5,sushi_b,full_data
5,18,49,1,2,1,0.5,sushi_b,full_data
5,18,52,1,2,1,0.5,sushi_b,full_data
5,18,56,3,4,1,0.75,sushi_b,full_data
5,18,59,2,2,0,1,sushi_b,full_data
5,18,60,4,4,0,1,sushi_b,full_data
5,18,64,3,3,0,1,sushi_b,full_data
5,18,67,0,1,1,0,sushi_b,full_data
5,18,68,2,2,0,1,sushi_b,full_data
5,18,70,1,1,0,1,sushi_b,full_data
5,18,75,0,1,1,0,sushi_b,full_data
5,18,77,0,1,1,0,sushi_b,full_data
5,18,78,3,4,1,0.75,sushi_b,full_data
5,18,81,0,1,1,0,sushi_b,full_data
5,18,83,1,1,0,1,sushi_b,full_data
5,18,84,1,2,1,0.5,sushi_b,full_data
5,18,85,1,3,2,0.333333333333333,sushi_b,full_data
5,18,86,1,1,0,1,sushi_b,full_data
5,18,89,4,4,0,1,sushi_b,full_data
5,18,90,0,1,1,0,sushi_b,full_data
5,18,92,1,2,1,0.5,sushi_b,full_data
5,18,93,0,1,1,0,sushi_b,full_data
5,18,94,2,3,1,0.666666666666667,sushi_b,full_data
5,18,97,1,2,1,0.5,sushi_b,full_data
5,19,0,25,34,9,0.735294117647059,sushi_b,full_data
5,19,1,8,12,4,0.666666666666667,sushi_b,full_data
5,19,3,53,70,17,0.757142857142857,sushi_b,full_data
5,19,4,33,45,12,0.733333333333333,sushi_b,full_data
5,19,5,65,85,20,0.764705882352941,sushi_b,full_data
5,19,6,0,3,3,0,sushi_b,full_data
5,19,7,40,47,7,0.851063829787234,sushi_b,full_data
5,19,10,26,42,16,0.619047619047619,sushi_b,full_data
5,19,11,7,7,0,1,sushi_b,full_data
5,19,12,20,22,2,0.909090909090909,sushi_b,full_data
5,19,14,40,49,9,0.816326530612245,sushi_b,full_data
5,19,16,7,9,2,0.777777777777778,sushi_b,full_data
5,19,18,27,31,4,0.870967741935484,sushi_b,full_data
5,19,20,7,8,1,0.875,sushi_b,full_data
5,19,21,37,47,10,0.787234042553192,sushi_b,full_data
5,19,22,28,34,6,0.823529411764706,sushi_b,full_data
5,19,23,8,9,1,0.888888888888889,sushi_b,full_data
5,19,25,31,37,6,0.837837837837838,sushi_b,full_data
5,19,26,11,16,5,0.6875,sushi_b,full_data
5,19,27,22,30,8,0.733333333333333,sushi_b,full_data
5,19,29,2,3,1,0.666666666666667,sushi_b,full_data
5,19,30,7,9,2,0.777777777777778,sushi_b,full_data
5,19,31,24,31,7,0.774193548387097,sushi_b,full_data
5,19,32,11,14,3,0.785714285714286,sushi_b,full_data
5,19,33,3,4,1,0.75,sushi_b,full_data
5,19,34,22,30,8,0.733333333333333,sushi_b,full_data
5,19,35,1,1,0,1,sushi_b,full_data
5,19,36,16,26,10,0.615384615384615,sushi_b,full_data
5,19,38,8,9,1,0.888888888888889,sushi_b,full_data
5,19,39,17,20,3,0.85,sushi_b,full_data
5,19,41,7,13,6,0.538461538461538,sushi_b,full_data
5,19,43,14,19,5,0.736842105263158,sushi_b,full_data
5,19,44,10,13,3,0.769230769230769,sushi_b,full_data
5,19,45,15,20,5,0.75,sushi_b,full_data
5,19,46,10,10,0,1,sushi_b,full_data
5,19,48,2,2,0,1,sushi_b,full_data
5,19,50,5,6,1,0.833333333333333,sushi_b,full_data
5,19,51,2,4,2,0.5,sushi_b,full_data
5,19,54,10,14,4,0.714285714285714,sushi_b,full_data
5,19,55,3,4,1,0.75,sushi_b,full_data
5,19,57,5,10,5,0.5,sushi_b,full_data
5,19,58,1,1,0,1,sushi_b,full_data
5,19,62,11,12,1,0.916666666666667,sushi_b,full_data
5,19,63,2,3,1,0.666666666666667,sushi_b,full_data
5,19,65,5,6,1,0.833333333333333,sushi_b,full_data
5,19,66,2,2,0,1,sushi_b,full_data
5,19,70,1,1,0,1,sushi_b,full_data
5,19,71,4,4,0,1,sushi_b,full_data
5,19,73,2,3,1,0.666666666666667,sushi_b,full_data
5,19,75,1,1,0,1,sushi_b,full_data
5,19,76,8,10,2,0.8,sushi_b,full_data
5,19,80,0,1,1,0,sushi_b,full_data
5,19,87,1,2,1,0.5,sushi_b,full_data
5,19,88,4,5,1,0.8,sushi_b,full_data
5,19,95,4,4,0,1,sushi_b,full_data
5,19,96,3,3,0,1,sushi_b,full_data
5,20,3,1,2,1,0.5,sushi_b,full_data
5,20,5,11,18,7,0.611111111111111,sushi_b,full_data
5,20,7,28,49,21,0.571428571428571,sushi_b,full_data
5,20,10,2,2,0,1,sushi_b,full_data
5,20,12,37,48,11,0.770833333333333,sushi_b,full_data
5,20,14,24,41,17,0.585365853658537,sushi_b,full_data
5,20,16,52,64,12,0.8125,sushi_b,full_data
5,20,17,11,14,3,0.785714285714286,sushi_b,full_data
5,20,18,38,53,15,0.716981132075472,sushi_b,full_data
5,20,21,3,8,5,0.375,sushi_b,full_data
5,20,23,41,53,12,0.773584905660377,sushi_b,full_data
5,20,24,25,33,8,0.757575757575758,sushi_b,full_data
5,20,25,6,11,5,0.545454545454545,sushi_b,full_data
5,20,27,1,3,2,0.333333333333333,sushi_b,full_data
5,20,28,17,21,4,0.80952380952381,sushi_b,full_data
5,20,29,21,29,8,0.724137931034483,sushi_b,full_data
5,20,30,29,37,8,0.783783783783784,sushi_b,full_data
5,20,31,4,9,5,0.444444444444444,sushi_b,full_data
5,20,32,18,31,13,0.580645161290323,sushi_b,full_data
5,20,33,14,21,7,0.666666666666667,sushi_b,full_data
5,20,34,16,17,1,0.941176470588235,sushi_b,full_data
5,20,35,17,19,2,0.894736842105263,sushi_b,full_data
5,20,38,15,21,6,0.714285714285714,sushi_b,full_data
5,20,39,11,12,1,0.916666666666667,sushi_b,full_data
5,20,40,3,8,5,0.375,sushi_b,full_data
5,20,42,6,7,1,0.857142857142857,sushi_b,full_data
5,20,43,10,14,4,0.714285714285714,sushi_b,full_data
5,20,44,10,15,5,0.666666666666667,sushi_b,full_data
5,20,45,5,9,4,0.555555555555556,sushi_b,full_data
5,20,46,13,16,3,0.8125,sushi_b,full_data
5,20,48,6,11,5,0.545454545454545,sushi_b,full_data
5,20,49,9,9,0,1,sushi_b,full_data
5,20,50,9,13,4,0.692307692307692,sushi_b,full_data
5,20,51,15,20,5,0.75,sushi_b,full_data
5,20,52,10,10,0,1,sushi_b,full_data
5,20,54,4,6,2,0.666666666666667,sushi_b,full_data
5,20,55,7,8,1,0.875,sushi_b,full_data
5,20,56,4,5,1,0.8,sushi_b,full_data
5,20,57,1,1,0,1,sushi_b,full_data
5,20,58,9,10,1,0.9,sushi_b,full_data
5,20,59,5,5,0,1,sushi_b,full_data
5,20,60,1,3,2,0.333333333333333,sushi_b,full_data
5,20,62,7,9,2,0.777777777777778,sushi_b,full_data
5,20,63,5,5,0,1,sushi_b,full_data
5,20,64,7,7,0,1,sushi_b,full_data
5,20,65,2,3,1,0.666666666666667,sushi_b,full_data
5,20,66,6,11,5,0.545454545454545,sushi_b,full_data
5,20,67,7,7,0,1,sushi_b,full_data
5,20,68,4,4,0,1,sushi_b,full_data
5,20,69,1,3,2,0.333333333333333,sushi_b,full_data
5,20,70,8,12,4,0.666666666666667,sushi_b,full_data
5,20,71,6,8,2,0.75,sushi_b,full_data
5,20,72,4,7,3,0.571428571428571,sushi_b,full_data
5,20,73,3,3,0,1,sushi_b,full_data
5,20,74,4,6,2,0.666666666666667,sushi_b,full_data
5,20,75,7,9,2,0.777777777777778,sushi_b,full_data
5,20,76,0,1,1,0,sushi_b,full_data
5,20,77,3,3,0,1,sushi_b,full_data
5,20,78,1,3,2,0.333333333333333,sushi_b,full_data
5,20,80,1,1,0,1,sushi_b,full_data
5,20,82,7,7,0,1,sushi_b,full_data
5,20,84,2,2,0,1,sushi_b,full_data
5,20,87,2,4,2,0.5,sushi_b,full_data
5,20,90,1,1,0,1,sushi_b,full_data
5,20,91,4,6,2,0.666666666666667,sushi_b,full_data
5,20,93,1,1,0,1,sushi_b,full_data
5,20,94,2,2,0,1,sushi_b,full_data
5,20,95,3,3,0,1,sushi_b,full_data
5,20,96,1,1,0,1,sushi_b,full_data
5,20,97,1,1,0,1,sushi_b,full_data
5,20,98,2,2,0,1,sushi_b,full_data
5,20,99,2,2,0,1,sushi_b,full_data
5,21,12,8,12,4,0.666666666666667,sushi_b,full_data
5,21,16,16,23,7,0.695652173913043,sushi_b,full_data
5,21,17,40,62,22,0.645161290322581,sushi_b,full_data
5,21,18,5,6,1,0.833333333333333,sushi_b,full_data
5,21,23,20,24,4,0.833333333333333,sushi_b,full_data
5,21,24,18,27,9,0.666666666666667,sushi_b,full_data
5,21,28,22,32,10,0.6875,sushi_b,full_data
5,21,29,20,30,10,0.666666666666667,sushi_b,full_data
5,21,30,11,15,4,0.733333333333333,sushi_b,full_data
5,21,32,1,1,0,1,sushi_b,full_data
5,21,33,12,17,5,0.705882352941177,sushi_b,full_data
5,21,35,23,27,4,0.851851851851852,sushi_b,full_data
5,21,38,2,5,3,0.4,sushi_b,full_data
5,21,39,1,1,0,1,sushi_b,full_data
5,21,40,19,29,10,0.655172413793103,sushi_b,full_data
5,21,42,18,20,2,0.9,sushi_b,full_data
5,21,44,2,3,1,0.666666666666667,sushi_b,full_data
5,21,46,0,1,1,0,sushi_b,full_data
5,21,48,10,17,7,0.588235294117647,sushi_b,full_data
5,21,49,11,14,3,0.785714285714286,sushi_b,full_data
5,21,50,3,4,1,0.75,sushi_b,full_data
5,21,51,2,4,2,0.5,sushi_b,full_data
5,21,52,7,11,4,0.636363636363636,sushi_b,full_data
5,21,55,6,8,2,0.75,sushi_b,full_data
5,21,56,5,7,2,0.714285714285714,sushi_b,full_data
5,21,58,4,6,2,0.666666666666667,sushi_b,full_data
5,21,59,8,10,2,0.8,sushi_b,full_data
5,21,60,7,10,3,0.7,sushi_b,full_data
5,21,64,8,10,2,0.8,sushi_b,full_data
5,21,66,2,2,0,1,sushi_b,full_data
5,21,67,5,6,1,0.833333333333333,sushi_b,full_data
5,21,68,4,5,1,0.8,sushi_b,full_data
5,21,69,10,11,1,0.909090909090909,sushi_b,full_data
5,21,70,2,7,5,0.285714285714286,sushi_b,full_data
5,21,71,1,1,0,1,sushi_b,full_data
5,21,72,3,5,2,0.6,sushi_b,full_data
5,21,74,7,7,0,1,sushi_b,full_data
5,21,75,3,4,1,0.75,sushi_b,full_data
5,21,77,7,7,0,1,sushi_b,full_data
5,21,78,4,4,0,1,sushi_b,full_data
5,21,80,2,2,0,1,sushi_b,full_data
5,21,81,2,4,2,0.5,sushi_b,full_data
5,21,82,0,2,2,0,sushi_b,full_data
5,21,83,1,2,1,0.5,sushi_b,full_data
5,21,84,1,1,0,1,sushi_b,full_data
5,21,85,1,1,0,1,sushi_b,full_data
5,21,86,2,2,0,1,sushi_b,full_data
5,21,87,1,1,0,1,sushi_b,full_data
5,21,89,2,2,0,1,sushi_b,full_data
5,21,90,1,1,0,1,sushi_b,full_data
5,21,91,6,6,0,1,sushi_b,full_data
5,21,92,2,2,0,1,sushi_b,full_data
5,21,93,6,6,0,1,sushi_b,full_data
5,21,94,1,3,2,0.333333333333333,sushi_b,full_data
5,21,95,1,1,0,1,sushi_b,full_data
5,21,97,3,4,1,0.75,sushi_b,full_data
5,21,98,0,1,1,0,sushi_b,full_data
5,21,99,4,4,0,1,sushi_b,full_data
5,22,5,3,3,0,1,sushi_b,full_data
5,22,7,19,25,6,0.76,sushi_b,full_data
5,22,12,28,47,19,0.595744680851064,sushi_b,full_data
5,22,14,1,7,6,0.142857142857143,sushi_b,full_data
5,22,16,32,45,13,0.711111111111111,sushi_b,full_data
5,22,17,29,34,5,0.852941176470588,sushi_b,full_data
5,22,18,15,25,10,0.6,sushi_b,full_data
5,22,23,34,43,9,0.790697674418605,sushi_b,full_data
5,22,24,34,45,11,0.755555555555556,sushi_b,full_data
5,22,28,26,36,10,0.722222222222222,sushi_b,full_data
5,22,29,22,34,12,0.647058823529412,sushi_b,full_data
5,22,30,21,24,3,0.875,sushi_b,full_data
5,22,31,1,3,2,0.333333333333333,sushi_b,full_data
5,22,32,6,8,2,0.75,sushi_b,full_data
5,22,33,34,37,3,0.918918918918919,sushi_b,full_data
5,22,34,4,5,1,0.8,sushi_b,full_data
5,22,35,14,22,8,0.636363636363636,sushi_b,full_data
5,22,38,11,17,6,0.647058823529412,sushi_b,full_data
5,22,39,5,6,1,0.833333333333333,sushi_b,full_data
5,22,40,9,11,2,0.818181818181818,sushi_b,full_data
5,22,42,10,12,2,0.833333333333333,sushi_b,full_data
5,22,44,5,5,0,1,sushi_b,full_data
5,22,46,3,3,0,1,sushi_b,full_data
5,22,48,14,18,4,0.777777777777778,sushi_b,full_data
5,22,49,11,13,2,0.846153846153846,sushi_b,full_data
5,22,50,6,8,2,0.75,sushi_b,full_data
5,22,51,8,10,2,0.8,sushi_b,full_data
5,22,52,9,12,3,0.75,sushi_b,full_data
5,22,54,3,4,1,0.75,sushi_b,full_data
5,22,55,9,12,3,0.75,sushi_b,full_data
5,22,56,4,5,1,0.8,sushi_b,full_data
5,22,58,9,11,2,0.818181818181818,sushi_b,full_data
5,22,59,7,7,0,1,sushi_b,full_data
5,22,60,11,11,0,1,sushi_b,full_data
5,22,62,1,1,0,1,sushi_b,full_data
5,22,63,8,11,3,0.727272727272727,sushi_b,full_data
5,22,64,8,10,2,0.8,sushi_b,full_data
5,22,65,1,3,2,0.333333333333333,sushi_b,full_data
5,22,66,2,3,1,0.666666666666667,sushi_b,full_data
5,22,67,4,4,0,1,sushi_b,full_data
5,22,68,3,3,0,1,sushi_b,full_data
5,22,69,4,5,1,0.8,sushi_b,full_data
5,22,70,4,6,2,0.666666666666667,sushi_b,full_data
5,22,71,1,3,2,0.333333333333333,sushi_b,full_data
5,22,72,4,6,2,0.666666666666667,sushi_b,full_data
5,22,74,6,6,0,1,sushi_b,full_data
5,22,75,9,9,0,1,sushi_b,full_data
5,22,77,5,6,1,0.833333333333333,sushi_b,full_data
5,22,78,4,4,0,1,sushi_b,full_data
5,22,80,3,4,1,0.75,sushi_b,full_data
5,22,81,2,2,0,1,sushi_b,full_data
5,22,82,5,7,2,0.714285714285714,sushi_b,full_data
5,22,83,4,4,0,1,sushi_b,full_data
5,22,84,4,5,1,0.8,sushi_b,full_data
5,22,85,0,1,1,0,sushi_b,full_data
5,22,86,1,1,0,1,sushi_b,full_data
5,22,87,2,2,0,1,sushi_b,full_data
5,22,89,5,5,0,1,sushi_b,full_data
5,22,90,5,5,0,1,sushi_b,full_data
5,22,91,5,5,0,1,sushi_b,full_data
5,22,92,3,3,0,1,sushi_b,full_data
5,22,93,1,1,0,1,sushi_b,full_data
5,22,94,2,2,0,1,sushi_b,full_data
5,22,96,1,1,0,1,sushi_b,full_data
5,22,97,2,2,0,1,sushi_b,full_data
5,22,98,2,2,0,1,sushi_b,full_data
5,22,99,4,5,1,0.8,sushi_b,full_data
5,23,17,1,3,2,0.333333333333333,sushi_b,full_data
5,23,40,2,2,0,1,sushi_b,full_data
5,23,42,1,1,0,1,sushi_b,full_data
5,23,49,1,1,0,1,sushi_b,full_data
5,23,64,1,1,0,1,sushi_b,full_data
5,23,69,1,1,0,1,sushi_b,full_data
5,23,75,1,1,0,1,sushi_b,full_data
5,23,89,1,1,0,1,sushi_b,full_data
5,23,92,1,2,1,0.5,sushi_b,full_data
5,25,12,4,5,1,0.8,sushi_b,full_data
5,25,16,5,9,4,0.555555555555556,sushi_b,full_data
5,25,17,27,37,10,0.72972972972973,sushi_b,full_data
5,25,18,4,5,1,0.8,sushi_b,full_data
5,25,23,13,22,9,0.590909090909091,sushi_b,full_data
5,25,24,23,29,6,0.793103448275862,sushi_b,full_data
5,25,28,20,31,11,0.645161290322581,sushi_b,full_data
5,25,29,15,22,7,0.681818181818182,sushi_b,full_data
5,25,30,4,7,3,0.571428571428571,sushi_b,full_data
5,25,33,7,11,4,0.636363636363636,sushi_b,full_data
5,25,35,9,11,2,0.818181818181818,sushi_b,full_data
5,25,38,4,6,2,0.666666666666667,sushi_b,full_data
5,25,40,16,20,4,0.8,sushi_b,full_data
5,25,42,12,17,5,0.705882352941177,sushi_b,full_data
5,25,44,0,1,1,0,sushi_b,full_data
5,25,48,9,12,3,0.75,sushi_b,full_data
5,25,49,15,17,2,0.882352941176471,sushi_b,full_data
5,25,50,0,1,1,0,sushi_b,full_data
5,25,51,6,7,1,0.857142857142857,sushi_b,full_data
5,25,52,11,13,2,0.846153846153846,sushi_b,full_data
5,25,55,4,5,1,0.8,sushi_b,full_data
5,25,56,4,5,1,0.8,sushi_b,full_data
5,25,58,2,2,0,1,sushi_b,full_data
5,25,59,12,14,2,0.857142857142857,sushi_b,full_data
5,25,60,7,10,3,0.7,sushi_b,full_data
5,25,64,3,5,2,0.6,sushi_b,full_data
5,25,66,3,5,2,0.6,sushi_b,full_data
5,25,67,4,4,0,1,sushi_b,full_data
5,25,68,0,1,1,0,sushi_b,full_data
5,25,69,5,7,2,0.714285714285714,sushi_b,full_data
5,25,70,2,7,5,0.285714285714286,sushi_b,full_data
5,25,71,0,1,1,0,sushi_b,full_data
5,25,72,2,2,0,1,sushi_b,full_data
5,25,74,6,7,1,0.857142857142857,sushi_b,full_data
5,25,75,1,2,1,0.5,sushi_b,full_data
5,25,77,3,4,1,0.75,sushi_b,full_data
5,25,78,4,8,4,0.5,sushi_b,full_data
5,25,80,5,5,0,1,sushi_b,full_data
5,25,81,3,3,0,1,sushi_b,full_data
5,25,82,1,3,2,0.333333333333333,sushi_b,full_data
5,25,83,1,2,1,0.5,sushi_b,full_data
5,25,84,2,2,0,1,sushi_b,full_data
5,25,85,2,2,0,1,sushi_b,full_data
5,25,86,2,2,0,1,sushi_b,full_data
5,25,90,3,3,0,1,sushi_b,full_data
5,25,91,1,1,0,1,sushi_b,full_data
5,25,93,4,4,0,1,sushi_b,full_data
5,25,94,2,2,0,1,sushi_b,full_data
5,25,98,1,3,2,0.333333333333333,sushi_b,full_data
5,25,99,1,4,3,0.25,sushi_b,full_data
5,26,5,11,14,3,0.785714285714286,sushi_b,full_data
5,26,7,17,25,8,0.68,sushi_b,full_data
5,26,12,29,39,10,0.743589743589744,sushi_b,full_data
5,26,14,10,11,1,0.909090909090909,sushi_b,full_data
5,26,16,22,30,8,0.733333333333333,sushi_b,full_data
5,26,17,14,19,5,0.736842105263158,sushi_b,full_data
5,26,18,25,30,5,0.833333333333333,sushi_b,full_data
5,26,21,1,2,1,0.5,sushi_b,full_data
5,26,23,24,33,9,0.727272727272727,sushi_b,full_data
5,26,24,24,45,21,0.533333333333333,sushi_b,full_data
5,26,28,18,29,11,0.620689655172414,sushi_b,full_data
5,26,29,24,29,5,0.827586206896552,sushi_b,full_data
5,26,30,18,24,6,0.75,sushi_b,full_data
5,26,32,5,10,5,0.5,sushi_b,full_data
5,26,33,20,25,5,0.8,sushi_b,full_data
5,26,34,3,4,1,0.75,sushi_b,full_data
5,26,35,20,27,7,0.740740740740741,sushi_b,full_data
5,26,38,9,12,3,0.75,sushi_b,full_data
5,26,39,9,13,4,0.692307692307692,sushi_b,full_data
5,26,40,10,12,2,0.833333333333333,sushi_b,full_data
5,26,42,12,14,2,0.857142857142857,sushi_b,full_data
5,26,43,4,5,1,0.8,sushi_b,full_data
5,26,44,6,7,1,0.857142857142857,sushi_b,full_data
5,26,45,2,2,0,1,sushi_b,full_data
5,26,46,8,12,4,0.666666666666667,sushi_b,full_data
5,26,48,13,15,2,0.866666666666667,sushi_b,full_data
5,26,49,13,15,2,0.866666666666667,sushi_b,full_data
5,26,50,14,16,2,0.875,sushi_b,full_data
5,26,51,17,20,3,0.85,sushi_b,full_data
5,26,52,12,16,4,0.75,sushi_b,full_data
5,26,54,3,4,1,0.75,sushi_b,full_data
5,26,55,7,9,2,0.777777777777778,sushi_b,full_data
5,26,56,9,10,1,0.9,sushi_b,full_data
5,26,57,1,1,0,1,sushi_b,full_data
5,26,58,3,3,0,1,sushi_b,full_data
5,26,59,7,8,1,0.875,sushi_b,full_data
5,26,60,6,6,0,1,sushi_b,full_data
5,26,62,3,4,1,0.75,sushi_b,full_data
5,26,63,10,14,4,0.714285714285714,sushi_b,full_data
5,26,64,6,12,6,0.5,sushi_b,full_data
5,26,65,2,2,0,1,sushi_b,full_data
5,26,66,3,3,0,1,sushi_b,full_data
5,26,67,2,4,2,0.5,sushi_b,full_data
5,26,68,1,1,0,1,sushi_b,full_data
5,26,69,6,6,0,1,sushi_b,full_data
5,26,70,5,6,1,0.833333333333333,sushi_b,full_data
5,26,71,3,4,1,0.75,sushi_b,full_data
5,26,72,2,2,0,1,sushi_b,full_data
5,26,74,6,6,0,1,sushi_b,full_data
5,26,75,4,6,2,0.666666666666667,sushi_b,full_data
5,26,77,2,2,0,1,sushi_b,full_data
5,26,78,3,5,2,0.6,sushi_b,full_data
5,26,80,1,2,1,0.5,sushi_b,full_data
5,26,82,2,4,2,0.5,sushi_b,full_data
5,26,83,1,1,0,1,sushi_b,full_data
5,26,84,1,1,0,1,sushi_b,full_data
5,26,87,1,3,2,0.333333333333333,sushi_b,full_data
5,26,89,3,4,1,0.75,sushi_b,full_data
5,26,90,1,1,0,1,sushi_b,full_data
5,26,91,0,2,2,0,sushi_b,full_data
5,26,92,3,4,1,0.75,sushi_b,full_data
5,26,93,3,3,0,1,sushi_b,full_data
5,26,94,2,2,0,1,sushi_b,full_data
5,26,95,2,2,0,1,sushi_b,full_data
5,26,97,5,5,0,1,sushi_b,full_data
5,26,98,1,1,0,1,sushi_b,full_data
5,26,99,3,3,0,1,sushi_b,full_data
5,27,7,3,3,0,1,sushi_b,full_data
5,27,12,15,20,5,0.75,sushi_b,full_data
5,27,16,12,16,4,0.75,sushi_b,full_data
5,27,17,31,40,9,0.775,sushi_b,full_data
5,27,18,7,12,5,0.583333333333333,sushi_b,full_data
5,27,23,14,18,4,0.777777777777778,sushi_b,full_data
5,27,24,25,33,8,0.757575757575758,sushi_b,full_data
5,27,28,21,27,6,0.777777777777778,sushi_b,full_data
5,27,29,18,29,11,0.620689655172414,sushi_b,full_data
5,27,30,9,14,5,0.642857142857143,sushi_b,full_data
5,27,32,2,4,2,0.5,sushi_b,full_data
5,27,33,14,18,4,0.777777777777778,sushi_b,full_data
5,27,34,0,1,1,0,sushi_b,full_data
5,27,35,11,23,12,0.478260869565217,sushi_b,full_data
5,27,38,6,7,1,0.857142857142857,sushi_b,full_data
5,27,39,1,1,0,1,sushi_b,full_data
5,27,40,16,20,4,0.8,sushi_b,full_data
5,27,42,11,15,4,0.733333333333333,sushi_b,full_data
5,27,43,1,1,0,1,sushi_b,full_data
5,27,44,2,3,1,0.666666666666667,sushi_b,full_data
5,27,46,2,2,0,1,sushi_b,full_data
5,27,48,4,7,3,0.571428571428571,sushi_b,full_data
5,27,49,17,20,3,0.85,sushi_b,full_data
5,27,50,3,5,2,0.6,sushi_b,full_data
5,27,51,5,7,2,0.714285714285714,sushi_b,full_data
5,27,52,11,14,3,0.785714285714286,sushi_b,full_data
5,27,54,1,1,0,1,sushi_b,full_data
5,27,55,8,8,0,1,sushi_b,full_data
5,27,56,7,9,2,0.777777777777778,sushi_b,full_data
5,27,58,4,6,2,0.666666666666667,sushi_b,full_data
5,27,59,6,7,1,0.857142857142857,sushi_b,full_data
5,27,60,5,7,2,0.714285714285714,sushi_b,full_data
5,27,63,3,3,0,1,sushi_b,full_data
5,27,64,10,14,4,0.714285714285714,sushi_b,full_data
5,27,65,0,1,1,0,sushi_b,full_data
5,27,66,2,2,0,1,sushi_b,full_data
5,27,67,3,5,2,0.6,sushi_b,full_data
5,27,68,5,9,4,0.555555555555556,sushi_b,full_data
5,27,69,4,5,1,0.8,sushi_b,full_data
5,27,70,3,4,1,0.75,sushi_b,full_data
5,27,71,1,2,1,0.5,sushi_b,full_data
5,27,72,2,3,1,0.666666666666667,sushi_b,full_data
5,27,74,7,8,1,0.875,sushi_b,full_data
5,27,75,8,9,1,0.888888888888889,sushi_b,full_data
5,27,77,4,5,1,0.8,sushi_b,full_data
5,27,78,5,5,0,1,sushi_b,full_data
5,27,80,1,1,0,1,sushi_b,full_data
5,27,82,0,1,1,0,sushi_b,full_data
5,27,83,2,3,1,0.666666666666667,sushi_b,full_data
5,27,84,1,1,0,1,sushi_b,full_data
5,27,85,3,4,1,0.75,sushi_b,full_data
5,27,86,4,4,0,1,sushi_b,full_data
5,27,87,1,2,1,0.5,sushi_b,full_data
5,27,89,3,4,1,0.75,sushi_b,full_data
5,27,90,1,2,1,0.5,sushi_b,full_data
5,27,91,2,2,0,1,sushi_b,full_data
5,27,92,1,1,0,1,sushi_b,full_data
5,27,93,7,8,1,0.875,sushi_b,full_data
5,27,94,1,1,0,1,sushi_b,full_data
5,27,97,4,4,0,1,sushi_b,full_data
5,27,98,3,3,0,1,sushi_b,full_data
5,27,99,0,3,3,0,sushi_b,full_data
5,29,17,1,1,0,1,sushi_b,full_data
5,30,17,0,5,5,0,sushi_b,full_data
5,30,29,1,1,0,1,sushi_b,full_data
5,30,40,0,1,1,0,sushi_b,full_data
5,30,42,1,1,0,1,sushi_b,full_data
5,30,56,0,1,1,0,sushi_b,full_data
5,30,59,1,2,1,0.5,sushi_b,full_data
5,30,60,0,1,1,0,sushi_b,full_data
5,30,68,1,1,0,1,sushi_b,full_data
5,30,75,1,1,0,1,sushi_b,full_data
5,30,84,0,1,1,0,sushi_b,full_data
5,30,85,1,2,1,0.5,sushi_b,full_data
5,30,92,0,1,1,0,sushi_b,full_data
5,30,93,1,1,0,1,sushi_b,full_data
5,31,12,2,4,2,0.5,sushi_b,full_data
5,31,16,2,4,2,0.5,sushi_b,full_data
5,31,17,36,48,12,0.75,sushi_b,full_data
5,31,18,1,2,1,0.5,sushi_b,full_data
5,31,23,13,16,3,0.8125,sushi_b,full_data
5,31,24,17,23,6,0.739130434782609,sushi_b,full_data
5,31,28,16,20,4,0.8,sushi_b,full_data
5,31,29,6,12,6,0.5,sushi_b,full_data
5,31,30,5,6,1,0.833333333333333,sushi_b,full_data
5,31,33,5,5,0,1,sushi_b,full_data
5,31,35,7,8,1,0.875,sushi_b,full_data
5,31,38,2,3,1,0.666666666666667,sushi_b,full_data
5,31,39,0,1,1,0,sushi_b,full_data
5,31,40,14,18,4,0.777777777777778,sushi_b,full_data
5,31,42,13,16,3,0.8125,sushi_b,full_data
5,31,48,5,7,2,0.714285714285714,sushi_b,full_data
5,31,49,4,5,1,0.8,sushi_b,full_data
5,31,50,2,3,1,0.666666666666667,sushi_b,full_data
5,31,51,5,7,2,0.714285714285714,sushi_b,full_data
5,31,52,6,7,1,0.857142857142857,sushi_b,full_data
5,31,55,1,2,1,0.5,sushi_b,full_data
5,31,56,6,9,3,0.666666666666667,sushi_b,full_data
5,31,58,3,5,2,0.6,sushi_b,full_data
5,31,59,5,7,2,0.714285714285714,sushi_b,full_data
5,31,60,10,11,1,0.909090909090909,sushi_b,full_data
5,31,63,1,1,0,1,sushi_b,full_data
5,31,64,2,2,0,1,sushi_b,full_data
5,31,66,0,1,1,0,sushi_b,full_data
5,31,67,1,1,0,1,sushi_b,full_data
5,31,68,2,3,1,0.666666666666667,sushi_b,full_data
5,31,69,2,3,1,0.666666666666667,sushi_b,full_data
5,31,70,0,2,2,0,sushi_b,full_data
5,31,72,2,2,0,1,sushi_b,full_data
5,31,74,2,4,2,0.5,sushi_b,full_data
5,31,75,3,3,0,1,sushi_b,full_data
5,31,77,2,3,1,0.666666666666667,sushi_b,full_data
5,31,78,4,4,0,1,sushi_b,full_data
5,31,80,2,2,0,1,sushi_b,full_data
5,31,81,2,2,0,1,sushi_b,full_data
5,31,82,1,2,1,0.5,sushi_b,full_data
5,31,83,0,1,1,0,sushi_b,full_data
5,31,84,1,1,0,1,sushi_b,full_data
5,31,85,3,3,0,1,sushi_b,full_data
5,31,86,0,1,1,0,sushi_b,full_data
5,31,89,3,4,1,0.75,sushi_b,full_data
5,31,90,4,5,1,0.8,sushi_b,full_data
5,31,91,2,4,2,0.5,sushi_b,full_data
5,31,92,1,2,1,0.5,sushi_b,full_data
5,31,93,1,1,0,1,sushi_b,full_data
5,31,97,0,2,2,0,sushi_b,full_data
5,31,98,1,1,0,1,sushi_b,full_data
5,31,99,1,2,1,0.5,sushi_b,full_data
5,32,17,4,10,6,0.4,sushi_b,full_data
5,32,23,1,2,1,0.5,sushi_b,full_data
5,32,24,4,4,0,1,sushi_b,full_data
5,32,28,2,3,1,0.666666666666667,sushi_b,full_data
5,32,29,3,3,0,1,sushi_b,full_data
5,32,40,7,8,1,0.875,sushi_b,full_data
5,32,42,2,2,0,1,sushi_b,full_data
5,32,49,1,1,0,1,sushi_b,full_data
5,32,52,1,1,0,1,sushi_b,full_data
5,32,59,2,4,2,0.5,sushi_b,full_data
5,32,60,2,2,0,1,sushi_b,full_data
5,32,69,1,2,1,0.5,sushi_b,full_data
5,32,74,2,2,0,1,sushi_b,full_data
5,32,78,2,2,0,1,sushi_b,full_data
5,32,81,1,1,0,1,sushi_b,full_data
5,32,85,0,1,1,0,sushi_b,full_data
5,32,89,2,3,1,0.666666666666667,sushi_b,full_data
5,32,90,1,1,0,1,sushi_b,full_data
5,32,94,2,3,1,0.666666666666667,sushi_b,full_data
5,32,97,1,1,0,1,sushi_b,full_data
5,32,98,1,2,1,0.5,sushi_b,full_data
5,33,17,3,4,1,0.75,sushi_b,full_data
5,33,81,1,1,0,1,sushi_b,full_data
5,33,89,1,1,0,1,sushi_b,full_data
5,34,12,1,1,0,1,sushi_b,full_data
5,34,16,1,2,1,0.5,sushi_b,full_data
5,34,17,15,24,9,0.625,sushi_b,full_data
5,34,23,4,5,1,0.8,sushi_b,full_data
5,34,24,6,10,4,0.6,sushi_b,full_data
5,34,28,8,13,5,0.615384615384615,sushi_b,full_data
5,34,29,7,9,2,0.777777777777778,sushi_b,full_data
5,34,33,3,4,1,0.75,sushi_b,full_data
5,34,35,5,8,3,0.625,sushi_b,full_data
5,34,38,1,1,0,1,sushi_b,full_data
5,34,40,6,7,1,0.857142857142857,sushi_b,full_data
5,34,42,10,10,0,1,sushi_b,full_data
5,34,48,0,1,1,0,sushi_b,full_data
5,34,49,3,3,0,1,sushi_b,full_data
5,34,51,1,1,0,1,sushi_b,full_data
5,34,52,1,3,2,0.333333333333333,sushi_b,full_data
5,34,55,1,1,0,1,sushi_b,full_data
5,34,56,6,6,0,1,sushi_b,full_data
5,34,58,0,2,2,0,sushi_b,full_data
5,34,59,4,6,2,0.666666666666667,sushi_b,full_data
5,34,60,7,9,2,0.777777777777778,sushi_b,full_data
5,34,64,2,2,0,1,sushi_b,full_data
5,34,66,1,1,0,1,sushi_b,full_data
5,34,67,0,2,2,0,sushi_b,full_data
5,34,68,4,5,1,0.8,sushi_b,full_data
5,34,69,3,4,1,0.75,sushi_b,full_data
5,34,74,3,4,1,0.75,sushi_b,full_data
5,34,75,3,4,1,0.75,sushi_b,full_data
5,34,78,1,2,1,0.5,sushi_b,full_data
5,34,81,2,2,0,1,sushi_b,full_data
5,34,85,1,1,0,1,sushi_b,full_data
5,34,89,0,1,1,0,sushi_b,full_data
5,34,92,2,3,1,0.666666666666667,sushi_b,full_data
5,34,93,0,1,1,0,sushi_b,full_data
5,34,94,3,3,0,1,sushi_b,full_data
5,34,97,2,2,0,1,sushi_b,full_data
5,34,98,0,1,1,0,sushi_b,full_data
5,34,99,1,2,1,0.5,sushi_b,full_data
5,35,42,1,1,0,1,sushi_b,full_data
5,35,93,1,1,0,1,sushi_b,full_data
5,36,7,1,1,0,1,sushi_b,full_data
5,36,12,4,10,6,0.4,sushi_b,full_data
5,36,16,8,12,4,0.666666666666667,sushi_b,full_data
5,36,17,15,22,7,0.681818181818182,sushi_b,full_data
5,36,18,0,1,1,0,sushi_b,full_data
5,36,23,11,16,5,0.6875,sushi_b,full_data
5,36,24,11,20,9,0.55,sushi_b,full_data
5,36,28,12,19,7,0.631578947368421,sushi_b,full_data
5,36,29,11,18,7,0.611111111111111,sushi_b,full_data
5,36,30,6,11,5,0.545454545454545,sushi_b,full_data
5,36,32,1,1,0,1,sushi_b,full_data
5,36,33,14,16,2,0.875,sushi_b,full_data
5,36,35,9,13,4,0.692307692307692,sushi_b,full_data
5,36,38,2,5,3,0.4,sushi_b,full_data
5,36,39,1,2,1,0.5,sushi_b,full_data
5,36,40,11,14,3,0.785714285714286,sushi_b,full_data
5,36,42,6,6,0,1,sushi_b,full_data
5,36,44,1,1,0,1,sushi_b,full_data
5,36,48,5,8,3,0.625,sushi_b,full_data
5,36,49,3,4,1,0.75,sushi_b,full_data
5,36,50,5,5,0,1,sushi_b,full_data
5,36,51,6,9,3,0.666666666666667,sushi_b,full_data
5,36,52,4,6,2,0.666666666666667,sushi_b,full_data
5,36,55,5,5,0,1,sushi_b,full_data
5,36,56,1,4,3,0.25,sushi_b,full_data
5,36,58,3,4,1,0.75,sushi_b,full_data
5,36,59,5,6,1,0.833333333333333,sushi_b,full_data
5,36,60,6,7,1,0.857142857142857,sushi_b,full_data
5,36,64,5,7,2,0.714285714285714,sushi_b,full_data
5,36,66,2,4,2,0.5,sushi_b,full_data
5,36,67,4,4,0,1,sushi_b,full_data
5,36,68,3,4,1,0.75,sushi_b,full_data
5,36,69,1,1,0,1,sushi_b,full_data
5,36,70,0,2,2,0,sushi_b,full_data
5,36,71,1,2,1,0.5,sushi_b,full_data
5,36,72,1,1,0,1,sushi_b,full_data
5,36,74,5,6,1,0.833333333333333,sushi_b,full_data
5,36,75,2,2,0,1,sushi_b,full_data
5,36,77,2,3,1,0.666666666666667,sushi_b,full_data
5,36,78,7,7,0,1,sushi_b,full_data
5,36,80,1,2,1,0.5,sushi_b,full_data
5,36,81,2,3,1,0.666666666666667,sushi_b,full_data
5,36,84,1,1,0,1,sushi_b,full_data
5,36,85,0,1,1,0,sushi_b,full_data
5,36,86,2,2,0,1,sushi_b,full_data
5,36,87,1,1,0,1,sushi_b,full_data
5,36,89,1,1,0,1,sushi_b,full_data
5,36,90,3,3,0,1,sushi_b,full_data
5,36,92,0,1,1,0,sushi_b,full_data
5,36,93,1,1,0,1,sushi_b,full_data
5,36,94,1,1,0,1,sushi_b,full_data
5,36,97,3,3,0,1,sushi_b,full_data
5,36,98,4,4,0,1,sushi_b,full_data
5,36,99,1,2,1,0.5,sushi_b,full_data
5,37,0,6,8,2,0.75,sushi_b,full_data
5,37,1,6,9,3,0.666666666666667,sushi_b,full_data
5,37,3,20,30,10,0.666666666666667,sushi_b,full_data
5,37,4,11,16,5,0.6875,sushi_b,full_data
5,37,5,38,48,10,0.791666666666667,sushi_b,full_data
5,37,6,0,2,2,0,sushi_b,full_data
5,37,7,19,25,6,0.76,sushi_b,full_data
5,37,10,14,22,8,0.636363636363636,sushi_b,full_data
5,37,11,0,2,2,0,sushi_b,full_data
5,37,12,19,22,3,0.863636363636364,sushi_b,full_data
5,37,13,1,1,0,1,sushi_b,full_data
5,37,14,15,29,14,0.517241379310345,sushi_b,full_data
5,37,16,9,14,5,0.642857142857143,sushi_b,full_data
5,37,18,15,16,1,0.9375,sushi_b,full_data
5,37,20,2,3,1,0.666666666666667,sushi_b,full_data
5,37,21,18,28,10,0.642857142857143,sushi_b,full_data
5,37,22,5,7,2,0.714285714285714,sushi_b,full_data
5,37,23,4,4,0,1,sushi_b,full_data
5,37,24,2,2,0,1,sushi_b,full_data
5,37,25,18,30,12,0.6,sushi_b,full_data
5,37,26,6,8,2,0.75,sushi_b,full_data
5,37,27,14,24,10,0.583333333333333,sushi_b,full_data
5,37,29,4,4,0,1,sushi_b,full_data
5,37,30,10,11,1,0.909090909090909,sushi_b,full_data
5,37,31,9,16,7,0.5625,sushi_b,full_data
5,37,32,10,21,11,0.476190476190476,sushi_b,full_data
5,37,34,10,20,10,0.5,sushi_b,full_data
5,37,35,2,4,2,0.5,sushi_b,full_data
5,37,36,6,8,2,0.75,sushi_b,full_data
5,37,38,6,10,4,0.6,sushi_b,full_data
5,37,39,6,9,3,0.666666666666667,sushi_b,full_data
5,37,43,8,9,1,0.888888888888889,sushi_b,full_data
5,37,44,6,6,0,1,sushi_b,full_data
5,37,45,8,9,1,0.888888888888889,sushi_b,full_data
5,37,46,7,11,4,0.636363636363636,sushi_b,full_data
5,37,48,0,2,2,0,sushi_b,full_data
5,37,50,3,3,0,1,sushi_b,full_data
5,37,51,1,3,2,0.333333333333333,sushi_b,full_data
5,37,54,4,5,1,0.8,sushi_b,full_data
5,37,57,4,4,0,1,sushi_b,full_data
5,37,58,2,2,0,1,sushi_b,full_data
5,37,62,1,1,0,1,sushi_b,full_data
5,37,63,5,5,0,1,sushi_b,full_data
5,37,65,5,6,1,0.833333333333333,sushi_b,full_data
5,37,70,1,1,0,1,sushi_b,full_data
5,37,71,1,1,0,1,sushi_b,full_data
5,37,72,3,3,0,1,sushi_b,full_data
5,37,73,0,2,2,0,sushi_b,full_data
5,37,76,0,1,1,0,sushi_b,full_data
5,37,77,1,1,0,1,sushi_b,full_data
5,37,80,1,1,0,1,sushi_b,full_data
5,37,88,1,1,0,1,sushi_b,full_data
5,37,95,0,1,1,0,sushi_b,full_data
5,37,96,1,1,0,1,sushi_b,full_data
5,38,17,5,7,2,0.714285714285714,sushi_b,full_data
5,38,28,1,1,0,1,sushi_b,full_data
5,38,40,0,2,2,0,sushi_b,full_data
5,38,42,1,1,0,1,sushi_b,full_data
5,38,49,1,1,0,1,sushi_b,full_data
5,38,52,0,1,1,0,sushi_b,full_data
5,38,59,1,1,0,1,sushi_b,full_data
5,38,60,1,1,0,1,sushi_b,full_data
5,38,64,0,1,1,0,sushi_b,full_data
5,38,68,1,1,0,1,sushi_b,full_data
5,38,69,3,3,0,1,sushi_b,full_data
5,38,74,1,1,0,1,sushi_b,full_data
5,38,77,1,1,0,1,sushi_b,full_data
5,38,78,2,3,1,0.666666666666667,sushi_b,full_data
5,38,80,1,1,0,1,sushi_b,full_data
5,38,90,0,1,1,0,sushi_b,full_data
5,38,99,0,1,1,0,sushi_b,full_data
5,39,17,6,16,10,0.375,sushi_b,full_data
5,39,23,2,2,0,1,sushi_b,full_data
5,39,24,1,2,1,0.5,sushi_b,full_data
5,39,28,2,5,3,0.4,sushi_b,full_data
5,39,29,3,3,0,1,sushi_b,full_data
5,39,33,0,1,1,0,sushi_b,full_data
5,39,35,0,1,1,0,sushi_b,full_data
5,39,40,4,5,1,0.8,sushi_b,full_data
5,39,42,4,8,4,0.5,sushi_b,full_data
5,39,49,1,1,0,1,sushi_b,full_data
5,39,52,1,1,0,1,sushi_b,full_data
5,39,56,4,4,0,1,sushi_b,full_data
5,39,58,0,1,1,0,sushi_b,full_data
5,39,59,4,6,2,0.666666666666667,sushi_b,full_data
5,39,60,4,4,0,1,sushi_b,full_data
5,39,64,2,2,0,1,sushi_b,full_data
5,39,68,1,1,0,1,sushi_b,full_data
5,39,72,1,2,1,0.5,sushi_b,full_data
5,39,75,1,1,0,1,sushi_b,full_data
5,39,77,2,3,1,0.666666666666667,sushi_b,full_data
5,39,78,1,3,2,0.333333333333333,sushi_b,full_data
5,39,80,2,2,0,1,sushi_b,full_data
5,39,84,0,1,1,0,sushi_b,full_data
5,39,85,0,2,2,0,sushi_b,full_data
5,39,86,0,1,1,0,sushi_b,full_data
5,39,89,2,2,0,1,sushi_b,full_data
5,39,90,1,1,0,1,sushi_b,full_data
5,39,92,1,2,1,0.5,sushi_b,full_data
5,39,93,0,1,1,0,sushi_b,full_data
5,39,94,1,1,0,1,sushi_b,full_data
5,39,97,3,4,1,0.75,sushi_b,full_data
5,41,3,0,1,1,0,sushi_b,full_data
5,41,5,3,5,2,0.6,sushi_b,full_data
5,41,7,12,16,4,0.75,sushi_b,full_data
5,41,12,18,23,5,0.782608695652174,sushi_b,full_data
5,41,14,12,16,4,0.75,sushi_b,full_data
5,41,16,15,22,7,0.681818181818182,sushi_b,full_data
5,41,17,14,14,0,1,sushi_b,full_data
5,41,18,7,15,8,0.466666666666667,sushi_b,full_data
5,41,21,1,3,2,0.333333333333333,sushi_b,full_data
5,41,23,13,16,3,0.8125,sushi_b,full_data
5,41,24,14,18,4,0.777777777777778,sushi_b,full_data
5,41,25,3,4,1,0.75,sushi_b,full_data
5,41,27,0,1,1,0,sushi_b,full_data
5,41,28,12,18,6,0.666666666666667,sushi_b,full_data
5,41,29,13,20,7,0.65,sushi_b,full_data
5,41,30,8,10,2,0.8,sushi_b,full_data
5,41,31,2,3,1,0.666666666666667,sushi_b,full_data
5,41,32,9,14,5,0.642857142857143,sushi_b,full_data
5,41,33,9,10,1,0.9,sushi_b,full_data
5,41,34,3,4,1,0.75,sushi_b,full_data
5,41,35,8,9,1,0.888888888888889,sushi_b,full_data
5,41,36,1,2,1,0.5,sushi_b,full_data
5,41,38,9,11,2,0.818181818181818,sushi_b,full_data
5,41,39,10,14,4,0.714285714285714,sushi_b,full_data
5,41,40,2,4,2,0.5,sushi_b,full_data
5,41,42,7,7,0,1,sushi_b,full_data
5,41,43,3,7,4,0.428571428571429,sushi_b,full_data
5,41,44,5,7,2,0.714285714285714,sushi_b,full_data
5,41,45,1,1,0,1,sushi_b,full_data
5,41,46,3,5,2,0.6,sushi_b,full_data
5,41,48,6,9,3,0.666666666666667,sushi_b,full_data
5,41,49,2,2,0,1,sushi_b,full_data
5,41,50,4,5,1,0.8,sushi_b,full_data
5,41,51,8,11,3,0.727272727272727,sushi_b,full_data
5,41,52,3,5,2,0.6,sushi_b,full_data
5,41,54,2,5,3,0.4,sushi_b,full_data
5,41,55,2,4,2,0.5,sushi_b,full_data
5,41,56,5,5,0,1,sushi_b,full_data
5,41,58,1,6,5,0.166666666666667,sushi_b,full_data
5,41,59,1,2,1,0.5,sushi_b,full_data
5,41,60,0,1,1,0,sushi_b,full_data
5,41,62,1,2,1,0.5,sushi_b,full_data
5,41,63,7,8,1,0.875,sushi_b,full_data
5,41,64,1,2,1,0.5,sushi_b,full_data
5,41,65,1,1,0,1,sushi_b,full_data
5,41,66,4,6,2,0.666666666666667,sushi_b,full_data
5,41,67,1,3,2,0.333333333333333,sushi_b,full_data
5,41,68,2,2,0,1,sushi_b,full_data
5,41,69,4,4,0,1,sushi_b,full_data
5,41,70,3,3,0,1,sushi_b,full_data
5,41,71,4,5,1,0.8,sushi_b,full_data
5,41,72,7,8,1,0.875,sushi_b,full_data
5,41,74,2,3,1,0.666666666666667,sushi_b,full_data
5,41,75,4,4,0,1,sushi_b,full_data
5,41,77,1,2,1,0.5,sushi_b,full_data
5,41,78,1,2,1,0.5,sushi_b,full_data
5,41,80,1,1,0,1,sushi_b,full_data
5,41,81,2,2,0,1,sushi_b,full_data
5,41,82,1,2,1,0.5,sushi_b,full_data
5,41,83,2,2,0,1,sushi_b,full_data
5,41,84,3,3,0,1,sushi_b,full_data
5,41,86,2,2,0,1,sushi_b,full_data
5,41,87,3,5,2,0.6,sushi_b,full_data
5,41,90,2,2,0,1,sushi_b,full_data
5,41,91,2,2,0,1,sushi_b,full_data
5,41,93,1,1,0,1,sushi_b,full_data
5,41,95,0,1,1,0,sushi_b,full_data
5,41,98,1,1,0,1,sushi_b,full_data
5,41,99,1,1,0,1,sushi_b,full_data
5,43,17,8,16,8,0.5,sushi_b,full_data
5,43,23,3,3,0,1,sushi_b,full_data
5,43,24,4,7,3,0.571428571428571,sushi_b,full_data
5,43,28,2,4,2,0.5,sushi_b,full_data
5,43,29,1,2,1,0.5,sushi_b,full_data
5,43,30,0,1,1,0,sushi_b,full_data
5,43,33,1,1,0,1,sushi_b,full_data
5,43,40,3,5,2,0.6,sushi_b,full_data
5,43,42,1,2,1,0.5,sushi_b,full_data
5,43,48,0,1,1,0,sushi_b,full_data
5,43,49,4,6,2,0.666666666666667,sushi_b,full_data
5,43,51,1,1,0,1,sushi_b,full_data
5,43,52,2,3,1,0.666666666666667,sushi_b,full_data
5,43,56,1,1,0,1,sushi_b,full_data
5,43,59,1,2,1,0.5,sushi_b,full_data
5,43,60,5,5,0,1,sushi_b,full_data
5,43,64,1,2,1,0.5,sushi_b,full_data
5,43,66,1,1,0,1,sushi_b,full_data
5,43,67,0,1,1,0,sushi_b,full_data
5,43,69,1,1,0,1,sushi_b,full_data
5,43,74,1,1,0,1,sushi_b,full_data
5,43,75,0,2,2,0,sushi_b,full_data
5,43,77,0,1,1,0,sushi_b,full_data
5,43,78,1,1,0,1,sushi_b,full_data
5,43,80,1,1,0,1,sushi_b,full_data
5,43,81,1,1,0,1,sushi_b,full_data
5,43,84,1,1,0,1,sushi_b,full_data
5,43,85,4,5,1,0.8,sushi_b,full_data
5,43,86,1,1,0,1,sushi_b,full_data
5,43,97,2,2,0,1,sushi_b,full_data
5,43,99,1,1,0,1,sushi_b,full_data
5,44,17,3,7,4,0.428571428571429,sushi_b,full_data
5,44,24,0,1,1,0,sushi_b,full_data
5,44,28,0,1,1,0,sushi_b,full_data
5,44,29,1,2,1,0.5,sushi_b,full_data
5,44,33,1,1,0,1,sushi_b,full_data
5,44,35,1,1,0,1,sushi_b,full_data
5,44,40,2,4,2,0.5,sushi_b,full_data
5,44,42,4,5,1,0.8,sushi_b,full_data
5,44,48,1,1,0,1,sushi_b,full_data
5,44,49,1,1,0,1,sushi_b,full_data
5,44,51,1,1,0,1,sushi_b,full_data
5,44,52,1,2,1,0.5,sushi_b,full_data
5,44,56,1,1,0,1,sushi_b,full_data
5,44,58,0,1,1,0,sushi_b,full_data
5,44,59,1,1,0,1,sushi_b,full_data
5,44,67,0,1,1,0,sushi_b,full_data
5,44,68,0,1,1,0,sushi_b,full_data
5,44,69,1,1,0,1,sushi_b,full_data
5,44,70,1,1,0,1,sushi_b,full_data
5,44,74,1,3,2,0.333333333333333,sushi_b,full_data
5,44,75,1,1,0,1,sushi_b,full_data
5,44,78,0,2,2,0,sushi_b,full_data
5,44,81,1,1,0,1,sushi_b,full_data
5,44,85,1,1,0,1,sushi_b,full_data
5,44,89,0,2,2,0,sushi_b,full_data
5,44,90,1,1,0,1,sushi_b,full_data
5,44,92,1,1,0,1,sushi_b,full_data
5,44,93,1,2,1,0.5,sushi_b,full_data
5,44,97,4,5,1,0.8,sushi_b,full_data
5,45,16,0,1,1,0,sushi_b,full_data
5,45,17,5,13,8,0.384615384615385,sushi_b,full_data
5,45,18,0,1,1,0,sushi_b,full_data
5,45,23,1,2,1,0.5,sushi_b,full_data
5,45,24,4,8,4,0.5,sushi_b,full_data
5,45,28,5,9,4,0.555555555555556,sushi_b,full_data
5,45,29,6,6,0,1,sushi_b,full_data
5,45,33,0,2,2,0,sushi_b,full_data
5,45,35,4,5,1,0.8,sushi_b,full_data
5,45,40,7,9,2,0.777777777777778,sushi_b,full_data
5,45,42,1,2,1,0.5,sushi_b,full_data
5,45,48,1,1,0,1,sushi_b,full_data
5,45,49,2,5,3,0.4,sushi_b,full_data
5,45,50,0,1,1,0,sushi_b,full_data
5,45,51,1,2,1,0.5,sushi_b,full_data
5,45,52,2,3,1,0.666666666666667,sushi_b,full_data
5,45,55,2,2,0,1,sushi_b,full_data
5,45,56,4,4,0,1,sushi_b,full_data
5,45,58,0,1,1,0,sushi_b,full_data
5,45,59,2,2,0,1,sushi_b,full_data
5,45,60,2,3,1,0.666666666666667,sushi_b,full_data
5,45,64,4,6,2,0.666666666666667,sushi_b,full_data
5,45,66,0,1,1,0,sushi_b,full_data
5,45,67,0,1,1,0,sushi_b,full_data
5,45,68,1,2,1,0.5,sushi_b,full_data
5,45,69,1,1,0,1,sushi_b,full_data
5,45,74,1,2,1,0.5,sushi_b,full_data
5,45,75,2,2,0,1,sushi_b,full_data
5,45,77,2,2,0,1,sushi_b,full_data
5,45,78,3,3,0,1,sushi_b,full_data
5,45,81,2,2,0,1,sushi_b,full_data
5,45,84,2,2,0,1,sushi_b,full_data
5,45,85,1,2,1,0.5,sushi_b,full_data
5,45,89,3,3,0,1,sushi_b,full_data
5,45,92,2,3,1,0.666666666666667,sushi_b,full_data
5,45,94,1,1,0,1,sushi_b,full_data
5,45,97,3,4,1,0.75,sushi_b,full_data
5,46,16,1,1,0,1,sushi_b,full_data
5,46,17,9,13,4,0.692307692307692,sushi_b,full_data
5,46,23,1,1,0,1,sushi_b,full_data
5,46,24,1,1,0,1,sushi_b,full_data
5,46,28,2,4,2,0.5,sushi_b,full_data
5,46,29,1,2,1,0.5,sushi_b,full_data
5,46,35,0,2,2,0,sushi_b,full_data
5,46,40,2,2,0,1,sushi_b,full_data
5,46,42,3,4,1,0.75,sushi_b,full_data
5,46,49,1,1,0,1,sushi_b,full_data
5,46,55,0,1,1,0,sushi_b,full_data
5,46,69,0,1,1,0,sushi_b,full_data
5,46,70,2,2,0,1,sushi_b,full_data
5,46,72,0,1,1,0,sushi_b,full_data
5,46,74,2,2,0,1,sushi_b,full_data
5,46,75,2,3,1,0.666666666666667,sushi_b,full_data
5,46,77,1,1,0,1,sushi_b,full_data
5,46,78,2,2,0,1,sushi_b,full_data
5,46,83,2,2,0,1,sushi_b,full_data
5,46,85,1,2,1,0.5,sushi_b,full_data
5,46,89,2,2,0,1,sushi_b,full_data
5,46,92,1,1,0,1,sushi_b,full_data
5,46,93,1,1,0,1,sushi_b,full_data
5,46,94,0,1,1,0,sushi_b,full_data
5,46,97,1,1,0,1,sushi_b,full_data
5,47,0,1,1,0,1,sushi_b,full_data
5,47,3,9,15,6,0.6,sushi_b,full_data
5,47,4,3,4,1,0.75,sushi_b,full_data
5,47,5,19,27,8,0.703703703703704,sushi_b,full_data
5,47,7,12,22,10,0.545454545454545,sushi_b,full_data
5,47,10,5,8,3,0.625,sushi_b,full_data
5,47,12,18,23,5,0.782608695652174,sushi_b,full_data
5,47,14,13,18,5,0.722222222222222,sushi_b,full_data
5,47,16,14,19,5,0.736842105263158,sushi_b,full_data
5,47,18,13,24,11,0.541666666666667,sushi_b,full_data
5,47,21,6,8,2,0.75,sushi_b,full_data
5,47,22,4,7,3,0.571428571428571,sushi_b,full_data
5,47,23,7,11,4,0.636363636363636,sushi_b,full_data
5,47,24,4,4,0,1,sushi_b,full_data
5,47,25,10,14,4,0.714285714285714,sushi_b,full_data
5,47,26,2,3,1,0.666666666666667,sushi_b,full_data
5,47,27,5,7,2,0.714285714285714,sushi_b,full_data
5,47,28,0,1,1,0,sushi_b,full_data
5,47,29,3,3,0,1,sushi_b,full_data
5,47,30,6,6,0,1,sushi_b,full_data
5,47,31,6,13,7,0.461538461538462,sushi_b,full_data
5,47,32,6,10,4,0.6,sushi_b,full_data
5,47,33,3,5,2,0.6,sushi_b,full_data
5,47,34,5,11,6,0.454545454545455,sushi_b,full_data
5,47,35,1,1,0,1,sushi_b,full_data
5,47,36,3,5,2,0.6,sushi_b,full_data
5,47,38,8,11,3,0.727272727272727,sushi_b,full_data
5,47,39,6,6,0,1,sushi_b,full_data
5,47,43,5,7,2,0.714285714285714,sushi_b,full_data
5,47,44,4,4,0,1,sushi_b,full_data
5,47,45,4,4,0,1,sushi_b,full_data
5,47,46,2,7,5,0.285714285714286,sushi_b,full_data
5,47,48,2,4,2,0.5,sushi_b,full_data
5,47,50,7,8,1,0.875,sushi_b,full_data
5,47,51,2,2,0,1,sushi_b,full_data
5,47,54,3,5,2,0.6,sushi_b,full_data
5,47,55,1,1,0,1,sushi_b,full_data
5,47,57,3,3,0,1,sushi_b,full_data
5,47,58,1,1,0,1,sushi_b,full_data
5,47,62,0,1,1,0,sushi_b,full_data
5,47,63,2,2,0,1,sushi_b,full_data
5,47,64,1,1,0,1,sushi_b,full_data
5,47,65,4,5,1,0.8,sushi_b,full_data
5,47,66,1,1,0,1,sushi_b,full_data
5,47,71,3,4,1,0.75,sushi_b,full_data
5,47,72,2,2,0,1,sushi_b,full_data
5,47,73,3,4,1,0.75,sushi_b,full_data
5,47,75,2,2,0,1,sushi_b,full_data
5,47,76,0,1,1,0,sushi_b,full_data
5,47,77,1,1,0,1,sushi_b,full_data
5,47,82,2,2,0,1,sushi_b,full_data
5,47,87,1,1,0,1,sushi_b,full_data
5,47,88,1,2,1,0.5,sushi_b,full_data
5,47,91,1,1,0,1,sushi_b,full_data
5,47,95,1,2,1,0.5,sushi_b,full_data
5,47,96,1,1,0,1,sushi_b,full_data
5,48,17,0,1,1,0,sushi_b,full_data
5,48,85,1,1,0,1,sushi_b,full_data
5,50,17,1,1,0,1,sushi_b,full_data
5,50,28,2,2,0,1,sushi_b,full_data
5,50,40,1,1,0,1,sushi_b,full_data
5,50,42,2,3,1,0.666666666666667,sushi_b,full_data
5,50,49,1,1,0,1,sushi_b,full_data
5,50,56,2,2,0,1,sushi_b,full_data
5,50,59,1,2,1,0.5,sushi_b,full_data
5,50,60,0,2,2,0,sushi_b,full_data
5,50,64,1,1,0,1,sushi_b,full_data
5,50,69,1,1,0,1,sushi_b,full_data
5,50,85,1,1,0,1,sushi_b,full_data
5,50,89,1,1,0,1,sushi_b,full_data
5,50,90,1,1,0,1,sushi_b,full_data
5,50,97,1,1,0,1,sushi_b,full_data
5,51,17,2,2,0,1,sushi_b,full_data
5,51,40,0,1,1,0,sushi_b,full_data
5,51,59,1,1,0,1,sushi_b,full_data
5,51,60,1,1,0,1,sushi_b,full_data
5,51,69,0,1,1,0,sushi_b,full_data
5,53,0,0,1,1,0,sushi_b,full_data
5,53,3,4,4,0,1,sushi_b,full_data
5,53,4,2,3,1,0.666666666666667,sushi_b,full_data
5,53,5,14,17,3,0.823529411764706,sushi_b,full_data
5,53,7,10,17,7,0.588235294117647,sushi_b,full_data
5,53,10,4,5,1,0.8,sushi_b,full_data
5,53,12,13,25,12,0.52,sushi_b,full_data
5,53,14,10,13,3,0.769230769230769,sushi_b,full_data
5,53,16,5,9,4,0.555555555555556,sushi_b,full_data
5,53,18,13,16,3,0.8125,sushi_b,full_data
5,53,21,7,11,4,0.636363636363636,sushi_b,full_data
5,53,22,0,1,1,0,sushi_b,full_data
5,53,23,2,3,1,0.666666666666667,sushi_b,full_data
5,53,24,5,5,0,1,sushi_b,full_data
5,53,25,7,8,1,0.875,sushi_b,full_data
5,53,26,0,1,1,0,sushi_b,full_data
5,53,27,3,5,2,0.6,sushi_b,full_data
5,53,28,4,4,0,1,sushi_b,full_data
5,53,29,2,2,0,1,sushi_b,full_data
5,53,30,8,11,3,0.727272727272727,sushi_b,full_data
5,53,31,6,7,1,0.857142857142857,sushi_b,full_data
5,53,32,7,9,2,0.777777777777778,sushi_b,full_data
5,53,33,3,4,1,0.75,sushi_b,full_data
5,53,34,4,8,4,0.5,sushi_b,full_data
5,53,35,1,3,2,0.333333333333333,sushi_b,full_data
5,53,36,1,1,0,1,sushi_b,full_data
5,53,38,4,6,2,0.666666666666667,sushi_b,full_data
5,53,39,8,11,3,0.727272727272727,sushi_b,full_data
5,53,42,1,2,1,0.5,sushi_b,full_data
5,53,43,4,4,0,1,sushi_b,full_data
5,53,44,4,4,0,1,sushi_b,full_data
5,53,46,2,2,0,1,sushi_b,full_data
5,53,48,0,1,1,0,sushi_b,full_data
5,53,49,2,2,0,1,sushi_b,full_data
5,53,50,6,10,4,0.6,sushi_b,full_data
5,53,51,1,1,0,1,sushi_b,full_data
5,53,52,1,1,0,1,sushi_b,full_data
5,53,54,5,6,1,0.833333333333333,sushi_b,full_data
5,53,55,1,1,0,1,sushi_b,full_data
5,53,57,1,1,0,1,sushi_b,full_data
5,53,58,1,1,0,1,sushi_b,full_data
5,53,59,1,1,0,1,sushi_b,full_data
5,53,62,5,7,2,0.714285714285714,sushi_b,full_data
5,53,63,2,3,1,0.666666666666667,sushi_b,full_data
5,53,64,1,1,0,1,sushi_b,full_data
5,53,65,4,4,0,1,sushi_b,full_data
5,53,66,3,3,0,1,sushi_b,full_data
5,53,67,1,1,0,1,sushi_b,full_data
5,53,68,1,1,0,1,sushi_b,full_data
5,53,71,2,2,0,1,sushi_b,full_data
5,53,72,1,1,0,1,sushi_b,full_data
5,53,73,1,1,0,1,sushi_b,full_data
5,53,76,1,1,0,1,sushi_b,full_data
5,53,82,2,2,0,1,sushi_b,full_data
5,53,88,1,3,2,0.333333333333333,sushi_b,full_data
5,53,95,1,2,1,0.5,sushi_b,full_data
5,53,98,0,1,1,0,sushi_b,full_data
5,54,17,6,7,1,0.857142857142857,sushi_b,full_data
5,54,24,2,2,0,1,sushi_b,full_data
5,54,28,1,1,0,1,sushi_b,full_data
5,54,33,0,1,1,0,sushi_b,full_data
5,54,40,1,2,1,0.5,sushi_b,full_data
5,54,42,2,4,2,0.5,sushi_b,full_data
5,54,49,1,1,0,1,sushi_b,full_data
5,54,52,1,2,1,0.5,sushi_b,full_data
5,54,56,1,1,0,1,sushi_b,full_data
5,54,59,1,1,0,1,sushi_b,full_data
5,54,60,1,1,0,1,sushi_b,full_data
5,54,68,1,2,1,0.5,sushi_b,full_data
5,54,69,1,1,0,1,sushi_b,full_data
5,54,70,0,1,1,0,sushi_b,full_data
5,54,75,0,1,1,0,sushi_b,full_data
5,54,78,0,1,1,0,sushi_b,full_data
5,54,85,0,1,1,0,sushi_b,full_data
5,54,92,1,1,0,1,sushi_b,full_data
5,54,97,1,1,0,1,sushi_b,full_data
5,54,99,0,1,1,0,sushi_b,full_data
5,55,17,0,1,1,0,sushi_b,full_data
5,55,40,1,1,0,1,sushi_b,full_data
5,55,78,1,1,0,1,sushi_b,full_data
5,57,12,1,2,1,0.5,sushi_b,full_data
5,57,16,1,1,0,1,sushi_b,full_data
5,57,17,9,12,3,0.75,sushi_b,full_data
5,57,18,1,1,0,1,sushi_b,full_data
5,57,23,1,4,3,0.25,sushi_b,full_data
5,57,24,5,8,3,0.625,sushi_b,full_data
5,57,28,5,6,1,0.833333333333333,sushi_b,full_data
5,57,29,5,6,1,0.833333333333333,sushi_b,full_data
5,57,30,1,1,0,1,sushi_b,full_data
5,57,32,1,1,0,1,sushi_b,full_data
5,57,35,6,7,1,0.857142857142857,sushi_b,full_data
5,57,40,2,3,1,0.666666666666667,sushi_b,full_data
5,57,42,2,2,0,1,sushi_b,full_data
5,57,44,1,1,0,1,sushi_b,full_data
5,57,48,0,1,1,0,sushi_b,full_data
5,57,49,1,3,2,0.333333333333333,sushi_b,full_data
5,57,51,1,2,1,0.5,sushi_b,full_data
5,57,52,1,1,0,1,sushi_b,full_data
5,57,55,1,1,0,1,sushi_b,full_data
5,57,56,2,2,0,1,sushi_b,full_data
5,57,58,2,3,1,0.666666666666667,sushi_b,full_data
5,57,59,8,9,1,0.888888888888889,sushi_b,full_data
5,57,60,0,1,1,0,sushi_b,full_data
5,57,64,0,1,1,0,sushi_b,full_data
5,57,66,1,1,0,1,sushi_b,full_data
5,57,67,1,1,0,1,sushi_b,full_data
5,57,69,2,2,0,1,sushi_b,full_data
5,57,70,2,2,0,1,sushi_b,full_data
5,57,71,0,1,1,0,sushi_b,full_data
5,57,72,0,2,2,0,sushi_b,full_data
5,57,75,3,4,1,0.75,sushi_b,full_data
5,57,77,1,1,0,1,sushi_b,full_data
5,57,78,3,3,0,1,sushi_b,full_data
5,57,80,2,2,0,1,sushi_b,full_data
5,57,81,0,1,1,0,sushi_b,full_data
5,57,87,1,1,0,1,sushi_b,full_data
5,57,89,0,1,1,0,sushi_b,full_data
5,57,90,2,2,0,1,sushi_b,full_data
5,57,94,0,1,1,0,sushi_b,full_data
5,57,97,3,3,0,1,sushi_b,full_data
5,57,98,1,3,2,0.333333333333333,sushi_b,full_data
5,61,0,0,5,5,0,sushi_b,full_data
5,61,1,0,2,2,0,sushi_b,full_data
5,61,3,5,16,11,0.3125,sushi_b,full_data
5,61,4,4,12,8,0.333333333333333,sushi_b,full_data
5,61,5,13,20,7,0.65,sushi_b,full_data
5,61,7,12,17,5,0.705882352941177,sushi_b,full_data
5,61,10,2,6,4,0.333333333333333,sushi_b,full_data
5,61,12,6,9,3,0.666666666666667,sushi_b,full_data
5,61,14,6,9,3,0.666666666666667,sushi_b,full_data
5,61,16,3,4,1,0.75,sushi_b,full_data
5,61,18,7,8,1,0.875,sushi_b,full_data
5,61,21,7,8,1,0.875,sushi_b,full_data
5,61,22,4,6,2,0.666666666666667,sushi_b,full_data
5,61,23,2,3,1,0.666666666666667,sushi_b,full_data
5,61,24,1,2,1,0.5,sushi_b,full_data
5,61,25,4,6,2,0.666666666666667,sushi_b,full_data
5,61,26,1,3,2,0.333333333333333,sushi_b,full_data
5,61,27,2,6,4,0.333333333333333,sushi_b,full_data
5,61,28,1,1,0,1,sushi_b,full_data
5,61,29,1,1,0,1,sushi_b,full_data
5,61,30,7,7,0,1,sushi_b,full_data
5,61,31,3,5,2,0.6,sushi_b,full_data
5,61,32,6,6,0,1,sushi_b,full_data
5,61,33,2,3,1,0.666666666666667,sushi_b,full_data
5,61,34,6,7,1,0.857142857142857,sushi_b,full_data
5,61,36,2,2,0,1,sushi_b,full_data
5,61,38,5,6,1,0.833333333333333,sushi_b,full_data
5,61,39,6,7,1,0.857142857142857,sushi_b,full_data
5,61,41,2,2,0,1,sushi_b,full_data
5,61,43,6,7,1,0.857142857142857,sushi_b,full_data
5,61,44,1,2,1,0.5,sushi_b,full_data
5,61,45,1,1,0,1,sushi_b,full_data
5,61,46,2,2,0,1,sushi_b,full_data
5,61,50,4,4,0,1,sushi_b,full_data
5,61,51,1,1,0,1,sushi_b,full_data
5,61,54,2,3,1,0.666666666666667,sushi_b,full_data
5,61,57,6,8,2,0.75,sushi_b,full_data
5,61,58,0,1,1,0,sushi_b,full_data
5,61,62,2,3,1,0.666666666666667,sushi_b,full_data
5,61,65,1,1,0,1,sushi_b,full_data
5,61,66,1,1,0,1,sushi_b,full_data
5,61,72,1,1,0,1,sushi_b,full_data
5,61,73,0,2,2,0,sushi_b,full_data
5,61,76,2,2,0,1,sushi_b,full_data
5,61,82,1,1,0,1,sushi_b,full_data
5,61,87,1,1,0,1,sushi_b,full_data
5,61,88,2,4,2,0.5,sushi_b,full_data
5,62,16,1,1,0,1,sushi_b,full_data
5,62,17,5,7,2,0.714285714285714,sushi_b,full_data
5,62,23,1,1,0,1,sushi_b,full_data
5,62,24,1,1,0,1,sushi_b,full_data
5,62,28,0,2,2,0,sushi_b,full_data
5,62,33,1,1,0,1,sushi_b,full_data
5,62,40,3,6,3,0.5,sushi_b,full_data
5,62,42,2,3,1,0.666666666666667,sushi_b,full_data
5,62,48,1,1,0,1,sushi_b,full_data
5,62,49,3,3,0,1,sushi_b,full_data
5,62,52,0,1,1,0,sushi_b,full_data
5,62,56,2,3,1,0.666666666666667,sushi_b,full_data
5,62,59,1,1,0,1,sushi_b,full_data
5,62,64,2,2,0,1,sushi_b,full_data
5,62,67,1,1,0,1,sushi_b,full_data
5,62,68,1,1,0,1,sushi_b,full_data
5,62,69,2,2,0,1,sushi_b,full_data
5,62,70,1,1,0,1,sushi_b,full_data
5,62,74,0,1,1,0,sushi_b,full_data
5,62,77,2,2,0,1,sushi_b,full_data
5,62,78,2,2,0,1,sushi_b,full_data
5,62,80,1,1,0,1,sushi_b,full_data
5,62,81,2,3,1,0.666666666666667,sushi_b,full_data
5,62,83,1,2,1,0.5,sushi_b,full_data
5,62,84,1,1,0,1,sushi_b,full_data
5,62,89,0,1,1,0,sushi_b,full_data
5,62,91,1,1,0,1,sushi_b,full_data
5,62,93,1,1,0,1,sushi_b,full_data
5,62,94,1,1,0,1,sushi_b,full_data
5,62,97,1,1,0,1,sushi_b,full_data
5,63,17,1,2,1,0.5,sushi_b,full_data
5,63,40,2,2,0,1,sushi_b,full_data
5,63,42,0,1,1,0,sushi_b,full_data
5,63,59,1,1,0,1,sushi_b,full_data
5,63,64,1,2,1,0.5,sushi_b,full_data
5,63,78,0,1,1,0,sushi_b,full_data
5,63,89,1,1,0,1,sushi_b,full_data
5,65,17,3,6,3,0.5,sushi_b,full_data
5,65,24,2,2,0,1,sushi_b,full_data
5,65,28,3,4,1,0.75,sushi_b,full_data
5,65,29,1,2,1,0.5,sushi_b,full_data
5,65,33,1,1,0,1,sushi_b,full_data
5,65,35,1,1,0,1,sushi_b,full_data
5,65,49,1,1,0,1,sushi_b,full_data
5,65,52,1,2,1,0.5,sushi_b,full_data
5,65,59,2,3,1,0.666666666666667,sushi_b,full_data
5,65,60,1,1,0,1,sushi_b,full_data
5,65,74,1,1,0,1,sushi_b,full_data
5,65,75,1,1,0,1,sushi_b,full_data
5,65,78,1,2,1,0.5,sushi_b,full_data
5,65,91,1,1,0,1,sushi_b,full_data
5,65,92,0,1,1,0,sushi_b,full_data
5,65,93,0,1,1,0,sushi_b,full_data
5,65,97,1,1,0,1,sushi_b,full_data
5,65,98,1,1,0,1,sushi_b,full_data
5,65,99,1,1,0,1,sushi_b,full_data
5,66,89,1,1,0,1,sushi_b,full_data
5,70,93,1,1,0,1,sushi_b,full_data
5,71,17,1,1,0,1,sushi_b,full_data
5,71,24,1,1,0,1,sushi_b,full_data
5,71,29,0,1,1,0,sushi_b,full_data
5,71,42,3,4,1,0.75,sushi_b,full_data
5,71,48,1,1,0,1,sushi_b,full_data
5,71,49,1,1,0,1,sushi_b,full_data
5,71,52,0,1,1,0,sushi_b,full_data
5,71,58,1,1,0,1,sushi_b,full_data
5,71,59,1,1,0,1,sushi_b,full_data
5,71,78,1,1,0,1,sushi_b,full_data
5,71,81,1,1,0,1,sushi_b,full_data
5,71,83,0,1,1,0,sushi_b,full_data
5,71,90,1,1,0,1,sushi_b,full_data
5,71,91,0,1,1,0,sushi_b,full_data
5,71,94,1,1,0,1,sushi_b,full_data
5,71,99,0,1,1,0,sushi_b,full_data
5,72,59,1,2,1,0.5,sushi_b,full_data
5,72,60,1,2,1,0.5,sushi_b,full_data
5,72,90,0,1,1,0,sushi_b,full_data
5,73,7,0,1,1,0,sushi_b,full_data
5,73,12,1,1,0,1,sushi_b,full_data
5,73,16,3,7,4,0.428571428571429,sushi_b,full_data
5,73,17,3,6,3,0.5,sushi_b,full_data
5,73,23,5,5,0,1,sushi_b,full_data
5,73,24,3,4,1,0.75,sushi_b,full_data
5,73,28,2,4,2,0.5,sushi_b,full_data
5,73,29,4,5,1,0.8,sushi_b,full_data
5,73,30,2,2,0,1,sushi_b,full_data
5,73,32,2,2,0,1,sushi_b,full_data
5,73,33,1,1,0,1,sushi_b,full_data
5,73,35,1,2,1,0.5,sushi_b,full_data
5,73,38,1,2,1,0.5,sushi_b,full_data
5,73,40,0,1,1,0,sushi_b,full_data
5,73,42,1,1,0,1,sushi_b,full_data
5,73,49,0,1,1,0,sushi_b,full_data
5,73,51,1,2,1,0.5,sushi_b,full_data
5,73,52,1,1,0,1,sushi_b,full_data
5,73,55,2,2,0,1,sushi_b,full_data
5,73,56,3,3,0,1,sushi_b,full_data
5,73,59,3,3,0,1,sushi_b,full_data
5,73,60,1,1,0,1,sushi_b,full_data
5,73,64,4,6,2,0.666666666666667,sushi_b,full_data
5,73,65,1,1,0,1,sushi_b,full_data
5,73,67,1,1,0,1,sushi_b,full_data
5,73,68,2,2,0,1,sushi_b,full_data
5,73,69,0,1,1,0,sushi_b,full_data
5,73,74,1,1,0,1,sushi_b,full_data
5,73,75,1,2,1,0.5,sushi_b,full_data
5,73,77,1,2,1,0.5,sushi_b,full_data
5,73,78,1,1,0,1,sushi_b,full_data
5,73,80,2,2,0,1,sushi_b,full_data
5,73,85,1,1,0,1,sushi_b,full_data
5,73,89,1,2,1,0.5,sushi_b,full_data
5,73,91,0,1,1,0,sushi_b,full_data
5,73,92,2,2,0,1,sushi_b,full_data
5,73,93,1,1,0,1,sushi_b,full_data
5,73,94,1,1,0,1,sushi_b,full_data
5,73,99,1,1,0,1,sushi_b,full_data
5,76,12,1,2,1,0.5,sushi_b,full_data
5,76,16,1,1,0,1,sushi_b,full_data
5,76,17,11,13,2,0.846153846153846,sushi_b,full_data
5,76,18,3,3,0,1,sushi_b,full_data
5,76,23,1,2,1,0.5,sushi_b,full_data
5,76,24,7,7,0,1,sushi_b,full_data
5,76,28,2,2,0,1,sushi_b,full_data
5,76,29,2,5,3,0.4,sushi_b,full_data
5,76,30,0,1,1,0,sushi_b,full_data
5,76,33,2,2,0,1,sushi_b,full_data
5,76,35,3,5,2,0.6,sushi_b,full_data
5,76,38,2,2,0,1,sushi_b,full_data
5,76,40,4,4,0,1,sushi_b,full_data
5,76,42,2,3,1,0.666666666666667,sushi_b,full_data
5,76,44,0,1,1,0,sushi_b,full_data
5,76,48,2,2,0,1,sushi_b,full_data
5,76,49,3,4,1,0.75,sushi_b,full_data
5,76,50,0,2,2,0,sushi_b,full_data
5,76,54,0,1,1,0,sushi_b,full_data
5,76,55,1,1,0,1,sushi_b,full_data
5,76,56,1,1,0,1,sushi_b,full_data
5,76,58,1,2,1,0.5,sushi_b,full_data
5,76,59,2,3,1,0.666666666666667,sushi_b,full_data
5,76,60,1,2,1,0.5,sushi_b,full_data
5,76,63,1,1,0,1,sushi_b,full_data
5,76,64,1,1,0,1,sushi_b,full_data
5,76,67,1,1,0,1,sushi_b,full_data
5,76,68,2,2,0,1,sushi_b,full_data
5,76,72,1,1,0,1,sushi_b,full_data
5,76,80,1,1,0,1,sushi_b,full_data
5,76,81,1,1,0,1,sushi_b,full_data
5,76,85,0,1,1,0,sushi_b,full_data
5,76,86,1,1,0,1,sushi_b,full_data
5,76,92,2,2,0,1,sushi_b,full_data
5,76,93,2,2,0,1,sushi_b,full_data
5,76,98,2,2,0,1,sushi_b,full_data
5,79,3,4,6,2,0.666666666666667,sushi_b,full_data
5,79,4,2,2,0,1,sushi_b,full_data
5,79,5,9,10,1,0.9,sushi_b,full_data
5,79,7,8,14,6,0.571428571428571,sushi_b,full_data
5,79,10,3,5,2,0.6,sushi_b,full_data
5,79,12,7,10,3,0.7,sushi_b,full_data
5,79,14,5,10,5,0.5,sushi_b,full_data
5,79,16,8,9,1,0.888888888888889,sushi_b,full_data
5,79,17,2,2,0,1,sushi_b,full_data
5,79,18,4,5,1,0.8,sushi_b,full_data
5,79,21,1,2,1,0.5,sushi_b,full_data
5,79,22,1,3,2,0.333333333333333,sushi_b,full_data
5,79,23,3,3,0,1,sushi_b,full_data
5,79,25,3,4,1,0.75,sushi_b,full_data
5,79,27,0,1,1,0,sushi_b,full_data
5,79,28,3,3,0,1,sushi_b,full_data
5,79,29,2,2,0,1,sushi_b,full_data
5,79,30,2,3,1,0.666666666666667,sushi_b,full_data
5,79,31,3,8,5,0.375,sushi_b,full_data
5,79,32,2,4,2,0.5,sushi_b,full_data
5,79,33,2,3,1,0.666666666666667,sushi_b,full_data
5,79,34,1,2,1,0.5,sushi_b,full_data
5,79,36,1,1,0,1,sushi_b,full_data
5,79,38,1,3,2,0.333333333333333,sushi_b,full_data
5,79,39,2,2,0,1,sushi_b,full_data
5,79,40,1,1,0,1,sushi_b,full_data
5,79,44,2,3,1,0.666666666666667,sushi_b,full_data
5,79,45,1,2,1,0.5,sushi_b,full_data
5,79,46,0,2,2,0,sushi_b,full_data
5,79,50,4,4,0,1,sushi_b,full_data
5,79,51,4,5,1,0.8,sushi_b,full_data
5,79,52,1,1,0,1,sushi_b,full_data
5,79,54,1,1,0,1,sushi_b,full_data
5,79,55,2,2,0,1,sushi_b,full_data
5,79,56,1,1,0,1,sushi_b,full_data
5,79,57,3,3,0,1,sushi_b,full_data
5,79,63,1,1,0,1,sushi_b,full_data
5,79,64,0,1,1,0,sushi_b,full_data
5,79,65,2,2,0,1,sushi_b,full_data
5,79,71,1,1,0,1,sushi_b,full_data
5,79,72,2,2,0,1,sushi_b,full_data
5,79,74,1,1,0,1,sushi_b,full_data
5,79,77,1,2,1,0.5,sushi_b,full_data
5,79,78,1,1,0,1,sushi_b,full_data
5,82,17,2,2,0,1,sushi_b,full_data
5,87,17,1,2,1,0.5,sushi_b,full_data
5,87,52,0,1,1,0,sushi_b,full_data
5,87,90,1,1,0,1,sushi_b,full_data
5,88,16,1,2,1,0.5,sushi_b,full_data
5,88,17,6,7,1,0.857142857142857,sushi_b,full_data
5,88,24,3,5,2,0.6,sushi_b,full_data
5,88,28,1,1,0,1,sushi_b,full_data
5,88,29,0,1,1,0,sushi_b,full_data
5,88,40,2,2,0,1,sushi_b,full_data
5,88,42,2,2,0,1,sushi_b,full_data
5,88,49,1,1,0,1,sushi_b,full_data
5,88,51,1,1,0,1,sushi_b,full_data
5,88,52,2,2,0,1,sushi_b,full_data
5,88,56,1,1,0,1,sushi_b,full_data
5,88,59,1,1,0,1,sushi_b,full_data
5,88,60,1,2,1,0.5,sushi_b,full_data
5,88,63,1,1,0,1,sushi_b,full_data
5,88,66,1,1,0,1,sushi_b,full_data
5,88,68,1,1,0,1,sushi_b,full_data
5,88,72,1,1,0,1,sushi_b,full_data
5,88,74,1,1,0,1,sushi_b,full_data
5,88,77,1,1,0,1,sushi_b,full_data
5,88,81,2,2,0,1,sushi_b,full_data
5,88,85,1,1,0,1,sushi_b,full_data
5,88,89,1,1,0,1,sushi_b,full_data
5,88,94,1,1,0,1,sushi_b,full_data
5,91,17,1,1,0,1,sushi_b,full_data
5,95,17,2,2,0,1,sushi_b,full_data
5,95,24,1,1,0,1,sushi_b,full_data
5,95,28,1,1,0,1,sushi_b,full_data
5,95,35,1,1,0,1,sushi_b,full_data
5,95,40,1,1,0,1,sushi_b,full_data
5,95,42,1,1,0,1,sushi_b,full_data
5,95,59,1,1,0,1,sushi_b,full_data
5,95,69,1,1,0,1,sushi_b,full_data
5,95,70,0,1,1,0,sushi_b,full_data
5,95,75,1,1,0,1,sushi_b,full_data
5,95,92,0,1,1,0,sushi_b,full_data
5,95,94,0,1,1,0,sushi_b,full_data
5,96,12,0,2,2,0,sushi_b,full_data
5,96,16,1,1,0,1,sushi_b,full_data
5,96,17,3,4,1,0.75,sushi_b,full_data
5,96,23,3,3,0,1,sushi_b,full_data
5,96,24,2,3,1,0.666666666666667,sushi_b,full_data
5,96,28,1,2,1,0.5,sushi_b,full_data
5,96,29,0,1,1,0,sushi_b,full_data
5,96,30,1,1,0,1,sushi_b,full_data
5,96,33,1,1,0,1,sushi_b,full_data
5,96,35,1,2,1,0.5,sushi_b,full_data
5,96,38,0,1,1,0,sushi_b,full_data
5,96,40,2,3,1,0.666666666666667,sushi_b,full_data
5,96,48,1,1,0,1,sushi_b,full_data
5,96,49,1,3,2,0.333333333333333,sushi_b,full_data
5,96,50,0,1,1,0,sushi_b,full_data
5,96,51,1,1,0,1,sushi_b,full_data
5,96,58,1,1,0,1,sushi_b,full_data
5,96,59,1,1,0,1,sushi_b,full_data
5,96,60,0,1,1,0,sushi_b,full_data
5,96,63,0,1,1,0,sushi_b,full_data
5,96,66,1,1,0,1,sushi_b,full_data
5,96,68,1,1,0,1,sushi_b,full_data
5,96,71,1,1,0,1,sushi_b,full_data
5,96,75,1,1,0,1,sushi_b,full_data
5,96,93,1,1,0,1,sushi_b,full_data
6,0,5,4,4,0,1,sushi_b,full_data
6,0,7,8,15,7,0.533333333333333,sushi_b,full_data
6,0,12,34,45,11,0.755555555555556,sushi_b,full_data
6,0,14,2,3,1,0.666666666666667,sushi_b,full_data
6,0,16,35,46,11,0.760869565217391,sushi_b,full_data
6,0,17,61,74,13,0.824324324324324,sushi_b,full_data
6,0,18,10,14,4,0.714285714285714,sushi_b,full_data
6,0,21,1,1,0,1,sushi_b,full_data
6,0,23,50,62,12,0.806451612903226,sushi_b,full_data
6,0,24,60,76,16,0.789473684210526,sushi_b,full_data
6,0,28,36,49,13,0.73469387755102,sushi_b,full_data
6,0,29,50,57,7,0.87719298245614,sushi_b,full_data
6,0,30,26,33,7,0.787878787878788,sushi_b,full_data
6,0,31,1,2,1,0.5,sushi_b,full_data
6,0,32,7,8,1,0.875,sushi_b,full_data
6,0,33,29,35,6,0.828571428571429,sushi_b,full_data
6,0,34,1,2,1,0.5,sushi_b,full_data
6,0,35,37,51,14,0.725490196078431,sushi_b,full_data
6,0,38,15,20,5,0.75,sushi_b,full_data
6,0,39,1,2,1,0.5,sushi_b,full_data
6,0,40,38,42,4,0.904761904761905,sushi_b,full_data
6,0,42,26,31,5,0.838709677419355,sushi_b,full_data
6,0,43,0,1,1,0,sushi_b,full_data
6,0,44,7,10,3,0.7,sushi_b,full_data
6,0,45,2,2,0,1,sushi_b,full_data
6,0,46,4,6,2,0.666666666666667,sushi_b,full_data
6,0,48,19,28,9,0.678571428571429,sushi_b,full_data
6,0,49,23,27,4,0.851851851851852,sushi_b,full_data
6,0,50,14,17,3,0.823529411764706,sushi_b,full_data
6,0,51,15,18,3,0.833333333333333,sushi_b,full_data
6,0,52,22,28,6,0.785714285714286,sushi_b,full_data
6,0,54,1,1,0,1,sushi_b,full_data
6,0,55,8,12,4,0.666666666666667,sushi_b,full_data
6,0,56,16,20,4,0.8,sushi_b,full_data
6,0,58,16,21,5,0.761904761904762,sushi_b,full_data
6,0,59,18,20,2,0.9,sushi_b,full_data
6,0,60,16,20,4,0.8,sushi_b,full_data
6,0,62,1,1,0,1,sushi_b,full_data
6,0,63,9,13,4,0.692307692307692,sushi_b,full_data
6,0,64,18,23,5,0.782608695652174,sushi_b,full_data
6,0,65,2,3,1,0.666666666666667,sushi_b,full_data
6,0,66,6,6,0,1,sushi_b,full_data
6,0,67,10,10,0,1,sushi_b,full_data
6,0,68,8,11,3,0.727272727272727,sushi_b,full_data
6,0,69,12,13,1,0.923076923076923,sushi_b,full_data
6,0,70,4,7,3,0.571428571428571,sushi_b,full_data
6,0,71,1,1,0,1,sushi_b,full_data
6,0,72,2,5,3,0.4,sushi_b,full_data
6,0,74,16,20,4,0.8,sushi_b,full_data
6,0,75,11,14,3,0.785714285714286,sushi_b,full_data
6,0,77,7,7,0,1,sushi_b,full_data
6,0,78,9,11,2,0.818181818181818,sushi_b,full_data
6,0,80,5,5,0,1,sushi_b,full_data
6,0,81,4,5,1,0.8,sushi_b,full_data
6,0,82,3,5,2,0.6,sushi_b,full_data
6,0,83,6,6,0,1,sushi_b,full_data
6,0,84,6,8,2,0.75,sushi_b,full_data
6,0,85,2,2,0,1,sushi_b,full_data
6,0,86,4,5,1,0.8,sushi_b,full_data
6,0,87,2,2,0,1,sushi_b,full_data
6,0,89,9,11,2,0.818181818181818,sushi_b,full_data
6,0,90,5,6,1,0.833333333333333,sushi_b,full_data
6,0,91,6,6,0,1,sushi_b,full_data
6,0,92,4,5,1,0.8,sushi_b,full_data
6,0,93,6,6,0,1,sushi_b,full_data
6,0,94,2,4,2,0.5,sushi_b,full_data
6,0,95,2,2,0,1,sushi_b,full_data
6,0,97,7,8,1,0.875,sushi_b,full_data
6,0,98,10,11,1,0.909090909090909,sushi_b,full_data
6,0,99,5,6,1,0.833333333333333,sushi_b,full_data
6,1,3,1,1,0,1,sushi_b,full_data
6,1,5,8,9,1,0.888888888888889,sushi_b,full_data
6,1,7,12,17,5,0.705882352941177,sushi_b,full_data
6,1,12,28,47,19,0.595744680851064,sushi_b,full_data
6,1,14,11,19,8,0.578947368421053,sushi_b,full_data
6,1,16,36,54,18,0.666666666666667,sushi_b,full_data
6,1,17,50,67,17,0.746268656716418,sushi_b,full_data
6,1,18,28,34,6,0.823529411764706,sushi_b,full_data
6,1,23,40,53,13,0.754716981132076,sushi_b,full_data
6,1,24,58,73,15,0.794520547945205,sushi_b,full_data
6,1,25,2,2,0,1,sushi_b,full_data
6,1,27,0,1,1,0,sushi_b,full_data
6,1,28,55,66,11,0.833333333333333,sushi_b,full_data
6,1,29,51,67,16,0.761194029850746,sushi_b,full_data
6,1,30,41,48,7,0.854166666666667,sushi_b,full_data
6,1,32,15,18,3,0.833333333333333,sushi_b,full_data
6,1,33,34,49,15,0.693877551020408,sushi_b,full_data
6,1,34,5,7,2,0.714285714285714,sushi_b,full_data
6,1,35,29,44,15,0.659090909090909,sushi_b,full_data
6,1,38,18,30,12,0.6,sushi_b,full_data
6,1,39,12,12,0,1,sushi_b,full_data
6,1,40,30,32,2,0.9375,sushi_b,full_data
6,1,42,27,31,4,0.870967741935484,sushi_b,full_data
6,1,44,11,13,2,0.846153846153846,sushi_b,full_data
6,1,45,0,2,2,0,sushi_b,full_data
6,1,46,12,15,3,0.8,sushi_b,full_data
6,1,48,23,31,8,0.741935483870968,sushi_b,full_data
6,1,49,33,36,3,0.916666666666667,sushi_b,full_data
6,1,50,12,17,5,0.705882352941177,sushi_b,full_data
6,1,51,29,36,7,0.805555555555556,sushi_b,full_data
6,1,52,23,27,4,0.851851851851852,sushi_b,full_data
6,1,54,2,5,3,0.4,sushi_b,full_data
6,1,55,13,18,5,0.722222222222222,sushi_b,full_data
6,1,56,15,20,5,0.75,sushi_b,full_data
6,1,58,17,21,4,0.80952380952381,sushi_b,full_data
6,1,59,7,8,1,0.875,sushi_b,full_data
6,1,60,9,13,4,0.692307692307692,sushi_b,full_data
6,1,62,3,3,0,1,sushi_b,full_data
6,1,63,15,19,4,0.789473684210526,sushi_b,full_data
6,1,64,16,23,7,0.695652173913043,sushi_b,full_data
6,1,65,4,5,1,0.8,sushi_b,full_data
6,1,66,5,6,1,0.833333333333333,sushi_b,full_data
6,1,67,6,13,7,0.461538461538462,sushi_b,full_data
6,1,68,5,8,3,0.625,sushi_b,full_data
6,1,69,6,7,1,0.857142857142857,sushi_b,full_data
6,1,70,4,7,3,0.571428571428571,sushi_b,full_data
6,1,71,6,9,3,0.666666666666667,sushi_b,full_data
6,1,72,11,15,4,0.733333333333333,sushi_b,full_data
6,1,74,9,18,9,0.5,sushi_b,full_data
6,1,75,8,11,3,0.727272727272727,sushi_b,full_data
6,1,77,13,14,1,0.928571428571429,sushi_b,full_data
6,1,78,13,16,3,0.8125,sushi_b,full_data
6,1,80,7,10,3,0.7,sushi_b,full_data
6,1,81,5,6,1,0.833333333333333,sushi_b,full_data
6,1,82,3,4,1,0.75,sushi_b,full_data
6,1,83,2,2,0,1,sushi_b,full_data
6,1,84,7,8,1,0.875,sushi_b,full_data
6,1,85,4,4,0,1,sushi_b,full_data
6,1,86,5,6,1,0.833333333333333,sushi_b,full_data
6,1,87,5,8,3,0.625,sushi_b,full_data
6,1,89,2,2,0,1,sushi_b,full_data
6,1,90,1,1,0,1,sushi_b,full_data
6,1,91,7,9,2,0.777777777777778,sushi_b,full_data
6,1,92,3,4,1,0.75,sushi_b,full_data
6,1,93,6,6,0,1,sushi_b,full_data
6,1,94,4,7,3,0.571428571428571,sushi_b,full_data
6,1,95,1,1,0,1,sushi_b,full_data
6,1,96,2,2,0,1,sushi_b,full_data
6,1,97,3,3,0,1,sushi_b,full_data
6,1,98,6,6,0,1,sushi_b,full_data
6,1,99,8,11,3,0.727272727272727,sushi_b,full_data
6,2,3,5,7,2,0.714285714285714,sushi_b,full_data
6,2,5,23,29,6,0.793103448275862,sushi_b,full_data
6,2,7,53,76,23,0.697368421052632,sushi_b,full_data
6,2,10,4,4,0,1,sushi_b,full_data
6,2,12,65,81,16,0.802469135802469,sushi_b,full_data
6,2,14,40,58,18,0.689655172413793,sushi_b,full_data
6,2,16,58,76,18,0.763157894736842,sushi_b,full_data
6,2,17,13,16,3,0.8125,sushi_b,full_data
6,2,18,43,56,13,0.767857142857143,sushi_b,full_data
6,2,21,13,22,9,0.590909090909091,sushi_b,full_data
6,2,22,2,3,1,0.666666666666667,sushi_b,full_data
6,2,23,56,70,14,0.8,sushi_b,full_data
6,2,24,40,47,7,0.851063829787234,sushi_b,full_data
6,2,25,11,12,1,0.916666666666667,sushi_b,full_data
6,2,26,1,1,0,1,sushi_b,full_data
6,2,27,6,6,0,1,sushi_b,full_data
6,2,28,26,34,8,0.764705882352941,sushi_b,full_data
6,2,29,37,46,9,0.804347826086957,sushi_b,full_data
6,2,30,43,52,9,0.826923076923077,sushi_b,full_data
6,2,31,12,17,5,0.705882352941177,sushi_b,full_data
6,2,32,31,41,10,0.75609756097561,sushi_b,full_data
6,2,33,35,44,9,0.795454545454545,sushi_b,full_data
6,2,34,16,17,1,0.941176470588235,sushi_b,full_data
6,2,35,31,37,6,0.837837837837838,sushi_b,full_data
6,2,36,1,1,0,1,sushi_b,full_data
6,2,38,30,39,9,0.769230769230769,sushi_b,full_data
6,2,39,26,30,4,0.866666666666667,sushi_b,full_data
6,2,40,7,8,1,0.875,sushi_b,full_data
6,2,42,12,18,6,0.666666666666667,sushi_b,full_data
6,2,43,11,18,7,0.611111111111111,sushi_b,full_data
6,2,44,15,19,4,0.789473684210526,sushi_b,full_data
6,2,45,12,14,2,0.857142857142857,sushi_b,full_data
6,2,46,14,21,7,0.666666666666667,sushi_b,full_data
6,2,48,13,18,5,0.722222222222222,sushi_b,full_data
6,2,49,17,17,0,1,sushi_b,full_data
6,2,50,22,27,5,0.814814814814815,sushi_b,full_data
6,2,51,21,29,8,0.724137931034483,sushi_b,full_data
6,2,52,5,6,1,0.833333333333333,sushi_b,full_data
6,2,54,10,12,2,0.833333333333333,sushi_b,full_data
6,2,55,11,17,6,0.647058823529412,sushi_b,full_data
6,2,56,7,7,0,1,sushi_b,full_data
6,2,57,6,6,0,1,sushi_b,full_data
6,2,58,20,25,5,0.8,sushi_b,full_data
6,2,59,7,7,0,1,sushi_b,full_data
6,2,60,4,5,1,0.8,sushi_b,full_data
6,2,62,9,10,1,0.9,sushi_b,full_data
6,2,63,14,16,2,0.875,sushi_b,full_data
6,2,64,9,9,0,1,sushi_b,full_data
6,2,65,8,11,3,0.727272727272727,sushi_b,full_data
6,2,66,11,14,3,0.785714285714286,sushi_b,full_data
6,2,67,14,16,2,0.875,sushi_b,full_data
6,2,68,7,7,0,1,sushi_b,full_data
6,2,69,4,4,0,1,sushi_b,full_data
6,2,70,8,10,2,0.8,sushi_b,full_data
6,2,71,8,10,2,0.8,sushi_b,full_data
6,2,72,15,18,3,0.833333333333333,sushi_b,full_data
6,2,73,2,2,0,1,sushi_b,full_data
6,2,74,5,6,1,0.833333333333333,sushi_b,full_data
6,2,75,4,6,2,0.666666666666667,sushi_b,full_data
6,2,76,3,3,0,1,sushi_b,full_data
6,2,77,2,2,0,1,sushi_b,full_data
6,2,78,3,3,0,1,sushi_b,full_data
6,2,80,4,4,0,1,sushi_b,full_data
6,2,82,6,8,2,0.75,sushi_b,full_data
6,2,83,3,3,0,1,sushi_b,full_data
6,2,84,1,1,0,1,sushi_b,full_data
6,2,85,1,1,0,1,sushi_b,full_data
6,2,87,4,4,0,1,sushi_b,full_data
6,2,88,1,1,0,1,sushi_b,full_data
6,2,90,2,2,0,1,sushi_b,full_data
6,2,91,1,3,2,0.333333333333333,sushi_b,full_data
6,2,92,2,2,0,1,sushi_b,full_data
6,2,94,0,1,1,0,sushi_b,full_data
6,2,95,7,8,1,0.875,sushi_b,full_data
6,2,96,0,1,1,0,sushi_b,full_data
6,2,98,6,6,0,1,sushi_b,full_data
6,2,99,5,5,0,1,sushi_b,full_data
6,3,7,1,1,0,1,sushi_b,full_data
6,3,12,3,6,3,0.5,sushi_b,full_data
6,3,16,11,16,5,0.6875,sushi_b,full_data
6,3,17,57,86,29,0.662790697674419,sushi_b,full_data
6,3,18,1,1,0,1,sushi_b,full_data
6,3,23,16,23,7,0.695652173913043,sushi_b,full_data
6,3,24,21,32,11,0.65625,sushi_b,full_data
6,3,28,27,35,8,0.771428571428571,sushi_b,full_data
6,3,29,24,30,6,0.8,sushi_b,full_data
6,3,30,10,12,2,0.833333333333333,sushi_b,full_data
6,3,32,1,2,1,0.5,sushi_b,full_data
6,3,33,13,15,2,0.866666666666667,sushi_b,full_data
6,3,35,12,23,11,0.521739130434783,sushi_b,full_data
6,3,38,4,8,4,0.5,sushi_b,full_data
6,3,39,1,1,0,1,sushi_b,full_data
6,3,40,27,31,4,0.870967741935484,sushi_b,full_data
6,3,42,22,24,2,0.916666666666667,sushi_b,full_data
6,3,48,11,13,2,0.846153846153846,sushi_b,full_data
6,3,49,18,25,7,0.72,sushi_b,full_data
6,3,50,2,5,3,0.4,sushi_b,full_data
6,3,51,7,8,1,0.875,sushi_b,full_data
6,3,52,10,16,6,0.625,sushi_b,full_data
6,3,54,0,1,1,0,sushi_b,full_data
6,3,55,4,5,1,0.8,sushi_b,full_data
6,3,56,7,9,2,0.777777777777778,sushi_b,full_data
6,3,58,1,1,0,1,sushi_b,full_data
6,3,59,15,20,5,0.75,sushi_b,full_data
6,3,60,11,13,2,0.846153846153846,sushi_b,full_data
6,3,64,12,18,6,0.666666666666667,sushi_b,full_data
6,3,65,1,1,0,1,sushi_b,full_data
6,3,66,2,4,2,0.5,sushi_b,full_data
6,3,67,3,6,3,0.5,sushi_b,full_data
6,3,68,7,9,2,0.777777777777778,sushi_b,full_data
6,3,69,7,8,1,0.875,sushi_b,full_data
6,3,70,5,8,3,0.625,sushi_b,full_data
6,3,71,2,3,1,0.666666666666667,sushi_b,full_data
6,3,72,3,3,0,1,sushi_b,full_data
6,3,74,5,5,0,1,sushi_b,full_data
6,3,75,9,10,1,0.9,sushi_b,full_data
6,3,77,7,10,3,0.7,sushi_b,full_data
6,3,78,10,13,3,0.769230769230769,sushi_b,full_data
6,3,80,1,2,1,0.5,sushi_b,full_data
6,3,81,5,7,2,0.714285714285714,sushi_b,full_data
6,3,82,1,2,1,0.5,sushi_b,full_data
6,3,83,1,1,0,1,sushi_b,full_data
6,3,84,1,2,1,0.5,sushi_b,full_data
6,3,85,4,7,3,0.571428571428571,sushi_b,full_data
6,3,86,8,9,1,0.888888888888889,sushi_b,full_data
6,3,89,3,4,1,0.75,sushi_b,full_data
6,3,90,3,5,2,0.6,sushi_b,full_data
6,3,91,1,2,1,0.5,sushi_b,full_data
6,3,92,1,2,1,0.5,sushi_b,full_data
6,3,93,7,8,1,0.875,sushi_b,full_data
6,3,94,4,6,2,0.666666666666667,sushi_b,full_data
6,3,97,5,5,0,1,sushi_b,full_data
6,3,98,3,4,1,0.75,sushi_b,full_data
6,3,99,1,1,0,1,sushi_b,full_data
6,4,7,4,5,1,0.8,sushi_b,full_data
6,4,12,10,16,6,0.625,sushi_b,full_data
6,4,14,1,3,2,0.333333333333333,sushi_b,full_data
6,4,16,27,42,15,0.642857142857143,sushi_b,full_data
6,4,17,52,74,22,0.702702702702703,sushi_b,full_data
6,4,18,6,10,4,0.6,sushi_b,full_data
6,4,23,27,41,14,0.658536585365854,sushi_b,full_data
6,4,24,37,51,14,0.725490196078431,sushi_b,full_data
6,4,28,23,36,13,0.638888888888889,sushi_b,full_data
6,4,29,24,37,13,0.648648648648649,sushi_b,full_data
6,4,30,8,15,7,0.533333333333333,sushi_b,full_data
6,4,32,2,5,3,0.4,sushi_b,full_data
6,4,33,16,24,8,0.666666666666667,sushi_b,full_data
6,4,35,25,28,3,0.892857142857143,sushi_b,full_data
6,4,38,6,8,2,0.75,sushi_b,full_data
6,4,39,1,2,1,0.5,sushi_b,full_data
6,4,40,26,33,7,0.787878787878788,sushi_b,full_data
6,4,42,22,40,18,0.55,sushi_b,full_data
6,4,46,2,2,0,1,sushi_b,full_data
6,4,48,10,20,10,0.5,sushi_b,full_data
6,4,49,16,24,8,0.666666666666667,sushi_b,full_data
6,4,50,4,4,0,1,sushi_b,full_data
6,4,51,8,13,5,0.615384615384615,sushi_b,full_data
6,4,52,12,16,4,0.75,sushi_b,full_data
6,4,54,1,1,0,1,sushi_b,full_data
6,4,55,8,11,3,0.727272727272727,sushi_b,full_data
6,4,56,14,19,5,0.736842105263158,sushi_b,full_data
6,4,58,9,14,5,0.642857142857143,sushi_b,full_data
6,4,59,16,18,2,0.888888888888889,sushi_b,full_data
6,4,60,10,13,3,0.769230769230769,sushi_b,full_data
6,4,63,4,5,1,0.8,sushi_b,full_data
6,4,64,14,14,0,1,sushi_b,full_data
6,4,65,3,3,0,1,sushi_b,full_data
6,4,66,2,6,4,0.333333333333333,sushi_b,full_data
6,4,67,6,9,3,0.666666666666667,sushi_b,full_data
6,4,68,6,8,2,0.75,sushi_b,full_data
6,4,69,6,8,2,0.75,sushi_b,full_data
6,4,70,8,10,2,0.8,sushi_b,full_data
6,4,71,2,3,1,0.666666666666667,sushi_b,full_data
6,4,72,3,6,3,0.5,sushi_b,full_data
6,4,74,8,14,6,0.571428571428571,sushi_b,full_data
6,4,75,5,8,3,0.625,sushi_b,full_data
6,4,77,3,3,0,1,sushi_b,full_data
6,4,78,12,14,2,0.857142857142857,sushi_b,full_data
6,4,80,1,4,3,0.25,sushi_b,full_data
6,4,81,4,4,0,1,sushi_b,full_data
6,4,82,2,3,1,0.666666666666667,sushi_b,full_data
6,4,83,1,2,1,0.5,sushi_b,full_data
6,4,84,1,1,0,1,sushi_b,full_data
6,4,85,5,7,2,0.714285714285714,sushi_b,full_data
6,4,86,4,6,2,0.666666666666667,sushi_b,full_data
6,4,87,1,1,0,1,sushi_b,full_data
6,4,89,5,8,3,0.625,sushi_b,full_data
6,4,90,7,11,4,0.636363636363636,sushi_b,full_data
6,4,91,2,2,0,1,sushi_b,full_data
6,4,92,6,9,3,0.666666666666667,sushi_b,full_data
6,4,93,4,6,2,0.666666666666667,sushi_b,full_data
6,4,94,2,4,2,0.5,sushi_b,full_data
6,4,95,2,2,0,1,sushi_b,full_data
6,4,97,9,9,0,1,sushi_b,full_data
6,4,98,2,4,2,0.5,sushi_b,full_data
6,4,99,3,5,2,0.6,sushi_b,full_data
6,5,17,23,36,13,0.638888888888889,sushi_b,full_data
6,5,23,5,8,3,0.625,sushi_b,full_data
6,5,24,8,9,1,0.888888888888889,sushi_b,full_data
6,5,28,5,10,5,0.5,sushi_b,full_data
6,5,29,6,8,2,0.75,sushi_b,full_data
6,5,33,0,2,2,0,sushi_b,full_data
6,5,35,5,9,4,0.555555555555556,sushi_b,full_data
6,5,40,16,20,4,0.8,sushi_b,full_data
6,5,42,9,12,3,0.75,sushi_b,full_data
6,5,48,2,3,1,0.666666666666667,sushi_b,full_data
6,5,49,7,8,1,0.875,sushi_b,full_data
6,5,51,2,2,0,1,sushi_b,full_data
6,5,52,7,11,4,0.636363636363636,sushi_b,full_data
6,5,55,1,1,0,1,sushi_b,full_data
6,5,56,8,8,0,1,sushi_b,full_data
6,5,59,9,11,2,0.818181818181818,sushi_b,full_data
6,5,60,5,5,0,1,sushi_b,full_data
6,5,64,4,6,2,0.666666666666667,sushi_b,full_data
6,5,67,1,1,0,1,sushi_b,full_data
6,5,68,3,3,0,1,sushi_b,full_data
6,5,69,7,7,0,1,sushi_b,full_data
6,5,70,0,1,1,0,sushi_b,full_data
6,5,74,3,3,0,1,sushi_b,full_data
6,5,75,4,5,1,0.8,sushi_b,full_data
6,5,77,2,2,0,1,sushi_b,full_data
6,5,78,6,9,3,0.666666666666667,sushi_b,full_data
6,5,80,2,2,0,1,sushi_b,full_data
6,5,81,5,5,0,1,sushi_b,full_data
6,5,84,2,2,0,1,sushi_b,full_data
6,5,85,4,6,2,0.666666666666667,sushi_b,full_data
6,5,86,1,1,0,1,sushi_b,full_data
6,5,89,4,5,1,0.8,sushi_b,full_data
6,5,90,4,4,0,1,sushi_b,full_data
6,5,91,2,4,2,0.5,sushi_b,full_data
6,5,92,4,6,2,0.666666666666667,sushi_b,full_data
6,5,94,6,6,0,1,sushi_b,full_data
6,5,97,3,3,0,1,sushi_b,full_data
6,5,98,1,1,0,1,sushi_b,full_data
6,6,3,2,2,0,1,sushi_b,full_data
6,6,5,18,26,8,0.692307692307692,sushi_b,full_data
6,6,7,39,61,22,0.639344262295082,sushi_b,full_data
6,6,12,52,74,22,0.702702702702703,sushi_b,full_data
6,6,14,11,20,9,0.55,sushi_b,full_data
6,6,16,53,70,17,0.757142857142857,sushi_b,full_data
6,6,17,30,37,7,0.810810810810811,sushi_b,full_data
6,6,18,43,70,27,0.614285714285714,sushi_b,full_data
6,6,21,3,7,4,0.428571428571429,sushi_b,full_data
6,6,23,45,68,23,0.661764705882353,sushi_b,full_data
6,6,24,39,58,19,0.672413793103448,sushi_b,full_data
6,6,25,6,8,2,0.75,sushi_b,full_data
6,6,27,2,2,0,1,sushi_b,full_data
6,6,28,31,43,12,0.720930232558139,sushi_b,full_data
6,6,29,34,50,16,0.68,sushi_b,full_data
6,6,30,36,55,19,0.654545454545455,sushi_b,full_data
6,6,31,5,6,1,0.833333333333333,sushi_b,full_data
6,6,32,28,41,13,0.682926829268293,sushi_b,full_data
6,6,33,29,44,15,0.659090909090909,sushi_b,full_data
6,6,34,7,11,4,0.636363636363636,sushi_b,full_data
6,6,35,31,41,10,0.75609756097561,sushi_b,full_data
6,6,36,2,3,1,0.666666666666667,sushi_b,full_data
6,6,38,21,31,10,0.67741935483871,sushi_b,full_data
6,6,39,17,26,9,0.653846153846154,sushi_b,full_data
6,6,40,18,23,5,0.782608695652174,sushi_b,full_data
6,6,42,14,17,3,0.823529411764706,sushi_b,full_data
6,6,43,11,17,6,0.647058823529412,sushi_b,full_data
6,6,44,16,19,3,0.842105263157895,sushi_b,full_data
6,6,45,3,8,5,0.375,sushi_b,full_data
6,6,46,7,15,8,0.466666666666667,sushi_b,full_data
6,6,48,20,28,8,0.714285714285714,sushi_b,full_data
6,6,49,21,25,4,0.84,sushi_b,full_data
6,6,50,14,17,3,0.823529411764706,sushi_b,full_data
6,6,51,16,24,8,0.666666666666667,sushi_b,full_data
6,6,52,14,18,4,0.777777777777778,sushi_b,full_data
6,6,54,10,13,3,0.769230769230769,sushi_b,full_data
6,6,55,12,17,5,0.705882352941177,sushi_b,full_data
6,6,56,9,9,0,1,sushi_b,full_data
6,6,57,1,1,0,1,sushi_b,full_data
6,6,58,12,21,9,0.571428571428571,sushi_b,full_data
6,6,59,8,9,1,0.888888888888889,sushi_b,full_data
6,6,60,4,7,3,0.571428571428571,sushi_b,full_data
6,6,62,7,8,1,0.875,sushi_b,full_data
6,6,63,11,15,4,0.733333333333333,sushi_b,full_data
6,6,64,9,13,4,0.692307692307692,sushi_b,full_data
6,6,65,2,3,1,0.666666666666667,sushi_b,full_data
6,6,66,7,11,4,0.636363636363636,sushi_b,full_data
6,6,67,6,8,2,0.75,sushi_b,full_data
6,6,68,5,7,2,0.714285714285714,sushi_b,full_data
6,6,69,6,8,2,0.75,sushi_b,full_data
6,6,70,10,15,5,0.666666666666667,sushi_b,full_data
6,6,71,9,10,1,0.9,sushi_b,full_data
6,6,72,10,10,0,1,sushi_b,full_data
6,6,73,1,1,0,1,sushi_b,full_data
6,6,74,9,10,1,0.9,sushi_b,full_data
6,6,75,7,12,5,0.583333333333333,sushi_b,full_data
6,6,76,1,1,0,1,sushi_b,full_data
6,6,77,8,11,3,0.727272727272727,sushi_b,full_data
6,6,78,6,8,2,0.75,sushi_b,full_data
6,6,80,3,6,3,0.5,sushi_b,full_data
6,6,81,2,2,0,1,sushi_b,full_data
6,6,82,6,6,0,1,sushi_b,full_data
6,6,83,2,3,1,0.666666666666667,sushi_b,full_data
6,6,84,7,9,2,0.777777777777778,sushi_b,full_data
6,6,85,1,1,0,1,sushi_b,full_data
6,6,86,4,4,0,1,sushi_b,full_data
6,6,87,5,8,3,0.625,sushi_b,full_data
6,6,89,0,1,1,0,sushi_b,full_data
6,6,90,2,2,0,1,sushi_b,full_data
6,6,91,3,7,4,0.428571428571429,sushi_b,full_data
6,6,92,1,2,1,0.5,sushi_b,full_data
6,6,93,6,6,0,1,sushi_b,full_data
6,6,94,2,3,1,0.666666666666667,sushi_b,full_data
6,6,95,1,2,1,0.5,sushi_b,full_data
6,6,96,1,1,0,1,sushi_b,full_data
6,6,97,2,2,0,1,sushi_b,full_data
6,6,98,2,3,1,0.666666666666667,sushi_b,full_data
6,6,99,3,3,0,1,sushi_b,full_data
6,7,17,10,16,6,0.625,sushi_b,full_data
6,7,24,3,5,2,0.6,sushi_b,full_data
6,7,28,1,1,0,1,sushi_b,full_data
6,7,29,0,1,1,0,sushi_b,full_data
6,7,33,1,1,0,1,sushi_b,full_data
6,7,35,1,1,0,1,sushi_b,full_data
6,7,40,1,3,2,0.333333333333333,sushi_b,full_data
6,7,42,4,5,1,0.8,sushi_b,full_data
6,7,48,0,1,1,0,sushi_b,full_data
6,7,49,3,3,0,1,sushi_b,full_data
6,7,52,1,3,2,0.333333333333333,sushi_b,full_data
6,7,56,4,4,0,1,sushi_b,full_data
6,7,58,0,1,1,0,sushi_b,full_data
6,7,59,6,9,3,0.666666666666667,sushi_b,full_data
6,7,60,2,2,0,1,sushi_b,full_data
6,7,64,2,2,0,1,sushi_b,full_data
6,7,68,1,1,0,1,sushi_b,full_data
6,7,69,1,1,0,1,sushi_b,full_data
6,7,70,1,1,0,1,sushi_b,full_data
6,7,74,0,2,2,0,sushi_b,full_data
6,7,75,1,1,0,1,sushi_b,full_data
6,7,77,1,1,0,1,sushi_b,full_data
6,7,78,2,2,0,1,sushi_b,full_data
6,7,83,1,1,0,1,sushi_b,full_data
6,7,84,0,1,1,0,sushi_b,full_data
6,7,85,0,1,1,0,sushi_b,full_data
6,7,89,3,3,0,1,sushi_b,full_data
6,7,90,2,2,0,1,sushi_b,full_data
6,7,91,1,1,0,1,sushi_b,full_data
6,7,92,1,1,0,1,sushi_b,full_data
6,7,93,0,1,1,0,sushi_b,full_data
6,7,94,3,4,1,0.75,sushi_b,full_data
6,7,97,5,5,0,1,sushi_b,full_data
6,7,99,2,2,0,1,sushi_b,full_data
6,8,0,5,8,3,0.625,sushi_b,full_data
6,8,1,3,4,1,0.75,sushi_b,full_data
6,8,3,27,37,10,0.72972972972973,sushi_b,full_data
6,8,4,11,18,7,0.611111111111111,sushi_b,full_data
6,8,5,56,76,20,0.736842105263158,sushi_b,full_data
6,8,7,107,133,26,0.804511278195489,sushi_b,full_data
6,8,10,18,27,9,0.666666666666667,sushi_b,full_data
6,8,12,63,80,17,0.7875,sushi_b,full_data
6,8,14,61,77,16,0.792207792207792,sushi_b,full_data
6,8,16,53,66,13,0.803030303030303,sushi_b,full_data
6,8,17,0,1,1,0,sushi_b,full_data
6,8,18,57,70,13,0.814285714285714,sushi_b,full_data
6,8,20,1,1,0,1,sushi_b,full_data
6,8,21,24,32,8,0.75,sushi_b,full_data
6,8,22,6,9,3,0.666666666666667,sushi_b,full_data
6,8,23,21,25,4,0.84,sushi_b,full_data
6,8,24,17,19,2,0.894736842105263,sushi_b,full_data
6,8,25,24,31,7,0.774193548387097,sushi_b,full_data
6,8,26,6,7,1,0.857142857142857,sushi_b,full_data
6,8,27,20,25,5,0.8,sushi_b,full_data
6,8,28,7,7,0,1,sushi_b,full_data
6,8,29,11,15,4,0.733333333333333,sushi_b,full_data
6,8,30,28,34,6,0.823529411764706,sushi_b,full_data
6,8,31,24,26,2,0.923076923076923,sushi_b,full_data
6,8,32,30,37,7,0.810810810810811,sushi_b,full_data
6,8,33,13,16,3,0.8125,sushi_b,full_data
6,8,34,39,44,5,0.886363636363636,sushi_b,full_data
6,8,35,9,11,2,0.818181818181818,sushi_b,full_data
6,8,36,11,13,2,0.846153846153846,sushi_b,full_data
6,8,38,26,29,3,0.896551724137931,sushi_b,full_data
6,8,39,36,44,8,0.818181818181818,sushi_b,full_data
6,8,41,1,1,0,1,sushi_b,full_data
6,8,43,19,21,2,0.904761904761905,sushi_b,full_data
6,8,44,23,29,6,0.793103448275862,sushi_b,full_data
6,8,45,12,21,9,0.571428571428571,sushi_b,full_data
6,8,46,24,28,4,0.857142857142857,sushi_b,full_data
6,8,48,6,10,4,0.6,sushi_b,full_data
6,8,49,2,3,1,0.666666666666667,sushi_b,full_data
6,8,50,13,15,2,0.866666666666667,sushi_b,full_data
6,8,51,20,24,4,0.833333333333333,sushi_b,full_data
6,8,52,2,2,0,1,sushi_b,full_data
6,8,54,16,23,7,0.695652173913043,sushi_b,full_data
6,8,55,3,3,0,1,sushi_b,full_data
6,8,57,5,8,3,0.625,sushi_b,full_data
6,8,58,7,7,0,1,sushi_b,full_data
6,8,62,5,5,0,1,sushi_b,full_data
6,8,63,7,8,1,0.875,sushi_b,full_data
6,8,64,1,1,0,1,sushi_b,full_data
6,8,65,5,6,1,0.833333333333333,sushi_b,full_data
6,8,66,6,7,1,0.857142857142857,sushi_b,full_data
6,8,67,2,3,1,0.666666666666667,sushi_b,full_data
6,8,68,1,1,0,1,sushi_b,full_data
6,8,70,3,3,0,1,sushi_b,full_data
6,8,71,9,10,1,0.9,sushi_b,full_data
6,8,72,6,8,2,0.75,sushi_b,full_data
6,8,73,3,5,2,0.6,sushi_b,full_data
6,8,76,7,10,3,0.7,sushi_b,full_data
6,8,77,3,3,0,1,sushi_b,full_data
6,8,80,1,1,0,1,sushi_b,full_data
6,8,82,3,5,2,0.6,sushi_b,full_data
6,8,83,0,1,1,0,sushi_b,full_data
6,8,87,4,4,0,1,sushi_b,full_data
6,8,88,5,6,1,0.833333333333333,sushi_b,full_data
6,8,91,4,4,0,1,sushi_b,full_data
6,8,95,5,8,3,0.625,sushi_b,full_data
6,8,96,3,3,0,1,sushi_b,full_data
6,8,99,2,2,0,1,sushi_b,full_data
6,9,0,1,4,3,0.25,sushi_b,full_data
6,9,3,11,18,7,0.611111111111111,sushi_b,full_data
6,9,4,7,9,2,0.777777777777778,sushi_b,full_data
6,9,5,40,63,23,0.634920634920635,sushi_b,full_data
6,9,7,56,75,19,0.746666666666667,sushi_b,full_data
6,9,10,6,11,5,0.545454545454545,sushi_b,full_data
6,9,12,46,66,20,0.696969696969697,sushi_b,full_data
6,9,14,36,51,15,0.705882352941177,sushi_b,full_data
6,9,16,51,63,12,0.80952380952381,sushi_b,full_data
6,9,17,3,3,0,1,sushi_b,full_data
6,9,18,42,62,20,0.67741935483871,sushi_b,full_data
6,9,21,19,30,11,0.633333333333333,sushi_b,full_data
6,9,22,3,7,4,0.428571428571429,sushi_b,full_data
6,9,23,35,44,9,0.795454545454545,sushi_b,full_data
6,9,24,16,21,5,0.761904761904762,sushi_b,full_data
6,9,25,18,31,13,0.580645161290323,sushi_b,full_data
6,9,26,1,1,0,1,sushi_b,full_data
6,9,27,9,14,5,0.642857142857143,sushi_b,full_data
6,9,28,14,17,3,0.823529411764706,sushi_b,full_data
6,9,29,19,20,1,0.95,sushi_b,full_data
6,9,30,40,48,8,0.833333333333333,sushi_b,full_data
6,9,31,15,23,8,0.652173913043478,sushi_b,full_data
6,9,32,25,30,5,0.833333333333333,sushi_b,full_data
6,9,33,26,32,6,0.8125,sushi_b,full_data
6,9,34,19,28,9,0.678571428571429,sushi_b,full_data
6,9,35,24,31,7,0.774193548387097,sushi_b,full_data
6,9,36,8,11,3,0.727272727272727,sushi_b,full_data
6,9,38,30,41,11,0.731707317073171,sushi_b,full_data
6,9,39,17,22,5,0.772727272727273,sushi_b,full_data
6,9,40,2,3,1,0.666666666666667,sushi_b,full_data
6,9,41,2,2,0,1,sushi_b,full_data
6,9,42,7,7,0,1,sushi_b,full_data
6,9,43,22,31,9,0.709677419354839,sushi_b,full_data
6,9,44,18,20,2,0.9,sushi_b,full_data
6,9,45,10,13,3,0.769230769230769,sushi_b,full_data
6,9,46,21,26,5,0.807692307692308,sushi_b,full_data
6,9,48,14,17,3,0.823529411764706,sushi_b,full_data
6,9,49,3,4,1,0.75,sushi_b,full_data
6,9,50,27,39,12,0.692307692307692,sushi_b,full_data
6,9,51,14,19,5,0.736842105263158,sushi_b,full_data
6,9,52,4,4,0,1,sushi_b,full_data
6,9,54,7,10,3,0.7,sushi_b,full_data
6,9,55,7,10,3,0.7,sushi_b,full_data
6,9,56,1,1,0,1,sushi_b,full_data
6,9,57,6,7,1,0.857142857142857,sushi_b,full_data
6,9,58,5,9,4,0.555555555555556,sushi_b,full_data
6,9,62,11,15,4,0.733333333333333,sushi_b,full_data
6,9,63,11,14,3,0.785714285714286,sushi_b,full_data
6,9,64,2,2,0,1,sushi_b,full_data
6,9,65,7,11,4,0.636363636363636,sushi_b,full_data
6,9,66,10,10,0,1,sushi_b,full_data
6,9,67,1,2,1,0.5,sushi_b,full_data
6,9,68,4,4,0,1,sushi_b,full_data
6,9,70,2,6,4,0.333333333333333,sushi_b,full_data
6,9,71,13,18,5,0.722222222222222,sushi_b,full_data
6,9,72,6,10,4,0.6,sushi_b,full_data
6,9,73,1,3,2,0.333333333333333,sushi_b,full_data
6,9,74,4,4,0,1,sushi_b,full_data
6,9,75,4,4,0,1,sushi_b,full_data
6,9,77,7,7,0,1,sushi_b,full_data
6,9,78,0,1,1,0,sushi_b,full_data
6,9,80,2,2,0,1,sushi_b,full_data
6,9,82,5,5,0,1,sushi_b,full_data
6,9,83,2,2,0,1,sushi_b,full_data
6,9,87,3,3,0,1,sushi_b,full_data
6,9,88,0,2,2,0,sushi_b,full_data
6,9,95,8,12,4,0.666666666666667,sushi_b,full_data
6,9,96,3,3,0,1,sushi_b,full_data
6,9,97,1,1,0,1,sushi_b,full_data
6,9,98,1,1,0,1,sushi_b,full_data
6,9,99,4,4,0,1,sushi_b,full_data
6,10,7,2,3,1,0.666666666666667,sushi_b,full_data
6,10,12,6,7,1,0.857142857142857,sushi_b,full_data
6,10,16,12,17,5,0.705882352941177,sushi_b,full_data
6,10,17,64,80,16,0.8,sushi_b,full_data
6,10,18,7,10,3,0.7,sushi_b,full_data
6,10,23,18,26,8,0.692307692307692,sushi_b,full_data
6,10,24,26,34,8,0.764705882352941,sushi_b,full_data
6,10,28,36,48,12,0.75,sushi_b,full_data
6,10,29,24,34,10,0.705882352941177,sushi_b,full_data
6,10,30,7,9,2,0.777777777777778,sushi_b,full_data
6,10,32,4,5,1,0.8,sushi_b,full_data
6,10,33,16,19,3,0.842105263157895,sushi_b,full_data
6,10,35,15,18,3,0.833333333333333,sushi_b,full_data
6,10,38,4,8,4,0.5,sushi_b,full_data
6,10,39,1,1,0,1,sushi_b,full_data
6,10,40,27,32,5,0.84375,sushi_b,full_data
6,10,42,29,36,7,0.805555555555556,sushi_b,full_data
6,10,43,1,1,0,1,sushi_b,full_data
6,10,44,1,2,1,0.5,sushi_b,full_data
6,10,46,1,1,0,1,sushi_b,full_data
6,10,48,10,11,1,0.909090909090909,sushi_b,full_data
6,10,49,20,21,1,0.952380952380952,sushi_b,full_data
6,10,50,4,5,1,0.8,sushi_b,full_data
6,10,51,7,8,1,0.875,sushi_b,full_data
6,10,52,9,12,3,0.75,sushi_b,full_data
6,10,54,0,1,1,0,sushi_b,full_data
6,10,55,9,10,1,0.9,sushi_b,full_data
6,10,56,10,15,5,0.666666666666667,sushi_b,full_data
6,10,58,6,8,2,0.75,sushi_b,full_data
6,10,59,19,25,6,0.76,sushi_b,full_data
6,10,60,13,18,5,0.722222222222222,sushi_b,full_data
6,10,63,2,3,1,0.666666666666667,sushi_b,full_data
6,10,64,8,15,7,0.533333333333333,sushi_b,full_data
6,10,66,2,3,1,0.666666666666667,sushi_b,full_data
6,10,67,4,8,4,0.5,sushi_b,full_data
6,10,68,6,7,1,0.857142857142857,sushi_b,full_data
6,10,69,7,8,1,0.875,sushi_b,full_data
6,10,70,4,6,2,0.666666666666667,sushi_b,full_data
6,10,72,1,2,1,0.5,sushi_b,full_data
6,10,74,9,11,2,0.818181818181818,sushi_b,full_data
6,10,75,9,10,1,0.9,sushi_b,full_data
6,10,77,2,2,0,1,sushi_b,full_data
6,10,78,5,6,1,0.833333333333333,sushi_b,full_data
6,10,80,3,3,0,1,sushi_b,full_data
6,10,81,4,5,1,0.8,sushi_b,full_data
6,10,82,1,2,1,0.5,sushi_b,full_data
6,10,83,1,3,2,0.333333333333333,sushi_b,full_data
6,10,84,4,4,0,1,sushi_b,full_data
6,10,85,1,2,1,0.5,sushi_b,full_data
6,10,86,3,3,0,1,sushi_b,full_data
6,10,87,2,2,0,1,sushi_b,full_data
6,10,89,4,5,1,0.8,sushi_b,full_data
6,10,90,4,4,0,1,sushi_b,full_data
6,10,91,2,2,0,1,sushi_b,full_data
6,10,92,5,5,0,1,sushi_b,full_data
6,10,93,2,5,3,0.4,sushi_b,full_data
6,10,94,9,9,0,1,sushi_b,full_data
6,10,97,6,7,1,0.857142857142857,sushi_b,full_data
6,10,98,2,3,1,0.666666666666667,sushi_b,full_data
6,10,99,4,5,1,0.8,sushi_b,full_data
6,11,3,1,1,0,1,sushi_b,full_data
6,11,5,7,10,3,0.7,sushi_b,full_data
6,11,7,26,39,13,0.666666666666667,sushi_b,full_data
6,11,12,39,53,14,0.735849056603774,sushi_b,full_data
6,11,14,18,22,4,0.818181818181818,sushi_b,full_data
6,11,16,59,77,18,0.766233766233766,sushi_b,full_data
6,11,17,37,46,9,0.804347826086957,sushi_b,full_data
6,11,18,38,47,9,0.808510638297872,sushi_b,full_data
6,11,21,2,2,0,1,sushi_b,full_data
6,11,23,57,66,9,0.863636363636364,sushi_b,full_data
6,11,24,59,74,15,0.797297297297297,sushi_b,full_data
6,11,25,5,8,3,0.625,sushi_b,full_data
6,11,27,1,1,0,1,sushi_b,full_data
6,11,28,33,42,9,0.785714285714286,sushi_b,full_data
6,11,29,22,31,9,0.709677419354839,sushi_b,full_data
6,11,30,28,38,10,0.736842105263158,sushi_b,full_data
6,11,31,1,4,3,0.25,sushi_b,full_data
6,11,32,14,24,10,0.583333333333333,sushi_b,full_data
6,11,33,29,37,8,0.783783783783784,sushi_b,full_data
6,11,34,2,4,2,0.5,sushi_b,full_data
6,11,35,32,42,10,0.761904761904762,sushi_b,full_data
6,11,36,0,1,1,0,sushi_b,full_data
6,11,38,15,24,9,0.625,sushi_b,full_data
6,11,39,8,10,2,0.8,sushi_b,full_data
6,11,40,20,23,3,0.869565217391304,sushi_b,full_data
6,11,42,21,24,3,0.875,sushi_b,full_data
6,11,43,8,9,1,0.888888888888889,sushi_b,full_data
6,11,44,6,8,2,0.75,sushi_b,full_data
6,11,45,4,5,1,0.8,sushi_b,full_data
6,11,46,9,10,1,0.9,sushi_b,full_data
6,11,48,12,18,6,0.666666666666667,sushi_b,full_data
6,11,49,15,17,2,0.882352941176471,sushi_b,full_data
6,11,50,11,16,5,0.6875,sushi_b,full_data
6,11,51,18,23,5,0.782608695652174,sushi_b,full_data
6,11,52,20,20,0,1,sushi_b,full_data
6,11,54,7,8,1,0.875,sushi_b,full_data
6,11,55,8,9,1,0.888888888888889,sushi_b,full_data
6,11,56,18,22,4,0.818181818181818,sushi_b,full_data
6,11,57,1,1,0,1,sushi_b,full_data
6,11,58,5,9,4,0.555555555555556,sushi_b,full_data
6,11,59,6,8,2,0.75,sushi_b,full_data
6,11,60,12,12,0,1,sushi_b,full_data
6,11,62,1,4,3,0.25,sushi_b,full_data
6,11,63,8,9,1,0.888888888888889,sushi_b,full_data
6,11,64,12,14,2,0.857142857142857,sushi_b,full_data
6,11,65,3,3,0,1,sushi_b,full_data
6,11,66,9,10,1,0.9,sushi_b,full_data
6,11,67,9,10,1,0.9,sushi_b,full_data
6,11,68,6,12,6,0.5,sushi_b,full_data
6,11,69,7,8,1,0.875,sushi_b,full_data
6,11,70,10,12,2,0.833333333333333,sushi_b,full_data
6,11,71,6,8,2,0.75,sushi_b,full_data
6,11,72,4,4,0,1,sushi_b,full_data
6,11,73,1,1,0,1,sushi_b,full_data
6,11,74,9,9,0,1,sushi_b,full_data
6,11,75,7,8,1,0.875,sushi_b,full_data
6,11,77,7,8,1,0.875,sushi_b,full_data
6,11,78,4,4,0,1,sushi_b,full_data
6,11,80,7,7,0,1,sushi_b,full_data
6,11,81,2,2,0,1,sushi_b,full_data
6,11,82,5,5,0,1,sushi_b,full_data
6,11,83,2,2,0,1,sushi_b,full_data
6,11,84,3,4,1,0.75,sushi_b,full_data
6,11,85,3,3,0,1,sushi_b,full_data
6,11,86,1,1,0,1,sushi_b,full_data
6,11,87,8,9,1,0.888888888888889,sushi_b,full_data
6,11,89,2,3,1,0.666666666666667,sushi_b,full_data
6,11,90,3,3,0,1,sushi_b,full_data
6,11,91,5,9,4,0.555555555555556,sushi_b,full_data
6,11,92,3,3,0,1,sushi_b,full_data
6,11,93,3,3,0,1,sushi_b,full_data
6,11,94,4,4,0,1,sushi_b,full_data
6,11,95,2,2,0,1,sushi_b,full_data
6,11,97,4,4,0,1,sushi_b,full_data
6,11,98,7,7,0,1,sushi_b,full_data
6,11,99,3,3,0,1,sushi_b,full_data
6,12,17,2,3,1,0.666666666666667,sushi_b,full_data
6,12,40,2,3,1,0.666666666666667,sushi_b,full_data
6,12,42,0,1,1,0,sushi_b,full_data
6,12,52,0,1,1,0,sushi_b,full_data
6,12,56,0,1,1,0,sushi_b,full_data
6,12,59,2,2,0,1,sushi_b,full_data
6,12,60,2,2,0,1,sushi_b,full_data
6,12,69,1,1,0,1,sushi_b,full_data
6,12,77,0,1,1,0,sushi_b,full_data
6,12,80,0,1,1,0,sushi_b,full_data
6,12,81,1,1,0,1,sushi_b,full_data
6,12,85,4,4,0,1,sushi_b,full_data
6,12,89,1,1,0,1,sushi_b,full_data
6,12,90,1,1,0,1,sushi_b,full_data
6,13,3,4,4,0,1,sushi_b,full_data
6,13,4,0,1,1,0,sushi_b,full_data
6,13,5,23,31,8,0.741935483870968,sushi_b,full_data
6,13,7,31,45,14,0.688888888888889,sushi_b,full_data
6,13,10,2,3,1,0.666666666666667,sushi_b,full_data
6,13,12,51,72,21,0.708333333333333,sushi_b,full_data
6,13,14,18,30,12,0.6,sushi_b,full_data
6,13,16,46,61,15,0.754098360655738,sushi_b,full_data
6,13,17,24,32,8,0.75,sushi_b,full_data
6,13,18,36,43,7,0.837209302325581,sushi_b,full_data
6,13,21,5,7,2,0.714285714285714,sushi_b,full_data
6,13,23,37,51,14,0.725490196078431,sushi_b,full_data
6,13,24,39,44,5,0.886363636363636,sushi_b,full_data
6,13,25,6,11,5,0.545454545454545,sushi_b,full_data
6,13,27,1,2,1,0.5,sushi_b,full_data
6,13,28,27,33,6,0.818181818181818,sushi_b,full_data
6,13,29,33,44,11,0.75,sushi_b,full_data
6,13,30,34,42,8,0.80952380952381,sushi_b,full_data
6,13,31,7,10,3,0.7,sushi_b,full_data
6,13,32,21,26,5,0.807692307692308,sushi_b,full_data
6,13,33,27,32,5,0.84375,sushi_b,full_data
6,13,34,9,14,5,0.642857142857143,sushi_b,full_data
6,13,35,16,22,6,0.727272727272727,sushi_b,full_data
6,13,36,2,6,4,0.333333333333333,sushi_b,full_data
6,13,38,16,23,7,0.695652173913043,sushi_b,full_data
6,13,39,16,19,3,0.842105263157895,sushi_b,full_data
6,13,40,4,6,2,0.666666666666667,sushi_b,full_data
6,13,42,14,17,3,0.823529411764706,sushi_b,full_data
6,13,43,8,12,4,0.666666666666667,sushi_b,full_data
6,13,44,7,16,9,0.4375,sushi_b,full_data
6,13,45,3,6,3,0.5,sushi_b,full_data
6,13,46,8,12,4,0.666666666666667,sushi_b,full_data
6,13,48,20,30,10,0.666666666666667,sushi_b,full_data
6,13,49,9,13,4,0.692307692307692,sushi_b,full_data
6,13,50,13,22,9,0.590909090909091,sushi_b,full_data
6,13,51,21,28,7,0.75,sushi_b,full_data
6,13,52,9,10,1,0.9,sushi_b,full_data
6,13,54,10,12,2,0.833333333333333,sushi_b,full_data
6,13,55,5,6,1,0.833333333333333,sushi_b,full_data
6,13,56,3,5,2,0.6,sushi_b,full_data
6,13,57,1,3,2,0.333333333333333,sushi_b,full_data
6,13,58,12,13,1,0.923076923076923,sushi_b,full_data
6,13,59,4,5,1,0.8,sushi_b,full_data
6,13,60,6,8,2,0.75,sushi_b,full_data
6,13,62,10,10,0,1,sushi_b,full_data
6,13,63,6,8,2,0.75,sushi_b,full_data
6,13,64,9,9,0,1,sushi_b,full_data
6,13,65,1,3,2,0.333333333333333,sushi_b,full_data
6,13,66,6,9,3,0.666666666666667,sushi_b,full_data
6,13,67,8,10,2,0.8,sushi_b,full_data
6,13,68,6,6,0,1,sushi_b,full_data
6,13,69,5,6,1,0.833333333333333,sushi_b,full_data
6,13,70,3,8,5,0.375,sushi_b,full_data
6,13,71,7,12,5,0.583333333333333,sushi_b,full_data
6,13,72,4,8,4,0.5,sushi_b,full_data
6,13,73,1,1,0,1,sushi_b,full_data
6,13,74,7,9,2,0.777777777777778,sushi_b,full_data
6,13,75,3,3,0,1,sushi_b,full_data
6,13,77,3,6,3,0.5,sushi_b,full_data
6,13,78,1,1,0,1,sushi_b,full_data
6,13,80,2,3,1,0.666666666666667,sushi_b,full_data
6,13,81,2,2,0,1,sushi_b,full_data
6,13,82,9,10,1,0.9,sushi_b,full_data
6,13,83,2,3,1,0.666666666666667,sushi_b,full_data
6,13,84,1,1,0,1,sushi_b,full_data
6,13,85,0,1,1,0,sushi_b,full_data
6,13,87,2,3,1,0.666666666666667,sushi_b,full_data
6,13,88,1,2,1,0.5,sushi_b,full_data
6,13,89,2,2,0,1,sushi_b,full_data
6,13,91,1,4,3,0.25,sushi_b,full_data
6,13,92,1,1,0,1,sushi_b,full_data
6,13,93,2,2,0,1,sushi_b,full_data
6,13,94,1,1,0,1,sushi_b,full_data
6,13,95,4,4,0,1,sushi_b,full_data
6,13,97,1,1,0,1,sushi_b,full_data
6,13,99,2,4,2,0.5,sushi_b,full_data
6,14,17,18,26,8,0.692307692307692,sushi_b,full_data
6,14,23,1,2,1,0.5,sushi_b,full_data
6,14,24,7,7,0,1,sushi_b,full_data
6,14,28,3,4,1,0.75,sushi_b,full_data
6,14,29,5,6,1,0.833333333333333,sushi_b,full_data
6,14,40,4,5,1,0.8,sushi_b,full_data
6,14,42,4,6,2,0.666666666666667,sushi_b,full_data
6,14,48,1,1,0,1,sushi_b,full_data
6,14,49,2,3,1,0.666666666666667,sushi_b,full_data
6,14,52,3,3,0,1,sushi_b,full_data
6,14,56,1,1,0,1,sushi_b,full_data
6,14,59,6,8,2,0.75,sushi_b,full_data
6,14,60,6,8,2,0.75,sushi_b,full_data
6,14,64,1,2,1,0.5,sushi_b,full_data
6,14,66,3,3,0,1,sushi_b,full_data
6,14,69,4,4,0,1,sushi_b,full_data
6,14,70,1,1,0,1,sushi_b,full_data
6,14,74,1,3,2,0.333333333333333,sushi_b,full_data
6,14,75,1,1,0,1,sushi_b,full_data
6,14,77,2,2,0,1,sushi_b,full_data
6,14,78,1,2,1,0.5,sushi_b,full_data
6,14,81,1,1,0,1,sushi_b,full_data
6,14,84,1,1,0,1,sushi_b,full_data
6,14,86,0,1,1,0,sushi_b,full_data
6,14,89,1,1,0,1,sushi_b,full_data
6,14,90,2,2,0,1,sushi_b,full_data
6,14,91,0,1,1,0,sushi_b,full_data
6,14,92,1,1,0,1,sushi_b,full_data
6,14,93,0,1,1,0,sushi_b,full_data
6,14,94,1,1,0,1,sushi_b,full_data
6,14,97,1,1,0,1,sushi_b,full_data
6,15,0,1,1,0,1,sushi_b,full_data
6,15,3,6,14,8,0.428571428571429,sushi_b,full_data
6,15,4,4,4,0,1,sushi_b,full_data
6,15,5,31,40,9,0.775,sushi_b,full_data
6,15,7,44,68,24,0.647058823529412,sushi_b,full_data
6,15,10,2,4,2,0.5,sushi_b,full_data
6,15,12,63,88,25,0.715909090909091,sushi_b,full_data
6,15,14,39,50,11,0.78,sushi_b,full_data
6,15,16,54,69,15,0.782608695652174,sushi_b,full_data
6,15,17,6,6,0,1,sushi_b,full_data
6,15,18,39,58,19,0.672413793103448,sushi_b,full_data
6,15,21,10,17,7,0.588235294117647,sushi_b,full_data
6,15,22,1,1,0,1,sushi_b,full_data
6,15,23,36,42,6,0.857142857142857,sushi_b,full_data
6,15,24,18,24,6,0.75,sushi_b,full_data
6,15,25,13,19,6,0.684210526315789,sushi_b,full_data
6,15,27,5,8,3,0.625,sushi_b,full_data
6,15,28,20,24,4,0.833333333333333,sushi_b,full_data
6,15,29,12,19,7,0.631578947368421,sushi_b,full_data
6,15,30,22,36,14,0.611111111111111,sushi_b,full_data
6,15,31,12,20,8,0.6,sushi_b,full_data
6,15,32,26,29,3,0.896551724137931,sushi_b,full_data
6,15,33,18,23,5,0.782608695652174,sushi_b,full_data
6,15,34,18,22,4,0.818181818181818,sushi_b,full_data
6,15,35,16,21,5,0.761904761904762,sushi_b,full_data
6,15,36,7,8,1,0.875,sushi_b,full_data
6,15,38,20,33,13,0.606060606060606,sushi_b,full_data
6,15,39,16,21,5,0.761904761904762,sushi_b,full_data
6,15,40,0,1,1,0,sushi_b,full_data
6,15,42,8,8,0,1,sushi_b,full_data
6,15,43,12,15,3,0.8,sushi_b,full_data
6,15,44,14,17,3,0.823529411764706,sushi_b,full_data
6,15,45,5,6,1,0.833333333333333,sushi_b,full_data
6,15,46,12,18,6,0.666666666666667,sushi_b,full_data
6,15,48,13,16,3,0.8125,sushi_b,full_data
6,15,49,5,6,1,0.833333333333333,sushi_b,full_data
6,15,50,16,21,5,0.761904761904762,sushi_b,full_data
6,15,51,16,19,3,0.842105263157895,sushi_b,full_data
6,15,52,8,9,1,0.888888888888889,sushi_b,full_data
6,15,54,2,4,2,0.5,sushi_b,full_data
6,15,55,4,4,0,1,sushi_b,full_data
6,15,56,1,1,0,1,sushi_b,full_data
6,15,57,3,4,1,0.75,sushi_b,full_data
6,15,58,3,5,2,0.6,sushi_b,full_data
6,15,60,4,5,1,0.8,sushi_b,full_data
6,15,62,11,14,3,0.785714285714286,sushi_b,full_data
6,15,63,17,20,3,0.85,sushi_b,full_data
6,15,64,2,4,2,0.5,sushi_b,full_data
6,15,65,6,8,2,0.75,sushi_b,full_data
6,15,66,5,5,0,1,sushi_b,full_data
6,15,67,3,3,0,1,sushi_b,full_data
6,15,68,4,5,1,0.8,sushi_b,full_data
6,15,69,1,1,0,1,sushi_b,full_data
6,15,70,3,5,2,0.6,sushi_b,full_data
6,15,71,12,18,6,0.666666666666667,sushi_b,full_data
6,15,72,10,13,3,0.769230769230769,sushi_b,full_data
6,15,73,6,10,4,0.6,sushi_b,full_data
6,15,74,2,2,0,1,sushi_b,full_data
6,15,75,3,5,2,0.6,sushi_b,full_data
6,15,76,0,1,1,0,sushi_b,full_data
6,15,80,2,2,0,1,sushi_b,full_data
6,15,82,7,8,1,0.875,sushi_b,full_data
6,15,83,1,2,1,0.5,sushi_b,full_data
6,15,85,1,1,0,1,sushi_b,full_data
6,15,87,2,5,3,0.4,sushi_b,full_data
6,15,88,2,3,1,0.666666666666667,sushi_b,full_data
6,15,91,2,3,1,0.666666666666667,sushi_b,full_data
6,15,94,1,1,0,1,sushi_b,full_data
6,15,95,4,5,1,0.8,sushi_b,full_data
6,15,97,1,1,0,1,sushi_b,full_data
6,15,98,2,2,0,1,sushi_b,full_data
6,15,99,1,1,0,1,sushi_b,full_data
6,16,17,0,1,1,0,sushi_b,full_data
6,16,60,0,1,1,0,sushi_b,full_data
6,18,17,4,5,1,0.8,sushi_b,full_data
6,18,28,0,1,1,0,sushi_b,full_data
6,18,29,1,1,0,1,sushi_b,full_data
6,18,42,1,1,0,1,sushi_b,full_data
6,18,49,1,1,0,1,sushi_b,full_data
6,18,59,2,2,0,1,sushi_b,full_data
6,18,64,1,1,0,1,sushi_b,full_data
6,18,68,1,1,0,1,sushi_b,full_data
6,18,69,1,1,0,1,sushi_b,full_data
6,18,74,0,1,1,0,sushi_b,full_data
6,18,78,1,1,0,1,sushi_b,full_data
6,18,81,2,3,1,0.666666666666667,sushi_b,full_data
6,18,85,1,1,0,1,sushi_b,full_data
6,18,89,2,2,0,1,sushi_b,full_data
6,18,90,1,1,0,1,sushi_b,full_data
6,18,92,0,1,1,0,sushi_b,full_data
6,18,93,1,1,0,1,sushi_b,full_data
6,18,99,1,1,0,1,sushi_b,full_data
6,19,0,8,11,3,0.727272727272727,sushi_b,full_data
6,19,1,1,3,2,0.333333333333333,sushi_b,full_data
6,19,3,24,33,9,0.727272727272727,sushi_b,full_data
6,19,4,11,18,7,0.611111111111111,sushi_b,full_data
6,19,5,46,61,15,0.754098360655738,sushi_b,full_data
6,19,7,57,74,17,0.77027027027027,sushi_b,full_data
6,19,10,17,23,6,0.739130434782609,sushi_b,full_data
6,19,11,0,1,1,0,sushi_b,full_data
6,19,12,52,58,6,0.896551724137931,sushi_b,full_data
6,19,14,47,59,12,0.796610169491525,sushi_b,full_data
6,19,16,32,34,2,0.941176470588235,sushi_b,full_data
6,19,18,41,49,8,0.836734693877551,sushi_b,full_data
6,19,20,1,1,0,1,sushi_b,full_data
6,19,21,18,21,3,0.857142857142857,sushi_b,full_data
6,19,22,6,7,1,0.857142857142857,sushi_b,full_data
6,19,23,18,20,2,0.9,sushi_b,full_data
6,19,24,8,10,2,0.8,sushi_b,full_data
6,19,25,21,35,14,0.6,sushi_b,full_data
6,19,26,5,6,1,0.833333333333333,sushi_b,full_data
6,19,27,20,25,5,0.8,sushi_b,full_data
6,19,28,4,4,0,1,sushi_b,full_data
6,19,29,5,7,2,0.714285714285714,sushi_b,full_data
6,19,30,23,27,4,0.851851851851852,sushi_b,full_data
6,19,31,6,12,6,0.5,sushi_b,full_data
6,19,32,21,28,7,0.75,sushi_b,full_data
6,19,33,9,11,2,0.818181818181818,sushi_b,full_data
6,19,34,27,33,6,0.818181818181818,sushi_b,full_data
6,19,35,10,11,1,0.909090909090909,sushi_b,full_data
6,19,36,17,18,1,0.944444444444444,sushi_b,full_data
6,19,38,18,22,4,0.818181818181818,sushi_b,full_data
6,19,39,17,21,4,0.80952380952381,sushi_b,full_data
6,19,41,0,1,1,0,sushi_b,full_data
6,19,43,12,15,3,0.8,sushi_b,full_data
6,19,44,12,16,4,0.75,sushi_b,full_data
6,19,45,10,16,6,0.625,sushi_b,full_data
6,19,46,18,20,2,0.9,sushi_b,full_data
6,19,48,5,7,2,0.714285714285714,sushi_b,full_data
6,19,49,0,1,1,0,sushi_b,full_data
6,19,50,18,21,3,0.857142857142857,sushi_b,full_data
6,19,51,9,11,2,0.818181818181818,sushi_b,full_data
6,19,54,9,12,3,0.75,sushi_b,full_data
6,19,55,5,5,0,1,sushi_b,full_data
6,19,57,7,9,2,0.777777777777778,sushi_b,full_data
6,19,58,7,7,0,1,sushi_b,full_data
6,19,62,7,8,1,0.875,sushi_b,full_data
6,19,63,13,14,1,0.928571428571429,sushi_b,full_data
6,19,64,1,1,0,1,sushi_b,full_data
6,19,65,3,5,2,0.6,sushi_b,full_data
6,19,66,5,5,0,1,sushi_b,full_data
6,19,67,2,3,1,0.666666666666667,sushi_b,full_data
6,19,70,4,4,0,1,sushi_b,full_data
6,19,71,4,6,2,0.666666666666667,sushi_b,full_data
6,19,72,3,5,2,0.6,sushi_b,full_data
6,19,76,3,3,0,1,sushi_b,full_data
6,19,82,2,2,0,1,sushi_b,full_data
6,19,84,1,1,0,1,sushi_b,full_data
6,19,87,1,5,4,0.2,sushi_b,full_data
6,19,88,4,5,1,0.8,sushi_b,full_data
6,19,95,2,2,0,1,sushi_b,full_data
6,19,96,2,3,1,0.666666666666667,sushi_b,full_data
6,19,98,1,1,0,1,sushi_b,full_data
6,20,5,3,7,4,0.428571428571429,sushi_b,full_data
6,20,7,11,18,7,0.611111111111111,sushi_b,full_data
6,20,12,25,39,14,0.641025641025641,sushi_b,full_data
6,20,14,7,10,3,0.7,sushi_b,full_data
6,20,16,31,42,11,0.738095238095238,sushi_b,full_data
6,20,17,38,43,5,0.883720930232558,sushi_b,full_data
6,20,18,18,28,10,0.642857142857143,sushi_b,full_data
6,20,21,0,1,1,0,sushi_b,full_data
6,20,23,31,37,6,0.837837837837838,sushi_b,full_data
6,20,24,35,41,6,0.853658536585366,sushi_b,full_data
6,20,25,2,2,0,1,sushi_b,full_data
6,20,28,43,48,5,0.895833333333333,sushi_b,full_data
6,20,29,25,34,9,0.735294117647059,sushi_b,full_data
6,20,30,27,32,5,0.84375,sushi_b,full_data
6,20,32,7,11,4,0.636363636363636,sushi_b,full_data
6,20,33,22,31,9,0.709677419354839,sushi_b,full_data
6,20,34,3,4,1,0.75,sushi_b,full_data
6,20,35,11,19,8,0.578947368421053,sushi_b,full_data
6,20,38,14,17,3,0.823529411764706,sushi_b,full_data
6,20,39,4,6,2,0.666666666666667,sushi_b,full_data
6,20,40,12,17,5,0.705882352941177,sushi_b,full_data
6,20,42,16,20,4,0.8,sushi_b,full_data
6,20,43,3,3,0,1,sushi_b,full_data
6,20,44,7,10,3,0.7,sushi_b,full_data
6,20,45,2,2,0,1,sushi_b,full_data
6,20,46,7,9,2,0.777777777777778,sushi_b,full_data
6,20,48,16,20,4,0.8,sushi_b,full_data
6,20,49,15,15,0,1,sushi_b,full_data
6,20,50,6,8,2,0.75,sushi_b,full_data
6,20,51,13,19,6,0.684210526315789,sushi_b,full_data
6,20,52,10,14,4,0.714285714285714,sushi_b,full_data
6,20,54,4,6,2,0.666666666666667,sushi_b,full_data
6,20,55,12,12,0,1,sushi_b,full_data
6,20,56,5,7,2,0.714285714285714,sushi_b,full_data
6,20,58,9,13,4,0.692307692307692,sushi_b,full_data
6,20,59,5,7,2,0.714285714285714,sushi_b,full_data
6,20,60,11,14,3,0.785714285714286,sushi_b,full_data
6,20,62,4,4,0,1,sushi_b,full_data
6,20,63,4,4,0,1,sushi_b,full_data
6,20,64,11,15,4,0.733333333333333,sushi_b,full_data
6,20,65,2,4,2,0.5,sushi_b,full_data
6,20,66,6,6,0,1,sushi_b,full_data
6,20,67,2,3,1,0.666666666666667,sushi_b,full_data
6,20,68,5,7,2,0.714285714285714,sushi_b,full_data
6,20,69,9,10,1,0.9,sushi_b,full_data
6,20,70,7,9,2,0.777777777777778,sushi_b,full_data
6,20,71,1,3,2,0.333333333333333,sushi_b,full_data
6,20,72,2,2,0,1,sushi_b,full_data
6,20,74,6,8,2,0.75,sushi_b,full_data
6,20,75,8,10,2,0.8,sushi_b,full_data
6,20,77,7,10,3,0.7,sushi_b,full_data
6,20,78,4,5,1,0.8,sushi_b,full_data
6,20,80,2,3,1,0.666666666666667,sushi_b,full_data
6,20,81,1,1,0,1,sushi_b,full_data
6,20,82,2,3,1,0.666666666666667,sushi_b,full_data
6,20,83,5,5,0,1,sushi_b,full_data
6,20,84,3,3,0,1,sushi_b,full_data
6,20,85,4,4,0,1,sushi_b,full_data
6,20,86,5,6,1,0.833333333333333,sushi_b,full_data
6,20,87,5,5,0,1,sushi_b,full_data
6,20,89,2,2,0,1,sushi_b,full_data
6,20,90,5,6,1,0.833333333333333,sushi_b,full_data
6,20,91,4,4,0,1,sushi_b,full_data
6,20,92,1,4,3,0.25,sushi_b,full_data
6,20,93,2,2,0,1,sushi_b,full_data
6,20,94,2,2,0,1,sushi_b,full_data
6,20,95,0,1,1,0,sushi_b,full_data
6,20,97,3,3,0,1,sushi_b,full_data
6,20,98,6,6,0,1,sushi_b,full_data
6,20,99,2,3,1,0.666666666666667,sushi_b,full_data
6,21,12,2,2,0,1,sushi_b,full_data
6,21,16,3,4,1,0.75,sushi_b,full_data
6,21,17,30,37,7,0.810810810810811,sushi_b,full_data
6,21,18,1,1,0,1,sushi_b,full_data
6,21,23,7,13,6,0.538461538461538,sushi_b,full_data
6,21,24,15,21,6,0.714285714285714,sushi_b,full_data
6,21,28,18,20,2,0.9,sushi_b,full_data
6,21,29,14,19,5,0.736842105263158,sushi_b,full_data
6,21,30,1,2,1,0.5,sushi_b,full_data
6,21,33,1,3,2,0.333333333333333,sushi_b,full_data
6,21,35,9,12,3,0.75,sushi_b,full_data
6,21,38,1,1,0,1,sushi_b,full_data
6,21,40,8,12,4,0.666666666666667,sushi_b,full_data
6,21,42,13,15,2,0.866666666666667,sushi_b,full_data
6,21,44,0,1,1,0,sushi_b,full_data
6,21,48,3,4,1,0.75,sushi_b,full_data
6,21,49,8,11,3,0.727272727272727,sushi_b,full_data
6,21,51,3,4,1,0.75,sushi_b,full_data
6,21,52,9,12,3,0.75,sushi_b,full_data
6,21,55,1,1,0,1,sushi_b,full_data
6,21,56,3,5,2,0.6,sushi_b,full_data
6,21,58,1,1,0,1,sushi_b,full_data
6,21,59,4,8,4,0.5,sushi_b,full_data
6,21,60,5,5,0,1,sushi_b,full_data
6,21,63,0,1,1,0,sushi_b,full_data
6,21,64,5,6,1,0.833333333333333,sushi_b,full_data
6,21,66,3,4,1,0.75,sushi_b,full_data
6,21,67,2,2,0,1,sushi_b,full_data
6,21,68,3,3,0,1,sushi_b,full_data
6,21,69,2,3,1,0.666666666666667,sushi_b,full_data
6,21,70,2,2,0,1,sushi_b,full_data
6,21,72,1,2,1,0.5,sushi_b,full_data
6,21,74,2,3,1,0.666666666666667,sushi_b,full_data
6,21,75,1,2,1,0.5,sushi_b,full_data
6,21,77,2,2,0,1,sushi_b,full_data
6,21,78,1,1,0,1,sushi_b,full_data
6,21,80,1,1,0,1,sushi_b,full_data
6,21,81,4,4,0,1,sushi_b,full_data
6,21,82,1,1,0,1,sushi_b,full_data
6,21,83,3,4,1,0.75,sushi_b,full_data
6,21,84,2,2,0,1,sushi_b,full_data
6,21,85,2,3,1,0.666666666666667,sushi_b,full_data
6,21,86,2,2,0,1,sushi_b,full_data
6,21,89,1,1,0,1,sushi_b,full_data
6,21,90,2,2,0,1,sushi_b,full_data
6,21,91,1,1,0,1,sushi_b,full_data
6,21,92,2,2,0,1,sushi_b,full_data
6,21,93,3,3,0,1,sushi_b,full_data
6,21,97,2,2,0,1,sushi_b,full_data
6,21,98,0,1,1,0,sushi_b,full_data
6,21,99,2,2,0,1,sushi_b,full_data
6,22,7,1,5,4,0.2,sushi_b,full_data
6,22,12,10,13,3,0.769230769230769,sushi_b,full_data
6,22,14,1,3,2,0.333333333333333,sushi_b,full_data
6,22,16,17,21,4,0.80952380952381,sushi_b,full_data
6,22,17,42,52,10,0.807692307692308,sushi_b,full_data
6,22,18,5,7,2,0.714285714285714,sushi_b,full_data
6,22,23,15,21,6,0.714285714285714,sushi_b,full_data
6,22,24,23,31,8,0.741935483870968,sushi_b,full_data
6,22,25,1,1,0,1,sushi_b,full_data
6,22,28,21,26,5,0.807692307692308,sushi_b,full_data
6,22,29,22,28,6,0.785714285714286,sushi_b,full_data
6,22,30,14,19,5,0.736842105263158,sushi_b,full_data
6,22,32,1,1,0,1,sushi_b,full_data
6,22,33,13,15,2,0.866666666666667,sushi_b,full_data
6,22,34,1,1,0,1,sushi_b,full_data
6,22,35,15,20,5,0.75,sushi_b,full_data
6,22,38,3,6,3,0.5,sushi_b,full_data
6,22,39,0,1,1,0,sushi_b,full_data
6,22,40,26,31,5,0.838709677419355,sushi_b,full_data
6,22,42,12,15,3,0.8,sushi_b,full_data
6,22,43,1,2,1,0.5,sushi_b,full_data
6,22,44,2,2,0,1,sushi_b,full_data
6,22,46,2,2,0,1,sushi_b,full_data
6,22,48,9,11,2,0.818181818181818,sushi_b,full_data
6,22,49,8,10,2,0.8,sushi_b,full_data
6,22,50,7,8,1,0.875,sushi_b,full_data
6,22,51,4,4,0,1,sushi_b,full_data
6,22,52,10,13,3,0.769230769230769,sushi_b,full_data
6,22,54,2,2,0,1,sushi_b,full_data
6,22,55,5,6,1,0.833333333333333,sushi_b,full_data
6,22,56,5,7,2,0.714285714285714,sushi_b,full_data
6,22,58,3,3,0,1,sushi_b,full_data
6,22,59,6,8,2,0.75,sushi_b,full_data
6,22,60,5,7,2,0.714285714285714,sushi_b,full_data
6,22,64,5,7,2,0.714285714285714,sushi_b,full_data
6,22,66,5,7,2,0.714285714285714,sushi_b,full_data
6,22,67,8,9,1,0.888888888888889,sushi_b,full_data
6,22,68,4,6,2,0.666666666666667,sushi_b,full_data
6,22,69,6,6,0,1,sushi_b,full_data
6,22,70,3,5,2,0.6,sushi_b,full_data
6,22,72,4,6,2,0.666666666666667,sushi_b,full_data
6,22,74,5,7,2,0.714285714285714,sushi_b,full_data
6,22,75,6,8,2,0.75,sushi_b,full_data
6,22,77,14,16,2,0.875,sushi_b,full_data
6,22,78,6,8,2,0.75,sushi_b,full_data
6,22,80,3,3,0,1,sushi_b,full_data
6,22,81,2,2,0,1,sushi_b,full_data
6,22,82,1,1,0,1,sushi_b,full_data
6,22,84,4,5,1,0.8,sushi_b,full_data
6,22,85,2,3,1,0.666666666666667,sushi_b,full_data
6,22,86,1,1,0,1,sushi_b,full_data
6,22,87,3,4,1,0.75,sushi_b,full_data
6,22,89,3,3,0,1,sushi_b,full_data
6,22,90,3,3,0,1,sushi_b,full_data
6,22,91,3,5,2,0.6,sushi_b,full_data
6,22,92,5,5,0,1,sushi_b,full_data
6,22,93,2,3,1,0.666666666666667,sushi_b,full_data
6,22,94,4,4,0,1,sushi_b,full_data
6,22,97,3,3,0,1,sushi_b,full_data
6,22,98,4,4,0,1,sushi_b,full_data
6,22,99,2,2,0,1,sushi_b,full_data
6,23,17,1,1,0,1,sushi_b,full_data
6,23,40,1,1,0,1,sushi_b,full_data
6,23,93,1,1,0,1,sushi_b,full_data
6,25,16,3,3,0,1,sushi_b,full_data
6,25,17,30,36,6,0.833333333333333,sushi_b,full_data
6,25,23,5,5,0,1,sushi_b,full_data
6,25,24,8,12,4,0.666666666666667,sushi_b,full_data
6,25,28,12,14,2,0.857142857142857,sushi_b,full_data
6,25,29,4,5,1,0.8,sushi_b,full_data
6,25,33,2,5,3,0.4,sushi_b,full_data
6,25,35,3,4,1,0.75,sushi_b,full_data
6,25,38,1,1,0,1,sushi_b,full_data
6,25,40,10,15,5,0.666666666666667,sushi_b,full_data
6,25,42,6,6,0,1,sushi_b,full_data
6,25,49,1,2,1,0.5,sushi_b,full_data
6,25,50,0,2,2,0,sushi_b,full_data
6,25,51,1,2,1,0.5,sushi_b,full_data
6,25,52,3,6,3,0.5,sushi_b,full_data
6,25,55,0,1,1,0,sushi_b,full_data
6,25,56,3,6,3,0.5,sushi_b,full_data
6,25,58,3,3,0,1,sushi_b,full_data
6,25,59,5,6,1,0.833333333333333,sushi_b,full_data
6,25,60,5,6,1,0.833333333333333,sushi_b,full_data
6,25,64,5,6,1,0.833333333333333,sushi_b,full_data
6,25,67,1,2,1,0.5,sushi_b,full_data
6,25,68,1,1,0,1,sushi_b,full_data
6,25,69,6,7,1,0.857142857142857,sushi_b,full_data
6,25,70,1,1,0,1,sushi_b,full_data
6,25,74,0,2,2,0,sushi_b,full_data
6,25,75,1,4,3,0.25,sushi_b,full_data
6,25,78,2,2,0,1,sushi_b,full_data
6,25,81,3,4,1,0.75,sushi_b,full_data
6,25,82,1,1,0,1,sushi_b,full_data
6,25,83,2,2,0,1,sushi_b,full_data
6,25,84,0,1,1,0,sushi_b,full_data
6,25,85,4,5,1,0.8,sushi_b,full_data
6,25,89,4,6,2,0.666666666666667,sushi_b,full_data
6,25,92,2,3,1,0.666666666666667,sushi_b,full_data
6,25,93,4,4,0,1,sushi_b,full_data
6,25,94,3,3,0,1,sushi_b,full_data
6,25,97,5,7,2,0.714285714285714,sushi_b,full_data
6,25,99,0,1,1,0,sushi_b,full_data
6,26,7,4,6,2,0.666666666666667,sushi_b,full_data
6,26,12,12,19,7,0.631578947368421,sushi_b,full_data
6,26,14,2,3,1,0.666666666666667,sushi_b,full_data
6,26,16,14,21,7,0.666666666666667,sushi_b,full_data
6,26,17,36,47,11,0.765957446808511,sushi_b,full_data
6,26,18,9,14,5,0.642857142857143,sushi_b,full_data
6,26,23,15,22,7,0.681818181818182,sushi_b,full_data
6,26,24,23,31,8,0.741935483870968,sushi_b,full_data
6,26,28,24,33,9,0.727272727272727,sushi_b,full_data
6,26,29,28,32,4,0.875,sushi_b,full_data
6,26,30,5,12,7,0.416666666666667,sushi_b,full_data
6,26,32,1,1,0,1,sushi_b,full_data
6,26,33,17,21,4,0.80952380952381,sushi_b,full_data
6,26,34,1,1,0,1,sushi_b,full_data
6,26,35,11,15,4,0.733333333333333,sushi_b,full_data
6,26,38,6,11,5,0.545454545454545,sushi_b,full_data
6,26,39,2,3,1,0.666666666666667,sushi_b,full_data
6,26,40,13,15,2,0.866666666666667,sushi_b,full_data
6,26,42,8,11,3,0.727272727272727,sushi_b,full_data
6,26,43,1,2,1,0.5,sushi_b,full_data
6,26,44,2,2,0,1,sushi_b,full_data
6,26,45,0,1,1,0,sushi_b,full_data
6,26,48,5,5,0,1,sushi_b,full_data
6,26,49,13,14,1,0.928571428571429,sushi_b,full_data
6,26,50,6,8,2,0.75,sushi_b,full_data
6,26,51,7,9,2,0.777777777777778,sushi_b,full_data
6,26,52,8,12,4,0.666666666666667,sushi_b,full_data
6,26,54,2,2,0,1,sushi_b,full_data
6,26,55,10,12,2,0.833333333333333,sushi_b,full_data
6,26,56,6,8,2,0.75,sushi_b,full_data
6,26,58,3,6,3,0.5,sushi_b,full_data
6,26,59,10,11,1,0.909090909090909,sushi_b,full_data
6,26,60,10,10,0,1,sushi_b,full_data
6,26,62,1,1,0,1,sushi_b,full_data
6,26,63,5,5,0,1,sushi_b,full_data
6,26,64,4,9,5,0.444444444444444,sushi_b,full_data
6,26,65,2,2,0,1,sushi_b,full_data
6,26,66,1,1,0,1,sushi_b,full_data
6,26,67,1,3,2,0.333333333333333,sushi_b,full_data
6,26,68,6,6,0,1,sushi_b,full_data
6,26,69,7,8,1,0.875,sushi_b,full_data
6,26,70,5,5,0,1,sushi_b,full_data
6,26,71,2,4,2,0.5,sushi_b,full_data
6,26,72,4,5,1,0.8,sushi_b,full_data
6,26,74,5,9,4,0.555555555555556,sushi_b,full_data
6,26,75,5,7,2,0.714285714285714,sushi_b,full_data
6,26,77,4,7,3,0.571428571428571,sushi_b,full_data
6,26,78,3,3,0,1,sushi_b,full_data
6,26,80,2,2,0,1,sushi_b,full_data
6,26,81,2,2,0,1,sushi_b,full_data
6,26,82,1,1,0,1,sushi_b,full_data
6,26,83,2,2,0,1,sushi_b,full_data
6,26,84,4,4,0,1,sushi_b,full_data
6,26,85,4,4,0,1,sushi_b,full_data
6,26,86,2,2,0,1,sushi_b,full_data
6,26,89,3,4,1,0.75,sushi_b,full_data
6,26,90,3,3,0,1,sushi_b,full_data
6,26,91,3,3,0,1,sushi_b,full_data
6,26,92,3,3,0,1,sushi_b,full_data
6,26,93,1,2,1,0.5,sushi_b,full_data
6,26,94,3,4,1,0.75,sushi_b,full_data
6,26,97,3,3,0,1,sushi_b,full_data
6,26,98,4,4,0,1,sushi_b,full_data
6,26,99,2,6,4,0.333333333333333,sushi_b,full_data
6,27,12,2,5,3,0.4,sushi_b,full_data
6,27,16,9,12,3,0.75,sushi_b,full_data
6,27,17,17,30,13,0.566666666666667,sushi_b,full_data
6,27,18,1,2,1,0.5,sushi_b,full_data
6,27,23,8,11,3,0.727272727272727,sushi_b,full_data
6,27,24,16,23,7,0.695652173913043,sushi_b,full_data
6,27,28,13,20,7,0.65,sushi_b,full_data
6,27,29,10,13,3,0.769230769230769,sushi_b,full_data
6,27,30,2,2,0,1,sushi_b,full_data
6,27,33,7,9,2,0.777777777777778,sushi_b,full_data
6,27,35,3,5,2,0.6,sushi_b,full_data
6,27,38,1,1,0,1,sushi_b,full_data
6,27,40,12,16,4,0.75,sushi_b,full_data
6,27,42,14,17,3,0.823529411764706,sushi_b,full_data
6,27,44,1,1,0,1,sushi_b,full_data
6,27,48,4,6,2,0.666666666666667,sushi_b,full_data
6,27,49,10,12,2,0.833333333333333,sushi_b,full_data
6,27,51,1,2,1,0.5,sushi_b,full_data
6,27,52,6,11,5,0.545454545454545,sushi_b,full_data
6,27,56,4,7,3,0.571428571428571,sushi_b,full_data
6,27,58,1,2,1,0.5,sushi_b,full_data
6,27,59,8,10,2,0.8,sushi_b,full_data
6,27,60,11,12,1,0.916666666666667,sushi_b,full_data
6,27,63,0,1,1,0,sushi_b,full_data
6,27,64,2,2,0,1,sushi_b,full_data
6,27,67,1,1,0,1,sushi_b,full_data
6,27,68,3,3,0,1,sushi_b,full_data
6,27,69,3,5,2,0.6,sushi_b,full_data
6,27,70,1,1,0,1,sushi_b,full_data
6,27,71,1,1,0,1,sushi_b,full_data
6,27,72,1,1,0,1,sushi_b,full_data
6,27,74,5,5,0,1,sushi_b,full_data
6,27,75,1,1,0,1,sushi_b,full_data
6,27,77,5,7,2,0.714285714285714,sushi_b,full_data
6,27,78,5,7,2,0.714285714285714,sushi_b,full_data
6,27,80,6,6,0,1,sushi_b,full_data
6,27,81,2,3,1,0.666666666666667,sushi_b,full_data
6,27,85,4,4,0,1,sushi_b,full_data
6,27,89,4,4,0,1,sushi_b,full_data
6,27,90,3,4,1,0.75,sushi_b,full_data
6,27,91,0,2,2,0,sushi_b,full_data
6,27,92,2,2,0,1,sushi_b,full_data
6,27,93,2,3,1,0.666666666666667,sushi_b,full_data
6,27,94,1,1,0,1,sushi_b,full_data
6,27,97,2,2,0,1,sushi_b,full_data
6,27,98,2,2,0,1,sushi_b,full_data
6,27,99,1,1,0,1,sushi_b,full_data
6,30,17,1,1,0,1,sushi_b,full_data
6,30,59,0,1,1,0,sushi_b,full_data
6,30,60,1,1,0,1,sushi_b,full_data
6,30,69,0,1,1,0,sushi_b,full_data
6,30,93,1,1,0,1,sushi_b,full_data
6,31,12,0,1,1,0,sushi_b,full_data
6,31,16,1,1,0,1,sushi_b,full_data
6,31,17,21,25,4,0.84,sushi_b,full_data
6,31,24,6,8,2,0.75,sushi_b,full_data
6,31,28,4,4,0,1,sushi_b,full_data
6,31,29,8,10,2,0.8,sushi_b,full_data
6,31,30,0,1,1,0,sushi_b,full_data
6,31,33,0,1,1,0,sushi_b,full_data
6,31,35,5,6,1,0.833333333333333,sushi_b,full_data
6,31,40,12,12,0,1,sushi_b,full_data
6,31,42,3,4,1,0.75,sushi_b,full_data
6,31,48,1,1,0,1,sushi_b,full_data
6,31,49,3,6,3,0.5,sushi_b,full_data
6,31,51,1,1,0,1,sushi_b,full_data
6,31,52,0,1,1,0,sushi_b,full_data
6,31,55,1,1,0,1,sushi_b,full_data
6,31,56,3,3,0,1,sushi_b,full_data
6,31,58,0,2,2,0,sushi_b,full_data
6,31,59,4,4,0,1,sushi_b,full_data
6,31,60,2,4,2,0.5,sushi_b,full_data
6,31,64,3,3,0,1,sushi_b,full_data
6,31,67,1,2,1,0.5,sushi_b,full_data
6,31,68,1,2,1,0.5,sushi_b,full_data
6,31,69,3,3,0,1,sushi_b,full_data
6,31,70,1,1,0,1,sushi_b,full_data
6,31,71,1,1,0,1,sushi_b,full_data
6,31,72,1,3,2,0.333333333333333,sushi_b,full_data
6,31,74,2,3,1,0.666666666666667,sushi_b,full_data
6,31,77,1,1,0,1,sushi_b,full_data
6,31,78,2,3,1,0.666666666666667,sushi_b,full_data
6,31,80,1,1,0,1,sushi_b,full_data
6,31,81,2,2,0,1,sushi_b,full_data
6,31,83,2,2,0,1,sushi_b,full_data
6,31,84,0,2,2,0,sushi_b,full_data
6,31,85,1,1,0,1,sushi_b,full_data
6,31,89,1,1,0,1,sushi_b,full_data
6,31,90,2,2,0,1,sushi_b,full_data
6,31,92,3,3,0,1,sushi_b,full_data
6,31,93,1,2,1,0.5,sushi_b,full_data
6,31,94,2,3,1,0.666666666666667,sushi_b,full_data
6,31,97,2,2,0,1,sushi_b,full_data
6,31,98,1,1,0,1,sushi_b,full_data
6,31,99,1,1,0,1,sushi_b,full_data
6,32,17,2,2,0,1,sushi_b,full_data
6,32,28,0,1,1,0,sushi_b,full_data
6,32,42,1,1,0,1,sushi_b,full_data
6,32,59,1,1,0,1,sushi_b,full_data
6,32,60,2,2,0,1,sushi_b,full_data
6,32,64,0,1,1,0,sushi_b,full_data
6,32,83,1,1,0,1,sushi_b,full_data
6,32,85,1,1,0,1,sushi_b,full_data
6,32,89,1,1,0,1,sushi_b,full_data
6,34,16,0,1,1,0,sushi_b,full_data
6,34,17,8,11,3,0.727272727272727,sushi_b,full_data
6,34,24,3,3,0,1,sushi_b,full_data
6,34,28,2,4,2,0.5,sushi_b,full_data
6,34,29,1,1,0,1,sushi_b,full_data
6,34,30,1,1,0,1,sushi_b,full_data
6,34,35,2,2,0,1,sushi_b,full_data
6,34,40,5,5,0,1,sushi_b,full_data
6,34,42,3,4,1,0.75,sushi_b,full_data
6,34,49,3,5,2,0.6,sushi_b,full_data
6,34,52,1,1,0,1,sushi_b,full_data
6,34,56,2,2,0,1,sushi_b,full_data
6,34,59,1,1,0,1,sushi_b,full_data
6,34,60,1,1,0,1,sushi_b,full_data
6,34,64,3,3,0,1,sushi_b,full_data
6,34,68,0,1,1,0,sushi_b,full_data
6,34,69,2,3,1,0.666666666666667,sushi_b,full_data
6,34,75,1,1,0,1,sushi_b,full_data
6,34,78,6,7,1,0.857142857142857,sushi_b,full_data
6,34,80,1,1,0,1,sushi_b,full_data
6,34,81,1,1,0,1,sushi_b,full_data
6,34,89,1,1,0,1,sushi_b,full_data
6,34,92,1,1,0,1,sushi_b,full_data
6,34,97,1,1,0,1,sushi_b,full_data
6,34,98,1,1,0,1,sushi_b,full_data
6,35,17,0,1,1,0,sushi_b,full_data
6,36,12,2,2,0,1,sushi_b,full_data
6,36,16,3,4,1,0.75,sushi_b,full_data
6,36,17,18,23,5,0.782608695652174,sushi_b,full_data
6,36,23,3,4,1,0.75,sushi_b,full_data
6,36,24,4,5,1,0.8,sushi_b,full_data
6,36,28,8,11,3,0.727272727272727,sushi_b,full_data
6,36,29,2,5,3,0.4,sushi_b,full_data
6,36,30,2,2,0,1,sushi_b,full_data
6,36,33,2,3,1,0.666666666666667,sushi_b,full_data
6,36,35,2,5,3,0.4,sushi_b,full_data
6,36,40,2,6,4,0.333333333333333,sushi_b,full_data
6,36,42,4,5,1,0.8,sushi_b,full_data
6,36,44,1,1,0,1,sushi_b,full_data
6,36,48,2,3,1,0.666666666666667,sushi_b,full_data
6,36,49,5,10,5,0.5,sushi_b,full_data
6,36,50,1,2,1,0.5,sushi_b,full_data
6,36,52,5,8,3,0.625,sushi_b,full_data
6,36,56,2,2,0,1,sushi_b,full_data
6,36,58,0,1,1,0,sushi_b,full_data
6,36,59,5,6,1,0.833333333333333,sushi_b,full_data
6,36,60,1,2,1,0.5,sushi_b,full_data
6,36,64,1,3,2,0.333333333333333,sushi_b,full_data
6,36,66,1,1,0,1,sushi_b,full_data
6,36,68,1,1,0,1,sushi_b,full_data
6,36,69,4,5,1,0.8,sushi_b,full_data
6,36,70,0,2,2,0,sushi_b,full_data
6,36,72,1,2,1,0.5,sushi_b,full_data
6,36,74,1,2,1,0.5,sushi_b,full_data
6,36,75,1,2,1,0.5,sushi_b,full_data
6,36,78,5,5,0,1,sushi_b,full_data
6,36,80,2,2,0,1,sushi_b,full_data
6,36,81,1,2,1,0.5,sushi_b,full_data
6,36,83,1,2,1,0.5,sushi_b,full_data
6,36,85,3,3,0,1,sushi_b,full_data
6,36,86,1,1,0,1,sushi_b,full_data
6,36,90,1,2,1,0.5,sushi_b,full_data
6,36,91,1,1,0,1,sushi_b,full_data
6,36,92,1,1,0,1,sushi_b,full_data
6,36,93,2,2,0,1,sushi_b,full_data
6,36,97,2,2,0,1,sushi_b,full_data
6,36,99,2,3,1,0.666666666666667,sushi_b,full_data
6,37,0,3,5,2,0.6,sushi_b,full_data
6,37,3,6,10,4,0.6,sushi_b,full_data
6,37,4,3,5,2,0.6,sushi_b,full_data
6,37,5,19,29,10,0.655172413793103,sushi_b,full_data
6,37,7,22,39,17,0.564102564102564,sushi_b,full_data
6,37,10,5,7,2,0.714285714285714,sushi_b,full_data
6,37,12,33,43,10,0.767441860465116,sushi_b,full_data
6,37,14,19,23,4,0.826086956521739,sushi_b,full_data
6,37,16,28,34,6,0.823529411764706,sushi_b,full_data
6,37,17,0,1,1,0,sushi_b,full_data
6,37,18,15,24,9,0.625,sushi_b,full_data
6,37,21,7,11,4,0.636363636363636,sushi_b,full_data
6,37,22,0,1,1,0,sushi_b,full_data
6,37,23,12,18,6,0.666666666666667,sushi_b,full_data
6,37,24,3,4,1,0.75,sushi_b,full_data
6,37,25,15,18,3,0.833333333333333,sushi_b,full_data
6,37,26,1,1,0,1,sushi_b,full_data
6,37,27,1,3,2,0.333333333333333,sushi_b,full_data
6,37,28,8,8,0,1,sushi_b,full_data
6,37,29,6,9,3,0.666666666666667,sushi_b,full_data
6,37,30,15,26,11,0.576923076923077,sushi_b,full_data
6,37,31,8,12,4,0.666666666666667,sushi_b,full_data
6,37,32,6,10,4,0.6,sushi_b,full_data
6,37,33,7,9,2,0.777777777777778,sushi_b,full_data
6,37,34,16,23,7,0.695652173913043,sushi_b,full_data
6,37,35,2,2,0,1,sushi_b,full_data
6,37,36,4,5,1,0.8,sushi_b,full_data
6,37,38,11,13,2,0.846153846153846,sushi_b,full_data
6,37,39,9,12,3,0.75,sushi_b,full_data
6,37,41,0,3,3,0,sushi_b,full_data
6,37,42,2,2,0,1,sushi_b,full_data
6,37,43,7,9,2,0.777777777777778,sushi_b,full_data
6,37,44,6,7,1,0.857142857142857,sushi_b,full_data
6,37,45,7,8,1,0.875,sushi_b,full_data
6,37,46,8,11,3,0.727272727272727,sushi_b,full_data
6,37,48,3,4,1,0.75,sushi_b,full_data
6,37,49,2,2,0,1,sushi_b,full_data
6,37,50,8,8,0,1,sushi_b,full_data
6,37,51,9,10,1,0.9,sushi_b,full_data
6,37,52,1,1,0,1,sushi_b,full_data
6,37,54,5,6,1,0.833333333333333,sushi_b,full_data
6,37,55,3,3,0,1,sushi_b,full_data
6,37,56,1,1,0,1,sushi_b,full_data
6,37,57,2,3,1,0.666666666666667,sushi_b,full_data
6,37,58,3,3,0,1,sushi_b,full_data
6,37,60,1,1,0,1,sushi_b,full_data
6,37,62,4,5,1,0.8,sushi_b,full_data
6,37,63,2,5,3,0.4,sushi_b,full_data
6,37,64,2,2,0,1,sushi_b,full_data
6,37,65,1,2,1,0.5,sushi_b,full_data
6,37,66,2,4,2,0.5,sushi_b,full_data
6,37,68,1,2,1,0.5,sushi_b,full_data
6,37,70,3,3,0,1,sushi_b,full_data
6,37,71,1,2,1,0.5,sushi_b,full_data
6,37,72,5,6,1,0.833333333333333,sushi_b,full_data
6,37,74,1,2,1,0.5,sushi_b,full_data
6,37,75,1,1,0,1,sushi_b,full_data
6,37,82,1,1,0,1,sushi_b,full_data
6,37,88,4,4,0,1,sushi_b,full_data
6,37,91,2,2,0,1,sushi_b,full_data
6,37,95,3,3,0,1,sushi_b,full_data
6,37,96,1,1,0,1,sushi_b,full_data
6,38,17,1,1,0,1,sushi_b,full_data
6,38,60,1,1,0,1,sushi_b,full_data
6,38,64,1,1,0,1,sushi_b,full_data
6,38,78,1,1,0,1,sushi_b,full_data
6,38,93,0,1,1,0,sushi_b,full_data
6,39,17,0,2,2,0,sushi_b,full_data
6,39,24,2,2,0,1,sushi_b,full_data
6,39,40,2,3,1,0.666666666666667,sushi_b,full_data
6,39,42,0,1,1,0,sushi_b,full_data
6,39,52,1,1,0,1,sushi_b,full_data
6,39,56,2,2,0,1,sushi_b,full_data
6,39,59,0,1,1,0,sushi_b,full_data
6,39,67,0,1,1,0,sushi_b,full_data
6,39,69,1,1,0,1,sushi_b,full_data
6,39,74,1,1,0,1,sushi_b,full_data
6,39,85,1,1,0,1,sushi_b,full_data
6,39,89,1,1,0,1,sushi_b,full_data
6,39,91,0,1,1,0,sushi_b,full_data
6,39,94,0,1,1,0,sushi_b,full_data
6,41,5,2,3,1,0.666666666666667,sushi_b,full_data
6,41,7,5,6,1,0.833333333333333,sushi_b,full_data
6,41,12,13,17,4,0.764705882352941,sushi_b,full_data
6,41,14,3,4,1,0.75,sushi_b,full_data
6,41,16,13,16,3,0.8125,sushi_b,full_data
6,41,17,18,26,8,0.692307692307692,sushi_b,full_data
6,41,18,8,10,2,0.8,sushi_b,full_data
6,41,23,12,15,3,0.8,sushi_b,full_data
6,41,24,18,24,6,0.75,sushi_b,full_data
6,41,28,14,18,4,0.777777777777778,sushi_b,full_data
6,41,29,8,13,5,0.615384615384615,sushi_b,full_data
6,41,30,10,12,2,0.833333333333333,sushi_b,full_data
6,41,31,1,1,0,1,sushi_b,full_data
6,41,32,2,2,0,1,sushi_b,full_data
6,41,33,5,8,3,0.625,sushi_b,full_data
6,41,35,13,15,2,0.866666666666667,sushi_b,full_data
6,41,38,8,10,2,0.8,sushi_b,full_data
6,41,39,1,2,1,0.5,sushi_b,full_data
6,41,40,10,11,1,0.909090909090909,sushi_b,full_data
6,41,42,6,10,4,0.6,sushi_b,full_data
6,41,43,1,1,0,1,sushi_b,full_data
6,41,44,1,4,3,0.25,sushi_b,full_data
6,41,45,1,1,0,1,sushi_b,full_data
6,41,46,1,1,0,1,sushi_b,full_data
6,41,48,5,8,3,0.625,sushi_b,full_data
6,41,49,9,11,2,0.818181818181818,sushi_b,full_data
6,41,50,1,4,3,0.25,sushi_b,full_data
6,41,51,6,7,1,0.857142857142857,sushi_b,full_data
6,41,52,2,2,0,1,sushi_b,full_data
6,41,54,3,4,1,0.75,sushi_b,full_data
6,41,55,6,8,2,0.75,sushi_b,full_data
6,41,56,6,8,2,0.75,sushi_b,full_data
6,41,58,5,7,2,0.714285714285714,sushi_b,full_data
6,41,59,5,6,1,0.833333333333333,sushi_b,full_data
6,41,60,6,6,0,1,sushi_b,full_data
6,41,62,1,1,0,1,sushi_b,full_data
6,41,63,4,4,0,1,sushi_b,full_data
6,41,64,7,8,1,0.875,sushi_b,full_data
6,41,65,0,1,1,0,sushi_b,full_data
6,41,67,2,2,0,1,sushi_b,full_data
6,41,68,1,2,1,0.5,sushi_b,full_data
6,41,69,9,9,0,1,sushi_b,full_data
6,41,70,1,2,1,0.5,sushi_b,full_data
6,41,71,1,2,1,0.5,sushi_b,full_data
6,41,72,4,5,1,0.8,sushi_b,full_data
6,41,74,1,1,0,1,sushi_b,full_data
6,41,75,3,3,0,1,sushi_b,full_data
6,41,78,4,5,1,0.8,sushi_b,full_data
6,41,80,1,1,0,1,sushi_b,full_data
6,41,84,2,2,0,1,sushi_b,full_data
6,41,85,1,1,0,1,sushi_b,full_data
6,41,86,0,1,1,0,sushi_b,full_data
6,41,88,1,2,1,0.5,sushi_b,full_data
6,41,89,3,3,0,1,sushi_b,full_data
6,41,90,2,2,0,1,sushi_b,full_data
6,41,91,1,2,1,0.5,sushi_b,full_data
6,41,92,2,2,0,1,sushi_b,full_data
6,41,93,1,1,0,1,sushi_b,full_data
6,41,94,1,1,0,1,sushi_b,full_data
6,41,95,1,1,0,1,sushi_b,full_data
6,41,97,1,1,0,1,sushi_b,full_data
6,41,98,2,2,0,1,sushi_b,full_data
6,41,99,2,2,0,1,sushi_b,full_data
6,43,17,3,4,1,0.75,sushi_b,full_data
6,43,23,1,1,0,1,sushi_b,full_data
6,43,28,1,2,1,0.5,sushi_b,full_data
6,43,35,1,1,0,1,sushi_b,full_data
6,43,40,2,2,0,1,sushi_b,full_data
6,43,42,1,2,1,0.5,sushi_b,full_data
6,43,59,1,2,1,0.5,sushi_b,full_data
6,43,64,1,1,0,1,sushi_b,full_data
6,43,69,1,2,1,0.5,sushi_b,full_data
6,43,74,1,1,0,1,sushi_b,full_data
6,43,75,1,2,1,0.5,sushi_b,full_data
6,43,78,1,1,0,1,sushi_b,full_data
6,43,85,1,1,0,1,sushi_b,full_data
6,43,89,1,1,0,1,sushi_b,full_data
6,43,90,1,2,1,0.5,sushi_b,full_data
6,43,92,1,2,1,0.5,sushi_b,full_data
6,44,17,0,2,2,0,sushi_b,full_data
6,44,24,2,2,0,1,sushi_b,full_data
6,44,28,0,1,1,0,sushi_b,full_data
6,44,29,0,1,1,0,sushi_b,full_data
6,44,40,0,1,1,0,sushi_b,full_data
6,44,42,1,1,0,1,sushi_b,full_data
6,44,59,1,1,0,1,sushi_b,full_data
6,44,60,1,2,1,0.5,sushi_b,full_data
6,44,68,1,1,0,1,sushi_b,full_data
6,44,74,0,1,1,0,sushi_b,full_data
6,44,78,1,1,0,1,sushi_b,full_data
6,44,85,0,1,1,0,sushi_b,full_data
6,45,17,4,10,6,0.4,sushi_b,full_data
6,45,23,0,1,1,0,sushi_b,full_data
6,45,28,2,3,1,0.666666666666667,sushi_b,full_data
6,45,29,0,1,1,0,sushi_b,full_data
6,45,33,0,1,1,0,sushi_b,full_data
6,45,35,0,1,1,0,sushi_b,full_data
6,45,42,0,1,1,0,sushi_b,full_data
6,45,49,0,1,1,0,sushi_b,full_data
6,45,52,0,2,2,0,sushi_b,full_data
6,45,55,1,1,0,1,sushi_b,full_data
6,45,56,3,3,0,1,sushi_b,full_data
6,45,59,0,1,1,0,sushi_b,full_data
6,45,60,3,3,0,1,sushi_b,full_data
6,45,64,1,1,0,1,sushi_b,full_data
6,45,68,1,1,0,1,sushi_b,full_data
6,45,78,1,2,1,0.5,sushi_b,full_data
6,45,81,1,1,0,1,sushi_b,full_data
6,45,83,1,1,0,1,sushi_b,full_data
6,45,85,1,3,2,0.333333333333333,sushi_b,full_data
6,45,86,1,1,0,1,sushi_b,full_data
6,45,89,1,1,0,1,sushi_b,full_data
6,45,90,1,1,0,1,sushi_b,full_data
6,45,93,1,2,1,0.5,sushi_b,full_data
6,45,94,1,1,0,1,sushi_b,full_data
6,45,97,1,1,0,1,sushi_b,full_data
6,46,17,2,2,0,1,sushi_b,full_data
6,46,23,0,1,1,0,sushi_b,full_data
6,46,29,1,1,0,1,sushi_b,full_data
6,46,40,2,3,1,0.666666666666667,sushi_b,full_data
6,46,42,0,1,1,0,sushi_b,full_data
6,46,49,0,1,1,0,sushi_b,full_data
6,46,52,0,1,1,0,sushi_b,full_data
6,46,56,2,2,0,1,sushi_b,full_data
6,46,78,0,1,1,0,sushi_b,full_data
6,46,85,1,1,0,1,sushi_b,full_data
6,46,89,2,2,0,1,sushi_b,full_data
6,46,92,2,2,0,1,sushi_b,full_data
6,47,3,0,2,2,0,sushi_b,full_data
6,47,4,0,2,2,0,sushi_b,full_data
6,47,5,9,13,4,0.692307692307692,sushi_b,full_data
6,47,7,11,15,4,0.733333333333333,sushi_b,full_data
6,47,10,3,4,1,0.75,sushi_b,full_data
6,47,12,31,34,3,0.911764705882353,sushi_b,full_data
6,47,14,10,17,7,0.588235294117647,sushi_b,full_data
6,47,16,11,14,3,0.785714285714286,sushi_b,full_data
6,47,17,4,4,0,1,sushi_b,full_data
6,47,18,15,20,5,0.75,sushi_b,full_data
6,47,21,7,7,0,1,sushi_b,full_data
6,47,23,10,11,1,0.909090909090909,sushi_b,full_data
6,47,24,7,9,2,0.777777777777778,sushi_b,full_data
6,47,25,2,3,1,0.666666666666667,sushi_b,full_data
6,47,27,2,3,1,0.666666666666667,sushi_b,full_data
6,47,28,3,3,0,1,sushi_b,full_data
6,47,29,9,12,3,0.75,sushi_b,full_data
6,47,30,7,13,6,0.538461538461538,sushi_b,full_data
6,47,31,4,4,0,1,sushi_b,full_data
6,47,32,8,9,1,0.888888888888889,sushi_b,full_data
6,47,33,10,13,3,0.769230769230769,sushi_b,full_data
6,47,34,4,7,3,0.571428571428571,sushi_b,full_data
6,47,35,7,8,1,0.875,sushi_b,full_data
6,47,36,1,2,1,0.5,sushi_b,full_data
6,47,38,11,12,1,0.916666666666667,sushi_b,full_data
6,47,39,7,11,4,0.636363636363636,sushi_b,full_data
6,47,40,1,1,0,1,sushi_b,full_data
6,47,42,6,6,0,1,sushi_b,full_data
6,47,43,4,4,0,1,sushi_b,full_data
6,47,44,3,4,1,0.75,sushi_b,full_data
6,47,45,0,1,1,0,sushi_b,full_data
6,47,46,4,7,3,0.571428571428571,sushi_b,full_data
6,47,48,8,8,0,1,sushi_b,full_data
6,47,49,4,4,0,1,sushi_b,full_data
6,47,50,5,6,1,0.833333333333333,sushi_b,full_data
6,47,51,9,11,2,0.818181818181818,sushi_b,full_data
6,47,52,4,4,0,1,sushi_b,full_data
6,47,54,1,1,0,1,sushi_b,full_data
6,47,55,5,7,2,0.714285714285714,sushi_b,full_data
6,47,57,1,2,1,0.5,sushi_b,full_data
6,47,58,1,3,2,0.333333333333333,sushi_b,full_data
6,47,62,3,3,0,1,sushi_b,full_data
6,47,63,4,5,1,0.8,sushi_b,full_data
6,47,64,2,2,0,1,sushi_b,full_data
6,47,65,2,3,1,0.666666666666667,sushi_b,full_data
6,47,66,2,3,1,0.666666666666667,sushi_b,full_data
6,47,67,3,3,0,1,sushi_b,full_data
6,47,68,1,2,1,0.5,sushi_b,full_data
6,47,71,0,1,1,0,sushi_b,full_data
6,47,72,2,2,0,1,sushi_b,full_data
6,47,73,0,1,1,0,sushi_b,full_data
6,47,74,1,1,0,1,sushi_b,full_data
6,47,75,3,3,0,1,sushi_b,full_data
6,47,77,1,2,1,0.5,sushi_b,full_data
6,47,82,3,3,0,1,sushi_b,full_data
6,47,84,3,3,0,1,sushi_b,full_data
6,47,86,1,1,0,1,sushi_b,full_data
6,47,87,2,3,1,0.666666666666667,sushi_b,full_data
6,47,88,1,1,0,1,sushi_b,full_data
6,47,90,0,1,1,0,sushi_b,full_data
6,47,91,1,1,0,1,sushi_b,full_data
6,50,17,2,2,0,1,sushi_b,full_data
6,50,60,1,1,0,1,sushi_b,full_data
6,51,17,0,1,1,0,sushi_b,full_data
6,51,40,1,1,0,1,sushi_b,full_data
6,53,3,1,2,1,0.5,sushi_b,full_data
6,53,5,3,6,3,0.5,sushi_b,full_data
6,53,7,11,15,4,0.733333333333333,sushi_b,full_data
6,53,10,1,1,0,1,sushi_b,full_data
6,53,12,13,16,3,0.8125,sushi_b,full_data
6,53,14,6,8,2,0.75,sushi_b,full_data
6,53,16,12,18,6,0.666666666666667,sushi_b,full_data
6,53,17,4,4,0,1,sushi_b,full_data
6,53,18,9,17,8,0.529411764705882,sushi_b,full_data
6,53,21,0,1,1,0,sushi_b,full_data
6,53,23,13,18,5,0.722222222222222,sushi_b,full_data
6,53,24,9,11,2,0.818181818181818,sushi_b,full_data
6,53,25,4,4,0,1,sushi_b,full_data
6,53,27,1,2,1,0.5,sushi_b,full_data
6,53,28,7,8,1,0.875,sushi_b,full_data
6,53,29,5,6,1,0.833333333333333,sushi_b,full_data
6,53,30,7,13,6,0.538461538461538,sushi_b,full_data
6,53,31,3,5,2,0.6,sushi_b,full_data
6,53,32,4,4,0,1,sushi_b,full_data
6,53,33,8,9,1,0.888888888888889,sushi_b,full_data
6,53,34,4,4,0,1,sushi_b,full_data
6,53,35,4,4,0,1,sushi_b,full_data
6,53,36,1,1,0,1,sushi_b,full_data
6,53,38,6,7,1,0.857142857142857,sushi_b,full_data
6,53,39,4,4,0,1,sushi_b,full_data
6,53,40,3,3,0,1,sushi_b,full_data
6,53,42,5,6,1,0.833333333333333,sushi_b,full_data
6,53,43,1,3,2,0.333333333333333,sushi_b,full_data
6,53,44,0,1,1,0,sushi_b,full_data
6,53,45,2,2,0,1,sushi_b,full_data
6,53,46,3,5,2,0.6,sushi_b,full_data
6,53,48,1,3,2,0.333333333333333,sushi_b,full_data
6,53,50,4,7,3,0.571428571428571,sushi_b,full_data
6,53,51,3,6,3,0.5,sushi_b,full_data
6,53,52,3,4,1,0.75,sushi_b,full_data
6,53,54,2,3,1,0.666666666666667,sushi_b,full_data
6,53,55,2,4,2,0.5,sushi_b,full_data
6,53,56,0,1,1,0,sushi_b,full_data
6,53,57,1,1,0,1,sushi_b,full_data
6,53,58,4,4,0,1,sushi_b,full_data
6,53,59,1,1,0,1,sushi_b,full_data
6,53,60,2,2,0,1,sushi_b,full_data
6,53,62,0,2,2,0,sushi_b,full_data
6,53,63,1,2,1,0.5,sushi_b,full_data
6,53,64,2,3,1,0.666666666666667,sushi_b,full_data
6,53,65,0,1,1,0,sushi_b,full_data
6,53,66,2,3,1,0.666666666666667,sushi_b,full_data
6,53,67,1,2,1,0.5,sushi_b,full_data
6,53,69,1,1,0,1,sushi_b,full_data
6,53,70,2,2,0,1,sushi_b,full_data
6,53,71,1,1,0,1,sushi_b,full_data
6,53,72,2,3,1,0.666666666666667,sushi_b,full_data
6,53,73,0,1,1,0,sushi_b,full_data
6,53,74,1,1,0,1,sushi_b,full_data
6,53,75,1,1,0,1,sushi_b,full_data
6,53,76,1,1,0,1,sushi_b,full_data
6,53,77,2,2,0,1,sushi_b,full_data
6,53,78,1,1,0,1,sushi_b,full_data
6,53,82,0,1,1,0,sushi_b,full_data
6,53,90,0,1,1,0,sushi_b,full_data
6,53,93,1,1,0,1,sushi_b,full_data
6,53,94,0,1,1,0,sushi_b,full_data
6,53,95,1,1,0,1,sushi_b,full_data
6,53,98,0,1,1,0,sushi_b,full_data
6,54,17,2,2,0,1,sushi_b,full_data
6,54,35,1,1,0,1,sushi_b,full_data
6,54,60,0,1,1,0,sushi_b,full_data
6,54,69,0,1,1,0,sushi_b,full_data
6,54,81,0,1,1,0,sushi_b,full_data
6,54,92,1,1,0,1,sushi_b,full_data
6,54,98,1,1,0,1,sushi_b,full_data
6,57,12,2,3,1,0.666666666666667,sushi_b,full_data
6,57,17,5,6,1,0.833333333333333,sushi_b,full_data
6,57,23,1,2,1,0.5,sushi_b,full_data
6,57,24,3,3,0,1,sushi_b,full_data
6,57,28,2,4,2,0.5,sushi_b,full_data
6,57,29,1,2,1,0.5,sushi_b,full_data
6,57,30,0,1,1,0,sushi_b,full_data
6,57,33,1,1,0,1,sushi_b,full_data
6,57,35,2,4,2,0.5,sushi_b,full_data
6,57,42,1,1,0,1,sushi_b,full_data
6,57,49,1,1,0,1,sushi_b,full_data
6,57,52,2,2,0,1,sushi_b,full_data
6,57,56,1,2,1,0.5,sushi_b,full_data
6,57,58,1,1,0,1,sushi_b,full_data
6,57,59,3,4,1,0.75,sushi_b,full_data
6,57,60,1,1,0,1,sushi_b,full_data
6,57,68,0,1,1,0,sushi_b,full_data
6,57,69,0,1,1,0,sushi_b,full_data
6,57,75,1,1,0,1,sushi_b,full_data
6,57,78,1,1,0,1,sushi_b,full_data
6,57,89,1,1,0,1,sushi_b,full_data
6,57,92,2,2,0,1,sushi_b,full_data
6,57,93,1,1,0,1,sushi_b,full_data
6,57,97,1,1,0,1,sushi_b,full_data
6,57,98,1,1,0,1,sushi_b,full_data
6,61,3,0,2,2,0,sushi_b,full_data
6,61,4,1,1,0,1,sushi_b,full_data
6,61,5,6,14,8,0.428571428571429,sushi_b,full_data
6,61,7,10,14,4,0.714285714285714,sushi_b,full_data
6,61,10,3,4,1,0.75,sushi_b,full_data
6,61,12,12,18,6,0.666666666666667,sushi_b,full_data
6,61,14,10,14,4,0.714285714285714,sushi_b,full_data
6,61,16,11,15,4,0.733333333333333,sushi_b,full_data
6,61,18,10,13,3,0.769230769230769,sushi_b,full_data
6,61,21,4,6,2,0.666666666666667,sushi_b,full_data
6,61,23,8,8,0,1,sushi_b,full_data
6,61,24,3,4,1,0.75,sushi_b,full_data
6,61,25,4,7,3,0.571428571428571,sushi_b,full_data
6,61,27,3,5,2,0.6,sushi_b,full_data
6,61,29,3,4,1,0.75,sushi_b,full_data
6,61,30,6,6,0,1,sushi_b,full_data
6,61,31,3,6,3,0.5,sushi_b,full_data
6,61,32,6,9,3,0.666666666666667,sushi_b,full_data
6,61,33,8,9,1,0.888888888888889,sushi_b,full_data
6,61,34,7,8,1,0.875,sushi_b,full_data
6,61,35,1,2,1,0.5,sushi_b,full_data
6,61,36,0,3,3,0,sushi_b,full_data
6,61,38,5,7,2,0.714285714285714,sushi_b,full_data
6,61,39,4,5,1,0.8,sushi_b,full_data
6,61,43,1,1,0,1,sushi_b,full_data
6,61,44,2,3,1,0.666666666666667,sushi_b,full_data
6,61,46,0,2,2,0,sushi_b,full_data
6,61,48,5,6,1,0.833333333333333,sushi_b,full_data
6,61,49,2,2,0,1,sushi_b,full_data
6,61,50,5,5,0,1,sushi_b,full_data
6,61,51,5,6,1,0.833333333333333,sushi_b,full_data
6,61,52,1,1,0,1,sushi_b,full_data
6,61,54,1,1,0,1,sushi_b,full_data
6,61,55,0,1,1,0,sushi_b,full_data
6,61,56,1,1,0,1,sushi_b,full_data
6,61,59,1,1,0,1,sushi_b,full_data
6,61,62,1,1,0,1,sushi_b,full_data
6,61,65,3,4,1,0.75,sushi_b,full_data
6,61,66,2,2,0,1,sushi_b,full_data
6,61,67,1,1,0,1,sushi_b,full_data
6,61,68,2,2,0,1,sushi_b,full_data
6,61,71,1,2,1,0.5,sushi_b,full_data
6,61,75,1,1,0,1,sushi_b,full_data
6,61,76,1,2,1,0.5,sushi_b,full_data
6,61,80,1,1,0,1,sushi_b,full_data
6,61,82,1,1,0,1,sushi_b,full_data
6,61,87,2,2,0,1,sushi_b,full_data
6,61,95,1,1,0,1,sushi_b,full_data
6,62,17,1,2,1,0.5,sushi_b,full_data
6,62,28,2,2,0,1,sushi_b,full_data
6,62,33,1,1,0,1,sushi_b,full_data
6,62,40,1,1,0,1,sushi_b,full_data
6,62,42,1,1,0,1,sushi_b,full_data
6,62,56,1,1,0,1,sushi_b,full_data
6,62,60,1,2,1,0.5,sushi_b,full_data
6,62,64,1,1,0,1,sushi_b,full_data
6,62,69,0,1,1,0,sushi_b,full_data
6,62,78,1,1,0,1,sushi_b,full_data
6,62,85,1,1,0,1,sushi_b,full_data
6,62,89,1,1,0,1,sushi_b,full_data
6,65,17,1,2,1,0.5,sushi_b,full_data
6,65,59,1,1,0,1,sushi_b,full_data
6,65,69,1,1,0,1,sushi_b,full_data
6,65,77,1,1,0,1,sushi_b,full_data
6,65,78,1,1,0,1,sushi_b,full_data
6,65,99,1,1,0,1,sushi_b,full_data
6,71,17,1,2,1,0.5,sushi_b,full_data
6,71,40,1,1,0,1,sushi_b,full_data
6,71,49,0,1,1,0,sushi_b,full_data
6,72,92,1,1,0,1,sushi_b,full_data
6,73,16,1,1,0,1,sushi_b,full_data
6,73,17,9,10,1,0.9,sushi_b,full_data
6,73,18,1,1,0,1,sushi_b,full_data
6,73,23,1,1,0,1,sushi_b,full_data
6,73,24,1,1,0,1,sushi_b,full_data
6,73,28,1,1,0,1,sushi_b,full_data
6,73,29,1,1,0,1,sushi_b,full_data
6,73,30,1,1,0,1,sushi_b,full_data
6,73,35,1,1,0,1,sushi_b,full_data
6,73,40,4,4,0,1,sushi_b,full_data
6,73,42,1,1,0,1,sushi_b,full_data
6,73,49,1,1,0,1,sushi_b,full_data
6,73,50,0,1,1,0,sushi_b,full_data
6,73,52,1,2,1,0.5,sushi_b,full_data
6,73,55,1,1,0,1,sushi_b,full_data
6,73,59,1,1,0,1,sushi_b,full_data
6,73,67,1,1,0,1,sushi_b,full_data
6,73,72,0,1,1,0,sushi_b,full_data
6,73,78,1,1,0,1,sushi_b,full_data
6,73,80,1,1,0,1,sushi_b,full_data
6,73,85,1,1,0,1,sushi_b,full_data
6,73,86,1,1,0,1,sushi_b,full_data
6,73,89,2,2,0,1,sushi_b,full_data
6,73,98,0,1,1,0,sushi_b,full_data
6,76,12,1,1,0,1,sushi_b,full_data
6,76,16,0,1,1,0,sushi_b,full_data
6,76,17,4,6,2,0.666666666666667,sushi_b,full_data
6,76,23,2,2,0,1,sushi_b,full_data
6,76,24,2,2,0,1,sushi_b,full_data
6,76,28,3,5,2,0.6,sushi_b,full_data
6,76,29,1,1,0,1,sushi_b,full_data
6,76,33,1,1,0,1,sushi_b,full_data
6,76,35,0,4,4,0,sushi_b,full_data
6,76,40,2,3,1,0.666666666666667,sushi_b,full_data
6,76,42,1,1,0,1,sushi_b,full_data
6,76,51,0,1,1,0,sushi_b,full_data
6,76,52,1,1,0,1,sushi_b,full_data
6,76,56,3,3,0,1,sushi_b,full_data
6,76,59,1,1,0,1,sushi_b,full_data
6,76,60,1,1,0,1,sushi_b,full_data
6,76,64,1,1,0,1,sushi_b,full_data
6,76,67,1,1,0,1,sushi_b,full_data
6,76,68,1,1,0,1,sushi_b,full_data
6,76,70,1,1,0,1,sushi_b,full_data
6,76,72,0,1,1,0,sushi_b,full_data
6,76,77,1,1,0,1,sushi_b,full_data
6,76,78,2,2,0,1,sushi_b,full_data
6,76,80,1,1,0,1,sushi_b,full_data
6,76,81,1,1,0,1,sushi_b,full_data
6,76,84,1,1,0,1,sushi_b,full_data
6,76,97,1,1,0,1,sushi_b,full_data
6,76,99,1,1,0,1,sushi_b,full_data
6,79,3,0,2,2,0,sushi_b,full_data
6,79,4,1,1,0,1,sushi_b,full_data
6,79,5,6,7,1,0.857142857142857,sushi_b,full_data
6,79,7,6,7,1,0.857142857142857,sushi_b,full_data
6,79,12,5,7,2,0.714285714285714,sushi_b,full_data
6,79,14,3,4,1,0.75,sushi_b,full_data
6,79,16,3,3,0,1,sushi_b,full_data
6,79,17,2,3,1,0.666666666666667,sushi_b,full_data
6,79,18,3,6,3,0.5,sushi_b,full_data
6,79,23,5,8,3,0.625,sushi_b,full_data
6,79,24,9,10,1,0.9,sushi_b,full_data
6,79,25,1,2,1,0.5,sushi_b,full_data
6,79,27,1,1,0,1,sushi_b,full_data
6,79,28,2,2,0,1,sushi_b,full_data
6,79,29,4,8,4,0.5,sushi_b,full_data
6,79,30,4,6,2,0.666666666666667,sushi_b,full_data
6,79,31,1,1,0,1,sushi_b,full_data
6,79,32,4,4,0,1,sushi_b,full_data
6,79,33,3,4,1,0.75,sushi_b,full_data
6,79,34,2,3,1,0.666666666666667,sushi_b,full_data
6,79,35,3,4,1,0.75,sushi_b,full_data
6,79,36,1,1,0,1,sushi_b,full_data
6,79,38,3,4,1,0.75,sushi_b,full_data
6,79,39,2,3,1,0.666666666666667,sushi_b,full_data
6,79,40,3,3,0,1,sushi_b,full_data
6,79,43,3,4,1,0.75,sushi_b,full_data
6,79,46,3,3,0,1,sushi_b,full_data
6,79,48,3,4,1,0.75,sushi_b,full_data
6,79,49,2,3,1,0.666666666666667,sushi_b,full_data
6,79,51,3,4,1,0.75,sushi_b,full_data
6,79,52,0,1,1,0,sushi_b,full_data
6,79,58,1,1,0,1,sushi_b,full_data
6,79,60,1,2,1,0.5,sushi_b,full_data
6,79,63,4,4,0,1,sushi_b,full_data
6,79,64,1,1,0,1,sushi_b,full_data
6,79,65,2,2,0,1,sushi_b,full_data
6,79,66,2,2,0,1,sushi_b,full_data
6,79,67,1,1,0,1,sushi_b,full_data
6,79,68,1,2,1,0.5,sushi_b,full_data
6,79,69,1,1,0,1,sushi_b,full_data
6,79,73,0,1,1,0,sushi_b,full_data
6,79,74,1,1,0,1,sushi_b,full_data
6,79,76,0,1,1,0,sushi_b,full_data
6,79,77,1,1,0,1,sushi_b,full_data
6,79,80,2,2,0,1,sushi_b,full_data
6,79,89,1,1,0,1,sushi_b,full_data
6,79,93,1,1,0,1,sushi_b,full_data
6,79,98,1,1,0,1,sushi_b,full_data
6,79,99,1,1,0,1,sushi_b,full_data
6,88,17,4,5,1,0.8,sushi_b,full_data
6,88,49,1,1,0,1,sushi_b,full_data
6,88,56,0,1,1,0,sushi_b,full_data
6,88,58,1,1,0,1,sushi_b,full_data
6,88,59,1,1,0,1,sushi_b,full_data
6,88,66,1,1,0,1,sushi_b,full_data
6,88,77,1,1,0,1,sushi_b,full_data
6,88,85,1,1,0,1,sushi_b,full_data
6,95,42,0,1,1,0,sushi_b,full_data
6,95,49,1,1,0,1,sushi_b,full_data
6,95,68,1,1,0,1,sushi_b,full_data
6,95,90,0,1,1,0,sushi_b,full_data
6,96,17,1,1,0,1,sushi_b,full_data
6,96,23,1,3,2,0.333333333333333,sushi_b,full_data
6,96,28,1,3,2,0.333333333333333,sushi_b,full_data
6,96,35,2,2,0,1,sushi_b,full_data
6,96,38,0,1,1,0,sushi_b,full_data
6,96,40,0,1,1,0,sushi_b,full_data
6,96,42,1,2,1,0.5,sushi_b,full_data
6,96,51,1,1,0,1,sushi_b,full_data
6,96,52,0,1,1,0,sushi_b,full_data
6,96,64,0,1,1,0,sushi_b,full_data
6,96,69,1,1,0,1,sushi_b,full_data
6,96,75,1,2,1,0.5,sushi_b,full_data
7,0,7,1,4,3,0.25,sushi_b,full_data
7,0,12,10,10,0,1,sushi_b,full_data
7,0,14,1,1,0,1,sushi_b,full_data
7,0,16,13,16,3,0.8125,sushi_b,full_data
7,0,17,69,82,13,0.841463414634146,sushi_b,full_data
7,0,18,1,4,3,0.25,sushi_b,full_data
7,0,23,20,24,4,0.833333333333333,sushi_b,full_data
7,0,24,42,49,7,0.857142857142857,sushi_b,full_data
7,0,28,32,40,8,0.8,sushi_b,full_data
7,0,29,35,41,6,0.853658536585366,sushi_b,full_data
7,0,30,11,13,2,0.846153846153846,sushi_b,full_data
7,0,32,0,2,2,0,sushi_b,full_data
7,0,33,11,12,1,0.916666666666667,sushi_b,full_data
7,0,34,1,1,0,1,sushi_b,full_data
7,0,35,17,22,5,0.772727272727273,sushi_b,full_data
7,0,38,3,3,0,1,sushi_b,full_data
7,0,40,37,41,4,0.902439024390244,sushi_b,full_data
7,0,42,31,38,7,0.815789473684211,sushi_b,full_data
7,0,48,8,11,3,0.727272727272727,sushi_b,full_data
7,0,49,17,18,1,0.944444444444444,sushi_b,full_data
7,0,50,1,4,3,0.25,sushi_b,full_data
7,0,51,3,5,2,0.6,sushi_b,full_data
7,0,52,22,26,4,0.846153846153846,sushi_b,full_data
7,0,55,2,5,3,0.4,sushi_b,full_data
7,0,56,17,18,1,0.944444444444444,sushi_b,full_data
7,0,58,3,5,2,0.6,sushi_b,full_data
7,0,59,21,25,4,0.84,sushi_b,full_data
7,0,60,15,17,2,0.882352941176471,sushi_b,full_data
7,0,63,1,1,0,1,sushi_b,full_data
7,0,64,12,19,7,0.631578947368421,sushi_b,full_data
7,0,65,1,2,1,0.5,sushi_b,full_data
7,0,67,6,7,1,0.857142857142857,sushi_b,full_data
7,0,68,5,6,1,0.833333333333333,sushi_b,full_data
7,0,69,6,6,0,1,sushi_b,full_data
7,0,70,3,5,2,0.6,sushi_b,full_data
7,0,71,2,2,0,1,sushi_b,full_data
7,0,72,0,2,2,0,sushi_b,full_data
7,0,74,10,14,4,0.714285714285714,sushi_b,full_data
7,0,75,9,11,2,0.818181818181818,sushi_b,full_data
7,0,77,6,7,1,0.857142857142857,sushi_b,full_data
7,0,78,16,19,3,0.842105263157895,sushi_b,full_data
7,0,80,2,2,0,1,sushi_b,full_data
7,0,81,6,6,0,1,sushi_b,full_data
7,0,82,1,1,0,1,sushi_b,full_data
7,0,83,2,2,0,1,sushi_b,full_data
7,0,84,3,3,0,1,sushi_b,full_data
7,0,85,6,7,1,0.857142857142857,sushi_b,full_data
7,0,86,4,4,0,1,sushi_b,full_data
7,0,87,2,2,0,1,sushi_b,full_data
7,0,89,8,8,0,1,sushi_b,full_data
7,0,90,7,8,1,0.875,sushi_b,full_data
7,0,91,3,5,2,0.6,sushi_b,full_data
7,0,92,6,9,3,0.666666666666667,sushi_b,full_data
7,0,93,5,7,2,0.714285714285714,sushi_b,full_data
7,0,94,4,4,0,1,sushi_b,full_data
7,0,97,4,4,0,1,sushi_b,full_data
7,0,98,1,3,2,0.333333333333333,sushi_b,full_data
7,0,99,5,5,0,1,sushi_b,full_data
7,1,5,1,1,0,1,sushi_b,full_data
7,1,7,4,6,2,0.666666666666667,sushi_b,full_data
7,1,12,13,19,6,0.684210526315789,sushi_b,full_data
7,1,14,1,1,0,1,sushi_b,full_data
7,1,16,19,24,5,0.791666666666667,sushi_b,full_data
7,1,17,83,100,17,0.83,sushi_b,full_data
7,1,18,9,10,1,0.9,sushi_b,full_data
7,1,23,26,32,6,0.8125,sushi_b,full_data
7,1,24,35,57,22,0.614035087719298,sushi_b,full_data
7,1,25,1,1,0,1,sushi_b,full_data
7,1,28,40,51,11,0.784313725490196,sushi_b,full_data
7,1,29,30,39,9,0.769230769230769,sushi_b,full_data
7,1,30,15,20,5,0.75,sushi_b,full_data
7,1,32,1,3,2,0.333333333333333,sushi_b,full_data
7,1,33,18,27,9,0.666666666666667,sushi_b,full_data
7,1,35,31,41,10,0.75609756097561,sushi_b,full_data
7,1,38,9,16,7,0.5625,sushi_b,full_data
7,1,40,34,40,6,0.85,sushi_b,full_data
7,1,42,37,43,6,0.86046511627907,sushi_b,full_data
7,1,43,1,2,1,0.5,sushi_b,full_data
7,1,44,2,4,2,0.5,sushi_b,full_data
7,1,45,1,1,0,1,sushi_b,full_data
7,1,48,14,16,2,0.875,sushi_b,full_data
7,1,49,19,27,8,0.703703703703704,sushi_b,full_data
7,1,50,6,6,0,1,sushi_b,full_data
7,1,51,9,11,2,0.818181818181818,sushi_b,full_data
7,1,52,22,25,3,0.88,sushi_b,full_data
7,1,54,0,1,1,0,sushi_b,full_data
7,1,55,9,13,4,0.692307692307692,sushi_b,full_data
7,1,56,16,18,2,0.888888888888889,sushi_b,full_data
7,1,58,6,10,4,0.6,sushi_b,full_data
7,1,59,17,20,3,0.85,sushi_b,full_data
7,1,60,10,12,2,0.833333333333333,sushi_b,full_data
7,1,62,2,2,0,1,sushi_b,full_data
7,1,63,7,9,2,0.777777777777778,sushi_b,full_data
7,1,64,14,21,7,0.666666666666667,sushi_b,full_data
7,1,65,0,1,1,0,sushi_b,full_data
7,1,66,2,4,2,0.5,sushi_b,full_data
7,1,67,5,10,5,0.5,sushi_b,full_data
7,1,68,10,12,2,0.833333333333333,sushi_b,full_data
7,1,69,13,17,4,0.764705882352941,sushi_b,full_data
7,1,70,6,10,4,0.6,sushi_b,full_data
7,1,71,2,2,0,1,sushi_b,full_data
7,1,72,4,4,0,1,sushi_b,full_data
7,1,74,13,17,4,0.764705882352941,sushi_b,full_data
7,1,75,6,9,3,0.666666666666667,sushi_b,full_data
7,1,77,9,10,1,0.9,sushi_b,full_data
7,1,78,7,10,3,0.7,sushi_b,full_data
7,1,80,5,5,0,1,sushi_b,full_data
7,1,81,5,6,1,0.833333333333333,sushi_b,full_data
7,1,82,2,3,1,0.666666666666667,sushi_b,full_data
7,1,83,4,5,1,0.8,sushi_b,full_data
7,1,84,4,4,0,1,sushi_b,full_data
7,1,85,8,9,1,0.888888888888889,sushi_b,full_data
7,1,86,5,6,1,0.833333333333333,sushi_b,full_data
7,1,87,2,2,0,1,sushi_b,full_data
7,1,88,1,1,0,1,sushi_b,full_data
7,1,89,9,10,1,0.9,sushi_b,full_data
7,1,90,8,8,0,1,sushi_b,full_data
7,1,91,5,7,2,0.714285714285714,sushi_b,full_data
7,1,92,4,5,1,0.8,sushi_b,full_data
7,1,93,7,7,0,1,sushi_b,full_data
7,1,94,4,7,3,0.571428571428571,sushi_b,full_data
7,1,97,3,5,2,0.6,sushi_b,full_data
7,1,98,6,7,1,0.857142857142857,sushi_b,full_data
7,1,99,3,6,3,0.5,sushi_b,full_data
7,2,4,0,1,1,0,sushi_b,full_data
7,2,5,10,13,3,0.769230769230769,sushi_b,full_data
7,2,7,22,30,8,0.733333333333333,sushi_b,full_data
7,2,12,38,52,14,0.730769230769231,sushi_b,full_data
7,2,14,7,10,3,0.7,sushi_b,full_data
7,2,16,46,57,11,0.807017543859649,sushi_b,full_data
7,2,17,50,65,15,0.769230769230769,sushi_b,full_data
7,2,18,33,38,5,0.868421052631579,sushi_b,full_data
7,2,21,1,2,1,0.5,sushi_b,full_data
7,2,23,55,64,9,0.859375,sushi_b,full_data
7,2,24,49,66,17,0.742424242424242,sushi_b,full_data
7,2,25,4,5,1,0.8,sushi_b,full_data
7,2,28,50,61,11,0.819672131147541,sushi_b,full_data
7,2,29,57,69,12,0.826086956521739,sushi_b,full_data
7,2,30,38,44,6,0.863636363636364,sushi_b,full_data
7,2,31,4,6,2,0.666666666666667,sushi_b,full_data
7,2,32,15,19,4,0.789473684210526,sushi_b,full_data
7,2,33,31,39,8,0.794871794871795,sushi_b,full_data
7,2,34,4,5,1,0.8,sushi_b,full_data
7,2,35,45,55,10,0.818181818181818,sushi_b,full_data
7,2,38,18,26,8,0.692307692307692,sushi_b,full_data
7,2,39,13,14,1,0.928571428571429,sushi_b,full_data
7,2,40,30,33,3,0.909090909090909,sushi_b,full_data
7,2,42,29,34,5,0.852941176470588,sushi_b,full_data
7,2,43,5,7,2,0.714285714285714,sushi_b,full_data
7,2,44,4,5,1,0.8,sushi_b,full_data
7,2,45,1,2,1,0.5,sushi_b,full_data
7,2,46,5,6,1,0.833333333333333,sushi_b,full_data
7,2,48,27,34,7,0.794117647058823,sushi_b,full_data
7,2,49,26,30,4,0.866666666666667,sushi_b,full_data
7,2,50,18,20,2,0.9,sushi_b,full_data
7,2,51,21,25,4,0.84,sushi_b,full_data
7,2,52,17,20,3,0.85,sushi_b,full_data
7,2,54,7,11,4,0.636363636363636,sushi_b,full_data
7,2,55,16,16,0,1,sushi_b,full_data
7,2,56,17,20,3,0.85,sushi_b,full_data
7,2,58,19,22,3,0.863636363636364,sushi_b,full_data
7,2,59,8,8,0,1,sushi_b,full_data
7,2,60,18,20,2,0.9,sushi_b,full_data
7,2,62,3,3,0,1,sushi_b,full_data
7,2,63,11,13,2,0.846153846153846,sushi_b,full_data
7,2,64,15,20,5,0.75,sushi_b,full_data
7,2,65,6,7,1,0.857142857142857,sushi_b,full_data
7,2,66,6,9,3,0.666666666666667,sushi_b,full_data
7,2,67,14,17,3,0.823529411764706,sushi_b,full_data
7,2,68,8,10,2,0.8,sushi_b,full_data
7,2,69,9,9,0,1,sushi_b,full_data
7,2,70,16,18,2,0.888888888888889,sushi_b,full_data
7,2,71,12,14,2,0.857142857142857,sushi_b,full_data
7,2,72,9,10,1,0.9,sushi_b,full_data
7,2,74,12,14,2,0.857142857142857,sushi_b,full_data
7,2,75,11,13,2,0.846153846153846,sushi_b,full_data
7,2,77,13,16,3,0.8125,sushi_b,full_data
7,2,78,10,11,1,0.909090909090909,sushi_b,full_data
7,2,80,10,10,0,1,sushi_b,full_data
7,2,81,3,4,1,0.75,sushi_b,full_data
7,2,82,4,5,1,0.8,sushi_b,full_data
7,2,83,4,4,0,1,sushi_b,full_data
7,2,84,4,4,0,1,sushi_b,full_data
7,2,85,2,4,2,0.5,sushi_b,full_data
7,2,86,3,3,0,1,sushi_b,full_data
7,2,87,4,5,1,0.8,sushi_b,full_data
7,2,89,2,2,0,1,sushi_b,full_data
7,2,90,7,7,0,1,sushi_b,full_data
7,2,91,4,5,1,0.8,sushi_b,full_data
7,2,92,2,2,0,1,sushi_b,full_data
7,2,93,5,5,0,1,sushi_b,full_data
7,2,94,3,4,1,0.75,sushi_b,full_data
7,2,95,3,3,0,1,sushi_b,full_data
7,2,97,2,2,0,1,sushi_b,full_data
7,2,98,4,5,1,0.8,sushi_b,full_data
7,2,99,3,3,0,1,sushi_b,full_data
7,3,12,3,4,1,0.75,sushi_b,full_data
7,3,16,3,5,2,0.6,sushi_b,full_data
7,3,17,31,42,11,0.738095238095238,sushi_b,full_data
7,3,23,4,5,1,0.8,sushi_b,full_data
7,3,24,9,12,3,0.75,sushi_b,full_data
7,3,28,10,16,6,0.625,sushi_b,full_data
7,3,29,7,9,2,0.777777777777778,sushi_b,full_data
7,3,30,1,1,0,1,sushi_b,full_data
7,3,33,4,7,3,0.571428571428571,sushi_b,full_data
7,3,35,6,7,1,0.857142857142857,sushi_b,full_data
7,3,40,8,12,4,0.666666666666667,sushi_b,full_data
7,3,42,8,9,1,0.888888888888889,sushi_b,full_data
7,3,48,1,1,0,1,sushi_b,full_data
7,3,49,8,9,1,0.888888888888889,sushi_b,full_data
7,3,50,0,1,1,0,sushi_b,full_data
7,3,51,3,3,0,1,sushi_b,full_data
7,3,52,7,9,2,0.777777777777778,sushi_b,full_data
7,3,55,1,1,0,1,sushi_b,full_data
7,3,56,7,8,1,0.875,sushi_b,full_data
7,3,58,0,1,1,0,sushi_b,full_data
7,3,59,12,16,4,0.75,sushi_b,full_data
7,3,60,8,8,0,1,sushi_b,full_data
7,3,64,4,4,0,1,sushi_b,full_data
7,3,66,2,2,0,1,sushi_b,full_data
7,3,67,2,2,0,1,sushi_b,full_data
7,3,68,1,2,1,0.5,sushi_b,full_data
7,3,69,5,7,2,0.714285714285714,sushi_b,full_data
7,3,70,1,1,0,1,sushi_b,full_data
7,3,74,7,9,2,0.777777777777778,sushi_b,full_data
7,3,75,2,3,1,0.666666666666667,sushi_b,full_data
7,3,77,3,4,1,0.75,sushi_b,full_data
7,3,78,8,8,0,1,sushi_b,full_data
7,3,80,2,2,0,1,sushi_b,full_data
7,3,81,1,2,1,0.5,sushi_b,full_data
7,3,82,0,1,1,0,sushi_b,full_data
7,3,83,1,1,0,1,sushi_b,full_data
7,3,84,1,1,0,1,sushi_b,full_data
7,3,85,1,2,1,0.5,sushi_b,full_data
7,3,89,4,4,0,1,sushi_b,full_data
7,3,90,3,5,2,0.6,sushi_b,full_data
7,3,91,1,1,0,1,sushi_b,full_data
7,3,92,1,1,0,1,sushi_b,full_data
7,3,93,3,3,0,1,sushi_b,full_data
7,3,94,3,3,0,1,sushi_b,full_data
7,3,97,4,4,0,1,sushi_b,full_data
7,3,99,1,1,0,1,sushi_b,full_data
7,4,12,1,1,0,1,sushi_b,full_data
7,4,16,4,7,3,0.571428571428571,sushi_b,full_data
7,4,17,45,56,11,0.803571428571429,sushi_b,full_data
7,4,18,3,5,2,0.6,sushi_b,full_data
7,4,23,8,13,5,0.615384615384615,sushi_b,full_data
7,4,24,9,19,10,0.473684210526316,sushi_b,full_data
7,4,28,18,27,9,0.666666666666667,sushi_b,full_data
7,4,29,13,24,11,0.541666666666667,sushi_b,full_data
7,4,30,0,1,1,0,sushi_b,full_data
7,4,33,11,14,3,0.785714285714286,sushi_b,full_data
7,4,35,7,11,4,0.636363636363636,sushi_b,full_data
7,4,38,2,2,0,1,sushi_b,full_data
7,4,39,1,1,0,1,sushi_b,full_data
7,4,40,13,20,7,0.65,sushi_b,full_data
7,4,42,10,13,3,0.769230769230769,sushi_b,full_data
7,4,44,1,1,0,1,sushi_b,full_data
7,4,48,4,8,4,0.5,sushi_b,full_data
7,4,49,7,14,7,0.5,sushi_b,full_data
7,4,51,4,7,3,0.571428571428571,sushi_b,full_data
7,4,52,6,10,4,0.6,sushi_b,full_data
7,4,55,4,4,0,1,sushi_b,full_data
7,4,56,7,9,2,0.777777777777778,sushi_b,full_data
7,4,58,1,3,2,0.333333333333333,sushi_b,full_data
7,4,59,12,17,5,0.705882352941177,sushi_b,full_data
7,4,60,8,12,4,0.666666666666667,sushi_b,full_data
7,4,63,1,2,1,0.5,sushi_b,full_data
7,4,64,3,8,5,0.375,sushi_b,full_data
7,4,66,1,2,1,0.5,sushi_b,full_data
7,4,67,0,1,1,0,sushi_b,full_data
7,4,68,2,5,3,0.4,sushi_b,full_data
7,4,69,9,12,3,0.75,sushi_b,full_data
7,4,70,2,2,0,1,sushi_b,full_data
7,4,71,2,2,0,1,sushi_b,full_data
7,4,72,1,1,0,1,sushi_b,full_data
7,4,74,3,4,1,0.75,sushi_b,full_data
7,4,75,4,4,0,1,sushi_b,full_data
7,4,77,5,5,0,1,sushi_b,full_data
7,4,78,6,9,3,0.666666666666667,sushi_b,full_data
7,4,80,1,1,0,1,sushi_b,full_data
7,4,81,4,5,1,0.8,sushi_b,full_data
7,4,82,1,1,0,1,sushi_b,full_data
7,4,83,1,1,0,1,sushi_b,full_data
7,4,85,7,11,4,0.636363636363636,sushi_b,full_data
7,4,86,4,4,0,1,sushi_b,full_data
7,4,87,1,2,1,0.5,sushi_b,full_data
7,4,89,2,3,1,0.666666666666667,sushi_b,full_data
7,4,90,2,2,0,1,sushi_b,full_data
7,4,91,1,3,2,0.333333333333333,sushi_b,full_data
7,4,92,3,4,1,0.75,sushi_b,full_data
7,4,93,6,6,0,1,sushi_b,full_data
7,4,94,3,5,2,0.6,sushi_b,full_data
7,4,97,1,1,0,1,sushi_b,full_data
7,4,98,1,2,1,0.5,sushi_b,full_data
7,4,99,4,4,0,1,sushi_b,full_data
7,5,17,9,13,4,0.692307692307692,sushi_b,full_data
7,5,28,0,2,2,0,sushi_b,full_data
7,5,29,2,2,0,1,sushi_b,full_data
7,5,35,1,2,1,0.5,sushi_b,full_data
7,5,40,2,3,1,0.666666666666667,sushi_b,full_data
7,5,42,2,3,1,0.666666666666667,sushi_b,full_data
7,5,49,2,3,1,0.666666666666667,sushi_b,full_data
7,5,52,1,1,0,1,sushi_b,full_data
7,5,56,3,3,0,1,sushi_b,full_data
7,5,59,5,6,1,0.833333333333333,sushi_b,full_data
7,5,60,3,3,0,1,sushi_b,full_data
7,5,64,1,1,0,1,sushi_b,full_data
7,5,69,1,1,0,1,sushi_b,full_data
7,5,74,0,1,1,0,sushi_b,full_data
7,5,75,1,1,0,1,sushi_b,full_data
7,5,78,2,3,1,0.666666666666667,sushi_b,full_data
7,5,80,1,1,0,1,sushi_b,full_data
7,5,85,2,2,0,1,sushi_b,full_data
7,5,86,1,1,0,1,sushi_b,full_data
7,5,89,1,1,0,1,sushi_b,full_data
7,5,90,1,2,1,0.5,sushi_b,full_data
7,5,92,2,2,0,1,sushi_b,full_data
7,5,97,1,1,0,1,sushi_b,full_data
7,6,5,2,5,3,0.4,sushi_b,full_data
7,6,7,14,17,3,0.823529411764706,sushi_b,full_data
7,6,12,27,39,12,0.692307692307692,sushi_b,full_data
7,6,14,5,9,4,0.555555555555556,sushi_b,full_data
7,6,16,44,62,18,0.709677419354839,sushi_b,full_data
7,6,17,66,83,17,0.795180722891566,sushi_b,full_data
7,6,18,17,30,13,0.566666666666667,sushi_b,full_data
7,6,23,41,54,13,0.759259259259259,sushi_b,full_data
7,6,24,51,76,25,0.671052631578947,sushi_b,full_data
7,6,25,2,2,0,1,sushi_b,full_data
7,6,28,43,63,20,0.682539682539683,sushi_b,full_data
7,6,29,29,37,8,0.783783783783784,sushi_b,full_data
7,6,30,19,27,8,0.703703703703704,sushi_b,full_data
7,6,32,7,10,3,0.7,sushi_b,full_data
7,6,33,33,37,4,0.891891891891892,sushi_b,full_data
7,6,34,3,4,1,0.75,sushi_b,full_data
7,6,35,25,42,17,0.595238095238095,sushi_b,full_data
7,6,38,16,23,7,0.695652173913043,sushi_b,full_data
7,6,39,6,6,0,1,sushi_b,full_data
7,6,40,29,41,12,0.707317073170732,sushi_b,full_data
7,6,42,27,35,8,0.771428571428571,sushi_b,full_data
7,6,43,1,2,1,0.5,sushi_b,full_data
7,6,44,6,7,1,0.857142857142857,sushi_b,full_data
7,6,45,2,2,0,1,sushi_b,full_data
7,6,46,6,8,2,0.75,sushi_b,full_data
7,6,48,14,16,2,0.875,sushi_b,full_data
7,6,49,18,27,9,0.666666666666667,sushi_b,full_data
7,6,50,7,12,5,0.583333333333333,sushi_b,full_data
7,6,51,16,20,4,0.8,sushi_b,full_data
7,6,52,19,27,8,0.703703703703704,sushi_b,full_data
7,6,54,3,3,0,1,sushi_b,full_data
7,6,55,7,10,3,0.7,sushi_b,full_data
7,6,56,19,21,2,0.904761904761905,sushi_b,full_data
7,6,58,13,21,8,0.619047619047619,sushi_b,full_data
7,6,59,17,21,4,0.80952380952381,sushi_b,full_data
7,6,60,11,12,1,0.916666666666667,sushi_b,full_data
7,6,62,2,2,0,1,sushi_b,full_data
7,6,63,7,8,1,0.875,sushi_b,full_data
7,6,64,18,23,5,0.782608695652174,sushi_b,full_data
7,6,65,1,1,0,1,sushi_b,full_data
7,6,66,6,9,3,0.666666666666667,sushi_b,full_data
7,6,67,9,10,1,0.9,sushi_b,full_data
7,6,68,8,9,1,0.888888888888889,sushi_b,full_data
7,6,69,11,14,3,0.785714285714286,sushi_b,full_data
7,6,70,8,11,3,0.727272727272727,sushi_b,full_data
7,6,71,1,2,1,0.5,sushi_b,full_data
7,6,72,7,12,5,0.583333333333333,sushi_b,full_data
7,6,73,1,1,0,1,sushi_b,full_data
7,6,74,9,11,2,0.818181818181818,sushi_b,full_data
7,6,75,11,15,4,0.733333333333333,sushi_b,full_data
7,6,77,8,12,4,0.666666666666667,sushi_b,full_data
7,6,78,11,12,1,0.916666666666667,sushi_b,full_data
7,6,80,7,8,1,0.875,sushi_b,full_data
7,6,81,5,5,0,1,sushi_b,full_data
7,6,82,5,7,2,0.714285714285714,sushi_b,full_data
7,6,83,5,5,0,1,sushi_b,full_data
7,6,84,6,8,2,0.75,sushi_b,full_data
7,6,85,4,6,2,0.666666666666667,sushi_b,full_data
7,6,86,5,6,1,0.833333333333333,sushi_b,full_data
7,6,87,4,4,0,1,sushi_b,full_data
7,6,89,5,7,2,0.714285714285714,sushi_b,full_data
7,6,90,6,7,1,0.857142857142857,sushi_b,full_data
7,6,91,5,6,1,0.833333333333333,sushi_b,full_data
7,6,92,7,7,0,1,sushi_b,full_data
7,6,93,7,7,0,1,sushi_b,full_data
7,6,94,4,5,1,0.8,sushi_b,full_data
7,6,95,2,2,0,1,sushi_b,full_data
7,6,97,7,7,0,1,sushi_b,full_data
7,6,98,6,9,3,0.666666666666667,sushi_b,full_data
7,6,99,7,7,0,1,sushi_b,full_data
7,7,17,0,1,1,0,sushi_b,full_data
7,7,28,1,1,0,1,sushi_b,full_data
7,7,29,1,1,0,1,sushi_b,full_data
7,7,40,0,1,1,0,sushi_b,full_data
7,7,52,1,1,0,1,sushi_b,full_data
7,7,60,1,1,0,1,sushi_b,full_data
7,7,64,1,2,1,0.5,sushi_b,full_data
7,7,68,0,1,1,0,sushi_b,full_data
7,7,74,1,1,0,1,sushi_b,full_data
7,7,89,3,3,0,1,sushi_b,full_data
7,7,90,1,1,0,1,sushi_b,full_data
7,8,0,1,1,0,1,sushi_b,full_data
7,8,3,5,6,1,0.833333333333333,sushi_b,full_data
7,8,5,26,33,7,0.787878787878788,sushi_b,full_data
7,8,7,53,66,13,0.803030303030303,sushi_b,full_data
7,8,10,4,5,1,0.8,sushi_b,full_data
7,8,12,98,119,21,0.823529411764706,sushi_b,full_data
7,8,14,34,45,11,0.755555555555556,sushi_b,full_data
7,8,16,65,75,10,0.866666666666667,sushi_b,full_data
7,8,17,5,5,0,1,sushi_b,full_data
7,8,18,51,62,11,0.82258064516129,sushi_b,full_data
7,8,21,5,10,5,0.5,sushi_b,full_data
7,8,23,61,66,5,0.924242424242424,sushi_b,full_data
7,8,24,38,46,8,0.826086956521739,sushi_b,full_data
7,8,25,13,16,3,0.8125,sushi_b,full_data
7,8,27,7,7,0,1,sushi_b,full_data
7,8,28,21,26,5,0.807692307692308,sushi_b,full_data
7,8,29,32,43,11,0.744186046511628,sushi_b,full_data
7,8,30,59,65,6,0.907692307692308,sushi_b,full_data
7,8,31,6,10,4,0.6,sushi_b,full_data
7,8,32,17,24,7,0.708333333333333,sushi_b,full_data
7,8,33,41,44,3,0.931818181818182,sushi_b,full_data
7,8,34,11,18,7,0.611111111111111,sushi_b,full_data
7,8,35,26,31,5,0.838709677419355,sushi_b,full_data
7,8,36,6,7,1,0.857142857142857,sushi_b,full_data
7,8,38,29,36,7,0.805555555555556,sushi_b,full_data
7,8,39,22,25,3,0.88,sushi_b,full_data
7,8,40,0,2,2,0,sushi_b,full_data
7,8,41,1,1,0,1,sushi_b,full_data
7,8,42,12,15,3,0.8,sushi_b,full_data
7,8,43,14,15,1,0.933333333333333,sushi_b,full_data
7,8,44,11,14,3,0.785714285714286,sushi_b,full_data
7,8,45,10,13,3,0.769230769230769,sushi_b,full_data
7,8,46,21,27,6,0.777777777777778,sushi_b,full_data
7,8,48,18,22,4,0.818181818181818,sushi_b,full_data
7,8,49,14,16,2,0.875,sushi_b,full_data
7,8,50,28,29,1,0.96551724137931,sushi_b,full_data
7,8,51,24,30,6,0.8,sushi_b,full_data
7,8,52,10,11,1,0.909090909090909,sushi_b,full_data
7,8,54,10,14,4,0.714285714285714,sushi_b,full_data
7,8,55,16,17,1,0.941176470588235,sushi_b,full_data
7,8,56,4,5,1,0.8,sushi_b,full_data
7,8,57,1,1,0,1,sushi_b,full_data
7,8,58,12,18,6,0.666666666666667,sushi_b,full_data
7,8,60,0,1,1,0,sushi_b,full_data
7,8,62,6,6,0,1,sushi_b,full_data
7,8,63,15,17,2,0.882352941176471,sushi_b,full_data
7,8,64,7,9,2,0.777777777777778,sushi_b,full_data
7,8,65,10,11,1,0.909090909090909,sushi_b,full_data
7,8,66,16,19,3,0.842105263157895,sushi_b,full_data
7,8,67,9,10,1,0.9,sushi_b,full_data
7,8,68,6,6,0,1,sushi_b,full_data
7,8,69,2,2,0,1,sushi_b,full_data
7,8,70,4,5,1,0.8,sushi_b,full_data
7,8,71,6,11,5,0.545454545454545,sushi_b,full_data
7,8,72,7,11,4,0.636363636363636,sushi_b,full_data
7,8,73,2,2,0,1,sushi_b,full_data
7,8,74,7,8,1,0.875,sushi_b,full_data
7,8,75,7,8,1,0.875,sushi_b,full_data
7,8,76,1,1,0,1,sushi_b,full_data
7,8,77,8,9,1,0.888888888888889,sushi_b,full_data
7,8,78,1,2,1,0.5,sushi_b,full_data
7,8,80,3,3,0,1,sushi_b,full_data
7,8,82,1,2,1,0.5,sushi_b,full_data
7,8,83,4,5,1,0.8,sushi_b,full_data
7,8,84,4,4,0,1,sushi_b,full_data
7,8,87,7,9,2,0.777777777777778,sushi_b,full_data
7,8,88,2,2,0,1,sushi_b,full_data
7,8,91,2,3,1,0.666666666666667,sushi_b,full_data
7,8,95,6,8,2,0.75,sushi_b,full_data
7,8,96,1,2,1,0.5,sushi_b,full_data
7,8,98,1,1,0,1,sushi_b,full_data
7,8,99,3,3,0,1,sushi_b,full_data
7,9,0,1,1,0,1,sushi_b,full_data
7,9,3,3,7,4,0.428571428571429,sushi_b,full_data
7,9,4,1,3,2,0.333333333333333,sushi_b,full_data
7,9,5,14,21,7,0.666666666666667,sushi_b,full_data
7,9,7,37,49,12,0.755102040816326,sushi_b,full_data
7,9,12,42,59,17,0.711864406779661,sushi_b,full_data
7,9,14,22,31,9,0.709677419354839,sushi_b,full_data
7,9,16,69,87,18,0.793103448275862,sushi_b,full_data
7,9,17,21,26,5,0.807692307692308,sushi_b,full_data
7,9,18,41,51,10,0.803921568627451,sushi_b,full_data
7,9,21,5,7,2,0.714285714285714,sushi_b,full_data
7,9,23,59,80,21,0.7375,sushi_b,full_data
7,9,24,56,66,10,0.848484848484849,sushi_b,full_data
7,9,25,5,6,1,0.833333333333333,sushi_b,full_data
7,9,27,0,1,1,0,sushi_b,full_data
7,9,28,26,35,9,0.742857142857143,sushi_b,full_data
7,9,29,38,51,13,0.745098039215686,sushi_b,full_data
7,9,30,35,43,8,0.813953488372093,sushi_b,full_data
7,9,31,5,9,4,0.555555555555556,sushi_b,full_data
7,9,32,20,26,6,0.769230769230769,sushi_b,full_data
7,9,33,30,39,9,0.769230769230769,sushi_b,full_data
7,9,34,11,18,7,0.611111111111111,sushi_b,full_data
7,9,35,28,40,12,0.7,sushi_b,full_data
7,9,36,2,2,0,1,sushi_b,full_data
7,9,38,18,25,7,0.72,sushi_b,full_data
7,9,39,13,15,2,0.866666666666667,sushi_b,full_data
7,9,40,9,10,1,0.9,sushi_b,full_data
7,9,42,14,16,2,0.875,sushi_b,full_data
7,9,43,9,13,4,0.692307692307692,sushi_b,full_data
7,9,44,12,17,5,0.705882352941177,sushi_b,full_data
7,9,45,0,1,1,0,sushi_b,full_data
7,9,46,4,6,2,0.666666666666667,sushi_b,full_data
7,9,48,19,27,8,0.703703703703704,sushi_b,full_data
7,9,49,12,16,4,0.75,sushi_b,full_data
7,9,50,12,18,6,0.666666666666667,sushi_b,full_data
7,9,51,31,33,2,0.939393939393939,sushi_b,full_data
7,9,52,19,19,0,1,sushi_b,full_data
7,9,54,6,9,3,0.666666666666667,sushi_b,full_data
7,9,55,14,17,3,0.823529411764706,sushi_b,full_data
7,9,56,8,10,2,0.8,sushi_b,full_data
7,9,57,3,3,0,1,sushi_b,full_data
7,9,58,13,15,2,0.866666666666667,sushi_b,full_data
7,9,59,6,7,1,0.857142857142857,sushi_b,full_data
7,9,60,14,14,0,1,sushi_b,full_data
7,9,62,6,7,1,0.857142857142857,sushi_b,full_data
7,9,63,8,8,0,1,sushi_b,full_data
7,9,64,16,19,3,0.842105263157895,sushi_b,full_data
7,9,65,5,5,0,1,sushi_b,full_data
7,9,66,9,10,1,0.9,sushi_b,full_data
7,9,67,9,12,3,0.75,sushi_b,full_data
7,9,68,5,7,2,0.714285714285714,sushi_b,full_data
7,9,69,6,6,0,1,sushi_b,full_data
7,9,70,5,6,1,0.833333333333333,sushi_b,full_data
7,9,71,2,4,2,0.5,sushi_b,full_data
7,9,72,11,17,6,0.647058823529412,sushi_b,full_data
7,9,73,1,1,0,1,sushi_b,full_data
7,9,74,8,9,1,0.888888888888889,sushi_b,full_data
7,9,75,8,10,2,0.8,sushi_b,full_data
7,9,76,1,1,0,1,sushi_b,full_data
7,9,77,4,5,1,0.8,sushi_b,full_data
7,9,78,6,6,0,1,sushi_b,full_data
7,9,80,4,5,1,0.8,sushi_b,full_data
7,9,82,8,9,1,0.888888888888889,sushi_b,full_data
7,9,83,1,1,0,1,sushi_b,full_data
7,9,84,4,5,1,0.8,sushi_b,full_data
7,9,85,0,1,1,0,sushi_b,full_data
7,9,87,5,6,1,0.833333333333333,sushi_b,full_data
7,9,88,1,1,0,1,sushi_b,full_data
7,9,89,1,1,0,1,sushi_b,full_data
7,9,90,1,1,0,1,sushi_b,full_data
7,9,91,4,5,1,0.8,sushi_b,full_data
7,9,93,3,3,0,1,sushi_b,full_data
7,9,94,4,4,0,1,sushi_b,full_data
7,9,95,2,2,0,1,sushi_b,full_data
7,9,97,4,4,0,1,sushi_b,full_data
7,9,98,4,4,0,1,sushi_b,full_data
7,9,99,2,3,1,0.666666666666667,sushi_b,full_data
7,10,12,1,2,1,0.5,sushi_b,full_data
7,10,16,2,3,1,0.666666666666667,sushi_b,full_data
7,10,17,38,50,12,0.76,sushi_b,full_data
7,10,18,1,1,0,1,sushi_b,full_data
7,10,23,6,7,1,0.857142857142857,sushi_b,full_data
7,10,24,9,13,4,0.692307692307692,sushi_b,full_data
7,10,28,13,17,4,0.764705882352941,sushi_b,full_data
7,10,29,8,10,2,0.8,sushi_b,full_data
7,10,30,3,3,0,1,sushi_b,full_data
7,10,32,1,1,0,1,sushi_b,full_data
7,10,33,4,4,0,1,sushi_b,full_data
7,10,35,2,4,2,0.5,sushi_b,full_data
7,10,40,13,16,3,0.8125,sushi_b,full_data
7,10,42,13,13,0,1,sushi_b,full_data
7,10,48,4,4,0,1,sushi_b,full_data
7,10,49,9,13,4,0.692307692307692,sushi_b,full_data
7,10,50,1,2,1,0.5,sushi_b,full_data
7,10,51,1,1,0,1,sushi_b,full_data
7,10,52,6,8,2,0.75,sushi_b,full_data
7,10,55,2,2,0,1,sushi_b,full_data
7,10,56,2,2,0,1,sushi_b,full_data
7,10,59,3,9,6,0.333333333333333,sushi_b,full_data
7,10,60,9,13,4,0.692307692307692,sushi_b,full_data
7,10,64,3,5,2,0.6,sushi_b,full_data
7,10,66,2,2,0,1,sushi_b,full_data
7,10,67,0,1,1,0,sushi_b,full_data
7,10,68,6,6,0,1,sushi_b,full_data
7,10,69,7,7,0,1,sushi_b,full_data
7,10,70,3,3,0,1,sushi_b,full_data
7,10,72,1,1,0,1,sushi_b,full_data
7,10,74,2,3,1,0.666666666666667,sushi_b,full_data
7,10,75,4,5,1,0.8,sushi_b,full_data
7,10,77,2,2,0,1,sushi_b,full_data
7,10,78,5,6,1,0.833333333333333,sushi_b,full_data
7,10,80,1,1,0,1,sushi_b,full_data
7,10,81,5,6,1,0.833333333333333,sushi_b,full_data
7,10,85,5,5,0,1,sushi_b,full_data
7,10,86,5,5,0,1,sushi_b,full_data
7,10,89,5,6,1,0.833333333333333,sushi_b,full_data
7,10,90,2,2,0,1,sushi_b,full_data
7,10,91,1,1,0,1,sushi_b,full_data
7,10,92,5,5,0,1,sushi_b,full_data
7,10,93,5,6,1,0.833333333333333,sushi_b,full_data
7,10,94,3,3,0,1,sushi_b,full_data
7,10,97,6,6,0,1,sushi_b,full_data
7,10,98,1,2,1,0.5,sushi_b,full_data
7,11,5,2,2,0,1,sushi_b,full_data
7,11,7,6,10,4,0.6,sushi_b,full_data
7,11,12,17,29,12,0.586206896551724,sushi_b,full_data
7,11,14,2,2,0,1,sushi_b,full_data
7,11,16,22,29,7,0.758620689655172,sushi_b,full_data
7,11,17,72,91,19,0.791208791208791,sushi_b,full_data
7,11,18,12,13,1,0.923076923076923,sushi_b,full_data
7,11,23,40,45,5,0.888888888888889,sushi_b,full_data
7,11,24,47,52,5,0.903846153846154,sushi_b,full_data
7,11,27,0,1,1,0,sushi_b,full_data
7,11,28,39,47,8,0.829787234042553,sushi_b,full_data
7,11,29,33,41,8,0.804878048780488,sushi_b,full_data
7,11,30,16,19,3,0.842105263157895,sushi_b,full_data
7,11,31,2,2,0,1,sushi_b,full_data
7,11,32,7,8,1,0.875,sushi_b,full_data
7,11,33,18,23,5,0.782608695652174,sushi_b,full_data
7,11,35,20,26,6,0.769230769230769,sushi_b,full_data
7,11,38,4,8,4,0.5,sushi_b,full_data
7,11,39,3,3,0,1,sushi_b,full_data
7,11,40,26,30,4,0.866666666666667,sushi_b,full_data
7,11,42,26,35,9,0.742857142857143,sushi_b,full_data
7,11,43,1,1,0,1,sushi_b,full_data
7,11,44,2,3,1,0.666666666666667,sushi_b,full_data
7,11,45,2,2,0,1,sushi_b,full_data
7,11,46,5,6,1,0.833333333333333,sushi_b,full_data
7,11,48,12,18,6,0.666666666666667,sushi_b,full_data
7,11,49,23,23,0,1,sushi_b,full_data
7,11,50,5,6,1,0.833333333333333,sushi_b,full_data
7,11,51,7,9,2,0.777777777777778,sushi_b,full_data
7,11,52,22,28,6,0.785714285714286,sushi_b,full_data
7,11,54,1,3,2,0.333333333333333,sushi_b,full_data
7,11,55,11,13,2,0.846153846153846,sushi_b,full_data
7,11,56,13,16,3,0.8125,sushi_b,full_data
7,11,58,6,8,2,0.75,sushi_b,full_data
7,11,59,18,20,2,0.9,sushi_b,full_data
7,11,60,16,23,7,0.695652173913043,sushi_b,full_data
7,11,63,2,3,1,0.666666666666667,sushi_b,full_data
7,11,64,11,15,4,0.733333333333333,sushi_b,full_data
7,11,65,2,2,0,1,sushi_b,full_data
7,11,66,3,5,2,0.6,sushi_b,full_data
7,11,67,3,4,1,0.75,sushi_b,full_data
7,11,68,5,9,4,0.555555555555556,sushi_b,full_data
7,11,69,9,11,2,0.818181818181818,sushi_b,full_data
7,11,70,6,10,4,0.6,sushi_b,full_data
7,11,71,5,5,0,1,sushi_b,full_data
7,11,72,8,9,1,0.888888888888889,sushi_b,full_data
7,11,74,7,11,4,0.636363636363636,sushi_b,full_data
7,11,75,7,9,2,0.777777777777778,sushi_b,full_data
7,11,77,8,9,1,0.888888888888889,sushi_b,full_data
7,11,78,5,5,0,1,sushi_b,full_data
7,11,80,3,3,0,1,sushi_b,full_data
7,11,81,4,4,0,1,sushi_b,full_data
7,11,82,3,4,1,0.75,sushi_b,full_data
7,11,83,0,1,1,0,sushi_b,full_data
7,11,84,6,7,1,0.857142857142857,sushi_b,full_data
7,11,85,5,7,2,0.714285714285714,sushi_b,full_data
7,11,86,6,7,1,0.857142857142857,sushi_b,full_data
7,11,89,3,3,0,1,sushi_b,full_data
7,11,90,5,5,0,1,sushi_b,full_data
7,11,91,4,4,0,1,sushi_b,full_data
7,11,92,6,8,2,0.75,sushi_b,full_data
7,11,93,4,5,1,0.8,sushi_b,full_data
7,11,94,5,5,0,1,sushi_b,full_data
7,11,95,1,1,0,1,sushi_b,full_data
7,11,97,4,4,0,1,sushi_b,full_data
7,11,98,7,8,1,0.875,sushi_b,full_data
7,11,99,7,7,0,1,sushi_b,full_data
7,12,17,1,3,2,0.333333333333333,sushi_b,full_data
7,12,60,0,1,1,0,sushi_b,full_data
7,13,5,2,7,5,0.285714285714286,sushi_b,full_data
7,13,7,14,23,9,0.608695652173913,sushi_b,full_data
7,13,12,27,40,13,0.675,sushi_b,full_data
7,13,14,10,14,4,0.714285714285714,sushi_b,full_data
7,13,16,33,48,15,0.6875,sushi_b,full_data
7,13,17,38,51,13,0.745098039215686,sushi_b,full_data
7,13,18,19,29,10,0.655172413793103,sushi_b,full_data
7,13,21,1,2,1,0.5,sushi_b,full_data
7,13,23,29,37,8,0.783783783783784,sushi_b,full_data
7,13,24,50,68,18,0.735294117647059,sushi_b,full_data
7,13,25,1,2,1,0.5,sushi_b,full_data
7,13,27,1,1,0,1,sushi_b,full_data
7,13,28,30,42,12,0.714285714285714,sushi_b,full_data
7,13,29,28,37,9,0.756756756756757,sushi_b,full_data
7,13,30,22,32,10,0.6875,sushi_b,full_data
7,13,31,1,1,0,1,sushi_b,full_data
7,13,32,11,12,1,0.916666666666667,sushi_b,full_data
7,13,33,20,33,13,0.606060606060606,sushi_b,full_data
7,13,34,2,2,0,1,sushi_b,full_data
7,13,35,26,35,9,0.742857142857143,sushi_b,full_data
7,13,36,1,1,0,1,sushi_b,full_data
7,13,38,6,9,3,0.666666666666667,sushi_b,full_data
7,13,39,4,7,3,0.571428571428571,sushi_b,full_data
7,13,40,25,33,8,0.757575757575758,sushi_b,full_data
7,13,42,16,24,8,0.666666666666667,sushi_b,full_data
7,13,43,2,4,2,0.5,sushi_b,full_data
7,13,44,5,7,2,0.714285714285714,sushi_b,full_data
7,13,45,1,1,0,1,sushi_b,full_data
7,13,46,1,3,2,0.333333333333333,sushi_b,full_data
7,13,48,16,29,13,0.551724137931034,sushi_b,full_data
7,13,49,20,24,4,0.833333333333333,sushi_b,full_data
7,13,50,9,11,2,0.818181818181818,sushi_b,full_data
7,13,51,12,18,6,0.666666666666667,sushi_b,full_data
7,13,52,21,23,2,0.91304347826087,sushi_b,full_data
7,13,54,2,3,1,0.666666666666667,sushi_b,full_data
7,13,55,9,10,1,0.9,sushi_b,full_data
7,13,56,12,15,3,0.8,sushi_b,full_data
7,13,58,10,13,3,0.769230769230769,sushi_b,full_data
7,13,59,8,12,4,0.666666666666667,sushi_b,full_data
7,13,60,10,13,3,0.769230769230769,sushi_b,full_data
7,13,62,4,4,0,1,sushi_b,full_data
7,13,63,5,8,3,0.625,sushi_b,full_data
7,13,64,12,16,4,0.75,sushi_b,full_data
7,13,65,3,3,0,1,sushi_b,full_data
7,13,66,4,5,1,0.8,sushi_b,full_data
7,13,67,6,7,1,0.857142857142857,sushi_b,full_data
7,13,68,5,6,1,0.833333333333333,sushi_b,full_data
7,13,69,6,9,3,0.666666666666667,sushi_b,full_data
7,13,70,4,6,2,0.666666666666667,sushi_b,full_data
7,13,71,0,1,1,0,sushi_b,full_data
7,13,72,8,9,1,0.888888888888889,sushi_b,full_data
7,13,74,8,11,3,0.727272727272727,sushi_b,full_data
7,13,75,6,12,6,0.5,sushi_b,full_data
7,13,77,10,12,2,0.833333333333333,sushi_b,full_data
7,13,78,10,10,0,1,sushi_b,full_data
7,13,80,5,7,2,0.714285714285714,sushi_b,full_data
7,13,81,3,4,1,0.75,sushi_b,full_data
7,13,82,3,4,1,0.75,sushi_b,full_data
7,13,83,3,3,0,1,sushi_b,full_data
7,13,84,5,8,3,0.625,sushi_b,full_data
7,13,85,1,3,2,0.333333333333333,sushi_b,full_data
7,13,86,5,5,0,1,sushi_b,full_data
7,13,87,1,1,0,1,sushi_b,full_data
7,13,89,3,3,0,1,sushi_b,full_data
7,13,90,2,3,1,0.666666666666667,sushi_b,full_data
7,13,91,7,9,2,0.777777777777778,sushi_b,full_data
7,13,92,4,7,3,0.571428571428571,sushi_b,full_data
7,13,93,5,5,0,1,sushi_b,full_data
7,13,94,3,4,1,0.75,sushi_b,full_data
7,13,97,7,7,0,1,sushi_b,full_data
7,13,98,5,6,1,0.833333333333333,sushi_b,full_data
7,13,99,1,1,0,1,sushi_b,full_data
7,14,17,5,5,0,1,sushi_b,full_data
7,14,23,1,1,0,1,sushi_b,full_data
7,14,24,0,1,1,0,sushi_b,full_data
7,14,28,3,3,0,1,sushi_b,full_data
7,14,29,1,1,0,1,sushi_b,full_data
7,14,33,1,1,0,1,sushi_b,full_data
7,14,40,2,2,0,1,sushi_b,full_data
7,14,52,1,1,0,1,sushi_b,full_data
7,14,56,0,1,1,0,sushi_b,full_data
7,14,59,1,1,0,1,sushi_b,full_data
7,14,60,3,3,0,1,sushi_b,full_data
7,14,69,0,1,1,0,sushi_b,full_data
7,14,74,1,1,0,1,sushi_b,full_data
7,14,90,1,1,0,1,sushi_b,full_data
7,14,92,1,1,0,1,sushi_b,full_data
7,14,97,2,2,0,1,sushi_b,full_data
7,15,3,1,1,0,1,sushi_b,full_data
7,15,5,9,13,4,0.692307692307692,sushi_b,full_data
7,15,7,23,31,8,0.741935483870968,sushi_b,full_data
7,15,12,30,43,13,0.697674418604651,sushi_b,full_data
7,15,14,14,21,7,0.666666666666667,sushi_b,full_data
7,15,16,48,63,15,0.761904761904762,sushi_b,full_data
7,15,17,31,35,4,0.885714285714286,sushi_b,full_data
7,15,18,25,31,6,0.806451612903226,sushi_b,full_data
7,15,21,5,6,1,0.833333333333333,sushi_b,full_data
7,15,23,44,56,12,0.785714285714286,sushi_b,full_data
7,15,24,40,47,7,0.851063829787234,sushi_b,full_data
7,15,25,3,4,1,0.75,sushi_b,full_data
7,15,27,0,1,1,0,sushi_b,full_data
7,15,28,44,49,5,0.897959183673469,sushi_b,full_data
7,15,29,31,46,15,0.673913043478261,sushi_b,full_data
7,15,30,28,42,14,0.666666666666667,sushi_b,full_data
7,15,31,2,5,3,0.4,sushi_b,full_data
7,15,32,19,23,4,0.826086956521739,sushi_b,full_data
7,15,33,27,34,7,0.794117647058823,sushi_b,full_data
7,15,34,4,4,0,1,sushi_b,full_data
7,15,35,27,38,11,0.710526315789474,sushi_b,full_data
7,15,36,2,2,0,1,sushi_b,full_data
7,15,38,18,26,8,0.692307692307692,sushi_b,full_data
7,15,39,12,15,3,0.8,sushi_b,full_data
7,15,40,13,13,0,1,sushi_b,full_data
7,15,42,17,22,5,0.772727272727273,sushi_b,full_data
7,15,43,4,8,4,0.5,sushi_b,full_data
7,15,44,6,9,3,0.666666666666667,sushi_b,full_data
7,15,45,2,4,2,0.5,sushi_b,full_data
7,15,46,7,15,8,0.466666666666667,sushi_b,full_data
7,15,48,19,24,5,0.791666666666667,sushi_b,full_data
7,15,49,15,17,2,0.882352941176471,sushi_b,full_data
7,15,50,11,17,6,0.647058823529412,sushi_b,full_data
7,15,51,24,30,6,0.8,sushi_b,full_data
7,15,52,6,7,1,0.857142857142857,sushi_b,full_data
7,15,54,1,2,1,0.5,sushi_b,full_data
7,15,55,11,17,6,0.647058823529412,sushi_b,full_data
7,15,56,6,10,4,0.6,sushi_b,full_data
7,15,57,2,3,1,0.666666666666667,sushi_b,full_data
7,15,58,16,22,6,0.727272727272727,sushi_b,full_data
7,15,59,5,5,0,1,sushi_b,full_data
7,15,60,9,13,4,0.692307692307692,sushi_b,full_data
7,15,62,3,7,4,0.428571428571429,sushi_b,full_data
7,15,63,10,12,2,0.833333333333333,sushi_b,full_data
7,15,64,4,6,2,0.666666666666667,sushi_b,full_data
7,15,65,2,4,2,0.5,sushi_b,full_data
7,15,66,10,13,3,0.769230769230769,sushi_b,full_data
7,15,67,6,9,3,0.666666666666667,sushi_b,full_data
7,15,68,5,8,3,0.625,sushi_b,full_data
7,15,69,7,10,3,0.7,sushi_b,full_data
7,15,70,9,10,1,0.9,sushi_b,full_data
7,15,71,6,8,2,0.75,sushi_b,full_data
7,15,72,3,3,0,1,sushi_b,full_data
7,15,74,4,5,1,0.8,sushi_b,full_data
7,15,75,3,5,2,0.6,sushi_b,full_data
7,15,76,1,1,0,1,sushi_b,full_data
7,15,77,5,6,1,0.833333333333333,sushi_b,full_data
7,15,78,3,3,0,1,sushi_b,full_data
7,15,80,6,7,1,0.857142857142857,sushi_b,full_data
7,15,81,1,1,0,1,sushi_b,full_data
7,15,82,4,5,1,0.8,sushi_b,full_data
7,15,83,4,4,0,1,sushi_b,full_data
7,15,84,3,3,0,1,sushi_b,full_data
7,15,85,2,2,0,1,sushi_b,full_data
7,15,86,6,6,0,1,sushi_b,full_data
7,15,87,3,3,0,1,sushi_b,full_data
7,15,88,0,1,1,0,sushi_b,full_data
7,15,89,3,3,0,1,sushi_b,full_data
7,15,90,2,3,1,0.666666666666667,sushi_b,full_data
7,15,91,5,8,3,0.625,sushi_b,full_data
7,15,92,2,2,0,1,sushi_b,full_data
7,15,93,4,4,0,1,sushi_b,full_data
7,15,94,1,1,0,1,sushi_b,full_data
7,15,95,4,4,0,1,sushi_b,full_data
7,15,96,1,1,0,1,sushi_b,full_data
7,15,98,8,8,0,1,sushi_b,full_data
7,15,99,7,7,0,1,sushi_b,full_data
7,16,40,1,1,0,1,sushi_b,full_data
7,18,40,1,1,0,1,sushi_b,full_data
7,18,85,1,1,0,1,sushi_b,full_data
7,19,3,7,13,6,0.538461538461538,sushi_b,full_data
7,19,4,4,5,1,0.8,sushi_b,full_data
7,19,5,25,34,9,0.735294117647059,sushi_b,full_data
7,19,7,44,58,14,0.758620689655172,sushi_b,full_data
7,19,10,1,1,0,1,sushi_b,full_data
7,19,12,50,64,14,0.78125,sushi_b,full_data
7,19,14,31,36,5,0.861111111111111,sushi_b,full_data
7,19,16,53,64,11,0.828125,sushi_b,full_data
7,19,17,2,3,1,0.666666666666667,sushi_b,full_data
7,19,18,38,44,6,0.863636363636364,sushi_b,full_data
7,19,21,9,11,2,0.818181818181818,sushi_b,full_data
7,19,22,1,2,1,0.5,sushi_b,full_data
7,19,23,39,45,6,0.866666666666667,sushi_b,full_data
7,19,24,21,24,3,0.875,sushi_b,full_data
7,19,25,8,11,3,0.727272727272727,sushi_b,full_data
7,19,26,1,1,0,1,sushi_b,full_data
7,19,27,6,7,1,0.857142857142857,sushi_b,full_data
7,19,28,18,19,1,0.947368421052632,sushi_b,full_data
7,19,29,24,28,4,0.857142857142857,sushi_b,full_data
7,19,30,32,43,11,0.744186046511628,sushi_b,full_data
7,19,31,12,14,2,0.857142857142857,sushi_b,full_data
7,19,32,20,26,6,0.769230769230769,sushi_b,full_data
7,19,33,26,33,7,0.787878787878788,sushi_b,full_data
7,19,34,14,15,1,0.933333333333333,sushi_b,full_data
7,19,35,19,22,3,0.863636363636364,sushi_b,full_data
7,19,36,3,5,2,0.6,sushi_b,full_data
7,19,38,20,24,4,0.833333333333333,sushi_b,full_data
7,19,39,11,15,4,0.733333333333333,sushi_b,full_data
7,19,40,0,1,1,0,sushi_b,full_data
7,19,42,4,5,1,0.8,sushi_b,full_data
7,19,43,7,8,1,0.875,sushi_b,full_data
7,19,44,15,16,1,0.9375,sushi_b,full_data
7,19,45,5,7,2,0.714285714285714,sushi_b,full_data
7,19,46,13,16,3,0.8125,sushi_b,full_data
7,19,48,13,17,4,0.764705882352941,sushi_b,full_data
7,19,49,7,8,1,0.875,sushi_b,full_data
7,19,50,28,30,2,0.933333333333333,sushi_b,full_data
7,19,51,18,19,1,0.947368421052632,sushi_b,full_data
7,19,52,4,4,0,1,sushi_b,full_data
7,19,54,9,11,2,0.818181818181818,sushi_b,full_data
7,19,55,8,8,0,1,sushi_b,full_data
7,19,56,1,1,0,1,sushi_b,full_data
7,19,57,7,8,1,0.875,sushi_b,full_data
7,19,58,8,8,0,1,sushi_b,full_data
7,19,60,2,2,0,1,sushi_b,full_data
7,19,62,3,4,1,0.75,sushi_b,full_data
7,19,63,18,19,1,0.947368421052632,sushi_b,full_data
7,19,64,2,2,0,1,sushi_b,full_data
7,19,65,4,4,0,1,sushi_b,full_data
7,19,66,4,4,0,1,sushi_b,full_data
7,19,67,3,3,0,1,sushi_b,full_data
7,19,68,8,8,0,1,sushi_b,full_data
7,19,70,6,8,2,0.75,sushi_b,full_data
7,19,71,4,6,2,0.666666666666667,sushi_b,full_data
7,19,72,7,10,3,0.7,sushi_b,full_data
7,19,73,2,4,2,0.5,sushi_b,full_data
7,19,74,2,5,3,0.4,sushi_b,full_data
7,19,75,3,4,1,0.75,sushi_b,full_data
7,19,76,1,1,0,1,sushi_b,full_data
7,19,77,3,3,0,1,sushi_b,full_data
7,19,80,1,1,0,1,sushi_b,full_data
7,19,82,8,10,2,0.8,sushi_b,full_data
7,19,83,1,2,1,0.5,sushi_b,full_data
7,19,87,5,5,0,1,sushi_b,full_data
7,19,88,2,3,1,0.666666666666667,sushi_b,full_data
7,19,91,4,5,1,0.8,sushi_b,full_data
7,19,95,2,3,1,0.666666666666667,sushi_b,full_data
7,19,98,2,2,0,1,sushi_b,full_data
7,19,99,4,5,1,0.8,sushi_b,full_data
7,20,5,0,1,1,0,sushi_b,full_data
7,20,7,2,4,2,0.5,sushi_b,full_data
7,20,12,9,12,3,0.75,sushi_b,full_data
7,20,14,2,3,1,0.666666666666667,sushi_b,full_data
7,20,16,10,16,6,0.625,sushi_b,full_data
7,20,17,49,54,5,0.907407407407407,sushi_b,full_data
7,20,18,4,5,1,0.8,sushi_b,full_data
7,20,23,21,27,6,0.777777777777778,sushi_b,full_data
7,20,24,27,37,10,0.72972972972973,sushi_b,full_data
7,20,28,24,31,7,0.774193548387097,sushi_b,full_data
7,20,29,20,28,8,0.714285714285714,sushi_b,full_data
7,20,30,14,16,2,0.875,sushi_b,full_data
7,20,32,2,2,0,1,sushi_b,full_data
7,20,33,11,14,3,0.785714285714286,sushi_b,full_data
7,20,35,12,15,3,0.8,sushi_b,full_data
7,20,38,10,14,4,0.714285714285714,sushi_b,full_data
7,20,39,4,4,0,1,sushi_b,full_data
7,20,40,20,30,10,0.666666666666667,sushi_b,full_data
7,20,42,14,18,4,0.777777777777778,sushi_b,full_data
7,20,46,3,3,0,1,sushi_b,full_data
7,20,48,8,10,2,0.8,sushi_b,full_data
7,20,49,26,29,3,0.896551724137931,sushi_b,full_data
7,20,50,4,5,1,0.8,sushi_b,full_data
7,20,51,10,14,4,0.714285714285714,sushi_b,full_data
7,20,52,7,12,5,0.583333333333333,sushi_b,full_data
7,20,54,1,1,0,1,sushi_b,full_data
7,20,55,8,9,1,0.888888888888889,sushi_b,full_data
7,20,56,10,12,2,0.833333333333333,sushi_b,full_data
7,20,58,8,9,1,0.888888888888889,sushi_b,full_data
7,20,59,12,14,2,0.857142857142857,sushi_b,full_data
7,20,60,13,15,2,0.866666666666667,sushi_b,full_data
7,20,63,0,4,4,0,sushi_b,full_data
7,20,64,7,10,3,0.7,sushi_b,full_data
7,20,65,1,1,0,1,sushi_b,full_data
7,20,66,0,1,1,0,sushi_b,full_data
7,20,67,4,6,2,0.666666666666667,sushi_b,full_data
7,20,68,6,6,0,1,sushi_b,full_data
7,20,69,8,9,1,0.888888888888889,sushi_b,full_data
7,20,70,6,7,1,0.857142857142857,sushi_b,full_data
7,20,71,2,2,0,1,sushi_b,full_data
7,20,72,1,1,0,1,sushi_b,full_data
7,20,74,10,11,1,0.909090909090909,sushi_b,full_data
7,20,75,6,7,1,0.857142857142857,sushi_b,full_data
7,20,77,4,5,1,0.8,sushi_b,full_data
7,20,78,7,9,2,0.777777777777778,sushi_b,full_data
7,20,80,5,5,0,1,sushi_b,full_data
7,20,81,7,7,0,1,sushi_b,full_data
7,20,83,1,1,0,1,sushi_b,full_data
7,20,84,3,6,3,0.5,sushi_b,full_data
7,20,85,4,4,0,1,sushi_b,full_data
7,20,87,2,2,0,1,sushi_b,full_data
7,20,89,1,2,1,0.5,sushi_b,full_data
7,20,90,1,1,0,1,sushi_b,full_data
7,20,91,2,2,0,1,sushi_b,full_data
7,20,92,2,3,1,0.666666666666667,sushi_b,full_data
7,20,93,6,6,0,1,sushi_b,full_data
7,20,94,7,9,2,0.777777777777778,sushi_b,full_data
7,20,97,5,5,0,1,sushi_b,full_data
7,20,98,1,1,0,1,sushi_b,full_data
7,20,99,0,1,1,0,sushi_b,full_data
7,21,17,16,22,6,0.727272727272727,sushi_b,full_data
7,21,23,2,3,1,0.666666666666667,sushi_b,full_data
7,21,24,3,3,0,1,sushi_b,full_data
7,21,28,4,5,1,0.8,sushi_b,full_data
7,21,29,4,4,0,1,sushi_b,full_data
7,21,35,1,1,0,1,sushi_b,full_data
7,21,40,4,9,5,0.444444444444444,sushi_b,full_data
7,21,42,8,9,1,0.888888888888889,sushi_b,full_data
7,21,48,1,1,0,1,sushi_b,full_data
7,21,49,3,4,1,0.75,sushi_b,full_data
7,21,51,0,1,1,0,sushi_b,full_data
7,21,52,1,1,0,1,sushi_b,full_data
7,21,56,5,7,2,0.714285714285714,sushi_b,full_data
7,21,59,7,8,1,0.875,sushi_b,full_data
7,21,60,4,4,0,1,sushi_b,full_data
7,21,64,1,2,1,0.5,sushi_b,full_data
7,21,67,0,1,1,0,sushi_b,full_data
7,21,68,1,2,1,0.5,sushi_b,full_data
7,21,69,6,6,0,1,sushi_b,full_data
7,21,70,1,1,0,1,sushi_b,full_data
7,21,74,1,1,0,1,sushi_b,full_data
7,21,78,0,2,2,0,sushi_b,full_data
7,21,80,0,1,1,0,sushi_b,full_data
7,21,81,2,2,0,1,sushi_b,full_data
7,21,83,1,1,0,1,sushi_b,full_data
7,21,85,5,5,0,1,sushi_b,full_data
7,21,89,4,4,0,1,sushi_b,full_data
7,21,90,2,2,0,1,sushi_b,full_data
7,21,92,3,3,0,1,sushi_b,full_data
7,21,93,2,2,0,1,sushi_b,full_data
7,21,94,1,2,1,0.5,sushi_b,full_data
7,21,97,2,3,1,0.666666666666667,sushi_b,full_data
7,21,98,1,1,0,1,sushi_b,full_data
7,21,99,1,1,0,1,sushi_b,full_data
7,22,7,1,1,0,1,sushi_b,full_data
7,22,12,1,2,1,0.5,sushi_b,full_data
7,22,16,3,3,0,1,sushi_b,full_data
7,22,17,34,41,7,0.829268292682927,sushi_b,full_data
7,22,18,2,3,1,0.666666666666667,sushi_b,full_data
7,22,23,7,11,4,0.636363636363636,sushi_b,full_data
7,22,24,13,14,1,0.928571428571429,sushi_b,full_data
7,22,28,13,17,4,0.764705882352941,sushi_b,full_data
7,22,29,11,14,3,0.785714285714286,sushi_b,full_data
7,22,30,2,3,1,0.666666666666667,sushi_b,full_data
7,22,32,1,1,0,1,sushi_b,full_data
7,22,33,8,9,1,0.888888888888889,sushi_b,full_data
7,22,35,6,6,0,1,sushi_b,full_data
7,22,38,1,1,0,1,sushi_b,full_data
7,22,40,13,15,2,0.866666666666667,sushi_b,full_data
7,22,42,15,16,1,0.9375,sushi_b,full_data
7,22,44,0,1,1,0,sushi_b,full_data
7,22,48,7,8,1,0.875,sushi_b,full_data
7,22,49,4,5,1,0.8,sushi_b,full_data
7,22,51,1,1,0,1,sushi_b,full_data
7,22,52,6,9,3,0.666666666666667,sushi_b,full_data
7,22,55,3,3,0,1,sushi_b,full_data
7,22,56,3,4,1,0.75,sushi_b,full_data
7,22,59,9,11,2,0.818181818181818,sushi_b,full_data
7,22,60,5,5,0,1,sushi_b,full_data
7,22,63,1,1,0,1,sushi_b,full_data
7,22,64,4,5,1,0.8,sushi_b,full_data
7,22,67,0,2,2,0,sushi_b,full_data
7,22,68,4,4,0,1,sushi_b,full_data
7,22,69,3,3,0,1,sushi_b,full_data
7,22,70,2,2,0,1,sushi_b,full_data
7,22,71,0,1,1,0,sushi_b,full_data
7,22,72,6,6,0,1,sushi_b,full_data
7,22,74,3,3,0,1,sushi_b,full_data
7,22,75,3,4,1,0.75,sushi_b,full_data
7,22,77,3,4,1,0.75,sushi_b,full_data
7,22,78,4,5,1,0.8,sushi_b,full_data
7,22,80,1,1,0,1,sushi_b,full_data
7,22,81,4,4,0,1,sushi_b,full_data
7,22,82,1,1,0,1,sushi_b,full_data
7,22,84,2,2,0,1,sushi_b,full_data
7,22,85,3,4,1,0.75,sushi_b,full_data
7,22,89,5,5,0,1,sushi_b,full_data
7,22,90,2,2,0,1,sushi_b,full_data
7,22,92,3,3,0,1,sushi_b,full_data
7,22,94,2,3,1,0.666666666666667,sushi_b,full_data
7,22,97,5,6,1,0.833333333333333,sushi_b,full_data
7,22,98,2,2,0,1,sushi_b,full_data
7,22,99,2,4,2,0.5,sushi_b,full_data
7,25,17,7,12,5,0.583333333333333,sushi_b,full_data
7,25,24,4,4,0,1,sushi_b,full_data
7,25,28,2,2,0,1,sushi_b,full_data
7,25,29,2,2,0,1,sushi_b,full_data
7,25,33,0,1,1,0,sushi_b,full_data
7,25,35,4,4,0,1,sushi_b,full_data
7,25,40,4,5,1,0.8,sushi_b,full_data
7,25,42,1,1,0,1,sushi_b,full_data
7,25,48,1,2,1,0.5,sushi_b,full_data
7,25,55,1,1,0,1,sushi_b,full_data
7,25,56,1,1,0,1,sushi_b,full_data
7,25,58,0,1,1,0,sushi_b,full_data
7,25,59,2,2,0,1,sushi_b,full_data
7,25,60,2,2,0,1,sushi_b,full_data
7,25,64,3,3,0,1,sushi_b,full_data
7,25,69,1,1,0,1,sushi_b,full_data
7,25,78,2,3,1,0.666666666666667,sushi_b,full_data
7,25,84,1,2,1,0.5,sushi_b,full_data
7,25,92,2,2,0,1,sushi_b,full_data
7,25,93,0,1,1,0,sushi_b,full_data
7,25,97,2,2,0,1,sushi_b,full_data
7,25,99,1,1,0,1,sushi_b,full_data
7,26,7,0,1,1,0,sushi_b,full_data
7,26,12,0,1,1,0,sushi_b,full_data
7,26,16,8,11,3,0.727272727272727,sushi_b,full_data
7,26,17,38,47,9,0.808510638297872,sushi_b,full_data
7,26,18,2,3,1,0.666666666666667,sushi_b,full_data
7,26,23,8,11,3,0.727272727272727,sushi_b,full_data
7,26,24,7,14,7,0.5,sushi_b,full_data
7,26,28,14,18,4,0.777777777777778,sushi_b,full_data
7,26,29,11,15,4,0.733333333333333,sushi_b,full_data
7,26,30,3,5,2,0.6,sushi_b,full_data
7,26,32,1,1,0,1,sushi_b,full_data
7,26,33,2,4,2,0.5,sushi_b,full_data
7,26,35,7,12,5,0.583333333333333,sushi_b,full_data
7,26,38,0,2,2,0,sushi_b,full_data
7,26,39,1,1,0,1,sushi_b,full_data
7,26,40,9,11,2,0.818181818181818,sushi_b,full_data
7,26,42,9,11,2,0.818181818181818,sushi_b,full_data
7,26,44,1,1,0,1,sushi_b,full_data
7,26,46,1,1,0,1,sushi_b,full_data
7,26,48,3,4,1,0.75,sushi_b,full_data
7,26,49,13,15,2,0.866666666666667,sushi_b,full_data
7,26,50,2,3,1,0.666666666666667,sushi_b,full_data
7,26,51,0,1,1,0,sushi_b,full_data
7,26,52,2,5,3,0.4,sushi_b,full_data
7,26,54,1,1,0,1,sushi_b,full_data
7,26,55,1,1,0,1,sushi_b,full_data
7,26,56,6,8,2,0.75,sushi_b,full_data
7,26,58,2,3,1,0.666666666666667,sushi_b,full_data
7,26,59,5,6,1,0.833333333333333,sushi_b,full_data
7,26,60,4,5,1,0.8,sushi_b,full_data
7,26,64,9,9,0,1,sushi_b,full_data
7,26,66,1,2,1,0.5,sushi_b,full_data
7,26,67,2,2,0,1,sushi_b,full_data
7,26,68,1,1,0,1,sushi_b,full_data
7,26,69,2,3,1,0.666666666666667,sushi_b,full_data
7,26,70,1,2,1,0.5,sushi_b,full_data
7,26,72,1,1,0,1,sushi_b,full_data
7,26,74,3,6,3,0.5,sushi_b,full_data
7,26,75,3,4,1,0.75,sushi_b,full_data
7,26,77,2,3,1,0.666666666666667,sushi_b,full_data
7,26,78,3,3,0,1,sushi_b,full_data
7,26,80,2,2,0,1,sushi_b,full_data
7,26,81,1,1,0,1,sushi_b,full_data
7,26,82,1,1,0,1,sushi_b,full_data
7,26,83,2,2,0,1,sushi_b,full_data
7,26,84,2,2,0,1,sushi_b,full_data
7,26,85,3,3,0,1,sushi_b,full_data
7,26,86,1,1,0,1,sushi_b,full_data
7,26,89,2,3,1,0.666666666666667,sushi_b,full_data
7,26,90,3,5,2,0.6,sushi_b,full_data
7,26,91,1,1,0,1,sushi_b,full_data
7,26,92,3,3,0,1,sushi_b,full_data
7,26,93,1,1,0,1,sushi_b,full_data
7,26,94,3,4,1,0.75,sushi_b,full_data
7,26,97,5,5,0,1,sushi_b,full_data
7,26,98,4,5,1,0.8,sushi_b,full_data
7,26,99,2,2,0,1,sushi_b,full_data
7,27,16,2,2,0,1,sushi_b,full_data
7,27,17,19,24,5,0.791666666666667,sushi_b,full_data
7,27,23,3,4,1,0.75,sushi_b,full_data
7,27,24,2,3,1,0.666666666666667,sushi_b,full_data
7,27,28,3,4,1,0.75,sushi_b,full_data
7,27,29,3,3,0,1,sushi_b,full_data
7,27,30,1,1,0,1,sushi_b,full_data
7,27,33,1,1,0,1,sushi_b,full_data
7,27,35,2,2,0,1,sushi_b,full_data
7,27,40,5,7,2,0.714285714285714,sushi_b,full_data
7,27,42,2,2,0,1,sushi_b,full_data
7,27,49,0,1,1,0,sushi_b,full_data
7,27,51,1,1,0,1,sushi_b,full_data
7,27,52,3,5,2,0.6,sushi_b,full_data
7,27,59,2,3,1,0.666666666666667,sushi_b,full_data
7,27,60,1,1,0,1,sushi_b,full_data
7,27,64,2,2,0,1,sushi_b,full_data
7,27,66,1,2,1,0.5,sushi_b,full_data
7,27,68,1,1,0,1,sushi_b,full_data
7,27,69,1,2,1,0.5,sushi_b,full_data
7,27,70,1,2,1,0.5,sushi_b,full_data
7,27,75,2,2,0,1,sushi_b,full_data
7,27,77,1,1,0,1,sushi_b,full_data
7,27,78,5,5,0,1,sushi_b,full_data
7,27,80,1,1,0,1,sushi_b,full_data
7,27,81,0,1,1,0,sushi_b,full_data
7,27,85,0,1,1,0,sushi_b,full_data
7,27,86,1,1,0,1,sushi_b,full_data
7,27,89,1,1,0,1,sushi_b,full_data
7,27,90,0,1,1,0,sushi_b,full_data
7,27,93,1,1,0,1,sushi_b,full_data
7,27,94,1,1,0,1,sushi_b,full_data
7,27,97,1,1,0,1,sushi_b,full_data
7,27,98,1,1,0,1,sushi_b,full_data
7,30,17,1,1,0,1,sushi_b,full_data
7,30,93,0,1,1,0,sushi_b,full_data
7,31,17,5,7,2,0.714285714285714,sushi_b,full_data
7,31,23,2,2,0,1,sushi_b,full_data
7,31,24,3,3,0,1,sushi_b,full_data
7,31,28,1,1,0,1,sushi_b,full_data
7,31,35,0,1,1,0,sushi_b,full_data
7,31,40,2,2,0,1,sushi_b,full_data
7,31,42,2,2,0,1,sushi_b,full_data
7,31,52,1,1,0,1,sushi_b,full_data
7,31,60,1,1,0,1,sushi_b,full_data
7,31,64,1,1,0,1,sushi_b,full_data
7,31,66,1,1,0,1,sushi_b,full_data
7,31,67,0,1,1,0,sushi_b,full_data
7,31,69,1,1,0,1,sushi_b,full_data
7,31,81,0,1,1,0,sushi_b,full_data
7,31,89,2,2,0,1,sushi_b,full_data
7,31,90,2,2,0,1,sushi_b,full_data
7,31,92,2,2,0,1,sushi_b,full_data
7,31,93,1,1,0,1,sushi_b,full_data
7,31,94,1,1,0,1,sushi_b,full_data
7,31,97,1,1,0,1,sushi_b,full_data
7,31,99,1,1,0,1,sushi_b,full_data
7,32,17,1,1,0,1,sushi_b,full_data
7,34,17,3,4,1,0.75,sushi_b,full_data
7,34,40,0,1,1,0,sushi_b,full_data
7,34,52,1,1,0,1,sushi_b,full_data
7,34,59,0,1,1,0,sushi_b,full_data
7,34,60,1,2,1,0.5,sushi_b,full_data
7,34,69,1,1,0,1,sushi_b,full_data
7,34,77,1,1,0,1,sushi_b,full_data
7,36,17,4,6,2,0.666666666666667,sushi_b,full_data
7,36,23,1,2,1,0.5,sushi_b,full_data
7,36,24,5,5,0,1,sushi_b,full_data
7,36,29,1,2,1,0.5,sushi_b,full_data
7,36,30,1,1,0,1,sushi_b,full_data
7,36,33,1,1,0,1,sushi_b,full_data
7,36,35,1,2,1,0.5,sushi_b,full_data
7,36,40,2,4,2,0.5,sushi_b,full_data
7,36,42,1,1,0,1,sushi_b,full_data
7,36,49,1,3,2,0.333333333333333,sushi_b,full_data
7,36,51,0,1,1,0,sushi_b,full_data
7,36,52,1,1,0,1,sushi_b,full_data
7,36,56,1,2,1,0.5,sushi_b,full_data
7,36,58,1,2,1,0.5,sushi_b,full_data
7,36,64,2,2,0,1,sushi_b,full_data
7,36,67,1,1,0,1,sushi_b,full_data
7,36,69,1,1,0,1,sushi_b,full_data
7,36,72,1,1,0,1,sushi_b,full_data
7,36,74,0,2,2,0,sushi_b,full_data
7,36,75,2,2,0,1,sushi_b,full_data
7,36,78,2,3,1,0.666666666666667,sushi_b,full_data
7,36,81,1,2,1,0.5,sushi_b,full_data
7,36,83,0,3,3,0,sushi_b,full_data
7,36,84,0,1,1,0,sushi_b,full_data
7,36,85,1,1,0,1,sushi_b,full_data
7,36,89,2,2,0,1,sushi_b,full_data
7,36,90,1,1,0,1,sushi_b,full_data
7,36,93,1,1,0,1,sushi_b,full_data
7,36,94,0,1,1,0,sushi_b,full_data
7,36,97,1,2,1,0.5,sushi_b,full_data
7,37,0,0,1,1,0,sushi_b,full_data
7,37,3,1,2,1,0.5,sushi_b,full_data
7,37,4,1,2,1,0.5,sushi_b,full_data
7,37,5,9,11,2,0.818181818181818,sushi_b,full_data
7,37,7,9,17,8,0.529411764705882,sushi_b,full_data
7,37,12,14,26,12,0.538461538461538,sushi_b,full_data
7,37,14,16,19,3,0.842105263157895,sushi_b,full_data
7,37,16,23,25,2,0.92,sushi_b,full_data
7,37,17,4,5,1,0.8,sushi_b,full_data
7,37,18,23,26,3,0.884615384615385,sushi_b,full_data
7,37,21,2,3,1,0.666666666666667,sushi_b,full_data
7,37,22,0,1,1,0,sushi_b,full_data
7,37,23,23,29,6,0.793103448275862,sushi_b,full_data
7,37,24,16,21,5,0.761904761904762,sushi_b,full_data
7,37,25,4,4,0,1,sushi_b,full_data
7,37,27,1,1,0,1,sushi_b,full_data
7,37,28,13,16,3,0.8125,sushi_b,full_data
7,37,29,23,24,1,0.958333333333333,sushi_b,full_data
7,37,30,21,26,5,0.807692307692308,sushi_b,full_data
7,37,31,5,5,0,1,sushi_b,full_data
7,37,32,9,11,2,0.818181818181818,sushi_b,full_data
7,37,33,12,23,11,0.521739130434783,sushi_b,full_data
7,37,34,4,7,3,0.571428571428571,sushi_b,full_data
7,37,35,12,14,2,0.857142857142857,sushi_b,full_data
7,37,36,1,1,0,1,sushi_b,full_data
7,37,38,15,22,7,0.681818181818182,sushi_b,full_data
7,37,39,7,10,3,0.7,sushi_b,full_data
7,37,40,6,7,1,0.857142857142857,sushi_b,full_data
7,37,42,8,8,0,1,sushi_b,full_data
7,37,43,2,4,2,0.5,sushi_b,full_data
7,37,44,8,8,0,1,sushi_b,full_data
7,37,45,3,3,0,1,sushi_b,full_data
7,37,46,7,14,7,0.5,sushi_b,full_data
7,37,48,12,13,1,0.923076923076923,sushi_b,full_data
7,37,49,11,12,1,0.916666666666667,sushi_b,full_data
7,37,50,9,13,4,0.692307692307692,sushi_b,full_data
7,37,51,10,11,1,0.909090909090909,sushi_b,full_data
7,37,52,4,4,0,1,sushi_b,full_data
7,37,54,5,5,0,1,sushi_b,full_data
7,37,55,3,5,2,0.6,sushi_b,full_data
7,37,56,1,1,0,1,sushi_b,full_data
7,37,58,6,7,1,0.857142857142857,sushi_b,full_data
7,37,59,1,1,0,1,sushi_b,full_data
7,37,60,0,1,1,0,sushi_b,full_data
7,37,62,4,5,1,0.8,sushi_b,full_data
7,37,63,2,4,2,0.5,sushi_b,full_data
7,37,64,3,4,1,0.75,sushi_b,full_data
7,37,65,2,3,1,0.666666666666667,sushi_b,full_data
7,37,66,4,5,1,0.8,sushi_b,full_data
7,37,67,7,9,2,0.777777777777778,sushi_b,full_data
7,37,68,1,1,0,1,sushi_b,full_data
7,37,69,1,1,0,1,sushi_b,full_data
7,37,70,1,1,0,1,sushi_b,full_data
7,37,71,0,1,1,0,sushi_b,full_data
7,37,72,2,4,2,0.5,sushi_b,full_data
7,37,74,3,3,0,1,sushi_b,full_data
7,37,75,2,3,1,0.666666666666667,sushi_b,full_data
7,37,77,4,4,0,1,sushi_b,full_data
7,37,78,1,1,0,1,sushi_b,full_data
7,37,80,3,3,0,1,sushi_b,full_data
7,37,82,2,2,0,1,sushi_b,full_data
7,37,83,1,1,0,1,sushi_b,full_data
7,37,84,1,1,0,1,sushi_b,full_data
7,37,87,1,2,1,0.5,sushi_b,full_data
7,37,89,1,1,0,1,sushi_b,full_data
7,37,97,1,1,0,1,sushi_b,full_data
7,37,98,2,2,0,1,sushi_b,full_data
7,37,99,0,1,1,0,sushi_b,full_data
7,39,17,0,1,1,0,sushi_b,full_data
7,39,64,1,1,0,1,sushi_b,full_data
7,41,7,1,1,0,1,sushi_b,full_data
7,41,12,4,5,1,0.8,sushi_b,full_data
7,41,16,8,10,2,0.8,sushi_b,full_data
7,41,17,22,24,2,0.916666666666667,sushi_b,full_data
7,41,18,1,1,0,1,sushi_b,full_data
7,41,23,8,11,3,0.727272727272727,sushi_b,full_data
7,41,24,11,11,0,1,sushi_b,full_data
7,41,28,12,15,3,0.8,sushi_b,full_data
7,41,29,7,12,5,0.583333333333333,sushi_b,full_data
7,41,30,2,2,0,1,sushi_b,full_data
7,41,33,6,6,0,1,sushi_b,full_data
7,41,35,8,9,1,0.888888888888889,sushi_b,full_data
7,41,38,2,6,4,0.333333333333333,sushi_b,full_data
7,41,40,8,9,1,0.888888888888889,sushi_b,full_data
7,41,42,3,5,2,0.6,sushi_b,full_data
7,41,44,1,1,0,1,sushi_b,full_data
7,41,46,3,3,0,1,sushi_b,full_data
7,41,48,5,5,0,1,sushi_b,full_data
7,41,49,2,2,0,1,sushi_b,full_data
7,41,50,2,3,1,0.666666666666667,sushi_b,full_data
7,41,52,1,2,1,0.5,sushi_b,full_data
7,41,55,1,1,0,1,sushi_b,full_data
7,41,56,5,6,1,0.833333333333333,sushi_b,full_data
7,41,58,1,1,0,1,sushi_b,full_data
7,41,59,10,13,3,0.769230769230769,sushi_b,full_data
7,41,60,1,1,0,1,sushi_b,full_data
7,41,63,1,1,0,1,sushi_b,full_data
7,41,64,4,6,2,0.666666666666667,sushi_b,full_data
7,41,66,1,1,0,1,sushi_b,full_data
7,41,67,4,4,0,1,sushi_b,full_data
7,41,68,4,4,0,1,sushi_b,full_data
7,41,69,3,3,0,1,sushi_b,full_data
7,41,71,0,1,1,0,sushi_b,full_data
7,41,72,3,3,0,1,sushi_b,full_data
7,41,74,3,3,0,1,sushi_b,full_data
7,41,75,2,3,1,0.666666666666667,sushi_b,full_data
7,41,77,1,1,0,1,sushi_b,full_data
7,41,78,7,8,1,0.875,sushi_b,full_data
7,41,83,1,1,0,1,sushi_b,full_data
7,41,84,1,1,0,1,sushi_b,full_data
7,41,89,2,2,0,1,sushi_b,full_data
7,41,90,1,1,0,1,sushi_b,full_data
7,41,92,2,2,0,1,sushi_b,full_data
7,41,93,1,2,1,0.5,sushi_b,full_data
7,41,94,2,2,0,1,sushi_b,full_data
7,41,95,1,1,0,1,sushi_b,full_data
7,41,97,2,2,0,1,sushi_b,full_data
7,41,98,1,1,0,1,sushi_b,full_data
7,41,99,0,2,2,0,sushi_b,full_data
7,43,17,1,1,0,1,sushi_b,full_data
7,43,81,1,1,0,1,sushi_b,full_data
7,44,40,1,1,0,1,sushi_b,full_data
7,44,42,0,1,1,0,sushi_b,full_data
7,44,59,1,1,0,1,sushi_b,full_data
7,44,78,0,1,1,0,sushi_b,full_data
7,45,17,1,2,1,0.5,sushi_b,full_data
7,45,42,1,3,2,0.333333333333333,sushi_b,full_data
7,45,49,0,1,1,0,sushi_b,full_data
7,45,59,1,1,0,1,sushi_b,full_data
7,45,78,0,1,1,0,sushi_b,full_data
7,46,81,1,1,0,1,sushi_b,full_data
7,46,85,0,1,1,0,sushi_b,full_data
7,47,3,1,1,0,1,sushi_b,full_data
7,47,5,2,4,2,0.5,sushi_b,full_data
7,47,7,6,7,1,0.857142857142857,sushi_b,full_data
7,47,12,9,14,5,0.642857142857143,sushi_b,full_data
7,47,14,6,7,1,0.857142857142857,sushi_b,full_data
7,47,16,14,15,1,0.933333333333333,sushi_b,full_data
7,47,17,13,15,2,0.866666666666667,sushi_b,full_data
7,47,18,6,8,2,0.75,sushi_b,full_data
7,47,21,1,2,1,0.5,sushi_b,full_data
7,47,23,11,14,3,0.785714285714286,sushi_b,full_data
7,47,24,19,23,4,0.826086956521739,sushi_b,full_data
7,47,25,2,3,1,0.666666666666667,sushi_b,full_data
7,47,27,1,1,0,1,sushi_b,full_data
7,47,28,13,17,4,0.764705882352941,sushi_b,full_data
7,47,29,9,11,2,0.818181818181818,sushi_b,full_data
7,47,30,14,19,5,0.736842105263158,sushi_b,full_data
7,47,31,2,2,0,1,sushi_b,full_data
7,47,32,3,5,2,0.6,sushi_b,full_data
7,47,33,5,6,1,0.833333333333333,sushi_b,full_data
7,47,34,2,2,0,1,sushi_b,full_data
7,47,35,10,11,1,0.909090909090909,sushi_b,full_data
7,47,38,7,10,3,0.7,sushi_b,full_data
7,47,39,4,5,1,0.8,sushi_b,full_data
7,47,40,6,9,3,0.666666666666667,sushi_b,full_data
7,47,42,8,10,2,0.8,sushi_b,full_data
7,47,44,2,3,1,0.666666666666667,sushi_b,full_data
7,47,45,2,2,0,1,sushi_b,full_data
7,47,46,2,3,1,0.666666666666667,sushi_b,full_data
7,47,48,5,8,3,0.625,sushi_b,full_data
7,47,49,5,5,0,1,sushi_b,full_data
7,47,50,5,7,2,0.714285714285714,sushi_b,full_data
7,47,51,6,7,1,0.857142857142857,sushi_b,full_data
7,47,52,5,7,2,0.714285714285714,sushi_b,full_data
7,47,54,1,1,0,1,sushi_b,full_data
7,47,55,5,6,1,0.833333333333333,sushi_b,full_data
7,47,56,4,4,0,1,sushi_b,full_data
7,47,58,2,2,0,1,sushi_b,full_data
7,47,59,4,4,0,1,sushi_b,full_data
7,47,60,2,2,0,1,sushi_b,full_data
7,47,62,2,2,0,1,sushi_b,full_data
7,47,63,2,2,0,1,sushi_b,full_data
7,47,64,2,5,3,0.4,sushi_b,full_data
7,47,65,0,1,1,0,sushi_b,full_data
7,47,66,3,4,1,0.75,sushi_b,full_data
7,47,67,0,1,1,0,sushi_b,full_data
7,47,68,2,2,0,1,sushi_b,full_data
7,47,69,2,2,0,1,sushi_b,full_data
7,47,70,6,7,1,0.857142857142857,sushi_b,full_data
7,47,71,3,4,1,0.75,sushi_b,full_data
7,47,72,2,3,1,0.666666666666667,sushi_b,full_data
7,47,74,2,5,3,0.4,sushi_b,full_data
7,47,75,0,2,2,0,sushi_b,full_data
7,47,80,3,3,0,1,sushi_b,full_data
7,47,81,2,2,0,1,sushi_b,full_data
7,47,82,1,1,0,1,sushi_b,full_data
7,47,83,1,2,1,0.5,sushi_b,full_data
7,47,85,1,1,0,1,sushi_b,full_data
7,47,87,4,4,0,1,sushi_b,full_data
7,47,89,1,1,0,1,sushi_b,full_data
7,47,90,1,1,0,1,sushi_b,full_data
7,47,91,2,2,0,1,sushi_b,full_data
7,47,92,3,3,0,1,sushi_b,full_data
7,47,94,0,2,2,0,sushi_b,full_data
7,47,98,0,1,1,0,sushi_b,full_data
7,47,99,5,5,0,1,sushi_b,full_data
7,51,17,1,1,0,1,sushi_b,full_data
7,53,5,2,2,0,1,sushi_b,full_data
7,53,7,1,2,1,0.5,sushi_b,full_data
7,53,12,10,11,1,0.909090909090909,sushi_b,full_data
7,53,14,1,2,1,0.5,sushi_b,full_data
7,53,16,9,9,0,1,sushi_b,full_data
7,53,17,10,15,5,0.666666666666667,sushi_b,full_data
7,53,18,10,11,1,0.909090909090909,sushi_b,full_data
7,53,23,8,10,2,0.8,sushi_b,full_data
7,53,24,13,18,5,0.722222222222222,sushi_b,full_data
7,53,25,1,2,1,0.5,sushi_b,full_data
7,53,28,12,17,5,0.705882352941177,sushi_b,full_data
7,53,29,7,9,2,0.777777777777778,sushi_b,full_data
7,53,30,4,6,2,0.666666666666667,sushi_b,full_data
7,53,32,3,3,0,1,sushi_b,full_data
7,53,33,6,10,4,0.6,sushi_b,full_data
7,53,35,2,4,2,0.5,sushi_b,full_data
7,53,36,0,1,1,0,sushi_b,full_data
7,53,38,2,4,2,0.5,sushi_b,full_data
7,53,40,8,12,4,0.666666666666667,sushi_b,full_data
7,53,42,9,10,1,0.9,sushi_b,full_data
7,53,43,1,1,0,1,sushi_b,full_data
7,53,44,1,2,1,0.5,sushi_b,full_data
7,53,46,1,1,0,1,sushi_b,full_data
7,53,48,4,5,1,0.8,sushi_b,full_data
7,53,49,6,8,2,0.75,sushi_b,full_data
7,53,50,1,2,1,0.5,sushi_b,full_data
7,53,51,2,4,2,0.5,sushi_b,full_data
7,53,52,5,5,0,1,sushi_b,full_data
7,53,56,4,4,0,1,sushi_b,full_data
7,53,58,4,5,1,0.8,sushi_b,full_data
7,53,59,1,1,0,1,sushi_b,full_data
7,53,60,7,7,0,1,sushi_b,full_data
7,53,62,2,2,0,1,sushi_b,full_data
7,53,63,2,2,0,1,sushi_b,full_data
7,53,64,5,5,0,1,sushi_b,full_data
7,53,65,1,1,0,1,sushi_b,full_data
7,53,68,2,3,1,0.666666666666667,sushi_b,full_data
7,53,69,6,6,0,1,sushi_b,full_data
7,53,70,1,1,0,1,sushi_b,full_data
7,53,72,1,2,1,0.5,sushi_b,full_data
7,53,73,1,1,0,1,sushi_b,full_data
7,53,74,1,2,1,0.5,sushi_b,full_data
7,53,75,1,2,1,0.5,sushi_b,full_data
7,53,77,2,3,1,0.666666666666667,sushi_b,full_data
7,53,78,2,2,0,1,sushi_b,full_data
7,53,80,1,1,0,1,sushi_b,full_data
7,53,81,1,1,0,1,sushi_b,full_data
7,53,82,1,1,0,1,sushi_b,full_data
7,53,83,2,3,1,0.666666666666667,sushi_b,full_data
7,53,84,2,2,0,1,sushi_b,full_data
7,53,86,2,3,1,0.666666666666667,sushi_b,full_data
7,53,89,3,3,0,1,sushi_b,full_data
7,53,90,1,1,0,1,sushi_b,full_data
7,53,92,1,1,0,1,sushi_b,full_data
7,53,94,1,1,0,1,sushi_b,full_data
7,53,97,1,1,0,1,sushi_b,full_data
7,53,98,2,2,0,1,sushi_b,full_data
7,53,99,1,1,0,1,sushi_b,full_data
7,54,92,1,1,0,1,sushi_b,full_data
7,57,17,2,2,0,1,sushi_b,full_data
7,57,30,1,1,0,1,sushi_b,full_data
7,57,40,1,1,0,1,sushi_b,full_data
7,57,42,2,2,0,1,sushi_b,full_data
7,57,49,2,2,0,1,sushi_b,full_data
7,57,52,3,3,0,1,sushi_b,full_data
7,57,60,1,1,0,1,sushi_b,full_data
7,57,64,1,1,0,1,sushi_b,full_data
7,57,68,0,1,1,0,sushi_b,full_data
7,57,72,1,1,0,1,sushi_b,full_data
7,57,78,1,1,0,1,sushi_b,full_data
7,57,83,1,1,0,1,sushi_b,full_data
7,61,5,4,5,1,0.8,sushi_b,full_data
7,61,7,3,5,2,0.6,sushi_b,full_data
7,61,12,11,13,2,0.846153846153846,sushi_b,full_data
7,61,14,4,7,3,0.571428571428571,sushi_b,full_data
7,61,16,14,16,2,0.875,sushi_b,full_data
7,61,17,4,5,1,0.8,sushi_b,full_data
7,61,18,8,11,3,0.727272727272727,sushi_b,full_data
7,61,21,2,2,0,1,sushi_b,full_data
7,61,23,6,9,3,0.666666666666667,sushi_b,full_data
7,61,24,8,10,2,0.8,sushi_b,full_data
7,61,25,1,2,1,0.5,sushi_b,full_data
7,61,27,1,1,0,1,sushi_b,full_data
7,61,28,8,12,4,0.666666666666667,sushi_b,full_data
7,61,29,11,12,1,0.916666666666667,sushi_b,full_data
7,61,30,10,10,0,1,sushi_b,full_data
7,61,31,1,1,0,1,sushi_b,full_data
7,61,32,2,4,2,0.5,sushi_b,full_data
7,61,33,4,7,3,0.571428571428571,sushi_b,full_data
7,61,34,1,3,2,0.333333333333333,sushi_b,full_data
7,61,35,5,7,2,0.714285714285714,sushi_b,full_data
7,61,36,0,1,1,0,sushi_b,full_data
7,61,38,4,4,0,1,sushi_b,full_data
7,61,39,2,4,2,0.5,sushi_b,full_data
7,61,40,4,4,0,1,sushi_b,full_data
7,61,42,3,3,0,1,sushi_b,full_data
7,61,43,2,4,2,0.5,sushi_b,full_data
7,61,44,3,3,0,1,sushi_b,full_data
7,61,45,4,5,1,0.8,sushi_b,full_data
7,61,46,1,1,0,1,sushi_b,full_data
7,61,48,4,5,1,0.8,sushi_b,full_data
7,61,49,2,2,0,1,sushi_b,full_data
7,61,50,1,4,3,0.25,sushi_b,full_data
7,61,51,1,1,0,1,sushi_b,full_data
7,61,52,1,2,1,0.5,sushi_b,full_data
7,61,54,2,2,0,1,sushi_b,full_data
7,61,55,3,3,0,1,sushi_b,full_data
7,61,56,2,2,0,1,sushi_b,full_data
7,61,58,2,2,0,1,sushi_b,full_data
7,61,60,1,1,0,1,sushi_b,full_data
7,61,62,2,3,1,0.666666666666667,sushi_b,full_data
7,61,63,2,2,0,1,sushi_b,full_data
7,61,64,1,1,0,1,sushi_b,full_data
7,61,65,2,2,0,1,sushi_b,full_data
7,61,68,2,3,1,0.666666666666667,sushi_b,full_data
7,61,69,1,1,0,1,sushi_b,full_data
7,61,70,1,2,1,0.5,sushi_b,full_data
7,61,71,4,4,0,1,sushi_b,full_data
7,61,72,3,3,0,1,sushi_b,full_data
7,61,73,1,2,1,0.5,sushi_b,full_data
7,61,74,2,2,0,1,sushi_b,full_data
7,61,75,3,3,0,1,sushi_b,full_data
7,61,76,1,1,0,1,sushi_b,full_data
7,61,77,2,2,0,1,sushi_b,full_data
7,61,80,1,1,0,1,sushi_b,full_data
7,61,82,1,1,0,1,sushi_b,full_data
7,61,84,1,1,0,1,sushi_b,full_data
7,61,87,1,1,0,1,sushi_b,full_data
7,61,90,1,1,0,1,sushi_b,full_data
7,61,97,1,1,0,1,sushi_b,full_data
7,61,98,1,1,0,1,sushi_b,full_data
7,62,17,0,1,1,0,sushi_b,full_data
7,62,59,1,1,0,1,sushi_b,full_data
7,62,69,1,1,0,1,sushi_b,full_data
7,62,90,1,1,0,1,sushi_b,full_data
7,65,60,0,1,1,0,sushi_b,full_data
7,71,56,0,1,1,0,sushi_b,full_data
7,73,12,0,1,1,0,sushi_b,full_data
7,73,17,0,1,1,0,sushi_b,full_data
7,73,23,1,1,0,1,sushi_b,full_data
7,73,28,1,1,0,1,sushi_b,full_data
7,73,29,1,1,0,1,sushi_b,full_data
7,73,40,0,1,1,0,sushi_b,full_data
7,73,56,1,1,0,1,sushi_b,full_data
7,73,72,0,1,1,0,sushi_b,full_data
7,73,81,1,1,0,1,sushi_b,full_data
7,73,93,1,1,0,1,sushi_b,full_data
7,76,17,2,4,2,0.5,sushi_b,full_data
7,76,40,2,3,1,0.666666666666667,sushi_b,full_data
7,76,49,2,2,0,1,sushi_b,full_data
7,76,52,2,2,0,1,sushi_b,full_data
7,76,56,1,1,0,1,sushi_b,full_data
7,76,59,0,1,1,0,sushi_b,full_data
7,76,66,1,1,0,1,sushi_b,full_data
7,76,75,1,1,0,1,sushi_b,full_data
7,76,80,1,1,0,1,sushi_b,full_data
7,76,89,1,1,0,1,sushi_b,full_data
7,76,99,1,1,0,1,sushi_b,full_data
7,79,3,1,1,0,1,sushi_b,full_data
7,79,5,0,1,1,0,sushi_b,full_data
7,79,7,3,5,2,0.6,sushi_b,full_data
7,79,12,7,9,2,0.777777777777778,sushi_b,full_data
7,79,14,2,2,0,1,sushi_b,full_data
7,79,16,4,4,0,1,sushi_b,full_data
7,79,17,7,7,0,1,sushi_b,full_data
7,79,18,3,4,1,0.75,sushi_b,full_data
7,79,23,1,4,3,0.25,sushi_b,full_data
7,79,24,7,9,2,0.777777777777778,sushi_b,full_data
7,79,25,1,1,0,1,sushi_b,full_data
7,79,28,6,7,1,0.857142857142857,sushi_b,full_data
7,79,29,6,8,2,0.75,sushi_b,full_data
7,79,30,0,1,1,0,sushi_b,full_data
7,79,32,1,1,0,1,sushi_b,full_data
7,79,33,4,5,1,0.8,sushi_b,full_data
7,79,35,1,2,1,0.5,sushi_b,full_data
7,79,38,1,1,0,1,sushi_b,full_data
7,79,40,1,1,0,1,sushi_b,full_data
7,79,42,4,4,0,1,sushi_b,full_data
7,79,43,1,1,0,1,sushi_b,full_data
7,79,44,1,2,1,0.5,sushi_b,full_data
7,79,48,2,2,0,1,sushi_b,full_data
7,79,49,3,3,0,1,sushi_b,full_data
7,79,50,2,2,0,1,sushi_b,full_data
7,79,51,3,4,1,0.75,sushi_b,full_data
7,79,52,1,2,1,0.5,sushi_b,full_data
7,79,54,2,2,0,1,sushi_b,full_data
7,79,55,2,2,0,1,sushi_b,full_data
7,79,56,2,2,0,1,sushi_b,full_data
7,79,58,2,2,0,1,sushi_b,full_data
7,79,60,2,2,0,1,sushi_b,full_data
7,79,63,2,2,0,1,sushi_b,full_data
7,79,64,1,1,0,1,sushi_b,full_data
7,79,68,2,3,1,0.666666666666667,sushi_b,full_data
7,79,69,1,1,0,1,sushi_b,full_data
7,79,70,1,2,1,0.5,sushi_b,full_data
7,79,71,1,2,1,0.5,sushi_b,full_data
7,79,74,1,2,1,0.5,sushi_b,full_data
7,79,75,2,2,0,1,sushi_b,full_data
7,79,78,2,2,0,1,sushi_b,full_data
7,79,82,1,1,0,1,sushi_b,full_data
7,79,89,1,2,1,0.5,sushi_b,full_data
7,79,91,3,3,0,1,sushi_b,full_data
7,79,94,1,1,0,1,sushi_b,full_data
7,79,95,1,1,0,1,sushi_b,full_data
7,79,97,2,2,0,1,sushi_b,full_data
7,79,99,1,2,1,0.5,sushi_b,full_data
7,88,29,1,1,0,1,sushi_b,full_data
7,88,49,1,1,0,1,sushi_b,full_data
7,88,89,1,1,0,1,sushi_b,full_data
7,96,17,1,1,0,1,sushi_b,full_data
7,96,24,0,1,1,0,sushi_b,full_data
7,96,29,1,1,0,1,sushi_b,full_data
7,96,59,1,1,0,1,sushi_b,full_data
7,96,64,1,1,0,1,sushi_b,full_data
7,96,69,1,1,0,1,sushi_b,full_data
8,0,12,1,1,0,1,sushi_b,full_data
8,0,16,3,4,1,0.75,sushi_b,full_data
8,0,17,37,44,7,0.840909090909091,sushi_b,full_data
8,0,18,1,2,1,0.5,sushi_b,full_data
8,0,23,3,4,1,0.75,sushi_b,full_data
8,0,24,10,11,1,0.909090909090909,sushi_b,full_data
8,0,28,9,10,1,0.9,sushi_b,full_data
8,0,29,7,7,0,1,sushi_b,full_data
8,0,30,3,3,0,1,sushi_b,full_data
8,0,33,2,2,0,1,sushi_b,full_data
8,0,35,3,4,1,0.75,sushi_b,full_data
8,0,38,1,1,0,1,sushi_b,full_data
8,0,40,9,11,2,0.818181818181818,sushi_b,full_data
8,0,42,11,12,1,0.916666666666667,sushi_b,full_data
8,0,44,0,1,1,0,sushi_b,full_data
8,0,48,2,3,1,0.666666666666667,sushi_b,full_data
8,0,49,12,12,0,1,sushi_b,full_data
8,0,50,1,2,1,0.5,sushi_b,full_data
8,0,51,1,1,0,1,sushi_b,full_data
8,0,52,5,6,1,0.833333333333333,sushi_b,full_data
8,0,56,3,3,0,1,sushi_b,full_data
8,0,58,0,1,1,0,sushi_b,full_data
8,0,59,10,15,5,0.666666666666667,sushi_b,full_data
8,0,60,7,10,3,0.7,sushi_b,full_data
8,0,64,8,8,0,1,sushi_b,full_data
8,0,66,2,2,0,1,sushi_b,full_data
8,0,68,3,3,0,1,sushi_b,full_data
8,0,69,5,6,1,0.833333333333333,sushi_b,full_data
8,0,74,2,3,1,0.666666666666667,sushi_b,full_data
8,0,75,3,3,0,1,sushi_b,full_data
8,0,77,2,2,0,1,sushi_b,full_data
8,0,78,7,9,2,0.777777777777778,sushi_b,full_data
8,0,80,2,3,1,0.666666666666667,sushi_b,full_data
8,0,81,5,5,0,1,sushi_b,full_data
8,0,82,1,1,0,1,sushi_b,full_data
8,0,84,1,1,0,1,sushi_b,full_data
8,0,85,7,7,0,1,sushi_b,full_data
8,0,86,3,3,0,1,sushi_b,full_data
8,0,89,5,5,0,1,sushi_b,full_data
8,0,90,3,3,0,1,sushi_b,full_data
8,0,92,2,2,0,1,sushi_b,full_data
8,0,93,3,4,1,0.75,sushi_b,full_data
8,0,94,5,6,1,0.833333333333333,sushi_b,full_data
8,0,97,7,8,1,0.875,sushi_b,full_data
8,0,98,3,3,0,1,sushi_b,full_data
8,0,99,1,2,1,0.5,sushi_b,full_data
8,1,7,1,1,0,1,sushi_b,full_data
8,1,12,3,4,1,0.75,sushi_b,full_data
8,1,16,3,4,1,0.75,sushi_b,full_data
8,1,17,53,65,12,0.815384615384615,sushi_b,full_data
8,1,18,2,3,1,0.666666666666667,sushi_b,full_data
8,1,23,6,13,7,0.461538461538462,sushi_b,full_data
8,1,24,15,23,8,0.652173913043478,sushi_b,full_data
8,1,28,15,23,8,0.652173913043478,sushi_b,full_data
8,1,29,16,24,8,0.666666666666667,sushi_b,full_data
8,1,30,3,4,1,0.75,sushi_b,full_data
8,1,33,4,5,1,0.8,sushi_b,full_data
8,1,35,2,5,3,0.4,sushi_b,full_data
8,1,38,1,2,1,0.5,sushi_b,full_data
8,1,40,24,29,5,0.827586206896552,sushi_b,full_data
8,1,42,10,16,6,0.625,sushi_b,full_data
8,1,48,4,5,1,0.8,sushi_b,full_data
8,1,49,8,10,2,0.8,sushi_b,full_data
8,1,50,2,2,0,1,sushi_b,full_data
8,1,51,1,1,0,1,sushi_b,full_data
8,1,52,8,10,2,0.8,sushi_b,full_data
8,1,55,3,3,0,1,sushi_b,full_data
8,1,56,11,16,5,0.6875,sushi_b,full_data
8,1,58,1,1,0,1,sushi_b,full_data
8,1,59,16,22,6,0.727272727272727,sushi_b,full_data
8,1,60,8,9,1,0.888888888888889,sushi_b,full_data
8,1,63,1,1,0,1,sushi_b,full_data
8,1,64,5,9,4,0.555555555555556,sushi_b,full_data
8,1,66,2,2,0,1,sushi_b,full_data
8,1,67,2,3,1,0.666666666666667,sushi_b,full_data
8,1,68,2,3,1,0.666666666666667,sushi_b,full_data
8,1,69,4,5,1,0.8,sushi_b,full_data
8,1,70,3,4,1,0.75,sushi_b,full_data
8,1,72,1,1,0,1,sushi_b,full_data
8,1,74,10,11,1,0.909090909090909,sushi_b,full_data
8,1,75,4,6,2,0.666666666666667,sushi_b,full_data
8,1,77,2,3,1,0.666666666666667,sushi_b,full_data
8,1,78,3,6,3,0.5,sushi_b,full_data
8,1,80,2,2,0,1,sushi_b,full_data
8,1,81,1,1,0,1,sushi_b,full_data
8,1,82,1,1,0,1,sushi_b,full_data
8,1,83,3,3,0,1,sushi_b,full_data
8,1,84,2,2,0,1,sushi_b,full_data
8,1,85,10,11,1,0.909090909090909,sushi_b,full_data
8,1,86,1,1,0,1,sushi_b,full_data
8,1,89,8,10,2,0.8,sushi_b,full_data
8,1,90,8,10,2,0.8,sushi_b,full_data
8,1,92,9,9,0,1,sushi_b,full_data
8,1,93,4,4,0,1,sushi_b,full_data
8,1,94,1,1,0,1,sushi_b,full_data
8,1,97,7,7,0,1,sushi_b,full_data
8,1,98,2,3,1,0.666666666666667,sushi_b,full_data
8,1,99,3,3,0,1,sushi_b,full_data
8,2,3,1,1,0,1,sushi_b,full_data
8,2,7,9,11,2,0.818181818181818,sushi_b,full_data
8,2,12,16,17,1,0.941176470588235,sushi_b,full_data
8,2,14,1,4,3,0.25,sushi_b,full_data
8,2,16,27,32,5,0.84375,sushi_b,full_data
8,2,17,100,116,16,0.862068965517241,sushi_b,full_data
8,2,18,8,10,2,0.8,sushi_b,full_data
8,2,23,33,38,5,0.868421052631579,sushi_b,full_data
8,2,24,52,66,14,0.787878787878788,sushi_b,full_data
8,2,28,45,51,6,0.882352941176471,sushi_b,full_data
8,2,29,34,40,6,0.85,sushi_b,full_data
8,2,30,16,18,2,0.888888888888889,sushi_b,full_data
8,2,32,6,6,0,1,sushi_b,full_data
8,2,33,13,19,6,0.684210526315789,sushi_b,full_data
8,2,35,18,28,10,0.642857142857143,sushi_b,full_data
8,2,38,9,12,3,0.75,sushi_b,full_data
8,2,39,2,2,0,1,sushi_b,full_data
8,2,40,32,42,10,0.761904761904762,sushi_b,full_data
8,2,42,31,38,7,0.815789473684211,sushi_b,full_data
8,2,43,0,1,1,0,sushi_b,full_data
8,2,44,6,7,1,0.857142857142857,sushi_b,full_data
8,2,46,1,1,0,1,sushi_b,full_data
8,2,48,15,19,4,0.789473684210526,sushi_b,full_data
8,2,49,24,26,2,0.923076923076923,sushi_b,full_data
8,2,50,5,5,0,1,sushi_b,full_data
8,2,51,11,13,2,0.846153846153846,sushi_b,full_data
8,2,52,31,38,7,0.815789473684211,sushi_b,full_data
8,2,55,12,12,0,1,sushi_b,full_data
8,2,56,17,19,2,0.894736842105263,sushi_b,full_data
8,2,58,14,18,4,0.777777777777778,sushi_b,full_data
8,2,59,18,23,5,0.782608695652174,sushi_b,full_data
8,2,60,22,26,4,0.846153846153846,sushi_b,full_data
8,2,62,2,2,0,1,sushi_b,full_data
8,2,63,2,3,1,0.666666666666667,sushi_b,full_data
8,2,64,25,26,1,0.961538461538462,sushi_b,full_data
8,2,65,2,2,0,1,sushi_b,full_data
8,2,66,2,2,0,1,sushi_b,full_data
8,2,67,7,8,1,0.875,sushi_b,full_data
8,2,68,8,9,1,0.888888888888889,sushi_b,full_data
8,2,69,21,24,3,0.875,sushi_b,full_data
8,2,70,5,5,0,1,sushi_b,full_data
8,2,71,3,3,0,1,sushi_b,full_data
8,2,72,4,4,0,1,sushi_b,full_data
8,2,74,14,16,2,0.875,sushi_b,full_data
8,2,75,15,16,1,0.9375,sushi_b,full_data
8,2,77,8,11,3,0.727272727272727,sushi_b,full_data
8,2,78,14,16,2,0.875,sushi_b,full_data
8,2,80,4,6,2,0.666666666666667,sushi_b,full_data
8,2,81,12,13,1,0.923076923076923,sushi_b,full_data
8,2,82,4,4,0,1,sushi_b,full_data
8,2,83,4,4,0,1,sushi_b,full_data
8,2,84,6,6,0,1,sushi_b,full_data
8,2,85,6,7,1,0.857142857142857,sushi_b,full_data
8,2,86,4,4,0,1,sushi_b,full_data
8,2,87,1,1,0,1,sushi_b,full_data
8,2,89,6,8,2,0.75,sushi_b,full_data
8,2,90,12,12,0,1,sushi_b,full_data
8,2,91,6,7,1,0.857142857142857,sushi_b,full_data
8,2,92,9,10,1,0.9,sushi_b,full_data
8,2,93,9,9,0,1,sushi_b,full_data
8,2,94,9,11,2,0.818181818181818,sushi_b,full_data
8,2,97,9,10,1,0.9,sushi_b,full_data
8,2,98,5,5,0,1,sushi_b,full_data
8,2,99,6,6,0,1,sushi_b,full_data
8,3,16,1,1,0,1,sushi_b,full_data
8,3,17,7,9,2,0.777777777777778,sushi_b,full_data
8,3,23,1,2,1,0.5,sushi_b,full_data
8,3,24,1,2,1,0.5,sushi_b,full_data
8,3,28,2,2,0,1,sushi_b,full_data
8,3,29,1,1,0,1,sushi_b,full_data
8,3,30,1,1,0,1,sushi_b,full_data
8,3,35,1,1,0,1,sushi_b,full_data
8,3,40,2,3,1,0.666666666666667,sushi_b,full_data
8,3,42,2,2,0,1,sushi_b,full_data
8,3,51,1,1,0,1,sushi_b,full_data
8,3,52,3,3,0,1,sushi_b,full_data
8,3,58,0,1,1,0,sushi_b,full_data
8,3,59,2,2,0,1,sushi_b,full_data
8,3,60,1,1,0,1,sushi_b,full_data
8,3,64,2,3,1,0.666666666666667,sushi_b,full_data
8,3,68,2,3,1,0.666666666666667,sushi_b,full_data
8,3,69,1,1,0,1,sushi_b,full_data
8,3,70,1,1,0,1,sushi_b,full_data
8,3,72,1,1,0,1,sushi_b,full_data
8,3,75,1,1,0,1,sushi_b,full_data
8,3,78,3,5,2,0.6,sushi_b,full_data
8,3,81,2,2,0,1,sushi_b,full_data
8,3,89,2,2,0,1,sushi_b,full_data
8,3,90,1,2,1,0.5,sushi_b,full_data
8,3,93,1,1,0,1,sushi_b,full_data
8,3,94,1,1,0,1,sushi_b,full_data
8,4,17,17,27,10,0.62962962962963,sushi_b,full_data
8,4,23,1,1,0,1,sushi_b,full_data
8,4,24,6,9,3,0.666666666666667,sushi_b,full_data
8,4,28,2,5,3,0.4,sushi_b,full_data
8,4,29,2,4,2,0.5,sushi_b,full_data
8,4,30,1,1,0,1,sushi_b,full_data
8,4,33,2,2,0,1,sushi_b,full_data
8,4,35,3,4,1,0.75,sushi_b,full_data
8,4,40,9,9,0,1,sushi_b,full_data
8,4,42,2,2,0,1,sushi_b,full_data
8,4,49,1,1,0,1,sushi_b,full_data
8,4,52,3,6,3,0.5,sushi_b,full_data
8,4,56,2,2,0,1,sushi_b,full_data
8,4,58,0,1,1,0,sushi_b,full_data
8,4,59,5,8,3,0.625,sushi_b,full_data
8,4,60,2,4,2,0.5,sushi_b,full_data
8,4,64,0,1,1,0,sushi_b,full_data
8,4,68,1,1,0,1,sushi_b,full_data
8,4,69,4,6,2,0.666666666666667,sushi_b,full_data
8,4,70,1,1,0,1,sushi_b,full_data
8,4,75,2,3,1,0.666666666666667,sushi_b,full_data
8,4,77,0,1,1,0,sushi_b,full_data
8,4,78,4,5,1,0.8,sushi_b,full_data
8,4,80,1,1,0,1,sushi_b,full_data
8,4,81,2,2,0,1,sushi_b,full_data
8,4,82,0,1,1,0,sushi_b,full_data
8,4,83,1,1,0,1,sushi_b,full_data
8,4,84,2,2,0,1,sushi_b,full_data
8,4,85,2,4,2,0.5,sushi_b,full_data
8,4,89,1,1,0,1,sushi_b,full_data
8,4,90,1,1,0,1,sushi_b,full_data
8,4,92,3,3,0,1,sushi_b,full_data
8,4,94,1,1,0,1,sushi_b,full_data
8,4,97,1,2,1,0.5,sushi_b,full_data
8,5,17,1,1,0,1,sushi_b,full_data
8,5,40,1,1,0,1,sushi_b,full_data
8,5,56,1,2,1,0.5,sushi_b,full_data
8,5,60,1,1,0,1,sushi_b,full_data
8,5,92,1,1,0,1,sushi_b,full_data
8,6,7,5,5,0,1,sushi_b,full_data
8,6,12,9,10,1,0.9,sushi_b,full_data
8,6,14,1,2,1,0.5,sushi_b,full_data
8,6,16,13,15,2,0.866666666666667,sushi_b,full_data
8,6,17,73,98,25,0.744897959183674,sushi_b,full_data
8,6,18,8,8,0,1,sushi_b,full_data
8,6,23,17,21,4,0.80952380952381,sushi_b,full_data
8,6,24,30,38,8,0.789473684210526,sushi_b,full_data
8,6,28,28,39,11,0.717948717948718,sushi_b,full_data
8,6,29,21,29,8,0.724137931034483,sushi_b,full_data
8,6,30,10,13,3,0.769230769230769,sushi_b,full_data
8,6,32,0,1,1,0,sushi_b,full_data
8,6,33,12,19,7,0.631578947368421,sushi_b,full_data
8,6,35,18,23,5,0.782608695652174,sushi_b,full_data
8,6,38,3,5,2,0.6,sushi_b,full_data
8,6,39,2,2,0,1,sushi_b,full_data
8,6,40,26,32,6,0.8125,sushi_b,full_data
8,6,42,31,35,4,0.885714285714286,sushi_b,full_data
8,6,45,0,1,1,0,sushi_b,full_data
8,6,48,11,13,2,0.846153846153846,sushi_b,full_data
8,6,49,20,27,7,0.740740740740741,sushi_b,full_data
8,6,50,3,4,1,0.75,sushi_b,full_data
8,6,51,4,8,4,0.5,sushi_b,full_data
8,6,52,16,21,5,0.761904761904762,sushi_b,full_data
8,6,55,2,6,4,0.333333333333333,sushi_b,full_data
8,6,56,13,16,3,0.8125,sushi_b,full_data
8,6,58,3,3,0,1,sushi_b,full_data
8,6,59,22,26,4,0.846153846153846,sushi_b,full_data
8,6,60,8,12,4,0.666666666666667,sushi_b,full_data
8,6,62,1,1,0,1,sushi_b,full_data
8,6,63,1,2,1,0.5,sushi_b,full_data
8,6,64,6,13,7,0.461538461538462,sushi_b,full_data
8,6,66,0,1,1,0,sushi_b,full_data
8,6,67,4,7,3,0.571428571428571,sushi_b,full_data
8,6,68,5,7,2,0.714285714285714,sushi_b,full_data
8,6,69,9,9,0,1,sushi_b,full_data
8,6,70,3,4,1,0.75,sushi_b,full_data
8,6,72,3,5,2,0.6,sushi_b,full_data
8,6,74,11,16,5,0.6875,sushi_b,full_data
8,6,75,6,9,3,0.666666666666667,sushi_b,full_data
8,6,77,6,6,0,1,sushi_b,full_data
8,6,78,6,9,3,0.666666666666667,sushi_b,full_data
8,6,80,1,1,0,1,sushi_b,full_data
8,6,81,3,4,1,0.75,sushi_b,full_data
8,6,82,1,1,0,1,sushi_b,full_data
8,6,83,1,2,1,0.5,sushi_b,full_data
8,6,84,4,5,1,0.8,sushi_b,full_data
8,6,85,4,6,2,0.666666666666667,sushi_b,full_data
8,6,86,4,4,0,1,sushi_b,full_data
8,6,87,3,3,0,1,sushi_b,full_data
8,6,89,3,4,1,0.75,sushi_b,full_data
8,6,90,3,3,0,1,sushi_b,full_data
8,6,91,5,5,0,1,sushi_b,full_data
8,6,92,8,10,2,0.8,sushi_b,full_data
8,6,93,3,4,1,0.75,sushi_b,full_data
8,6,94,4,7,3,0.571428571428571,sushi_b,full_data
8,6,97,2,3,1,0.666666666666667,sushi_b,full_data
8,6,98,3,4,1,0.75,sushi_b,full_data
8,6,99,4,6,2,0.666666666666667,sushi_b,full_data
8,8,3,1,2,1,0.5,sushi_b,full_data
8,8,5,5,9,4,0.555555555555556,sushi_b,full_data
8,8,7,17,23,6,0.739130434782609,sushi_b,full_data
8,8,12,27,34,7,0.794117647058823,sushi_b,full_data
8,8,14,16,18,2,0.888888888888889,sushi_b,full_data
8,8,16,57,67,10,0.850746268656716,sushi_b,full_data
8,8,17,48,59,11,0.813559322033898,sushi_b,full_data
8,8,18,24,30,6,0.8,sushi_b,full_data
8,8,21,2,2,0,1,sushi_b,full_data
8,8,23,65,73,8,0.89041095890411,sushi_b,full_data
8,8,24,75,87,12,0.862068965517241,sushi_b,full_data
8,8,25,2,3,1,0.666666666666667,sushi_b,full_data
8,8,28,57,68,11,0.838235294117647,sushi_b,full_data
8,8,29,65,74,9,0.878378378378378,sushi_b,full_data
8,8,30,34,44,10,0.772727272727273,sushi_b,full_data
8,8,31,2,2,0,1,sushi_b,full_data
8,8,32,17,22,5,0.772727272727273,sushi_b,full_data
8,8,33,37,44,7,0.840909090909091,sushi_b,full_data
8,8,34,4,4,0,1,sushi_b,full_data
8,8,35,41,48,7,0.854166666666667,sushi_b,full_data
8,8,36,1,1,0,1,sushi_b,full_data
8,8,38,15,22,7,0.681818181818182,sushi_b,full_data
8,8,39,8,8,0,1,sushi_b,full_data
8,8,40,30,32,2,0.9375,sushi_b,full_data
8,8,42,40,46,6,0.869565217391304,sushi_b,full_data
8,8,43,5,7,2,0.714285714285714,sushi_b,full_data
8,8,44,8,10,2,0.8,sushi_b,full_data
8,8,45,0,1,1,0,sushi_b,full_data
8,8,46,4,4,0,1,sushi_b,full_data
8,8,48,25,31,6,0.806451612903226,sushi_b,full_data
8,8,49,22,25,3,0.88,sushi_b,full_data
8,8,50,10,16,6,0.625,sushi_b,full_data
8,8,51,29,29,0,1,sushi_b,full_data
8,8,52,21,24,3,0.875,sushi_b,full_data
8,8,54,3,3,0,1,sushi_b,full_data
8,8,55,9,11,2,0.818181818181818,sushi_b,full_data
8,8,56,16,20,4,0.8,sushi_b,full_data
8,8,58,13,19,6,0.684210526315789,sushi_b,full_data
8,8,59,14,15,1,0.933333333333333,sushi_b,full_data
8,8,60,20,22,2,0.909090909090909,sushi_b,full_data
8,8,62,3,4,1,0.75,sushi_b,full_data
8,8,63,6,6,0,1,sushi_b,full_data
8,8,64,24,30,6,0.8,sushi_b,full_data
8,8,65,3,4,1,0.75,sushi_b,full_data
8,8,66,7,7,0,1,sushi_b,full_data
8,8,67,12,13,1,0.923076923076923,sushi_b,full_data
8,8,68,5,8,3,0.625,sushi_b,full_data
8,8,69,15,18,3,0.833333333333333,sushi_b,full_data
8,8,70,18,18,0,1,sushi_b,full_data
8,8,71,9,9,0,1,sushi_b,full_data
8,8,72,5,8,3,0.625,sushi_b,full_data
8,8,73,1,1,0,1,sushi_b,full_data
8,8,74,13,13,0,1,sushi_b,full_data
8,8,75,12,17,5,0.705882352941177,sushi_b,full_data
8,8,76,1,1,0,1,sushi_b,full_data
8,8,77,9,11,2,0.818181818181818,sushi_b,full_data
8,8,78,4,4,0,1,sushi_b,full_data
8,8,80,5,7,2,0.714285714285714,sushi_b,full_data
8,8,81,1,2,1,0.5,sushi_b,full_data
8,8,82,5,6,1,0.833333333333333,sushi_b,full_data
8,8,83,4,5,1,0.8,sushi_b,full_data
8,8,84,8,8,0,1,sushi_b,full_data
8,8,85,2,2,0,1,sushi_b,full_data
8,8,86,6,8,2,0.75,sushi_b,full_data
8,8,87,4,4,0,1,sushi_b,full_data
8,8,88,1,1,0,1,sushi_b,full_data
8,8,89,5,5,0,1,sushi_b,full_data
8,8,90,2,2,0,1,sushi_b,full_data
8,8,91,6,6,0,1,sushi_b,full_data
8,8,92,0,1,1,0,sushi_b,full_data
8,8,93,2,2,0,1,sushi_b,full_data
8,8,94,4,4,0,1,sushi_b,full_data
8,8,95,1,1,0,1,sushi_b,full_data
8,8,97,8,8,0,1,sushi_b,full_data
8,8,98,7,7,0,1,sushi_b,full_data
8,8,99,9,11,2,0.818181818181818,sushi_b,full_data
8,9,5,1,1,0,1,sushi_b,full_data
8,9,7,7,13,6,0.538461538461538,sushi_b,full_data
8,9,12,27,37,10,0.72972972972973,sushi_b,full_data
8,9,14,3,6,3,0.5,sushi_b,full_data
8,9,16,34,39,5,0.871794871794872,sushi_b,full_data
8,9,17,71,88,17,0.806818181818182,sushi_b,full_data
8,9,18,26,28,2,0.928571428571429,sushi_b,full_data
8,9,21,2,2,0,1,sushi_b,full_data
8,9,23,40,50,10,0.8,sushi_b,full_data
8,9,24,57,66,9,0.863636363636364,sushi_b,full_data
8,9,27,0,1,1,0,sushi_b,full_data
8,9,28,51,63,12,0.80952380952381,sushi_b,full_data
8,9,29,42,57,15,0.736842105263158,sushi_b,full_data
8,9,30,19,25,6,0.76,sushi_b,full_data
8,9,31,0,2,2,0,sushi_b,full_data
8,9,32,8,9,1,0.888888888888889,sushi_b,full_data
8,9,33,22,25,3,0.88,sushi_b,full_data
8,9,34,1,1,0,1,sushi_b,full_data
8,9,35,41,48,7,0.854166666666667,sushi_b,full_data
8,9,38,14,15,1,0.933333333333333,sushi_b,full_data
8,9,39,6,6,0,1,sushi_b,full_data
8,9,40,51,60,9,0.85,sushi_b,full_data
8,9,42,35,38,3,0.921052631578947,sushi_b,full_data
8,9,43,3,3,0,1,sushi_b,full_data
8,9,44,2,3,1,0.666666666666667,sushi_b,full_data
8,9,46,4,5,1,0.8,sushi_b,full_data
8,9,48,22,26,4,0.846153846153846,sushi_b,full_data
8,9,49,29,36,7,0.805555555555556,sushi_b,full_data
8,9,50,13,14,1,0.928571428571429,sushi_b,full_data
8,9,51,14,19,5,0.736842105263158,sushi_b,full_data
8,9,52,21,21,0,1,sushi_b,full_data
8,9,54,3,3,0,1,sushi_b,full_data
8,9,55,11,17,6,0.647058823529412,sushi_b,full_data
8,9,56,14,20,6,0.7,sushi_b,full_data
8,9,58,13,14,1,0.928571428571429,sushi_b,full_data
8,9,59,17,20,3,0.85,sushi_b,full_data
8,9,60,16,19,3,0.842105263157895,sushi_b,full_data
8,9,62,3,3,0,1,sushi_b,full_data
8,9,63,4,5,1,0.8,sushi_b,full_data
8,9,64,16,17,1,0.941176470588235,sushi_b,full_data
8,9,65,2,2,0,1,sushi_b,full_data
8,9,66,7,12,5,0.583333333333333,sushi_b,full_data
8,9,67,9,10,1,0.9,sushi_b,full_data
8,9,68,9,9,0,1,sushi_b,full_data
8,9,69,16,18,2,0.888888888888889,sushi_b,full_data
8,9,70,7,12,5,0.583333333333333,sushi_b,full_data
8,9,71,2,4,2,0.5,sushi_b,full_data
8,9,72,6,7,1,0.857142857142857,sushi_b,full_data
8,9,74,11,18,7,0.611111111111111,sushi_b,full_data
8,9,75,7,8,1,0.875,sushi_b,full_data
8,9,77,12,14,2,0.857142857142857,sushi_b,full_data
8,9,78,6,8,2,0.75,sushi_b,full_data
8,9,80,8,9,1,0.888888888888889,sushi_b,full_data
8,9,81,5,5,0,1,sushi_b,full_data
8,9,82,1,1,0,1,sushi_b,full_data
8,9,83,4,4,0,1,sushi_b,full_data
8,9,84,2,2,0,1,sushi_b,full_data
8,9,85,5,5,0,1,sushi_b,full_data
8,9,86,2,3,1,0.666666666666667,sushi_b,full_data
8,9,87,4,5,1,0.8,sushi_b,full_data
8,9,89,6,6,0,1,sushi_b,full_data
8,9,90,3,4,1,0.75,sushi_b,full_data
8,9,91,4,6,2,0.666666666666667,sushi_b,full_data
8,9,92,4,5,1,0.8,sushi_b,full_data
8,9,93,8,9,1,0.888888888888889,sushi_b,full_data
8,9,94,3,4,1,0.75,sushi_b,full_data
8,9,95,2,2,0,1,sushi_b,full_data
8,9,97,6,6,0,1,sushi_b,full_data
8,9,98,8,9,1,0.888888888888889,sushi_b,full_data
8,9,99,3,4,1,0.75,sushi_b,full_data
8,10,17,12,15,3,0.8,sushi_b,full_data
8,10,28,3,4,1,0.75,sushi_b,full_data
8,10,35,2,2,0,1,sushi_b,full_data
8,10,40,8,8,0,1,sushi_b,full_data
8,10,42,3,4,1,0.75,sushi_b,full_data
8,10,48,0,1,1,0,sushi_b,full_data
8,10,49,2,2,0,1,sushi_b,full_data
8,10,51,1,1,0,1,sushi_b,full_data
8,10,52,1,2,1,0.5,sushi_b,full_data
8,10,56,2,3,1,0.666666666666667,sushi_b,full_data
8,10,59,2,4,2,0.5,sushi_b,full_data
8,10,60,2,2,0,1,sushi_b,full_data
8,10,67,1,1,0,1,sushi_b,full_data
8,10,69,2,4,2,0.5,sushi_b,full_data
8,10,70,1,1,0,1,sushi_b,full_data
8,10,78,1,1,0,1,sushi_b,full_data
8,10,80,1,1,0,1,sushi_b,full_data
8,10,81,1,1,0,1,sushi_b,full_data
8,10,83,1,1,0,1,sushi_b,full_data
8,10,84,1,1,0,1,sushi_b,full_data
8,10,85,1,1,0,1,sushi_b,full_data
8,10,89,3,3,0,1,sushi_b,full_data
8,10,92,1,1,0,1,sushi_b,full_data
8,10,93,2,2,0,1,sushi_b,full_data
8,10,94,1,1,0,1,sushi_b,full_data
8,10,97,2,2,0,1,sushi_b,full_data
8,11,12,3,4,1,0.75,sushi_b,full_data
8,11,16,6,8,2,0.75,sushi_b,full_data
8,11,17,58,68,10,0.852941176470588,sushi_b,full_data
8,11,18,3,3,0,1,sushi_b,full_data
8,11,23,9,13,4,0.692307692307692,sushi_b,full_data
8,11,24,18,22,4,0.818181818181818,sushi_b,full_data
8,11,28,24,32,8,0.75,sushi_b,full_data
8,11,29,23,27,4,0.851851851851852,sushi_b,full_data
8,11,30,5,7,2,0.714285714285714,sushi_b,full_data
8,11,32,1,1,0,1,sushi_b,full_data
8,11,33,10,12,2,0.833333333333333,sushi_b,full_data
8,11,35,12,13,1,0.923076923076923,sushi_b,full_data
8,11,38,4,6,2,0.666666666666667,sushi_b,full_data
8,11,39,1,1,0,1,sushi_b,full_data
8,11,40,18,23,5,0.782608695652174,sushi_b,full_data
8,11,42,14,14,0,1,sushi_b,full_data
8,11,48,5,6,1,0.833333333333333,sushi_b,full_data
8,11,49,19,20,1,0.95,sushi_b,full_data
8,11,50,1,3,2,0.333333333333333,sushi_b,full_data
8,11,51,3,5,2,0.6,sushi_b,full_data
8,11,52,5,7,2,0.714285714285714,sushi_b,full_data
8,11,55,4,4,0,1,sushi_b,full_data
8,11,56,11,11,0,1,sushi_b,full_data
8,11,58,2,2,0,1,sushi_b,full_data
8,11,59,10,12,2,0.833333333333333,sushi_b,full_data
8,11,60,7,11,4,0.636363636363636,sushi_b,full_data
8,11,64,5,8,3,0.625,sushi_b,full_data
8,11,68,2,4,2,0.5,sushi_b,full_data
8,11,69,5,5,0,1,sushi_b,full_data
8,11,70,1,1,0,1,sushi_b,full_data
8,11,71,1,1,0,1,sushi_b,full_data
8,11,72,1,2,1,0.5,sushi_b,full_data
8,11,74,4,4,0,1,sushi_b,full_data
8,11,75,4,5,1,0.8,sushi_b,full_data
8,11,77,1,1,0,1,sushi_b,full_data
8,11,78,12,14,2,0.857142857142857,sushi_b,full_data
8,11,80,4,4,0,1,sushi_b,full_data
8,11,81,3,4,1,0.75,sushi_b,full_data
8,11,82,1,1,0,1,sushi_b,full_data
8,11,83,1,3,2,0.333333333333333,sushi_b,full_data
8,11,84,1,1,0,1,sushi_b,full_data
8,11,85,4,6,2,0.666666666666667,sushi_b,full_data
8,11,86,2,3,1,0.666666666666667,sushi_b,full_data
8,11,87,1,1,0,1,sushi_b,full_data
8,11,88,1,1,0,1,sushi_b,full_data
8,11,89,2,3,1,0.666666666666667,sushi_b,full_data
8,11,90,5,5,0,1,sushi_b,full_data
8,11,91,5,5,0,1,sushi_b,full_data
8,11,92,4,4,0,1,sushi_b,full_data
8,11,93,9,10,1,0.9,sushi_b,full_data
8,11,94,8,8,0,1,sushi_b,full_data
8,11,97,6,7,1,0.857142857142857,sushi_b,full_data
8,11,98,1,1,0,1,sushi_b,full_data
8,11,99,2,2,0,1,sushi_b,full_data
8,13,7,3,5,2,0.6,sushi_b,full_data
8,13,12,11,15,4,0.733333333333333,sushi_b,full_data
8,13,14,1,3,2,0.333333333333333,sushi_b,full_data
8,13,16,12,19,7,0.631578947368421,sushi_b,full_data
8,13,17,63,82,19,0.768292682926829,sushi_b,full_data
8,13,18,2,3,1,0.666666666666667,sushi_b,full_data
8,13,23,20,34,14,0.588235294117647,sushi_b,full_data
8,13,24,33,49,16,0.673469387755102,sushi_b,full_data
8,13,25,1,1,0,1,sushi_b,full_data
8,13,28,21,29,8,0.724137931034483,sushi_b,full_data
8,13,29,16,22,6,0.727272727272727,sushi_b,full_data
8,13,30,10,10,0,1,sushi_b,full_data
8,13,31,1,1,0,1,sushi_b,full_data
8,13,32,3,4,1,0.75,sushi_b,full_data
8,13,33,6,7,1,0.857142857142857,sushi_b,full_data
8,13,35,18,26,8,0.692307692307692,sushi_b,full_data
8,13,38,4,5,1,0.8,sushi_b,full_data
8,13,39,0,1,1,0,sushi_b,full_data
8,13,40,28,32,4,0.875,sushi_b,full_data
8,13,42,31,36,5,0.861111111111111,sushi_b,full_data
8,13,44,1,1,0,1,sushi_b,full_data
8,13,45,1,1,0,1,sushi_b,full_data
8,13,46,2,2,0,1,sushi_b,full_data
8,13,48,6,8,2,0.75,sushi_b,full_data
8,13,49,18,18,0,1,sushi_b,full_data
8,13,50,2,3,1,0.666666666666667,sushi_b,full_data
8,13,51,5,6,1,0.833333333333333,sushi_b,full_data
8,13,52,9,15,6,0.6,sushi_b,full_data
8,13,54,1,1,0,1,sushi_b,full_data
8,13,55,4,4,0,1,sushi_b,full_data
8,13,56,13,16,3,0.8125,sushi_b,full_data
8,13,58,2,2,0,1,sushi_b,full_data
8,13,59,18,21,3,0.857142857142857,sushi_b,full_data
8,13,60,12,15,3,0.8,sushi_b,full_data
8,13,62,1,1,0,1,sushi_b,full_data
8,13,64,9,13,4,0.692307692307692,sushi_b,full_data
8,13,65,3,3,0,1,sushi_b,full_data
8,13,66,2,2,0,1,sushi_b,full_data
8,13,67,3,4,1,0.75,sushi_b,full_data
8,13,68,3,4,1,0.75,sushi_b,full_data
8,13,69,8,8,0,1,sushi_b,full_data
8,13,70,6,6,0,1,sushi_b,full_data
8,13,72,2,2,0,1,sushi_b,full_data
8,13,74,10,14,4,0.714285714285714,sushi_b,full_data
8,13,75,4,4,0,1,sushi_b,full_data
8,13,77,2,4,2,0.5,sushi_b,full_data
8,13,78,9,10,1,0.9,sushi_b,full_data
8,13,80,3,3,0,1,sushi_b,full_data
8,13,81,5,6,1,0.833333333333333,sushi_b,full_data
8,13,82,1,3,2,0.333333333333333,sushi_b,full_data
8,13,83,2,2,0,1,sushi_b,full_data
8,13,84,2,3,1,0.666666666666667,sushi_b,full_data
8,13,85,4,5,1,0.8,sushi_b,full_data
8,13,86,5,5,0,1,sushi_b,full_data
8,13,87,2,2,0,1,sushi_b,full_data
8,13,89,4,6,2,0.666666666666667,sushi_b,full_data
8,13,90,4,4,0,1,sushi_b,full_data
8,13,91,3,5,2,0.6,sushi_b,full_data
8,13,92,4,4,0,1,sushi_b,full_data
8,13,93,8,8,0,1,sushi_b,full_data
8,13,94,5,5,0,1,sushi_b,full_data
8,13,97,5,5,0,1,sushi_b,full_data
8,13,98,6,6,0,1,sushi_b,full_data
8,13,99,1,1,0,1,sushi_b,full_data
8,14,64,0,1,1,0,sushi_b,full_data
8,14,69,1,1,0,1,sushi_b,full_data
8,15,5,3,4,1,0.75,sushi_b,full_data
8,15,7,4,7,3,0.571428571428571,sushi_b,full_data
8,15,12,17,22,5,0.772727272727273,sushi_b,full_data
8,15,14,2,2,0,1,sushi_b,full_data
8,15,16,17,25,8,0.68,sushi_b,full_data
8,15,17,64,76,12,0.842105263157895,sushi_b,full_data
8,15,18,11,12,1,0.916666666666667,sushi_b,full_data
8,15,21,1,1,0,1,sushi_b,full_data
8,15,23,33,37,4,0.891891891891892,sushi_b,full_data
8,15,24,45,60,15,0.75,sushi_b,full_data
8,15,25,1,1,0,1,sushi_b,full_data
8,15,27,1,1,0,1,sushi_b,full_data
8,15,28,46,57,11,0.807017543859649,sushi_b,full_data
8,15,29,26,40,14,0.65,sushi_b,full_data
8,15,30,11,14,3,0.785714285714286,sushi_b,full_data
8,15,32,8,8,0,1,sushi_b,full_data
8,15,33,24,30,6,0.8,sushi_b,full_data
8,15,34,1,1,0,1,sushi_b,full_data
8,15,35,18,24,6,0.75,sushi_b,full_data
8,15,38,5,8,3,0.625,sushi_b,full_data
8,15,39,4,4,0,1,sushi_b,full_data
8,15,40,31,37,6,0.837837837837838,sushi_b,full_data
8,15,42,37,41,4,0.902439024390244,sushi_b,full_data
8,15,44,2,4,2,0.5,sushi_b,full_data
8,15,46,5,5,0,1,sushi_b,full_data
8,15,48,14,16,2,0.875,sushi_b,full_data
8,15,49,24,29,5,0.827586206896552,sushi_b,full_data
8,15,50,2,5,3,0.4,sushi_b,full_data
8,15,51,13,15,2,0.866666666666667,sushi_b,full_data
8,15,52,18,22,4,0.818181818181818,sushi_b,full_data
8,15,54,1,1,0,1,sushi_b,full_data
8,15,55,6,6,0,1,sushi_b,full_data
8,15,56,11,17,6,0.647058823529412,sushi_b,full_data
8,15,58,6,7,1,0.857142857142857,sushi_b,full_data
8,15,59,11,13,2,0.846153846153846,sushi_b,full_data
8,15,60,10,15,5,0.666666666666667,sushi_b,full_data
8,15,62,1,1,0,1,sushi_b,full_data
8,15,63,3,3,0,1,sushi_b,full_data
8,15,64,18,25,7,0.72,sushi_b,full_data
8,15,65,1,1,0,1,sushi_b,full_data
8,15,66,8,8,0,1,sushi_b,full_data
8,15,67,13,16,3,0.8125,sushi_b,full_data
8,15,68,9,11,2,0.818181818181818,sushi_b,full_data
8,15,69,10,10,0,1,sushi_b,full_data
8,15,70,6,8,2,0.75,sushi_b,full_data
8,15,71,1,4,3,0.25,sushi_b,full_data
8,15,72,3,6,3,0.5,sushi_b,full_data
8,15,74,13,15,2,0.866666666666667,sushi_b,full_data
8,15,75,6,11,5,0.545454545454545,sushi_b,full_data
8,15,77,12,13,1,0.923076923076923,sushi_b,full_data
8,15,78,16,17,1,0.941176470588235,sushi_b,full_data
8,15,80,8,10,2,0.8,sushi_b,full_data
8,15,81,4,5,1,0.8,sushi_b,full_data
8,15,82,2,2,0,1,sushi_b,full_data
8,15,83,2,3,1,0.666666666666667,sushi_b,full_data
8,15,84,5,7,2,0.714285714285714,sushi_b,full_data
8,15,85,6,11,5,0.545454545454545,sushi_b,full_data
8,15,86,6,6,0,1,sushi_b,full_data
8,15,87,3,3,0,1,sushi_b,full_data
8,15,89,6,6,0,1,sushi_b,full_data
8,15,90,8,8,0,1,sushi_b,full_data
8,15,91,4,5,1,0.8,sushi_b,full_data
8,15,92,8,8,0,1,sushi_b,full_data
8,15,93,5,5,0,1,sushi_b,full_data
8,15,94,6,7,1,0.857142857142857,sushi_b,full_data
8,15,97,3,3,0,1,sushi_b,full_data
8,15,98,5,5,0,1,sushi_b,full_data
8,15,99,4,5,1,0.8,sushi_b,full_data
8,16,17,0,1,1,0,sushi_b,full_data
8,19,3,1,2,1,0.5,sushi_b,full_data
8,19,5,9,11,2,0.818181818181818,sushi_b,full_data
8,19,7,10,11,1,0.909090909090909,sushi_b,full_data
8,19,12,35,45,10,0.777777777777778,sushi_b,full_data
8,19,14,7,12,5,0.583333333333333,sushi_b,full_data
8,19,16,45,54,9,0.833333333333333,sushi_b,full_data
8,19,17,25,28,3,0.892857142857143,sushi_b,full_data
8,19,18,17,22,5,0.772727272727273,sushi_b,full_data
8,19,21,3,3,0,1,sushi_b,full_data
8,19,23,54,58,4,0.931034482758621,sushi_b,full_data
8,19,24,43,50,7,0.86,sushi_b,full_data
8,19,25,3,3,0,1,sushi_b,full_data
8,19,27,2,2,0,1,sushi_b,full_data
8,19,28,32,38,6,0.842105263157895,sushi_b,full_data
8,19,29,42,46,4,0.91304347826087,sushi_b,full_data
8,19,30,36,42,6,0.857142857142857,sushi_b,full_data
8,19,31,2,2,0,1,sushi_b,full_data
8,19,32,5,6,1,0.833333333333333,sushi_b,full_data
8,19,33,30,37,7,0.810810810810811,sushi_b,full_data
8,19,34,3,3,0,1,sushi_b,full_data
8,19,35,30,34,4,0.882352941176471,sushi_b,full_data
8,19,36,0,1,1,0,sushi_b,full_data
8,19,38,13,19,6,0.684210526315789,sushi_b,full_data
8,19,39,10,11,1,0.909090909090909,sushi_b,full_data
8,19,40,16,17,1,0.941176470588235,sushi_b,full_data
8,19,42,25,28,3,0.892857142857143,sushi_b,full_data
8,19,43,7,7,0,1,sushi_b,full_data
8,19,44,9,10,1,0.9,sushi_b,full_data
8,19,45,0,1,1,0,sushi_b,full_data
8,19,46,4,7,3,0.571428571428571,sushi_b,full_data
8,19,48,14,18,4,0.777777777777778,sushi_b,full_data
8,19,49,19,25,6,0.76,sushi_b,full_data
8,19,50,11,13,2,0.846153846153846,sushi_b,full_data
8,19,51,27,31,4,0.870967741935484,sushi_b,full_data
8,19,52,15,16,1,0.9375,sushi_b,full_data
8,19,54,6,7,1,0.857142857142857,sushi_b,full_data
8,19,55,15,16,1,0.9375,sushi_b,full_data
8,19,56,16,17,1,0.941176470588235,sushi_b,full_data
8,19,58,16,19,3,0.842105263157895,sushi_b,full_data
8,19,59,1,1,0,1,sushi_b,full_data
8,19,60,8,10,2,0.8,sushi_b,full_data
8,19,62,2,2,0,1,sushi_b,full_data
8,19,63,7,8,1,0.875,sushi_b,full_data
8,19,64,15,18,3,0.833333333333333,sushi_b,full_data
8,19,65,2,4,2,0.5,sushi_b,full_data
8,19,66,6,10,4,0.6,sushi_b,full_data
8,19,67,10,13,3,0.769230769230769,sushi_b,full_data
8,19,68,10,10,0,1,sushi_b,full_data
8,19,69,7,8,1,0.875,sushi_b,full_data
8,19,70,5,6,1,0.833333333333333,sushi_b,full_data
8,19,71,2,3,1,0.666666666666667,sushi_b,full_data
8,19,72,8,11,3,0.727272727272727,sushi_b,full_data
8,19,74,12,12,0,1,sushi_b,full_data
8,19,75,10,10,0,1,sushi_b,full_data
8,19,77,14,16,2,0.875,sushi_b,full_data
8,19,78,3,4,1,0.75,sushi_b,full_data
8,19,80,6,7,1,0.857142857142857,sushi_b,full_data
8,19,82,2,3,1,0.666666666666667,sushi_b,full_data
8,19,83,4,5,1,0.8,sushi_b,full_data
8,19,84,4,5,1,0.8,sushi_b,full_data
8,19,86,2,2,0,1,sushi_b,full_data
8,19,87,2,2,0,1,sushi_b,full_data
8,19,91,2,4,2,0.5,sushi_b,full_data
8,19,94,1,1,0,1,sushi_b,full_data
8,19,95,1,1,0,1,sushi_b,full_data
8,19,98,7,7,0,1,sushi_b,full_data
8,19,99,1,2,1,0.5,sushi_b,full_data
8,20,12,2,2,0,1,sushi_b,full_data
8,20,16,7,10,3,0.7,sushi_b,full_data
8,20,17,34,40,6,0.85,sushi_b,full_data
8,20,18,1,1,0,1,sushi_b,full_data
8,20,23,4,4,0,1,sushi_b,full_data
8,20,24,6,10,4,0.6,sushi_b,full_data
8,20,28,19,21,2,0.904761904761905,sushi_b,full_data
8,20,29,4,7,3,0.571428571428571,sushi_b,full_data
8,20,30,2,3,1,0.666666666666667,sushi_b,full_data
8,20,33,7,7,0,1,sushi_b,full_data
8,20,35,6,7,1,0.857142857142857,sushi_b,full_data
8,20,38,2,2,0,1,sushi_b,full_data
8,20,40,18,19,1,0.947368421052632,sushi_b,full_data
8,20,42,9,10,1,0.9,sushi_b,full_data
8,20,48,3,3,0,1,sushi_b,full_data
8,20,49,4,6,2,0.666666666666667,sushi_b,full_data
8,20,50,2,2,0,1,sushi_b,full_data
8,20,51,0,1,1,0,sushi_b,full_data
8,20,52,5,6,1,0.833333333333333,sushi_b,full_data
8,20,55,3,3,0,1,sushi_b,full_data
8,20,56,6,7,1,0.857142857142857,sushi_b,full_data
8,20,58,2,3,1,0.666666666666667,sushi_b,full_data
8,20,59,8,9,1,0.888888888888889,sushi_b,full_data
8,20,60,3,6,3,0.5,sushi_b,full_data
8,20,63,1,1,0,1,sushi_b,full_data
8,20,64,8,10,2,0.8,sushi_b,full_data
8,20,66,2,3,1,0.666666666666667,sushi_b,full_data
8,20,67,2,3,1,0.666666666666667,sushi_b,full_data
8,20,68,1,2,1,0.5,sushi_b,full_data
8,20,69,3,4,1,0.75,sushi_b,full_data
8,20,70,3,4,1,0.75,sushi_b,full_data
8,20,71,1,1,0,1,sushi_b,full_data
8,20,72,1,1,0,1,sushi_b,full_data
8,20,74,6,6,0,1,sushi_b,full_data
8,20,75,6,6,0,1,sushi_b,full_data
8,20,77,4,4,0,1,sushi_b,full_data
8,20,78,4,4,0,1,sushi_b,full_data
8,20,81,2,2,0,1,sushi_b,full_data
8,20,82,1,1,0,1,sushi_b,full_data
8,20,84,2,2,0,1,sushi_b,full_data
8,20,85,4,4,0,1,sushi_b,full_data
8,20,86,3,4,1,0.75,sushi_b,full_data
8,20,89,7,8,1,0.875,sushi_b,full_data
8,20,90,6,6,0,1,sushi_b,full_data
8,20,91,2,3,1,0.666666666666667,sushi_b,full_data
8,20,92,4,4,0,1,sushi_b,full_data
8,20,93,1,2,1,0.5,sushi_b,full_data
8,20,94,2,3,1,0.666666666666667,sushi_b,full_data
8,20,97,1,1,0,1,sushi_b,full_data
8,20,98,2,2,0,1,sushi_b,full_data
8,20,99,3,4,1,0.75,sushi_b,full_data
8,21,17,7,9,2,0.777777777777778,sushi_b,full_data
8,21,28,1,1,0,1,sushi_b,full_data
8,21,29,0,1,1,0,sushi_b,full_data
8,21,40,1,1,0,1,sushi_b,full_data
8,21,52,1,1,0,1,sushi_b,full_data
8,21,59,3,3,0,1,sushi_b,full_data
8,21,60,2,3,1,0.666666666666667,sushi_b,full_data
8,21,64,2,2,0,1,sushi_b,full_data
8,21,89,1,1,0,1,sushi_b,full_data
8,21,90,1,1,0,1,sushi_b,full_data
8,22,16,1,2,1,0.5,sushi_b,full_data
8,22,17,18,22,4,0.818181818181818,sushi_b,full_data
8,22,24,4,6,2,0.666666666666667,sushi_b,full_data
8,22,28,6,6,0,1,sushi_b,full_data
8,22,29,3,4,1,0.75,sushi_b,full_data
8,22,33,1,1,0,1,sushi_b,full_data
8,22,35,3,4,1,0.75,sushi_b,full_data
8,22,40,2,2,0,1,sushi_b,full_data
8,22,42,4,4,0,1,sushi_b,full_data
8,22,48,2,2,0,1,sushi_b,full_data
8,22,49,3,5,2,0.6,sushi_b,full_data
8,22,51,0,1,1,0,sushi_b,full_data
8,22,55,1,2,1,0.5,sushi_b,full_data
8,22,59,2,5,3,0.4,sushi_b,full_data
8,22,60,5,6,1,0.833333333333333,sushi_b,full_data
8,22,64,2,3,1,0.666666666666667,sushi_b,full_data
8,22,68,1,1,0,1,sushi_b,full_data
8,22,69,2,3,1,0.666666666666667,sushi_b,full_data
8,22,77,0,1,1,0,sushi_b,full_data
8,22,78,1,1,0,1,sushi_b,full_data
8,22,81,1,1,0,1,sushi_b,full_data
8,22,85,1,1,0,1,sushi_b,full_data
8,22,89,1,1,0,1,sushi_b,full_data
8,22,90,1,1,0,1,sushi_b,full_data
8,22,92,1,1,0,1,sushi_b,full_data
8,22,93,2,2,0,1,sushi_b,full_data
8,22,94,1,1,0,1,sushi_b,full_data
8,22,97,4,4,0,1,sushi_b,full_data
8,25,17,1,1,0,1,sushi_b,full_data
8,25,28,1,1,0,1,sushi_b,full_data
8,25,29,0,1,1,0,sushi_b,full_data
8,25,40,1,1,0,1,sushi_b,full_data
8,25,60,2,3,1,0.666666666666667,sushi_b,full_data
8,25,78,1,1,0,1,sushi_b,full_data
8,26,12,1,2,1,0.5,sushi_b,full_data
8,26,16,1,1,0,1,sushi_b,full_data
8,26,17,13,16,3,0.8125,sushi_b,full_data
8,26,23,1,2,1,0.5,sushi_b,full_data
8,26,24,3,3,0,1,sushi_b,full_data
8,26,28,6,6,0,1,sushi_b,full_data
8,26,29,3,3,0,1,sushi_b,full_data
8,26,33,1,1,0,1,sushi_b,full_data
8,26,35,2,3,1,0.666666666666667,sushi_b,full_data
8,26,40,6,6,0,1,sushi_b,full_data
8,26,42,4,4,0,1,sushi_b,full_data
8,26,49,2,2,0,1,sushi_b,full_data
8,26,52,0,2,2,0,sushi_b,full_data
8,26,55,1,1,0,1,sushi_b,full_data
8,26,56,3,3,0,1,sushi_b,full_data
8,26,58,1,1,0,1,sushi_b,full_data
8,26,59,2,3,1,0.666666666666667,sushi_b,full_data
8,26,60,1,1,0,1,sushi_b,full_data
8,26,64,4,5,1,0.8,sushi_b,full_data
8,26,67,1,1,0,1,sushi_b,full_data
8,26,68,3,3,0,1,sushi_b,full_data
8,26,69,1,1,0,1,sushi_b,full_data
8,26,70,1,1,0,1,sushi_b,full_data
8,26,74,1,1,0,1,sushi_b,full_data
8,26,75,1,3,2,0.333333333333333,sushi_b,full_data
8,26,77,2,2,0,1,sushi_b,full_data
8,26,78,2,3,1,0.666666666666667,sushi_b,full_data
8,26,80,1,1,0,1,sushi_b,full_data
8,26,81,4,5,1,0.8,sushi_b,full_data
8,26,84,0,1,1,0,sushi_b,full_data
8,26,89,4,4,0,1,sushi_b,full_data
8,26,92,1,1,0,1,sushi_b,full_data
8,26,93,2,2,0,1,sushi_b,full_data
8,26,94,2,3,1,0.666666666666667,sushi_b,full_data
8,26,99,1,1,0,1,sushi_b,full_data
8,27,17,5,5,0,1,sushi_b,full_data
8,27,24,1,1,0,1,sushi_b,full_data
8,27,29,1,1,0,1,sushi_b,full_data
8,27,33,0,1,1,0,sushi_b,full_data
8,27,56,1,1,0,1,sushi_b,full_data
8,27,58,1,1,0,1,sushi_b,full_data
8,27,59,1,3,2,0.333333333333333,sushi_b,full_data
8,27,69,2,2,0,1,sushi_b,full_data
8,27,80,1,1,0,1,sushi_b,full_data
8,27,81,0,1,1,0,sushi_b,full_data
8,27,85,1,1,0,1,sushi_b,full_data
8,27,93,1,1,0,1,sushi_b,full_data
8,27,97,1,1,0,1,sushi_b,full_data
8,27,99,1,1,0,1,sushi_b,full_data
8,31,17,1,1,0,1,sushi_b,full_data
8,31,23,1,1,0,1,sushi_b,full_data
8,31,28,1,1,0,1,sushi_b,full_data
8,31,60,1,1,0,1,sushi_b,full_data
8,31,64,1,1,0,1,sushi_b,full_data
8,31,90,1,1,0,1,sushi_b,full_data
8,36,17,1,2,1,0.5,sushi_b,full_data
8,36,28,0,1,1,0,sushi_b,full_data
8,36,35,1,1,0,1,sushi_b,full_data
8,36,40,0,1,1,0,sushi_b,full_data
8,36,51,1,1,0,1,sushi_b,full_data
8,36,56,1,1,0,1,sushi_b,full_data
8,36,59,1,1,0,1,sushi_b,full_data
8,36,60,1,1,0,1,sushi_b,full_data
8,36,74,1,1,0,1,sushi_b,full_data
8,36,75,1,1,0,1,sushi_b,full_data
8,36,78,1,1,0,1,sushi_b,full_data
8,36,83,1,1,0,1,sushi_b,full_data
8,36,89,1,1,0,1,sushi_b,full_data
8,36,97,0,1,1,0,sushi_b,full_data
8,37,3,0,1,1,0,sushi_b,full_data
8,37,5,4,5,1,0.8,sushi_b,full_data
8,37,7,7,7,0,1,sushi_b,full_data
8,37,12,11,13,2,0.846153846153846,sushi_b,full_data
8,37,14,2,3,1,0.666666666666667,sushi_b,full_data
8,37,16,24,31,7,0.774193548387097,sushi_b,full_data
8,37,17,26,33,7,0.787878787878788,sushi_b,full_data
8,37,18,7,9,2,0.777777777777778,sushi_b,full_data
8,37,21,0,1,1,0,sushi_b,full_data
8,37,23,19,27,8,0.703703703703704,sushi_b,full_data
8,37,24,24,31,7,0.774193548387097,sushi_b,full_data
8,37,28,23,26,3,0.884615384615385,sushi_b,full_data
8,37,29,20,27,7,0.740740740740741,sushi_b,full_data
8,37,30,7,8,1,0.875,sushi_b,full_data
8,37,32,3,6,3,0.5,sushi_b,full_data
8,37,33,8,10,2,0.8,sushi_b,full_data
8,37,34,1,1,0,1,sushi_b,full_data
8,37,35,11,14,3,0.785714285714286,sushi_b,full_data
8,37,38,8,8,0,1,sushi_b,full_data
8,37,39,2,3,1,0.666666666666667,sushi_b,full_data
8,37,40,16,17,1,0.941176470588235,sushi_b,full_data
8,37,42,20,21,1,0.952380952380952,sushi_b,full_data
8,37,43,1,2,1,0.5,sushi_b,full_data
8,37,45,1,2,1,0.5,sushi_b,full_data
8,37,46,0,1,1,0,sushi_b,full_data
8,37,48,5,7,2,0.714285714285714,sushi_b,full_data
8,37,49,8,11,3,0.727272727272727,sushi_b,full_data
8,37,50,3,3,0,1,sushi_b,full_data
8,37,51,6,7,1,0.857142857142857,sushi_b,full_data
8,37,52,14,16,2,0.875,sushi_b,full_data
8,37,54,1,1,0,1,sushi_b,full_data
8,37,55,6,7,1,0.857142857142857,sushi_b,full_data
8,37,56,9,11,2,0.818181818181818,sushi_b,full_data
8,37,58,12,13,1,0.923076923076923,sushi_b,full_data
8,37,59,6,7,1,0.857142857142857,sushi_b,full_data
8,37,60,11,12,1,0.916666666666667,sushi_b,full_data
8,37,62,2,2,0,1,sushi_b,full_data
8,37,63,6,6,0,1,sushi_b,full_data
8,37,64,7,9,2,0.777777777777778,sushi_b,full_data
8,37,66,3,4,1,0.75,sushi_b,full_data
8,37,68,2,3,1,0.666666666666667,sushi_b,full_data
8,37,69,5,5,0,1,sushi_b,full_data
8,37,70,4,4,0,1,sushi_b,full_data
8,37,72,3,3,0,1,sushi_b,full_data
8,37,74,7,7,0,1,sushi_b,full_data
8,37,75,8,9,1,0.888888888888889,sushi_b,full_data
8,37,76,1,1,0,1,sushi_b,full_data
8,37,77,5,6,1,0.833333333333333,sushi_b,full_data
8,37,78,5,6,1,0.833333333333333,sushi_b,full_data
8,37,80,2,2,0,1,sushi_b,full_data
8,37,81,1,1,0,1,sushi_b,full_data
8,37,82,3,3,0,1,sushi_b,full_data
8,37,84,4,4,0,1,sushi_b,full_data
8,37,85,2,2,0,1,sushi_b,full_data
8,37,87,1,2,1,0.5,sushi_b,full_data
8,37,89,2,2,0,1,sushi_b,full_data
8,37,90,6,6,0,1,sushi_b,full_data
8,37,91,1,2,1,0.5,sushi_b,full_data
8,37,92,3,4,1,0.75,sushi_b,full_data
8,37,93,3,4,1,0.75,sushi_b,full_data
8,37,94,2,2,0,1,sushi_b,full_data
8,37,97,2,2,0,1,sushi_b,full_data
8,37,98,4,5,1,0.8,sushi_b,full_data
8,37,99,3,3,0,1,sushi_b,full_data
8,41,16,1,1,0,1,sushi_b,full_data
8,41,17,7,9,2,0.777777777777778,sushi_b,full_data
8,41,23,1,2,1,0.5,sushi_b,full_data
8,41,24,5,6,1,0.833333333333333,sushi_b,full_data
8,41,28,4,4,0,1,sushi_b,full_data
8,41,29,3,4,1,0.75,sushi_b,full_data
8,41,33,1,1,0,1,sushi_b,full_data
8,41,35,2,2,0,1,sushi_b,full_data
8,41,38,1,1,0,1,sushi_b,full_data
8,41,40,5,7,2,0.714285714285714,sushi_b,full_data
8,41,42,4,4,0,1,sushi_b,full_data
8,41,48,0,1,1,0,sushi_b,full_data
8,41,49,2,3,1,0.666666666666667,sushi_b,full_data
8,41,50,0,1,1,0,sushi_b,full_data
8,41,52,2,4,2,0.5,sushi_b,full_data
8,41,55,1,1,0,1,sushi_b,full_data
8,41,56,1,1,0,1,sushi_b,full_data
8,41,59,0,2,2,0,sushi_b,full_data
8,41,60,1,2,1,0.5,sushi_b,full_data
8,41,64,1,1,0,1,sushi_b,full_data
8,41,66,1,1,0,1,sushi_b,full_data
8,41,68,2,2,0,1,sushi_b,full_data
8,41,69,1,2,1,0.5,sushi_b,full_data
8,41,74,1,1,0,1,sushi_b,full_data
8,41,75,1,1,0,1,sushi_b,full_data
8,41,77,2,2,0,1,sushi_b,full_data
8,41,78,4,4,0,1,sushi_b,full_data
8,41,81,2,2,0,1,sushi_b,full_data
8,41,85,1,3,2,0.333333333333333,sushi_b,full_data
8,41,86,1,1,0,1,sushi_b,full_data
8,41,91,1,2,1,0.5,sushi_b,full_data
8,41,92,1,1,0,1,sushi_b,full_data
8,41,93,1,1,0,1,sushi_b,full_data
8,41,94,2,2,0,1,sushi_b,full_data
8,41,97,2,2,0,1,sushi_b,full_data
8,41,98,1,1,0,1,sushi_b,full_data
8,44,17,1,1,0,1,sushi_b,full_data
8,45,81,1,1,0,1,sushi_b,full_data
8,47,5,1,2,1,0.5,sushi_b,full_data
8,47,7,2,2,0,1,sushi_b,full_data
8,47,12,4,7,3,0.571428571428571,sushi_b,full_data
8,47,16,8,10,2,0.8,sushi_b,full_data
8,47,17,20,25,5,0.8,sushi_b,full_data
8,47,18,0,2,2,0,sushi_b,full_data
8,47,23,10,12,2,0.833333333333333,sushi_b,full_data
8,47,24,20,22,2,0.909090909090909,sushi_b,full_data
8,47,25,1,1,0,1,sushi_b,full_data
8,47,28,15,18,3,0.833333333333333,sushi_b,full_data
8,47,29,14,17,3,0.823529411764706,sushi_b,full_data
8,47,30,5,5,0,1,sushi_b,full_data
8,47,32,2,2,0,1,sushi_b,full_data
8,47,33,7,7,0,1,sushi_b,full_data
8,47,34,1,2,1,0.5,sushi_b,full_data
8,47,35,6,8,2,0.75,sushi_b,full_data
8,47,38,2,2,0,1,sushi_b,full_data
8,47,40,6,11,5,0.545454545454545,sushi_b,full_data
8,47,42,7,9,2,0.777777777777778,sushi_b,full_data
8,47,43,0,1,1,0,sushi_b,full_data
8,47,45,1,1,0,1,sushi_b,full_data
8,47,48,5,5,0,1,sushi_b,full_data
8,47,49,9,10,1,0.9,sushi_b,full_data
8,47,50,2,2,0,1,sushi_b,full_data
8,47,51,6,6,0,1,sushi_b,full_data
8,47,52,6,6,0,1,sushi_b,full_data
8,47,55,2,2,0,1,sushi_b,full_data
8,47,56,5,7,2,0.714285714285714,sushi_b,full_data
8,47,58,5,7,2,0.714285714285714,sushi_b,full_data
8,47,59,7,7,0,1,sushi_b,full_data
8,47,60,1,2,1,0.5,sushi_b,full_data
8,47,63,3,4,1,0.75,sushi_b,full_data
8,47,64,4,7,3,0.571428571428571,sushi_b,full_data
8,47,66,2,2,0,1,sushi_b,full_data
8,47,67,1,1,0,1,sushi_b,full_data
8,47,68,1,2,1,0.5,sushi_b,full_data
8,47,69,1,1,0,1,sushi_b,full_data
8,47,70,1,2,1,0.5,sushi_b,full_data
8,47,72,4,4,0,1,sushi_b,full_data
8,47,74,1,1,0,1,sushi_b,full_data
8,47,75,1,1,0,1,sushi_b,full_data
8,47,77,1,1,0,1,sushi_b,full_data
8,47,78,2,3,1,0.666666666666667,sushi_b,full_data
8,47,80,1,1,0,1,sushi_b,full_data
8,47,81,3,4,1,0.75,sushi_b,full_data
8,47,83,3,4,1,0.75,sushi_b,full_data
8,47,85,2,2,0,1,sushi_b,full_data
8,47,86,1,1,0,1,sushi_b,full_data
8,47,89,4,4,0,1,sushi_b,full_data
8,47,90,3,3,0,1,sushi_b,full_data
8,47,91,1,1,0,1,sushi_b,full_data
8,47,92,3,3,0,1,sushi_b,full_data
8,47,94,1,1,0,1,sushi_b,full_data
8,47,97,1,1,0,1,sushi_b,full_data
8,47,98,1,1,0,1,sushi_b,full_data
8,47,99,2,2,0,1,sushi_b,full_data
8,53,5,0,1,1,0,sushi_b,full_data
8,53,7,0,1,1,0,sushi_b,full_data
8,53,12,2,2,0,1,sushi_b,full_data
8,53,16,4,4,0,1,sushi_b,full_data
8,53,17,26,33,7,0.787878787878788,sushi_b,full_data
8,53,18,1,1,0,1,sushi_b,full_data
8,53,23,6,7,1,0.857142857142857,sushi_b,full_data
8,53,24,7,9,2,0.777777777777778,sushi_b,full_data
8,53,28,4,7,3,0.571428571428571,sushi_b,full_data
8,53,29,2,2,0,1,sushi_b,full_data
8,53,33,3,3,0,1,sushi_b,full_data
8,53,35,5,6,1,0.833333333333333,sushi_b,full_data
8,53,38,1,1,0,1,sushi_b,full_data
8,53,40,5,5,0,1,sushi_b,full_data
8,53,42,4,7,3,0.571428571428571,sushi_b,full_data
8,53,45,1,1,0,1,sushi_b,full_data
8,53,46,0,1,1,0,sushi_b,full_data
8,53,48,2,2,0,1,sushi_b,full_data
8,53,49,5,7,2,0.714285714285714,sushi_b,full_data
8,53,50,1,1,0,1,sushi_b,full_data
8,53,51,3,4,1,0.75,sushi_b,full_data
8,53,52,3,6,3,0.5,sushi_b,full_data
8,53,55,0,1,1,0,sushi_b,full_data
8,53,56,3,3,0,1,sushi_b,full_data
8,53,59,8,9,1,0.888888888888889,sushi_b,full_data
8,53,60,6,6,0,1,sushi_b,full_data
8,53,64,1,1,0,1,sushi_b,full_data
8,53,68,3,4,1,0.75,sushi_b,full_data
8,53,69,2,2,0,1,sushi_b,full_data
8,53,72,1,1,0,1,sushi_b,full_data
8,53,74,2,2,0,1,sushi_b,full_data
8,53,75,2,3,1,0.666666666666667,sushi_b,full_data
8,53,77,0,1,1,0,sushi_b,full_data
8,53,78,4,5,1,0.8,sushi_b,full_data
8,53,82,1,1,0,1,sushi_b,full_data
8,53,84,1,2,1,0.5,sushi_b,full_data
8,53,85,1,1,0,1,sushi_b,full_data
8,53,86,1,1,0,1,sushi_b,full_data
8,53,89,2,2,0,1,sushi_b,full_data
8,53,90,1,1,0,1,sushi_b,full_data
8,53,91,1,1,0,1,sushi_b,full_data
8,53,93,3,4,1,0.75,sushi_b,full_data
8,53,94,1,1,0,1,sushi_b,full_data
8,53,97,2,2,0,1,sushi_b,full_data
8,53,98,1,1,0,1,sushi_b,full_data
8,53,99,2,2,0,1,sushi_b,full_data
8,57,17,1,1,0,1,sushi_b,full_data
8,57,23,1,1,0,1,sushi_b,full_data
8,61,5,1,1,0,1,sushi_b,full_data
8,61,7,3,5,2,0.6,sushi_b,full_data
8,61,12,2,4,2,0.5,sushi_b,full_data
8,61,14,2,3,1,0.666666666666667,sushi_b,full_data
8,61,16,3,4,1,0.75,sushi_b,full_data
8,61,17,16,19,3,0.842105263157895,sushi_b,full_data
8,61,18,3,3,0,1,sushi_b,full_data
8,61,23,6,7,1,0.857142857142857,sushi_b,full_data
8,61,24,9,13,4,0.692307692307692,sushi_b,full_data
8,61,28,5,6,1,0.833333333333333,sushi_b,full_data
8,61,29,8,10,2,0.8,sushi_b,full_data
8,61,30,2,5,3,0.4,sushi_b,full_data
8,61,31,1,2,1,0.5,sushi_b,full_data
8,61,32,3,4,1,0.75,sushi_b,full_data
8,61,33,3,4,1,0.75,sushi_b,full_data
8,61,35,9,9,0,1,sushi_b,full_data
8,61,38,3,5,2,0.6,sushi_b,full_data
8,61,39,2,2,0,1,sushi_b,full_data
8,61,40,6,7,1,0.857142857142857,sushi_b,full_data
8,61,42,3,5,2,0.6,sushi_b,full_data
8,61,43,0,2,2,0,sushi_b,full_data
8,61,46,1,1,0,1,sushi_b,full_data
8,61,48,3,4,1,0.75,sushi_b,full_data
8,61,49,3,3,0,1,sushi_b,full_data
8,61,50,2,2,0,1,sushi_b,full_data
8,61,51,2,2,0,1,sushi_b,full_data
8,61,52,6,7,1,0.857142857142857,sushi_b,full_data
8,61,55,2,2,0,1,sushi_b,full_data
8,61,56,3,3,0,1,sushi_b,full_data
8,61,57,0,1,1,0,sushi_b,full_data
8,61,58,2,3,1,0.666666666666667,sushi_b,full_data
8,61,59,4,4,0,1,sushi_b,full_data
8,61,60,7,7,0,1,sushi_b,full_data
8,61,62,1,1,0,1,sushi_b,full_data
8,61,63,3,4,1,0.75,sushi_b,full_data
8,61,64,2,2,0,1,sushi_b,full_data
8,61,65,1,1,0,1,sushi_b,full_data
8,61,66,2,2,0,1,sushi_b,full_data
8,61,67,2,2,0,1,sushi_b,full_data
8,61,68,3,5,2,0.6,sushi_b,full_data
8,61,69,2,3,1,0.666666666666667,sushi_b,full_data
8,61,70,1,1,0,1,sushi_b,full_data
8,61,71,0,2,2,0,sushi_b,full_data
8,61,72,3,5,2,0.6,sushi_b,full_data
8,61,74,1,1,0,1,sushi_b,full_data
8,61,75,2,3,1,0.666666666666667,sushi_b,full_data
8,61,77,2,2,0,1,sushi_b,full_data
8,61,78,5,7,2,0.714285714285714,sushi_b,full_data
8,61,80,1,2,1,0.5,sushi_b,full_data
8,61,82,0,1,1,0,sushi_b,full_data
8,61,86,3,3,0,1,sushi_b,full_data
8,61,87,1,1,0,1,sushi_b,full_data
8,61,89,2,2,0,1,sushi_b,full_data
8,61,90,0,1,1,0,sushi_b,full_data
8,61,91,1,1,0,1,sushi_b,full_data
8,61,94,1,1,0,1,sushi_b,full_data
8,61,95,1,2,1,0.5,sushi_b,full_data
8,61,97,2,2,0,1,sushi_b,full_data
8,61,98,3,3,0,1,sushi_b,full_data
8,61,99,1,1,0,1,sushi_b,full_data
8,71,17,1,1,0,1,sushi_b,full_data
8,73,23,1,1,0,1,sushi_b,full_data
8,73,24,1,1,0,1,sushi_b,full_data
8,73,30,0,1,1,0,sushi_b,full_data
8,76,69,1,1,0,1,sushi_b,full_data
8,76,78,1,1,0,1,sushi_b,full_data
8,79,7,1,1,0,1,sushi_b,full_data
8,79,12,5,6,1,0.833333333333333,sushi_b,full_data
8,79,14,0,1,1,0,sushi_b,full_data
8,79,16,2,2,0,1,sushi_b,full_data
8,79,17,7,7,0,1,sushi_b,full_data
8,79,18,2,3,1,0.666666666666667,sushi_b,full_data
8,79,23,3,4,1,0.75,sushi_b,full_data
8,79,24,7,8,1,0.875,sushi_b,full_data
8,79,28,3,3,0,1,sushi_b,full_data
8,79,29,4,5,1,0.8,sushi_b,full_data
8,79,30,2,2,0,1,sushi_b,full_data
8,79,32,1,2,1,0.5,sushi_b,full_data
8,79,33,1,1,0,1,sushi_b,full_data
8,79,35,2,2,0,1,sushi_b,full_data
8,79,38,2,2,0,1,sushi_b,full_data
8,79,40,7,8,1,0.875,sushi_b,full_data
8,79,42,3,3,0,1,sushi_b,full_data
8,79,48,1,1,0,1,sushi_b,full_data
8,79,49,4,5,1,0.8,sushi_b,full_data
8,79,50,1,1,0,1,sushi_b,full_data
8,79,52,1,2,1,0.5,sushi_b,full_data
8,79,55,1,1,0,1,sushi_b,full_data
8,79,56,2,3,1,0.666666666666667,sushi_b,full_data
8,79,58,2,3,1,0.666666666666667,sushi_b,full_data
8,79,59,1,1,0,1,sushi_b,full_data
8,79,60,1,1,0,1,sushi_b,full_data
8,79,63,3,3,0,1,sushi_b,full_data
8,79,64,2,2,0,1,sushi_b,full_data
8,79,67,1,1,0,1,sushi_b,full_data
8,79,68,1,1,0,1,sushi_b,full_data
8,79,69,1,1,0,1,sushi_b,full_data
8,79,75,1,1,0,1,sushi_b,full_data
8,79,77,2,2,0,1,sushi_b,full_data
8,79,78,1,1,0,1,sushi_b,full_data
8,79,85,1,1,0,1,sushi_b,full_data
8,79,92,1,4,3,0.25,sushi_b,full_data
8,79,93,1,1,0,1,sushi_b,full_data
8,79,97,2,2,0,1,sushi_b,full_data
8,88,78,1,1,0,1,sushi_b,full_data
9,0,16,0,1,1,0,sushi_b,full_data
9,0,17,6,6,0,1,sushi_b,full_data
9,0,23,1,1,0,1,sushi_b,full_data
9,0,24,3,3,0,1,sushi_b,full_data
9,0,28,2,2,0,1,sushi_b,full_data
9,0,35,1,2,1,0.5,sushi_b,full_data
9,0,40,1,1,0,1,sushi_b,full_data
9,0,51,1,1,0,1,sushi_b,full_data
9,0,52,0,1,1,0,sushi_b,full_data
9,0,56,2,2,0,1,sushi_b,full_data
9,0,59,1,1,0,1,sushi_b,full_data
9,0,69,4,4,0,1,sushi_b,full_data
9,0,78,2,2,0,1,sushi_b,full_data
9,0,80,1,2,1,0.5,sushi_b,full_data
9,0,85,2,2,0,1,sushi_b,full_data
9,0,89,3,3,0,1,sushi_b,full_data
9,0,93,1,1,0,1,sushi_b,full_data
9,1,16,1,1,0,1,sushi_b,full_data
9,1,17,15,17,2,0.882352941176471,sushi_b,full_data
9,1,24,4,5,1,0.8,sushi_b,full_data
9,1,28,3,3,0,1,sushi_b,full_data
9,1,29,3,3,0,1,sushi_b,full_data
9,1,30,1,1,0,1,sushi_b,full_data
9,1,40,6,10,4,0.6,sushi_b,full_data
9,1,42,2,2,0,1,sushi_b,full_data
9,1,48,0,1,1,0,sushi_b,full_data
9,1,49,2,2,0,1,sushi_b,full_data
9,1,52,0,2,2,0,sushi_b,full_data
9,1,59,2,3,1,0.666666666666667,sushi_b,full_data
9,1,60,0,1,1,0,sushi_b,full_data
9,1,64,2,2,0,1,sushi_b,full_data
9,1,66,0,1,1,0,sushi_b,full_data
9,1,68,1,2,1,0.5,sushi_b,full_data
9,1,69,0,2,2,0,sushi_b,full_data
9,1,74,1,1,0,1,sushi_b,full_data
9,1,77,1,1,0,1,sushi_b,full_data
9,1,78,1,1,0,1,sushi_b,full_data
9,1,80,1,1,0,1,sushi_b,full_data
9,1,81,1,1,0,1,sushi_b,full_data
9,1,84,0,1,1,0,sushi_b,full_data
9,1,85,0,1,1,0,sushi_b,full_data
9,1,89,1,1,0,1,sushi_b,full_data
9,1,92,1,1,0,1,sushi_b,full_data
9,1,93,1,2,1,0.5,sushi_b,full_data
9,1,94,1,1,0,1,sushi_b,full_data
9,1,97,2,2,0,1,sushi_b,full_data
9,2,7,1,2,1,0.5,sushi_b,full_data
9,2,12,2,2,0,1,sushi_b,full_data
9,2,16,6,6,0,1,sushi_b,full_data
9,2,17,71,80,9,0.8875,sushi_b,full_data
9,2,18,2,3,1,0.666666666666667,sushi_b,full_data
9,2,23,9,11,2,0.818181818181818,sushi_b,full_data
9,2,24,16,19,3,0.842105263157895,sushi_b,full_data
9,2,28,11,14,3,0.785714285714286,sushi_b,full_data
9,2,29,11,12,1,0.916666666666667,sushi_b,full_data
9,2,30,2,4,2,0.5,sushi_b,full_data
9,2,32,0,1,1,0,sushi_b,full_data
9,2,33,4,4,0,1,sushi_b,full_data
9,2,35,5,7,2,0.714285714285714,sushi_b,full_data
9,2,38,2,2,0,1,sushi_b,full_data
9,2,40,25,27,2,0.925925925925926,sushi_b,full_data
9,2,42,18,19,1,0.947368421052632,sushi_b,full_data
9,2,48,3,4,1,0.75,sushi_b,full_data
9,2,49,14,16,2,0.875,sushi_b,full_data
9,2,50,1,1,0,1,sushi_b,full_data
9,2,51,4,5,1,0.8,sushi_b,full_data
9,2,52,9,10,1,0.9,sushi_b,full_data
9,2,55,1,2,1,0.5,sushi_b,full_data
9,2,56,8,9,1,0.888888888888889,sushi_b,full_data
9,2,58,1,1,0,1,sushi_b,full_data
9,2,59,20,23,3,0.869565217391304,sushi_b,full_data
9,2,60,6,6,0,1,sushi_b,full_data
9,2,64,6,8,2,0.75,sushi_b,full_data
9,2,67,3,3,0,1,sushi_b,full_data
9,2,68,2,2,0,1,sushi_b,full_data
9,2,69,8,8,0,1,sushi_b,full_data
9,2,70,1,2,1,0.5,sushi_b,full_data
9,2,72,1,1,0,1,sushi_b,full_data
9,2,74,6,8,2,0.75,sushi_b,full_data
9,2,75,5,5,0,1,sushi_b,full_data
9,2,77,3,3,0,1,sushi_b,full_data
9,2,78,5,5,0,1,sushi_b,full_data
9,2,80,0,1,1,0,sushi_b,full_data
9,2,81,5,6,1,0.833333333333333,sushi_b,full_data
9,2,82,1,1,0,1,sushi_b,full_data
9,2,83,1,1,0,1,sushi_b,full_data
9,2,84,5,5,0,1,sushi_b,full_data
9,2,85,8,8,0,1,sushi_b,full_data
9,2,86,2,2,0,1,sushi_b,full_data
9,2,87,1,1,0,1,sushi_b,full_data
9,2,89,7,7,0,1,sushi_b,full_data
9,2,90,4,5,1,0.8,sushi_b,full_data
9,2,91,1,2,1,0.5,sushi_b,full_data
9,2,92,6,7,1,0.857142857142857,sushi_b,full_data
9,2,93,9,10,1,0.9,sushi_b,full_data
9,2,94,4,5,1,0.8,sushi_b,full_data
9,2,97,5,6,1,0.833333333333333,sushi_b,full_data
9,2,99,2,3,1,0.666666666666667,sushi_b,full_data
9,3,17,2,2,0,1,sushi_b,full_data
9,3,33,0,1,1,0,sushi_b,full_data
9,3,60,1,1,0,1,sushi_b,full_data
9,3,64,1,1,0,1,sushi_b,full_data
9,3,89,1,1,0,1,sushi_b,full_data
9,3,97,0,1,1,0,sushi_b,full_data
9,4,17,2,5,3,0.4,sushi_b,full_data
9,4,40,0,2,2,0,sushi_b,full_data
9,4,52,2,2,0,1,sushi_b,full_data
9,4,59,2,3,1,0.666666666666667,sushi_b,full_data
9,4,60,1,1,0,1,sushi_b,full_data
9,4,64,1,1,0,1,sushi_b,full_data
9,4,68,1,1,0,1,sushi_b,full_data
9,4,89,1,1,0,1,sushi_b,full_data
9,4,93,1,1,0,1,sushi_b,full_data
9,5,17,1,2,1,0.5,sushi_b,full_data
9,6,12,2,2,0,1,sushi_b,full_data
9,6,16,2,3,1,0.666666666666667,sushi_b,full_data
9,6,17,28,39,11,0.717948717948718,sushi_b,full_data
9,6,23,5,5,0,1,sushi_b,full_data
9,6,24,3,3,0,1,sushi_b,full_data
9,6,28,7,11,4,0.636363636363636,sushi_b,full_data
9,6,29,10,10,0,1,sushi_b,full_data
9,6,33,2,2,0,1,sushi_b,full_data
9,6,35,1,2,1,0.5,sushi_b,full_data
9,6,39,1,1,0,1,sushi_b,full_data
9,6,40,13,13,0,1,sushi_b,full_data
9,6,42,2,2,0,1,sushi_b,full_data
9,6,49,7,12,5,0.583333333333333,sushi_b,full_data
9,6,51,1,1,0,1,sushi_b,full_data
9,6,52,1,2,1,0.5,sushi_b,full_data
9,6,55,2,2,0,1,sushi_b,full_data
9,6,56,7,7,0,1,sushi_b,full_data
9,6,59,6,9,3,0.666666666666667,sushi_b,full_data
9,6,60,5,7,2,0.714285714285714,sushi_b,full_data
9,6,63,1,1,0,1,sushi_b,full_data
9,6,64,5,8,3,0.625,sushi_b,full_data
9,6,66,2,2,0,1,sushi_b,full_data
9,6,69,1,3,2,0.333333333333333,sushi_b,full_data
9,6,70,3,3,0,1,sushi_b,full_data
9,6,74,2,2,0,1,sushi_b,full_data
9,6,75,0,1,1,0,sushi_b,full_data
9,6,77,0,2,2,0,sushi_b,full_data
9,6,78,3,3,0,1,sushi_b,full_data
9,6,80,0,1,1,0,sushi_b,full_data
9,6,81,1,4,3,0.25,sushi_b,full_data
9,6,82,1,1,0,1,sushi_b,full_data
9,6,83,0,1,1,0,sushi_b,full_data
9,6,84,1,2,1,0.5,sushi_b,full_data
9,6,85,3,4,1,0.75,sushi_b,full_data
9,6,86,2,3,1,0.666666666666667,sushi_b,full_data
9,6,89,3,3,0,1,sushi_b,full_data
9,6,90,0,4,4,0,sushi_b,full_data
9,6,91,2,2,0,1,sushi_b,full_data
9,6,92,4,4,0,1,sushi_b,full_data
9,6,93,2,3,1,0.666666666666667,sushi_b,full_data
9,6,94,2,3,1,0.666666666666667,sushi_b,full_data
9,6,97,3,4,1,0.75,sushi_b,full_data
9,8,7,4,5,1,0.8,sushi_b,full_data
9,8,12,9,12,3,0.75,sushi_b,full_data
9,8,14,1,1,0,1,sushi_b,full_data
9,8,16,13,14,1,0.928571428571429,sushi_b,full_data
9,8,17,160,179,19,0.893854748603352,sushi_b,full_data
9,8,18,5,6,1,0.833333333333333,sushi_b,full_data
9,8,21,1,1,0,1,sushi_b,full_data
9,8,23,25,27,2,0.925925925925926,sushi_b,full_data
9,8,24,49,54,5,0.907407407407407,sushi_b,full_data
9,8,28,54,61,7,0.885245901639344,sushi_b,full_data
9,8,29,27,35,8,0.771428571428571,sushi_b,full_data
9,8,30,10,11,1,0.909090909090909,sushi_b,full_data
9,8,32,0,1,1,0,sushi_b,full_data
9,8,33,8,9,1,0.888888888888889,sushi_b,full_data
9,8,35,20,29,9,0.689655172413793,sushi_b,full_data
9,8,38,6,7,1,0.857142857142857,sushi_b,full_data
9,8,40,68,76,8,0.894736842105263,sushi_b,full_data
9,8,42,43,47,4,0.914893617021277,sushi_b,full_data
9,8,44,1,2,1,0.5,sushi_b,full_data
9,8,45,1,1,0,1,sushi_b,full_data
9,8,46,1,2,1,0.5,sushi_b,full_data
9,8,48,6,8,2,0.75,sushi_b,full_data
9,8,49,26,28,2,0.928571428571429,sushi_b,full_data
9,8,50,1,2,1,0.5,sushi_b,full_data
9,8,51,9,11,2,0.818181818181818,sushi_b,full_data
9,8,52,26,27,1,0.962962962962963,sushi_b,full_data
9,8,55,12,12,0,1,sushi_b,full_data
9,8,56,27,30,3,0.9,sushi_b,full_data
9,8,58,6,8,2,0.75,sushi_b,full_data
9,8,59,42,44,2,0.954545454545455,sushi_b,full_data
9,8,60,25,29,4,0.862068965517241,sushi_b,full_data
9,8,62,1,2,1,0.5,sushi_b,full_data
9,8,63,2,2,0,1,sushi_b,full_data
9,8,64,22,24,2,0.916666666666667,sushi_b,full_data
9,8,66,3,4,1,0.75,sushi_b,full_data
9,8,67,5,5,0,1,sushi_b,full_data
9,8,68,6,8,2,0.75,sushi_b,full_data
9,8,69,19,19,0,1,sushi_b,full_data
9,8,70,4,5,1,0.8,sushi_b,full_data
9,8,71,0,1,1,0,sushi_b,full_data
9,8,72,1,1,0,1,sushi_b,full_data
9,8,74,20,20,0,1,sushi_b,full_data
9,8,75,14,15,1,0.933333333333333,sushi_b,full_data
9,8,77,6,8,2,0.75,sushi_b,full_data
9,8,78,25,26,1,0.961538461538462,sushi_b,full_data
9,8,80,11,11,0,1,sushi_b,full_data
9,8,81,9,10,1,0.9,sushi_b,full_data
9,8,82,3,3,0,1,sushi_b,full_data
9,8,83,4,4,0,1,sushi_b,full_data
9,8,84,4,4,0,1,sushi_b,full_data
9,8,85,13,15,2,0.866666666666667,sushi_b,full_data
9,8,86,3,3,0,1,sushi_b,full_data
9,8,87,3,3,0,1,sushi_b,full_data
9,8,89,19,21,2,0.904761904761905,sushi_b,full_data
9,8,90,15,17,2,0.882352941176471,sushi_b,full_data
9,8,91,7,7,0,1,sushi_b,full_data
9,8,92,11,11,0,1,sushi_b,full_data
9,8,93,16,16,0,1,sushi_b,full_data
9,8,94,7,8,1,0.875,sushi_b,full_data
9,8,97,13,14,1,0.928571428571429,sushi_b,full_data
9,8,98,8,10,2,0.8,sushi_b,full_data
9,8,99,2,3,1,0.666666666666667,sushi_b,full_data
9,9,7,0,1,1,0,sushi_b,full_data
9,9,12,5,5,0,1,sushi_b,full_data
9,9,16,2,5,3,0.4,sushi_b,full_data
9,9,17,94,115,21,0.817391304347826,sushi_b,full_data
9,9,18,2,2,0,1,sushi_b,full_data
9,9,23,14,17,3,0.823529411764706,sushi_b,full_data
9,9,24,26,31,5,0.838709677419355,sushi_b,full_data
9,9,28,33,40,7,0.825,sushi_b,full_data
9,9,29,27,33,6,0.818181818181818,sushi_b,full_data
9,9,30,3,5,2,0.6,sushi_b,full_data
9,9,32,1,1,0,1,sushi_b,full_data
9,9,33,12,14,2,0.857142857142857,sushi_b,full_data
9,9,35,10,12,2,0.833333333333333,sushi_b,full_data
9,9,38,3,3,0,1,sushi_b,full_data
9,9,39,1,1,0,1,sushi_b,full_data
9,9,40,32,38,6,0.842105263157895,sushi_b,full_data
9,9,42,24,28,4,0.857142857142857,sushi_b,full_data
9,9,48,11,14,3,0.785714285714286,sushi_b,full_data
9,9,49,19,20,1,0.95,sushi_b,full_data
9,9,51,5,6,1,0.833333333333333,sushi_b,full_data
9,9,52,15,19,4,0.789473684210526,sushi_b,full_data
9,9,55,4,4,0,1,sushi_b,full_data
9,9,56,14,15,1,0.933333333333333,sushi_b,full_data
9,9,58,4,4,0,1,sushi_b,full_data
9,9,59,21,31,10,0.67741935483871,sushi_b,full_data
9,9,60,15,15,0,1,sushi_b,full_data
9,9,63,3,3,0,1,sushi_b,full_data
9,9,64,13,17,4,0.764705882352941,sushi_b,full_data
9,9,65,0,1,1,0,sushi_b,full_data
9,9,67,5,5,0,1,sushi_b,full_data
9,9,68,3,4,1,0.75,sushi_b,full_data
9,9,69,11,11,0,1,sushi_b,full_data
9,9,70,2,2,0,1,sushi_b,full_data
9,9,71,1,1,0,1,sushi_b,full_data
9,9,72,2,2,0,1,sushi_b,full_data
9,9,74,2,6,4,0.333333333333333,sushi_b,full_data
9,9,75,5,8,3,0.625,sushi_b,full_data
9,9,77,7,8,1,0.875,sushi_b,full_data
9,9,78,21,23,2,0.91304347826087,sushi_b,full_data
9,9,80,1,3,2,0.333333333333333,sushi_b,full_data
9,9,81,8,10,2,0.8,sushi_b,full_data
9,9,82,1,1,0,1,sushi_b,full_data
9,9,83,1,1,0,1,sushi_b,full_data
9,9,84,2,2,0,1,sushi_b,full_data
9,9,85,7,10,3,0.7,sushi_b,full_data
9,9,86,5,5,0,1,sushi_b,full_data
9,9,88,1,1,0,1,sushi_b,full_data
9,9,89,5,7,2,0.714285714285714,sushi_b,full_data
9,9,90,9,10,1,0.9,sushi_b,full_data
9,9,91,6,6,0,1,sushi_b,full_data
9,9,92,8,10,2,0.8,sushi_b,full_data
9,9,93,7,8,1,0.875,sushi_b,full_data
9,9,94,10,11,1,0.909090909090909,sushi_b,full_data
9,9,97,10,10,0,1,sushi_b,full_data
9,9,98,3,4,1,0.75,sushi_b,full_data
9,9,99,2,3,1,0.666666666666667,sushi_b,full_data
9,10,17,1,1,0,1,sushi_b,full_data
9,10,35,1,1,0,1,sushi_b,full_data
9,10,59,1,1,0,1,sushi_b,full_data
9,10,64,1,1,0,1,sushi_b,full_data
9,10,89,1,1,0,1,sushi_b,full_data
9,11,16,3,4,1,0.75,sushi_b,full_data
9,11,17,13,18,5,0.722222222222222,sushi_b,full_data
9,11,23,1,2,1,0.5,sushi_b,full_data
9,11,24,4,5,1,0.8,sushi_b,full_data
9,11,28,7,9,2,0.777777777777778,sushi_b,full_data
9,11,29,3,3,0,1,sushi_b,full_data
9,11,33,1,1,0,1,sushi_b,full_data
9,11,35,3,3,0,1,sushi_b,full_data
9,11,40,6,8,2,0.75,sushi_b,full_data
9,11,42,4,4,0,1,sushi_b,full_data
9,11,48,1,1,0,1,sushi_b,full_data
9,11,49,2,2,0,1,sushi_b,full_data
9,11,50,0,1,1,0,sushi_b,full_data
9,11,52,1,3,2,0.333333333333333,sushi_b,full_data
9,11,56,1,1,0,1,sushi_b,full_data
9,11,58,0,1,1,0,sushi_b,full_data
9,11,59,3,3,0,1,sushi_b,full_data
9,11,60,1,1,0,1,sushi_b,full_data
9,11,64,1,1,0,1,sushi_b,full_data
9,11,66,1,1,0,1,sushi_b,full_data
9,11,68,1,1,0,1,sushi_b,full_data
9,11,69,2,2,0,1,sushi_b,full_data
9,11,72,0,1,1,0,sushi_b,full_data
9,11,74,2,2,0,1,sushi_b,full_data
9,11,77,1,1,0,1,sushi_b,full_data
9,11,78,3,3,0,1,sushi_b,full_data
9,11,80,1,1,0,1,sushi_b,full_data
9,11,81,1,1,0,1,sushi_b,full_data
9,11,84,1,1,0,1,sushi_b,full_data
9,11,85,4,4,0,1,sushi_b,full_data
9,11,86,1,1,0,1,sushi_b,full_data
9,11,89,2,3,1,0.666666666666667,sushi_b,full_data
9,11,90,2,2,0,1,sushi_b,full_data
9,11,91,1,1,0,1,sushi_b,full_data
9,11,92,1,1,0,1,sushi_b,full_data
9,11,93,2,3,1,0.666666666666667,sushi_b,full_data
9,11,94,3,3,0,1,sushi_b,full_data
9,11,97,3,3,0,1,sushi_b,full_data
9,11,98,3,3,0,1,sushi_b,full_data
9,11,99,2,2,0,1,sushi_b,full_data
9,13,7,1,2,1,0.5,sushi_b,full_data
9,13,12,0,1,1,0,sushi_b,full_data
9,13,16,1,1,0,1,sushi_b,full_data
9,13,17,25,34,9,0.735294117647059,sushi_b,full_data
9,13,18,1,1,0,1,sushi_b,full_data
9,13,23,2,2,0,1,sushi_b,full_data
9,13,24,9,11,2,0.818181818181818,sushi_b,full_data
9,13,28,11,13,2,0.846153846153846,sushi_b,full_data
9,13,29,6,7,1,0.857142857142857,sushi_b,full_data
9,13,30,4,4,0,1,sushi_b,full_data
9,13,33,4,4,0,1,sushi_b,full_data
9,13,35,3,5,2,0.6,sushi_b,full_data
9,13,38,0,1,1,0,sushi_b,full_data
9,13,40,9,11,2,0.818181818181818,sushi_b,full_data
9,13,42,10,10,0,1,sushi_b,full_data
9,13,48,1,1,0,1,sushi_b,full_data
9,13,49,3,5,2,0.6,sushi_b,full_data
9,13,50,1,2,1,0.5,sushi_b,full_data
9,13,51,1,2,1,0.5,sushi_b,full_data
9,13,52,5,7,2,0.714285714285714,sushi_b,full_data
9,13,56,5,6,1,0.833333333333333,sushi_b,full_data
9,13,58,0,1,1,0,sushi_b,full_data
9,13,59,3,3,0,1,sushi_b,full_data
9,13,60,2,5,3,0.4,sushi_b,full_data
9,13,64,1,2,1,0.5,sushi_b,full_data
9,13,66,0,1,1,0,sushi_b,full_data
9,13,67,2,2,0,1,sushi_b,full_data
9,13,68,0,1,1,0,sushi_b,full_data
9,13,69,0,1,1,0,sushi_b,full_data
9,13,74,1,3,2,0.333333333333333,sushi_b,full_data
9,13,75,2,2,0,1,sushi_b,full_data
9,13,77,1,1,0,1,sushi_b,full_data
9,13,78,5,7,2,0.714285714285714,sushi_b,full_data
9,13,80,1,1,0,1,sushi_b,full_data
9,13,81,5,6,1,0.833333333333333,sushi_b,full_data
9,13,84,3,3,0,1,sushi_b,full_data
9,13,85,2,5,3,0.4,sushi_b,full_data
9,13,86,1,2,1,0.5,sushi_b,full_data
9,13,89,2,2,0,1,sushi_b,full_data
9,13,90,5,6,1,0.833333333333333,sushi_b,full_data
9,13,91,1,2,1,0.5,sushi_b,full_data
9,13,92,10,10,0,1,sushi_b,full_data
9,13,94,2,2,0,1,sushi_b,full_data
9,13,97,3,3,0,1,sushi_b,full_data
9,13,98,1,1,0,1,sushi_b,full_data
9,13,99,4,4,0,1,sushi_b,full_data
9,15,12,0,1,1,0,sushi_b,full_data
9,15,16,13,13,0,1,sushi_b,full_data
9,15,17,70,91,21,0.769230769230769,sushi_b,full_data
9,15,18,1,1,0,1,sushi_b,full_data
9,15,23,8,10,2,0.8,sushi_b,full_data
9,15,24,11,14,3,0.785714285714286,sushi_b,full_data
9,15,25,1,1,0,1,sushi_b,full_data
9,15,28,21,23,2,0.91304347826087,sushi_b,full_data
9,15,29,13,18,5,0.722222222222222,sushi_b,full_data
9,15,30,1,2,1,0.5,sushi_b,full_data
9,15,31,1,1,0,1,sushi_b,full_data
9,15,33,2,4,2,0.5,sushi_b,full_data
9,15,35,8,10,2,0.8,sushi_b,full_data
9,15,38,1,2,1,0.5,sushi_b,full_data
9,15,40,15,18,3,0.833333333333333,sushi_b,full_data
9,15,42,23,26,3,0.884615384615385,sushi_b,full_data
9,15,43,1,1,0,1,sushi_b,full_data
9,15,48,4,4,0,1,sushi_b,full_data
9,15,49,13,18,5,0.722222222222222,sushi_b,full_data
9,15,50,2,2,0,1,sushi_b,full_data
9,15,51,3,4,1,0.75,sushi_b,full_data
9,15,52,8,9,1,0.888888888888889,sushi_b,full_data
9,15,55,4,4,0,1,sushi_b,full_data
9,15,56,13,14,1,0.928571428571429,sushi_b,full_data
9,15,58,3,3,0,1,sushi_b,full_data
9,15,59,17,18,1,0.944444444444444,sushi_b,full_data
9,15,60,10,13,3,0.769230769230769,sushi_b,full_data
9,15,64,9,10,1,0.9,sushi_b,full_data
9,15,67,1,1,0,1,sushi_b,full_data
9,15,68,3,3,0,1,sushi_b,full_data
9,15,69,13,13,0,1,sushi_b,full_data
9,15,70,5,6,1,0.833333333333333,sushi_b,full_data
9,15,72,1,1,0,1,sushi_b,full_data
9,15,74,3,4,1,0.75,sushi_b,full_data
9,15,75,3,4,1,0.75,sushi_b,full_data
9,15,77,5,5,0,1,sushi_b,full_data
9,15,78,12,17,5,0.705882352941177,sushi_b,full_data
9,15,80,1,2,1,0.5,sushi_b,full_data
9,15,81,6,6,0,1,sushi_b,full_data
9,15,82,2,3,1,0.666666666666667,sushi_b,full_data
9,15,83,2,2,0,1,sushi_b,full_data
9,15,85,6,6,0,1,sushi_b,full_data
9,15,86,1,1,0,1,sushi_b,full_data
9,15,89,6,6,0,1,sushi_b,full_data
9,15,90,12,13,1,0.923076923076923,sushi_b,full_data
9,15,91,3,3,0,1,sushi_b,full_data
9,15,92,3,5,2,0.6,sushi_b,full_data
9,15,93,6,6,0,1,sushi_b,full_data
9,15,94,5,6,1,0.833333333333333,sushi_b,full_data
9,15,97,8,8,0,1,sushi_b,full_data
9,15,99,2,4,2,0.5,sushi_b,full_data
9,19,7,4,4,0,1,sushi_b,full_data
9,19,12,5,7,2,0.714285714285714,sushi_b,full_data
9,19,14,2,3,1,0.666666666666667,sushi_b,full_data
9,19,16,20,21,1,0.952380952380952,sushi_b,full_data
9,19,17,124,143,19,0.867132867132867,sushi_b,full_data
9,19,18,3,3,0,1,sushi_b,full_data
9,19,23,18,25,7,0.72,sushi_b,full_data
9,19,24,45,53,8,0.849056603773585,sushi_b,full_data
9,19,25,1,1,0,1,sushi_b,full_data
9,19,28,40,47,7,0.851063829787234,sushi_b,full_data
9,19,29,24,29,5,0.827586206896552,sushi_b,full_data
9,19,30,7,8,1,0.875,sushi_b,full_data
9,19,32,5,7,2,0.714285714285714,sushi_b,full_data
9,19,33,13,13,0,1,sushi_b,full_data
9,19,34,1,1,0,1,sushi_b,full_data
9,19,35,14,16,2,0.875,sushi_b,full_data
9,19,38,4,4,0,1,sushi_b,full_data
9,19,39,2,2,0,1,sushi_b,full_data
9,19,40,44,53,9,0.830188679245283,sushi_b,full_data
9,19,42,46,47,1,0.978723404255319,sushi_b,full_data
9,19,44,3,3,0,1,sushi_b,full_data
9,19,46,2,2,0,1,sushi_b,full_data
9,19,48,11,16,5,0.6875,sushi_b,full_data
9,19,49,35,35,0,1,sushi_b,full_data
9,19,50,2,3,1,0.666666666666667,sushi_b,full_data
9,19,51,4,6,2,0.666666666666667,sushi_b,full_data
9,19,52,20,24,4,0.833333333333333,sushi_b,full_data
9,19,55,6,6,0,1,sushi_b,full_data
9,19,56,18,22,4,0.818181818181818,sushi_b,full_data
9,19,58,13,14,1,0.928571428571429,sushi_b,full_data
9,19,59,37,41,4,0.902439024390244,sushi_b,full_data
9,19,60,24,28,4,0.857142857142857,sushi_b,full_data
9,19,63,2,2,0,1,sushi_b,full_data
9,19,64,18,20,2,0.9,sushi_b,full_data
9,19,65,1,1,0,1,sushi_b,full_data
9,19,67,10,11,1,0.909090909090909,sushi_b,full_data
9,19,68,7,9,2,0.777777777777778,sushi_b,full_data
9,19,69,20,21,1,0.952380952380952,sushi_b,full_data
9,19,70,7,8,1,0.875,sushi_b,full_data
9,19,71,4,4,0,1,sushi_b,full_data
9,19,72,2,3,1,0.666666666666667,sushi_b,full_data
9,19,74,16,16,0,1,sushi_b,full_data
9,19,75,7,9,2,0.777777777777778,sushi_b,full_data
9,19,77,10,11,1,0.909090909090909,sushi_b,full_data
9,19,78,17,18,1,0.944444444444444,sushi_b,full_data
9,19,80,4,5,1,0.8,sushi_b,full_data
9,19,81,11,11,0,1,sushi_b,full_data
9,19,83,3,3,0,1,sushi_b,full_data
9,19,84,7,7,0,1,sushi_b,full_data
9,19,85,14,14,0,1,sushi_b,full_data
9,19,86,7,8,1,0.875,sushi_b,full_data
9,19,87,2,2,0,1,sushi_b,full_data
9,19,89,15,17,2,0.882352941176471,sushi_b,full_data
9,19,90,7,7,0,1,sushi_b,full_data
9,19,91,2,3,1,0.666666666666667,sushi_b,full_data
9,19,92,7,9,2,0.777777777777778,sushi_b,full_data
9,19,93,10,11,1,0.909090909090909,sushi_b,full_data
9,19,94,10,11,1,0.909090909090909,sushi_b,full_data
9,19,97,17,17,0,1,sushi_b,full_data
9,19,98,6,6,0,1,sushi_b,full_data
9,19,99,5,6,1,0.833333333333333,sushi_b,full_data
9,20,17,9,14,5,0.642857142857143,sushi_b,full_data
9,20,23,1,1,0,1,sushi_b,full_data
9,20,24,3,3,0,1,sushi_b,full_data
9,20,29,2,3,1,0.666666666666667,sushi_b,full_data
9,20,35,1,1,0,1,sushi_b,full_data
9,20,40,1,1,0,1,sushi_b,full_data
9,20,42,6,6,0,1,sushi_b,full_data
9,20,48,0,1,1,0,sushi_b,full_data
9,20,49,1,1,0,1,sushi_b,full_data
9,20,51,1,1,0,1,sushi_b,full_data
9,20,52,2,2,0,1,sushi_b,full_data
9,20,56,1,1,0,1,sushi_b,full_data
9,20,59,5,5,0,1,sushi_b,full_data
9,20,60,4,4,0,1,sushi_b,full_data
9,20,68,1,1,0,1,sushi_b,full_data
9,20,69,3,3,0,1,sushi_b,full_data
9,20,75,1,1,0,1,sushi_b,full_data
9,20,78,4,4,0,1,sushi_b,full_data
9,20,80,1,1,0,1,sushi_b,full_data
9,20,81,0,1,1,0,sushi_b,full_data
9,20,83,2,2,0,1,sushi_b,full_data
9,20,85,2,2,0,1,sushi_b,full_data
9,20,90,1,1,0,1,sushi_b,full_data
9,20,92,1,1,0,1,sushi_b,full_data
9,20,93,2,2,0,1,sushi_b,full_data
9,20,94,1,1,0,1,sushi_b,full_data
9,20,97,3,4,1,0.75,sushi_b,full_data
9,21,60,1,1,0,1,sushi_b,full_data
9,22,42,1,1,0,1,sushi_b,full_data
9,22,52,1,1,0,1,sushi_b,full_data
9,22,56,1,1,0,1,sushi_b,full_data
9,22,59,1,1,0,1,sushi_b,full_data
9,22,64,1,1,0,1,sushi_b,full_data
9,22,69,0,1,1,0,sushi_b,full_data
9,22,70,1,1,0,1,sushi_b,full_data
9,22,75,1,1,0,1,sushi_b,full_data
9,22,81,1,1,0,1,sushi_b,full_data
9,26,17,0,1,1,0,sushi_b,full_data
9,26,24,1,1,0,1,sushi_b,full_data
9,26,29,0,1,1,0,sushi_b,full_data
9,26,59,2,2,0,1,sushi_b,full_data
9,26,75,0,1,1,0,sushi_b,full_data
9,26,78,1,1,0,1,sushi_b,full_data
9,26,81,1,2,1,0.5,sushi_b,full_data
9,27,35,1,1,0,1,sushi_b,full_data
9,27,60,0,1,1,0,sushi_b,full_data
9,36,17,1,1,0,1,sushi_b,full_data
9,37,7,1,2,1,0.5,sushi_b,full_data
9,37,12,1,3,2,0.333333333333333,sushi_b,full_data
9,37,16,2,4,2,0.5,sushi_b,full_data
9,37,17,45,59,14,0.76271186440678,sushi_b,full_data
9,37,18,4,4,0,1,sushi_b,full_data
9,37,23,8,10,2,0.8,sushi_b,full_data
9,37,24,10,13,3,0.769230769230769,sushi_b,full_data
9,37,28,16,21,5,0.761904761904762,sushi_b,full_data
9,37,29,10,15,5,0.666666666666667,sushi_b,full_data
9,37,30,4,4,0,1,sushi_b,full_data
9,37,32,2,2,0,1,sushi_b,full_data
9,37,33,3,4,1,0.75,sushi_b,full_data
9,37,35,3,4,1,0.75,sushi_b,full_data
9,37,38,2,2,0,1,sushi_b,full_data
9,37,39,1,1,0,1,sushi_b,full_data
9,37,40,18,23,5,0.782608695652174,sushi_b,full_data
9,37,42,17,18,1,0.944444444444444,sushi_b,full_data
9,37,48,5,6,1,0.833333333333333,sushi_b,full_data
9,37,49,9,9,0,1,sushi_b,full_data
9,37,50,2,2,0,1,sushi_b,full_data
9,37,51,2,4,2,0.5,sushi_b,full_data
9,37,52,2,3,1,0.666666666666667,sushi_b,full_data
9,37,55,3,3,0,1,sushi_b,full_data
9,37,56,7,8,1,0.875,sushi_b,full_data
9,37,58,1,1,0,1,sushi_b,full_data
9,37,59,9,12,3,0.75,sushi_b,full_data
9,37,60,10,13,3,0.769230769230769,sushi_b,full_data
9,37,63,1,1,0,1,sushi_b,full_data
9,37,64,8,10,2,0.8,sushi_b,full_data
9,37,66,3,4,1,0.75,sushi_b,full_data
9,37,67,1,1,0,1,sushi_b,full_data
9,37,68,7,8,1,0.875,sushi_b,full_data
9,37,69,6,6,0,1,sushi_b,full_data
9,37,74,4,4,0,1,sushi_b,full_data
9,37,75,1,3,2,0.333333333333333,sushi_b,full_data
9,37,77,2,2,0,1,sushi_b,full_data
9,37,78,8,8,0,1,sushi_b,full_data
9,37,80,1,1,0,1,sushi_b,full_data
9,37,81,4,4,0,1,sushi_b,full_data
9,37,84,2,2,0,1,sushi_b,full_data
9,37,85,2,2,0,1,sushi_b,full_data
9,37,86,4,4,0,1,sushi_b,full_data
9,37,89,4,5,1,0.8,sushi_b,full_data
9,37,90,5,5,0,1,sushi_b,full_data
9,37,91,1,2,1,0.5,sushi_b,full_data
9,37,92,5,6,1,0.833333333333333,sushi_b,full_data
9,37,93,3,3,0,1,sushi_b,full_data
9,37,94,2,3,1,0.666666666666667,sushi_b,full_data
9,37,97,2,2,0,1,sushi_b,full_data
9,37,98,2,2,0,1,sushi_b,full_data
9,37,99,1,1,0,1,sushi_b,full_data
9,41,17,2,2,0,1,sushi_b,full_data
9,41,24,1,2,1,0.5,sushi_b,full_data
9,41,40,1,1,0,1,sushi_b,full_data
9,41,51,1,1,0,1,sushi_b,full_data
9,41,52,1,1,0,1,sushi_b,full_data
9,41,56,1,1,0,1,sushi_b,full_data
9,41,59,1,1,0,1,sushi_b,full_data
9,41,60,1,1,0,1,sushi_b,full_data
9,41,68,1,1,0,1,sushi_b,full_data
9,41,69,2,2,0,1,sushi_b,full_data
9,47,14,1,1,0,1,sushi_b,full_data
9,47,16,1,1,0,1,sushi_b,full_data
9,47,17,17,18,1,0.944444444444444,sushi_b,full_data
9,47,18,1,1,0,1,sushi_b,full_data
9,47,23,0,1,1,0,sushi_b,full_data
9,47,24,5,7,2,0.714285714285714,sushi_b,full_data
9,47,28,7,7,0,1,sushi_b,full_data
9,47,29,1,2,1,0.5,sushi_b,full_data
9,47,33,5,5,0,1,sushi_b,full_data
9,47,35,3,5,2,0.6,sushi_b,full_data
9,47,40,5,8,3,0.625,sushi_b,full_data
9,47,42,5,5,0,1,sushi_b,full_data
9,47,48,1,1,0,1,sushi_b,full_data
9,47,49,3,3,0,1,sushi_b,full_data
9,47,52,2,2,0,1,sushi_b,full_data
9,47,55,1,1,0,1,sushi_b,full_data
9,47,56,3,3,0,1,sushi_b,full_data
9,47,58,1,1,0,1,sushi_b,full_data
9,47,59,7,9,2,0.777777777777778,sushi_b,full_data
9,47,60,3,3,0,1,sushi_b,full_data
9,47,64,4,4,0,1,sushi_b,full_data
9,47,67,1,1,0,1,sushi_b,full_data
9,47,68,2,2,0,1,sushi_b,full_data
9,47,69,1,1,0,1,sushi_b,full_data
9,47,70,1,1,0,1,sushi_b,full_data
9,47,74,1,1,0,1,sushi_b,full_data
9,47,75,1,1,0,1,sushi_b,full_data
9,47,77,2,2,0,1,sushi_b,full_data
9,47,78,3,3,0,1,sushi_b,full_data
9,47,80,1,1,0,1,sushi_b,full_data
9,47,84,1,1,0,1,sushi_b,full_data
9,47,85,1,2,1,0.5,sushi_b,full_data
9,47,89,1,1,0,1,sushi_b,full_data
9,47,90,0,1,1,0,sushi_b,full_data
9,47,91,2,2,0,1,sushi_b,full_data
9,47,92,2,2,0,1,sushi_b,full_data
9,47,93,3,3,0,1,sushi_b,full_data
9,47,94,1,1,0,1,sushi_b,full_data
9,47,97,1,1,0,1,sushi_b,full_data
9,47,98,1,1,0,1,sushi_b,full_data
9,53,14,1,1,0,1,sushi_b,full_data
9,53,17,6,8,2,0.75,sushi_b,full_data
9,53,23,3,3,0,1,sushi_b,full_data
9,53,28,2,2,0,1,sushi_b,full_data
9,53,33,1,1,0,1,sushi_b,full_data
9,53,35,1,1,0,1,sushi_b,full_data
9,53,40,3,3,0,1,sushi_b,full_data
9,53,42,2,2,0,1,sushi_b,full_data
9,53,49,0,1,1,0,sushi_b,full_data
9,53,52,1,1,0,1,sushi_b,full_data
9,53,59,2,3,1,0.666666666666667,sushi_b,full_data
9,53,60,1,1,0,1,sushi_b,full_data
9,53,62,1,1,0,1,sushi_b,full_data
9,53,64,0,1,1,0,sushi_b,full_data
9,53,68,1,1,0,1,sushi_b,full_data
9,53,69,1,1,0,1,sushi_b,full_data
9,53,72,1,1,0,1,sushi_b,full_data
9,53,74,1,1,0,1,sushi_b,full_data
9,53,78,2,2,0,1,sushi_b,full_data
9,53,84,1,1,0,1,sushi_b,full_data
9,53,85,2,2,0,1,sushi_b,full_data
9,53,92,1,1,0,1,sushi_b,full_data
9,53,93,2,2,0,1,sushi_b,full_data
9,53,94,0,1,1,0,sushi_b,full_data
9,53,97,1,1,0,1,sushi_b,full_data
9,61,5,1,1,0,1,sushi_b,full_data
9,61,7,1,1,0,1,sushi_b,full_data
9,61,12,3,4,1,0.75,sushi_b,full_data
9,61,14,1,1,0,1,sushi_b,full_data
9,61,16,1,2,1,0.5,sushi_b,full_data
9,61,17,15,16,1,0.9375,sushi_b,full_data
9,61,18,2,2,0,1,sushi_b,full_data
9,61,23,1,3,2,0.333333333333333,sushi_b,full_data
9,61,24,2,2,0,1,sushi_b,full_data
9,61,28,3,4,1,0.75,sushi_b,full_data
9,61,29,2,2,0,1,sushi_b,full_data
9,61,30,2,2,0,1,sushi_b,full_data
9,61,32,1,1,0,1,sushi_b,full_data
9,61,33,1,1,0,1,sushi_b,full_data
9,61,35,3,4,1,0.75,sushi_b,full_data
9,61,38,1,2,1,0.5,sushi_b,full_data
9,61,40,5,5,0,1,sushi_b,full_data
9,61,42,5,6,1,0.833333333333333,sushi_b,full_data
9,61,43,0,1,1,0,sushi_b,full_data
9,61,48,6,7,1,0.857142857142857,sushi_b,full_data
9,61,49,1,1,0,1,sushi_b,full_data
9,61,51,1,1,0,1,sushi_b,full_data
9,61,52,6,8,2,0.75,sushi_b,full_data
9,61,55,2,2,0,1,sushi_b,full_data
9,61,56,5,5,0,1,sushi_b,full_data
9,61,58,1,1,0,1,sushi_b,full_data
9,61,59,5,5,0,1,sushi_b,full_data
9,61,60,5,6,1,0.833333333333333,sushi_b,full_data
9,61,64,2,3,1,0.666666666666667,sushi_b,full_data
9,61,67,2,2,0,1,sushi_b,full_data
9,61,68,1,1,0,1,sushi_b,full_data
9,61,69,2,2,0,1,sushi_b,full_data
9,61,72,1,1,0,1,sushi_b,full_data
9,61,74,3,3,0,1,sushi_b,full_data
9,61,75,0,1,1,0,sushi_b,full_data
9,61,77,4,4,0,1,sushi_b,full_data
9,61,78,1,2,1,0.5,sushi_b,full_data
9,61,80,1,1,0,1,sushi_b,full_data
9,61,81,1,1,0,1,sushi_b,full_data
9,61,83,1,1,0,1,sushi_b,full_data
9,61,84,1,1,0,1,sushi_b,full_data
9,61,85,2,2,0,1,sushi_b,full_data
9,61,89,2,2,0,1,sushi_b,full_data
9,61,90,3,3,0,1,sushi_b,full_data
9,61,92,2,2,0,1,sushi_b,full_data
9,61,93,2,2,0,1,sushi_b,full_data
9,61,94,1,1,0,1,sushi_b,full_data
9,61,97,1,1,0,1,sushi_b,full_data
9,61,98,2,2,0,1,sushi_b,full_data
9,61,99,1,2,1,0.5,sushi_b,full_data
9,73,17,1,1,0,1,sushi_b,full_data
9,73,23,1,1,0,1,sushi_b,full_data
9,79,17,6,6,0,1,sushi_b,full_data
9,79,18,1,1,0,1,sushi_b,full_data
9,79,23,0,1,1,0,sushi_b,full_data
9,79,24,1,2,1,0.5,sushi_b,full_data
9,79,28,3,3,0,1,sushi_b,full_data
9,79,29,2,3,1,0.666666666666667,sushi_b,full_data
9,79,30,1,1,0,1,sushi_b,full_data
9,79,35,0,1,1,0,sushi_b,full_data
9,79,40,1,1,0,1,sushi_b,full_data
9,79,42,1,2,1,0.5,sushi_b,full_data
9,79,52,2,3,1,0.666666666666667,sushi_b,full_data
9,79,59,1,1,0,1,sushi_b,full_data
9,79,60,2,2,0,1,sushi_b,full_data
9,79,64,1,2,1,0.5,sushi_b,full_data
9,79,67,1,1,0,1,sushi_b,full_data
9,79,72,1,1,0,1,sushi_b,full_data
9,79,78,0,1,1,0,sushi_b,full_data
9,79,85,1,1,0,1,sushi_b,full_data
9,79,89,1,1,0,1,sushi_b,full_data
9,79,93,1,1,0,1,sushi_b,full_data
9,79,94,1,1,0,1,sushi_b,full_data
