dataset,row,split
beans,33,fit
beans,704,fit
beans,741,fit
beans,268,fit
beans,229,fit
beans,84,fit
beans,742,fit
beans,24,fit
beans,426,fit
beans,38,fit
beans,652,fit
beans,605,fit
beans,555,fit
beans,32,fit
beans,747,fit
beans,206,fit
beans,593,fit
beans,684,fit
beans,379,fit
beans,450,fit
beans,752,fit
beans,83,fit
beans,281,fit
beans,444,fit
beans,45,fit
beans,814,fit
beans,840,fit
beans,153,fit
beans,809,fit
beans,80,fit
beans,130,fit
beans,96,fit
beans,614,fit
beans,163,fit
beans,701,fit
beans,717,fit
beans,294,fit
beans,549,fit
beans,824,fit
beans,667,fit
beans,524,fit
beans,68,fit
beans,183,fit
beans,304,fit
beans,233,fit
beans,169,fit
beans,760,fit
beans,227,fit
beans,416,fit
beans,168,fit
beans,196,fit
beans,433,fit
beans,377,fit
beans,800,fit
beans,170,fit
beans,751,fit
beans,712,fit
beans,673,fit
beans,185,fit
beans,768,fit
beans,722,fit
beans,666,fit
beans,788,fit
beans,335,fit
beans,594,fit
beans,818,fit
beans,310,fit
beans,533,fit
beans,410,fit
beans,8,fit
beans,238,fit
beans,160,fit
beans,407,fit
beans,401,fit
beans,687,fit
beans,685,fit
beans,274,fit
beans,538,fit
beans,432,fit
beans,541,fit
beans,670,fit
beans,452,fit
beans,507,fit
beans,696,fit
beans,590,fit
beans,759,fit
beans,65,fit
beans,517,fit
beans,31,fit
beans,246,fit
beans,419,fit
beans,257,fit
beans,42,fit
beans,588,fit
beans,111,fit
beans,668,fit
beans,468,fit
beans,718,fit
beans,724,fit
beans,332,fit
beans,675,fit
beans,819,fit
beans,613,fit
beans,545,fit
beans,44,fit
beans,166,fit
beans,322,fit
beans,565,fit
beans,544,fit
beans,431,fit
beans,832,fit
beans,825,fit
beans,569,fit
beans,630,fit
beans,806,fit
beans,107,fit
beans,557,fit
beans,133,fit
beans,193,fit
beans,460,fit
beans,726,fit
beans,71,fit
beans,135,fit
beans,430,fit
beans,128,fit
beans,265,fit
beans,716,fit
beans,723,fit
beans,617,fit
beans,221,fit
beans,250,fit
beans,530,fit
beans,388,fit
beans,161,fit
beans,604,fit
beans,628,fit
beans,54,fit
beans,653,fit
beans,584,fit
beans,21,fit
beans,40,fit
beans,260,fit
beans,157,fit
beans,139,fit
beans,644,fit
beans,362,fit
beans,127,fit
beans,648,fit
beans,226,fit
beans,182,fit
beans,664,fit
beans,134,fit
beans,188,fit
beans,692,fit
beans,488,fit
beans,308,fit
beans,534,fit
beans,570,fit
beans,357,fit
beans,489,fit
beans,509,fit
beans,172,fit
beans,184,fit
beans,162,fit
beans,173,fit
beans,609,fit
beans,79,fit
beans,807,fit
beans,576,fit
beans,622,fit
beans,381,fit
beans,213,fit
beans,181,fit
beans,719,fit
beans,610,fit
beans,220,fit
beans,415,fit
beans,448,fit
beans,141,fit
beans,804,fit
beans,49,fit
beans,396,fit
beans,808,fit
beans,746,fit
beans,698,fit
beans,694,fit
beans,821,fit
beans,365,fit
beans,205,fit
beans,366,fit
beans,828,fit
beans,140,fit
beans,82,fit
beans,355,fit
beans,320,fit
beans,447,fit
beans,662,fit
beans,803,fit
beans,736,fit
beans,577,fit
beans,837,fit
beans,63,fit
beans,482,fit
beans,334,fit
beans,177,fit
beans,1,fit
beans,321,fit
beans,393,fit
beans,333,fit
beans,841,fit
beans,515,fit
beans,680,fit
beans,676,fit
beans,778,fit
beans,575,fit
beans,598,fit
beans,608,fit
beans,782,fit
beans,350,fit
beans,349,fit
beans,470,fit
beans,112,fit
beans,251,fit
beans,409,fit
beans,591,fit
beans,284,fit
beans,427,fit
beans,519,fit
beans,735,fit
beans,501,fit
beans,120,fit
beans,192,fit
beans,276,fit
beans,46,fit
beans,122,fit
beans,81,fit
beans,763,fit
beans,775,fit
beans,156,fit
beans,23,fit
beans,592,fit
beans,369,fit
beans,144,fit
beans,171,fit
beans,636,fit
beans,469,fit
beans,801,fit
beans,39,fit
beans,554,fit
beans,313,fit
beans,624,fit
beans,387,fit
beans,785,fit
beans,672,fit
beans,475,fit
beans,479,fit
beans,596,fit
beans,697,fit
beans,720,fit
beans,77,fit
beans,425,fit
beans,731,fit
beans,435,fit
beans,64,fit
beans,212,fit
beans,360,fit
beans,473,fit
beans,665,fit
beans,498,fit
beans,540,fit
beans,36,fit
beans,461,fit
beans,518,fit
beans,148,fit
beans,384,fit
beans,198,fit
beans,797,fit
beans,13,fit
beans,354,fit
beans,581,fit
beans,767,fit
beans,649,fit
beans,754,fit
beans,252,fit
beans,136,fit
beans,259,fit
beans,786,fit
beans,296,fit
beans,344,fit
beans,564,fit
beans,176,fit
beans,18,fit
beans,406,fit
beans,737,fit
beans,783,fit
beans,455,fit
beans,686,fit
beans,574,fit
beans,755,fit
beans,116,fit
beans,11,fit
beans,815,fit
beans,834,fit
beans,254,fit
beans,209,fit
beans,327,fit
beans,802,fit
beans,472,fit
beans,386,fit
beans,789,fit
beans,280,fit
beans,272,fit
beans,50,fit
beans,225,fit
beans,762,fit
beans,94,fit
beans,142,fit
beans,343,fit
beans,464,fit
beans,385,fit
beans,115,fit
beans,483,fit
beans,520,fit
beans,286,fit
beans,145,fit
beans,566,fit
beans,59,fit
beans,201,fit
beans,525,fit
beans,514,fit
beans,478,fit
beans,12,fit
beans,392,fit
beans,137,fit
beans,398,fit
beans,477,fit
beans,266,fit
beans,654,fit
beans,674,fit
beans,826,fit
beans,56,fit
beans,214,fit
beans,339,fit
beans,98,fit
beans,93,fit
beans,587,fit
beans,658,fit
beans,671,fit
beans,811,fit
beans,27,fit
beans,408,fit
beans,289,fit
beans,494,fit
beans,829,fit
beans,656,fit
beans,20,fit
beans,186,fit
beans,29,fit
beans,626,fit
beans,72,fit
beans,465,fit
beans,805,fit
beans,338,fit
beans,119,fit
beans,441,fit
beans,383,fit
beans,412,fit
beans,529,fit
beans,679,fit
beans,17,fit
beans,466,fit
beans,794,fit
beans,689,fit
beans,149,fit
beans,60,fit
beans,827,fit
beans,154,fit
beans,454,fit
beans,126,fit
beans,324,fit
beans,434,fit
beans,199,fit
beans,100,fit
beans,659,fit
beans,629,fit
beans,405,fit
beans,599,fit
beans,429,fit
beans,706,fit
beans,640,fit
beans,78,fit
beans,459,fit
beans,776,fit
beans,187,fit
beans,411,fit
beans,603,fit
beans,217,fit
beans,87,fit
beans,595,fit
beans,363,fit
beans,256,fit
beans,817,fit
beans,601,fit
beans,693,fit
beans,766,fit
beans,74,fit
beans,639,fit
beans,237,fit
beans,400,fit
beans,318,fit
beans,191,fit
beans,190,fit
beans,611,fit
beans,372,fit
beans,95,fit
beans,16,fit
beans,101,fit
beans,368,fit
beans,129,fit
beans,572,fit
beans,571,fit
beans,573,fit
beans,132,fit
beans,504,fit
beans,822,fit
beans,316,fit
beans,5,fit
beans,51,fit
beans,352,fit
beans,727,fit
beans,732,fit
beans,248,fit
beans,563,fit
beans,235,fit
beans,508,fit
beans,367,fit
beans,713,fit
beans,34,fit
beans,496,fit
beans,376,fit
beans,551,fit
beans,733,fit
beans,380,fit
beans,833,fit
beans,271,fit
beans,669,fit
beans,174,fit
beans,728,fit
beans,721,fit
beans,421,fit
beans,264,fit
beans,561,fit
beans,618,fit
beans,756,fit
beans,358,fit
beans,646,fit
beans,497,fit
beans,558,fit
beans,361,fit
beans,270,fit
beans,740,fit
beans,108,fit
beans,15,fit
beans,109,fit
beans,451,fit
beans,331,fit
beans,390,fit
beans,113,fit
beans,830,fit
beans,526,fit
beans,602,fit
beans,446,fit
beans,440,fit
beans,560,fit
beans,110,fit
beans,244,fit
beans,2,fit
beans,831,fit
beans,359,fit
beans,502,fit
beans,770,fit
beans,234,fit
beans,239,fit
beans,781,fit
beans,642,fit
beans,424,fit
beans,758,fit
beans,643,fit
beans,277,fit
beans,536,fit
beans,342,fit
beans,631,fit
beans,521,fit
beans,275,fit
beans,397,fit
beans,548,fit
beans,307,fit
beans,812,fit
beans,391,fit
beans,86,fit
beans,341,fit
beans,326,fit
beans,500,fit
beans,336,fit
beans,505,fit
beans,90,discovery
beans,92,discovery
beans,798,discovery
beans,586,discovery
beans,278,discovery
beans,261,discovery
beans,779,discovery
beans,152,discovery
beans,820,discovery
beans,293,discovery
beans,816,discovery
beans,600,discovery
beans,487,discovery
beans,634,discovery
beans,418,discovery
beans,522,discovery
beans,218,discovery
beans,764,discovery
beans,138,discovery
beans,769,discovery
beans,682,discovery
beans,125,discovery
beans,623,discovery
beans,707,discovery
beans,319,discovery
beans,67,discovery
beans,757,discovery
beans,813,discovery
beans,204,discovery
beans,253,discovery
beans,582,discovery
beans,445,discovery
beans,420,discovery
beans,836,discovery
beans,117,discovery
beans,48,discovery
beans,66,discovery
beans,660,discovery
beans,295,discovery
beans,52,discovery
beans,202,discovery
beans,317,discovery
beans,236,discovery
beans,650,discovery
beans,297,discovery
beans,41,discovery
beans,85,discovery
beans,247,discovery
beans,777,discovery
beans,364,discovery
beans,559,discovery
beans,738,discovery
beans,511,discovery
beans,103,discovery
beans,288,discovery
beans,714,discovery
beans,796,discovery
beans,661,discovery
beans,753,discovery
beans,615,discovery
beans,395,discovery
beans,279,discovery
beans,619,discovery
beans,298,discovery
beans,7,discovery
beans,765,discovery
beans,546,discovery
beans,553,discovery
beans,228,discovery
beans,437,discovery
beans,725,discovery
beans,699,discovery
beans,382,discovery
beans,351,discovery
beans,532,discovery
beans,513,discovery
beans,88,discovery
beans,597,discovery
beans,224,discovery
beans,76,discovery
beans,143,discovery
beans,638,discovery
beans,175,discovery
beans,14,discovery
beans,167,discovery
beans,26,discovery
beans,273,discovery
beans,695,discovery
beans,399,discovery
beans,413,discovery
beans,745,discovery
beans,303,discovery
beans,301,discovery
beans,550,discovery
beans,337,discovery
beans,37,discovery
beans,302,discovery
beans,89,discovery
beans,216,discovery
beans,481,discovery
beans,114,discovery
beans,688,discovery
beans,155,discovery
beans,655,discovery
beans,583,discovery
beans,348,discovery
beans,709,discovery
beans,535,discovery
beans,147,discovery
beans,677,discovery
beans,230,discovery
beans,245,discovery
beans,285,discovery
beans,178,discovery
beans,556,discovery
beans,456,discovery
beans,150,discovery
beans,531,discovery
beans,743,discovery
beans,792,discovery
beans,493,discovery
beans,242,discovery
beans,562,discovery
beans,690,discovery
beans,28,discovery
beans,414,discovery
beans,4,discovery
beans,633,discovery
beans,211,discovery
beans,35,discovery
beans,512,discovery
beans,3,discovery
beans,22,discovery
beans,375,discovery
beans,210,discovery
beans,715,discovery
beans,492,discovery
beans,146,discovery
beans,69,discovery
beans,219,discovery
beans,703,discovery
beans,568,discovery
beans,691,discovery
beans,269,discovery
beans,299,discovery
beans,616,discovery
beans,474,discovery
beans,356,discovery
beans,632,discovery
beans,476,discovery
beans,567,discovery
beans,255,discovery
beans,663,discovery
beans,287,discovery
beans,787,discovery
beans,104,discovery
beans,442,discovery
beans,510,discovery
beans,19,discovery
beans,215,discovery
beans,61,discovery
beans,267,discovery
beans,683,discovery
beans,283,discovery
beans,793,discovery
beans,839,discovery
beans,106,discovery
beans,370,discovery
beans,55,confirmation
beans,627,confirmation
beans,621,confirmation
beans,730,confirmation
beans,43,confirmation
beans,208,confirmation
beans,457,confirmation
beans,207,confirmation
beans,612,confirmation
beans,62,confirmation
beans,678,confirmation
beans,641,confirmation
beans,620,confirmation
beans,635,confirmation
beans,702,confirmation
beans,282,confirmation
beans,486,confirmation
beans,480,confirmation
beans,222,confirmation
beans,436,confirmation
beans,484,confirmation
beans,773,confirmation
beans,189,confirmation
beans,394,confirmation
beans,91,confirmation
beans,6,confirmation
beans,346,confirmation
beans,423,confirmation
beans,340,confirmation
beans,580,confirmation
beans,606,confirmation
beans,647,confirmation
beans,124,confirmation
beans,578,confirmation
beans,739,confirmation
beans,625,confirmation
beans,823,confirmation
beans,453,confirmation
beans,374,confirmation
beans,579,confirmation
beans,485,confirmation
beans,30,confirmation
beans,471,confirmation
beans,439,confirmation
beans,258,confirmation
beans,645,confirmation
beans,57,confirmation
beans,243,confirmation
beans,499,confirmation
beans,118,confirmation
beans,835,confirmation
beans,131,confirmation
beans,312,confirmation
beans,262,confirmation
beans,799,confirmation
beans,305,confirmation
beans,9,confirmation
beans,353,confirmation
beans,371,confirmation
beans,232,confirmation
beans,527,confirmation
beans,503,confirmation
beans,249,confirmation
beans,345,confirmation
beans,194,confirmation
beans,705,confirmation
beans,458,confirmation
beans,203,confirmation
beans,467,confirmation
beans,711,confirmation
beans,708,confirmation
beans,330,confirmation
beans,53,confirmation
beans,347,confirmation
beans,402,confirmation
beans,774,confirmation
beans,700,confirmation
beans,744,confirmation
beans,223,confirmation
beans,263,confirmation
beans,443,confirmation
beans,290,confirmation
beans,528,confirmation
beans,438,confirmation
beans,10,confirmation
beans,547,confirmation
beans,200,confirmation
beans,491,confirmation
beans,589,confirmation
beans,0,confirmation
beans,506,confirmation
beans,197,confirmation
beans,729,confirmation
beans,838,confirmation
beans,58,confirmation
beans,784,confirmation
beans,292,confirmation
beans,329,confirmation
beans,328,confirmation
beans,300,confirmation
beans,490,confirmation
beans,585,confirmation
beans,750,confirmation
beans,25,confirmation
beans,404,confirmation
beans,165,confirmation
beans,159,confirmation
beans,306,confirmation
beans,710,confirmation
beans,543,confirmation
beans,780,confirmation
beans,123,confirmation
beans,771,confirmation
beans,463,confirmation
beans,462,confirmation
beans,70,confirmation
beans,241,confirmation
beans,772,confirmation
beans,403,confirmation
beans,681,confirmation
beans,389,confirmation
beans,734,confirmation
beans,749,confirmation
beans,422,confirmation
beans,761,confirmation
beans,523,confirmation
beans,325,confirmation
beans,373,confirmation
beans,449,confirmation
beans,73,confirmation
beans,748,confirmation
beans,315,confirmation
beans,195,confirmation
beans,158,confirmation
beans,810,confirmation
beans,151,confirmation
beans,637,confirmation
beans,311,confirmation
beans,240,confirmation
beans,417,confirmation
beans,552,confirmation
beans,164,confirmation
beans,495,confirmation
beans,790,confirmation
beans,516,confirmation
beans,791,confirmation
beans,314,confirmation
beans,291,confirmation
beans,102,confirmation
beans,323,confirmation
beans,378,confirmation
beans,542,confirmation
beans,607,confirmation
beans,180,confirmation
beans,537,confirmation
beans,795,confirmation
beans,121,confirmation
beans,97,confirmation
beans,179,confirmation
beans,309,confirmation
beans,428,confirmation
beans,231,confirmation
beans,651,confirmation
beans,47,confirmation
beans,75,confirmation
beans,657,confirmation
beans,539,confirmation
beans,105,confirmation
beans,99,confirmation
sushi_a,3240,fit
sushi_a,3747,fit
sushi_a,70,fit
sushi_a,1627,fit
sushi_a,2741,fit
sushi_a,1403,fit
sushi_a,517,fit
sushi_a,1833,fit
sushi_a,1328,fit
sushi_a,2948,fit
sushi_a,2365,fit
sushi_a,473,fit
sushi_a,4301,fit
sushi_a,4064,fit
sushi_a,2333,fit
sushi_a,3495,fit
sushi_a,3669,fit
sushi_a,3560,fit
sushi_a,4586,fit
sushi_a,4463,fit
sushi_a,4794,fit
sushi_a,1241,fit
sushi_a,828,fit
sushi_a,3970,fit
sushi_a,2906,fit
sushi_a,2447,fit
sushi_a,3104,fit
sushi_a,4773,fit
sushi_a,267,fit
sushi_a,1429,fit
sushi_a,2831,fit
sushi_a,2506,fit
sushi_a,1573,fit
sushi_a,4691,fit
sushi_a,4333,fit
sushi_a,2901,fit
sushi_a,2913,fit
sushi_a,3993,fit
sushi_a,4801,fit
sushi_a,563,fit
sushi_a,1988,fit
sushi_a,538,fit
sushi_a,1847,fit
sushi_a,4220,fit
sushi_a,4230,fit
sushi_a,4402,fit
sushi_a,1129,fit
sushi_a,226,fit
sushi_a,4204,fit
sushi_a,4008,fit
sushi_a,651,fit
sushi_a,2361,fit
sushi_a,716,fit
sushi_a,762,fit
sushi_a,4095,fit
sushi_a,1806,fit
sushi_a,855,fit
sushi_a,972,fit
sushi_a,3603,fit
sushi_a,577,fit
sushi_a,1622,fit
sushi_a,1304,fit
sushi_a,727,fit
sushi_a,3845,fit
sushi_a,4571,fit
sushi_a,1871,fit
sushi_a,2192,fit
sushi_a,3929,fit
sushi_a,4750,fit
sushi_a,1708,fit
sushi_a,2504,fit
sushi_a,4622,fit
sushi_a,4726,fit
sushi_a,4010,fit
sushi_a,586,fit
sushi_a,1848,fit
sushi_a,1088,fit
sushi_a,1509,fit
sushi_a,3107,fit
sushi_a,326,fit
sushi_a,4001,fit
sushi_a,1182,fit
sushi_a,4676,fit
sushi_a,1341,fit
sushi_a,720,fit
sushi_a,3713,fit
sushi_a,3170,fit
sushi_a,3318,fit
sushi_a,2110,fit
sushi_a,992,fit
sushi_a,2122,fit
sushi_a,4531,fit
sushi_a,508,fit
sushi_a,2318,fit
sushi_a,1391,fit
sushi_a,81,fit
sushi_a,4439,fit
sushi_a,2294,fit
sushi_a,4477,fit
sushi_a,3155,fit
sushi_a,4115,fit
sushi_a,2031,fit
sushi_a,2662,fit
sushi_a,343,fit
sushi_a,1127,fit
sushi_a,3981,fit
sushi_a,3619,fit
sushi_a,868,fit
sushi_a,2812,fit
sushi_a,4646,fit
sushi_a,3161,fit
sushi_a,2853,fit
sushi_a,3738,fit
sushi_a,3102,fit
sushi_a,529,fit
sushi_a,1219,fit
sushi_a,2388,fit
sushi_a,2049,fit
sushi_a,915,fit
sushi_a,3215,fit
sushi_a,2306,fit
sushi_a,4321,fit
sushi_a,116,fit
sushi_a,3416,fit
sushi_a,1432,fit
sushi_a,1865,fit
sushi_a,462,fit
sushi_a,1854,fit
sushi_a,2500,fit
sushi_a,2937,fit
sushi_a,1790,fit
sushi_a,3980,fit
sushi_a,3386,fit
sushi_a,2010,fit
sushi_a,4762,fit
sushi_a,3930,fit
sushi_a,3794,fit
sushi_a,3218,fit
sushi_a,2619,fit
sushi_a,432,fit
sushi_a,4430,fit
sushi_a,662,fit
sushi_a,4479,fit
sushi_a,891,fit
sushi_a,2262,fit
sushi_a,2352,fit
sushi_a,2888,fit
sushi_a,2270,fit
sushi_a,4132,fit
sushi_a,2423,fit
sushi_a,3396,fit
sushi_a,1763,fit
sushi_a,501,fit
sushi_a,2513,fit
sushi_a,3512,fit
sushi_a,1491,fit
sushi_a,1186,fit
sushi_a,4889,fit
sushi_a,1619,fit
sushi_a,1433,fit
sushi_a,4763,fit
sushi_a,3899,fit
sushi_a,702,fit
sushi_a,4134,fit
sushi_a,4044,fit
sushi_a,4540,fit
sushi_a,20,fit
sushi_a,2712,fit
sushi_a,531,fit
sushi_a,3412,fit
sushi_a,1124,fit
sushi_a,3778,fit
sushi_a,3580,fit
sushi_a,2601,fit
sushi_a,300,fit
sushi_a,4870,fit
sushi_a,805,fit
sushi_a,4834,fit
sushi_a,340,fit
sushi_a,3608,fit
sushi_a,4375,fit
sushi_a,3882,fit
sushi_a,724,fit
sushi_a,4866,fit
sushi_a,691,fit
sushi_a,2414,fit
sushi_a,4205,fit
sushi_a,140,fit
sushi_a,912,fit
sushi_a,910,fit
sushi_a,4380,fit
sushi_a,4990,fit
sushi_a,3693,fit
sushi_a,4123,fit
sushi_a,4833,fit
sushi_a,2685,fit
sushi_a,233,fit
sushi_a,3143,fit
sushi_a,1454,fit
sushi_a,1612,fit
sushi_a,2263,fit
sushi_a,589,fit
sushi_a,4873,fit
sushi_a,1294,fit
sushi_a,2284,fit
sushi_a,3114,fit
sushi_a,1029,fit
sushi_a,4753,fit
sushi_a,1822,fit
sushi_a,2376,fit
sushi_a,546,fit
sushi_a,2415,fit
sushi_a,4053,fit
sushi_a,3613,fit
sushi_a,385,fit
sushi_a,3642,fit
sushi_a,1424,fit
sushi_a,1140,fit
sushi_a,1010,fit
sushi_a,4628,fit
sushi_a,2539,fit
sushi_a,1574,fit
sushi_a,2688,fit
sushi_a,3802,fit
sushi_a,4172,fit
sushi_a,4688,fit
sushi_a,2524,fit
sushi_a,3072,fit
sushi_a,121,fit
sushi_a,1361,fit
sushi_a,4457,fit
sushi_a,4609,fit
sushi_a,65,fit
sushi_a,1374,fit
sushi_a,4197,fit
sushi_a,4007,fit
sushi_a,3716,fit
sushi_a,260,fit
sushi_a,4340,fit
sushi_a,2055,fit
sushi_a,2983,fit
sushi_a,1302,fit
sushi_a,4164,fit
sushi_a,93,fit
sushi_a,4635,fit
sushi_a,728,fit
sushi_a,1879,fit
sushi_a,1214,fit
sushi_a,3657,fit
sushi_a,311,fit
sushi_a,4939,fit
sushi_a,1977,fit
sushi_a,1936,fit
sushi_a,2969,fit
sushi_a,545,fit
sushi_a,3783,fit
sushi_a,1015,fit
sushi_a,4254,fit
sushi_a,2457,fit
sushi_a,1987,fit
sushi_a,4036,fit
sushi_a,674,fit
sushi_a,1488,fit
sushi_a,3525,fit
sushi_a,2349,fit
sushi_a,1919,fit
sushi_a,3740,fit
sushi_a,4905,fit
sushi_a,2943,fit
sushi_a,3663,fit
sushi_a,600,fit
sushi_a,2581,fit
sushi_a,1984,fit
sushi_a,2934,fit
sushi_a,1655,fit
sushi_a,3076,fit
sushi_a,564,fit
sushi_a,3091,fit
sushi_a,4933,fit
sushi_a,145,fit
sushi_a,4790,fit
sushi_a,308,fit
sushi_a,4207,fit
sushi_a,3456,fit
sushi_a,4233,fit
sushi_a,4788,fit
sushi_a,1779,fit
sushi_a,3012,fit
sushi_a,3090,fit
sushi_a,1326,fit
sushi_a,933,fit
sushi_a,442,fit
sushi_a,913,fit
sushi_a,2854,fit
sushi_a,4843,fit
sushi_a,1209,fit
sushi_a,3741,fit
sushi_a,282,fit
sushi_a,3212,fit
sushi_a,3590,fit
sushi_a,1913,fit
sushi_a,2324,fit
sushi_a,2234,fit
sushi_a,968,fit
sushi_a,961,fit
sushi_a,2321,fit
sushi_a,4916,fit
sushi_a,3502,fit
sushi_a,946,fit
sushi_a,3208,fit
sushi_a,2384,fit
sushi_a,3744,fit
sushi_a,2279,fit
sushi_a,2066,fit
sushi_a,3013,fit
sushi_a,1639,fit
sushi_a,745,fit
sushi_a,3227,fit
sushi_a,2020,fit
sushi_a,4337,fit
sushi_a,1943,fit
sushi_a,2468,fit
sushi_a,4146,fit
sushi_a,1123,fit
sushi_a,4767,fit
sushi_a,4667,fit
sushi_a,2204,fit
sushi_a,723,fit
sushi_a,461,fit
sushi_a,3454,fit
sushi_a,2225,fit
sushi_a,3000,fit
sushi_a,3763,fit
sushi_a,1174,fit
sushi_a,2527,fit
sushi_a,3898,fit
sushi_a,1196,fit
sushi_a,2923,fit
sushi_a,2327,fit
sushi_a,4880,fit
sushi_a,1596,fit
sushi_a,4657,fit
sushi_a,3278,fit
sushi_a,367,fit
sushi_a,3855,fit
sushi_a,1938,fit
sushi_a,1588,fit
sushi_a,2737,fit
sushi_a,4576,fit
sushi_a,2995,fit
sushi_a,3866,fit
sushi_a,879,fit
sushi_a,274,fit
sushi_a,4887,fit
sushi_a,3965,fit
sushi_a,739,fit
sushi_a,3398,fit
sushi_a,4616,fit
sushi_a,1709,fit
sushi_a,255,fit
sushi_a,1388,fit
sushi_a,4237,fit
sushi_a,3920,fit
sushi_a,197,fit
sushi_a,1390,fit
sushi_a,2747,fit
sushi_a,4702,fit
sushi_a,1242,fit
sushi_a,688,fit
sushi_a,2742,fit
sushi_a,550,fit
sushi_a,4704,fit
sushi_a,3014,fit
sushi_a,1212,fit
sushi_a,4156,fit
sushi_a,4211,fit
sushi_a,245,fit
sushi_a,1836,fit
sushi_a,4079,fit
sushi_a,4250,fit
sushi_a,4862,fit
sushi_a,4302,fit
sushi_a,1909,fit
sushi_a,3643,fit
sushi_a,969,fit
sushi_a,1890,fit
sushi_a,4851,fit
sushi_a,871,fit
sushi_a,2139,fit
sushi_a,1239,fit
sushi_a,848,fit
sushi_a,3631,fit
sushi_a,3101,fit
sushi_a,1611,fit
sushi_a,3388,fit
sushi_a,74,fit
sushi_a,3949,fit
sushi_a,3705,fit
sushi_a,4931,fit
sushi_a,2116,fit
sushi_a,1,fit
sushi_a,1053,fit
sushi_a,519,fit
sushi_a,4828,fit
sushi_a,2088,fit
sushi_a,1320,fit
sushi_a,832,fit
sushi_a,812,fit
sushi_a,447,fit
sushi_a,703,fit
sushi_a,2691,fit
sushi_a,3317,fit
sushi_a,2059,fit
sushi_a,2763,fit
sushi_a,2395,fit
sushi_a,1224,fit
sushi_a,2408,fit
sushi_a,2579,fit
sushi_a,1944,fit
sushi_a,829,fit
sushi_a,3861,fit
sushi_a,3392,fit
sushi_a,4956,fit
sushi_a,2796,fit
sushi_a,2362,fit
sushi_a,1436,fit
sushi_a,2626,fit
sushi_a,1467,fit
sushi_a,495,fit
sushi_a,2628,fit
sushi_a,3446,fit
sushi_a,2622,fit
sushi_a,3928,fit
sushi_a,1557,fit
sushi_a,365,fit
sushi_a,2705,fit
sushi_a,3992,fit
sushi_a,124,fit
sushi_a,3791,fit
sushi_a,1303,fit
sushi_a,4808,fit
sushi_a,437,fit
sushi_a,1991,fit
sushi_a,4947,fit
sushi_a,2751,fit
sushi_a,1144,fit
sushi_a,3286,fit
sushi_a,162,fit
sushi_a,527,fit
sushi_a,1161,fit
sushi_a,4577,fit
sushi_a,4813,fit
sushi_a,2079,fit
sushi_a,4560,fit
sushi_a,1667,fit
sushi_a,167,fit
sushi_a,3726,fit
sushi_a,866,fit
sushi_a,4569,fit
sushi_a,1975,fit
sushi_a,1908,fit
sushi_a,4012,fit
sushi_a,4797,fit
sushi_a,3868,fit
sushi_a,1048,fit
sushi_a,482,fit
sushi_a,2271,fit
sushi_a,216,fit
sushi_a,942,fit
sushi_a,4984,fit
sushi_a,1409,fit
sushi_a,2978,fit
sushi_a,1001,fit
sushi_a,3356,fit
sushi_a,2450,fit
sushi_a,3196,fit
sushi_a,953,fit
sushi_a,2464,fit
sushi_a,305,fit
sushi_a,808,fit
sushi_a,1197,fit
sushi_a,4096,fit
sushi_a,4520,fit
sushi_a,4546,fit
sushi_a,2323,fit
sushi_a,1885,fit
sushi_a,1114,fit
sushi_a,3473,fit
sushi_a,1135,fit
sushi_a,1323,fit
sushi_a,1979,fit
sushi_a,2822,fit
sushi_a,2526,fit
sushi_a,4170,fit
sushi_a,3655,fit
sushi_a,29,fit
sushi_a,4643,fit
sushi_a,4314,fit
sushi_a,2328,fit
sushi_a,2443,fit
sushi_a,3708,fit
sushi_a,4588,fit
sushi_a,2156,fit
sushi_a,339,fit
sushi_a,4882,fit
sushi_a,1980,fit
sushi_a,3594,fit
sushi_a,2288,fit
sushi_a,1278,fit
sushi_a,2189,fit
sushi_a,2142,fit
sushi_a,3047,fit
sushi_a,1537,fit
sushi_a,3599,fit
sushi_a,2001,fit
sushi_a,218,fit
sushi_a,94,fit
sushi_a,3186,fit
sushi_a,4957,fit
sushi_a,2417,fit
sushi_a,4598,fit
sushi_a,924,fit
sushi_a,4461,fit
sushi_a,3553,fit
sushi_a,794,fit
sushi_a,2454,fit
sushi_a,3306,fit
sushi_a,3530,fit
sushi_a,249,fit
sushi_a,2861,fit
sushi_a,4246,fit
sushi_a,4928,fit
sushi_a,1299,fit
sushi_a,157,fit
sushi_a,880,fit
sushi_a,4642,fit
sushi_a,681,fit
sushi_a,1289,fit
sushi_a,4548,fit
sushi_a,3718,fit
sushi_a,1969,fit
sushi_a,4445,fit
sushi_a,2341,fit
sushi_a,1956,fit
sushi_a,1172,fit
sushi_a,481,fit
sushi_a,1866,fit
sushi_a,956,fit
sushi_a,2794,fit
sushi_a,3514,fit
sushi_a,4746,fit
sushi_a,1038,fit
sushi_a,2627,fit
sushi_a,3169,fit
sushi_a,816,fit
sushi_a,2293,fit
sushi_a,3888,fit
sushi_a,242,fit
sushi_a,2536,fit
sushi_a,4682,fit
sushi_a,1072,fit
sushi_a,2533,fit
sushi_a,2728,fit
sushi_a,2532,fit
sushi_a,1706,fit
sushi_a,332,fit
sushi_a,2369,fit
sushi_a,1603,fit
sushi_a,3382,fit
sushi_a,92,fit
sushi_a,3720,fit
sushi_a,1193,fit
sushi_a,1188,fit
sushi_a,2214,fit
sushi_a,3796,fit
sushi_a,738,fit
sushi_a,4293,fit
sushi_a,496,fit
sushi_a,3490,fit
sushi_a,119,fit
sushi_a,1490,fit
sushi_a,4993,fit
sushi_a,3271,fit
sushi_a,4054,fit
sushi_a,990,fit
sushi_a,3589,fit
sushi_a,1506,fit
sushi_a,3850,fit
sushi_a,61,fit
sushi_a,2314,fit
sushi_a,839,fit
sushi_a,4620,fit
sushi_a,1892,fit
sushi_a,1551,fit
sushi_a,3602,fit
sushi_a,801,fit
sushi_a,4556,fit
sushi_a,4936,fit
sushi_a,1911,fit
sushi_a,4832,fit
sushi_a,4201,fit
sushi_a,2989,fit
sushi_a,686,fit
sushi_a,431,fit
sushi_a,4754,fit
sushi_a,3120,fit
sushi_a,2634,fit
sushi_a,1286,fit
sushi_a,1721,fit
sushi_a,1734,fit
sushi_a,4317,fit
sushi_a,984,fit
sushi_a,3197,fit
sushi_a,4502,fit
sushi_a,4139,fit
sushi_a,779,fit
sushi_a,2804,fit
sushi_a,4568,fit
sushi_a,4593,fit
sushi_a,1868,fit
sushi_a,123,fit
sushi_a,3753,fit
sushi_a,2590,fit
sushi_a,4226,fit
sushi_a,1028,fit
sushi_a,3765,fit
sushi_a,941,fit
sushi_a,4153,fit
sushi_a,2412,fit
sushi_a,3768,fit
sushi_a,220,fit
sushi_a,4949,fit
sushi_a,193,fit
sushi_a,1707,fit
sushi_a,3967,fit
sushi_a,4316,fit
sushi_a,1222,fit
sushi_a,1714,fit
sushi_a,789,fit
sushi_a,3534,fit
sushi_a,1032,fit
sushi_a,893,fit
sushi_a,1105,fit
sushi_a,1313,fit
sushi_a,3610,fit
sushi_a,694,fit
sushi_a,565,fit
sushi_a,2000,fit
sushi_a,928,fit
sushi_a,1746,fit
sushi_a,1268,fit
sushi_a,486,fit
sushi_a,1710,fit
sushi_a,3652,fit
sushi_a,1511,fit
sushi_a,1122,fit
sushi_a,2565,fit
sushi_a,2679,fit
sushi_a,2200,fit
sushi_a,2151,fit
sushi_a,272,fit
sushi_a,1180,fit
sushi_a,3577,fit
sushi_a,2914,fit
sushi_a,1305,fit
sushi_a,4865,fit
sushi_a,1211,fit
sushi_a,1512,fit
sushi_a,3006,fit
sushi_a,234,fit
sushi_a,147,fit
sushi_a,26,fit
sushi_a,1795,fit
sushi_a,590,fit
sushi_a,4680,fit
sushi_a,4648,fit
sushi_a,2687,fit
sushi_a,3503,fit
sushi_a,445,fit
sushi_a,4575,fit
sushi_a,2163,fit
sushi_a,2704,fit
sushi_a,3150,fit
sushi_a,4150,fit
sushi_a,1783,fit
sushi_a,2046,fit
sushi_a,2734,fit
sushi_a,824,fit
sushi_a,120,fit
sushi_a,1870,fit
sushi_a,568,fit
sushi_a,4323,fit
sushi_a,1183,fit
sushi_a,1839,fit
sushi_a,2396,fit
sushi_a,4464,fit
sushi_a,1185,fit
sushi_a,3686,fit
sushi_a,1798,fit
sushi_a,351,fit
sushi_a,2195,fit
sushi_a,3727,fit
sushi_a,1716,fit
sushi_a,3841,fit
sushi_a,3777,fit
sushi_a,3092,fit
sushi_a,1117,fit
sushi_a,4475,fit
sushi_a,4366,fit
sushi_a,143,fit
sushi_a,922,fit
sushi_a,1050,fit
sushi_a,4328,fit
sushi_a,182,fit
sushi_a,1434,fit
sushi_a,1989,fit
sushi_a,4907,fit
sushi_a,3782,fit
sushi_a,3875,fit
sushi_a,2816,fit
sushi_a,1736,fit
sushi_a,1215,fit
sushi_a,2117,fit
sushi_a,2998,fit
sushi_a,2385,fit
sushi_a,4673,fit
sushi_a,3206,fit
sushi_a,4718,fit
sushi_a,2735,fit
sushi_a,3267,fit
sushi_a,3024,fit
sushi_a,3940,fit
sushi_a,3687,fit
sushi_a,1880,fit
sushi_a,3568,fit
sushi_a,770,fit
sushi_a,2007,fit
sushi_a,4028,fit
sushi_a,3395,fit
sushi_a,1395,fit
sushi_a,4173,fit
sushi_a,628,fit
sushi_a,2970,fit
sushi_a,2993,fit
sushi_a,4270,fit
sushi_a,1982,fit
sushi_a,513,fit
sushi_a,1277,fit
sushi_a,1154,fit
sushi_a,1862,fit
sushi_a,3555,fit
sushi_a,2851,fit
sushi_a,391,fit
sushi_a,89,fit
sushi_a,1059,fit
sushi_a,575,fit
sushi_a,2094,fit
sushi_a,2033,fit
sushi_a,1543,fit
sushi_a,775,fit
sushi_a,2164,fit
sushi_a,470,fit
sushi_a,2425,fit
sushi_a,3100,fit
sushi_a,3924,fit
sushi_a,1756,fit
sushi_a,4286,fit
sushi_a,1711,fit
sushi_a,3913,fit
sushi_a,1285,fit
sushi_a,4944,fit
sushi_a,1226,fit
sushi_a,3440,fit
sushi_a,382,fit
sushi_a,276,fit
sushi_a,667,fit
sushi_a,3912,fit
sushi_a,2480,fit
sushi_a,2091,fit
sushi_a,3959,fit
sushi_a,578,fit
sushi_a,843,fit
sushi_a,286,fit
sushi_a,2133,fit
sushi_a,2458,fit
sushi_a,1065,fit
sushi_a,2724,fit
sushi_a,493,fit
sushi_a,3233,fit
sushi_a,3232,fit
sushi_a,2557,fit
sushi_a,3251,fit
sushi_a,931,fit
sushi_a,4883,fit
sushi_a,4191,fit
sushi_a,1179,fit
sushi_a,1853,fit
sushi_a,247,fit
sushi_a,1335,fit
sushi_a,2803,fit
sushi_a,1719,fit
sushi_a,2790,fit
sushi_a,571,fit
sushi_a,3223,fit
sushi_a,1282,fit
sushi_a,1920,fit
sushi_a,4450,fit
sushi_a,2864,fit
sushi_a,2857,fit
sushi_a,4888,fit
sushi_a,4126,fit
sushi_a,1599,fit
sushi_a,3266,fit
sushi_a,1720,fit
sushi_a,973,fit
sushi_a,1163,fit
sushi_a,4120,fit
sushi_a,1027,fit
sushi_a,2739,fit
sushi_a,3221,fit
sushi_a,2281,fit
sushi_a,1198,fit
sushi_a,1814,fit
sushi_a,4305,fit
sushi_a,731,fit
sushi_a,4462,fit
sushi_a,4364,fit
sushi_a,3660,fit
sushi_a,2302,fit
sushi_a,3711,fit
sushi_a,2231,fit
sushi_a,2014,fit
sushi_a,1312,fit
sushi_a,634,fit
sushi_a,2023,fit
sushi_a,2320,fit
sushi_a,4708,fit
sushi_a,1498,fit
sushi_a,3059,fit
sushi_a,4059,fit
sushi_a,1333,fit
sushi_a,158,fit
sushi_a,1045,fit
sushi_a,4701,fit
sushi_a,3769,fit
sushi_a,2733,fit
sushi_a,744,fit
sushi_a,3381,fit
sushi_a,647,fit
sushi_a,4867,fit
sushi_a,3721,fit
sushi_a,1438,fit
sushi_a,2941,fit
sushi_a,4659,fit
sushi_a,3996,fit
sushi_a,2460,fit
sushi_a,1595,fit
sushi_a,2439,fit
sushi_a,2659,fit
sushi_a,477,fit
sushi_a,4401,fit
sushi_a,4712,fit
sushi_a,1069,fit
sushi_a,1083,fit
sushi_a,1298,fit
sushi_a,1267,fit
sushi_a,2623,fit
sushi_a,4312,fit
sushi_a,4789,fit
sushi_a,869,fit
sushi_a,4140,fit
sushi_a,4766,fit
sushi_a,639,fit
sushi_a,4004,fit
sushi_a,3165,fit
sushi_a,3055,fit
sushi_a,902,fit
sushi_a,96,fit
sushi_a,3876,fit
sushi_a,318,fit
sushi_a,3068,fit
sushi_a,2298,fit
sushi_a,1939,fit
sushi_a,3787,fit
sushi_a,4650,fit
sushi_a,2653,fit
sushi_a,1777,fit
sushi_a,3987,fit
sushi_a,4181,fit
sushi_a,4692,fit
sushi_a,2740,fit
sushi_a,261,fit
sushi_a,2730,fit
sushi_a,2249,fit
sushi_a,1863,fit
sushi_a,2082,fit
sushi_a,927,fit
sushi_a,2818,fit
sushi_a,4684,fit
sushi_a,3703,fit
sushi_a,415,fit
sushi_a,4203,fit
sushi_a,2312,fit
sushi_a,4592,fit
sushi_a,4962,fit
sushi_a,1605,fit
sushi_a,4045,fit
sushi_a,79,fit
sushi_a,3268,fit
sushi_a,4757,fit
sushi_a,952,fit
sushi_a,1201,fit
sushi_a,583,fit
sushi_a,1867,fit
sushi_a,1430,fit
sushi_a,3953,fit
sushi_a,609,fit
sushi_a,1237,fit
sushi_a,1623,fit
sushi_a,4471,fit
sushi_a,2771,fit
sushi_a,751,fit
sushi_a,2273,fit
sushi_a,4923,fit
sushi_a,4009,fit
sushi_a,3254,fit
sushi_a,1997,fit
sushi_a,150,fit
sushi_a,4777,fit
sushi_a,1229,fit
sushi_a,4636,fit
sushi_a,543,fit
sushi_a,1387,fit
sushi_a,4071,fit
sushi_a,302,fit
sushi_a,3762,fit
sushi_a,4343,fit
sushi_a,3647,fit
sushi_a,3479,fit
sushi_a,2508,fit
sushi_a,918,fit
sushi_a,4522,fit
sushi_a,3005,fit
sushi_a,1317,fit
sushi_a,4160,fit
sushi_a,213,fit
sushi_a,2559,fit
sushi_a,1812,fit
sushi_a,2689,fit
sushi_a,1905,fit
sushi_a,8,fit
sushi_a,1375,fit
sushi_a,2400,fit
sushi_a,132,fit
sushi_a,887,fit
sushi_a,929,fit
sushi_a,2069,fit
sushi_a,1536,fit
sushi_a,2177,fit
sushi_a,4102,fit
sushi_a,3028,fit
sushi_a,4335,fit
sushi_a,4856,fit
sushi_a,3299,fit
sushi_a,1459,fit
sushi_a,4046,fit
sushi_a,268,fit
sushi_a,1638,fit
sushi_a,134,fit
sushi_a,2299,fit
sushi_a,908,fit
sushi_a,2246,fit
sushi_a,3203,fit
sushi_a,1738,fit
sushi_a,4869,fit
sushi_a,1774,fit
sushi_a,115,fit
sushi_a,3735,fit
sushi_a,991,fit
sushi_a,38,fit
sushi_a,4499,fit
sushi_a,204,fit
sushi_a,1530,fit
sushi_a,4666,fit
sushi_a,1606,fit
sushi_a,2090,fit
sushi_a,3443,fit
sushi_a,4710,fit
sushi_a,3914,fit
sushi_a,2063,fit
sushi_a,3823,fit
sushi_a,2413,fit
sushi_a,632,fit
sushi_a,2297,fit
sushi_a,721,fit
sushi_a,3988,fit
sushi_a,4032,fit
sushi_a,4670,fit
sushi_a,3508,fit
sushi_a,2290,fit
sushi_a,4493,fit
sushi_a,3384,fit
sushi_a,2487,fit
sushi_a,4124,fit
sushi_a,464,fit
sushi_a,4694,fit
sushi_a,1394,fit
sushi_a,684,fit
sushi_a,2386,fit
sushi_a,2061,fit
sushi_a,1593,fit
sushi_a,4273,fit
sushi_a,62,fit
sushi_a,4455,fit
sushi_a,4377,fit
sushi_a,212,fit
sushi_a,4349,fit
sushi_a,1540,fit
sushi_a,3220,fit
sushi_a,1352,fit
sushi_a,3582,fit
sushi_a,1628,fit
sushi_a,2520,fit
sushi_a,3927,fit
sushi_a,1314,fit
sushi_a,2452,fit
sushi_a,1533,fit
sushi_a,51,fit
sushi_a,4387,fit
sushi_a,1601,fit
sushi_a,4997,fit
sushi_a,4426,fit
sushi_a,4686,fit
sushi_a,3310,fit
sushi_a,4189,fit
sushi_a,777,fit
sushi_a,1673,fit
sushi_a,540,fit
sushi_a,4743,fit
sushi_a,1076,fit
sushi_a,2219,fit
sushi_a,1640,fit
sushi_a,1694,fit
sushi_a,4959,fit
sushi_a,3084,fit
sushi_a,4678,fit
sushi_a,2745,fit
sushi_a,72,fit
sushi_a,4360,fit
sushi_a,4562,fit
sushi_a,1070,fit
sushi_a,4144,fit
sushi_a,2202,fit
sushi_a,225,fit
sushi_a,4953,fit
sushi_a,6,fit
sushi_a,3860,fit
sushi_a,2813,fit
sushi_a,30,fit
sushi_a,417,fit
sushi_a,4487,fit
sushi_a,3336,fit
sushi_a,36,fit
sushi_a,4057,fit
sushi_a,243,fit
sushi_a,1653,fit
sushi_a,1759,fit
sushi_a,407,fit
sushi_a,1712,fit
sushi_a,173,fit
sushi_a,4632,fit
sushi_a,1856,fit
sushi_a,172,fit
sushi_a,277,fit
sushi_a,2287,fit
sushi_a,2936,fit
sushi_a,4424,fit
sushi_a,4234,fit
sushi_a,3612,fit
sushi_a,68,fit
sushi_a,2002,fit
sushi_a,1450,fit
sushi_a,1801,fit
sushi_a,2702,fit
sushi_a,3954,fit
sushi_a,2124,fit
sushi_a,1898,fit
sushi_a,457,fit
sushi_a,3574,fit
sushi_a,2170,fit
sushi_a,175,fit
sushi_a,1489,fit
sushi_a,1189,fit
sushi_a,806,fit
sushi_a,2984,fit
sushi_a,4043,fit
sushi_a,1983,fit
sushi_a,3684,fit
sushi_a,2821,fit
sushi_a,3459,fit
sushi_a,3175,fit
sushi_a,610,fit
sushi_a,4383,fit
sushi_a,911,fit
sushi_a,3426,fit
sushi_a,2568,fit
sushi_a,2591,fit
sushi_a,585,fit
sushi_a,4175,fit
sushi_a,1469,fit
sushi_a,1717,fit
sushi_a,1965,fit
sushi_a,4500,fit
sushi_a,4097,fit
sushi_a,1945,fit
sushi_a,761,fit
sushi_a,1279,fit
sushi_a,2338,fit
sushi_a,1448,fit
sushi_a,4268,fit
sushi_a,4764,fit
sushi_a,4350,fit
sushi_a,4478,fit
sushi_a,4327,fit
sushi_a,499,fit
sushi_a,741,fit
sushi_a,2544,fit
sushi_a,897,fit
sushi_a,2786,fit
sushi_a,1170,fit
sushi_a,3188,fit
sushi_a,2334,fit
sushi_a,3592,fit
sushi_a,1058,fit
sushi_a,2584,fit
sushi_a,821,fit
sushi_a,748,fit
sushi_a,1925,fit
sushi_a,3374,fit
sushi_a,2507,fit
sushi_a,4526,fit
sushi_a,1247,fit
sushi_a,4501,fit
sushi_a,4543,fit
sushi_a,1819,fit
sushi_a,1143,fit
sushi_a,3812,fit
sushi_a,4098,fit
sushi_a,4611,fit
sushi_a,3890,fit
sushi_a,707,fit
sushi_a,2442,fit
sushi_a,3968,fit
sushi_a,1055,fit
sushi_a,3905,fit
sushi_a,1745,fit
sushi_a,894,fit
sushi_a,1463,fit
sushi_a,4542,fit
sushi_a,2495,fit
sushi_a,4747,fit
sushi_a,4519,fit
sushi_a,3204,fit
sushi_a,2336,fit
sushi_a,4804,fit
sushi_a,4066,fit
sushi_a,2509,fit
sushi_a,112,fit
sushi_a,1443,fit
sushi_a,2248,fit
sushi_a,4136,fit
sushi_a,4202,fit
sushi_a,2036,fit
sushi_a,4752,fit
sushi_a,3017,fit
sushi_a,2344,fit
sushi_a,1210,fit
sushi_a,3034,fit
sushi_a,2441,fit
sushi_a,2910,fit
sushi_a,3895,fit
sushi_a,59,fit
sushi_a,2726,fit
sushi_a,2315,fit
sushi_a,683,fit
sushi_a,3289,fit
sushi_a,1479,fit
sushi_a,3664,fit
sushi_a,1353,fit
sushi_a,4668,fit
sushi_a,677,fit
sushi_a,3826,fit
sushi_a,1971,fit
sushi_a,4551,fit
sushi_a,4656,fit
sushi_a,4113,fit
sushi_a,2375,fit
sushi_a,4662,fit
sushi_a,4253,fit
sushi_a,3044,fit
sushi_a,1926,fit
sushi_a,784,fit
sushi_a,3106,fit
sushi_a,1727,fit
sushi_a,291,fit
sushi_a,1671,fit
sushi_a,2295,fit
sushi_a,994,fit
sushi_a,130,fit
sushi_a,4904,fit
sushi_a,3414,fit
sushi_a,4228,fit
sushi_a,1477,fit
sushi_a,2766,fit
sushi_a,4749,fit
sushi_a,2538,fit
sushi_a,184,fit
sushi_a,4517,fit
sushi_a,430,fit
sushi_a,2992,fit
sushi_a,4325,fit
sushi_a,1516,fit
sushi_a,376,fit
sushi_a,4367,fit
sushi_a,1903,fit
sushi_a,3818,fit
sushi_a,369,fit
sushi_a,161,fit
sushi_a,60,fit
sushi_a,3563,fit
sushi_a,1246,fit
sushi_a,2825,fit
sushi_a,2802,fit
sushi_a,2563,fit
sushi_a,4245,fit
sushi_a,2550,fit
sushi_a,2633,fit
sushi_a,3375,fit
sushi_a,2895,fit
sushi_a,1002,fit
sushi_a,4060,fit
sushi_a,2106,fit
sushi_a,1843,fit
sushi_a,1935,fit
sushi_a,712,fit
sushi_a,4067,fit
sushi_a,3103,fit
sushi_a,2657,fit
sushi_a,3638,fit
sushi_a,3821,fit
sushi_a,3380,fit
sushi_a,675,fit
sushi_a,4787,fit
sushi_a,4128,fit
sushi_a,656,fit
sushi_a,4792,fit
sushi_a,2767,fit
sushi_a,4812,fit
sushi_a,754,fit
sushi_a,4354,fit
sushi_a,2642,fit
sushi_a,4591,fit
sushi_a,3632,fit
sushi_a,4369,fit
sushi_a,2974,fit
sushi_a,1998,fit
sushi_a,3891,fit
sushi_a,3228,fit
sushi_a,612,fit
sushi_a,323,fit
sushi_a,2032,fit
sushi_a,997,fit
sushi_a,2949,fit
sushi_a,1531,fit
sushi_a,4863,fit
sushi_a,3948,fit
sushi_a,2871,fit
sushi_a,2492,fit
sushi_a,2961,fit
sushi_a,1661,fit
sushi_a,2104,fit
sushi_a,4326,fit
sushi_a,2827,fit
sushi_a,3728,fit
sushi_a,3839,fit
sushi_a,1165,fit
sushi_a,3743,fit
sushi_a,4394,fit
sushi_a,3393,fit
sushi_a,4449,fit
sushi_a,1171,fit
sushi_a,3764,fit
sushi_a,394,fit
sushi_a,1555,fit
sushi_a,1505,fit
sushi_a,919,fit
sushi_a,607,fit
sushi_a,3124,fit
sushi_a,856,fit
sushi_a,4085,fit
sushi_a,976,fit
sushi_a,4549,fit
sushi_a,1153,fit
sushi_a,980,fit
sushi_a,4336,fit
sushi_a,1731,fit
sushi_a,882,fit
sushi_a,3606,fit
sushi_a,222,fit
sushi_a,2220,fit
sushi_a,4840,fit
sushi_a,3402,fit
sushi_a,977,fit
sushi_a,1541,fit
sushi_a,2056,fit
sushi_a,4406,fit
sushi_a,2636,fit
sushi_a,3734,fit
sushi_a,1137,fit
sushi_a,2132,fit
sushi_a,4504,fit
sushi_a,4283,fit
sushi_a,3123,fit
sushi_a,2583,fit
sushi_a,4805,fit
sushi_a,876,fit
sushi_a,695,fit
sushi_a,641,fit
sushi_a,3758,fit
sushi_a,1587,fit
sushi_a,4242,fit
sushi_a,142,fit
sushi_a,4275,fit
sushi_a,4330,fit
sushi_a,1539,fit
sushi_a,4389,fit
sushi_a,1046,fit
sushi_a,265,fit
sushi_a,1950,fit
sushi_a,4454,fit
sushi_a,557,fit
sushi_a,3370,fit
sushi_a,235,fit
sushi_a,439,fit
sushi_a,3367,fit
sushi_a,356,fit
sushi_a,4690,fit
sushi_a,3977,fit
sushi_a,1351,fit
sushi_a,2876,fit
sushi_a,3328,fit
sushi_a,2708,fit
sushi_a,3468,fit
sushi_a,3835,fit
sushi_a,3945,fit
sushi_a,3131,fit
sushi_a,3874,fit
sushi_a,263,fit
sushi_a,4192,fit
sushi_a,2656,fit
sushi_a,2696,fit
sushi_a,4362,fit
sushi_a,3436,fit
sushi_a,2624,fit
sushi_a,192,fit
sushi_a,3404,fit
sushi_a,2048,fit
sushi_a,954,fit
sushi_a,206,fit
sushi_a,4901,fit
sushi_a,4083,fit
sushi_a,4915,fit
sushi_a,1963,fit
sushi_a,3292,fit
sushi_a,1778,fit
sushi_a,349,fit
sushi_a,827,fit
sushi_a,1260,fit
sushi_a,428,fit
sushi_a,617,fit
sushi_a,1514,fit
sushi_a,186,fit
sushi_a,2830,fit
sushi_a,1860,fit
sushi_a,4618,fit
sushi_a,2080,fit
sushi_a,1300,fit
sushi_a,3822,fit
sushi_a,1841,fit
sushi_a,3585,fit
sushi_a,4005,fit
sushi_a,1466,fit
sushi_a,471,fit
sushi_a,3451,fit
sushi_a,4472,fit
sushi_a,2377,fit
sushi_a,4441,fit
sushi_a,566,fit
sushi_a,2676,fit
sushi_a,1740,fit
sushi_a,3670,fit
sushi_a,3546,fit
sushi_a,2823,fit
sushi_a,316,fit
sushi_a,2238,fit
sushi_a,2440,fit
sushi_a,3324,fit
sushi_a,2868,fit
sushi_a,4897,fit
sushi_a,613,fit
sushi_a,2186,fit
sushi_a,202,fit
sushi_a,3808,fit
sushi_a,3185,fit
sushi_a,174,fit
sushi_a,159,fit
sushi_a,930,fit
sushi_a,1666,fit
sushi_a,3224,fit
sushi_a,1093,fit
sushi_a,290,fit
sushi_a,3078,fit
sushi_a,4014,fit
sushi_a,4481,fit
sushi_a,2640,fit
sushi_a,3943,fit
sushi_a,16,fit
sushi_a,2135,fit
sushi_a,4874,fit
sushi_a,360,fit
sushi_a,1696,fit
sushi_a,1293,fit
sushi_a,3302,fit
sushi_a,3298,fit
sushi_a,3452,fit
sushi_a,4135,fit
sushi_a,2674,fit
sushi_a,537,fit
sushi_a,227,fit
sushi_a,1336,fit
sushi_a,1800,fit
sushi_a,950,fit
sushi_a,66,fit
sushi_a,4836,fit
sushi_a,2576,fit
sushi_a,898,fit
sushi_a,210,fit
sushi_a,4339,fit
sushi_a,63,fit
sushi_a,3539,fit
sushi_a,4459,fit
sushi_a,2199,fit
sushi_a,2165,fit
sushi_a,1765,fit
sushi_a,1422,fit
sushi_a,1338,fit
sushi_a,3036,fit
sushi_a,313,fit
sushi_a,3075,fit
sushi_a,4309,fit
sushi_a,1520,fit
sushi_a,1363,fit
sushi_a,3340,fit
sushi_a,329,fit
sushi_a,4979,fit
sushi_a,2252,fit
sushi_a,3035,fit
sushi_a,454,fit
sushi_a,914,fit
sushi_a,3942,fit
sushi_a,4555,fit
sushi_a,2364,fit
sushi_a,1348,fit
sushi_a,4494,fit
sushi_a,2695,fit
sushi_a,2968,fit
sushi_a,2087,fit
sushi_a,4829,fit
sushi_a,4970,fit
sushi_a,2781,fit
sushi_a,4177,fit
sushi_a,1508,fit
sushi_a,4111,fit
sushi_a,4976,fit
sushi_a,1095,fit
sushi_a,604,fit
sushi_a,3213,fit
sushi_a,1280,fit
sushi_a,4259,fit
sushi_a,877,fit
sushi_a,2445,fit
sushi_a,3358,fit
sushi_a,4498,fit
sushi_a,1809,fit
sushi_a,2265,fit
sushi_a,4217,fit
sushi_a,4739,fit
sushi_a,4558,fit
sushi_a,4161,fit
sushi_a,2397,fit
sushi_a,1191,fit
sushi_a,2317,fit
sushi_a,4930,fit
sushi_a,4937,fit
sushi_a,298,fit
sushi_a,772,fit
sushi_a,1644,fit
sushi_a,1808,fit
sushi_a,2815,fit
sushi_a,4573,fit
sushi_a,3781,fit
sushi_a,2157,fit
sushi_a,753,fit
sushi_a,2976,fit
sushi_a,4361,fit
sushi_a,2776,fit
sushi_a,2121,fit
sushi_a,3087,fit
sushi_a,2637,fit
sushi_a,4404,fit
sushi_a,2545,fit
sushi_a,3971,fit
sushi_a,4891,fit
sushi_a,2115,fit
sushi_a,3869,fit
sushi_a,4282,fit
sushi_a,2194,fit
sushi_a,3342,fit
sushi_a,526,fit
sushi_a,4799,fit
sushi_a,1772,fit
sushi_a,9,fit
sushi_a,3094,fit
sushi_a,3864,fit
sushi_a,31,fit
sushi_a,3931,fit
sushi_a,1803,fit
sushi_a,2346,fit
sushi_a,3272,fit
sushi_a,2904,fit
sushi_a,2752,fit
sushi_a,1440,fit
sushi_a,1476,fit
sushi_a,4436,fit
sushi_a,3946,fit
sushi_a,3438,fit
sushi_a,3972,fit
sushi_a,2575,fit
sushi_a,4550,fit
sushi_a,1164,fit
sushi_a,4235,fit
sushi_a,4820,fit
sushi_a,4185,fit
sushi_a,2546,fit
sushi_a,2045,fit
sushi_a,224,fit
sushi_a,1073,fit
sushi_a,1250,fit
sushi_a,3723,fit
sushi_a,2564,fit
sushi_a,4029,fit
sushi_a,2841,fit
sushi_a,2892,fit
sushi_a,287,fit
sushi_a,1515,fit
sushi_a,2782,fit
sushi_a,3593,fit
sushi_a,460,fit
sushi_a,3843,fit
sushi_a,1873,fit
sushi_a,3264,fit
sushi_a,3862,fit
sushi_a,4837,fit
sushi_a,3556,fit
sushi_a,4855,fit
sushi_a,948,fit
sushi_a,1553,fit
sushi_a,2548,fit
sushi_a,1781,fit
sushi_a,542,fit
sushi_a,3357,fit
sushi_a,3471,fit
sushi_a,3629,fit
sushi_a,2313,fit
sushi_a,2404,fit
sushi_a,152,fit
sushi_a,2759,fit
sushi_a,2353,fit
sushi_a,2975,fit
sushi_a,2062,fit
sushi_a,3460,fit
sushi_a,2489,fit
sushi_a,2944,fit
sushi_a,1928,fit
sushi_a,1967,fit
sushi_a,785,fit
sushi_a,3831,fit
sushi_a,1359,fit
sushi_a,3311,fit
sushi_a,506,fit
sushi_a,4604,fit
sushi_a,4263,fit
sushi_a,3051,fit
sushi_a,4022,fit
sushi_a,3043,fit
sushi_a,3039,fit
sushi_a,1586,fit
sushi_a,1915,fit
sushi_a,1750,fit
sushi_a,2939,fit
sushi_a,156,fit
sushi_a,4184,fit
sushi_a,2038,fit
sushi_a,4382,fit
sushi_a,293,fit
sushi_a,4547,fit
sushi_a,191,fit
sushi_a,4244,fit
sushi_a,90,fit
sushi_a,4300,fit
sushi_a,2666,fit
sushi_a,2409,fit
sushi_a,2833,fit
sushi_a,3472,fit
sushi_a,1404,fit
sushi_a,2652,fit
sushi_a,4271,fit
sushi_a,3706,fit
sushi_a,444,fit
sushi_a,3736,fit
sushi_a,2463,fit
sushi_a,3636,fit
sushi_a,1594,fit
sushi_a,3305,fit
sushi_a,3573,fit
sushi_a,128,fit
sushi_a,4631,fit
sushi_a,3209,fit
sushi_a,4138,fit
sushi_a,4208,fit
sushi_a,2086,fit
sushi_a,2881,fit
sushi_a,1086,fit
sushi_a,2551,fit
sushi_a,923,fit
sushi_a,718,fit
sushi_a,669,fit
sushi_a,3925,fit
sushi_a,4554,fit
sushi_a,164,fit
sushi_a,1973,fit
sushi_a,3372,fit
sushi_a,3063,fit
sushi_a,750,fit
sushi_a,3413,fit
sushi_a,3961,fit
sushi_a,791,fit
sushi_a,325,fit
sushi_a,1749,fit
sushi_a,951,fit
sushi_a,3361,fit
sushi_a,2486,fit
sushi_a,4103,fit
sushi_a,2523,fit
sushi_a,631,fit
sushi_a,555,fit
sushi_a,1600,fit
sushi_a,1951,fit
sushi_a,620,fit
sushi_a,4893,fit
sushi_a,2800,fit
sushi_a,1125,fit
sushi_a,3865,fit
sushi_a,1464,fit
sushi_a,3523,fit
sushi_a,40,fit
sushi_a,1023,fit
sushi_a,711,fit
sushi_a,1534,fit
sushi_a,1141,fit
sushi_a,4894,fit
sushi_a,3986,fit
sushi_a,4452,fit
sushi_a,4514,fit
sushi_a,959,fit
sushi_a,4288,fit
sushi_a,2283,fit
sushi_a,4490,fit
sushi_a,1771,fit
sushi_a,4213,fit
sushi_a,3662,fit
sushi_a,4297,fit
sushi_a,4363,fit
sushi_a,3420,fit
sushi_a,2756,fit
sushi_a,2677,fit
sushi_a,831,fit
sushi_a,611,fit
sushi_a,3640,fit
sushi_a,2456,fit
sushi_a,2723,fit
sushi_a,2681,fit
sushi_a,3775,fit
sushi_a,2672,fit
sushi_a,2232,fit
sushi_a,3829,fit
sushi_a,237,fit
sushi_a,4108,fit
sushi_a,129,fit
sushi_a,553,fit
sushi_a,3569,fit
sushi_a,4513,fit
sushi_a,3509,fit
sushi_a,4093,fit
sushi_a,1468,fit
sushi_a,3607,fit
sushi_a,1906,fit
sushi_a,1427,fit
sushi_a,3129,fit
sushi_a,849,fit
sushi_a,1947,fit
sushi_a,713,fit
sushi_a,957,fit
sushi_a,2004,fit
sushi_a,3578,fit
sushi_a,2114,fit
sushi_a,3347,fit
sushi_a,1703,fit
sushi_a,2191,fit
sushi_a,1068,fit
sushi_a,1014,fit
sushi_a,2076,fit
sushi_a,1985,fit
sushi_a,1108,fit
sushi_a,3535,fit
sushi_a,372,fit
sushi_a,4961,fit
sushi_a,1128,fit
sushi_a,4155,fit
sushi_a,497,fit
sushi_a,214,fit
sushi_a,3760,fit
sushi_a,1481,fit
sushi_a,4395,fit
sushi_a,271,fit
sushi_a,4104,fit
sushi_a,2015,fit
sushi_a,4614,fit
sushi_a,459,fit
sushi_a,3259,fit
sushi_a,2658,fit
sushi_a,4509,fit
sushi_a,3907,fit
sushi_a,1668,fit
sushi_a,2753,fit
sushi_a,1113,fit
sushi_a,3146,fit
sushi_a,2877,fit
sushi_a,4927,fit
sushi_a,1604,fit
sushi_a,4077,fit
sushi_a,2779,fit
sushi_a,1364,fit
sushi_a,403,fit
sushi_a,4290,fit
sushi_a,2905,fit
sushi_a,3222,fit
sushi_a,955,fit
sushi_a,350,fit
sushi_a,1022,fit
sushi_a,2098,fit
sushi_a,368,fit
sushi_a,1354,fit
sushi_a,4291,fit
sushi_a,3144,fit
sushi_a,2300,fit
sushi_a,1791,fit
sushi_a,53,fit
sushi_a,710,fit
sushi_a,963,fit
sushi_a,2074,fit
sushi_a,310,fit
sushi_a,704,fit
sushi_a,4841,fit
sushi_a,353,fit
sushi_a,1271,fit
sushi_a,525,fit
sushi_a,2849,fit
sushi_a,2228,fit
sushi_a,2479,fit
sushi_a,4518,fit
sushi_a,1701,fit
sushi_a,998,fit
sushi_a,3109,fit
sushi_a,594,fit
sushi_a,420,fit
sushi_a,2213,fit
sushi_a,1499,fit
sushi_a,411,fit
sushi_a,1933,fit
sushi_a,4999,fit
sushi_a,4729,fit
sushi_a,133,fit
sushi_a,3293,fit
sushi_a,2092,fit
sushi_a,3001,fit
sushi_a,2572,fit
sushi_a,2011,fit
sushi_a,3339,fit
sushi_a,1887,fit
sushi_a,900,fit
sushi_a,3696,fit
sushi_a,2884,fit
sushi_a,500,fit
sushi_a,1930,fit
sushi_a,3290,fit
sushi_a,1917,fit
sushi_a,4061,fit
sushi_a,253,fit
sushi_a,289,fit
sushi_a,2994,fit
sushi_a,3813,fit
sushi_a,4626,fit
sushi_a,3210,fit
sushi_a,2006,fit
sushi_a,3026,fit
sushi_a,1566,fit
sushi_a,1842,fit
sushi_a,3567,fit
sushi_a,4130,fit
sushi_a,4168,fit
sushi_a,1252,fit
sushi_a,4842,fit
sushi_a,4879,fit
sushi_a,4199,fit
sushi_a,4058,fit
sushi_a,409,fit
sushi_a,4908,fit
sushi_a,4318,fit
sushi_a,2819,fit
sushi_a,1937,fit
sushi_a,364,fit
sushi_a,767,fit
sushi_a,4974,fit
sushi_a,3279,fit
sushi_a,1396,fit
sushi_a,3561,fit
sushi_a,2920,fit
sushi_a,3902,fit
sushi_a,3403,fit
sushi_a,4434,fit
sushi_a,3023,fit
sushi_a,3717,fit
sushi_a,978,fit
sushi_a,4521,fit
sushi_a,3645,fit
sushi_a,2401,fit
sushi_a,3423,fit
sushi_a,2025,fit
sushi_a,3352,fit
sushi_a,3587,fit
sushi_a,4148,fit
sushi_a,1744,fit
sushi_a,2103,fit
sushi_a,3424,fit
sushi_a,2255,fit
sushi_a,1572,fit
sushi_a,1851,fit
sushi_a,2883,fit
sushi_a,1007,fit
sushi_a,3362,fit
sushi_a,4215,fit
sushi_a,4597,fit
sushi_a,3313,fit
sushi_a,1608,fit
sushi_a,4025,fit
sushi_a,2746,fit
sushi_a,3401,fit
sushi_a,4474,fit
sushi_a,1324,fit
sushi_a,3134,fit
sushi_a,3562,fit
sushi_a,4516,fit
sushi_a,4532,fit
sushi_a,1393,fit
sushi_a,4112,fit
sushi_a,2205,fit
sushi_a,3070,fit
sushi_a,1332,fit
sushi_a,1837,fit
sushi_a,627,fit
sushi_a,1401,fit
sushi_a,3258,fit
sushi_a,3136,fit
sushi_a,1747,fit
sushi_a,3057,fit
sushi_a,2778,fit
sushi_a,1529,fit
sushi_a,4583,fit
sushi_a,3125,fit
sushi_a,1207,fit
sushi_a,2444,fit
sushi_a,804,fit
sushi_a,3685,fit
sushi_a,3666,fit
sushi_a,3710,fit
sushi_a,3056,fit
sushi_a,1379,fit
sushi_a,2661,fit
sushi_a,4971,fit
sushi_a,4981,fit
sushi_a,2553,fit
sushi_a,1402,fit
sushi_a,3653,fit
sushi_a,2047,fit
sushi_a,4465,fit
sushi_a,3537,fit
sushi_a,1019,fit
sushi_a,3029,fit
sushi_a,57,fit
sushi_a,1266,fit
sushi_a,4637,fit
sushi_a,3049,fit
sushi_a,1030,fit
sushi_a,1235,fit
sushi_a,2612,fit
sushi_a,861,fit
sushi_a,4438,fit
sushi_a,4770,fit
sushi_a,3097,fit
sushi_a,4506,fit
sushi_a,4703,fit
sushi_a,2750,fit
sushi_a,4194,fit
sushi_a,3118,fit
sushi_a,4129,fit
sushi_a,4537,fit
sushi_a,1563,fit
sushi_a,127,fit
sushi_a,1576,fit
sushi_a,2027,fit
sushi_a,2410,fit
sushi_a,4003,fit
sushi_a,4289,fit
sushi_a,104,fit
sushi_a,505,fit
sushi_a,2613,fit
sushi_a,97,fit
sushi_a,896,fit
sushi_a,2684,fit
sushi_a,102,fit
sushi_a,4926,fit
sushi_a,1565,fit
sushi_a,1675,fit
sushi_a,1158,fit
sushi_a,4909,fit
sushi_a,1066,fit
sushi_a,85,fit
sushi_a,830,fit
sushi_a,3697,fit
sushi_a,2181,fit
sushi_a,780,fit
sushi_a,348,fit
sushi_a,1150,fit
sushi_a,380,fit
sushi_a,3586,fit
sushi_a,3702,fit
sushi_a,1641,fit
sushi_a,4221,fit
sushi_a,3611,fit
sushi_a,3806,fit
sushi_a,478,fit
sushi_a,4699,fit
sushi_a,899,fit
sushi_a,4640,fit
sushi_a,3418,fit
sushi_a,1112,fit
sushi_a,3470,fit
sushi_a,1844,fit
sushi_a,1715,fit
sushi_a,3901,fit
sushi_a,2426,fit
sushi_a,653,fit
sushi_a,588,fit
sushi_a,1528,fit
sushi_a,1398,fit
sushi_a,221,fit
sushi_a,2772,fit
sushi_a,533,fit
sushi_a,3548,fit
sushi_a,3873,fit
sushi_a,441,fit
sushi_a,377,fit
sushi_a,2832,fit
sushi_a,4287,fit
sushi_a,2276,fit
sushi_a,3262,fit
sushi_a,46,fit
sushi_a,1649,fit
sushi_a,4630,fit
sushi_a,4431,fit
sushi_a,389,fit
sushi_a,3406,fit
sushi_a,3827,fit
sushi_a,3371,fit
sushi_a,2530,fit
sushi_a,1383,fit
sushi_a,925,fit
sushi_a,2381,fit
sushi_a,3457,fit
sushi_a,170,fit
sushi_a,3038,fit
sushi_a,4706,fit
sushi_a,3333,fit
sushi_a,2392,fit
sushi_a,240,fit
sushi_a,1626,fit
sushi_a,3957,fit
sushi_a,434,fit
sushi_a,599,fit
sushi_a,2013,fit
sushi_a,1012,fit
sushi_a,975,fit
sushi_a,3239,fit
sushi_a,3520,fit
sushi_a,3975,fit
sushi_a,2980,fit
sushi_a,1315,fit
sushi_a,2785,fit
sushi_a,4814,fit
sushi_a,742,fit
sushi_a,406,fit
sushi_a,1051,fit
sushi_a,2339,fit
sushi_a,3842,fit
sushi_a,676,fit
sushi_a,3202,fit
sushi_a,888,fit
sushi_a,1598,fit
sushi_a,2378,fit
sushi_a,4011,fit
sushi_a,2963,fit
sushi_a,515,fit
sushi_a,1446,fit
sushi_a,3761,fit
sushi_a,2645,fit
sushi_a,366,fit
sushi_a,939,fit
sushi_a,4775,fit
sushi_a,1426,fit
sushi_a,974,fit
sushi_a,241,fit
sushi_a,1406,fit
sushi_a,4081,fit
sushi_a,3969,fit
sushi_a,4015,fit
sushi_a,3521,fit
sushi_a,4223,fit
sushi_a,3291,fit
sushi_a,1874,fit
sushi_a,4991,fit
sushi_a,4468,fit
sushi_a,514,fit
sushi_a,2958,fit
sushi_a,466,fit
sushi_a,469,fit
sushi_a,3532,fit
sushi_a,4154,fit
sushi_a,3441,fit
sushi_a,867,fit
sushi_a,1829,fit
sushi_a,4544,fit
sushi_a,4653,fit
sushi_a,4705,fit
sushi_a,2394,fit
sushi_a,3615,fit
sushi_a,404,fit
sushi_a,126,fit
sushi_a,1017,fit
sushi_a,3897,fit
sushi_a,3163,fit
sushi_a,1462,fit
sushi_a,1940,fit
sushi_a,3651,fit
sushi_a,3626,fit
sushi_a,3400,fit
sushi_a,2166,fit
sushi_a,3108,fit
sushi_a,892,fit
sushi_a,4675,fit
sushi_a,1730,fit
sushi_a,1149,fit
sushi_a,768,fit
sushi_a,4827,fit
sushi_a,4091,fit
sushi_a,2319,fit
sushi_a,1762,fit
sushi_a,217,fit
sushi_a,4393,fit
sushi_a,2303,fit
sushi_a,4663,fit
sushi_a,3464,fit
sushi_a,3191,fit
sushi_a,15,fit
sushi_a,3958,fit
sushi_a,296,fit
sushi_a,4720,fit
sushi_a,4711,fit
sushi_a,579,fit
sushi_a,4183,fit
sushi_a,333,fit
sushi_a,4615,fit
sushi_a,949,fit
sushi_a,1346,fit
sushi_a,3147,fit
sushi_a,4,fit
sushi_a,4423,fit
sushi_a,3872,fit
sushi_a,541,fit
sushi_a,4503,fit
sushi_a,4196,fit
sushi_a,146,fit
sushi_a,3853,fit
sushi_a,4685,fit
sushi_a,3200,fit
sushi_a,1900,fit
sushi_a,4523,fit
sushi_a,1500,fit
sushi_a,3177,fit
sushi_a,4117,fit
sushi_a,2340,fit
sushi_a,144,fit
sushi_a,4627,fit
sushi_a,3153,fit
sushi_a,2474,fit
sushi_a,3379,fit
sushi_a,709,fit
sushi_a,4073,fit
sushi_a,1205,fit
sushi_a,1780,fit
sushi_a,1094,fit
sushi_a,2501,fit
sushi_a,3689,fit
sushi_a,2977,fit
sushi_a,1907,fit
sushi_a,3543,fit
sushi_a,3725,fit
sushi_a,3566,fit
sushi_a,2304,fit
sushi_a,907,fit
sushi_a,2635,fit
sushi_a,3332,fit
sushi_a,2473,fit
sushi_a,303,fit
sushi_a,4182,fit
sushi_a,135,fit
sushi_a,758,fit
sushi_a,1802,fit
sushi_a,2382,fit
sushi_a,2789,fit
sushi_a,2433,fit
sushi_a,328,fit
sushi_a,3944,fit
sushi_a,4310,fit
sushi_a,3410,fit
sushi_a,2329,fit
sushi_a,3667,fit
sushi_a,2955,fit
sushi_a,3105,fit
sushi_a,4143,fit
sushi_a,1420,fit
sushi_a,815,fit
sushi_a,4830,fit
sushi_a,2478,fit
sushi_a,3637,fit
sushi_a,2836,fit
sushi_a,2019,fit
sushi_a,3628,fit
sushi_a,1524,fit
sushi_a,1251,fit
sushi_a,1684,fit
sushi_a,3448,fit
sushi_a,4983,fit
sushi_a,1589,fit
sushi_a,4414,fit
sushi_a,3572,fit
sushi_a,1169,fit
sushi_a,2842,fit
sushi_a,3709,fit
sushi_a,378,fit
sushi_a,4372,fit
sushi_a,4089,fit
sushi_a,2146,fit
sushi_a,2878,fit
sushi_a,4715,fit
sushi_a,2251,fit
sushi_a,2608,fit
sushi_a,4645,fit
sushi_a,77,fit
sushi_a,45,fit
sushi_a,2632,fit
sushi_a,149,fit
sushi_a,3387,fit
sushi_a,2985,fit
sushi_a,1815,fit
sushi_a,2215,fit
sushi_a,3964,fit
sushi_a,3849,fit
sushi_a,554,fit
sushi_a,1319,fit
sushi_a,2337,fit
sushi_a,1924,fit
sushi_a,4190,fit
sushi_a,582,fit
sushi_a,3767,fit
sushi_a,2131,fit
sushi_a,2537,fit
sushi_a,42,fit
sushi_a,4744,fit
sushi_a,34,fit
sushi_a,2909,fit
sushi_a,2240,fit
sushi_a,2727,fit
sushi_a,4966,fit
sushi_a,757,fit
sushi_a,524,fit
sushi_a,3933,fit
sushi_a,509,fit
sushi_a,2522,fit
sushi_a,1494,fit
sushi_a,3160,fit
sushi_a,3337,fit
sushi_a,4824,fit
sushi_a,3951,fit
sushi_a,475,fit
sushi_a,2201,fit
sushi_a,3201,fit
sushi_a,2609,fit
sushi_a,1109,fit
sushi_a,3601,fit
sushi_a,201,fit
sushi_a,2896,fit
sushi_a,624,fit
sushi_a,3430,fit
sushi_a,3046,fit
sushi_a,2502,fit
sushi_a,2946,fit
sushi_a,2997,fit
sushi_a,2930,fit
sushi_a,2716,fit
sushi_a,320,fit
sushi_a,4738,fit
sushi_a,889,fit
sushi_a,790,fit
sushi_a,1570,fit
sushi_a,2109,fit
sushi_a,2399,fit
sushi_a,3995,fit
sushi_a,4171,fit
sushi_a,2795,fit
sushi_a,3276,fit
sushi_a,137,fit
sushi_a,2573,fit
sushi_a,4902,fit
sushi_a,2261,fit
sushi_a,1063,fit
sushi_a,932,fit
sushi_a,1996,fit
sushi_a,4206,fit
sushi_a,2667,fit
sushi_a,3176,fit
sushi_a,2482,fit
sushi_a,755,fit
sushi_a,2599,fit
sushi_a,3990,fit
sushi_a,3037,fit
sushi_a,1826,fit
sushi_a,4696,fit
sushi_a,1309,fit
sushi_a,947,fit
sushi_a,3533,fit
sushi_a,2950,fit
sushi_a,3378,fit
sushi_a,4552,fit
sushi_a,1927,fit
sushi_a,1037,fit
sushi_a,1155,fit
sushi_a,3558,fit
sushi_a,3870,fit
sushi_a,3524,fit
sushi_a,281,fit
sushi_a,4780,fit
sushi_a,4419,fit
sushi_a,3846,fit
sushi_a,47,fit
sushi_a,2982,fit
sushi_a,1074,fit
sushi_a,1728,fit
sushi_a,1723,fit
sushi_a,1110,fit
sushi_a,230,fit
sushi_a,2933,fit
sushi_a,574,fit
sushi_a,4347,fit
sushi_a,3552,fit
sushi_a,842,fit
sushi_a,1356,fit
sushi_a,4898,fit
sushi_a,2178,fit
sushi_a,2374,fit
sushi_a,1813,fit
sushi_a,1560,fit
sushi_a,78,fit
sushi_a,3903,fit
sushi_a,2960,fit
sushi_a,3803,fit
sushi_a,2562,fit
sushi_a,1064,fit
sushi_a,154,fit
sushi_a,2503,fit
sushi_a,3260,fit
sushi_a,2226,fit
sushi_a,1307,fit
sushi_a,1471,fit
sushi_a,3494,fit
sushi_a,4341,fit
sushi_a,4348,fit
sushi_a,3658,fit
sushi_a,3229,fit
sushi_a,4899,fit
sushi_a,769,fit
sushi_a,2729,fit
sushi_a,3792,fit
sushi_a,3800,fit
sushi_a,807,fit
sushi_a,3832,fit
sushi_a,1308,fit
sushi_a,4016,fit
sushi_a,2710,fit
sushi_a,512,fit
sushi_a,616,fit
sushi_a,4943,fit
sushi_a,552,fit
sushi_a,13,fit
sushi_a,2707,fit
sushi_a,1663,fit
sushi_a,2075,fit
sushi_a,1630,fit
sushi_a,1962,fit
sushi_a,2755,fit
sushi_a,2180,fit
sushi_a,1811,fit
sushi_a,2068,fit
sushi_a,449,fit
sushi_a,139,fit
sushi_a,3671,fit
sushi_a,3983,fit
sushi_a,3976,fit
sushi_a,760,fit
sushi_a,3614,fit
sushi_a,685,fit
sushi_a,4727,fit
sushi_a,569,fit
sushi_a,1569,fit
sushi_a,840,fit
sushi_a,2607,fit
sushi_a,2999,fit
sushi_a,3737,fit
sushi_a,4651,fit
sushi_a,1590,fit
sushi_a,1767,fit
sushi_a,937,fit
sushi_a,1412,fit
sushi_a,2972,fit
sushi_a,335,fit
sushi_a,1225,fit
sushi_a,1200,fit
sushi_a,1532,fit
sushi_a,2258,fit
sushi_a,3341,fit
sushi_a,4247,fit
sushi_a,2050,fit
sushi_a,1343,fit
sushi_a,1722,fit
sushi_a,17,fit
sushi_a,3801,fit
sushi_a,4257,fit
sushi_a,2898,fit
sushi_a,819,fit
sushi_a,1784,fit
sushi_a,2245,fit
sushi_a,3820,fit
sushi_a,1297,fit
sushi_a,4913,fit
sushi_a,3030,fit
sushi_a,2683,fit
sushi_a,1556,fit
sushi_a,1329,fit
sushi_a,2758,fit
sushi_a,4935,fit
sushi_a,2610,fit
sushi_a,2053,fit
sushi_a,1888,fit
sushi_a,2435,fit
sushi_a,4748,fit
sushi_a,4056,fit
sushi_a,3838,fit
sushi_a,4141,fit
sushi_a,4992,fit
sushi_a,2016,fit
sushi_a,1972,fit
sushi_a,1321,fit
sushi_a,1787,fit
sushi_a,1828,fit
sushi_a,895,fit
sushi_a,421,fit
sushi_a,3950,fit
sushi_a,1564,fit
sushi_a,3805,fit
sushi_a,860,fit
sushi_a,4338,fit
sushi_a,4603,fit
sushi_a,4480,fit
sushi_a,105,fit
sushi_a,1942,fit
sushi_a,181,fit
sushi_a,2872,fit
sushi_a,592,fit
sushi_a,608,fit
sushi_a,4408,fit
sushi_a,4998,fit
sushi_a,3937,fit
sushi_a,666,fit
sushi_a,2850,fit
sushi_a,1259,fit
sushi_a,1216,fit
sushi_a,698,fit
sushi_a,1057,fit
sushi_a,2089,fit
sushi_a,4858,fit
sushi_a,1702,fit
sushi_a,1899,fit
sushi_a,3288,fit
sushi_a,3516,fit
sushi_a,4641,fit
sushi_a,4733,fit
sushi_a,654,fit
sushi_a,2052,fit
sushi_a,1159,fit
sushi_a,1631,fit
sushi_a,4448,fit
sushi_a,3481,fit
sushi_a,383,fit
sushi_a,4859,fit
sushi_a,3900,fit
sushi_a,1042,fit
sushi_a,4405,fit
sushi_a,3133,fit
sushi_a,82,fit
sushi_a,1439,fit
sushi_a,2431,fit
sushi_a,3676,fit
sushi_a,244,fit
sushi_a,4719,fit
sushi_a,4388,fit
sushi_a,981,fit
sushi_a,3793,fit
sushi_a,906,fit
sushi_a,1254,fit
sushi_a,3095,fit
sushi_a,1461,fit
sushi_a,1855,fit
sushi_a,706,fit
sushi_a,1392,fit
sushi_a,1416,fit
sushi_a,2651,fit
sushi_a,4055,fit
sushi_a,4529,fit
sushi_a,1131,fit
sushi_a,1559,fit
sushi_a,2521,fit
sushi_a,2216,fit
sushi_a,2512,fit
sushi_a,4127,fit
sushi_a,2764,fit
sushi_a,3048,fit
sushi_a,3749,fit
sushi_a,2682,fit
sushi_a,2722,fit
sushi_a,3518,fit
sushi_a,2003,fit
sushi_a,4844,fit
sushi_a,3979,fit
sushi_a,2518,fit
sushi_a,1850,fit
sushi_a,668,fit
sushi_a,2799,fit
sushi_a,1173,fit
sushi_a,2054,fit
sushi_a,4769,fit
sushi_a,2126,fit
sushi_a,3795,fit
sushi_a,2732,fit
sushi_a,1934,fit
sushi_a,3648,fit
sushi_a,4765,fit
sushi_a,4655,fit
sushi_a,24,fit
sushi_a,2243,fit
sushi_a,2629,fit
sushi_a,605,fit
sushi_a,3127,fit
sushi_a,3554,fit
sushi_a,4595,fit
sushi_a,3098,fit
sushi_a,3390,fit
sushi_a,2885,fit
sushi_a,1167,fit
sushi_a,870,fit
sushi_a,4356,fit
sushi_a,2043,fit
sushi_a,3060,fit
sushi_a,2757,fit
sushi_a,3174,fit
sushi_a,3724,fit
sushi_a,1054,fit
sushi_a,1101,fit
sushi_a,4446,fit
sushi_a,1062,fit
sushi_a,2837,fit
sushi_a,735,fit
sushi_a,3359,fit
sushi_a,416,fit
sushi_a,1669,fit
sushi_a,1538,fit
sushi_a,160,fit
sushi_a,396,fit
sushi_a,3515,fit
sushi_a,2211,fit
sushi_a,657,fit
sushi_a,99,fit
sushi_a,2462,fit
sushi_a,1408,fit
sushi_a,4809,fit
sushi_a,1457,fit
sushi_a,547,fit
sushi_a,2455,fit
sushi_a,3773,fit
sushi_a,1577,fit
sushi_a,4572,fit
sushi_a,2358,fit
sushi_a,3407,fit
sushi_a,2198,fit
sushi_a,3085,fit
sushi_a,285,fit
sushi_a,4793,fit
sushi_a,301,fit
sushi_a,2631,fit
sushi_a,4579,fit
sushi_a,999,fit
sushi_a,1111,fit
sushi_a,4420,fit
sushi_a,4815,fit
sushi_a,3461,fit
sushi_a,1156,fit
sushi_a,418,fit
sushi_a,3540,fit
sushi_a,4397,fit
sushi_a,4963,fit
sushi_a,3284,fit
sushi_a,665,fit
sushi_a,650,fit
sushi_a,1035,fit
sushi_a,799,fit
sushi_a,1373,fit
sushi_a,1369,fit
sushi_a,3442,fit
sushi_a,4795,fit
sushi_a,1136,fit
sushi_a,3253,fit
sushi_a,414,fit
sushi_a,35,fit
sushi_a,1096,fit
sushi_a,1949,fit
sushi_a,153,fit
sushi_a,177,fit
sushi_a,3559,fit
sushi_a,315,fit
sushi_a,1891,fit
sushi_a,4716,fit
sushi_a,2889,fit
sushi_a,697,fit
sushi_a,2570,fit
sushi_a,2736,fit
sushi_a,1846,fit
sushi_a,4819,fit
sushi_a,862,fit
sushi_a,4353,fit
sushi_a,4019,fit
sushi_a,3531,fit
sushi_a,3082,fit
sushi_a,4002,fit
sushi_a,1583,fit
sushi_a,436,fit
sushi_a,3373,fit
sushi_a,661,fit
sushi_a,4951,fit
sushi_a,4322,fit
sushi_a,4524,fit
sushi_a,165,fit
sushi_a,1417,fit
sushi_a,1456,fit
sushi_a,4929,fit
sushi_a,3672,fit
sushi_a,2805,fit
sushi_a,1959,fit
sushi_a,1761,fit
sushi_a,2162,fit
sushi_a,1775,fit
sushi_a,2118,fit
sushi_a,776,fit
sushi_a,1571,fit
sushi_a,312,fit
sushi_a,2694,fit
sushi_a,916,fit
sushi_a,853,fit
sushi_a,3211,fit
sushi_a,3172,fit
sushi_a,2356,fit
sushi_a,1453,fit
sushi_a,2286,fit
sushi_a,1591,fit
sushi_a,359,fit
sushi_a,4447,fit
sushi_a,1365,fit
sushi_a,363,fit
sushi_a,4433,fit
sushi_a,3538,fit
sushi_a,2420,fit
sushi_a,4671,fit
sushi_a,3630,fit
sushi_a,4320,fit
sushi_a,1741,fit
sushi_a,4508,fit
sushi_a,4345,fit
sushi_a,3349,fit
sushi_a,2638,fit
sushi_a,232,fit
sushi_a,884,fit
sushi_a,1026,fit
sushi_a,4730,fit
sushi_a,2022,fit
sushi_a,1370,fit
sushi_a,1418,fit
sushi_a,4585,fit
sushi_a,4968,fit
sushi_a,3178,fit
sushi_a,4672,fit
sushi_a,4390,fit
sushi_a,3654,fit
sushi_a,1521,fit
sushi_a,3389,fit
sushi_a,2099,fit
sushi_a,2223,fit
sushi_a,4995,fit
sushi_a,783,fit
sushi_a,4941,fit
sushi_a,1609,fit
sushi_a,2560,fit
sushi_a,3575,fit
sushi_a,229,fit
sushi_a,2051,fit
sushi_a,593,fit
sushi_a,619,fit
sushi_a,87,fit
sushi_a,2668,fit
sushi_a,3040,fit
sushi_a,3135,fit
sushi_a,4798,fit
sushi_a,4400,fit
sushi_a,3447,fit
sushi_a,1672,fit
sushi_a,2951,fit
sushi_a,3189,fit
sushi_a,2267,fit
sushi_a,100,fit
sushi_a,4355,fit
sushi_a,2138,fit
sushi_a,2301,fit
sushi_a,2037,fit
sushi_a,4567,fit
sushi_a,2574,fit
sushi_a,295,fit
sushi_a,3256,fit
sushi_a,1090,fit
sushi_a,2188,fit
sushi_a,1238,fit
sushi_a,1423,fit
sushi_a,4357,fit
sushi_a,603,fit
sushi_a,2368,fit
sushi_a,1629,fit
sushi_a,966,fit
sushi_a,3234,fit
sushi_a,4456,fit
sushi_a,370,fit
sushi_a,4106,fit
sushi_a,43,fit
sushi_a,3483,fit
sushi_a,1799,fit
sushi_a,2144,fit
sushi_a,2953,fit
sushi_a,521,fit
sushi_a,4723,fit
sushi_a,189,fit
sushi_a,726,fit
sushi_a,479,fit
sushi_a,2026,fit
sushi_a,3437,fit
sushi_a,2380,fit
sushi_a,393,fit
sushi_a,562,fit
sushi_a,2862,fit
sushi_a,4925,fit
sushi_a,847,fit
sushi_a,796,fit
sushi_a,1344,fit
sushi_a,388,fit
sushi_a,4580,fit
sushi_a,4885,fit
sushi_a,1257,fit
sushi_a,3650,fit
sushi_a,4167,fit
sushi_a,2956,fit
sushi_a,1495,fit
sushi_a,3329,fit
sushi_a,3814,fit
sushi_a,1922,fit
sushi_a,1249,fit
sushi_a,3484,fit
sushi_a,3158,fit
sushi_a,4584,fit
sushi_a,2660,fit
sushi_a,3844,fit
sushi_a,3633,fit
sushi_a,1327,fit
sushi_a,1126,fit
sushi_a,2154,fit
sushi_a,2316,fit
sushi_a,2085,fit
sushi_a,1554,fit
sushi_a,2342,fit
sushi_a,2111,fit
sushi_a,485,fit
sushi_a,2859,fit
sushi_a,2967,fit
sushi_a,1513,fit
sushi_a,2528,fit
sushi_a,1897,fit
sushi_a,187,fit
sushi_a,3916,fit
sushi_a,1455,fit
sushi_a,1697,fit
sushi_a,673,fit
sushi_a,4166,fit
sushi_a,3588,fit
sushi_a,740,fit
sushi_a,3345,fit
sushi_a,3162,fit
sushi_a,2078,fit
sushi_a,3570,fit
sushi_a,1931,fit
sushi_a,1100,fit
sushi_a,2193,fit
sushi_a,3427,fit
sushi_a,3851,fit
sushi_a,2268,fit
sushi_a,1883,fit
sushi_a,1195,fit
sushi_a,1807,fit
sushi_a,1737,fit
sushi_a,1097,fit
sushi_a,1875,fit
sushi_a,544,fit
sushi_a,1617,fit
sushi_a,4527,fit
sushi_a,3073,fit
sushi_a,2012,fit
sushi_a,1240,fit
sushi_a,1645,fit
sushi_a,4384,fit
sushi_a,257,fit
sushi_a,3786,fit
sushi_a,3128,fit
sushi_a,3319,fit
sushi_a,4563,fit
sushi_a,463,fit
sushi_a,4212,fit
sushi_a,1410,fit
sushi_a,4063,fit
sushi_a,539,fit
sushi_a,3074,fit
sushi_a,752,fit
sushi_a,3394,fit
sushi_a,1330,fit
sushi_a,4486,fit
sushi_a,3199,fit
sushi_a,3269,fit
sushi_a,729,fit
sushi_a,4878,fit
sushi_a,920,fit
sushi_a,4385,fit
sushi_a,1656,fit
sushi_a,1218,fit
sushi_a,3242,fit
sushi_a,2275,fit
sushi_a,904,fit
sushi_a,3019,fit
sushi_a,2959,fit
sushi_a,2070,fit
sushi_a,2428,fit
sushi_a,4453,fit
sushi_a,4864,fit
sushi_a,1146,fit
sushi_a,2820,fit
sushi_a,4850,fit
sushi_a,1177,fit
sushi_a,3488,fit
sushi_a,516,fit
sushi_a,2916,fit
sushi_a,1960,fit
sushi_a,1342,fit
sushi_a,319,fit
sushi_a,341,fit
sushi_a,1522,fit
sushi_a,1698,fit
sushi_a,623,fit
sushi_a,3116,fit
sushi_a,3618,fit
sushi_a,995,fit
sushi_a,2945,fit
sushi_a,4734,fit
sushi_a,2427,fit
sushi_a,223,fit
sushi_a,878,fit
sushi_a,4946,fit
sushi_a,4816,fit
sushi_a,1584,fit
sushi_a,679,fit
sushi_a,2525,fit
sushi_a,3334,fit
sushi_a,4248,fit
sushi_a,1546,fit
sushi_a,4075,fit
sushi_a,3363,fit
sushi_a,3042,fit
sushi_a,873,fit
sushi_a,4116,fit
sushi_a,3852,fit
sushi_a,1397,fit
sushi_a,1831,fit
sushi_a,342,fit
sushi_a,3016,fit
sushi_a,1817,fit
sushi_a,1347,fit
sushi_a,3489,fit
sushi_a,4681,fit
sushi_a,392,fit
sushi_a,3277,fit
sushi_a,803,fit
sushi_a,576,fit
sushi_a,3984,fit
sushi_a,3639,fit
sushi_a,4822,fit
sushi_a,1258,fit
sushi_a,1878,fit
sushi_a,4539,fit
sushi_a,1381,fit
sushi_a,4566,fit
sushi_a,852,fit
sushi_a,452,fit
sushi_a,3918,fit
sushi_a,2556,fit
sushi_a,280,fit
sushi_a,4469,fit
sushi_a,196,fit
sushi_a,3906,fit
sushi_a,3156,fit
sushi_a,4697,fit
sushi_a,1545,fit
sushi_a,443,fit
sushi_a,798,fit
sushi_a,625,fit
sushi_a,4774,fit
sushi_a,2210,fit
sushi_a,3355,fit
sushi_a,3496,fit
sushi_a,2136,fit
sushi_a,2630,fit
sushi_a,3848,fit
sushi_a,4411,fit
sushi_a,3815,fit
sushi_a,964,fit
sushi_a,3789,fit
sushi_a,297,fit
sushi_a,4759,fit
sushi_a,1184,fit
sushi_a,2354,fit
sushi_a,1770,fit
sushi_a,2922,fit
sushi_a,1203,fit
sushi_a,2541,fit
sushi_a,1133,fit
sushi_a,3785,fit
sushi_a,4068,fit
sushi_a,4319,fit
sushi_a,1681,fit
sushi_a,4948,fit
sushi_a,2308,fit
sushi_a,273,fit
sushi_a,800,fit
sushi_a,4352,fit
sushi_a,3824,fit
sushi_a,3617,fit
sushi_a,3067,fit
sushi_a,1624,fit
sushi_a,4511,fit
sushi_a,4432,fit
sushi_a,4740,fit
sushi_a,2096,fit
sushi_a,498,fit
sushi_a,4425,fit
sushi_a,3377,fit
sushi_a,3295,fit
sushi_a,4236,fit
sushi_a,2693,fit
sushi_a,2488,fit
sushi_a,3545,fit
sushi_a,1821,fit
sushi_a,2669,fit
sushi_a,1234,fit
sushi_a,3009,fit
sushi_a,2940,fit
sushi_a,1290,fit
sushi_a,1990,fit
sushi_a,872,fit
sushi_a,3547,fit
sushi_a,854,fit
sushi_a,3960,fit
sushi_a,3881,fit
sushi_a,1958,fit
sushi_a,2614,fit
sushi_a,2577,fit
sushi_a,2664,fit
sushi_a,689,fit
sushi_a,584,fit
sushi_a,3915,fit
sushi_a,3445,fit
sushi_a,4415,fit
sushi_a,195,fit
sushi_a,307,fit
sushi_a,2602,fit
sushi_a,2430,fit
sushi_a,3962,fit
sushi_a,630,fit
sushi_a,2844,fit
sushi_a,3314,fit
sushi_a,2438,fit
sushi_a,2407,fit
sushi_a,2129,fit
sushi_a,1687,fit
sushi_a,967,fit
sushi_a,4133,fit
sushi_a,3249,fit
sushi_a,2343,fit
sushi_a,4374,fit
sushi_a,1389,fit
sushi_a,2981,fit
sushi_a,262,fit
sushi_a,3919,fit
sushi_a,1256,fit
sushi_a,782,fit
sushi_a,1206,fit
sushi_a,1121,fit
sushi_a,4796,fit
sushi_a,4846,fit
sushi_a,1349,fit
sushi_a,4351,fit
sushi_a,3022,fit
sushi_a,4249,fit
sushi_a,3830,fit
sushi_a,4313,fit
sushi_a,1052,fit
sushi_a,438,fit
sushi_a,1517,fit
sushi_a,945,fit
sushi_a,110,fit
sushi_a,917,fit
sushi_a,4269,fit
sushi_a,299,fit
sushi_a,2882,discovery
sushi_a,4826,discovery
sushi_a,357,discovery
sushi_a,3152,discovery
sushi_a,3137,discovery
sushi_a,1003,discovery
sushi_a,4306,discovery
sushi_a,2449,discovery
sushi_a,3704,discovery
sushi_a,327,discovery
sushi_a,1385,discovery
sushi_a,3020,discovery
sushi_a,3513,discovery
sushi_a,1139,discovery
sushi_a,844,discovery
sushi_a,4241,discovery
sushi_a,4713,discovery
sushi_a,1223,discovery
sushi_a,1567,discovery
sushi_a,2150,discovery
sushi_a,2024,discovery
sushi_a,4892,discovery
sushi_a,48,discovery
sushi_a,1301,discovery
sushi_a,4954,discovery
sushi_a,4216,discovery
sushi_a,556,discovery
sushi_a,398,discovery
sushi_a,2422,discovery
sushi_a,965,discovery
sushi_a,4006,discovery
sushi_a,2402,discovery
sushi_a,309,discovery
sushi_a,883,discovery
sushi_a,810,discovery
sushi_a,4304,discovery
sushi_a,4118,discovery
sushi_a,1253,discovery
sushi_a,4157,discovery
sushi_a,732,discovery
sushi_a,2159,discovery
sushi_a,4188,discovery
sushi_a,4040,discovery
sushi_a,1615,discovery
sushi_a,987,discovery
sushi_a,2643,discovery
sushi_a,3,discovery
sushi_a,3054,discovery
sushi_a,4545,discovery
sushi_a,2359,discovery
sushi_a,4534,discovery
sushi_a,114,discovery
sushi_a,2403,discovery
sushi_a,1255,discovery
sushi_a,103,discovery
sushi_a,1233,discovery
sushi_a,2418,discovery
sushi_a,2935,discovery
sushi_a,2451,discovery
sushi_a,606,discovery
sushi_a,2093,discovery
sushi_a,890,discovery
sushi_a,2514,discovery
sushi_a,1445,discovery
sushi_a,4280,discovery
sushi_a,3119,discovery
sushi_a,3071,discovery
sushi_a,2792,discovery
sushi_a,4654,discovery
sushi_a,2580,discovery
sushi_a,2416,discovery
sushi_a,3296,discovery
sushi_a,4987,discovery
sushi_a,4131,discovery
sushi_a,4344,discovery
sushi_a,2926,discovery
sushi_a,4742,discovery
sushi_a,2680,discovery
sushi_a,3145,discovery
sushi_a,4507,discovery
sushi_a,4607,discovery
sushi_a,2979,discovery
sushi_a,2865,discovery
sushi_a,2174,discovery
sushi_a,1507,discovery
sushi_a,2880,discovery
sushi_a,725,discovery
sushi_a,4049,discovery
sushi_a,3665,discovery
sushi_a,4860,discovery
sushi_a,3526,discovery
sushi_a,4229,discovery
sushi_a,3674,discovery
sushi_a,3303,discovery
sushi_a,1475,discovery
sushi_a,4600,discovery
sushi_a,4914,discovery
sushi_a,155,discovery
sushi_a,4381,discovery
sushi_a,2761,discovery
sushi_a,3880,discovery
sushi_a,3810,discovery
sushi_a,1227,discovery
sushi_a,4392,discovery
sushi_a,4679,discovery
sushi_a,1362,discovery
sushi_a,1288,discovery
sushi_a,3493,discovery
sushi_a,598,discovery
sushi_a,597,discovery
sushi_a,1840,discovery
sushi_a,3656,discovery
sushi_a,3935,discovery
sushi_a,2784,discovery
sushi_a,813,discovery
sushi_a,1999,discovery
sushi_a,4589,discovery
sushi_a,4847,discovery
sushi_a,4565,discovery
sushi_a,3159,discovery
sushi_a,1610,discovery
sushi_a,648,discovery
sushi_a,3238,discovery
sushi_a,2589,discovery
sushi_a,2598,discovery
sushi_a,988,discovery
sushi_a,510,discovery
sushi_a,2686,discovery
sushi_a,1067,discovery
sushi_a,3517,discovery
sushi_a,2017,discovery
sushi_a,4934,discovery
sushi_a,2987,discovery
sushi_a,818,discovery
sushi_a,4179,discovery
sushi_a,2169,discovery
sushi_a,2266,discovery
sushi_a,306,discovery
sushi_a,2465,discovery
sushi_a,2971,discovery
sushi_a,3312,discovery
sushi_a,2229,discovery
sushi_a,0,discovery
sushi_a,3421,discovery
sushi_a,1755,discovery
sushi_a,2918,discovery
sushi_a,4639,discovery
sushi_a,1087,discovery
sushi_a,3365,discovery
sushi_a,4311,discovery
sushi_a,3180,discovery
sushi_a,3086,discovery
sushi_a,3682,discovery
sushi_a,4274,discovery
sushi_a,7,discovery
sushi_a,714,discovery
sushi_a,2332,discovery
sushi_a,3877,discovery
sushi_a,423,discovery
sushi_a,1295,discovery
sushi_a,1876,discovery
sushi_a,3330,discovery
sushi_a,572,discovery
sushi_a,1652,discovery
sushi_a,1832,discovery
sushi_a,1726,discovery
sushi_a,4088,discovery
sushi_a,1994,discovery
sushi_a,4151,discovery
sushi_a,2158,discovery
sushi_a,256,discovery
sushi_a,3681,discovery
sushi_a,715,discovery
sushi_a,3947,discovery
sushi_a,993,discovery
sushi_a,1274,discovery
sushi_a,2991,discovery
sushi_a,4852,discovery
sushi_a,4041,discovery
sushi_a,3649,discovery
sushi_a,3692,discovery
sushi_a,3432,discovery
sushi_a,1692,discovery
sushi_a,1773,discovery
sushi_a,1660,discovery
sushi_a,4938,discovery
sushi_a,909,discovery
sushi_a,3205,discovery
sushi_a,4200,discovery
sushi_a,1275,discovery
sushi_a,3077,discovery
sushi_a,151,discovery
sushi_a,2331,discovery
sushi_a,3217,discovery
sushi_a,1654,discovery
sushi_a,1519,discovery
sushi_a,384,discovery
sushi_a,4210,discovery
sushi_a,864,discovery
sushi_a,3759,discovery
sushi_a,1009,discovery
sushi_a,2250,discovery
sushi_a,845,discovery
sushi_a,2569,discovery
sushi_a,3450,discovery
sushi_a,3941,discovery
sushi_a,3627,discovery
sushi_a,2042,discovery
sushi_a,2891,discovery
sushi_a,1636,discovery
sushi_a,1685,discovery
sushi_a,4965,discovery
sushi_a,136,discovery
sushi_a,2618,discovery
sushi_a,1805,discovery
sushi_a,996,discovery
sushi_a,3320,discovery
sushi_a,1103,discovery
sushi_a,4725,discovery
sushi_a,1680,discovery
sushi_a,2224,discovery
sushi_a,1262,discovery
sushi_a,2161,discovery
sushi_a,2222,discovery
sushi_a,4239,discovery
sushi_a,935,discovery
sushi_a,4994,discovery
sushi_a,3695,discovery
sushi_a,4596,discovery
sushi_a,1789,discovery
sushi_a,3811,discovery
sushi_a,1921,discovery
sushi_a,4538,discovery
sushi_a,3659,discovery
sushi_a,851,discovery
sushi_a,266,discovery
sushi_a,2962,discovery
sushi_a,4186,discovery
sushi_a,3499,discovery
sushi_a,3583,discovery
sushi_a,4541,discovery
sushi_a,4281,discovery
sushi_a,2748,discovery
sushi_a,2925,discovery
sushi_a,4952,discovery
sushi_a,2357,discovery
sushi_a,2197,discovery
sushi_a,4334,discovery
sushi_a,2035,discovery
sushi_a,4159,discovery
sushi_a,737,discovery
sushi_a,3774,discovery
sushi_a,3679,discovery
sushi_a,2671,discovery
sushi_a,1444,discovery
sushi_a,4751,discovery
sushi_a,797,discovery
sushi_a,419,discovery
sushi_a,2529,discovery
sushi_a,113,discovery
sushi_a,2236,discovery
sushi_a,3080,discovery
sushi_a,3834,discovery
sushi_a,4594,discovery
sushi_a,2701,discovery
sushi_a,3195,discovery
sushi_a,472,discovery
sushi_a,1013,discovery
sushi_a,4638,discovery
sushi_a,3884,discovery
sushi_a,2762,discovery
sushi_a,773,discovery
sushi_a,2119,discovery
sushi_a,4378,discovery
sushi_a,2348,discovery
sushi_a,4033,discovery
sushi_a,4470,discovery
sushi_a,2466,discovery
sushi_a,1118,discovery
sushi_a,4687,discovery
sushi_a,1175,discovery
sushi_a,736,discovery
sushi_a,1178,discovery
sushi_a,3492,discovery
sushi_a,456,discovery
sushi_a,1231,discovery
sushi_a,1568,discovery
sushi_a,4581,discovery
sushi_a,1316,discovery
sushi_a,962,discovery
sushi_a,2212,discovery
sushi_a,2206,discovery
sushi_a,1794,discovery
sushi_a,387,discovery
sushi_a,4162,discovery
sushi_a,1526,discovery
sushi_a,1482,discovery
sushi_a,787,discovery
sushi_a,2675,discovery
sushi_a,400,discovery
sushi_a,1782,discovery
sushi_a,3634,discovery
sushi_a,4178,discovery
sushi_a,3745,discovery
sushi_a,1493,discovery
sushi_a,1978,discovery
sushi_a,1041,discovery
sushi_a,523,discovery
sushi_a,2650,discovery
sushi_a,379,discovery
sushi_a,4854,discovery
sushi_a,2005,discovery
sushi_a,176,discovery
sushi_a,405,discovery
sushi_a,1634,discovery
sushi_a,487,discovery
sushi_a,2175,discovery
sushi_a,1138,discovery
sushi_a,2363,discovery
sushi_a,1729,discovery
sushi_a,788,discovery
sushi_a,4209,discovery
sushi_a,3698,discovery
sushi_a,2113,discovery
sushi_a,3804,discovery
sushi_a,2965,discovery
sushi_a,3008,discovery
sushi_a,944,discovery
sushi_a,2869,discovery
sushi_a,3701,discovery
sushi_a,638,discovery
sushi_a,1886,discovery
sushi_a,1688,discovery
sushi_a,614,discovery
sushi_a,3788,discovery
sushi_a,219,discovery
sushi_a,203,discovery
sushi_a,4912,discovery
sushi_a,2160,discovery
sushi_a,4489,discovery
sushi_a,2620,discovery
sushi_a,958,discovery
sushi_a,3966,discovery
sushi_a,2555,discovery
sushi_a,2406,discovery
sushi_a,2843,discovery
sushi_a,3444,discovery
sushi_a,3544,discovery
sushi_a,250,discovery
sushi_a,3231,discovery
sushi_a,4410,discovery
sushi_a,3285,discovery
sushi_a,69,discovery
sushi_a,2743,discovery
sushi_a,1415,discovery
sushi_a,122,discovery
sushi_a,835,discovery
sushi_a,373,discovery
sushi_a,2237,discovery
sushi_a,2097,discovery
sushi_a,4884,discovery
sushi_a,1020,discovery
sushi_a,1918,discovery
sushi_a,3625,discovery
sushi_a,1368,discovery
sushi_a,236,discovery
sushi_a,4030,discovery
sushi_a,4853,discovery
sushi_a,314,discovery
sushi_a,4460,discovery
sushi_a,4803,discovery
sushi_a,719,discovery
sushi_a,453,discovery
sushi_a,3564,discovery
sushi_a,1190,discovery
sushi_a,1889,discovery
sushi_a,4848,discovery
sushi_a,4960,discovery
sushi_a,2886,discovery
sushi_a,3126,discovery
sushi_a,1742,discovery
sushi_a,921,discovery
sushi_a,4373,discovery
sushi_a,4443,discovery
sushi_a,1916,discovery
sushi_a,1647,discovery
sushi_a,2067,discovery
sushi_a,2697,discovery
sushi_a,2095,discovery
sushi_a,573,discovery
sushi_a,1162,discovery
sushi_a,1447,discovery
sushi_a,1152,discovery
sushi_a,4570,discovery
sushi_a,1081,discovery
sushi_a,3857,discovery
sushi_a,4823,discovery
sushi_a,3750,discovery
sushi_a,2817,discovery
sushi_a,3411,discovery
sushi_a,3475,discovery
sushi_a,3425,discovery
sushi_a,3360,discovery
sushi_a,3661,discovery
sushi_a,3304,discovery
sushi_a,1633,discovery
sushi_a,1099,discovery
sushi_a,2828,discovery
sushi_a,1075,discovery
sushi_a,2296,discovery
sushi_a,2065,discovery
sushi_a,2604,discovery
sushi_a,3722,discovery
sushi_a,2952,discovery
sushi_a,480,discovery
sushi_a,3908,discovery
sushi_a,3031,discovery
sushi_a,2810,discovery
sushi_a,1098,discovery
sushi_a,1548,discovery
sushi_a,101,discovery
sushi_a,2719,discovery
sushi_a,2269,discovery
sushi_a,3528,discovery
sushi_a,3171,discovery
sushi_a,465,discovery
sushi_a,3519,discovery
sushi_a,2274,discovery
sushi_a,4973,discovery
sushi_a,4376,discovery
sushi_a,4918,discovery
sushi_a,4525,discovery
sushi_a,2393,discovery
sushi_a,3301,discovery
sushi_a,1648,discovery
sushi_a,83,discovery
sushi_a,1682,discovery
sushi_a,3952,discovery
sushi_a,354,discovery
sushi_a,2253,discovery
sushi_a,1291,discovery
sushi_a,4868,discovery
sushi_a,3025,discovery
sushi_a,765,discovery
sushi_a,1147,discovery
sushi_a,2791,discovery
sushi_a,1358,discovery
sushi_a,3219,discovery
sushi_a,2711,discovery
sushi_a,1527,discovery
sushi_a,2738,discovery
sushi_a,2578,discovery
sushi_a,2770,discovery
sushi_a,3856,discovery
sushi_a,1367,discovery
sushi_a,1872,discovery
sushi_a,3142,discovery
sushi_a,2542,discovery
sushi_a,4735,discovery
sushi_a,2411,discovery
sushi_a,4986,discovery
sushi_a,2105,discovery
sushi_a,4721,discovery
sushi_a,2475,discovery
sushi_a,2954,discovery
sushi_a,4105,discovery
sushi_a,4276,discovery
sushi_a,2282,discovery
sushi_a,1542,discovery
sushi_a,1202,discovery
sushi_a,2060,discovery
sushi_a,826,discovery
sushi_a,591,discovery
sushi_a,1642,discovery
sushi_a,1230,discovery
sushi_a,3828,discovery
sushi_a,355,discovery
sushi_a,1465,discovery
sushi_a,2241,discovery
sushi_a,2912,discovery
sushi_a,98,discovery
sushi_a,3623,discovery
sushi_a,3739,discovery
sushi_a,3973,discovery
sushi_a,3994,discovery
sushi_a,3858,discovery
sushi_a,1961,discovery
sushi_a,1786,discovery
sushi_a,32,discovery
sushi_a,817,discovery
sushi_a,1473,discovery
sushi_a,402,discovery
sushi_a,1024,discovery
sushi_a,321,discovery
sushi_a,4267,discovery
sushi_a,4629,discovery
sushi_a,4737,discovery
sushi_a,4972,discovery
sushi_a,1580,discovery
sushi_a,1670,discovery
sushi_a,3825,discovery
sushi_a,4278,discovery
sushi_a,345,discovery
sushi_a,2942,discovery
sushi_a,4358,discovery
sushi_a,3486,discovery
sushi_a,3926,discovery
sushi_a,2605,discovery
sushi_a,2277,discovery
sushi_a,3419,discovery
sushi_a,749,discovery
sushi_a,2140,discovery
sushi_a,270,discovery
sushi_a,2973,discovery
sushi_a,4700,discovery
sushi_a,2768,discovery
sushi_a,3327,discovery
sushi_a,4821,discovery
sushi_a,2453,discovery
sushi_a,2167,discovery
sushi_a,292,discovery
sushi_a,2840,discovery
sushi_a,1033,discovery
sushi_a,2028,discovery
sushi_a,4602,discovery
sushi_a,3041,discovery
sushi_a,3061,discovery
sushi_a,3893,discovery
sushi_a,551,discovery
sushi_a,3187,discovery
sushi_a,756,discovery
sushi_a,2760,discovery
sushi_a,4950,discovery
sushi_a,3932,discovery
sushi_a,833,discovery
sushi_a,2373,discovery
sushi_a,4435,discovery
sushi_a,4779,discovery
sushi_a,885,discovery
sushi_a,3699,discovery
sushi_a,3194,discovery
sushi_a,2870,discovery
sushi_a,4065,discovery
sushi_a,2112,discovery
sushi_a,2780,discovery
sushi_a,4877,discovery
sushi_a,2446,discovery
sushi_a,4771,discovery
sushi_a,1040,discovery
sushi_a,141,discovery
sushi_a,1575,discovery
sushi_a,3595,discovery
sushi_a,2143,discovery
sushi_a,1895,discovery
sushi_a,730,discovery
sushi_a,446,discovery
sushi_a,3250,discovery
sushi_a,1025,discovery
sushi_a,4187,discovery
sushi_a,425,discovery
sushi_a,549,discovery
sushi_a,3294,discovery
sushi_a,3287,discovery
sushi_a,3784,discovery
sushi_a,693,discovery
sushi_a,166,discovery
sushi_a,1804,discovery
sushi_a,3752,discovery
sushi_a,1825,discovery
sushi_a,4875,discovery
sushi_a,3069,discovery
sushi_a,4857,discovery
sushi_a,4198,discovery
sushi_a,1578,discovery
sushi_a,1460,discovery
sushi_a,1487,discovery
sushi_a,3729,discovery
sushi_a,3182,discovery
sushi_a,2765,discovery
sushi_a,2360,discovery
sushi_a,4292,discovery
sushi_a,338,discovery
sushi_a,2322,discovery
sushi_a,3771,discovery
sushi_a,3501,discovery
sushi_a,2866,discovery
sushi_a,1785,discovery
sushi_a,2147,discovery
sushi_a,3887,discovery
sushi_a,3433,discovery
sushi_a,2490,discovery
sushi_a,4307,discovery
sushi_a,4488,discovery
sushi_a,1435,discovery
sushi_a,3510,discovery
sushi_a,288,discovery
sushi_a,1818,discovery
sushi_a,2305,discovery
sushi_a,2207,discovery
sushi_a,361,discovery
sushi_a,2326,discovery
sushi_a,4578,discovery
sushi_a,2787,discovery
sushi_a,4121,discovery
sushi_a,1005,discovery
sushi_a,2469,discovery
sushi_a,171,discovery
sushi_a,4272,discovery
sushi_a,658,discovery
sushi_a,2807,discovery
sushi_a,1474,discovery
sushi_a,4728,discovery
sushi_a,2434,discovery
sushi_a,2072,discovery
sushi_a,3700,discovery
sushi_a,1861,discovery
sushi_a,2957,discovery
sushi_a,426,discovery
sushi_a,4368,discovery
sushi_a,228,discovery
sushi_a,1132,discovery
sushi_a,3192,discovery
sushi_a,4911,discovery
sushi_a,4606,discovery
sushi_a,960,discovery
sushi_a,4623,discovery
sushi_a,1547,discovery
sushi_a,3504,discovery
sushi_a,4482,discovery
sushi_a,823,discovery
sushi_a,1043,discovery
sushi_a,3226,discovery
sushi_a,766,discovery
sushi_a,2183,discovery
sushi_a,4094,discovery
sushi_a,1695,discovery
sushi_a,4331,discovery
sushi_a,3066,discovery
sushi_a,2227,discovery
sushi_a,3576,discovery
sushi_a,3353,discovery
sushi_a,4145,discovery
sushi_a,4776,discovery
sushi_a,1452,discovery
sushi_a,759,discovery
sushi_a,3963,discovery
sushi_a,1597,discovery
sushi_a,3021,discovery
sushi_a,3173,discovery
sushi_a,3757,discovery
sushi_a,1130,discovery
sushi_a,2649,discovery
sushi_a,3755,discovery
sushi_a,3616,discovery
sushi_a,1859,discovery
sushi_a,1458,discovery
sushi_a,4087,discovery
sushi_a,4084,discovery
sushi_a,3620,discovery
sushi_a,696,discovery
sushi_a,687,discovery
sushi_a,1236,discovery
sushi_a,4557,discovery
sushi_a,2893,discovery
sushi_a,435,discovery
sushi_a,2217,discovery
sushi_a,1510,discovery
sushi_a,491,discovery
sushi_a,2648,discovery
sushi_a,4835,discovery
sushi_a,3511,discovery
sushi_a,1869,discovery
sushi_a,4050,discovery
sushi_a,4038,discovery
sushi_a,1616,discovery
sushi_a,275,discovery
sushi_a,4964,discovery
sushi_a,1758,discovery
sushi_a,3527,discovery
sushi_a,3148,discovery
sushi_a,3257,discovery
sushi_a,3469,discovery
sushi_a,692,discovery
sushi_a,2517,discovery
sushi_a,2182,discovery
sushi_a,1743,discovery
sushi_a,371,discovery
sushi_a,1689,discovery
sushi_a,2330,discovery
sushi_a,1646,discovery
sushi_a,4371,discovery
sushi_a,2389,discovery
sushi_a,209,discovery
sushi_a,2152,discovery
sushi_a,2493,discovery
sushi_a,1993,discovery
sushi_a,587,discovery
sushi_a,2127,discovery
sushi_a,3886,discovery
sushi_a,2561,discovery
sushi_a,1148,discovery
sushi_a,2860,discovery
sushi_a,3998,discovery
sushi_a,1725,discovery
sushi_a,4429,discovery
sushi_a,3052,discovery
sushi_a,4617,discovery
sushi_a,3480,discovery
sushi_a,1142,discovery
sushi_a,1764,discovery
sushi_a,4845,discovery
sushi_a,746,discovery
sushi_a,4074,discovery
sushi_a,2540,discovery
sushi_a,846,discovery
sushi_a,1107,discovery
sushi_a,663,discovery
sushi_a,2586,discovery
sushi_a,4473,discovery
sushi_a,4428,discovery
sushi_a,943,discovery
sushi_a,626,discovery
sushi_a,3111,discovery
sushi_a,1713,discovery
sushi_a,4917,discovery
sushi_a,2221,discovery
sushi_a,2187,discovery
sushi_a,3122,discovery
sushi_a,2839,discovery
sushi_a,1902,discovery
sushi_a,2663,discovery
sushi_a,705,discovery
sushi_a,3478,discovery
sushi_a,448,discovery
sushi_a,881,discovery
sushi_a,1413,discovery
sushi_a,4613,discovery
sushi_a,1000,discovery
sushi_a,1754,discovery
sushi_a,3522,discovery
sushi_a,1835,discovery
sushi_a,440,discovery
sushi_a,278,discovery
sushi_a,2585,discovery
sushi_a,4677,discovery
sushi_a,2706,discovery
sushi_a,3847,discovery
sushi_a,4791,discovery
sushi_a,1544,discovery
sushi_a,198,discovery
sushi_a,1263,discovery
sushi_a,362,discovery
sushi_a,618,discovery
sushi_a,41,discovery
sushi_a,3247,discovery
sushi_a,4985,discovery
sushi_a,3609,discovery
sushi_a,3415,discovery
sushi_a,3879,discovery
sushi_a,1845,discovery
sushi_a,1102,discovery
sushi_a,2071,discovery
sushi_a,246,discovery
sushi_a,4039,discovery
sushi_a,4466,discovery
sushi_a,3819,discovery
sushi_a,1820,discovery
sushi_a,645,discovery
sushi_a,1091,discovery
sushi_a,118,discovery
sushi_a,18,discovery
sushi_a,1380,discovery
sushi_a,3985,discovery
sushi_a,3397,discovery
sushi_a,2081,discovery
sushi_a,4158,discovery
sushi_a,1272,discovery
sushi_a,3273,discovery
sushi_a,248,discovery
sushi_a,2915,discovery
sushi_a,4505,discovery
sushi_a,2879,discovery
sushi_a,334,discovery
sushi_a,3863,discovery
sushi_a,2242,discovery
sushi_a,3748,discovery
sushi_a,4078,discovery
sushi_a,875,discovery
sushi_a,3894,discovery
sushi_a,4881,discovery
sushi_a,4048,discovery
sushi_a,2721,discovery
sushi_a,1039,discovery
sushi_a,1864,discovery
sushi_a,468,discovery
sushi_a,2218,discovery
sushi_a,1334,discovery
sushi_a,3641,discovery
sushi_a,4649,discovery
sushi_a,2291,discovery
sushi_a,3130,discovery
sushi_a,3099,discovery
sushi_a,2788,discovery
sushi_a,1414,discovery
sushi_a,3807,discovery
sushi_a,3157,discovery
sushi_a,1582,discovery
sushi_a,1008,discovery
sushi_a,4265,discovery
sushi_a,850,discovery
sushi_a,3754,discovery
sushi_a,4324,discovery
sushi_a,4693,discovery
sushi_a,3939,discovery
sushi_a,4896,discovery
sushi_a,375,discovery
sushi_a,1176,discovery
sushi_a,3216,discovery
sushi_a,2826,discovery
sushi_a,4786,discovery
sushi_a,4920,discovery
sushi_a,4224,discovery
sushi_a,4736,discovery
sushi_a,3921,discovery
sushi_a,1310,discovery
sushi_a,148,discovery
sushi_a,3168,discovery
sushi_a,811,discovery
sushi_a,3683,discovery
sushi_a,1690,discovery
sushi_a,1769,discovery
sushi_a,1106,discovery
sushi_a,2179,discovery
sushi_a,2744,discovery
sushi_a,1948,discovery
sushi_a,1340,discovery
sushi_a,926,discovery
sushi_a,4768,discovery
sushi_a,643,discovery
sushi_a,3730,discovery
sushi_a,3429,discovery
sushi_a,1757,discovery
sushi_a,254,discovery
sushi_a,3497,discovery
sushi_a,3883,discovery
sushi_a,2808,discovery
sushi_a,2988,discovery
sushi_a,622,discovery
sushi_a,2379,discovery
sushi_a,1932,discovery
sushi_a,4698,discovery
sushi_a,3675,discovery
sushi_a,2064,discovery
sushi_a,2390,discovery
sushi_a,3154,discovery
sushi_a,2190,discovery
sushi_a,1659,discovery
sushi_a,412,discovery
sushi_a,2073,discovery
sushi_a,4299,discovery
sushi_a,874,discovery
sushi_a,602,discovery
sushi_a,4731,discovery
sushi_a,4778,discovery
sushi_a,3132,discovery
sushi_a,3878,discovery
sushi_a,2173,discovery
sushi_a,1034,discovery
sushi_a,633,discovery
sushi_a,2639,discovery
sushi_a,3714,discovery
sushi_a,1693,discovery
sushi_a,701,discovery
sushi_a,3399,discovery
sushi_a,1503,discovery
sushi_a,3770,discovery
sushi_a,4559,discovery
sushi_a,986,discovery
sushi_a,859,discovery
sushi_a,4831,discovery
sushi_a,1523,discovery
sushi_a,1830,discovery
sushi_a,4484,discovery
sushi_a,4756,discovery
sushi_a,4709,discovery
sushi_a,2511,discovery
sushi_a,3335,discovery
sushi_a,3798,discovery
sushi_a,863,discovery
sushi_a,838,discovery
sushi_a,670,discovery
sushi_a,1607,discovery
sushi_a,1006,discovery
sushi_a,3246,discovery
sushi_a,2419,discovery
sushi_a,1078,discovery
sushi_a,4861,discovery
sushi_a,2130,discovery
sushi_a,4034,discovery
sushi_a,560,discovery
sushi_a,2798,discovery
sushi_a,1849,discovery
sushi_a,1618,discovery
sushi_a,1377,discovery
sushi_a,1269,discovery
sushi_a,802,discovery
sushi_a,4536,discovery
sushi_a,4802,discovery
sushi_a,3453,discovery
sushi_a,940,discovery
sushi_a,180,discovery
sushi_a,2858,discovery
sushi_a,2986,discovery
sushi_a,3885,discovery
sushi_a,397,discovery
sushi_a,535,discovery
sushi_a,3181,discovery
sushi_a,4574,discovery
sushi_a,3325,discovery
sushi_a,637,discovery
sushi_a,4359,discovery
sushi_a,427,discovery
sushi_a,1929,discovery
sushi_a,1244,discovery
sushi_a,1372,discovery
sushi_a,3079,discovery
sushi_a,4020,discovery
sushi_a,2153,discovery
sushi_a,4169,discovery
sushi_a,1768,discovery
sushi_a,401,discovery
sushi_a,534,discovery
sushi_a,2731,discovery
sushi_a,2582,discovery
sushi_a,3482,discovery
sushi_a,3062,discovery
sushi_a,1941,discovery
sushi_a,3431,discovery
sushi_a,4329,discovery
sushi_a,2391,discovery
sushi_a,3604,discovery
sushi_a,1287,discovery
sushi_a,4174,discovery
sushi_a,629,discovery
sushi_a,4295,discovery
sushi_a,1031,discovery
sushi_a,3338,discovery
sushi_a,3179,discovery
sushi_a,3112,discovery
sushi_a,125,discovery
sushi_a,4590,discovery
sushi_a,2908,discovery
sushi_a,2516,discovery
sushi_a,3917,discovery
sushi_a,4886,discovery
sushi_a,2484,discovery
sushi_a,2641,discovery
sushi_a,1877,discovery
sushi_a,2494,discovery
sushi_a,1579,discovery
sushi_a,1049,discovery
sushi_a,1501,discovery
sushi_a,1602,discovery
sushi_a,3591,discovery
sushi_a,1966,discovery
sushi_a,2887,discovery
sushi_a,4958,discovery
sushi_a,2448,discovery
sushi_a,1550,discovery
sushi_a,4745,discovery
sushi_a,3088,discovery
sushi_a,3923,discovery
sushi_a,4838,discovery
sushi_a,1952,discovery
sushi_a,1882,discovery
sushi_a,84,discovery
sushi_a,2644,discovery
sushi_a,2806,discovery
sushi_a,786,discovery
sushi_a,492,discovery
sushi_a,1676,discovery
sushi_a,1797,discovery
sushi_a,458,discovery
sushi_a,1894,discovery
sushi_a,4086,discovery
sushi_a,2654,discovery
sushi_a,2725,discovery
sushi_a,3982,discovery
sushi_a,2259,discovery
sushi_a,2355,discovery
sushi_a,4978,discovery
sushi_a,1834,discovery
sushi_a,4285,discovery
sushi_a,2593,discovery
sushi_a,532,discovery
sushi_a,3343,discovery
sushi_a,3867,discovery
sushi_a,1970,discovery
sushi_a,4810,discovery
sushi_a,4510,discovery
sushi_a,1441,confirmation
sushi_a,3557,confirmation
sushi_a,3836,confirmation
sushi_a,4760,confirmation
sushi_a,659,confirmation
sushi_a,111,confirmation
sushi_a,1893,confirmation
sushi_a,3859,confirmation
sushi_a,4910,confirmation
sushi_a,2009,confirmation
sushi_a,822,confirmation
sushi_a,21,confirmation
sushi_a,3600,confirmation
sushi_a,809,confirmation
sushi_a,1071,confirmation
sushi_a,671,confirmation
sushi_a,2549,confirmation
sushi_a,2899,confirmation
sushi_a,1016,confirmation
sushi_a,52,confirmation
sushi_a,664,confirmation
sushi_a,1157,confirmation
sushi_a,1637,confirmation
sushi_a,3678,confirmation
sushi_a,1643,confirmation
sushi_a,3002,confirmation
sushi_a,433,confirmation
sushi_a,3978,confirmation
sushi_a,56,confirmation
sushi_a,1228,confirmation
sushi_a,4232,confirmation
sushi_a,2924,confirmation
sushi_a,489,confirmation
sushi_a,3096,confirmation
sushi_a,4051,confirmation
sushi_a,4922,confirmation
sushi_a,1311,confirmation
sushi_a,2867,confirmation
sushi_a,781,confirmation
sushi_a,1724,confirmation
sushi_a,4476,confirmation
sushi_a,4784,confirmation
sushi_a,2203,confirmation
sushi_a,451,confirmation
sushi_a,3032,confirmation
sushi_a,117,confirmation
sushi_a,179,confirmation
sushi_a,4722,confirmation
sushi_a,4218,confirmation
sushi_a,3058,confirmation
sushi_a,1325,confirmation
sushi_a,239,confirmation
sushi_a,3011,confirmation
sushi_a,1419,confirmation
sushi_a,1535,confirmation
sushi_a,1896,confirmation
sushi_a,4413,confirmation
sushi_a,4037,confirmation
sushi_a,4260,confirmation
sushi_a,3465,confirmation
sushi_a,4256,confirmation
sushi_a,183,confirmation
sushi_a,2777,confirmation
sushi_a,1657,confirmation
sushi_a,1089,confirmation
sushi_a,722,confirmation
sushi_a,2172,confirmation
sushi_a,4090,confirmation
sushi_a,2280,confirmation
sushi_a,178,confirmation
sushi_a,251,confirmation
sushi_a,2917,confirmation
sushi_a,3207,confirmation
sushi_a,3110,confirmation
sushi_a,1160,confirmation
sushi_a,1558,confirmation
sushi_a,558,confirmation
sushi_a,1796,confirmation
sushi_a,4279,confirmation
sushi_a,4255,confirmation
sushi_a,4386,confirmation
sushi_a,1243,confirmation
sushi_a,4396,confirmation
sushi_a,2932,confirmation
sushi_a,4119,confirmation
sushi_a,4608,confirmation
sushi_a,3261,confirmation
sushi_a,390,confirmation
sushi_a,4417,confirmation
sushi_a,49,confirmation
sushi_a,1472,confirmation
sushi_a,2990,confirmation
sushi_a,1857,confirmation
sushi_a,2084,confirmation
sushi_a,858,confirmation
sushi_a,4624,confirmation
sushi_a,595,confirmation
sushi_a,2856,confirmation
sushi_a,4761,confirmation
sushi_a,2496,confirmation
sushi_a,231,confirmation
sushi_a,3690,confirmation
sushi_a,2835,confirmation
sushi_a,3346,confirmation
sushi_a,4294,confirmation
sushi_a,4284,confirmation
sushi_a,2603,confirmation
sushi_a,1788,confirmation
sushi_a,1204,confirmation
sushi_a,4741,confirmation
sushi_a,3083,confirmation
sushi_a,2897,confirmation
sushi_a,1018,confirmation
sushi_a,4924,confirmation
sushi_a,1704,confirmation
sushi_a,4017,confirmation
sushi_a,2497,confirmation
sushi_a,682,confirmation
sushi_a,642,confirmation
sushi_a,536,confirmation
sushi_a,734,confirmation
sushi_a,3326,confirmation
sushi_a,4921,confirmation
sushi_a,2345,confirmation
sushi_a,3790,confirmation
sushi_a,1620,confirmation
sushi_a,635,confirmation
sushi_a,4900,confirmation
sushi_a,3719,confirmation
sushi_a,2472,confirmation
sushi_a,1650,confirmation
sushi_a,1217,confirmation
sushi_a,3644,confirmation
sushi_a,3323,confirmation
sushi_a,4107,confirmation
sushi_a,3598,confirmation
sushi_a,1322,confirmation
sushi_a,1502,confirmation
sushi_a,4000,confirmation
sushi_a,3571,confirmation
sushi_a,2703,confirmation
sushi_a,3274,confirmation
sushi_a,4240,confirmation
sushi_a,640,confirmation
sushi_a,4871,confirmation
sushi_a,1451,confirmation
sushi_a,3183,confirmation
sushi_a,2874,confirmation
sushi_a,3368,confirmation
sushi_a,3255,confirmation
sushi_a,4980,confirmation
sushi_a,4674,confirmation
sushi_a,4418,confirmation
sushi_a,2834,confirmation
sushi_a,3366,confirmation
sushi_a,1732,confirmation
sushi_a,4110,confirmation
sushi_a,3579,confirmation
sushi_a,2797,confirmation
sushi_a,2894,confirmation
sushi_a,1021,confirmation
sushi_a,259,confirmation
sushi_a,3417,confirmation
sushi_a,2552,confirmation
sushi_a,1995,confirmation
sushi_a,3485,confirmation
sushi_a,1077,confirmation
sushi_a,2141,confirmation
sushi_a,3184,confirmation
sushi_a,3045,confirmation
sushi_a,2928,confirmation
sushi_a,764,confirmation
sushi_a,4052,confirmation
sushi_a,4099,confirmation
sushi_a,1912,confirmation
sushi_a,3282,confirmation
sushi_a,4342,confirmation
sushi_a,2264,confirmation
sushi_a,1486,confirmation
sushi_a,528,confirmation
sushi_a,67,confirmation
sushi_a,522,confirmation
sushi_a,3018,confirmation
sushi_a,1357,confirmation
sushi_a,2350,confirmation
sushi_a,3529,confirmation
sushi_a,771,confirmation
sushi_a,108,confirmation
sushi_a,3922,confirmation
sushi_a,455,confirmation
sushi_a,294,confirmation
sushi_a,3476,confirmation
sushi_a,169,confirmation
sushi_a,834,confirmation
sushi_a,4277,confirmation
sushi_a,3439,confirmation
sushi_a,2120,confirmation
sushi_a,252,confirmation
sushi_a,1220,confirmation
sushi_a,3715,confirmation
sushi_a,2168,confirmation
sushi_a,2421,confirmation
sushi_a,4818,confirmation
sushi_a,2617,confirmation
sushi_a,2459,confirmation
sushi_a,3712,confirmation
sushi_a,979,confirmation
sushi_a,511,confirmation
sushi_a,2845,confirmation
sushi_a,3166,confirmation
sushi_a,4069,confirmation
sushi_a,258,confirmation
sushi_a,408,confirmation
sushi_a,4724,confirmation
sushi_a,3910,confirmation
sushi_a,4222,confirmation
sushi_a,3117,confirmation
sushi_a,2531,confirmation
sushi_a,1497,confirmation
sushi_a,3505,confirmation
sushi_a,91,confirmation
sushi_a,2597,confirmation
sushi_a,4021,confirmation
sushi_a,386,confirmation
sushi_a,4427,confirmation
sushi_a,3007,confirmation
sushi_a,2209,confirmation
sushi_a,2018,confirmation
sushi_a,2510,confirmation
sushi_a,3474,confirmation
sushi_a,3991,confirmation
sushi_a,4528,confirmation
sushi_a,1946,confirmation
sushi_a,2863,confirmation
sushi_a,4625,confirmation
sushi_a,2260,confirmation
sushi_a,3369,confirmation
sushi_a,3584,confirmation
sushi_a,2647,confirmation
sushi_a,1292,confirmation
sushi_a,1881,confirmation
sushi_a,1552,confirmation
sushi_a,4683,confirmation
sushi_a,1914,confirmation
sushi_a,3731,confirmation
sushi_a,561,confirmation
sushi_a,559,confirmation
sushi_a,2715,confirmation
sushi_a,2515,confirmation
sushi_a,3549,confirmation
sushi_a,75,confirmation
sushi_a,4644,confirmation
sushi_a,336,confirmation
sushi_a,2370,confirmation
sushi_a,2621,confirmation
sushi_a,2698,confirmation
sushi_a,330,confirmation
sushi_a,4082,confirmation
sushi_a,4601,confirmation
sushi_a,10,confirmation
sushi_a,39,confirmation
sushi_a,2938,confirmation
sushi_a,4080,confirmation
sushi_a,1366,confirmation
sushi_a,1760,confirmation
sushi_a,3742,confirmation
sushi_a,504,confirmation
sushi_a,3354,confirmation
sushi_a,1504,confirmation
sushi_a,2128,confirmation
sushi_a,4996,confirmation
sushi_a,502,confirmation
sushi_a,2713,confirmation
sushi_a,708,confirmation
sushi_a,4825,confirmation
sushi_a,4515,confirmation
sushi_a,4485,confirmation
sushi_a,1232,confirmation
sushi_a,4062,confirmation
sushi_a,3999,confirmation
sushi_a,4664,confirmation
sushi_a,4807,confirmation
sushi_a,374,confirmation
sushi_a,4467,confirmation
sushi_a,3198,confirmation
sushi_a,2848,confirmation
sushi_a,4512,confirmation
sushi_a,3093,confirmation
sushi_a,2292,confirmation
sushi_a,2366,confirmation
sushi_a,1276,confirmation
sushi_a,4669,confirmation
sushi_a,1581,confirmation
sushi_a,2714,confirmation
sushi_a,1823,confirmation
sushi_a,2034,confirmation
sushi_a,64,confirmation
sushi_a,646,confirmation
sushi_a,548,confirmation
sushi_a,2616,confirmation
sushi_a,3015,confirmation
sushi_a,655,confirmation
sushi_a,4101,confirmation
sushi_a,4114,confirmation
sushi_a,1592,confirmation
sushi_a,2254,confirmation
sushi_a,2387,confirmation
sushi_a,4714,confirmation
sushi_a,4895,confirmation
sushi_a,1061,confirmation
sushi_a,3050,confirmation
sushi_a,2519,confirmation
sushi_a,1986,confirmation
sushi_a,1119,confirmation
sushi_a,4587,confirmation
sushi_a,1852,confirmation
sushi_a,4407,confirmation
sushi_a,4261,confirmation
sushi_a,4610,confirmation
sushi_a,4042,confirmation
sushi_a,1442,confirmation
sushi_a,3316,confirmation
sushi_a,936,confirmation
sushi_a,2134,confirmation
sushi_a,3003,confirmation
sushi_a,2754,confirmation
sushi_a,903,confirmation
sushi_a,410,confirmation
sushi_a,1011,confirmation
sushi_a,2931,confirmation
sushi_a,3064,confirmation
sushi_a,2185,confirmation
sushi_a,4652,confirmation
sushi_a,3252,confirmation
sushi_a,2311,confirmation
sushi_a,2535,confirmation
sushi_a,1120,confirmation
sushi_a,4940,confirmation
sushi_a,3833,confirmation
sushi_a,3837,confirmation
sushi_a,3113,confirmation
sushi_a,1411,confirmation
sushi_a,3772,confirmation
sushi_a,4262,confirmation
sushi_a,2483,confirmation
sushi_a,1665,confirmation
sushi_a,4772,confirmation
sushi_a,4442,confirmation
sushi_a,2307,confirmation
sushi_a,269,confirmation
sushi_a,1478,confirmation
sushi_a,324,confirmation
sushi_a,652,confirmation
sushi_a,4661,confirmation
sushi_a,107,confirmation
sushi_a,1431,confirmation
sushi_a,2809,confirmation
sushi_a,3434,confirmation
sushi_a,76,confirmation
sushi_a,208,confirmation
sushi_a,1400,confirmation
sushi_a,3275,confirmation
sushi_a,4533,confirmation
sushi_a,2996,confirmation
sushi_a,4122,confirmation
sushi_a,2875,confirmation
sushi_a,2774,confirmation
sushi_a,1085,confirmation
sushi_a,2077,confirmation
sushi_a,2057,confirmation
sushi_a,2829,confirmation
sushi_a,4535,confirmation
sushi_a,1221,confirmation
sushi_a,4619,confirmation
sushi_a,1480,confirmation
sushi_a,4023,confirmation
sushi_a,4047,confirmation
sushi_a,3477,confirmation
sushi_a,1981,confirmation
sushi_a,4252,confirmation
sushi_a,1585,confirmation
sushi_a,1421,confirmation
sushi_a,4227,confirmation
sushi_a,11,confirmation
sushi_a,2029,confirmation
sushi_a,4403,confirmation
sushi_a,2846,confirmation
sushi_a,3668,confirmation
sushi_a,971,confirmation
sushi_a,71,confirmation
sushi_a,1425,confirmation
sushi_a,3498,confirmation
sushi_a,601,confirmation
sushi_a,2108,confirmation
sushi_a,3622,confirmation
sushi_a,4125,confirmation
sushi_a,422,confirmation
sushi_a,194,confirmation
sushi_a,2058,confirmation
sushi_a,825,confirmation
sushi_a,352,confirmation
sushi_a,2351,confirmation
sushi_a,2230,confirmation
sushi_a,1824,confirmation
sushi_a,4258,confirmation
sushi_a,3428,confirmation
sushi_a,2775,confirmation
sushi_a,3892,confirmation
sushi_a,4988,confirmation
sushi_a,381,confirmation
sushi_a,2673,confirmation
sushi_a,2,confirmation
sushi_a,1562,confirmation
sushi_a,4932,confirmation
sushi_a,2678,confirmation
sushi_a,2665,confirmation
sushi_a,1194,confirmation
sushi_a,1384,confirmation
sushi_a,4308,confirmation
sushi_a,747,confirmation
sushi_a,4806,confirmation
sushi_a,2107,confirmation
sushi_a,1273,confirmation
sushi_a,1976,confirmation
sushi_a,3491,confirmation
sushi_a,190,confirmation
sushi_a,4152,confirmation
sushi_a,450,confirmation
sushi_a,3779,confirmation
sushi_a,1485,confirmation
sushi_a,109,confirmation
sushi_a,1360,confirmation
sushi_a,1492,confirmation
sushi_a,4890,confirmation
sushi_a,54,confirmation
sushi_a,4027,confirmation
sushi_a,3308,confirmation
sushi_a,3351,confirmation
sushi_a,4035,confirmation
sushi_a,4180,confirmation
sushi_a,4561,confirmation
sushi_a,1735,confirmation
sushi_a,2655,confirmation
sushi_a,3809,confirmation
sushi_a,3840,confirmation
sushi_a,4100,confirmation
sushi_a,1518,confirmation
sushi_a,3190,confirmation
sushi_a,4298,confirmation
sushi_a,3487,confirmation
sushi_a,4398,confirmation
sushi_a,1484,confirmation
sushi_a,207,confirmation
sushi_a,2700,confirmation
sushi_a,4176,confirmation
sushi_a,1858,confirmation
sushi_a,2208,confirmation
sushi_a,4633,confirmation
sushi_a,4969,confirmation
sushi_a,484,confirmation
sushi_a,938,confirmation
sushi_a,3408,confirmation
sushi_a,2921,confirmation
sushi_a,3164,confirmation
sushi_a,2911,confirmation
sushi_a,1437,confirmation
sushi_a,106,confirmation
sushi_a,3934,confirmation
sushi_a,3237,confirmation
sushi_a,1378,confirmation
sushi_a,3115,confirmation
sushi_a,1339,confirmation
sushi_a,2600,confirmation
sushi_a,763,confirmation
sushi_a,4391,confirmation
sushi_a,4379,confirmation
sushi_a,22,confirmation
sushi_a,1625,confirmation
sushi_a,2244,confirmation
sushi_a,279,confirmation
sushi_a,2041,confirmation
sushi_a,857,confirmation
sushi_a,1705,confirmation
sushi_a,1004,confirmation
sushi_a,2101,confirmation
sushi_a,3776,confirmation
sushi_a,1281,confirmation
sushi_a,4149,confirmation
sushi_a,1483,confirmation
sushi_a,3551,confirmation
sushi_a,1044,confirmation
sushi_a,814,confirmation
sushi_a,4612,confirmation
sushi_a,490,confirmation
sushi_a,44,confirmation
sushi_a,2592,confirmation
sushi_a,1331,confirmation
sushi_a,1953,confirmation
sushi_a,4076,confirmation
sushi_a,3458,confirmation
sushi_a,1192,confirmation
sushi_a,3536,confirmation
sushi_a,4695,confirmation
sushi_a,4783,confirmation
sushi_a,1213,confirmation
sushi_a,792,confirmation
sushi_a,2690,confirmation
sushi_a,3089,confirmation
sushi_a,185,confirmation
sushi_a,3263,confirmation
sushi_a,680,confirmation
sushi_a,2947,confirmation
sushi_a,2470,confirmation
sushi_a,3680,confirmation
sushi_a,3297,confirmation
sushi_a,4346,confirmation
sushi_a,1954,confirmation
sushi_a,4296,confirmation
sushi_a,3467,confirmation
sushi_a,3817,confirmation
sushi_a,2534,confirmation
sushi_a,3309,confirmation
sushi_a,4717,confirmation
sushi_a,3974,confirmation
sushi_a,1265,confirmation
sushi_a,865,confirmation
sushi_a,2588,confirmation
sushi_a,4495,confirmation
sushi_a,4013,confirmation
sushi_a,399,confirmation
sushi_a,2824,confirmation
sushi_a,4416,confirmation
sushi_a,1428,confirmation
sushi_a,238,confirmation
sushi_a,2148,confirmation
sushi_a,2233,confirmation
sushi_a,3955,confirmation
sushi_a,4967,confirmation
sushi_a,4781,confirmation
sushi_a,1686,confirmation
sushi_a,3596,confirmation
sushi_a,3707,confirmation
sushi_a,3550,confirmation
sushi_a,3896,confirmation
sushi_a,1561,confirmation
sushi_a,3141,confirmation
sushi_a,1060,confirmation
sushi_a,2289,confirmation
sushi_a,1079,confirmation
sushi_a,1827,confirmation
sushi_a,2646,confirmation
sushi_a,14,confirmation
sushi_a,983,confirmation
sushi_a,1181,confirmation
sushi_a,520,confirmation
sushi_a,3673,confirmation
sushi_a,4165,confirmation
sushi_a,2309,confirmation
sushi_a,205,confirmation
sushi_a,4599,confirmation
sushi_a,1632,confirmation
sushi_a,4919,confirmation
sushi_a,1199,confirmation
sushi_a,1264,confirmation
sushi_a,3455,confirmation
sushi_a,3376,confirmation
sushi_a,1399,confirmation
sushi_a,2335,confirmation
sushi_a,1187,confirmation
sushi_a,2437,confirmation
sushi_a,3283,confirmation
sushi_a,1658,confirmation
sushi_a,95,confirmation
sushi_a,3409,confirmation
sushi_a,2432,confirmation
sushi_a,1816,confirmation
sushi_a,4137,confirmation
sushi_a,3230,confirmation
sushi_a,2611,confirmation
sushi_a,3081,confirmation
sushi_a,1284,confirmation
sushi_a,1208,confirmation
sushi_a,4839,confirmation
sushi_a,3235,confirmation
sushi_a,1084,confirmation
sushi_a,660,confirmation
sushi_a,4421,confirmation
sushi_a,774,confirmation
sushi_a,3344,confirmation
sushi_a,2749,confirmation
sushi_a,3248,confirmation
sushi_a,2461,confirmation
sushi_a,3466,confirmation
sushi_a,1691,confirmation
sushi_a,211,confirmation
sushi_a,3462,confirmation
sushi_a,3989,confirmation
sushi_a,2587,confirmation
sushi_a,3385,confirmation
sushi_a,3542,confirmation
sushi_a,2547,confirmation
sushi_a,1679,confirmation
sushi_a,3121,confirmation
sushi_a,1382,confirmation
sushi_a,4989,confirmation
sushi_a,4225,confirmation
sushi_a,3694,confirmation
sushi_a,3816,confirmation
sushi_a,901,confirmation
sushi_a,580,confirmation
sushi_a,3581,confirmation
sushi_a,1677,confirmation
sushi_a,3449,confirmation
sushi_a,1337,confirmation
sushi_a,4370,confirmation
sushi_a,1904,confirmation
sushi_a,3621,confirmation
sushi_a,2155,confirmation
sushi_a,4665,confirmation
sushi_a,1699,confirmation
sushi_a,3225,confirmation
sushi_a,1104,confirmation
sushi_a,4564,confirmation
sushi_a,337,confirmation
sushi_a,1751,confirmation
sushi_a,4582,confirmation
sushi_a,2814,confirmation
sushi_a,530,confirmation
sushi_a,4315,confirmation
sushi_a,4026,confirmation
sushi_a,4458,confirmation
sushi_a,344,confirmation
sushi_a,3405,confirmation
sushi_a,3245,confirmation
sushi_a,2709,confirmation
sushi_a,4365,confirmation
sushi_a,2615,confirmation
sushi_a,3733,confirmation
sushi_a,3236,confirmation
sushi_a,3331,confirmation
sushi_a,3244,confirmation
sushi_a,4399,confirmation
sushi_a,1662,confirmation
sushi_a,2717,confirmation
sushi_a,4906,confirmation
sushi_a,50,confirmation
sushi_a,1733,confirmation
sushi_a,358,confirmation
sushi_a,795,confirmation
sushi_a,989,confirmation
sushi_a,3281,confirmation
sushi_a,1752,confirmation
sushi_a,27,confirmation
sushi_a,1386,confirmation
sushi_a,2718,confirmation
sushi_a,28,confirmation
sushi_a,476,confirmation
sushi_a,4497,confirmation
sushi_a,2927,confirmation
sushi_a,4024,confirmation
sushi_a,1145,confirmation
sushi_a,2102,confirmation
sushi_a,3751,confirmation
sushi_a,2769,confirmation
sushi_a,33,confirmation
sushi_a,2558,confirmation
sushi_a,4412,confirmation
sushi_a,3027,confirmation
sushi_a,4437,confirmation
sushi_a,2625,confirmation
sushi_a,3646,confirmation
sushi_a,347,confirmation
sushi_a,2900,confirmation
sushi_a,4621,confirmation
sushi_a,429,confirmation
sushi_a,1910,confirmation
sushi_a,4849,confirmation
sushi_a,3936,confirmation
sushi_a,2039,confirmation
sushi_a,3167,confirmation
sushi_a,2123,confirmation
sushi_a,2008,confirmation
sushi_a,346,confirmation
sushi_a,4243,confirmation
sushi_a,2436,confirmation
sushi_a,2499,confirmation
sushi_a,3270,confirmation
sushi_a,3322,confirmation
sushi_a,37,confirmation
sushi_a,1792,confirmation
sushi_a,2471,confirmation
sushi_a,2929,confirmation
sushi_a,2405,confirmation
sushi_a,3364,confirmation
sushi_a,2477,confirmation
sushi_a,1776,confirmation
sushi_a,1748,confirmation
sushi_a,1270,confirmation
sushi_a,4945,confirmation
sushi_a,4072,confirmation
sushi_a,4530,confirmation
sushi_a,2481,confirmation
sushi_a,4689,confirmation
sushi_a,1718,confirmation
sushi_a,1245,confirmation
sushi_a,3997,confirmation
sushi_a,1116,confirmation
sushi_a,3911,confirmation
sushi_a,1957,confirmation
sushi_a,1614,confirmation
sushi_a,413,confirmation
sushi_a,4451,confirmation
sushi_a,3565,confirmation
sushi_a,1056,confirmation
sushi_a,4264,confirmation
sushi_a,2272,confirmation
sushi_a,4660,confirmation
sushi_a,58,confirmation
sushi_a,2606,confirmation
sushi_a,1115,confirmation
sushi_a,3422,confirmation
sushi_a,2485,confirmation
sushi_a,3756,confirmation
sushi_a,2247,confirmation
sushi_a,331,confirmation
sushi_a,2873,confirmation
sushi_a,3904,confirmation
sushi_a,4163,confirmation
sushi_a,690,confirmation
sushi_a,4553,confirmation
sushi_a,2801,confirmation
sushi_a,2505,confirmation
sushi_a,2235,confirmation
sushi_a,3780,confirmation
sushi_a,2021,confirmation
sushi_a,2184,confirmation
sushi_a,596,confirmation
sushi_a,163,confirmation
sushi_a,3300,confirmation
sushi_a,4070,confirmation
sushi_a,636,confirmation
sushi_a,3139,confirmation
sushi_a,2720,confirmation
sushi_a,1678,confirmation
sushi_a,2964,confirmation
sushi_a,3938,confirmation
sushi_a,503,confirmation
sushi_a,4955,confirmation
sushi_a,2371,confirmation
sushi_a,837,confirmation
sushi_a,3265,confirmation
sushi_a,3854,confirmation
sushi_a,23,confirmation
sushi_a,4496,confirmation
sushi_a,567,confirmation
sushi_a,3909,confirmation
sushi_a,4147,confirmation
sushi_a,700,confirmation
sushi_a,4942,confirmation
sushi_a,4605,confirmation
sushi_a,3597,confirmation
sushi_a,2176,confirmation
sushi_a,86,confirmation
sushi_a,3506,confirmation
sushi_a,4492,confirmation
sushi_a,3065,confirmation
sushi_a,2083,confirmation
sushi_a,4811,confirmation
sushi_a,699,confirmation
sushi_a,4018,confirmation
sushi_a,2257,confirmation
sushi_a,570,confirmation
sushi_a,2847,confirmation
sushi_a,2670,confirmation
sushi_a,1766,confirmation
sushi_a,488,confirmation
sushi_a,3799,confirmation
sushi_a,2196,confirmation
sushi_a,1449,confirmation
sushi_a,1974,confirmation
sushi_a,25,confirmation
sushi_a,4238,confirmation
sushi_a,188,confirmation
sushi_a,1371,confirmation
sushi_a,1700,confirmation
sushi_a,4903,confirmation
sushi_a,2137,confirmation
sushi_a,3391,confirmation
sushi_a,2367,confirmation
sushi_a,2543,confirmation
sushi_a,1080,confirmation
sushi_a,1810,confirmation
sushi_a,1405,confirmation
sushi_a,3307,confirmation
sushi_a,649,confirmation
sushi_a,5,confirmation
sushi_a,4219,confirmation
sushi_a,3350,confirmation
sushi_a,4303,confirmation
sushi_a,793,confirmation
sushi_a,2491,confirmation
sushi_a,3315,confirmation
sushi_a,2239,confirmation
sushi_a,1955,confirmation
sushi_a,131,confirmation
sushi_a,2125,confirmation
sushi_a,2793,confirmation
sushi_a,2852,confirmation
sushi_a,4092,confirmation
sushi_a,4440,confirmation
sushi_a,1621,confirmation
sushi_a,3243,confirmation
sushi_a,4214,confirmation
sushi_a,4707,confirmation
sushi_a,2372,confirmation
sushi_a,1683,confirmation
sushi_a,1047,confirmation
sushi_a,2171,confirmation
sushi_a,581,confirmation
sushi_a,4975,confirmation
sushi_a,1664,confirmation
sushi_a,1350,confirmation
sushi_a,3889,confirmation
sushi_a,19,confirmation
sushi_a,283,confirmation
sushi_a,88,confirmation
sushi_a,2429,confirmation
sushi_a,4142,confirmation
sushi_a,3956,confirmation
sushi_a,3149,confirmation
sushi_a,483,confirmation
sushi_a,2773,confirmation
sushi_a,970,confirmation
sushi_a,1306,confirmation
sushi_a,304,confirmation
sushi_a,264,confirmation
sushi_a,1248,confirmation
sushi_a,200,confirmation
sushi_a,3746,confirmation
sushi_a,1525,confirmation
sushi_a,1923,confirmation
sushi_a,1407,confirmation
sushi_a,934,confirmation
sushi_a,4109,confirmation
sushi_a,3033,confirmation
sushi_a,2903,confirmation
sushi_a,3140,confirmation
sushi_a,4755,confirmation
sushi_a,2907,confirmation
sushi_a,3871,confirmation
sushi_a,215,confirmation
sushi_a,1345,confirmation
sushi_a,494,confirmation
sushi_a,1151,confirmation
sushi_a,4483,confirmation
sushi_a,4332,confirmation
sushi_a,2145,confirmation
sushi_a,1134,confirmation
sushi_a,2699,confirmation
sushi_a,1838,confirmation
sushi_a,3321,confirmation
sushi_a,3010,confirmation
sushi_a,3691,confirmation
sushi_a,507,confirmation
sushi_a,2310,confirmation
sushi_a,2811,confirmation
sushi_a,3732,confirmation
sushi_a,3151,confirmation
sushi_a,3677,confirmation
sushi_a,1901,confirmation
sushi_a,886,confirmation
sushi_a,2902,confirmation
sushi_a,3635,confirmation
sushi_a,1964,confirmation
sushi_a,2571,confirmation
sushi_a,743,confirmation
sushi_a,1168,confirmation
sushi_a,1635,confirmation
sushi_a,2567,confirmation
sushi_a,1739,confirmation
sushi_a,80,confirmation
sushi_a,1092,confirmation
sushi_a,1968,confirmation
sushi_a,1283,confirmation
sushi_a,2855,confirmation
sushi_a,1613,confirmation
sushi_a,474,confirmation
sushi_a,4193,confirmation
sushi_a,3435,confirmation
sushi_a,4982,confirmation
sushi_a,985,confirmation
sushi_a,2030,confirmation
sushi_a,1082,confirmation
sushi_a,2383,confirmation
sushi_a,2467,confirmation
sushi_a,4491,confirmation
sushi_a,2919,confirmation
sushi_a,2325,confirmation
sushi_a,1496,confirmation
sushi_a,199,confirmation
sushi_a,2285,confirmation
sushi_a,4977,confirmation
sushi_a,4444,confirmation
sushi_a,395,confirmation
sushi_a,4817,confirmation
sushi_a,2476,confirmation
sushi_a,4785,confirmation
sushi_a,820,confirmation
sushi_a,778,confirmation
sushi_a,138,confirmation
sushi_a,644,confirmation
sushi_a,4647,confirmation
sushi_a,4409,confirmation
sushi_a,621,confirmation
sushi_a,4872,confirmation
sushi_a,2966,confirmation
sushi_a,3624,confirmation
sushi_a,3605,confirmation
sushi_a,1992,confirmation
sushi_a,678,confirmation
sushi_a,12,confirmation
sushi_a,424,confirmation
sushi_a,168,confirmation
sushi_a,615,confirmation
sushi_a,3280,confirmation
sushi_a,4732,confirmation
sushi_a,2044,confirmation
sushi_a,841,confirmation
sushi_a,3004,confirmation
sushi_a,1355,confirmation
sushi_a,982,confirmation
sushi_a,3463,confirmation
sushi_a,1549,confirmation
sushi_a,2256,confirmation
sushi_a,2100,confirmation
sushi_a,1674,confirmation
sushi_a,2554,confirmation
sushi_a,317,confirmation
sushi_a,3797,confirmation
sushi_a,2149,confirmation
sushi_a,836,confirmation
sushi_a,2278,confirmation
sushi_a,2596,confirmation
sushi_a,1296,confirmation
sushi_a,3348,confirmation
sushi_a,2783,confirmation
sushi_a,2040,confirmation
sushi_a,4422,confirmation
sushi_a,3500,confirmation
sushi_a,4658,confirmation
sushi_a,4782,confirmation
sushi_a,4031,confirmation
sushi_a,4876,confirmation
sushi_a,467,confirmation
sushi_a,73,confirmation
sushi_a,1318,confirmation
sushi_a,3507,confirmation
sushi_a,4758,confirmation
sushi_a,1884,confirmation
sushi_a,55,confirmation
sushi_a,1651,confirmation
sushi_a,672,confirmation
sushi_a,4634,confirmation
sushi_a,3766,confirmation
sushi_a,284,confirmation
sushi_a,3688,confirmation
sushi_a,2566,confirmation
sushi_a,3193,confirmation
sushi_a,1036,confirmation
sushi_a,3138,confirmation
sushi_a,2398,confirmation
sushi_a,4800,confirmation
sushi_a,1793,confirmation
sushi_a,2890,confirmation
sushi_a,2595,confirmation
sushi_a,4251,confirmation
sushi_a,2838,confirmation
sushi_a,2424,confirmation
sushi_a,905,confirmation
sushi_a,2692,confirmation
sushi_a,2498,confirmation
sushi_a,2347,confirmation
sushi_a,1753,confirmation
sushi_a,4231,confirmation
sushi_a,2594,confirmation
sushi_a,733,confirmation
sushi_a,3214,confirmation
sushi_a,4266,confirmation
sushi_a,4195,confirmation
sushi_a,1376,confirmation
sushi_a,3383,confirmation
sushi_a,1166,confirmation
sushi_a,518,confirmation
sushi_a,3541,confirmation
sushi_a,322,confirmation
sushi_a,717,confirmation
sushi_a,1261,confirmation
sushi_a,1470,confirmation
sushi_a,3053,confirmation
sushi_a,3241,confirmation
sushi_b,3240,fit
sushi_b,3747,fit
sushi_b,70,fit
sushi_b,1627,fit
sushi_b,2741,fit
sushi_b,1403,fit
sushi_b,517,fit
sushi_b,1833,fit
sushi_b,1328,fit
sushi_b,2948,fit
sushi_b,2365,fit
sushi_b,473,fit
sushi_b,4301,fit
sushi_b,4064,fit
sushi_b,2333,fit
sushi_b,3495,fit
sushi_b,3669,fit
sushi_b,3560,fit
sushi_b,4586,fit
sushi_b,4463,fit
sushi_b,4794,fit
sushi_b,1241,fit
sushi_b,828,fit
sushi_b,3970,fit
sushi_b,2906,fit
sushi_b,2447,fit
sushi_b,3104,fit
sushi_b,4773,fit
sushi_b,267,fit
sushi_b,1429,fit
sushi_b,2831,fit
sushi_b,2506,fit
sushi_b,1573,fit
sushi_b,4691,fit
sushi_b,4333,fit
sushi_b,2901,fit
sushi_b,2913,fit
sushi_b,3993,fit
sushi_b,4801,fit
sushi_b,563,fit
sushi_b,1988,fit
sushi_b,538,fit
sushi_b,1847,fit
sushi_b,4220,fit
sushi_b,4230,fit
sushi_b,4402,fit
sushi_b,1129,fit
sushi_b,226,fit
sushi_b,4204,fit
sushi_b,4008,fit
sushi_b,651,fit
sushi_b,2361,fit
sushi_b,716,fit
sushi_b,762,fit
sushi_b,4095,fit
sushi_b,1806,fit
sushi_b,855,fit
sushi_b,972,fit
sushi_b,3603,fit
sushi_b,577,fit
sushi_b,1622,fit
sushi_b,1304,fit
sushi_b,727,fit
sushi_b,3845,fit
sushi_b,4571,fit
sushi_b,1871,fit
sushi_b,2192,fit
sushi_b,3929,fit
sushi_b,4750,fit
sushi_b,1708,fit
sushi_b,2504,fit
sushi_b,4622,fit
sushi_b,4726,fit
sushi_b,4010,fit
sushi_b,586,fit
sushi_b,1848,fit
sushi_b,1088,fit
sushi_b,1509,fit
sushi_b,3107,fit
sushi_b,326,fit
sushi_b,4001,fit
sushi_b,1182,fit
sushi_b,4676,fit
sushi_b,1341,fit
sushi_b,720,fit
sushi_b,3713,fit
sushi_b,3170,fit
sushi_b,3318,fit
sushi_b,2110,fit
sushi_b,992,fit
sushi_b,2122,fit
sushi_b,4531,fit
sushi_b,508,fit
sushi_b,2318,fit
sushi_b,1391,fit
sushi_b,81,fit
sushi_b,4439,fit
sushi_b,2294,fit
sushi_b,4477,fit
sushi_b,3155,fit
sushi_b,4115,fit
sushi_b,2031,fit
sushi_b,2662,fit
sushi_b,343,fit
sushi_b,1127,fit
sushi_b,3981,fit
sushi_b,3619,fit
sushi_b,868,fit
sushi_b,2812,fit
sushi_b,4646,fit
sushi_b,3161,fit
sushi_b,2853,fit
sushi_b,3738,fit
sushi_b,3102,fit
sushi_b,529,fit
sushi_b,1219,fit
sushi_b,2388,fit
sushi_b,2049,fit
sushi_b,915,fit
sushi_b,3215,fit
sushi_b,2306,fit
sushi_b,4321,fit
sushi_b,116,fit
sushi_b,3416,fit
sushi_b,1432,fit
sushi_b,1865,fit
sushi_b,462,fit
sushi_b,1854,fit
sushi_b,2500,fit
sushi_b,2937,fit
sushi_b,1790,fit
sushi_b,3980,fit
sushi_b,3386,fit
sushi_b,2010,fit
sushi_b,4762,fit
sushi_b,3930,fit
sushi_b,3794,fit
sushi_b,3218,fit
sushi_b,2619,fit
sushi_b,432,fit
sushi_b,4430,fit
sushi_b,662,fit
sushi_b,4479,fit
sushi_b,891,fit
sushi_b,2262,fit
sushi_b,2352,fit
sushi_b,2888,fit
sushi_b,2270,fit
sushi_b,4132,fit
sushi_b,2423,fit
sushi_b,3396,fit
sushi_b,1763,fit
sushi_b,501,fit
sushi_b,2513,fit
sushi_b,3512,fit
sushi_b,1491,fit
sushi_b,1186,fit
sushi_b,4889,fit
sushi_b,1619,fit
sushi_b,1433,fit
sushi_b,4763,fit
sushi_b,3899,fit
sushi_b,702,fit
sushi_b,4134,fit
sushi_b,4044,fit
sushi_b,4540,fit
sushi_b,20,fit
sushi_b,2712,fit
sushi_b,531,fit
sushi_b,3412,fit
sushi_b,1124,fit
sushi_b,3778,fit
sushi_b,3580,fit
sushi_b,2601,fit
sushi_b,300,fit
sushi_b,4870,fit
sushi_b,805,fit
sushi_b,4834,fit
sushi_b,340,fit
sushi_b,3608,fit
sushi_b,4375,fit
sushi_b,3882,fit
sushi_b,724,fit
sushi_b,4866,fit
sushi_b,691,fit
sushi_b,2414,fit
sushi_b,4205,fit
sushi_b,140,fit
sushi_b,912,fit
sushi_b,910,fit
sushi_b,4380,fit
sushi_b,4990,fit
sushi_b,3693,fit
sushi_b,4123,fit
sushi_b,4833,fit
sushi_b,2685,fit
sushi_b,233,fit
sushi_b,3143,fit
sushi_b,1454,fit
sushi_b,1612,fit
sushi_b,2263,fit
sushi_b,589,fit
sushi_b,4873,fit
sushi_b,1294,fit
sushi_b,2284,fit
sushi_b,3114,fit
sushi_b,1029,fit
sushi_b,4753,fit
sushi_b,1822,fit
sushi_b,2376,fit
sushi_b,546,fit
sushi_b,2415,fit
sushi_b,4053,fit
sushi_b,3613,fit
sushi_b,385,fit
sushi_b,3642,fit
sushi_b,1424,fit
sushi_b,1140,fit
sushi_b,1010,fit
sushi_b,4628,fit
sushi_b,2539,fit
sushi_b,1574,fit
sushi_b,2688,fit
sushi_b,3802,fit
sushi_b,4172,fit
sushi_b,4688,fit
sushi_b,2524,fit
sushi_b,3072,fit
sushi_b,121,fit
sushi_b,1361,fit
sushi_b,4457,fit
sushi_b,4609,fit
sushi_b,65,fit
sushi_b,1374,fit
sushi_b,4197,fit
sushi_b,4007,fit
sushi_b,3716,fit
sushi_b,260,fit
sushi_b,4340,fit
sushi_b,2055,fit
sushi_b,2983,fit
sushi_b,1302,fit
sushi_b,4164,fit
sushi_b,93,fit
sushi_b,4635,fit
sushi_b,728,fit
sushi_b,1879,fit
sushi_b,1214,fit
sushi_b,3657,fit
sushi_b,311,fit
sushi_b,4939,fit
sushi_b,1977,fit
sushi_b,1936,fit
sushi_b,2969,fit
sushi_b,545,fit
sushi_b,3783,fit
sushi_b,1015,fit
sushi_b,4254,fit
sushi_b,2457,fit
sushi_b,1987,fit
sushi_b,4036,fit
sushi_b,674,fit
sushi_b,1488,fit
sushi_b,3525,fit
sushi_b,2349,fit
sushi_b,1919,fit
sushi_b,3740,fit
sushi_b,4905,fit
sushi_b,2943,fit
sushi_b,3663,fit
sushi_b,600,fit
sushi_b,2581,fit
sushi_b,1984,fit
sushi_b,2934,fit
sushi_b,1655,fit
sushi_b,3076,fit
sushi_b,564,fit
sushi_b,3091,fit
sushi_b,4933,fit
sushi_b,145,fit
sushi_b,4790,fit
sushi_b,308,fit
sushi_b,4207,fit
sushi_b,3456,fit
sushi_b,4233,fit
sushi_b,4788,fit
sushi_b,1779,fit
sushi_b,3012,fit
sushi_b,3090,fit
sushi_b,1326,fit
sushi_b,933,fit
sushi_b,442,fit
sushi_b,913,fit
sushi_b,2854,fit
sushi_b,4843,fit
sushi_b,1209,fit
sushi_b,3741,fit
sushi_b,282,fit
sushi_b,3212,fit
sushi_b,3590,fit
sushi_b,1913,fit
sushi_b,2324,fit
sushi_b,2234,fit
sushi_b,968,fit
sushi_b,961,fit
sushi_b,2321,fit
sushi_b,4916,fit
sushi_b,3502,fit
sushi_b,946,fit
sushi_b,3208,fit
sushi_b,2384,fit
sushi_b,3744,fit
sushi_b,2279,fit
sushi_b,2066,fit
sushi_b,3013,fit
sushi_b,1639,fit
sushi_b,745,fit
sushi_b,3227,fit
sushi_b,2020,fit
sushi_b,4337,fit
sushi_b,1943,fit
sushi_b,2468,fit
sushi_b,4146,fit
sushi_b,1123,fit
sushi_b,4767,fit
sushi_b,4667,fit
sushi_b,2204,fit
sushi_b,723,fit
sushi_b,461,fit
sushi_b,3454,fit
sushi_b,2225,fit
sushi_b,3000,fit
sushi_b,3763,fit
sushi_b,1174,fit
sushi_b,2527,fit
sushi_b,3898,fit
sushi_b,1196,fit
sushi_b,2923,fit
sushi_b,2327,fit
sushi_b,4880,fit
sushi_b,1596,fit
sushi_b,4657,fit
sushi_b,3278,fit
sushi_b,367,fit
sushi_b,3855,fit
sushi_b,1938,fit
sushi_b,1588,fit
sushi_b,2737,fit
sushi_b,4576,fit
sushi_b,2995,fit
sushi_b,3866,fit
sushi_b,879,fit
sushi_b,274,fit
sushi_b,4887,fit
sushi_b,3965,fit
sushi_b,739,fit
sushi_b,3398,fit
sushi_b,4616,fit
sushi_b,1709,fit
sushi_b,255,fit
sushi_b,1388,fit
sushi_b,4237,fit
sushi_b,3920,fit
sushi_b,197,fit
sushi_b,1390,fit
sushi_b,2747,fit
sushi_b,4702,fit
sushi_b,1242,fit
sushi_b,688,fit
sushi_b,2742,fit
sushi_b,550,fit
sushi_b,4704,fit
sushi_b,3014,fit
sushi_b,1212,fit
sushi_b,4156,fit
sushi_b,4211,fit
sushi_b,245,fit
sushi_b,1836,fit
sushi_b,4079,fit
sushi_b,4250,fit
sushi_b,4862,fit
sushi_b,4302,fit
sushi_b,1909,fit
sushi_b,3643,fit
sushi_b,969,fit
sushi_b,1890,fit
sushi_b,4851,fit
sushi_b,871,fit
sushi_b,2139,fit
sushi_b,1239,fit
sushi_b,848,fit
sushi_b,3631,fit
sushi_b,3101,fit
sushi_b,1611,fit
sushi_b,3388,fit
sushi_b,74,fit
sushi_b,3949,fit
sushi_b,3705,fit
sushi_b,4931,fit
sushi_b,2116,fit
sushi_b,1,fit
sushi_b,1053,fit
sushi_b,519,fit
sushi_b,4828,fit
sushi_b,2088,fit
sushi_b,1320,fit
sushi_b,832,fit
sushi_b,812,fit
sushi_b,447,fit
sushi_b,703,fit
sushi_b,2691,fit
sushi_b,3317,fit
sushi_b,2059,fit
sushi_b,2763,fit
sushi_b,2395,fit
sushi_b,1224,fit
sushi_b,2408,fit
sushi_b,2579,fit
sushi_b,1944,fit
sushi_b,829,fit
sushi_b,3861,fit
sushi_b,3392,fit
sushi_b,4956,fit
sushi_b,2796,fit
sushi_b,2362,fit
sushi_b,1436,fit
sushi_b,2626,fit
sushi_b,1467,fit
sushi_b,495,fit
sushi_b,2628,fit
sushi_b,3446,fit
sushi_b,2622,fit
sushi_b,3928,fit
sushi_b,1557,fit
sushi_b,365,fit
sushi_b,2705,fit
sushi_b,3992,fit
sushi_b,124,fit
sushi_b,3791,fit
sushi_b,1303,fit
sushi_b,4808,fit
sushi_b,437,fit
sushi_b,1991,fit
sushi_b,4947,fit
sushi_b,2751,fit
sushi_b,1144,fit
sushi_b,3286,fit
sushi_b,162,fit
sushi_b,527,fit
sushi_b,1161,fit
sushi_b,4577,fit
sushi_b,4813,fit
sushi_b,2079,fit
sushi_b,4560,fit
sushi_b,1667,fit
sushi_b,167,fit
sushi_b,3726,fit
sushi_b,866,fit
sushi_b,4569,fit
sushi_b,1975,fit
sushi_b,1908,fit
sushi_b,4012,fit
sushi_b,4797,fit
sushi_b,3868,fit
sushi_b,1048,fit
sushi_b,482,fit
sushi_b,2271,fit
sushi_b,216,fit
sushi_b,942,fit
sushi_b,4984,fit
sushi_b,1409,fit
sushi_b,2978,fit
sushi_b,1001,fit
sushi_b,3356,fit
sushi_b,2450,fit
sushi_b,3196,fit
sushi_b,953,fit
sushi_b,2464,fit
sushi_b,305,fit
sushi_b,808,fit
sushi_b,1197,fit
sushi_b,4096,fit
sushi_b,4520,fit
sushi_b,4546,fit
sushi_b,2323,fit
sushi_b,1885,fit
sushi_b,1114,fit
sushi_b,3473,fit
sushi_b,1135,fit
sushi_b,1323,fit
sushi_b,1979,fit
sushi_b,2822,fit
sushi_b,2526,fit
sushi_b,4170,fit
sushi_b,3655,fit
sushi_b,29,fit
sushi_b,4643,fit
sushi_b,4314,fit
sushi_b,2328,fit
sushi_b,2443,fit
sushi_b,3708,fit
sushi_b,4588,fit
sushi_b,2156,fit
sushi_b,339,fit
sushi_b,4882,fit
sushi_b,1980,fit
sushi_b,3594,fit
sushi_b,2288,fit
sushi_b,1278,fit
sushi_b,2189,fit
sushi_b,2142,fit
sushi_b,3047,fit
sushi_b,1537,fit
sushi_b,3599,fit
sushi_b,2001,fit
sushi_b,218,fit
sushi_b,94,fit
sushi_b,3186,fit
sushi_b,4957,fit
sushi_b,2417,fit
sushi_b,4598,fit
sushi_b,924,fit
sushi_b,4461,fit
sushi_b,3553,fit
sushi_b,794,fit
sushi_b,2454,fit
sushi_b,3306,fit
sushi_b,3530,fit
sushi_b,249,fit
sushi_b,2861,fit
sushi_b,4246,fit
sushi_b,4928,fit
sushi_b,1299,fit
sushi_b,157,fit
sushi_b,880,fit
sushi_b,4642,fit
sushi_b,681,fit
sushi_b,1289,fit
sushi_b,4548,fit
sushi_b,3718,fit
sushi_b,1969,fit
sushi_b,4445,fit
sushi_b,2341,fit
sushi_b,1956,fit
sushi_b,1172,fit
sushi_b,481,fit
sushi_b,1866,fit
sushi_b,956,fit
sushi_b,2794,fit
sushi_b,3514,fit
sushi_b,4746,fit
sushi_b,1038,fit
sushi_b,2627,fit
sushi_b,3169,fit
sushi_b,816,fit
sushi_b,2293,fit
sushi_b,3888,fit
sushi_b,242,fit
sushi_b,2536,fit
sushi_b,4682,fit
sushi_b,1072,fit
sushi_b,2533,fit
sushi_b,2728,fit
sushi_b,2532,fit
sushi_b,1706,fit
sushi_b,332,fit
sushi_b,2369,fit
sushi_b,1603,fit
sushi_b,3382,fit
sushi_b,92,fit
sushi_b,3720,fit
sushi_b,1193,fit
sushi_b,1188,fit
sushi_b,2214,fit
sushi_b,3796,fit
sushi_b,738,fit
sushi_b,4293,fit
sushi_b,496,fit
sushi_b,3490,fit
sushi_b,119,fit
sushi_b,1490,fit
sushi_b,4993,fit
sushi_b,3271,fit
sushi_b,4054,fit
sushi_b,990,fit
sushi_b,3589,fit
sushi_b,1506,fit
sushi_b,3850,fit
sushi_b,61,fit
sushi_b,2314,fit
sushi_b,839,fit
sushi_b,4620,fit
sushi_b,1892,fit
sushi_b,1551,fit
sushi_b,3602,fit
sushi_b,801,fit
sushi_b,4556,fit
sushi_b,4936,fit
sushi_b,1911,fit
sushi_b,4832,fit
sushi_b,4201,fit
sushi_b,2989,fit
sushi_b,686,fit
sushi_b,431,fit
sushi_b,4754,fit
sushi_b,3120,fit
sushi_b,2634,fit
sushi_b,1286,fit
sushi_b,1721,fit
sushi_b,1734,fit
sushi_b,4317,fit
sushi_b,984,fit
sushi_b,3197,fit
sushi_b,4502,fit
sushi_b,4139,fit
sushi_b,779,fit
sushi_b,2804,fit
sushi_b,4568,fit
sushi_b,4593,fit
sushi_b,1868,fit
sushi_b,123,fit
sushi_b,3753,fit
sushi_b,2590,fit
sushi_b,4226,fit
sushi_b,1028,fit
sushi_b,3765,fit
sushi_b,941,fit
sushi_b,4153,fit
sushi_b,2412,fit
sushi_b,3768,fit
sushi_b,220,fit
sushi_b,4949,fit
sushi_b,193,fit
sushi_b,1707,fit
sushi_b,3967,fit
sushi_b,4316,fit
sushi_b,1222,fit
sushi_b,1714,fit
sushi_b,789,fit
sushi_b,3534,fit
sushi_b,1032,fit
sushi_b,893,fit
sushi_b,1105,fit
sushi_b,1313,fit
sushi_b,3610,fit
sushi_b,694,fit
sushi_b,565,fit
sushi_b,2000,fit
sushi_b,928,fit
sushi_b,1746,fit
sushi_b,1268,fit
sushi_b,486,fit
sushi_b,1710,fit
sushi_b,3652,fit
sushi_b,1511,fit
sushi_b,1122,fit
sushi_b,2565,fit
sushi_b,2679,fit
sushi_b,2200,fit
sushi_b,2151,fit
sushi_b,272,fit
sushi_b,1180,fit
sushi_b,3577,fit
sushi_b,2914,fit
sushi_b,1305,fit
sushi_b,4865,fit
sushi_b,1211,fit
sushi_b,1512,fit
sushi_b,3006,fit
sushi_b,234,fit
sushi_b,147,fit
sushi_b,26,fit
sushi_b,1795,fit
sushi_b,590,fit
sushi_b,4680,fit
sushi_b,4648,fit
sushi_b,2687,fit
sushi_b,3503,fit
sushi_b,445,fit
sushi_b,4575,fit
sushi_b,2163,fit
sushi_b,2704,fit
sushi_b,3150,fit
sushi_b,4150,fit
sushi_b,1783,fit
sushi_b,2046,fit
sushi_b,2734,fit
sushi_b,824,fit
sushi_b,120,fit
sushi_b,1870,fit
sushi_b,568,fit
sushi_b,4323,fit
sushi_b,1183,fit
sushi_b,1839,fit
sushi_b,2396,fit
sushi_b,4464,fit
sushi_b,1185,fit
sushi_b,3686,fit
sushi_b,1798,fit
sushi_b,351,fit
sushi_b,2195,fit
sushi_b,3727,fit
sushi_b,1716,fit
sushi_b,3841,fit
sushi_b,3777,fit
sushi_b,3092,fit
sushi_b,1117,fit
sushi_b,4475,fit
sushi_b,4366,fit
sushi_b,143,fit
sushi_b,922,fit
sushi_b,1050,fit
sushi_b,4328,fit
sushi_b,182,fit
sushi_b,1434,fit
sushi_b,1989,fit
sushi_b,4907,fit
sushi_b,3782,fit
sushi_b,3875,fit
sushi_b,2816,fit
sushi_b,1736,fit
sushi_b,1215,fit
sushi_b,2117,fit
sushi_b,2998,fit
sushi_b,2385,fit
sushi_b,4673,fit
sushi_b,3206,fit
sushi_b,4718,fit
sushi_b,2735,fit
sushi_b,3267,fit
sushi_b,3024,fit
sushi_b,3940,fit
sushi_b,3687,fit
sushi_b,1880,fit
sushi_b,3568,fit
sushi_b,770,fit
sushi_b,2007,fit
sushi_b,4028,fit
sushi_b,3395,fit
sushi_b,1395,fit
sushi_b,4173,fit
sushi_b,628,fit
sushi_b,2970,fit
sushi_b,2993,fit
sushi_b,4270,fit
sushi_b,1982,fit
sushi_b,513,fit
sushi_b,1277,fit
sushi_b,1154,fit
sushi_b,1862,fit
sushi_b,3555,fit
sushi_b,2851,fit
sushi_b,391,fit
sushi_b,89,fit
sushi_b,1059,fit
sushi_b,575,fit
sushi_b,2094,fit
sushi_b,2033,fit
sushi_b,1543,fit
sushi_b,775,fit
sushi_b,2164,fit
sushi_b,470,fit
sushi_b,2425,fit
sushi_b,3100,fit
sushi_b,3924,fit
sushi_b,1756,fit
sushi_b,4286,fit
sushi_b,1711,fit
sushi_b,3913,fit
sushi_b,1285,fit
sushi_b,4944,fit
sushi_b,1226,fit
sushi_b,3440,fit
sushi_b,382,fit
sushi_b,276,fit
sushi_b,667,fit
sushi_b,3912,fit
sushi_b,2480,fit
sushi_b,2091,fit
sushi_b,3959,fit
sushi_b,578,fit
sushi_b,843,fit
sushi_b,286,fit
sushi_b,2133,fit
sushi_b,2458,fit
sushi_b,1065,fit
sushi_b,2724,fit
sushi_b,493,fit
sushi_b,3233,fit
sushi_b,3232,fit
sushi_b,2557,fit
sushi_b,3251,fit
sushi_b,931,fit
sushi_b,4883,fit
sushi_b,4191,fit
sushi_b,1179,fit
sushi_b,1853,fit
sushi_b,247,fit
sushi_b,1335,fit
sushi_b,2803,fit
sushi_b,1719,fit
sushi_b,2790,fit
sushi_b,571,fit
sushi_b,3223,fit
sushi_b,1282,fit
sushi_b,1920,fit
sushi_b,4450,fit
sushi_b,2864,fit
sushi_b,2857,fit
sushi_b,4888,fit
sushi_b,4126,fit
sushi_b,1599,fit
sushi_b,3266,fit
sushi_b,1720,fit
sushi_b,973,fit
sushi_b,1163,fit
sushi_b,4120,fit
sushi_b,1027,fit
sushi_b,2739,fit
sushi_b,3221,fit
sushi_b,2281,fit
sushi_b,1198,fit
sushi_b,1814,fit
sushi_b,4305,fit
sushi_b,731,fit
sushi_b,4462,fit
sushi_b,4364,fit
sushi_b,3660,fit
sushi_b,2302,fit
sushi_b,3711,fit
sushi_b,2231,fit
sushi_b,2014,fit
sushi_b,1312,fit
sushi_b,634,fit
sushi_b,2023,fit
sushi_b,2320,fit
sushi_b,4708,fit
sushi_b,1498,fit
sushi_b,3059,fit
sushi_b,4059,fit
sushi_b,1333,fit
sushi_b,158,fit
sushi_b,1045,fit
sushi_b,4701,fit
sushi_b,3769,fit
sushi_b,2733,fit
sushi_b,744,fit
sushi_b,3381,fit
sushi_b,647,fit
sushi_b,4867,fit
sushi_b,3721,fit
sushi_b,1438,fit
sushi_b,2941,fit
sushi_b,4659,fit
sushi_b,3996,fit
sushi_b,2460,fit
sushi_b,1595,fit
sushi_b,2439,fit
sushi_b,2659,fit
sushi_b,477,fit
sushi_b,4401,fit
sushi_b,4712,fit
sushi_b,1069,fit
sushi_b,1083,fit
sushi_b,1298,fit
sushi_b,1267,fit
sushi_b,2623,fit
sushi_b,4312,fit
sushi_b,4789,fit
sushi_b,869,fit
sushi_b,4140,fit
sushi_b,4766,fit
sushi_b,639,fit
sushi_b,4004,fit
sushi_b,3165,fit
sushi_b,3055,fit
sushi_b,902,fit
sushi_b,96,fit
sushi_b,3876,fit
sushi_b,318,fit
sushi_b,3068,fit
sushi_b,2298,fit
sushi_b,1939,fit
sushi_b,3787,fit
sushi_b,4650,fit
sushi_b,2653,fit
sushi_b,1777,fit
sushi_b,3987,fit
sushi_b,4181,fit
sushi_b,4692,fit
sushi_b,2740,fit
sushi_b,261,fit
sushi_b,2730,fit
sushi_b,2249,fit
sushi_b,1863,fit
sushi_b,2082,fit
sushi_b,927,fit
sushi_b,2818,fit
sushi_b,4684,fit
sushi_b,3703,fit
sushi_b,415,fit
sushi_b,4203,fit
sushi_b,2312,fit
sushi_b,4592,fit
sushi_b,4962,fit
sushi_b,1605,fit
sushi_b,4045,fit
sushi_b,79,fit
sushi_b,3268,fit
sushi_b,4757,fit
sushi_b,952,fit
sushi_b,1201,fit
sushi_b,583,fit
sushi_b,1867,fit
sushi_b,1430,fit
sushi_b,3953,fit
sushi_b,609,fit
sushi_b,1237,fit
sushi_b,1623,fit
sushi_b,4471,fit
sushi_b,2771,fit
sushi_b,751,fit
sushi_b,2273,fit
sushi_b,4923,fit
sushi_b,4009,fit
sushi_b,3254,fit
sushi_b,1997,fit
sushi_b,150,fit
sushi_b,4777,fit
sushi_b,1229,fit
sushi_b,4636,fit
sushi_b,543,fit
sushi_b,1387,fit
sushi_b,4071,fit
sushi_b,302,fit
sushi_b,3762,fit
sushi_b,4343,fit
sushi_b,3647,fit
sushi_b,3479,fit
sushi_b,2508,fit
sushi_b,918,fit
sushi_b,4522,fit
sushi_b,3005,fit
sushi_b,1317,fit
sushi_b,4160,fit
sushi_b,213,fit
sushi_b,2559,fit
sushi_b,1812,fit
sushi_b,2689,fit
sushi_b,1905,fit
sushi_b,8,fit
sushi_b,1375,fit
sushi_b,2400,fit
sushi_b,132,fit
sushi_b,887,fit
sushi_b,929,fit
sushi_b,2069,fit
sushi_b,1536,fit
sushi_b,2177,fit
sushi_b,4102,fit
sushi_b,3028,fit
sushi_b,4335,fit
sushi_b,4856,fit
sushi_b,3299,fit
sushi_b,1459,fit
sushi_b,4046,fit
sushi_b,268,fit
sushi_b,1638,fit
sushi_b,134,fit
sushi_b,2299,fit
sushi_b,908,fit
sushi_b,2246,fit
sushi_b,3203,fit
sushi_b,1738,fit
sushi_b,4869,fit
sushi_b,1774,fit
sushi_b,115,fit
sushi_b,3735,fit
sushi_b,991,fit
sushi_b,38,fit
sushi_b,4499,fit
sushi_b,204,fit
sushi_b,1530,fit
sushi_b,4666,fit
sushi_b,1606,fit
sushi_b,2090,fit
sushi_b,3443,fit
sushi_b,4710,fit
sushi_b,3914,fit
sushi_b,2063,fit
sushi_b,3823,fit
sushi_b,2413,fit
sushi_b,632,fit
sushi_b,2297,fit
sushi_b,721,fit
sushi_b,3988,fit
sushi_b,4032,fit
sushi_b,4670,fit
sushi_b,3508,fit
sushi_b,2290,fit
sushi_b,4493,fit
sushi_b,3384,fit
sushi_b,2487,fit
sushi_b,4124,fit
sushi_b,464,fit
sushi_b,4694,fit
sushi_b,1394,fit
sushi_b,684,fit
sushi_b,2386,fit
sushi_b,2061,fit
sushi_b,1593,fit
sushi_b,4273,fit
sushi_b,62,fit
sushi_b,4455,fit
sushi_b,4377,fit
sushi_b,212,fit
sushi_b,4349,fit
sushi_b,1540,fit
sushi_b,3220,fit
sushi_b,1352,fit
sushi_b,3582,fit
sushi_b,1628,fit
sushi_b,2520,fit
sushi_b,3927,fit
sushi_b,1314,fit
sushi_b,2452,fit
sushi_b,1533,fit
sushi_b,51,fit
sushi_b,4387,fit
sushi_b,1601,fit
sushi_b,4997,fit
sushi_b,4426,fit
sushi_b,4686,fit
sushi_b,3310,fit
sushi_b,4189,fit
sushi_b,777,fit
sushi_b,1673,fit
sushi_b,540,fit
sushi_b,4743,fit
sushi_b,1076,fit
sushi_b,2219,fit
sushi_b,1640,fit
sushi_b,1694,fit
sushi_b,4959,fit
sushi_b,3084,fit
sushi_b,4678,fit
sushi_b,2745,fit
sushi_b,72,fit
sushi_b,4360,fit
sushi_b,4562,fit
sushi_b,1070,fit
sushi_b,4144,fit
sushi_b,2202,fit
sushi_b,225,fit
sushi_b,4953,fit
sushi_b,6,fit
sushi_b,3860,fit
sushi_b,2813,fit
sushi_b,30,fit
sushi_b,417,fit
sushi_b,4487,fit
sushi_b,3336,fit
sushi_b,36,fit
sushi_b,4057,fit
sushi_b,243,fit
sushi_b,1653,fit
sushi_b,1759,fit
sushi_b,407,fit
sushi_b,1712,fit
sushi_b,173,fit
sushi_b,4632,fit
sushi_b,1856,fit
sushi_b,172,fit
sushi_b,277,fit
sushi_b,2287,fit
sushi_b,2936,fit
sushi_b,4424,fit
sushi_b,4234,fit
sushi_b,3612,fit
sushi_b,68,fit
sushi_b,2002,fit
sushi_b,1450,fit
sushi_b,1801,fit
sushi_b,2702,fit
sushi_b,3954,fit
sushi_b,2124,fit
sushi_b,1898,fit
sushi_b,457,fit
sushi_b,3574,fit
sushi_b,2170,fit
sushi_b,175,fit
sushi_b,1489,fit
sushi_b,1189,fit
sushi_b,806,fit
sushi_b,2984,fit
sushi_b,4043,fit
sushi_b,1983,fit
sushi_b,3684,fit
sushi_b,2821,fit
sushi_b,3459,fit
sushi_b,3175,fit
sushi_b,610,fit
sushi_b,4383,fit
sushi_b,911,fit
sushi_b,3426,fit
sushi_b,2568,fit
sushi_b,2591,fit
sushi_b,585,fit
sushi_b,4175,fit
sushi_b,1469,fit
sushi_b,1717,fit
sushi_b,1965,fit
sushi_b,4500,fit
sushi_b,4097,fit
sushi_b,1945,fit
sushi_b,761,fit
sushi_b,1279,fit
sushi_b,2338,fit
sushi_b,1448,fit
sushi_b,4268,fit
sushi_b,4764,fit
sushi_b,4350,fit
sushi_b,4478,fit
sushi_b,4327,fit
sushi_b,499,fit
sushi_b,741,fit
sushi_b,2544,fit
sushi_b,897,fit
sushi_b,2786,fit
sushi_b,1170,fit
sushi_b,3188,fit
sushi_b,2334,fit
sushi_b,3592,fit
sushi_b,1058,fit
sushi_b,2584,fit
sushi_b,821,fit
sushi_b,748,fit
sushi_b,1925,fit
sushi_b,3374,fit
sushi_b,2507,fit
sushi_b,4526,fit
sushi_b,1247,fit
sushi_b,4501,fit
sushi_b,4543,fit
sushi_b,1819,fit
sushi_b,1143,fit
sushi_b,3812,fit
sushi_b,4098,fit
sushi_b,4611,fit
sushi_b,3890,fit
sushi_b,707,fit
sushi_b,2442,fit
sushi_b,3968,fit
sushi_b,1055,fit
sushi_b,3905,fit
sushi_b,1745,fit
sushi_b,894,fit
sushi_b,1463,fit
sushi_b,4542,fit
sushi_b,2495,fit
sushi_b,4747,fit
sushi_b,4519,fit
sushi_b,3204,fit
sushi_b,2336,fit
sushi_b,4804,fit
sushi_b,4066,fit
sushi_b,2509,fit
sushi_b,112,fit
sushi_b,1443,fit
sushi_b,2248,fit
sushi_b,4136,fit
sushi_b,4202,fit
sushi_b,2036,fit
sushi_b,4752,fit
sushi_b,3017,fit
sushi_b,2344,fit
sushi_b,1210,fit
sushi_b,3034,fit
sushi_b,2441,fit
sushi_b,2910,fit
sushi_b,3895,fit
sushi_b,59,fit
sushi_b,2726,fit
sushi_b,2315,fit
sushi_b,683,fit
sushi_b,3289,fit
sushi_b,1479,fit
sushi_b,3664,fit
sushi_b,1353,fit
sushi_b,4668,fit
sushi_b,677,fit
sushi_b,3826,fit
sushi_b,1971,fit
sushi_b,4551,fit
sushi_b,4656,fit
sushi_b,4113,fit
sushi_b,2375,fit
sushi_b,4662,fit
sushi_b,4253,fit
sushi_b,3044,fit
sushi_b,1926,fit
sushi_b,784,fit
sushi_b,3106,fit
sushi_b,1727,fit
sushi_b,291,fit
sushi_b,1671,fit
sushi_b,2295,fit
sushi_b,994,fit
sushi_b,130,fit
sushi_b,4904,fit
sushi_b,3414,fit
sushi_b,4228,fit
sushi_b,1477,fit
sushi_b,2766,fit
sushi_b,4749,fit
sushi_b,2538,fit
sushi_b,184,fit
sushi_b,4517,fit
sushi_b,430,fit
sushi_b,2992,fit
sushi_b,4325,fit
sushi_b,1516,fit
sushi_b,376,fit
sushi_b,4367,fit
sushi_b,1903,fit
sushi_b,3818,fit
sushi_b,369,fit
sushi_b,161,fit
sushi_b,60,fit
sushi_b,3563,fit
sushi_b,1246,fit
sushi_b,2825,fit
sushi_b,2802,fit
sushi_b,2563,fit
sushi_b,4245,fit
sushi_b,2550,fit
sushi_b,2633,fit
sushi_b,3375,fit
sushi_b,2895,fit
sushi_b,1002,fit
sushi_b,4060,fit
sushi_b,2106,fit
sushi_b,1843,fit
sushi_b,1935,fit
sushi_b,712,fit
sushi_b,4067,fit
sushi_b,3103,fit
sushi_b,2657,fit
sushi_b,3638,fit
sushi_b,3821,fit
sushi_b,3380,fit
sushi_b,675,fit
sushi_b,4787,fit
sushi_b,4128,fit
sushi_b,656,fit
sushi_b,4792,fit
sushi_b,2767,fit
sushi_b,4812,fit
sushi_b,754,fit
sushi_b,4354,fit
sushi_b,2642,fit
sushi_b,4591,fit
sushi_b,3632,fit
sushi_b,4369,fit
sushi_b,2974,fit
sushi_b,1998,fit
sushi_b,3891,fit
sushi_b,3228,fit
sushi_b,612,fit
sushi_b,323,fit
sushi_b,2032,fit
sushi_b,997,fit
sushi_b,2949,fit
sushi_b,1531,fit
sushi_b,4863,fit
sushi_b,3948,fit
sushi_b,2871,fit
sushi_b,2492,fit
sushi_b,2961,fit
sushi_b,1661,fit
sushi_b,2104,fit
sushi_b,4326,fit
sushi_b,2827,fit
sushi_b,3728,fit
sushi_b,3839,fit
sushi_b,1165,fit
sushi_b,3743,fit
sushi_b,4394,fit
sushi_b,3393,fit
sushi_b,4449,fit
sushi_b,1171,fit
sushi_b,3764,fit
sushi_b,394,fit
sushi_b,1555,fit
sushi_b,1505,fit
sushi_b,919,fit
sushi_b,607,fit
sushi_b,3124,fit
sushi_b,856,fit
sushi_b,4085,fit
sushi_b,976,fit
sushi_b,4549,fit
sushi_b,1153,fit
sushi_b,980,fit
sushi_b,4336,fit
sushi_b,1731,fit
sushi_b,882,fit
sushi_b,3606,fit
sushi_b,222,fit
sushi_b,2220,fit
sushi_b,4840,fit
sushi_b,3402,fit
sushi_b,977,fit
sushi_b,1541,fit
sushi_b,2056,fit
sushi_b,4406,fit
sushi_b,2636,fit
sushi_b,3734,fit
sushi_b,1137,fit
sushi_b,2132,fit
sushi_b,4504,fit
sushi_b,4283,fit
sushi_b,3123,fit
sushi_b,2583,fit
sushi_b,4805,fit
sushi_b,876,fit
sushi_b,695,fit
sushi_b,641,fit
sushi_b,3758,fit
sushi_b,1587,fit
sushi_b,4242,fit
sushi_b,142,fit
sushi_b,4275,fit
sushi_b,4330,fit
sushi_b,1539,fit
sushi_b,4389,fit
sushi_b,1046,fit
sushi_b,265,fit
sushi_b,1950,fit
sushi_b,4454,fit
sushi_b,557,fit
sushi_b,3370,fit
sushi_b,235,fit
sushi_b,439,fit
sushi_b,3367,fit
sushi_b,356,fit
sushi_b,4690,fit
sushi_b,3977,fit
sushi_b,1351,fit
sushi_b,2876,fit
sushi_b,3328,fit
sushi_b,2708,fit
sushi_b,3468,fit
sushi_b,3835,fit
sushi_b,3945,fit
sushi_b,3131,fit
sushi_b,3874,fit
sushi_b,263,fit
sushi_b,4192,fit
sushi_b,2656,fit
sushi_b,2696,fit
sushi_b,4362,fit
sushi_b,3436,fit
sushi_b,2624,fit
sushi_b,192,fit
sushi_b,3404,fit
sushi_b,2048,fit
sushi_b,954,fit
sushi_b,206,fit
sushi_b,4901,fit
sushi_b,4083,fit
sushi_b,4915,fit
sushi_b,1963,fit
sushi_b,3292,fit
sushi_b,1778,fit
sushi_b,349,fit
sushi_b,827,fit
sushi_b,1260,fit
sushi_b,428,fit
sushi_b,617,fit
sushi_b,1514,fit
sushi_b,186,fit
sushi_b,2830,fit
sushi_b,1860,fit
sushi_b,4618,fit
sushi_b,2080,fit
sushi_b,1300,fit
sushi_b,3822,fit
sushi_b,1841,fit
sushi_b,3585,fit
sushi_b,4005,fit
sushi_b,1466,fit
sushi_b,471,fit
sushi_b,3451,fit
sushi_b,4472,fit
sushi_b,2377,fit
sushi_b,4441,fit
sushi_b,566,fit
sushi_b,2676,fit
sushi_b,1740,fit
sushi_b,3670,fit
sushi_b,3546,fit
sushi_b,2823,fit
sushi_b,316,fit
sushi_b,2238,fit
sushi_b,2440,fit
sushi_b,3324,fit
sushi_b,2868,fit
sushi_b,4897,fit
sushi_b,613,fit
sushi_b,2186,fit
sushi_b,202,fit
sushi_b,3808,fit
sushi_b,3185,fit
sushi_b,174,fit
sushi_b,159,fit
sushi_b,930,fit
sushi_b,1666,fit
sushi_b,3224,fit
sushi_b,1093,fit
sushi_b,290,fit
sushi_b,3078,fit
sushi_b,4014,fit
sushi_b,4481,fit
sushi_b,2640,fit
sushi_b,3943,fit
sushi_b,16,fit
sushi_b,2135,fit
sushi_b,4874,fit
sushi_b,360,fit
sushi_b,1696,fit
sushi_b,1293,fit
sushi_b,3302,fit
sushi_b,3298,fit
sushi_b,3452,fit
sushi_b,4135,fit
sushi_b,2674,fit
sushi_b,537,fit
sushi_b,227,fit
sushi_b,1336,fit
sushi_b,1800,fit
sushi_b,950,fit
sushi_b,66,fit
sushi_b,4836,fit
sushi_b,2576,fit
sushi_b,898,fit
sushi_b,210,fit
sushi_b,4339,fit
sushi_b,63,fit
sushi_b,3539,fit
sushi_b,4459,fit
sushi_b,2199,fit
sushi_b,2165,fit
sushi_b,1765,fit
sushi_b,1422,fit
sushi_b,1338,fit
sushi_b,3036,fit
sushi_b,313,fit
sushi_b,3075,fit
sushi_b,4309,fit
sushi_b,1520,fit
sushi_b,1363,fit
sushi_b,3340,fit
sushi_b,329,fit
sushi_b,4979,fit
sushi_b,2252,fit
sushi_b,3035,fit
sushi_b,454,fit
sushi_b,914,fit
sushi_b,3942,fit
sushi_b,4555,fit
sushi_b,2364,fit
sushi_b,1348,fit
sushi_b,4494,fit
sushi_b,2695,fit
sushi_b,2968,fit
sushi_b,2087,fit
sushi_b,4829,fit
sushi_b,4970,fit
sushi_b,2781,fit
sushi_b,4177,fit
sushi_b,1508,fit
sushi_b,4111,fit
sushi_b,4976,fit
sushi_b,1095,fit
sushi_b,604,fit
sushi_b,3213,fit
sushi_b,1280,fit
sushi_b,4259,fit
sushi_b,877,fit
sushi_b,2445,fit
sushi_b,3358,fit
sushi_b,4498,fit
sushi_b,1809,fit
sushi_b,2265,fit
sushi_b,4217,fit
sushi_b,4739,fit
sushi_b,4558,fit
sushi_b,4161,fit
sushi_b,2397,fit
sushi_b,1191,fit
sushi_b,2317,fit
sushi_b,4930,fit
sushi_b,4937,fit
sushi_b,298,fit
sushi_b,772,fit
sushi_b,1644,fit
sushi_b,1808,fit
sushi_b,2815,fit
sushi_b,4573,fit
sushi_b,3781,fit
sushi_b,2157,fit
sushi_b,753,fit
sushi_b,2976,fit
sushi_b,4361,fit
sushi_b,2776,fit
sushi_b,2121,fit
sushi_b,3087,fit
sushi_b,2637,fit
sushi_b,4404,fit
sushi_b,2545,fit
sushi_b,3971,fit
sushi_b,4891,fit
sushi_b,2115,fit
sushi_b,3869,fit
sushi_b,4282,fit
sushi_b,2194,fit
sushi_b,3342,fit
sushi_b,526,fit
sushi_b,4799,fit
sushi_b,1772,fit
sushi_b,9,fit
sushi_b,3094,fit
sushi_b,3864,fit
sushi_b,31,fit
sushi_b,3931,fit
sushi_b,1803,fit
sushi_b,2346,fit
sushi_b,3272,fit
sushi_b,2904,fit
sushi_b,2752,fit
sushi_b,1440,fit
sushi_b,1476,fit
sushi_b,4436,fit
sushi_b,3946,fit
sushi_b,3438,fit
sushi_b,3972,fit
sushi_b,2575,fit
sushi_b,4550,fit
sushi_b,1164,fit
sushi_b,4235,fit
sushi_b,4820,fit
sushi_b,4185,fit
sushi_b,2546,fit
sushi_b,2045,fit
sushi_b,224,fit
sushi_b,1073,fit
sushi_b,1250,fit
sushi_b,3723,fit
sushi_b,2564,fit
sushi_b,4029,fit
sushi_b,2841,fit
sushi_b,2892,fit
sushi_b,287,fit
sushi_b,1515,fit
sushi_b,2782,fit
sushi_b,3593,fit
sushi_b,460,fit
sushi_b,3843,fit
sushi_b,1873,fit
sushi_b,3264,fit
sushi_b,3862,fit
sushi_b,4837,fit
sushi_b,3556,fit
sushi_b,4855,fit
sushi_b,948,fit
sushi_b,1553,fit
sushi_b,2548,fit
sushi_b,1781,fit
sushi_b,542,fit
sushi_b,3357,fit
sushi_b,3471,fit
sushi_b,3629,fit
sushi_b,2313,fit
sushi_b,2404,fit
sushi_b,152,fit
sushi_b,2759,fit
sushi_b,2353,fit
sushi_b,2975,fit
sushi_b,2062,fit
sushi_b,3460,fit
sushi_b,2489,fit
sushi_b,2944,fit
sushi_b,1928,fit
sushi_b,1967,fit
sushi_b,785,fit
sushi_b,3831,fit
sushi_b,1359,fit
sushi_b,3311,fit
sushi_b,506,fit
sushi_b,4604,fit
sushi_b,4263,fit
sushi_b,3051,fit
sushi_b,4022,fit
sushi_b,3043,fit
sushi_b,3039,fit
sushi_b,1586,fit
sushi_b,1915,fit
sushi_b,1750,fit
sushi_b,2939,fit
sushi_b,156,fit
sushi_b,4184,fit
sushi_b,2038,fit
sushi_b,4382,fit
sushi_b,293,fit
sushi_b,4547,fit
sushi_b,191,fit
sushi_b,4244,fit
sushi_b,90,fit
sushi_b,4300,fit
sushi_b,2666,fit
sushi_b,2409,fit
sushi_b,2833,fit
sushi_b,3472,fit
sushi_b,1404,fit
sushi_b,2652,fit
sushi_b,4271,fit
sushi_b,3706,fit
sushi_b,444,fit
sushi_b,3736,fit
sushi_b,2463,fit
sushi_b,3636,fit
sushi_b,1594,fit
sushi_b,3305,fit
sushi_b,3573,fit
sushi_b,128,fit
sushi_b,4631,fit
sushi_b,3209,fit
sushi_b,4138,fit
sushi_b,4208,fit
sushi_b,2086,fit
sushi_b,2881,fit
sushi_b,1086,fit
sushi_b,2551,fit
sushi_b,923,fit
sushi_b,718,fit
sushi_b,669,fit
sushi_b,3925,fit
sushi_b,4554,fit
sushi_b,164,fit
sushi_b,1973,fit
sushi_b,3372,fit
sushi_b,3063,fit
sushi_b,750,fit
sushi_b,3413,fit
sushi_b,3961,fit
sushi_b,791,fit
sushi_b,325,fit
sushi_b,1749,fit
sushi_b,951,fit
sushi_b,3361,fit
sushi_b,2486,fit
sushi_b,4103,fit
sushi_b,2523,fit
sushi_b,631,fit
sushi_b,555,fit
sushi_b,1600,fit
sushi_b,1951,fit
sushi_b,620,fit
sushi_b,4893,fit
sushi_b,2800,fit
sushi_b,1125,fit
sushi_b,3865,fit
sushi_b,1464,fit
sushi_b,3523,fit
sushi_b,40,fit
sushi_b,1023,fit
sushi_b,711,fit
sushi_b,1534,fit
sushi_b,1141,fit
sushi_b,4894,fit
sushi_b,3986,fit
sushi_b,4452,fit
sushi_b,4514,fit
sushi_b,959,fit
sushi_b,4288,fit
sushi_b,2283,fit
sushi_b,4490,fit
sushi_b,1771,fit
sushi_b,4213,fit
sushi_b,3662,fit
sushi_b,4297,fit
sushi_b,4363,fit
sushi_b,3420,fit
sushi_b,2756,fit
sushi_b,2677,fit
sushi_b,831,fit
sushi_b,611,fit
sushi_b,3640,fit
sushi_b,2456,fit
sushi_b,2723,fit
sushi_b,2681,fit
sushi_b,3775,fit
sushi_b,2672,fit
sushi_b,2232,fit
sushi_b,3829,fit
sushi_b,237,fit
sushi_b,4108,fit
sushi_b,129,fit
sushi_b,553,fit
sushi_b,3569,fit
sushi_b,4513,fit
sushi_b,3509,fit
sushi_b,4093,fit
sushi_b,1468,fit
sushi_b,3607,fit
sushi_b,1906,fit
sushi_b,1427,fit
sushi_b,3129,fit
sushi_b,849,fit
sushi_b,1947,fit
sushi_b,713,fit
sushi_b,957,fit
sushi_b,2004,fit
sushi_b,3578,fit
sushi_b,2114,fit
sushi_b,3347,fit
sushi_b,1703,fit
sushi_b,2191,fit
sushi_b,1068,fit
sushi_b,1014,fit
sushi_b,2076,fit
sushi_b,1985,fit
sushi_b,1108,fit
sushi_b,3535,fit
sushi_b,372,fit
sushi_b,4961,fit
sushi_b,1128,fit
sushi_b,4155,fit
sushi_b,497,fit
sushi_b,214,fit
sushi_b,3760,fit
sushi_b,1481,fit
sushi_b,4395,fit
sushi_b,271,fit
sushi_b,4104,fit
sushi_b,2015,fit
sushi_b,4614,fit
sushi_b,459,fit
sushi_b,3259,fit
sushi_b,2658,fit
sushi_b,4509,fit
sushi_b,3907,fit
sushi_b,1668,fit
sushi_b,2753,fit
sushi_b,1113,fit
sushi_b,3146,fit
sushi_b,2877,fit
sushi_b,4927,fit
sushi_b,1604,fit
sushi_b,4077,fit
sushi_b,2779,fit
sushi_b,1364,fit
sushi_b,403,fit
sushi_b,4290,fit
sushi_b,2905,fit
sushi_b,3222,fit
sushi_b,955,fit
sushi_b,350,fit
sushi_b,1022,fit
sushi_b,2098,fit
sushi_b,368,fit
sushi_b,1354,fit
sushi_b,4291,fit
sushi_b,3144,fit
sushi_b,2300,fit
sushi_b,1791,fit
sushi_b,53,fit
sushi_b,710,fit
sushi_b,963,fit
sushi_b,2074,fit
sushi_b,310,fit
sushi_b,704,fit
sushi_b,4841,fit
sushi_b,353,fit
sushi_b,1271,fit
sushi_b,525,fit
sushi_b,2849,fit
sushi_b,2228,fit
sushi_b,2479,fit
sushi_b,4518,fit
sushi_b,1701,fit
sushi_b,998,fit
sushi_b,3109,fit
sushi_b,594,fit
sushi_b,420,fit
sushi_b,2213,fit
sushi_b,1499,fit
sushi_b,411,fit
sushi_b,1933,fit
sushi_b,4999,fit
sushi_b,4729,fit
sushi_b,133,fit
sushi_b,3293,fit
sushi_b,2092,fit
sushi_b,3001,fit
sushi_b,2572,fit
sushi_b,2011,fit
sushi_b,3339,fit
sushi_b,1887,fit
sushi_b,900,fit
sushi_b,3696,fit
sushi_b,2884,fit
sushi_b,500,fit
sushi_b,1930,fit
sushi_b,3290,fit
sushi_b,1917,fit
sushi_b,4061,fit
sushi_b,253,fit
sushi_b,289,fit
sushi_b,2994,fit
sushi_b,3813,fit
sushi_b,4626,fit
sushi_b,3210,fit
sushi_b,2006,fit
sushi_b,3026,fit
sushi_b,1566,fit
sushi_b,1842,fit
sushi_b,3567,fit
sushi_b,4130,fit
sushi_b,4168,fit
sushi_b,1252,fit
sushi_b,4842,fit
sushi_b,4879,fit
sushi_b,4199,fit
sushi_b,4058,fit
sushi_b,409,fit
sushi_b,4908,fit
sushi_b,4318,fit
sushi_b,2819,fit
sushi_b,1937,fit
sushi_b,364,fit
sushi_b,767,fit
sushi_b,4974,fit
sushi_b,3279,fit
sushi_b,1396,fit
sushi_b,3561,fit
sushi_b,2920,fit
sushi_b,3902,fit
sushi_b,3403,fit
sushi_b,4434,fit
sushi_b,3023,fit
sushi_b,3717,fit
sushi_b,978,fit
sushi_b,4521,fit
sushi_b,3645,fit
sushi_b,2401,fit
sushi_b,3423,fit
sushi_b,2025,fit
sushi_b,3352,fit
sushi_b,3587,fit
sushi_b,4148,fit
sushi_b,1744,fit
sushi_b,2103,fit
sushi_b,3424,fit
sushi_b,2255,fit
sushi_b,1572,fit
sushi_b,1851,fit
sushi_b,2883,fit
sushi_b,1007,fit
sushi_b,3362,fit
sushi_b,4215,fit
sushi_b,4597,fit
sushi_b,3313,fit
sushi_b,1608,fit
sushi_b,4025,fit
sushi_b,2746,fit
sushi_b,3401,fit
sushi_b,4474,fit
sushi_b,1324,fit
sushi_b,3134,fit
sushi_b,3562,fit
sushi_b,4516,fit
sushi_b,4532,fit
sushi_b,1393,fit
sushi_b,4112,fit
sushi_b,2205,fit
sushi_b,3070,fit
sushi_b,1332,fit
sushi_b,1837,fit
sushi_b,627,fit
sushi_b,1401,fit
sushi_b,3258,fit
sushi_b,3136,fit
sushi_b,1747,fit
sushi_b,3057,fit
sushi_b,2778,fit
sushi_b,1529,fit
sushi_b,4583,fit
sushi_b,3125,fit
sushi_b,1207,fit
sushi_b,2444,fit
sushi_b,804,fit
sushi_b,3685,fit
sushi_b,3666,fit
sushi_b,3710,fit
sushi_b,3056,fit
sushi_b,1379,fit
sushi_b,2661,fit
sushi_b,4971,fit
sushi_b,4981,fit
sushi_b,2553,fit
sushi_b,1402,fit
sushi_b,3653,fit
sushi_b,2047,fit
sushi_b,4465,fit
sushi_b,3537,fit
sushi_b,1019,fit
sushi_b,3029,fit
sushi_b,57,fit
sushi_b,1266,fit
sushi_b,4637,fit
sushi_b,3049,fit
sushi_b,1030,fit
sushi_b,1235,fit
sushi_b,2612,fit
sushi_b,861,fit
sushi_b,4438,fit
sushi_b,4770,fit
sushi_b,3097,fit
sushi_b,4506,fit
sushi_b,4703,fit
sushi_b,2750,fit
sushi_b,4194,fit
sushi_b,3118,fit
sushi_b,4129,fit
sushi_b,4537,fit
sushi_b,1563,fit
sushi_b,127,fit
sushi_b,1576,fit
sushi_b,2027,fit
sushi_b,2410,fit
sushi_b,4003,fit
sushi_b,4289,fit
sushi_b,104,fit
sushi_b,505,fit
sushi_b,2613,fit
sushi_b,97,fit
sushi_b,896,fit
sushi_b,2684,fit
sushi_b,102,fit
sushi_b,4926,fit
sushi_b,1565,fit
sushi_b,1675,fit
sushi_b,1158,fit
sushi_b,4909,fit
sushi_b,1066,fit
sushi_b,85,fit
sushi_b,830,fit
sushi_b,3697,fit
sushi_b,2181,fit
sushi_b,780,fit
sushi_b,348,fit
sushi_b,1150,fit
sushi_b,380,fit
sushi_b,3586,fit
sushi_b,3702,fit
sushi_b,1641,fit
sushi_b,4221,fit
sushi_b,3611,fit
sushi_b,3806,fit
sushi_b,478,fit
sushi_b,4699,fit
sushi_b,899,fit
sushi_b,4640,fit
sushi_b,3418,fit
sushi_b,1112,fit
sushi_b,3470,fit
sushi_b,1844,fit
sushi_b,1715,fit
sushi_b,3901,fit
sushi_b,2426,fit
sushi_b,653,fit
sushi_b,588,fit
sushi_b,1528,fit
sushi_b,1398,fit
sushi_b,221,fit
sushi_b,2772,fit
sushi_b,533,fit
sushi_b,3548,fit
sushi_b,3873,fit
sushi_b,441,fit
sushi_b,377,fit
sushi_b,2832,fit
sushi_b,4287,fit
sushi_b,2276,fit
sushi_b,3262,fit
sushi_b,46,fit
sushi_b,1649,fit
sushi_b,4630,fit
sushi_b,4431,fit
sushi_b,389,fit
sushi_b,3406,fit
sushi_b,3827,fit
sushi_b,3371,fit
sushi_b,2530,fit
sushi_b,1383,fit
sushi_b,925,fit
sushi_b,2381,fit
sushi_b,3457,fit
sushi_b,170,fit
sushi_b,3038,fit
sushi_b,4706,fit
sushi_b,3333,fit
sushi_b,2392,fit
sushi_b,240,fit
sushi_b,1626,fit
sushi_b,3957,fit
sushi_b,434,fit
sushi_b,599,fit
sushi_b,2013,fit
sushi_b,1012,fit
sushi_b,975,fit
sushi_b,3239,fit
sushi_b,3520,fit
sushi_b,3975,fit
sushi_b,2980,fit
sushi_b,1315,fit
sushi_b,2785,fit
sushi_b,4814,fit
sushi_b,742,fit
sushi_b,406,fit
sushi_b,1051,fit
sushi_b,2339,fit
sushi_b,3842,fit
sushi_b,676,fit
sushi_b,3202,fit
sushi_b,888,fit
sushi_b,1598,fit
sushi_b,2378,fit
sushi_b,4011,fit
sushi_b,2963,fit
sushi_b,515,fit
sushi_b,1446,fit
sushi_b,3761,fit
sushi_b,2645,fit
sushi_b,366,fit
sushi_b,939,fit
sushi_b,4775,fit
sushi_b,1426,fit
sushi_b,974,fit
sushi_b,241,fit
sushi_b,1406,fit
sushi_b,4081,fit
sushi_b,3969,fit
sushi_b,4015,fit
sushi_b,3521,fit
sushi_b,4223,fit
sushi_b,3291,fit
sushi_b,1874,fit
sushi_b,4991,fit
sushi_b,4468,fit
sushi_b,514,fit
sushi_b,2958,fit
sushi_b,466,fit
sushi_b,469,fit
sushi_b,3532,fit
sushi_b,4154,fit
sushi_b,3441,fit
sushi_b,867,fit
sushi_b,1829,fit
sushi_b,4544,fit
sushi_b,4653,fit
sushi_b,4705,fit
sushi_b,2394,fit
sushi_b,3615,fit
sushi_b,404,fit
sushi_b,126,fit
sushi_b,1017,fit
sushi_b,3897,fit
sushi_b,3163,fit
sushi_b,1462,fit
sushi_b,1940,fit
sushi_b,3651,fit
sushi_b,3626,fit
sushi_b,3400,fit
sushi_b,2166,fit
sushi_b,3108,fit
sushi_b,892,fit
sushi_b,4675,fit
sushi_b,1730,fit
sushi_b,1149,fit
sushi_b,768,fit
sushi_b,4827,fit
sushi_b,4091,fit
sushi_b,2319,fit
sushi_b,1762,fit
sushi_b,217,fit
sushi_b,4393,fit
sushi_b,2303,fit
sushi_b,4663,fit
sushi_b,3464,fit
sushi_b,3191,fit
sushi_b,15,fit
sushi_b,3958,fit
sushi_b,296,fit
sushi_b,4720,fit
sushi_b,4711,fit
sushi_b,579,fit
sushi_b,4183,fit
sushi_b,333,fit
sushi_b,4615,fit
sushi_b,949,fit
sushi_b,1346,fit
sushi_b,3147,fit
sushi_b,4,fit
sushi_b,4423,fit
sushi_b,3872,fit
sushi_b,541,fit
sushi_b,4503,fit
sushi_b,4196,fit
sushi_b,146,fit
sushi_b,3853,fit
sushi_b,4685,fit
sushi_b,3200,fit
sushi_b,1900,fit
sushi_b,4523,fit
sushi_b,1500,fit
sushi_b,3177,fit
sushi_b,4117,fit
sushi_b,2340,fit
sushi_b,144,fit
sushi_b,4627,fit
sushi_b,3153,fit
sushi_b,2474,fit
sushi_b,3379,fit
sushi_b,709,fit
sushi_b,4073,fit
sushi_b,1205,fit
sushi_b,1780,fit
sushi_b,1094,fit
sushi_b,2501,fit
sushi_b,3689,fit
sushi_b,2977,fit
sushi_b,1907,fit
sushi_b,3543,fit
sushi_b,3725,fit
sushi_b,3566,fit
sushi_b,2304,fit
sushi_b,907,fit
sushi_b,2635,fit
sushi_b,3332,fit
sushi_b,2473,fit
sushi_b,303,fit
sushi_b,4182,fit
sushi_b,135,fit
sushi_b,758,fit
sushi_b,1802,fit
sushi_b,2382,fit
sushi_b,2789,fit
sushi_b,2433,fit
sushi_b,328,fit
sushi_b,3944,fit
sushi_b,4310,fit
sushi_b,3410,fit
sushi_b,2329,fit
sushi_b,3667,fit
sushi_b,2955,fit
sushi_b,3105,fit
sushi_b,4143,fit
sushi_b,1420,fit
sushi_b,815,fit
sushi_b,4830,fit
sushi_b,2478,fit
sushi_b,3637,fit
sushi_b,2836,fit
sushi_b,2019,fit
sushi_b,3628,fit
sushi_b,1524,fit
sushi_b,1251,fit
sushi_b,1684,fit
sushi_b,3448,fit
sushi_b,4983,fit
sushi_b,1589,fit
sushi_b,4414,fit
sushi_b,3572,fit
sushi_b,1169,fit
sushi_b,2842,fit
sushi_b,3709,fit
sushi_b,378,fit
sushi_b,4372,fit
sushi_b,4089,fit
sushi_b,2146,fit
sushi_b,2878,fit
sushi_b,4715,fit
sushi_b,2251,fit
sushi_b,2608,fit
sushi_b,4645,fit
sushi_b,77,fit
sushi_b,45,fit
sushi_b,2632,fit
sushi_b,149,fit
sushi_b,3387,fit
sushi_b,2985,fit
sushi_b,1815,fit
sushi_b,2215,fit
sushi_b,3964,fit
sushi_b,3849,fit
sushi_b,554,fit
sushi_b,1319,fit
sushi_b,2337,fit
sushi_b,1924,fit
sushi_b,4190,fit
sushi_b,582,fit
sushi_b,3767,fit
sushi_b,2131,fit
sushi_b,2537,fit
sushi_b,42,fit
sushi_b,4744,fit
sushi_b,34,fit
sushi_b,2909,fit
sushi_b,2240,fit
sushi_b,2727,fit
sushi_b,4966,fit
sushi_b,757,fit
sushi_b,524,fit
sushi_b,3933,fit
sushi_b,509,fit
sushi_b,2522,fit
sushi_b,1494,fit
sushi_b,3160,fit
sushi_b,3337,fit
sushi_b,4824,fit
sushi_b,3951,fit
sushi_b,475,fit
sushi_b,2201,fit
sushi_b,3201,fit
sushi_b,2609,fit
sushi_b,1109,fit
sushi_b,3601,fit
sushi_b,201,fit
sushi_b,2896,fit
sushi_b,624,fit
sushi_b,3430,fit
sushi_b,3046,fit
sushi_b,2502,fit
sushi_b,2946,fit
sushi_b,2997,fit
sushi_b,2930,fit
sushi_b,2716,fit
sushi_b,320,fit
sushi_b,4738,fit
sushi_b,889,fit
sushi_b,790,fit
sushi_b,1570,fit
sushi_b,2109,fit
sushi_b,2399,fit
sushi_b,3995,fit
sushi_b,4171,fit
sushi_b,2795,fit
sushi_b,3276,fit
sushi_b,137,fit
sushi_b,2573,fit
sushi_b,4902,fit
sushi_b,2261,fit
sushi_b,1063,fit
sushi_b,932,fit
sushi_b,1996,fit
sushi_b,4206,fit
sushi_b,2667,fit
sushi_b,3176,fit
sushi_b,2482,fit
sushi_b,755,fit
sushi_b,2599,fit
sushi_b,3990,fit
sushi_b,3037,fit
sushi_b,1826,fit
sushi_b,4696,fit
sushi_b,1309,fit
sushi_b,947,fit
sushi_b,3533,fit
sushi_b,2950,fit
sushi_b,3378,fit
sushi_b,4552,fit
sushi_b,1927,fit
sushi_b,1037,fit
sushi_b,1155,fit
sushi_b,3558,fit
sushi_b,3870,fit
sushi_b,3524,fit
sushi_b,281,fit
sushi_b,4780,fit
sushi_b,4419,fit
sushi_b,3846,fit
sushi_b,47,fit
sushi_b,2982,fit
sushi_b,1074,fit
sushi_b,1728,fit
sushi_b,1723,fit
sushi_b,1110,fit
sushi_b,230,fit
sushi_b,2933,fit
sushi_b,574,fit
sushi_b,4347,fit
sushi_b,3552,fit
sushi_b,842,fit
sushi_b,1356,fit
sushi_b,4898,fit
sushi_b,2178,fit
sushi_b,2374,fit
sushi_b,1813,fit
sushi_b,1560,fit
sushi_b,78,fit
sushi_b,3903,fit
sushi_b,2960,fit
sushi_b,3803,fit
sushi_b,2562,fit
sushi_b,1064,fit
sushi_b,154,fit
sushi_b,2503,fit
sushi_b,3260,fit
sushi_b,2226,fit
sushi_b,1307,fit
sushi_b,1471,fit
sushi_b,3494,fit
sushi_b,4341,fit
sushi_b,4348,fit
sushi_b,3658,fit
sushi_b,3229,fit
sushi_b,4899,fit
sushi_b,769,fit
sushi_b,2729,fit
sushi_b,3792,fit
sushi_b,3800,fit
sushi_b,807,fit
sushi_b,3832,fit
sushi_b,1308,fit
sushi_b,4016,fit
sushi_b,2710,fit
sushi_b,512,fit
sushi_b,616,fit
sushi_b,4943,fit
sushi_b,552,fit
sushi_b,13,fit
sushi_b,2707,fit
sushi_b,1663,fit
sushi_b,2075,fit
sushi_b,1630,fit
sushi_b,1962,fit
sushi_b,2755,fit
sushi_b,2180,fit
sushi_b,1811,fit
sushi_b,2068,fit
sushi_b,449,fit
sushi_b,139,fit
sushi_b,3671,fit
sushi_b,3983,fit
sushi_b,3976,fit
sushi_b,760,fit
sushi_b,3614,fit
sushi_b,685,fit
sushi_b,4727,fit
sushi_b,569,fit
sushi_b,1569,fit
sushi_b,840,fit
sushi_b,2607,fit
sushi_b,2999,fit
sushi_b,3737,fit
sushi_b,4651,fit
sushi_b,1590,fit
sushi_b,1767,fit
sushi_b,937,fit
sushi_b,1412,fit
sushi_b,2972,fit
sushi_b,335,fit
sushi_b,1225,fit
sushi_b,1200,fit
sushi_b,1532,fit
sushi_b,2258,fit
sushi_b,3341,fit
sushi_b,4247,fit
sushi_b,2050,fit
sushi_b,1343,fit
sushi_b,1722,fit
sushi_b,17,fit
sushi_b,3801,fit
sushi_b,4257,fit
sushi_b,2898,fit
sushi_b,819,fit
sushi_b,1784,fit
sushi_b,2245,fit
sushi_b,3820,fit
sushi_b,1297,fit
sushi_b,4913,fit
sushi_b,3030,fit
sushi_b,2683,fit
sushi_b,1556,fit
sushi_b,1329,fit
sushi_b,2758,fit
sushi_b,4935,fit
sushi_b,2610,fit
sushi_b,2053,fit
sushi_b,1888,fit
sushi_b,2435,fit
sushi_b,4748,fit
sushi_b,4056,fit
sushi_b,3838,fit
sushi_b,4141,fit
sushi_b,4992,fit
sushi_b,2016,fit
sushi_b,1972,fit
sushi_b,1321,fit
sushi_b,1787,fit
sushi_b,1828,fit
sushi_b,895,fit
sushi_b,421,fit
sushi_b,3950,fit
sushi_b,1564,fit
sushi_b,3805,fit
sushi_b,860,fit
sushi_b,4338,fit
sushi_b,4603,fit
sushi_b,4480,fit
sushi_b,105,fit
sushi_b,1942,fit
sushi_b,181,fit
sushi_b,2872,fit
sushi_b,592,fit
sushi_b,608,fit
sushi_b,4408,fit
sushi_b,4998,fit
sushi_b,3937,fit
sushi_b,666,fit
sushi_b,2850,fit
sushi_b,1259,fit
sushi_b,1216,fit
sushi_b,698,fit
sushi_b,1057,fit
sushi_b,2089,fit
sushi_b,4858,fit
sushi_b,1702,fit
sushi_b,1899,fit
sushi_b,3288,fit
sushi_b,3516,fit
sushi_b,4641,fit
sushi_b,4733,fit
sushi_b,654,fit
sushi_b,2052,fit
sushi_b,1159,fit
sushi_b,1631,fit
sushi_b,4448,fit
sushi_b,3481,fit
sushi_b,383,fit
sushi_b,4859,fit
sushi_b,3900,fit
sushi_b,1042,fit
sushi_b,4405,fit
sushi_b,3133,fit
sushi_b,82,fit
sushi_b,1439,fit
sushi_b,2431,fit
sushi_b,3676,fit
sushi_b,244,fit
sushi_b,4719,fit
sushi_b,4388,fit
sushi_b,981,fit
sushi_b,3793,fit
sushi_b,906,fit
sushi_b,1254,fit
sushi_b,3095,fit
sushi_b,1461,fit
sushi_b,1855,fit
sushi_b,706,fit
sushi_b,1392,fit
sushi_b,1416,fit
sushi_b,2651,fit
sushi_b,4055,fit
sushi_b,4529,fit
sushi_b,1131,fit
sushi_b,1559,fit
sushi_b,2521,fit
sushi_b,2216,fit
sushi_b,2512,fit
sushi_b,4127,fit
sushi_b,2764,fit
sushi_b,3048,fit
sushi_b,3749,fit
sushi_b,2682,fit
sushi_b,2722,fit
sushi_b,3518,fit
sushi_b,2003,fit
sushi_b,4844,fit
sushi_b,3979,fit
sushi_b,2518,fit
sushi_b,1850,fit
sushi_b,668,fit
sushi_b,2799,fit
sushi_b,1173,fit
sushi_b,2054,fit
sushi_b,4769,fit
sushi_b,2126,fit
sushi_b,3795,fit
sushi_b,2732,fit
sushi_b,1934,fit
sushi_b,3648,fit
sushi_b,4765,fit
sushi_b,4655,fit
sushi_b,24,fit
sushi_b,2243,fit
sushi_b,2629,fit
sushi_b,605,fit
sushi_b,3127,fit
sushi_b,3554,fit
sushi_b,4595,fit
sushi_b,3098,fit
sushi_b,3390,fit
sushi_b,2885,fit
sushi_b,1167,fit
sushi_b,870,fit
sushi_b,4356,fit
sushi_b,2043,fit
sushi_b,3060,fit
sushi_b,2757,fit
sushi_b,3174,fit
sushi_b,3724,fit
sushi_b,1054,fit
sushi_b,1101,fit
sushi_b,4446,fit
sushi_b,1062,fit
sushi_b,2837,fit
sushi_b,735,fit
sushi_b,3359,fit
sushi_b,416,fit
sushi_b,1669,fit
sushi_b,1538,fit
sushi_b,160,fit
sushi_b,396,fit
sushi_b,3515,fit
sushi_b,2211,fit
sushi_b,657,fit
sushi_b,99,fit
sushi_b,2462,fit
sushi_b,1408,fit
sushi_b,4809,fit
sushi_b,1457,fit
sushi_b,547,fit
sushi_b,2455,fit
sushi_b,3773,fit
sushi_b,1577,fit
sushi_b,4572,fit
sushi_b,2358,fit
sushi_b,3407,fit
sushi_b,2198,fit
sushi_b,3085,fit
sushi_b,285,fit
sushi_b,4793,fit
sushi_b,301,fit
sushi_b,2631,fit
sushi_b,4579,fit
sushi_b,999,fit
sushi_b,1111,fit
sushi_b,4420,fit
sushi_b,4815,fit
sushi_b,3461,fit
sushi_b,1156,fit
sushi_b,418,fit
sushi_b,3540,fit
sushi_b,4397,fit
sushi_b,4963,fit
sushi_b,3284,fit
sushi_b,665,fit
sushi_b,650,fit
sushi_b,1035,fit
sushi_b,799,fit
sushi_b,1373,fit
sushi_b,1369,fit
sushi_b,3442,fit
sushi_b,4795,fit
sushi_b,1136,fit
sushi_b,3253,fit
sushi_b,414,fit
sushi_b,35,fit
sushi_b,1096,fit
sushi_b,1949,fit
sushi_b,153,fit
sushi_b,177,fit
sushi_b,3559,fit
sushi_b,315,fit
sushi_b,1891,fit
sushi_b,4716,fit
sushi_b,2889,fit
sushi_b,697,fit
sushi_b,2570,fit
sushi_b,2736,fit
sushi_b,1846,fit
sushi_b,4819,fit
sushi_b,862,fit
sushi_b,4353,fit
sushi_b,4019,fit
sushi_b,3531,fit
sushi_b,3082,fit
sushi_b,4002,fit
sushi_b,1583,fit
sushi_b,436,fit
sushi_b,3373,fit
sushi_b,661,fit
sushi_b,4951,fit
sushi_b,4322,fit
sushi_b,4524,fit
sushi_b,165,fit
sushi_b,1417,fit
sushi_b,1456,fit
sushi_b,4929,fit
sushi_b,3672,fit
sushi_b,2805,fit
sushi_b,1959,fit
sushi_b,1761,fit
sushi_b,2162,fit
sushi_b,1775,fit
sushi_b,2118,fit
sushi_b,776,fit
sushi_b,1571,fit
sushi_b,312,fit
sushi_b,2694,fit
sushi_b,916,fit
sushi_b,853,fit
sushi_b,3211,fit
sushi_b,3172,fit
sushi_b,2356,fit
sushi_b,1453,fit
sushi_b,2286,fit
sushi_b,1591,fit
sushi_b,359,fit
sushi_b,4447,fit
sushi_b,1365,fit
sushi_b,363,fit
sushi_b,4433,fit
sushi_b,3538,fit
sushi_b,2420,fit
sushi_b,4671,fit
sushi_b,3630,fit
sushi_b,4320,fit
sushi_b,1741,fit
sushi_b,4508,fit
sushi_b,4345,fit
sushi_b,3349,fit
sushi_b,2638,fit
sushi_b,232,fit
sushi_b,884,fit
sushi_b,1026,fit
sushi_b,4730,fit
sushi_b,2022,fit
sushi_b,1370,fit
sushi_b,1418,fit
sushi_b,4585,fit
sushi_b,4968,fit
sushi_b,3178,fit
sushi_b,4672,fit
sushi_b,4390,fit
sushi_b,3654,fit
sushi_b,1521,fit
sushi_b,3389,fit
sushi_b,2099,fit
sushi_b,2223,fit
sushi_b,4995,fit
sushi_b,783,fit
sushi_b,4941,fit
sushi_b,1609,fit
sushi_b,2560,fit
sushi_b,3575,fit
sushi_b,229,fit
sushi_b,2051,fit
sushi_b,593,fit
sushi_b,619,fit
sushi_b,87,fit
sushi_b,2668,fit
sushi_b,3040,fit
sushi_b,3135,fit
sushi_b,4798,fit
sushi_b,4400,fit
sushi_b,3447,fit
sushi_b,1672,fit
sushi_b,2951,fit
sushi_b,3189,fit
sushi_b,2267,fit
sushi_b,100,fit
sushi_b,4355,fit
sushi_b,2138,fit
sushi_b,2301,fit
sushi_b,2037,fit
sushi_b,4567,fit
sushi_b,2574,fit
sushi_b,295,fit
sushi_b,3256,fit
sushi_b,1090,fit
sushi_b,2188,fit
sushi_b,1238,fit
sushi_b,1423,fit
sushi_b,4357,fit
sushi_b,603,fit
sushi_b,2368,fit
sushi_b,1629,fit
sushi_b,966,fit
sushi_b,3234,fit
sushi_b,4456,fit
sushi_b,370,fit
sushi_b,4106,fit
sushi_b,43,fit
sushi_b,3483,fit
sushi_b,1799,fit
sushi_b,2144,fit
sushi_b,2953,fit
sushi_b,521,fit
sushi_b,4723,fit
sushi_b,189,fit
sushi_b,726,fit
sushi_b,479,fit
sushi_b,2026,fit
sushi_b,3437,fit
sushi_b,2380,fit
sushi_b,393,fit
sushi_b,562,fit
sushi_b,2862,fit
sushi_b,4925,fit
sushi_b,847,fit
sushi_b,796,fit
sushi_b,1344,fit
sushi_b,388,fit
sushi_b,4580,fit
sushi_b,4885,fit
sushi_b,1257,fit
sushi_b,3650,fit
sushi_b,4167,fit
sushi_b,2956,fit
sushi_b,1495,fit
sushi_b,3329,fit
sushi_b,3814,fit
sushi_b,1922,fit
sushi_b,1249,fit
sushi_b,3484,fit
sushi_b,3158,fit
sushi_b,4584,fit
sushi_b,2660,fit
sushi_b,3844,fit
sushi_b,3633,fit
sushi_b,1327,fit
sushi_b,1126,fit
sushi_b,2154,fit
sushi_b,2316,fit
sushi_b,2085,fit
sushi_b,1554,fit
sushi_b,2342,fit
sushi_b,2111,fit
sushi_b,485,fit
sushi_b,2859,fit
sushi_b,2967,fit
sushi_b,1513,fit
sushi_b,2528,fit
sushi_b,1897,fit
sushi_b,187,fit
sushi_b,3916,fit
sushi_b,1455,fit
sushi_b,1697,fit
sushi_b,673,fit
sushi_b,4166,fit
sushi_b,3588,fit
sushi_b,740,fit
sushi_b,3345,fit
sushi_b,3162,fit
sushi_b,2078,fit
sushi_b,3570,fit
sushi_b,1931,fit
sushi_b,1100,fit
sushi_b,2193,fit
sushi_b,3427,fit
sushi_b,3851,fit
sushi_b,2268,fit
sushi_b,1883,fit
sushi_b,1195,fit
sushi_b,1807,fit
sushi_b,1737,fit
sushi_b,1097,fit
sushi_b,1875,fit
sushi_b,544,fit
sushi_b,1617,fit
sushi_b,4527,fit
sushi_b,3073,fit
sushi_b,2012,fit
sushi_b,1240,fit
sushi_b,1645,fit
sushi_b,4384,fit
sushi_b,257,fit
sushi_b,3786,fit
sushi_b,3128,fit
sushi_b,3319,fit
sushi_b,4563,fit
sushi_b,463,fit
sushi_b,4212,fit
sushi_b,1410,fit
sushi_b,4063,fit
sushi_b,539,fit
sushi_b,3074,fit
sushi_b,752,fit
sushi_b,3394,fit
sushi_b,1330,fit
sushi_b,4486,fit
sushi_b,3199,fit
sushi_b,3269,fit
sushi_b,729,fit
sushi_b,4878,fit
sushi_b,920,fit
sushi_b,4385,fit
sushi_b,1656,fit
sushi_b,1218,fit
sushi_b,3242,fit
sushi_b,2275,fit
sushi_b,904,fit
sushi_b,3019,fit
sushi_b,2959,fit
sushi_b,2070,fit
sushi_b,2428,fit
sushi_b,4453,fit
sushi_b,4864,fit
sushi_b,1146,fit
sushi_b,2820,fit
sushi_b,4850,fit
sushi_b,1177,fit
sushi_b,3488,fit
sushi_b,516,fit
sushi_b,2916,fit
sushi_b,1960,fit
sushi_b,1342,fit
sushi_b,319,fit
sushi_b,341,fit
sushi_b,1522,fit
sushi_b,1698,fit
sushi_b,623,fit
sushi_b,3116,fit
sushi_b,3618,fit
sushi_b,995,fit
sushi_b,2945,fit
sushi_b,4734,fit
sushi_b,2427,fit
sushi_b,223,fit
sushi_b,878,fit
sushi_b,4946,fit
sushi_b,4816,fit
sushi_b,1584,fit
sushi_b,679,fit
sushi_b,2525,fit
sushi_b,3334,fit
sushi_b,4248,fit
sushi_b,1546,fit
sushi_b,4075,fit
sushi_b,3363,fit
sushi_b,3042,fit
sushi_b,873,fit
sushi_b,4116,fit
sushi_b,3852,fit
sushi_b,1397,fit
sushi_b,1831,fit
sushi_b,342,fit
sushi_b,3016,fit
sushi_b,1817,fit
sushi_b,1347,fit
sushi_b,3489,fit
sushi_b,4681,fit
sushi_b,392,fit
sushi_b,3277,fit
sushi_b,803,fit
sushi_b,576,fit
sushi_b,3984,fit
sushi_b,3639,fit
sushi_b,4822,fit
sushi_b,1258,fit
sushi_b,1878,fit
sushi_b,4539,fit
sushi_b,1381,fit
sushi_b,4566,fit
sushi_b,852,fit
sushi_b,452,fit
sushi_b,3918,fit
sushi_b,2556,fit
sushi_b,280,fit
sushi_b,4469,fit
sushi_b,196,fit
sushi_b,3906,fit
sushi_b,3156,fit
sushi_b,4697,fit
sushi_b,1545,fit
sushi_b,443,fit
sushi_b,798,fit
sushi_b,625,fit
sushi_b,4774,fit
sushi_b,2210,fit
sushi_b,3355,fit
sushi_b,3496,fit
sushi_b,2136,fit
sushi_b,2630,fit
sushi_b,3848,fit
sushi_b,4411,fit
sushi_b,3815,fit
sushi_b,964,fit
sushi_b,3789,fit
sushi_b,297,fit
sushi_b,4759,fit
sushi_b,1184,fit
sushi_b,2354,fit
sushi_b,1770,fit
sushi_b,2922,fit
sushi_b,1203,fit
sushi_b,2541,fit
sushi_b,1133,fit
sushi_b,3785,fit
sushi_b,4068,fit
sushi_b,4319,fit
sushi_b,1681,fit
sushi_b,4948,fit
sushi_b,2308,fit
sushi_b,273,fit
sushi_b,800,fit
sushi_b,4352,fit
sushi_b,3824,fit
sushi_b,3617,fit
sushi_b,3067,fit
sushi_b,1624,fit
sushi_b,4511,fit
sushi_b,4432,fit
sushi_b,4740,fit
sushi_b,2096,fit
sushi_b,498,fit
sushi_b,4425,fit
sushi_b,3377,fit
sushi_b,3295,fit
sushi_b,4236,fit
sushi_b,2693,fit
sushi_b,2488,fit
sushi_b,3545,fit
sushi_b,1821,fit
sushi_b,2669,fit
sushi_b,1234,fit
sushi_b,3009,fit
sushi_b,2940,fit
sushi_b,1290,fit
sushi_b,1990,fit
sushi_b,872,fit
sushi_b,3547,fit
sushi_b,854,fit
sushi_b,3960,fit
sushi_b,3881,fit
sushi_b,1958,fit
sushi_b,2614,fit
sushi_b,2577,fit
sushi_b,2664,fit
sushi_b,689,fit
sushi_b,584,fit
sushi_b,3915,fit
sushi_b,3445,fit
sushi_b,4415,fit
sushi_b,195,fit
sushi_b,307,fit
sushi_b,2602,fit
sushi_b,2430,fit
sushi_b,3962,fit
sushi_b,630,fit
sushi_b,2844,fit
sushi_b,3314,fit
sushi_b,2438,fit
sushi_b,2407,fit
sushi_b,2129,fit
sushi_b,1687,fit
sushi_b,967,fit
sushi_b,4133,fit
sushi_b,3249,fit
sushi_b,2343,fit
sushi_b,4374,fit
sushi_b,1389,fit
sushi_b,2981,fit
sushi_b,262,fit
sushi_b,3919,fit
sushi_b,1256,fit
sushi_b,782,fit
sushi_b,1206,fit
sushi_b,1121,fit
sushi_b,4796,fit
sushi_b,4846,fit
sushi_b,1349,fit
sushi_b,4351,fit
sushi_b,3022,fit
sushi_b,4249,fit
sushi_b,3830,fit
sushi_b,4313,fit
sushi_b,1052,fit
sushi_b,438,fit
sushi_b,1517,fit
sushi_b,945,fit
sushi_b,110,fit
sushi_b,917,fit
sushi_b,4269,fit
sushi_b,299,fit
sushi_b,2882,discovery
sushi_b,4826,discovery
sushi_b,357,discovery
sushi_b,3152,discovery
sushi_b,3137,discovery
sushi_b,1003,discovery
sushi_b,4306,discovery
sushi_b,2449,discovery
sushi_b,3704,discovery
sushi_b,327,discovery
sushi_b,1385,discovery
sushi_b,3020,discovery
sushi_b,3513,discovery
sushi_b,1139,discovery
sushi_b,844,discovery
sushi_b,4241,discovery
sushi_b,4713,discovery
sushi_b,1223,discovery
sushi_b,1567,discovery
sushi_b,2150,discovery
sushi_b,2024,discovery
sushi_b,4892,discovery
sushi_b,48,discovery
sushi_b,1301,discovery
sushi_b,4954,discovery
sushi_b,4216,discovery
sushi_b,556,discovery
sushi_b,398,discovery
sushi_b,2422,discovery
sushi_b,965,discovery
sushi_b,4006,discovery
sushi_b,2402,discovery
sushi_b,309,discovery
sushi_b,883,discovery
sushi_b,810,discovery
sushi_b,4304,discovery
sushi_b,4118,discovery
sushi_b,1253,discovery
sushi_b,4157,discovery
sushi_b,732,discovery
sushi_b,2159,discovery
sushi_b,4188,discovery
sushi_b,4040,discovery
sushi_b,1615,discovery
sushi_b,987,discovery
sushi_b,2643,discovery
sushi_b,3,discovery
sushi_b,3054,discovery
sushi_b,4545,discovery
sushi_b,2359,discovery
sushi_b,4534,discovery
sushi_b,114,discovery
sushi_b,2403,discovery
sushi_b,1255,discovery
sushi_b,103,discovery
sushi_b,1233,discovery
sushi_b,2418,discovery
sushi_b,2935,discovery
sushi_b,2451,discovery
sushi_b,606,discovery
sushi_b,2093,discovery
sushi_b,890,discovery
sushi_b,2514,discovery
sushi_b,1445,discovery
sushi_b,4280,discovery
sushi_b,3119,discovery
sushi_b,3071,discovery
sushi_b,2792,discovery
sushi_b,4654,discovery
sushi_b,2580,discovery
sushi_b,2416,discovery
sushi_b,3296,discovery
sushi_b,4987,discovery
sushi_b,4131,discovery
sushi_b,4344,discovery
sushi_b,2926,discovery
sushi_b,4742,discovery
sushi_b,2680,discovery
sushi_b,3145,discovery
sushi_b,4507,discovery
sushi_b,4607,discovery
sushi_b,2979,discovery
sushi_b,2865,discovery
sushi_b,2174,discovery
sushi_b,1507,discovery
sushi_b,2880,discovery
sushi_b,725,discovery
sushi_b,4049,discovery
sushi_b,3665,discovery
sushi_b,4860,discovery
sushi_b,3526,discovery
sushi_b,4229,discovery
sushi_b,3674,discovery
sushi_b,3303,discovery
sushi_b,1475,discovery
sushi_b,4600,discovery
sushi_b,4914,discovery
sushi_b,155,discovery
sushi_b,4381,discovery
sushi_b,2761,discovery
sushi_b,3880,discovery
sushi_b,3810,discovery
sushi_b,1227,discovery
sushi_b,4392,discovery
sushi_b,4679,discovery
sushi_b,1362,discovery
sushi_b,1288,discovery
sushi_b,3493,discovery
sushi_b,598,discovery
sushi_b,597,discovery
sushi_b,1840,discovery
sushi_b,3656,discovery
sushi_b,3935,discovery
sushi_b,2784,discovery
sushi_b,813,discovery
sushi_b,1999,discovery
sushi_b,4589,discovery
sushi_b,4847,discovery
sushi_b,4565,discovery
sushi_b,3159,discovery
sushi_b,1610,discovery
sushi_b,648,discovery
sushi_b,3238,discovery
sushi_b,2589,discovery
sushi_b,2598,discovery
sushi_b,988,discovery
sushi_b,510,discovery
sushi_b,2686,discovery
sushi_b,1067,discovery
sushi_b,3517,discovery
sushi_b,2017,discovery
sushi_b,4934,discovery
sushi_b,2987,discovery
sushi_b,818,discovery
sushi_b,4179,discovery
sushi_b,2169,discovery
sushi_b,2266,discovery
sushi_b,306,discovery
sushi_b,2465,discovery
sushi_b,2971,discovery
sushi_b,3312,discovery
sushi_b,2229,discovery
sushi_b,0,discovery
sushi_b,3421,discovery
sushi_b,1755,discovery
sushi_b,2918,discovery
sushi_b,4639,discovery
sushi_b,1087,discovery
sushi_b,3365,discovery
sushi_b,4311,discovery
sushi_b,3180,discovery
sushi_b,3086,discovery
sushi_b,3682,discovery
sushi_b,4274,discovery
sushi_b,7,discovery
sushi_b,714,discovery
sushi_b,2332,discovery
sushi_b,3877,discovery
sushi_b,423,discovery
sushi_b,1295,discovery
sushi_b,1876,discovery
sushi_b,3330,discovery
sushi_b,572,discovery
sushi_b,1652,discovery
sushi_b,1832,discovery
sushi_b,1726,discovery
sushi_b,4088,discovery
sushi_b,1994,discovery
sushi_b,4151,discovery
sushi_b,2158,discovery
sushi_b,256,discovery
sushi_b,3681,discovery
sushi_b,715,discovery
sushi_b,3947,discovery
sushi_b,993,discovery
sushi_b,1274,discovery
sushi_b,2991,discovery
sushi_b,4852,discovery
sushi_b,4041,discovery
sushi_b,3649,discovery
sushi_b,3692,discovery
sushi_b,3432,discovery
sushi_b,1692,discovery
sushi_b,1773,discovery
sushi_b,1660,discovery
sushi_b,4938,discovery
sushi_b,909,discovery
sushi_b,3205,discovery
sushi_b,4200,discovery
sushi_b,1275,discovery
sushi_b,3077,discovery
sushi_b,151,discovery
sushi_b,2331,discovery
sushi_b,3217,discovery
sushi_b,1654,discovery
sushi_b,1519,discovery
sushi_b,384,discovery
sushi_b,4210,discovery
sushi_b,864,discovery
sushi_b,3759,discovery
sushi_b,1009,discovery
sushi_b,2250,discovery
sushi_b,845,discovery
sushi_b,2569,discovery
sushi_b,3450,discovery
sushi_b,3941,discovery
sushi_b,3627,discovery
sushi_b,2042,discovery
sushi_b,2891,discovery
sushi_b,1636,discovery
sushi_b,1685,discovery
sushi_b,4965,discovery
sushi_b,136,discovery
sushi_b,2618,discovery
sushi_b,1805,discovery
sushi_b,996,discovery
sushi_b,3320,discovery
sushi_b,1103,discovery
sushi_b,4725,discovery
sushi_b,1680,discovery
sushi_b,2224,discovery
sushi_b,1262,discovery
sushi_b,2161,discovery
sushi_b,2222,discovery
sushi_b,4239,discovery
sushi_b,935,discovery
sushi_b,4994,discovery
sushi_b,3695,discovery
sushi_b,4596,discovery
sushi_b,1789,discovery
sushi_b,3811,discovery
sushi_b,1921,discovery
sushi_b,4538,discovery
sushi_b,3659,discovery
sushi_b,851,discovery
sushi_b,266,discovery
sushi_b,2962,discovery
sushi_b,4186,discovery
sushi_b,3499,discovery
sushi_b,3583,discovery
sushi_b,4541,discovery
sushi_b,4281,discovery
sushi_b,2748,discovery
sushi_b,2925,discovery
sushi_b,4952,discovery
sushi_b,2357,discovery
sushi_b,2197,discovery
sushi_b,4334,discovery
sushi_b,2035,discovery
sushi_b,4159,discovery
sushi_b,737,discovery
sushi_b,3774,discovery
sushi_b,3679,discovery
sushi_b,2671,discovery
sushi_b,1444,discovery
sushi_b,4751,discovery
sushi_b,797,discovery
sushi_b,419,discovery
sushi_b,2529,discovery
sushi_b,113,discovery
sushi_b,2236,discovery
sushi_b,3080,discovery
sushi_b,3834,discovery
sushi_b,4594,discovery
sushi_b,2701,discovery
sushi_b,3195,discovery
sushi_b,472,discovery
sushi_b,1013,discovery
sushi_b,4638,discovery
sushi_b,3884,discovery
sushi_b,2762,discovery
sushi_b,773,discovery
sushi_b,2119,discovery
sushi_b,4378,discovery
sushi_b,2348,discovery
sushi_b,4033,discovery
sushi_b,4470,discovery
sushi_b,2466,discovery
sushi_b,1118,discovery
sushi_b,4687,discovery
sushi_b,1175,discovery
sushi_b,736,discovery
sushi_b,1178,discovery
sushi_b,3492,discovery
sushi_b,456,discovery
sushi_b,1231,discovery
sushi_b,1568,discovery
sushi_b,4581,discovery
sushi_b,1316,discovery
sushi_b,962,discovery
sushi_b,2212,discovery
sushi_b,2206,discovery
sushi_b,1794,discovery
sushi_b,387,discovery
sushi_b,4162,discovery
sushi_b,1526,discovery
sushi_b,1482,discovery
sushi_b,787,discovery
sushi_b,2675,discovery
sushi_b,400,discovery
sushi_b,1782,discovery
sushi_b,3634,discovery
sushi_b,4178,discovery
sushi_b,3745,discovery
sushi_b,1493,discovery
sushi_b,1978,discovery
sushi_b,1041,discovery
sushi_b,523,discovery
sushi_b,2650,discovery
sushi_b,379,discovery
sushi_b,4854,discovery
sushi_b,2005,discovery
sushi_b,176,discovery
sushi_b,405,discovery
sushi_b,1634,discovery
sushi_b,487,discovery
sushi_b,2175,discovery
sushi_b,1138,discovery
sushi_b,2363,discovery
sushi_b,1729,discovery
sushi_b,788,discovery
sushi_b,4209,discovery
sushi_b,3698,discovery
sushi_b,2113,discovery
sushi_b,3804,discovery
sushi_b,2965,discovery
sushi_b,3008,discovery
sushi_b,944,discovery
sushi_b,2869,discovery
sushi_b,3701,discovery
sushi_b,638,discovery
sushi_b,1886,discovery
sushi_b,1688,discovery
sushi_b,614,discovery
sushi_b,3788,discovery
sushi_b,219,discovery
sushi_b,203,discovery
sushi_b,4912,discovery
sushi_b,2160,discovery
sushi_b,4489,discovery
sushi_b,2620,discovery
sushi_b,958,discovery
sushi_b,3966,discovery
sushi_b,2555,discovery
sushi_b,2406,discovery
sushi_b,2843,discovery
sushi_b,3444,discovery
sushi_b,3544,discovery
sushi_b,250,discovery
sushi_b,3231,discovery
sushi_b,4410,discovery
sushi_b,3285,discovery
sushi_b,69,discovery
sushi_b,2743,discovery
sushi_b,1415,discovery
sushi_b,122,discovery
sushi_b,835,discovery
sushi_b,373,discovery
sushi_b,2237,discovery
sushi_b,2097,discovery
sushi_b,4884,discovery
sushi_b,1020,discovery
sushi_b,1918,discovery
sushi_b,3625,discovery
sushi_b,1368,discovery
sushi_b,236,discovery
sushi_b,4030,discovery
sushi_b,4853,discovery
sushi_b,314,discovery
sushi_b,4460,discovery
sushi_b,4803,discovery
sushi_b,719,discovery
sushi_b,453,discovery
sushi_b,3564,discovery
sushi_b,1190,discovery
sushi_b,1889,discovery
sushi_b,4848,discovery
sushi_b,4960,discovery
sushi_b,2886,discovery
sushi_b,3126,discovery
sushi_b,1742,discovery
sushi_b,921,discovery
sushi_b,4373,discovery
sushi_b,4443,discovery
sushi_b,1916,discovery
sushi_b,1647,discovery
sushi_b,2067,discovery
sushi_b,2697,discovery
sushi_b,2095,discovery
sushi_b,573,discovery
sushi_b,1162,discovery
sushi_b,1447,discovery
sushi_b,1152,discovery
sushi_b,4570,discovery
sushi_b,1081,discovery
sushi_b,3857,discovery
sushi_b,4823,discovery
sushi_b,3750,discovery
sushi_b,2817,discovery
sushi_b,3411,discovery
sushi_b,3475,discovery
sushi_b,3425,discovery
sushi_b,3360,discovery
sushi_b,3661,discovery
sushi_b,3304,discovery
sushi_b,1633,discovery
sushi_b,1099,discovery
sushi_b,2828,discovery
sushi_b,1075,discovery
sushi_b,2296,discovery
sushi_b,2065,discovery
sushi_b,2604,discovery
sushi_b,3722,discovery
sushi_b,2952,discovery
sushi_b,480,discovery
sushi_b,3908,discovery
sushi_b,3031,discovery
sushi_b,2810,discovery
sushi_b,1098,discovery
sushi_b,1548,discovery
sushi_b,101,discovery
sushi_b,2719,discovery
sushi_b,2269,discovery
sushi_b,3528,discovery
sushi_b,3171,discovery
sushi_b,465,discovery
sushi_b,3519,discovery
sushi_b,2274,discovery
sushi_b,4973,discovery
sushi_b,4376,discovery
sushi_b,4918,discovery
sushi_b,4525,discovery
sushi_b,2393,discovery
sushi_b,3301,discovery
sushi_b,1648,discovery
sushi_b,83,discovery
sushi_b,1682,discovery
sushi_b,3952,discovery
sushi_b,354,discovery
sushi_b,2253,discovery
sushi_b,1291,discovery
sushi_b,4868,discovery
sushi_b,3025,discovery
sushi_b,765,discovery
sushi_b,1147,discovery
sushi_b,2791,discovery
sushi_b,1358,discovery
sushi_b,3219,discovery
sushi_b,2711,discovery
sushi_b,1527,discovery
sushi_b,2738,discovery
sushi_b,2578,discovery
sushi_b,2770,discovery
sushi_b,3856,discovery
sushi_b,1367,discovery
sushi_b,1872,discovery
sushi_b,3142,discovery
sushi_b,2542,discovery
sushi_b,4735,discovery
sushi_b,2411,discovery
sushi_b,4986,discovery
sushi_b,2105,discovery
sushi_b,4721,discovery
sushi_b,2475,discovery
sushi_b,2954,discovery
sushi_b,4105,discovery
sushi_b,4276,discovery
sushi_b,2282,discovery
sushi_b,1542,discovery
sushi_b,1202,discovery
sushi_b,2060,discovery
sushi_b,826,discovery
sushi_b,591,discovery
sushi_b,1642,discovery
sushi_b,1230,discovery
sushi_b,3828,discovery
sushi_b,355,discovery
sushi_b,1465,discovery
sushi_b,2241,discovery
sushi_b,2912,discovery
sushi_b,98,discovery
sushi_b,3623,discovery
sushi_b,3739,discovery
sushi_b,3973,discovery
sushi_b,3994,discovery
sushi_b,3858,discovery
sushi_b,1961,discovery
sushi_b,1786,discovery
sushi_b,32,discovery
sushi_b,817,discovery
sushi_b,1473,discovery
sushi_b,402,discovery
sushi_b,1024,discovery
sushi_b,321,discovery
sushi_b,4267,discovery
sushi_b,4629,discovery
sushi_b,4737,discovery
sushi_b,4972,discovery
sushi_b,1580,discovery
sushi_b,1670,discovery
sushi_b,3825,discovery
sushi_b,4278,discovery
sushi_b,345,discovery
sushi_b,2942,discovery
sushi_b,4358,discovery
sushi_b,3486,discovery
sushi_b,3926,discovery
sushi_b,2605,discovery
sushi_b,2277,discovery
sushi_b,3419,discovery
sushi_b,749,discovery
sushi_b,2140,discovery
sushi_b,270,discovery
sushi_b,2973,discovery
sushi_b,4700,discovery
sushi_b,2768,discovery
sushi_b,3327,discovery
sushi_b,4821,discovery
sushi_b,2453,discovery
sushi_b,2167,discovery
sushi_b,292,discovery
sushi_b,2840,discovery
sushi_b,1033,discovery
sushi_b,2028,discovery
sushi_b,4602,discovery
sushi_b,3041,discovery
sushi_b,3061,discovery
sushi_b,3893,discovery
sushi_b,551,discovery
sushi_b,3187,discovery
sushi_b,756,discovery
sushi_b,2760,discovery
sushi_b,4950,discovery
sushi_b,3932,discovery
sushi_b,833,discovery
sushi_b,2373,discovery
sushi_b,4435,discovery
sushi_b,4779,discovery
sushi_b,885,discovery
sushi_b,3699,discovery
sushi_b,3194,discovery
sushi_b,2870,discovery
sushi_b,4065,discovery
sushi_b,2112,discovery
sushi_b,2780,discovery
sushi_b,4877,discovery
sushi_b,2446,discovery
sushi_b,4771,discovery
sushi_b,1040,discovery
sushi_b,141,discovery
sushi_b,1575,discovery
sushi_b,3595,discovery
sushi_b,2143,discovery
sushi_b,1895,discovery
sushi_b,730,discovery
sushi_b,446,discovery
sushi_b,3250,discovery
sushi_b,1025,discovery
sushi_b,4187,discovery
sushi_b,425,discovery
sushi_b,549,discovery
sushi_b,3294,discovery
sushi_b,3287,discovery
sushi_b,3784,discovery
sushi_b,693,discovery
sushi_b,166,discovery
sushi_b,1804,discovery
sushi_b,3752,discovery
sushi_b,1825,discovery
sushi_b,4875,discovery
sushi_b,3069,discovery
sushi_b,4857,discovery
sushi_b,4198,discovery
sushi_b,1578,discovery
sushi_b,1460,discovery
sushi_b,1487,discovery
sushi_b,3729,discovery
sushi_b,3182,discovery
sushi_b,2765,discovery
sushi_b,2360,discovery
sushi_b,4292,discovery
sushi_b,338,discovery
sushi_b,2322,discovery
sushi_b,3771,discovery
sushi_b,3501,discovery
sushi_b,2866,discovery
sushi_b,1785,discovery
sushi_b,2147,discovery
sushi_b,3887,discovery
sushi_b,3433,discovery
sushi_b,2490,discovery
sushi_b,4307,discovery
sushi_b,4488,discovery
sushi_b,1435,discovery
sushi_b,3510,discovery
sushi_b,288,discovery
sushi_b,1818,discovery
sushi_b,2305,discovery
sushi_b,2207,discovery
sushi_b,361,discovery
sushi_b,2326,discovery
sushi_b,4578,discovery
sushi_b,2787,discovery
sushi_b,4121,discovery
sushi_b,1005,discovery
sushi_b,2469,discovery
sushi_b,171,discovery
sushi_b,4272,discovery
sushi_b,658,discovery
sushi_b,2807,discovery
sushi_b,1474,discovery
sushi_b,4728,discovery
sushi_b,2434,discovery
sushi_b,2072,discovery
sushi_b,3700,discovery
sushi_b,1861,discovery
sushi_b,2957,discovery
sushi_b,426,discovery
sushi_b,4368,discovery
sushi_b,228,discovery
sushi_b,1132,discovery
sushi_b,3192,discovery
sushi_b,4911,discovery
sushi_b,4606,discovery
sushi_b,960,discovery
sushi_b,4623,discovery
sushi_b,1547,discovery
sushi_b,3504,discovery
sushi_b,4482,discovery
sushi_b,823,discovery
sushi_b,1043,discovery
sushi_b,3226,discovery
sushi_b,766,discovery
sushi_b,2183,discovery
sushi_b,4094,discovery
sushi_b,1695,discovery
sushi_b,4331,discovery
sushi_b,3066,discovery
sushi_b,2227,discovery
sushi_b,3576,discovery
sushi_b,3353,discovery
sushi_b,4145,discovery
sushi_b,4776,discovery
sushi_b,1452,discovery
sushi_b,759,discovery
sushi_b,3963,discovery
sushi_b,1597,discovery
sushi_b,3021,discovery
sushi_b,3173,discovery
sushi_b,3757,discovery
sushi_b,1130,discovery
sushi_b,2649,discovery
sushi_b,3755,discovery
sushi_b,3616,discovery
sushi_b,1859,discovery
sushi_b,1458,discovery
sushi_b,4087,discovery
sushi_b,4084,discovery
sushi_b,3620,discovery
sushi_b,696,discovery
sushi_b,687,discovery
sushi_b,1236,discovery
sushi_b,4557,discovery
sushi_b,2893,discovery
sushi_b,435,discovery
sushi_b,2217,discovery
sushi_b,1510,discovery
sushi_b,491,discovery
sushi_b,2648,discovery
sushi_b,4835,discovery
sushi_b,3511,discovery
sushi_b,1869,discovery
sushi_b,4050,discovery
sushi_b,4038,discovery
sushi_b,1616,discovery
sushi_b,275,discovery
sushi_b,4964,discovery
sushi_b,1758,discovery
sushi_b,3527,discovery
sushi_b,3148,discovery
sushi_b,3257,discovery
sushi_b,3469,discovery
sushi_b,692,discovery
sushi_b,2517,discovery
sushi_b,2182,discovery
sushi_b,1743,discovery
sushi_b,371,discovery
sushi_b,1689,discovery
sushi_b,2330,discovery
sushi_b,1646,discovery
sushi_b,4371,discovery
sushi_b,2389,discovery
sushi_b,209,discovery
sushi_b,2152,discovery
sushi_b,2493,discovery
sushi_b,1993,discovery
sushi_b,587,discovery
sushi_b,2127,discovery
sushi_b,3886,discovery
sushi_b,2561,discovery
sushi_b,1148,discovery
sushi_b,2860,discovery
sushi_b,3998,discovery
sushi_b,1725,discovery
sushi_b,4429,discovery
sushi_b,3052,discovery
sushi_b,4617,discovery
sushi_b,3480,discovery
sushi_b,1142,discovery
sushi_b,1764,discovery
sushi_b,4845,discovery
sushi_b,746,discovery
sushi_b,4074,discovery
sushi_b,2540,discovery
sushi_b,846,discovery
sushi_b,1107,discovery
sushi_b,663,discovery
sushi_b,2586,discovery
sushi_b,4473,discovery
sushi_b,4428,discovery
sushi_b,943,discovery
sushi_b,626,discovery
sushi_b,3111,discovery
sushi_b,1713,discovery
sushi_b,4917,discovery
sushi_b,2221,discovery
sushi_b,2187,discovery
sushi_b,3122,discovery
sushi_b,2839,discovery
sushi_b,1902,discovery
sushi_b,2663,discovery
sushi_b,705,discovery
sushi_b,3478,discovery
sushi_b,448,discovery
sushi_b,881,discovery
sushi_b,1413,discovery
sushi_b,4613,discovery
sushi_b,1000,discovery
sushi_b,1754,discovery
sushi_b,3522,discovery
sushi_b,1835,discovery
sushi_b,440,discovery
sushi_b,278,discovery
sushi_b,2585,discovery
sushi_b,4677,discovery
sushi_b,2706,discovery
sushi_b,3847,discovery
sushi_b,4791,discovery
sushi_b,1544,discovery
sushi_b,198,discovery
sushi_b,1263,discovery
sushi_b,362,discovery
sushi_b,618,discovery
sushi_b,41,discovery
sushi_b,3247,discovery
sushi_b,4985,discovery
sushi_b,3609,discovery
sushi_b,3415,discovery
sushi_b,3879,discovery
sushi_b,1845,discovery
sushi_b,1102,discovery
sushi_b,2071,discovery
sushi_b,246,discovery
sushi_b,4039,discovery
sushi_b,4466,discovery
sushi_b,3819,discovery
sushi_b,1820,discovery
sushi_b,645,discovery
sushi_b,1091,discovery
sushi_b,118,discovery
sushi_b,18,discovery
sushi_b,1380,discovery
sushi_b,3985,discovery
sushi_b,3397,discovery
sushi_b,2081,discovery
sushi_b,4158,discovery
sushi_b,1272,discovery
sushi_b,3273,discovery
sushi_b,248,discovery
sushi_b,2915,discovery
sushi_b,4505,discovery
sushi_b,2879,discovery
sushi_b,334,discovery
sushi_b,3863,discovery
sushi_b,2242,discovery
sushi_b,3748,discovery
sushi_b,4078,discovery
sushi_b,875,discovery
sushi_b,3894,discovery
sushi_b,4881,discovery
sushi_b,4048,discovery
sushi_b,2721,discovery
sushi_b,1039,discovery
sushi_b,1864,discovery
sushi_b,468,discovery
sushi_b,2218,discovery
sushi_b,1334,discovery
sushi_b,3641,discovery
sushi_b,4649,discovery
sushi_b,2291,discovery
sushi_b,3130,discovery
sushi_b,3099,discovery
sushi_b,2788,discovery
sushi_b,1414,discovery
sushi_b,3807,discovery
sushi_b,3157,discovery
sushi_b,1582,discovery
sushi_b,1008,discovery
sushi_b,4265,discovery
sushi_b,850,discovery
sushi_b,3754,discovery
sushi_b,4324,discovery
sushi_b,4693,discovery
sushi_b,3939,discovery
sushi_b,4896,discovery
sushi_b,375,discovery
sushi_b,1176,discovery
sushi_b,3216,discovery
sushi_b,2826,discovery
sushi_b,4786,discovery
sushi_b,4920,discovery
sushi_b,4224,discovery
sushi_b,4736,discovery
sushi_b,3921,discovery
sushi_b,1310,discovery
sushi_b,148,discovery
sushi_b,3168,discovery
sushi_b,811,discovery
sushi_b,3683,discovery
sushi_b,1690,discovery
sushi_b,1769,discovery
sushi_b,1106,discovery
sushi_b,2179,discovery
sushi_b,2744,discovery
sushi_b,1948,discovery
sushi_b,1340,discovery
sushi_b,926,discovery
sushi_b,4768,discovery
sushi_b,643,discovery
sushi_b,3730,discovery
sushi_b,3429,discovery
sushi_b,1757,discovery
sushi_b,254,discovery
sushi_b,3497,discovery
sushi_b,3883,discovery
sushi_b,2808,discovery
sushi_b,2988,discovery
sushi_b,622,discovery
sushi_b,2379,discovery
sushi_b,1932,discovery
sushi_b,4698,discovery
sushi_b,3675,discovery
sushi_b,2064,discovery
sushi_b,2390,discovery
sushi_b,3154,discovery
sushi_b,2190,discovery
sushi_b,1659,discovery
sushi_b,412,discovery
sushi_b,2073,discovery
sushi_b,4299,discovery
sushi_b,874,discovery
sushi_b,602,discovery
sushi_b,4731,discovery
sushi_b,4778,discovery
sushi_b,3132,discovery
sushi_b,3878,discovery
sushi_b,2173,discovery
sushi_b,1034,discovery
sushi_b,633,discovery
sushi_b,2639,discovery
sushi_b,3714,discovery
sushi_b,1693,discovery
sushi_b,701,discovery
sushi_b,3399,discovery
sushi_b,1503,discovery
sushi_b,3770,discovery
sushi_b,4559,discovery
sushi_b,986,discovery
sushi_b,859,discovery
sushi_b,4831,discovery
sushi_b,1523,discovery
sushi_b,1830,discovery
sushi_b,4484,discovery
sushi_b,4756,discovery
sushi_b,4709,discovery
sushi_b,2511,discovery
sushi_b,3335,discovery
sushi_b,3798,discovery
sushi_b,863,discovery
sushi_b,838,discovery
sushi_b,670,discovery
sushi_b,1607,discovery
sushi_b,1006,discovery
sushi_b,3246,discovery
sushi_b,2419,discovery
sushi_b,1078,discovery
sushi_b,4861,discovery
sushi_b,2130,discovery
sushi_b,4034,discovery
sushi_b,560,discovery
sushi_b,2798,discovery
sushi_b,1849,discovery
sushi_b,1618,discovery
sushi_b,1377,discovery
sushi_b,1269,discovery
sushi_b,802,discovery
sushi_b,4536,discovery
sushi_b,4802,discovery
sushi_b,3453,discovery
sushi_b,940,discovery
sushi_b,180,discovery
sushi_b,2858,discovery
sushi_b,2986,discovery
sushi_b,3885,discovery
sushi_b,397,discovery
sushi_b,535,discovery
sushi_b,3181,discovery
sushi_b,4574,discovery
sushi_b,3325,discovery
sushi_b,637,discovery
sushi_b,4359,discovery
sushi_b,427,discovery
sushi_b,1929,discovery
sushi_b,1244,discovery
sushi_b,1372,discovery
sushi_b,3079,discovery
sushi_b,4020,discovery
sushi_b,2153,discovery
sushi_b,4169,discovery
sushi_b,1768,discovery
sushi_b,401,discovery
sushi_b,534,discovery
sushi_b,2731,discovery
sushi_b,2582,discovery
sushi_b,3482,discovery
sushi_b,3062,discovery
sushi_b,1941,discovery
sushi_b,3431,discovery
sushi_b,4329,discovery
sushi_b,2391,discovery
sushi_b,3604,discovery
sushi_b,1287,discovery
sushi_b,4174,discovery
sushi_b,629,discovery
sushi_b,4295,discovery
sushi_b,1031,discovery
sushi_b,3338,discovery
sushi_b,3179,discovery
sushi_b,3112,discovery
sushi_b,125,discovery
sushi_b,4590,discovery
sushi_b,2908,discovery
sushi_b,2516,discovery
sushi_b,3917,discovery
sushi_b,4886,discovery
sushi_b,2484,discovery
sushi_b,2641,discovery
sushi_b,1877,discovery
sushi_b,2494,discovery
sushi_b,1579,discovery
sushi_b,1049,discovery
sushi_b,1501,discovery
sushi_b,1602,discovery
sushi_b,3591,discovery
sushi_b,1966,discovery
sushi_b,2887,discovery
sushi_b,4958,discovery
sushi_b,2448,discovery
sushi_b,1550,discovery
sushi_b,4745,discovery
sushi_b,3088,discovery
sushi_b,3923,discovery
sushi_b,4838,discovery
sushi_b,1952,discovery
sushi_b,1882,discovery
sushi_b,84,discovery
sushi_b,2644,discovery
sushi_b,2806,discovery
sushi_b,786,discovery
sushi_b,492,discovery
sushi_b,1676,discovery
sushi_b,1797,discovery
sushi_b,458,discovery
sushi_b,1894,discovery
sushi_b,4086,discovery
sushi_b,2654,discovery
sushi_b,2725,discovery
sushi_b,3982,discovery
sushi_b,2259,discovery
sushi_b,2355,discovery
sushi_b,4978,discovery
sushi_b,1834,discovery
sushi_b,4285,discovery
sushi_b,2593,discovery
sushi_b,532,discovery
sushi_b,3343,discovery
sushi_b,3867,discovery
sushi_b,1970,discovery
sushi_b,4810,discovery
sushi_b,4510,discovery
sushi_b,1441,confirmation
sushi_b,3557,confirmation
sushi_b,3836,confirmation
sushi_b,4760,confirmation
sushi_b,659,confirmation
sushi_b,111,confirmation
sushi_b,1893,confirmation
sushi_b,3859,confirmation
sushi_b,4910,confirmation
sushi_b,2009,confirmation
sushi_b,822,confirmation
sushi_b,21,confirmation
sushi_b,3600,confirmation
sushi_b,809,confirmation
sushi_b,1071,confirmation
sushi_b,671,confirmation
sushi_b,2549,confirmation
sushi_b,2899,confirmation
sushi_b,1016,confirmation
sushi_b,52,confirmation
sushi_b,664,confirmation
sushi_b,1157,confirmation
sushi_b,1637,confirmation
sushi_b,3678,confirmation
sushi_b,1643,confirmation
sushi_b,3002,confirmation
sushi_b,433,confirmation
sushi_b,3978,confirmation
sushi_b,56,confirmation
sushi_b,1228,confirmation
sushi_b,4232,confirmation
sushi_b,2924,confirmation
sushi_b,489,confirmation
sushi_b,3096,confirmation
sushi_b,4051,confirmation
sushi_b,4922,confirmation
sushi_b,1311,confirmation
sushi_b,2867,confirmation
sushi_b,781,confirmation
sushi_b,1724,confirmation
sushi_b,4476,confirmation
sushi_b,4784,confirmation
sushi_b,2203,confirmation
sushi_b,451,confirmation
sushi_b,3032,confirmation
sushi_b,117,confirmation
sushi_b,179,confirmation
sushi_b,4722,confirmation
sushi_b,4218,confirmation
sushi_b,3058,confirmation
sushi_b,1325,confirmation
sushi_b,239,confirmation
sushi_b,3011,confirmation
sushi_b,1419,confirmation
sushi_b,1535,confirmation
sushi_b,1896,confirmation
sushi_b,4413,confirmation
sushi_b,4037,confirmation
sushi_b,4260,confirmation
sushi_b,3465,confirmation
sushi_b,4256,confirmation
sushi_b,183,confirmation
sushi_b,2777,confirmation
sushi_b,1657,confirmation
sushi_b,1089,confirmation
sushi_b,722,confirmation
sushi_b,2172,confirmation
sushi_b,4090,confirmation
sushi_b,2280,confirmation
sushi_b,178,confirmation
sushi_b,251,confirmation
sushi_b,2917,confirmation
sushi_b,3207,confirmation
sushi_b,3110,confirmation
sushi_b,1160,confirmation
sushi_b,1558,confirmation
sushi_b,558,confirmation
sushi_b,1796,confirmation
sushi_b,4279,confirmation
sushi_b,4255,confirmation
sushi_b,4386,confirmation
sushi_b,1243,confirmation
sushi_b,4396,confirmation
sushi_b,2932,confirmation
sushi_b,4119,confirmation
sushi_b,4608,confirmation
sushi_b,3261,confirmation
sushi_b,390,confirmation
sushi_b,4417,confirmation
sushi_b,49,confirmation
sushi_b,1472,confirmation
sushi_b,2990,confirmation
sushi_b,1857,confirmation
sushi_b,2084,confirmation
sushi_b,858,confirmation
sushi_b,4624,confirmation
sushi_b,595,confirmation
sushi_b,2856,confirmation
sushi_b,4761,confirmation
sushi_b,2496,confirmation
sushi_b,231,confirmation
sushi_b,3690,confirmation
sushi_b,2835,confirmation
sushi_b,3346,confirmation
sushi_b,4294,confirmation
sushi_b,4284,confirmation
sushi_b,2603,confirmation
sushi_b,1788,confirmation
sushi_b,1204,confirmation
sushi_b,4741,confirmation
sushi_b,3083,confirmation
sushi_b,2897,confirmation
sushi_b,1018,confirmation
sushi_b,4924,confirmation
sushi_b,1704,confirmation
sushi_b,4017,confirmation
sushi_b,2497,confirmation
sushi_b,682,confirmation
sushi_b,642,confirmation
sushi_b,536,confirmation
sushi_b,734,confirmation
sushi_b,3326,confirmation
sushi_b,4921,confirmation
sushi_b,2345,confirmation
sushi_b,3790,confirmation
sushi_b,1620,confirmation
sushi_b,635,confirmation
sushi_b,4900,confirmation
sushi_b,3719,confirmation
sushi_b,2472,confirmation
sushi_b,1650,confirmation
sushi_b,1217,confirmation
sushi_b,3644,confirmation
sushi_b,3323,confirmation
sushi_b,4107,confirmation
sushi_b,3598,confirmation
sushi_b,1322,confirmation
sushi_b,1502,confirmation
sushi_b,4000,confirmation
sushi_b,3571,confirmation
sushi_b,2703,confirmation
sushi_b,3274,confirmation
sushi_b,4240,confirmation
sushi_b,640,confirmation
sushi_b,4871,confirmation
sushi_b,1451,confirmation
sushi_b,3183,confirmation
sushi_b,2874,confirmation
sushi_b,3368,confirmation
sushi_b,3255,confirmation
sushi_b,4980,confirmation
sushi_b,4674,confirmation
sushi_b,4418,confirmation
sushi_b,2834,confirmation
sushi_b,3366,confirmation
sushi_b,1732,confirmation
sushi_b,4110,confirmation
sushi_b,3579,confirmation
sushi_b,2797,confirmation
sushi_b,2894,confirmation
sushi_b,1021,confirmation
sushi_b,259,confirmation
sushi_b,3417,confirmation
sushi_b,2552,confirmation
sushi_b,1995,confirmation
sushi_b,3485,confirmation
sushi_b,1077,confirmation
sushi_b,2141,confirmation
sushi_b,3184,confirmation
sushi_b,3045,confirmation
sushi_b,2928,confirmation
sushi_b,764,confirmation
sushi_b,4052,confirmation
sushi_b,4099,confirmation
sushi_b,1912,confirmation
sushi_b,3282,confirmation
sushi_b,4342,confirmation
sushi_b,2264,confirmation
sushi_b,1486,confirmation
sushi_b,528,confirmation
sushi_b,67,confirmation
sushi_b,522,confirmation
sushi_b,3018,confirmation
sushi_b,1357,confirmation
sushi_b,2350,confirmation
sushi_b,3529,confirmation
sushi_b,771,confirmation
sushi_b,108,confirmation
sushi_b,3922,confirmation
sushi_b,455,confirmation
sushi_b,294,confirmation
sushi_b,3476,confirmation
sushi_b,169,confirmation
sushi_b,834,confirmation
sushi_b,4277,confirmation
sushi_b,3439,confirmation
sushi_b,2120,confirmation
sushi_b,252,confirmation
sushi_b,1220,confirmation
sushi_b,3715,confirmation
sushi_b,2168,confirmation
sushi_b,2421,confirmation
sushi_b,4818,confirmation
sushi_b,2617,confirmation
sushi_b,2459,confirmation
sushi_b,3712,confirmation
sushi_b,979,confirmation
sushi_b,511,confirmation
sushi_b,2845,confirmation
sushi_b,3166,confirmation
sushi_b,4069,confirmation
sushi_b,258,confirmation
sushi_b,408,confirmation
sushi_b,4724,confirmation
sushi_b,3910,confirmation
sushi_b,4222,confirmation
sushi_b,3117,confirmation
sushi_b,2531,confirmation
sushi_b,1497,confirmation
sushi_b,3505,confirmation
sushi_b,91,confirmation
sushi_b,2597,confirmation
sushi_b,4021,confirmation
sushi_b,386,confirmation
sushi_b,4427,confirmation
sushi_b,3007,confirmation
sushi_b,2209,confirmation
sushi_b,2018,confirmation
sushi_b,2510,confirmation
sushi_b,3474,confirmation
sushi_b,3991,confirmation
sushi_b,4528,confirmation
sushi_b,1946,confirmation
sushi_b,2863,confirmation
sushi_b,4625,confirmation
sushi_b,2260,confirmation
sushi_b,3369,confirmation
sushi_b,3584,confirmation
sushi_b,2647,confirmation
sushi_b,1292,confirmation
sushi_b,1881,confirmation
sushi_b,1552,confirmation
sushi_b,4683,confirmation
sushi_b,1914,confirmation
sushi_b,3731,confirmation
sushi_b,561,confirmation
sushi_b,559,confirmation
sushi_b,2715,confirmation
sushi_b,2515,confirmation
sushi_b,3549,confirmation
sushi_b,75,confirmation
sushi_b,4644,confirmation
sushi_b,336,confirmation
sushi_b,2370,confirmation
sushi_b,2621,confirmation
sushi_b,2698,confirmation
sushi_b,330,confirmation
sushi_b,4082,confirmation
sushi_b,4601,confirmation
sushi_b,10,confirmation
sushi_b,39,confirmation
sushi_b,2938,confirmation
sushi_b,4080,confirmation
sushi_b,1366,confirmation
sushi_b,1760,confirmation
sushi_b,3742,confirmation
sushi_b,504,confirmation
sushi_b,3354,confirmation
sushi_b,1504,confirmation
sushi_b,2128,confirmation
sushi_b,4996,confirmation
sushi_b,502,confirmation
sushi_b,2713,confirmation
sushi_b,708,confirmation
sushi_b,4825,confirmation
sushi_b,4515,confirmation
sushi_b,4485,confirmation
sushi_b,1232,confirmation
sushi_b,4062,confirmation
sushi_b,3999,confirmation
sushi_b,4664,confirmation
sushi_b,4807,confirmation
sushi_b,374,confirmation
sushi_b,4467,confirmation
sushi_b,3198,confirmation
sushi_b,2848,confirmation
sushi_b,4512,confirmation
sushi_b,3093,confirmation
sushi_b,2292,confirmation
sushi_b,2366,confirmation
sushi_b,1276,confirmation
sushi_b,4669,confirmation
sushi_b,1581,confirmation
sushi_b,2714,confirmation
sushi_b,1823,confirmation
sushi_b,2034,confirmation
sushi_b,64,confirmation
sushi_b,646,confirmation
sushi_b,548,confirmation
sushi_b,2616,confirmation
sushi_b,3015,confirmation
sushi_b,655,confirmation
sushi_b,4101,confirmation
sushi_b,4114,confirmation
sushi_b,1592,confirmation
sushi_b,2254,confirmation
sushi_b,2387,confirmation
sushi_b,4714,confirmation
sushi_b,4895,confirmation
sushi_b,1061,confirmation
sushi_b,3050,confirmation
sushi_b,2519,confirmation
sushi_b,1986,confirmation
sushi_b,1119,confirmation
sushi_b,4587,confirmation
sushi_b,1852,confirmation
sushi_b,4407,confirmation
sushi_b,4261,confirmation
sushi_b,4610,confirmation
sushi_b,4042,confirmation
sushi_b,1442,confirmation
sushi_b,3316,confirmation
sushi_b,936,confirmation
sushi_b,2134,confirmation
sushi_b,3003,confirmation
sushi_b,2754,confirmation
sushi_b,903,confirmation
sushi_b,410,confirmation
sushi_b,1011,confirmation
sushi_b,2931,confirmation
sushi_b,3064,confirmation
sushi_b,2185,confirmation
sushi_b,4652,confirmation
sushi_b,3252,confirmation
sushi_b,2311,confirmation
sushi_b,2535,confirmation
sushi_b,1120,confirmation
sushi_b,4940,confirmation
sushi_b,3833,confirmation
sushi_b,3837,confirmation
sushi_b,3113,confirmation
sushi_b,1411,confirmation
sushi_b,3772,confirmation
sushi_b,4262,confirmation
sushi_b,2483,confirmation
sushi_b,1665,confirmation
sushi_b,4772,confirmation
sushi_b,4442,confirmation
sushi_b,2307,confirmation
sushi_b,269,confirmation
sushi_b,1478,confirmation
sushi_b,324,confirmation
sushi_b,652,confirmation
sushi_b,4661,confirmation
sushi_b,107,confirmation
sushi_b,1431,confirmation
sushi_b,2809,confirmation
sushi_b,3434,confirmation
sushi_b,76,confirmation
sushi_b,208,confirmation
sushi_b,1400,confirmation
sushi_b,3275,confirmation
sushi_b,4533,confirmation
sushi_b,2996,confirmation
sushi_b,4122,confirmation
sushi_b,2875,confirmation
sushi_b,2774,confirmation
sushi_b,1085,confirmation
sushi_b,2077,confirmation
sushi_b,2057,confirmation
sushi_b,2829,confirmation
sushi_b,4535,confirmation
sushi_b,1221,confirmation
sushi_b,4619,confirmation
sushi_b,1480,confirmation
sushi_b,4023,confirmation
sushi_b,4047,confirmation
sushi_b,3477,confirmation
sushi_b,1981,confirmation
sushi_b,4252,confirmation
sushi_b,1585,confirmation
sushi_b,1421,confirmation
sushi_b,4227,confirmation
sushi_b,11,confirmation
sushi_b,2029,confirmation
sushi_b,4403,confirmation
sushi_b,2846,confirmation
sushi_b,3668,confirmation
sushi_b,971,confirmation
sushi_b,71,confirmation
sushi_b,1425,confirmation
sushi_b,3498,confirmation
sushi_b,601,confirmation
sushi_b,2108,confirmation
sushi_b,3622,confirmation
sushi_b,4125,confirmation
sushi_b,422,confirmation
sushi_b,194,confirmation
sushi_b,2058,confirmation
sushi_b,825,confirmation
sushi_b,352,confirmation
sushi_b,2351,confirmation
sushi_b,2230,confirmation
sushi_b,1824,confirmation
sushi_b,4258,confirmation
sushi_b,3428,confirmation
sushi_b,2775,confirmation
sushi_b,3892,confirmation
sushi_b,4988,confirmation
sushi_b,381,confirmation
sushi_b,2673,confirmation
sushi_b,2,confirmation
sushi_b,1562,confirmation
sushi_b,4932,confirmation
sushi_b,2678,confirmation
sushi_b,2665,confirmation
sushi_b,1194,confirmation
sushi_b,1384,confirmation
sushi_b,4308,confirmation
sushi_b,747,confirmation
sushi_b,4806,confirmation
sushi_b,2107,confirmation
sushi_b,1273,confirmation
sushi_b,1976,confirmation
sushi_b,3491,confirmation
sushi_b,190,confirmation
sushi_b,4152,confirmation
sushi_b,450,confirmation
sushi_b,3779,confirmation
sushi_b,1485,confirmation
sushi_b,109,confirmation
sushi_b,1360,confirmation
sushi_b,1492,confirmation
sushi_b,4890,confirmation
sushi_b,54,confirmation
sushi_b,4027,confirmation
sushi_b,3308,confirmation
sushi_b,3351,confirmation
sushi_b,4035,confirmation
sushi_b,4180,confirmation
sushi_b,4561,confirmation
sushi_b,1735,confirmation
sushi_b,2655,confirmation
sushi_b,3809,confirmation
sushi_b,3840,confirmation
sushi_b,4100,confirmation
sushi_b,1518,confirmation
sushi_b,3190,confirmation
sushi_b,4298,confirmation
sushi_b,3487,confirmation
sushi_b,4398,confirmation
sushi_b,1484,confirmation
sushi_b,207,confirmation
sushi_b,2700,confirmation
sushi_b,4176,confirmation
sushi_b,1858,confirmation
sushi_b,2208,confirmation
sushi_b,4633,confirmation
sushi_b,4969,confirmation
sushi_b,484,confirmation
sushi_b,938,confirmation
sushi_b,3408,confirmation
sushi_b,2921,confirmation
sushi_b,3164,confirmation
sushi_b,2911,confirmation
sushi_b,1437,confirmation
sushi_b,106,confirmation
sushi_b,3934,confirmation
sushi_b,3237,confirmation
sushi_b,1378,confirmation
sushi_b,3115,confirmation
sushi_b,1339,confirmation
sushi_b,2600,confirmation
sushi_b,763,confirmation
sushi_b,4391,confirmation
sushi_b,4379,confirmation
sushi_b,22,confirmation
sushi_b,1625,confirmation
sushi_b,2244,confirmation
sushi_b,279,confirmation
sushi_b,2041,confirmation
sushi_b,857,confirmation
sushi_b,1705,confirmation
sushi_b,1004,confirmation
sushi_b,2101,confirmation
sushi_b,3776,confirmation
sushi_b,1281,confirmation
sushi_b,4149,confirmation
sushi_b,1483,confirmation
sushi_b,3551,confirmation
sushi_b,1044,confirmation
sushi_b,814,confirmation
sushi_b,4612,confirmation
sushi_b,490,confirmation
sushi_b,44,confirmation
sushi_b,2592,confirmation
sushi_b,1331,confirmation
sushi_b,1953,confirmation
sushi_b,4076,confirmation
sushi_b,3458,confirmation
sushi_b,1192,confirmation
sushi_b,3536,confirmation
sushi_b,4695,confirmation
sushi_b,4783,confirmation
sushi_b,1213,confirmation
sushi_b,792,confirmation
sushi_b,2690,confirmation
sushi_b,3089,confirmation
sushi_b,185,confirmation
sushi_b,3263,confirmation
sushi_b,680,confirmation
sushi_b,2947,confirmation
sushi_b,2470,confirmation
sushi_b,3680,confirmation
sushi_b,3297,confirmation
sushi_b,4346,confirmation
sushi_b,1954,confirmation
sushi_b,4296,confirmation
sushi_b,3467,confirmation
sushi_b,3817,confirmation
sushi_b,2534,confirmation
sushi_b,3309,confirmation
sushi_b,4717,confirmation
sushi_b,3974,confirmation
sushi_b,1265,confirmation
sushi_b,865,confirmation
sushi_b,2588,confirmation
sushi_b,4495,confirmation
sushi_b,4013,confirmation
sushi_b,399,confirmation
sushi_b,2824,confirmation
sushi_b,4416,confirmation
sushi_b,1428,confirmation
sushi_b,238,confirmation
sushi_b,2148,confirmation
sushi_b,2233,confirmation
sushi_b,3955,confirmation
sushi_b,4967,confirmation
sushi_b,4781,confirmation
sushi_b,1686,confirmation
sushi_b,3596,confirmation
sushi_b,3707,confirmation
sushi_b,3550,confirmation
sushi_b,3896,confirmation
sushi_b,1561,confirmation
sushi_b,3141,confirmation
sushi_b,1060,confirmation
sushi_b,2289,confirmation
sushi_b,1079,confirmation
sushi_b,1827,confirmation
sushi_b,2646,confirmation
sushi_b,14,confirmation
sushi_b,983,confirmation
sushi_b,1181,confirmation
sushi_b,520,confirmation
sushi_b,3673,confirmation
sushi_b,4165,confirmation
sushi_b,2309,confirmation
sushi_b,205,confirmation
sushi_b,4599,confirmation
sushi_b,1632,confirmation
sushi_b,4919,confirmation
sushi_b,1199,confirmation
sushi_b,1264,confirmation
sushi_b,3455,confirmation
sushi_b,3376,confirmation
sushi_b,1399,confirmation
sushi_b,2335,confirmation
sushi_b,1187,confirmation
sushi_b,2437,confirmation
sushi_b,3283,confirmation
sushi_b,1658,confirmation
sushi_b,95,confirmation
sushi_b,3409,confirmation
sushi_b,2432,confirmation
sushi_b,1816,confirmation
sushi_b,4137,confirmation
sushi_b,3230,confirmation
sushi_b,2611,confirmation
sushi_b,3081,confirmation
sushi_b,1284,confirmation
sushi_b,1208,confirmation
sushi_b,4839,confirmation
sushi_b,3235,confirmation
sushi_b,1084,confirmation
sushi_b,660,confirmation
sushi_b,4421,confirmation
sushi_b,774,confirmation
sushi_b,3344,confirmation
sushi_b,2749,confirmation
sushi_b,3248,confirmation
sushi_b,2461,confirmation
sushi_b,3466,confirmation
sushi_b,1691,confirmation
sushi_b,211,confirmation
sushi_b,3462,confirmation
sushi_b,3989,confirmation
sushi_b,2587,confirmation
sushi_b,3385,confirmation
sushi_b,3542,confirmation
sushi_b,2547,confirmation
sushi_b,1679,confirmation
sushi_b,3121,confirmation
sushi_b,1382,confirmation
sushi_b,4989,confirmation
sushi_b,4225,confirmation
sushi_b,3694,confirmation
sushi_b,3816,confirmation
sushi_b,901,confirmation
sushi_b,580,confirmation
sushi_b,3581,confirmation
sushi_b,1677,confirmation
sushi_b,3449,confirmation
sushi_b,1337,confirmation
sushi_b,4370,confirmation
sushi_b,1904,confirmation
sushi_b,3621,confirmation
sushi_b,2155,confirmation
sushi_b,4665,confirmation
sushi_b,1699,confirmation
sushi_b,3225,confirmation
sushi_b,1104,confirmation
sushi_b,4564,confirmation
sushi_b,337,confirmation
sushi_b,1751,confirmation
sushi_b,4582,confirmation
sushi_b,2814,confirmation
sushi_b,530,confirmation
sushi_b,4315,confirmation
sushi_b,4026,confirmation
sushi_b,4458,confirmation
sushi_b,344,confirmation
sushi_b,3405,confirmation
sushi_b,3245,confirmation
sushi_b,2709,confirmation
sushi_b,4365,confirmation
sushi_b,2615,confirmation
sushi_b,3733,confirmation
sushi_b,3236,confirmation
sushi_b,3331,confirmation
sushi_b,3244,confirmation
sushi_b,4399,confirmation
sushi_b,1662,confirmation
sushi_b,2717,confirmation
sushi_b,4906,confirmation
sushi_b,50,confirmation
sushi_b,1733,confirmation
sushi_b,358,confirmation
sushi_b,795,confirmation
sushi_b,989,confirmation
sushi_b,3281,confirmation
sushi_b,1752,confirmation
sushi_b,27,confirmation
sushi_b,1386,confirmation
sushi_b,2718,confirmation
sushi_b,28,confirmation
sushi_b,476,confirmation
sushi_b,4497,confirmation
sushi_b,2927,confirmation
sushi_b,4024,confirmation
sushi_b,1145,confirmation
sushi_b,2102,confirmation
sushi_b,3751,confirmation
sushi_b,2769,confirmation
sushi_b,33,confirmation
sushi_b,2558,confirmation
sushi_b,4412,confirmation
sushi_b,3027,confirmation
sushi_b,4437,confirmation
sushi_b,2625,confirmation
sushi_b,3646,confirmation
sushi_b,347,confirmation
sushi_b,2900,confirmation
sushi_b,4621,confirmation
sushi_b,429,confirmation
sushi_b,1910,confirmation
sushi_b,4849,confirmation
sushi_b,3936,confirmation
sushi_b,2039,confirmation
sushi_b,3167,confirmation
sushi_b,2123,confirmation
sushi_b,2008,confirmation
sushi_b,346,confirmation
sushi_b,4243,confirmation
sushi_b,2436,confirmation
sushi_b,2499,confirmation
sushi_b,3270,confirmation
sushi_b,3322,confirmation
sushi_b,37,confirmation
sushi_b,1792,confirmation
sushi_b,2471,confirmation
sushi_b,2929,confirmation
sushi_b,2405,confirmation
sushi_b,3364,confirmation
sushi_b,2477,confirmation
sushi_b,1776,confirmation
sushi_b,1748,confirmation
sushi_b,1270,confirmation
sushi_b,4945,confirmation
sushi_b,4072,confirmation
sushi_b,4530,confirmation
sushi_b,2481,confirmation
sushi_b,4689,confirmation
sushi_b,1718,confirmation
sushi_b,1245,confirmation
sushi_b,3997,confirmation
sushi_b,1116,confirmation
sushi_b,3911,confirmation
sushi_b,1957,confirmation
sushi_b,1614,confirmation
sushi_b,413,confirmation
sushi_b,4451,confirmation
sushi_b,3565,confirmation
sushi_b,1056,confirmation
sushi_b,4264,confirmation
sushi_b,2272,confirmation
sushi_b,4660,confirmation
sushi_b,58,confirmation
sushi_b,2606,confirmation
sushi_b,1115,confirmation
sushi_b,3422,confirmation
sushi_b,2485,confirmation
sushi_b,3756,confirmation
sushi_b,2247,confirmation
sushi_b,331,confirmation
sushi_b,2873,confirmation
sushi_b,3904,confirmation
sushi_b,4163,confirmation
sushi_b,690,confirmation
sushi_b,4553,confirmation
sushi_b,2801,confirmation
sushi_b,2505,confirmation
sushi_b,2235,confirmation
sushi_b,3780,confirmation
sushi_b,2021,confirmation
sushi_b,2184,confirmation
sushi_b,596,confirmation
sushi_b,163,confirmation
sushi_b,3300,confirmation
sushi_b,4070,confirmation
sushi_b,636,confirmation
sushi_b,3139,confirmation
sushi_b,2720,confirmation
sushi_b,1678,confirmation
sushi_b,2964,confirmation
sushi_b,3938,confirmation
sushi_b,503,confirmation
sushi_b,4955,confirmation
sushi_b,2371,confirmation
sushi_b,837,confirmation
sushi_b,3265,confirmation
sushi_b,3854,confirmation
sushi_b,23,confirmation
sushi_b,4496,confirmation
sushi_b,567,confirmation
sushi_b,3909,confirmation
sushi_b,4147,confirmation
sushi_b,700,confirmation
sushi_b,4942,confirmation
sushi_b,4605,confirmation
sushi_b,3597,confirmation
sushi_b,2176,confirmation
sushi_b,86,confirmation
sushi_b,3506,confirmation
sushi_b,4492,confirmation
sushi_b,3065,confirmation
sushi_b,2083,confirmation
sushi_b,4811,confirmation
sushi_b,699,confirmation
sushi_b,4018,confirmation
sushi_b,2257,confirmation
sushi_b,570,confirmation
sushi_b,2847,confirmation
sushi_b,2670,confirmation
sushi_b,1766,confirmation
sushi_b,488,confirmation
sushi_b,3799,confirmation
sushi_b,2196,confirmation
sushi_b,1449,confirmation
sushi_b,1974,confirmation
sushi_b,25,confirmation
sushi_b,4238,confirmation
sushi_b,188,confirmation
sushi_b,1371,confirmation
sushi_b,1700,confirmation
sushi_b,4903,confirmation
sushi_b,2137,confirmation
sushi_b,3391,confirmation
sushi_b,2367,confirmation
sushi_b,2543,confirmation
sushi_b,1080,confirmation
sushi_b,1810,confirmation
sushi_b,1405,confirmation
sushi_b,3307,confirmation
sushi_b,649,confirmation
sushi_b,5,confirmation
sushi_b,4219,confirmation
sushi_b,3350,confirmation
sushi_b,4303,confirmation
sushi_b,793,confirmation
sushi_b,2491,confirmation
sushi_b,3315,confirmation
sushi_b,2239,confirmation
sushi_b,1955,confirmation
sushi_b,131,confirmation
sushi_b,2125,confirmation
sushi_b,2793,confirmation
sushi_b,2852,confirmation
sushi_b,4092,confirmation
sushi_b,4440,confirmation
sushi_b,1621,confirmation
sushi_b,3243,confirmation
sushi_b,4214,confirmation
sushi_b,4707,confirmation
sushi_b,2372,confirmation
sushi_b,1683,confirmation
sushi_b,1047,confirmation
sushi_b,2171,confirmation
sushi_b,581,confirmation
sushi_b,4975,confirmation
sushi_b,1664,confirmation
sushi_b,1350,confirmation
sushi_b,3889,confirmation
sushi_b,19,confirmation
sushi_b,283,confirmation
sushi_b,88,confirmation
sushi_b,2429,confirmation
sushi_b,4142,confirmation
sushi_b,3956,confirmation
sushi_b,3149,confirmation
sushi_b,483,confirmation
sushi_b,2773,confirmation
sushi_b,970,confirmation
sushi_b,1306,confirmation
sushi_b,304,confirmation
sushi_b,264,confirmation
sushi_b,1248,confirmation
sushi_b,200,confirmation
sushi_b,3746,confirmation
sushi_b,1525,confirmation
sushi_b,1923,confirmation
sushi_b,1407,confirmation
sushi_b,934,confirmation
sushi_b,4109,confirmation
sushi_b,3033,confirmation
sushi_b,2903,confirmation
sushi_b,3140,confirmation
sushi_b,4755,confirmation
sushi_b,2907,confirmation
sushi_b,3871,confirmation
sushi_b,215,confirmation
sushi_b,1345,confirmation
sushi_b,494,confirmation
sushi_b,1151,confirmation
sushi_b,4483,confirmation
sushi_b,4332,confirmation
sushi_b,2145,confirmation
sushi_b,1134,confirmation
sushi_b,2699,confirmation
sushi_b,1838,confirmation
sushi_b,3321,confirmation
sushi_b,3010,confirmation
sushi_b,3691,confirmation
sushi_b,507,confirmation
sushi_b,2310,confirmation
sushi_b,2811,confirmation
sushi_b,3732,confirmation
sushi_b,3151,confirmation
sushi_b,3677,confirmation
sushi_b,1901,confirmation
sushi_b,886,confirmation
sushi_b,2902,confirmation
sushi_b,3635,confirmation
sushi_b,1964,confirmation
sushi_b,2571,confirmation
sushi_b,743,confirmation
sushi_b,1168,confirmation
sushi_b,1635,confirmation
sushi_b,2567,confirmation
sushi_b,1739,confirmation
sushi_b,80,confirmation
sushi_b,1092,confirmation
sushi_b,1968,confirmation
sushi_b,1283,confirmation
sushi_b,2855,confirmation
sushi_b,1613,confirmation
sushi_b,474,confirmation
sushi_b,4193,confirmation
sushi_b,3435,confirmation
sushi_b,4982,confirmation
sushi_b,985,confirmation
sushi_b,2030,confirmation
sushi_b,1082,confirmation
sushi_b,2383,confirmation
sushi_b,2467,confirmation
sushi_b,4491,confirmation
sushi_b,2919,confirmation
sushi_b,2325,confirmation
sushi_b,1496,confirmation
sushi_b,199,confirmation
sushi_b,2285,confirmation
sushi_b,4977,confirmation
sushi_b,4444,confirmation
sushi_b,395,confirmation
sushi_b,4817,confirmation
sushi_b,2476,confirmation
sushi_b,4785,confirmation
sushi_b,820,confirmation
sushi_b,778,confirmation
sushi_b,138,confirmation
sushi_b,644,confirmation
sushi_b,4647,confirmation
sushi_b,4409,confirmation
sushi_b,621,confirmation
sushi_b,4872,confirmation
sushi_b,2966,confirmation
sushi_b,3624,confirmation
sushi_b,3605,confirmation
sushi_b,1992,confirmation
sushi_b,678,confirmation
sushi_b,12,confirmation
sushi_b,424,confirmation
sushi_b,168,confirmation
sushi_b,615,confirmation
sushi_b,3280,confirmation
sushi_b,4732,confirmation
sushi_b,2044,confirmation
sushi_b,841,confirmation
sushi_b,3004,confirmation
sushi_b,1355,confirmation
sushi_b,982,confirmation
sushi_b,3463,confirmation
sushi_b,1549,confirmation
sushi_b,2256,confirmation
sushi_b,2100,confirmation
sushi_b,1674,confirmation
sushi_b,2554,confirmation
sushi_b,317,confirmation
sushi_b,3797,confirmation
sushi_b,2149,confirmation
sushi_b,836,confirmation
sushi_b,2278,confirmation
sushi_b,2596,confirmation
sushi_b,1296,confirmation
sushi_b,3348,confirmation
sushi_b,2783,confirmation
sushi_b,2040,confirmation
sushi_b,4422,confirmation
sushi_b,3500,confirmation
sushi_b,4658,confirmation
sushi_b,4782,confirmation
sushi_b,4031,confirmation
sushi_b,4876,confirmation
sushi_b,467,confirmation
sushi_b,73,confirmation
sushi_b,1318,confirmation
sushi_b,3507,confirmation
sushi_b,4758,confirmation
sushi_b,1884,confirmation
sushi_b,55,confirmation
sushi_b,1651,confirmation
sushi_b,672,confirmation
sushi_b,4634,confirmation
sushi_b,3766,confirmation
sushi_b,284,confirmation
sushi_b,3688,confirmation
sushi_b,2566,confirmation
sushi_b,3193,confirmation
sushi_b,1036,confirmation
sushi_b,3138,confirmation
sushi_b,2398,confirmation
sushi_b,4800,confirmation
sushi_b,1793,confirmation
sushi_b,2890,confirmation
sushi_b,2595,confirmation
sushi_b,4251,confirmation
sushi_b,2838,confirmation
sushi_b,2424,confirmation
sushi_b,905,confirmation
sushi_b,2692,confirmation
sushi_b,2498,confirmation
sushi_b,2347,confirmation
sushi_b,1753,confirmation
sushi_b,4231,confirmation
sushi_b,2594,confirmation
sushi_b,733,confirmation
sushi_b,3214,confirmation
sushi_b,4266,confirmation
sushi_b,4195,confirmation
sushi_b,1376,confirmation
sushi_b,3383,confirmation
sushi_b,1166,confirmation
sushi_b,518,confirmation
sushi_b,3541,confirmation
sushi_b,322,confirmation
sushi_b,717,confirmation
sushi_b,1261,confirmation
sushi_b,1470,confirmation
sushi_b,3053,confirmation
sushi_b,3241,confirmation
