dataset,design,percent,scheme,method,repeats,min_test_reports,max_test_reports,fully_available_repeats,complete_finite_repeats,infinite_nll_repeats,any_infinite_repeats,unavailable_repeats,finite_nll_finite_repeats,finite_nll_mean,finite_nll_median,finite_nll_p05,finite_nll_p95,finite_nll_negative_fraction,macro_finite_nll_finite_repeats,macro_finite_nll_mean,macro_finite_nll_median,macro_finite_nll_p05,macro_finite_nll_p95,macro_finite_nll_negative_fraction,delta_finite_repeats,delta_mean,delta_median,delta_p05,delta_p95,delta_negative_fraction,macro_delta_finite_repeats,macro_delta_mean,macro_delta_median,macro_delta_p05,macro_delta_p95,macro_delta_negative_fraction,available_coverage_finite_repeats,available_coverage_mean,available_coverage_median,available_coverage_p05,available_coverage_p95,available_coverage_negative_fraction,finite_coverage_finite_repeats,finite_coverage_mean,finite_coverage_median,finite_coverage_p05,finite_coverage_p95,finite_coverage_negative_fraction,paired_coverage_finite_repeats,paired_coverage_mean,paired_coverage_median,paired_coverage_p05,paired_coverage_p95,paired_coverage_negative_fraction
dots-3,group_holdout,70,pooled,pl,100,232,246,100,100,0,0,0,100,3.11970150297,3.11730915284,3.08722747335,3.15904621029,0,100,3.11964567754,3.11768331436,3.08700559341,3.15923304373,0,0,,,,,,0,,,,,,100,1,1,1,1,0,100,1,1,1,1,0,100,0,0,0,0,0
dots-3,group_holdout,70,pooled,sm_efficient,100,232,246,0,0,0,0,100,0,,,,,,0,,,,,,0,,,,,,0,,,,,,100,0,0,0,0,0,100,0,0,0,0,0,100,0,0,0,0,0
dots-3,group_holdout,70,pooled,sm_fotakis,100,232,246,100,100,0,0,0,100,3.10502928093,3.10374353775,3.07217793376,3.14702349754,0,100,3.10502072161,3.10442770879,3.07262923409,3.14741225493,0,100,-0.014672222038,-0.0133681975533,-0.0299399500647,-0.00452449333365,0.99,100,-0.0146249559318,-0.0130949710699,-0.0300409262097,-0.00431726103938,0.99,100,1,1,1,1,0,100,1,1,1,1,0,100,1,1,1,1,0
dots-3,group_holdout,70,pooled,sm_mle,100,232,246,100,100,0,0,0,100,3.10502928093,3.10374353775,3.07217793376,3.14702349754,0,100,3.10502072161,3.10442770879,3.07262923409,3.14741225493,0,100,-0.014672222038,-0.0133681975533,-0.0299399500647,-0.00452449333365,0.99,100,-0.0146249559318,-0.0130949710699,-0.0300409262097,-0.00431726103938,0.99,100,1,1,1,1,0,100,1,1,1,1,0,100,1,1,1,1,0
dots-3,group_holdout,70,pooled,sm_sharp,100,232,246,0,0,0,0,100,0,,,,,,0,,,,,,0,,,,,,0,,,,,,100,0,0,0,0,0,100,0,0,0,0,0,100,0,0,0,0,0
dots-3,within,50,local,pl,20,404,404,19,19,0,0,1,20,3.28228443657,3.28283852474,3.20923975181,3.34134284447,0,20,3.28213378214,3.28385499185,3.21108562708,3.3420072904,0,0,,,,,,0,,,,,,20,0.998638613861,1,0.998638613861,1,0,20,0.998638613861,1,0.998638613861,1,0,20,0,0,0,0,0
dots-3,within,50,local,sm_efficient,20,404,404,0,0,0,0,20,0,,,,,,0,,,,,,0,,,,,,0,,,,,,20,0,0,0,0,0,20,0,0,0,0,0,20,0,0,0,0,0
dots-3,within,50,local,sm_fotakis,20,404,404,20,20,0,0,0,20,3.26141696864,3.25925965103,3.20682297215,3.33517672785,0,20,3.26105439025,3.25499973846,3.20686853161,3.33596350739,0,20,-0.0220419907845,-0.0112063326135,-0.0667686658871,0.00264239498949,0.85,20,-0.0221623610565,-0.0112900420295,-0.066109598457,0.000662342525209,0.85,20,1,1,1,1,0,20,1,1,1,1,0,20,0.998638613861,1,0.998638613861,1,0
dots-3,within,50,local,sm_mle,20,404,404,20,20,0,0,0,20,3.27770461507,3.27082367804,3.22864347834,3.34231177357,0,20,3.27696208523,3.27298401493,3.22888426564,3.34240258164,0,20,-0.00621805849111,-0.00159003419079,-0.0440153429006,0.0204887281422,0.55,20,-0.00667953138417,-0.00184867172223,-0.044122313973,0.0186848939044,0.55,20,1,1,1,1,0,20,1,1,1,1,0,20,0.998638613861,1,0.998638613861,1,0
dots-3,within,50,local,sm_sharp,20,404,404,0,0,0,0,20,0,,,,,,0,,,,,,0,,,,,,0,,,,,,20,0,0,0,0,0,20,0,0,0,0,0,20,0,0,0,0,0
dots-3,within,50,matched_pool,pl,20,404,404,20,20,0,0,0,20,3.31172507296,3.30355597766,3.24014324309,3.40867489756,0,20,3.31089509588,3.29878545117,3.2364642588,3.408420149,0,0,,,,,,0,,,,,,20,1,1,1,1,0,20,1,1,1,1,0,20,0,0,0,0,0
dots-3,within,50,matched_pool,sm_efficient,20,404,404,0,0,0,0,20,0,,,,,,0,,,,,,0,,,,,,0,,,,,,20,0,0,0,0,0,20,0,0,0,0,0,20,0,0,0,0,0
dots-3,within,50,matched_pool,sm_fotakis,20,404,404,20,20,0,0,0,20,3.27343654101,3.27561600631,3.22552130235,3.35039462901,0,20,3.27332824132,3.27417383701,3.22455021187,3.35230140635,0,20,-0.0382885319475,-0.0409458322525,-0.0706614566881,-0.000800522215572,0.95,20,-0.0375668545667,-0.0393764679242,-0.0694947020248,-1.43033900443e-05,0.95,20,1,1,1,1,0,20,1,1,1,1,0,20,1,1,1,1,0
dots-3,within,50,matched_pool,sm_mle,20,404,404,20,20,0,0,0,20,3.29341783452,3.29486589612,3.26020940374,3.35671668058,0,20,3.29293547434,3.29322095885,3.25710025562,3.35404121267,0,20,-0.0183072384435,-0.014039303122,-0.0569331031158,0.0271900157895,0.75,20,-0.0179596215475,-0.0150415313514,-0.058295732387,0.0295044123189,0.75,20,1,1,1,1,0,20,1,1,1,1,0,20,1,1,1,1,0
dots-3,within,50,matched_pool,sm_sharp,20,404,404,0,0,0,0,20,0,,,,,,0,,,,,,0,,,,,,0,,,,,,20,0,0,0,0,0,20,0,0,0,0,0,20,0,0,0,0,0
dots-3,within,50,pooled,pl,20,404,404,20,20,0,0,0,20,3.1211053356,3.12191956402,3.10140487395,3.1443448016,0,20,3.12112708583,3.12193687716,3.10106500967,3.14349814758,0,0,,,,,,0,,,,,,20,1,1,1,1,0,20,1,1,1,1,0,20,0,0,0,0,0
dots-3,within,50,pooled,sm_efficient,20,404,404,0,0,0,0,20,0,,,,,,0,,,,,,0,,,,,,0,,,,,,20,0,0,0,0,0,20,0,0,0,0,0,20,0,0,0,0,0
dots-3,within,50,pooled,sm_fotakis,20,404,404,20,20,0,0,0,20,3.11050578657,3.10789321883,3.08752641224,3.13701575919,0,20,3.11059042776,3.10772275956,3.08716761512,3.13749208057,0,20,-0.0105995490283,-0.0108490099349,-0.0180646518879,-0.00566576021852,0.95,20,-0.0105366580782,-0.0106281728214,-0.0179858160452,-0.00526137395949,0.95,20,1,1,1,1,0,20,1,1,1,1,0,20,1,1,1,1,0
dots-3,within,50,pooled,sm_mle,20,404,404,20,20,0,0,0,20,3.11050578657,3.10789321883,3.08752641224,3.13701575919,0,20,3.11059042776,3.10772275956,3.08716761512,3.13749208057,0,20,-0.0105995490283,-0.0108490099349,-0.0180646518879,-0.00566576021852,0.95,20,-0.0105366580782,-0.0106281728214,-0.0179858160452,-0.00526137395949,0.95,20,1,1,1,1,0,20,1,1,1,1,0,20,1,1,1,1,0
dots-3,within,50,pooled,sm_sharp,20,404,404,0,0,0,0,20,0,,,,,,0,,,,,,0,,,,,,0,,,,,,20,0,0,0,0,0,20,0,0,0,0,0,20,0,0,0,0,0
dots-3,within,70,local,pl,100,251,251,100,100,0,0,0,100,3.20906270428,3.20273061083,3.12423474989,3.29205686535,0,100,3.20905383118,3.20334150518,3.12448087241,3.29871761201,0,0,,,,,,0,,,,,,100,1,1,1,1,0,100,1,1,1,1,0,100,0,0,0,0,0
dots-3,within,70,local,sm_efficient,100,251,251,0,0,0,0,100,0,,,,,,0,,,,,,0,,,,,,0,,,,,,100,0,0,0,0,0,100,0,0,0,0,0,100,0,0,0,0,0
dots-3,within,70,local,sm_fotakis,100,251,251,100,100,0,0,0,100,3.19936093913,3.19953464031,3.12567133417,3.27197364729,0,100,3.19868850175,3.19872117429,3.12190424406,3.27412107444,0,100,-0.00970176514741,-0.00870148468059,-0.06367917482,0.0276851003332,0.65,100,-0.0103653294345,-0.00882717317944,-0.0588430197791,0.0267854804885,0.66,100,1,1,1,1,0,100,1,1,1,1,0,100,1,1,1,1,0
dots-3,within,70,local,sm_mle,100,251,251,100,100,0,0,0,100,3.20836976156,3.209598345,3.14101277224,3.27984857065,0,100,3.20741390765,3.20753407486,3.13904122342,3.28049910276,0,100,-0.000692942718109,0.00263108096303,-0.0577162166742,0.0319194264906,0.45,100,-0.00163992353369,0.00178973884536,-0.061313616225,0.0324863665469,0.46,100,1,1,1,1,0,100,1,1,1,1,0,100,1,1,1,1,0
dots-3,within,70,local,sm_sharp,100,251,251,0,0,0,0,100,0,,,,,,0,,,,,,0,,,,,,0,,,,,,100,0,0,0,0,0,100,0,0,0,0,0,100,0,0,0,0,0
dots-3,within,70,matched_pool,pl,100,251,251,100,100,0,0,0,100,3.25253785837,3.25163014968,3.17130268252,3.33795081402,0,100,3.25278766766,3.25256429273,3.1724893987,3.33985693898,0,0,,,,,,0,,,,,,100,1,1,1,1,0,100,1,1,1,1,0,100,0,0,0,0,0
dots-3,within,70,matched_pool,sm_efficient,100,251,251,0,0,0,0,100,0,,,,,,0,,,,,,0,,,,,,0,,,,,,100,0,0,0,0,0,100,0,0,0,0,0,100,0,0,0,0,0
dots-3,within,70,matched_pool,sm_fotakis,100,251,251,100,100,0,0,0,100,3.22656977931,3.2203280555,3.16575491788,3.29437456563,0,100,3.22705475143,3.21904104321,3.16666097566,3.29635366322,0,100,-0.0259680790637,-0.0246440592499,-0.0711280148694,0.0174420773307,0.78,100,-0.025732916237,-0.023731966464,-0.0729754868312,0.0187856359874,0.79,100,1,1,1,1,0,100,1,1,1,1,0,100,1,1,1,1,0
dots-3,within,70,matched_pool,sm_mle,100,251,251,100,100,0,0,0,100,3.24752463911,3.24343919623,3.16958462156,3.32485220367,0,100,3.24764408172,3.24326961669,3.17081125688,3.32179335258,0,100,-0.00501321926595,-0.00456359548879,-0.0491105593677,0.0390946613231,0.59,100,-0.00514358594774,-0.00430373847326,-0.0481745071331,0.0385234154222,0.59,100,1,1,1,1,0,100,1,1,1,1,0,100,1,1,1,1,0
dots-3,within,70,matched_pool,sm_sharp,100,251,251,0,0,0,0,100,0,,,,,,0,,,,,,0,,,,,,0,,,,,,100,0,0,0,0,0,100,0,0,0,0,0,100,0,0,0,0,0
dots-3,within,70,pooled,pl,100,251,251,100,100,0,0,0,100,3.12147998396,3.11885202574,3.08826902618,3.15934489053,0,100,3.12141864637,3.11874935506,3.08950670984,3.16099472955,0,0,,,,,,0,,,,,,100,1,1,1,1,0,100,1,1,1,1,0,100,0,0,0,0,0
dots-3,within,70,pooled,sm_efficient,100,251,251,0,0,0,0,100,0,,,,,,0,,,,,,0,,,,,,0,,,,,,100,0,0,0,0,0,100,0,0,0,0,0,100,0,0,0,0,0
dots-3,within,70,pooled,sm_fotakis,100,251,251,100,100,0,0,0,100,3.10862888258,3.10521080315,3.07344309483,3.14582101064,0,100,3.10861444368,3.10611667305,3.073414601,3.14785455091,0,100,-0.0128511013788,-0.0139711904345,-0.024841326483,0.000951471484246,0.93,100,-0.0128042026928,-0.01382211203,-0.0252169192313,0.0012640890333,0.93,100,1,1,1,1,0,100,1,1,1,1,0,100,1,1,1,1,0
dots-3,within,70,pooled,sm_mle,100,251,251,100,100,0,0,0,100,3.10862888258,3.10521080315,3.07344309483,3.14582101064,0,100,3.10861444368,3.10611667305,3.073414601,3.14785455091,0,100,-0.0128511013788,-0.0139711904345,-0.024841326483,0.000951471484246,0.93,100,-0.0128042026928,-0.01382211203,-0.0252169192313,0.0012640890333,0.93,100,1,1,1,1,0,100,1,1,1,1,0,100,1,1,1,1,0
dots-3,within,70,pooled,sm_sharp,100,251,251,0,0,0,0,100,0,,,,,,0,,,,,,0,,,,,,0,,,,,,100,0,0,0,0,0,100,0,0,0,0,0,100,0,0,0,0,0
dots-3,within,80,local,pl,20,171,171,20,20,0,0,0,20,3.17741140103,3.18500767668,3.08038304977,3.24930052726,0,20,3.17694900261,3.1868591286,3.08221276293,3.24946300006,0,0,,,,,,0,,,,,,20,1,1,1,1,0,20,1,1,1,1,0,20,0,0,0,0,0
dots-3,within,80,local,sm_efficient,20,171,171,0,0,0,0,20,0,,,,,,0,,,,,,0,,,,,,0,,,,,,20,0,0,0,0,0,20,0,0,0,0,0,20,0,0,0,0,0
dots-3,within,80,local,sm_fotakis,20,171,171,20,20,0,0,0,20,3.16865345981,3.17511228108,3.09425453411,3.2354078735,0,20,3.16638453759,3.17308016223,3.08989500679,3.23545077658,0,20,-0.00875794121506,-0.00905924810147,-0.0527691759833,0.0294395821922,0.55,20,-0.0105644650193,-0.00899564627461,-0.0548761398134,0.0301227714478,0.55,20,1,1,1,1,0,20,1,1,1,1,0,20,1,1,1,1,0
dots-3,within,80,local,sm_mle,20,171,171,20,20,0,0,0,20,3.18239333362,3.19219784151,3.10687968749,3.23968588074,0,20,3.17950892198,3.19263109762,3.10349546759,3.24021868034,0,20,0.00498193259668,0.00394728874455,-0.026888589875,0.0432825032091,0.4,20,0.00255991936855,0.00227812025333,-0.0292541890442,0.0420668318992,0.45,20,1,1,1,1,0,20,1,1,1,1,0,20,1,1,1,1,0
dots-3,within,80,local,sm_sharp,20,171,171,0,0,0,0,20,0,,,,,,0,,,,,,0,,,,,,0,,,,,,20,0,0,0,0,0,20,0,0,0,0,0,20,0,0,0,0,0
dots-3,within,80,matched_pool,pl,20,171,171,20,20,0,0,0,20,3.23794996518,3.23113082823,3.15935709419,3.33185965563,0,20,3.23780001615,3.22790731863,3.15947176665,3.33041447235,0,0,,,,,,0,,,,,,20,1,1,1,1,0,20,1,1,1,1,0,20,0,0,0,0,0
dots-3,within,80,matched_pool,sm_efficient,20,171,171,0,0,0,0,20,0,,,,,,0,,,,,,0,,,,,,0,,,,,,20,0,0,0,0,0,20,0,0,0,0,0,20,0,0,0,0,0
dots-3,within,80,matched_pool,sm_fotakis,20,171,171,20,20,0,0,0,20,3.21372300624,3.22210954577,3.14500479998,3.26410306864,0,20,3.21390857253,3.22184868147,3.14177406026,3.26943415859,0,20,-0.0242269589497,-0.0197923263989,-0.0769988219399,0.0101122218845,0.8,20,-0.0238914436222,-0.0177777226771,-0.08024660369,0.00979575893087,0.8,20,1,1,1,1,0,20,1,1,1,1,0,20,1,1,1,1,0
dots-3,within,80,matched_pool,sm_mle,20,171,171,20,20,0,0,0,20,3.23773529894,3.24663570183,3.16093522242,3.29872490872,0,20,3.2377365649,3.24594380791,3.159752144,3.3025468441,0,20,-0.0002146662434,-0.0021459401375,-0.0452812441006,0.0357832070762,0.55,20,-6.34512463054e-05,-0.000601871591513,-0.0485110280715,0.0356120712072,0.5,20,1,1,1,1,0,20,1,1,1,1,0,20,1,1,1,1,0
dots-3,within,80,matched_pool,sm_sharp,20,171,171,0,0,0,0,20,0,,,,,,0,,,,,,0,,,,,,0,,,,,,20,0,0,0,0,0,20,0,0,0,0,0,20,0,0,0,0,0
dots-3,within,80,pooled,pl,20,171,171,20,20,0,0,0,20,3.11819059268,3.12385336496,3.07991239304,3.14148165024,0,20,3.11714835688,3.12229997499,3.07933727755,3.14138672759,0,0,,,,,,0,,,,,,20,1,1,1,1,0,20,1,1,1,1,0,20,0,0,0,0,0
dots-3,within,80,pooled,sm_efficient,20,171,171,0,0,0,0,20,0,,,,,,0,,,,,,0,,,,,,0,,,,,,20,0,0,0,0,0,20,0,0,0,0,0,20,0,0,0,0,0
dots-3,within,80,pooled,sm_fotakis,20,171,171,20,20,0,0,0,20,3.1043596385,3.10403119225,3.07249870675,3.13709023308,0,20,3.10334054459,3.10210337308,3.07272759145,3.13943266036,0,20,-0.013830954177,-0.0118631412759,-0.0276741946341,-6.49300039207e-05,0.95,20,-0.0138078122977,-0.0123306899529,-0.0275825725384,0.00171398751875,0.9,20,1,1,1,1,0,20,1,1,1,1,0,20,1,1,1,1,0
dots-3,within,80,pooled,sm_mle,20,171,171,20,20,0,0,0,20,3.1043596385,3.10403119225,3.07249870675,3.13709023308,0,20,3.10334054459,3.10210337308,3.07272759145,3.13943266036,0,20,-0.013830954177,-0.0118631412759,-0.0276741946341,-6.49300039207e-05,0.95,20,-0.0138078122977,-0.0123306899529,-0.0275825725384,0.00171398751875,0.9,20,1,1,1,1,0,20,1,1,1,1,0,20,1,1,1,1,0
dots-3,within,80,pooled,sm_sharp,20,171,171,0,0,0,0,20,0,,,,,,0,,,,,,0,,,,,,0,,,,,,20,0,0,0,0,0,20,0,0,0,0,0,20,0,0,0,0,0
dots-5,group_holdout,70,pooled,pl,100,234,244,100,100,0,0,0,100,3.07037238877,3.06564853528,3.01808516068,3.1446422912,0,100,3.06960321354,3.06415019153,3.01931968435,3.14233179149,0,0,,,,,,0,,,,,,100,1,1,1,1,0,100,1,1,1,1,0,100,0,0,0,0,0
dots-5,group_holdout,70,pooled,sm_efficient,100,234,244,0,0,0,0,100,0,,,,,,0,,,,,,0,,,,,,0,,,,,,100,0,0,0,0,0,100,0,0,0,0,0,100,0,0,0,0,0
dots-5,group_holdout,70,pooled,sm_fotakis,100,234,244,100,100,0,0,0,100,3.05219221597,3.05020041352,2.99580484824,3.11655648222,0,100,3.0512523362,3.04896380079,2.99692122787,3.1121520496,0,100,-0.0181801728046,-0.0178546497463,-0.035435467295,-0.000431888886883,0.95,100,-0.0183508773418,-0.0179520450781,-0.035812398721,-0.00071068679289,0.95,100,1,1,1,1,0,100,1,1,1,1,0,100,1,1,1,1,0
dots-5,group_holdout,70,pooled,sm_mle,100,234,244,100,100,0,0,0,100,3.05219221597,3.05020041352,2.99580484824,3.11655648222,0,100,3.0512523362,3.04896380079,2.99692122787,3.1121520496,0,100,-0.0181801728046,-0.0178546497463,-0.035435467295,-0.000431888886883,0.95,100,-0.0183508773418,-0.0179520450781,-0.035812398721,-0.00071068679289,0.95,100,1,1,1,1,0,100,1,1,1,1,0,100,1,1,1,1,0
dots-5,group_holdout,70,pooled,sm_sharp,100,234,244,0,0,0,0,100,0,,,,,,0,,,,,,0,,,,,,0,,,,,,100,0,0,0,0,0,100,0,0,0,0,0,100,0,0,0,0,0
dots-5,within,50,local,pl,20,406,406,20,20,0,0,0,20,3.16811888596,3.16820181627,3.10160239007,3.23510753204,0,20,3.16835710627,3.16834299097,3.10017723263,3.23159367996,0,0,,,,,,0,,,,,,20,1,1,1,1,0,20,1,1,1,1,0,20,0,0,0,0,0
dots-5,within,50,local,sm_efficient,20,406,406,0,0,0,0,20,0,,,,,,0,,,,,,0,,,,,,0,,,,,,20,0,0,0,0,0,20,0,0,0,0,0,20,0,0,0,0,0
dots-5,within,50,local,sm_fotakis,20,406,406,20,20,0,0,0,20,3.16930212751,3.16276149689,3.10793643749,3.22936931158,0,20,3.17020681001,3.16477924061,3.10974765013,3.23089505874,0,20,0.00118324154983,-0.00110277735535,-0.0239970266706,0.0251673532605,0.55,20,0.00184970373945,-0.000821419568461,-0.0224993605086,0.0250467850127,0.5,20,1,1,1,1,0,20,1,1,1,1,0,20,1,1,1,1,0
dots-5,within,50,local,sm_mle,20,406,406,20,20,0,0,0,20,3.18590063204,3.19053730571,3.12422156685,3.25943913151,0,20,3.18645576453,3.19099616678,3.1227671541,3.26042019529,0,20,0.0177817460797,0.022792354419,-0.0135288169253,0.0349152756815,0.2,20,0.0180986582652,0.0229020807328,-0.0135927203958,0.0347372765087,0.2,20,1,1,1,1,0,20,1,1,1,1,0,20,1,1,1,1,0
dots-5,within,50,local,sm_sharp,20,406,406,0,0,0,0,20,0,,,,,,0,,,,,,0,,,,,,0,,,,,,20,0,0,0,0,0,20,0,0,0,0,0,20,0,0,0,0,0
dots-5,within,50,matched_pool,pl,20,406,406,20,20,0,0,0,20,3.2528715699,3.25119788421,3.17191521192,3.34834522009,0,20,3.25385707655,3.25303409198,3.17223955108,3.34914475403,0,0,,,,,,0,,,,,,20,1,1,1,1,0,20,1,1,1,1,0,20,0,0,0,0,0
dots-5,within,50,matched_pool,sm_efficient,20,406,406,0,0,0,0,20,0,,,,,,0,,,,,,0,,,,,,0,,,,,,20,0,0,0,0,0,20,0,0,0,0,0,20,0,0,0,0,0
dots-5,within,50,matched_pool,sm_fotakis,20,406,406,20,20,0,0,0,20,3.20816454714,3.21322242652,3.13909290601,3.26392682848,0,20,3.20871356877,3.21465945644,3.14043997425,3.26533739651,0,20,-0.0447070227598,-0.0435754304132,-0.0893621551424,-0.00712149817755,0.95,20,-0.0451435077718,-0.0431823034609,-0.0900431054255,-0.00788933801377,0.95,20,1,1,1,1,0,20,1,1,1,1,0,20,1,1,1,1,0
dots-5,within,50,matched_pool,sm_mle,20,406,406,20,20,0,0,0,20,3.22987078024,3.22734738129,3.16379247646,3.28824534482,0,20,3.23032421057,3.22886182936,3.16515688097,3.2869019227,0,20,-0.0230007896659,-0.0226518926903,-0.0726366913925,0.0276489627644,0.8,20,-0.0235328659738,-0.0232427243426,-0.075218297113,0.0270841845334,0.8,20,1,1,1,1,0,20,1,1,1,1,0,20,1,1,1,1,0
dots-5,within,50,matched_pool,sm_sharp,20,406,406,0,0,0,0,20,0,,,,,,0,,,,,,0,,,,,,0,,,,,,20,0,0,0,0,0,20,0,0,0,0,0,20,0,0,0,0,0
dots-5,within,50,pooled,pl,20,406,406,20,20,0,0,0,20,3.0629607131,3.05965406982,3.04309380012,3.08665070125,0,20,3.06292468825,3.0601882602,3.04280522565,3.08700418281,0,0,,,,,,0,,,,,,20,1,1,1,1,0,20,1,1,1,1,0,20,0,0,0,0,0
dots-5,within,50,pooled,sm_efficient,20,406,406,0,0,0,0,20,0,,,,,,0,,,,,,0,,,,,,0,,,,,,20,0,0,0,0,0,20,0,0,0,0,0,20,0,0,0,0,0
dots-5,within,50,pooled,sm_fotakis,20,406,406,20,20,0,0,0,20,3.04558489452,3.04103112068,3.02545658193,3.07090492118,0,20,3.045328468,3.04137323455,3.02544630386,3.07030967303,0,20,-0.0173758185833,-0.0156851800322,-0.0278247597021,-0.00479973091534,1,20,-0.0175962202536,-0.016038062353,-0.0285664136314,-0.00488052778806,1,20,1,1,1,1,0,20,1,1,1,1,0,20,1,1,1,1,0
dots-5,within,50,pooled,sm_mle,20,406,406,20,20,0,0,0,20,3.04558489452,3.04103112068,3.02545658193,3.07090492118,0,20,3.045328468,3.04137323455,3.02544630386,3.07030967303,0,20,-0.0173758185833,-0.0156851800322,-0.0278247597021,-0.00479973091534,1,20,-0.0175962202536,-0.016038062353,-0.0285664136314,-0.00488052778806,1,20,1,1,1,1,0,20,1,1,1,1,0,20,1,1,1,1,0
dots-5,within,50,pooled,sm_sharp,20,406,406,0,0,0,0,20,0,,,,,,0,,,,,,0,,,,,,0,,,,,,20,0,0,0,0,0,20,0,0,0,0,0,20,0,0,0,0,0
dots-5,within,70,local,pl,100,247,247,100,100,0,0,0,100,3.11850852585,3.12066686533,3.03349764668,3.20477179605,0,100,3.11806178504,3.12178335486,3.03174044672,3.20788483181,0,0,,,,,,0,,,,,,100,1,1,1,1,0,100,1,1,1,1,0,100,0,0,0,0,0
dots-5,within,70,local,sm_efficient,100,247,247,0,0,0,0,100,0,,,,,,0,,,,,,0,,,,,,0,,,,,,100,0,0,0,0,0,100,0,0,0,0,0,100,0,0,0,0,0
dots-5,within,70,local,sm_fotakis,100,247,247,100,100,0,0,0,100,3.12722607299,3.1237211541,3.05209984995,3.19088149504,0,100,3.12882541614,3.12561199829,3.05489572555,3.19407154257,0,100,0.00871754713362,0.00720102439546,-0.0301885175827,0.0578667340831,0.36,100,0.010763631104,0.00926856064202,-0.027042984167,0.0598155966328,0.33,100,1,1,1,1,0,100,1,1,1,1,0,100,1,1,1,1,0
dots-5,within,70,local,sm_mle,100,247,247,100,100,0,0,0,100,3.14045899175,3.13948318742,3.0725244241,3.2156435944,0,100,3.14171485535,3.13958822929,3.07429413392,3.21984038919,0,100,0.0219504659027,0.0198927856689,-0.0207361249181,0.0629179993058,0.2,100,0.0236530703127,0.02051555213,-0.019636360713,0.0640106523845,0.17,100,1,1,1,1,0,100,1,1,1,1,0,100,1,1,1,1,0
dots-5,within,70,local,sm_sharp,100,247,247,0,0,0,0,100,0,,,,,,0,,,,,,0,,,,,,0,,,,,,100,0,0,0,0,0,100,0,0,0,0,0,100,0,0,0,0,0
dots-5,within,70,matched_pool,pl,100,247,247,100,100,0,0,0,100,3.19995509205,3.19643811035,3.12330687527,3.28923437403,0,100,3.19866095214,3.19877263955,3.1194398483,3.28518419551,0,0,,,,,,0,,,,,,100,1,1,1,1,0,100,1,1,1,1,0,100,0,0,0,0,0
dots-5,within,70,matched_pool,sm_efficient,100,247,247,0,0,0,0,100,0,,,,,,0,,,,,,0,,,,,,0,,,,,,100,0,0,0,0,0,100,0,0,0,0,0,100,0,0,0,0,0
dots-5,within,70,matched_pool,sm_fotakis,100,247,247,100,100,0,0,0,100,3.16534622268,3.16176590459,3.10114927415,3.25154040041,0,100,3.16471101414,3.16066208547,3.09983755712,3.25134321338,0,100,-0.0346088693656,-0.0357662587792,-0.0790358639552,0.00844860900035,0.91,100,-0.033949937999,-0.0348339030814,-0.0780180319393,0.00816837838011,0.91,100,1,1,1,1,0,100,1,1,1,1,0,100,1,1,1,1,0
dots-5,within,70,matched_pool,sm_mle,100,247,247,100,100,0,0,0,100,3.18632514906,3.18658786177,3.1154480039,3.26606099637,0,100,3.18543415679,3.18463305733,3.11717658798,3.26223775286,0,100,-0.013629942983,-0.0125496746323,-0.0572914860106,0.0257771306618,0.72,100,-0.0132267953438,-0.0135585478991,-0.0569640736044,0.0273197336004,0.71,100,1,1,1,1,0,100,1,1,1,1,0,100,1,1,1,1,0
dots-5,within,70,matched_pool,sm_sharp,100,247,247,0,0,0,0,100,0,,,,,,0,,,,,,0,,,,,,0,,,,,,100,0,0,0,0,0,100,0,0,0,0,0,100,0,0,0,0,0
dots-5,within,70,pooled,pl,100,247,247,100,100,0,0,0,100,3.0636466201,3.0648236558,3.02512350651,3.10353196164,0,100,3.06263863033,3.06331732215,3.02418998353,3.10295203601,0,0,,,,,,0,,,,,,100,1,1,1,1,0,100,1,1,1,1,0,100,0,0,0,0,0
dots-5,within,70,pooled,sm_efficient,100,247,247,0,0,0,0,100,0,,,,,,0,,,,,,0,,,,,,0,,,,,,100,0,0,0,0,0,100,0,0,0,0,0,100,0,0,0,0,0
dots-5,within,70,pooled,sm_fotakis,100,247,247,100,100,0,0,0,100,3.04693938142,3.04538208423,3.00551957695,3.09750646552,0,100,3.04587656374,3.04415044131,3.00481249184,3.0980685349,0,100,-0.016707238681,-0.0169858421051,-0.0296817627891,-0.00272315418391,0.95,100,-0.0167620665876,-0.017031681541,-0.0296578631008,-0.00222962198048,0.95,100,1,1,1,1,0,100,1,1,1,1,0,100,1,1,1,1,0
dots-5,within,70,pooled,sm_mle,100,247,247,100,100,0,0,0,100,3.04693938142,3.04538208423,3.00551957695,3.09750646552,0,100,3.04587656374,3.04415044131,3.00481249184,3.0980685349,0,100,-0.016707238681,-0.0169858421051,-0.0296817627891,-0.00272315418391,0.95,100,-0.0167620665876,-0.017031681541,-0.0296578631008,-0.00222962198048,0.95,100,1,1,1,1,0,100,1,1,1,1,0,100,1,1,1,1,0
dots-5,within,70,pooled,sm_sharp,100,247,247,0,0,0,0,100,0,,,,,,0,,,,,,0,,,,,,0,,,,,,100,0,0,0,0,0,100,0,0,0,0,0,100,0,0,0,0,0
dots-5,within,80,local,pl,20,167,167,20,20,0,0,0,20,3.11750503124,3.0998218607,3.05694755884,3.21027328547,0,20,3.11553559181,3.09749827526,3.0611356011,3.20314391435,0,0,,,,,,0,,,,,,20,1,1,1,1,0,20,1,1,1,1,0,20,0,0,0,0,0
dots-5,within,80,local,sm_efficient,20,167,167,0,0,0,0,20,0,,,,,,0,,,,,,0,,,,,,0,,,,,,20,0,0,0,0,0,20,0,0,0,0,0,20,0,0,0,0,0
dots-5,within,80,local,sm_fotakis,20,167,167,20,20,0,0,0,20,3.11366900649,3.10255331365,3.05925835797,3.20168067282,0,20,3.11496484982,3.10128635286,3.06482578679,3.20310803156,0,20,-0.00383602475043,-0.00817437065313,-0.0416208427594,0.049124978654,0.55,20,-0.000570741987889,-0.00548292357539,-0.0435706247121,0.0528390438574,0.55,20,1,1,1,1,0,20,1,1,1,1,0,20,1,1,1,1,0
dots-5,within,80,local,sm_mle,20,167,167,20,20,0,0,0,20,3.12893014881,3.12064881668,3.06746396462,3.21111107749,0,20,3.13015663447,3.12025930589,3.07312755869,3.21828786061,0,20,0.0114251175706,0.0104874136887,-0.0278421801166,0.058078609189,0.3,20,0.0146210426624,0.0155657888099,-0.0242748724699,0.0605944956265,0.3,20,1,1,1,1,0,20,1,1,1,1,0,20,1,1,1,1,0
dots-5,within,80,local,sm_sharp,20,167,167,0,0,0,0,20,0,,,,,,0,,,,,,0,,,,,,0,,,,,,20,0,0,0,0,0,20,0,0,0,0,0,20,0,0,0,0,0
dots-5,within,80,matched_pool,pl,20,167,167,20,20,0,0,0,20,3.17174476071,3.16583514511,3.13166661043,3.21565510133,0,20,3.16965596769,3.16454682485,3.13256641453,3.22239387488,0,0,,,,,,0,,,,,,20,1,1,1,1,0,20,1,1,1,1,0,20,0,0,0,0,0
dots-5,within,80,matched_pool,sm_efficient,20,167,167,0,0,0,0,20,0,,,,,,0,,,,,,0,,,,,,0,,,,,,20,0,0,0,0,0,20,0,0,0,0,0,20,0,0,0,0,0
dots-5,within,80,matched_pool,sm_fotakis,20,167,167,20,20,0,0,0,20,3.16402248194,3.15242757914,3.12561091902,3.22262992039,0,20,3.16342971354,3.14807083431,3.1280284378,3.22413792193,0,20,-0.00772227877532,-0.0108270478624,-0.0497711151486,0.0407503481543,0.65,20,-0.0062262541493,-0.00906461392952,-0.0496245869915,0.0415595530327,0.65,20,1,1,1,1,0,20,1,1,1,1,0,20,1,1,1,1,0
dots-5,within,80,matched_pool,sm_mle,20,167,167,20,20,0,0,0,20,3.17600146975,3.16517090914,3.13503287698,3.24397041346,0,20,3.17515807967,3.16009946055,3.14035002964,3.24323972295,0,20,0.00425670903244,0.00409230485799,-0.0259959897764,0.0482941069117,0.4,20,0.00550211197446,0.00519873354801,-0.02626243774,0.0473191823959,0.4,20,1,1,1,1,0,20,1,1,1,1,0,20,1,1,1,1,0
dots-5,within,80,matched_pool,sm_sharp,20,167,167,0,0,0,0,20,0,,,,,,0,,,,,,0,,,,,,0,,,,,,20,0,0,0,0,0,20,0,0,0,0,0,20,0,0,0,0,0
dots-5,within,80,pooled,pl,20,167,167,20,20,0,0,0,20,3.06411418884,3.06375960884,3.03591825492,3.12246858511,0,20,3.06196998343,3.06231028304,3.03221748651,3.12181279994,0,0,,,,,,0,,,,,,20,1,1,1,1,0,20,1,1,1,1,0,20,0,0,0,0,0
dots-5,within,80,pooled,sm_efficient,20,167,167,0,0,0,0,20,0,,,,,,0,,,,,,0,,,,,,0,,,,,,20,0,0,0,0,0,20,0,0,0,0,0,20,0,0,0,0,0
dots-5,within,80,pooled,sm_fotakis,20,167,167,20,20,0,0,0,20,3.04863486718,3.04593565132,3.01743554533,3.09744632769,0,20,3.04695023725,3.04557985292,3.01380079241,3.09784120699,0,20,-0.0154793216584,-0.0151247887194,-0.0393706984756,-0.00234383623852,0.95,20,-0.0150197461876,-0.0139158368971,-0.0380612985956,-0.00135344334391,0.95,20,1,1,1,1,0,20,1,1,1,1,0,20,1,1,1,1,0
dots-5,within,80,pooled,sm_mle,20,167,167,20,20,0,0,0,20,3.04863486718,3.04593565132,3.01743554533,3.09744632769,0,20,3.04695023725,3.04557985292,3.01380079241,3.09784120699,0,20,-0.0154793216584,-0.0151247887194,-0.0393706984756,-0.00234383623852,0.95,20,-0.0150197461876,-0.0139158368971,-0.0380612985956,-0.00135344334391,0.95,20,1,1,1,1,0,20,1,1,1,1,0,20,1,1,1,1,0
dots-5,within,80,pooled,sm_sharp,20,167,167,0,0,0,0,20,0,,,,,,0,,,,,,0,,,,,,0,,,,,,20,0,0,0,0,0,20,0,0,0,0,0,20,0,0,0,0,0
dots-7,group_holdout,70,pooled,pl,100,235,245,100,100,0,0,0,100,2.90990481277,2.91186844165,2.8262747203,2.99519391031,0,100,2.91041927696,2.91293594609,2.83025017291,2.99694687585,0,0,,,,,,0,,,,,,100,1,1,1,1,0,100,1,1,1,1,0,100,0,0,0,0,0
dots-7,group_holdout,70,pooled,sm_efficient,100,235,245,0,0,0,0,100,0,,,,,,0,,,,,,0,,,,,,0,,,,,,100,0,0,0,0,0,100,0,0,0,0,0,100,0,0,0,0,0
dots-7,group_holdout,70,pooled,sm_fotakis,100,235,245,100,100,0,0,0,100,2.89712343504,2.89931520873,2.81421607357,2.98480380715,0,100,2.89710448707,2.89699038649,2.81489414562,2.9818223525,0,100,-0.0127813777225,-0.012461941138,-0.035315347441,0.00761293233531,0.84,100,-0.0133147898899,-0.0126343689304,-0.035528945517,0.00697040015379,0.84,100,1,1,1,1,0,100,1,1,1,1,0,100,1,1,1,1,0
dots-7,group_holdout,70,pooled,sm_mle,100,235,245,100,100,0,0,0,100,2.89712343504,2.89931520873,2.81421607357,2.98480380715,0,100,2.89710448707,2.89699038649,2.81489414562,2.9818223525,0,100,-0.0127813777225,-0.012461941138,-0.035315347441,0.00761293233531,0.84,100,-0.0133147898899,-0.0126343689304,-0.035528945517,0.00697040015379,0.84,100,1,1,1,1,0,100,1,1,1,1,0,100,1,1,1,1,0
dots-7,group_holdout,70,pooled,sm_sharp,100,235,245,0,0,0,0,100,0,,,,,,0,,,,,,0,,,,,,0,,,,,,100,0,0,0,0,0,100,0,0,0,0,0,100,0,0,0,0,0
dots-7,within,50,local,pl,20,410,410,11,11,0,0,9,20,3.10834093474,3.11194858441,3.02232299772,3.18225463182,0,20,3.11039881986,3.11297107632,3.02433045799,3.18682710217,0,0,,,,,,0,,,,,,20,0.986585365854,1,0.951219512195,1,0,20,0.986585365854,1,0.951219512195,1,0,20,0,0,0,0,0
dots-7,within,50,local,sm_efficient,20,410,410,0,0,0,0,20,0,,,,,,0,,,,,,0,,,,,,0,,,,,,20,0,0,0,0,0,20,0,0,0,0,0,20,0,0,0,0,0
dots-7,within,50,local,sm_fotakis,20,410,410,20,20,0,0,0,20,3.0687043059,3.06709383911,3.01622878748,3.13319616509,0,20,3.07002102837,3.06704333323,3.01670493713,3.14262319283,0,20,-0.0406662300774,-0.0380358230644,-0.0906329588253,0.00950984276088,0.9,20,-0.0414267871097,-0.0384898603852,-0.0928911419986,0.00843528751189,0.9,20,1,1,1,1,0,20,1,1,1,1,0,20,0.986585365854,1,0.951219512195,1,0
dots-7,within,50,local,sm_mle,20,410,410,20,20,0,0,0,20,3.09506776943,3.10362587042,3.03371883691,3.1555970096,0,20,3.09608451145,3.10453379018,3.03520959632,3.15808643375,0,20,-0.0139783006902,-0.0129037704456,-0.0676021473505,0.0274217935513,0.65,20,-0.015030603102,-0.012583711376,-0.0683621835349,0.0255961836171,0.65,20,1,1,1,1,0,20,1,1,1,1,0,20,0.986585365854,1,0.951219512195,1,0
dots-7,within,50,local,sm_sharp,20,410,410,0,0,0,0,20,0,,,,,,0,,,,,,0,,,,,,0,,,,,,20,0,0,0,0,0,20,0,0,0,0,0,20,0,0,0,0,0
dots-7,within,50,matched_pool,pl,20,410,410,18,18,0,0,2,20,3.1368909157,3.13555024628,3.02129095466,3.30632519606,0,20,3.13933561015,3.13761488113,3.02087660049,3.30877763048,0,0,,,,,,0,,,,,,20,0.997682926829,1,0.977926829268,1,0,20,0.997682926829,1,0.977926829268,1,0,20,0,0,0,0,0
dots-7,within,50,matched_pool,sm_efficient,20,410,410,0,0,0,0,20,0,,,,,,0,,,,,,0,,,,,,0,,,,,,20,0,0,0,0,0,20,0,0,0,0,0,20,0,0,0,0,0
dots-7,within,50,matched_pool,sm_fotakis,20,410,410,20,20,0,0,0,20,3.07876347669,3.07594726377,2.99885086514,3.19718553505,0,20,3.08061523253,3.07711919995,2.99939969428,3.19864647323,0,20,-0.0584273266089,-0.0443008750381,-0.143804004931,-0.013428733302,1,20,-0.0591281458558,-0.0446575034234,-0.143163815178,-0.0145943965565,1,20,1,1,1,1,0,20,1,1,1,1,0,20,0.997682926829,1,0.977926829268,1,0
dots-7,within,50,matched_pool,sm_mle,20,410,410,20,20,0,0,0,20,3.11431430614,3.11083907421,3.03472062746,3.20679142574,0,20,3.11583341199,3.11710588708,3.0381362861,3.2084760858,0,20,-0.0227942700478,-0.0192208185797,-0.109659575143,0.0188485557602,0.65,20,-0.0238229778886,-0.0175148231811,-0.114900013646,0.0188869145645,0.7,20,1,1,1,1,0,20,1,1,1,1,0,20,0.997682926829,1,0.977926829268,1,0
dots-7,within,50,matched_pool,sm_sharp,20,410,410,0,0,0,0,20,0,,,,,,0,,,,,,0,,,,,,0,,,,,,20,0,0,0,0,0,20,0,0,0,0,0,20,0,0,0,0,0
dots-7,within,50,pooled,pl,20,410,410,20,20,0,0,0,20,2.92524837112,2.93206172184,2.88234405034,2.96917871794,0,20,2.9273282645,2.93279971687,2.88497982147,2.9740342328,0,0,,,,,,0,,,,,,20,1,1,1,1,0,20,1,1,1,1,0,20,0,0,0,0,0
dots-7,within,50,pooled,sm_efficient,20,410,410,0,0,0,0,20,0,,,,,,0,,,,,,0,,,,,,0,,,,,,20,0,0,0,0,0,20,0,0,0,0,0,20,0,0,0,0,0
dots-7,within,50,pooled,sm_fotakis,20,410,410,20,20,0,0,0,20,2.90973942926,2.9064285124,2.86341193465,2.95380353883,0,20,2.9109477845,2.90828387422,2.86540296241,2.95805706249,0,20,-0.0155089418659,-0.0175617799581,-0.0314859280001,0.000143216353273,0.95,20,-0.0163804800024,-0.0184766743945,-0.0325431649201,-0.000684944850836,0.95,20,1,1,1,1,0,20,1,1,1,1,0,20,1,1,1,1,0
dots-7,within,50,pooled,sm_mle,20,410,410,20,20,0,0,0,20,2.90973942926,2.9064285124,2.86341193465,2.95380353883,0,20,2.9109477845,2.90828387422,2.86540296241,2.95805706249,0,20,-0.0155089418659,-0.0175617799581,-0.0314859280001,0.000143216353273,0.95,20,-0.0163804800024,-0.0184766743945,-0.0325431649201,-0.000684944850836,0.95,20,1,1,1,1,0,20,1,1,1,1,0,20,1,1,1,1,0
dots-7,within,50,pooled,sm_sharp,20,410,410,0,0,0,0,20,0,,,,,,0,,,,,,0,,,,,,0,,,,,,20,0,0,0,0,0,20,0,0,0,0,0,20,0,0,0,0,0
dots-7,within,70,local,pl,100,251,251,98,98,0,0,2,100,3.01382408101,3.01018796175,2.93549565922,3.10561844455,0,100,3.01557940239,3.01125706517,2.93464848842,3.10955243544,0,0,,,,,,0,,,,,,100,0.999521912351,1,1,1,0,100,0.999521912351,1,1,1,0,100,0,0,0,0,0
dots-7,within,70,local,sm_efficient,100,251,251,0,0,0,0,100,0,,,,,,0,,,,,,0,,,,,,0,,,,,,100,0,0,0,0,0,100,0,0,0,0,0,100,0,0,0,0,0
dots-7,within,70,local,sm_fotakis,100,251,251,100,100,0,0,0,100,2.98432622106,2.98538882772,2.9185336844,3.06405690035,0,100,2.98446083567,2.98576539623,2.91938644588,3.06208110241,0,100,-0.0293857543381,-0.0273396858892,-0.0844061947022,0.0149312638352,0.83,100,-0.0309998061764,-0.0290029090737,-0.0879589948873,0.0145082011055,0.86,100,1,1,1,1,0,100,1,1,1,1,0,100,0.999521912351,1,1,1,0
dots-7,within,70,local,sm_mle,100,251,251,100,100,0,0,0,100,3.00589627701,3.00748725552,2.93456940369,3.08724781124,0,100,3.00510048545,3.00830641493,2.93325798765,3.08562775033,0,100,-0.0079858095607,-0.00675629276389,-0.0580582194949,0.0365282650542,0.61,100,-0.0105388835755,-0.009335215996,-0.0600842402591,0.0315789632324,0.64,100,1,1,1,1,0,100,1,1,1,1,0,100,0.999521912351,1,1,1,0
dots-7,within,70,local,sm_sharp,100,251,251,0,0,0,0,100,0,,,,,,0,,,,,,0,,,,,,0,,,,,,100,0,0,0,0,0,100,0,0,0,0,0,100,0,0,0,0,0
dots-7,within,70,matched_pool,pl,100,251,251,100,100,0,0,0,100,3.04019672934,3.03889306797,2.95590208113,3.13267196997,0,100,3.04278257792,3.04077530133,2.95911444694,3.13283525567,0,0,,,,,,0,,,,,,100,1,1,1,1,0,100,1,1,1,1,0,100,0,0,0,0,0
dots-7,within,70,matched_pool,sm_efficient,100,251,251,0,0,0,0,100,0,,,,,,0,,,,,,0,,,,,,0,,,,,,100,0,0,0,0,0,100,0,0,0,0,0,100,0,0,0,0,0
dots-7,within,70,matched_pool,sm_fotakis,100,251,251,100,100,0,0,0,100,3.01469565985,3.00891377205,2.94771543302,3.09361219126,0,100,3.01594557247,3.00986882903,2.94653360783,3.09428445427,0,100,-0.0255010694899,-0.0200811767577,-0.0781193023935,0.024999762048,0.77,100,-0.026837005448,-0.0223659768682,-0.0796681678221,0.0234189681713,0.79,100,1,1,1,1,0,100,1,1,1,1,0,100,1,1,1,1,0
dots-7,within,70,matched_pool,sm_mle,100,251,251,100,100,0,0,0,100,3.04110697202,3.03418660485,2.97109240306,3.11626724264,0,100,3.04220442708,3.03428510332,2.9700390598,3.11741490312,0,100,0.00091024267493,0.000435820250159,-0.0555274001734,0.0587288699474,0.5,100,-0.000578150842785,-0.00106389955095,-0.0575118663605,0.0593901755009,0.53,100,1,1,1,1,0,100,1,1,1,1,0,100,1,1,1,1,0
dots-7,within,70,matched_pool,sm_sharp,100,251,251,0,0,0,0,100,0,,,,,,0,,,,,,0,,,,,,0,,,,,,100,0,0,0,0,0,100,0,0,0,0,0,100,0,0,0,0,0
dots-7,within,70,pooled,pl,100,251,251,100,100,0,0,0,100,2.90704245082,2.90419698188,2.85169637217,2.95992814483,0,100,2.90915442521,2.90649957609,2.85294003135,2.96197238322,0,0,,,,,,0,,,,,,100,1,1,1,1,0,100,1,1,1,1,0,100,0,0,0,0,0
dots-7,within,70,pooled,sm_efficient,100,251,251,0,0,0,0,100,0,,,,,,0,,,,,,0,,,,,,0,,,,,,100,0,0,0,0,0,100,0,0,0,0,0,100,0,0,0,0,0
dots-7,within,70,pooled,sm_fotakis,100,251,251,100,100,0,0,0,100,2.8944243559,2.89473878186,2.84234538967,2.94665151032,0,100,2.89519084777,2.89711532393,2.84183539278,2.9447502301,0,100,-0.0126180949227,-0.0136932324654,-0.0329424331737,0.00632625994268,0.82,100,-0.0139635774459,-0.0153000220757,-0.0342151878187,0.00494680747769,0.85,100,1,1,1,1,0,100,1,1,1,1,0,100,1,1,1,1,0
dots-7,within,70,pooled,sm_mle,100,251,251,100,100,0,0,0,100,2.8944243559,2.89473878186,2.84234538967,2.94665151032,0,100,2.89519084777,2.89711532393,2.84183539278,2.9447502301,0,100,-0.0126180949227,-0.0136932324654,-0.0329424331737,0.00632625994268,0.82,100,-0.0139635774459,-0.0153000220757,-0.0342151878187,0.00494680747769,0.85,100,1,1,1,1,0,100,1,1,1,1,0,100,1,1,1,1,0
dots-7,within,70,pooled,sm_sharp,100,251,251,0,0,0,0,100,0,,,,,,0,,,,,,0,,,,,,0,,,,,,100,0,0,0,0,0,100,0,0,0,0,0,100,0,0,0,0,0
dots-7,within,80,local,pl,20,171,171,20,20,0,0,0,20,3.0087398985,3.01225443944,2.92438760573,3.08626806,0,20,3.00815765131,3.01141055316,2.9233724077,3.08977899164,0,0,,,,,,0,,,,,,20,1,1,1,1,0,20,1,1,1,1,0,20,0,0,0,0,0
dots-7,within,80,local,sm_efficient,20,171,171,0,0,0,0,20,0,,,,,,0,,,,,,0,,,,,,0,,,,,,20,0,0,0,0,0,20,0,0,0,0,0,20,0,0,0,0,0
dots-7,within,80,local,sm_fotakis,20,171,171,20,20,0,0,0,20,2.97835285237,2.97071369119,2.90291599615,3.07196874457,0,20,2.97578135805,2.9614035566,2.90558599422,3.06972775713,0,20,-0.0303870461265,-0.0307710770556,-0.0631681440526,0.00511538728132,0.8,20,-0.0323762932638,-0.0348682992885,-0.0669098059405,0.00713278174873,0.85,20,1,1,1,1,0,20,1,1,1,1,0,20,1,1,1,1,0
dots-7,within,80,local,sm_mle,20,171,171,20,20,0,0,0,20,2.99225752041,2.98687109258,2.92485882548,3.06676623309,0,20,2.98776823487,2.98231718399,2.91807507016,3.06941152195,0,20,-0.0164823780822,-0.0185219759388,-0.059915458959,0.0269546779645,0.75,20,-0.0203894164375,-0.0250496145354,-0.0657647762003,0.0265023075602,0.8,20,1,1,1,1,0,20,1,1,1,1,0,20,1,1,1,1,0
dots-7,within,80,local,sm_sharp,20,171,171,0,0,0,0,20,0,,,,,,0,,,,,,0,,,,,,0,,,,,,20,0,0,0,0,0,20,0,0,0,0,0,20,0,0,0,0,0
dots-7,within,80,matched_pool,pl,20,171,171,20,20,0,0,0,20,3.02462589768,3.022437638,2.95193196227,3.08452034155,0,20,3.0275541411,3.01580834276,2.95067804534,3.09632549326,0,0,,,,,,0,,,,,,20,1,1,1,1,0,20,1,1,1,1,0,20,0,0,0,0,0
dots-7,within,80,matched_pool,sm_efficient,20,171,171,0,0,0,0,20,0,,,,,,0,,,,,,0,,,,,,0,,,,,,20,0,0,0,0,0,20,0,0,0,0,0,20,0,0,0,0,0
dots-7,within,80,matched_pool,sm_fotakis,20,171,171,20,20,0,0,0,20,2.99917023909,2.99701197687,2.94070819698,3.07096433764,0,20,3.00084420471,2.9941482403,2.9425675149,3.07191574461,0,20,-0.0254556585849,-0.0310232999937,-0.0555312058607,0.0123478009601,0.8,20,-0.0267099363875,-0.0282164726547,-0.0565013070328,0.0127856492447,0.85,20,1,1,1,1,0,20,1,1,1,1,0,20,1,1,1,1,0
dots-7,within,80,matched_pool,sm_mle,20,171,171,20,20,0,0,0,20,3.01480317368,3.00487457575,2.97340761172,3.07680420802,0,20,3.01551335655,3.00336664198,2.97468595815,3.0806998815,0,20,-0.00982272400308,-0.0150535273129,-0.0555215876357,0.0281572823472,0.65,20,-0.0120407845539,-0.015320259569,-0.0527435207058,0.0301165467619,0.7,20,1,1,1,1,0,20,1,1,1,1,0,20,1,1,1,1,0
dots-7,within,80,matched_pool,sm_sharp,20,171,171,0,0,0,0,20,0,,,,,,0,,,,,,0,,,,,,0,,,,,,20,0,0,0,0,0,20,0,0,0,0,0,20,0,0,0,0,0
dots-7,within,80,pooled,pl,20,171,171,20,20,0,0,0,20,2.925222119,2.92300512816,2.86217988643,2.97974796442,0,20,2.92757081621,2.93138209922,2.8631317222,2.98681571846,0,0,,,,,,0,,,,,,20,1,1,1,1,0,20,1,1,1,1,0,20,0,0,0,0,0
dots-7,within,80,pooled,sm_efficient,20,171,171,0,0,0,0,20,0,,,,,,0,,,,,,0,,,,,,0,,,,,,20,0,0,0,0,0,20,0,0,0,0,0,20,0,0,0,0,0
dots-7,within,80,pooled,sm_fotakis,20,171,171,20,20,0,0,0,20,2.9115479801,2.90793882358,2.86415735161,2.9569733192,0,20,2.91199138348,2.91159840632,2.86345123112,2.95980113559,0,20,-0.0136741389014,-0.0118455065127,-0.0347990839634,0.00262024275711,0.8,20,-0.0155794327285,-0.0132939973867,-0.035886108916,0.00134570831343,0.8,20,1,1,1,1,0,20,1,1,1,1,0,20,1,1,1,1,0
dots-7,within,80,pooled,sm_mle,20,171,171,20,20,0,0,0,20,2.9115479801,2.90793882358,2.86415735161,2.9569733192,0,20,2.91199138348,2.91159840632,2.86345123112,2.95980113559,0,20,-0.0136741389014,-0.0118455065127,-0.0347990839634,0.00262024275711,0.8,20,-0.0155794327285,-0.0132939973867,-0.035886108916,0.00134570831343,0.8,20,1,1,1,1,0,20,1,1,1,1,0,20,1,1,1,1,0
dots-7,within,80,pooled,sm_sharp,20,171,171,0,0,0,0,20,0,,,,,,0,,,,,,0,,,,,,0,,,,,,20,0,0,0,0,0,20,0,0,0,0,0,20,0,0,0,0,0
dots-9,group_holdout,70,pooled,pl,100,233,244,100,100,0,0,0,100,2.84356093506,2.83319138314,2.76030432993,2.9466151545,0,100,2.84378852659,2.83093425939,2.75966616344,2.94933211368,0,0,,,,,,0,,,,,,100,1,1,1,1,0,100,1,1,1,1,0,100,0,0,0,0,0
dots-9,group_holdout,70,pooled,sm_efficient,100,233,244,0,0,0,0,100,0,,,,,,0,,,,,,0,,,,,,0,,,,,,100,0,0,0,0,0,100,0,0,0,0,0,100,0,0,0,0,0
dots-9,group_holdout,70,pooled,sm_fotakis,100,233,244,100,100,0,0,0,100,2.80720780464,2.79473513833,2.72323272926,2.90514356833,0,100,2.80750419493,2.7931253353,2.72025985047,2.90796204285,0,100,-0.0363531304252,-0.0347093205034,-0.0566142408964,-0.0154089011537,1,100,-0.03628433166,-0.0348677392968,-0.0567367457687,-0.0153909363513,1,100,1,1,1,1,0,100,1,1,1,1,0,100,1,1,1,1,0
dots-9,group_holdout,70,pooled,sm_mle,100,233,244,100,100,0,0,0,100,2.80720780464,2.79473513833,2.72323272926,2.90514356833,0,100,2.80750419493,2.7931253353,2.72025985047,2.90796204285,0,100,-0.0363531304252,-0.0347093205034,-0.0566142408964,-0.0154089011537,1,100,-0.03628433166,-0.0348677392968,-0.0567367457687,-0.0153909363513,1,100,1,1,1,1,0,100,1,1,1,1,0,100,1,1,1,1,0
dots-9,group_holdout,70,pooled,sm_sharp,100,233,244,0,0,0,0,100,0,,,,,,0,,,,,,0,,,,,,0,,,,,,100,0,0,0,0,0,100,0,0,0,0,0,100,0,0,0,0,0
dots-9,within,50,local,pl,20,409,409,16,16,0,0,4,20,3.00640305418,3.01748553344,2.92521876396,3.08051807864,0,20,3.0081963126,3.01957058868,2.92901944059,3.08313411503,0,0,,,,,,0,,,,,,20,0.994987775061,1,0.975427872861,1,0,20,0.994987775061,1,0.975427872861,1,0,20,0,0,0,0,0
dots-9,within,50,local,sm_efficient,20,409,409,0,0,0,0,20,0,,,,,,0,,,,,,0,,,,,,0,,,,,,20,0,0,0,0,0,20,0,0,0,0,0,20,0,0,0,0,0
dots-9,within,50,local,sm_fotakis,20,409,409,20,20,0,0,0,20,2.94742726017,2.94827910105,2.88100561613,3.0133192334,0,20,2.94747794251,2.94897114968,2.88283651714,3.01242807159,0,20,-0.0605940771898,-0.0594208179368,-0.126128673337,-0.0172178216991,1,20,-0.0623351730139,-0.0614021989394,-0.129211789081,-0.0206355727596,1,20,1,1,1,1,0,20,1,1,1,1,0,20,0.994987775061,1,0.975427872861,1,0
dots-9,within,50,local,sm_mle,20,409,409,20,20,0,0,0,20,2.98266631994,2.98386462424,2.92041270382,3.05477248282,0,20,2.98230894419,2.98246922171,2.91892604656,3.05091897113,0,20,-0.0259048210305,-0.0226354081614,-0.0992104719722,0.0202072788935,0.85,20,-0.0280682359657,-0.0244110097288,-0.102404187648,0.0186147400048,0.85,20,1,1,1,1,0,20,1,1,1,1,0,20,0.994987775061,1,0.975427872861,1,0
dots-9,within,50,local,sm_sharp,20,409,409,0,0,0,0,20,0,,,,,,0,,,,,,0,,,,,,0,,,,,,20,0,0,0,0,0,20,0,0,0,0,0,20,0,0,0,0,0
dots-9,within,50,matched_pool,pl,20,409,409,17,17,0,0,3,20,3.06715177486,3.06517714401,2.97589606401,3.16940039553,0,20,3.06773812154,3.06484803503,2.97514668362,3.17139271375,0,0,,,,,,0,,,,,,20,0.996210268949,1,0.975427872861,1,0,20,0.996210268949,1,0.975427872861,1,0,20,0,0,0,0,0
dots-9,within,50,matched_pool,sm_efficient,20,409,409,0,0,0,0,20,0,,,,,,0,,,,,,0,,,,,,0,,,,,,20,0,0,0,0,0,20,0,0,0,0,0,20,0,0,0,0,0
dots-9,within,50,matched_pool,sm_fotakis,20,409,409,20,20,0,0,0,20,2.98832248271,2.9904280305,2.90524708572,3.0775253982,0,20,2.98874500961,2.98620552027,2.9051566941,3.07771763264,0,20,-0.0837288832358,-0.0819105677563,-0.17894495833,-0.0201409414414,1,20,-0.0839916678953,-0.0814716873526,-0.179512283543,-0.02015007823,1,20,1,1,1,1,0,20,1,1,1,1,0,20,0.996210268949,1,0.975427872861,1,0
dots-9,within,50,matched_pool,sm_mle,20,409,409,20,20,0,0,0,20,3.02454690722,3.02421647531,2.94242629106,3.093369754,0,20,3.02460469048,3.02266544404,2.9447452169,3.0956503945,0,20,-0.0473844192505,-0.0418589297746,-0.15498212443,0.011706223559,0.8,20,-0.048013113931,-0.0458791624803,-0.154909784844,0.0130076127558,0.8,20,1,1,1,1,0,20,1,1,1,1,0,20,0.996210268949,1,0.975427872861,1,0
dots-9,within,50,matched_pool,sm_sharp,20,409,409,0,0,0,0,20,0,,,,,,0,,,,,,0,,,,,,0,,,,,,20,0,0,0,0,0,20,0,0,0,0,0,20,0,0,0,0,0
dots-9,within,50,pooled,pl,20,409,409,20,20,0,0,0,20,2.84503846097,2.84652439663,2.80377377439,2.88203343793,0,20,2.84548522909,2.84678168571,2.80377222246,2.8823466658,0,0,,,,,,0,,,,,,20,1,1,1,1,0,20,1,1,1,1,0,20,0,0,0,0,0
dots-9,within,50,pooled,sm_efficient,20,409,409,0,0,0,0,20,0,,,,,,0,,,,,,0,,,,,,0,,,,,,20,0,0,0,0,0,20,0,0,0,0,0,20,0,0,0,0,0
dots-9,within,50,pooled,sm_fotakis,20,409,409,20,20,0,0,0,20,2.81291900632,2.81340076754,2.76479598387,2.84642036595,0,20,2.81327098589,2.81286166962,2.7653607672,2.84673662189,0,20,-0.0321194546522,-0.032274793221,-0.0461508518908,-0.0185659529528,1,20,-0.0322142432016,-0.0326275625629,-0.0464599094058,-0.0186746999653,1,20,1,1,1,1,0,20,1,1,1,1,0,20,1,1,1,1,0
dots-9,within,50,pooled,sm_mle,20,409,409,20,20,0,0,0,20,2.81291900632,2.81340076754,2.76479598387,2.84642036595,0,20,2.81327098589,2.81286166962,2.7653607672,2.84673662189,0,20,-0.0321194546522,-0.032274793221,-0.0461508518908,-0.0185659529528,1,20,-0.0322142432016,-0.0326275625629,-0.0464599094058,-0.0186746999653,1,20,1,1,1,1,0,20,1,1,1,1,0,20,1,1,1,1,0
dots-9,within,50,pooled,sm_sharp,20,409,409,0,0,0,0,20,0,,,,,,0,,,,,,0,,,,,,0,,,,,,20,0,0,0,0,0,20,0,0,0,0,0,20,0,0,0,0,0
dots-9,within,70,local,pl,100,249,249,100,100,0,0,0,100,2.93610480367,2.93482673217,2.81572611334,3.04918197394,0,100,2.93734346272,2.9349893452,2.82176160781,3.05384067787,0,0,,,,,,0,,,,,,100,1,1,1,1,0,100,1,1,1,1,0,100,0,0,0,0,0
dots-9,within,70,local,sm_efficient,100,249,249,0,0,0,0,100,0,,,,,,0,,,,,,0,,,,,,0,,,,,,100,0,0,0,0,0,100,0,0,0,0,0,100,0,0,0,0,0
dots-9,within,70,local,sm_fotakis,100,249,249,100,100,0,0,0,100,2.88020209567,2.88475669767,2.78698194943,2.97670190008,0,100,2.87851445016,2.88559099515,2.78800386192,2.97785066895,0,100,-0.055902708001,-0.052619876093,-0.114723365514,-0.00405886501475,0.97,100,-0.0588290125652,-0.0557802726852,-0.118345098261,-0.00732215226381,0.99,100,1,1,1,1,0,100,1,1,1,1,0,100,1,1,1,1,0
dots-9,within,70,local,sm_mle,100,249,249,100,100,0,0,0,100,2.90488418138,2.90541362339,2.80150760156,3.00686130242,0,100,2.90285302991,2.90537422086,2.80135326896,3.00778795544,0,100,-0.0312206222941,-0.0318685460481,-0.0900421797553,0.029447543436,0.8,100,-0.0344904328133,-0.0349758124623,-0.0928551041387,0.024404137935,0.84,100,1,1,1,1,0,100,1,1,1,1,0,100,1,1,1,1,0
dots-9,within,70,local,sm_sharp,100,249,249,0,0,0,0,100,0,,,,,,0,,,,,,0,,,,,,0,,,,,,100,0,0,0,0,0,100,0,0,0,0,0,100,0,0,0,0,0
dots-9,within,70,matched_pool,pl,100,249,249,100,100,0,0,0,100,2.96577127189,2.95907777901,2.86633146764,3.07166456861,0,100,2.96656822547,2.95893618869,2.8696736704,3.06833167471,0,0,,,,,,0,,,,,,100,1,1,1,1,0,100,1,1,1,1,0,100,0,0,0,0,0
dots-9,within,70,matched_pool,sm_efficient,100,249,249,0,0,0,0,100,0,,,,,,0,,,,,,0,,,,,,0,,,,,,100,0,0,0,0,0,100,0,0,0,0,0,100,0,0,0,0,0
dots-9,within,70,matched_pool,sm_fotakis,100,249,249,100,100,0,0,0,100,2.9162180277,2.9073143972,2.81582048231,3.02350827991,0,100,2.91711300921,2.90520199856,2.8168309487,3.02502471028,0,100,-0.0495532441926,-0.0504151839512,-0.101433171884,0.00705712952115,0.9,100,-0.0494552162524,-0.0501208937629,-0.10320621737,0.00720561861538,0.91,100,1,1,1,1,0,100,1,1,1,1,0,100,1,1,1,1,0
dots-9,within,70,matched_pool,sm_mle,100,249,249,100,100,0,0,0,100,2.93977313354,2.92673401349,2.84295701675,3.0471227229,0,100,2.94027653584,2.92547219383,2.8357932851,3.0446974678,0,100,-0.0259981383486,-0.0274748684193,-0.0723292645569,0.0323775926,0.79,100,-0.0262916896244,-0.02617273887,-0.0733618238226,0.0347384963947,0.8,100,1,1,1,1,0,100,1,1,1,1,0,100,1,1,1,1,0
dots-9,within,70,matched_pool,sm_sharp,100,249,249,0,0,0,0,100,0,,,,,,0,,,,,,0,,,,,,0,,,,,,100,0,0,0,0,0,100,0,0,0,0,0,100,0,0,0,0,0
dots-9,within,70,pooled,pl,100,249,249,100,100,0,0,0,100,2.83773279767,2.83375942043,2.76590737053,2.91841668194,0,100,2.83828625096,2.83382881373,2.7675088952,2.91702732509,0,0,,,,,,0,,,,,,100,1,1,1,1,0,100,1,1,1,1,0,100,0,0,0,0,0
dots-9,within,70,pooled,sm_efficient,100,249,249,0,0,0,0,100,0,,,,,,0,,,,,,0,,,,,,0,,,,,,100,0,0,0,0,0,100,0,0,0,0,0,100,0,0,0,0,0
dots-9,within,70,pooled,sm_fotakis,100,249,249,100,100,0,0,0,100,2.80638870901,2.799769688,2.7350557018,2.88950867444,0,100,2.80688505488,2.79993228951,2.7322310989,2.88971877876,0,100,-0.0313440886521,-0.0312462434501,-0.0555918472616,-0.0101026439303,0.98,100,-0.0314011960826,-0.0312739464379,-0.0558395556193,-0.0102101372322,0.99,100,1,1,1,1,0,100,1,1,1,1,0,100,1,1,1,1,0
dots-9,within,70,pooled,sm_mle,100,249,249,100,100,0,0,0,100,2.80638870901,2.799769688,2.7350557018,2.88950867444,0,100,2.80688505488,2.79993228951,2.7322310989,2.88971877876,0,100,-0.0313440886521,-0.0312462434501,-0.0555918472616,-0.0101026439303,0.98,100,-0.0314011960826,-0.0312739464379,-0.0558395556193,-0.0102101372322,0.99,100,1,1,1,1,0,100,1,1,1,1,0,100,1,1,1,1,0
dots-9,within,70,pooled,sm_sharp,100,249,249,0,0,0,0,100,0,,,,,,0,,,,,,0,,,,,,0,,,,,,100,0,0,0,0,0,100,0,0,0,0,0,100,0,0,0,0,0
dots-9,within,80,local,pl,20,169,169,20,20,0,0,0,20,2.92843486804,2.92550708062,2.8466265915,3.01840406948,0,20,2.92762980864,2.92128964748,2.83437991276,3.02450274464,0,0,,,,,,0,,,,,,20,1,1,1,1,0,20,1,1,1,1,0,20,0,0,0,0,0
dots-9,within,80,local,sm_efficient,20,169,169,0,0,0,0,20,0,,,,,,0,,,,,,0,,,,,,0,,,,,,20,0,0,0,0,0,20,0,0,0,0,0,20,0,0,0,0,0
dots-9,within,80,local,sm_fotakis,20,169,169,20,20,0,0,0,20,2.87413238565,2.86657845426,2.82612243809,2.93880854815,0,20,2.86934425548,2.8602590572,2.81615145491,2.92884796001,0,20,-0.0543024823882,-0.0488356579114,-0.118160563693,-0.00210977917562,0.95,20,-0.0582855531627,-0.053960361707,-0.123061258406,-0.00551147580574,0.95,20,1,1,1,1,0,20,1,1,1,1,0,20,1,1,1,1,0
dots-9,within,80,local,sm_mle,20,169,169,20,20,0,0,0,20,2.8985601309,2.89060833474,2.84213360553,2.9702806981,0,20,2.89314149105,2.89249667279,2.84074750102,2.96508416312,0,20,-0.0298747371324,-0.0265115124195,-0.0891831565861,0.0258661491145,0.75,20,-0.0344883175874,-0.0307048814483,-0.095578762684,0.0219158132207,0.75,20,1,1,1,1,0,20,1,1,1,1,0,20,1,1,1,1,0
dots-9,within,80,local,sm_sharp,20,169,169,0,0,0,0,20,0,,,,,,0,,,,,,0,,,,,,0,,,,,,20,0,0,0,0,0,20,0,0,0,0,0,20,0,0,0,0,0
dots-9,within,80,matched_pool,pl,20,169,169,20,20,0,0,0,20,2.95670520775,2.95242127886,2.83966787603,3.03529196653,0,20,2.95674572478,2.95257870626,2.84025403991,3.03127668475,0,0,,,,,,0,,,,,,20,1,1,1,1,0,20,1,1,1,1,0,20,0,0,0,0,0
dots-9,within,80,matched_pool,sm_efficient,20,169,169,0,0,0,0,20,0,,,,,,0,,,,,,0,,,,,,0,,,,,,20,0,0,0,0,0,20,0,0,0,0,0,20,0,0,0,0,0
dots-9,within,80,matched_pool,sm_fotakis,20,169,169,20,20,0,0,0,20,2.90467102845,2.8970597302,2.80789959593,3.033637754,0,20,2.90429849183,2.90376166371,2.79880562098,3.02996474063,0,20,-0.0520341792939,-0.0482580104667,-0.118805866575,-0.00253256966704,0.95,20,-0.0524472329497,-0.0482072131598,-0.122153065514,-0.000102281381739,0.95,20,1,1,1,1,0,20,1,1,1,1,0,20,1,1,1,1,0
dots-9,within,80,matched_pool,sm_mle,20,169,169,20,20,0,0,0,20,2.92472545822,2.91860735884,2.83613702038,3.04805101417,0,20,2.9242680119,2.91307639391,2.82744628818,3.0433865788,0,20,-0.0319797495285,-0.025093370688,-0.12788033609,0.0223167900785,0.7,20,-0.032477712876,-0.0243989535317,-0.128920899874,0.0221228882647,0.7,20,1,1,1,1,0,20,1,1,1,1,0,20,1,1,1,1,0
dots-9,within,80,matched_pool,sm_sharp,20,169,169,0,0,0,0,20,0,,,,,,0,,,,,,0,,,,,,0,,,,,,20,0,0,0,0,0,20,0,0,0,0,0,20,0,0,0,0,0
dots-9,within,80,pooled,pl,20,169,169,20,20,0,0,0,20,2.83728246833,2.82965168784,2.77018768371,2.90301524691,0,20,2.83676846902,2.83153925497,2.76272298178,2.90184643496,0,0,,,,,,0,,,,,,20,1,1,1,1,0,20,1,1,1,1,0,20,0,0,0,0,0
dots-9,within,80,pooled,sm_efficient,20,169,169,0,0,0,0,20,0,,,,,,0,,,,,,0,,,,,,0,,,,,,20,0,0,0,0,0,20,0,0,0,0,0,20,0,0,0,0,0
dots-9,within,80,pooled,sm_fotakis,20,169,169,20,20,0,0,0,20,2.80554256794,2.79828570422,2.73554065248,2.86734159917,0,20,2.80461979404,2.80289130749,2.72767879476,2.86874780549,0,20,-0.0317399003874,-0.033715199279,-0.0507830399382,-0.0118134598508,1,20,-0.0321486749834,-0.0335096953039,-0.0507235984738,-0.0124037244126,1,20,1,1,1,1,0,20,1,1,1,1,0,20,1,1,1,1,0
dots-9,within,80,pooled,sm_mle,20,169,169,20,20,0,0,0,20,2.80554256794,2.79828570422,2.73554065248,2.86734159917,0,20,2.80461979404,2.80289130749,2.72767879476,2.86874780549,0,20,-0.0317399003874,-0.033715199279,-0.0507830399382,-0.0118134598508,1,20,-0.0321486749834,-0.0335096953039,-0.0507235984738,-0.0124037244126,1,20,1,1,1,1,0,20,1,1,1,1,0,20,1,1,1,1,0
dots-9,within,80,pooled,sm_sharp,20,169,169,0,0,0,0,20,0,,,,,,0,,,,,,0,,,,,,0,,,,,,20,0,0,0,0,0,20,0,0,0,0,0,20,0,0,0,0,0
puzzle-11,group_holdout,70,pooled,pl,100,232,245,100,100,0,0,0,100,3.0990885231,3.09049885856,3.02818397992,3.19211792053,0,100,3.09937694421,3.09307169909,3.02785191747,3.19295808636,0,0,,,,,,0,,,,,,100,1,1,1,1,0,100,1,1,1,1,0,100,0,0,0,0,0
puzzle-11,group_holdout,70,pooled,sm_efficient,100,232,245,0,0,0,0,100,0,,,,,,0,,,,,,0,,,,,,0,,,,,,100,0,0,0,0,0,100,0,0,0,0,0,100,0,0,0,0,0
puzzle-11,group_holdout,70,pooled,sm_fotakis,100,232,245,100,100,0,0,0,100,3.08677505073,3.07678884152,3.01537302608,3.18841268618,0,100,3.0868311216,3.07885755546,3.01414686041,3.18891587772,0,100,-0.012313472368,-0.0109292854495,-0.0386712429827,0.0106065119822,0.81,100,-0.0125458226141,-0.0110783506143,-0.038723659376,0.0110912297546,0.83,100,1,1,1,1,0,100,1,1,1,1,0,100,1,1,1,1,0
puzzle-11,group_holdout,70,pooled,sm_mle,100,232,245,100,100,0,0,0,100,3.08677505073,3.07678884152,3.01537302608,3.18841268618,0,100,3.0868311216,3.07885755546,3.01414686041,3.18891587772,0,100,-0.012313472368,-0.0109292854495,-0.0386712429827,0.0106065119822,0.81,100,-0.0125458226141,-0.0110783506143,-0.038723659376,0.0110912297546,0.83,100,1,1,1,1,0,100,1,1,1,1,0,100,1,1,1,1,0
puzzle-11,group_holdout,70,pooled,sm_sharp,100,232,245,0,0,0,0,100,0,,,,,,0,,,,,,0,,,,,,0,,,,,,100,0,0,0,0,0,100,0,0,0,0,0,100,0,0,0,0,0
puzzle-11,within,50,local,pl,20,406,406,19,19,0,0,1,20,3.17068152486,3.17186953603,3.0733452925,3.29449089461,0,20,3.17022215816,3.17337883233,3.07430239222,3.29010796193,0,0,,,,,,0,,,,,,20,0.998768472906,1,0.998768472906,1,0,20,0.998768472906,1,0.998768472906,1,0,20,0,0,0,0,0
puzzle-11,within,50,local,sm_efficient,20,406,406,0,0,0,0,20,0,,,,,,0,,,,,,0,,,,,,0,,,,,,20,0,0,0,0,0,20,0,0,0,0,0,20,0,0,0,0,0
puzzle-11,within,50,local,sm_fotakis,20,406,406,20,20,0,0,0,20,3.12626171618,3.12465587465,3.06661591143,3.19697897317,0,20,3.12656080894,3.12626599588,3.06908121232,3.19450998412,0,20,-0.0438758761116,-0.0381418922991,-0.0921560075071,-0.00626121637796,0.95,20,-0.0431076654336,-0.0353254413363,-0.0940003720433,-0.00564457783217,0.95,20,1,1,1,1,0,20,1,1,1,1,0,20,0.998768472906,1,0.998768472906,1,0
puzzle-11,within,50,local,sm_mle,20,406,406,20,20,0,0,0,20,3.14861793474,3.14434750796,3.08279145147,3.22241574836,0,20,3.14911846896,3.14687337526,3.08277407946,3.21989851354,0,20,-0.0214956095932,-0.020036706867,-0.0696474634,0.0246202455184,0.75,20,-0.0205252212162,-0.0188899376996,-0.0716425656798,0.0243958663488,0.75,20,1,1,1,1,0,20,1,1,1,1,0,20,0.998768472906,1,0.998768472906,1,0
puzzle-11,within,50,local,sm_sharp,20,406,406,0,0,0,0,20,0,,,,,,0,,,,,,0,,,,,,0,,,,,,20,0,0,0,0,0,20,0,0,0,0,0,20,0,0,0,0,0
puzzle-11,within,50,matched_pool,pl,20,406,406,20,20,0,0,0,20,3.2585523479,3.26725499664,3.17072084211,3.31727384492,0,20,3.25802383237,3.26780656145,3.17245071653,3.3175258001,0,0,,,,,,0,,,,,,20,1,1,1,1,0,20,1,1,1,1,0,20,0,0,0,0,0
puzzle-11,within,50,matched_pool,sm_efficient,20,406,406,0,0,0,0,20,0,,,,,,0,,,,,,0,,,,,,0,,,,,,20,0,0,0,0,0,20,0,0,0,0,0,20,0,0,0,0,0
puzzle-11,within,50,matched_pool,sm_fotakis,20,406,406,20,20,0,0,0,20,3.21908671943,3.23372004441,3.13867920084,3.28289911318,0,20,3.21835780606,3.23089558828,3.13988969887,3.27722914224,0,20,-0.0394656284682,-0.0362398441394,-0.0823012583408,0.0238391107323,0.85,20,-0.0396660263062,-0.0382731664733,-0.0815563742453,0.0237382174762,0.85,20,1,1,1,1,0,20,1,1,1,1,0,20,1,1,1,1,0
puzzle-11,within,50,matched_pool,sm_mle,20,406,406,20,20,0,0,0,20,3.2522265019,3.25182184206,3.17609841669,3.29898554442,0,20,3.2514970931,3.2514224257,3.17574439777,3.29802675405,0,20,-0.00632584599876,-0.0137710841644,-0.0474054649633,0.0770486468166,0.7,20,-0.00652673926734,-0.0131845911632,-0.0484766922287,0.0772441227158,0.7,20,1,1,1,1,0,20,1,1,1,1,0,20,1,1,1,1,0
puzzle-11,within,50,matched_pool,sm_sharp,20,406,406,0,0,0,0,20,0,,,,,,0,,,,,,0,,,,,,0,,,,,,20,0,0,0,0,0,20,0,0,0,0,0,20,0,0,0,0,0
puzzle-11,within,50,pooled,pl,20,406,406,20,20,0,0,0,20,3.08010068497,3.0790799784,3.06203517222,3.10024175173,0,20,3.07984347136,3.07858957592,3.06197354153,3.09951996398,0,0,,,,,,0,,,,,,20,1,1,1,1,0,20,1,1,1,1,0,20,0,0,0,0,0
puzzle-11,within,50,pooled,sm_efficient,20,406,406,0,0,0,0,20,0,,,,,,0,,,,,,0,,,,,,0,,,,,,20,0,0,0,0,0,20,0,0,0,0,0,20,0,0,0,0,0
puzzle-11,within,50,pooled,sm_fotakis,20,406,406,20,20,0,0,0,20,3.07026432193,3.06973469215,3.05189907871,3.09060305372,0,20,3.06986994156,3.06984406538,3.05026029719,3.09085803077,0,20,-0.0098363630378,-0.00817661110838,-0.0240066010759,0.000392545889885,0.95,20,-0.00997352979057,-0.00848172914515,-0.0235641393111,0.000429471905682,0.9,20,1,1,1,1,0,20,1,1,1,1,0,20,1,1,1,1,0
puzzle-11,within,50,pooled,sm_mle,20,406,406,20,20,0,0,0,20,3.07026432193,3.06973469215,3.05189907871,3.09060305372,0,20,3.06986994156,3.06984406538,3.05026029719,3.09085803077,0,20,-0.0098363630378,-0.00817661110838,-0.0240066010759,0.000392545889885,0.95,20,-0.00997352979057,-0.00848172914515,-0.0235641393111,0.000429471905682,0.9,20,1,1,1,1,0,20,1,1,1,1,0,20,1,1,1,1,0
puzzle-11,within,50,pooled,sm_sharp,20,406,406,0,0,0,0,20,0,,,,,,0,,,,,,0,,,,,,0,,,,,,20,0,0,0,0,0,20,0,0,0,0,0,20,0,0,0,0,0
puzzle-11,within,70,local,pl,100,249,249,100,100,0,0,0,100,3.09963569837,3.09468732865,3.01509806215,3.18001831549,0,100,3.10073712198,3.09345931411,3.01702675374,3.17905433343,0,0,,,,,,0,,,,,,100,1,1,1,1,0,100,1,1,1,1,0,100,0,0,0,0,0
puzzle-11,within,70,local,sm_efficient,100,249,249,0,0,0,0,100,0,,,,,,0,,,,,,0,,,,,,0,,,,,,100,0,0,0,0,0,100,0,0,0,0,0,100,0,0,0,0,0
puzzle-11,within,70,local,sm_fotakis,100,249,249,100,100,0,0,0,100,3.06986306378,3.06791324744,3.01425811132,3.13879818881,0,100,3.07091606038,3.06763294724,3.01337751764,3.14135032736,0,100,-0.0297726345879,-0.0293370226682,-0.0713878622697,0.0171896610016,0.86,100,-0.0298210616011,-0.0294159960463,-0.0706058342528,0.0180480534794,0.86,100,1,1,1,1,0,100,1,1,1,1,0,100,1,1,1,1,0
puzzle-11,within,70,local,sm_mle,100,249,249,100,100,0,0,0,100,3.08209811556,3.07802727043,3.02480559818,3.15020354015,0,100,3.0837188468,3.08181497137,3.02855646318,3.14894874057,0,100,-0.0175375828091,-0.016435088982,-0.0542090155533,0.0251840393969,0.73,100,-0.0170182751772,-0.0178401928652,-0.0548409425499,0.0263327564812,0.71,100,1,1,1,1,0,100,1,1,1,1,0,100,1,1,1,1,0
puzzle-11,within,70,local,sm_sharp,100,249,249,0,0,0,0,100,0,,,,,,0,,,,,,0,,,,,,0,,,,,,100,0,0,0,0,0,100,0,0,0,0,0,100,0,0,0,0,0
puzzle-11,within,70,matched_pool,pl,100,249,249,100,100,0,0,0,100,3.21170096152,3.21198213397,3.13260706093,3.29172325538,0,100,3.21163723919,3.21141556698,3.1371336171,3.28901190025,0,0,,,,,,0,,,,,,100,1,1,1,1,0,100,1,1,1,1,0,100,0,0,0,0,0
puzzle-11,within,70,matched_pool,sm_efficient,100,249,249,0,0,0,0,100,0,,,,,,0,,,,,,0,,,,,,0,,,,,,100,0,0,0,0,0,100,0,0,0,0,0,100,0,0,0,0,0
puzzle-11,within,70,matched_pool,sm_fotakis,100,249,249,100,100,0,0,0,100,3.18341941399,3.18355016348,3.11699799016,3.25525843079,0,100,3.1835063158,3.1816338667,3.11813254798,3.25313405144,0,100,-0.0282815475239,-0.0270876144798,-0.0848570710337,0.0233336923647,0.84,100,-0.0281309233896,-0.0265088866003,-0.0862564166833,0.0227238299337,0.84,100,1,1,1,1,0,100,1,1,1,1,0,100,1,1,1,1,0
puzzle-11,within,70,matched_pool,sm_mle,100,249,249,100,100,0,0,0,100,3.20330938183,3.20150035715,3.13492076458,3.26387836445,0,100,3.20345074201,3.20075821798,3.13649923523,3.26746964694,0,100,-0.00839157968898,-0.00921181581144,-0.0643839389467,0.0436458829158,0.64,100,-0.00818649718198,-0.00868074540605,-0.0660075624812,0.0437798687547,0.63,100,1,1,1,1,0,100,1,1,1,1,0,100,1,1,1,1,0
puzzle-11,within,70,matched_pool,sm_sharp,100,249,249,0,0,0,0,100,0,,,,,,0,,,,,,0,,,,,,0,,,,,,100,0,0,0,0,0,100,0,0,0,0,0,100,0,0,0,0,0
puzzle-11,within,70,pooled,pl,100,249,249,100,100,0,0,0,100,3.08342612832,3.08058058038,3.05201089181,3.13001585033,0,100,3.08308225471,3.0807053467,3.05053750014,3.12865156083,0,0,,,,,,0,,,,,,100,1,1,1,1,0,100,1,1,1,1,0,100,0,0,0,0,0
puzzle-11,within,70,pooled,sm_efficient,100,249,249,0,0,0,0,100,0,,,,,,0,,,,,,0,,,,,,0,,,,,,100,0,0,0,0,0,100,0,0,0,0,0,100,0,0,0,0,0
puzzle-11,within,70,pooled,sm_fotakis,100,249,249,100,100,0,0,0,100,3.0723902965,3.07004543137,3.04065712686,3.11475178418,0,100,3.0723703198,3.07016189772,3.03986365844,3.11328089485,0,100,-0.0110358318269,-0.0107000228606,-0.0271589850097,0.00239043231243,0.91,100,-0.0107119349119,-0.00998882670493,-0.0252420930597,0.00259464658964,0.89,100,1,1,1,1,0,100,1,1,1,1,0,100,1,1,1,1,0
puzzle-11,within,70,pooled,sm_mle,100,249,249,100,100,0,0,0,100,3.0723902965,3.07004543137,3.04065712686,3.11475178418,0,100,3.0723703198,3.07016189772,3.03986365844,3.11328089485,0,100,-0.0110358318269,-0.0107000228606,-0.0271589850097,0.00239043231243,0.91,100,-0.0107119349119,-0.00998882670493,-0.0252420930597,0.00259464658964,0.89,100,1,1,1,1,0,100,1,1,1,1,0,100,1,1,1,1,0
puzzle-11,within,70,pooled,sm_sharp,100,249,249,0,0,0,0,100,0,,,,,,0,,,,,,0,,,,,,0,,,,,,100,0,0,0,0,0,100,0,0,0,0,0,100,0,0,0,0,0
puzzle-11,within,80,local,pl,20,169,169,20,20,0,0,0,20,3.0560900449,3.04021618203,2.95903882105,3.16086581684,0,20,3.05907253583,3.04716990525,2.96872870472,3.16658010832,0,0,,,,,,0,,,,,,20,1,1,1,1,0,20,1,1,1,1,0,20,0,0,0,0,0
puzzle-11,within,80,local,sm_efficient,20,169,169,0,0,0,0,20,0,,,,,,0,,,,,,0,,,,,,0,,,,,,20,0,0,0,0,0,20,0,0,0,0,0,20,0,0,0,0,0
puzzle-11,within,80,local,sm_fotakis,20,169,169,20,20,0,0,0,20,3.03807627683,3.02657344641,2.97260492611,3.1204292988,0,20,3.0396844308,3.0272572357,2.96561882011,3.12190694407,0,20,-0.0180137680637,-0.012760271518,-0.0609939861734,0.0243761368856,0.65,20,-0.0193881050278,-0.0158029577184,-0.063156365384,0.0232143287728,0.65,20,1,1,1,1,0,20,1,1,1,1,0,20,1,1,1,1,0
puzzle-11,within,80,local,sm_mle,20,169,169,20,20,0,0,0,20,3.04898091047,3.03757184985,2.98791629398,3.12784235444,0,20,3.05145940762,3.04225009698,2.98529463573,3.1288302167,0,20,-0.0071091344276,-0.00906449991935,-0.0638311340625,0.0406359841871,0.5,20,-0.00761312820778,-0.00876414649783,-0.0644175000774,0.0415242287596,0.5,20,1,1,1,1,0,20,1,1,1,1,0,20,1,1,1,1,0
puzzle-11,within,80,local,sm_sharp,20,169,169,0,0,0,0,20,0,,,,,,0,,,,,,0,,,,,,0,,,,,,20,0,0,0,0,0,20,0,0,0,0,0,20,0,0,0,0,0
puzzle-11,within,80,matched_pool,pl,20,169,169,20,20,0,0,0,20,3.195013077,3.19883424976,3.10565645055,3.2728962662,0,20,3.19529576195,3.19550984317,3.10925512198,3.28258485088,0,0,,,,,,0,,,,,,20,1,1,1,1,0,20,1,1,1,1,0,20,0,0,0,0,0
puzzle-11,within,80,matched_pool,sm_efficient,20,169,169,0,0,0,0,20,0,,,,,,0,,,,,,0,,,,,,0,,,,,,20,0,0,0,0,0,20,0,0,0,0,0,20,0,0,0,0,0
puzzle-11,within,80,matched_pool,sm_fotakis,20,169,169,20,20,0,0,0,20,3.17006255966,3.16501172713,3.11483350323,3.26874437641,0,20,3.17081638503,3.16274182995,3.11829039249,3.26024536139,0,20,-0.0249505173381,-0.0261884624486,-0.0698441903426,0.0211618248526,0.8,20,-0.024479376914,-0.0251421331518,-0.0760093758642,0.0224780831922,0.8,20,1,1,1,1,0,20,1,1,1,1,0,20,1,1,1,1,0
puzzle-11,within,80,matched_pool,sm_mle,20,169,169,20,20,0,0,0,20,3.18906937106,3.19512270234,3.12285725063,3.26956400504,0,20,3.18949064147,3.19829827323,3.12304835765,3.26186960324,0,20,-0.00594370594388,-0.00182252309772,-0.0509054689762,0.0310101745346,0.5,20,-0.00580512047167,-0.00273558335312,-0.0500586344149,0.0279904055454,0.55,20,1,1,1,1,0,20,1,1,1,1,0,20,1,1,1,1,0
puzzle-11,within,80,matched_pool,sm_sharp,20,169,169,0,0,0,0,20,0,,,,,,0,,,,,,0,,,,,,0,,,,,,20,0,0,0,0,0,20,0,0,0,0,0,20,0,0,0,0,0
puzzle-11,within,80,pooled,pl,20,169,169,20,20,0,0,0,20,3.086252379,3.08463752919,3.03941898881,3.14738360678,0,20,3.08612084285,3.08390827774,3.03967219304,3.14354251825,0,0,,,,,,0,,,,,,20,1,1,1,1,0,20,1,1,1,1,0,20,0,0,0,0,0
puzzle-11,within,80,pooled,sm_efficient,20,169,169,0,0,0,0,20,0,,,,,,0,,,,,,0,,,,,,0,,,,,,20,0,0,0,0,0,20,0,0,0,0,0,20,0,0,0,0,0
puzzle-11,within,80,pooled,sm_fotakis,20,169,169,20,20,0,0,0,20,3.07669384199,3.07468804622,3.03215499158,3.15341013496,0,20,3.07661529538,3.07176643034,3.0300712909,3.14975650789,0,20,-0.00955853701501,-0.00740667414407,-0.0263154921337,0.000846897022751,0.9,20,-0.00950554746901,-0.00627025837378,-0.0252550520539,0.00238762344244,0.9,20,1,1,1,1,0,20,1,1,1,1,0,20,1,1,1,1,0
puzzle-11,within,80,pooled,sm_mle,20,169,169,20,20,0,0,0,20,3.07669384199,3.07468804622,3.03215499158,3.15341013496,0,20,3.07661529538,3.07176643034,3.0300712909,3.14975650789,0,20,-0.00955853701501,-0.00740667414407,-0.0263154921337,0.000846897022751,0.9,20,-0.00950554746901,-0.00627025837378,-0.0252550520539,0.00238762344244,0.9,20,1,1,1,1,0,20,1,1,1,1,0,20,1,1,1,1,0
puzzle-11,within,80,pooled,sm_sharp,20,169,169,0,0,0,0,20,0,,,,,,0,,,,,,0,,,,,,0,,,,,,20,0,0,0,0,0,20,0,0,0,0,0,20,0,0,0,0,0
puzzle-5,group_holdout,70,pooled,pl,100,229,246,100,100,0,0,0,100,2.86098492157,2.85902237033,2.75549661656,3.00363117985,0,100,2.86029058607,2.8563982532,2.7534799715,3.00340918295,0,0,,,,,,0,,,,,,100,1,1,1,1,0,100,1,1,1,1,0,100,0,0,0,0,0
puzzle-5,group_holdout,70,pooled,sm_efficient,100,229,246,0,0,0,0,100,0,,,,,,0,,,,,,0,,,,,,0,,,,,,100,0,0,0,0,0,100,0,0,0,0,0,100,0,0,0,0,0
puzzle-5,group_holdout,70,pooled,sm_fotakis,100,229,246,100,100,0,0,0,100,2.80381222469,2.80158533327,2.70113970954,2.94113886589,0,100,2.80345622611,2.79961725923,2.69857471679,2.94660149042,0,100,-0.0571726968832,-0.0559791676348,-0.0839886936282,-0.0305949755043,1,100,-0.0568343599689,-0.0548542119921,-0.0836366141265,-0.0306490512012,1,100,1,1,1,1,0,100,1,1,1,1,0,100,1,1,1,1,0
puzzle-5,group_holdout,70,pooled,sm_mle,100,229,246,100,100,0,0,0,100,2.80381222469,2.80158533327,2.70113970954,2.94113886589,0,100,2.80345622611,2.79961725923,2.69857471679,2.94660149042,0,100,-0.0571726968832,-0.0559791676348,-0.0839886936282,-0.0305949755043,1,100,-0.0568343599689,-0.0548542119921,-0.0836366141265,-0.0306490512012,1,100,1,1,1,1,0,100,1,1,1,1,0,100,1,1,1,1,0
puzzle-5,group_holdout,70,pooled,sm_sharp,100,229,246,0,0,0,0,100,0,,,,,,0,,,,,,0,,,,,,0,,,,,,100,0,0,0,0,0,100,0,0,0,0,0,100,0,0,0,0,0
puzzle-5,within,50,local,pl,20,408,408,2,2,0,0,18,20,2.9428618018,2.9558900169,2.83904664,3.0435682114,0,20,2.94129717935,2.95326672667,2.83884096363,3.04026264608,0,0,,,,,,0,,,,,,20,0.94693627451,0.949754901961,0.899509803922,1,0,20,0.94693627451,0.949754901961,0.899509803922,1,0,20,0,0,0,0,0
puzzle-5,within,50,local,sm_efficient,20,408,408,0,0,0,0,20,0,,,,,,0,,,,,,0,,,,,,0,,,,,,20,0,0,0,0,0,20,0,0,0,0,0,20,0,0,0,0,0
puzzle-5,within,50,local,sm_fotakis,20,408,408,20,20,0,0,0,20,2.86334503208,2.85978904955,2.77357312324,2.95631442719,0,20,2.86305321035,2.85912217812,2.77590259048,2.95565564386,0,20,-0.0849644494769,-0.0930967717123,-0.121120792792,-0.0355283957444,1,20,-0.0836497729477,-0.091920252496,-0.118891287157,-0.0330693489892,1,20,1,1,1,1,0,20,1,1,1,1,0,20,0.94693627451,0.949754901961,0.899509803922,1,0
puzzle-5,within,50,local,sm_mle,20,408,408,20,20,0,0,0,20,2.90637740796,2.91711040482,2.82042797835,2.98415148988,0,20,2.90530708267,2.91449381318,2.81967135569,2.98260761204,0,20,-0.0418267554669,-0.0429857906995,-0.0915523398913,0.00896846106532,0.9,20,-0.0413669602339,-0.0434160674433,-0.0918929571532,0.0109376034722,0.9,20,1,1,1,1,0,20,1,1,1,1,0,20,0.94693627451,0.949754901961,0.899509803922,1,0
puzzle-5,within,50,local,sm_sharp,20,408,408,0,0,0,0,20,0,,,,,,0,,,,,,0,,,,,,0,,,,,,20,0,0,0,0,0,20,0,0,0,0,0,20,0,0,0,0,0
puzzle-5,within,50,matched_pool,pl,20,408,408,15,15,0,0,5,20,3.09841582374,3.08622480396,3.00988332532,3.21926544837,0,20,3.1002361546,3.09184949062,3.00814076026,3.21818328637,0,0,,,,,,0,,,,,,20,0.992769607843,1,0.974142156863,1,0,20,0.992769607843,1,0.974142156863,1,0,20,0,0,0,0,0
puzzle-5,within,50,matched_pool,sm_efficient,20,408,408,0,0,0,0,20,0,,,,,,0,,,,,,0,,,,,,0,,,,,,20,0,0,0,0,0,20,0,0,0,0,0,20,0,0,0,0,0
puzzle-5,within,50,matched_pool,sm_fotakis,20,408,408,20,20,0,0,0,20,2.99988004542,3.01222057853,2.88746128111,3.06822123824,0,20,3.00259461674,3.01524953242,2.88438844778,3.07619726385,0,20,-0.10241924134,-0.096815792,-0.164340803416,-0.027284934513,1,20,-0.101974806767,-0.100502101648,-0.165264703625,-0.024585250615,1,20,1,1,1,1,0,20,1,1,1,1,0,20,0.992769607843,1,0.974142156863,1,0
puzzle-5,within,50,matched_pool,sm_mle,20,408,408,20,20,0,0,0,20,3.04359381668,3.05678642906,2.94926747503,3.09963696895,0,20,3.04592612613,3.05815508893,2.94955240417,3.10387965637,0,20,-0.0582710006309,-0.0501571789634,-0.140860859227,-0.0151732240716,0.95,20,-0.0582011943229,-0.0495110598138,-0.137855981699,-0.0127714895398,0.95,20,1,1,1,1,0,20,1,1,1,1,0,20,0.992769607843,1,0.974142156863,1,0
puzzle-5,within,50,matched_pool,sm_sharp,20,408,408,0,0,0,0,20,0,,,,,,0,,,,,,0,,,,,,0,,,,,,20,0,0,0,0,0,20,0,0,0,0,0,20,0,0,0,0,0
puzzle-5,within,50,pooled,pl,20,408,408,20,20,0,0,0,20,2.87482849662,2.86754420667,2.8259025097,2.94034965795,0,20,2.875392093,2.86910677274,2.82599027665,2.93999877806,0,0,,,,,,0,,,,,,20,1,1,1,1,0,20,1,1,1,1,0,20,0,0,0,0,0
puzzle-5,within,50,pooled,sm_efficient,20,408,408,0,0,0,0,20,0,,,,,,0,,,,,,0,,,,,,0,,,,,,20,0,0,0,0,0,20,0,0,0,0,0,20,0,0,0,0,0
puzzle-5,within,50,pooled,sm_fotakis,20,408,408,20,20,0,0,0,20,2.82020149398,2.80760571122,2.76625746609,2.88522225936,0,20,2.82108574008,2.80910628202,2.76678011956,2.88414751423,0,20,-0.0546270026474,-0.0541541106334,-0.0681980527049,-0.0398281438856,1,20,-0.0543063529222,-0.053755719638,-0.0684736458897,-0.0403323338416,1,20,1,1,1,1,0,20,1,1,1,1,0,20,1,1,1,1,0
puzzle-5,within,50,pooled,sm_mle,20,408,408,20,20,0,0,0,20,2.82020149398,2.80760571122,2.76625746609,2.88522225936,0,20,2.82108574008,2.80910628202,2.76678011956,2.88414751423,0,20,-0.0546270026474,-0.0541541106334,-0.0681980527049,-0.0398281438856,1,20,-0.0543063529222,-0.053755719638,-0.0684736458897,-0.0403323338416,1,20,1,1,1,1,0,20,1,1,1,1,0,20,1,1,1,1,0
puzzle-5,within,50,pooled,sm_sharp,20,408,408,0,0,0,0,20,0,,,,,,0,,,,,,0,,,,,,0,,,,,,20,0,0,0,0,0,20,0,0,0,0,0,20,0,0,0,0,0
puzzle-5,within,70,local,pl,100,253,253,82,82,0,0,18,100,2.85275692411,2.84462246658,2.74302764836,2.95058040796,0,100,2.84975673867,2.83916658736,2.73603018514,2.95386870224,0,0,,,,,,0,,,,,,100,0.994901185771,1,0.976086956522,1,0,100,0.994901185771,1,0.976086956522,1,0,100,0,0,0,0,0
puzzle-5,within,70,local,sm_efficient,100,253,253,0,0,0,0,100,0,,,,,,0,,,,,,0,,,,,,0,,,,,,100,0,0,0,0,0,100,0,0,0,0,0,100,0,0,0,0,0
puzzle-5,within,70,local,sm_fotakis,100,253,253,100,100,0,0,0,100,2.78395629589,2.77969064142,2.69017333085,2.87152903097,0,100,2.7823645636,2.77913379746,2.69249321527,2.87094141951,0,100,-0.070650419144,-0.0709965579402,-0.124625927866,-0.017606868752,0.98,100,-0.0693195702289,-0.0686233776993,-0.124128840895,-0.0177979659095,0.98,100,1,1,1,1,0,100,1,1,1,1,0,100,0.994901185771,1,0.976086956522,1,0
puzzle-5,within,70,local,sm_mle,100,253,253,100,100,0,0,0,100,2.8064351963,2.80319746342,2.72283633593,2.90235034613,0,100,2.80492150808,2.8003685532,2.72095871056,2.90564328677,0,100,-0.048212593195,-0.0480897862092,-0.0994988720247,0.00728234521347,0.93,100,-0.0468077083558,-0.0462234766265,-0.096783951277,0.0094950643152,0.93,100,1,1,1,1,0,100,1,1,1,1,0,100,0.994901185771,1,0.976086956522,1,0
puzzle-5,within,70,local,sm_sharp,100,253,253,0,0,0,0,100,0,,,,,,0,,,,,,0,,,,,,0,,,,,,100,0,0,0,0,0,100,0,0,0,0,0,100,0,0,0,0,0
puzzle-5,within,70,matched_pool,pl,100,253,253,98,98,0,0,2,100,2.9916933926,2.98769541164,2.89221966422,3.11331689041,0,100,2.99463059715,2.99166512071,2.89233578569,3.11942262755,0,0,,,,,,0,,,,,,100,0.9995256917,1,1,1,0,100,0.9995256917,1,1,1,0,100,0,0,0,0,0
puzzle-5,within,70,matched_pool,sm_efficient,100,253,253,0,0,0,0,100,0,,,,,,0,,,,,,0,,,,,,0,,,,,,100,0,0,0,0,0,100,0,0,0,0,0,100,0,0,0,0,0
puzzle-5,within,70,matched_pool,sm_fotakis,100,253,253,100,100,0,0,0,100,2.91285046029,2.91363875718,2.80357721005,3.03146795576,0,100,2.91489668408,2.91637446141,2.81130916435,3.0259574576,0,100,-0.0791857963175,-0.0811982582431,-0.142078283451,-0.00356713488227,0.96,100,-0.0800933800872,-0.0823818862967,-0.142032304196,-0.00678934366552,0.96,100,1,1,1,1,0,100,1,1,1,1,0,100,0.9995256917,1,1,1,0
puzzle-5,within,70,matched_pool,sm_mle,100,253,253,100,100,0,0,0,100,2.93354181999,2.93014303655,2.83320976355,3.05407938959,0,100,2.9352788172,2.93253946296,2.83151931029,3.04922113349,0,100,-0.0584805071439,-0.0608815069541,-0.13089212922,0.0166421010715,0.92,100,-0.0596967759473,-0.0642740175209,-0.129344389952,0.0145843508328,0.93,100,1,1,1,1,0,100,1,1,1,1,0,100,0.9995256917,1,1,1,0
puzzle-5,within,70,matched_pool,sm_sharp,100,253,253,0,0,0,0,100,0,,,,,,0,,,,,,0,,,,,,0,,,,,,100,0,0,0,0,0,100,0,0,0,0,0,100,0,0,0,0,0
puzzle-5,within,70,pooled,pl,100,253,253,100,100,0,0,0,100,2.85799482569,2.85199827662,2.78147137085,2.92994844903,0,100,2.85998649209,2.85199027372,2.79071194182,2.93236755233,0,0,,,,,,0,,,,,,100,1,1,1,1,0,100,1,1,1,1,0,100,0,0,0,0,0
puzzle-5,within,70,pooled,sm_efficient,100,253,253,0,0,0,0,100,0,,,,,,0,,,,,,0,,,,,,0,,,,,,100,0,0,0,0,0,100,0,0,0,0,0,100,0,0,0,0,0
puzzle-5,within,70,pooled,sm_fotakis,100,253,253,100,100,0,0,0,100,2.80085628788,2.79732418063,2.72439071546,2.88304105776,0,100,2.8028359485,2.79768346627,2.72594337989,2.8797145615,0,100,-0.0571385378075,-0.0569431706937,-0.0772816661717,-0.0356376693158,1,100,-0.0571505435827,-0.0569935358029,-0.0783284364998,-0.0354492438097,1,100,1,1,1,1,0,100,1,1,1,1,0,100,1,1,1,1,0
puzzle-5,within,70,pooled,sm_mle,100,253,253,100,100,0,0,0,100,2.80085628788,2.79732418063,2.72439071546,2.88304105776,0,100,2.8028359485,2.79768346627,2.72594337989,2.8797145615,0,100,-0.0571385378075,-0.0569431706937,-0.0772816661717,-0.0356376693158,1,100,-0.0571505435827,-0.0569935358029,-0.0783284364998,-0.0354492438097,1,100,1,1,1,1,0,100,1,1,1,1,0,100,1,1,1,1,0
puzzle-5,within,70,pooled,sm_sharp,100,253,253,0,0,0,0,100,0,,,,,,0,,,,,,0,,,,,,0,,,,,,100,0,0,0,0,0,100,0,0,0,0,0,100,0,0,0,0,0
puzzle-5,within,80,local,pl,20,173,173,20,20,0,0,0,20,2.83439298198,2.81361547457,2.68269457906,3.00517757388,0,20,2.82977604769,2.80595138812,2.68191170551,2.99508071664,0,0,,,,,,0,,,,,,20,1,1,1,1,0,20,1,1,1,1,0,20,0,0,0,0,0
puzzle-5,within,80,local,sm_efficient,20,173,173,0,0,0,0,20,0,,,,,,0,,,,,,0,,,,,,0,,,,,,20,0,0,0,0,0,20,0,0,0,0,0,20,0,0,0,0,0
puzzle-5,within,80,local,sm_fotakis,20,173,173,20,20,0,0,0,20,2.76075791803,2.73747002464,2.64514302435,2.9250399542,0,20,2.75836123561,2.73038980534,2.64860300999,2.93399957616,0,20,-0.0736350639518,-0.0760181265225,-0.12621502205,-0.0164263049478,1,20,-0.0714148120848,-0.0727823874943,-0.1312975549,-0.0091520060049,1,20,1,1,1,1,0,20,1,1,1,1,0,20,1,1,1,1,0
puzzle-5,within,80,local,sm_mle,20,173,173,20,20,0,0,0,20,2.77718112987,2.76139673055,2.65483818967,2.91304543254,0,20,2.77483693479,2.75945512786,2.66048283774,2.91957162168,0,20,-0.0572118521099,-0.0572406336744,-0.123791501314,-0.00526771305469,1,20,-0.0549391129041,-0.0539961197058,-0.120453744272,-0.00294359438356,0.95,20,1,1,1,1,0,20,1,1,1,1,0,20,1,1,1,1,0
puzzle-5,within,80,local,sm_sharp,20,173,173,0,0,0,0,20,0,,,,,,0,,,,,,0,,,,,,0,,,,,,20,0,0,0,0,0,20,0,0,0,0,0,20,0,0,0,0,0
puzzle-5,within,80,matched_pool,pl,20,173,173,20,20,0,0,0,20,2.98013920123,2.98786349303,2.85755072973,3.09256733491,0,20,2.98542889344,2.99121955767,2.85447056153,3.09271484745,0,0,,,,,,0,,,,,,20,1,1,1,1,0,20,1,1,1,1,0,20,0,0,0,0,0
puzzle-5,within,80,matched_pool,sm_efficient,20,173,173,0,0,0,0,20,0,,,,,,0,,,,,,0,,,,,,0,,,,,,20,0,0,0,0,0,20,0,0,0,0,0,20,0,0,0,0,0
puzzle-5,within,80,matched_pool,sm_fotakis,20,173,173,20,20,0,0,0,20,2.90003293182,2.90656894003,2.78564267958,2.99321858405,0,20,2.90484840066,2.92158903264,2.78368936502,2.98470207277,0,20,-0.0801062694135,-0.0697958732589,-0.152238989745,-0.0311719349358,1,20,-0.0805804927761,-0.0667811934706,-0.148581067185,-0.0292400603963,1,20,1,1,1,1,0,20,1,1,1,1,0,20,1,1,1,1,0
puzzle-5,within,80,matched_pool,sm_mle,20,173,173,20,20,0,0,0,20,2.91482169525,2.92938245597,2.81084129822,3.01875617687,0,20,2.91990244163,2.93834642192,2.80592378882,3.01700687915,0,20,-0.0653175059819,-0.0612443655003,-0.131798860932,-0.0119083876918,0.95,20,-0.0655264518087,-0.0602558888935,-0.124949324666,-0.0102916686356,0.95,20,1,1,1,1,0,20,1,1,1,1,0,20,1,1,1,1,0
puzzle-5,within,80,matched_pool,sm_sharp,20,173,173,0,0,0,0,20,0,,,,,,0,,,,,,0,,,,,,0,,,,,,20,0,0,0,0,0,20,0,0,0,0,0,20,0,0,0,0,0
puzzle-5,within,80,pooled,pl,20,173,173,20,20,0,0,0,20,2.85392804603,2.83994706728,2.7858643986,2.98141395572,0,20,2.85683952872,2.84366545064,2.79114744682,2.97970052515,0,0,,,,,,0,,,,,,20,1,1,1,1,0,20,1,1,1,1,0,20,0,0,0,0,0
puzzle-5,within,80,pooled,sm_efficient,20,173,173,0,0,0,0,20,0,,,,,,0,,,,,,0,,,,,,0,,,,,,20,0,0,0,0,0,20,0,0,0,0,0,20,0,0,0,0,0
puzzle-5,within,80,pooled,sm_fotakis,20,173,173,20,20,0,0,0,20,2.80207460303,2.79655978867,2.69998077825,2.93939067407,0,20,2.804986446,2.80210536969,2.70739247284,2.93843943364,0,20,-0.0518534429981,-0.0449566754564,-0.0884711995493,-0.0211605601166,1,20,-0.051853082721,-0.0449660308989,-0.0900872971938,-0.0214783789802,1,20,1,1,1,1,0,20,1,1,1,1,0,20,1,1,1,1,0
puzzle-5,within,80,pooled,sm_mle,20,173,173,20,20,0,0,0,20,2.80207460303,2.79655978867,2.69998077825,2.93939067407,0,20,2.804986446,2.80210536969,2.70739247284,2.93843943364,0,20,-0.0518534429981,-0.0449566754564,-0.0884711995493,-0.0211605601166,1,20,-0.051853082721,-0.0449660308989,-0.0900872971938,-0.0214783789802,1,20,1,1,1,1,0,20,1,1,1,1,0,20,1,1,1,1,0
puzzle-5,within,80,pooled,sm_sharp,20,173,173,0,0,0,0,20,0,,,,,,0,,,,,,0,,,,,,0,,,,,,20,0,0,0,0,0,20,0,0,0,0,0,20,0,0,0,0,0
puzzle-7,group_holdout,70,pooled,pl,100,232,245,100,100,0,0,0,100,2.89421976142,2.89425652717,2.79760858166,2.99172654281,0,100,2.89416060333,2.89302908112,2.79758364099,2.9947779126,0,0,,,,,,0,,,,,,100,1,1,1,1,0,100,1,1,1,1,0,100,0,0,0,0,0
puzzle-7,group_holdout,70,pooled,sm_efficient,100,232,245,0,0,0,0,100,0,,,,,,0,,,,,,0,,,,,,0,,,,,,100,0,0,0,0,0,100,0,0,0,0,0,100,0,0,0,0,0
puzzle-7,group_holdout,70,pooled,sm_fotakis,100,232,245,100,100,0,0,0,100,2.8751212211,2.87463314477,2.78516408698,2.99015036153,0,100,2.87476890431,2.87619235007,2.78394098164,2.98798467454,0,100,-0.0190985403253,-0.017875233357,-0.0493972848076,0.00915938631644,0.87,100,-0.0193916990271,-0.0178143942656,-0.0501378048942,0.00810387236059,0.88,100,1,1,1,1,0,100,1,1,1,1,0,100,1,1,1,1,0
puzzle-7,group_holdout,70,pooled,sm_mle,100,232,245,100,100,0,0,0,100,2.8751212211,2.87463314477,2.78516408698,2.99015036153,0,100,2.87476890431,2.87619235007,2.78394098164,2.98798467454,0,100,-0.0190985403253,-0.017875233357,-0.0493972848076,0.00915938631644,0.87,100,-0.0193916990271,-0.0178143942656,-0.0501378048942,0.00810387236059,0.88,100,1,1,1,1,0,100,1,1,1,1,0,100,1,1,1,1,0
puzzle-7,group_holdout,70,pooled,sm_sharp,100,232,245,0,0,0,0,100,0,,,,,,0,,,,,,0,,,,,,0,,,,,,100,0,0,0,0,0,100,0,0,0,0,0,100,0,0,0,0,0
puzzle-7,within,50,local,pl,20,408,408,9,9,0,0,11,20,2.91641609153,2.92792212602,2.82208182415,3.0005257464,0,20,2.91524748976,2.92477768899,2.81844683435,2.99612999214,0,0,,,,,,0,,,,,,20,0.975857843137,0.977941176471,0.93112745098,1,0,20,0.975857843137,0.977941176471,0.93112745098,1,0,20,0,0,0,0,0
puzzle-7,within,50,local,sm_efficient,20,408,408,0,0,0,0,20,0,,,,,,0,,,,,,0,,,,,,0,,,,,,20,0,0,0,0,0,20,0,0,0,0,0,20,0,0,0,0,0
puzzle-7,within,50,local,sm_fotakis,20,408,408,20,20,0,0,0,20,2.88945282983,2.89866973599,2.7942511374,2.95397019898,0,20,2.8866658024,2.89801346729,2.79133190157,2.9529583054,0,20,-0.0286067367571,-0.035992663288,-0.0738663474857,0.0472601419997,0.75,20,-0.0291977529989,-0.0354378002493,-0.0739298150593,0.0474074664143,0.8,20,1,1,1,1,0,20,1,1,1,1,0,20,0.975857843137,0.977941176471,0.93112745098,1,0
puzzle-7,within,50,local,sm_mle,20,408,408,20,20,0,0,0,20,2.91364184227,2.91490572215,2.84160026441,2.96260861842,0,20,2.9103648151,2.91384992508,2.83901354843,2.96669927874,0,20,-0.00450355603792,0.00165087648093,-0.0705013842073,0.0566121695363,0.45,20,-0.00558252143993,-0.000136996850826,-0.0656736462261,0.055613894522,0.5,20,1,1,1,1,0,20,1,1,1,1,0,20,0.975857843137,0.977941176471,0.93112745098,1,0
puzzle-7,within,50,local,sm_sharp,20,408,408,0,0,0,0,20,0,,,,,,0,,,,,,0,,,,,,0,,,,,,20,0,0,0,0,0,20,0,0,0,0,0,20,0,0,0,0,0
puzzle-7,within,50,matched_pool,pl,20,408,408,16,16,0,0,4,20,3.09846420531,3.08851674871,3.03193093569,3.17609092726,0,20,3.09784036479,3.08539618385,3.03425626051,3.17292222026,0,0,,,,,,0,,,,,,20,0.994975490196,1,0.975367647059,1,0,20,0.994975490196,1,0.975367647059,1,0,20,0,0,0,0,0
puzzle-7,within,50,matched_pool,sm_efficient,20,408,408,0,0,0,0,20,0,,,,,,0,,,,,,0,,,,,,0,,,,,,20,0,0,0,0,0,20,0,0,0,0,0,20,0,0,0,0,0
puzzle-7,within,50,matched_pool,sm_fotakis,20,408,408,20,20,0,0,0,20,3.0512477272,3.04466973769,2.96656508656,3.12514663754,0,20,3.05084300794,3.04174821189,2.96545145041,3.12606378886,0,20,-0.0539164549975,-0.0516242272702,-0.113534066413,0.0135925000487,0.9,20,-0.0537481297658,-0.0516525842163,-0.115109263794,0.015856250935,0.9,20,1,1,1,1,0,20,1,1,1,1,0,20,0.994975490196,1,0.975367647059,1,0
puzzle-7,within,50,matched_pool,sm_mle,20,408,408,20,20,0,0,0,20,3.09485269056,3.10403684548,3.02324070144,3.15541717719,0,20,3.09394905562,3.10482233948,3.02111909278,3.14815750499,0,20,-0.0101329203414,-0.013901116088,-0.0621332933774,0.0381145788888,0.55,20,-0.0104693002579,-0.0169526719819,-0.0625071504036,0.0361243619785,0.55,20,1,1,1,1,0,20,1,1,1,1,0,20,0.994975490196,1,0.975367647059,1,0
puzzle-7,within,50,matched_pool,sm_sharp,20,408,408,0,0,0,0,20,0,,,,,,0,,,,,,0,,,,,,0,,,,,,20,0,0,0,0,0,20,0,0,0,0,0,20,0,0,0,0,0
puzzle-7,within,50,pooled,pl,20,408,408,20,20,0,0,0,20,2.87615880954,2.87529902117,2.8364324444,2.91196860114,0,20,2.87547584456,2.87497988269,2.83651747069,2.91452034371,0,0,,,,,,0,,,,,,20,1,1,1,1,0,20,1,1,1,1,0,20,0,0,0,0,0
puzzle-7,within,50,pooled,sm_efficient,20,408,408,0,0,0,0,20,0,,,,,,0,,,,,,0,,,,,,0,,,,,,20,0,0,0,0,0,20,0,0,0,0,0,20,0,0,0,0,0
puzzle-7,within,50,pooled,sm_fotakis,20,408,408,20,20,0,0,0,20,2.86032435274,2.85933622377,2.81737758372,2.90748921993,0,20,2.85924060885,2.85759320896,2.81687177795,2.90566539391,0,20,-0.0158344568091,-0.0176358207916,-0.0302025484287,0.000841898947795,0.9,20,-0.0162352357021,-0.0178482945411,-0.0298424110137,-0.000618857911852,0.95,20,1,1,1,1,0,20,1,1,1,1,0,20,1,1,1,1,0
puzzle-7,within,50,pooled,sm_mle,20,408,408,20,20,0,0,0,20,2.86032435274,2.85933622377,2.81737758372,2.90748921993,0,20,2.85924060885,2.85759320896,2.81687177795,2.90566539391,0,20,-0.0158344568091,-0.0176358207916,-0.0302025484287,0.000841898947795,0.9,20,-0.0162352357021,-0.0178482945411,-0.0298424110137,-0.000618857911852,0.95,20,1,1,1,1,0,20,1,1,1,1,0,20,1,1,1,1,0
puzzle-7,within,50,pooled,sm_sharp,20,408,408,0,0,0,0,20,0,,,,,,0,,,,,,0,,,,,,0,,,,,,20,0,0,0,0,0,20,0,0,0,0,0,20,0,0,0,0,0
puzzle-7,within,70,local,pl,100,253,253,77,77,0,0,23,100,2.86806646272,2.85679185336,2.75912378713,3.00126383829,0,100,2.86657114039,2.85772656254,2.75582446809,3.00682763144,0,0,,,,,,0,,,,,,100,0.994031620553,1,0.97233201581,1,0,100,0.994031620553,1,0.97233201581,1,0,100,0,0,0,0,0
puzzle-7,within,70,local,sm_efficient,100,253,253,0,0,0,0,100,0,,,,,,0,,,,,,0,,,,,,0,,,,,,100,0,0,0,0,0,100,0,0,0,0,0,100,0,0,0,0,0
puzzle-7,within,70,local,sm_fotakis,100,253,253,100,100,0,0,0,100,2.86720254376,2.86166164118,2.77632407543,2.96635624754,0,100,2.86556428477,2.86215605443,2.77188420156,2.96718681173,0,100,-0.00316101670711,-0.00239915113001,-0.0613666214533,0.0591710666611,0.53,100,-0.00329015520147,-0.00241391183231,-0.06598232519,0.0595825423098,0.56,100,1,1,1,1,0,100,1,1,1,1,0,100,0.994031620553,1,0.97233201581,1,0
puzzle-7,within,70,local,sm_mle,100,253,253,100,100,0,0,0,100,2.88192114518,2.87986777041,2.78794608805,2.9831263536,0,100,2.87999385695,2.87822456295,2.78132478766,2.98121773091,0,100,0.0112878535232,0.00997286859405,-0.0557776454614,0.079258592073,0.39,100,0.0109080939899,0.00909583018207,-0.0578539870585,0.0777951668962,0.4,100,1,1,1,1,0,100,1,1,1,1,0,100,0.994031620553,1,0.97233201581,1,0
puzzle-7,within,70,local,sm_sharp,100,253,253,0,0,0,0,100,0,,,,,,0,,,,,,0,,,,,,0,,,,,,100,0,0,0,0,0,100,0,0,0,0,0,100,0,0,0,0,0
puzzle-7,within,70,matched_pool,pl,100,253,253,99,99,0,0,1,100,3.00794462854,3.00447701286,2.91599976773,3.10471537663,0,100,3.00631145728,3.00527200217,2.91828209512,3.1022690008,0,0,,,,,,0,,,,,,100,0.99976284585,1,1,1,0,100,0.99976284585,1,1,1,0,100,0,0,0,0,0
puzzle-7,within,70,matched_pool,sm_efficient,100,253,253,0,0,0,0,100,0,,,,,,0,,,,,,0,,,,,,0,,,,,,100,0,0,0,0,0,100,0,0,0,0,0,100,0,0,0,0,0
puzzle-7,within,70,matched_pool,sm_fotakis,100,253,253,100,100,0,0,0,100,2.98062847586,2.98045411453,2.88891200013,3.06487733294,0,100,2.97878224167,2.98078992705,2.89008575884,3.06475641707,0,100,-0.0271190368596,-0.0289031889115,-0.0776385204692,0.0306568832755,0.77,100,-0.0273218986016,-0.027028550161,-0.0812904310431,0.0307682323753,0.76,100,1,1,1,1,0,100,1,1,1,1,0,100,0.99976284585,1,1,1,0
puzzle-7,within,70,matched_pool,sm_mle,100,253,253,100,100,0,0,0,100,3.01240228948,3.01387923188,2.93077498383,3.09730687367,0,100,3.01076200765,3.01177258804,2.92824696796,3.09986077201,0,100,0.00466178518886,0.00579674791604,-0.050733212388,0.0703327286178,0.42,100,0.00466577764823,0.00588651337003,-0.0500409269901,0.0714368208894,0.42,100,1,1,1,1,0,100,1,1,1,1,0,100,0.99976284585,1,1,1,0
puzzle-7,within,70,matched_pool,sm_sharp,100,253,253,0,0,0,0,100,0,,,,,,0,,,,,,0,,,,,,0,,,,,,100,0,0,0,0,0,100,0,0,0,0,0,100,0,0,0,0,0
puzzle-7,within,70,pooled,pl,100,253,253,100,100,0,0,0,100,2.87523725921,2.87112126362,2.81941688843,2.94342308379,0,100,2.87349991372,2.86814088913,2.81625219665,2.9426643452,0,0,,,,,,0,,,,,,100,1,1,1,1,0,100,1,1,1,1,0,100,0,0,0,0,0
puzzle-7,within,70,pooled,sm_efficient,100,253,253,0,0,0,0,100,0,,,,,,0,,,,,,0,,,,,,0,,,,,,100,0,0,0,0,0,100,0,0,0,0,0,100,0,0,0,0,0
puzzle-7,within,70,pooled,sm_fotakis,100,253,253,100,100,0,0,0,100,2.86096264861,2.85457380688,2.80084893511,2.92779624375,0,100,2.8590411776,2.8508825059,2.80214992525,2.92428431405,0,100,-0.0142746105999,-0.0128552275927,-0.0372793544716,0.00632302436905,0.85,100,-0.0144587361252,-0.0134238554112,-0.0369117275854,0.00652782293534,0.87,100,1,1,1,1,0,100,1,1,1,1,0,100,1,1,1,1,0
puzzle-7,within,70,pooled,sm_mle,100,253,253,100,100,0,0,0,100,2.86096264861,2.85457380688,2.80084893511,2.92779624375,0,100,2.8590411776,2.8508825059,2.80214992525,2.92428431405,0,100,-0.0142746105999,-0.0128552275927,-0.0372793544716,0.00632302436905,0.85,100,-0.0144587361252,-0.0134238554112,-0.0369117275854,0.00652782293534,0.87,100,1,1,1,1,0,100,1,1,1,1,0,100,1,1,1,1,0
puzzle-7,within,70,pooled,sm_sharp,100,253,253,0,0,0,0,100,0,,,,,,0,,,,,,0,,,,,,0,,,,,,100,0,0,0,0,0,100,0,0,0,0,0,100,0,0,0,0,0
puzzle-7,within,80,local,pl,20,173,173,19,19,0,0,1,20,2.86226095811,2.84588940315,2.75283342322,2.99328775008,0,20,2.85897120999,2.83905056734,2.75219045732,3.00054459114,0,0,,,,,,0,,,,,,20,0.998843930636,1,0.998843930636,1,0,20,0.998843930636,1,0.998843930636,1,0,20,0,0,0,0,0
puzzle-7,within,80,local,sm_efficient,20,173,173,0,0,0,0,20,0,,,,,,0,,,,,,0,,,,,,0,,,,,,20,0,0,0,0,0,20,0,0,0,0,0,20,0,0,0,0,0
puzzle-7,within,80,local,sm_fotakis,20,173,173,20,20,0,0,0,20,2.87520812481,2.8778522111,2.78094499397,2.96338741033,0,20,2.87210328739,2.86717988119,2.77989751427,2.96457722954,0,20,0.0126807878912,0.0215664158686,-0.0723984309026,0.0561385145933,0.25,20,0.0128545954394,0.0216808275792,-0.0749039245002,0.0511320334927,0.25,20,1,1,1,1,0,20,1,1,1,1,0,20,0.998843930636,1,0.998843930636,1,0
puzzle-7,within,80,local,sm_mle,20,173,173,20,20,0,0,0,20,2.89217787257,2.89253026499,2.80324593767,2.96266204601,0,20,2.88903165867,2.88693102846,2.79297414863,2.96666622338,0,20,0.0296703554379,0.0289501725623,-0.0472222441833,0.0833584166988,0.15,20,0.029801486614,0.0303076992155,-0.0508922755603,0.0819516770824,0.15,20,1,1,1,1,0,20,1,1,1,1,0,20,0.998843930636,1,0.998843930636,1,0
puzzle-7,within,80,local,sm_sharp,20,173,173,0,0,0,0,20,0,,,,,,0,,,,,,0,,,,,,0,,,,,,20,0,0,0,0,0,20,0,0,0,0,0,20,0,0,0,0,0
puzzle-7,within,80,matched_pool,pl,20,173,173,20,20,0,0,0,20,2.9963195908,2.99400061563,2.90645684661,3.09699028216,0,20,2.99216970441,2.99203694365,2.89640629291,3.08859852308,0,0,,,,,,0,,,,,,20,1,1,1,1,0,20,1,1,1,1,0,20,0,0,0,0,0
puzzle-7,within,80,matched_pool,sm_efficient,20,173,173,0,0,0,0,20,0,,,,,,0,,,,,,0,,,,,,0,,,,,,20,0,0,0,0,0,20,0,0,0,0,0,20,0,0,0,0,0
puzzle-7,within,80,matched_pool,sm_fotakis,20,173,173,20,20,0,0,0,20,2.96670898758,2.94377720506,2.89571300739,3.06225546625,0,20,2.96260569312,2.94132538217,2.89083297144,3.05975548302,0,20,-0.029610603222,-0.0254990927384,-0.0818477683854,0.0363978117844,0.8,20,-0.0295640112966,-0.0278893632813,-0.0774175117016,0.0382976748456,0.85,20,1,1,1,1,0,20,1,1,1,1,0,20,1,1,1,1,0
puzzle-7,within,80,matched_pool,sm_mle,20,173,173,20,20,0,0,0,20,2.99026688373,2.95876385558,2.90907523599,3.08781189922,0,20,2.98651470056,2.95656284051,2.90252421942,3.08558948358,0,20,-0.00605270707822,-0.0101858630653,-0.0649618373095,0.0634935911924,0.55,20,-0.00565500385666,-0.00807943980734,-0.067796715307,0.0643749130544,0.6,20,1,1,1,1,0,20,1,1,1,1,0,20,1,1,1,1,0
puzzle-7,within,80,matched_pool,sm_sharp,20,173,173,0,0,0,0,20,0,,,,,,0,,,,,,0,,,,,,0,,,,,,20,0,0,0,0,0,20,0,0,0,0,0,20,0,0,0,0,0
puzzle-7,within,80,pooled,pl,20,173,173,20,20,0,0,0,20,2.88616708564,2.88527547241,2.8220931524,2.94704022875,0,20,2.88346215322,2.88572293037,2.81970294044,2.9456286321,0,0,,,,,,0,,,,,,20,1,1,1,1,0,20,1,1,1,1,0,20,0,0,0,0,0
puzzle-7,within,80,pooled,sm_efficient,20,173,173,0,0,0,0,20,0,,,,,,0,,,,,,0,,,,,,0,,,,,,20,0,0,0,0,0,20,0,0,0,0,0,20,0,0,0,0,0
puzzle-7,within,80,pooled,sm_fotakis,20,173,173,20,20,0,0,0,20,2.87357439807,2.86736550044,2.79220658892,2.94220020878,0,20,2.8703403424,2.86542162042,2.78671265063,2.93855612778,0,20,-0.0125926875683,-0.0151240057772,-0.0392369997923,0.0108792647313,0.7,20,-0.0131218108193,-0.0153580502202,-0.0396951305969,0.00929197254926,0.7,20,1,1,1,1,0,20,1,1,1,1,0,20,1,1,1,1,0
puzzle-7,within,80,pooled,sm_mle,20,173,173,20,20,0,0,0,20,2.87357439807,2.86736550044,2.79220658892,2.94220020878,0,20,2.8703403424,2.86542162042,2.78671265063,2.93855612778,0,20,-0.0125926875683,-0.0151240057772,-0.0392369997923,0.0108792647313,0.7,20,-0.0131218108193,-0.0153580502202,-0.0396951305969,0.00929197254926,0.7,20,1,1,1,1,0,20,1,1,1,1,0,20,1,1,1,1,0
puzzle-7,within,80,pooled,sm_sharp,20,173,173,0,0,0,0,20,0,,,,,,0,,,,,,0,,,,,,0,,,,,,20,0,0,0,0,0,20,0,0,0,0,0,20,0,0,0,0,0
puzzle-9,group_holdout,70,pooled,pl,100,234,244,100,100,0,0,0,100,3.03612918136,3.0323704733,2.96432360902,3.1116911749,0,100,3.0371182918,3.0335639418,2.96263350278,3.11303003518,0,0,,,,,,0,,,,,,100,1,1,1,1,0,100,1,1,1,1,0,100,0,0,0,0,0
puzzle-9,group_holdout,70,pooled,sm_efficient,100,234,244,0,0,0,0,100,0,,,,,,0,,,,,,0,,,,,,0,,,,,,100,0,0,0,0,0,100,0,0,0,0,0,100,0,0,0,0,0
puzzle-9,group_holdout,70,pooled,sm_fotakis,100,234,244,100,100,0,0,0,100,3.02547974293,3.02486526342,2.94546017445,3.09675890523,0,100,3.02653984149,3.02721829692,2.94409503129,3.10076349453,0,100,-0.0106494384281,-0.00951625146111,-0.029488408527,0.00584674260516,0.86,100,-0.0105784503063,-0.00908782228705,-0.0286758847876,0.00644794660107,0.87,100,1,1,1,1,0,100,1,1,1,1,0,100,1,1,1,1,0
puzzle-9,group_holdout,70,pooled,sm_mle,100,234,244,100,100,0,0,0,100,3.02547974293,3.02486526342,2.94546017445,3.09675890523,0,100,3.02653984149,3.02721829692,2.94409503129,3.10076349453,0,100,-0.0106494384281,-0.00951625146111,-0.029488408527,0.00584674260516,0.86,100,-0.0105784503063,-0.00908782228705,-0.0286758847876,0.00644794660107,0.87,100,1,1,1,1,0,100,1,1,1,1,0,100,1,1,1,1,0
puzzle-9,group_holdout,70,pooled,sm_sharp,100,234,244,0,0,0,0,100,0,,,,,,0,,,,,,0,,,,,,0,,,,,,100,0,0,0,0,0,100,0,0,0,0,0,100,0,0,0,0,0
puzzle-9,within,50,local,pl,20,407,407,9,9,0,0,11,20,3.10096785426,3.10829735305,3.00092603368,3.1998036245,0,20,3.10347956045,3.11207405986,3.00410411263,3.20164663196,0,0,,,,,,0,,,,,,20,0.980958230958,0.97542997543,0.950737100737,1,0,20,0.980958230958,0.97542997543,0.950737100737,1,0,20,0,0,0,0,0
puzzle-9,within,50,local,sm_efficient,20,407,407,0,0,0,0,20,0,,,,,,0,,,,,,0,,,,,,0,,,,,,20,0,0,0,0,0,20,0,0,0,0,0,20,0,0,0,0,0
puzzle-9,within,50,local,sm_fotakis,20,407,407,20,20,0,0,0,20,3.08282553764,3.09019923545,3.02893577514,3.13204279355,0,20,3.08606520772,3.09278754972,3.0329012888,3.13682134335,0,20,-0.0166306330117,-0.0111688868157,-0.0543006330838,0.0278725613409,0.75,20,-0.0158241298836,-0.0112059119398,-0.055469388588,0.029060667719,0.75,20,1,1,1,1,0,20,1,1,1,1,0,20,0.980958230958,0.97542997543,0.950737100737,1,0
puzzle-9,within,50,local,sm_mle,20,407,407,20,20,0,0,0,20,3.09132618175,3.1046090096,3.01540760439,3.14086246777,0,20,3.09499961666,3.10836665393,3.01968667524,3.14494904613,0,20,-0.00756509294787,-0.0110224570811,-0.0436135992309,0.0364382512682,0.65,20,-0.00634920456246,-0.00894614828936,-0.0427957219812,0.0382316321682,0.65,20,1,1,1,1,0,20,1,1,1,1,0,20,0.980958230958,0.97542997543,0.950737100737,1,0
puzzle-9,within,50,local,sm_sharp,20,407,407,0,0,0,0,20,0,,,,,,0,,,,,,0,,,,,,0,,,,,,20,0,0,0,0,0,20,0,0,0,0,0,20,0,0,0,0,0
puzzle-9,within,50,matched_pool,pl,20,407,407,20,20,0,0,0,20,3.23162519089,3.23372108696,3.1579182885,3.31570775998,0,20,3.23434545521,3.23783049743,3.16284578626,3.31890115517,0,0,,,,,,0,,,,,,20,1,1,1,1,0,20,1,1,1,1,0,20,0,0,0,0,0
puzzle-9,within,50,matched_pool,sm_efficient,20,407,407,0,0,0,0,20,0,,,,,,0,,,,,,0,,,,,,0,,,,,,20,0,0,0,0,0,20,0,0,0,0,0,20,0,0,0,0,0
puzzle-9,within,50,matched_pool,sm_fotakis,20,407,407,20,20,0,0,0,20,3.18753114816,3.18556272497,3.10659399883,3.24679743075,0,20,3.18996112077,3.18693560323,3.10941996144,3.24864702518,0,20,-0.0440940427352,-0.0415244454294,-0.0944611235575,-0.0063159316536,0.95,20,-0.0443843344422,-0.0414569328594,-0.093768985266,-0.00641738790637,0.95,20,1,1,1,1,0,20,1,1,1,1,0,20,1,1,1,1,0
puzzle-9,within,50,matched_pool,sm_mle,20,407,407,20,20,0,0,0,20,3.22053833897,3.21662910704,3.11849704701,3.29658105405,0,20,3.22222901856,3.22231827311,3.12068696903,3.29857989133,0,20,-0.0110868519277,-0.0104902689537,-0.0482366605777,0.0336344785038,0.7,20,-0.0121164366491,-0.0110760772282,-0.047315915301,0.0332094651413,0.65,20,1,1,1,1,0,20,1,1,1,1,0,20,1,1,1,1,0
puzzle-9,within,50,matched_pool,sm_sharp,20,407,407,0,0,0,0,20,0,,,,,,0,,,,,,0,,,,,,0,,,,,,20,0,0,0,0,0,20,0,0,0,0,0,20,0,0,0,0,0
puzzle-9,within,50,pooled,pl,20,407,407,20,20,0,0,0,20,3.03172935093,3.02908788149,3.00120184568,3.07719452244,0,20,3.03357016386,3.03134116013,3.00410766968,3.07911495413,0,0,,,,,,0,,,,,,20,1,1,1,1,0,20,1,1,1,1,0,20,0,0,0,0,0
puzzle-9,within,50,pooled,sm_efficient,20,407,407,0,0,0,0,20,0,,,,,,0,,,,,,0,,,,,,0,,,,,,20,0,0,0,0,0,20,0,0,0,0,0,20,0,0,0,0,0
puzzle-9,within,50,pooled,sm_fotakis,20,407,407,20,20,0,0,0,20,3.02304039514,3.01821458755,2.99072723626,3.06062452506,0,20,3.02506335709,3.02060948872,2.99278982692,3.06315449251,0,20,-0.00868895579165,-0.00983888365491,-0.0180856470008,0.000120183450151,0.95,20,-0.00850680676896,-0.00951202033531,-0.0179053925785,0.000550134145218,0.9,20,1,1,1,1,0,20,1,1,1,1,0,20,1,1,1,1,0
puzzle-9,within,50,pooled,sm_mle,20,407,407,20,20,0,0,0,20,3.02304039514,3.01821458755,2.99072723626,3.06062452506,0,20,3.02506335709,3.02060948872,2.99278982692,3.06315449251,0,20,-0.00868895579165,-0.00983888365491,-0.0180856470008,0.000120183450151,0.95,20,-0.00850680676896,-0.00951202033531,-0.0179053925785,0.000550134145218,0.9,20,1,1,1,1,0,20,1,1,1,1,0,20,1,1,1,1,0
puzzle-9,within,50,pooled,sm_sharp,20,407,407,0,0,0,0,20,0,,,,,,0,,,,,,0,,,,,,0,,,,,,20,0,0,0,0,0,20,0,0,0,0,0,20,0,0,0,0,0
puzzle-9,within,70,local,pl,100,249,249,88,88,0,0,12,100,3.03324934479,3.02835533404,2.9343018185,3.14408328574,0,100,3.03510099515,3.03080613135,2.94238736303,3.14416340202,0,0,,,,,,0,,,,,,100,0.996465863454,1,0.971887550201,1,0,100,0.996465863454,1,0.971887550201,1,0,100,0,0,0,0,0
puzzle-9,within,70,local,sm_efficient,100,249,249,0,0,0,0,100,0,,,,,,0,,,,,,0,,,,,,0,,,,,,100,0,0,0,0,0,100,0,0,0,0,0,100,0,0,0,0,0
puzzle-9,within,70,local,sm_fotakis,100,249,249,100,100,0,0,0,100,3.03590796218,3.03314932754,2.94948996106,3.12534366417,0,100,3.03786952575,3.03493888451,2.95043151271,3.12455054647,0,100,0.00147278896654,0.00174941569695,-0.0486942345987,0.0439807626205,0.46,100,0.00164012924142,0.00214544994339,-0.0466386860977,0.0422392423752,0.46,100,1,1,1,1,0,100,1,1,1,1,0,100,0.996465863454,1,0.971887550201,1,0
puzzle-9,within,70,local,sm_mle,100,249,249,100,100,0,0,0,100,3.03986870225,3.035744224,2.95604798607,3.13273760155,0,100,3.04261038517,3.04003289205,2.95749188204,3.13523874376,0,100,0.00534432563357,0.0085405165462,-0.0394749770095,0.0406304056374,0.39,100,0.0063034685978,0.0109248240313,-0.0367359920485,0.0423141229572,0.38,100,1,1,1,1,0,100,1,1,1,1,0,100,0.996465863454,1,0.971887550201,1,0
puzzle-9,within,70,local,sm_sharp,100,249,249,0,0,0,0,100,0,,,,,,0,,,,,,0,,,,,,0,,,,,,100,0,0,0,0,0,100,0,0,0,0,0,100,0,0,0,0,0
puzzle-9,within,70,matched_pool,pl,100,249,249,100,100,0,0,0,100,3.15361975355,3.15783309307,3.06368388763,3.23767481704,0,100,3.15615062804,3.15881320816,3.06618600418,3.23926814845,0,0,,,,,,0,,,,,,100,1,1,1,1,0,100,1,1,1,1,0,100,0,0,0,0,0
puzzle-9,within,70,matched_pool,sm_efficient,100,249,249,0,0,0,0,100,0,,,,,,0,,,,,,0,,,,,,0,,,,,,100,0,0,0,0,0,100,0,0,0,0,0,100,0,0,0,0,0
puzzle-9,within,70,matched_pool,sm_fotakis,100,249,249,100,100,0,0,0,100,3.13238925875,3.13659765592,3.04807162601,3.21471379309,0,100,3.13486591838,3.14001526317,3.05008795318,3.21800247209,0,100,-0.0212304948001,-0.020137133693,-0.0690477418323,0.0227580630646,0.76,100,-0.0212847096533,-0.0219391598278,-0.072257492355,0.0223625747241,0.76,100,1,1,1,1,0,100,1,1,1,1,0,100,1,1,1,1,0
puzzle-9,within,70,matched_pool,sm_mle,100,249,249,100,100,0,0,0,100,3.15404106709,3.15716670708,3.06826047961,3.24467051374,0,100,3.15610047264,3.15918100901,3.07200826176,3.24620301114,0,100,0.000421313538833,0.000639916912091,-0.0435123149089,0.0491700885556,0.48,100,-5.01553949698e-05,-0.000370759037342,-0.0450338671708,0.0477894958573,0.51,100,1,1,1,1,0,100,1,1,1,1,0,100,1,1,1,1,0
puzzle-9,within,70,matched_pool,sm_sharp,100,249,249,0,0,0,0,100,0,,,,,,0,,,,,,0,,,,,,0,,,,,,100,0,0,0,0,0,100,0,0,0,0,0,100,0,0,0,0,0
puzzle-9,within,70,pooled,pl,100,249,249,100,100,0,0,0,100,3.02940071908,3.03131578944,2.98255831702,3.08588340734,0,100,3.03143982168,3.03394818572,2.98376980132,3.08542697842,0,0,,,,,,0,,,,,,100,1,1,1,1,0,100,1,1,1,1,0,100,0,0,0,0,0
puzzle-9,within,70,pooled,sm_efficient,100,249,249,0,0,0,0,100,0,,,,,,0,,,,,,0,,,,,,0,,,,,,100,0,0,0,0,0,100,0,0,0,0,0,100,0,0,0,0,0
puzzle-9,within,70,pooled,sm_fotakis,100,249,249,100,100,0,0,0,100,3.01997638688,3.02071289336,2.97026763875,3.08189846767,0,100,3.0221730083,3.02283032557,2.97215257997,3.08248213221,0,100,-0.00942433219816,-0.0097407959767,-0.0278908178762,0.00665286310331,0.8,100,-0.00926681337906,-0.00963642331296,-0.0286515355568,0.00659203158733,0.81,100,1,1,1,1,0,100,1,1,1,1,0,100,1,1,1,1,0
puzzle-9,within,70,pooled,sm_mle,100,249,249,100,100,0,0,0,100,3.01997638688,3.02071289336,2.97026763875,3.08189846767,0,100,3.0221730083,3.02283032557,2.97215257997,3.08248213221,0,100,-0.00942433219816,-0.0097407959767,-0.0278908178762,0.00665286310331,0.8,100,-0.00926681337906,-0.00963642331296,-0.0286515355568,0.00659203158733,0.81,100,1,1,1,1,0,100,1,1,1,1,0,100,1,1,1,1,0
puzzle-9,within,70,pooled,sm_sharp,100,249,249,0,0,0,0,100,0,,,,,,0,,,,,,0,,,,,,0,,,,,,100,0,0,0,0,0,100,0,0,0,0,0,100,0,0,0,0,0
puzzle-9,within,80,local,pl,20,169,169,19,19,0,0,1,20,2.99995513534,3.00954246327,2.91787898424,3.06614174371,0,20,3.00361799665,3.00333314126,2.91992223895,3.07761341981,0,0,,,,,,0,,,,,,20,0.998520710059,1,0.998520710059,1,0,20,0.998520710059,1,0.998520710059,1,0,20,0,0,0,0,0
puzzle-9,within,80,local,sm_efficient,20,169,169,0,0,0,0,20,0,,,,,,0,,,,,,0,,,,,,0,,,,,,20,0,0,0,0,0,20,0,0,0,0,0,20,0,0,0,0,0
puzzle-9,within,80,local,sm_fotakis,20,169,169,20,20,0,0,0,20,3.01022741591,3.01838719815,2.90747854774,3.07624731435,0,20,3.01393150779,3.02262505585,2.91553641945,3.08129139131,0,20,0.00962362807096,0.00176822185154,-0.0255907408,0.0781181320556,0.45,20,0.00976196723066,-0.000418638121384,-0.0263885013054,0.0743252717999,0.5,20,1,1,1,1,0,20,1,1,1,1,0,20,0.998520710059,1,0.998520710059,1,0
puzzle-9,within,80,local,sm_mle,20,169,169,20,20,0,0,0,20,3.01347030125,3.01903738688,2.92228474894,3.09562204004,0,20,3.0178431933,3.02061635544,2.92989271925,3.10042778239,0,20,0.0128492110878,0.00403972325307,-0.0224240620178,0.0735520278727,0.4,20,0.0136626745672,0.00491520590009,-0.0242115369056,0.0694324209446,0.35,20,1,1,1,1,0,20,1,1,1,1,0,20,0.998520710059,1,0.998520710059,1,0
puzzle-9,within,80,local,sm_sharp,20,169,169,0,0,0,0,20,0,,,,,,0,,,,,,0,,,,,,0,,,,,,20,0,0,0,0,0,20,0,0,0,0,0,20,0,0,0,0,0
puzzle-9,within,80,matched_pool,pl,20,169,169,20,20,0,0,0,20,3.13422338677,3.12561070658,3.06452111459,3.21614826167,0,20,3.137513385,3.13025279467,3.06656808584,3.2259362806,0,0,,,,,,0,,,,,,20,1,1,1,1,0,20,1,1,1,1,0,20,0,0,0,0,0
puzzle-9,within,80,matched_pool,sm_efficient,20,169,169,0,0,0,0,20,0,,,,,,0,,,,,,0,,,,,,0,,,,,,20,0,0,0,0,0,20,0,0,0,0,0,20,0,0,0,0,0
puzzle-9,within,80,matched_pool,sm_fotakis,20,169,169,20,20,0,0,0,20,3.11052169714,3.1020451461,3.03067716949,3.2099725189,0,20,3.11295644387,3.1055846142,3.03040397088,3.20620430178,0,20,-0.0237016896263,-0.0195432769931,-0.0783518367504,0.0256281504174,0.8,20,-0.0245569411258,-0.0173020766882,-0.0837838129155,0.0246296702434,0.75,20,1,1,1,1,0,20,1,1,1,1,0,20,1,1,1,1,0
puzzle-9,within,80,matched_pool,sm_mle,20,169,169,20,20,0,0,0,20,3.12965023441,3.1296810393,3.04478887938,3.21401541922,0,20,3.13102899563,3.13374416453,3.04266209114,3.21369903761,0,20,-0.00457315235519,-0.0067465475228,-0.0745616886787,0.0560036100019,0.55,20,-0.00648438937359,-0.00410412501319,-0.0757850088299,0.0561681065488,0.6,20,1,1,1,1,0,20,1,1,1,1,0,20,1,1,1,1,0
puzzle-9,within,80,matched_pool,sm_sharp,20,169,169,0,0,0,0,20,0,,,,,,0,,,,,,0,,,,,,0,,,,,,20,0,0,0,0,0,20,0,0,0,0,0,20,0,0,0,0,0
puzzle-9,within,80,pooled,pl,20,169,169,20,20,0,0,0,20,3.02805472565,3.02498769994,2.96738673384,3.09419533804,0,20,3.03101936473,3.02615780589,2.97082836084,3.09477076574,0,0,,,,,,0,,,,,,20,1,1,1,1,0,20,1,1,1,1,0,20,0,0,0,0,0
puzzle-9,within,80,pooled,sm_efficient,20,169,169,0,0,0,0,20,0,,,,,,0,,,,,,0,,,,,,0,,,,,,20,0,0,0,0,0,20,0,0,0,0,0,20,0,0,0,0,0
puzzle-9,within,80,pooled,sm_fotakis,20,169,169,20,20,0,0,0,20,3.01960394142,3.01112752972,2.95002358261,3.09659531095,0,20,3.02252066624,3.01414584847,2.95408913562,3.10360838492,0,20,-0.00845078422978,-0.0084587797414,-0.0296147296317,0.0123178440404,0.75,20,-0.00849869849409,-0.00866561622725,-0.0277225727363,0.0125101471034,0.75,20,1,1,1,1,0,20,1,1,1,1,0,20,1,1,1,1,0
puzzle-9,within,80,pooled,sm_mle,20,169,169,20,20,0,0,0,20,3.01960394142,3.01112752972,2.95002358261,3.09659531095,0,20,3.02252066624,3.01414584847,2.95408913562,3.10360838492,0,20,-0.00845078422978,-0.0084587797414,-0.0296147296317,0.0123178440404,0.75,20,-0.00849869849409,-0.00866561622725,-0.0277225727363,0.0125101471034,0.75,20,1,1,1,1,0,20,1,1,1,1,0,20,1,1,1,1,0
puzzle-9,within,80,pooled,sm_sharp,20,169,169,0,0,0,0,20,0,,,,,,0,,,,,,0,,,,,,0,,,,,,20,0,0,0,0,0,20,0,0,0,0,0,20,0,0,0,0,0
sounds,group_holdout,70,pooled,pl,100,420,420,100,100,0,0,0,100,0.682571389344,0.678267812008,0.651771106133,0.728490611982,0,100,0.682571389344,0.678267812008,0.651771106133,0.728490611982,0,0,,,,,,0,,,,,,100,1,1,1,1,0,100,1,1,1,1,0,100,0,0,0,0,0
sounds,group_holdout,70,pooled,sm_efficient,100,420,420,0,0,0,0,100,0,,,,,,0,,,,,,0,,,,,,0,,,,,,100,0,0,0,0,0,100,0,0,0,0,0,100,0,0,0,0,0
sounds,group_holdout,70,pooled,sm_fotakis,100,420,420,100,100,0,0,0,100,0.688606700755,0.686122051479,0.667199750428,0.720586187441,0,100,0.688606700755,0.686122051479,0.667199750428,0.720586187441,0,100,0.00603531141073,0.00688363214261,-0.0126065651896,0.0231553464235,0.25,100,0.00603531141073,0.00688363214261,-0.0126065651896,0.0231553464235,0.25,100,1,1,1,1,0,100,1,1,1,1,0,100,1,1,1,1,0
sounds,group_holdout,70,pooled,sm_mle,100,420,420,100,100,0,0,0,100,0.691596937052,0.688571415215,0.663923530341,0.725257539882,0,100,0.691596937052,0.688571415215,0.663923530341,0.725257539882,0,100,0.00902554770784,0.00859639913921,-0.00597804602225,0.0274575708108,0.16,100,0.00902554770784,0.00859639913921,-0.00597804602225,0.0274575708108,0.16,100,1,1,1,1,0,100,1,1,1,1,0,100,1,1,1,1,0
sounds,group_holdout,70,pooled,sm_sharp,100,420,420,0,0,0,0,100,0,,,,,,0,,,,,,0,,,,,,0,,,,,,100,0,0,0,0,0,100,0,0,0,0,0,100,0,0,0,0,0
sounds,within,50,local,pl,20,690,690,0,0,0,0,20,0,,,,,,0,,,,,,0,,,,,,0,,,,,,20,0,0,0,0,0,20,0,0,0,0,0,20,0,0,0,0,0
sounds,within,50,local,sm_efficient,20,690,690,0,0,0,20,20,20,0.748725443882,0.763242482967,0.639924990919,0.839122939994,0,20,0.670575343517,0.696442051859,0.556110010037,0.768000571031,0,0,,,,,,0,,,,,,20,0.577173913043,0.576086956522,0.498913043478,0.675,0,20,0.516739130435,0.513768115942,0.431739130435,0.635144927536,0,20,0,0,0,0,0
sounds,within,50,local,sm_fotakis,20,690,690,0,0,0,0,20,0,,,,,,0,,,,,,0,,,,,,0,,,,,,20,0,0,0,0,0,20,0,0,0,0,0,20,0,0,0,0,0
sounds,within,50,local,sm_mle,20,690,690,0,0,0,20,20,20,0.513850000674,0.516015851553,0.277262792697,0.685019430987,0,20,0.369828136518,0.364579528059,0.177942788186,0.489710670265,0,0,,,,,,0,,,,,,20,0.577173913043,0.576086956522,0.498913043478,0.675,0,20,0.412826086957,0.405072463768,0.33615942029,0.491884057971,0,20,0,0,0,0,0
sounds,within,50,local,sm_sharp,20,690,690,0,0,0,0,20,0,,,,,,0,,,,,,0,,,,,,0,,,,,,20,0,0,0,0,0,20,0,0,0,0,0,20,0,0,0,0,0
sounds,within,50,matched_pool,pl,20,690,690,0,0,0,0,20,0,,,,,,0,,,,,,0,,,,,,0,,,,,,20,0,0,0,0,0,20,0,0,0,0,0,20,0,0,0,0,0
sounds,within,50,matched_pool,sm_efficient,20,690,690,0,0,0,16,20,20,0.984797945804,0.991680262436,0.874030225355,1.10791318962,0,20,0.939380431996,0.942383309258,0.791813789123,1.10791318962,0,0,,,,,,0,,,,,,20,0.405434782609,0.413043478261,0.239130434783,0.523913043478,0,20,0.385289855072,0.394927536232,0.238550724638,0.5,0,20,0,0,0,0,0
sounds,within,50,matched_pool,sm_fotakis,20,690,690,0,0,0,0,20,0,,,,,,0,,,,,,0,,,,,,0,,,,,,20,0,0,0,0,0,20,0,0,0,0,0,20,0,0,0,0,0
sounds,within,50,matched_pool,sm_mle,20,690,690,0,0,0,20,20,20,1.01063704356,1.02965301744,0.848338194182,1.14843245988,0,20,0.841167679034,0.838351706709,0.645610971789,0.977861565231,0,0,,,,,,0,,,,,,20,0.405434782609,0.413043478261,0.239130434783,0.523913043478,0,20,0.33615942029,0.342028985507,0.217173913043,0.454347826087,0,20,0,0,0,0,0
sounds,within,50,matched_pool,sm_sharp,20,690,690,0,0,0,0,20,0,,,,,,0,,,,,,0,,,,,,0,,,,,,20,0,0,0,0,0,20,0,0,0,0,0,20,0,0,0,0,0
sounds,within,50,pooled,pl,20,690,690,20,20,0,0,0,20,0.681610966571,0.680961766055,0.672246266229,0.69382861717,0,20,0.681610966571,0.680961766055,0.672246266229,0.69382861717,0,0,,,,,,0,,,,,,20,1,1,1,1,0,20,1,1,1,1,0,20,0,0,0,0,0
sounds,within,50,pooled,sm_efficient,20,690,690,0,0,0,0,20,0,,,,,,0,,,,,,0,,,,,,0,,,,,,20,0,0,0,0,0,20,0,0,0,0,0,20,0,0,0,0,0
sounds,within,50,pooled,sm_fotakis,20,690,690,20,20,0,0,0,20,0.686572729877,0.686203457285,0.678374494902,0.695269000901,0,20,0.686572729877,0.686203457285,0.678374494902,0.695269000901,0,20,0.00496176330622,0.00530388832282,-0.00233049631336,0.0115444370473,0.25,20,0.00496176330622,0.00530388832282,-0.00233049631336,0.0115444370473,0.25,20,1,1,1,1,0,20,1,1,1,1,0,20,1,1,1,1,0
sounds,within,50,pooled,sm_mle,20,690,690,20,20,0,0,0,20,0.694235990161,0.692539786661,0.68180682068,0.712036703842,0,20,0.694235990161,0.692539786661,0.68180682068,0.712036703842,0,20,0.0126250235904,0.0120743930834,0.0038040325643,0.0243022710753,0.05,20,0.0126250235904,0.0120743930834,0.0038040325643,0.0243022710753,0.05,20,1,1,1,1,0,20,1,1,1,1,0,20,1,1,1,1,0
sounds,within,50,pooled,sm_sharp,20,690,690,0,0,0,0,20,0,,,,,,0,,,,,,0,,,,,,0,,,,,,20,0,0,0,0,0,20,0,0,0,0,0,20,0,0,0,0,0
sounds,within,70,local,pl,100,414,414,0,0,0,0,100,26,0.989093724394,0.871372073575,0.53836532262,1.8627247432,0,26,0.989093724394,0.871372073575,0.53836532262,1.8627247432,0,0,,,,,,0,,,,,,100,0.00608695652174,0,0,0.0217391304348,0,100,0.00608695652174,0,0,0.0217391304348,0,100,0,0,0,0,0
sounds,within,70,local,sm_efficient,100,414,414,0,0,0,100,100,100,0.794413231147,0.793330796611,0.718125603039,0.87184164575,0,100,0.769835549508,0.767547099181,0.688434371875,0.846607014601,0,26,-0.177263336659,-0.0405929457408,-0.990787442609,0.0569997357597,0.730769230769,26,-0.177263336659,-0.0405929457408,-0.990787442609,0.0569997357597,0.730769230769,100,0.901304347826,0.913043478261,0.846739130435,0.95652173913,0,100,0.873260869565,0.878019323671,0.801690821256,0.937198067633,0,100,0.00608695652174,0,0,0.0217391304348,0
sounds,within,70,local,sm_fotakis,100,414,414,0,0,0,0,100,0,,,,,,0,,,,,,0,,,,,,0,,,,,,100,0,0,0,0,0,100,0,0,0,0,0,100,0,0,0,0,0
sounds,within,70,local,sm_mle,100,414,414,0,0,0,100,100,100,0.841531713443,0.840038783423,0.725005906065,0.94793395795,0,100,0.727468507901,0.724968839007,0.619565318571,0.833758141864,0,26,0.247925311718,0.221689873419,-0.263480974815,0.785328952145,0.192307692308,26,0.247925311718,0.221689873419,-0.263480974815,0.785328952145,0.192307692308,100,0.901304347826,0.913043478261,0.846739130435,0.95652173913,0,100,0.778550724638,0.778985507246,0.707487922705,0.840579710145,0,100,0.00608695652174,0,0,0.0217391304348,0
sounds,within,70,local,sm_sharp,100,414,414,0,0,0,0,100,0,,,,,,0,,,,,,0,,,,,,0,,,,,,100,0,0,0,0,0,100,0,0,0,0,0,100,0,0,0,0,0
sounds,within,70,matched_pool,pl,100,414,414,0,0,0,0,100,8,0.955649655227,1.04760222833,0.468636937827,1.27384003467,0,8,0.955649655227,1.04760222833,0.468636937827,1.27384003467,0,0,,,,,,0,,,,,,100,0.00195652173913,0,0,0.0217391304348,0,100,0.00195652173913,0,0,0.0217391304348,0,100,0,0,0,0,0
sounds,within,70,matched_pool,sm_efficient,100,414,414,0,0,0,22,100,100,0.930901932927,0.930580773063,0.843425239254,1.01020318695,0,100,0.927875528706,0.929899553856,0.842978070857,1.01020318695,0,8,-0.225160340526,-0.25298462577,-0.572075199687,0.219651057871,0.75,8,-0.225160340526,-0.25298462577,-0.572075199687,0.219651057871,0.75,100,0.763695652174,0.760869565217,0.652173913043,0.847826086957,0,100,0.761183574879,0.760869565217,0.652173913043,0.847826086957,0,100,0.00195652173913,0,0,0.0217391304348,0
sounds,within,70,matched_pool,sm_fotakis,100,414,414,0,0,0,0,100,0,,,,,,0,,,,,,0,,,,,,0,,,,,,100,0,0,0,0,0,100,0,0,0,0,0,100,0,0,0,0,0
sounds,within,70,matched_pool,sm_mle,100,414,414,0,0,0,79,100,100,1.14630112875,1.14516905655,1.02011865575,1.28995330834,0,100,1.11794095127,1.10900038887,0.977008018851,1.28341494428,0,8,0.0813238990473,0.255345205877,-0.445729738938,0.406483385686,0.375,8,0.0813238990473,0.255345205877,-0.445729738938,0.406483385686,0.375,100,0.763695652174,0.760869565217,0.652173913043,0.847826086957,0,100,0.744420289855,0.742753623188,0.642391304348,0.826449275362,0,100,0.00195652173913,0,0,0.0217391304348,0
sounds,within,70,matched_pool,sm_sharp,100,414,414,0,0,0,0,100,0,,,,,,0,,,,,,0,,,,,,0,,,,,,100,0,0,0,0,0,100,0,0,0,0,0,100,0,0,0,0,0
sounds,within,70,pooled,pl,100,414,414,100,100,0,0,0,100,0.676537815156,0.674822206864,0.663808347301,0.691786568769,0,100,0.676537815156,0.674822206864,0.663808347301,0.691786568769,0,0,,,,,,0,,,,,,100,1,1,1,1,0,100,1,1,1,1,0,100,0,0,0,0,0
sounds,within,70,pooled,sm_efficient,100,414,414,0,0,0,0,100,0,,,,,,0,,,,,,0,,,,,,0,,,,,,100,0,0,0,0,0,100,0,0,0,0,0,100,0,0,0,0,0
sounds,within,70,pooled,sm_fotakis,100,414,414,100,100,0,0,0,100,0.683937697815,0.683453042369,0.667941041281,0.69829952435,0,100,0.683937697815,0.683453042369,0.667941041281,0.69829952435,0,100,0.00739988265823,0.0066932196607,-0.00497596505014,0.0191715794497,0.14,100,0.00739988265823,0.0066932196607,-0.00497596505014,0.0191715794497,0.14,100,1,1,1,1,0,100,1,1,1,1,0,100,1,1,1,1,0
sounds,within,70,pooled,sm_mle,100,414,414,100,100,0,0,0,100,0.689912008346,0.688261693637,0.675391794625,0.70618292117,0,100,0.689912008346,0.688261693637,0.675391794625,0.70618292117,0,100,0.0133741931891,0.0137406727857,0.000803422731879,0.0247100366627,0.04,100,0.0133741931891,0.0137406727857,0.000803422731879,0.0247100366627,0.04,100,1,1,1,1,0,100,1,1,1,1,0,100,1,1,1,1,0
sounds,within,70,pooled,sm_sharp,100,414,414,0,0,0,0,100,0,,,,,,0,,,,,,0,,,,,,0,,,,,,100,0,0,0,0,0,100,0,0,0,0,0,100,0,0,0,0,0
sounds,within,80,local,pl,20,276,276,0,0,0,0,20,14,0.904397231205,0.876238873861,0.554451542401,1.39771267613,0,14,0.904397231205,0.876238873861,0.554451542401,1.39771267613,0,0,,,,,,0,,,,,,20,0.025,0.0217391304348,0,0.0663043478261,0,20,0.025,0.0217391304348,0,0.0663043478261,0,20,0,0,0,0,0
sounds,within,80,local,sm_efficient,20,276,276,4,0,4,20,16,20,0.767265512953,0.747445503983,0.686289706273,0.875862042646,0,20,0.751650624014,0.730798039404,0.668734047686,0.863324849936,0,14,-0.19555599142,-0.200124235746,-0.592813323627,0.128765645223,0.857142857143,14,-0.19555599142,-0.200124235746,-0.592813323627,0.128765645223,0.857142857143,20,0.966304347826,0.978260869565,0.913043478261,1,0,20,0.946376811594,0.951086956522,0.884057971014,0.981884057971,0,20,0.025,0.0217391304348,0,0.0663043478261,0
sounds,within,80,local,sm_fotakis,20,276,276,0,0,0,0,20,0,,,,,,0,,,,,,0,,,,,,0,,,,,,20,0,0,0,0,0,20,0,0,0,0,0,20,0,0,0,0,0
sounds,within,80,local,sm_mle,20,276,276,4,0,4,20,16,20,0.872287205803,0.873073803592,0.787008086398,0.941601040947,0,20,0.787007534813,0.786529849337,0.710762178152,0.887745904669,0,14,0.0882824459547,0.127742032042,-0.207088201418,0.374084834737,0.428571428571,14,0.0882824459547,0.127742032042,-0.207088201418,0.374084834737,0.428571428571,20,0.966304347826,0.978260869565,0.913043478261,1,0,20,0.86902173913,0.865942028986,0.836413043478,0.909782608696,0,20,0.025,0.0217391304348,0,0.0663043478261,0
sounds,within,80,local,sm_sharp,20,276,276,0,0,0,0,20,0,,,,,,0,,,,,,0,,,,,,0,,,,,,20,0,0,0,0,0,20,0,0,0,0,0,20,0,0,0,0,0
sounds,within,80,matched_pool,pl,20,276,276,0,0,0,0,20,4,0.80517803996,0.806955487836,0.613106099703,0.994761553192,0,4,0.80517803996,0.806955487836,0.613106099703,0.994761553192,0,0,,,,,,0,,,,,,20,0.0054347826087,0,0,0.0228260869565,0,20,0.0054347826087,0,0,0.0228260869565,0,20,0,0,0,0,0
sounds,within,80,matched_pool,sm_efficient,20,276,276,0,0,0,1,20,20,0.902419233758,0.913646143814,0.827077585386,0.970304516484,0,20,0.902104506113,0.913646143814,0.826762857741,0.970304516484,0,4,-0.0809969616796,-0.0939928523198,-0.265403595634,0.121603919171,0.75,4,-0.0809969616796,-0.0939928523198,-0.265403595634,0.121603919171,0.75,20,0.864130434783,0.869565217391,0.778260869565,0.934782608696,0,20,0.863768115942,0.869565217391,0.778260869565,0.934782608696,0,20,0.0054347826087,0,0,0.0228260869565,0
sounds,within,80,matched_pool,sm_fotakis,20,276,276,0,0,0,0,20,0,,,,,,0,,,,,,0,,,,,,0,,,,,,20,0,0,0,0,0,20,0,0,0,0,0,20,0,0,0,0,0
sounds,within,80,matched_pool,sm_mle,20,276,276,0,0,0,6,20,20,1.13224500629,1.15222323811,1.02641857609,1.20399908049,0,20,1.12871309711,1.14638086788,1.01804701678,1.20399908049,0,4,-0.0887038974329,-0.128340281077,-0.281988540381,0.160071682616,0.75,4,-0.0887038974329,-0.128340281077,-0.281988540381,0.160071682616,0.75,20,0.864130434783,0.869565217391,0.778260869565,0.934782608696,0,20,0.861413043478,0.867753623188,0.778260869565,0.934782608696,0,20,0.0054347826087,0,0,0.0228260869565,0
sounds,within,80,matched_pool,sm_sharp,20,276,276,0,0,0,0,20,0,,,,,,0,,,,,,0,,,,,,0,,,,,,20,0,0,0,0,0,20,0,0,0,0,0,20,0,0,0,0,0
sounds,within,80,pooled,pl,20,276,276,20,20,0,0,0,20,0.676224614458,0.674371594823,0.666036431685,0.689179914969,0,20,0.676224614458,0.674371594823,0.666036431685,0.689179914969,0,0,,,,,,0,,,,,,20,1,1,1,1,0,20,1,1,1,1,0,20,0,0,0,0,0
sounds,within,80,pooled,sm_efficient,20,276,276,0,0,0,0,20,0,,,,,,0,,,,,,0,,,,,,0,,,,,,20,0,0,0,0,0,20,0,0,0,0,0,20,0,0,0,0,0
sounds,within,80,pooled,sm_fotakis,20,276,276,20,20,0,0,0,20,0.686119521549,0.685555745429,0.672742228862,0.697721446746,0,20,0.686119521549,0.685555745429,0.672742228862,0.697721446746,0,20,0.00989490709033,0.0111773715255,-0.00403180261163,0.0200075976739,0.15,20,0.00989490709033,0.0111773715255,-0.00403180261163,0.0200075976739,0.15,20,1,1,1,1,0,20,1,1,1,1,0,20,1,1,1,1,0
sounds,within,80,pooled,sm_mle,20,276,276,20,20,0,0,0,20,0.689615811579,0.689774322633,0.678108355009,0.700060788218,0,20,0.689615811579,0.689774322633,0.678108355009,0.700060788218,0,20,0.0133911971204,0.0132441782256,0.0049699027013,0.0232962100177,0,20,0.0133911971204,0.0132441782256,0.0049699027013,0.0232962100177,0,20,1,1,1,1,0,20,1,1,1,1,0,20,1,1,1,1,0
sounds,within,80,pooled,sm_sharp,20,276,276,0,0,0,0,20,0,,,,,,0,,,,,,0,,,,,,0,,,,,,20,0,0,0,0,0,20,0,0,0,0,0,20,0,0,0,0,0
