item_i,item_j,contexts,gaps,pair_occurrences,mean_win_rate,context_count_min,context_count_median,context_count_max,repeated_context_occurrences,sse_display,sse_gap,sse_same_gap,display_sd,gap_slope,gap_slope_numerator,gap_slope_denominator,h_low,h_high,low_h_count,high_h_count,low_h_win_rate,high_h_win_rate,high_minus_low_rate,status,dataset,reference
9,173,1,1,1,1,1,1,1,0,0,0,0,,,0,0,1,1,1,1,1,1,,one_display_only,atp_2012,full_data
10,150,1,1,1,1,1,1,1,0,0,0,0,,,0,0,1,1,1,1,1,1,,one_display_only,atp_2012,full_data
10,169,1,1,1,1,1,1,1,0,0,0,0,,,0,0,1,1,1,1,1,1,,one_display_only,atp_2012,full_data
12,13,1,1,1,1,1,1,1,0,0,0,0,,,0,0,1,1,1,1,1,1,,one_display_only,atp_2012,full_data
12,15,1,1,2,0.5,2,2,2,2,0,0,0,,,0,0,1,1,2,2,0.5,0.5,,one_display_only,atp_2012,full_data
12,39,1,1,1,1,1,1,1,0,0,0,0,,,0,0,1,1,1,1,1,1,,one_display_only,atp_2012,full_data
12,64,1,1,1,1,1,1,1,0,0,0,0,,,0,0,1,1,1,1,1,1,,one_display_only,atp_2012,full_data
12,68,1,1,1,1,1,1,1,0,0,0,0,,,0,0,1,1,1,1,1,1,,one_display_only,atp_2012,full_data
12,76,1,1,1,1,1,1,1,0,0,0,0,,,0,0,1,1,1,1,1,1,,one_display_only,atp_2012,full_data
12,80,1,1,2,1,2,2,2,2,0,0,0,,,0,0,1,1,2,2,1,1,,one_display_only,atp_2012,full_data
12,91,1,1,1,1,1,1,1,0,0,0,0,,,0,0,1,1,1,1,1,1,,one_display_only,atp_2012,full_data
12,96,1,1,1,0,1,1,1,0,0,0,0,,,0,0,1,1,1,1,0,0,,one_display_only,atp_2012,full_data
12,120,1,1,1,1,1,1,1,0,0,0,0,,,0,0,1,1,1,1,1,1,,one_display_only,atp_2012,full_data
12,132,1,1,1,1,1,1,1,0,0,0,0,,,0,0,1,1,1,1,1,1,,one_display_only,atp_2012,full_data
12,133,1,1,2,0.5,2,2,2,2,0,0,0,,,0,0,1,1,2,2,0.5,0.5,,one_display_only,atp_2012,full_data
12,153,1,1,1,1,1,1,1,0,0,0,0,,,0,0,1,1,1,1,1,1,,one_display_only,atp_2012,full_data
12,162,1,1,2,1,2,2,2,2,0,0,0,,,0,0,1,1,2,2,1,1,,one_display_only,atp_2012,full_data
12,175,1,1,1,1,1,1,1,0,0,0,0,,,0,0,1,1,1,1,1,1,,one_display_only,atp_2012,full_data
12,181,1,1,1,1,1,1,1,0,0,0,0,,,0,0,1,1,1,1,1,1,,one_display_only,atp_2012,full_data
12,188,1,1,1,1,1,1,1,0,0,0,0,,,0,0,1,1,1,1,1,1,,one_display_only,atp_2012,full_data
12,189,1,1,1,1,1,1,1,0,0,0,0,,,0,0,1,1,1,1,1,1,,one_display_only,atp_2012,full_data
12,192,1,1,1,1,1,1,1,0,0,0,0,,,0,0,1,1,1,1,1,1,,one_display_only,atp_2012,full_data
12,200,1,1,1,1,1,1,1,0,0,0,0,,,0,0,1,1,1,1,1,1,,one_display_only,atp_2012,full_data
12,214,1,1,2,0.5,2,2,2,2,0,0,0,,,0,0,1,1,2,2,0.5,0.5,,one_display_only,atp_2012,full_data
12,219,1,1,1,1,1,1,1,0,0,0,0,,,0,0,1,1,1,1,1,1,,one_display_only,atp_2012,full_data
12,235,1,1,1,0,1,1,1,0,0,0,0,,,0,0,1,1,1,1,0,0,,one_display_only,atp_2012,full_data
12,256,1,1,1,1,1,1,1,0,0,0,0,,,0,0,1,1,1,1,1,1,,one_display_only,atp_2012,full_data
12,265,1,1,1,0,1,1,1,0,0,0,0,,,0,0,1,1,1,1,0,0,,one_display_only,atp_2012,full_data
12,282,1,1,1,1,1,1,1,0,0,0,0,,,0,0,1,1,1,1,1,1,,one_display_only,atp_2012,full_data
12,317,1,1,1,0,1,1,1,0,0,0,0,,,0,0,1,1,1,1,0,0,,one_display_only,atp_2012,full_data
12,322,1,1,2,0.5,2,2,2,2,0,0,0,,,0,0,1,1,2,2,0.5,0.5,,one_display_only,atp_2012,full_data
12,324,1,1,1,0,1,1,1,0,0,0,0,,,0,0,1,1,1,1,0,0,,one_display_only,atp_2012,full_data
12,341,1,1,1,1,1,1,1,0,0,0,0,,,0,0,1,1,1,1,1,1,,one_display_only,atp_2012,full_data
12,359,1,1,1,1,1,1,1,0,0,0,0,,,0,0,1,1,1,1,1,1,,one_display_only,atp_2012,full_data
12,405,1,1,1,1,1,1,1,0,0,0,0,,,0,0,1,1,1,1,1,1,,one_display_only,atp_2012,full_data
12,407,1,1,1,0,1,1,1,0,0,0,0,,,0,0,1,1,1,1,0,0,,one_display_only,atp_2012,full_data
13,243,1,1,1,1,1,1,1,0,0,0,0,,,0,0,1,1,1,1,1,1,,one_display_only,atp_2012,full_data
13,282,1,1,1,1,1,1,1,0,0,0,0,,,0,0,1,1,1,1,1,1,,one_display_only,atp_2012,full_data
13,314,1,1,1,1,1,1,1,0,0,0,0,,,0,0,1,1,1,1,1,1,,one_display_only,atp_2012,full_data
13,343,1,1,2,1,2,2,2,2,0,0,0,,,0,0,1,1,2,2,1,1,,one_display_only,atp_2012,full_data
15,20,1,1,1,1,1,1,1,0,0,0,0,,,0,0,1,1,1,1,1,1,,one_display_only,atp_2012,full_data
15,26,1,1,1,1,1,1,1,0,0,0,0,,,0,0,1,1,1,1,1,1,,one_display_only,atp_2012,full_data
15,40,1,1,2,1,2,2,2,2,0,0,0,,,0,0,1,1,2,2,1,1,,one_display_only,atp_2012,full_data
15,53,1,1,1,1,1,1,1,0,0,0,0,,,0,0,1,1,1,1,1,1,,one_display_only,atp_2012,full_data
15,60,1,1,1,1,1,1,1,0,0,0,0,,,0,0,1,1,1,1,1,1,,one_display_only,atp_2012,full_data
15,64,1,1,3,0.333333333333333,3,3,3,3,0,0,0,,,0,0,1,1,3,3,0.333333333333333,0.333333333333333,,one_display_only,atp_2012,full_data
15,100,1,1,1,1,1,1,1,0,0,0,0,,,0,0,1,1,1,1,1,1,,one_display_only,atp_2012,full_data
15,268,1,1,1,1,1,1,1,0,0,0,0,,,0,0,1,1,1,1,1,1,,one_display_only,atp_2012,full_data
15,287,1,1,1,1,1,1,1,0,0,0,0,,,0,0,1,1,1,1,1,1,,one_display_only,atp_2012,full_data
15,295,1,1,1,1,1,1,1,0,0,0,0,,,0,0,1,1,1,1,1,1,,one_display_only,atp_2012,full_data
15,306,1,1,1,0,1,1,1,0,0,0,0,,,0,0,1,1,1,1,0,0,,one_display_only,atp_2012,full_data
15,373,1,1,1,1,1,1,1,0,0,0,0,,,0,0,1,1,1,1,1,1,,one_display_only,atp_2012,full_data
15,407,1,1,1,1,1,1,1,0,0,0,0,,,0,0,1,1,1,1,1,1,,one_display_only,atp_2012,full_data
16,53,1,1,1,1,1,1,1,0,0,0,0,,,0,0,1,1,1,1,1,1,,one_display_only,atp_2012,full_data
16,58,1,1,1,1,1,1,1,0,0,0,0,,,0,0,1,1,1,1,1,1,,one_display_only,atp_2012,full_data
16,92,1,1,2,0.5,2,2,2,2,0,0,0,,,0,0,1,1,2,2,0.5,0.5,,one_display_only,atp_2012,full_data
16,100,1,1,1,0,1,1,1,0,0,0,0,,,0,0,1,1,1,1,0,0,,one_display_only,atp_2012,full_data
16,109,1,1,1,1,1,1,1,0,0,0,0,,,0,0,1,1,1,1,1,1,,one_display_only,atp_2012,full_data
16,114,1,1,1,1,1,1,1,0,0,0,0,,,0,0,1,1,1,1,1,1,,one_display_only,atp_2012,full_data
16,127,1,1,1,0,1,1,1,0,0,0,0,,,0,0,1,1,1,1,0,0,,one_display_only,atp_2012,full_data
16,137,1,1,1,1,1,1,1,0,0,0,0,,,0,0,1,1,1,1,1,1,,one_display_only,atp_2012,full_data
16,157,1,1,1,1,1,1,1,0,0,0,0,,,0,0,1,1,1,1,1,1,,one_display_only,atp_2012,full_data
16,168,1,1,1,0,1,1,1,0,0,0,0,,,0,0,1,1,1,1,0,0,,one_display_only,atp_2012,full_data
16,173,1,1,2,1,2,2,2,2,0,0,0,,,0,0,1,1,2,2,1,1,,one_display_only,atp_2012,full_data
16,188,1,1,2,0.5,2,2,2,2,0,0,0,,,0,0,1,1,2,2,0.5,0.5,,one_display_only,atp_2012,full_data
16,194,1,1,1,1,1,1,1,0,0,0,0,,,0,0,1,1,1,1,1,1,,one_display_only,atp_2012,full_data
16,200,1,1,1,1,1,1,1,0,0,0,0,,,0,0,1,1,1,1,1,1,,one_display_only,atp_2012,full_data
16,247,1,1,1,1,1,1,1,0,0,0,0,,,0,0,1,1,1,1,1,1,,one_display_only,atp_2012,full_data
16,259,1,1,1,1,1,1,1,0,0,0,0,,,0,0,1,1,1,1,1,1,,one_display_only,atp_2012,full_data
17,39,1,1,1,0,1,1,1,0,0,0,0,,,0,0,1,1,1,1,0,0,,one_display_only,atp_2012,full_data
17,54,1,1,1,1,1,1,1,0,0,0,0,,,0,0,1,1,1,1,1,1,,one_display_only,atp_2012,full_data
17,89,1,1,2,1,2,2,2,2,0,0,0,,,0,0,1,1,2,2,1,1,,one_display_only,atp_2012,full_data
19,288,1,1,1,1,1,1,1,0,0,0,0,,,0,0,1,1,1,1,1,1,,one_display_only,atp_2012,full_data
20,13,1,1,1,1,1,1,1,0,0,0,0,,,0,0,1,1,1,1,1,1,,one_display_only,atp_2012,full_data
20,177,1,1,1,1,1,1,1,0,0,0,0,,,0,0,1,1,1,1,1,1,,one_display_only,atp_2012,full_data
20,352,1,1,1,1,1,1,1,0,0,0,0,,,0,0,1,1,1,1,1,1,,one_display_only,atp_2012,full_data
22,238,1,1,1,1,1,1,1,0,0,0,0,,,0,0,1,1,1,1,1,1,,one_display_only,atp_2012,full_data
23,225,1,1,1,1,1,1,1,0,0,0,0,,,0,0,1,1,1,1,1,1,,one_display_only,atp_2012,full_data
26,69,1,1,1,1,1,1,1,0,0,0,0,,,0,0,1,1,1,1,1,1,,one_display_only,atp_2012,full_data
26,202,1,1,1,1,1,1,1,0,0,0,0,,,0,0,1,1,1,1,1,1,,one_display_only,atp_2012,full_data
26,219,1,1,1,0,1,1,1,0,0,0,0,,,0,0,1,1,1,1,0,0,,one_display_only,atp_2012,full_data
26,286,1,1,1,1,1,1,1,0,0,0,0,,,0,0,1,1,1,1,1,1,,one_display_only,atp_2012,full_data
26,295,1,1,1,1,1,1,1,0,0,0,0,,,0,0,1,1,1,1,1,1,,one_display_only,atp_2012,full_data
28,207,1,1,1,0,1,1,1,0,0,0,0,,,0,0,1,1,1,1,0,0,,one_display_only,atp_2012,full_data
28,217,1,1,1,1,1,1,1,0,0,0,0,,,0,0,1,1,1,1,1,1,,one_display_only,atp_2012,full_data
28,239,1,1,1,1,1,1,1,0,0,0,0,,,0,0,1,1,1,1,1,1,,one_display_only,atp_2012,full_data
28,251,1,1,1,1,1,1,1,0,0,0,0,,,0,0,1,1,1,1,1,1,,one_display_only,atp_2012,full_data
28,256,1,1,1,0,1,1,1,0,0,0,0,,,0,0,1,1,1,1,0,0,,one_display_only,atp_2012,full_data
28,290,1,1,1,1,1,1,1,0,0,0,0,,,0,0,1,1,1,1,1,1,,one_display_only,atp_2012,full_data
30,165,1,1,1,1,1,1,1,0,0,0,0,,,0,0,1,1,1,1,1,1,,one_display_only,atp_2012,full_data
34,39,1,1,1,1,1,1,1,0,0,0,0,,,0,0,1,1,1,1,1,1,,one_display_only,atp_2012,full_data
36,69,1,1,1,1,1,1,1,0,0,0,0,,,0,0,1,1,1,1,1,1,,one_display_only,atp_2012,full_data
36,114,1,1,1,1,1,1,1,0,0,0,0,,,0,0,1,1,1,1,1,1,,one_display_only,atp_2012,full_data
36,119,1,1,1,1,1,1,1,0,0,0,0,,,0,0,1,1,1,1,1,1,,one_display_only,atp_2012,full_data
36,187,1,1,1,1,1,1,1,0,0,0,0,,,0,0,1,1,1,1,1,1,,one_display_only,atp_2012,full_data
36,317,1,1,2,1,2,2,2,2,0,0,0,,,0,0,1,1,2,2,1,1,,one_display_only,atp_2012,full_data
39,69,1,1,1,1,1,1,1,0,0,0,0,,,0,0,1,1,1,1,1,1,,one_display_only,atp_2012,full_data
40,73,1,1,1,0,1,1,1,0,0,0,0,,,0,0,1,1,1,1,0,0,,one_display_only,atp_2012,full_data
40,78,1,1,1,1,1,1,1,0,0,0,0,,,0,0,1,1,1,1,1,1,,one_display_only,atp_2012,full_data
40,100,1,1,1,1,1,1,1,0,0,0,0,,,0,0,1,1,1,1,1,1,,one_display_only,atp_2012,full_data
40,102,1,1,1,0,1,1,1,0,0,0,0,,,0,0,1,1,1,1,0,0,,one_display_only,atp_2012,full_data
40,114,1,1,1,1,1,1,1,0,0,0,0,,,0,0,1,1,1,1,1,1,,one_display_only,atp_2012,full_data
40,119,1,1,1,1,1,1,1,0,0,0,0,,,0,0,1,1,1,1,1,1,,one_display_only,atp_2012,full_data
40,127,1,1,1,1,1,1,1,0,0,0,0,,,0,0,1,1,1,1,1,1,,one_display_only,atp_2012,full_data
40,137,1,1,1,1,1,1,1,0,0,0,0,,,0,0,1,1,1,1,1,1,,one_display_only,atp_2012,full_data
40,148,1,1,1,0,1,1,1,0,0,0,0,,,0,0,1,1,1,1,0,0,,one_display_only,atp_2012,full_data
40,167,1,1,1,1,1,1,1,0,0,0,0,,,0,0,1,1,1,1,1,1,,one_display_only,atp_2012,full_data
40,194,1,1,1,1,1,1,1,0,0,0,0,,,0,0,1,1,1,1,1,1,,one_display_only,atp_2012,full_data
40,287,1,1,1,1,1,1,1,0,0,0,0,,,0,0,1,1,1,1,1,1,,one_display_only,atp_2012,full_data
40,317,1,1,1,0,1,1,1,0,0,0,0,,,0,0,1,1,1,1,0,0,,one_display_only,atp_2012,full_data
40,321,1,1,1,0,1,1,1,0,0,0,0,,,0,0,1,1,1,1,0,0,,one_display_only,atp_2012,full_data
41,295,1,1,1,1,1,1,1,0,0,0,0,,,0,0,1,1,1,1,1,1,,one_display_only,atp_2012,full_data
41,304,1,1,1,1,1,1,1,0,0,0,0,,,0,0,1,1,1,1,1,1,,one_display_only,atp_2012,full_data
42,174,1,1,1,1,1,1,1,0,0,0,0,,,0,0,1,1,1,1,1,1,,one_display_only,atp_2012,full_data
42,336,1,1,1,1,1,1,1,0,0,0,0,,,0,0,1,1,1,1,1,1,,one_display_only,atp_2012,full_data
42,352,1,1,1,1,1,1,1,0,0,0,0,,,0,0,1,1,1,1,1,1,,one_display_only,atp_2012,full_data
42,400,1,1,1,1,1,1,1,0,0,0,0,,,0,0,1,1,1,1,1,1,,one_display_only,atp_2012,full_data
45,10,1,1,1,1,1,1,1,0,0,0,0,,,0,0,1,1,1,1,1,1,,one_display_only,atp_2012,full_data
45,62,1,1,1,0,1,1,1,0,0,0,0,,,0,0,1,1,1,1,0,0,,one_display_only,atp_2012,full_data
45,68,1,1,1,0,1,1,1,0,0,0,0,,,0,0,1,1,1,1,0,0,,one_display_only,atp_2012,full_data
45,100,1,1,1,1,1,1,1,0,0,0,0,,,0,0,1,1,1,1,1,1,,one_display_only,atp_2012,full_data
45,140,1,1,1,1,1,1,1,0,0,0,0,,,0,0,1,1,1,1,1,1,,one_display_only,atp_2012,full_data
45,287,1,1,1,1,1,1,1,0,0,0,0,,,0,0,1,1,1,1,1,1,,one_display_only,atp_2012,full_data
45,304,1,1,1,0,1,1,1,0,0,0,0,,,0,0,1,1,1,1,0,0,,one_display_only,atp_2012,full_data
45,329,1,1,1,1,1,1,1,0,0,0,0,,,0,0,1,1,1,1,1,1,,one_display_only,atp_2012,full_data
45,407,1,1,1,1,1,1,1,0,0,0,0,,,0,0,1,1,1,1,1,1,,one_display_only,atp_2012,full_data
46,304,1,1,1,1,1,1,1,0,0,0,0,,,0,0,1,1,1,1,1,1,,one_display_only,atp_2012,full_data
47,46,1,1,1,1,1,1,1,0,0,0,0,,,0,0,1,1,1,1,1,1,,one_display_only,atp_2012,full_data
50,23,1,1,1,1,1,1,1,0,0,0,0,,,0,0,1,1,1,1,1,1,,one_display_only,atp_2012,full_data
50,114,1,1,1,1,1,1,1,0,0,0,0,,,0,0,1,1,1,1,1,1,,one_display_only,atp_2012,full_data
50,219,1,1,1,1,1,1,1,0,0,0,0,,,0,0,1,1,1,1,1,1,,one_display_only,atp_2012,full_data
53,64,1,1,1,1,1,1,1,0,0,0,0,,,0,0,1,1,1,1,1,1,,one_display_only,atp_2012,full_data
53,147,1,1,1,1,1,1,1,0,0,0,0,,,0,0,1,1,1,1,1,1,,one_display_only,atp_2012,full_data
53,163,1,1,1,0,1,1,1,0,0,0,0,,,0,0,1,1,1,1,0,0,,one_display_only,atp_2012,full_data
53,173,1,1,1,1,1,1,1,0,0,0,0,,,0,0,1,1,1,1,1,1,,one_display_only,atp_2012,full_data
53,200,1,1,1,1,1,1,1,0,0,0,0,,,0,0,1,1,1,1,1,1,,one_display_only,atp_2012,full_data
53,219,1,1,1,1,1,1,1,0,0,0,0,,,0,0,1,1,1,1,1,1,,one_display_only,atp_2012,full_data
53,247,1,1,1,0,1,1,1,0,0,0,0,,,0,0,1,1,1,1,0,0,,one_display_only,atp_2012,full_data
53,292,1,1,1,1,1,1,1,0,0,0,0,,,0,0,1,1,1,1,1,1,,one_display_only,atp_2012,full_data
53,364,1,1,1,1,1,1,1,0,0,0,0,,,0,0,1,1,1,1,1,1,,one_display_only,atp_2012,full_data
53,367,1,1,1,1,1,1,1,0,0,0,0,,,0,0,1,1,1,1,1,1,,one_display_only,atp_2012,full_data
53,373,1,1,2,0.5,2,2,2,2,0,0,0,,,0,0,1,1,2,2,0.5,0.5,,one_display_only,atp_2012,full_data
54,219,1,1,1,1,1,1,1,0,0,0,0,,,0,0,1,1,1,1,1,1,,one_display_only,atp_2012,full_data
54,383,1,1,1,1,1,1,1,0,0,0,0,,,0,0,1,1,1,1,1,1,,one_display_only,atp_2012,full_data
58,15,1,1,1,1,1,1,1,0,0,0,0,,,0,0,1,1,1,1,1,1,,one_display_only,atp_2012,full_data
58,39,1,1,2,0,2,2,2,2,0,0,0,,,0,0,1,1,2,2,0,0,,one_display_only,atp_2012,full_data
58,40,1,1,1,1,1,1,1,0,0,0,0,,,0,0,1,1,1,1,1,1,,one_display_only,atp_2012,full_data
58,72,1,1,1,1,1,1,1,0,0,0,0,,,0,0,1,1,1,1,1,1,,one_display_only,atp_2012,full_data
58,73,1,1,2,1,2,2,2,2,0,0,0,,,0,0,1,1,2,2,1,1,,one_display_only,atp_2012,full_data
58,92,1,1,1,1,1,1,1,0,0,0,0,,,0,0,1,1,1,1,1,1,,one_display_only,atp_2012,full_data
58,109,1,1,1,1,1,1,1,0,0,0,0,,,0,0,1,1,1,1,1,1,,one_display_only,atp_2012,full_data
58,114,1,1,1,1,1,1,1,0,0,0,0,,,0,0,1,1,1,1,1,1,,one_display_only,atp_2012,full_data
58,148,1,1,2,0.5,2,2,2,2,0,0,0,,,0,0,1,1,2,2,0.5,0.5,,one_display_only,atp_2012,full_data
58,163,1,1,1,1,1,1,1,0,0,0,0,,,0,0,1,1,1,1,1,1,,one_display_only,atp_2012,full_data
58,202,1,1,1,1,1,1,1,0,0,0,0,,,0,0,1,1,1,1,1,1,,one_display_only,atp_2012,full_data
58,232,1,1,1,1,1,1,1,0,0,0,0,,,0,0,1,1,1,1,1,1,,one_display_only,atp_2012,full_data
58,251,1,1,1,1,1,1,1,0,0,0,0,,,0,0,1,1,1,1,1,1,,one_display_only,atp_2012,full_data
58,286,1,1,1,0,1,1,1,0,0,0,0,,,0,0,1,1,1,1,0,0,,one_display_only,atp_2012,full_data
58,292,1,1,1,0,1,1,1,0,0,0,0,,,0,0,1,1,1,1,0,0,,one_display_only,atp_2012,full_data
58,306,1,1,1,0,1,1,1,0,0,0,0,,,0,0,1,1,1,1,0,0,,one_display_only,atp_2012,full_data
58,370,1,1,1,0,1,1,1,0,0,0,0,,,0,0,1,1,1,1,0,0,,one_display_only,atp_2012,full_data
58,377,1,1,1,1,1,1,1,0,0,0,0,,,0,0,1,1,1,1,1,1,,one_display_only,atp_2012,full_data
59,15,1,1,1,1,1,1,1,0,0,0,0,,,0,0,1,1,1,1,1,1,,one_display_only,atp_2012,full_data
59,16,1,1,2,1,2,2,2,2,0,0,0,,,0,0,1,1,2,2,1,1,,one_display_only,atp_2012,full_data
59,23,1,1,1,1,1,1,1,0,0,0,0,,,0,0,1,1,1,1,1,1,,one_display_only,atp_2012,full_data
59,26,1,1,1,1,1,1,1,0,0,0,0,,,0,0,1,1,1,1,1,1,,one_display_only,atp_2012,full_data
59,35,1,1,1,1,1,1,1,0,0,0,0,,,0,0,1,1,1,1,1,1,,one_display_only,atp_2012,full_data
59,64,1,1,1,1,1,1,1,0,0,0,0,,,0,0,1,1,1,1,1,1,,one_display_only,atp_2012,full_data
59,69,1,1,1,0,1,1,1,0,0,0,0,,,0,0,1,1,1,1,0,0,,one_display_only,atp_2012,full_data
59,78,1,1,1,0,1,1,1,0,0,0,0,,,0,0,1,1,1,1,0,0,,one_display_only,atp_2012,full_data
59,114,1,1,2,0.5,2,2,2,2,0,0,0,,,0,0,1,1,2,2,0.5,0.5,,one_display_only,atp_2012,full_data
59,116,1,1,1,1,1,1,1,0,0,0,0,,,0,0,1,1,1,1,1,1,,one_display_only,atp_2012,full_data
59,132,1,1,1,1,1,1,1,0,0,0,0,,,0,0,1,1,1,1,1,1,,one_display_only,atp_2012,full_data
59,134,1,1,1,0,1,1,1,0,0,0,0,,,0,0,1,1,1,1,0,0,,one_display_only,atp_2012,full_data
59,161,1,1,1,0,1,1,1,0,0,0,0,,,0,0,1,1,1,1,0,0,,one_display_only,atp_2012,full_data
59,172,1,1,1,1,1,1,1,0,0,0,0,,,0,0,1,1,1,1,1,1,,one_display_only,atp_2012,full_data
59,205,1,1,1,1,1,1,1,0,0,0,0,,,0,0,1,1,1,1,1,1,,one_display_only,atp_2012,full_data
59,232,1,1,2,1,2,2,2,2,0,0,0,,,0,0,1,1,2,2,1,1,,one_display_only,atp_2012,full_data
59,241,1,1,1,0,1,1,1,0,0,0,0,,,0,0,1,1,1,1,0,0,,one_display_only,atp_2012,full_data
59,245,1,1,1,1,1,1,1,0,0,0,0,,,0,0,1,1,1,1,1,1,,one_display_only,atp_2012,full_data
59,251,1,1,2,0.5,2,2,2,2,0,0,0,,,0,0,1,1,2,2,0.5,0.5,,one_display_only,atp_2012,full_data
59,274,1,1,1,1,1,1,1,0,0,0,0,,,0,0,1,1,1,1,1,1,,one_display_only,atp_2012,full_data
59,287,1,1,1,1,1,1,1,0,0,0,0,,,0,0,1,1,1,1,1,1,,one_display_only,atp_2012,full_data
59,324,1,1,1,1,1,1,1,0,0,0,0,,,0,0,1,1,1,1,1,1,,one_display_only,atp_2012,full_data
59,349,1,1,1,0,1,1,1,0,0,0,0,,,0,0,1,1,1,1,0,0,,one_display_only,atp_2012,full_data
60,26,1,1,1,1,1,1,1,0,0,0,0,,,0,0,1,1,1,1,1,1,,one_display_only,atp_2012,full_data
60,40,1,1,1,1,1,1,1,0,0,0,0,,,0,0,1,1,1,1,1,1,,one_display_only,atp_2012,full_data
60,50,1,1,1,1,1,1,1,0,0,0,0,,,0,0,1,1,1,1,1,1,,one_display_only,atp_2012,full_data
60,64,1,1,1,0,1,1,1,0,0,0,0,,,0,0,1,1,1,1,0,0,,one_display_only,atp_2012,full_data
60,73,1,1,1,1,1,1,1,0,0,0,0,,,0,0,1,1,1,1,1,1,,one_display_only,atp_2012,full_data
60,92,1,1,1,1,1,1,1,0,0,0,0,,,0,0,1,1,1,1,1,1,,one_display_only,atp_2012,full_data
60,173,1,1,1,1,1,1,1,0,0,0,0,,,0,0,1,1,1,1,1,1,,one_display_only,atp_2012,full_data
60,282,1,1,1,0,1,1,1,0,0,0,0,,,0,0,1,1,1,1,0,0,,one_display_only,atp_2012,full_data
60,306,1,1,1,1,1,1,1,0,0,0,0,,,0,0,1,1,1,1,1,1,,one_display_only,atp_2012,full_data
60,348,1,1,1,1,1,1,1,0,0,0,0,,,0,0,1,1,1,1,1,1,,one_display_only,atp_2012,full_data
62,112,1,1,1,1,1,1,1,0,0,0,0,,,0,0,1,1,1,1,1,1,,one_display_only,atp_2012,full_data
62,360,1,1,1,1,1,1,1,0,0,0,0,,,0,0,1,1,1,1,1,1,,one_display_only,atp_2012,full_data
63,150,1,1,1,1,1,1,1,0,0,0,0,,,0,0,1,1,1,1,1,1,,one_display_only,atp_2012,full_data
64,94,1,1,1,1,1,1,1,0,0,0,0,,,0,0,1,1,1,1,1,1,,one_display_only,atp_2012,full_data
64,100,1,1,1,1,1,1,1,0,0,0,0,,,0,0,1,1,1,1,1,1,,one_display_only,atp_2012,full_data
64,114,1,1,1,0,1,1,1,0,0,0,0,,,0,0,1,1,1,1,0,0,,one_display_only,atp_2012,full_data
64,148,1,1,1,1,1,1,1,0,0,0,0,,,0,0,1,1,1,1,1,1,,one_display_only,atp_2012,full_data
64,169,1,1,1,1,1,1,1,0,0,0,0,,,0,0,1,1,1,1,1,1,,one_display_only,atp_2012,full_data
64,219,1,1,1,1,1,1,1,0,0,0,0,,,0,0,1,1,1,1,1,1,,one_display_only,atp_2012,full_data
64,282,1,1,1,1,1,1,1,0,0,0,0,,,0,0,1,1,1,1,1,1,,one_display_only,atp_2012,full_data
64,300,1,1,1,1,1,1,1,0,0,0,0,,,0,0,1,1,1,1,1,1,,one_display_only,atp_2012,full_data
64,327,1,1,1,1,1,1,1,0,0,0,0,,,0,0,1,1,1,1,1,1,,one_display_only,atp_2012,full_data
64,393,1,1,1,1,1,1,1,0,0,0,0,,,0,0,1,1,1,1,1,1,,one_display_only,atp_2012,full_data
65,12,1,1,1,0,1,1,1,0,0,0,0,,,0,0,1,1,1,1,0,0,,one_display_only,atp_2012,full_data
65,16,1,1,1,1,1,1,1,0,0,0,0,,,0,0,1,1,1,1,1,1,,one_display_only,atp_2012,full_data
65,23,1,1,1,1,1,1,1,0,0,0,0,,,0,0,1,1,1,1,1,1,,one_display_only,atp_2012,full_data
65,28,1,1,1,1,1,1,1,0,0,0,0,,,0,0,1,1,1,1,1,1,,one_display_only,atp_2012,full_data
65,36,1,1,1,1,1,1,1,0,0,0,0,,,0,0,1,1,1,1,1,1,,one_display_only,atp_2012,full_data
65,40,1,1,1,1,1,1,1,0,0,0,0,,,0,0,1,1,1,1,1,1,,one_display_only,atp_2012,full_data
65,59,1,1,2,1,2,2,2,2,0,0,0,,,0,0,1,1,2,2,1,1,,one_display_only,atp_2012,full_data
65,60,1,1,1,1,1,1,1,0,0,0,0,,,0,0,1,1,1,1,1,1,,one_display_only,atp_2012,full_data
65,64,1,1,1,1,1,1,1,0,0,0,0,,,0,0,1,1,1,1,1,1,,one_display_only,atp_2012,full_data
65,72,1,1,1,1,1,1,1,0,0,0,0,,,0,0,1,1,1,1,1,1,,one_display_only,atp_2012,full_data
65,76,1,1,1,1,1,1,1,0,0,0,0,,,0,0,1,1,1,1,1,1,,one_display_only,atp_2012,full_data
65,79,1,1,2,1,2,2,2,2,0,0,0,,,0,0,1,1,2,2,1,1,,one_display_only,atp_2012,full_data
65,82,1,1,2,1,2,2,2,2,0,0,0,,,0,0,1,1,2,2,1,1,,one_display_only,atp_2012,full_data
65,88,1,1,2,1,2,2,2,2,0,0,0,,,0,0,1,1,2,2,1,1,,one_display_only,atp_2012,full_data
65,96,1,1,3,1,3,3,3,3,0,0,0,,,0,0,1,1,3,3,1,1,,one_display_only,atp_2012,full_data
65,101,1,1,1,0,1,1,1,0,0,0,0,,,0,0,1,1,1,1,0,0,,one_display_only,atp_2012,full_data
65,109,1,1,1,1,1,1,1,0,0,0,0,,,0,0,1,1,1,1,1,1,,one_display_only,atp_2012,full_data
65,114,1,1,1,1,1,1,1,0,0,0,0,,,0,0,1,1,1,1,1,1,,one_display_only,atp_2012,full_data
65,127,1,1,1,1,1,1,1,0,0,0,0,,,0,0,1,1,1,1,1,1,,one_display_only,atp_2012,full_data
65,132,1,1,1,1,1,1,1,0,0,0,0,,,0,0,1,1,1,1,1,1,,one_display_only,atp_2012,full_data
65,135,1,1,1,1,1,1,1,0,0,0,0,,,0,0,1,1,1,1,1,1,,one_display_only,atp_2012,full_data
65,136,1,1,1,1,1,1,1,0,0,0,0,,,0,0,1,1,1,1,1,1,,one_display_only,atp_2012,full_data
65,144,1,1,2,1,2,2,2,2,0,0,0,,,0,0,1,1,2,2,1,1,,one_display_only,atp_2012,full_data
65,153,1,1,2,1,2,2,2,2,0,0,0,,,0,0,1,1,2,2,1,1,,one_display_only,atp_2012,full_data
65,167,1,1,1,1,1,1,1,0,0,0,0,,,0,0,1,1,1,1,1,1,,one_display_only,atp_2012,full_data
65,172,1,1,2,1,2,2,2,2,0,0,0,,,0,0,1,1,2,2,1,1,,one_display_only,atp_2012,full_data
65,176,1,1,3,0.666666666666667,3,3,3,3,0,0,0,,,0,0,1,1,3,3,0.666666666666667,0.666666666666667,,one_display_only,atp_2012,full_data
65,192,1,1,2,0.5,2,2,2,2,0,0,0,,,0,0,1,1,2,2,0.5,0.5,,one_display_only,atp_2012,full_data
65,195,1,1,1,1,1,1,1,0,0,0,0,,,0,0,1,1,1,1,1,1,,one_display_only,atp_2012,full_data
65,219,1,1,1,1,1,1,1,0,0,0,0,,,0,0,1,1,1,1,1,1,,one_display_only,atp_2012,full_data
65,223,1,1,1,1,1,1,1,0,0,0,0,,,0,0,1,1,1,1,1,1,,one_display_only,atp_2012,full_data
65,232,1,1,1,1,1,1,1,0,0,0,0,,,0,0,1,1,1,1,1,1,,one_display_only,atp_2012,full_data
65,235,1,1,1,1,1,1,1,0,0,0,0,,,0,0,1,1,1,1,1,1,,one_display_only,atp_2012,full_data
65,251,1,1,1,1,1,1,1,0,0,0,0,,,0,0,1,1,1,1,1,1,,one_display_only,atp_2012,full_data
65,255,1,1,5,0.6,5,5,5,5,0,0,0,,,0,0,1,1,5,5,0.6,0.6,,one_display_only,atp_2012,full_data
65,258,1,1,1,1,1,1,1,0,0,0,0,,,0,0,1,1,1,1,1,1,,one_display_only,atp_2012,full_data
65,291,1,1,2,1,2,2,2,2,0,0,0,,,0,0,1,1,2,2,1,1,,one_display_only,atp_2012,full_data
65,295,1,1,1,1,1,1,1,0,0,0,0,,,0,0,1,1,1,1,1,1,,one_display_only,atp_2012,full_data
65,319,1,1,1,1,1,1,1,0,0,0,0,,,0,0,1,1,1,1,1,1,,one_display_only,atp_2012,full_data
65,320,1,1,8,0.75,8,8,8,8,0,0,0,,,0,0,1,1,8,8,0.75,0.75,,one_display_only,atp_2012,full_data
65,322,1,1,1,1,1,1,1,0,0,0,0,,,0,0,1,1,1,1,1,1,,one_display_only,atp_2012,full_data
65,335,1,1,1,1,1,1,1,0,0,0,0,,,0,0,1,1,1,1,1,1,,one_display_only,atp_2012,full_data
65,343,1,1,1,1,1,1,1,0,0,0,0,,,0,0,1,1,1,1,1,1,,one_display_only,atp_2012,full_data
65,377,1,1,1,1,1,1,1,0,0,0,0,,,0,0,1,1,1,1,1,1,,one_display_only,atp_2012,full_data
65,379,1,1,3,1,3,3,3,3,0,0,0,,,0,0,1,1,3,3,1,1,,one_display_only,atp_2012,full_data
65,401,1,1,1,1,1,1,1,0,0,0,0,,,0,0,1,1,1,1,1,1,,one_display_only,atp_2012,full_data
65,405,1,1,1,1,1,1,1,0,0,0,0,,,0,0,1,1,1,1,1,1,,one_display_only,atp_2012,full_data
65,407,1,1,2,1,2,2,2,2,0,0,0,,,0,0,1,1,2,2,1,1,,one_display_only,atp_2012,full_data
66,315,1,1,1,1,1,1,1,0,0,0,0,,,0,0,1,1,1,1,1,1,,one_display_only,atp_2012,full_data
67,62,1,1,1,1,1,1,1,0,0,0,0,,,0,0,1,1,1,1,1,1,,one_display_only,atp_2012,full_data
68,10,1,1,1,1,1,1,1,0,0,0,0,,,0,0,1,1,1,1,1,1,,one_display_only,atp_2012,full_data
68,50,1,1,1,1,1,1,1,0,0,0,0,,,0,0,1,1,1,1,1,1,,one_display_only,atp_2012,full_data
68,114,1,1,1,0,1,1,1,0,0,0,0,,,0,0,1,1,1,1,0,0,,one_display_only,atp_2012,full_data
68,159,1,1,1,1,1,1,1,0,0,0,0,,,0,0,1,1,1,1,1,1,,one_display_only,atp_2012,full_data
68,295,1,1,1,1,1,1,1,0,0,0,0,,,0,0,1,1,1,1,1,1,,one_display_only,atp_2012,full_data
68,360,1,1,2,1,2,2,2,2,0,0,0,,,0,0,1,1,2,2,1,1,,one_display_only,atp_2012,full_data
69,177,1,1,1,1,1,1,1,0,0,0,0,,,0,0,1,1,1,1,1,1,,one_display_only,atp_2012,full_data
72,64,1,1,2,0.5,2,2,2,2,0,0,0,,,0,0,1,1,2,2,0.5,0.5,,one_display_only,atp_2012,full_data
72,73,1,1,1,1,1,1,1,0,0,0,0,,,0,0,1,1,1,1,1,1,,one_display_only,atp_2012,full_data
72,78,1,1,1,1,1,1,1,0,0,0,0,,,0,0,1,1,1,1,1,1,,one_display_only,atp_2012,full_data
72,82,1,1,1,1,1,1,1,0,0,0,0,,,0,0,1,1,1,1,1,1,,one_display_only,atp_2012,full_data
72,106,1,1,1,1,1,1,1,0,0,0,0,,,0,0,1,1,1,1,1,1,,one_display_only,atp_2012,full_data
72,124,1,1,1,1,1,1,1,0,0,0,0,,,0,0,1,1,1,1,1,1,,one_display_only,atp_2012,full_data
72,127,1,1,1,1,1,1,1,0,0,0,0,,,0,0,1,1,1,1,1,1,,one_display_only,atp_2012,full_data
72,134,1,1,2,1,2,2,2,2,0,0,0,,,0,0,1,1,2,2,1,1,,one_display_only,atp_2012,full_data
72,135,1,1,1,1,1,1,1,0,0,0,0,,,0,0,1,1,1,1,1,1,,one_display_only,atp_2012,full_data
72,167,1,1,1,1,1,1,1,0,0,0,0,,,0,0,1,1,1,1,1,1,,one_display_only,atp_2012,full_data
72,200,1,1,2,0.5,2,2,2,2,0,0,0,,,0,0,1,1,2,2,0.5,0.5,,one_display_only,atp_2012,full_data
72,202,1,1,1,1,1,1,1,0,0,0,0,,,0,0,1,1,1,1,1,1,,one_display_only,atp_2012,full_data
72,251,1,1,1,1,1,1,1,0,0,0,0,,,0,0,1,1,1,1,1,1,,one_display_only,atp_2012,full_data
72,256,1,1,1,1,1,1,1,0,0,0,0,,,0,0,1,1,1,1,1,1,,one_display_only,atp_2012,full_data
72,286,1,1,1,1,1,1,1,0,0,0,0,,,0,0,1,1,1,1,1,1,,one_display_only,atp_2012,full_data
72,295,1,1,2,0,2,2,2,2,0,0,0,,,0,0,1,1,2,2,0,0,,one_display_only,atp_2012,full_data
72,343,1,1,1,1,1,1,1,0,0,0,0,,,0,0,1,1,1,1,1,1,,one_display_only,atp_2012,full_data
72,401,1,1,1,1,1,1,1,0,0,0,0,,,0,0,1,1,1,1,1,1,,one_display_only,atp_2012,full_data
72,407,1,1,1,1,1,1,1,0,0,0,0,,,0,0,1,1,1,1,1,1,,one_display_only,atp_2012,full_data
73,249,1,1,1,1,1,1,1,0,0,0,0,,,0,0,1,1,1,1,1,1,,one_display_only,atp_2012,full_data
73,282,1,1,1,1,1,1,1,0,0,0,0,,,0,0,1,1,1,1,1,1,,one_display_only,atp_2012,full_data
74,187,1,1,1,1,1,1,1,0,0,0,0,,,0,0,1,1,1,1,1,1,,one_display_only,atp_2012,full_data
76,10,1,1,1,1,1,1,1,0,0,0,0,,,0,0,1,1,1,1,1,1,,one_display_only,atp_2012,full_data
76,13,1,1,1,0,1,1,1,0,0,0,0,,,0,0,1,1,1,1,0,0,,one_display_only,atp_2012,full_data
76,15,1,1,1,1,1,1,1,0,0,0,0,,,0,0,1,1,1,1,1,1,,one_display_only,atp_2012,full_data
76,23,1,1,1,1,1,1,1,0,0,0,0,,,0,0,1,1,1,1,1,1,,one_display_only,atp_2012,full_data
76,40,1,1,1,1,1,1,1,0,0,0,0,,,0,0,1,1,1,1,1,1,,one_display_only,atp_2012,full_data
76,59,1,1,1,1,1,1,1,0,0,0,0,,,0,0,1,1,1,1,1,1,,one_display_only,atp_2012,full_data
76,72,1,1,1,1,1,1,1,0,0,0,0,,,0,0,1,1,1,1,1,1,,one_display_only,atp_2012,full_data
76,96,1,1,1,0,1,1,1,0,0,0,0,,,0,0,1,1,1,1,0,0,,one_display_only,atp_2012,full_data
76,109,1,1,1,1,1,1,1,0,0,0,0,,,0,0,1,1,1,1,1,1,,one_display_only,atp_2012,full_data
76,116,1,1,1,1,1,1,1,0,0,0,0,,,0,0,1,1,1,1,1,1,,one_display_only,atp_2012,full_data
76,135,1,1,1,0,1,1,1,0,0,0,0,,,0,0,1,1,1,1,0,0,,one_display_only,atp_2012,full_data
76,157,1,1,1,1,1,1,1,0,0,0,0,,,0,0,1,1,1,1,1,1,,one_display_only,atp_2012,full_data
76,158,1,1,1,1,1,1,1,0,0,0,0,,,0,0,1,1,1,1,1,1,,one_display_only,atp_2012,full_data
76,162,1,1,1,1,1,1,1,0,0,0,0,,,0,0,1,1,1,1,1,1,,one_display_only,atp_2012,full_data
76,172,1,1,1,1,1,1,1,0,0,0,0,,,0,0,1,1,1,1,1,1,,one_display_only,atp_2012,full_data
76,189,1,1,1,1,1,1,1,0,0,0,0,,,0,0,1,1,1,1,1,1,,one_display_only,atp_2012,full_data
76,205,1,1,1,1,1,1,1,0,0,0,0,,,0,0,1,1,1,1,1,1,,one_display_only,atp_2012,full_data
76,217,1,1,1,1,1,1,1,0,0,0,0,,,0,0,1,1,1,1,1,1,,one_display_only,atp_2012,full_data
76,244,1,1,1,1,1,1,1,0,0,0,0,,,0,0,1,1,1,1,1,1,,one_display_only,atp_2012,full_data
76,287,1,1,2,0.5,2,2,2,2,0,0,0,,,0,0,1,1,2,2,0.5,0.5,,one_display_only,atp_2012,full_data
76,363,1,1,1,1,1,1,1,0,0,0,0,,,0,0,1,1,1,1,1,1,,one_display_only,atp_2012,full_data
76,377,1,1,1,1,1,1,1,0,0,0,0,,,0,0,1,1,1,1,1,1,,one_display_only,atp_2012,full_data
78,283,1,1,1,1,1,1,1,0,0,0,0,,,0,0,1,1,1,1,1,1,,one_display_only,atp_2012,full_data
78,364,1,1,1,1,1,1,1,0,0,0,0,,,0,0,1,1,1,1,1,1,,one_display_only,atp_2012,full_data
78,370,1,1,1,1,1,1,1,0,0,0,0,,,0,0,1,1,1,1,1,1,,one_display_only,atp_2012,full_data
79,13,1,1,1,1,1,1,1,0,0,0,0,,,0,0,1,1,1,1,1,1,,one_display_only,atp_2012,full_data
79,50,1,1,1,1,1,1,1,0,0,0,0,,,0,0,1,1,1,1,1,1,,one_display_only,atp_2012,full_data
79,58,1,1,1,1,1,1,1,0,0,0,0,,,0,0,1,1,1,1,1,1,,one_display_only,atp_2012,full_data
79,60,1,1,1,1,1,1,1,0,0,0,0,,,0,0,1,1,1,1,1,1,,one_display_only,atp_2012,full_data
79,64,1,1,1,0,1,1,1,0,0,0,0,,,0,0,1,1,1,1,0,0,,one_display_only,atp_2012,full_data
79,72,1,1,1,1,1,1,1,0,0,0,0,,,0,0,1,1,1,1,1,1,,one_display_only,atp_2012,full_data
79,89,1,1,1,1,1,1,1,0,0,0,0,,,0,0,1,1,1,1,1,1,,one_display_only,atp_2012,full_data
79,92,1,1,1,0,1,1,1,0,0,0,0,,,0,0,1,1,1,1,0,0,,one_display_only,atp_2012,full_data
79,96,1,1,1,1,1,1,1,0,0,0,0,,,0,0,1,1,1,1,1,1,,one_display_only,atp_2012,full_data
79,106,1,1,1,1,1,1,1,0,0,0,0,,,0,0,1,1,1,1,1,1,,one_display_only,atp_2012,full_data
79,109,1,1,1,1,1,1,1,0,0,0,0,,,0,0,1,1,1,1,1,1,,one_display_only,atp_2012,full_data
79,114,1,1,1,1,1,1,1,0,0,0,0,,,0,0,1,1,1,1,1,1,,one_display_only,atp_2012,full_data
79,116,1,1,2,1,2,2,2,2,0,0,0,,,0,0,1,1,2,2,1,1,,one_display_only,atp_2012,full_data
79,127,1,1,1,0,1,1,1,0,0,0,0,,,0,0,1,1,1,1,0,0,,one_display_only,atp_2012,full_data
79,135,1,1,1,1,1,1,1,0,0,0,0,,,0,0,1,1,1,1,1,1,,one_display_only,atp_2012,full_data
79,146,1,1,1,1,1,1,1,0,0,0,0,,,0,0,1,1,1,1,1,1,,one_display_only,atp_2012,full_data
79,148,1,1,1,0,1,1,1,0,0,0,0,,,0,0,1,1,1,1,0,0,,one_display_only,atp_2012,full_data
79,181,1,1,1,1,1,1,1,0,0,0,0,,,0,0,1,1,1,1,1,1,,one_display_only,atp_2012,full_data
79,197,1,1,1,1,1,1,1,0,0,0,0,,,0,0,1,1,1,1,1,1,,one_display_only,atp_2012,full_data
79,207,1,1,1,1,1,1,1,0,0,0,0,,,0,0,1,1,1,1,1,1,,one_display_only,atp_2012,full_data
79,232,1,1,2,0,2,2,2,2,0,0,0,,,0,0,1,1,2,2,0,0,,one_display_only,atp_2012,full_data
79,268,1,1,1,1,1,1,1,0,0,0,0,,,0,0,1,1,1,1,1,1,,one_display_only,atp_2012,full_data
79,274,1,1,1,1,1,1,1,0,0,0,0,,,0,0,1,1,1,1,1,1,,one_display_only,atp_2012,full_data
79,287,1,1,2,0.5,2,2,2,2,0,0,0,,,0,0,1,1,2,2,0.5,0.5,,one_display_only,atp_2012,full_data
79,306,1,1,1,1,1,1,1,0,0,0,0,,,0,0,1,1,1,1,1,1,,one_display_only,atp_2012,full_data
79,383,1,1,1,1,1,1,1,0,0,0,0,,,0,0,1,1,1,1,1,1,,one_display_only,atp_2012,full_data
79,407,1,1,1,0,1,1,1,0,0,0,0,,,0,0,1,1,1,1,0,0,,one_display_only,atp_2012,full_data
80,40,1,1,1,1,1,1,1,0,0,0,0,,,0,0,1,1,1,1,1,1,,one_display_only,atp_2012,full_data
80,62,1,1,1,1,1,1,1,0,0,0,0,,,0,0,1,1,1,1,1,1,,one_display_only,atp_2012,full_data
80,68,1,1,1,0,1,1,1,0,0,0,0,,,0,0,1,1,1,1,0,0,,one_display_only,atp_2012,full_data
80,109,1,1,1,1,1,1,1,0,0,0,0,,,0,0,1,1,1,1,1,1,,one_display_only,atp_2012,full_data
80,132,1,1,1,1,1,1,1,0,0,0,0,,,0,0,1,1,1,1,1,1,,one_display_only,atp_2012,full_data
80,137,1,1,1,1,1,1,1,0,0,0,0,,,0,0,1,1,1,1,1,1,,one_display_only,atp_2012,full_data
80,146,1,1,1,1,1,1,1,0,0,0,0,,,0,0,1,1,1,1,1,1,,one_display_only,atp_2012,full_data
80,162,1,1,1,1,1,1,1,0,0,0,0,,,0,0,1,1,1,1,1,1,,one_display_only,atp_2012,full_data
80,167,1,1,1,0,1,1,1,0,0,0,0,,,0,0,1,1,1,1,0,0,,one_display_only,atp_2012,full_data
80,197,1,1,1,1,1,1,1,0,0,0,0,,,0,0,1,1,1,1,1,1,,one_display_only,atp_2012,full_data
80,251,1,1,1,1,1,1,1,0,0,0,0,,,0,0,1,1,1,1,1,1,,one_display_only,atp_2012,full_data
80,288,1,1,1,0,1,1,1,0,0,0,0,,,0,0,1,1,1,1,0,0,,one_display_only,atp_2012,full_data
80,294,1,1,1,1,1,1,1,0,0,0,0,,,0,0,1,1,1,1,1,1,,one_display_only,atp_2012,full_data
80,295,1,1,1,1,1,1,1,0,0,0,0,,,0,0,1,1,1,1,1,1,,one_display_only,atp_2012,full_data
80,309,1,1,1,1,1,1,1,0,0,0,0,,,0,0,1,1,1,1,1,1,,one_display_only,atp_2012,full_data
80,342,1,1,1,1,1,1,1,0,0,0,0,,,0,0,1,1,1,1,1,1,,one_display_only,atp_2012,full_data
80,364,1,1,1,1,1,1,1,0,0,0,0,,,0,0,1,1,1,1,1,1,,one_display_only,atp_2012,full_data
80,386,1,1,1,1,1,1,1,0,0,0,0,,,0,0,1,1,1,1,1,1,,one_display_only,atp_2012,full_data
82,9,1,1,1,1,1,1,1,0,0,0,0,,,0,0,1,1,1,1,1,1,,one_display_only,atp_2012,full_data
82,15,1,1,1,1,1,1,1,0,0,0,0,,,0,0,1,1,1,1,1,1,,one_display_only,atp_2012,full_data
82,41,1,1,1,1,1,1,1,0,0,0,0,,,0,0,1,1,1,1,1,1,,one_display_only,atp_2012,full_data
82,69,1,1,1,1,1,1,1,0,0,0,0,,,0,0,1,1,1,1,1,1,,one_display_only,atp_2012,full_data
82,78,1,1,2,1,2,2,2,2,0,0,0,,,0,0,1,1,2,2,1,1,,one_display_only,atp_2012,full_data
82,112,1,1,1,1,1,1,1,0,0,0,0,,,0,0,1,1,1,1,1,1,,one_display_only,atp_2012,full_data
82,119,1,1,1,1,1,1,1,0,0,0,0,,,0,0,1,1,1,1,1,1,,one_display_only,atp_2012,full_data
82,132,1,1,1,1,1,1,1,0,0,0,0,,,0,0,1,1,1,1,1,1,,one_display_only,atp_2012,full_data
82,135,1,1,1,0,1,1,1,0,0,0,0,,,0,0,1,1,1,1,0,0,,one_display_only,atp_2012,full_data
82,148,1,1,1,0,1,1,1,0,0,0,0,,,0,0,1,1,1,1,0,0,,one_display_only,atp_2012,full_data
82,269,1,1,1,1,1,1,1,0,0,0,0,,,0,0,1,1,1,1,1,1,,one_display_only,atp_2012,full_data
82,295,1,1,1,1,1,1,1,0,0,0,0,,,0,0,1,1,1,1,1,1,,one_display_only,atp_2012,full_data
82,306,1,1,1,1,1,1,1,0,0,0,0,,,0,0,1,1,1,1,1,1,,one_display_only,atp_2012,full_data
82,364,1,1,1,1,1,1,1,0,0,0,0,,,0,0,1,1,1,1,1,1,,one_display_only,atp_2012,full_data
83,10,1,1,1,1,1,1,1,0,0,0,0,,,0,0,1,1,1,1,1,1,,one_display_only,atp_2012,full_data
83,134,1,1,1,1,1,1,1,0,0,0,0,,,0,0,1,1,1,1,1,1,,one_display_only,atp_2012,full_data
83,383,1,1,1,0,1,1,1,0,0,0,0,,,0,0,1,1,1,1,0,0,,one_display_only,atp_2012,full_data
83,393,1,1,1,1,1,1,1,0,0,0,0,,,0,0,1,1,1,1,1,1,,one_display_only,atp_2012,full_data
88,15,1,1,2,1,2,2,2,2,0,0,0,,,0,0,1,1,2,2,1,1,,one_display_only,atp_2012,full_data
88,20,1,1,1,1,1,1,1,0,0,0,0,,,0,0,1,1,1,1,1,1,,one_display_only,atp_2012,full_data
88,36,1,1,1,1,1,1,1,0,0,0,0,,,0,0,1,1,1,1,1,1,,one_display_only,atp_2012,full_data
88,41,1,1,1,1,1,1,1,0,0,0,0,,,0,0,1,1,1,1,1,1,,one_display_only,atp_2012,full_data
88,45,1,1,1,1,1,1,1,0,0,0,0,,,0,0,1,1,1,1,1,1,,one_display_only,atp_2012,full_data
88,50,1,1,2,1,2,2,2,2,0,0,0,,,0,0,1,1,2,2,1,1,,one_display_only,atp_2012,full_data
88,53,1,1,1,1,1,1,1,0,0,0,0,,,0,0,1,1,1,1,1,1,,one_display_only,atp_2012,full_data
88,58,1,1,1,1,1,1,1,0,0,0,0,,,0,0,1,1,1,1,1,1,,one_display_only,atp_2012,full_data
88,72,1,1,1,1,1,1,1,0,0,0,0,,,0,0,1,1,1,1,1,1,,one_display_only,atp_2012,full_data
88,79,1,1,2,0.5,2,2,2,2,0,0,0,,,0,0,1,1,2,2,0.5,0.5,,one_display_only,atp_2012,full_data
88,80,1,1,1,1,1,1,1,0,0,0,0,,,0,0,1,1,1,1,1,1,,one_display_only,atp_2012,full_data
88,91,1,1,1,1,1,1,1,0,0,0,0,,,0,0,1,1,1,1,1,1,,one_display_only,atp_2012,full_data
88,92,1,1,1,1,1,1,1,0,0,0,0,,,0,0,1,1,1,1,1,1,,one_display_only,atp_2012,full_data
88,96,1,1,1,1,1,1,1,0,0,0,0,,,0,0,1,1,1,1,1,1,,one_display_only,atp_2012,full_data
88,101,1,1,1,1,1,1,1,0,0,0,0,,,0,0,1,1,1,1,1,1,,one_display_only,atp_2012,full_data
88,110,1,1,1,1,1,1,1,0,0,0,0,,,0,0,1,1,1,1,1,1,,one_display_only,atp_2012,full_data
88,114,1,1,1,1,1,1,1,0,0,0,0,,,0,0,1,1,1,1,1,1,,one_display_only,atp_2012,full_data
88,135,1,1,1,1,1,1,1,0,0,0,0,,,0,0,1,1,1,1,1,1,,one_display_only,atp_2012,full_data
88,136,1,1,3,1,3,3,3,3,0,0,0,,,0,0,1,1,3,3,1,1,,one_display_only,atp_2012,full_data
88,148,1,1,1,1,1,1,1,0,0,0,0,,,0,0,1,1,1,1,1,1,,one_display_only,atp_2012,full_data
88,150,1,1,1,1,1,1,1,0,0,0,0,,,0,0,1,1,1,1,1,1,,one_display_only,atp_2012,full_data
88,153,1,1,2,1,2,2,2,2,0,0,0,,,0,0,1,1,2,2,1,1,,one_display_only,atp_2012,full_data
88,161,1,1,1,1,1,1,1,0,0,0,0,,,0,0,1,1,1,1,1,1,,one_display_only,atp_2012,full_data
88,162,1,1,1,1,1,1,1,0,0,0,0,,,0,0,1,1,1,1,1,1,,one_display_only,atp_2012,full_data
88,163,1,1,1,1,1,1,1,0,0,0,0,,,0,0,1,1,1,1,1,1,,one_display_only,atp_2012,full_data
88,172,1,1,2,0.5,2,2,2,2,0,0,0,,,0,0,1,1,2,2,0.5,0.5,,one_display_only,atp_2012,full_data
88,175,1,1,1,1,1,1,1,0,0,0,0,,,0,0,1,1,1,1,1,1,,one_display_only,atp_2012,full_data
88,176,1,1,1,1,1,1,1,0,0,0,0,,,0,0,1,1,1,1,1,1,,one_display_only,atp_2012,full_data
88,184,1,1,1,1,1,1,1,0,0,0,0,,,0,0,1,1,1,1,1,1,,one_display_only,atp_2012,full_data
88,189,1,1,4,1,4,4,4,4,0,0,0,,,0,0,1,1,4,4,1,1,,one_display_only,atp_2012,full_data
88,192,1,1,1,1,1,1,1,0,0,0,0,,,0,0,1,1,1,1,1,1,,one_display_only,atp_2012,full_data
88,194,1,1,1,1,1,1,1,0,0,0,0,,,0,0,1,1,1,1,1,1,,one_display_only,atp_2012,full_data
88,201,1,1,1,1,1,1,1,0,0,0,0,,,0,0,1,1,1,1,1,1,,one_display_only,atp_2012,full_data
88,202,1,1,1,1,1,1,1,0,0,0,0,,,0,0,1,1,1,1,1,1,,one_display_only,atp_2012,full_data
88,214,1,1,2,1,2,2,2,2,0,0,0,,,0,0,1,1,2,2,1,1,,one_display_only,atp_2012,full_data
88,217,1,1,1,1,1,1,1,0,0,0,0,,,0,0,1,1,1,1,1,1,,one_display_only,atp_2012,full_data
88,223,1,1,3,1,3,3,3,3,0,0,0,,,0,0,1,1,3,3,1,1,,one_display_only,atp_2012,full_data
88,232,1,1,1,0,1,1,1,0,0,0,0,,,0,0,1,1,1,1,0,0,,one_display_only,atp_2012,full_data
88,247,1,1,1,1,1,1,1,0,0,0,0,,,0,0,1,1,1,1,1,1,,one_display_only,atp_2012,full_data
88,249,1,1,1,1,1,1,1,0,0,0,0,,,0,0,1,1,1,1,1,1,,one_display_only,atp_2012,full_data
88,255,1,1,2,0.5,2,2,2,2,0,0,0,,,0,0,1,1,2,2,0.5,0.5,,one_display_only,atp_2012,full_data
88,256,1,1,1,1,1,1,1,0,0,0,0,,,0,0,1,1,1,1,1,1,,one_display_only,atp_2012,full_data
88,259,1,1,1,1,1,1,1,0,0,0,0,,,0,0,1,1,1,1,1,1,,one_display_only,atp_2012,full_data
88,268,1,1,1,1,1,1,1,0,0,0,0,,,0,0,1,1,1,1,1,1,,one_display_only,atp_2012,full_data
88,273,1,1,3,1,3,3,3,3,0,0,0,,,0,0,1,1,3,3,1,1,,one_display_only,atp_2012,full_data
88,281,1,1,1,1,1,1,1,0,0,0,0,,,0,0,1,1,1,1,1,1,,one_display_only,atp_2012,full_data
88,286,1,1,1,1,1,1,1,0,0,0,0,,,0,0,1,1,1,1,1,1,,one_display_only,atp_2012,full_data
88,288,1,1,1,1,1,1,1,0,0,0,0,,,0,0,1,1,1,1,1,1,,one_display_only,atp_2012,full_data
88,291,1,1,1,0,1,1,1,0,0,0,0,,,0,0,1,1,1,1,0,0,,one_display_only,atp_2012,full_data
88,295,1,1,1,1,1,1,1,0,0,0,0,,,0,0,1,1,1,1,1,1,,one_display_only,atp_2012,full_data
88,320,1,1,3,1,3,3,3,3,0,0,0,,,0,0,1,1,3,3,1,1,,one_display_only,atp_2012,full_data
88,324,1,1,1,1,1,1,1,0,0,0,0,,,0,0,1,1,1,1,1,1,,one_display_only,atp_2012,full_data
88,335,1,1,2,1,2,2,2,2,0,0,0,,,0,0,1,1,2,2,1,1,,one_display_only,atp_2012,full_data
88,349,1,1,1,0,1,1,1,0,0,0,0,,,0,0,1,1,1,1,0,0,,one_display_only,atp_2012,full_data
88,353,1,1,1,1,1,1,1,0,0,0,0,,,0,0,1,1,1,1,1,1,,one_display_only,atp_2012,full_data
88,364,1,1,1,1,1,1,1,0,0,0,0,,,0,0,1,1,1,1,1,1,,one_display_only,atp_2012,full_data
88,376,1,1,1,1,1,1,1,0,0,0,0,,,0,0,1,1,1,1,1,1,,one_display_only,atp_2012,full_data
88,379,1,1,1,1,1,1,1,0,0,0,0,,,0,0,1,1,1,1,1,1,,one_display_only,atp_2012,full_data
88,386,1,1,2,1,2,2,2,2,0,0,0,,,0,0,1,1,2,2,1,1,,one_display_only,atp_2012,full_data
88,407,1,1,1,1,1,1,1,0,0,0,0,,,0,0,1,1,1,1,1,1,,one_display_only,atp_2012,full_data
91,64,1,1,1,1,1,1,1,0,0,0,0,,,0,0,1,1,1,1,1,1,,one_display_only,atp_2012,full_data
91,114,1,1,1,1,1,1,1,0,0,0,0,,,0,0,1,1,1,1,1,1,,one_display_only,atp_2012,full_data
91,167,1,1,1,1,1,1,1,0,0,0,0,,,0,0,1,1,1,1,1,1,,one_display_only,atp_2012,full_data
91,309,1,1,1,1,1,1,1,0,0,0,0,,,0,0,1,1,1,1,1,1,,one_display_only,atp_2012,full_data
92,54,1,1,1,1,1,1,1,0,0,0,0,,,0,0,1,1,1,1,1,1,,one_display_only,atp_2012,full_data
92,62,1,1,1,1,1,1,1,0,0,0,0,,,0,0,1,1,1,1,1,1,,one_display_only,atp_2012,full_data
92,64,1,1,2,0.5,2,2,2,2,0,0,0,,,0,0,1,1,2,2,0.5,0.5,,one_display_only,atp_2012,full_data
92,89,1,1,1,1,1,1,1,0,0,0,0,,,0,0,1,1,1,1,1,1,,one_display_only,atp_2012,full_data
92,91,1,1,1,1,1,1,1,0,0,0,0,,,0,0,1,1,1,1,1,1,,one_display_only,atp_2012,full_data
92,148,1,1,1,1,1,1,1,0,0,0,0,,,0,0,1,1,1,1,1,1,,one_display_only,atp_2012,full_data
92,163,1,1,2,1,2,2,2,2,0,0,0,,,0,0,1,1,2,2,1,1,,one_display_only,atp_2012,full_data
92,173,1,1,1,1,1,1,1,0,0,0,0,,,0,0,1,1,1,1,1,1,,one_display_only,atp_2012,full_data
92,252,1,1,1,1,1,1,1,0,0,0,0,,,0,0,1,1,1,1,1,1,,one_display_only,atp_2012,full_data
92,282,1,1,2,0.5,2,2,2,2,0,0,0,,,0,0,1,1,2,2,0.5,0.5,,one_display_only,atp_2012,full_data
92,286,1,1,1,1,1,1,1,0,0,0,0,,,0,0,1,1,1,1,1,1,,one_display_only,atp_2012,full_data
92,306,1,1,1,1,1,1,1,0,0,0,0,,,0,0,1,1,1,1,1,1,,one_display_only,atp_2012,full_data
92,373,1,1,1,0,1,1,1,0,0,0,0,,,0,0,1,1,1,1,0,0,,one_display_only,atp_2012,full_data
92,375,1,1,1,1,1,1,1,0,0,0,0,,,0,0,1,1,1,1,1,1,,one_display_only,atp_2012,full_data
94,337,1,1,1,1,1,1,1,0,0,0,0,,,0,0,1,1,1,1,1,1,,one_display_only,atp_2012,full_data
96,15,1,1,1,1,1,1,1,0,0,0,0,,,0,0,1,1,1,1,1,1,,one_display_only,atp_2012,full_data
96,16,1,1,2,1,2,2,2,2,0,0,0,,,0,0,1,1,2,2,1,1,,one_display_only,atp_2012,full_data
96,26,1,1,1,1,1,1,1,0,0,0,0,,,0,0,1,1,1,1,1,1,,one_display_only,atp_2012,full_data
96,39,1,1,1,1,1,1,1,0,0,0,0,,,0,0,1,1,1,1,1,1,,one_display_only,atp_2012,full_data
96,53,1,1,1,0,1,1,1,0,0,0,0,,,0,0,1,1,1,1,0,0,,one_display_only,atp_2012,full_data
96,73,1,1,1,1,1,1,1,0,0,0,0,,,0,0,1,1,1,1,1,1,,one_display_only,atp_2012,full_data
96,119,1,1,1,1,1,1,1,0,0,0,0,,,0,0,1,1,1,1,1,1,,one_display_only,atp_2012,full_data
96,147,1,1,1,1,1,1,1,0,0,0,0,,,0,0,1,1,1,1,1,1,,one_display_only,atp_2012,full_data
96,148,1,1,1,1,1,1,1,0,0,0,0,,,0,0,1,1,1,1,1,1,,one_display_only,atp_2012,full_data
96,171,1,1,1,0,1,1,1,0,0,0,0,,,0,0,1,1,1,1,0,0,,one_display_only,atp_2012,full_data
96,200,1,1,1,1,1,1,1,0,0,0,0,,,0,0,1,1,1,1,1,1,,one_display_only,atp_2012,full_data
96,207,1,1,1,0,1,1,1,0,0,0,0,,,0,0,1,1,1,1,0,0,,one_display_only,atp_2012,full_data
96,217,1,1,2,1,2,2,2,2,0,0,0,,,0,0,1,1,2,2,1,1,,one_display_only,atp_2012,full_data
96,232,1,1,1,1,1,1,1,0,0,0,0,,,0,0,1,1,1,1,1,1,,one_display_only,atp_2012,full_data
96,235,1,1,1,1,1,1,1,0,0,0,0,,,0,0,1,1,1,1,1,1,,one_display_only,atp_2012,full_data
96,251,1,1,2,1,2,2,2,2,0,0,0,,,0,0,1,1,2,2,1,1,,one_display_only,atp_2012,full_data
96,286,1,1,1,1,1,1,1,0,0,0,0,,,0,0,1,1,1,1,1,1,,one_display_only,atp_2012,full_data
96,287,1,1,1,1,1,1,1,0,0,0,0,,,0,0,1,1,1,1,1,1,,one_display_only,atp_2012,full_data
96,288,1,1,1,1,1,1,1,0,0,0,0,,,0,0,1,1,1,1,1,1,,one_display_only,atp_2012,full_data
96,317,1,1,1,1,1,1,1,0,0,0,0,,,0,0,1,1,1,1,1,1,,one_display_only,atp_2012,full_data
96,343,1,1,1,1,1,1,1,0,0,0,0,,,0,0,1,1,1,1,1,1,,one_display_only,atp_2012,full_data
96,364,1,1,1,1,1,1,1,0,0,0,0,,,0,0,1,1,1,1,1,1,,one_display_only,atp_2012,full_data
96,393,1,1,1,1,1,1,1,0,0,0,0,,,0,0,1,1,1,1,1,1,,one_display_only,atp_2012,full_data
96,407,1,1,1,1,1,1,1,0,0,0,0,,,0,0,1,1,1,1,1,1,,one_display_only,atp_2012,full_data
98,262,1,1,1,1,1,1,1,0,0,0,0,,,0,0,1,1,1,1,1,1,,one_display_only,atp_2012,full_data
100,200,1,1,1,1,1,1,1,0,0,0,0,,,0,0,1,1,1,1,1,1,,one_display_only,atp_2012,full_data
100,321,1,1,1,1,1,1,1,0,0,0,0,,,0,0,1,1,1,1,1,1,,one_display_only,atp_2012,full_data
101,13,1,1,1,1,1,1,1,0,0,0,0,,,0,0,1,1,1,1,1,1,,one_display_only,atp_2012,full_data
101,23,1,1,1,1,1,1,1,0,0,0,0,,,0,0,1,1,1,1,1,1,,one_display_only,atp_2012,full_data
101,26,1,1,1,1,1,1,1,0,0,0,0,,,0,0,1,1,1,1,1,1,,one_display_only,atp_2012,full_data
101,40,1,1,1,0,1,1,1,0,0,0,0,,,0,0,1,1,1,1,0,0,,one_display_only,atp_2012,full_data
101,82,1,1,2,0.5,2,2,2,2,0,0,0,,,0,0,1,1,2,2,0.5,0.5,,one_display_only,atp_2012,full_data
101,92,1,1,1,1,1,1,1,0,0,0,0,,,0,0,1,1,1,1,1,1,,one_display_only,atp_2012,full_data
101,109,1,1,1,0,1,1,1,0,0,0,0,,,0,0,1,1,1,1,0,0,,one_display_only,atp_2012,full_data
101,116,1,1,2,1,2,2,2,2,0,0,0,,,0,0,1,1,2,2,1,1,,one_display_only,atp_2012,full_data
101,137,1,1,1,0,1,1,1,0,0,0,0,,,0,0,1,1,1,1,0,0,,one_display_only,atp_2012,full_data
101,144,1,1,1,1,1,1,1,0,0,0,0,,,0,0,1,1,1,1,1,1,,one_display_only,atp_2012,full_data
101,146,1,1,1,0,1,1,1,0,0,0,0,,,0,0,1,1,1,1,0,0,,one_display_only,atp_2012,full_data
101,148,1,1,1,1,1,1,1,0,0,0,0,,,0,0,1,1,1,1,1,1,,one_display_only,atp_2012,full_data
101,157,1,1,1,0,1,1,1,0,0,0,0,,,0,0,1,1,1,1,0,0,,one_display_only,atp_2012,full_data
101,176,1,1,1,1,1,1,1,0,0,0,0,,,0,0,1,1,1,1,1,1,,one_display_only,atp_2012,full_data
101,217,1,1,1,0,1,1,1,0,0,0,0,,,0,0,1,1,1,1,0,0,,one_display_only,atp_2012,full_data
101,228,1,1,1,1,1,1,1,0,0,0,0,,,0,0,1,1,1,1,1,1,,one_display_only,atp_2012,full_data
101,232,1,1,2,0.5,2,2,2,2,0,0,0,,,0,0,1,1,2,2,0.5,0.5,,one_display_only,atp_2012,full_data
101,246,1,1,2,0.5,2,2,2,2,0,0,0,,,0,0,1,1,2,2,0.5,0.5,,one_display_only,atp_2012,full_data
101,251,1,1,1,1,1,1,1,0,0,0,0,,,0,0,1,1,1,1,1,1,,one_display_only,atp_2012,full_data
101,258,1,1,2,1,2,2,2,2,0,0,0,,,0,0,1,1,2,2,1,1,,one_display_only,atp_2012,full_data
101,341,1,1,1,1,1,1,1,0,0,0,0,,,0,0,1,1,1,1,1,1,,one_display_only,atp_2012,full_data
101,405,1,1,1,1,1,1,1,0,0,0,0,,,0,0,1,1,1,1,1,1,,one_display_only,atp_2012,full_data
101,407,1,1,1,1,1,1,1,0,0,0,0,,,0,0,1,1,1,1,1,1,,one_display_only,atp_2012,full_data
102,78,1,1,1,1,1,1,1,0,0,0,0,,,0,0,1,1,1,1,1,1,,one_display_only,atp_2012,full_data
106,306,1,1,1,1,1,1,1,0,0,0,0,,,0,0,1,1,1,1,1,1,,one_display_only,atp_2012,full_data
109,20,1,1,1,1,1,1,1,0,0,0,0,,,0,0,1,1,1,1,1,1,,one_display_only,atp_2012,full_data
109,23,1,1,2,0.5,2,2,2,2,0,0,0,,,0,0,1,1,2,2,0.5,0.5,,one_display_only,atp_2012,full_data
109,26,1,1,1,1,1,1,1,0,0,0,0,,,0,0,1,1,1,1,1,1,,one_display_only,atp_2012,full_data
109,47,1,1,1,1,1,1,1,0,0,0,0,,,0,0,1,1,1,1,1,1,,one_display_only,atp_2012,full_data
109,61,1,1,1,1,1,1,1,0,0,0,0,,,0,0,1,1,1,1,1,1,,one_display_only,atp_2012,full_data
109,62,1,1,2,1,2,2,2,2,0,0,0,,,0,0,1,1,2,2,1,1,,one_display_only,atp_2012,full_data
109,114,1,1,1,0,1,1,1,0,0,0,0,,,0,0,1,1,1,1,0,0,,one_display_only,atp_2012,full_data
109,157,1,1,1,1,1,1,1,0,0,0,0,,,0,0,1,1,1,1,1,1,,one_display_only,atp_2012,full_data
109,163,1,1,1,1,1,1,1,0,0,0,0,,,0,0,1,1,1,1,1,1,,one_display_only,atp_2012,full_data
109,187,1,1,1,1,1,1,1,0,0,0,0,,,0,0,1,1,1,1,1,1,,one_display_only,atp_2012,full_data
109,193,1,1,1,1,1,1,1,0,0,0,0,,,0,0,1,1,1,1,1,1,,one_display_only,atp_2012,full_data
109,247,1,1,1,1,1,1,1,0,0,0,0,,,0,0,1,1,1,1,1,1,,one_display_only,atp_2012,full_data
109,304,1,1,1,1,1,1,1,0,0,0,0,,,0,0,1,1,1,1,1,1,,one_display_only,atp_2012,full_data
109,317,1,1,1,0,1,1,1,0,0,0,0,,,0,0,1,1,1,1,0,0,,one_display_only,atp_2012,full_data
109,372,1,1,1,1,1,1,1,0,0,0,0,,,0,0,1,1,1,1,1,1,,one_display_only,atp_2012,full_data
109,373,1,1,1,0,1,1,1,0,0,0,0,,,0,0,1,1,1,1,0,0,,one_display_only,atp_2012,full_data
109,383,1,1,1,1,1,1,1,0,0,0,0,,,0,0,1,1,1,1,1,1,,one_display_only,atp_2012,full_data
112,73,1,1,1,1,1,1,1,0,0,0,0,,,0,0,1,1,1,1,1,1,,one_display_only,atp_2012,full_data
112,154,1,1,1,1,1,1,1,0,0,0,0,,,0,0,1,1,1,1,1,1,,one_display_only,atp_2012,full_data
112,394,1,1,1,1,1,1,1,0,0,0,0,,,0,0,1,1,1,1,1,1,,one_display_only,atp_2012,full_data
114,48,1,1,1,1,1,1,1,0,0,0,0,,,0,0,1,1,1,1,1,1,,one_display_only,atp_2012,full_data
116,40,1,1,1,0,1,1,1,0,0,0,0,,,0,0,1,1,1,1,0,0,,one_display_only,atp_2012,full_data
116,46,1,1,1,1,1,1,1,0,0,0,0,,,0,0,1,1,1,1,1,1,,one_display_only,atp_2012,full_data
116,53,1,1,1,0,1,1,1,0,0,0,0,,,0,0,1,1,1,1,0,0,,one_display_only,atp_2012,full_data
116,58,1,1,1,1,1,1,1,0,0,0,0,,,0,0,1,1,1,1,1,1,,one_display_only,atp_2012,full_data
116,78,1,1,1,1,1,1,1,0,0,0,0,,,0,0,1,1,1,1,1,1,,one_display_only,atp_2012,full_data
116,96,1,1,1,1,1,1,1,0,0,0,0,,,0,0,1,1,1,1,1,1,,one_display_only,atp_2012,full_data
116,114,1,1,1,1,1,1,1,0,0,0,0,,,0,0,1,1,1,1,1,1,,one_display_only,atp_2012,full_data
116,132,1,1,1,0,1,1,1,0,0,0,0,,,0,0,1,1,1,1,0,0,,one_display_only,atp_2012,full_data
116,135,1,1,1,1,1,1,1,0,0,0,0,,,0,0,1,1,1,1,1,1,,one_display_only,atp_2012,full_data
116,146,1,1,1,1,1,1,1,0,0,0,0,,,0,0,1,1,1,1,1,1,,one_display_only,atp_2012,full_data
116,157,1,1,1,1,1,1,1,0,0,0,0,,,0,0,1,1,1,1,1,1,,one_display_only,atp_2012,full_data
116,167,1,1,1,1,1,1,1,0,0,0,0,,,0,0,1,1,1,1,1,1,,one_display_only,atp_2012,full_data
116,188,1,1,1,1,1,1,1,0,0,0,0,,,0,0,1,1,1,1,1,1,,one_display_only,atp_2012,full_data
116,200,1,1,1,0,1,1,1,0,0,0,0,,,0,0,1,1,1,1,0,0,,one_display_only,atp_2012,full_data
116,215,1,1,1,1,1,1,1,0,0,0,0,,,0,0,1,1,1,1,1,1,,one_display_only,atp_2012,full_data
116,232,1,1,1,0,1,1,1,0,0,0,0,,,0,0,1,1,1,1,0,0,,one_display_only,atp_2012,full_data
116,268,1,1,1,0,1,1,1,0,0,0,0,,,0,0,1,1,1,1,0,0,,one_display_only,atp_2012,full_data
116,273,1,1,1,1,1,1,1,0,0,0,0,,,0,0,1,1,1,1,1,1,,one_display_only,atp_2012,full_data
116,286,1,1,1,1,1,1,1,0,0,0,0,,,0,0,1,1,1,1,1,1,,one_display_only,atp_2012,full_data
116,287,1,1,1,1,1,1,1,0,0,0,0,,,0,0,1,1,1,1,1,1,,one_display_only,atp_2012,full_data
116,288,1,1,1,1,1,1,1,0,0,0,0,,,0,0,1,1,1,1,1,1,,one_display_only,atp_2012,full_data
116,292,1,1,1,1,1,1,1,0,0,0,0,,,0,0,1,1,1,1,1,1,,one_display_only,atp_2012,full_data
116,407,1,1,1,1,1,1,1,0,0,0,0,,,0,0,1,1,1,1,1,1,,one_display_only,atp_2012,full_data
119,10,1,1,1,1,1,1,1,0,0,0,0,,,0,0,1,1,1,1,1,1,,one_display_only,atp_2012,full_data
119,50,1,1,1,1,1,1,1,0,0,0,0,,,0,0,1,1,1,1,1,1,,one_display_only,atp_2012,full_data
119,69,1,1,1,0,1,1,1,0,0,0,0,,,0,0,1,1,1,1,0,0,,one_display_only,atp_2012,full_data
119,73,1,1,2,1,2,2,2,2,0,0,0,,,0,0,1,1,2,2,1,1,,one_display_only,atp_2012,full_data
119,137,1,1,1,1,1,1,1,0,0,0,0,,,0,0,1,1,1,1,1,1,,one_display_only,atp_2012,full_data
119,147,1,1,1,1,1,1,1,0,0,0,0,,,0,0,1,1,1,1,1,1,,one_display_only,atp_2012,full_data
119,150,1,1,1,1,1,1,1,0,0,0,0,,,0,0,1,1,1,1,1,1,,one_display_only,atp_2012,full_data
119,161,1,1,1,1,1,1,1,0,0,0,0,,,0,0,1,1,1,1,1,1,,one_display_only,atp_2012,full_data
119,163,1,1,1,0,1,1,1,0,0,0,0,,,0,0,1,1,1,1,0,0,,one_display_only,atp_2012,full_data
119,202,1,1,3,1,3,3,3,3,0,0,0,,,0,0,1,1,3,3,1,1,,one_display_only,atp_2012,full_data
119,303,1,1,1,0,1,1,1,0,0,0,0,,,0,0,1,1,1,1,0,0,,one_display_only,atp_2012,full_data
119,314,1,1,1,1,1,1,1,0,0,0,0,,,0,0,1,1,1,1,1,1,,one_display_only,atp_2012,full_data
119,356,1,1,1,1,1,1,1,0,0,0,0,,,0,0,1,1,1,1,1,1,,one_display_only,atp_2012,full_data
119,358,1,1,1,1,1,1,1,0,0,0,0,,,0,0,1,1,1,1,1,1,,one_display_only,atp_2012,full_data
120,28,1,1,1,1,1,1,1,0,0,0,0,,,0,0,1,1,1,1,1,1,,one_display_only,atp_2012,full_data
120,41,1,1,1,1,1,1,1,0,0,0,0,,,0,0,1,1,1,1,1,1,,one_display_only,atp_2012,full_data
120,45,1,1,1,1,1,1,1,0,0,0,0,,,0,0,1,1,1,1,1,1,,one_display_only,atp_2012,full_data
120,47,1,1,1,1,1,1,1,0,0,0,0,,,0,0,1,1,1,1,1,1,,one_display_only,atp_2012,full_data
120,112,1,1,1,1,1,1,1,0,0,0,0,,,0,0,1,1,1,1,1,1,,one_display_only,atp_2012,full_data
120,119,1,1,1,1,1,1,1,0,0,0,0,,,0,0,1,1,1,1,1,1,,one_display_only,atp_2012,full_data
120,132,1,1,1,0,1,1,1,0,0,0,0,,,0,0,1,1,1,1,0,0,,one_display_only,atp_2012,full_data
120,173,1,1,1,1,1,1,1,0,0,0,0,,,0,0,1,1,1,1,1,1,,one_display_only,atp_2012,full_data
120,232,1,1,2,0.5,2,2,2,2,0,0,0,,,0,0,1,1,2,2,0.5,0.5,,one_display_only,atp_2012,full_data
120,247,1,1,1,1,1,1,1,0,0,0,0,,,0,0,1,1,1,1,1,1,,one_display_only,atp_2012,full_data
120,295,1,1,2,0,2,2,2,2,0,0,0,,,0,0,1,1,2,2,0,0,,one_display_only,atp_2012,full_data
120,314,1,1,1,1,1,1,1,0,0,0,0,,,0,0,1,1,1,1,1,1,,one_display_only,atp_2012,full_data
120,418,1,1,1,1,1,1,1,0,0,0,0,,,0,0,1,1,1,1,1,1,,one_display_only,atp_2012,full_data
124,64,1,1,1,1,1,1,1,0,0,0,0,,,0,0,1,1,1,1,1,1,,one_display_only,atp_2012,full_data
124,135,1,1,1,0,1,1,1,0,0,0,0,,,0,0,1,1,1,1,0,0,,one_display_only,atp_2012,full_data
124,303,1,1,1,1,1,1,1,0,0,0,0,,,0,0,1,1,1,1,1,1,,one_display_only,atp_2012,full_data
124,372,1,1,1,1,1,1,1,0,0,0,0,,,0,0,1,1,1,1,1,1,,one_display_only,atp_2012,full_data
127,37,1,1,1,1,1,1,1,0,0,0,0,,,0,0,1,1,1,1,1,1,,one_display_only,atp_2012,full_data
127,54,1,1,1,1,1,1,1,0,0,0,0,,,0,0,1,1,1,1,1,1,,one_display_only,atp_2012,full_data
127,64,1,1,1,1,1,1,1,0,0,0,0,,,0,0,1,1,1,1,1,1,,one_display_only,atp_2012,full_data
127,73,1,1,1,1,1,1,1,0,0,0,0,,,0,0,1,1,1,1,1,1,,one_display_only,atp_2012,full_data
127,92,1,1,1,1,1,1,1,0,0,0,0,,,0,0,1,1,1,1,1,1,,one_display_only,atp_2012,full_data
127,286,1,1,1,1,1,1,1,0,0,0,0,,,0,0,1,1,1,1,1,1,,one_display_only,atp_2012,full_data
127,319,1,1,1,1,1,1,1,0,0,0,0,,,0,0,1,1,1,1,1,1,,one_display_only,atp_2012,full_data
127,343,1,1,1,0,1,1,1,0,0,0,0,,,0,0,1,1,1,1,0,0,,one_display_only,atp_2012,full_data
127,367,1,1,1,1,1,1,1,0,0,0,0,,,0,0,1,1,1,1,1,1,,one_display_only,atp_2012,full_data
132,20,1,1,1,0,1,1,1,0,0,0,0,,,0,0,1,1,1,1,0,0,,one_display_only,atp_2012,full_data
132,26,1,1,1,1,1,1,1,0,0,0,0,,,0,0,1,1,1,1,1,1,,one_display_only,atp_2012,full_data
132,40,1,1,1,0,1,1,1,0,0,0,0,,,0,0,1,1,1,1,0,0,,one_display_only,atp_2012,full_data
132,53,1,1,1,1,1,1,1,0,0,0,0,,,0,0,1,1,1,1,1,1,,one_display_only,atp_2012,full_data
132,106,1,1,1,1,1,1,1,0,0,0,0,,,0,0,1,1,1,1,1,1,,one_display_only,atp_2012,full_data
132,135,1,1,1,0,1,1,1,0,0,0,0,,,0,0,1,1,1,1,0,0,,one_display_only,atp_2012,full_data
132,148,1,1,1,1,1,1,1,0,0,0,0,,,0,0,1,1,1,1,1,1,,one_display_only,atp_2012,full_data
132,163,1,1,2,1,2,2,2,2,0,0,0,,,0,0,1,1,2,2,1,1,,one_display_only,atp_2012,full_data
132,177,1,1,1,1,1,1,1,0,0,0,0,,,0,0,1,1,1,1,1,1,,one_display_only,atp_2012,full_data
132,187,1,1,1,1,1,1,1,0,0,0,0,,,0,0,1,1,1,1,1,1,,one_display_only,atp_2012,full_data
132,194,1,1,1,0,1,1,1,0,0,0,0,,,0,0,1,1,1,1,0,0,,one_display_only,atp_2012,full_data
132,202,1,1,2,0,2,2,2,2,0,0,0,,,0,0,1,1,2,2,0,0,,one_display_only,atp_2012,full_data
132,251,1,1,1,1,1,1,1,0,0,0,0,,,0,0,1,1,1,1,1,1,,one_display_only,atp_2012,full_data
132,258,1,1,2,1,2,2,2,2,0,0,0,,,0,0,1,1,2,2,1,1,,one_display_only,atp_2012,full_data
132,292,1,1,1,1,1,1,1,0,0,0,0,,,0,0,1,1,1,1,1,1,,one_display_only,atp_2012,full_data
132,353,1,1,1,1,1,1,1,0,0,0,0,,,0,0,1,1,1,1,1,1,,one_display_only,atp_2012,full_data
132,367,1,1,1,1,1,1,1,0,0,0,0,,,0,0,1,1,1,1,1,1,,one_display_only,atp_2012,full_data
132,375,1,1,1,1,1,1,1,0,0,0,0,,,0,0,1,1,1,1,1,1,,one_display_only,atp_2012,full_data
132,407,1,1,2,1,2,2,2,2,0,0,0,,,0,0,1,1,2,2,1,1,,one_display_only,atp_2012,full_data
133,23,1,1,1,1,1,1,1,0,0,0,0,,,0,0,1,1,1,1,1,1,,one_display_only,atp_2012,full_data
133,36,1,1,1,1,1,1,1,0,0,0,0,,,0,0,1,1,1,1,1,1,,one_display_only,atp_2012,full_data
133,50,1,1,3,0.666666666666667,3,3,3,3,0,0,0,,,0,0,1,1,3,3,0.666666666666667,0.666666666666667,,one_display_only,atp_2012,full_data
133,68,1,1,1,1,1,1,1,0,0,0,0,,,0,0,1,1,1,1,1,1,,one_display_only,atp_2012,full_data
133,72,1,1,2,0.5,2,2,2,2,0,0,0,,,0,0,1,1,2,2,0.5,0.5,,one_display_only,atp_2012,full_data
133,92,1,1,1,1,1,1,1,0,0,0,0,,,0,0,1,1,1,1,1,1,,one_display_only,atp_2012,full_data
133,114,1,1,1,1,1,1,1,0,0,0,0,,,0,0,1,1,1,1,1,1,,one_display_only,atp_2012,full_data
133,123,1,1,1,1,1,1,1,0,0,0,0,,,0,0,1,1,1,1,1,1,,one_display_only,atp_2012,full_data
133,135,1,1,1,1,1,1,1,0,0,0,0,,,0,0,1,1,1,1,1,1,,one_display_only,atp_2012,full_data
133,137,1,1,1,1,1,1,1,0,0,0,0,,,0,0,1,1,1,1,1,1,,one_display_only,atp_2012,full_data
133,138,1,1,1,1,1,1,1,0,0,0,0,,,0,0,1,1,1,1,1,1,,one_display_only,atp_2012,full_data
133,157,1,1,1,1,1,1,1,0,0,0,0,,,0,0,1,1,1,1,1,1,,one_display_only,atp_2012,full_data
133,161,1,1,1,1,1,1,1,0,0,0,0,,,0,0,1,1,1,1,1,1,,one_display_only,atp_2012,full_data
133,163,1,1,2,0.5,2,2,2,2,0,0,0,,,0,0,1,1,2,2,0.5,0.5,,one_display_only,atp_2012,full_data
133,171,1,1,1,1,1,1,1,0,0,0,0,,,0,0,1,1,1,1,1,1,,one_display_only,atp_2012,full_data
133,173,1,1,1,0,1,1,1,0,0,0,0,,,0,0,1,1,1,1,0,0,,one_display_only,atp_2012,full_data
133,184,1,1,2,1,2,2,2,2,0,0,0,,,0,0,1,1,2,2,1,1,,one_display_only,atp_2012,full_data
133,188,1,1,1,1,1,1,1,0,0,0,0,,,0,0,1,1,1,1,1,1,,one_display_only,atp_2012,full_data
133,214,1,1,1,1,1,1,1,0,0,0,0,,,0,0,1,1,1,1,1,1,,one_display_only,atp_2012,full_data
133,228,1,1,1,1,1,1,1,0,0,0,0,,,0,0,1,1,1,1,1,1,,one_display_only,atp_2012,full_data
133,250,1,1,1,1,1,1,1,0,0,0,0,,,0,0,1,1,1,1,1,1,,one_display_only,atp_2012,full_data
133,251,1,1,1,0,1,1,1,0,0,0,0,,,0,0,1,1,1,1,0,0,,one_display_only,atp_2012,full_data
133,256,1,1,1,0,1,1,1,0,0,0,0,,,0,0,1,1,1,1,0,0,,one_display_only,atp_2012,full_data
133,258,1,1,2,1,2,2,2,2,0,0,0,,,0,0,1,1,2,2,1,1,,one_display_only,atp_2012,full_data
133,287,1,1,1,1,1,1,1,0,0,0,0,,,0,0,1,1,1,1,1,1,,one_display_only,atp_2012,full_data
133,317,1,1,1,1,1,1,1,0,0,0,0,,,0,0,1,1,1,1,1,1,,one_display_only,atp_2012,full_data
133,321,1,1,1,1,1,1,1,0,0,0,0,,,0,0,1,1,1,1,1,1,,one_display_only,atp_2012,full_data
133,322,1,1,1,1,1,1,1,0,0,0,0,,,0,0,1,1,1,1,1,1,,one_display_only,atp_2012,full_data
133,335,1,1,2,1,2,2,2,2,0,0,0,,,0,0,1,1,2,2,1,1,,one_display_only,atp_2012,full_data
133,359,1,1,1,1,1,1,1,0,0,0,0,,,0,0,1,1,1,1,1,1,,one_display_only,atp_2012,full_data
133,401,1,1,2,1,2,2,2,2,0,0,0,,,0,0,1,1,2,2,1,1,,one_display_only,atp_2012,full_data
134,5,1,1,1,1,1,1,1,0,0,0,0,,,0,0,1,1,1,1,1,1,,one_display_only,atp_2012,full_data
134,17,1,1,1,1,1,1,1,0,0,0,0,,,0,0,1,1,1,1,1,1,,one_display_only,atp_2012,full_data
134,47,1,1,1,1,1,1,1,0,0,0,0,,,0,0,1,1,1,1,1,1,,one_display_only,atp_2012,full_data
134,78,1,1,1,1,1,1,1,0,0,0,0,,,0,0,1,1,1,1,1,1,,one_display_only,atp_2012,full_data
134,180,1,1,1,1,1,1,1,0,0,0,0,,,0,0,1,1,1,1,1,1,,one_display_only,atp_2012,full_data
134,219,1,1,1,0,1,1,1,0,0,0,0,,,0,0,1,1,1,1,0,0,,one_display_only,atp_2012,full_data
134,238,1,1,1,1,1,1,1,0,0,0,0,,,0,0,1,1,1,1,1,1,,one_display_only,atp_2012,full_data
134,247,1,1,1,1,1,1,1,0,0,0,0,,,0,0,1,1,1,1,1,1,,one_display_only,atp_2012,full_data
135,10,1,1,1,1,1,1,1,0,0,0,0,,,0,0,1,1,1,1,1,1,,one_display_only,atp_2012,full_data
135,20,1,1,1,1,1,1,1,0,0,0,0,,,0,0,1,1,1,1,1,1,,one_display_only,atp_2012,full_data
135,62,1,1,1,1,1,1,1,0,0,0,0,,,0,0,1,1,1,1,1,1,,one_display_only,atp_2012,full_data
135,343,1,1,1,1,1,1,1,0,0,0,0,,,0,0,1,1,1,1,1,1,,one_display_only,atp_2012,full_data
136,20,1,1,1,1,1,1,1,0,0,0,0,,,0,0,1,1,1,1,1,1,,one_display_only,atp_2012,full_data
136,23,1,1,1,1,1,1,1,0,0,0,0,,,0,0,1,1,1,1,1,1,,one_display_only,atp_2012,full_data
136,40,1,1,1,0,1,1,1,0,0,0,0,,,0,0,1,1,1,1,0,0,,one_display_only,atp_2012,full_data
136,50,1,1,1,1,1,1,1,0,0,0,0,,,0,0,1,1,1,1,1,1,,one_display_only,atp_2012,full_data
136,61,1,1,1,1,1,1,1,0,0,0,0,,,0,0,1,1,1,1,1,1,,one_display_only,atp_2012,full_data
136,68,1,1,1,1,1,1,1,0,0,0,0,,,0,0,1,1,1,1,1,1,,one_display_only,atp_2012,full_data
136,91,1,1,1,1,1,1,1,0,0,0,0,,,0,0,1,1,1,1,1,1,,one_display_only,atp_2012,full_data
136,109,1,1,1,1,1,1,1,0,0,0,0,,,0,0,1,1,1,1,1,1,,one_display_only,atp_2012,full_data
136,116,1,1,1,1,1,1,1,0,0,0,0,,,0,0,1,1,1,1,1,1,,one_display_only,atp_2012,full_data
136,119,1,1,1,1,1,1,1,0,0,0,0,,,0,0,1,1,1,1,1,1,,one_display_only,atp_2012,full_data
136,120,1,1,1,0,1,1,1,0,0,0,0,,,0,0,1,1,1,1,0,0,,one_display_only,atp_2012,full_data
136,135,1,1,1,1,1,1,1,0,0,0,0,,,0,0,1,1,1,1,1,1,,one_display_only,atp_2012,full_data
136,146,1,1,2,1,2,2,2,2,0,0,0,,,0,0,1,1,2,2,1,1,,one_display_only,atp_2012,full_data
136,150,1,1,1,1,1,1,1,0,0,0,0,,,0,0,1,1,1,1,1,1,,one_display_only,atp_2012,full_data
136,157,1,1,1,1,1,1,1,0,0,0,0,,,0,0,1,1,1,1,1,1,,one_display_only,atp_2012,full_data
136,163,1,1,1,1,1,1,1,0,0,0,0,,,0,0,1,1,1,1,1,1,,one_display_only,atp_2012,full_data
136,168,1,1,1,1,1,1,1,0,0,0,0,,,0,0,1,1,1,1,1,1,,one_display_only,atp_2012,full_data
136,212,1,1,1,0,1,1,1,0,0,0,0,,,0,0,1,1,1,1,0,0,,one_display_only,atp_2012,full_data
136,217,1,1,1,1,1,1,1,0,0,0,0,,,0,0,1,1,1,1,1,1,,one_display_only,atp_2012,full_data
136,232,1,1,2,0.5,2,2,2,2,0,0,0,,,0,0,1,1,2,2,0.5,0.5,,one_display_only,atp_2012,full_data
136,235,1,1,1,1,1,1,1,0,0,0,0,,,0,0,1,1,1,1,1,1,,one_display_only,atp_2012,full_data
136,268,1,1,1,1,1,1,1,0,0,0,0,,,0,0,1,1,1,1,1,1,,one_display_only,atp_2012,full_data
136,295,1,1,2,0.5,2,2,2,2,0,0,0,,,0,0,1,1,2,2,0.5,0.5,,one_display_only,atp_2012,full_data
136,306,1,1,1,1,1,1,1,0,0,0,0,,,0,0,1,1,1,1,1,1,,one_display_only,atp_2012,full_data
136,317,1,1,1,1,1,1,1,0,0,0,0,,,0,0,1,1,1,1,1,1,,one_display_only,atp_2012,full_data
136,343,1,1,1,1,1,1,1,0,0,0,0,,,0,0,1,1,1,1,1,1,,one_display_only,atp_2012,full_data
136,383,1,1,1,1,1,1,1,0,0,0,0,,,0,0,1,1,1,1,1,1,,one_display_only,atp_2012,full_data
136,393,1,1,1,1,1,1,1,0,0,0,0,,,0,0,1,1,1,1,1,1,,one_display_only,atp_2012,full_data
136,407,1,1,1,0,1,1,1,0,0,0,0,,,0,0,1,1,1,1,0,0,,one_display_only,atp_2012,full_data
137,35,1,1,1,1,1,1,1,0,0,0,0,,,0,0,1,1,1,1,1,1,,one_display_only,atp_2012,full_data
137,61,1,1,1,1,1,1,1,0,0,0,0,,,0,0,1,1,1,1,1,1,,one_display_only,atp_2012,full_data
137,64,1,1,1,1,1,1,1,0,0,0,0,,,0,0,1,1,1,1,1,1,,one_display_only,atp_2012,full_data
137,78,1,1,1,0,1,1,1,0,0,0,0,,,0,0,1,1,1,1,0,0,,one_display_only,atp_2012,full_data
137,114,1,1,1,1,1,1,1,0,0,0,0,,,0,0,1,1,1,1,1,1,,one_display_only,atp_2012,full_data
137,134,1,1,2,1,2,2,2,2,0,0,0,,,0,0,1,1,2,2,1,1,,one_display_only,atp_2012,full_data
137,148,1,1,1,0,1,1,1,0,0,0,0,,,0,0,1,1,1,1,0,0,,one_display_only,atp_2012,full_data
137,299,1,1,1,1,1,1,1,0,0,0,0,,,0,0,1,1,1,1,1,1,,one_display_only,atp_2012,full_data
137,356,1,1,1,1,1,1,1,0,0,0,0,,,0,0,1,1,1,1,1,1,,one_display_only,atp_2012,full_data
137,364,1,1,1,1,1,1,1,0,0,0,0,,,0,0,1,1,1,1,1,1,,one_display_only,atp_2012,full_data
138,114,1,1,1,0,1,1,1,0,0,0,0,,,0,0,1,1,1,1,0,0,,one_display_only,atp_2012,full_data
138,127,1,1,1,1,1,1,1,0,0,0,0,,,0,0,1,1,1,1,1,1,,one_display_only,atp_2012,full_data
138,147,1,1,1,1,1,1,1,0,0,0,0,,,0,0,1,1,1,1,1,1,,one_display_only,atp_2012,full_data
138,148,1,1,1,1,1,1,1,0,0,0,0,,,0,0,1,1,1,1,1,1,,one_display_only,atp_2012,full_data
138,184,1,1,1,1,1,1,1,0,0,0,0,,,0,0,1,1,1,1,1,1,,one_display_only,atp_2012,full_data
138,207,1,1,1,1,1,1,1,0,0,0,0,,,0,0,1,1,1,1,1,1,,one_display_only,atp_2012,full_data
138,217,1,1,1,0,1,1,1,0,0,0,0,,,0,0,1,1,1,1,0,0,,one_display_only,atp_2012,full_data
138,294,1,1,1,0,1,1,1,0,0,0,0,,,0,0,1,1,1,1,0,0,,one_display_only,atp_2012,full_data
138,303,1,1,1,1,1,1,1,0,0,0,0,,,0,0,1,1,1,1,1,1,,one_display_only,atp_2012,full_data
139,116,1,1,1,1,1,1,1,0,0,0,0,,,0,0,1,1,1,1,1,1,,one_display_only,atp_2012,full_data
139,219,1,1,1,0,1,1,1,0,0,0,0,,,0,0,1,1,1,1,0,0,,one_display_only,atp_2012,full_data
139,235,1,1,1,1,1,1,1,0,0,0,0,,,0,0,1,1,1,1,1,1,,one_display_only,atp_2012,full_data
139,247,1,1,1,1,1,1,1,0,0,0,0,,,0,0,1,1,1,1,1,1,,one_display_only,atp_2012,full_data
139,250,1,1,1,0,1,1,1,0,0,0,0,,,0,0,1,1,1,1,0,0,,one_display_only,atp_2012,full_data
139,364,1,1,1,0,1,1,1,0,0,0,0,,,0,0,1,1,1,1,0,0,,one_display_only,atp_2012,full_data
139,406,1,1,1,1,1,1,1,0,0,0,0,,,0,0,1,1,1,1,1,1,,one_display_only,atp_2012,full_data
140,68,1,1,1,0,1,1,1,0,0,0,0,,,0,0,1,1,1,1,0,0,,one_display_only,atp_2012,full_data
140,121,1,1,1,1,1,1,1,0,0,0,0,,,0,0,1,1,1,1,1,1,,one_display_only,atp_2012,full_data
140,180,1,1,1,1,1,1,1,0,0,0,0,,,0,0,1,1,1,1,1,1,,one_display_only,atp_2012,full_data
140,317,1,1,1,1,1,1,1,0,0,0,0,,,0,0,1,1,1,1,1,1,,one_display_only,atp_2012,full_data
144,15,1,1,2,0,2,2,2,2,0,0,0,,,0,0,1,1,2,2,0,0,,one_display_only,atp_2012,full_data
144,36,1,1,1,1,1,1,1,0,0,0,0,,,0,0,1,1,1,1,1,1,,one_display_only,atp_2012,full_data
144,37,1,1,1,1,1,1,1,0,0,0,0,,,0,0,1,1,1,1,1,1,,one_display_only,atp_2012,full_data
144,39,1,1,1,1,1,1,1,0,0,0,0,,,0,0,1,1,1,1,1,1,,one_display_only,atp_2012,full_data
144,50,1,1,1,1,1,1,1,0,0,0,0,,,0,0,1,1,1,1,1,1,,one_display_only,atp_2012,full_data
144,58,1,1,1,0,1,1,1,0,0,0,0,,,0,0,1,1,1,1,0,0,,one_display_only,atp_2012,full_data
144,59,1,1,1,1,1,1,1,0,0,0,0,,,0,0,1,1,1,1,1,1,,one_display_only,atp_2012,full_data
144,63,1,1,1,1,1,1,1,0,0,0,0,,,0,0,1,1,1,1,1,1,,one_display_only,atp_2012,full_data
144,79,1,1,1,0,1,1,1,0,0,0,0,,,0,0,1,1,1,1,0,0,,one_display_only,atp_2012,full_data
144,80,1,1,1,1,1,1,1,0,0,0,0,,,0,0,1,1,1,1,1,1,,one_display_only,atp_2012,full_data
144,91,1,1,1,0,1,1,1,0,0,0,0,,,0,0,1,1,1,1,0,0,,one_display_only,atp_2012,full_data
144,92,1,1,1,1,1,1,1,0,0,0,0,,,0,0,1,1,1,1,1,1,,one_display_only,atp_2012,full_data
144,109,1,1,1,1,1,1,1,0,0,0,0,,,0,0,1,1,1,1,1,1,,one_display_only,atp_2012,full_data
144,112,1,1,1,1,1,1,1,0,0,0,0,,,0,0,1,1,1,1,1,1,,one_display_only,atp_2012,full_data
144,116,1,1,1,1,1,1,1,0,0,0,0,,,0,0,1,1,1,1,1,1,,one_display_only,atp_2012,full_data
144,119,1,1,1,1,1,1,1,0,0,0,0,,,0,0,1,1,1,1,1,1,,one_display_only,atp_2012,full_data
144,132,1,1,1,1,1,1,1,0,0,0,0,,,0,0,1,1,1,1,1,1,,one_display_only,atp_2012,full_data
144,133,1,1,1,1,1,1,1,0,0,0,0,,,0,0,1,1,1,1,1,1,,one_display_only,atp_2012,full_data
144,134,1,1,1,0,1,1,1,0,0,0,0,,,0,0,1,1,1,1,0,0,,one_display_only,atp_2012,full_data
144,136,1,1,1,1,1,1,1,0,0,0,0,,,0,0,1,1,1,1,1,1,,one_display_only,atp_2012,full_data
144,138,1,1,1,1,1,1,1,0,0,0,0,,,0,0,1,1,1,1,1,1,,one_display_only,atp_2012,full_data
144,163,1,1,2,1,2,2,2,2,0,0,0,,,0,0,1,1,2,2,1,1,,one_display_only,atp_2012,full_data
144,172,1,1,1,1,1,1,1,0,0,0,0,,,0,0,1,1,1,1,1,1,,one_display_only,atp_2012,full_data
144,175,1,1,1,0,1,1,1,0,0,0,0,,,0,0,1,1,1,1,0,0,,one_display_only,atp_2012,full_data
144,176,1,1,1,1,1,1,1,0,0,0,0,,,0,0,1,1,1,1,1,1,,one_display_only,atp_2012,full_data
144,184,1,1,1,0,1,1,1,0,0,0,0,,,0,0,1,1,1,1,0,0,,one_display_only,atp_2012,full_data
144,203,1,1,1,1,1,1,1,0,0,0,0,,,0,0,1,1,1,1,1,1,,one_display_only,atp_2012,full_data
144,231,1,1,1,1,1,1,1,0,0,0,0,,,0,0,1,1,1,1,1,1,,one_display_only,atp_2012,full_data
144,232,1,1,2,0.5,2,2,2,2,0,0,0,,,0,0,1,1,2,2,0.5,0.5,,one_display_only,atp_2012,full_data
144,251,1,1,1,1,1,1,1,0,0,0,0,,,0,0,1,1,1,1,1,1,,one_display_only,atp_2012,full_data
144,258,1,1,1,0,1,1,1,0,0,0,0,,,0,0,1,1,1,1,0,0,,one_display_only,atp_2012,full_data
144,269,1,1,1,1,1,1,1,0,0,0,0,,,0,0,1,1,1,1,1,1,,one_display_only,atp_2012,full_data
144,273,1,1,1,1,1,1,1,0,0,0,0,,,0,0,1,1,1,1,1,1,,one_display_only,atp_2012,full_data
144,281,1,1,1,0,1,1,1,0,0,0,0,,,0,0,1,1,1,1,0,0,,one_display_only,atp_2012,full_data
144,290,1,1,1,1,1,1,1,0,0,0,0,,,0,0,1,1,1,1,1,1,,one_display_only,atp_2012,full_data
144,291,1,1,1,1,1,1,1,0,0,0,0,,,0,0,1,1,1,1,1,1,,one_display_only,atp_2012,full_data
144,306,1,1,1,1,1,1,1,0,0,0,0,,,0,0,1,1,1,1,1,1,,one_display_only,atp_2012,full_data
144,324,1,1,1,0,1,1,1,0,0,0,0,,,0,0,1,1,1,1,0,0,,one_display_only,atp_2012,full_data
144,335,1,1,2,0.5,2,2,2,2,0,0,0,,,0,0,1,1,2,2,0.5,0.5,,one_display_only,atp_2012,full_data
144,341,1,1,1,1,1,1,1,0,0,0,0,,,0,0,1,1,1,1,1,1,,one_display_only,atp_2012,full_data
144,343,1,1,1,1,1,1,1,0,0,0,0,,,0,0,1,1,1,1,1,1,,one_display_only,atp_2012,full_data
144,359,1,1,1,1,1,1,1,0,0,0,0,,,0,0,1,1,1,1,1,1,,one_display_only,atp_2012,full_data
144,364,1,1,1,0,1,1,1,0,0,0,0,,,0,0,1,1,1,1,0,0,,one_display_only,atp_2012,full_data
144,373,1,1,1,1,1,1,1,0,0,0,0,,,0,0,1,1,1,1,1,1,,one_display_only,atp_2012,full_data
144,401,1,1,1,1,1,1,1,0,0,0,0,,,0,0,1,1,1,1,1,1,,one_display_only,atp_2012,full_data
146,10,1,1,1,1,1,1,1,0,0,0,0,,,0,0,1,1,1,1,1,1,,one_display_only,atp_2012,full_data
146,15,1,1,1,1,1,1,1,0,0,0,0,,,0,0,1,1,1,1,1,1,,one_display_only,atp_2012,full_data
146,40,1,1,1,1,1,1,1,0,0,0,0,,,0,0,1,1,1,1,1,1,,one_display_only,atp_2012,full_data
146,45,1,1,1,1,1,1,1,0,0,0,0,,,0,0,1,1,1,1,1,1,,one_display_only,atp_2012,full_data
146,52,1,1,1,1,1,1,1,0,0,0,0,,,0,0,1,1,1,1,1,1,,one_display_only,atp_2012,full_data
146,68,1,1,1,1,1,1,1,0,0,0,0,,,0,0,1,1,1,1,1,1,,one_display_only,atp_2012,full_data
146,72,1,1,1,0,1,1,1,0,0,0,0,,,0,0,1,1,1,1,0,0,,one_display_only,atp_2012,full_data
146,138,1,1,1,1,1,1,1,0,0,0,0,,,0,0,1,1,1,1,1,1,,one_display_only,atp_2012,full_data
146,159,1,1,1,1,1,1,1,0,0,0,0,,,0,0,1,1,1,1,1,1,,one_display_only,atp_2012,full_data
146,181,1,1,1,1,1,1,1,0,0,0,0,,,0,0,1,1,1,1,1,1,,one_display_only,atp_2012,full_data
146,188,1,1,1,1,1,1,1,0,0,0,0,,,0,0,1,1,1,1,1,1,,one_display_only,atp_2012,full_data
146,207,1,1,1,1,1,1,1,0,0,0,0,,,0,0,1,1,1,1,1,1,,one_display_only,atp_2012,full_data
146,232,1,1,1,1,1,1,1,0,0,0,0,,,0,0,1,1,1,1,1,1,,one_display_only,atp_2012,full_data
146,247,1,1,1,1,1,1,1,0,0,0,0,,,0,0,1,1,1,1,1,1,,one_display_only,atp_2012,full_data
146,258,1,1,1,1,1,1,1,0,0,0,0,,,0,0,1,1,1,1,1,1,,one_display_only,atp_2012,full_data
146,270,1,1,1,1,1,1,1,0,0,0,0,,,0,0,1,1,1,1,1,1,,one_display_only,atp_2012,full_data
146,287,1,1,1,1,1,1,1,0,0,0,0,,,0,0,1,1,1,1,1,1,,one_display_only,atp_2012,full_data
146,288,1,1,2,0.5,2,2,2,2,0,0,0,,,0,0,1,1,2,2,0.5,0.5,,one_display_only,atp_2012,full_data
146,317,1,1,1,0,1,1,1,0,0,0,0,,,0,0,1,1,1,1,0,0,,one_display_only,atp_2012,full_data
146,343,1,1,1,1,1,1,1,0,0,0,0,,,0,0,1,1,1,1,1,1,,one_display_only,atp_2012,full_data
146,348,1,1,1,1,1,1,1,0,0,0,0,,,0,0,1,1,1,1,1,1,,one_display_only,atp_2012,full_data
147,13,1,1,1,1,1,1,1,0,0,0,0,,,0,0,1,1,1,1,1,1,,one_display_only,atp_2012,full_data
147,112,1,1,1,1,1,1,1,0,0,0,0,,,0,0,1,1,1,1,1,1,,one_display_only,atp_2012,full_data
147,250,1,1,1,1,1,1,1,0,0,0,0,,,0,0,1,1,1,1,1,1,,one_display_only,atp_2012,full_data
147,295,1,1,1,0,1,1,1,0,0,0,0,,,0,0,1,1,1,1,0,0,,one_display_only,atp_2012,full_data
148,89,1,1,1,0,1,1,1,0,0,0,0,,,0,0,1,1,1,1,0,0,,one_display_only,atp_2012,full_data
148,106,1,1,1,1,1,1,1,0,0,0,0,,,0,0,1,1,1,1,1,1,,one_display_only,atp_2012,full_data
148,247,1,1,1,1,1,1,1,0,0,0,0,,,0,0,1,1,1,1,1,1,,one_display_only,atp_2012,full_data
148,286,1,1,1,1,1,1,1,0,0,0,0,,,0,0,1,1,1,1,1,1,,one_display_only,atp_2012,full_data
148,344,1,1,1,1,1,1,1,0,0,0,0,,,0,0,1,1,1,1,1,1,,one_display_only,atp_2012,full_data
149,12,1,1,1,1,1,1,1,0,0,0,0,,,0,0,1,1,1,1,1,1,,one_display_only,atp_2012,full_data
149,13,1,1,1,1,1,1,1,0,0,0,0,,,0,0,1,1,1,1,1,1,,one_display_only,atp_2012,full_data
149,15,1,1,2,0.5,2,2,2,2,0,0,0,,,0,0,1,1,2,2,0.5,0.5,,one_display_only,atp_2012,full_data
149,45,1,1,1,1,1,1,1,0,0,0,0,,,0,0,1,1,1,1,1,1,,one_display_only,atp_2012,full_data
149,53,1,1,1,0,1,1,1,0,0,0,0,,,0,0,1,1,1,1,0,0,,one_display_only,atp_2012,full_data
149,72,1,1,1,0,1,1,1,0,0,0,0,,,0,0,1,1,1,1,0,0,,one_display_only,atp_2012,full_data
149,76,1,1,2,0.5,2,2,2,2,0,0,0,,,0,0,1,1,2,2,0.5,0.5,,one_display_only,atp_2012,full_data
149,79,1,1,1,1,1,1,1,0,0,0,0,,,0,0,1,1,1,1,1,1,,one_display_only,atp_2012,full_data
149,80,1,1,1,0,1,1,1,0,0,0,0,,,0,0,1,1,1,1,0,0,,one_display_only,atp_2012,full_data
149,82,1,1,1,1,1,1,1,0,0,0,0,,,0,0,1,1,1,1,1,1,,one_display_only,atp_2012,full_data
149,83,1,1,1,1,1,1,1,0,0,0,0,,,0,0,1,1,1,1,1,1,,one_display_only,atp_2012,full_data
149,101,1,1,1,1,1,1,1,0,0,0,0,,,0,0,1,1,1,1,1,1,,one_display_only,atp_2012,full_data
149,109,1,1,1,1,1,1,1,0,0,0,0,,,0,0,1,1,1,1,1,1,,one_display_only,atp_2012,full_data
149,119,1,1,2,0.5,2,2,2,2,0,0,0,,,0,0,1,1,2,2,0.5,0.5,,one_display_only,atp_2012,full_data
149,120,1,1,1,1,1,1,1,0,0,0,0,,,0,0,1,1,1,1,1,1,,one_display_only,atp_2012,full_data
149,133,1,1,1,0,1,1,1,0,0,0,0,,,0,0,1,1,1,1,0,0,,one_display_only,atp_2012,full_data
149,136,1,1,1,0,1,1,1,0,0,0,0,,,0,0,1,1,1,1,0,0,,one_display_only,atp_2012,full_data
149,148,1,1,1,1,1,1,1,0,0,0,0,,,0,0,1,1,1,1,1,1,,one_display_only,atp_2012,full_data
149,153,1,1,2,0,2,2,2,2,0,0,0,,,0,0,1,1,2,2,0,0,,one_display_only,atp_2012,full_data
149,167,1,1,1,1,1,1,1,0,0,0,0,,,0,0,1,1,1,1,1,1,,one_display_only,atp_2012,full_data
149,168,1,1,1,1,1,1,1,0,0,0,0,,,0,0,1,1,1,1,1,1,,one_display_only,atp_2012,full_data
149,176,1,1,2,0.5,2,2,2,2,0,0,0,,,0,0,1,1,2,2,0.5,0.5,,one_display_only,atp_2012,full_data
149,181,1,1,1,0,1,1,1,0,0,0,0,,,0,0,1,1,1,1,0,0,,one_display_only,atp_2012,full_data
149,184,1,1,1,1,1,1,1,0,0,0,0,,,0,0,1,1,1,1,1,1,,one_display_only,atp_2012,full_data
149,189,1,1,1,1,1,1,1,0,0,0,0,,,0,0,1,1,1,1,1,1,,one_display_only,atp_2012,full_data
149,192,1,1,1,0,1,1,1,0,0,0,0,,,0,0,1,1,1,1,0,0,,one_display_only,atp_2012,full_data
149,207,1,1,1,0,1,1,1,0,0,0,0,,,0,0,1,1,1,1,0,0,,one_display_only,atp_2012,full_data
149,217,1,1,1,1,1,1,1,0,0,0,0,,,0,0,1,1,1,1,1,1,,one_display_only,atp_2012,full_data
149,219,1,1,1,1,1,1,1,0,0,0,0,,,0,0,1,1,1,1,1,1,,one_display_only,atp_2012,full_data
149,231,1,1,1,1,1,1,1,0,0,0,0,,,0,0,1,1,1,1,1,1,,one_display_only,atp_2012,full_data
149,246,1,1,3,1,3,3,3,3,0,0,0,,,0,0,1,1,3,3,1,1,,one_display_only,atp_2012,full_data
149,256,1,1,1,1,1,1,1,0,0,0,0,,,0,0,1,1,1,1,1,1,,one_display_only,atp_2012,full_data
149,265,1,1,1,1,1,1,1,0,0,0,0,,,0,0,1,1,1,1,1,1,,one_display_only,atp_2012,full_data
149,300,1,1,1,1,1,1,1,0,0,0,0,,,0,0,1,1,1,1,1,1,,one_display_only,atp_2012,full_data
149,306,1,1,1,1,1,1,1,0,0,0,0,,,0,0,1,1,1,1,1,1,,one_display_only,atp_2012,full_data
149,349,1,1,1,1,1,1,1,0,0,0,0,,,0,0,1,1,1,1,1,1,,one_display_only,atp_2012,full_data
149,359,1,1,1,1,1,1,1,0,0,0,0,,,0,0,1,1,1,1,1,1,,one_display_only,atp_2012,full_data
149,364,1,1,2,1,2,2,2,2,0,0,0,,,0,0,1,1,2,2,1,1,,one_display_only,atp_2012,full_data
149,373,1,1,1,1,1,1,1,0,0,0,0,,,0,0,1,1,1,1,1,1,,one_display_only,atp_2012,full_data
149,377,1,1,1,1,1,1,1,0,0,0,0,,,0,0,1,1,1,1,1,1,,one_display_only,atp_2012,full_data
149,379,1,1,1,1,1,1,1,0,0,0,0,,,0,0,1,1,1,1,1,1,,one_display_only,atp_2012,full_data
149,386,1,1,2,1,2,2,2,2,0,0,0,,,0,0,1,1,2,2,1,1,,one_display_only,atp_2012,full_data
150,310,1,1,1,1,1,1,1,0,0,0,0,,,0,0,1,1,1,1,1,1,,one_display_only,atp_2012,full_data
153,15,1,1,1,1,1,1,1,0,0,0,0,,,0,0,1,1,1,1,1,1,,one_display_only,atp_2012,full_data
153,17,1,1,1,1,1,1,1,0,0,0,0,,,0,0,1,1,1,1,1,1,,one_display_only,atp_2012,full_data
153,19,1,1,1,1,1,1,1,0,0,0,0,,,0,0,1,1,1,1,1,1,,one_display_only,atp_2012,full_data
153,23,1,1,1,1,1,1,1,0,0,0,0,,,0,0,1,1,1,1,1,1,,one_display_only,atp_2012,full_data
153,36,1,1,1,0,1,1,1,0,0,0,0,,,0,0,1,1,1,1,0,0,,one_display_only,atp_2012,full_data
153,45,1,1,1,1,1,1,1,0,0,0,0,,,0,0,1,1,1,1,1,1,,one_display_only,atp_2012,full_data
153,63,1,1,1,1,1,1,1,0,0,0,0,,,0,0,1,1,1,1,1,1,,one_display_only,atp_2012,full_data
153,69,1,1,1,1,1,1,1,0,0,0,0,,,0,0,1,1,1,1,1,1,,one_display_only,atp_2012,full_data
153,73,1,1,1,1,1,1,1,0,0,0,0,,,0,0,1,1,1,1,1,1,,one_display_only,atp_2012,full_data
153,79,1,1,1,1,1,1,1,0,0,0,0,,,0,0,1,1,1,1,1,1,,one_display_only,atp_2012,full_data
153,80,1,1,4,0.75,4,4,4,4,0,0,0,,,0,0,1,1,4,4,0.75,0.75,,one_display_only,atp_2012,full_data
153,96,1,1,2,0.5,2,2,2,2,0,0,0,,,0,0,1,1,2,2,0.5,0.5,,one_display_only,atp_2012,full_data
153,106,1,1,1,1,1,1,1,0,0,0,0,,,0,0,1,1,1,1,1,1,,one_display_only,atp_2012,full_data
153,114,1,1,1,1,1,1,1,0,0,0,0,,,0,0,1,1,1,1,1,1,,one_display_only,atp_2012,full_data
153,116,1,1,1,1,1,1,1,0,0,0,0,,,0,0,1,1,1,1,1,1,,one_display_only,atp_2012,full_data
153,127,1,1,1,0,1,1,1,0,0,0,0,,,0,0,1,1,1,1,0,0,,one_display_only,atp_2012,full_data
153,133,1,1,2,1,2,2,2,2,0,0,0,,,0,0,1,1,2,2,1,1,,one_display_only,atp_2012,full_data
153,134,1,1,1,1,1,1,1,0,0,0,0,,,0,0,1,1,1,1,1,1,,one_display_only,atp_2012,full_data
153,136,1,1,1,1,1,1,1,0,0,0,0,,,0,0,1,1,1,1,1,1,,one_display_only,atp_2012,full_data
153,146,1,1,1,1,1,1,1,0,0,0,0,,,0,0,1,1,1,1,1,1,,one_display_only,atp_2012,full_data
153,148,1,1,1,1,1,1,1,0,0,0,0,,,0,0,1,1,1,1,1,1,,one_display_only,atp_2012,full_data
153,157,1,1,1,1,1,1,1,0,0,0,0,,,0,0,1,1,1,1,1,1,,one_display_only,atp_2012,full_data
153,159,1,1,1,1,1,1,1,0,0,0,0,,,0,0,1,1,1,1,1,1,,one_display_only,atp_2012,full_data
153,162,1,1,4,0.5,4,4,4,4,0,0,0,,,0,0,1,1,4,4,0.5,0.5,,one_display_only,atp_2012,full_data
153,171,1,1,1,1,1,1,1,0,0,0,0,,,0,0,1,1,1,1,1,1,,one_display_only,atp_2012,full_data
153,207,1,1,1,1,1,1,1,0,0,0,0,,,0,0,1,1,1,1,1,1,,one_display_only,atp_2012,full_data
153,214,1,1,1,1,1,1,1,0,0,0,0,,,0,0,1,1,1,1,1,1,,one_display_only,atp_2012,full_data
153,225,1,1,1,1,1,1,1,0,0,0,0,,,0,0,1,1,1,1,1,1,,one_display_only,atp_2012,full_data
153,235,1,1,2,0.5,2,2,2,2,0,0,0,,,0,0,1,1,2,2,0.5,0.5,,one_display_only,atp_2012,full_data
153,246,1,1,1,1,1,1,1,0,0,0,0,,,0,0,1,1,1,1,1,1,,one_display_only,atp_2012,full_data
153,268,1,1,2,1,2,2,2,2,0,0,0,,,0,0,1,1,2,2,1,1,,one_display_only,atp_2012,full_data
153,273,1,1,1,1,1,1,1,0,0,0,0,,,0,0,1,1,1,1,1,1,,one_display_only,atp_2012,full_data
153,281,1,1,1,1,1,1,1,0,0,0,0,,,0,0,1,1,1,1,1,1,,one_display_only,atp_2012,full_data
153,291,1,1,2,0.5,2,2,2,2,0,0,0,,,0,0,1,1,2,2,0.5,0.5,,one_display_only,atp_2012,full_data
153,317,1,1,1,1,1,1,1,0,0,0,0,,,0,0,1,1,1,1,1,1,,one_display_only,atp_2012,full_data
153,322,1,1,1,1,1,1,1,0,0,0,0,,,0,0,1,1,1,1,1,1,,one_display_only,atp_2012,full_data
153,324,1,1,1,1,1,1,1,0,0,0,0,,,0,0,1,1,1,1,1,1,,one_display_only,atp_2012,full_data
153,359,1,1,1,1,1,1,1,0,0,0,0,,,0,0,1,1,1,1,1,1,,one_display_only,atp_2012,full_data
153,372,1,1,1,1,1,1,1,0,0,0,0,,,0,0,1,1,1,1,1,1,,one_display_only,atp_2012,full_data
153,377,1,1,2,1,2,2,2,2,0,0,0,,,0,0,1,1,2,2,1,1,,one_display_only,atp_2012,full_data
153,386,1,1,1,1,1,1,1,0,0,0,0,,,0,0,1,1,1,1,1,1,,one_display_only,atp_2012,full_data
153,404,1,1,1,1,1,1,1,0,0,0,0,,,0,0,1,1,1,1,1,1,,one_display_only,atp_2012,full_data
154,164,1,1,1,1,1,1,1,0,0,0,0,,,0,0,1,1,1,1,1,1,,one_display_only,atp_2012,full_data
154,328,1,1,1,1,1,1,1,0,0,0,0,,,0,0,1,1,1,1,1,1,,one_display_only,atp_2012,full_data
154,398,1,1,1,1,1,1,1,0,0,0,0,,,0,0,1,1,1,1,1,1,,one_display_only,atp_2012,full_data
157,23,1,1,1,1,1,1,1,0,0,0,0,,,0,0,1,1,1,1,1,1,,one_display_only,atp_2012,full_data
157,40,1,1,1,1,1,1,1,0,0,0,0,,,0,0,1,1,1,1,1,1,,one_display_only,atp_2012,full_data
157,50,1,1,1,0,1,1,1,0,0,0,0,,,0,0,1,1,1,1,0,0,,one_display_only,atp_2012,full_data
157,66,1,1,1,1,1,1,1,0,0,0,0,,,0,0,1,1,1,1,1,1,,one_display_only,atp_2012,full_data
157,73,1,1,2,1,2,2,2,2,0,0,0,,,0,0,1,1,2,2,1,1,,one_display_only,atp_2012,full_data
157,106,1,1,1,0,1,1,1,0,0,0,0,,,0,0,1,1,1,1,0,0,,one_display_only,atp_2012,full_data
157,163,1,1,3,0.666666666666667,3,3,3,3,0,0,0,,,0,0,1,1,3,3,0.666666666666667,0.666666666666667,,one_display_only,atp_2012,full_data
157,171,1,1,1,1,1,1,1,0,0,0,0,,,0,0,1,1,1,1,1,1,,one_display_only,atp_2012,full_data
157,173,1,1,1,1,1,1,1,0,0,0,0,,,0,0,1,1,1,1,1,1,,one_display_only,atp_2012,full_data
157,306,1,1,1,0,1,1,1,0,0,0,0,,,0,0,1,1,1,1,0,0,,one_display_only,atp_2012,full_data
157,327,1,1,1,1,1,1,1,0,0,0,0,,,0,0,1,1,1,1,1,1,,one_display_only,atp_2012,full_data
158,381,1,1,1,1,1,1,1,0,0,0,0,,,0,0,1,1,1,1,1,1,,one_display_only,atp_2012,full_data
161,200,1,1,1,1,1,1,1,0,0,0,0,,,0,0,1,1,1,1,1,1,,one_display_only,atp_2012,full_data
161,269,1,1,1,1,1,1,1,0,0,0,0,,,0,0,1,1,1,1,1,1,,one_display_only,atp_2012,full_data
162,13,1,1,1,1,1,1,1,0,0,0,0,,,0,0,1,1,1,1,1,1,,one_display_only,atp_2012,full_data
162,40,1,1,1,0,1,1,1,0,0,0,0,,,0,0,1,1,1,1,0,0,,one_display_only,atp_2012,full_data
162,58,1,1,2,1,2,2,2,2,0,0,0,,,0,0,1,1,2,2,1,1,,one_display_only,atp_2012,full_data
162,63,1,1,1,1,1,1,1,0,0,0,0,,,0,0,1,1,1,1,1,1,,one_display_only,atp_2012,full_data
162,66,1,1,1,1,1,1,1,0,0,0,0,,,0,0,1,1,1,1,1,1,,one_display_only,atp_2012,full_data
162,79,1,1,1,0,1,1,1,0,0,0,0,,,0,0,1,1,1,1,0,0,,one_display_only,atp_2012,full_data
162,92,1,1,1,1,1,1,1,0,0,0,0,,,0,0,1,1,1,1,1,1,,one_display_only,atp_2012,full_data
162,108,1,1,1,1,1,1,1,0,0,0,0,,,0,0,1,1,1,1,1,1,,one_display_only,atp_2012,full_data
162,109,1,1,3,0.333333333333333,3,3,3,3,0,0,0,,,0,0,1,1,3,3,0.333333333333333,0.333333333333333,,one_display_only,atp_2012,full_data
162,119,1,1,2,1,2,2,2,2,0,0,0,,,0,0,1,1,2,2,1,1,,one_display_only,atp_2012,full_data
162,134,1,1,1,1,1,1,1,0,0,0,0,,,0,0,1,1,1,1,1,1,,one_display_only,atp_2012,full_data
162,150,1,1,1,1,1,1,1,0,0,0,0,,,0,0,1,1,1,1,1,1,,one_display_only,atp_2012,full_data
162,157,1,1,1,1,1,1,1,0,0,0,0,,,0,0,1,1,1,1,1,1,,one_display_only,atp_2012,full_data
162,168,1,1,1,1,1,1,1,0,0,0,0,,,0,0,1,1,1,1,1,1,,one_display_only,atp_2012,full_data
162,171,1,1,1,1,1,1,1,0,0,0,0,,,0,0,1,1,1,1,1,1,,one_display_only,atp_2012,full_data
162,173,1,1,2,1,2,2,2,2,0,0,0,,,0,0,1,1,2,2,1,1,,one_display_only,atp_2012,full_data
162,181,1,1,1,1,1,1,1,0,0,0,0,,,0,0,1,1,1,1,1,1,,one_display_only,atp_2012,full_data
162,194,1,1,1,0,1,1,1,0,0,0,0,,,0,0,1,1,1,1,0,0,,one_display_only,atp_2012,full_data
162,250,1,1,1,1,1,1,1,0,0,0,0,,,0,0,1,1,1,1,1,1,,one_display_only,atp_2012,full_data
162,258,1,1,2,1,2,2,2,2,0,0,0,,,0,0,1,1,2,2,1,1,,one_display_only,atp_2012,full_data
162,268,1,1,1,1,1,1,1,0,0,0,0,,,0,0,1,1,1,1,1,1,,one_display_only,atp_2012,full_data
162,288,1,1,1,1,1,1,1,0,0,0,0,,,0,0,1,1,1,1,1,1,,one_display_only,atp_2012,full_data
162,290,1,1,1,1,1,1,1,0,0,0,0,,,0,0,1,1,1,1,1,1,,one_display_only,atp_2012,full_data
162,291,1,1,1,1,1,1,1,0,0,0,0,,,0,0,1,1,1,1,1,1,,one_display_only,atp_2012,full_data
162,343,1,1,1,1,1,1,1,0,0,0,0,,,0,0,1,1,1,1,1,1,,one_display_only,atp_2012,full_data
162,359,1,1,1,1,1,1,1,0,0,0,0,,,0,0,1,1,1,1,1,1,,one_display_only,atp_2012,full_data
162,386,1,1,2,1,2,2,2,2,0,0,0,,,0,0,1,1,2,2,1,1,,one_display_only,atp_2012,full_data
162,401,1,1,3,1,3,3,3,3,0,0,0,,,0,0,1,1,3,3,1,1,,one_display_only,atp_2012,full_data
163,17,1,1,1,1,1,1,1,0,0,0,0,,,0,0,1,1,1,1,1,1,,one_display_only,atp_2012,full_data
163,73,1,1,1,1,1,1,1,0,0,0,0,,,0,0,1,1,1,1,1,1,,one_display_only,atp_2012,full_data
163,78,1,1,1,0,1,1,1,0,0,0,0,,,0,0,1,1,1,1,0,0,,one_display_only,atp_2012,full_data
163,167,1,1,1,1,1,1,1,0,0,0,0,,,0,0,1,1,1,1,1,1,,one_display_only,atp_2012,full_data
163,219,1,1,1,1,1,1,1,0,0,0,0,,,0,0,1,1,1,1,1,1,,one_display_only,atp_2012,full_data
163,250,1,1,1,1,1,1,1,0,0,0,0,,,0,0,1,1,1,1,1,1,,one_display_only,atp_2012,full_data
163,262,1,1,1,1,1,1,1,0,0,0,0,,,0,0,1,1,1,1,1,1,,one_display_only,atp_2012,full_data
163,271,1,1,1,1,1,1,1,0,0,0,0,,,0,0,1,1,1,1,1,1,,one_display_only,atp_2012,full_data
168,367,1,1,1,1,1,1,1,0,0,0,0,,,0,0,1,1,1,1,1,1,,one_display_only,atp_2012,full_data
170,299,1,1,1,1,1,1,1,0,0,0,0,,,0,0,1,1,1,1,1,1,,one_display_only,atp_2012,full_data
171,23,1,1,1,0,1,1,1,0,0,0,0,,,0,0,1,1,1,1,0,0,,one_display_only,atp_2012,full_data
171,78,1,1,1,1,1,1,1,0,0,0,0,,,0,0,1,1,1,1,1,1,,one_display_only,atp_2012,full_data
171,202,1,1,1,1,1,1,1,0,0,0,0,,,0,0,1,1,1,1,1,1,,one_display_only,atp_2012,full_data
171,262,1,1,1,1,1,1,1,0,0,0,0,,,0,0,1,1,1,1,1,1,,one_display_only,atp_2012,full_data
171,333,1,1,1,1,1,1,1,0,0,0,0,,,0,0,1,1,1,1,1,1,,one_display_only,atp_2012,full_data
171,393,1,1,1,0,1,1,1,0,0,0,0,,,0,0,1,1,1,1,0,0,,one_display_only,atp_2012,full_data
172,28,1,1,1,1,1,1,1,0,0,0,0,,,0,0,1,1,1,1,1,1,,one_display_only,atp_2012,full_data
172,50,1,1,1,1,1,1,1,0,0,0,0,,,0,0,1,1,1,1,1,1,,one_display_only,atp_2012,full_data
172,58,1,1,2,0.5,2,2,2,2,0,0,0,,,0,0,1,1,2,2,0.5,0.5,,one_display_only,atp_2012,full_data
172,72,1,1,1,1,1,1,1,0,0,0,0,,,0,0,1,1,1,1,1,1,,one_display_only,atp_2012,full_data
172,74,1,1,1,1,1,1,1,0,0,0,0,,,0,0,1,1,1,1,1,1,,one_display_only,atp_2012,full_data
172,102,1,1,1,1,1,1,1,0,0,0,0,,,0,0,1,1,1,1,1,1,,one_display_only,atp_2012,full_data
172,109,1,1,1,1,1,1,1,0,0,0,0,,,0,0,1,1,1,1,1,1,,one_display_only,atp_2012,full_data
172,134,1,1,1,1,1,1,1,0,0,0,0,,,0,0,1,1,1,1,1,1,,one_display_only,atp_2012,full_data
172,136,1,1,1,0,1,1,1,0,0,0,0,,,0,0,1,1,1,1,0,0,,one_display_only,atp_2012,full_data
172,137,1,1,1,1,1,1,1,0,0,0,0,,,0,0,1,1,1,1,1,1,,one_display_only,atp_2012,full_data
172,146,1,1,1,1,1,1,1,0,0,0,0,,,0,0,1,1,1,1,1,1,,one_display_only,atp_2012,full_data
172,153,1,1,1,1,1,1,1,0,0,0,0,,,0,0,1,1,1,1,1,1,,one_display_only,atp_2012,full_data
172,157,1,1,1,0,1,1,1,0,0,0,0,,,0,0,1,1,1,1,0,0,,one_display_only,atp_2012,full_data
172,162,1,1,2,0.5,2,2,2,2,0,0,0,,,0,0,1,1,2,2,0.5,0.5,,one_display_only,atp_2012,full_data
172,177,1,1,1,1,1,1,1,0,0,0,0,,,0,0,1,1,1,1,1,1,,one_display_only,atp_2012,full_data
172,181,1,1,1,1,1,1,1,0,0,0,0,,,0,0,1,1,1,1,1,1,,one_display_only,atp_2012,full_data
172,200,1,1,1,1,1,1,1,0,0,0,0,,,0,0,1,1,1,1,1,1,,one_display_only,atp_2012,full_data
172,202,1,1,2,1,2,2,2,2,0,0,0,,,0,0,1,1,2,2,1,1,,one_display_only,atp_2012,full_data
172,232,1,1,1,1,1,1,1,0,0,0,0,,,0,0,1,1,1,1,1,1,,one_display_only,atp_2012,full_data
172,246,1,1,2,1,2,2,2,2,0,0,0,,,0,0,1,1,2,2,1,1,,one_display_only,atp_2012,full_data
172,251,1,1,3,1,3,3,3,3,0,0,0,,,0,0,1,1,3,3,1,1,,one_display_only,atp_2012,full_data
172,295,1,1,2,1,2,2,2,2,0,0,0,,,0,0,1,1,2,2,1,1,,one_display_only,atp_2012,full_data
172,324,1,1,1,1,1,1,1,0,0,0,0,,,0,0,1,1,1,1,1,1,,one_display_only,atp_2012,full_data
172,335,1,1,2,1,2,2,2,2,0,0,0,,,0,0,1,1,2,2,1,1,,one_display_only,atp_2012,full_data
172,349,1,1,2,1,2,2,2,2,0,0,0,,,0,0,1,1,2,2,1,1,,one_display_only,atp_2012,full_data
173,64,1,1,1,1,1,1,1,0,0,0,0,,,0,0,1,1,1,1,1,1,,one_display_only,atp_2012,full_data
173,69,1,1,1,1,1,1,1,0,0,0,0,,,0,0,1,1,1,1,1,1,,one_display_only,atp_2012,full_data
173,98,1,1,1,1,1,1,1,0,0,0,0,,,0,0,1,1,1,1,1,1,,one_display_only,atp_2012,full_data
173,158,1,1,1,1,1,1,1,0,0,0,0,,,0,0,1,1,1,1,1,1,,one_display_only,atp_2012,full_data
173,167,1,1,1,1,1,1,1,0,0,0,0,,,0,0,1,1,1,1,1,1,,one_display_only,atp_2012,full_data
173,171,1,1,1,1,1,1,1,0,0,0,0,,,0,0,1,1,1,1,1,1,,one_display_only,atp_2012,full_data
173,205,1,1,1,1,1,1,1,0,0,0,0,,,0,0,1,1,1,1,1,1,,one_display_only,atp_2012,full_data
173,405,1,1,1,1,1,1,1,0,0,0,0,,,0,0,1,1,1,1,1,1,,one_display_only,atp_2012,full_data
174,92,1,1,1,0,1,1,1,0,0,0,0,,,0,0,1,1,1,1,0,0,,one_display_only,atp_2012,full_data
174,224,1,1,1,1,1,1,1,0,0,0,0,,,0,0,1,1,1,1,1,1,,one_display_only,atp_2012,full_data
174,374,1,1,1,1,1,1,1,0,0,0,0,,,0,0,1,1,1,1,1,1,,one_display_only,atp_2012,full_data
175,15,1,1,1,1,1,1,1,0,0,0,0,,,0,0,1,1,1,1,1,1,,one_display_only,atp_2012,full_data
175,40,1,1,1,1,1,1,1,0,0,0,0,,,0,0,1,1,1,1,1,1,,one_display_only,atp_2012,full_data
175,46,1,1,1,1,1,1,1,0,0,0,0,,,0,0,1,1,1,1,1,1,,one_display_only,atp_2012,full_data
175,53,1,1,1,1,1,1,1,0,0,0,0,,,0,0,1,1,1,1,1,1,,one_display_only,atp_2012,full_data
175,59,1,1,1,1,1,1,1,0,0,0,0,,,0,0,1,1,1,1,1,1,,one_display_only,atp_2012,full_data
175,72,1,1,1,1,1,1,1,0,0,0,0,,,0,0,1,1,1,1,1,1,,one_display_only,atp_2012,full_data
175,76,1,1,1,1,1,1,1,0,0,0,0,,,0,0,1,1,1,1,1,1,,one_display_only,atp_2012,full_data
175,79,1,1,1,1,1,1,1,0,0,0,0,,,0,0,1,1,1,1,1,1,,one_display_only,atp_2012,full_data
175,80,1,1,1,0,1,1,1,0,0,0,0,,,0,0,1,1,1,1,0,0,,one_display_only,atp_2012,full_data
175,82,1,1,1,1,1,1,1,0,0,0,0,,,0,0,1,1,1,1,1,1,,one_display_only,atp_2012,full_data
175,89,1,1,1,1,1,1,1,0,0,0,0,,,0,0,1,1,1,1,1,1,,one_display_only,atp_2012,full_data
175,96,1,1,1,1,1,1,1,0,0,0,0,,,0,0,1,1,1,1,1,1,,one_display_only,atp_2012,full_data
175,119,1,1,1,1,1,1,1,0,0,0,0,,,0,0,1,1,1,1,1,1,,one_display_only,atp_2012,full_data
175,132,1,1,1,1,1,1,1,0,0,0,0,,,0,0,1,1,1,1,1,1,,one_display_only,atp_2012,full_data
175,133,1,1,3,1,3,3,3,3,0,0,0,,,0,0,1,1,3,3,1,1,,one_display_only,atp_2012,full_data
175,134,1,1,1,1,1,1,1,0,0,0,0,,,0,0,1,1,1,1,1,1,,one_display_only,atp_2012,full_data
175,136,1,1,1,1,1,1,1,0,0,0,0,,,0,0,1,1,1,1,1,1,,one_display_only,atp_2012,full_data
175,137,1,1,1,1,1,1,1,0,0,0,0,,,0,0,1,1,1,1,1,1,,one_display_only,atp_2012,full_data
175,138,1,1,1,1,1,1,1,0,0,0,0,,,0,0,1,1,1,1,1,1,,one_display_only,atp_2012,full_data
175,157,1,1,1,1,1,1,1,0,0,0,0,,,0,0,1,1,1,1,1,1,,one_display_only,atp_2012,full_data
175,158,1,1,1,1,1,1,1,0,0,0,0,,,0,0,1,1,1,1,1,1,,one_display_only,atp_2012,full_data
175,162,1,1,1,0,1,1,1,0,0,0,0,,,0,0,1,1,1,1,0,0,,one_display_only,atp_2012,full_data
175,163,1,1,1,0,1,1,1,0,0,0,0,,,0,0,1,1,1,1,0,0,,one_display_only,atp_2012,full_data
175,171,1,1,1,1,1,1,1,0,0,0,0,,,0,0,1,1,1,1,1,1,,one_display_only,atp_2012,full_data
175,172,1,1,1,1,1,1,1,0,0,0,0,,,0,0,1,1,1,1,1,1,,one_display_only,atp_2012,full_data
175,181,1,1,2,1,2,2,2,2,0,0,0,,,0,0,1,1,2,2,1,1,,one_display_only,atp_2012,full_data
175,184,1,1,1,1,1,1,1,0,0,0,0,,,0,0,1,1,1,1,1,1,,one_display_only,atp_2012,full_data
175,189,1,1,1,1,1,1,1,0,0,0,0,,,0,0,1,1,1,1,1,1,,one_display_only,atp_2012,full_data
175,200,1,1,2,1,2,2,2,2,0,0,0,,,0,0,1,1,2,2,1,1,,one_display_only,atp_2012,full_data
175,207,1,1,1,1,1,1,1,0,0,0,0,,,0,0,1,1,1,1,1,1,,one_display_only,atp_2012,full_data
175,214,1,1,1,1,1,1,1,0,0,0,0,,,0,0,1,1,1,1,1,1,,one_display_only,atp_2012,full_data
175,228,1,1,1,1,1,1,1,0,0,0,0,,,0,0,1,1,1,1,1,1,,one_display_only,atp_2012,full_data
175,231,1,1,1,1,1,1,1,0,0,0,0,,,0,0,1,1,1,1,1,1,,one_display_only,atp_2012,full_data
175,232,1,1,2,1,2,2,2,2,0,0,0,,,0,0,1,1,2,2,1,1,,one_display_only,atp_2012,full_data
175,246,1,1,1,0,1,1,1,0,0,0,0,,,0,0,1,1,1,1,0,0,,one_display_only,atp_2012,full_data
175,258,1,1,1,1,1,1,1,0,0,0,0,,,0,0,1,1,1,1,1,1,,one_display_only,atp_2012,full_data
175,282,1,1,1,1,1,1,1,0,0,0,0,,,0,0,1,1,1,1,1,1,,one_display_only,atp_2012,full_data
175,286,1,1,1,1,1,1,1,0,0,0,0,,,0,0,1,1,1,1,1,1,,one_display_only,atp_2012,full_data
175,291,1,1,2,1,2,2,2,2,0,0,0,,,0,0,1,1,2,2,1,1,,one_display_only,atp_2012,full_data
175,295,1,1,1,1,1,1,1,0,0,0,0,,,0,0,1,1,1,1,1,1,,one_display_only,atp_2012,full_data
175,324,1,1,1,0,1,1,1,0,0,0,0,,,0,0,1,1,1,1,0,0,,one_display_only,atp_2012,full_data
175,335,1,1,1,1,1,1,1,0,0,0,0,,,0,0,1,1,1,1,1,1,,one_display_only,atp_2012,full_data
175,341,1,1,1,0,1,1,1,0,0,0,0,,,0,0,1,1,1,1,0,0,,one_display_only,atp_2012,full_data
175,349,1,1,1,0,1,1,1,0,0,0,0,,,0,0,1,1,1,1,0,0,,one_display_only,atp_2012,full_data
175,364,1,1,1,1,1,1,1,0,0,0,0,,,0,0,1,1,1,1,1,1,,one_display_only,atp_2012,full_data
175,373,1,1,1,1,1,1,1,0,0,0,0,,,0,0,1,1,1,1,1,1,,one_display_only,atp_2012,full_data
175,383,1,1,1,1,1,1,1,0,0,0,0,,,0,0,1,1,1,1,1,1,,one_display_only,atp_2012,full_data
175,401,1,1,2,1,2,2,2,2,0,0,0,,,0,0,1,1,2,2,1,1,,one_display_only,atp_2012,full_data
176,15,1,1,1,0,1,1,1,0,0,0,0,,,0,0,1,1,1,1,0,0,,one_display_only,atp_2012,full_data
176,36,1,1,1,0,1,1,1,0,0,0,0,,,0,0,1,1,1,1,0,0,,one_display_only,atp_2012,full_data
176,40,1,1,2,1,2,2,2,2,0,0,0,,,0,0,1,1,2,2,1,1,,one_display_only,atp_2012,full_data
176,50,1,1,1,1,1,1,1,0,0,0,0,,,0,0,1,1,1,1,1,1,,one_display_only,atp_2012,full_data
176,53,1,1,1,1,1,1,1,0,0,0,0,,,0,0,1,1,1,1,1,1,,one_display_only,atp_2012,full_data
176,58,1,1,2,0.5,2,2,2,2,0,0,0,,,0,0,1,1,2,2,0.5,0.5,,one_display_only,atp_2012,full_data
176,59,1,1,2,0.5,2,2,2,2,0,0,0,,,0,0,1,1,2,2,0.5,0.5,,one_display_only,atp_2012,full_data
176,64,1,1,1,1,1,1,1,0,0,0,0,,,0,0,1,1,1,1,1,1,,one_display_only,atp_2012,full_data
176,69,1,1,1,1,1,1,1,0,0,0,0,,,0,0,1,1,1,1,1,1,,one_display_only,atp_2012,full_data
176,72,1,1,2,0.5,2,2,2,2,0,0,0,,,0,0,1,1,2,2,0.5,0.5,,one_display_only,atp_2012,full_data
176,80,1,1,1,1,1,1,1,0,0,0,0,,,0,0,1,1,1,1,1,1,,one_display_only,atp_2012,full_data
176,82,1,1,1,1,1,1,1,0,0,0,0,,,0,0,1,1,1,1,1,1,,one_display_only,atp_2012,full_data
176,100,1,1,1,0,1,1,1,0,0,0,0,,,0,0,1,1,1,1,0,0,,one_display_only,atp_2012,full_data
176,116,1,1,1,1,1,1,1,0,0,0,0,,,0,0,1,1,1,1,1,1,,one_display_only,atp_2012,full_data
176,132,1,1,1,0,1,1,1,0,0,0,0,,,0,0,1,1,1,1,0,0,,one_display_only,atp_2012,full_data
176,133,1,1,3,0.666666666666667,3,3,3,3,0,0,0,,,0,0,1,1,3,3,0.666666666666667,0.666666666666667,,one_display_only,atp_2012,full_data
176,135,1,1,1,0,1,1,1,0,0,0,0,,,0,0,1,1,1,1,0,0,,one_display_only,atp_2012,full_data
176,138,1,1,1,1,1,1,1,0,0,0,0,,,0,0,1,1,1,1,1,1,,one_display_only,atp_2012,full_data
176,139,1,1,1,1,1,1,1,0,0,0,0,,,0,0,1,1,1,1,1,1,,one_display_only,atp_2012,full_data
176,140,1,1,1,1,1,1,1,0,0,0,0,,,0,0,1,1,1,1,1,1,,one_display_only,atp_2012,full_data
176,153,1,1,1,1,1,1,1,0,0,0,0,,,0,0,1,1,1,1,1,1,,one_display_only,atp_2012,full_data
176,162,1,1,2,1,2,2,2,2,0,0,0,,,0,0,1,1,2,2,1,1,,one_display_only,atp_2012,full_data
176,171,1,1,1,1,1,1,1,0,0,0,0,,,0,0,1,1,1,1,1,1,,one_display_only,atp_2012,full_data
176,175,1,1,2,1,2,2,2,2,0,0,0,,,0,0,1,1,2,2,1,1,,one_display_only,atp_2012,full_data
176,177,1,1,1,1,1,1,1,0,0,0,0,,,0,0,1,1,1,1,1,1,,one_display_only,atp_2012,full_data
176,189,1,1,1,0,1,1,1,0,0,0,0,,,0,0,1,1,1,1,0,0,,one_display_only,atp_2012,full_data
176,202,1,1,1,1,1,1,1,0,0,0,0,,,0,0,1,1,1,1,1,1,,one_display_only,atp_2012,full_data
176,217,1,1,2,0.5,2,2,2,2,0,0,0,,,0,0,1,1,2,2,0.5,0.5,,one_display_only,atp_2012,full_data
176,245,1,1,1,1,1,1,1,0,0,0,0,,,0,0,1,1,1,1,1,1,,one_display_only,atp_2012,full_data
176,258,1,1,1,1,1,1,1,0,0,0,0,,,0,0,1,1,1,1,1,1,,one_display_only,atp_2012,full_data
176,268,1,1,2,1,2,2,2,2,0,0,0,,,0,0,1,1,2,2,1,1,,one_display_only,atp_2012,full_data
176,282,1,1,1,1,1,1,1,0,0,0,0,,,0,0,1,1,1,1,1,1,,one_display_only,atp_2012,full_data
176,287,1,1,1,1,1,1,1,0,0,0,0,,,0,0,1,1,1,1,1,1,,one_display_only,atp_2012,full_data
176,294,1,1,1,1,1,1,1,0,0,0,0,,,0,0,1,1,1,1,1,1,,one_display_only,atp_2012,full_data
176,322,1,1,1,0,1,1,1,0,0,0,0,,,0,0,1,1,1,1,0,0,,one_display_only,atp_2012,full_data
176,341,1,1,1,1,1,1,1,0,0,0,0,,,0,0,1,1,1,1,1,1,,one_display_only,atp_2012,full_data
176,343,1,1,1,1,1,1,1,0,0,0,0,,,0,0,1,1,1,1,1,1,,one_display_only,atp_2012,full_data
176,377,1,1,2,0.5,2,2,2,2,0,0,0,,,0,0,1,1,2,2,0.5,0.5,,one_display_only,atp_2012,full_data
176,401,1,1,1,1,1,1,1,0,0,0,0,,,0,0,1,1,1,1,1,1,,one_display_only,atp_2012,full_data
176,406,1,1,1,1,1,1,1,0,0,0,0,,,0,0,1,1,1,1,1,1,,one_display_only,atp_2012,full_data
176,407,1,1,1,1,1,1,1,0,0,0,0,,,0,0,1,1,1,1,1,1,,one_display_only,atp_2012,full_data
177,61,1,1,1,1,1,1,1,0,0,0,0,,,0,0,1,1,1,1,1,1,,one_display_only,atp_2012,full_data
177,167,1,1,2,1,2,2,2,2,0,0,0,,,0,0,1,1,2,2,1,1,,one_display_only,atp_2012,full_data
179,396,1,1,1,1,1,1,1,0,0,0,0,,,0,0,1,1,1,1,1,1,,one_display_only,atp_2012,full_data
181,20,1,1,1,1,1,1,1,0,0,0,0,,,0,0,1,1,1,1,1,1,,one_display_only,atp_2012,full_data
181,45,1,1,1,1,1,1,1,0,0,0,0,,,0,0,1,1,1,1,1,1,,one_display_only,atp_2012,full_data
181,60,1,1,1,1,1,1,1,0,0,0,0,,,0,0,1,1,1,1,1,1,,one_display_only,atp_2012,full_data
181,72,1,1,1,1,1,1,1,0,0,0,0,,,0,0,1,1,1,1,1,1,,one_display_only,atp_2012,full_data
181,92,1,1,1,1,1,1,1,0,0,0,0,,,0,0,1,1,1,1,1,1,,one_display_only,atp_2012,full_data
181,106,1,1,2,1,2,2,2,2,0,0,0,,,0,0,1,1,2,2,1,1,,one_display_only,atp_2012,full_data
181,109,1,1,1,1,1,1,1,0,0,0,0,,,0,0,1,1,1,1,1,1,,one_display_only,atp_2012,full_data
181,119,1,1,1,0,1,1,1,0,0,0,0,,,0,0,1,1,1,1,0,0,,one_display_only,atp_2012,full_data
181,135,1,1,1,1,1,1,1,0,0,0,0,,,0,0,1,1,1,1,1,1,,one_display_only,atp_2012,full_data
181,157,1,1,1,1,1,1,1,0,0,0,0,,,0,0,1,1,1,1,1,1,,one_display_only,atp_2012,full_data
181,161,1,1,1,1,1,1,1,0,0,0,0,,,0,0,1,1,1,1,1,1,,one_display_only,atp_2012,full_data
181,163,1,1,1,1,1,1,1,0,0,0,0,,,0,0,1,1,1,1,1,1,,one_display_only,atp_2012,full_data
181,171,1,1,1,1,1,1,1,0,0,0,0,,,0,0,1,1,1,1,1,1,,one_display_only,atp_2012,full_data
181,184,1,1,2,0.5,2,2,2,2,0,0,0,,,0,0,1,1,2,2,0.5,0.5,,one_display_only,atp_2012,full_data
181,200,1,1,1,1,1,1,1,0,0,0,0,,,0,0,1,1,1,1,1,1,,one_display_only,atp_2012,full_data
181,202,1,1,1,1,1,1,1,0,0,0,0,,,0,0,1,1,1,1,1,1,,one_display_only,atp_2012,full_data
181,219,1,1,1,1,1,1,1,0,0,0,0,,,0,0,1,1,1,1,1,1,,one_display_only,atp_2012,full_data
181,238,1,1,1,1,1,1,1,0,0,0,0,,,0,0,1,1,1,1,1,1,,one_display_only,atp_2012,full_data
181,246,1,1,1,1,1,1,1,0,0,0,0,,,0,0,1,1,1,1,1,1,,one_display_only,atp_2012,full_data
181,250,1,1,2,1,2,2,2,2,0,0,0,,,0,0,1,1,2,2,1,1,,one_display_only,atp_2012,full_data
181,256,1,1,1,1,1,1,1,0,0,0,0,,,0,0,1,1,1,1,1,1,,one_display_only,atp_2012,full_data
181,258,1,1,3,0.333333333333333,3,3,3,3,0,0,0,,,0,0,1,1,3,3,0.333333333333333,0.333333333333333,,one_display_only,atp_2012,full_data
181,286,1,1,1,0,1,1,1,0,0,0,0,,,0,0,1,1,1,1,0,0,,one_display_only,atp_2012,full_data
181,287,1,1,1,1,1,1,1,0,0,0,0,,,0,0,1,1,1,1,1,1,,one_display_only,atp_2012,full_data
181,363,1,1,1,1,1,1,1,0,0,0,0,,,0,0,1,1,1,1,1,1,,one_display_only,atp_2012,full_data
181,377,1,1,1,1,1,1,1,0,0,0,0,,,0,0,1,1,1,1,1,1,,one_display_only,atp_2012,full_data
181,401,1,1,1,1,1,1,1,0,0,0,0,,,0,0,1,1,1,1,1,1,,one_display_only,atp_2012,full_data
184,23,1,1,1,0,1,1,1,0,0,0,0,,,0,0,1,1,1,1,0,0,,one_display_only,atp_2012,full_data
184,36,1,1,1,1,1,1,1,0,0,0,0,,,0,0,1,1,1,1,1,1,,one_display_only,atp_2012,full_data
184,63,1,1,2,1,2,2,2,2,0,0,0,,,0,0,1,1,2,2,1,1,,one_display_only,atp_2012,full_data
184,92,1,1,1,1,1,1,1,0,0,0,0,,,0,0,1,1,1,1,1,1,,one_display_only,atp_2012,full_data
184,109,1,1,1,1,1,1,1,0,0,0,0,,,0,0,1,1,1,1,1,1,,one_display_only,atp_2012,full_data
184,148,1,1,1,0,1,1,1,0,0,0,0,,,0,0,1,1,1,1,0,0,,one_display_only,atp_2012,full_data
184,163,1,1,1,1,1,1,1,0,0,0,0,,,0,0,1,1,1,1,1,1,,one_display_only,atp_2012,full_data
184,180,1,1,1,1,1,1,1,0,0,0,0,,,0,0,1,1,1,1,1,1,,one_display_only,atp_2012,full_data
184,187,1,1,1,1,1,1,1,0,0,0,0,,,0,0,1,1,1,1,1,1,,one_display_only,atp_2012,full_data
184,202,1,1,1,0,1,1,1,0,0,0,0,,,0,0,1,1,1,1,0,0,,one_display_only,atp_2012,full_data
184,207,1,1,3,0.666666666666667,3,3,3,3,0,0,0,,,0,0,1,1,3,3,0.666666666666667,0.666666666666667,,one_display_only,atp_2012,full_data
184,232,1,1,1,1,1,1,1,0,0,0,0,,,0,0,1,1,1,1,1,1,,one_display_only,atp_2012,full_data
184,251,1,1,1,1,1,1,1,0,0,0,0,,,0,0,1,1,1,1,1,1,,one_display_only,atp_2012,full_data
184,295,1,1,2,0.5,2,2,2,2,0,0,0,,,0,0,1,1,2,2,0.5,0.5,,one_display_only,atp_2012,full_data
184,300,1,1,1,1,1,1,1,0,0,0,0,,,0,0,1,1,1,1,1,1,,one_display_only,atp_2012,full_data
184,314,1,1,1,1,1,1,1,0,0,0,0,,,0,0,1,1,1,1,1,1,,one_display_only,atp_2012,full_data
185,391,1,1,1,1,1,1,1,0,0,0,0,,,0,0,1,1,1,1,1,1,,one_display_only,atp_2012,full_data
187,13,1,1,1,0,1,1,1,0,0,0,0,,,0,0,1,1,1,1,0,0,,one_display_only,atp_2012,full_data
187,54,1,1,1,1,1,1,1,0,0,0,0,,,0,0,1,1,1,1,1,1,,one_display_only,atp_2012,full_data
187,63,1,1,1,1,1,1,1,0,0,0,0,,,0,0,1,1,1,1,1,1,,one_display_only,atp_2012,full_data
187,92,1,1,1,1,1,1,1,0,0,0,0,,,0,0,1,1,1,1,1,1,,one_display_only,atp_2012,full_data
187,114,1,1,1,0,1,1,1,0,0,0,0,,,0,0,1,1,1,1,0,0,,one_display_only,atp_2012,full_data
187,134,1,1,1,1,1,1,1,0,0,0,0,,,0,0,1,1,1,1,1,1,,one_display_only,atp_2012,full_data
187,360,1,1,1,1,1,1,1,0,0,0,0,,,0,0,1,1,1,1,1,1,,one_display_only,atp_2012,full_data
188,13,1,1,1,1,1,1,1,0,0,0,0,,,0,0,1,1,1,1,1,1,,one_display_only,atp_2012,full_data
188,40,1,1,1,0,1,1,1,0,0,0,0,,,0,0,1,1,1,1,0,0,,one_display_only,atp_2012,full_data
188,109,1,1,1,0,1,1,1,0,0,0,0,,,0,0,1,1,1,1,0,0,,one_display_only,atp_2012,full_data
188,114,1,1,1,1,1,1,1,0,0,0,0,,,0,0,1,1,1,1,1,1,,one_display_only,atp_2012,full_data
188,132,1,1,1,1,1,1,1,0,0,0,0,,,0,0,1,1,1,1,1,1,,one_display_only,atp_2012,full_data
188,173,1,1,1,1,1,1,1,0,0,0,0,,,0,0,1,1,1,1,1,1,,one_display_only,atp_2012,full_data
188,185,1,1,1,1,1,1,1,0,0,0,0,,,0,0,1,1,1,1,1,1,,one_display_only,atp_2012,full_data
188,202,1,1,1,0,1,1,1,0,0,0,0,,,0,0,1,1,1,1,0,0,,one_display_only,atp_2012,full_data
188,219,1,1,2,0.5,2,2,2,2,0,0,0,,,0,0,1,1,2,2,0.5,0.5,,one_display_only,atp_2012,full_data
188,241,1,1,1,1,1,1,1,0,0,0,0,,,0,0,1,1,1,1,1,1,,one_display_only,atp_2012,full_data
188,244,1,1,1,1,1,1,1,0,0,0,0,,,0,0,1,1,1,1,1,1,,one_display_only,atp_2012,full_data
188,251,1,1,2,0.5,2,2,2,2,0,0,0,,,0,0,1,1,2,2,0.5,0.5,,one_display_only,atp_2012,full_data
188,282,1,1,2,0.5,2,2,2,2,0,0,0,,,0,0,1,1,2,2,0.5,0.5,,one_display_only,atp_2012,full_data
188,290,1,1,1,1,1,1,1,0,0,0,0,,,0,0,1,1,1,1,1,1,,one_display_only,atp_2012,full_data
188,294,1,1,1,1,1,1,1,0,0,0,0,,,0,0,1,1,1,1,1,1,,one_display_only,atp_2012,full_data
188,317,1,1,1,1,1,1,1,0,0,0,0,,,0,0,1,1,1,1,1,1,,one_display_only,atp_2012,full_data
188,416,1,1,1,1,1,1,1,0,0,0,0,,,0,0,1,1,1,1,1,1,,one_display_only,atp_2012,full_data
189,15,1,1,2,0.5,2,2,2,2,0,0,0,,,0,0,1,1,2,2,0.5,0.5,,one_display_only,atp_2012,full_data
189,28,1,1,1,1,1,1,1,0,0,0,0,,,0,0,1,1,1,1,1,1,,one_display_only,atp_2012,full_data
189,38,1,1,1,1,1,1,1,0,0,0,0,,,0,0,1,1,1,1,1,1,,one_display_only,atp_2012,full_data
189,50,1,1,1,1,1,1,1,0,0,0,0,,,0,0,1,1,1,1,1,1,,one_display_only,atp_2012,full_data
189,53,1,1,1,1,1,1,1,0,0,0,0,,,0,0,1,1,1,1,1,1,,one_display_only,atp_2012,full_data
189,58,1,1,1,1,1,1,1,0,0,0,0,,,0,0,1,1,1,1,1,1,,one_display_only,atp_2012,full_data
189,59,1,1,1,1,1,1,1,0,0,0,0,,,0,0,1,1,1,1,1,1,,one_display_only,atp_2012,full_data
189,62,1,1,2,1,2,2,2,2,0,0,0,,,0,0,1,1,2,2,1,1,,one_display_only,atp_2012,full_data
189,63,1,1,1,1,1,1,1,0,0,0,0,,,0,0,1,1,1,1,1,1,,one_display_only,atp_2012,full_data
189,68,1,1,1,1,1,1,1,0,0,0,0,,,0,0,1,1,1,1,1,1,,one_display_only,atp_2012,full_data
189,78,1,1,1,1,1,1,1,0,0,0,0,,,0,0,1,1,1,1,1,1,,one_display_only,atp_2012,full_data
189,92,1,1,1,1,1,1,1,0,0,0,0,,,0,0,1,1,1,1,1,1,,one_display_only,atp_2012,full_data
189,109,1,1,1,1,1,1,1,0,0,0,0,,,0,0,1,1,1,1,1,1,,one_display_only,atp_2012,full_data
189,114,1,1,1,1,1,1,1,0,0,0,0,,,0,0,1,1,1,1,1,1,,one_display_only,atp_2012,full_data
189,120,1,1,1,1,1,1,1,0,0,0,0,,,0,0,1,1,1,1,1,1,,one_display_only,atp_2012,full_data
189,124,1,1,1,1,1,1,1,0,0,0,0,,,0,0,1,1,1,1,1,1,,one_display_only,atp_2012,full_data
189,133,1,1,2,0.5,2,2,2,2,0,0,0,,,0,0,1,1,2,2,0.5,0.5,,one_display_only,atp_2012,full_data
189,136,1,1,2,0.5,2,2,2,2,0,0,0,,,0,0,1,1,2,2,0.5,0.5,,one_display_only,atp_2012,full_data
189,137,1,1,2,1,2,2,2,2,0,0,0,,,0,0,1,1,2,2,1,1,,one_display_only,atp_2012,full_data
189,146,1,1,2,1,2,2,2,2,0,0,0,,,0,0,1,1,2,2,1,1,,one_display_only,atp_2012,full_data
189,148,1,1,1,1,1,1,1,0,0,0,0,,,0,0,1,1,1,1,1,1,,one_display_only,atp_2012,full_data
189,153,1,1,1,1,1,1,1,0,0,0,0,,,0,0,1,1,1,1,1,1,,one_display_only,atp_2012,full_data
189,162,1,1,1,1,1,1,1,0,0,0,0,,,0,0,1,1,1,1,1,1,,one_display_only,atp_2012,full_data
189,172,1,1,3,0.666666666666667,3,3,3,3,0,0,0,,,0,0,1,1,3,3,0.666666666666667,0.666666666666667,,one_display_only,atp_2012,full_data
189,181,1,1,1,1,1,1,1,0,0,0,0,,,0,0,1,1,1,1,1,1,,one_display_only,atp_2012,full_data
189,187,1,1,1,1,1,1,1,0,0,0,0,,,0,0,1,1,1,1,1,1,,one_display_only,atp_2012,full_data
189,207,1,1,1,1,1,1,1,0,0,0,0,,,0,0,1,1,1,1,1,1,,one_display_only,atp_2012,full_data
189,214,1,1,1,1,1,1,1,0,0,0,0,,,0,0,1,1,1,1,1,1,,one_display_only,atp_2012,full_data
189,219,1,1,1,1,1,1,1,0,0,0,0,,,0,0,1,1,1,1,1,1,,one_display_only,atp_2012,full_data
189,256,1,1,1,1,1,1,1,0,0,0,0,,,0,0,1,1,1,1,1,1,,one_display_only,atp_2012,full_data
189,270,1,1,1,1,1,1,1,0,0,0,0,,,0,0,1,1,1,1,1,1,,one_display_only,atp_2012,full_data
189,281,1,1,3,1,3,3,3,3,0,0,0,,,0,0,1,1,3,3,1,1,,one_display_only,atp_2012,full_data
189,288,1,1,3,1,3,3,3,3,0,0,0,,,0,0,1,1,3,3,1,1,,one_display_only,atp_2012,full_data
189,295,1,1,2,1,2,2,2,2,0,0,0,,,0,0,1,1,2,2,1,1,,one_display_only,atp_2012,full_data
189,299,1,1,1,1,1,1,1,0,0,0,0,,,0,0,1,1,1,1,1,1,,one_display_only,atp_2012,full_data
189,304,1,1,1,1,1,1,1,0,0,0,0,,,0,0,1,1,1,1,1,1,,one_display_only,atp_2012,full_data
189,306,1,1,1,0,1,1,1,0,0,0,0,,,0,0,1,1,1,1,0,0,,one_display_only,atp_2012,full_data
189,318,1,1,1,1,1,1,1,0,0,0,0,,,0,0,1,1,1,1,1,1,,one_display_only,atp_2012,full_data
189,322,1,1,1,1,1,1,1,0,0,0,0,,,0,0,1,1,1,1,1,1,,one_display_only,atp_2012,full_data
189,335,1,1,1,1,1,1,1,0,0,0,0,,,0,0,1,1,1,1,1,1,,one_display_only,atp_2012,full_data
189,359,1,1,1,1,1,1,1,0,0,0,0,,,0,0,1,1,1,1,1,1,,one_display_only,atp_2012,full_data
189,372,1,1,1,1,1,1,1,0,0,0,0,,,0,0,1,1,1,1,1,1,,one_display_only,atp_2012,full_data
189,375,1,1,1,1,1,1,1,0,0,0,0,,,0,0,1,1,1,1,1,1,,one_display_only,atp_2012,full_data
189,377,1,1,1,1,1,1,1,0,0,0,0,,,0,0,1,1,1,1,1,1,,one_display_only,atp_2012,full_data
189,386,1,1,1,1,1,1,1,0,0,0,0,,,0,0,1,1,1,1,1,1,,one_display_only,atp_2012,full_data
189,406,1,1,1,1,1,1,1,0,0,0,0,,,0,0,1,1,1,1,1,1,,one_display_only,atp_2012,full_data
190,211,1,1,1,1,1,1,1,0,0,0,0,,,0,0,1,1,1,1,1,1,,one_display_only,atp_2012,full_data
190,277,1,1,1,1,1,1,1,0,0,0,0,,,0,0,1,1,1,1,1,1,,one_display_only,atp_2012,full_data
190,453,1,1,1,1,1,1,1,0,0,0,0,,,0,0,1,1,1,1,1,1,,one_display_only,atp_2012,full_data
192,36,1,1,1,1,1,1,1,0,0,0,0,,,0,0,1,1,1,1,1,1,,one_display_only,atp_2012,full_data
192,50,1,1,1,1,1,1,1,0,0,0,0,,,0,0,1,1,1,1,1,1,,one_display_only,atp_2012,full_data
192,54,1,1,1,1,1,1,1,0,0,0,0,,,0,0,1,1,1,1,1,1,,one_display_only,atp_2012,full_data
192,60,1,1,1,1,1,1,1,0,0,0,0,,,0,0,1,1,1,1,1,1,,one_display_only,atp_2012,full_data
192,64,1,1,1,1,1,1,1,0,0,0,0,,,0,0,1,1,1,1,1,1,,one_display_only,atp_2012,full_data
192,79,1,1,1,1,1,1,1,0,0,0,0,,,0,0,1,1,1,1,1,1,,one_display_only,atp_2012,full_data
192,82,1,1,2,1,2,2,2,2,0,0,0,,,0,0,1,1,2,2,1,1,,one_display_only,atp_2012,full_data
192,92,1,1,1,1,1,1,1,0,0,0,0,,,0,0,1,1,1,1,1,1,,one_display_only,atp_2012,full_data
192,96,1,1,1,1,1,1,1,0,0,0,0,,,0,0,1,1,1,1,1,1,,one_display_only,atp_2012,full_data
192,101,1,1,2,1,2,2,2,2,0,0,0,,,0,0,1,1,2,2,1,1,,one_display_only,atp_2012,full_data
192,109,1,1,2,1,2,2,2,2,0,0,0,,,0,0,1,1,2,2,1,1,,one_display_only,atp_2012,full_data
192,114,1,1,1,1,1,1,1,0,0,0,0,,,0,0,1,1,1,1,1,1,,one_display_only,atp_2012,full_data
192,127,1,1,1,1,1,1,1,0,0,0,0,,,0,0,1,1,1,1,1,1,,one_display_only,atp_2012,full_data
192,133,1,1,1,1,1,1,1,0,0,0,0,,,0,0,1,1,1,1,1,1,,one_display_only,atp_2012,full_data
192,135,1,1,1,1,1,1,1,0,0,0,0,,,0,0,1,1,1,1,1,1,,one_display_only,atp_2012,full_data
192,136,1,1,1,1,1,1,1,0,0,0,0,,,0,0,1,1,1,1,1,1,,one_display_only,atp_2012,full_data
192,144,1,1,3,1,3,3,3,3,0,0,0,,,0,0,1,1,3,3,1,1,,one_display_only,atp_2012,full_data
192,146,1,1,2,0.5,2,2,2,2,0,0,0,,,0,0,1,1,2,2,0.5,0.5,,one_display_only,atp_2012,full_data
192,153,1,1,2,0.5,2,2,2,2,0,0,0,,,0,0,1,1,2,2,0.5,0.5,,one_display_only,atp_2012,full_data
192,157,1,1,1,1,1,1,1,0,0,0,0,,,0,0,1,1,1,1,1,1,,one_display_only,atp_2012,full_data
192,162,1,1,1,0,1,1,1,0,0,0,0,,,0,0,1,1,1,1,0,0,,one_display_only,atp_2012,full_data
192,173,1,1,1,1,1,1,1,0,0,0,0,,,0,0,1,1,1,1,1,1,,one_display_only,atp_2012,full_data
192,175,1,1,3,1,3,3,3,3,0,0,0,,,0,0,1,1,3,3,1,1,,one_display_only,atp_2012,full_data
192,176,1,1,1,0,1,1,1,0,0,0,0,,,0,0,1,1,1,1,0,0,,one_display_only,atp_2012,full_data
192,184,1,1,1,1,1,1,1,0,0,0,0,,,0,0,1,1,1,1,1,1,,one_display_only,atp_2012,full_data
192,189,1,1,6,0.833333333333333,6,6,6,6,0,0,0,,,0,0,1,1,6,6,0.833333333333333,0.833333333333333,,one_display_only,atp_2012,full_data
192,194,1,1,1,1,1,1,1,0,0,0,0,,,0,0,1,1,1,1,1,1,,one_display_only,atp_2012,full_data
192,200,1,1,1,1,1,1,1,0,0,0,0,,,0,0,1,1,1,1,1,1,,one_display_only,atp_2012,full_data
192,207,1,1,2,1,2,2,2,2,0,0,0,,,0,0,1,1,2,2,1,1,,one_display_only,atp_2012,full_data
192,217,1,1,4,1,4,4,4,4,0,0,0,,,0,0,1,1,4,4,1,1,,one_display_only,atp_2012,full_data
192,231,1,1,2,1,2,2,2,2,0,0,0,,,0,0,1,1,2,2,1,1,,one_display_only,atp_2012,full_data
192,281,1,1,3,1,3,3,3,3,0,0,0,,,0,0,1,1,3,3,1,1,,one_display_only,atp_2012,full_data
192,286,1,1,1,1,1,1,1,0,0,0,0,,,0,0,1,1,1,1,1,1,,one_display_only,atp_2012,full_data
192,295,1,1,1,1,1,1,1,0,0,0,0,,,0,0,1,1,1,1,1,1,,one_display_only,atp_2012,full_data
192,303,1,1,2,1,2,2,2,2,0,0,0,,,0,0,1,1,2,2,1,1,,one_display_only,atp_2012,full_data
192,317,1,1,1,0,1,1,1,0,0,0,0,,,0,0,1,1,1,1,0,0,,one_display_only,atp_2012,full_data
192,322,1,1,1,1,1,1,1,0,0,0,0,,,0,0,1,1,1,1,1,1,,one_display_only,atp_2012,full_data
192,335,1,1,1,1,1,1,1,0,0,0,0,,,0,0,1,1,1,1,1,1,,one_display_only,atp_2012,full_data
192,349,1,1,2,0.5,2,2,2,2,0,0,0,,,0,0,1,1,2,2,0.5,0.5,,one_display_only,atp_2012,full_data
192,377,1,1,1,1,1,1,1,0,0,0,0,,,0,0,1,1,1,1,1,1,,one_display_only,atp_2012,full_data
192,386,1,1,1,0,1,1,1,0,0,0,0,,,0,0,1,1,1,1,0,0,,one_display_only,atp_2012,full_data
193,17,1,1,1,1,1,1,1,0,0,0,0,,,0,0,1,1,1,1,1,1,,one_display_only,atp_2012,full_data
193,337,1,1,1,1,1,1,1,0,0,0,0,,,0,0,1,1,1,1,1,1,,one_display_only,atp_2012,full_data
194,112,1,1,1,1,1,1,1,0,0,0,0,,,0,0,1,1,1,1,1,1,,one_display_only,atp_2012,full_data
194,177,1,1,2,1,2,2,2,2,0,0,0,,,0,0,1,1,2,2,1,1,,one_display_only,atp_2012,full_data
194,295,1,1,1,0,1,1,1,0,0,0,0,,,0,0,1,1,1,1,0,0,,one_display_only,atp_2012,full_data
194,317,1,1,1,1,1,1,1,0,0,0,0,,,0,0,1,1,1,1,1,1,,one_display_only,atp_2012,full_data
197,23,1,1,1,0,1,1,1,0,0,0,0,,,0,0,1,1,1,1,0,0,,one_display_only,atp_2012,full_data
197,78,1,1,1,0,1,1,1,0,0,0,0,,,0,0,1,1,1,1,0,0,,one_display_only,atp_2012,full_data
197,137,1,1,1,1,1,1,1,0,0,0,0,,,0,0,1,1,1,1,1,1,,one_display_only,atp_2012,full_data
197,247,1,1,1,1,1,1,1,0,0,0,0,,,0,0,1,1,1,1,1,1,,one_display_only,atp_2012,full_data
197,303,1,1,1,1,1,1,1,0,0,0,0,,,0,0,1,1,1,1,1,1,,one_display_only,atp_2012,full_data
197,309,1,1,1,1,1,1,1,0,0,0,0,,,0,0,1,1,1,1,1,1,,one_display_only,atp_2012,full_data
200,22,1,1,1,1,1,1,1,0,0,0,0,,,0,0,1,1,1,1,1,1,,one_display_only,atp_2012,full_data
200,25,1,1,1,1,1,1,1,0,0,0,0,,,0,0,1,1,1,1,1,1,,one_display_only,atp_2012,full_data
200,81,1,1,1,1,1,1,1,0,0,0,0,,,0,0,1,1,1,1,1,1,,one_display_only,atp_2012,full_data
200,114,1,1,1,1,1,1,1,0,0,0,0,,,0,0,1,1,1,1,1,1,,one_display_only,atp_2012,full_data
200,134,1,1,1,1,1,1,1,0,0,0,0,,,0,0,1,1,1,1,1,1,,one_display_only,atp_2012,full_data
200,179,1,1,1,1,1,1,1,0,0,0,0,,,0,0,1,1,1,1,1,1,,one_display_only,atp_2012,full_data
200,202,1,1,1,1,1,1,1,0,0,0,0,,,0,0,1,1,1,1,1,1,,one_display_only,atp_2012,full_data
200,216,1,1,1,1,1,1,1,0,0,0,0,,,0,0,1,1,1,1,1,1,,one_display_only,atp_2012,full_data
200,278,1,1,1,1,1,1,1,0,0,0,0,,,0,0,1,1,1,1,1,1,,one_display_only,atp_2012,full_data
200,356,1,1,1,1,1,1,1,0,0,0,0,,,0,0,1,1,1,1,1,1,,one_display_only,atp_2012,full_data
200,373,1,1,1,1,1,1,1,0,0,0,0,,,0,0,1,1,1,1,1,1,,one_display_only,atp_2012,full_data
202,20,1,1,1,0,1,1,1,0,0,0,0,,,0,0,1,1,1,1,0,0,,one_display_only,atp_2012,full_data
202,62,1,1,1,1,1,1,1,0,0,0,0,,,0,0,1,1,1,1,1,1,,one_display_only,atp_2012,full_data
202,63,1,1,2,0.5,2,2,2,2,0,0,0,,,0,0,1,1,2,2,0.5,0.5,,one_display_only,atp_2012,full_data
202,68,1,1,1,1,1,1,1,0,0,0,0,,,0,0,1,1,1,1,1,1,,one_display_only,atp_2012,full_data
202,73,1,1,1,1,1,1,1,0,0,0,0,,,0,0,1,1,1,1,1,1,,one_display_only,atp_2012,full_data
202,134,1,1,1,1,1,1,1,0,0,0,0,,,0,0,1,1,1,1,1,1,,one_display_only,atp_2012,full_data
202,244,1,1,1,0,1,1,1,0,0,0,0,,,0,0,1,1,1,1,0,0,,one_display_only,atp_2012,full_data
202,286,1,1,1,1,1,1,1,0,0,0,0,,,0,0,1,1,1,1,1,1,,one_display_only,atp_2012,full_data
202,295,1,1,3,0.666666666666667,3,3,3,3,0,0,0,,,0,0,1,1,3,3,0.666666666666667,0.666666666666667,,one_display_only,atp_2012,full_data
202,332,1,1,1,1,1,1,1,0,0,0,0,,,0,0,1,1,1,1,1,1,,one_display_only,atp_2012,full_data
203,273,1,1,1,1,1,1,1,0,0,0,0,,,0,0,1,1,1,1,1,1,,one_display_only,atp_2012,full_data
204,241,1,1,1,1,1,1,1,0,0,0,0,,,0,0,1,1,1,1,1,1,,one_display_only,atp_2012,full_data
204,328,1,1,1,1,1,1,1,0,0,0,0,,,0,0,1,1,1,1,1,1,,one_display_only,atp_2012,full_data
204,398,1,1,1,1,1,1,1,0,0,0,0,,,0,0,1,1,1,1,1,1,,one_display_only,atp_2012,full_data
205,61,1,1,1,1,1,1,1,0,0,0,0,,,0,0,1,1,1,1,1,1,,one_display_only,atp_2012,full_data
205,364,1,1,1,1,1,1,1,0,0,0,0,,,0,0,1,1,1,1,1,1,,one_display_only,atp_2012,full_data
206,160,1,1,1,1,1,1,1,0,0,0,0,,,0,0,1,1,1,1,1,1,,one_display_only,atp_2012,full_data
207,15,1,1,1,1,1,1,1,0,0,0,0,,,0,0,1,1,1,1,1,1,,one_display_only,atp_2012,full_data
207,22,1,1,1,1,1,1,1,0,0,0,0,,,0,0,1,1,1,1,1,1,,one_display_only,atp_2012,full_data
207,40,1,1,1,0,1,1,1,0,0,0,0,,,0,0,1,1,1,1,0,0,,one_display_only,atp_2012,full_data
207,53,1,1,2,1,2,2,2,2,0,0,0,,,0,0,1,1,2,2,1,1,,one_display_only,atp_2012,full_data
207,60,1,1,1,1,1,1,1,0,0,0,0,,,0,0,1,1,1,1,1,1,,one_display_only,atp_2012,full_data
207,68,1,1,1,1,1,1,1,0,0,0,0,,,0,0,1,1,1,1,1,1,,one_display_only,atp_2012,full_data
207,106,1,1,1,1,1,1,1,0,0,0,0,,,0,0,1,1,1,1,1,1,,one_display_only,atp_2012,full_data
207,114,1,1,2,0.5,2,2,2,2,0,0,0,,,0,0,1,1,2,2,0.5,0.5,,one_display_only,atp_2012,full_data
207,119,1,1,1,1,1,1,1,0,0,0,0,,,0,0,1,1,1,1,1,1,,one_display_only,atp_2012,full_data
207,132,1,1,1,1,1,1,1,0,0,0,0,,,0,0,1,1,1,1,1,1,,one_display_only,atp_2012,full_data
207,159,1,1,1,1,1,1,1,0,0,0,0,,,0,0,1,1,1,1,1,1,,one_display_only,atp_2012,full_data
207,163,1,1,2,1,2,2,2,2,0,0,0,,,0,0,1,1,2,2,1,1,,one_display_only,atp_2012,full_data
207,193,1,1,1,1,1,1,1,0,0,0,0,,,0,0,1,1,1,1,1,1,,one_display_only,atp_2012,full_data
207,200,1,1,1,1,1,1,1,0,0,0,0,,,0,0,1,1,1,1,1,1,,one_display_only,atp_2012,full_data
207,250,1,1,2,0.5,2,2,2,2,0,0,0,,,0,0,1,1,2,2,0.5,0.5,,one_display_only,atp_2012,full_data
207,251,1,1,1,1,1,1,1,0,0,0,0,,,0,0,1,1,1,1,1,1,,one_display_only,atp_2012,full_data
207,258,1,1,1,0,1,1,1,0,0,0,0,,,0,0,1,1,1,1,0,0,,one_display_only,atp_2012,full_data
207,319,1,1,1,1,1,1,1,0,0,0,0,,,0,0,1,1,1,1,1,1,,one_display_only,atp_2012,full_data
207,343,1,1,1,1,1,1,1,0,0,0,0,,,0,0,1,1,1,1,1,1,,one_display_only,atp_2012,full_data
207,373,1,1,1,0,1,1,1,0,0,0,0,,,0,0,1,1,1,1,0,0,,one_display_only,atp_2012,full_data
207,401,1,1,1,0,1,1,1,0,0,0,0,,,0,0,1,1,1,1,0,0,,one_display_only,atp_2012,full_data
214,26,1,1,1,0,1,1,1,0,0,0,0,,,0,0,1,1,1,1,0,0,,one_display_only,atp_2012,full_data
214,62,1,1,1,1,1,1,1,0,0,0,0,,,0,0,1,1,1,1,1,1,,one_display_only,atp_2012,full_data
214,72,1,1,1,1,1,1,1,0,0,0,0,,,0,0,1,1,1,1,1,1,,one_display_only,atp_2012,full_data
214,79,1,1,1,0,1,1,1,0,0,0,0,,,0,0,1,1,1,1,0,0,,one_display_only,atp_2012,full_data
214,92,1,1,1,0,1,1,1,0,0,0,0,,,0,0,1,1,1,1,0,0,,one_display_only,atp_2012,full_data
214,96,1,1,1,1,1,1,1,0,0,0,0,,,0,0,1,1,1,1,1,1,,one_display_only,atp_2012,full_data
214,109,1,1,1,1,1,1,1,0,0,0,0,,,0,0,1,1,1,1,1,1,,one_display_only,atp_2012,full_data
214,124,1,1,1,1,1,1,1,0,0,0,0,,,0,0,1,1,1,1,1,1,,one_display_only,atp_2012,full_data
214,132,1,1,1,1,1,1,1,0,0,0,0,,,0,0,1,1,1,1,1,1,,one_display_only,atp_2012,full_data
214,136,1,1,1,1,1,1,1,0,0,0,0,,,0,0,1,1,1,1,1,1,,one_display_only,atp_2012,full_data
214,138,1,1,1,1,1,1,1,0,0,0,0,,,0,0,1,1,1,1,1,1,,one_display_only,atp_2012,full_data
214,162,1,1,1,1,1,1,1,0,0,0,0,,,0,0,1,1,1,1,1,1,,one_display_only,atp_2012,full_data
214,171,1,1,2,0,2,2,2,2,0,0,0,,,0,0,1,1,2,2,0,0,,one_display_only,atp_2012,full_data
214,184,1,1,1,0,1,1,1,0,0,0,0,,,0,0,1,1,1,1,0,0,,one_display_only,atp_2012,full_data
214,200,1,1,1,1,1,1,1,0,0,0,0,,,0,0,1,1,1,1,1,1,,one_display_only,atp_2012,full_data
214,207,1,1,1,0,1,1,1,0,0,0,0,,,0,0,1,1,1,1,0,0,,one_display_only,atp_2012,full_data
214,232,1,1,1,0,1,1,1,0,0,0,0,,,0,0,1,1,1,1,0,0,,one_display_only,atp_2012,full_data
214,246,1,1,1,1,1,1,1,0,0,0,0,,,0,0,1,1,1,1,1,1,,one_display_only,atp_2012,full_data
214,250,1,1,1,1,1,1,1,0,0,0,0,,,0,0,1,1,1,1,1,1,,one_display_only,atp_2012,full_data
214,258,1,1,1,1,1,1,1,0,0,0,0,,,0,0,1,1,1,1,1,1,,one_display_only,atp_2012,full_data
214,270,1,1,1,1,1,1,1,0,0,0,0,,,0,0,1,1,1,1,1,1,,one_display_only,atp_2012,full_data
214,274,1,1,1,1,1,1,1,0,0,0,0,,,0,0,1,1,1,1,1,1,,one_display_only,atp_2012,full_data
214,282,1,1,1,1,1,1,1,0,0,0,0,,,0,0,1,1,1,1,1,1,,one_display_only,atp_2012,full_data
214,287,1,1,1,0,1,1,1,0,0,0,0,,,0,0,1,1,1,1,0,0,,one_display_only,atp_2012,full_data
214,288,1,1,1,0,1,1,1,0,0,0,0,,,0,0,1,1,1,1,0,0,,one_display_only,atp_2012,full_data
214,291,1,1,1,1,1,1,1,0,0,0,0,,,0,0,1,1,1,1,1,1,,one_display_only,atp_2012,full_data
214,317,1,1,1,1,1,1,1,0,0,0,0,,,0,0,1,1,1,1,1,1,,one_display_only,atp_2012,full_data
214,324,1,1,1,0,1,1,1,0,0,0,0,,,0,0,1,1,1,1,0,0,,one_display_only,atp_2012,full_data
214,333,1,1,1,1,1,1,1,0,0,0,0,,,0,0,1,1,1,1,1,1,,one_display_only,atp_2012,full_data
214,401,1,1,1,1,1,1,1,0,0,0,0,,,0,0,1,1,1,1,1,1,,one_display_only,atp_2012,full_data
214,405,1,1,1,1,1,1,1,0,0,0,0,,,0,0,1,1,1,1,1,1,,one_display_only,atp_2012,full_data
215,10,1,1,1,1,1,1,1,0,0,0,0,,,0,0,1,1,1,1,1,1,,one_display_only,atp_2012,full_data
215,16,1,1,1,1,1,1,1,0,0,0,0,,,0,0,1,1,1,1,1,1,,one_display_only,atp_2012,full_data
215,64,1,1,1,0,1,1,1,0,0,0,0,,,0,0,1,1,1,1,0,0,,one_display_only,atp_2012,full_data
215,132,1,1,1,1,1,1,1,0,0,0,0,,,0,0,1,1,1,1,1,1,,one_display_only,atp_2012,full_data
215,173,1,1,1,1,1,1,1,0,0,0,0,,,0,0,1,1,1,1,1,1,,one_display_only,atp_2012,full_data
215,373,1,1,1,0,1,1,1,0,0,0,0,,,0,0,1,1,1,1,0,0,,one_display_only,atp_2012,full_data
217,13,1,1,1,0,1,1,1,0,0,0,0,,,0,0,1,1,1,1,0,0,,one_display_only,atp_2012,full_data
217,26,1,1,1,0,1,1,1,0,0,0,0,,,0,0,1,1,1,1,0,0,,one_display_only,atp_2012,full_data
217,40,1,1,1,1,1,1,1,0,0,0,0,,,0,0,1,1,1,1,1,1,,one_display_only,atp_2012,full_data
217,53,1,1,1,0,1,1,1,0,0,0,0,,,0,0,1,1,1,1,0,0,,one_display_only,atp_2012,full_data
217,54,1,1,1,1,1,1,1,0,0,0,0,,,0,0,1,1,1,1,1,1,,one_display_only,atp_2012,full_data
217,64,1,1,2,1,2,2,2,2,0,0,0,,,0,0,1,1,2,2,1,1,,one_display_only,atp_2012,full_data
217,72,1,1,1,1,1,1,1,0,0,0,0,,,0,0,1,1,1,1,1,1,,one_display_only,atp_2012,full_data
217,78,1,1,1,1,1,1,1,0,0,0,0,,,0,0,1,1,1,1,1,1,,one_display_only,atp_2012,full_data
217,102,1,1,1,1,1,1,1,0,0,0,0,,,0,0,1,1,1,1,1,1,,one_display_only,atp_2012,full_data
217,114,1,1,1,1,1,1,1,0,0,0,0,,,0,0,1,1,1,1,1,1,,one_display_only,atp_2012,full_data
217,128,1,1,1,1,1,1,1,0,0,0,0,,,0,0,1,1,1,1,1,1,,one_display_only,atp_2012,full_data
217,150,1,1,1,1,1,1,1,0,0,0,0,,,0,0,1,1,1,1,1,1,,one_display_only,atp_2012,full_data
217,177,1,1,1,1,1,1,1,0,0,0,0,,,0,0,1,1,1,1,1,1,,one_display_only,atp_2012,full_data
217,188,1,1,2,1,2,2,2,2,0,0,0,,,0,0,1,1,2,2,1,1,,one_display_only,atp_2012,full_data
217,200,1,1,1,1,1,1,1,0,0,0,0,,,0,0,1,1,1,1,1,1,,one_display_only,atp_2012,full_data
217,244,1,1,1,1,1,1,1,0,0,0,0,,,0,0,1,1,1,1,1,1,,one_display_only,atp_2012,full_data
217,287,1,1,1,1,1,1,1,0,0,0,0,,,0,0,1,1,1,1,1,1,,one_display_only,atp_2012,full_data
217,303,1,1,1,1,1,1,1,0,0,0,0,,,0,0,1,1,1,1,1,1,,one_display_only,atp_2012,full_data
217,309,1,1,1,1,1,1,1,0,0,0,0,,,0,0,1,1,1,1,1,1,,one_display_only,atp_2012,full_data
217,314,1,1,1,0,1,1,1,0,0,0,0,,,0,0,1,1,1,1,0,0,,one_display_only,atp_2012,full_data
217,317,1,1,1,0,1,1,1,0,0,0,0,,,0,0,1,1,1,1,0,0,,one_display_only,atp_2012,full_data
217,372,1,1,1,1,1,1,1,0,0,0,0,,,0,0,1,1,1,1,1,1,,one_display_only,atp_2012,full_data
219,63,1,1,1,1,1,1,1,0,0,0,0,,,0,0,1,1,1,1,1,1,,one_display_only,atp_2012,full_data
220,284,1,1,1,1,1,1,1,0,0,0,0,,,0,0,1,1,1,1,1,1,,one_display_only,atp_2012,full_data
220,290,1,1,1,0,1,1,1,0,0,0,0,,,0,0,1,1,1,1,0,0,,one_display_only,atp_2012,full_data
220,404,1,1,1,1,1,1,1,0,0,0,0,,,0,0,1,1,1,1,1,1,,one_display_only,atp_2012,full_data
222,12,1,1,1,1,1,1,1,0,0,0,0,,,0,0,1,1,1,1,1,1,,one_display_only,atp_2012,full_data
222,15,1,1,1,1,1,1,1,0,0,0,0,,,0,0,1,1,1,1,1,1,,one_display_only,atp_2012,full_data
222,59,1,1,1,1,1,1,1,0,0,0,0,,,0,0,1,1,1,1,1,1,,one_display_only,atp_2012,full_data
222,64,1,1,1,1,1,1,1,0,0,0,0,,,0,0,1,1,1,1,1,1,,one_display_only,atp_2012,full_data
222,65,1,1,2,0.5,2,2,2,2,0,0,0,,,0,0,1,1,2,2,0.5,0.5,,one_display_only,atp_2012,full_data
222,67,1,1,1,1,1,1,1,0,0,0,0,,,0,0,1,1,1,1,1,1,,one_display_only,atp_2012,full_data
222,72,1,1,1,1,1,1,1,0,0,0,0,,,0,0,1,1,1,1,1,1,,one_display_only,atp_2012,full_data
222,80,1,1,1,1,1,1,1,0,0,0,0,,,0,0,1,1,1,1,1,1,,one_display_only,atp_2012,full_data
222,88,1,1,3,1,3,3,3,3,0,0,0,,,0,0,1,1,3,3,1,1,,one_display_only,atp_2012,full_data
222,96,1,1,1,1,1,1,1,0,0,0,0,,,0,0,1,1,1,1,1,1,,one_display_only,atp_2012,full_data
222,119,1,1,1,1,1,1,1,0,0,0,0,,,0,0,1,1,1,1,1,1,,one_display_only,atp_2012,full_data
222,132,1,1,1,1,1,1,1,0,0,0,0,,,0,0,1,1,1,1,1,1,,one_display_only,atp_2012,full_data
222,133,1,1,2,0.5,2,2,2,2,0,0,0,,,0,0,1,1,2,2,0.5,0.5,,one_display_only,atp_2012,full_data
222,136,1,1,2,0.5,2,2,2,2,0,0,0,,,0,0,1,1,2,2,0.5,0.5,,one_display_only,atp_2012,full_data
222,149,1,1,1,1,1,1,1,0,0,0,0,,,0,0,1,1,1,1,1,1,,one_display_only,atp_2012,full_data
222,153,1,1,1,1,1,1,1,0,0,0,0,,,0,0,1,1,1,1,1,1,,one_display_only,atp_2012,full_data
222,162,1,1,1,1,1,1,1,0,0,0,0,,,0,0,1,1,1,1,1,1,,one_display_only,atp_2012,full_data
222,172,1,1,1,1,1,1,1,0,0,0,0,,,0,0,1,1,1,1,1,1,,one_display_only,atp_2012,full_data
222,175,1,1,1,1,1,1,1,0,0,0,0,,,0,0,1,1,1,1,1,1,,one_display_only,atp_2012,full_data
222,184,1,1,1,0,1,1,1,0,0,0,0,,,0,0,1,1,1,1,0,0,,one_display_only,atp_2012,full_data
222,189,1,1,1,1,1,1,1,0,0,0,0,,,0,0,1,1,1,1,1,1,,one_display_only,atp_2012,full_data
222,192,1,1,2,1,2,2,2,2,0,0,0,,,0,0,1,1,2,2,1,1,,one_display_only,atp_2012,full_data
222,194,1,1,1,1,1,1,1,0,0,0,0,,,0,0,1,1,1,1,1,1,,one_display_only,atp_2012,full_data
222,214,1,1,2,1,2,2,2,2,0,0,0,,,0,0,1,1,2,2,1,1,,one_display_only,atp_2012,full_data
222,215,1,1,1,1,1,1,1,0,0,0,0,,,0,0,1,1,1,1,1,1,,one_display_only,atp_2012,full_data
222,231,1,1,1,0,1,1,1,0,0,0,0,,,0,0,1,1,1,1,0,0,,one_display_only,atp_2012,full_data
222,232,1,1,1,1,1,1,1,0,0,0,0,,,0,0,1,1,1,1,1,1,,one_display_only,atp_2012,full_data
222,241,1,1,1,1,1,1,1,0,0,0,0,,,0,0,1,1,1,1,1,1,,one_display_only,atp_2012,full_data
222,243,1,1,1,1,1,1,1,0,0,0,0,,,0,0,1,1,1,1,1,1,,one_display_only,atp_2012,full_data
222,256,1,1,1,1,1,1,1,0,0,0,0,,,0,0,1,1,1,1,1,1,,one_display_only,atp_2012,full_data
222,257,1,1,4,0.75,4,4,4,4,0,0,0,,,0,0,1,1,4,4,0.75,0.75,,one_display_only,atp_2012,full_data
222,286,1,1,2,1,2,2,2,2,0,0,0,,,0,0,1,1,2,2,1,1,,one_display_only,atp_2012,full_data
222,288,1,1,1,1,1,1,1,0,0,0,0,,,0,0,1,1,1,1,1,1,,one_display_only,atp_2012,full_data
222,290,1,1,1,1,1,1,1,0,0,0,0,,,0,0,1,1,1,1,1,1,,one_display_only,atp_2012,full_data
222,291,1,1,1,1,1,1,1,0,0,0,0,,,0,0,1,1,1,1,1,1,,one_display_only,atp_2012,full_data
222,324,1,1,1,1,1,1,1,0,0,0,0,,,0,0,1,1,1,1,1,1,,one_display_only,atp_2012,full_data
222,349,1,1,1,1,1,1,1,0,0,0,0,,,0,0,1,1,1,1,1,1,,one_display_only,atp_2012,full_data
223,12,1,1,1,1,1,1,1,0,0,0,0,,,0,0,1,1,1,1,1,1,,one_display_only,atp_2012,full_data
223,15,1,1,1,0,1,1,1,0,0,0,0,,,0,0,1,1,1,1,0,0,,one_display_only,atp_2012,full_data
223,45,1,1,1,1,1,1,1,0,0,0,0,,,0,0,1,1,1,1,1,1,,one_display_only,atp_2012,full_data
223,58,1,1,1,1,1,1,1,0,0,0,0,,,0,0,1,1,1,1,1,1,,one_display_only,atp_2012,full_data
223,59,1,1,2,0.5,2,2,2,2,0,0,0,,,0,0,1,1,2,2,0.5,0.5,,one_display_only,atp_2012,full_data
223,64,1,1,1,1,1,1,1,0,0,0,0,,,0,0,1,1,1,1,1,1,,one_display_only,atp_2012,full_data
223,69,1,1,1,1,1,1,1,0,0,0,0,,,0,0,1,1,1,1,1,1,,one_display_only,atp_2012,full_data
223,73,1,1,1,1,1,1,1,0,0,0,0,,,0,0,1,1,1,1,1,1,,one_display_only,atp_2012,full_data
223,76,1,1,1,1,1,1,1,0,0,0,0,,,0,0,1,1,1,1,1,1,,one_display_only,atp_2012,full_data
223,78,1,1,2,1,2,2,2,2,0,0,0,,,0,0,1,1,2,2,1,1,,one_display_only,atp_2012,full_data
223,83,1,1,1,1,1,1,1,0,0,0,0,,,0,0,1,1,1,1,1,1,,one_display_only,atp_2012,full_data
223,96,1,1,1,1,1,1,1,0,0,0,0,,,0,0,1,1,1,1,1,1,,one_display_only,atp_2012,full_data
223,114,1,1,1,1,1,1,1,0,0,0,0,,,0,0,1,1,1,1,1,1,,one_display_only,atp_2012,full_data
223,132,1,1,1,0,1,1,1,0,0,0,0,,,0,0,1,1,1,1,0,0,,one_display_only,atp_2012,full_data
223,133,1,1,1,0,1,1,1,0,0,0,0,,,0,0,1,1,1,1,0,0,,one_display_only,atp_2012,full_data
223,134,1,1,1,1,1,1,1,0,0,0,0,,,0,0,1,1,1,1,1,1,,one_display_only,atp_2012,full_data
223,144,1,1,1,1,1,1,1,0,0,0,0,,,0,0,1,1,1,1,1,1,,one_display_only,atp_2012,full_data
223,153,1,1,1,1,1,1,1,0,0,0,0,,,0,0,1,1,1,1,1,1,,one_display_only,atp_2012,full_data
223,157,1,1,1,1,1,1,1,0,0,0,0,,,0,0,1,1,1,1,1,1,,one_display_only,atp_2012,full_data
223,162,1,1,1,1,1,1,1,0,0,0,0,,,0,0,1,1,1,1,1,1,,one_display_only,atp_2012,full_data
223,176,1,1,1,1,1,1,1,0,0,0,0,,,0,0,1,1,1,1,1,1,,one_display_only,atp_2012,full_data
223,181,1,1,1,0,1,1,1,0,0,0,0,,,0,0,1,1,1,1,0,0,,one_display_only,atp_2012,full_data
223,188,1,1,1,0,1,1,1,0,0,0,0,,,0,0,1,1,1,1,0,0,,one_display_only,atp_2012,full_data
223,189,1,1,1,1,1,1,1,0,0,0,0,,,0,0,1,1,1,1,1,1,,one_display_only,atp_2012,full_data
223,192,1,1,1,1,1,1,1,0,0,0,0,,,0,0,1,1,1,1,1,1,,one_display_only,atp_2012,full_data
223,207,1,1,1,1,1,1,1,0,0,0,0,,,0,0,1,1,1,1,1,1,,one_display_only,atp_2012,full_data
223,217,1,1,1,0,1,1,1,0,0,0,0,,,0,0,1,1,1,1,0,0,,one_display_only,atp_2012,full_data
223,219,1,1,1,1,1,1,1,0,0,0,0,,,0,0,1,1,1,1,1,1,,one_display_only,atp_2012,full_data
223,232,1,1,1,0,1,1,1,0,0,0,0,,,0,0,1,1,1,1,0,0,,one_display_only,atp_2012,full_data
223,251,1,1,2,1,2,2,2,2,0,0,0,,,0,0,1,1,2,2,1,1,,one_display_only,atp_2012,full_data
223,255,1,1,2,0.5,2,2,2,2,0,0,0,,,0,0,1,1,2,2,0.5,0.5,,one_display_only,atp_2012,full_data
223,258,1,1,1,1,1,1,1,0,0,0,0,,,0,0,1,1,1,1,1,1,,one_display_only,atp_2012,full_data
223,287,1,1,1,1,1,1,1,0,0,0,0,,,0,0,1,1,1,1,1,1,,one_display_only,atp_2012,full_data
223,290,1,1,1,1,1,1,1,0,0,0,0,,,0,0,1,1,1,1,1,1,,one_display_only,atp_2012,full_data
223,291,1,1,1,1,1,1,1,0,0,0,0,,,0,0,1,1,1,1,1,1,,one_display_only,atp_2012,full_data
223,294,1,1,1,1,1,1,1,0,0,0,0,,,0,0,1,1,1,1,1,1,,one_display_only,atp_2012,full_data
223,295,1,1,3,0.666666666666667,3,3,3,3,0,0,0,,,0,0,1,1,3,3,0.666666666666667,0.666666666666667,,one_display_only,atp_2012,full_data
223,303,1,1,1,1,1,1,1,0,0,0,0,,,0,0,1,1,1,1,1,1,,one_display_only,atp_2012,full_data
223,348,1,1,1,1,1,1,1,0,0,0,0,,,0,0,1,1,1,1,1,1,,one_display_only,atp_2012,full_data
223,367,1,1,1,0,1,1,1,0,0,0,0,,,0,0,1,1,1,1,0,0,,one_display_only,atp_2012,full_data
223,370,1,1,1,1,1,1,1,0,0,0,0,,,0,0,1,1,1,1,1,1,,one_display_only,atp_2012,full_data
223,373,1,1,1,1,1,1,1,0,0,0,0,,,0,0,1,1,1,1,1,1,,one_display_only,atp_2012,full_data
223,386,1,1,2,1,2,2,2,2,0,0,0,,,0,0,1,1,2,2,1,1,,one_display_only,atp_2012,full_data
223,407,1,1,1,1,1,1,1,0,0,0,0,,,0,0,1,1,1,1,1,1,,one_display_only,atp_2012,full_data
224,395,1,1,1,1,1,1,1,0,0,0,0,,,0,0,1,1,1,1,1,1,,one_display_only,atp_2012,full_data
226,113,1,1,1,1,1,1,1,0,0,0,0,,,0,0,1,1,1,1,1,1,,one_display_only,atp_2012,full_data
228,343,1,1,1,1,1,1,1,0,0,0,0,,,0,0,1,1,1,1,1,1,,one_display_only,atp_2012,full_data
228,418,1,1,1,1,1,1,1,0,0,0,0,,,0,0,1,1,1,1,1,1,,one_display_only,atp_2012,full_data
230,71,1,1,1,1,1,1,1,0,0,0,0,,,0,0,1,1,1,1,1,1,,one_display_only,atp_2012,full_data
231,13,1,1,1,1,1,1,1,0,0,0,0,,,0,0,1,1,1,1,1,1,,one_display_only,atp_2012,full_data
231,28,1,1,1,0,1,1,1,0,0,0,0,,,0,0,1,1,1,1,0,0,,one_display_only,atp_2012,full_data
231,50,1,1,1,1,1,1,1,0,0,0,0,,,0,0,1,1,1,1,1,1,,one_display_only,atp_2012,full_data
231,60,1,1,1,1,1,1,1,0,0,0,0,,,0,0,1,1,1,1,1,1,,one_display_only,atp_2012,full_data
231,64,1,1,1,1,1,1,1,0,0,0,0,,,0,0,1,1,1,1,1,1,,one_display_only,atp_2012,full_data
231,82,1,1,1,1,1,1,1,0,0,0,0,,,0,0,1,1,1,1,1,1,,one_display_only,atp_2012,full_data
231,114,1,1,1,1,1,1,1,0,0,0,0,,,0,0,1,1,1,1,1,1,,one_display_only,atp_2012,full_data
231,133,1,1,2,1,2,2,2,2,0,0,0,,,0,0,1,1,2,2,1,1,,one_display_only,atp_2012,full_data
231,150,1,1,1,1,1,1,1,0,0,0,0,,,0,0,1,1,1,1,1,1,,one_display_only,atp_2012,full_data
231,162,1,1,2,0.5,2,2,2,2,0,0,0,,,0,0,1,1,2,2,0.5,0.5,,one_display_only,atp_2012,full_data
231,188,1,1,1,1,1,1,1,0,0,0,0,,,0,0,1,1,1,1,1,1,,one_display_only,atp_2012,full_data
231,207,1,1,2,1,2,2,2,2,0,0,0,,,0,0,1,1,2,2,1,1,,one_display_only,atp_2012,full_data
231,217,1,1,1,1,1,1,1,0,0,0,0,,,0,0,1,1,1,1,1,1,,one_display_only,atp_2012,full_data
231,245,1,1,1,1,1,1,1,0,0,0,0,,,0,0,1,1,1,1,1,1,,one_display_only,atp_2012,full_data
231,290,1,1,1,0,1,1,1,0,0,0,0,,,0,0,1,1,1,1,0,0,,one_display_only,atp_2012,full_data
231,291,1,1,1,1,1,1,1,0,0,0,0,,,0,0,1,1,1,1,1,1,,one_display_only,atp_2012,full_data
231,364,1,1,1,1,1,1,1,0,0,0,0,,,0,0,1,1,1,1,1,1,,one_display_only,atp_2012,full_data
232,13,1,1,1,1,1,1,1,0,0,0,0,,,0,0,1,1,1,1,1,1,,one_display_only,atp_2012,full_data
232,20,1,1,1,1,1,1,1,0,0,0,0,,,0,0,1,1,1,1,1,1,,one_display_only,atp_2012,full_data
232,23,1,1,1,1,1,1,1,0,0,0,0,,,0,0,1,1,1,1,1,1,,one_display_only,atp_2012,full_data
232,36,1,1,1,1,1,1,1,0,0,0,0,,,0,0,1,1,1,1,1,1,,one_display_only,atp_2012,full_data
232,64,1,1,1,0,1,1,1,0,0,0,0,,,0,0,1,1,1,1,0,0,,one_display_only,atp_2012,full_data
232,73,1,1,1,1,1,1,1,0,0,0,0,,,0,0,1,1,1,1,1,1,,one_display_only,atp_2012,full_data
232,92,1,1,1,0,1,1,1,0,0,0,0,,,0,0,1,1,1,1,0,0,,one_display_only,atp_2012,full_data
232,109,1,1,2,0.5,2,2,2,2,0,0,0,,,0,0,1,1,2,2,0.5,0.5,,one_display_only,atp_2012,full_data
232,127,1,1,1,1,1,1,1,0,0,0,0,,,0,0,1,1,1,1,1,1,,one_display_only,atp_2012,full_data
232,135,1,1,2,1,2,2,2,2,0,0,0,,,0,0,1,1,2,2,1,1,,one_display_only,atp_2012,full_data
232,202,1,1,2,1,2,2,2,2,0,0,0,,,0,0,1,1,2,2,1,1,,one_display_only,atp_2012,full_data
232,253,1,1,1,1,1,1,1,0,0,0,0,,,0,0,1,1,1,1,1,1,,one_display_only,atp_2012,full_data
232,259,1,1,1,1,1,1,1,0,0,0,0,,,0,0,1,1,1,1,1,1,,one_display_only,atp_2012,full_data
232,268,1,1,1,1,1,1,1,0,0,0,0,,,0,0,1,1,1,1,1,1,,one_display_only,atp_2012,full_data
232,287,1,1,1,1,1,1,1,0,0,0,0,,,0,0,1,1,1,1,1,1,,one_display_only,atp_2012,full_data
232,299,1,1,1,1,1,1,1,0,0,0,0,,,0,0,1,1,1,1,1,1,,one_display_only,atp_2012,full_data
232,303,1,1,1,0,1,1,1,0,0,0,0,,,0,0,1,1,1,1,0,0,,one_display_only,atp_2012,full_data
233,150,1,1,1,1,1,1,1,0,0,0,0,,,0,0,1,1,1,1,1,1,,one_display_only,atp_2012,full_data
233,157,1,1,1,1,1,1,1,0,0,0,0,,,0,0,1,1,1,1,1,1,,one_display_only,atp_2012,full_data
233,171,1,1,1,0,1,1,1,0,0,0,0,,,0,0,1,1,1,1,0,0,,one_display_only,atp_2012,full_data
233,306,1,1,1,1,1,1,1,0,0,0,0,,,0,0,1,1,1,1,1,1,,one_display_only,atp_2012,full_data
235,40,1,1,1,1,1,1,1,0,0,0,0,,,0,0,1,1,1,1,1,1,,one_display_only,atp_2012,full_data
235,46,1,1,1,1,1,1,1,0,0,0,0,,,0,0,1,1,1,1,1,1,,one_display_only,atp_2012,full_data
235,134,1,1,1,0,1,1,1,0,0,0,0,,,0,0,1,1,1,1,0,0,,one_display_only,atp_2012,full_data
235,147,1,1,1,0,1,1,1,0,0,0,0,,,0,0,1,1,1,1,0,0,,one_display_only,atp_2012,full_data
235,245,1,1,1,1,1,1,1,0,0,0,0,,,0,0,1,1,1,1,1,1,,one_display_only,atp_2012,full_data
235,286,1,1,1,1,1,1,1,0,0,0,0,,,0,0,1,1,1,1,1,1,,one_display_only,atp_2012,full_data
235,287,1,1,1,1,1,1,1,0,0,0,0,,,0,0,1,1,1,1,1,1,,one_display_only,atp_2012,full_data
235,300,1,1,1,1,1,1,1,0,0,0,0,,,0,0,1,1,1,1,1,1,,one_display_only,atp_2012,full_data
235,373,1,1,1,1,1,1,1,0,0,0,0,,,0,0,1,1,1,1,1,1,,one_display_only,atp_2012,full_data
238,108,1,1,1,1,1,1,1,0,0,0,0,,,0,0,1,1,1,1,1,1,,one_display_only,atp_2012,full_data
238,430,1,1,1,1,1,1,1,0,0,0,0,,,0,0,1,1,1,1,1,1,,one_display_only,atp_2012,full_data
241,202,1,1,1,1,1,1,1,0,0,0,0,,,0,0,1,1,1,1,1,1,,one_display_only,atp_2012,full_data
245,430,1,1,1,1,1,1,1,0,0,0,0,,,0,0,1,1,1,1,1,1,,one_display_only,atp_2012,full_data
246,40,1,1,1,0,1,1,1,0,0,0,0,,,0,0,1,1,1,1,0,0,,one_display_only,atp_2012,full_data
246,45,1,1,1,1,1,1,1,0,0,0,0,,,0,0,1,1,1,1,1,1,,one_display_only,atp_2012,full_data
246,61,1,1,1,1,1,1,1,0,0,0,0,,,0,0,1,1,1,1,1,1,,one_display_only,atp_2012,full_data
246,62,1,1,1,0,1,1,1,0,0,0,0,,,0,0,1,1,1,1,0,0,,one_display_only,atp_2012,full_data
246,68,1,1,1,1,1,1,1,0,0,0,0,,,0,0,1,1,1,1,1,1,,one_display_only,atp_2012,full_data
246,119,1,1,1,1,1,1,1,0,0,0,0,,,0,0,1,1,1,1,1,1,,one_display_only,atp_2012,full_data
246,127,1,1,1,1,1,1,1,0,0,0,0,,,0,0,1,1,1,1,1,1,,one_display_only,atp_2012,full_data
246,132,1,1,1,1,1,1,1,0,0,0,0,,,0,0,1,1,1,1,1,1,,one_display_only,atp_2012,full_data
246,137,1,1,1,1,1,1,1,0,0,0,0,,,0,0,1,1,1,1,1,1,,one_display_only,atp_2012,full_data
246,150,1,1,1,1,1,1,1,0,0,0,0,,,0,0,1,1,1,1,1,1,,one_display_only,atp_2012,full_data
246,158,1,1,1,0,1,1,1,0,0,0,0,,,0,0,1,1,1,1,0,0,,one_display_only,atp_2012,full_data
246,171,1,1,1,1,1,1,1,0,0,0,0,,,0,0,1,1,1,1,1,1,,one_display_only,atp_2012,full_data
246,212,1,1,2,1,2,2,2,2,0,0,0,,,0,0,1,1,2,2,1,1,,one_display_only,atp_2012,full_data
246,232,1,1,1,1,1,1,1,0,0,0,0,,,0,0,1,1,1,1,1,1,,one_display_only,atp_2012,full_data
246,247,1,1,1,1,1,1,1,0,0,0,0,,,0,0,1,1,1,1,1,1,,one_display_only,atp_2012,full_data
246,256,1,1,2,0.5,2,2,2,2,0,0,0,,,0,0,1,1,2,2,0.5,0.5,,one_display_only,atp_2012,full_data
246,287,1,1,1,1,1,1,1,0,0,0,0,,,0,0,1,1,1,1,1,1,,one_display_only,atp_2012,full_data
246,295,1,1,1,0,1,1,1,0,0,0,0,,,0,0,1,1,1,1,0,0,,one_display_only,atp_2012,full_data
246,318,1,1,1,1,1,1,1,0,0,0,0,,,0,0,1,1,1,1,1,1,,one_display_only,atp_2012,full_data
246,343,1,1,1,1,1,1,1,0,0,0,0,,,0,0,1,1,1,1,1,1,,one_display_only,atp_2012,full_data
246,372,1,1,1,1,1,1,1,0,0,0,0,,,0,0,1,1,1,1,1,1,,one_display_only,atp_2012,full_data
246,373,1,1,1,0,1,1,1,0,0,0,0,,,0,0,1,1,1,1,0,0,,one_display_only,atp_2012,full_data
247,128,1,1,1,1,1,1,1,0,0,0,0,,,0,0,1,1,1,1,1,1,,one_display_only,atp_2012,full_data
247,244,1,1,1,1,1,1,1,0,0,0,0,,,0,0,1,1,1,1,1,1,,one_display_only,atp_2012,full_data
247,271,1,1,1,1,1,1,1,0,0,0,0,,,0,0,1,1,1,1,1,1,,one_display_only,atp_2012,full_data
249,114,1,1,1,1,1,1,1,0,0,0,0,,,0,0,1,1,1,1,1,1,,one_display_only,atp_2012,full_data
250,68,1,1,2,1,2,2,2,2,0,0,0,,,0,0,1,1,2,2,1,1,,one_display_only,atp_2012,full_data
250,135,1,1,1,1,1,1,1,0,0,0,0,,,0,0,1,1,1,1,1,1,,one_display_only,atp_2012,full_data
250,333,1,1,1,1,1,1,1,0,0,0,0,,,0,0,1,1,1,1,1,1,,one_display_only,atp_2012,full_data
251,114,1,1,1,0,1,1,1,0,0,0,0,,,0,0,1,1,1,1,0,0,,one_display_only,atp_2012,full_data
251,163,1,1,1,1,1,1,1,0,0,0,0,,,0,0,1,1,1,1,1,1,,one_display_only,atp_2012,full_data
251,194,1,1,1,1,1,1,1,0,0,0,0,,,0,0,1,1,1,1,1,1,,one_display_only,atp_2012,full_data
251,197,1,1,1,1,1,1,1,0,0,0,0,,,0,0,1,1,1,1,1,1,,one_display_only,atp_2012,full_data
251,202,1,1,1,0,1,1,1,0,0,0,0,,,0,0,1,1,1,1,0,0,,one_display_only,atp_2012,full_data
251,250,1,1,2,1,2,2,2,2,0,0,0,,,0,0,1,1,2,2,1,1,,one_display_only,atp_2012,full_data
251,258,1,1,1,1,1,1,1,0,0,0,0,,,0,0,1,1,1,1,1,1,,one_display_only,atp_2012,full_data
251,286,1,1,1,0,1,1,1,0,0,0,0,,,0,0,1,1,1,1,0,0,,one_display_only,atp_2012,full_data
252,408,1,1,1,1,1,1,1,0,0,0,0,,,0,0,1,1,1,1,1,1,,one_display_only,atp_2012,full_data
255,15,1,1,1,1,1,1,1,0,0,0,0,,,0,0,1,1,1,1,1,1,,one_display_only,atp_2012,full_data
255,16,1,1,2,1,2,2,2,2,0,0,0,,,0,0,1,1,2,2,1,1,,one_display_only,atp_2012,full_data
255,36,1,1,1,1,1,1,1,0,0,0,0,,,0,0,1,1,1,1,1,1,,one_display_only,atp_2012,full_data
255,39,1,1,1,1,1,1,1,0,0,0,0,,,0,0,1,1,1,1,1,1,,one_display_only,atp_2012,full_data
255,59,1,1,1,1,1,1,1,0,0,0,0,,,0,0,1,1,1,1,1,1,,one_display_only,atp_2012,full_data
255,64,1,1,2,1,2,2,2,2,0,0,0,,,0,0,1,1,2,2,1,1,,one_display_only,atp_2012,full_data
255,69,1,1,1,1,1,1,1,0,0,0,0,,,0,0,1,1,1,1,1,1,,one_display_only,atp_2012,full_data
255,72,1,1,1,1,1,1,1,0,0,0,0,,,0,0,1,1,1,1,1,1,,one_display_only,atp_2012,full_data
255,80,1,1,1,1,1,1,1,0,0,0,0,,,0,0,1,1,1,1,1,1,,one_display_only,atp_2012,full_data
255,82,1,1,1,0,1,1,1,0,0,0,0,,,0,0,1,1,1,1,0,0,,one_display_only,atp_2012,full_data
255,114,1,1,1,1,1,1,1,0,0,0,0,,,0,0,1,1,1,1,1,1,,one_display_only,atp_2012,full_data
255,116,1,1,1,1,1,1,1,0,0,0,0,,,0,0,1,1,1,1,1,1,,one_display_only,atp_2012,full_data
255,119,1,1,1,0,1,1,1,0,0,0,0,,,0,0,1,1,1,1,0,0,,one_display_only,atp_2012,full_data
255,134,1,1,1,1,1,1,1,0,0,0,0,,,0,0,1,1,1,1,1,1,,one_display_only,atp_2012,full_data
255,135,1,1,1,1,1,1,1,0,0,0,0,,,0,0,1,1,1,1,1,1,,one_display_only,atp_2012,full_data
255,137,1,1,1,1,1,1,1,0,0,0,0,,,0,0,1,1,1,1,1,1,,one_display_only,atp_2012,full_data
255,153,1,1,1,1,1,1,1,0,0,0,0,,,0,0,1,1,1,1,1,1,,one_display_only,atp_2012,full_data
255,162,1,1,1,1,1,1,1,0,0,0,0,,,0,0,1,1,1,1,1,1,,one_display_only,atp_2012,full_data
255,163,1,1,1,1,1,1,1,0,0,0,0,,,0,0,1,1,1,1,1,1,,one_display_only,atp_2012,full_data
255,172,1,1,2,1,2,2,2,2,0,0,0,,,0,0,1,1,2,2,1,1,,one_display_only,atp_2012,full_data
255,175,1,1,2,1,2,2,2,2,0,0,0,,,0,0,1,1,2,2,1,1,,one_display_only,atp_2012,full_data
255,181,1,1,3,1,3,3,3,3,0,0,0,,,0,0,1,1,3,3,1,1,,one_display_only,atp_2012,full_data
255,189,1,1,1,1,1,1,1,0,0,0,0,,,0,0,1,1,1,1,1,1,,one_display_only,atp_2012,full_data
255,192,1,1,4,0.75,4,4,4,4,0,0,0,,,0,0,1,1,4,4,0.75,0.75,,one_display_only,atp_2012,full_data
255,200,1,1,1,1,1,1,1,0,0,0,0,,,0,0,1,1,1,1,1,1,,one_display_only,atp_2012,full_data
255,207,1,1,1,1,1,1,1,0,0,0,0,,,0,0,1,1,1,1,1,1,,one_display_only,atp_2012,full_data
255,246,1,1,1,0,1,1,1,0,0,0,0,,,0,0,1,1,1,1,0,0,,one_display_only,atp_2012,full_data
255,281,1,1,1,1,1,1,1,0,0,0,0,,,0,0,1,1,1,1,1,1,,one_display_only,atp_2012,full_data
255,286,1,1,1,1,1,1,1,0,0,0,0,,,0,0,1,1,1,1,1,1,,one_display_only,atp_2012,full_data
255,288,1,1,2,1,2,2,2,2,0,0,0,,,0,0,1,1,2,2,1,1,,one_display_only,atp_2012,full_data
255,290,1,1,1,1,1,1,1,0,0,0,0,,,0,0,1,1,1,1,1,1,,one_display_only,atp_2012,full_data
255,306,1,1,1,1,1,1,1,0,0,0,0,,,0,0,1,1,1,1,1,1,,one_display_only,atp_2012,full_data
255,322,1,1,2,1,2,2,2,2,0,0,0,,,0,0,1,1,2,2,1,1,,one_display_only,atp_2012,full_data
255,324,1,1,2,1,2,2,2,2,0,0,0,,,0,0,1,1,2,2,1,1,,one_display_only,atp_2012,full_data
255,349,1,1,1,1,1,1,1,0,0,0,0,,,0,0,1,1,1,1,1,1,,one_display_only,atp_2012,full_data
255,401,1,1,1,1,1,1,1,0,0,0,0,,,0,0,1,1,1,1,1,1,,one_display_only,atp_2012,full_data
255,407,1,1,1,1,1,1,1,0,0,0,0,,,0,0,1,1,1,1,1,1,,one_display_only,atp_2012,full_data
256,15,1,1,1,1,1,1,1,0,0,0,0,,,0,0,1,1,1,1,1,1,,one_display_only,atp_2012,full_data
256,50,1,1,1,1,1,1,1,0,0,0,0,,,0,0,1,1,1,1,1,1,,one_display_only,atp_2012,full_data
256,91,1,1,1,1,1,1,1,0,0,0,0,,,0,0,1,1,1,1,1,1,,one_display_only,atp_2012,full_data
256,92,1,1,1,1,1,1,1,0,0,0,0,,,0,0,1,1,1,1,1,1,,one_display_only,atp_2012,full_data
256,119,1,1,1,1,1,1,1,0,0,0,0,,,0,0,1,1,1,1,1,1,,one_display_only,atp_2012,full_data
256,135,1,1,1,1,1,1,1,0,0,0,0,,,0,0,1,1,1,1,1,1,,one_display_only,atp_2012,full_data
256,147,1,1,1,0,1,1,1,0,0,0,0,,,0,0,1,1,1,1,0,0,,one_display_only,atp_2012,full_data
256,202,1,1,1,0,1,1,1,0,0,0,0,,,0,0,1,1,1,1,0,0,,one_display_only,atp_2012,full_data
256,229,1,1,1,1,1,1,1,0,0,0,0,,,0,0,1,1,1,1,1,1,,one_display_only,atp_2012,full_data
256,288,1,1,1,1,1,1,1,0,0,0,0,,,0,0,1,1,1,1,1,1,,one_display_only,atp_2012,full_data
256,306,1,1,1,1,1,1,1,0,0,0,0,,,0,0,1,1,1,1,1,1,,one_display_only,atp_2012,full_data
256,343,1,1,1,0,1,1,1,0,0,0,0,,,0,0,1,1,1,1,0,0,,one_display_only,atp_2012,full_data
256,353,1,1,1,0,1,1,1,0,0,0,0,,,0,0,1,1,1,1,0,0,,one_display_only,atp_2012,full_data
256,401,1,1,1,1,1,1,1,0,0,0,0,,,0,0,1,1,1,1,1,1,,one_display_only,atp_2012,full_data
257,12,1,1,2,1,2,2,2,2,0,0,0,,,0,0,1,1,2,2,1,1,,one_display_only,atp_2012,full_data
257,15,1,1,1,1,1,1,1,0,0,0,0,,,0,0,1,1,1,1,1,1,,one_display_only,atp_2012,full_data
257,28,1,1,1,1,1,1,1,0,0,0,0,,,0,0,1,1,1,1,1,1,,one_display_only,atp_2012,full_data
257,34,1,1,1,1,1,1,1,0,0,0,0,,,0,0,1,1,1,1,1,1,,one_display_only,atp_2012,full_data
257,39,1,1,1,1,1,1,1,0,0,0,0,,,0,0,1,1,1,1,1,1,,one_display_only,atp_2012,full_data
257,53,1,1,2,1,2,2,2,2,0,0,0,,,0,0,1,1,2,2,1,1,,one_display_only,atp_2012,full_data
257,58,1,1,1,1,1,1,1,0,0,0,0,,,0,0,1,1,1,1,1,1,,one_display_only,atp_2012,full_data
257,62,1,1,1,1,1,1,1,0,0,0,0,,,0,0,1,1,1,1,1,1,,one_display_only,atp_2012,full_data
257,65,1,1,5,0.6,5,5,5,5,0,0,0,,,0,0,1,1,5,5,0.6,0.6,,one_display_only,atp_2012,full_data
257,72,1,1,1,1,1,1,1,0,0,0,0,,,0,0,1,1,1,1,1,1,,one_display_only,atp_2012,full_data
257,78,1,1,2,1,2,2,2,2,0,0,0,,,0,0,1,1,2,2,1,1,,one_display_only,atp_2012,full_data
257,79,1,1,1,1,1,1,1,0,0,0,0,,,0,0,1,1,1,1,1,1,,one_display_only,atp_2012,full_data
257,82,1,1,1,1,1,1,1,0,0,0,0,,,0,0,1,1,1,1,1,1,,one_display_only,atp_2012,full_data
257,88,1,1,3,1,3,3,3,3,0,0,0,,,0,0,1,1,3,3,1,1,,one_display_only,atp_2012,full_data
257,101,1,1,1,1,1,1,1,0,0,0,0,,,0,0,1,1,1,1,1,1,,one_display_only,atp_2012,full_data
257,109,1,1,1,1,1,1,1,0,0,0,0,,,0,0,1,1,1,1,1,1,,one_display_only,atp_2012,full_data
257,132,1,1,2,1,2,2,2,2,0,0,0,,,0,0,1,1,2,2,1,1,,one_display_only,atp_2012,full_data
257,140,1,1,1,1,1,1,1,0,0,0,0,,,0,0,1,1,1,1,1,1,,one_display_only,atp_2012,full_data
257,144,1,1,3,1,3,3,3,3,0,0,0,,,0,0,1,1,3,3,1,1,,one_display_only,atp_2012,full_data
257,149,1,1,2,1,2,2,2,2,0,0,0,,,0,0,1,1,2,2,1,1,,one_display_only,atp_2012,full_data
257,153,1,1,3,0.666666666666667,3,3,3,3,0,0,0,,,0,0,1,1,3,3,0.666666666666667,0.666666666666667,,one_display_only,atp_2012,full_data
257,172,1,1,1,1,1,1,1,0,0,0,0,,,0,0,1,1,1,1,1,1,,one_display_only,atp_2012,full_data
257,175,1,1,5,1,5,5,5,5,0,0,0,,,0,0,1,1,5,5,1,1,,one_display_only,atp_2012,full_data
257,176,1,1,1,0,1,1,1,0,0,0,0,,,0,0,1,1,1,1,0,0,,one_display_only,atp_2012,full_data
257,181,1,1,1,1,1,1,1,0,0,0,0,,,0,0,1,1,1,1,1,1,,one_display_only,atp_2012,full_data
257,187,1,1,1,1,1,1,1,0,0,0,0,,,0,0,1,1,1,1,1,1,,one_display_only,atp_2012,full_data
257,189,1,1,1,1,1,1,1,0,0,0,0,,,0,0,1,1,1,1,1,1,,one_display_only,atp_2012,full_data
257,192,1,1,3,1,3,3,3,3,0,0,0,,,0,0,1,1,3,3,1,1,,one_display_only,atp_2012,full_data
257,200,1,1,1,1,1,1,1,0,0,0,0,,,0,0,1,1,1,1,1,1,,one_display_only,atp_2012,full_data
257,202,1,1,1,1,1,1,1,0,0,0,0,,,0,0,1,1,1,1,1,1,,one_display_only,atp_2012,full_data
257,207,1,1,2,1,2,2,2,2,0,0,0,,,0,0,1,1,2,2,1,1,,one_display_only,atp_2012,full_data
257,217,1,1,1,1,1,1,1,0,0,0,0,,,0,0,1,1,1,1,1,1,,one_display_only,atp_2012,full_data
257,223,1,1,2,1,2,2,2,2,0,0,0,,,0,0,1,1,2,2,1,1,,one_display_only,atp_2012,full_data
257,247,1,1,1,1,1,1,1,0,0,0,0,,,0,0,1,1,1,1,1,1,,one_display_only,atp_2012,full_data
257,251,1,1,1,1,1,1,1,0,0,0,0,,,0,0,1,1,1,1,1,1,,one_display_only,atp_2012,full_data
257,255,1,1,7,0.571428571428571,7,7,7,7,0,0,0,,,0,0,1,1,7,7,0.571428571428571,0.571428571428571,,one_display_only,atp_2012,full_data
257,258,1,1,1,1,1,1,1,0,0,0,0,,,0,0,1,1,1,1,1,1,,one_display_only,atp_2012,full_data
257,270,1,1,1,1,1,1,1,0,0,0,0,,,0,0,1,1,1,1,1,1,,one_display_only,atp_2012,full_data
257,281,1,1,2,0.5,2,2,2,2,0,0,0,,,0,0,1,1,2,2,0.5,0.5,,one_display_only,atp_2012,full_data
257,288,1,1,1,1,1,1,1,0,0,0,0,,,0,0,1,1,1,1,1,1,,one_display_only,atp_2012,full_data
257,320,1,1,4,0.75,4,4,4,4,0,0,0,,,0,0,1,1,4,4,0.75,0.75,,one_display_only,atp_2012,full_data
257,322,1,1,1,1,1,1,1,0,0,0,0,,,0,0,1,1,1,1,1,1,,one_display_only,atp_2012,full_data
257,324,1,1,1,1,1,1,1,0,0,0,0,,,0,0,1,1,1,1,1,1,,one_display_only,atp_2012,full_data
257,373,1,1,1,1,1,1,1,0,0,0,0,,,0,0,1,1,1,1,1,1,,one_display_only,atp_2012,full_data
257,386,1,1,1,1,1,1,1,0,0,0,0,,,0,0,1,1,1,1,1,1,,one_display_only,atp_2012,full_data
257,401,1,1,1,1,1,1,1,0,0,0,0,,,0,0,1,1,1,1,1,1,,one_display_only,atp_2012,full_data
257,407,1,1,2,1,2,2,2,2,0,0,0,,,0,0,1,1,2,2,1,1,,one_display_only,atp_2012,full_data
258,13,1,1,1,1,1,1,1,0,0,0,0,,,0,0,1,1,1,1,1,1,,one_display_only,atp_2012,full_data
258,36,1,1,2,1,2,2,2,2,0,0,0,,,0,0,1,1,2,2,1,1,,one_display_only,atp_2012,full_data
258,89,1,1,1,1,1,1,1,0,0,0,0,,,0,0,1,1,1,1,1,1,,one_display_only,atp_2012,full_data
258,112,1,1,1,1,1,1,1,0,0,0,0,,,0,0,1,1,1,1,1,1,,one_display_only,atp_2012,full_data
258,119,1,1,2,0.5,2,2,2,2,0,0,0,,,0,0,1,1,2,2,0.5,0.5,,one_display_only,atp_2012,full_data
258,127,1,1,1,1,1,1,1,0,0,0,0,,,0,0,1,1,1,1,1,1,,one_display_only,atp_2012,full_data
258,135,1,1,1,0,1,1,1,0,0,0,0,,,0,0,1,1,1,1,0,0,,one_display_only,atp_2012,full_data
258,137,1,1,1,1,1,1,1,0,0,0,0,,,0,0,1,1,1,1,1,1,,one_display_only,atp_2012,full_data
258,173,1,1,1,0,1,1,1,0,0,0,0,,,0,0,1,1,1,1,0,0,,one_display_only,atp_2012,full_data
258,187,1,1,1,1,1,1,1,0,0,0,0,,,0,0,1,1,1,1,1,1,,one_display_only,atp_2012,full_data
258,200,1,1,1,1,1,1,1,0,0,0,0,,,0,0,1,1,1,1,1,1,,one_display_only,atp_2012,full_data
258,219,1,1,1,1,1,1,1,0,0,0,0,,,0,0,1,1,1,1,1,1,,one_display_only,atp_2012,full_data
258,262,1,1,1,1,1,1,1,0,0,0,0,,,0,0,1,1,1,1,1,1,,one_display_only,atp_2012,full_data
258,295,1,1,1,1,1,1,1,0,0,0,0,,,0,0,1,1,1,1,1,1,,one_display_only,atp_2012,full_data
258,309,1,1,1,1,1,1,1,0,0,0,0,,,0,0,1,1,1,1,1,1,,one_display_only,atp_2012,full_data
258,314,1,1,1,1,1,1,1,0,0,0,0,,,0,0,1,1,1,1,1,1,,one_display_only,atp_2012,full_data
258,321,1,1,1,1,1,1,1,0,0,0,0,,,0,0,1,1,1,1,1,1,,one_display_only,atp_2012,full_data
258,343,1,1,1,0,1,1,1,0,0,0,0,,,0,0,1,1,1,1,0,0,,one_display_only,atp_2012,full_data
259,250,1,1,1,1,1,1,1,0,0,0,0,,,0,0,1,1,1,1,1,1,,one_display_only,atp_2012,full_data
261,226,1,1,1,1,1,1,1,0,0,0,0,,,0,0,1,1,1,1,1,1,,one_display_only,atp_2012,full_data
261,230,1,1,1,1,1,1,1,0,0,0,0,,,0,0,1,1,1,1,1,1,,one_display_only,atp_2012,full_data
262,354,1,1,1,1,1,1,1,0,0,0,0,,,0,0,1,1,1,1,1,1,,one_display_only,atp_2012,full_data
265,10,1,1,1,1,1,1,1,0,0,0,0,,,0,0,1,1,1,1,1,1,,one_display_only,atp_2012,full_data
265,200,1,1,1,1,1,1,1,0,0,0,0,,,0,0,1,1,1,1,1,1,,one_display_only,atp_2012,full_data
268,26,1,1,1,1,1,1,1,0,0,0,0,,,0,0,1,1,1,1,1,1,,one_display_only,atp_2012,full_data
268,46,1,1,1,1,1,1,1,0,0,0,0,,,0,0,1,1,1,1,1,1,,one_display_only,atp_2012,full_data
268,100,1,1,1,1,1,1,1,0,0,0,0,,,0,0,1,1,1,1,1,1,,one_display_only,atp_2012,full_data
268,106,1,1,1,1,1,1,1,0,0,0,0,,,0,0,1,1,1,1,1,1,,one_display_only,atp_2012,full_data
268,250,1,1,1,1,1,1,1,0,0,0,0,,,0,0,1,1,1,1,1,1,,one_display_only,atp_2012,full_data
268,286,1,1,1,0,1,1,1,0,0,0,0,,,0,0,1,1,1,1,0,0,,one_display_only,atp_2012,full_data
268,343,1,1,1,1,1,1,1,0,0,0,0,,,0,0,1,1,1,1,1,1,,one_display_only,atp_2012,full_data
268,373,1,1,1,1,1,1,1,0,0,0,0,,,0,0,1,1,1,1,1,1,,one_display_only,atp_2012,full_data
269,163,1,1,1,1,1,1,1,0,0,0,0,,,0,0,1,1,1,1,1,1,,one_display_only,atp_2012,full_data
269,167,1,1,1,1,1,1,1,0,0,0,0,,,0,0,1,1,1,1,1,1,,one_display_only,atp_2012,full_data
269,250,1,1,1,0,1,1,1,0,0,0,0,,,0,0,1,1,1,1,0,0,,one_display_only,atp_2012,full_data
269,303,1,1,1,1,1,1,1,0,0,0,0,,,0,0,1,1,1,1,1,1,,one_display_only,atp_2012,full_data
270,37,1,1,1,1,1,1,1,0,0,0,0,,,0,0,1,1,1,1,1,1,,one_display_only,atp_2012,full_data
270,96,1,1,1,1,1,1,1,0,0,0,0,,,0,0,1,1,1,1,1,1,,one_display_only,atp_2012,full_data
271,253,1,1,1,1,1,1,1,0,0,0,0,,,0,0,1,1,1,1,1,1,,one_display_only,atp_2012,full_data
273,39,1,1,1,1,1,1,1,0,0,0,0,,,0,0,1,1,1,1,1,1,,one_display_only,atp_2012,full_data
273,50,1,1,1,1,1,1,1,0,0,0,0,,,0,0,1,1,1,1,1,1,,one_display_only,atp_2012,full_data
273,64,1,1,2,0.5,2,2,2,2,0,0,0,,,0,0,1,1,2,2,0.5,0.5,,one_display_only,atp_2012,full_data
273,72,1,1,1,1,1,1,1,0,0,0,0,,,0,0,1,1,1,1,1,1,,one_display_only,atp_2012,full_data
273,187,1,1,1,1,1,1,1,0,0,0,0,,,0,0,1,1,1,1,1,1,,one_display_only,atp_2012,full_data
273,348,1,1,1,1,1,1,1,0,0,0,0,,,0,0,1,1,1,1,1,1,,one_display_only,atp_2012,full_data
278,33,1,1,1,1,1,1,1,0,0,0,0,,,0,0,1,1,1,1,1,1,,one_display_only,atp_2012,full_data
278,108,1,1,1,1,1,1,1,0,0,0,0,,,0,0,1,1,1,1,1,1,,one_display_only,atp_2012,full_data
278,179,1,1,1,1,1,1,1,0,0,0,0,,,0,0,1,1,1,1,1,1,,one_display_only,atp_2012,full_data
281,10,1,1,1,1,1,1,1,0,0,0,0,,,0,0,1,1,1,1,1,1,,one_display_only,atp_2012,full_data
281,15,1,1,1,0,1,1,1,0,0,0,0,,,0,0,1,1,1,1,0,0,,one_display_only,atp_2012,full_data
281,36,1,1,1,0,1,1,1,0,0,0,0,,,0,0,1,1,1,1,0,0,,one_display_only,atp_2012,full_data
281,50,1,1,1,1,1,1,1,0,0,0,0,,,0,0,1,1,1,1,1,1,,one_display_only,atp_2012,full_data
281,58,1,1,2,1,2,2,2,2,0,0,0,,,0,0,1,1,2,2,1,1,,one_display_only,atp_2012,full_data
281,60,1,1,1,1,1,1,1,0,0,0,0,,,0,0,1,1,1,1,1,1,,one_display_only,atp_2012,full_data
281,61,1,1,1,1,1,1,1,0,0,0,0,,,0,0,1,1,1,1,1,1,,one_display_only,atp_2012,full_data
281,63,1,1,1,0,1,1,1,0,0,0,0,,,0,0,1,1,1,1,0,0,,one_display_only,atp_2012,full_data
281,64,1,1,1,1,1,1,1,0,0,0,0,,,0,0,1,1,1,1,1,1,,one_display_only,atp_2012,full_data
281,72,1,1,3,0.666666666666667,3,3,3,3,0,0,0,,,0,0,1,1,3,3,0.666666666666667,0.666666666666667,,one_display_only,atp_2012,full_data
281,79,1,1,1,1,1,1,1,0,0,0,0,,,0,0,1,1,1,1,1,1,,one_display_only,atp_2012,full_data
281,114,1,1,1,1,1,1,1,0,0,0,0,,,0,0,1,1,1,1,1,1,,one_display_only,atp_2012,full_data
281,120,1,1,1,1,1,1,1,0,0,0,0,,,0,0,1,1,1,1,1,1,,one_display_only,atp_2012,full_data
281,127,1,1,1,1,1,1,1,0,0,0,0,,,0,0,1,1,1,1,1,1,,one_display_only,atp_2012,full_data
281,135,1,1,1,1,1,1,1,0,0,0,0,,,0,0,1,1,1,1,1,1,,one_display_only,atp_2012,full_data
281,136,1,1,1,1,1,1,1,0,0,0,0,,,0,0,1,1,1,1,1,1,,one_display_only,atp_2012,full_data
281,147,1,1,1,1,1,1,1,0,0,0,0,,,0,0,1,1,1,1,1,1,,one_display_only,atp_2012,full_data
281,163,1,1,1,1,1,1,1,0,0,0,0,,,0,0,1,1,1,1,1,1,,one_display_only,atp_2012,full_data
281,173,1,1,1,0,1,1,1,0,0,0,0,,,0,0,1,1,1,1,0,0,,one_display_only,atp_2012,full_data
281,217,1,1,4,0.5,4,4,4,4,0,0,0,,,0,0,1,1,4,4,0.5,0.5,,one_display_only,atp_2012,full_data
281,232,1,1,2,0.5,2,2,2,2,0,0,0,,,0,0,1,1,2,2,0.5,0.5,,one_display_only,atp_2012,full_data
281,234,1,1,1,1,1,1,1,0,0,0,0,,,0,0,1,1,1,1,1,1,,one_display_only,atp_2012,full_data
281,259,1,1,1,1,1,1,1,0,0,0,0,,,0,0,1,1,1,1,1,1,,one_display_only,atp_2012,full_data
281,273,1,1,1,1,1,1,1,0,0,0,0,,,0,0,1,1,1,1,1,1,,one_display_only,atp_2012,full_data
281,287,1,1,1,1,1,1,1,0,0,0,0,,,0,0,1,1,1,1,1,1,,one_display_only,atp_2012,full_data
281,288,1,1,1,1,1,1,1,0,0,0,0,,,0,0,1,1,1,1,1,1,,one_display_only,atp_2012,full_data
281,290,1,1,1,0,1,1,1,0,0,0,0,,,0,0,1,1,1,1,0,0,,one_display_only,atp_2012,full_data
281,292,1,1,1,1,1,1,1,0,0,0,0,,,0,0,1,1,1,1,1,1,,one_display_only,atp_2012,full_data
281,324,1,1,2,0.5,2,2,2,2,0,0,0,,,0,0,1,1,2,2,0.5,0.5,,one_display_only,atp_2012,full_data
281,349,1,1,2,1,2,2,2,2,0,0,0,,,0,0,1,1,2,2,1,1,,one_display_only,atp_2012,full_data
281,363,1,1,1,1,1,1,1,0,0,0,0,,,0,0,1,1,1,1,1,1,,one_display_only,atp_2012,full_data
281,364,1,1,1,1,1,1,1,0,0,0,0,,,0,0,1,1,1,1,1,1,,one_display_only,atp_2012,full_data
281,401,1,1,1,0,1,1,1,0,0,0,0,,,0,0,1,1,1,1,0,0,,one_display_only,atp_2012,full_data
281,407,1,1,1,0,1,1,1,0,0,0,0,,,0,0,1,1,1,1,0,0,,one_display_only,atp_2012,full_data
282,39,1,1,1,1,1,1,1,0,0,0,0,,,0,0,1,1,1,1,1,1,,one_display_only,atp_2012,full_data
282,89,1,1,1,1,1,1,1,0,0,0,0,,,0,0,1,1,1,1,1,1,,one_display_only,atp_2012,full_data
282,343,1,1,1,1,1,1,1,0,0,0,0,,,0,0,1,1,1,1,1,1,,one_display_only,atp_2012,full_data
286,17,1,1,1,1,1,1,1,0,0,0,0,,,0,0,1,1,1,1,1,1,,one_display_only,atp_2012,full_data
286,62,1,1,1,1,1,1,1,0,0,0,0,,,0,0,1,1,1,1,1,1,,one_display_only,atp_2012,full_data
286,114,1,1,1,1,1,1,1,0,0,0,0,,,0,0,1,1,1,1,1,1,,one_display_only,atp_2012,full_data
286,167,1,1,1,1,1,1,1,0,0,0,0,,,0,0,1,1,1,1,1,1,,one_display_only,atp_2012,full_data
286,170,1,1,1,1,1,1,1,0,0,0,0,,,0,0,1,1,1,1,1,1,,one_display_only,atp_2012,full_data
286,244,1,1,1,1,1,1,1,0,0,0,0,,,0,0,1,1,1,1,1,1,,one_display_only,atp_2012,full_data
286,245,1,1,1,1,1,1,1,0,0,0,0,,,0,0,1,1,1,1,1,1,,one_display_only,atp_2012,full_data
286,295,1,1,1,1,1,1,1,0,0,0,0,,,0,0,1,1,1,1,1,1,,one_display_only,atp_2012,full_data
286,333,1,1,1,0,1,1,1,0,0,0,0,,,0,0,1,1,1,1,0,0,,one_display_only,atp_2012,full_data
286,343,1,1,1,1,1,1,1,0,0,0,0,,,0,0,1,1,1,1,1,1,,one_display_only,atp_2012,full_data
287,10,1,1,1,0,1,1,1,0,0,0,0,,,0,0,1,1,1,1,0,0,,one_display_only,atp_2012,full_data
287,26,1,1,1,1,1,1,1,0,0,0,0,,,0,0,1,1,1,1,1,1,,one_display_only,atp_2012,full_data
287,39,1,1,1,1,1,1,1,0,0,0,0,,,0,0,1,1,1,1,1,1,,one_display_only,atp_2012,full_data
287,63,1,1,1,1,1,1,1,0,0,0,0,,,0,0,1,1,1,1,1,1,,one_display_only,atp_2012,full_data
287,68,1,1,1,1,1,1,1,0,0,0,0,,,0,0,1,1,1,1,1,1,,one_display_only,atp_2012,full_data
287,73,1,1,1,1,1,1,1,0,0,0,0,,,0,0,1,1,1,1,1,1,,one_display_only,atp_2012,full_data
287,173,1,1,1,1,1,1,1,0,0,0,0,,,0,0,1,1,1,1,1,1,,one_display_only,atp_2012,full_data
287,245,1,1,1,1,1,1,1,0,0,0,0,,,0,0,1,1,1,1,1,1,,one_display_only,atp_2012,full_data
287,250,1,1,1,1,1,1,1,0,0,0,0,,,0,0,1,1,1,1,1,1,,one_display_only,atp_2012,full_data
287,306,1,1,1,1,1,1,1,0,0,0,0,,,0,0,1,1,1,1,1,1,,one_display_only,atp_2012,full_data
287,309,1,1,1,1,1,1,1,0,0,0,0,,,0,0,1,1,1,1,1,1,,one_display_only,atp_2012,full_data
287,313,1,1,1,1,1,1,1,0,0,0,0,,,0,0,1,1,1,1,1,1,,one_display_only,atp_2012,full_data
287,412,1,1,1,1,1,1,1,0,0,0,0,,,0,0,1,1,1,1,1,1,,one_display_only,atp_2012,full_data
288,109,1,1,2,0.5,2,2,2,2,0,0,0,,,0,0,1,1,2,2,0.5,0.5,,one_display_only,atp_2012,full_data
288,135,1,1,1,1,1,1,1,0,0,0,0,,,0,0,1,1,1,1,1,1,,one_display_only,atp_2012,full_data
288,137,1,1,1,1,1,1,1,0,0,0,0,,,0,0,1,1,1,1,1,1,,one_display_only,atp_2012,full_data
288,148,1,1,1,1,1,1,1,0,0,0,0,,,0,0,1,1,1,1,1,1,,one_display_only,atp_2012,full_data
288,202,1,1,1,1,1,1,1,0,0,0,0,,,0,0,1,1,1,1,1,1,,one_display_only,atp_2012,full_data
288,204,1,1,1,1,1,1,1,0,0,0,0,,,0,0,1,1,1,1,1,1,,one_display_only,atp_2012,full_data
288,232,1,1,1,1,1,1,1,0,0,0,0,,,0,0,1,1,1,1,1,1,,one_display_only,atp_2012,full_data
288,251,1,1,1,1,1,1,1,0,0,0,0,,,0,0,1,1,1,1,1,1,,one_display_only,atp_2012,full_data
288,284,1,1,1,1,1,1,1,0,0,0,0,,,0,0,1,1,1,1,1,1,,one_display_only,atp_2012,full_data
288,295,1,1,1,0,1,1,1,0,0,0,0,,,0,0,1,1,1,1,0,0,,one_display_only,atp_2012,full_data
288,301,1,1,1,1,1,1,1,0,0,0,0,,,0,0,1,1,1,1,1,1,,one_display_only,atp_2012,full_data
288,309,1,1,1,1,1,1,1,0,0,0,0,,,0,0,1,1,1,1,1,1,,one_display_only,atp_2012,full_data
288,338,1,1,1,1,1,1,1,0,0,0,0,,,0,0,1,1,1,1,1,1,,one_display_only,atp_2012,full_data
288,401,1,1,1,1,1,1,1,0,0,0,0,,,0,0,1,1,1,1,1,1,,one_display_only,atp_2012,full_data
288,406,1,1,1,1,1,1,1,0,0,0,0,,,0,0,1,1,1,1,1,1,,one_display_only,atp_2012,full_data
290,68,1,1,1,1,1,1,1,0,0,0,0,,,0,0,1,1,1,1,1,1,,one_display_only,atp_2012,full_data
290,109,1,1,1,0,1,1,1,0,0,0,0,,,0,0,1,1,1,1,0,0,,one_display_only,atp_2012,full_data
290,119,1,1,1,1,1,1,1,0,0,0,0,,,0,0,1,1,1,1,1,1,,one_display_only,atp_2012,full_data
290,132,1,1,1,1,1,1,1,0,0,0,0,,,0,0,1,1,1,1,1,1,,one_display_only,atp_2012,full_data
290,158,1,1,1,1,1,1,1,0,0,0,0,,,0,0,1,1,1,1,1,1,,one_display_only,atp_2012,full_data
290,187,1,1,2,0.5,2,2,2,2,0,0,0,,,0,0,1,1,2,2,0.5,0.5,,one_display_only,atp_2012,full_data
290,207,1,1,1,1,1,1,1,0,0,0,0,,,0,0,1,1,1,1,1,1,,one_display_only,atp_2012,full_data
290,232,1,1,1,1,1,1,1,0,0,0,0,,,0,0,1,1,1,1,1,1,,one_display_only,atp_2012,full_data
290,317,1,1,1,1,1,1,1,0,0,0,0,,,0,0,1,1,1,1,1,1,,one_display_only,atp_2012,full_data
290,407,1,1,1,1,1,1,1,0,0,0,0,,,0,0,1,1,1,1,1,1,,one_display_only,atp_2012,full_data
291,16,1,1,1,1,1,1,1,0,0,0,0,,,0,0,1,1,1,1,1,1,,one_display_only,atp_2012,full_data
291,28,1,1,1,1,1,1,1,0,0,0,0,,,0,0,1,1,1,1,1,1,,one_display_only,atp_2012,full_data
291,46,1,1,1,1,1,1,1,0,0,0,0,,,0,0,1,1,1,1,1,1,,one_display_only,atp_2012,full_data
291,50,1,1,1,0,1,1,1,0,0,0,0,,,0,0,1,1,1,1,0,0,,one_display_only,atp_2012,full_data
291,58,1,1,1,1,1,1,1,0,0,0,0,,,0,0,1,1,1,1,1,1,,one_display_only,atp_2012,full_data
291,68,1,1,1,0,1,1,1,0,0,0,0,,,0,0,1,1,1,1,0,0,,one_display_only,atp_2012,full_data
291,72,1,1,1,1,1,1,1,0,0,0,0,,,0,0,1,1,1,1,1,1,,one_display_only,atp_2012,full_data
291,96,1,1,2,0.5,2,2,2,2,0,0,0,,,0,0,1,1,2,2,0.5,0.5,,one_display_only,atp_2012,full_data
291,114,1,1,1,1,1,1,1,0,0,0,0,,,0,0,1,1,1,1,1,1,,one_display_only,atp_2012,full_data
291,134,1,1,1,1,1,1,1,0,0,0,0,,,0,0,1,1,1,1,1,1,,one_display_only,atp_2012,full_data
291,135,1,1,2,0.5,2,2,2,2,0,0,0,,,0,0,1,1,2,2,0.5,0.5,,one_display_only,atp_2012,full_data
291,150,1,1,1,1,1,1,1,0,0,0,0,,,0,0,1,1,1,1,1,1,,one_display_only,atp_2012,full_data
291,157,1,1,1,1,1,1,1,0,0,0,0,,,0,0,1,1,1,1,1,1,,one_display_only,atp_2012,full_data
291,171,1,1,1,0,1,1,1,0,0,0,0,,,0,0,1,1,1,1,0,0,,one_display_only,atp_2012,full_data
291,173,1,1,1,1,1,1,1,0,0,0,0,,,0,0,1,1,1,1,1,1,,one_display_only,atp_2012,full_data
291,180,1,1,1,1,1,1,1,0,0,0,0,,,0,0,1,1,1,1,1,1,,one_display_only,atp_2012,full_data
291,184,1,1,1,1,1,1,1,0,0,0,0,,,0,0,1,1,1,1,1,1,,one_display_only,atp_2012,full_data
291,202,1,1,1,0,1,1,1,0,0,0,0,,,0,0,1,1,1,1,0,0,,one_display_only,atp_2012,full_data
291,207,1,1,1,0,1,1,1,0,0,0,0,,,0,0,1,1,1,1,0,0,,one_display_only,atp_2012,full_data
291,217,1,1,2,0.5,2,2,2,2,0,0,0,,,0,0,1,1,2,2,0.5,0.5,,one_display_only,atp_2012,full_data
291,247,1,1,1,1,1,1,1,0,0,0,0,,,0,0,1,1,1,1,1,1,,one_display_only,atp_2012,full_data
291,251,1,1,1,0,1,1,1,0,0,0,0,,,0,0,1,1,1,1,0,0,,one_display_only,atp_2012,full_data
291,256,1,1,1,1,1,1,1,0,0,0,0,,,0,0,1,1,1,1,1,1,,one_display_only,atp_2012,full_data
291,288,1,1,1,1,1,1,1,0,0,0,0,,,0,0,1,1,1,1,1,1,,one_display_only,atp_2012,full_data
291,343,1,1,1,1,1,1,1,0,0,0,0,,,0,0,1,1,1,1,1,1,,one_display_only,atp_2012,full_data
291,372,1,1,1,0,1,1,1,0,0,0,0,,,0,0,1,1,1,1,0,0,,one_display_only,atp_2012,full_data
291,373,1,1,1,1,1,1,1,0,0,0,0,,,0,0,1,1,1,1,1,1,,one_display_only,atp_2012,full_data
291,386,1,1,1,1,1,1,1,0,0,0,0,,,0,0,1,1,1,1,1,1,,one_display_only,atp_2012,full_data
291,407,1,1,1,1,1,1,1,0,0,0,0,,,0,0,1,1,1,1,1,1,,one_display_only,atp_2012,full_data
291,419,1,1,1,1,1,1,1,0,0,0,0,,,0,0,1,1,1,1,1,1,,one_display_only,atp_2012,full_data
292,100,1,1,1,1,1,1,1,0,0,0,0,,,0,0,1,1,1,1,1,1,,one_display_only,atp_2012,full_data
292,232,1,1,1,1,1,1,1,0,0,0,0,,,0,0,1,1,1,1,1,1,,one_display_only,atp_2012,full_data
294,109,1,1,1,1,1,1,1,0,0,0,0,,,0,0,1,1,1,1,1,1,,one_display_only,atp_2012,full_data
294,147,1,1,1,1,1,1,1,0,0,0,0,,,0,0,1,1,1,1,1,1,,one_display_only,atp_2012,full_data
294,269,1,1,1,0,1,1,1,0,0,0,0,,,0,0,1,1,1,1,0,0,,one_display_only,atp_2012,full_data
294,358,1,1,1,1,1,1,1,0,0,0,0,,,0,0,1,1,1,1,1,1,,one_display_only,atp_2012,full_data
295,20,1,1,1,1,1,1,1,0,0,0,0,,,0,0,1,1,1,1,1,1,,one_display_only,atp_2012,full_data
295,23,1,1,1,1,1,1,1,0,0,0,0,,,0,0,1,1,1,1,1,1,,one_display_only,atp_2012,full_data
295,63,1,1,1,1,1,1,1,0,0,0,0,,,0,0,1,1,1,1,1,1,,one_display_only,atp_2012,full_data
295,102,1,1,1,1,1,1,1,0,0,0,0,,,0,0,1,1,1,1,1,1,,one_display_only,atp_2012,full_data
295,106,1,1,1,1,1,1,1,0,0,0,0,,,0,0,1,1,1,1,1,1,,one_display_only,atp_2012,full_data
295,282,1,1,1,1,1,1,1,0,0,0,0,,,0,0,1,1,1,1,1,1,,one_display_only,atp_2012,full_data
295,299,1,1,1,1,1,1,1,0,0,0,0,,,0,0,1,1,1,1,1,1,,one_display_only,atp_2012,full_data
295,304,1,1,1,1,1,1,1,0,0,0,0,,,0,0,1,1,1,1,1,1,,one_display_only,atp_2012,full_data
295,333,1,1,1,1,1,1,1,0,0,0,0,,,0,0,1,1,1,1,1,1,,one_display_only,atp_2012,full_data
299,93,1,1,1,1,1,1,1,0,0,0,0,,,0,0,1,1,1,1,1,1,,one_display_only,atp_2012,full_data
300,247,1,1,3,0.666666666666667,3,3,3,3,0,0,0,,,0,0,1,1,3,3,0.666666666666667,0.666666666666667,,one_display_only,atp_2012,full_data
300,405,1,1,1,1,1,1,1,0,0,0,0,,,0,0,1,1,1,1,1,1,,one_display_only,atp_2012,full_data
303,68,1,1,1,1,1,1,1,0,0,0,0,,,0,0,1,1,1,1,1,1,,one_display_only,atp_2012,full_data
303,94,1,1,1,1,1,1,1,0,0,0,0,,,0,0,1,1,1,1,1,1,,one_display_only,atp_2012,full_data
303,134,1,1,1,0,1,1,1,0,0,0,0,,,0,0,1,1,1,1,0,0,,one_display_only,atp_2012,full_data
303,202,1,1,1,1,1,1,1,0,0,0,0,,,0,0,1,1,1,1,1,1,,one_display_only,atp_2012,full_data
303,392,1,1,1,1,1,1,1,0,0,0,0,,,0,0,1,1,1,1,1,1,,one_display_only,atp_2012,full_data
305,421,1,1,1,1,1,1,1,0,0,0,0,,,0,0,1,1,1,1,1,1,,one_display_only,atp_2012,full_data
306,62,1,1,1,1,1,1,1,0,0,0,0,,,0,0,1,1,1,1,1,1,,one_display_only,atp_2012,full_data
306,78,1,1,1,1,1,1,1,0,0,0,0,,,0,0,1,1,1,1,1,1,,one_display_only,atp_2012,full_data
306,170,1,1,1,1,1,1,1,0,0,0,0,,,0,0,1,1,1,1,1,1,,one_display_only,atp_2012,full_data
306,396,1,1,1,1,1,1,1,0,0,0,0,,,0,0,1,1,1,1,1,1,,one_display_only,atp_2012,full_data
309,20,1,1,1,0,1,1,1,0,0,0,0,,,0,0,1,1,1,1,0,0,,one_display_only,atp_2012,full_data
309,41,1,1,1,1,1,1,1,0,0,0,0,,,0,0,1,1,1,1,1,1,,one_display_only,atp_2012,full_data
309,63,1,1,1,0,1,1,1,0,0,0,0,,,0,0,1,1,1,1,0,0,,one_display_only,atp_2012,full_data
309,68,1,1,1,1,1,1,1,0,0,0,0,,,0,0,1,1,1,1,1,1,,one_display_only,atp_2012,full_data
309,177,1,1,1,1,1,1,1,0,0,0,0,,,0,0,1,1,1,1,1,1,,one_display_only,atp_2012,full_data
309,241,1,1,1,1,1,1,1,0,0,0,0,,,0,0,1,1,1,1,1,1,,one_display_only,atp_2012,full_data
317,68,1,1,1,1,1,1,1,0,0,0,0,,,0,0,1,1,1,1,1,1,,one_display_only,atp_2012,full_data
317,135,1,1,1,1,1,1,1,0,0,0,0,,,0,0,1,1,1,1,1,1,,one_display_only,atp_2012,full_data
317,169,1,1,1,1,1,1,1,0,0,0,0,,,0,0,1,1,1,1,1,1,,one_display_only,atp_2012,full_data
317,200,1,1,1,1,1,1,1,0,0,0,0,,,0,0,1,1,1,1,1,1,,one_display_only,atp_2012,full_data
317,230,1,1,1,1,1,1,1,0,0,0,0,,,0,0,1,1,1,1,1,1,,one_display_only,atp_2012,full_data
317,245,1,1,2,0.5,2,2,2,2,0,0,0,,,0,0,1,1,2,2,0.5,0.5,,one_display_only,atp_2012,full_data
317,249,1,1,1,1,1,1,1,0,0,0,0,,,0,0,1,1,1,1,1,1,,one_display_only,atp_2012,full_data
317,321,1,1,1,1,1,1,1,0,0,0,0,,,0,0,1,1,1,1,1,1,,one_display_only,atp_2012,full_data
317,396,1,1,1,0,1,1,1,0,0,0,0,,,0,0,1,1,1,1,0,0,,one_display_only,atp_2012,full_data
318,50,1,1,1,1,1,1,1,0,0,0,0,,,0,0,1,1,1,1,1,1,,one_display_only,atp_2012,full_data
318,127,1,1,1,1,1,1,1,0,0,0,0,,,0,0,1,1,1,1,1,1,,one_display_only,atp_2012,full_data
319,69,1,1,1,1,1,1,1,0,0,0,0,,,0,0,1,1,1,1,1,1,,one_display_only,atp_2012,full_data
320,12,1,1,1,1,1,1,1,0,0,0,0,,,0,0,1,1,1,1,1,1,,one_display_only,atp_2012,full_data
320,15,1,1,2,0.5,2,2,2,2,0,0,0,,,0,0,1,1,2,2,0.5,0.5,,one_display_only,atp_2012,full_data
320,16,1,1,2,1,2,2,2,2,0,0,0,,,0,0,1,1,2,2,1,1,,one_display_only,atp_2012,full_data
320,36,1,1,4,0.75,4,4,4,4,0,0,0,,,0,0,1,1,4,4,0.75,0.75,,one_display_only,atp_2012,full_data
320,45,1,1,2,1,2,2,2,2,0,0,0,,,0,0,1,1,2,2,1,1,,one_display_only,atp_2012,full_data
320,54,1,1,1,1,1,1,1,0,0,0,0,,,0,0,1,1,1,1,1,1,,one_display_only,atp_2012,full_data
320,89,1,1,1,1,1,1,1,0,0,0,0,,,0,0,1,1,1,1,1,1,,one_display_only,atp_2012,full_data
320,92,1,1,1,1,1,1,1,0,0,0,0,,,0,0,1,1,1,1,1,1,,one_display_only,atp_2012,full_data
320,96,1,1,2,1,2,2,2,2,0,0,0,,,0,0,1,1,2,2,1,1,,one_display_only,atp_2012,full_data
320,101,1,1,1,1,1,1,1,0,0,0,0,,,0,0,1,1,1,1,1,1,,one_display_only,atp_2012,full_data
320,116,1,1,1,1,1,1,1,0,0,0,0,,,0,0,1,1,1,1,1,1,,one_display_only,atp_2012,full_data
320,127,1,1,1,1,1,1,1,0,0,0,0,,,0,0,1,1,1,1,1,1,,one_display_only,atp_2012,full_data
320,132,1,1,1,1,1,1,1,0,0,0,0,,,0,0,1,1,1,1,1,1,,one_display_only,atp_2012,full_data
320,133,1,1,1,1,1,1,1,0,0,0,0,,,0,0,1,1,1,1,1,1,,one_display_only,atp_2012,full_data
320,135,1,1,2,1,2,2,2,2,0,0,0,,,0,0,1,1,2,2,1,1,,one_display_only,atp_2012,full_data
320,136,1,1,1,1,1,1,1,0,0,0,0,,,0,0,1,1,1,1,1,1,,one_display_only,atp_2012,full_data
320,137,1,1,1,1,1,1,1,0,0,0,0,,,0,0,1,1,1,1,1,1,,one_display_only,atp_2012,full_data
320,144,1,1,1,1,1,1,1,0,0,0,0,,,0,0,1,1,1,1,1,1,,one_display_only,atp_2012,full_data
320,150,1,1,1,1,1,1,1,0,0,0,0,,,0,0,1,1,1,1,1,1,,one_display_only,atp_2012,full_data
320,153,1,1,1,1,1,1,1,0,0,0,0,,,0,0,1,1,1,1,1,1,,one_display_only,atp_2012,full_data
320,157,1,1,1,1,1,1,1,0,0,0,0,,,0,0,1,1,1,1,1,1,,one_display_only,atp_2012,full_data
320,162,1,1,1,1,1,1,1,0,0,0,0,,,0,0,1,1,1,1,1,1,,one_display_only,atp_2012,full_data
320,163,1,1,1,1,1,1,1,0,0,0,0,,,0,0,1,1,1,1,1,1,,one_display_only,atp_2012,full_data
320,172,1,1,1,1,1,1,1,0,0,0,0,,,0,0,1,1,1,1,1,1,,one_display_only,atp_2012,full_data
320,175,1,1,3,0.666666666666667,3,3,3,3,0,0,0,,,0,0,1,1,3,3,0.666666666666667,0.666666666666667,,one_display_only,atp_2012,full_data
320,181,1,1,1,0,1,1,1,0,0,0,0,,,0,0,1,1,1,1,0,0,,one_display_only,atp_2012,full_data
320,188,1,1,2,1,2,2,2,2,0,0,0,,,0,0,1,1,2,2,1,1,,one_display_only,atp_2012,full_data
320,192,1,1,3,0.666666666666667,3,3,3,3,0,0,0,,,0,0,1,1,3,3,0.666666666666667,0.666666666666667,,one_display_only,atp_2012,full_data
320,207,1,1,2,1,2,2,2,2,0,0,0,,,0,0,1,1,2,2,1,1,,one_display_only,atp_2012,full_data
320,217,1,1,1,1,1,1,1,0,0,0,0,,,0,0,1,1,1,1,1,1,,one_display_only,atp_2012,full_data
320,223,1,1,3,1,3,3,3,3,0,0,0,,,0,0,1,1,3,3,1,1,,one_display_only,atp_2012,full_data
320,232,1,1,1,1,1,1,1,0,0,0,0,,,0,0,1,1,1,1,1,1,,one_display_only,atp_2012,full_data
320,235,1,1,1,1,1,1,1,0,0,0,0,,,0,0,1,1,1,1,1,1,,one_display_only,atp_2012,full_data
320,246,1,1,1,1,1,1,1,0,0,0,0,,,0,0,1,1,1,1,1,1,,one_display_only,atp_2012,full_data
320,247,1,1,1,1,1,1,1,0,0,0,0,,,0,0,1,1,1,1,1,1,,one_display_only,atp_2012,full_data
320,251,1,1,1,1,1,1,1,0,0,0,0,,,0,0,1,1,1,1,1,1,,one_display_only,atp_2012,full_data
320,256,1,1,1,1,1,1,1,0,0,0,0,,,0,0,1,1,1,1,1,1,,one_display_only,atp_2012,full_data
320,269,1,1,1,1,1,1,1,0,0,0,0,,,0,0,1,1,1,1,1,1,,one_display_only,atp_2012,full_data
320,270,1,1,1,1,1,1,1,0,0,0,0,,,0,0,1,1,1,1,1,1,,one_display_only,atp_2012,full_data
320,314,1,1,1,1,1,1,1,0,0,0,0,,,0,0,1,1,1,1,1,1,,one_display_only,atp_2012,full_data
320,322,1,1,4,1,4,4,4,4,0,0,0,,,0,0,1,1,4,4,1,1,,one_display_only,atp_2012,full_data
320,324,1,1,2,1,2,2,2,2,0,0,0,,,0,0,1,1,2,2,1,1,,one_display_only,atp_2012,full_data
320,349,1,1,2,1,2,2,2,2,0,0,0,,,0,0,1,1,2,2,1,1,,one_display_only,atp_2012,full_data
320,401,1,1,1,1,1,1,1,0,0,0,0,,,0,0,1,1,1,1,1,1,,one_display_only,atp_2012,full_data
321,62,1,1,1,1,1,1,1,0,0,0,0,,,0,0,1,1,1,1,1,1,,one_display_only,atp_2012,full_data
321,71,1,1,1,1,1,1,1,0,0,0,0,,,0,0,1,1,1,1,1,1,,one_display_only,atp_2012,full_data
321,225,1,1,1,1,1,1,1,0,0,0,0,,,0,0,1,1,1,1,1,1,,one_display_only,atp_2012,full_data
321,286,1,1,1,1,1,1,1,0,0,0,0,,,0,0,1,1,1,1,1,1,,one_display_only,atp_2012,full_data
322,28,1,1,1,1,1,1,1,0,0,0,0,,,0,0,1,1,1,1,1,1,,one_display_only,atp_2012,full_data
322,45,1,1,1,1,1,1,1,0,0,0,0,,,0,0,1,1,1,1,1,1,,one_display_only,atp_2012,full_data
322,53,1,1,1,0,1,1,1,0,0,0,0,,,0,0,1,1,1,1,0,0,,one_display_only,atp_2012,full_data
322,58,1,1,1,1,1,1,1,0,0,0,0,,,0,0,1,1,1,1,1,1,,one_display_only,atp_2012,full_data
322,64,1,1,1,0,1,1,1,0,0,0,0,,,0,0,1,1,1,1,0,0,,one_display_only,atp_2012,full_data
322,73,1,1,1,1,1,1,1,0,0,0,0,,,0,0,1,1,1,1,1,1,,one_display_only,atp_2012,full_data
322,80,1,1,2,0.5,2,2,2,2,0,0,0,,,0,0,1,1,2,2,0.5,0.5,,one_display_only,atp_2012,full_data
322,83,1,1,1,1,1,1,1,0,0,0,0,,,0,0,1,1,1,1,1,1,,one_display_only,atp_2012,full_data
322,92,1,1,2,1,2,2,2,2,0,0,0,,,0,0,1,1,2,2,1,1,,one_display_only,atp_2012,full_data
322,96,1,1,1,1,1,1,1,0,0,0,0,,,0,0,1,1,1,1,1,1,,one_display_only,atp_2012,full_data
322,134,1,1,1,1,1,1,1,0,0,0,0,,,0,0,1,1,1,1,1,1,,one_display_only,atp_2012,full_data
322,136,1,1,2,1,2,2,2,2,0,0,0,,,0,0,1,1,2,2,1,1,,one_display_only,atp_2012,full_data
322,163,1,1,1,0,1,1,1,0,0,0,0,,,0,0,1,1,1,1,0,0,,one_display_only,atp_2012,full_data
322,181,1,1,1,1,1,1,1,0,0,0,0,,,0,0,1,1,1,1,1,1,,one_display_only,atp_2012,full_data
322,184,1,1,1,1,1,1,1,0,0,0,0,,,0,0,1,1,1,1,1,1,,one_display_only,atp_2012,full_data
322,188,1,1,1,1,1,1,1,0,0,0,0,,,0,0,1,1,1,1,1,1,,one_display_only,atp_2012,full_data
322,194,1,1,1,1,1,1,1,0,0,0,0,,,0,0,1,1,1,1,1,1,,one_display_only,atp_2012,full_data
322,197,1,1,1,1,1,1,1,0,0,0,0,,,0,0,1,1,1,1,1,1,,one_display_only,atp_2012,full_data
322,200,1,1,1,1,1,1,1,0,0,0,0,,,0,0,1,1,1,1,1,1,,one_display_only,atp_2012,full_data
322,202,1,1,1,1,1,1,1,0,0,0,0,,,0,0,1,1,1,1,1,1,,one_display_only,atp_2012,full_data
322,214,1,1,1,1,1,1,1,0,0,0,0,,,0,0,1,1,1,1,1,1,,one_display_only,atp_2012,full_data
322,250,1,1,1,1,1,1,1,0,0,0,0,,,0,0,1,1,1,1,1,1,,one_display_only,atp_2012,full_data
322,269,1,1,2,1,2,2,2,2,0,0,0,,,0,0,1,1,2,2,1,1,,one_display_only,atp_2012,full_data
322,281,1,1,2,1,2,2,2,2,0,0,0,,,0,0,1,1,2,2,1,1,,one_display_only,atp_2012,full_data
322,282,1,1,1,1,1,1,1,0,0,0,0,,,0,0,1,1,1,1,1,1,,one_display_only,atp_2012,full_data
322,287,1,1,1,1,1,1,1,0,0,0,0,,,0,0,1,1,1,1,1,1,,one_display_only,atp_2012,full_data
322,295,1,1,1,1,1,1,1,0,0,0,0,,,0,0,1,1,1,1,1,1,,one_display_only,atp_2012,full_data
322,324,1,1,1,1,1,1,1,0,0,0,0,,,0,0,1,1,1,1,1,1,,one_display_only,atp_2012,full_data
322,341,1,1,3,1,3,3,3,3,0,0,0,,,0,0,1,1,3,3,1,1,,one_display_only,atp_2012,full_data
322,349,1,1,1,1,1,1,1,0,0,0,0,,,0,0,1,1,1,1,1,1,,one_display_only,atp_2012,full_data
322,372,1,1,1,1,1,1,1,0,0,0,0,,,0,0,1,1,1,1,1,1,,one_display_only,atp_2012,full_data
322,373,1,1,1,1,1,1,1,0,0,0,0,,,0,0,1,1,1,1,1,1,,one_display_only,atp_2012,full_data
322,375,1,1,1,0,1,1,1,0,0,0,0,,,0,0,1,1,1,1,0,0,,one_display_only,atp_2012,full_data
324,10,1,1,1,1,1,1,1,0,0,0,0,,,0,0,1,1,1,1,1,1,,one_display_only,atp_2012,full_data
324,15,1,1,2,0.5,2,2,2,2,0,0,0,,,0,0,1,1,2,2,0.5,0.5,,one_display_only,atp_2012,full_data
324,20,1,1,1,1,1,1,1,0,0,0,0,,,0,0,1,1,1,1,1,1,,one_display_only,atp_2012,full_data
324,26,1,1,1,1,1,1,1,0,0,0,0,,,0,0,1,1,1,1,1,1,,one_display_only,atp_2012,full_data
324,36,1,1,1,0,1,1,1,0,0,0,0,,,0,0,1,1,1,1,0,0,,one_display_only,atp_2012,full_data
324,58,1,1,2,0.5,2,2,2,2,0,0,0,,,0,0,1,1,2,2,0.5,0.5,,one_display_only,atp_2012,full_data
324,68,1,1,1,1,1,1,1,0,0,0,0,,,0,0,1,1,1,1,1,1,,one_display_only,atp_2012,full_data
324,80,1,1,1,1,1,1,1,0,0,0,0,,,0,0,1,1,1,1,1,1,,one_display_only,atp_2012,full_data
324,92,1,1,1,0,1,1,1,0,0,0,0,,,0,0,1,1,1,1,0,0,,one_display_only,atp_2012,full_data
324,96,1,1,1,0,1,1,1,0,0,0,0,,,0,0,1,1,1,1,0,0,,one_display_only,atp_2012,full_data
324,109,1,1,1,1,1,1,1,0,0,0,0,,,0,0,1,1,1,1,1,1,,one_display_only,atp_2012,full_data
324,114,1,1,1,1,1,1,1,0,0,0,0,,,0,0,1,1,1,1,1,1,,one_display_only,atp_2012,full_data
324,116,1,1,1,1,1,1,1,0,0,0,0,,,0,0,1,1,1,1,1,1,,one_display_only,atp_2012,full_data
324,119,1,1,1,1,1,1,1,0,0,0,0,,,0,0,1,1,1,1,1,1,,one_display_only,atp_2012,full_data
324,120,1,1,1,1,1,1,1,0,0,0,0,,,0,0,1,1,1,1,1,1,,one_display_only,atp_2012,full_data
324,127,1,1,1,1,1,1,1,0,0,0,0,,,0,0,1,1,1,1,1,1,,one_display_only,atp_2012,full_data
324,134,1,1,2,0.5,2,2,2,2,0,0,0,,,0,0,1,1,2,2,0.5,0.5,,one_display_only,atp_2012,full_data
324,135,1,1,2,0.5,2,2,2,2,0,0,0,,,0,0,1,1,2,2,0.5,0.5,,one_display_only,atp_2012,full_data
324,137,1,1,1,0,1,1,1,0,0,0,0,,,0,0,1,1,1,1,0,0,,one_display_only,atp_2012,full_data
324,146,1,1,1,1,1,1,1,0,0,0,0,,,0,0,1,1,1,1,1,1,,one_display_only,atp_2012,full_data
324,162,1,1,2,1,2,2,2,2,0,0,0,,,0,0,1,1,2,2,1,1,,one_display_only,atp_2012,full_data
324,181,1,1,2,1,2,2,2,2,0,0,0,,,0,0,1,1,2,2,1,1,,one_display_only,atp_2012,full_data
324,184,1,1,1,1,1,1,1,0,0,0,0,,,0,0,1,1,1,1,1,1,,one_display_only,atp_2012,full_data
324,200,1,1,1,0,1,1,1,0,0,0,0,,,0,0,1,1,1,1,0,0,,one_display_only,atp_2012,full_data
324,202,1,1,1,1,1,1,1,0,0,0,0,,,0,0,1,1,1,1,1,1,,one_display_only,atp_2012,full_data
324,219,1,1,1,1,1,1,1,0,0,0,0,,,0,0,1,1,1,1,1,1,,one_display_only,atp_2012,full_data
324,246,1,1,1,1,1,1,1,0,0,0,0,,,0,0,1,1,1,1,1,1,,one_display_only,atp_2012,full_data
324,258,1,1,1,1,1,1,1,0,0,0,0,,,0,0,1,1,1,1,1,1,,one_display_only,atp_2012,full_data
324,273,1,1,1,0,1,1,1,0,0,0,0,,,0,0,1,1,1,1,0,0,,one_display_only,atp_2012,full_data
324,282,1,1,1,1,1,1,1,0,0,0,0,,,0,0,1,1,1,1,1,1,,one_display_only,atp_2012,full_data
324,300,1,1,1,1,1,1,1,0,0,0,0,,,0,0,1,1,1,1,1,1,,one_display_only,atp_2012,full_data
324,330,1,1,1,1,1,1,1,0,0,0,0,,,0,0,1,1,1,1,1,1,,one_display_only,atp_2012,full_data
324,407,1,1,2,0.5,2,2,2,2,0,0,0,,,0,0,1,1,2,2,0.5,0.5,,one_display_only,atp_2012,full_data
332,150,1,1,1,1,1,1,1,0,0,0,0,,,0,0,1,1,1,1,1,1,,one_display_only,atp_2012,full_data
333,73,1,1,1,1,1,1,1,0,0,0,0,,,0,0,1,1,1,1,1,1,,one_display_only,atp_2012,full_data
335,13,1,1,1,0,1,1,1,0,0,0,0,,,0,0,1,1,1,1,0,0,,one_display_only,atp_2012,full_data
335,20,1,1,1,1,1,1,1,0,0,0,0,,,0,0,1,1,1,1,1,1,,one_display_only,atp_2012,full_data
335,28,1,1,1,1,1,1,1,0,0,0,0,,,0,0,1,1,1,1,1,1,,one_display_only,atp_2012,full_data
335,40,1,1,1,1,1,1,1,0,0,0,0,,,0,0,1,1,1,1,1,1,,one_display_only,atp_2012,full_data
335,50,1,1,1,0,1,1,1,0,0,0,0,,,0,0,1,1,1,1,0,0,,one_display_only,atp_2012,full_data
335,64,1,1,1,1,1,1,1,0,0,0,0,,,0,0,1,1,1,1,1,1,,one_display_only,atp_2012,full_data
335,78,1,1,1,0,1,1,1,0,0,0,0,,,0,0,1,1,1,1,0,0,,one_display_only,atp_2012,full_data
335,80,1,1,1,0,1,1,1,0,0,0,0,,,0,0,1,1,1,1,0,0,,one_display_only,atp_2012,full_data
335,92,1,1,2,1,2,2,2,2,0,0,0,,,0,0,1,1,2,2,1,1,,one_display_only,atp_2012,full_data
335,109,1,1,1,0,1,1,1,0,0,0,0,,,0,0,1,1,1,1,0,0,,one_display_only,atp_2012,full_data
335,119,1,1,1,1,1,1,1,0,0,0,0,,,0,0,1,1,1,1,1,1,,one_display_only,atp_2012,full_data
335,134,1,1,1,0,1,1,1,0,0,0,0,,,0,0,1,1,1,1,0,0,,one_display_only,atp_2012,full_data
335,137,1,1,1,0,1,1,1,0,0,0,0,,,0,0,1,1,1,1,0,0,,one_display_only,atp_2012,full_data
335,148,1,1,1,1,1,1,1,0,0,0,0,,,0,0,1,1,1,1,1,1,,one_display_only,atp_2012,full_data
335,161,1,1,1,0,1,1,1,0,0,0,0,,,0,0,1,1,1,1,0,0,,one_display_only,atp_2012,full_data
335,173,1,1,1,0,1,1,1,0,0,0,0,,,0,0,1,1,1,1,0,0,,one_display_only,atp_2012,full_data
335,184,1,1,1,1,1,1,1,0,0,0,0,,,0,0,1,1,1,1,1,1,,one_display_only,atp_2012,full_data
335,202,1,1,2,1,2,2,2,2,0,0,0,,,0,0,1,1,2,2,1,1,,one_display_only,atp_2012,full_data
335,215,1,1,1,1,1,1,1,0,0,0,0,,,0,0,1,1,1,1,1,1,,one_display_only,atp_2012,full_data
335,219,1,1,1,0,1,1,1,0,0,0,0,,,0,0,1,1,1,1,0,0,,one_display_only,atp_2012,full_data
335,250,1,1,1,1,1,1,1,0,0,0,0,,,0,0,1,1,1,1,1,1,,one_display_only,atp_2012,full_data
335,258,1,1,1,1,1,1,1,0,0,0,0,,,0,0,1,1,1,1,1,1,,one_display_only,atp_2012,full_data
335,287,1,1,1,1,1,1,1,0,0,0,0,,,0,0,1,1,1,1,1,1,,one_display_only,atp_2012,full_data
335,295,1,1,2,0.5,2,2,2,2,0,0,0,,,0,0,1,1,2,2,0.5,0.5,,one_display_only,atp_2012,full_data
335,304,1,1,1,1,1,1,1,0,0,0,0,,,0,0,1,1,1,1,1,1,,one_display_only,atp_2012,full_data
335,306,1,1,1,1,1,1,1,0,0,0,0,,,0,0,1,1,1,1,1,1,,one_display_only,atp_2012,full_data
335,317,1,1,1,0,1,1,1,0,0,0,0,,,0,0,1,1,1,1,0,0,,one_display_only,atp_2012,full_data
335,324,1,1,1,1,1,1,1,0,0,0,0,,,0,0,1,1,1,1,1,1,,one_display_only,atp_2012,full_data
335,343,1,1,1,1,1,1,1,0,0,0,0,,,0,0,1,1,1,1,1,1,,one_display_only,atp_2012,full_data
335,377,1,1,1,1,1,1,1,0,0,0,0,,,0,0,1,1,1,1,1,1,,one_display_only,atp_2012,full_data
335,386,1,1,1,1,1,1,1,0,0,0,0,,,0,0,1,1,1,1,1,1,,one_display_only,atp_2012,full_data
335,393,1,1,1,1,1,1,1,0,0,0,0,,,0,0,1,1,1,1,1,1,,one_display_only,atp_2012,full_data
335,407,1,1,1,1,1,1,1,0,0,0,0,,,0,0,1,1,1,1,1,1,,one_display_only,atp_2012,full_data
335,424,1,1,1,1,1,1,1,0,0,0,0,,,0,0,1,1,1,1,1,1,,one_display_only,atp_2012,full_data
336,447,1,1,1,1,1,1,1,0,0,0,0,,,0,0,1,1,1,1,1,1,,one_display_only,atp_2012,full_data
341,20,1,1,1,1,1,1,1,0,0,0,0,,,0,0,1,1,1,1,1,1,,one_display_only,atp_2012,full_data
341,69,1,1,1,0,1,1,1,0,0,0,0,,,0,0,1,1,1,1,0,0,,one_display_only,atp_2012,full_data
341,82,1,1,1,0,1,1,1,0,0,0,0,,,0,0,1,1,1,1,0,0,,one_display_only,atp_2012,full_data
341,96,1,1,1,1,1,1,1,0,0,0,0,,,0,0,1,1,1,1,1,1,,one_display_only,atp_2012,full_data
341,114,1,1,1,0,1,1,1,0,0,0,0,,,0,0,1,1,1,1,0,0,,one_display_only,atp_2012,full_data
341,135,1,1,1,1,1,1,1,0,0,0,0,,,0,0,1,1,1,1,1,1,,one_display_only,atp_2012,full_data
341,194,1,1,2,1,2,2,2,2,0,0,0,,,0,0,1,1,2,2,1,1,,one_display_only,atp_2012,full_data
341,207,1,1,1,0,1,1,1,0,0,0,0,,,0,0,1,1,1,1,0,0,,one_display_only,atp_2012,full_data
341,244,1,1,1,1,1,1,1,0,0,0,0,,,0,0,1,1,1,1,1,1,,one_display_only,atp_2012,full_data
341,246,1,1,1,1,1,1,1,0,0,0,0,,,0,0,1,1,1,1,1,1,,one_display_only,atp_2012,full_data
341,250,1,1,1,0,1,1,1,0,0,0,0,,,0,0,1,1,1,1,0,0,,one_display_only,atp_2012,full_data
341,251,1,1,1,0,1,1,1,0,0,0,0,,,0,0,1,1,1,1,0,0,,one_display_only,atp_2012,full_data
341,258,1,1,1,1,1,1,1,0,0,0,0,,,0,0,1,1,1,1,1,1,,one_display_only,atp_2012,full_data
341,265,1,1,1,1,1,1,1,0,0,0,0,,,0,0,1,1,1,1,1,1,,one_display_only,atp_2012,full_data
341,291,1,1,1,1,1,1,1,0,0,0,0,,,0,0,1,1,1,1,1,1,,one_display_only,atp_2012,full_data
341,333,1,1,1,1,1,1,1,0,0,0,0,,,0,0,1,1,1,1,1,1,,one_display_only,atp_2012,full_data
341,335,1,1,1,1,1,1,1,0,0,0,0,,,0,0,1,1,1,1,1,1,,one_display_only,atp_2012,full_data
341,342,1,1,2,0.5,2,2,2,2,0,0,0,,,0,0,1,1,2,2,0.5,0.5,,one_display_only,atp_2012,full_data
341,358,1,1,1,0,1,1,1,0,0,0,0,,,0,0,1,1,1,1,0,0,,one_display_only,atp_2012,full_data
341,363,1,1,1,1,1,1,1,0,0,0,0,,,0,0,1,1,1,1,1,1,,one_display_only,atp_2012,full_data
341,416,1,1,1,1,1,1,1,0,0,0,0,,,0,0,1,1,1,1,1,1,,one_display_only,atp_2012,full_data
342,343,1,1,1,1,1,1,1,0,0,0,0,,,0,0,1,1,1,1,1,1,,one_display_only,atp_2012,full_data
348,147,1,1,1,1,1,1,1,0,0,0,0,,,0,0,1,1,1,1,1,1,,one_display_only,atp_2012,full_data
348,317,1,1,1,1,1,1,1,0,0,0,0,,,0,0,1,1,1,1,1,1,,one_display_only,atp_2012,full_data
348,343,1,1,1,1,1,1,1,0,0,0,0,,,0,0,1,1,1,1,1,1,,one_display_only,atp_2012,full_data
349,16,1,1,1,0,1,1,1,0,0,0,0,,,0,0,1,1,1,1,0,0,,one_display_only,atp_2012,full_data
349,26,1,1,1,1,1,1,1,0,0,0,0,,,0,0,1,1,1,1,1,1,,one_display_only,atp_2012,full_data
349,28,1,1,1,1,1,1,1,0,0,0,0,,,0,0,1,1,1,1,1,1,,one_display_only,atp_2012,full_data
349,35,1,1,1,1,1,1,1,0,0,0,0,,,0,0,1,1,1,1,1,1,,one_display_only,atp_2012,full_data
349,50,1,1,1,1,1,1,1,0,0,0,0,,,0,0,1,1,1,1,1,1,,one_display_only,atp_2012,full_data
349,54,1,1,1,1,1,1,1,0,0,0,0,,,0,0,1,1,1,1,1,1,,one_display_only,atp_2012,full_data
349,63,1,1,1,1,1,1,1,0,0,0,0,,,0,0,1,1,1,1,1,1,,one_display_only,atp_2012,full_data
349,79,1,1,1,1,1,1,1,0,0,0,0,,,0,0,1,1,1,1,1,1,,one_display_only,atp_2012,full_data
349,91,1,1,1,1,1,1,1,0,0,0,0,,,0,0,1,1,1,1,1,1,,one_display_only,atp_2012,full_data
349,147,1,1,1,0,1,1,1,0,0,0,0,,,0,0,1,1,1,1,0,0,,one_display_only,atp_2012,full_data
349,157,1,1,2,0.5,2,2,2,2,0,0,0,,,0,0,1,1,2,2,0.5,0.5,,one_display_only,atp_2012,full_data
349,163,1,1,1,1,1,1,1,0,0,0,0,,,0,0,1,1,1,1,1,1,,one_display_only,atp_2012,full_data
349,173,1,1,1,1,1,1,1,0,0,0,0,,,0,0,1,1,1,1,1,1,,one_display_only,atp_2012,full_data
349,181,1,1,2,0.5,2,2,2,2,0,0,0,,,0,0,1,1,2,2,0.5,0.5,,one_display_only,atp_2012,full_data
349,184,1,1,1,1,1,1,1,0,0,0,0,,,0,0,1,1,1,1,1,1,,one_display_only,atp_2012,full_data
349,214,1,1,1,1,1,1,1,0,0,0,0,,,0,0,1,1,1,1,1,1,,one_display_only,atp_2012,full_data
349,246,1,1,1,0,1,1,1,0,0,0,0,,,0,0,1,1,1,1,0,0,,one_display_only,atp_2012,full_data
349,273,1,1,1,1,1,1,1,0,0,0,0,,,0,0,1,1,1,1,1,1,,one_display_only,atp_2012,full_data
349,286,1,1,1,1,1,1,1,0,0,0,0,,,0,0,1,1,1,1,1,1,,one_display_only,atp_2012,full_data
349,287,1,1,1,1,1,1,1,0,0,0,0,,,0,0,1,1,1,1,1,1,,one_display_only,atp_2012,full_data
349,288,1,1,1,0,1,1,1,0,0,0,0,,,0,0,1,1,1,1,0,0,,one_display_only,atp_2012,full_data
349,290,1,1,2,1,2,2,2,2,0,0,0,,,0,0,1,1,2,2,1,1,,one_display_only,atp_2012,full_data
349,292,1,1,1,1,1,1,1,0,0,0,0,,,0,0,1,1,1,1,1,1,,one_display_only,atp_2012,full_data
349,295,1,1,3,1,3,3,3,3,0,0,0,,,0,0,1,1,3,3,1,1,,one_display_only,atp_2012,full_data
349,335,1,1,1,1,1,1,1,0,0,0,0,,,0,0,1,1,1,1,1,1,,one_display_only,atp_2012,full_data
349,363,1,1,1,1,1,1,1,0,0,0,0,,,0,0,1,1,1,1,1,1,,one_display_only,atp_2012,full_data
349,373,1,1,1,1,1,1,1,0,0,0,0,,,0,0,1,1,1,1,1,1,,one_display_only,atp_2012,full_data
349,391,1,1,1,1,1,1,1,0,0,0,0,,,0,0,1,1,1,1,1,1,,one_display_only,atp_2012,full_data
349,407,1,1,1,1,1,1,1,0,0,0,0,,,0,0,1,1,1,1,1,1,,one_display_only,atp_2012,full_data
351,66,1,1,1,1,1,1,1,0,0,0,0,,,0,0,1,1,1,1,1,1,,one_display_only,atp_2012,full_data
351,141,1,1,1,1,1,1,1,0,0,0,0,,,0,0,1,1,1,1,1,1,,one_display_only,atp_2012,full_data
351,365,1,1,1,1,1,1,1,0,0,0,0,,,0,0,1,1,1,1,1,1,,one_display_only,atp_2012,full_data
351,411,1,1,1,1,1,1,1,0,0,0,0,,,0,0,1,1,1,1,1,1,,one_display_only,atp_2012,full_data
351,442,1,1,1,1,1,1,1,0,0,0,0,,,0,0,1,1,1,1,1,1,,one_display_only,atp_2012,full_data
352,374,1,1,1,1,1,1,1,0,0,0,0,,,0,0,1,1,1,1,1,1,,one_display_only,atp_2012,full_data
358,50,1,1,1,0,1,1,1,0,0,0,0,,,0,0,1,1,1,1,0,0,,one_display_only,atp_2012,full_data
358,286,1,1,1,1,1,1,1,0,0,0,0,,,0,0,1,1,1,1,1,1,,one_display_only,atp_2012,full_data
359,72,1,1,1,1,1,1,1,0,0,0,0,,,0,0,1,1,1,1,1,1,,one_display_only,atp_2012,full_data
359,146,1,1,1,1,1,1,1,0,0,0,0,,,0,0,1,1,1,1,1,1,,one_display_only,atp_2012,full_data
359,364,1,1,1,1,1,1,1,0,0,0,0,,,0,0,1,1,1,1,1,1,,one_display_only,atp_2012,full_data
360,39,1,1,1,1,1,1,1,0,0,0,0,,,0,0,1,1,1,1,1,1,,one_display_only,atp_2012,full_data
363,23,1,1,1,1,1,1,1,0,0,0,0,,,0,0,1,1,1,1,1,1,,one_display_only,atp_2012,full_data
363,82,1,1,2,1,2,2,2,2,0,0,0,,,0,0,1,1,2,2,1,1,,one_display_only,atp_2012,full_data
363,106,1,1,1,1,1,1,1,0,0,0,0,,,0,0,1,1,1,1,1,1,,one_display_only,atp_2012,full_data
363,120,1,1,1,1,1,1,1,0,0,0,0,,,0,0,1,1,1,1,1,1,,one_display_only,atp_2012,full_data
363,132,1,1,1,1,1,1,1,0,0,0,0,,,0,0,1,1,1,1,1,1,,one_display_only,atp_2012,full_data
363,188,1,1,1,1,1,1,1,0,0,0,0,,,0,0,1,1,1,1,1,1,,one_display_only,atp_2012,full_data
363,295,1,1,1,1,1,1,1,0,0,0,0,,,0,0,1,1,1,1,1,1,,one_display_only,atp_2012,full_data
364,48,1,1,1,1,1,1,1,0,0,0,0,,,0,0,1,1,1,1,1,1,,one_display_only,atp_2012,full_data
364,249,1,1,1,1,1,1,1,0,0,0,0,,,0,0,1,1,1,1,1,1,,one_display_only,atp_2012,full_data
366,356,1,1,1,1,1,1,1,0,0,0,0,,,0,0,1,1,1,1,1,1,,one_display_only,atp_2012,full_data
367,219,1,1,1,1,1,1,1,0,0,0,0,,,0,0,1,1,1,1,1,1,,one_display_only,atp_2012,full_data
368,87,1,1,1,1,1,1,1,0,0,0,0,,,0,0,1,1,1,1,1,1,,one_display_only,atp_2012,full_data
368,98,1,1,1,1,1,1,1,0,0,0,0,,,0,0,1,1,1,1,1,1,,one_display_only,atp_2012,full_data
368,402,1,1,1,1,1,1,1,0,0,0,0,,,0,0,1,1,1,1,1,1,,one_display_only,atp_2012,full_data
372,24,1,1,1,1,1,1,1,0,0,0,0,,,0,0,1,1,1,1,1,1,,one_display_only,atp_2012,full_data
372,91,1,1,1,1,1,1,1,0,0,0,0,,,0,0,1,1,1,1,1,1,,one_display_only,atp_2012,full_data
372,171,1,1,1,1,1,1,1,0,0,0,0,,,0,0,1,1,1,1,1,1,,one_display_only,atp_2012,full_data
372,202,1,1,1,0,1,1,1,0,0,0,0,,,0,0,1,1,1,1,0,0,,one_display_only,atp_2012,full_data
372,295,1,1,1,1,1,1,1,0,0,0,0,,,0,0,1,1,1,1,1,1,,one_display_only,atp_2012,full_data
372,342,1,1,1,1,1,1,1,0,0,0,0,,,0,0,1,1,1,1,1,1,,one_display_only,atp_2012,full_data
373,134,1,1,1,1,1,1,1,0,0,0,0,,,0,0,1,1,1,1,1,1,,one_display_only,atp_2012,full_data
373,237,1,1,1,1,1,1,1,0,0,0,0,,,0,0,1,1,1,1,1,1,,one_display_only,atp_2012,full_data
373,282,1,1,1,0,1,1,1,0,0,0,0,,,0,0,1,1,1,1,0,0,,one_display_only,atp_2012,full_data
375,64,1,1,1,0,1,1,1,0,0,0,0,,,0,0,1,1,1,1,0,0,,one_display_only,atp_2012,full_data
375,219,1,1,1,1,1,1,1,0,0,0,0,,,0,0,1,1,1,1,1,1,,one_display_only,atp_2012,full_data
375,337,1,1,1,1,1,1,1,0,0,0,0,,,0,0,1,1,1,1,1,1,,one_display_only,atp_2012,full_data
375,372,1,1,1,1,1,1,1,0,0,0,0,,,0,0,1,1,1,1,1,1,,one_display_only,atp_2012,full_data
376,60,1,1,1,1,1,1,1,0,0,0,0,,,0,0,1,1,1,1,1,1,,one_display_only,atp_2012,full_data
376,109,1,1,1,1,1,1,1,0,0,0,0,,,0,0,1,1,1,1,1,1,,one_display_only,atp_2012,full_data
376,132,1,1,1,0,1,1,1,0,0,0,0,,,0,0,1,1,1,1,0,0,,one_display_only,atp_2012,full_data
376,133,1,1,1,1,1,1,1,0,0,0,0,,,0,0,1,1,1,1,1,1,,one_display_only,atp_2012,full_data
376,162,1,1,1,1,1,1,1,0,0,0,0,,,0,0,1,1,1,1,1,1,,one_display_only,atp_2012,full_data
376,194,1,1,1,1,1,1,1,0,0,0,0,,,0,0,1,1,1,1,1,1,,one_display_only,atp_2012,full_data
376,255,1,1,1,1,1,1,1,0,0,0,0,,,0,0,1,1,1,1,1,1,,one_display_only,atp_2012,full_data
376,291,1,1,1,0,1,1,1,0,0,0,0,,,0,0,1,1,1,1,0,0,,one_display_only,atp_2012,full_data
376,303,1,1,1,1,1,1,1,0,0,0,0,,,0,0,1,1,1,1,1,1,,one_display_only,atp_2012,full_data
376,305,1,1,1,1,1,1,1,0,0,0,0,,,0,0,1,1,1,1,1,1,,one_display_only,atp_2012,full_data
376,317,1,1,1,1,1,1,1,0,0,0,0,,,0,0,1,1,1,1,1,1,,one_display_only,atp_2012,full_data
376,322,1,1,1,1,1,1,1,0,0,0,0,,,0,0,1,1,1,1,1,1,,one_display_only,atp_2012,full_data
376,368,1,1,1,1,1,1,1,0,0,0,0,,,0,0,1,1,1,1,1,1,,one_display_only,atp_2012,full_data
377,9,1,1,1,1,1,1,1,0,0,0,0,,,0,0,1,1,1,1,1,1,,one_display_only,atp_2012,full_data
377,15,1,1,1,1,1,1,1,0,0,0,0,,,0,0,1,1,1,1,1,1,,one_display_only,atp_2012,full_data
377,40,1,1,1,1,1,1,1,0,0,0,0,,,0,0,1,1,1,1,1,1,,one_display_only,atp_2012,full_data
377,52,1,1,1,1,1,1,1,0,0,0,0,,,0,0,1,1,1,1,1,1,,one_display_only,atp_2012,full_data
377,60,1,1,1,0,1,1,1,0,0,0,0,,,0,0,1,1,1,1,0,0,,one_display_only,atp_2012,full_data
377,62,1,1,1,0,1,1,1,0,0,0,0,,,0,0,1,1,1,1,0,0,,one_display_only,atp_2012,full_data
377,82,1,1,1,1,1,1,1,0,0,0,0,,,0,0,1,1,1,1,1,1,,one_display_only,atp_2012,full_data
377,92,1,1,2,1,2,2,2,2,0,0,0,,,0,0,1,1,2,2,1,1,,one_display_only,atp_2012,full_data
377,202,1,1,2,0.5,2,2,2,2,0,0,0,,,0,0,1,1,2,2,0.5,0.5,,one_display_only,atp_2012,full_data
377,205,1,1,1,1,1,1,1,0,0,0,0,,,0,0,1,1,1,1,1,1,,one_display_only,atp_2012,full_data
377,207,1,1,1,1,1,1,1,0,0,0,0,,,0,0,1,1,1,1,1,1,,one_display_only,atp_2012,full_data
377,282,1,1,1,1,1,1,1,0,0,0,0,,,0,0,1,1,1,1,1,1,,one_display_only,atp_2012,full_data
377,343,1,1,1,1,1,1,1,0,0,0,0,,,0,0,1,1,1,1,1,1,,one_display_only,atp_2012,full_data
377,407,1,1,1,1,1,1,1,0,0,0,0,,,0,0,1,1,1,1,1,1,,one_display_only,atp_2012,full_data
379,9,1,1,1,1,1,1,1,0,0,0,0,,,0,0,1,1,1,1,1,1,,one_display_only,atp_2012,full_data
379,10,1,1,1,1,1,1,1,0,0,0,0,,,0,0,1,1,1,1,1,1,,one_display_only,atp_2012,full_data
379,15,1,1,1,1,1,1,1,0,0,0,0,,,0,0,1,1,1,1,1,1,,one_display_only,atp_2012,full_data
379,16,1,1,1,1,1,1,1,0,0,0,0,,,0,0,1,1,1,1,1,1,,one_display_only,atp_2012,full_data
379,26,1,1,1,1,1,1,1,0,0,0,0,,,0,0,1,1,1,1,1,1,,one_display_only,atp_2012,full_data
379,45,1,1,1,0,1,1,1,0,0,0,0,,,0,0,1,1,1,1,0,0,,one_display_only,atp_2012,full_data
379,50,1,1,1,1,1,1,1,0,0,0,0,,,0,0,1,1,1,1,1,1,,one_display_only,atp_2012,full_data
379,53,1,1,1,0,1,1,1,0,0,0,0,,,0,0,1,1,1,1,0,0,,one_display_only,atp_2012,full_data
379,58,1,1,1,0,1,1,1,0,0,0,0,,,0,0,1,1,1,1,0,0,,one_display_only,atp_2012,full_data
379,60,1,1,2,0.5,2,2,2,2,0,0,0,,,0,0,1,1,2,2,0.5,0.5,,one_display_only,atp_2012,full_data
379,63,1,1,1,1,1,1,1,0,0,0,0,,,0,0,1,1,1,1,1,1,,one_display_only,atp_2012,full_data
379,64,1,1,1,0,1,1,1,0,0,0,0,,,0,0,1,1,1,1,0,0,,one_display_only,atp_2012,full_data
379,68,1,1,1,1,1,1,1,0,0,0,0,,,0,0,1,1,1,1,1,1,,one_display_only,atp_2012,full_data
379,79,1,1,1,1,1,1,1,0,0,0,0,,,0,0,1,1,1,1,1,1,,one_display_only,atp_2012,full_data
379,80,1,1,1,1,1,1,1,0,0,0,0,,,0,0,1,1,1,1,1,1,,one_display_only,atp_2012,full_data
379,109,1,1,1,1,1,1,1,0,0,0,0,,,0,0,1,1,1,1,1,1,,one_display_only,atp_2012,full_data
379,116,1,1,1,0,1,1,1,0,0,0,0,,,0,0,1,1,1,1,0,0,,one_display_only,atp_2012,full_data
379,120,1,1,1,1,1,1,1,0,0,0,0,,,0,0,1,1,1,1,1,1,,one_display_only,atp_2012,full_data
379,132,1,1,1,0,1,1,1,0,0,0,0,,,0,0,1,1,1,1,0,0,,one_display_only,atp_2012,full_data
379,135,1,1,1,1,1,1,1,0,0,0,0,,,0,0,1,1,1,1,1,1,,one_display_only,atp_2012,full_data
379,139,1,1,1,1,1,1,1,0,0,0,0,,,0,0,1,1,1,1,1,1,,one_display_only,atp_2012,full_data
379,148,1,1,2,1,2,2,2,2,0,0,0,,,0,0,1,1,2,2,1,1,,one_display_only,atp_2012,full_data
379,153,1,1,2,1,2,2,2,2,0,0,0,,,0,0,1,1,2,2,1,1,,one_display_only,atp_2012,full_data
379,172,1,1,1,0,1,1,1,0,0,0,0,,,0,0,1,1,1,1,0,0,,one_display_only,atp_2012,full_data
379,173,1,1,1,1,1,1,1,0,0,0,0,,,0,0,1,1,1,1,1,1,,one_display_only,atp_2012,full_data
379,175,1,1,1,0,1,1,1,0,0,0,0,,,0,0,1,1,1,1,0,0,,one_display_only,atp_2012,full_data
379,176,1,1,1,0,1,1,1,0,0,0,0,,,0,0,1,1,1,1,0,0,,one_display_only,atp_2012,full_data
379,181,1,1,2,0.5,2,2,2,2,0,0,0,,,0,0,1,1,2,2,0.5,0.5,,one_display_only,atp_2012,full_data
379,188,1,1,1,1,1,1,1,0,0,0,0,,,0,0,1,1,1,1,1,1,,one_display_only,atp_2012,full_data
379,189,1,1,2,1,2,2,2,2,0,0,0,,,0,0,1,1,2,2,1,1,,one_display_only,atp_2012,full_data
379,192,1,1,1,1,1,1,1,0,0,0,0,,,0,0,1,1,1,1,1,1,,one_display_only,atp_2012,full_data
379,200,1,1,1,1,1,1,1,0,0,0,0,,,0,0,1,1,1,1,1,1,,one_display_only,atp_2012,full_data
379,207,1,1,1,1,1,1,1,0,0,0,0,,,0,0,1,1,1,1,1,1,,one_display_only,atp_2012,full_data
379,217,1,1,1,1,1,1,1,0,0,0,0,,,0,0,1,1,1,1,1,1,,one_display_only,atp_2012,full_data
379,219,1,1,1,1,1,1,1,0,0,0,0,,,0,0,1,1,1,1,1,1,,one_display_only,atp_2012,full_data
379,223,1,1,1,1,1,1,1,0,0,0,0,,,0,0,1,1,1,1,1,1,,one_display_only,atp_2012,full_data
379,232,1,1,1,1,1,1,1,0,0,0,0,,,0,0,1,1,1,1,1,1,,one_display_only,atp_2012,full_data
379,246,1,1,1,1,1,1,1,0,0,0,0,,,0,0,1,1,1,1,1,1,,one_display_only,atp_2012,full_data
379,255,1,1,3,0.666666666666667,3,3,3,3,0,0,0,,,0,0,1,1,3,3,0.666666666666667,0.666666666666667,,one_display_only,atp_2012,full_data
379,281,1,1,2,0,2,2,2,2,0,0,0,,,0,0,1,1,2,2,0,0,,one_display_only,atp_2012,full_data
379,282,1,1,1,1,1,1,1,0,0,0,0,,,0,0,1,1,1,1,1,1,,one_display_only,atp_2012,full_data
379,287,1,1,1,1,1,1,1,0,0,0,0,,,0,0,1,1,1,1,1,1,,one_display_only,atp_2012,full_data
379,288,1,1,2,1,2,2,2,2,0,0,0,,,0,0,1,1,2,2,1,1,,one_display_only,atp_2012,full_data
379,306,1,1,1,1,1,1,1,0,0,0,0,,,0,0,1,1,1,1,1,1,,one_display_only,atp_2012,full_data
379,317,1,1,1,1,1,1,1,0,0,0,0,,,0,0,1,1,1,1,1,1,,one_display_only,atp_2012,full_data
379,349,1,1,1,0,1,1,1,0,0,0,0,,,0,0,1,1,1,1,0,0,,one_display_only,atp_2012,full_data
379,367,1,1,1,1,1,1,1,0,0,0,0,,,0,0,1,1,1,1,1,1,,one_display_only,atp_2012,full_data
379,381,1,1,1,1,1,1,1,0,0,0,0,,,0,0,1,1,1,1,1,1,,one_display_only,atp_2012,full_data
379,401,1,1,1,1,1,1,1,0,0,0,0,,,0,0,1,1,1,1,1,1,,one_display_only,atp_2012,full_data
380,434,1,1,1,1,1,1,1,0,0,0,0,,,0,0,1,1,1,1,1,1,,one_display_only,atp_2012,full_data
384,367,1,1,1,1,1,1,1,0,0,0,0,,,0,0,1,1,1,1,1,1,,one_display_only,atp_2012,full_data
386,20,1,1,1,1,1,1,1,0,0,0,0,,,0,0,1,1,1,1,1,1,,one_display_only,atp_2012,full_data
386,40,1,1,1,0,1,1,1,0,0,0,0,,,0,0,1,1,1,1,0,0,,one_display_only,atp_2012,full_data
386,58,1,1,1,1,1,1,1,0,0,0,0,,,0,0,1,1,1,1,1,1,,one_display_only,atp_2012,full_data
386,79,1,1,2,1,2,2,2,2,0,0,0,,,0,0,1,1,2,2,1,1,,one_display_only,atp_2012,full_data
386,82,1,1,1,1,1,1,1,0,0,0,0,,,0,0,1,1,1,1,1,1,,one_display_only,atp_2012,full_data
386,92,1,1,2,1,2,2,2,2,0,0,0,,,0,0,1,1,2,2,1,1,,one_display_only,atp_2012,full_data
386,100,1,1,1,1,1,1,1,0,0,0,0,,,0,0,1,1,1,1,1,1,,one_display_only,atp_2012,full_data
386,116,1,1,1,1,1,1,1,0,0,0,0,,,0,0,1,1,1,1,1,1,,one_display_only,atp_2012,full_data
386,140,1,1,1,1,1,1,1,0,0,0,0,,,0,0,1,1,1,1,1,1,,one_display_only,atp_2012,full_data
386,161,1,1,1,1,1,1,1,0,0,0,0,,,0,0,1,1,1,1,1,1,,one_display_only,atp_2012,full_data
386,163,1,1,1,1,1,1,1,0,0,0,0,,,0,0,1,1,1,1,1,1,,one_display_only,atp_2012,full_data
386,171,1,1,1,1,1,1,1,0,0,0,0,,,0,0,1,1,1,1,1,1,,one_display_only,atp_2012,full_data
386,173,1,1,1,1,1,1,1,0,0,0,0,,,0,0,1,1,1,1,1,1,,one_display_only,atp_2012,full_data
386,202,1,1,1,1,1,1,1,0,0,0,0,,,0,0,1,1,1,1,1,1,,one_display_only,atp_2012,full_data
386,207,1,1,1,1,1,1,1,0,0,0,0,,,0,0,1,1,1,1,1,1,,one_display_only,atp_2012,full_data
386,217,1,1,3,0.666666666666667,3,3,3,3,0,0,0,,,0,0,1,1,3,3,0.666666666666667,0.666666666666667,,one_display_only,atp_2012,full_data
386,246,1,1,1,1,1,1,1,0,0,0,0,,,0,0,1,1,1,1,1,1,,one_display_only,atp_2012,full_data
386,290,1,1,1,1,1,1,1,0,0,0,0,,,0,0,1,1,1,1,1,1,,one_display_only,atp_2012,full_data
386,295,1,1,1,1,1,1,1,0,0,0,0,,,0,0,1,1,1,1,1,1,,one_display_only,atp_2012,full_data
386,343,1,1,2,0.5,2,2,2,2,0,0,0,,,0,0,1,1,2,2,0.5,0.5,,one_display_only,atp_2012,full_data
386,384,1,1,1,1,1,1,1,0,0,0,0,,,0,0,1,1,1,1,1,1,,one_display_only,atp_2012,full_data
387,131,1,1,1,1,1,1,1,0,0,0,0,,,0,0,1,1,1,1,1,1,,one_display_only,atp_2012,full_data
391,168,1,1,1,1,1,1,1,0,0,0,0,,,0,0,1,1,1,1,1,1,,one_display_only,atp_2012,full_data
391,367,1,1,1,0,1,1,1,0,0,0,0,,,0,0,1,1,1,1,0,0,,one_display_only,atp_2012,full_data
391,384,1,1,1,1,1,1,1,0,0,0,0,,,0,0,1,1,1,1,1,1,,one_display_only,atp_2012,full_data
394,398,1,1,1,1,1,1,1,0,0,0,0,,,0,0,1,1,1,1,1,1,,one_display_only,atp_2012,full_data
395,435,1,1,1,1,1,1,1,0,0,0,0,,,0,0,1,1,1,1,1,1,,one_display_only,atp_2012,full_data
396,71,1,1,1,1,1,1,1,0,0,0,0,,,0,0,1,1,1,1,1,1,,one_display_only,atp_2012,full_data
401,13,1,1,1,0,1,1,1,0,0,0,0,,,0,0,1,1,1,1,0,0,,one_display_only,atp_2012,full_data
401,26,1,1,1,0,1,1,1,0,0,0,0,,,0,0,1,1,1,1,0,0,,one_display_only,atp_2012,full_data
401,50,1,1,2,0.5,2,2,2,2,0,0,0,,,0,0,1,1,2,2,0.5,0.5,,one_display_only,atp_2012,full_data
401,60,1,1,1,1,1,1,1,0,0,0,0,,,0,0,1,1,1,1,1,1,,one_display_only,atp_2012,full_data
401,62,1,1,1,1,1,1,1,0,0,0,0,,,0,0,1,1,1,1,1,1,,one_display_only,atp_2012,full_data
401,73,1,1,1,1,1,1,1,0,0,0,0,,,0,0,1,1,1,1,1,1,,one_display_only,atp_2012,full_data
401,86,1,1,1,1,1,1,1,0,0,0,0,,,0,0,1,1,1,1,1,1,,one_display_only,atp_2012,full_data
401,102,1,1,1,1,1,1,1,0,0,0,0,,,0,0,1,1,1,1,1,1,,one_display_only,atp_2012,full_data
401,114,1,1,1,1,1,1,1,0,0,0,0,,,0,0,1,1,1,1,1,1,,one_display_only,atp_2012,full_data
401,119,1,1,1,1,1,1,1,0,0,0,0,,,0,0,1,1,1,1,1,1,,one_display_only,atp_2012,full_data
401,127,1,1,2,1,2,2,2,2,0,0,0,,,0,0,1,1,2,2,1,1,,one_display_only,atp_2012,full_data
401,134,1,1,1,1,1,1,1,0,0,0,0,,,0,0,1,1,1,1,1,1,,one_display_only,atp_2012,full_data
401,157,1,1,1,1,1,1,1,0,0,0,0,,,0,0,1,1,1,1,1,1,,one_display_only,atp_2012,full_data
401,200,1,1,1,1,1,1,1,0,0,0,0,,,0,0,1,1,1,1,1,1,,one_display_only,atp_2012,full_data
401,232,1,1,1,1,1,1,1,0,0,0,0,,,0,0,1,1,1,1,1,1,,one_display_only,atp_2012,full_data
401,276,1,1,1,1,1,1,1,0,0,0,0,,,0,0,1,1,1,1,1,1,,one_display_only,atp_2012,full_data
401,282,1,1,1,1,1,1,1,0,0,0,0,,,0,0,1,1,1,1,1,1,,one_display_only,atp_2012,full_data
401,294,1,1,1,1,1,1,1,0,0,0,0,,,0,0,1,1,1,1,1,1,,one_display_only,atp_2012,full_data
401,306,1,1,1,1,1,1,1,0,0,0,0,,,0,0,1,1,1,1,1,1,,one_display_only,atp_2012,full_data
401,309,1,1,1,0,1,1,1,0,0,0,0,,,0,0,1,1,1,1,0,0,,one_display_only,atp_2012,full_data
401,364,1,1,1,1,1,1,1,0,0,0,0,,,0,0,1,1,1,1,1,1,,one_display_only,atp_2012,full_data
401,406,1,1,1,1,1,1,1,0,0,0,0,,,0,0,1,1,1,1,1,1,,one_display_only,atp_2012,full_data
404,89,1,1,1,1,1,1,1,0,0,0,0,,,0,0,1,1,1,1,1,1,,one_display_only,atp_2012,full_data
404,232,1,1,1,1,1,1,1,0,0,0,0,,,0,0,1,1,1,1,1,1,,one_display_only,atp_2012,full_data
404,253,1,1,1,1,1,1,1,0,0,0,0,,,0,0,1,1,1,1,1,1,,one_display_only,atp_2012,full_data
405,219,1,1,1,1,1,1,1,0,0,0,0,,,0,0,1,1,1,1,1,1,,one_display_only,atp_2012,full_data
406,73,1,1,1,1,1,1,1,0,0,0,0,,,0,0,1,1,1,1,1,1,,one_display_only,atp_2012,full_data
406,114,1,1,1,1,1,1,1,0,0,0,0,,,0,0,1,1,1,1,1,1,,one_display_only,atp_2012,full_data
406,134,1,1,2,0.5,2,2,2,2,0,0,0,,,0,0,1,1,2,2,0.5,0.5,,one_display_only,atp_2012,full_data
406,348,1,1,1,1,1,1,1,0,0,0,0,,,0,0,1,1,1,1,1,1,,one_display_only,atp_2012,full_data
406,405,1,1,1,0,1,1,1,0,0,0,0,,,0,0,1,1,1,1,0,0,,one_display_only,atp_2012,full_data
407,39,1,1,1,1,1,1,1,0,0,0,0,,,0,0,1,1,1,1,1,1,,one_display_only,atp_2012,full_data
407,50,1,1,1,1,1,1,1,0,0,0,0,,,0,0,1,1,1,1,1,1,,one_display_only,atp_2012,full_data
407,62,1,1,1,1,1,1,1,0,0,0,0,,,0,0,1,1,1,1,1,1,,one_display_only,atp_2012,full_data
407,106,1,1,1,0,1,1,1,0,0,0,0,,,0,0,1,1,1,1,0,0,,one_display_only,atp_2012,full_data
407,109,1,1,1,1,1,1,1,0,0,0,0,,,0,0,1,1,1,1,1,1,,one_display_only,atp_2012,full_data
407,119,1,1,1,1,1,1,1,0,0,0,0,,,0,0,1,1,1,1,1,1,,one_display_only,atp_2012,full_data
407,163,1,1,1,0,1,1,1,0,0,0,0,,,0,0,1,1,1,1,0,0,,one_display_only,atp_2012,full_data
407,173,1,1,1,1,1,1,1,0,0,0,0,,,0,0,1,1,1,1,1,1,,one_display_only,atp_2012,full_data
407,200,1,1,1,1,1,1,1,0,0,0,0,,,0,0,1,1,1,1,1,1,,one_display_only,atp_2012,full_data
407,232,1,1,2,1,2,2,2,2,0,0,0,,,0,0,1,1,2,2,1,1,,one_display_only,atp_2012,full_data
407,249,1,1,1,1,1,1,1,0,0,0,0,,,0,0,1,1,1,1,1,1,,one_display_only,atp_2012,full_data
407,258,1,1,1,0,1,1,1,0,0,0,0,,,0,0,1,1,1,1,0,0,,one_display_only,atp_2012,full_data
407,286,1,1,1,1,1,1,1,0,0,0,0,,,0,0,1,1,1,1,1,1,,one_display_only,atp_2012,full_data
407,288,1,1,2,0.5,2,2,2,2,0,0,0,,,0,0,1,1,2,2,0.5,0.5,,one_display_only,atp_2012,full_data
407,292,1,1,1,1,1,1,1,0,0,0,0,,,0,0,1,1,1,1,1,1,,one_display_only,atp_2012,full_data
407,306,1,1,1,1,1,1,1,0,0,0,0,,,0,0,1,1,1,1,1,1,,one_display_only,atp_2012,full_data
407,317,1,1,1,1,1,1,1,0,0,0,0,,,0,0,1,1,1,1,1,1,,one_display_only,atp_2012,full_data
407,373,1,1,1,1,1,1,1,0,0,0,0,,,0,0,1,1,1,1,1,1,,one_display_only,atp_2012,full_data
407,391,1,1,1,1,1,1,1,0,0,0,0,,,0,0,1,1,1,1,1,1,,one_display_only,atp_2012,full_data
407,401,1,1,1,1,1,1,1,0,0,0,0,,,0,0,1,1,1,1,1,1,,one_display_only,atp_2012,full_data
411,428,1,1,1,1,1,1,1,0,0,0,0,,,0,0,1,1,1,1,1,1,,one_display_only,atp_2012,full_data
412,384,1,1,1,1,1,1,1,0,0,0,0,,,0,0,1,1,1,1,1,1,,one_display_only,atp_2012,full_data
414,28,1,1,1,1,1,1,1,0,0,0,0,,,0,0,1,1,1,1,1,1,,one_display_only,atp_2012,full_data
414,251,1,1,1,1,1,1,1,0,0,0,0,,,0,0,1,1,1,1,1,1,,one_display_only,atp_2012,full_data
414,383,1,1,1,0,1,1,1,0,0,0,0,,,0,0,1,1,1,1,0,0,,one_display_only,atp_2012,full_data
416,286,1,1,1,1,1,1,1,0,0,0,0,,,0,0,1,1,1,1,1,1,,one_display_only,atp_2012,full_data
422,27,1,1,1,1,1,1,1,0,0,0,0,,,0,0,1,1,1,1,1,1,,one_display_only,atp_2012,full_data
422,428,1,1,1,1,1,1,1,0,0,0,0,,,0,0,1,1,1,1,1,1,,one_display_only,atp_2012,full_data
422,453,1,1,1,1,1,1,1,0,0,0,0,,,0,0,1,1,1,1,1,1,,one_display_only,atp_2012,full_data
442,315,1,1,1,1,1,1,1,0,0,0,0,,,0,0,1,1,1,1,1,1,,one_display_only,atp_2012,full_data
