display_id,d,reports,display_reports,possible_rankings,observed_rankings,zero_count_rankings,uniform_expected_count,comparable,frequency_tv,iid_uniform_expected_tv,excess_tv_over_iid_uniform,status,dataset,reference
0,0,1,1,1,1,0,1,False,,,,singleton_shell_no_constraint,atp_2010,full_data
1,0,1,1,1,1,0,1,False,,,,singleton_shell_no_constraint,atp_2010,full_data
2,0,1,1,1,1,0,1,False,,,,singleton_shell_no_constraint,atp_2010,full_data
3,0,1,1,1,1,0,1,False,,,,singleton_shell_no_constraint,atp_2010,full_data
4,1,1,1,1,1,0,1,False,,,,singleton_shell_no_constraint,atp_2010,full_data
5,0,1,1,1,1,0,1,False,,,,singleton_shell_no_constraint,atp_2010,full_data
6,0,1,1,1,1,0,1,False,,,,singleton_shell_no_constraint,atp_2010,full_data
7,0,1,1,1,1,0,1,False,,,,singleton_shell_no_constraint,atp_2010,full_data
8,1,1,1,1,1,0,1,False,,,,singleton_shell_no_constraint,atp_2010,full_data
9,1,1,1,1,1,0,1,False,,,,singleton_shell_no_constraint,atp_2010,full_data
10,0,1,1,1,1,0,1,False,,,,singleton_shell_no_constraint,atp_2010,full_data
11,0,1,1,1,1,0,1,False,,,,singleton_shell_no_constraint,atp_2010,full_data
12,1,1,1,1,1,0,1,False,,,,singleton_shell_no_constraint,atp_2010,full_data
13,1,1,1,1,1,0,1,False,,,,singleton_shell_no_constraint,atp_2010,full_data
14,1,1,1,1,1,0,1,False,,,,singleton_shell_no_constraint,atp_2010,full_data
15,0,2,3,1,1,0,2,False,,,,singleton_shell_no_constraint,atp_2010,full_data
15,1,1,3,1,1,0,1,False,,,,singleton_shell_no_constraint,atp_2010,full_data
16,0,1,1,1,1,0,1,False,,,,singleton_shell_no_constraint,atp_2010,full_data
17,1,1,1,1,1,0,1,False,,,,singleton_shell_no_constraint,atp_2010,full_data
18,0,1,1,1,1,0,1,False,,,,singleton_shell_no_constraint,atp_2010,full_data
19,0,1,1,1,1,0,1,False,,,,singleton_shell_no_constraint,atp_2010,full_data
20,1,1,1,1,1,0,1,False,,,,singleton_shell_no_constraint,atp_2010,full_data
21,0,1,1,1,1,0,1,False,,,,singleton_shell_no_constraint,atp_2010,full_data
22,0,2,3,1,1,0,2,False,,,,singleton_shell_no_constraint,atp_2010,full_data
22,1,1,3,1,1,0,1,False,,,,singleton_shell_no_constraint,atp_2010,full_data
23,0,1,1,1,1,0,1,False,,,,singleton_shell_no_constraint,atp_2010,full_data
24,0,1,1,1,1,0,1,False,,,,singleton_shell_no_constraint,atp_2010,full_data
25,0,1,1,1,1,0,1,False,,,,singleton_shell_no_constraint,atp_2010,full_data
26,0,1,1,1,1,0,1,False,,,,singleton_shell_no_constraint,atp_2010,full_data
27,0,1,1,1,1,0,1,False,,,,singleton_shell_no_constraint,atp_2010,full_data
28,0,1,1,1,1,0,1,False,,,,singleton_shell_no_constraint,atp_2010,full_data
29,0,1,1,1,1,0,1,False,,,,singleton_shell_no_constraint,atp_2010,full_data
30,0,1,1,1,1,0,1,False,,,,singleton_shell_no_constraint,atp_2010,full_data
31,1,1,1,1,1,0,1,False,,,,singleton_shell_no_constraint,atp_2010,full_data
32,0,1,1,1,1,0,1,False,,,,singleton_shell_no_constraint,atp_2010,full_data
33,0,1,1,1,1,0,1,False,,,,singleton_shell_no_constraint,atp_2010,full_data
34,0,1,1,1,1,0,1,False,,,,singleton_shell_no_constraint,atp_2010,full_data
35,0,1,1,1,1,0,1,False,,,,singleton_shell_no_constraint,atp_2010,full_data
36,0,1,1,1,1,0,1,False,,,,singleton_shell_no_constraint,atp_2010,full_data
37,1,1,1,1,1,0,1,False,,,,singleton_shell_no_constraint,atp_2010,full_data
38,0,1,1,1,1,0,1,False,,,,singleton_shell_no_constraint,atp_2010,full_data
39,0,1,1,1,1,0,1,False,,,,singleton_shell_no_constraint,atp_2010,full_data
40,0,1,1,1,1,0,1,False,,,,singleton_shell_no_constraint,atp_2010,full_data
41,0,1,1,1,1,0,1,False,,,,singleton_shell_no_constraint,atp_2010,full_data
42,0,1,1,1,1,0,1,False,,,,singleton_shell_no_constraint,atp_2010,full_data
43,0,1,1,1,1,0,1,False,,,,singleton_shell_no_constraint,atp_2010,full_data
44,1,1,1,1,1,0,1,False,,,,singleton_shell_no_constraint,atp_2010,full_data
45,0,1,1,1,1,0,1,False,,,,singleton_shell_no_constraint,atp_2010,full_data
46,0,1,1,1,1,0,1,False,,,,singleton_shell_no_constraint,atp_2010,full_data
47,0,1,1,1,1,0,1,False,,,,singleton_shell_no_constraint,atp_2010,full_data
48,0,1,1,1,1,0,1,False,,,,singleton_shell_no_constraint,atp_2010,full_data
49,0,1,1,1,1,0,1,False,,,,singleton_shell_no_constraint,atp_2010,full_data
50,0,1,1,1,1,0,1,False,,,,singleton_shell_no_constraint,atp_2010,full_data
51,0,1,1,1,1,0,1,False,,,,singleton_shell_no_constraint,atp_2010,full_data
52,1,1,1,1,1,0,1,False,,,,singleton_shell_no_constraint,atp_2010,full_data
53,0,1,1,1,1,0,1,False,,,,singleton_shell_no_constraint,atp_2010,full_data
54,1,1,1,1,1,0,1,False,,,,singleton_shell_no_constraint,atp_2010,full_data
55,0,1,1,1,1,0,1,False,,,,singleton_shell_no_constraint,atp_2010,full_data
56,0,1,1,1,1,0,1,False,,,,singleton_shell_no_constraint,atp_2010,full_data
57,0,1,1,1,1,0,1,False,,,,singleton_shell_no_constraint,atp_2010,full_data
58,0,1,1,1,1,0,1,False,,,,singleton_shell_no_constraint,atp_2010,full_data
59,1,1,1,1,1,0,1,False,,,,singleton_shell_no_constraint,atp_2010,full_data
60,0,1,1,1,1,0,1,False,,,,singleton_shell_no_constraint,atp_2010,full_data
61,1,1,1,1,1,0,1,False,,,,singleton_shell_no_constraint,atp_2010,full_data
62,1,1,1,1,1,0,1,False,,,,singleton_shell_no_constraint,atp_2010,full_data
63,0,1,1,1,1,0,1,False,,,,singleton_shell_no_constraint,atp_2010,full_data
64,0,1,1,1,1,0,1,False,,,,singleton_shell_no_constraint,atp_2010,full_data
65,0,1,1,1,1,0,1,False,,,,singleton_shell_no_constraint,atp_2010,full_data
66,0,1,1,1,1,0,1,False,,,,singleton_shell_no_constraint,atp_2010,full_data
67,0,1,1,1,1,0,1,False,,,,singleton_shell_no_constraint,atp_2010,full_data
68,0,1,1,1,1,0,1,False,,,,singleton_shell_no_constraint,atp_2010,full_data
69,0,1,1,1,1,0,1,False,,,,singleton_shell_no_constraint,atp_2010,full_data
70,1,1,1,1,1,0,1,False,,,,singleton_shell_no_constraint,atp_2010,full_data
71,0,1,1,1,1,0,1,False,,,,singleton_shell_no_constraint,atp_2010,full_data
72,0,2,2,1,1,0,2,False,,,,singleton_shell_no_constraint,atp_2010,full_data
73,0,2,2,1,1,0,2,False,,,,singleton_shell_no_constraint,atp_2010,full_data
74,0,1,1,1,1,0,1,False,,,,singleton_shell_no_constraint,atp_2010,full_data
75,0,1,1,1,1,0,1,False,,,,singleton_shell_no_constraint,atp_2010,full_data
76,0,1,1,1,1,0,1,False,,,,singleton_shell_no_constraint,atp_2010,full_data
77,1,1,1,1,1,0,1,False,,,,singleton_shell_no_constraint,atp_2010,full_data
78,0,1,1,1,1,0,1,False,,,,singleton_shell_no_constraint,atp_2010,full_data
79,1,1,1,1,1,0,1,False,,,,singleton_shell_no_constraint,atp_2010,full_data
80,0,2,2,1,1,0,2,False,,,,singleton_shell_no_constraint,atp_2010,full_data
81,1,1,1,1,1,0,1,False,,,,singleton_shell_no_constraint,atp_2010,full_data
82,0,1,1,1,1,0,1,False,,,,singleton_shell_no_constraint,atp_2010,full_data
83,0,1,1,1,1,0,1,False,,,,singleton_shell_no_constraint,atp_2010,full_data
84,0,1,1,1,1,0,1,False,,,,singleton_shell_no_constraint,atp_2010,full_data
85,0,1,1,1,1,0,1,False,,,,singleton_shell_no_constraint,atp_2010,full_data
86,1,1,1,1,1,0,1,False,,,,singleton_shell_no_constraint,atp_2010,full_data
87,0,1,1,1,1,0,1,False,,,,singleton_shell_no_constraint,atp_2010,full_data
88,0,1,1,1,1,0,1,False,,,,singleton_shell_no_constraint,atp_2010,full_data
89,0,1,1,1,1,0,1,False,,,,singleton_shell_no_constraint,atp_2010,full_data
90,1,1,1,1,1,0,1,False,,,,singleton_shell_no_constraint,atp_2010,full_data
91,0,1,1,1,1,0,1,False,,,,singleton_shell_no_constraint,atp_2010,full_data
92,0,1,1,1,1,0,1,False,,,,singleton_shell_no_constraint,atp_2010,full_data
93,0,1,1,1,1,0,1,False,,,,singleton_shell_no_constraint,atp_2010,full_data
94,0,2,3,1,1,0,2,False,,,,singleton_shell_no_constraint,atp_2010,full_data
94,1,1,3,1,1,0,1,False,,,,singleton_shell_no_constraint,atp_2010,full_data
95,0,1,1,1,1,0,1,False,,,,singleton_shell_no_constraint,atp_2010,full_data
96,1,1,1,1,1,0,1,False,,,,singleton_shell_no_constraint,atp_2010,full_data
97,0,1,1,1,1,0,1,False,,,,singleton_shell_no_constraint,atp_2010,full_data
98,0,1,2,1,1,0,1,False,,,,singleton_shell_no_constraint,atp_2010,full_data
98,1,1,2,1,1,0,1,False,,,,singleton_shell_no_constraint,atp_2010,full_data
99,0,1,1,1,1,0,1,False,,,,singleton_shell_no_constraint,atp_2010,full_data
100,1,1,1,1,1,0,1,False,,,,singleton_shell_no_constraint,atp_2010,full_data
101,0,1,1,1,1,0,1,False,,,,singleton_shell_no_constraint,atp_2010,full_data
102,0,1,1,1,1,0,1,False,,,,singleton_shell_no_constraint,atp_2010,full_data
103,0,1,1,1,1,0,1,False,,,,singleton_shell_no_constraint,atp_2010,full_data
104,0,1,1,1,1,0,1,False,,,,singleton_shell_no_constraint,atp_2010,full_data
105,0,1,1,1,1,0,1,False,,,,singleton_shell_no_constraint,atp_2010,full_data
106,0,1,1,1,1,0,1,False,,,,singleton_shell_no_constraint,atp_2010,full_data
107,0,1,1,1,1,0,1,False,,,,singleton_shell_no_constraint,atp_2010,full_data
108,0,1,1,1,1,0,1,False,,,,singleton_shell_no_constraint,atp_2010,full_data
109,0,1,1,1,1,0,1,False,,,,singleton_shell_no_constraint,atp_2010,full_data
110,0,1,1,1,1,0,1,False,,,,singleton_shell_no_constraint,atp_2010,full_data
111,1,1,1,1,1,0,1,False,,,,singleton_shell_no_constraint,atp_2010,full_data
112,0,1,1,1,1,0,1,False,,,,singleton_shell_no_constraint,atp_2010,full_data
113,0,1,1,1,1,0,1,False,,,,singleton_shell_no_constraint,atp_2010,full_data
114,0,1,1,1,1,0,1,False,,,,singleton_shell_no_constraint,atp_2010,full_data
115,0,1,1,1,1,0,1,False,,,,singleton_shell_no_constraint,atp_2010,full_data
116,1,1,1,1,1,0,1,False,,,,singleton_shell_no_constraint,atp_2010,full_data
117,0,1,1,1,1,0,1,False,,,,singleton_shell_no_constraint,atp_2010,full_data
118,0,1,1,1,1,0,1,False,,,,singleton_shell_no_constraint,atp_2010,full_data
119,0,1,1,1,1,0,1,False,,,,singleton_shell_no_constraint,atp_2010,full_data
120,0,1,1,1,1,0,1,False,,,,singleton_shell_no_constraint,atp_2010,full_data
121,0,1,1,1,1,0,1,False,,,,singleton_shell_no_constraint,atp_2010,full_data
122,0,1,1,1,1,0,1,False,,,,singleton_shell_no_constraint,atp_2010,full_data
123,0,1,1,1,1,0,1,False,,,,singleton_shell_no_constraint,atp_2010,full_data
124,0,1,1,1,1,0,1,False,,,,singleton_shell_no_constraint,atp_2010,full_data
125,0,1,1,1,1,0,1,False,,,,singleton_shell_no_constraint,atp_2010,full_data
126,0,1,1,1,1,0,1,False,,,,singleton_shell_no_constraint,atp_2010,full_data
127,0,1,1,1,1,0,1,False,,,,singleton_shell_no_constraint,atp_2010,full_data
128,0,1,1,1,1,0,1,False,,,,singleton_shell_no_constraint,atp_2010,full_data
129,0,1,1,1,1,0,1,False,,,,singleton_shell_no_constraint,atp_2010,full_data
130,0,1,1,1,1,0,1,False,,,,singleton_shell_no_constraint,atp_2010,full_data
131,0,1,1,1,1,0,1,False,,,,singleton_shell_no_constraint,atp_2010,full_data
132,1,1,1,1,1,0,1,False,,,,singleton_shell_no_constraint,atp_2010,full_data
133,1,1,1,1,1,0,1,False,,,,singleton_shell_no_constraint,atp_2010,full_data
134,0,1,1,1,1,0,1,False,,,,singleton_shell_no_constraint,atp_2010,full_data
135,0,1,1,1,1,0,1,False,,,,singleton_shell_no_constraint,atp_2010,full_data
136,0,1,1,1,1,0,1,False,,,,singleton_shell_no_constraint,atp_2010,full_data
137,1,1,1,1,1,0,1,False,,,,singleton_shell_no_constraint,atp_2010,full_data
138,0,2,2,1,1,0,2,False,,,,singleton_shell_no_constraint,atp_2010,full_data
139,0,1,1,1,1,0,1,False,,,,singleton_shell_no_constraint,atp_2010,full_data
140,1,2,2,1,1,0,2,False,,,,singleton_shell_no_constraint,atp_2010,full_data
141,0,1,1,1,1,0,1,False,,,,singleton_shell_no_constraint,atp_2010,full_data
142,0,1,1,1,1,0,1,False,,,,singleton_shell_no_constraint,atp_2010,full_data
143,0,1,1,1,1,0,1,False,,,,singleton_shell_no_constraint,atp_2010,full_data
144,0,1,1,1,1,0,1,False,,,,singleton_shell_no_constraint,atp_2010,full_data
145,0,2,2,1,1,0,2,False,,,,singleton_shell_no_constraint,atp_2010,full_data
146,0,1,1,1,1,0,1,False,,,,singleton_shell_no_constraint,atp_2010,full_data
147,1,1,1,1,1,0,1,False,,,,singleton_shell_no_constraint,atp_2010,full_data
148,0,2,2,1,1,0,2,False,,,,singleton_shell_no_constraint,atp_2010,full_data
149,1,1,1,1,1,0,1,False,,,,singleton_shell_no_constraint,atp_2010,full_data
150,0,1,1,1,1,0,1,False,,,,singleton_shell_no_constraint,atp_2010,full_data
151,0,1,1,1,1,0,1,False,,,,singleton_shell_no_constraint,atp_2010,full_data
152,0,1,1,1,1,0,1,False,,,,singleton_shell_no_constraint,atp_2010,full_data
153,0,2,2,1,1,0,2,False,,,,singleton_shell_no_constraint,atp_2010,full_data
154,0,1,1,1,1,0,1,False,,,,singleton_shell_no_constraint,atp_2010,full_data
155,0,1,1,1,1,0,1,False,,,,singleton_shell_no_constraint,atp_2010,full_data
156,0,1,1,1,1,0,1,False,,,,singleton_shell_no_constraint,atp_2010,full_data
157,0,1,1,1,1,0,1,False,,,,singleton_shell_no_constraint,atp_2010,full_data
158,1,1,1,1,1,0,1,False,,,,singleton_shell_no_constraint,atp_2010,full_data
159,0,1,1,1,1,0,1,False,,,,singleton_shell_no_constraint,atp_2010,full_data
160,0,1,1,1,1,0,1,False,,,,singleton_shell_no_constraint,atp_2010,full_data
161,0,1,1,1,1,0,1,False,,,,singleton_shell_no_constraint,atp_2010,full_data
162,0,1,1,1,1,0,1,False,,,,singleton_shell_no_constraint,atp_2010,full_data
163,0,1,1,1,1,0,1,False,,,,singleton_shell_no_constraint,atp_2010,full_data
164,0,1,1,1,1,0,1,False,,,,singleton_shell_no_constraint,atp_2010,full_data
165,0,1,1,1,1,0,1,False,,,,singleton_shell_no_constraint,atp_2010,full_data
166,0,1,1,1,1,0,1,False,,,,singleton_shell_no_constraint,atp_2010,full_data
167,0,1,1,1,1,0,1,False,,,,singleton_shell_no_constraint,atp_2010,full_data
168,0,1,1,1,1,0,1,False,,,,singleton_shell_no_constraint,atp_2010,full_data
169,0,1,1,1,1,0,1,False,,,,singleton_shell_no_constraint,atp_2010,full_data
170,1,1,1,1,1,0,1,False,,,,singleton_shell_no_constraint,atp_2010,full_data
171,0,1,1,1,1,0,1,False,,,,singleton_shell_no_constraint,atp_2010,full_data
172,0,1,1,1,1,0,1,False,,,,singleton_shell_no_constraint,atp_2010,full_data
173,0,1,1,1,1,0,1,False,,,,singleton_shell_no_constraint,atp_2010,full_data
174,0,1,1,1,1,0,1,False,,,,singleton_shell_no_constraint,atp_2010,full_data
175,0,1,1,1,1,0,1,False,,,,singleton_shell_no_constraint,atp_2010,full_data
176,0,1,1,1,1,0,1,False,,,,singleton_shell_no_constraint,atp_2010,full_data
177,0,1,1,1,1,0,1,False,,,,singleton_shell_no_constraint,atp_2010,full_data
178,1,1,1,1,1,0,1,False,,,,singleton_shell_no_constraint,atp_2010,full_data
179,0,1,1,1,1,0,1,False,,,,singleton_shell_no_constraint,atp_2010,full_data
180,0,1,1,1,1,0,1,False,,,,singleton_shell_no_constraint,atp_2010,full_data
181,0,1,1,1,1,0,1,False,,,,singleton_shell_no_constraint,atp_2010,full_data
182,0,1,1,1,1,0,1,False,,,,singleton_shell_no_constraint,atp_2010,full_data
183,0,1,1,1,1,0,1,False,,,,singleton_shell_no_constraint,atp_2010,full_data
184,1,1,1,1,1,0,1,False,,,,singleton_shell_no_constraint,atp_2010,full_data
185,1,1,1,1,1,0,1,False,,,,singleton_shell_no_constraint,atp_2010,full_data
186,0,1,1,1,1,0,1,False,,,,singleton_shell_no_constraint,atp_2010,full_data
187,0,1,1,1,1,0,1,False,,,,singleton_shell_no_constraint,atp_2010,full_data
188,0,1,1,1,1,0,1,False,,,,singleton_shell_no_constraint,atp_2010,full_data
189,0,1,2,1,1,0,1,False,,,,singleton_shell_no_constraint,atp_2010,full_data
189,1,1,2,1,1,0,1,False,,,,singleton_shell_no_constraint,atp_2010,full_data
190,1,1,1,1,1,0,1,False,,,,singleton_shell_no_constraint,atp_2010,full_data
191,1,2,2,1,1,0,2,False,,,,singleton_shell_no_constraint,atp_2010,full_data
192,0,2,2,1,1,0,2,False,,,,singleton_shell_no_constraint,atp_2010,full_data
193,1,1,1,1,1,0,1,False,,,,singleton_shell_no_constraint,atp_2010,full_data
194,0,1,1,1,1,0,1,False,,,,singleton_shell_no_constraint,atp_2010,full_data
195,0,1,1,1,1,0,1,False,,,,singleton_shell_no_constraint,atp_2010,full_data
196,0,1,1,1,1,0,1,False,,,,singleton_shell_no_constraint,atp_2010,full_data
197,0,1,1,1,1,0,1,False,,,,singleton_shell_no_constraint,atp_2010,full_data
198,0,1,1,1,1,0,1,False,,,,singleton_shell_no_constraint,atp_2010,full_data
199,1,1,1,1,1,0,1,False,,,,singleton_shell_no_constraint,atp_2010,full_data
200,0,1,1,1,1,0,1,False,,,,singleton_shell_no_constraint,atp_2010,full_data
201,0,1,2,1,1,0,1,False,,,,singleton_shell_no_constraint,atp_2010,full_data
201,1,1,2,1,1,0,1,False,,,,singleton_shell_no_constraint,atp_2010,full_data
202,0,2,3,1,1,0,2,False,,,,singleton_shell_no_constraint,atp_2010,full_data
202,1,1,3,1,1,0,1,False,,,,singleton_shell_no_constraint,atp_2010,full_data
203,0,1,1,1,1,0,1,False,,,,singleton_shell_no_constraint,atp_2010,full_data
204,0,1,2,1,1,0,1,False,,,,singleton_shell_no_constraint,atp_2010,full_data
204,1,1,2,1,1,0,1,False,,,,singleton_shell_no_constraint,atp_2010,full_data
205,1,1,1,1,1,0,1,False,,,,singleton_shell_no_constraint,atp_2010,full_data
206,0,1,1,1,1,0,1,False,,,,singleton_shell_no_constraint,atp_2010,full_data
207,1,1,1,1,1,0,1,False,,,,singleton_shell_no_constraint,atp_2010,full_data
208,0,1,1,1,1,0,1,False,,,,singleton_shell_no_constraint,atp_2010,full_data
209,0,1,1,1,1,0,1,False,,,,singleton_shell_no_constraint,atp_2010,full_data
210,0,1,1,1,1,0,1,False,,,,singleton_shell_no_constraint,atp_2010,full_data
211,0,1,1,1,1,0,1,False,,,,singleton_shell_no_constraint,atp_2010,full_data
212,0,1,1,1,1,0,1,False,,,,singleton_shell_no_constraint,atp_2010,full_data
213,0,1,1,1,1,0,1,False,,,,singleton_shell_no_constraint,atp_2010,full_data
214,0,1,1,1,1,0,1,False,,,,singleton_shell_no_constraint,atp_2010,full_data
215,0,1,1,1,1,0,1,False,,,,singleton_shell_no_constraint,atp_2010,full_data
216,0,1,1,1,1,0,1,False,,,,singleton_shell_no_constraint,atp_2010,full_data
217,0,1,1,1,1,0,1,False,,,,singleton_shell_no_constraint,atp_2010,full_data
218,0,2,2,1,1,0,2,False,,,,singleton_shell_no_constraint,atp_2010,full_data
219,0,1,1,1,1,0,1,False,,,,singleton_shell_no_constraint,atp_2010,full_data
220,0,1,1,1,1,0,1,False,,,,singleton_shell_no_constraint,atp_2010,full_data
221,1,1,1,1,1,0,1,False,,,,singleton_shell_no_constraint,atp_2010,full_data
222,0,1,1,1,1,0,1,False,,,,singleton_shell_no_constraint,atp_2010,full_data
223,0,1,1,1,1,0,1,False,,,,singleton_shell_no_constraint,atp_2010,full_data
224,0,1,1,1,1,0,1,False,,,,singleton_shell_no_constraint,atp_2010,full_data
225,0,2,2,1,1,0,2,False,,,,singleton_shell_no_constraint,atp_2010,full_data
226,1,1,1,1,1,0,1,False,,,,singleton_shell_no_constraint,atp_2010,full_data
227,0,1,1,1,1,0,1,False,,,,singleton_shell_no_constraint,atp_2010,full_data
228,0,1,1,1,1,0,1,False,,,,singleton_shell_no_constraint,atp_2010,full_data
229,0,1,1,1,1,0,1,False,,,,singleton_shell_no_constraint,atp_2010,full_data
230,0,1,1,1,1,0,1,False,,,,singleton_shell_no_constraint,atp_2010,full_data
231,0,1,1,1,1,0,1,False,,,,singleton_shell_no_constraint,atp_2010,full_data
232,0,1,1,1,1,0,1,False,,,,singleton_shell_no_constraint,atp_2010,full_data
233,0,1,1,1,1,0,1,False,,,,singleton_shell_no_constraint,atp_2010,full_data
234,0,1,1,1,1,0,1,False,,,,singleton_shell_no_constraint,atp_2010,full_data
235,0,1,1,1,1,0,1,False,,,,singleton_shell_no_constraint,atp_2010,full_data
236,0,1,1,1,1,0,1,False,,,,singleton_shell_no_constraint,atp_2010,full_data
237,0,1,1,1,1,0,1,False,,,,singleton_shell_no_constraint,atp_2010,full_data
238,0,1,1,1,1,0,1,False,,,,singleton_shell_no_constraint,atp_2010,full_data
239,0,1,1,1,1,0,1,False,,,,singleton_shell_no_constraint,atp_2010,full_data
240,0,1,1,1,1,0,1,False,,,,singleton_shell_no_constraint,atp_2010,full_data
241,0,1,1,1,1,0,1,False,,,,singleton_shell_no_constraint,atp_2010,full_data
242,0,1,1,1,1,0,1,False,,,,singleton_shell_no_constraint,atp_2010,full_data
243,0,1,1,1,1,0,1,False,,,,singleton_shell_no_constraint,atp_2010,full_data
244,1,1,1,1,1,0,1,False,,,,singleton_shell_no_constraint,atp_2010,full_data
245,0,1,1,1,1,0,1,False,,,,singleton_shell_no_constraint,atp_2010,full_data
246,0,1,1,1,1,0,1,False,,,,singleton_shell_no_constraint,atp_2010,full_data
247,1,1,1,1,1,0,1,False,,,,singleton_shell_no_constraint,atp_2010,full_data
248,0,1,1,1,1,0,1,False,,,,singleton_shell_no_constraint,atp_2010,full_data
249,0,1,1,1,1,0,1,False,,,,singleton_shell_no_constraint,atp_2010,full_data
250,1,1,1,1,1,0,1,False,,,,singleton_shell_no_constraint,atp_2010,full_data
251,1,1,1,1,1,0,1,False,,,,singleton_shell_no_constraint,atp_2010,full_data
252,0,1,1,1,1,0,1,False,,,,singleton_shell_no_constraint,atp_2010,full_data
253,0,1,1,1,1,0,1,False,,,,singleton_shell_no_constraint,atp_2010,full_data
254,0,2,2,1,1,0,2,False,,,,singleton_shell_no_constraint,atp_2010,full_data
255,0,1,1,1,1,0,1,False,,,,singleton_shell_no_constraint,atp_2010,full_data
256,1,1,1,1,1,0,1,False,,,,singleton_shell_no_constraint,atp_2010,full_data
257,0,1,1,1,1,0,1,False,,,,singleton_shell_no_constraint,atp_2010,full_data
258,1,1,1,1,1,0,1,False,,,,singleton_shell_no_constraint,atp_2010,full_data
259,1,1,1,1,1,0,1,False,,,,singleton_shell_no_constraint,atp_2010,full_data
260,0,1,1,1,1,0,1,False,,,,singleton_shell_no_constraint,atp_2010,full_data
261,0,1,1,1,1,0,1,False,,,,singleton_shell_no_constraint,atp_2010,full_data
262,0,2,2,1,1,0,2,False,,,,singleton_shell_no_constraint,atp_2010,full_data
263,1,1,1,1,1,0,1,False,,,,singleton_shell_no_constraint,atp_2010,full_data
264,0,1,1,1,1,0,1,False,,,,singleton_shell_no_constraint,atp_2010,full_data
265,0,1,1,1,1,0,1,False,,,,singleton_shell_no_constraint,atp_2010,full_data
266,1,1,1,1,1,0,1,False,,,,singleton_shell_no_constraint,atp_2010,full_data
267,0,1,1,1,1,0,1,False,,,,singleton_shell_no_constraint,atp_2010,full_data
268,0,1,1,1,1,0,1,False,,,,singleton_shell_no_constraint,atp_2010,full_data
269,0,3,4,1,1,0,3,False,,,,singleton_shell_no_constraint,atp_2010,full_data
269,1,1,4,1,1,0,1,False,,,,singleton_shell_no_constraint,atp_2010,full_data
270,0,1,1,1,1,0,1,False,,,,singleton_shell_no_constraint,atp_2010,full_data
271,1,1,1,1,1,0,1,False,,,,singleton_shell_no_constraint,atp_2010,full_data
272,1,1,1,1,1,0,1,False,,,,singleton_shell_no_constraint,atp_2010,full_data
273,0,1,1,1,1,0,1,False,,,,singleton_shell_no_constraint,atp_2010,full_data
274,0,1,1,1,1,0,1,False,,,,singleton_shell_no_constraint,atp_2010,full_data
275,0,1,1,1,1,0,1,False,,,,singleton_shell_no_constraint,atp_2010,full_data
276,1,1,1,1,1,0,1,False,,,,singleton_shell_no_constraint,atp_2010,full_data
277,0,1,1,1,1,0,1,False,,,,singleton_shell_no_constraint,atp_2010,full_data
278,0,1,1,1,1,0,1,False,,,,singleton_shell_no_constraint,atp_2010,full_data
279,0,1,1,1,1,0,1,False,,,,singleton_shell_no_constraint,atp_2010,full_data
280,0,1,1,1,1,0,1,False,,,,singleton_shell_no_constraint,atp_2010,full_data
281,0,1,1,1,1,0,1,False,,,,singleton_shell_no_constraint,atp_2010,full_data
282,0,1,1,1,1,0,1,False,,,,singleton_shell_no_constraint,atp_2010,full_data
283,0,1,1,1,1,0,1,False,,,,singleton_shell_no_constraint,atp_2010,full_data
284,0,2,2,1,1,0,2,False,,,,singleton_shell_no_constraint,atp_2010,full_data
285,0,1,1,1,1,0,1,False,,,,singleton_shell_no_constraint,atp_2010,full_data
286,0,1,2,1,1,0,1,False,,,,singleton_shell_no_constraint,atp_2010,full_data
286,1,1,2,1,1,0,1,False,,,,singleton_shell_no_constraint,atp_2010,full_data
287,1,1,1,1,1,0,1,False,,,,singleton_shell_no_constraint,atp_2010,full_data
288,0,1,1,1,1,0,1,False,,,,singleton_shell_no_constraint,atp_2010,full_data
289,1,1,1,1,1,0,1,False,,,,singleton_shell_no_constraint,atp_2010,full_data
290,0,1,2,1,1,0,1,False,,,,singleton_shell_no_constraint,atp_2010,full_data
290,1,1,2,1,1,0,1,False,,,,singleton_shell_no_constraint,atp_2010,full_data
291,1,1,1,1,1,0,1,False,,,,singleton_shell_no_constraint,atp_2010,full_data
292,0,1,1,1,1,0,1,False,,,,singleton_shell_no_constraint,atp_2010,full_data
293,0,2,2,1,1,0,2,False,,,,singleton_shell_no_constraint,atp_2010,full_data
294,0,1,1,1,1,0,1,False,,,,singleton_shell_no_constraint,atp_2010,full_data
295,0,1,1,1,1,0,1,False,,,,singleton_shell_no_constraint,atp_2010,full_data
296,0,1,1,1,1,0,1,False,,,,singleton_shell_no_constraint,atp_2010,full_data
297,0,1,1,1,1,0,1,False,,,,singleton_shell_no_constraint,atp_2010,full_data
298,0,1,2,1,1,0,1,False,,,,singleton_shell_no_constraint,atp_2010,full_data
298,1,1,2,1,1,0,1,False,,,,singleton_shell_no_constraint,atp_2010,full_data
299,0,1,2,1,1,0,1,False,,,,singleton_shell_no_constraint,atp_2010,full_data
299,1,1,2,1,1,0,1,False,,,,singleton_shell_no_constraint,atp_2010,full_data
300,0,3,3,1,1,0,3,False,,,,singleton_shell_no_constraint,atp_2010,full_data
301,0,1,1,1,1,0,1,False,,,,singleton_shell_no_constraint,atp_2010,full_data
302,0,1,1,1,1,0,1,False,,,,singleton_shell_no_constraint,atp_2010,full_data
303,0,1,1,1,1,0,1,False,,,,singleton_shell_no_constraint,atp_2010,full_data
304,0,2,2,1,1,0,2,False,,,,singleton_shell_no_constraint,atp_2010,full_data
305,0,1,1,1,1,0,1,False,,,,singleton_shell_no_constraint,atp_2010,full_data
306,0,1,1,1,1,0,1,False,,,,singleton_shell_no_constraint,atp_2010,full_data
307,1,1,1,1,1,0,1,False,,,,singleton_shell_no_constraint,atp_2010,full_data
308,0,1,1,1,1,0,1,False,,,,singleton_shell_no_constraint,atp_2010,full_data
309,0,2,2,1,1,0,2,False,,,,singleton_shell_no_constraint,atp_2010,full_data
310,1,1,1,1,1,0,1,False,,,,singleton_shell_no_constraint,atp_2010,full_data
311,1,1,1,1,1,0,1,False,,,,singleton_shell_no_constraint,atp_2010,full_data
312,0,2,2,1,1,0,2,False,,,,singleton_shell_no_constraint,atp_2010,full_data
313,0,1,1,1,1,0,1,False,,,,singleton_shell_no_constraint,atp_2010,full_data
314,1,1,1,1,1,0,1,False,,,,singleton_shell_no_constraint,atp_2010,full_data
315,0,1,1,1,1,0,1,False,,,,singleton_shell_no_constraint,atp_2010,full_data
316,0,1,1,1,1,0,1,False,,,,singleton_shell_no_constraint,atp_2010,full_data
317,0,1,1,1,1,0,1,False,,,,singleton_shell_no_constraint,atp_2010,full_data
318,0,1,1,1,1,0,1,False,,,,singleton_shell_no_constraint,atp_2010,full_data
319,0,1,1,1,1,0,1,False,,,,singleton_shell_no_constraint,atp_2010,full_data
320,0,1,2,1,1,0,1,False,,,,singleton_shell_no_constraint,atp_2010,full_data
320,1,1,2,1,1,0,1,False,,,,singleton_shell_no_constraint,atp_2010,full_data
321,0,1,1,1,1,0,1,False,,,,singleton_shell_no_constraint,atp_2010,full_data
322,0,1,1,1,1,0,1,False,,,,singleton_shell_no_constraint,atp_2010,full_data
323,0,1,1,1,1,0,1,False,,,,singleton_shell_no_constraint,atp_2010,full_data
324,0,1,1,1,1,0,1,False,,,,singleton_shell_no_constraint,atp_2010,full_data
325,1,1,1,1,1,0,1,False,,,,singleton_shell_no_constraint,atp_2010,full_data
326,0,1,1,1,1,0,1,False,,,,singleton_shell_no_constraint,atp_2010,full_data
327,0,1,1,1,1,0,1,False,,,,singleton_shell_no_constraint,atp_2010,full_data
328,0,1,1,1,1,0,1,False,,,,singleton_shell_no_constraint,atp_2010,full_data
329,0,1,1,1,1,0,1,False,,,,singleton_shell_no_constraint,atp_2010,full_data
330,0,1,1,1,1,0,1,False,,,,singleton_shell_no_constraint,atp_2010,full_data
331,0,1,1,1,1,0,1,False,,,,singleton_shell_no_constraint,atp_2010,full_data
332,0,1,1,1,1,0,1,False,,,,singleton_shell_no_constraint,atp_2010,full_data
333,1,1,1,1,1,0,1,False,,,,singleton_shell_no_constraint,atp_2010,full_data
334,0,1,1,1,1,0,1,False,,,,singleton_shell_no_constraint,atp_2010,full_data
335,1,1,1,1,1,0,1,False,,,,singleton_shell_no_constraint,atp_2010,full_data
336,0,2,2,1,1,0,2,False,,,,singleton_shell_no_constraint,atp_2010,full_data
337,0,1,1,1,1,0,1,False,,,,singleton_shell_no_constraint,atp_2010,full_data
338,0,1,1,1,1,0,1,False,,,,singleton_shell_no_constraint,atp_2010,full_data
339,0,1,1,1,1,0,1,False,,,,singleton_shell_no_constraint,atp_2010,full_data
340,0,1,1,1,1,0,1,False,,,,singleton_shell_no_constraint,atp_2010,full_data
341,0,1,1,1,1,0,1,False,,,,singleton_shell_no_constraint,atp_2010,full_data
342,0,1,1,1,1,0,1,False,,,,singleton_shell_no_constraint,atp_2010,full_data
343,0,1,1,1,1,0,1,False,,,,singleton_shell_no_constraint,atp_2010,full_data
344,0,1,1,1,1,0,1,False,,,,singleton_shell_no_constraint,atp_2010,full_data
345,0,2,2,1,1,0,2,False,,,,singleton_shell_no_constraint,atp_2010,full_data
346,0,1,1,1,1,0,1,False,,,,singleton_shell_no_constraint,atp_2010,full_data
347,0,1,1,1,1,0,1,False,,,,singleton_shell_no_constraint,atp_2010,full_data
348,0,1,1,1,1,0,1,False,,,,singleton_shell_no_constraint,atp_2010,full_data
349,0,1,1,1,1,0,1,False,,,,singleton_shell_no_constraint,atp_2010,full_data
350,1,1,1,1,1,0,1,False,,,,singleton_shell_no_constraint,atp_2010,full_data
351,0,1,1,1,1,0,1,False,,,,singleton_shell_no_constraint,atp_2010,full_data
352,0,1,1,1,1,0,1,False,,,,singleton_shell_no_constraint,atp_2010,full_data
353,0,1,1,1,1,0,1,False,,,,singleton_shell_no_constraint,atp_2010,full_data
354,1,1,1,1,1,0,1,False,,,,singleton_shell_no_constraint,atp_2010,full_data
355,1,1,1,1,1,0,1,False,,,,singleton_shell_no_constraint,atp_2010,full_data
356,0,1,1,1,1,0,1,False,,,,singleton_shell_no_constraint,atp_2010,full_data
357,0,1,1,1,1,0,1,False,,,,singleton_shell_no_constraint,atp_2010,full_data
358,0,1,1,1,1,0,1,False,,,,singleton_shell_no_constraint,atp_2010,full_data
359,1,1,1,1,1,0,1,False,,,,singleton_shell_no_constraint,atp_2010,full_data
360,0,1,1,1,1,0,1,False,,,,singleton_shell_no_constraint,atp_2010,full_data
361,0,1,1,1,1,0,1,False,,,,singleton_shell_no_constraint,atp_2010,full_data
362,0,1,1,1,1,0,1,False,,,,singleton_shell_no_constraint,atp_2010,full_data
363,0,1,1,1,1,0,1,False,,,,singleton_shell_no_constraint,atp_2010,full_data
364,1,1,1,1,1,0,1,False,,,,singleton_shell_no_constraint,atp_2010,full_data
365,1,1,1,1,1,0,1,False,,,,singleton_shell_no_constraint,atp_2010,full_data
366,0,1,1,1,1,0,1,False,,,,singleton_shell_no_constraint,atp_2010,full_data
367,0,1,1,1,1,0,1,False,,,,singleton_shell_no_constraint,atp_2010,full_data
368,0,1,1,1,1,0,1,False,,,,singleton_shell_no_constraint,atp_2010,full_data
369,0,1,1,1,1,0,1,False,,,,singleton_shell_no_constraint,atp_2010,full_data
370,0,1,1,1,1,0,1,False,,,,singleton_shell_no_constraint,atp_2010,full_data
371,0,1,1,1,1,0,1,False,,,,singleton_shell_no_constraint,atp_2010,full_data
372,0,1,1,1,1,0,1,False,,,,singleton_shell_no_constraint,atp_2010,full_data
373,0,1,1,1,1,0,1,False,,,,singleton_shell_no_constraint,atp_2010,full_data
374,0,1,2,1,1,0,1,False,,,,singleton_shell_no_constraint,atp_2010,full_data
374,1,1,2,1,1,0,1,False,,,,singleton_shell_no_constraint,atp_2010,full_data
375,0,1,1,1,1,0,1,False,,,,singleton_shell_no_constraint,atp_2010,full_data
376,0,1,1,1,1,0,1,False,,,,singleton_shell_no_constraint,atp_2010,full_data
377,0,1,1,1,1,0,1,False,,,,singleton_shell_no_constraint,atp_2010,full_data
378,0,1,1,1,1,0,1,False,,,,singleton_shell_no_constraint,atp_2010,full_data
379,1,1,1,1,1,0,1,False,,,,singleton_shell_no_constraint,atp_2010,full_data
380,0,1,1,1,1,0,1,False,,,,singleton_shell_no_constraint,atp_2010,full_data
381,0,1,1,1,1,0,1,False,,,,singleton_shell_no_constraint,atp_2010,full_data
382,0,1,1,1,1,0,1,False,,,,singleton_shell_no_constraint,atp_2010,full_data
383,0,1,1,1,1,0,1,False,,,,singleton_shell_no_constraint,atp_2010,full_data
384,0,1,1,1,1,0,1,False,,,,singleton_shell_no_constraint,atp_2010,full_data
385,0,1,1,1,1,0,1,False,,,,singleton_shell_no_constraint,atp_2010,full_data
386,0,1,1,1,1,0,1,False,,,,singleton_shell_no_constraint,atp_2010,full_data
387,0,1,1,1,1,0,1,False,,,,singleton_shell_no_constraint,atp_2010,full_data
388,0,1,1,1,1,0,1,False,,,,singleton_shell_no_constraint,atp_2010,full_data
389,0,1,1,1,1,0,1,False,,,,singleton_shell_no_constraint,atp_2010,full_data
390,0,1,1,1,1,0,1,False,,,,singleton_shell_no_constraint,atp_2010,full_data
391,1,1,1,1,1,0,1,False,,,,singleton_shell_no_constraint,atp_2010,full_data
392,0,1,2,1,1,0,1,False,,,,singleton_shell_no_constraint,atp_2010,full_data
392,1,1,2,1,1,0,1,False,,,,singleton_shell_no_constraint,atp_2010,full_data
393,0,1,1,1,1,0,1,False,,,,singleton_shell_no_constraint,atp_2010,full_data
394,0,1,1,1,1,0,1,False,,,,singleton_shell_no_constraint,atp_2010,full_data
395,0,1,1,1,1,0,1,False,,,,singleton_shell_no_constraint,atp_2010,full_data
396,0,1,1,1,1,0,1,False,,,,singleton_shell_no_constraint,atp_2010,full_data
397,0,1,1,1,1,0,1,False,,,,singleton_shell_no_constraint,atp_2010,full_data
398,0,1,1,1,1,0,1,False,,,,singleton_shell_no_constraint,atp_2010,full_data
399,0,1,1,1,1,0,1,False,,,,singleton_shell_no_constraint,atp_2010,full_data
400,0,1,1,1,1,0,1,False,,,,singleton_shell_no_constraint,atp_2010,full_data
401,1,1,1,1,1,0,1,False,,,,singleton_shell_no_constraint,atp_2010,full_data
402,0,1,1,1,1,0,1,False,,,,singleton_shell_no_constraint,atp_2010,full_data
403,0,1,1,1,1,0,1,False,,,,singleton_shell_no_constraint,atp_2010,full_data
404,0,1,1,1,1,0,1,False,,,,singleton_shell_no_constraint,atp_2010,full_data
405,0,1,1,1,1,0,1,False,,,,singleton_shell_no_constraint,atp_2010,full_data
406,0,1,1,1,1,0,1,False,,,,singleton_shell_no_constraint,atp_2010,full_data
407,0,1,1,1,1,0,1,False,,,,singleton_shell_no_constraint,atp_2010,full_data
408,0,1,1,1,1,0,1,False,,,,singleton_shell_no_constraint,atp_2010,full_data
409,0,1,1,1,1,0,1,False,,,,singleton_shell_no_constraint,atp_2010,full_data
410,1,1,1,1,1,0,1,False,,,,singleton_shell_no_constraint,atp_2010,full_data
411,0,1,1,1,1,0,1,False,,,,singleton_shell_no_constraint,atp_2010,full_data
412,0,1,1,1,1,0,1,False,,,,singleton_shell_no_constraint,atp_2010,full_data
413,0,1,1,1,1,0,1,False,,,,singleton_shell_no_constraint,atp_2010,full_data
414,0,1,1,1,1,0,1,False,,,,singleton_shell_no_constraint,atp_2010,full_data
415,0,1,1,1,1,0,1,False,,,,singleton_shell_no_constraint,atp_2010,full_data
416,1,1,1,1,1,0,1,False,,,,singleton_shell_no_constraint,atp_2010,full_data
417,1,1,1,1,1,0,1,False,,,,singleton_shell_no_constraint,atp_2010,full_data
418,0,3,3,1,1,0,3,False,,,,singleton_shell_no_constraint,atp_2010,full_data
419,0,1,1,1,1,0,1,False,,,,singleton_shell_no_constraint,atp_2010,full_data
420,0,1,1,1,1,0,1,False,,,,singleton_shell_no_constraint,atp_2010,full_data
421,0,1,1,1,1,0,1,False,,,,singleton_shell_no_constraint,atp_2010,full_data
422,0,1,1,1,1,0,1,False,,,,singleton_shell_no_constraint,atp_2010,full_data
423,0,1,1,1,1,0,1,False,,,,singleton_shell_no_constraint,atp_2010,full_data
424,0,1,1,1,1,0,1,False,,,,singleton_shell_no_constraint,atp_2010,full_data
425,0,1,1,1,1,0,1,False,,,,singleton_shell_no_constraint,atp_2010,full_data
426,0,1,2,1,1,0,1,False,,,,singleton_shell_no_constraint,atp_2010,full_data
426,1,1,2,1,1,0,1,False,,,,singleton_shell_no_constraint,atp_2010,full_data
427,0,1,1,1,1,0,1,False,,,,singleton_shell_no_constraint,atp_2010,full_data
428,1,1,1,1,1,0,1,False,,,,singleton_shell_no_constraint,atp_2010,full_data
429,0,1,1,1,1,0,1,False,,,,singleton_shell_no_constraint,atp_2010,full_data
430,0,1,1,1,1,0,1,False,,,,singleton_shell_no_constraint,atp_2010,full_data
431,0,1,1,1,1,0,1,False,,,,singleton_shell_no_constraint,atp_2010,full_data
432,0,1,1,1,1,0,1,False,,,,singleton_shell_no_constraint,atp_2010,full_data
433,0,1,1,1,1,0,1,False,,,,singleton_shell_no_constraint,atp_2010,full_data
434,0,1,2,1,1,0,1,False,,,,singleton_shell_no_constraint,atp_2010,full_data
434,1,1,2,1,1,0,1,False,,,,singleton_shell_no_constraint,atp_2010,full_data
435,1,1,1,1,1,0,1,False,,,,singleton_shell_no_constraint,atp_2010,full_data
436,0,1,2,1,1,0,1,False,,,,singleton_shell_no_constraint,atp_2010,full_data
436,1,1,2,1,1,0,1,False,,,,singleton_shell_no_constraint,atp_2010,full_data
437,0,1,1,1,1,0,1,False,,,,singleton_shell_no_constraint,atp_2010,full_data
438,0,1,1,1,1,0,1,False,,,,singleton_shell_no_constraint,atp_2010,full_data
439,0,1,1,1,1,0,1,False,,,,singleton_shell_no_constraint,atp_2010,full_data
440,0,2,2,1,1,0,2,False,,,,singleton_shell_no_constraint,atp_2010,full_data
441,0,1,1,1,1,0,1,False,,,,singleton_shell_no_constraint,atp_2010,full_data
442,0,1,1,1,1,0,1,False,,,,singleton_shell_no_constraint,atp_2010,full_data
443,0,1,1,1,1,0,1,False,,,,singleton_shell_no_constraint,atp_2010,full_data
444,1,1,1,1,1,0,1,False,,,,singleton_shell_no_constraint,atp_2010,full_data
445,0,1,1,1,1,0,1,False,,,,singleton_shell_no_constraint,atp_2010,full_data
446,1,1,1,1,1,0,1,False,,,,singleton_shell_no_constraint,atp_2010,full_data
447,0,1,1,1,1,0,1,False,,,,singleton_shell_no_constraint,atp_2010,full_data
448,0,1,1,1,1,0,1,False,,,,singleton_shell_no_constraint,atp_2010,full_data
449,0,1,1,1,1,0,1,False,,,,singleton_shell_no_constraint,atp_2010,full_data
450,0,1,1,1,1,0,1,False,,,,singleton_shell_no_constraint,atp_2010,full_data
451,0,1,1,1,1,0,1,False,,,,singleton_shell_no_constraint,atp_2010,full_data
452,0,1,1,1,1,0,1,False,,,,singleton_shell_no_constraint,atp_2010,full_data
453,0,1,1,1,1,0,1,False,,,,singleton_shell_no_constraint,atp_2010,full_data
454,0,1,1,1,1,0,1,False,,,,singleton_shell_no_constraint,atp_2010,full_data
455,0,1,1,1,1,0,1,False,,,,singleton_shell_no_constraint,atp_2010,full_data
456,0,1,1,1,1,0,1,False,,,,singleton_shell_no_constraint,atp_2010,full_data
457,0,1,1,1,1,0,1,False,,,,singleton_shell_no_constraint,atp_2010,full_data
458,0,1,1,1,1,0,1,False,,,,singleton_shell_no_constraint,atp_2010,full_data
459,1,1,1,1,1,0,1,False,,,,singleton_shell_no_constraint,atp_2010,full_data
460,0,1,1,1,1,0,1,False,,,,singleton_shell_no_constraint,atp_2010,full_data
461,0,1,1,1,1,0,1,False,,,,singleton_shell_no_constraint,atp_2010,full_data
462,0,1,1,1,1,0,1,False,,,,singleton_shell_no_constraint,atp_2010,full_data
463,0,1,1,1,1,0,1,False,,,,singleton_shell_no_constraint,atp_2010,full_data
464,1,2,2,1,1,0,2,False,,,,singleton_shell_no_constraint,atp_2010,full_data
465,0,1,1,1,1,0,1,False,,,,singleton_shell_no_constraint,atp_2010,full_data
466,0,1,2,1,1,0,1,False,,,,singleton_shell_no_constraint,atp_2010,full_data
466,1,1,2,1,1,0,1,False,,,,singleton_shell_no_constraint,atp_2010,full_data
467,0,2,2,1,1,0,2,False,,,,singleton_shell_no_constraint,atp_2010,full_data
468,0,1,1,1,1,0,1,False,,,,singleton_shell_no_constraint,atp_2010,full_data
469,0,1,1,1,1,0,1,False,,,,singleton_shell_no_constraint,atp_2010,full_data
470,0,1,1,1,1,0,1,False,,,,singleton_shell_no_constraint,atp_2010,full_data
471,1,1,1,1,1,0,1,False,,,,singleton_shell_no_constraint,atp_2010,full_data
472,0,1,1,1,1,0,1,False,,,,singleton_shell_no_constraint,atp_2010,full_data
473,0,1,2,1,1,0,1,False,,,,singleton_shell_no_constraint,atp_2010,full_data
473,1,1,2,1,1,0,1,False,,,,singleton_shell_no_constraint,atp_2010,full_data
474,0,1,2,1,1,0,1,False,,,,singleton_shell_no_constraint,atp_2010,full_data
474,1,1,2,1,1,0,1,False,,,,singleton_shell_no_constraint,atp_2010,full_data
475,0,1,1,1,1,0,1,False,,,,singleton_shell_no_constraint,atp_2010,full_data
476,0,1,2,1,1,0,1,False,,,,singleton_shell_no_constraint,atp_2010,full_data
476,1,1,2,1,1,0,1,False,,,,singleton_shell_no_constraint,atp_2010,full_data
477,0,1,1,1,1,0,1,False,,,,singleton_shell_no_constraint,atp_2010,full_data
478,0,1,1,1,1,0,1,False,,,,singleton_shell_no_constraint,atp_2010,full_data
479,0,1,1,1,1,0,1,False,,,,singleton_shell_no_constraint,atp_2010,full_data
480,1,1,1,1,1,0,1,False,,,,singleton_shell_no_constraint,atp_2010,full_data
481,0,1,1,1,1,0,1,False,,,,singleton_shell_no_constraint,atp_2010,full_data
482,1,1,1,1,1,0,1,False,,,,singleton_shell_no_constraint,atp_2010,full_data
483,1,1,1,1,1,0,1,False,,,,singleton_shell_no_constraint,atp_2010,full_data
484,0,1,1,1,1,0,1,False,,,,singleton_shell_no_constraint,atp_2010,full_data
485,1,1,1,1,1,0,1,False,,,,singleton_shell_no_constraint,atp_2010,full_data
486,0,1,1,1,1,0,1,False,,,,singleton_shell_no_constraint,atp_2010,full_data
487,0,1,1,1,1,0,1,False,,,,singleton_shell_no_constraint,atp_2010,full_data
488,0,1,1,1,1,0,1,False,,,,singleton_shell_no_constraint,atp_2010,full_data
489,0,1,2,1,1,0,1,False,,,,singleton_shell_no_constraint,atp_2010,full_data
489,1,1,2,1,1,0,1,False,,,,singleton_shell_no_constraint,atp_2010,full_data
490,1,1,1,1,1,0,1,False,,,,singleton_shell_no_constraint,atp_2010,full_data
491,0,1,1,1,1,0,1,False,,,,singleton_shell_no_constraint,atp_2010,full_data
492,0,1,1,1,1,0,1,False,,,,singleton_shell_no_constraint,atp_2010,full_data
493,1,1,1,1,1,0,1,False,,,,singleton_shell_no_constraint,atp_2010,full_data
494,0,1,1,1,1,0,1,False,,,,singleton_shell_no_constraint,atp_2010,full_data
495,0,1,1,1,1,0,1,False,,,,singleton_shell_no_constraint,atp_2010,full_data
496,0,1,1,1,1,0,1,False,,,,singleton_shell_no_constraint,atp_2010,full_data
497,0,1,1,1,1,0,1,False,,,,singleton_shell_no_constraint,atp_2010,full_data
498,0,1,1,1,1,0,1,False,,,,singleton_shell_no_constraint,atp_2010,full_data
499,0,1,1,1,1,0,1,False,,,,singleton_shell_no_constraint,atp_2010,full_data
500,0,1,1,1,1,0,1,False,,,,singleton_shell_no_constraint,atp_2010,full_data
501,0,1,1,1,1,0,1,False,,,,singleton_shell_no_constraint,atp_2010,full_data
502,0,1,1,1,1,0,1,False,,,,singleton_shell_no_constraint,atp_2010,full_data
503,0,1,1,1,1,0,1,False,,,,singleton_shell_no_constraint,atp_2010,full_data
504,0,2,2,1,1,0,2,False,,,,singleton_shell_no_constraint,atp_2010,full_data
505,0,1,1,1,1,0,1,False,,,,singleton_shell_no_constraint,atp_2010,full_data
506,0,1,1,1,1,0,1,False,,,,singleton_shell_no_constraint,atp_2010,full_data
507,1,1,1,1,1,0,1,False,,,,singleton_shell_no_constraint,atp_2010,full_data
508,0,1,1,1,1,0,1,False,,,,singleton_shell_no_constraint,atp_2010,full_data
509,0,1,2,1,1,0,1,False,,,,singleton_shell_no_constraint,atp_2010,full_data
509,1,1,2,1,1,0,1,False,,,,singleton_shell_no_constraint,atp_2010,full_data
510,0,1,1,1,1,0,1,False,,,,singleton_shell_no_constraint,atp_2010,full_data
511,0,1,1,1,1,0,1,False,,,,singleton_shell_no_constraint,atp_2010,full_data
512,0,2,2,1,1,0,2,False,,,,singleton_shell_no_constraint,atp_2010,full_data
513,1,1,1,1,1,0,1,False,,,,singleton_shell_no_constraint,atp_2010,full_data
514,1,1,1,1,1,0,1,False,,,,singleton_shell_no_constraint,atp_2010,full_data
515,1,1,1,1,1,0,1,False,,,,singleton_shell_no_constraint,atp_2010,full_data
516,0,1,1,1,1,0,1,False,,,,singleton_shell_no_constraint,atp_2010,full_data
517,0,1,1,1,1,0,1,False,,,,singleton_shell_no_constraint,atp_2010,full_data
518,0,1,2,1,1,0,1,False,,,,singleton_shell_no_constraint,atp_2010,full_data
518,1,1,2,1,1,0,1,False,,,,singleton_shell_no_constraint,atp_2010,full_data
519,1,1,1,1,1,0,1,False,,,,singleton_shell_no_constraint,atp_2010,full_data
520,1,1,1,1,1,0,1,False,,,,singleton_shell_no_constraint,atp_2010,full_data
521,1,1,1,1,1,0,1,False,,,,singleton_shell_no_constraint,atp_2010,full_data
522,0,1,1,1,1,0,1,False,,,,singleton_shell_no_constraint,atp_2010,full_data
523,0,1,2,1,1,0,1,False,,,,singleton_shell_no_constraint,atp_2010,full_data
523,1,1,2,1,1,0,1,False,,,,singleton_shell_no_constraint,atp_2010,full_data
524,0,1,1,1,1,0,1,False,,,,singleton_shell_no_constraint,atp_2010,full_data
525,0,1,1,1,1,0,1,False,,,,singleton_shell_no_constraint,atp_2010,full_data
526,0,1,1,1,1,0,1,False,,,,singleton_shell_no_constraint,atp_2010,full_data
527,0,1,1,1,1,0,1,False,,,,singleton_shell_no_constraint,atp_2010,full_data
528,0,1,1,1,1,0,1,False,,,,singleton_shell_no_constraint,atp_2010,full_data
529,0,1,1,1,1,0,1,False,,,,singleton_shell_no_constraint,atp_2010,full_data
530,1,1,1,1,1,0,1,False,,,,singleton_shell_no_constraint,atp_2010,full_data
531,0,1,2,1,1,0,1,False,,,,singleton_shell_no_constraint,atp_2010,full_data
531,1,1,2,1,1,0,1,False,,,,singleton_shell_no_constraint,atp_2010,full_data
532,0,2,2,1,1,0,2,False,,,,singleton_shell_no_constraint,atp_2010,full_data
533,0,1,1,1,1,0,1,False,,,,singleton_shell_no_constraint,atp_2010,full_data
534,0,1,1,1,1,0,1,False,,,,singleton_shell_no_constraint,atp_2010,full_data
535,1,1,1,1,1,0,1,False,,,,singleton_shell_no_constraint,atp_2010,full_data
536,0,1,1,1,1,0,1,False,,,,singleton_shell_no_constraint,atp_2010,full_data
537,1,1,1,1,1,0,1,False,,,,singleton_shell_no_constraint,atp_2010,full_data
538,0,1,1,1,1,0,1,False,,,,singleton_shell_no_constraint,atp_2010,full_data
539,0,1,1,1,1,0,1,False,,,,singleton_shell_no_constraint,atp_2010,full_data
540,0,1,1,1,1,0,1,False,,,,singleton_shell_no_constraint,atp_2010,full_data
541,0,1,1,1,1,0,1,False,,,,singleton_shell_no_constraint,atp_2010,full_data
542,0,1,1,1,1,0,1,False,,,,singleton_shell_no_constraint,atp_2010,full_data
543,0,1,1,1,1,0,1,False,,,,singleton_shell_no_constraint,atp_2010,full_data
544,1,1,1,1,1,0,1,False,,,,singleton_shell_no_constraint,atp_2010,full_data
545,0,2,2,1,1,0,2,False,,,,singleton_shell_no_constraint,atp_2010,full_data
546,1,2,2,1,1,0,2,False,,,,singleton_shell_no_constraint,atp_2010,full_data
547,0,1,1,1,1,0,1,False,,,,singleton_shell_no_constraint,atp_2010,full_data
548,0,1,1,1,1,0,1,False,,,,singleton_shell_no_constraint,atp_2010,full_data
549,1,1,1,1,1,0,1,False,,,,singleton_shell_no_constraint,atp_2010,full_data
550,0,1,1,1,1,0,1,False,,,,singleton_shell_no_constraint,atp_2010,full_data
551,0,1,1,1,1,0,1,False,,,,singleton_shell_no_constraint,atp_2010,full_data
552,0,1,1,1,1,0,1,False,,,,singleton_shell_no_constraint,atp_2010,full_data
553,0,1,1,1,1,0,1,False,,,,singleton_shell_no_constraint,atp_2010,full_data
554,1,1,1,1,1,0,1,False,,,,singleton_shell_no_constraint,atp_2010,full_data
555,0,1,1,1,1,0,1,False,,,,singleton_shell_no_constraint,atp_2010,full_data
556,0,1,1,1,1,0,1,False,,,,singleton_shell_no_constraint,atp_2010,full_data
557,0,1,1,1,1,0,1,False,,,,singleton_shell_no_constraint,atp_2010,full_data
558,0,1,1,1,1,0,1,False,,,,singleton_shell_no_constraint,atp_2010,full_data
559,0,2,2,1,1,0,2,False,,,,singleton_shell_no_constraint,atp_2010,full_data
560,0,1,2,1,1,0,1,False,,,,singleton_shell_no_constraint,atp_2010,full_data
560,1,1,2,1,1,0,1,False,,,,singleton_shell_no_constraint,atp_2010,full_data
561,0,1,1,1,1,0,1,False,,,,singleton_shell_no_constraint,atp_2010,full_data
562,0,1,1,1,1,0,1,False,,,,singleton_shell_no_constraint,atp_2010,full_data
563,0,1,1,1,1,0,1,False,,,,singleton_shell_no_constraint,atp_2010,full_data
564,0,1,1,1,1,0,1,False,,,,singleton_shell_no_constraint,atp_2010,full_data
565,0,1,1,1,1,0,1,False,,,,singleton_shell_no_constraint,atp_2010,full_data
566,0,1,1,1,1,0,1,False,,,,singleton_shell_no_constraint,atp_2010,full_data
567,0,1,1,1,1,0,1,False,,,,singleton_shell_no_constraint,atp_2010,full_data
568,0,1,1,1,1,0,1,False,,,,singleton_shell_no_constraint,atp_2010,full_data
569,0,1,1,1,1,0,1,False,,,,singleton_shell_no_constraint,atp_2010,full_data
570,0,1,1,1,1,0,1,False,,,,singleton_shell_no_constraint,atp_2010,full_data
571,1,1,1,1,1,0,1,False,,,,singleton_shell_no_constraint,atp_2010,full_data
572,0,1,1,1,1,0,1,False,,,,singleton_shell_no_constraint,atp_2010,full_data
573,0,1,1,1,1,0,1,False,,,,singleton_shell_no_constraint,atp_2010,full_data
574,0,1,1,1,1,0,1,False,,,,singleton_shell_no_constraint,atp_2010,full_data
575,0,1,1,1,1,0,1,False,,,,singleton_shell_no_constraint,atp_2010,full_data
576,0,1,1,1,1,0,1,False,,,,singleton_shell_no_constraint,atp_2010,full_data
577,1,1,1,1,1,0,1,False,,,,singleton_shell_no_constraint,atp_2010,full_data
578,0,1,1,1,1,0,1,False,,,,singleton_shell_no_constraint,atp_2010,full_data
579,1,1,1,1,1,0,1,False,,,,singleton_shell_no_constraint,atp_2010,full_data
580,0,1,1,1,1,0,1,False,,,,singleton_shell_no_constraint,atp_2010,full_data
581,0,1,1,1,1,0,1,False,,,,singleton_shell_no_constraint,atp_2010,full_data
582,0,1,1,1,1,0,1,False,,,,singleton_shell_no_constraint,atp_2010,full_data
583,0,1,1,1,1,0,1,False,,,,singleton_shell_no_constraint,atp_2010,full_data
584,0,1,1,1,1,0,1,False,,,,singleton_shell_no_constraint,atp_2010,full_data
585,0,1,1,1,1,0,1,False,,,,singleton_shell_no_constraint,atp_2010,full_data
586,1,2,2,1,1,0,2,False,,,,singleton_shell_no_constraint,atp_2010,full_data
587,0,1,1,1,1,0,1,False,,,,singleton_shell_no_constraint,atp_2010,full_data
588,1,1,1,1,1,0,1,False,,,,singleton_shell_no_constraint,atp_2010,full_data
589,1,1,1,1,1,0,1,False,,,,singleton_shell_no_constraint,atp_2010,full_data
590,0,1,2,1,1,0,1,False,,,,singleton_shell_no_constraint,atp_2010,full_data
590,1,1,2,1,1,0,1,False,,,,singleton_shell_no_constraint,atp_2010,full_data
591,0,1,2,1,1,0,1,False,,,,singleton_shell_no_constraint,atp_2010,full_data
591,1,1,2,1,1,0,1,False,,,,singleton_shell_no_constraint,atp_2010,full_data
592,0,1,1,1,1,0,1,False,,,,singleton_shell_no_constraint,atp_2010,full_data
593,0,1,1,1,1,0,1,False,,,,singleton_shell_no_constraint,atp_2010,full_data
594,0,1,1,1,1,0,1,False,,,,singleton_shell_no_constraint,atp_2010,full_data
595,1,1,1,1,1,0,1,False,,,,singleton_shell_no_constraint,atp_2010,full_data
596,0,1,1,1,1,0,1,False,,,,singleton_shell_no_constraint,atp_2010,full_data
597,0,1,1,1,1,0,1,False,,,,singleton_shell_no_constraint,atp_2010,full_data
598,0,1,1,1,1,0,1,False,,,,singleton_shell_no_constraint,atp_2010,full_data
599,0,1,1,1,1,0,1,False,,,,singleton_shell_no_constraint,atp_2010,full_data
600,0,3,3,1,1,0,3,False,,,,singleton_shell_no_constraint,atp_2010,full_data
601,0,1,1,1,1,0,1,False,,,,singleton_shell_no_constraint,atp_2010,full_data
602,0,1,1,1,1,0,1,False,,,,singleton_shell_no_constraint,atp_2010,full_data
603,0,1,1,1,1,0,1,False,,,,singleton_shell_no_constraint,atp_2010,full_data
604,1,1,1,1,1,0,1,False,,,,singleton_shell_no_constraint,atp_2010,full_data
605,0,2,2,1,1,0,2,False,,,,singleton_shell_no_constraint,atp_2010,full_data
606,0,2,3,1,1,0,2,False,,,,singleton_shell_no_constraint,atp_2010,full_data
606,1,1,3,1,1,0,1,False,,,,singleton_shell_no_constraint,atp_2010,full_data
607,0,1,1,1,1,0,1,False,,,,singleton_shell_no_constraint,atp_2010,full_data
608,0,1,1,1,1,0,1,False,,,,singleton_shell_no_constraint,atp_2010,full_data
609,0,1,1,1,1,0,1,False,,,,singleton_shell_no_constraint,atp_2010,full_data
610,0,1,2,1,1,0,1,False,,,,singleton_shell_no_constraint,atp_2010,full_data
610,1,1,2,1,1,0,1,False,,,,singleton_shell_no_constraint,atp_2010,full_data
611,0,1,1,1,1,0,1,False,,,,singleton_shell_no_constraint,atp_2010,full_data
612,1,1,1,1,1,0,1,False,,,,singleton_shell_no_constraint,atp_2010,full_data
613,0,1,1,1,1,0,1,False,,,,singleton_shell_no_constraint,atp_2010,full_data
614,0,1,1,1,1,0,1,False,,,,singleton_shell_no_constraint,atp_2010,full_data
615,0,1,1,1,1,0,1,False,,,,singleton_shell_no_constraint,atp_2010,full_data
616,0,1,2,1,1,0,1,False,,,,singleton_shell_no_constraint,atp_2010,full_data
616,1,1,2,1,1,0,1,False,,,,singleton_shell_no_constraint,atp_2010,full_data
617,0,2,2,1,1,0,2,False,,,,singleton_shell_no_constraint,atp_2010,full_data
618,1,1,1,1,1,0,1,False,,,,singleton_shell_no_constraint,atp_2010,full_data
619,0,1,1,1,1,0,1,False,,,,singleton_shell_no_constraint,atp_2010,full_data
620,1,1,1,1,1,0,1,False,,,,singleton_shell_no_constraint,atp_2010,full_data
621,0,1,1,1,1,0,1,False,,,,singleton_shell_no_constraint,atp_2010,full_data
622,0,1,1,1,1,0,1,False,,,,singleton_shell_no_constraint,atp_2010,full_data
623,0,1,1,1,1,0,1,False,,,,singleton_shell_no_constraint,atp_2010,full_data
624,0,1,1,1,1,0,1,False,,,,singleton_shell_no_constraint,atp_2010,full_data
625,1,1,1,1,1,0,1,False,,,,singleton_shell_no_constraint,atp_2010,full_data
626,0,1,1,1,1,0,1,False,,,,singleton_shell_no_constraint,atp_2010,full_data
627,0,1,2,1,1,0,1,False,,,,singleton_shell_no_constraint,atp_2010,full_data
627,1,1,2,1,1,0,1,False,,,,singleton_shell_no_constraint,atp_2010,full_data
628,0,1,1,1,1,0,1,False,,,,singleton_shell_no_constraint,atp_2010,full_data
629,0,1,1,1,1,0,1,False,,,,singleton_shell_no_constraint,atp_2010,full_data
630,0,1,1,1,1,0,1,False,,,,singleton_shell_no_constraint,atp_2010,full_data
631,0,1,1,1,1,0,1,False,,,,singleton_shell_no_constraint,atp_2010,full_data
632,0,1,1,1,1,0,1,False,,,,singleton_shell_no_constraint,atp_2010,full_data
633,0,1,1,1,1,0,1,False,,,,singleton_shell_no_constraint,atp_2010,full_data
634,0,1,1,1,1,0,1,False,,,,singleton_shell_no_constraint,atp_2010,full_data
635,0,1,1,1,1,0,1,False,,,,singleton_shell_no_constraint,atp_2010,full_data
636,1,1,1,1,1,0,1,False,,,,singleton_shell_no_constraint,atp_2010,full_data
637,0,1,1,1,1,0,1,False,,,,singleton_shell_no_constraint,atp_2010,full_data
638,0,1,1,1,1,0,1,False,,,,singleton_shell_no_constraint,atp_2010,full_data
639,0,1,1,1,1,0,1,False,,,,singleton_shell_no_constraint,atp_2010,full_data
640,1,1,1,1,1,0,1,False,,,,singleton_shell_no_constraint,atp_2010,full_data
641,0,1,1,1,1,0,1,False,,,,singleton_shell_no_constraint,atp_2010,full_data
642,1,1,1,1,1,0,1,False,,,,singleton_shell_no_constraint,atp_2010,full_data
643,0,1,1,1,1,0,1,False,,,,singleton_shell_no_constraint,atp_2010,full_data
644,0,1,1,1,1,0,1,False,,,,singleton_shell_no_constraint,atp_2010,full_data
645,0,1,1,1,1,0,1,False,,,,singleton_shell_no_constraint,atp_2010,full_data
646,1,1,1,1,1,0,1,False,,,,singleton_shell_no_constraint,atp_2010,full_data
647,1,1,1,1,1,0,1,False,,,,singleton_shell_no_constraint,atp_2010,full_data
648,0,1,1,1,1,0,1,False,,,,singleton_shell_no_constraint,atp_2010,full_data
649,0,1,1,1,1,0,1,False,,,,singleton_shell_no_constraint,atp_2010,full_data
650,0,3,4,1,1,0,3,False,,,,singleton_shell_no_constraint,atp_2010,full_data
650,1,1,4,1,1,0,1,False,,,,singleton_shell_no_constraint,atp_2010,full_data
651,0,1,1,1,1,0,1,False,,,,singleton_shell_no_constraint,atp_2010,full_data
652,0,1,1,1,1,0,1,False,,,,singleton_shell_no_constraint,atp_2010,full_data
653,0,1,2,1,1,0,1,False,,,,singleton_shell_no_constraint,atp_2010,full_data
653,1,1,2,1,1,0,1,False,,,,singleton_shell_no_constraint,atp_2010,full_data
654,1,1,1,1,1,0,1,False,,,,singleton_shell_no_constraint,atp_2010,full_data
655,0,1,1,1,1,0,1,False,,,,singleton_shell_no_constraint,atp_2010,full_data
656,1,1,1,1,1,0,1,False,,,,singleton_shell_no_constraint,atp_2010,full_data
657,0,1,1,1,1,0,1,False,,,,singleton_shell_no_constraint,atp_2010,full_data
658,0,1,1,1,1,0,1,False,,,,singleton_shell_no_constraint,atp_2010,full_data
659,0,1,1,1,1,0,1,False,,,,singleton_shell_no_constraint,atp_2010,full_data
660,0,1,1,1,1,0,1,False,,,,singleton_shell_no_constraint,atp_2010,full_data
661,0,1,1,1,1,0,1,False,,,,singleton_shell_no_constraint,atp_2010,full_data
662,0,1,1,1,1,0,1,False,,,,singleton_shell_no_constraint,atp_2010,full_data
663,0,1,1,1,1,0,1,False,,,,singleton_shell_no_constraint,atp_2010,full_data
664,0,1,1,1,1,0,1,False,,,,singleton_shell_no_constraint,atp_2010,full_data
665,0,1,1,1,1,0,1,False,,,,singleton_shell_no_constraint,atp_2010,full_data
666,0,1,1,1,1,0,1,False,,,,singleton_shell_no_constraint,atp_2010,full_data
667,0,1,1,1,1,0,1,False,,,,singleton_shell_no_constraint,atp_2010,full_data
668,0,1,1,1,1,0,1,False,,,,singleton_shell_no_constraint,atp_2010,full_data
669,0,1,2,1,1,0,1,False,,,,singleton_shell_no_constraint,atp_2010,full_data
669,1,1,2,1,1,0,1,False,,,,singleton_shell_no_constraint,atp_2010,full_data
670,1,1,1,1,1,0,1,False,,,,singleton_shell_no_constraint,atp_2010,full_data
671,1,1,1,1,1,0,1,False,,,,singleton_shell_no_constraint,atp_2010,full_data
672,1,1,1,1,1,0,1,False,,,,singleton_shell_no_constraint,atp_2010,full_data
673,0,1,1,1,1,0,1,False,,,,singleton_shell_no_constraint,atp_2010,full_data
674,0,1,1,1,1,0,1,False,,,,singleton_shell_no_constraint,atp_2010,full_data
675,0,1,1,1,1,0,1,False,,,,singleton_shell_no_constraint,atp_2010,full_data
676,0,1,1,1,1,0,1,False,,,,singleton_shell_no_constraint,atp_2010,full_data
677,0,1,1,1,1,0,1,False,,,,singleton_shell_no_constraint,atp_2010,full_data
678,0,1,1,1,1,0,1,False,,,,singleton_shell_no_constraint,atp_2010,full_data
679,1,1,1,1,1,0,1,False,,,,singleton_shell_no_constraint,atp_2010,full_data
680,0,1,1,1,1,0,1,False,,,,singleton_shell_no_constraint,atp_2010,full_data
681,0,1,1,1,1,0,1,False,,,,singleton_shell_no_constraint,atp_2010,full_data
682,1,1,1,1,1,0,1,False,,,,singleton_shell_no_constraint,atp_2010,full_data
683,0,1,1,1,1,0,1,False,,,,singleton_shell_no_constraint,atp_2010,full_data
684,1,1,1,1,1,0,1,False,,,,singleton_shell_no_constraint,atp_2010,full_data
685,0,1,1,1,1,0,1,False,,,,singleton_shell_no_constraint,atp_2010,full_data
686,0,1,1,1,1,0,1,False,,,,singleton_shell_no_constraint,atp_2010,full_data
687,0,1,1,1,1,0,1,False,,,,singleton_shell_no_constraint,atp_2010,full_data
688,0,1,1,1,1,0,1,False,,,,singleton_shell_no_constraint,atp_2010,full_data
689,1,1,1,1,1,0,1,False,,,,singleton_shell_no_constraint,atp_2010,full_data
690,0,1,1,1,1,0,1,False,,,,singleton_shell_no_constraint,atp_2010,full_data
691,0,1,1,1,1,0,1,False,,,,singleton_shell_no_constraint,atp_2010,full_data
692,0,1,1,1,1,0,1,False,,,,singleton_shell_no_constraint,atp_2010,full_data
693,0,1,1,1,1,0,1,False,,,,singleton_shell_no_constraint,atp_2010,full_data
694,0,1,1,1,1,0,1,False,,,,singleton_shell_no_constraint,atp_2010,full_data
695,1,1,1,1,1,0,1,False,,,,singleton_shell_no_constraint,atp_2010,full_data
696,0,2,2,1,1,0,2,False,,,,singleton_shell_no_constraint,atp_2010,full_data
697,0,1,1,1,1,0,1,False,,,,singleton_shell_no_constraint,atp_2010,full_data
698,0,1,1,1,1,0,1,False,,,,singleton_shell_no_constraint,atp_2010,full_data
699,0,1,2,1,1,0,1,False,,,,singleton_shell_no_constraint,atp_2010,full_data
699,1,1,2,1,1,0,1,False,,,,singleton_shell_no_constraint,atp_2010,full_data
700,0,1,1,1,1,0,1,False,,,,singleton_shell_no_constraint,atp_2010,full_data
701,0,1,1,1,1,0,1,False,,,,singleton_shell_no_constraint,atp_2010,full_data
702,0,1,1,1,1,0,1,False,,,,singleton_shell_no_constraint,atp_2010,full_data
703,0,1,1,1,1,0,1,False,,,,singleton_shell_no_constraint,atp_2010,full_data
704,0,1,1,1,1,0,1,False,,,,singleton_shell_no_constraint,atp_2010,full_data
705,0,1,1,1,1,0,1,False,,,,singleton_shell_no_constraint,atp_2010,full_data
706,0,1,2,1,1,0,1,False,,,,singleton_shell_no_constraint,atp_2010,full_data
706,1,1,2,1,1,0,1,False,,,,singleton_shell_no_constraint,atp_2010,full_data
707,0,1,1,1,1,0,1,False,,,,singleton_shell_no_constraint,atp_2010,full_data
708,1,1,1,1,1,0,1,False,,,,singleton_shell_no_constraint,atp_2010,full_data
709,0,1,2,1,1,0,1,False,,,,singleton_shell_no_constraint,atp_2010,full_data
709,1,1,2,1,1,0,1,False,,,,singleton_shell_no_constraint,atp_2010,full_data
710,0,2,2,1,1,0,2,False,,,,singleton_shell_no_constraint,atp_2010,full_data
711,0,1,1,1,1,0,1,False,,,,singleton_shell_no_constraint,atp_2010,full_data
712,0,1,1,1,1,0,1,False,,,,singleton_shell_no_constraint,atp_2010,full_data
713,0,1,1,1,1,0,1,False,,,,singleton_shell_no_constraint,atp_2010,full_data
714,0,2,2,1,1,0,2,False,,,,singleton_shell_no_constraint,atp_2010,full_data
715,0,2,2,1,1,0,2,False,,,,singleton_shell_no_constraint,atp_2010,full_data
716,0,1,1,1,1,0,1,False,,,,singleton_shell_no_constraint,atp_2010,full_data
717,0,1,1,1,1,0,1,False,,,,singleton_shell_no_constraint,atp_2010,full_data
718,0,1,1,1,1,0,1,False,,,,singleton_shell_no_constraint,atp_2010,full_data
719,0,1,1,1,1,0,1,False,,,,singleton_shell_no_constraint,atp_2010,full_data
720,1,1,1,1,1,0,1,False,,,,singleton_shell_no_constraint,atp_2010,full_data
721,0,1,1,1,1,0,1,False,,,,singleton_shell_no_constraint,atp_2010,full_data
722,0,1,1,1,1,0,1,False,,,,singleton_shell_no_constraint,atp_2010,full_data
723,1,1,1,1,1,0,1,False,,,,singleton_shell_no_constraint,atp_2010,full_data
724,0,1,1,1,1,0,1,False,,,,singleton_shell_no_constraint,atp_2010,full_data
725,0,1,1,1,1,0,1,False,,,,singleton_shell_no_constraint,atp_2010,full_data
726,1,1,1,1,1,0,1,False,,,,singleton_shell_no_constraint,atp_2010,full_data
727,0,1,1,1,1,0,1,False,,,,singleton_shell_no_constraint,atp_2010,full_data
728,0,2,2,1,1,0,2,False,,,,singleton_shell_no_constraint,atp_2010,full_data
729,0,1,1,1,1,0,1,False,,,,singleton_shell_no_constraint,atp_2010,full_data
730,0,1,1,1,1,0,1,False,,,,singleton_shell_no_constraint,atp_2010,full_data
731,0,1,2,1,1,0,1,False,,,,singleton_shell_no_constraint,atp_2010,full_data
731,1,1,2,1,1,0,1,False,,,,singleton_shell_no_constraint,atp_2010,full_data
732,0,2,2,1,1,0,2,False,,,,singleton_shell_no_constraint,atp_2010,full_data
733,0,1,1,1,1,0,1,False,,,,singleton_shell_no_constraint,atp_2010,full_data
734,0,1,1,1,1,0,1,False,,,,singleton_shell_no_constraint,atp_2010,full_data
735,1,1,1,1,1,0,1,False,,,,singleton_shell_no_constraint,atp_2010,full_data
736,1,1,1,1,1,0,1,False,,,,singleton_shell_no_constraint,atp_2010,full_data
737,0,1,1,1,1,0,1,False,,,,singleton_shell_no_constraint,atp_2010,full_data
738,0,2,2,1,1,0,2,False,,,,singleton_shell_no_constraint,atp_2010,full_data
739,0,2,2,1,1,0,2,False,,,,singleton_shell_no_constraint,atp_2010,full_data
740,0,1,1,1,1,0,1,False,,,,singleton_shell_no_constraint,atp_2010,full_data
741,0,1,2,1,1,0,1,False,,,,singleton_shell_no_constraint,atp_2010,full_data
741,1,1,2,1,1,0,1,False,,,,singleton_shell_no_constraint,atp_2010,full_data
742,1,1,1,1,1,0,1,False,,,,singleton_shell_no_constraint,atp_2010,full_data
743,0,1,1,1,1,0,1,False,,,,singleton_shell_no_constraint,atp_2010,full_data
744,0,1,1,1,1,0,1,False,,,,singleton_shell_no_constraint,atp_2010,full_data
745,0,1,1,1,1,0,1,False,,,,singleton_shell_no_constraint,atp_2010,full_data
746,0,1,1,1,1,0,1,False,,,,singleton_shell_no_constraint,atp_2010,full_data
747,1,1,1,1,1,0,1,False,,,,singleton_shell_no_constraint,atp_2010,full_data
748,0,1,1,1,1,0,1,False,,,,singleton_shell_no_constraint,atp_2010,full_data
749,0,1,1,1,1,0,1,False,,,,singleton_shell_no_constraint,atp_2010,full_data
750,0,1,1,1,1,0,1,False,,,,singleton_shell_no_constraint,atp_2010,full_data
751,0,1,1,1,1,0,1,False,,,,singleton_shell_no_constraint,atp_2010,full_data
752,0,1,1,1,1,0,1,False,,,,singleton_shell_no_constraint,atp_2010,full_data
753,0,1,1,1,1,0,1,False,,,,singleton_shell_no_constraint,atp_2010,full_data
754,0,2,2,1,1,0,2,False,,,,singleton_shell_no_constraint,atp_2010,full_data
755,0,1,1,1,1,0,1,False,,,,singleton_shell_no_constraint,atp_2010,full_data
756,0,1,1,1,1,0,1,False,,,,singleton_shell_no_constraint,atp_2010,full_data
757,0,1,1,1,1,0,1,False,,,,singleton_shell_no_constraint,atp_2010,full_data
758,0,1,1,1,1,0,1,False,,,,singleton_shell_no_constraint,atp_2010,full_data
759,0,1,1,1,1,0,1,False,,,,singleton_shell_no_constraint,atp_2010,full_data
760,0,1,1,1,1,0,1,False,,,,singleton_shell_no_constraint,atp_2010,full_data
761,0,2,2,1,1,0,2,False,,,,singleton_shell_no_constraint,atp_2010,full_data
762,0,1,1,1,1,0,1,False,,,,singleton_shell_no_constraint,atp_2010,full_data
763,0,1,1,1,1,0,1,False,,,,singleton_shell_no_constraint,atp_2010,full_data
764,0,1,1,1,1,0,1,False,,,,singleton_shell_no_constraint,atp_2010,full_data
765,0,1,1,1,1,0,1,False,,,,singleton_shell_no_constraint,atp_2010,full_data
766,1,1,1,1,1,0,1,False,,,,singleton_shell_no_constraint,atp_2010,full_data
767,0,1,1,1,1,0,1,False,,,,singleton_shell_no_constraint,atp_2010,full_data
768,1,1,1,1,1,0,1,False,,,,singleton_shell_no_constraint,atp_2010,full_data
769,0,3,3,1,1,0,3,False,,,,singleton_shell_no_constraint,atp_2010,full_data
770,0,1,1,1,1,0,1,False,,,,singleton_shell_no_constraint,atp_2010,full_data
771,0,1,1,1,1,0,1,False,,,,singleton_shell_no_constraint,atp_2010,full_data
772,0,1,1,1,1,0,1,False,,,,singleton_shell_no_constraint,atp_2010,full_data
773,0,1,1,1,1,0,1,False,,,,singleton_shell_no_constraint,atp_2010,full_data
774,0,1,1,1,1,0,1,False,,,,singleton_shell_no_constraint,atp_2010,full_data
775,0,2,2,1,1,0,2,False,,,,singleton_shell_no_constraint,atp_2010,full_data
776,0,1,1,1,1,0,1,False,,,,singleton_shell_no_constraint,atp_2010,full_data
777,0,1,1,1,1,0,1,False,,,,singleton_shell_no_constraint,atp_2010,full_data
778,1,1,1,1,1,0,1,False,,,,singleton_shell_no_constraint,atp_2010,full_data
779,1,1,1,1,1,0,1,False,,,,singleton_shell_no_constraint,atp_2010,full_data
780,0,1,1,1,1,0,1,False,,,,singleton_shell_no_constraint,atp_2010,full_data
781,0,1,1,1,1,0,1,False,,,,singleton_shell_no_constraint,atp_2010,full_data
782,0,1,1,1,1,0,1,False,,,,singleton_shell_no_constraint,atp_2010,full_data
783,0,2,3,1,1,0,2,False,,,,singleton_shell_no_constraint,atp_2010,full_data
783,1,1,3,1,1,0,1,False,,,,singleton_shell_no_constraint,atp_2010,full_data
784,0,2,3,1,1,0,2,False,,,,singleton_shell_no_constraint,atp_2010,full_data
784,1,1,3,1,1,0,1,False,,,,singleton_shell_no_constraint,atp_2010,full_data
785,1,1,1,1,1,0,1,False,,,,singleton_shell_no_constraint,atp_2010,full_data
786,0,1,2,1,1,0,1,False,,,,singleton_shell_no_constraint,atp_2010,full_data
786,1,1,2,1,1,0,1,False,,,,singleton_shell_no_constraint,atp_2010,full_data
787,1,1,1,1,1,0,1,False,,,,singleton_shell_no_constraint,atp_2010,full_data
788,0,3,3,1,1,0,3,False,,,,singleton_shell_no_constraint,atp_2010,full_data
789,0,1,1,1,1,0,1,False,,,,singleton_shell_no_constraint,atp_2010,full_data
790,0,1,1,1,1,0,1,False,,,,singleton_shell_no_constraint,atp_2010,full_data
791,0,1,2,1,1,0,1,False,,,,singleton_shell_no_constraint,atp_2010,full_data
791,1,1,2,1,1,0,1,False,,,,singleton_shell_no_constraint,atp_2010,full_data
792,0,1,1,1,1,0,1,False,,,,singleton_shell_no_constraint,atp_2010,full_data
793,0,1,2,1,1,0,1,False,,,,singleton_shell_no_constraint,atp_2010,full_data
793,1,1,2,1,1,0,1,False,,,,singleton_shell_no_constraint,atp_2010,full_data
794,0,1,1,1,1,0,1,False,,,,singleton_shell_no_constraint,atp_2010,full_data
795,0,1,1,1,1,0,1,False,,,,singleton_shell_no_constraint,atp_2010,full_data
796,0,1,2,1,1,0,1,False,,,,singleton_shell_no_constraint,atp_2010,full_data
796,1,1,2,1,1,0,1,False,,,,singleton_shell_no_constraint,atp_2010,full_data
797,0,1,1,1,1,0,1,False,,,,singleton_shell_no_constraint,atp_2010,full_data
798,0,1,1,1,1,0,1,False,,,,singleton_shell_no_constraint,atp_2010,full_data
799,0,1,1,1,1,0,1,False,,,,singleton_shell_no_constraint,atp_2010,full_data
800,0,1,1,1,1,0,1,False,,,,singleton_shell_no_constraint,atp_2010,full_data
801,0,1,1,1,1,0,1,False,,,,singleton_shell_no_constraint,atp_2010,full_data
802,1,1,1,1,1,0,1,False,,,,singleton_shell_no_constraint,atp_2010,full_data
803,0,1,2,1,1,0,1,False,,,,singleton_shell_no_constraint,atp_2010,full_data
803,1,1,2,1,1,0,1,False,,,,singleton_shell_no_constraint,atp_2010,full_data
804,0,1,1,1,1,0,1,False,,,,singleton_shell_no_constraint,atp_2010,full_data
805,0,1,1,1,1,0,1,False,,,,singleton_shell_no_constraint,atp_2010,full_data
806,0,2,2,1,1,0,2,False,,,,singleton_shell_no_constraint,atp_2010,full_data
807,1,1,1,1,1,0,1,False,,,,singleton_shell_no_constraint,atp_2010,full_data
808,1,1,1,1,1,0,1,False,,,,singleton_shell_no_constraint,atp_2010,full_data
809,0,1,2,1,1,0,1,False,,,,singleton_shell_no_constraint,atp_2010,full_data
809,1,1,2,1,1,0,1,False,,,,singleton_shell_no_constraint,atp_2010,full_data
810,0,1,1,1,1,0,1,False,,,,singleton_shell_no_constraint,atp_2010,full_data
811,0,1,1,1,1,0,1,False,,,,singleton_shell_no_constraint,atp_2010,full_data
812,0,1,1,1,1,0,1,False,,,,singleton_shell_no_constraint,atp_2010,full_data
813,1,1,1,1,1,0,1,False,,,,singleton_shell_no_constraint,atp_2010,full_data
814,0,2,3,1,1,0,2,False,,,,singleton_shell_no_constraint,atp_2010,full_data
814,1,1,3,1,1,0,1,False,,,,singleton_shell_no_constraint,atp_2010,full_data
815,0,1,1,1,1,0,1,False,,,,singleton_shell_no_constraint,atp_2010,full_data
816,0,1,1,1,1,0,1,False,,,,singleton_shell_no_constraint,atp_2010,full_data
817,0,1,1,1,1,0,1,False,,,,singleton_shell_no_constraint,atp_2010,full_data
818,1,1,1,1,1,0,1,False,,,,singleton_shell_no_constraint,atp_2010,full_data
819,0,1,1,1,1,0,1,False,,,,singleton_shell_no_constraint,atp_2010,full_data
820,0,1,1,1,1,0,1,False,,,,singleton_shell_no_constraint,atp_2010,full_data
821,0,1,1,1,1,0,1,False,,,,singleton_shell_no_constraint,atp_2010,full_data
822,1,1,1,1,1,0,1,False,,,,singleton_shell_no_constraint,atp_2010,full_data
823,1,1,1,1,1,0,1,False,,,,singleton_shell_no_constraint,atp_2010,full_data
824,0,1,1,1,1,0,1,False,,,,singleton_shell_no_constraint,atp_2010,full_data
825,0,1,1,1,1,0,1,False,,,,singleton_shell_no_constraint,atp_2010,full_data
826,0,1,1,1,1,0,1,False,,,,singleton_shell_no_constraint,atp_2010,full_data
827,0,1,1,1,1,0,1,False,,,,singleton_shell_no_constraint,atp_2010,full_data
828,0,1,1,1,1,0,1,False,,,,singleton_shell_no_constraint,atp_2010,full_data
829,1,1,1,1,1,0,1,False,,,,singleton_shell_no_constraint,atp_2010,full_data
830,1,1,1,1,1,0,1,False,,,,singleton_shell_no_constraint,atp_2010,full_data
831,1,1,1,1,1,0,1,False,,,,singleton_shell_no_constraint,atp_2010,full_data
832,0,1,1,1,1,0,1,False,,,,singleton_shell_no_constraint,atp_2010,full_data
833,0,1,1,1,1,0,1,False,,,,singleton_shell_no_constraint,atp_2010,full_data
834,1,1,1,1,1,0,1,False,,,,singleton_shell_no_constraint,atp_2010,full_data
835,0,1,1,1,1,0,1,False,,,,singleton_shell_no_constraint,atp_2010,full_data
836,0,1,1,1,1,0,1,False,,,,singleton_shell_no_constraint,atp_2010,full_data
837,0,1,1,1,1,0,1,False,,,,singleton_shell_no_constraint,atp_2010,full_data
838,1,1,1,1,1,0,1,False,,,,singleton_shell_no_constraint,atp_2010,full_data
839,0,1,1,1,1,0,1,False,,,,singleton_shell_no_constraint,atp_2010,full_data
840,0,1,2,1,1,0,1,False,,,,singleton_shell_no_constraint,atp_2010,full_data
840,1,1,2,1,1,0,1,False,,,,singleton_shell_no_constraint,atp_2010,full_data
841,0,1,1,1,1,0,1,False,,,,singleton_shell_no_constraint,atp_2010,full_data
842,1,1,1,1,1,0,1,False,,,,singleton_shell_no_constraint,atp_2010,full_data
843,0,1,1,1,1,0,1,False,,,,singleton_shell_no_constraint,atp_2010,full_data
844,0,1,1,1,1,0,1,False,,,,singleton_shell_no_constraint,atp_2010,full_data
845,1,1,1,1,1,0,1,False,,,,singleton_shell_no_constraint,atp_2010,full_data
846,0,3,4,1,1,0,3,False,,,,singleton_shell_no_constraint,atp_2010,full_data
846,1,1,4,1,1,0,1,False,,,,singleton_shell_no_constraint,atp_2010,full_data
847,0,1,1,1,1,0,1,False,,,,singleton_shell_no_constraint,atp_2010,full_data
848,0,1,1,1,1,0,1,False,,,,singleton_shell_no_constraint,atp_2010,full_data
849,0,1,1,1,1,0,1,False,,,,singleton_shell_no_constraint,atp_2010,full_data
850,0,1,1,1,1,0,1,False,,,,singleton_shell_no_constraint,atp_2010,full_data
851,0,1,2,1,1,0,1,False,,,,singleton_shell_no_constraint,atp_2010,full_data
851,1,1,2,1,1,0,1,False,,,,singleton_shell_no_constraint,atp_2010,full_data
852,0,1,1,1,1,0,1,False,,,,singleton_shell_no_constraint,atp_2010,full_data
853,1,1,1,1,1,0,1,False,,,,singleton_shell_no_constraint,atp_2010,full_data
854,0,1,1,1,1,0,1,False,,,,singleton_shell_no_constraint,atp_2010,full_data
855,0,1,1,1,1,0,1,False,,,,singleton_shell_no_constraint,atp_2010,full_data
856,0,1,1,1,1,0,1,False,,,,singleton_shell_no_constraint,atp_2010,full_data
857,0,1,2,1,1,0,1,False,,,,singleton_shell_no_constraint,atp_2010,full_data
857,1,1,2,1,1,0,1,False,,,,singleton_shell_no_constraint,atp_2010,full_data
858,0,1,1,1,1,0,1,False,,,,singleton_shell_no_constraint,atp_2010,full_data
859,0,1,1,1,1,0,1,False,,,,singleton_shell_no_constraint,atp_2010,full_data
860,0,1,1,1,1,0,1,False,,,,singleton_shell_no_constraint,atp_2010,full_data
861,0,1,1,1,1,0,1,False,,,,singleton_shell_no_constraint,atp_2010,full_data
862,0,1,1,1,1,0,1,False,,,,singleton_shell_no_constraint,atp_2010,full_data
863,0,1,1,1,1,0,1,False,,,,singleton_shell_no_constraint,atp_2010,full_data
864,1,1,1,1,1,0,1,False,,,,singleton_shell_no_constraint,atp_2010,full_data
865,0,1,1,1,1,0,1,False,,,,singleton_shell_no_constraint,atp_2010,full_data
866,0,2,2,1,1,0,2,False,,,,singleton_shell_no_constraint,atp_2010,full_data
867,0,2,3,1,1,0,2,False,,,,singleton_shell_no_constraint,atp_2010,full_data
867,1,1,3,1,1,0,1,False,,,,singleton_shell_no_constraint,atp_2010,full_data
868,0,1,2,1,1,0,1,False,,,,singleton_shell_no_constraint,atp_2010,full_data
868,1,1,2,1,1,0,1,False,,,,singleton_shell_no_constraint,atp_2010,full_data
869,1,1,1,1,1,0,1,False,,,,singleton_shell_no_constraint,atp_2010,full_data
870,0,2,2,1,1,0,2,False,,,,singleton_shell_no_constraint,atp_2010,full_data
871,0,2,2,1,1,0,2,False,,,,singleton_shell_no_constraint,atp_2010,full_data
872,0,1,1,1,1,0,1,False,,,,singleton_shell_no_constraint,atp_2010,full_data
873,0,1,1,1,1,0,1,False,,,,singleton_shell_no_constraint,atp_2010,full_data
874,0,1,1,1,1,0,1,False,,,,singleton_shell_no_constraint,atp_2010,full_data
875,0,1,1,1,1,0,1,False,,,,singleton_shell_no_constraint,atp_2010,full_data
876,0,1,1,1,1,0,1,False,,,,singleton_shell_no_constraint,atp_2010,full_data
877,1,1,1,1,1,0,1,False,,,,singleton_shell_no_constraint,atp_2010,full_data
878,0,1,1,1,1,0,1,False,,,,singleton_shell_no_constraint,atp_2010,full_data
879,0,3,3,1,1,0,3,False,,,,singleton_shell_no_constraint,atp_2010,full_data
880,1,1,1,1,1,0,1,False,,,,singleton_shell_no_constraint,atp_2010,full_data
881,0,2,2,1,1,0,2,False,,,,singleton_shell_no_constraint,atp_2010,full_data
882,0,1,1,1,1,0,1,False,,,,singleton_shell_no_constraint,atp_2010,full_data
883,1,1,1,1,1,0,1,False,,,,singleton_shell_no_constraint,atp_2010,full_data
884,0,1,1,1,1,0,1,False,,,,singleton_shell_no_constraint,atp_2010,full_data
885,0,1,2,1,1,0,1,False,,,,singleton_shell_no_constraint,atp_2010,full_data
885,1,1,2,1,1,0,1,False,,,,singleton_shell_no_constraint,atp_2010,full_data
886,1,1,1,1,1,0,1,False,,,,singleton_shell_no_constraint,atp_2010,full_data
887,0,1,1,1,1,0,1,False,,,,singleton_shell_no_constraint,atp_2010,full_data
888,1,1,1,1,1,0,1,False,,,,singleton_shell_no_constraint,atp_2010,full_data
889,0,1,1,1,1,0,1,False,,,,singleton_shell_no_constraint,atp_2010,full_data
890,0,2,2,1,1,0,2,False,,,,singleton_shell_no_constraint,atp_2010,full_data
891,0,1,1,1,1,0,1,False,,,,singleton_shell_no_constraint,atp_2010,full_data
892,0,1,2,1,1,0,1,False,,,,singleton_shell_no_constraint,atp_2010,full_data
892,1,1,2,1,1,0,1,False,,,,singleton_shell_no_constraint,atp_2010,full_data
893,0,1,1,1,1,0,1,False,,,,singleton_shell_no_constraint,atp_2010,full_data
894,0,1,1,1,1,0,1,False,,,,singleton_shell_no_constraint,atp_2010,full_data
895,0,1,1,1,1,0,1,False,,,,singleton_shell_no_constraint,atp_2010,full_data
896,1,1,1,1,1,0,1,False,,,,singleton_shell_no_constraint,atp_2010,full_data
897,1,1,1,1,1,0,1,False,,,,singleton_shell_no_constraint,atp_2010,full_data
898,0,1,1,1,1,0,1,False,,,,singleton_shell_no_constraint,atp_2010,full_data
899,0,2,2,1,1,0,2,False,,,,singleton_shell_no_constraint,atp_2010,full_data
900,1,1,1,1,1,0,1,False,,,,singleton_shell_no_constraint,atp_2010,full_data
901,0,1,1,1,1,0,1,False,,,,singleton_shell_no_constraint,atp_2010,full_data
902,0,1,1,1,1,0,1,False,,,,singleton_shell_no_constraint,atp_2010,full_data
903,0,1,1,1,1,0,1,False,,,,singleton_shell_no_constraint,atp_2010,full_data
904,0,1,1,1,1,0,1,False,,,,singleton_shell_no_constraint,atp_2010,full_data
905,0,2,2,1,1,0,2,False,,,,singleton_shell_no_constraint,atp_2010,full_data
906,1,1,1,1,1,0,1,False,,,,singleton_shell_no_constraint,atp_2010,full_data
907,1,1,1,1,1,0,1,False,,,,singleton_shell_no_constraint,atp_2010,full_data
908,0,1,1,1,1,0,1,False,,,,singleton_shell_no_constraint,atp_2010,full_data
909,0,1,1,1,1,0,1,False,,,,singleton_shell_no_constraint,atp_2010,full_data
910,1,1,1,1,1,0,1,False,,,,singleton_shell_no_constraint,atp_2010,full_data
911,0,1,1,1,1,0,1,False,,,,singleton_shell_no_constraint,atp_2010,full_data
912,0,1,1,1,1,0,1,False,,,,singleton_shell_no_constraint,atp_2010,full_data
913,0,1,1,1,1,0,1,False,,,,singleton_shell_no_constraint,atp_2010,full_data
914,0,2,2,1,1,0,2,False,,,,singleton_shell_no_constraint,atp_2010,full_data
915,0,1,1,1,1,0,1,False,,,,singleton_shell_no_constraint,atp_2010,full_data
916,1,1,1,1,1,0,1,False,,,,singleton_shell_no_constraint,atp_2010,full_data
917,0,1,1,1,1,0,1,False,,,,singleton_shell_no_constraint,atp_2010,full_data
918,0,1,1,1,1,0,1,False,,,,singleton_shell_no_constraint,atp_2010,full_data
919,1,1,1,1,1,0,1,False,,,,singleton_shell_no_constraint,atp_2010,full_data
920,0,1,1,1,1,0,1,False,,,,singleton_shell_no_constraint,atp_2010,full_data
921,0,1,1,1,1,0,1,False,,,,singleton_shell_no_constraint,atp_2010,full_data
922,0,1,1,1,1,0,1,False,,,,singleton_shell_no_constraint,atp_2010,full_data
923,0,1,1,1,1,0,1,False,,,,singleton_shell_no_constraint,atp_2010,full_data
924,0,2,2,1,1,0,2,False,,,,singleton_shell_no_constraint,atp_2010,full_data
925,0,1,1,1,1,0,1,False,,,,singleton_shell_no_constraint,atp_2010,full_data
926,0,1,1,1,1,0,1,False,,,,singleton_shell_no_constraint,atp_2010,full_data
927,0,1,1,1,1,0,1,False,,,,singleton_shell_no_constraint,atp_2010,full_data
928,1,1,1,1,1,0,1,False,,,,singleton_shell_no_constraint,atp_2010,full_data
929,0,1,1,1,1,0,1,False,,,,singleton_shell_no_constraint,atp_2010,full_data
930,0,1,1,1,1,0,1,False,,,,singleton_shell_no_constraint,atp_2010,full_data
931,0,1,1,1,1,0,1,False,,,,singleton_shell_no_constraint,atp_2010,full_data
932,0,1,1,1,1,0,1,False,,,,singleton_shell_no_constraint,atp_2010,full_data
933,0,1,1,1,1,0,1,False,,,,singleton_shell_no_constraint,atp_2010,full_data
934,0,1,1,1,1,0,1,False,,,,singleton_shell_no_constraint,atp_2010,full_data
935,0,1,1,1,1,0,1,False,,,,singleton_shell_no_constraint,atp_2010,full_data
936,0,1,1,1,1,0,1,False,,,,singleton_shell_no_constraint,atp_2010,full_data
937,0,1,1,1,1,0,1,False,,,,singleton_shell_no_constraint,atp_2010,full_data
938,0,1,1,1,1,0,1,False,,,,singleton_shell_no_constraint,atp_2010,full_data
939,0,2,2,1,1,0,2,False,,,,singleton_shell_no_constraint,atp_2010,full_data
940,0,1,1,1,1,0,1,False,,,,singleton_shell_no_constraint,atp_2010,full_data
941,1,1,1,1,1,0,1,False,,,,singleton_shell_no_constraint,atp_2010,full_data
942,0,1,1,1,1,0,1,False,,,,singleton_shell_no_constraint,atp_2010,full_data
943,0,1,1,1,1,0,1,False,,,,singleton_shell_no_constraint,atp_2010,full_data
944,0,1,1,1,1,0,1,False,,,,singleton_shell_no_constraint,atp_2010,full_data
945,0,1,1,1,1,0,1,False,,,,singleton_shell_no_constraint,atp_2010,full_data
946,0,1,1,1,1,0,1,False,,,,singleton_shell_no_constraint,atp_2010,full_data
947,1,1,1,1,1,0,1,False,,,,singleton_shell_no_constraint,atp_2010,full_data
948,1,1,1,1,1,0,1,False,,,,singleton_shell_no_constraint,atp_2010,full_data
949,1,1,1,1,1,0,1,False,,,,singleton_shell_no_constraint,atp_2010,full_data
950,0,1,1,1,1,0,1,False,,,,singleton_shell_no_constraint,atp_2010,full_data
951,0,1,2,1,1,0,1,False,,,,singleton_shell_no_constraint,atp_2010,full_data
951,1,1,2,1,1,0,1,False,,,,singleton_shell_no_constraint,atp_2010,full_data
952,0,1,1,1,1,0,1,False,,,,singleton_shell_no_constraint,atp_2010,full_data
953,0,1,2,1,1,0,1,False,,,,singleton_shell_no_constraint,atp_2010,full_data
953,1,1,2,1,1,0,1,False,,,,singleton_shell_no_constraint,atp_2010,full_data
954,0,1,1,1,1,0,1,False,,,,singleton_shell_no_constraint,atp_2010,full_data
955,0,1,2,1,1,0,1,False,,,,singleton_shell_no_constraint,atp_2010,full_data
955,1,1,2,1,1,0,1,False,,,,singleton_shell_no_constraint,atp_2010,full_data
956,0,1,2,1,1,0,1,False,,,,singleton_shell_no_constraint,atp_2010,full_data
956,1,1,2,1,1,0,1,False,,,,singleton_shell_no_constraint,atp_2010,full_data
957,0,1,1,1,1,0,1,False,,,,singleton_shell_no_constraint,atp_2010,full_data
958,0,1,1,1,1,0,1,False,,,,singleton_shell_no_constraint,atp_2010,full_data
959,0,1,1,1,1,0,1,False,,,,singleton_shell_no_constraint,atp_2010,full_data
960,0,1,1,1,1,0,1,False,,,,singleton_shell_no_constraint,atp_2010,full_data
961,0,1,1,1,1,0,1,False,,,,singleton_shell_no_constraint,atp_2010,full_data
962,1,1,1,1,1,0,1,False,,,,singleton_shell_no_constraint,atp_2010,full_data
963,0,1,1,1,1,0,1,False,,,,singleton_shell_no_constraint,atp_2010,full_data
964,0,1,1,1,1,0,1,False,,,,singleton_shell_no_constraint,atp_2010,full_data
965,0,1,1,1,1,0,1,False,,,,singleton_shell_no_constraint,atp_2010,full_data
966,0,1,1,1,1,0,1,False,,,,singleton_shell_no_constraint,atp_2010,full_data
967,0,1,1,1,1,0,1,False,,,,singleton_shell_no_constraint,atp_2010,full_data
968,0,2,2,1,1,0,2,False,,,,singleton_shell_no_constraint,atp_2010,full_data
969,0,1,1,1,1,0,1,False,,,,singleton_shell_no_constraint,atp_2010,full_data
970,0,1,1,1,1,0,1,False,,,,singleton_shell_no_constraint,atp_2010,full_data
971,0,1,1,1,1,0,1,False,,,,singleton_shell_no_constraint,atp_2010,full_data
972,0,1,1,1,1,0,1,False,,,,singleton_shell_no_constraint,atp_2010,full_data
973,0,3,3,1,1,0,3,False,,,,singleton_shell_no_constraint,atp_2010,full_data
974,0,1,1,1,1,0,1,False,,,,singleton_shell_no_constraint,atp_2010,full_data
975,0,1,1,1,1,0,1,False,,,,singleton_shell_no_constraint,atp_2010,full_data
976,0,1,1,1,1,0,1,False,,,,singleton_shell_no_constraint,atp_2010,full_data
977,0,1,1,1,1,0,1,False,,,,singleton_shell_no_constraint,atp_2010,full_data
978,0,3,4,1,1,0,3,False,,,,singleton_shell_no_constraint,atp_2010,full_data
978,1,1,4,1,1,0,1,False,,,,singleton_shell_no_constraint,atp_2010,full_data
979,0,3,3,1,1,0,3,False,,,,singleton_shell_no_constraint,atp_2010,full_data
980,0,1,1,1,1,0,1,False,,,,singleton_shell_no_constraint,atp_2010,full_data
981,0,1,1,1,1,0,1,False,,,,singleton_shell_no_constraint,atp_2010,full_data
982,0,1,2,1,1,0,1,False,,,,singleton_shell_no_constraint,atp_2010,full_data
982,1,1,2,1,1,0,1,False,,,,singleton_shell_no_constraint,atp_2010,full_data
983,0,1,1,1,1,0,1,False,,,,singleton_shell_no_constraint,atp_2010,full_data
984,0,1,3,1,1,0,1,False,,,,singleton_shell_no_constraint,atp_2010,full_data
984,1,2,3,1,1,0,2,False,,,,singleton_shell_no_constraint,atp_2010,full_data
985,0,1,1,1,1,0,1,False,,,,singleton_shell_no_constraint,atp_2010,full_data
986,0,1,2,1,1,0,1,False,,,,singleton_shell_no_constraint,atp_2010,full_data
986,1,1,2,1,1,0,1,False,,,,singleton_shell_no_constraint,atp_2010,full_data
987,0,1,1,1,1,0,1,False,,,,singleton_shell_no_constraint,atp_2010,full_data
988,0,1,1,1,1,0,1,False,,,,singleton_shell_no_constraint,atp_2010,full_data
989,0,2,4,1,1,0,2,False,,,,singleton_shell_no_constraint,atp_2010,full_data
989,1,2,4,1,1,0,2,False,,,,singleton_shell_no_constraint,atp_2010,full_data
990,0,4,5,1,1,0,4,False,,,,singleton_shell_no_constraint,atp_2010,full_data
990,1,1,5,1,1,0,1,False,,,,singleton_shell_no_constraint,atp_2010,full_data
991,0,1,1,1,1,0,1,False,,,,singleton_shell_no_constraint,atp_2010,full_data
992,0,2,3,1,1,0,2,False,,,,singleton_shell_no_constraint,atp_2010,full_data
992,1,1,3,1,1,0,1,False,,,,singleton_shell_no_constraint,atp_2010,full_data
993,1,1,1,1,1,0,1,False,,,,singleton_shell_no_constraint,atp_2010,full_data
994,0,1,1,1,1,0,1,False,,,,singleton_shell_no_constraint,atp_2010,full_data
995,1,1,1,1,1,0,1,False,,,,singleton_shell_no_constraint,atp_2010,full_data
996,0,1,1,1,1,0,1,False,,,,singleton_shell_no_constraint,atp_2010,full_data
997,0,1,1,1,1,0,1,False,,,,singleton_shell_no_constraint,atp_2010,full_data
998,0,1,1,1,1,0,1,False,,,,singleton_shell_no_constraint,atp_2010,full_data
999,0,1,1,1,1,0,1,False,,,,singleton_shell_no_constraint,atp_2010,full_data
1000,0,1,1,1,1,0,1,False,,,,singleton_shell_no_constraint,atp_2010,full_data
1001,0,1,1,1,1,0,1,False,,,,singleton_shell_no_constraint,atp_2010,full_data
1002,0,1,1,1,1,0,1,False,,,,singleton_shell_no_constraint,atp_2010,full_data
1003,0,1,1,1,1,0,1,False,,,,singleton_shell_no_constraint,atp_2010,full_data
1004,0,1,1,1,1,0,1,False,,,,singleton_shell_no_constraint,atp_2010,full_data
1005,0,1,1,1,1,0,1,False,,,,singleton_shell_no_constraint,atp_2010,full_data
1006,1,1,1,1,1,0,1,False,,,,singleton_shell_no_constraint,atp_2010,full_data
1007,0,1,2,1,1,0,1,False,,,,singleton_shell_no_constraint,atp_2010,full_data
1007,1,1,2,1,1,0,1,False,,,,singleton_shell_no_constraint,atp_2010,full_data
1008,0,2,2,1,1,0,2,False,,,,singleton_shell_no_constraint,atp_2010,full_data
1009,0,2,2,1,1,0,2,False,,,,singleton_shell_no_constraint,atp_2010,full_data
1010,0,1,1,1,1,0,1,False,,,,singleton_shell_no_constraint,atp_2010,full_data
1011,0,1,1,1,1,0,1,False,,,,singleton_shell_no_constraint,atp_2010,full_data
1012,0,1,1,1,1,0,1,False,,,,singleton_shell_no_constraint,atp_2010,full_data
1013,0,1,1,1,1,0,1,False,,,,singleton_shell_no_constraint,atp_2010,full_data
1014,0,1,1,1,1,0,1,False,,,,singleton_shell_no_constraint,atp_2010,full_data
1015,0,2,2,1,1,0,2,False,,,,singleton_shell_no_constraint,atp_2010,full_data
1016,0,1,1,1,1,0,1,False,,,,singleton_shell_no_constraint,atp_2010,full_data
1017,0,1,1,1,1,0,1,False,,,,singleton_shell_no_constraint,atp_2010,full_data
1018,0,1,1,1,1,0,1,False,,,,singleton_shell_no_constraint,atp_2010,full_data
1019,0,1,1,1,1,0,1,False,,,,singleton_shell_no_constraint,atp_2010,full_data
1020,0,1,2,1,1,0,1,False,,,,singleton_shell_no_constraint,atp_2010,full_data
1020,1,1,2,1,1,0,1,False,,,,singleton_shell_no_constraint,atp_2010,full_data
1021,0,2,2,1,1,0,2,False,,,,singleton_shell_no_constraint,atp_2010,full_data
1022,0,1,1,1,1,0,1,False,,,,singleton_shell_no_constraint,atp_2010,full_data
1023,0,1,1,1,1,0,1,False,,,,singleton_shell_no_constraint,atp_2010,full_data
1024,1,1,1,1,1,0,1,False,,,,singleton_shell_no_constraint,atp_2010,full_data
1025,0,1,1,1,1,0,1,False,,,,singleton_shell_no_constraint,atp_2010,full_data
1026,0,2,2,1,1,0,2,False,,,,singleton_shell_no_constraint,atp_2010,full_data
1027,0,1,2,1,1,0,1,False,,,,singleton_shell_no_constraint,atp_2010,full_data
1027,1,1,2,1,1,0,1,False,,,,singleton_shell_no_constraint,atp_2010,full_data
1028,0,1,1,1,1,0,1,False,,,,singleton_shell_no_constraint,atp_2010,full_data
1029,0,1,1,1,1,0,1,False,,,,singleton_shell_no_constraint,atp_2010,full_data
1030,0,1,1,1,1,0,1,False,,,,singleton_shell_no_constraint,atp_2010,full_data
1031,0,1,1,1,1,0,1,False,,,,singleton_shell_no_constraint,atp_2010,full_data
1032,0,1,1,1,1,0,1,False,,,,singleton_shell_no_constraint,atp_2010,full_data
1033,0,1,1,1,1,0,1,False,,,,singleton_shell_no_constraint,atp_2010,full_data
1034,0,1,1,1,1,0,1,False,,,,singleton_shell_no_constraint,atp_2010,full_data
1035,0,2,2,1,1,0,2,False,,,,singleton_shell_no_constraint,atp_2010,full_data
1036,1,1,1,1,1,0,1,False,,,,singleton_shell_no_constraint,atp_2010,full_data
1037,0,1,1,1,1,0,1,False,,,,singleton_shell_no_constraint,atp_2010,full_data
1038,0,1,1,1,1,0,1,False,,,,singleton_shell_no_constraint,atp_2010,full_data
1039,0,1,1,1,1,0,1,False,,,,singleton_shell_no_constraint,atp_2010,full_data
1040,0,1,2,1,1,0,1,False,,,,singleton_shell_no_constraint,atp_2010,full_data
1040,1,1,2,1,1,0,1,False,,,,singleton_shell_no_constraint,atp_2010,full_data
1041,0,1,1,1,1,0,1,False,,,,singleton_shell_no_constraint,atp_2010,full_data
1042,1,1,1,1,1,0,1,False,,,,singleton_shell_no_constraint,atp_2010,full_data
1043,0,1,1,1,1,0,1,False,,,,singleton_shell_no_constraint,atp_2010,full_data
1044,0,1,1,1,1,0,1,False,,,,singleton_shell_no_constraint,atp_2010,full_data
1045,0,2,2,1,1,0,2,False,,,,singleton_shell_no_constraint,atp_2010,full_data
1046,0,1,1,1,1,0,1,False,,,,singleton_shell_no_constraint,atp_2010,full_data
1047,0,1,1,1,1,0,1,False,,,,singleton_shell_no_constraint,atp_2010,full_data
1048,0,2,2,1,1,0,2,False,,,,singleton_shell_no_constraint,atp_2010,full_data
1049,0,1,1,1,1,0,1,False,,,,singleton_shell_no_constraint,atp_2010,full_data
1050,0,1,1,1,1,0,1,False,,,,singleton_shell_no_constraint,atp_2010,full_data
1051,1,1,1,1,1,0,1,False,,,,singleton_shell_no_constraint,atp_2010,full_data
1052,1,1,1,1,1,0,1,False,,,,singleton_shell_no_constraint,atp_2010,full_data
1053,0,1,1,1,1,0,1,False,,,,singleton_shell_no_constraint,atp_2010,full_data
1054,0,1,1,1,1,0,1,False,,,,singleton_shell_no_constraint,atp_2010,full_data
1055,0,1,1,1,1,0,1,False,,,,singleton_shell_no_constraint,atp_2010,full_data
1056,1,1,1,1,1,0,1,False,,,,singleton_shell_no_constraint,atp_2010,full_data
1057,0,1,1,1,1,0,1,False,,,,singleton_shell_no_constraint,atp_2010,full_data
1058,0,1,1,1,1,0,1,False,,,,singleton_shell_no_constraint,atp_2010,full_data
1059,0,1,1,1,1,0,1,False,,,,singleton_shell_no_constraint,atp_2010,full_data
1060,0,1,1,1,1,0,1,False,,,,singleton_shell_no_constraint,atp_2010,full_data
1061,0,1,1,1,1,0,1,False,,,,singleton_shell_no_constraint,atp_2010,full_data
1062,0,1,1,1,1,0,1,False,,,,singleton_shell_no_constraint,atp_2010,full_data
1063,0,1,1,1,1,0,1,False,,,,singleton_shell_no_constraint,atp_2010,full_data
1064,0,1,1,1,1,0,1,False,,,,singleton_shell_no_constraint,atp_2010,full_data
1065,1,1,1,1,1,0,1,False,,,,singleton_shell_no_constraint,atp_2010,full_data
1066,1,1,1,1,1,0,1,False,,,,singleton_shell_no_constraint,atp_2010,full_data
1067,0,1,1,1,1,0,1,False,,,,singleton_shell_no_constraint,atp_2010,full_data
1068,0,1,1,1,1,0,1,False,,,,singleton_shell_no_constraint,atp_2010,full_data
1069,0,1,1,1,1,0,1,False,,,,singleton_shell_no_constraint,atp_2010,full_data
1070,0,1,1,1,1,0,1,False,,,,singleton_shell_no_constraint,atp_2010,full_data
1071,0,1,1,1,1,0,1,False,,,,singleton_shell_no_constraint,atp_2010,full_data
1072,0,1,1,1,1,0,1,False,,,,singleton_shell_no_constraint,atp_2010,full_data
1073,0,1,1,1,1,0,1,False,,,,singleton_shell_no_constraint,atp_2010,full_data
1074,0,1,1,1,1,0,1,False,,,,singleton_shell_no_constraint,atp_2010,full_data
1075,0,1,1,1,1,0,1,False,,,,singleton_shell_no_constraint,atp_2010,full_data
1076,1,1,1,1,1,0,1,False,,,,singleton_shell_no_constraint,atp_2010,full_data
1077,0,1,1,1,1,0,1,False,,,,singleton_shell_no_constraint,atp_2010,full_data
1078,0,1,1,1,1,0,1,False,,,,singleton_shell_no_constraint,atp_2010,full_data
1079,0,1,1,1,1,0,1,False,,,,singleton_shell_no_constraint,atp_2010,full_data
1080,0,1,1,1,1,0,1,False,,,,singleton_shell_no_constraint,atp_2010,full_data
1081,0,1,1,1,1,0,1,False,,,,singleton_shell_no_constraint,atp_2010,full_data
1082,0,2,2,1,1,0,2,False,,,,singleton_shell_no_constraint,atp_2010,full_data
1083,0,1,1,1,1,0,1,False,,,,singleton_shell_no_constraint,atp_2010,full_data
1084,0,1,1,1,1,0,1,False,,,,singleton_shell_no_constraint,atp_2010,full_data
1085,0,1,1,1,1,0,1,False,,,,singleton_shell_no_constraint,atp_2010,full_data
1086,0,1,1,1,1,0,1,False,,,,singleton_shell_no_constraint,atp_2010,full_data
1087,0,1,1,1,1,0,1,False,,,,singleton_shell_no_constraint,atp_2010,full_data
1088,1,1,1,1,1,0,1,False,,,,singleton_shell_no_constraint,atp_2010,full_data
1089,0,1,1,1,1,0,1,False,,,,singleton_shell_no_constraint,atp_2010,full_data
1090,0,1,1,1,1,0,1,False,,,,singleton_shell_no_constraint,atp_2010,full_data
1091,0,1,1,1,1,0,1,False,,,,singleton_shell_no_constraint,atp_2010,full_data
1092,0,2,2,1,1,0,2,False,,,,singleton_shell_no_constraint,atp_2010,full_data
1093,0,1,1,1,1,0,1,False,,,,singleton_shell_no_constraint,atp_2010,full_data
1094,1,2,2,1,1,0,2,False,,,,singleton_shell_no_constraint,atp_2010,full_data
1095,0,1,1,1,1,0,1,False,,,,singleton_shell_no_constraint,atp_2010,full_data
1096,0,1,1,1,1,0,1,False,,,,singleton_shell_no_constraint,atp_2010,full_data
1097,0,1,1,1,1,0,1,False,,,,singleton_shell_no_constraint,atp_2010,full_data
1098,0,1,1,1,1,0,1,False,,,,singleton_shell_no_constraint,atp_2010,full_data
1099,0,1,1,1,1,0,1,False,,,,singleton_shell_no_constraint,atp_2010,full_data
1100,0,3,3,1,1,0,3,False,,,,singleton_shell_no_constraint,atp_2010,full_data
1101,0,1,2,1,1,0,1,False,,,,singleton_shell_no_constraint,atp_2010,full_data
1101,1,1,2,1,1,0,1,False,,,,singleton_shell_no_constraint,atp_2010,full_data
1102,0,2,2,1,1,0,2,False,,,,singleton_shell_no_constraint,atp_2010,full_data
1103,0,1,1,1,1,0,1,False,,,,singleton_shell_no_constraint,atp_2010,full_data
1104,1,1,1,1,1,0,1,False,,,,singleton_shell_no_constraint,atp_2010,full_data
1105,0,1,1,1,1,0,1,False,,,,singleton_shell_no_constraint,atp_2010,full_data
1106,1,1,1,1,1,0,1,False,,,,singleton_shell_no_constraint,atp_2010,full_data
1107,0,2,2,1,1,0,2,False,,,,singleton_shell_no_constraint,atp_2010,full_data
1108,0,1,1,1,1,0,1,False,,,,singleton_shell_no_constraint,atp_2010,full_data
1109,1,1,1,1,1,0,1,False,,,,singleton_shell_no_constraint,atp_2010,full_data
1110,0,1,1,1,1,0,1,False,,,,singleton_shell_no_constraint,atp_2010,full_data
1111,0,1,1,1,1,0,1,False,,,,singleton_shell_no_constraint,atp_2010,full_data
1112,0,1,1,1,1,0,1,False,,,,singleton_shell_no_constraint,atp_2010,full_data
1113,0,1,1,1,1,0,1,False,,,,singleton_shell_no_constraint,atp_2010,full_data
1114,0,1,1,1,1,0,1,False,,,,singleton_shell_no_constraint,atp_2010,full_data
1115,0,1,1,1,1,0,1,False,,,,singleton_shell_no_constraint,atp_2010,full_data
1116,1,1,1,1,1,0,1,False,,,,singleton_shell_no_constraint,atp_2010,full_data
1117,0,1,1,1,1,0,1,False,,,,singleton_shell_no_constraint,atp_2010,full_data
1118,0,1,1,1,1,0,1,False,,,,singleton_shell_no_constraint,atp_2010,full_data
1119,0,1,1,1,1,0,1,False,,,,singleton_shell_no_constraint,atp_2010,full_data
1120,0,1,1,1,1,0,1,False,,,,singleton_shell_no_constraint,atp_2010,full_data
1121,1,1,1,1,1,0,1,False,,,,singleton_shell_no_constraint,atp_2010,full_data
1122,0,1,1,1,1,0,1,False,,,,singleton_shell_no_constraint,atp_2010,full_data
1123,0,1,1,1,1,0,1,False,,,,singleton_shell_no_constraint,atp_2010,full_data
1124,1,1,1,1,1,0,1,False,,,,singleton_shell_no_constraint,atp_2010,full_data
1125,0,1,1,1,1,0,1,False,,,,singleton_shell_no_constraint,atp_2010,full_data
1126,0,1,1,1,1,0,1,False,,,,singleton_shell_no_constraint,atp_2010,full_data
1127,1,1,1,1,1,0,1,False,,,,singleton_shell_no_constraint,atp_2010,full_data
1128,0,2,2,1,1,0,2,False,,,,singleton_shell_no_constraint,atp_2010,full_data
1129,0,1,2,1,1,0,1,False,,,,singleton_shell_no_constraint,atp_2010,full_data
1129,1,1,2,1,1,0,1,False,,,,singleton_shell_no_constraint,atp_2010,full_data
1130,0,1,1,1,1,0,1,False,,,,singleton_shell_no_constraint,atp_2010,full_data
1131,0,1,1,1,1,0,1,False,,,,singleton_shell_no_constraint,atp_2010,full_data
1132,0,1,1,1,1,0,1,False,,,,singleton_shell_no_constraint,atp_2010,full_data
1133,0,1,1,1,1,0,1,False,,,,singleton_shell_no_constraint,atp_2010,full_data
1134,0,1,1,1,1,0,1,False,,,,singleton_shell_no_constraint,atp_2010,full_data
1135,1,1,1,1,1,0,1,False,,,,singleton_shell_no_constraint,atp_2010,full_data
1136,0,1,1,1,1,0,1,False,,,,singleton_shell_no_constraint,atp_2010,full_data
1137,0,1,3,1,1,0,1,False,,,,singleton_shell_no_constraint,atp_2010,full_data
1137,1,2,3,1,1,0,2,False,,,,singleton_shell_no_constraint,atp_2010,full_data
1138,0,1,1,1,1,0,1,False,,,,singleton_shell_no_constraint,atp_2010,full_data
1139,0,1,1,1,1,0,1,False,,,,singleton_shell_no_constraint,atp_2010,full_data
1140,1,1,1,1,1,0,1,False,,,,singleton_shell_no_constraint,atp_2010,full_data
1141,0,1,1,1,1,0,1,False,,,,singleton_shell_no_constraint,atp_2010,full_data
1142,0,1,1,1,1,0,1,False,,,,singleton_shell_no_constraint,atp_2010,full_data
1143,0,2,2,1,1,0,2,False,,,,singleton_shell_no_constraint,atp_2010,full_data
1144,0,1,1,1,1,0,1,False,,,,singleton_shell_no_constraint,atp_2010,full_data
1145,0,2,2,1,1,0,2,False,,,,singleton_shell_no_constraint,atp_2010,full_data
1146,0,1,1,1,1,0,1,False,,,,singleton_shell_no_constraint,atp_2010,full_data
1147,0,1,1,1,1,0,1,False,,,,singleton_shell_no_constraint,atp_2010,full_data
1148,0,1,1,1,1,0,1,False,,,,singleton_shell_no_constraint,atp_2010,full_data
1149,0,1,1,1,1,0,1,False,,,,singleton_shell_no_constraint,atp_2010,full_data
1150,0,1,1,1,1,0,1,False,,,,singleton_shell_no_constraint,atp_2010,full_data
1151,0,1,2,1,1,0,1,False,,,,singleton_shell_no_constraint,atp_2010,full_data
1151,1,1,2,1,1,0,1,False,,,,singleton_shell_no_constraint,atp_2010,full_data
1152,0,1,1,1,1,0,1,False,,,,singleton_shell_no_constraint,atp_2010,full_data
1153,0,1,1,1,1,0,1,False,,,,singleton_shell_no_constraint,atp_2010,full_data
1154,0,1,1,1,1,0,1,False,,,,singleton_shell_no_constraint,atp_2010,full_data
1155,0,1,1,1,1,0,1,False,,,,singleton_shell_no_constraint,atp_2010,full_data
1156,0,1,1,1,1,0,1,False,,,,singleton_shell_no_constraint,atp_2010,full_data
1157,0,2,2,1,1,0,2,False,,,,singleton_shell_no_constraint,atp_2010,full_data
1158,0,1,1,1,1,0,1,False,,,,singleton_shell_no_constraint,atp_2010,full_data
1159,0,1,1,1,1,0,1,False,,,,singleton_shell_no_constraint,atp_2010,full_data
1160,1,2,2,1,1,0,2,False,,,,singleton_shell_no_constraint,atp_2010,full_data
1161,0,2,2,1,1,0,2,False,,,,singleton_shell_no_constraint,atp_2010,full_data
1162,0,2,2,1,1,0,2,False,,,,singleton_shell_no_constraint,atp_2010,full_data
1163,1,1,1,1,1,0,1,False,,,,singleton_shell_no_constraint,atp_2010,full_data
1164,0,1,1,1,1,0,1,False,,,,singleton_shell_no_constraint,atp_2010,full_data
1165,0,1,1,1,1,0,1,False,,,,singleton_shell_no_constraint,atp_2010,full_data
1166,1,1,1,1,1,0,1,False,,,,singleton_shell_no_constraint,atp_2010,full_data
1167,0,1,1,1,1,0,1,False,,,,singleton_shell_no_constraint,atp_2010,full_data
1168,0,1,1,1,1,0,1,False,,,,singleton_shell_no_constraint,atp_2010,full_data
1169,0,1,1,1,1,0,1,False,,,,singleton_shell_no_constraint,atp_2010,full_data
1170,0,2,2,1,1,0,2,False,,,,singleton_shell_no_constraint,atp_2010,full_data
1171,0,1,1,1,1,0,1,False,,,,singleton_shell_no_constraint,atp_2010,full_data
1172,0,1,1,1,1,0,1,False,,,,singleton_shell_no_constraint,atp_2010,full_data
1173,0,1,1,1,1,0,1,False,,,,singleton_shell_no_constraint,atp_2010,full_data
1174,0,1,1,1,1,0,1,False,,,,singleton_shell_no_constraint,atp_2010,full_data
1175,0,1,1,1,1,0,1,False,,,,singleton_shell_no_constraint,atp_2010,full_data
1176,0,1,1,1,1,0,1,False,,,,singleton_shell_no_constraint,atp_2010,full_data
1177,1,1,1,1,1,0,1,False,,,,singleton_shell_no_constraint,atp_2010,full_data
1178,0,1,1,1,1,0,1,False,,,,singleton_shell_no_constraint,atp_2010,full_data
1179,1,1,1,1,1,0,1,False,,,,singleton_shell_no_constraint,atp_2010,full_data
1180,0,1,1,1,1,0,1,False,,,,singleton_shell_no_constraint,atp_2010,full_data
1181,0,1,1,1,1,0,1,False,,,,singleton_shell_no_constraint,atp_2010,full_data
1182,0,1,1,1,1,0,1,False,,,,singleton_shell_no_constraint,atp_2010,full_data
1183,0,1,1,1,1,0,1,False,,,,singleton_shell_no_constraint,atp_2010,full_data
1184,0,1,1,1,1,0,1,False,,,,singleton_shell_no_constraint,atp_2010,full_data
1185,0,1,1,1,1,0,1,False,,,,singleton_shell_no_constraint,atp_2010,full_data
1186,0,1,1,1,1,0,1,False,,,,singleton_shell_no_constraint,atp_2010,full_data
1187,0,1,2,1,1,0,1,False,,,,singleton_shell_no_constraint,atp_2010,full_data
1187,1,1,2,1,1,0,1,False,,,,singleton_shell_no_constraint,atp_2010,full_data
1188,0,1,1,1,1,0,1,False,,,,singleton_shell_no_constraint,atp_2010,full_data
1189,1,1,1,1,1,0,1,False,,,,singleton_shell_no_constraint,atp_2010,full_data
1190,0,1,1,1,1,0,1,False,,,,singleton_shell_no_constraint,atp_2010,full_data
1191,0,1,1,1,1,0,1,False,,,,singleton_shell_no_constraint,atp_2010,full_data
1192,0,1,1,1,1,0,1,False,,,,singleton_shell_no_constraint,atp_2010,full_data
1193,0,1,1,1,1,0,1,False,,,,singleton_shell_no_constraint,atp_2010,full_data
1194,0,1,1,1,1,0,1,False,,,,singleton_shell_no_constraint,atp_2010,full_data
1195,0,1,1,1,1,0,1,False,,,,singleton_shell_no_constraint,atp_2010,full_data
1196,0,1,1,1,1,0,1,False,,,,singleton_shell_no_constraint,atp_2010,full_data
1197,0,1,1,1,1,0,1,False,,,,singleton_shell_no_constraint,atp_2010,full_data
1198,0,1,1,1,1,0,1,False,,,,singleton_shell_no_constraint,atp_2010,full_data
1199,0,1,1,1,1,0,1,False,,,,singleton_shell_no_constraint,atp_2010,full_data
1200,0,1,1,1,1,0,1,False,,,,singleton_shell_no_constraint,atp_2010,full_data
1201,0,1,1,1,1,0,1,False,,,,singleton_shell_no_constraint,atp_2010,full_data
1202,0,2,3,1,1,0,2,False,,,,singleton_shell_no_constraint,atp_2010,full_data
1202,1,1,3,1,1,0,1,False,,,,singleton_shell_no_constraint,atp_2010,full_data
1203,0,4,6,1,1,0,4,False,,,,singleton_shell_no_constraint,atp_2010,full_data
1203,1,2,6,1,1,0,2,False,,,,singleton_shell_no_constraint,atp_2010,full_data
1204,0,1,1,1,1,0,1,False,,,,singleton_shell_no_constraint,atp_2010,full_data
1205,0,1,1,1,1,0,1,False,,,,singleton_shell_no_constraint,atp_2010,full_data
1206,0,1,1,1,1,0,1,False,,,,singleton_shell_no_constraint,atp_2010,full_data
1207,0,1,1,1,1,0,1,False,,,,singleton_shell_no_constraint,atp_2010,full_data
1208,0,1,1,1,1,0,1,False,,,,singleton_shell_no_constraint,atp_2010,full_data
1209,0,1,2,1,1,0,1,False,,,,singleton_shell_no_constraint,atp_2010,full_data
1209,1,1,2,1,1,0,1,False,,,,singleton_shell_no_constraint,atp_2010,full_data
1210,0,1,1,1,1,0,1,False,,,,singleton_shell_no_constraint,atp_2010,full_data
1211,0,1,1,1,1,0,1,False,,,,singleton_shell_no_constraint,atp_2010,full_data
1212,0,2,2,1,1,0,2,False,,,,singleton_shell_no_constraint,atp_2010,full_data
1213,0,2,2,1,1,0,2,False,,,,singleton_shell_no_constraint,atp_2010,full_data
1214,0,3,3,1,1,0,3,False,,,,singleton_shell_no_constraint,atp_2010,full_data
1215,0,1,1,1,1,0,1,False,,,,singleton_shell_no_constraint,atp_2010,full_data
1216,0,1,1,1,1,0,1,False,,,,singleton_shell_no_constraint,atp_2010,full_data
1217,0,2,2,1,1,0,2,False,,,,singleton_shell_no_constraint,atp_2010,full_data
1218,0,2,3,1,1,0,2,False,,,,singleton_shell_no_constraint,atp_2010,full_data
1218,1,1,3,1,1,0,1,False,,,,singleton_shell_no_constraint,atp_2010,full_data
1219,0,1,1,1,1,0,1,False,,,,singleton_shell_no_constraint,atp_2010,full_data
1220,0,2,2,1,1,0,2,False,,,,singleton_shell_no_constraint,atp_2010,full_data
1221,0,1,2,1,1,0,1,False,,,,singleton_shell_no_constraint,atp_2010,full_data
1221,1,1,2,1,1,0,1,False,,,,singleton_shell_no_constraint,atp_2010,full_data
1222,0,1,1,1,1,0,1,False,,,,singleton_shell_no_constraint,atp_2010,full_data
1223,0,3,3,1,1,0,3,False,,,,singleton_shell_no_constraint,atp_2010,full_data
1224,0,1,1,1,1,0,1,False,,,,singleton_shell_no_constraint,atp_2010,full_data
1225,0,1,1,1,1,0,1,False,,,,singleton_shell_no_constraint,atp_2010,full_data
1226,0,2,2,1,1,0,2,False,,,,singleton_shell_no_constraint,atp_2010,full_data
1227,0,1,1,1,1,0,1,False,,,,singleton_shell_no_constraint,atp_2010,full_data
1228,0,1,1,1,1,0,1,False,,,,singleton_shell_no_constraint,atp_2010,full_data
1229,0,1,1,1,1,0,1,False,,,,singleton_shell_no_constraint,atp_2010,full_data
1230,0,1,1,1,1,0,1,False,,,,singleton_shell_no_constraint,atp_2010,full_data
1231,0,1,1,1,1,0,1,False,,,,singleton_shell_no_constraint,atp_2010,full_data
1232,0,2,2,1,1,0,2,False,,,,singleton_shell_no_constraint,atp_2010,full_data
1233,0,1,1,1,1,0,1,False,,,,singleton_shell_no_constraint,atp_2010,full_data
1234,0,1,1,1,1,0,1,False,,,,singleton_shell_no_constraint,atp_2010,full_data
1235,0,1,1,1,1,0,1,False,,,,singleton_shell_no_constraint,atp_2010,full_data
1236,0,1,1,1,1,0,1,False,,,,singleton_shell_no_constraint,atp_2010,full_data
1237,0,1,1,1,1,0,1,False,,,,singleton_shell_no_constraint,atp_2010,full_data
1238,1,1,1,1,1,0,1,False,,,,singleton_shell_no_constraint,atp_2010,full_data
1239,0,1,1,1,1,0,1,False,,,,singleton_shell_no_constraint,atp_2010,full_data
1240,0,1,1,1,1,0,1,False,,,,singleton_shell_no_constraint,atp_2010,full_data
1241,1,1,1,1,1,0,1,False,,,,singleton_shell_no_constraint,atp_2010,full_data
1242,1,1,1,1,1,0,1,False,,,,singleton_shell_no_constraint,atp_2010,full_data
1243,0,1,1,1,1,0,1,False,,,,singleton_shell_no_constraint,atp_2010,full_data
1244,0,1,1,1,1,0,1,False,,,,singleton_shell_no_constraint,atp_2010,full_data
1245,0,1,1,1,1,0,1,False,,,,singleton_shell_no_constraint,atp_2010,full_data
1246,0,1,1,1,1,0,1,False,,,,singleton_shell_no_constraint,atp_2010,full_data
1247,0,1,1,1,1,0,1,False,,,,singleton_shell_no_constraint,atp_2010,full_data
1248,0,1,1,1,1,0,1,False,,,,singleton_shell_no_constraint,atp_2010,full_data
1249,0,1,1,1,1,0,1,False,,,,singleton_shell_no_constraint,atp_2010,full_data
1250,0,1,2,1,1,0,1,False,,,,singleton_shell_no_constraint,atp_2010,full_data
1250,1,1,2,1,1,0,1,False,,,,singleton_shell_no_constraint,atp_2010,full_data
1251,0,1,2,1,1,0,1,False,,,,singleton_shell_no_constraint,atp_2010,full_data
1251,1,1,2,1,1,0,1,False,,,,singleton_shell_no_constraint,atp_2010,full_data
1252,0,1,1,1,1,0,1,False,,,,singleton_shell_no_constraint,atp_2010,full_data
1253,0,1,1,1,1,0,1,False,,,,singleton_shell_no_constraint,atp_2010,full_data
1254,0,1,1,1,1,0,1,False,,,,singleton_shell_no_constraint,atp_2010,full_data
1255,0,1,1,1,1,0,1,False,,,,singleton_shell_no_constraint,atp_2010,full_data
1256,1,1,1,1,1,0,1,False,,,,singleton_shell_no_constraint,atp_2010,full_data
1257,0,1,1,1,1,0,1,False,,,,singleton_shell_no_constraint,atp_2010,full_data
1258,1,1,1,1,1,0,1,False,,,,singleton_shell_no_constraint,atp_2010,full_data
1259,0,1,1,1,1,0,1,False,,,,singleton_shell_no_constraint,atp_2010,full_data
1260,1,1,1,1,1,0,1,False,,,,singleton_shell_no_constraint,atp_2010,full_data
1261,0,1,1,1,1,0,1,False,,,,singleton_shell_no_constraint,atp_2010,full_data
1262,0,1,1,1,1,0,1,False,,,,singleton_shell_no_constraint,atp_2010,full_data
1263,0,1,1,1,1,0,1,False,,,,singleton_shell_no_constraint,atp_2010,full_data
1264,0,2,2,1,1,0,2,False,,,,singleton_shell_no_constraint,atp_2010,full_data
1265,0,2,2,1,1,0,2,False,,,,singleton_shell_no_constraint,atp_2010,full_data
1266,0,3,3,1,1,0,3,False,,,,singleton_shell_no_constraint,atp_2010,full_data
1267,1,1,1,1,1,0,1,False,,,,singleton_shell_no_constraint,atp_2010,full_data
1268,0,2,2,1,1,0,2,False,,,,singleton_shell_no_constraint,atp_2010,full_data
1269,0,2,2,1,1,0,2,False,,,,singleton_shell_no_constraint,atp_2010,full_data
1270,0,1,1,1,1,0,1,False,,,,singleton_shell_no_constraint,atp_2010,full_data
1271,1,1,1,1,1,0,1,False,,,,singleton_shell_no_constraint,atp_2010,full_data
1272,0,1,1,1,1,0,1,False,,,,singleton_shell_no_constraint,atp_2010,full_data
1273,0,1,1,1,1,0,1,False,,,,singleton_shell_no_constraint,atp_2010,full_data
1274,1,1,1,1,1,0,1,False,,,,singleton_shell_no_constraint,atp_2010,full_data
1275,0,1,1,1,1,0,1,False,,,,singleton_shell_no_constraint,atp_2010,full_data
1276,0,1,1,1,1,0,1,False,,,,singleton_shell_no_constraint,atp_2010,full_data
1277,0,1,1,1,1,0,1,False,,,,singleton_shell_no_constraint,atp_2010,full_data
1278,0,1,1,1,1,0,1,False,,,,singleton_shell_no_constraint,atp_2010,full_data
1279,0,1,1,1,1,0,1,False,,,,singleton_shell_no_constraint,atp_2010,full_data
1280,1,1,1,1,1,0,1,False,,,,singleton_shell_no_constraint,atp_2010,full_data
1281,0,1,1,1,1,0,1,False,,,,singleton_shell_no_constraint,atp_2010,full_data
1282,0,1,1,1,1,0,1,False,,,,singleton_shell_no_constraint,atp_2010,full_data
1283,0,1,1,1,1,0,1,False,,,,singleton_shell_no_constraint,atp_2010,full_data
1284,0,1,1,1,1,0,1,False,,,,singleton_shell_no_constraint,atp_2010,full_data
1285,0,1,1,1,1,0,1,False,,,,singleton_shell_no_constraint,atp_2010,full_data
1286,0,1,1,1,1,0,1,False,,,,singleton_shell_no_constraint,atp_2010,full_data
1287,0,1,1,1,1,0,1,False,,,,singleton_shell_no_constraint,atp_2010,full_data
1288,0,1,1,1,1,0,1,False,,,,singleton_shell_no_constraint,atp_2010,full_data
1289,0,1,1,1,1,0,1,False,,,,singleton_shell_no_constraint,atp_2010,full_data
1290,0,1,1,1,1,0,1,False,,,,singleton_shell_no_constraint,atp_2010,full_data
1291,0,1,1,1,1,0,1,False,,,,singleton_shell_no_constraint,atp_2010,full_data
1292,0,1,1,1,1,0,1,False,,,,singleton_shell_no_constraint,atp_2010,full_data
1293,0,1,1,1,1,0,1,False,,,,singleton_shell_no_constraint,atp_2010,full_data
1294,0,1,1,1,1,0,1,False,,,,singleton_shell_no_constraint,atp_2010,full_data
1295,0,2,2,1,1,0,2,False,,,,singleton_shell_no_constraint,atp_2010,full_data
1296,0,1,1,1,1,0,1,False,,,,singleton_shell_no_constraint,atp_2010,full_data
1297,0,1,1,1,1,0,1,False,,,,singleton_shell_no_constraint,atp_2010,full_data
1298,0,1,1,1,1,0,1,False,,,,singleton_shell_no_constraint,atp_2010,full_data
1299,0,1,1,1,1,0,1,False,,,,singleton_shell_no_constraint,atp_2010,full_data
1300,0,1,1,1,1,0,1,False,,,,singleton_shell_no_constraint,atp_2010,full_data
1301,0,1,1,1,1,0,1,False,,,,singleton_shell_no_constraint,atp_2010,full_data
1302,0,1,1,1,1,0,1,False,,,,singleton_shell_no_constraint,atp_2010,full_data
1303,0,2,2,1,1,0,2,False,,,,singleton_shell_no_constraint,atp_2010,full_data
1304,0,2,2,1,1,0,2,False,,,,singleton_shell_no_constraint,atp_2010,full_data
1305,0,1,1,1,1,0,1,False,,,,singleton_shell_no_constraint,atp_2010,full_data
1306,0,1,1,1,1,0,1,False,,,,singleton_shell_no_constraint,atp_2010,full_data
1307,1,1,1,1,1,0,1,False,,,,singleton_shell_no_constraint,atp_2010,full_data
1308,1,1,1,1,1,0,1,False,,,,singleton_shell_no_constraint,atp_2010,full_data
1309,0,1,1,1,1,0,1,False,,,,singleton_shell_no_constraint,atp_2010,full_data
1310,0,1,1,1,1,0,1,False,,,,singleton_shell_no_constraint,atp_2010,full_data
1311,0,1,1,1,1,0,1,False,,,,singleton_shell_no_constraint,atp_2010,full_data
1312,0,1,2,1,1,0,1,False,,,,singleton_shell_no_constraint,atp_2010,full_data
1312,1,1,2,1,1,0,1,False,,,,singleton_shell_no_constraint,atp_2010,full_data
1313,1,1,1,1,1,0,1,False,,,,singleton_shell_no_constraint,atp_2010,full_data
1314,0,1,1,1,1,0,1,False,,,,singleton_shell_no_constraint,atp_2010,full_data
1315,0,1,1,1,1,0,1,False,,,,singleton_shell_no_constraint,atp_2010,full_data
1316,0,1,2,1,1,0,1,False,,,,singleton_shell_no_constraint,atp_2010,full_data
1316,1,1,2,1,1,0,1,False,,,,singleton_shell_no_constraint,atp_2010,full_data
1317,0,1,1,1,1,0,1,False,,,,singleton_shell_no_constraint,atp_2010,full_data
1318,0,1,1,1,1,0,1,False,,,,singleton_shell_no_constraint,atp_2010,full_data
1319,0,3,3,1,1,0,3,False,,,,singleton_shell_no_constraint,atp_2010,full_data
1320,0,3,3,1,1,0,3,False,,,,singleton_shell_no_constraint,atp_2010,full_data
1321,0,1,1,1,1,0,1,False,,,,singleton_shell_no_constraint,atp_2010,full_data
1322,0,1,1,1,1,0,1,False,,,,singleton_shell_no_constraint,atp_2010,full_data
1323,1,1,1,1,1,0,1,False,,,,singleton_shell_no_constraint,atp_2010,full_data
1324,0,1,1,1,1,0,1,False,,,,singleton_shell_no_constraint,atp_2010,full_data
1325,0,1,2,1,1,0,1,False,,,,singleton_shell_no_constraint,atp_2010,full_data
1325,1,1,2,1,1,0,1,False,,,,singleton_shell_no_constraint,atp_2010,full_data
1326,0,1,1,1,1,0,1,False,,,,singleton_shell_no_constraint,atp_2010,full_data
1327,0,1,1,1,1,0,1,False,,,,singleton_shell_no_constraint,atp_2010,full_data
1328,0,1,1,1,1,0,1,False,,,,singleton_shell_no_constraint,atp_2010,full_data
1329,0,1,1,1,1,0,1,False,,,,singleton_shell_no_constraint,atp_2010,full_data
1330,0,1,1,1,1,0,1,False,,,,singleton_shell_no_constraint,atp_2010,full_data
1331,0,1,1,1,1,0,1,False,,,,singleton_shell_no_constraint,atp_2010,full_data
1332,0,2,3,1,1,0,2,False,,,,singleton_shell_no_constraint,atp_2010,full_data
1332,1,1,3,1,1,0,1,False,,,,singleton_shell_no_constraint,atp_2010,full_data
1333,0,1,1,1,1,0,1,False,,,,singleton_shell_no_constraint,atp_2010,full_data
1334,0,1,1,1,1,0,1,False,,,,singleton_shell_no_constraint,atp_2010,full_data
1335,0,2,2,1,1,0,2,False,,,,singleton_shell_no_constraint,atp_2010,full_data
1336,1,1,1,1,1,0,1,False,,,,singleton_shell_no_constraint,atp_2010,full_data
1337,0,2,3,1,1,0,2,False,,,,singleton_shell_no_constraint,atp_2010,full_data
1337,1,1,3,1,1,0,1,False,,,,singleton_shell_no_constraint,atp_2010,full_data
1338,1,1,1,1,1,0,1,False,,,,singleton_shell_no_constraint,atp_2010,full_data
1339,1,1,1,1,1,0,1,False,,,,singleton_shell_no_constraint,atp_2010,full_data
1340,1,1,1,1,1,0,1,False,,,,singleton_shell_no_constraint,atp_2010,full_data
1341,0,1,1,1,1,0,1,False,,,,singleton_shell_no_constraint,atp_2010,full_data
1342,0,3,4,1,1,0,3,False,,,,singleton_shell_no_constraint,atp_2010,full_data
1342,1,1,4,1,1,0,1,False,,,,singleton_shell_no_constraint,atp_2010,full_data
1343,0,2,2,1,1,0,2,False,,,,singleton_shell_no_constraint,atp_2010,full_data
1344,0,1,2,1,1,0,1,False,,,,singleton_shell_no_constraint,atp_2010,full_data
1344,1,1,2,1,1,0,1,False,,,,singleton_shell_no_constraint,atp_2010,full_data
1345,0,1,1,1,1,0,1,False,,,,singleton_shell_no_constraint,atp_2010,full_data
1346,0,1,1,1,1,0,1,False,,,,singleton_shell_no_constraint,atp_2010,full_data
1347,0,1,1,1,1,0,1,False,,,,singleton_shell_no_constraint,atp_2010,full_data
1348,0,1,1,1,1,0,1,False,,,,singleton_shell_no_constraint,atp_2010,full_data
1349,0,1,1,1,1,0,1,False,,,,singleton_shell_no_constraint,atp_2010,full_data
1350,0,1,1,1,1,0,1,False,,,,singleton_shell_no_constraint,atp_2010,full_data
1351,0,1,2,1,1,0,1,False,,,,singleton_shell_no_constraint,atp_2010,full_data
1351,1,1,2,1,1,0,1,False,,,,singleton_shell_no_constraint,atp_2010,full_data
1352,0,1,1,1,1,0,1,False,,,,singleton_shell_no_constraint,atp_2010,full_data
1353,0,1,1,1,1,0,1,False,,,,singleton_shell_no_constraint,atp_2010,full_data
1354,0,2,3,1,1,0,2,False,,,,singleton_shell_no_constraint,atp_2010,full_data
1354,1,1,3,1,1,0,1,False,,,,singleton_shell_no_constraint,atp_2010,full_data
1355,0,1,1,1,1,0,1,False,,,,singleton_shell_no_constraint,atp_2010,full_data
1356,0,1,1,1,1,0,1,False,,,,singleton_shell_no_constraint,atp_2010,full_data
1357,0,1,1,1,1,0,1,False,,,,singleton_shell_no_constraint,atp_2010,full_data
1358,0,3,3,1,1,0,3,False,,,,singleton_shell_no_constraint,atp_2010,full_data
1359,1,1,1,1,1,0,1,False,,,,singleton_shell_no_constraint,atp_2010,full_data
1360,0,1,1,1,1,0,1,False,,,,singleton_shell_no_constraint,atp_2010,full_data
1361,0,1,1,1,1,0,1,False,,,,singleton_shell_no_constraint,atp_2010,full_data
1362,0,1,1,1,1,0,1,False,,,,singleton_shell_no_constraint,atp_2010,full_data
1363,0,1,2,1,1,0,1,False,,,,singleton_shell_no_constraint,atp_2010,full_data
1363,1,1,2,1,1,0,1,False,,,,singleton_shell_no_constraint,atp_2010,full_data
1364,0,1,1,1,1,0,1,False,,,,singleton_shell_no_constraint,atp_2010,full_data
1365,0,1,1,1,1,0,1,False,,,,singleton_shell_no_constraint,atp_2010,full_data
1366,0,1,1,1,1,0,1,False,,,,singleton_shell_no_constraint,atp_2010,full_data
1367,0,1,1,1,1,0,1,False,,,,singleton_shell_no_constraint,atp_2010,full_data
1368,0,1,1,1,1,0,1,False,,,,singleton_shell_no_constraint,atp_2010,full_data
1369,0,1,1,1,1,0,1,False,,,,singleton_shell_no_constraint,atp_2010,full_data
1370,0,1,1,1,1,0,1,False,,,,singleton_shell_no_constraint,atp_2010,full_data
1371,0,1,2,1,1,0,1,False,,,,singleton_shell_no_constraint,atp_2010,full_data
1371,1,1,2,1,1,0,1,False,,,,singleton_shell_no_constraint,atp_2010,full_data
1372,0,1,1,1,1,0,1,False,,,,singleton_shell_no_constraint,atp_2010,full_data
1373,0,1,1,1,1,0,1,False,,,,singleton_shell_no_constraint,atp_2010,full_data
1374,0,1,1,1,1,0,1,False,,,,singleton_shell_no_constraint,atp_2010,full_data
1375,0,1,1,1,1,0,1,False,,,,singleton_shell_no_constraint,atp_2010,full_data
1376,0,1,1,1,1,0,1,False,,,,singleton_shell_no_constraint,atp_2010,full_data
1377,0,1,1,1,1,0,1,False,,,,singleton_shell_no_constraint,atp_2010,full_data
1378,0,1,1,1,1,0,1,False,,,,singleton_shell_no_constraint,atp_2010,full_data
1379,0,1,1,1,1,0,1,False,,,,singleton_shell_no_constraint,atp_2010,full_data
1380,0,1,1,1,1,0,1,False,,,,singleton_shell_no_constraint,atp_2010,full_data
1381,0,1,1,1,1,0,1,False,,,,singleton_shell_no_constraint,atp_2010,full_data
1382,0,1,1,1,1,0,1,False,,,,singleton_shell_no_constraint,atp_2010,full_data
1383,0,1,1,1,1,0,1,False,,,,singleton_shell_no_constraint,atp_2010,full_data
1384,0,1,1,1,1,0,1,False,,,,singleton_shell_no_constraint,atp_2010,full_data
1385,1,1,1,1,1,0,1,False,,,,singleton_shell_no_constraint,atp_2010,full_data
1386,0,1,1,1,1,0,1,False,,,,singleton_shell_no_constraint,atp_2010,full_data
1387,1,1,1,1,1,0,1,False,,,,singleton_shell_no_constraint,atp_2010,full_data
1388,0,1,1,1,1,0,1,False,,,,singleton_shell_no_constraint,atp_2010,full_data
1389,0,1,1,1,1,0,1,False,,,,singleton_shell_no_constraint,atp_2010,full_data
1390,0,1,1,1,1,0,1,False,,,,singleton_shell_no_constraint,atp_2010,full_data
1391,0,1,1,1,1,0,1,False,,,,singleton_shell_no_constraint,atp_2010,full_data
1392,0,1,1,1,1,0,1,False,,,,singleton_shell_no_constraint,atp_2010,full_data
1393,0,1,1,1,1,0,1,False,,,,singleton_shell_no_constraint,atp_2010,full_data
1394,0,1,1,1,1,0,1,False,,,,singleton_shell_no_constraint,atp_2010,full_data
1395,0,1,1,1,1,0,1,False,,,,singleton_shell_no_constraint,atp_2010,full_data
1396,0,1,1,1,1,0,1,False,,,,singleton_shell_no_constraint,atp_2010,full_data
1397,0,1,1,1,1,0,1,False,,,,singleton_shell_no_constraint,atp_2010,full_data
1398,0,1,1,1,1,0,1,False,,,,singleton_shell_no_constraint,atp_2010,full_data
1399,0,1,1,1,1,0,1,False,,,,singleton_shell_no_constraint,atp_2010,full_data
1400,0,1,1,1,1,0,1,False,,,,singleton_shell_no_constraint,atp_2010,full_data
1401,0,2,2,1,1,0,2,False,,,,singleton_shell_no_constraint,atp_2010,full_data
1402,0,1,1,1,1,0,1,False,,,,singleton_shell_no_constraint,atp_2010,full_data
1403,0,1,1,1,1,0,1,False,,,,singleton_shell_no_constraint,atp_2010,full_data
1404,0,1,1,1,1,0,1,False,,,,singleton_shell_no_constraint,atp_2010,full_data
1405,0,1,1,1,1,0,1,False,,,,singleton_shell_no_constraint,atp_2010,full_data
1406,0,1,1,1,1,0,1,False,,,,singleton_shell_no_constraint,atp_2010,full_data
1407,0,1,1,1,1,0,1,False,,,,singleton_shell_no_constraint,atp_2010,full_data
1408,0,1,1,1,1,0,1,False,,,,singleton_shell_no_constraint,atp_2010,full_data
1409,0,1,1,1,1,0,1,False,,,,singleton_shell_no_constraint,atp_2010,full_data
1410,0,1,1,1,1,0,1,False,,,,singleton_shell_no_constraint,atp_2010,full_data
1411,1,1,1,1,1,0,1,False,,,,singleton_shell_no_constraint,atp_2010,full_data
1412,0,1,1,1,1,0,1,False,,,,singleton_shell_no_constraint,atp_2010,full_data
1413,0,1,1,1,1,0,1,False,,,,singleton_shell_no_constraint,atp_2010,full_data
1414,0,1,1,1,1,0,1,False,,,,singleton_shell_no_constraint,atp_2010,full_data
1415,0,1,1,1,1,0,1,False,,,,singleton_shell_no_constraint,atp_2010,full_data
1416,0,1,1,1,1,0,1,False,,,,singleton_shell_no_constraint,atp_2010,full_data
1417,0,1,1,1,1,0,1,False,,,,singleton_shell_no_constraint,atp_2010,full_data
1418,1,1,1,1,1,0,1,False,,,,singleton_shell_no_constraint,atp_2010,full_data
1419,0,2,2,1,1,0,2,False,,,,singleton_shell_no_constraint,atp_2010,full_data
1420,0,1,1,1,1,0,1,False,,,,singleton_shell_no_constraint,atp_2010,full_data
1421,0,1,1,1,1,0,1,False,,,,singleton_shell_no_constraint,atp_2010,full_data
1422,1,1,1,1,1,0,1,False,,,,singleton_shell_no_constraint,atp_2010,full_data
1423,0,1,1,1,1,0,1,False,,,,singleton_shell_no_constraint,atp_2010,full_data
1424,0,1,1,1,1,0,1,False,,,,singleton_shell_no_constraint,atp_2010,full_data
1425,0,2,2,1,1,0,2,False,,,,singleton_shell_no_constraint,atp_2010,full_data
1426,0,1,1,1,1,0,1,False,,,,singleton_shell_no_constraint,atp_2010,full_data
1427,1,1,1,1,1,0,1,False,,,,singleton_shell_no_constraint,atp_2010,full_data
1428,0,1,1,1,1,0,1,False,,,,singleton_shell_no_constraint,atp_2010,full_data
1429,0,1,2,1,1,0,1,False,,,,singleton_shell_no_constraint,atp_2010,full_data
1429,1,1,2,1,1,0,1,False,,,,singleton_shell_no_constraint,atp_2010,full_data
1430,1,1,1,1,1,0,1,False,,,,singleton_shell_no_constraint,atp_2010,full_data
1431,0,1,1,1,1,0,1,False,,,,singleton_shell_no_constraint,atp_2010,full_data
1432,1,1,1,1,1,0,1,False,,,,singleton_shell_no_constraint,atp_2010,full_data
1433,1,1,1,1,1,0,1,False,,,,singleton_shell_no_constraint,atp_2010,full_data
1434,0,1,1,1,1,0,1,False,,,,singleton_shell_no_constraint,atp_2010,full_data
1435,0,1,1,1,1,0,1,False,,,,singleton_shell_no_constraint,atp_2010,full_data
1436,0,1,1,1,1,0,1,False,,,,singleton_shell_no_constraint,atp_2010,full_data
1437,1,1,1,1,1,0,1,False,,,,singleton_shell_no_constraint,atp_2010,full_data
1438,1,1,1,1,1,0,1,False,,,,singleton_shell_no_constraint,atp_2010,full_data
1439,0,1,1,1,1,0,1,False,,,,singleton_shell_no_constraint,atp_2010,full_data
1440,0,1,1,1,1,0,1,False,,,,singleton_shell_no_constraint,atp_2010,full_data
1441,0,1,1,1,1,0,1,False,,,,singleton_shell_no_constraint,atp_2010,full_data
1442,0,1,1,1,1,0,1,False,,,,singleton_shell_no_constraint,atp_2010,full_data
1443,0,1,1,1,1,0,1,False,,,,singleton_shell_no_constraint,atp_2010,full_data
1444,0,1,1,1,1,0,1,False,,,,singleton_shell_no_constraint,atp_2010,full_data
1445,1,1,1,1,1,0,1,False,,,,singleton_shell_no_constraint,atp_2010,full_data
1446,0,1,1,1,1,0,1,False,,,,singleton_shell_no_constraint,atp_2010,full_data
1447,1,1,1,1,1,0,1,False,,,,singleton_shell_no_constraint,atp_2010,full_data
1448,0,1,1,1,1,0,1,False,,,,singleton_shell_no_constraint,atp_2010,full_data
1449,0,1,1,1,1,0,1,False,,,,singleton_shell_no_constraint,atp_2010,full_data
1450,0,1,1,1,1,0,1,False,,,,singleton_shell_no_constraint,atp_2010,full_data
1451,0,1,1,1,1,0,1,False,,,,singleton_shell_no_constraint,atp_2010,full_data
1452,0,1,1,1,1,0,1,False,,,,singleton_shell_no_constraint,atp_2010,full_data
1453,1,1,1,1,1,0,1,False,,,,singleton_shell_no_constraint,atp_2010,full_data
1454,0,1,1,1,1,0,1,False,,,,singleton_shell_no_constraint,atp_2010,full_data
1455,0,1,1,1,1,0,1,False,,,,singleton_shell_no_constraint,atp_2010,full_data
1456,0,3,3,1,1,0,3,False,,,,singleton_shell_no_constraint,atp_2010,full_data
1457,0,1,1,1,1,0,1,False,,,,singleton_shell_no_constraint,atp_2010,full_data
1458,0,1,1,1,1,0,1,False,,,,singleton_shell_no_constraint,atp_2010,full_data
1459,0,1,1,1,1,0,1,False,,,,singleton_shell_no_constraint,atp_2010,full_data
1460,0,1,1,1,1,0,1,False,,,,singleton_shell_no_constraint,atp_2010,full_data
1461,0,1,1,1,1,0,1,False,,,,singleton_shell_no_constraint,atp_2010,full_data
1462,0,1,1,1,1,0,1,False,,,,singleton_shell_no_constraint,atp_2010,full_data
1463,0,1,1,1,1,0,1,False,,,,singleton_shell_no_constraint,atp_2010,full_data
1464,0,1,1,1,1,0,1,False,,,,singleton_shell_no_constraint,atp_2010,full_data
1465,0,1,1,1,1,0,1,False,,,,singleton_shell_no_constraint,atp_2010,full_data
1466,0,1,1,1,1,0,1,False,,,,singleton_shell_no_constraint,atp_2010,full_data
1467,0,1,1,1,1,0,1,False,,,,singleton_shell_no_constraint,atp_2010,full_data
1468,0,1,1,1,1,0,1,False,,,,singleton_shell_no_constraint,atp_2010,full_data
1469,0,1,1,1,1,0,1,False,,,,singleton_shell_no_constraint,atp_2010,full_data
1470,0,1,1,1,1,0,1,False,,,,singleton_shell_no_constraint,atp_2010,full_data
1471,0,1,1,1,1,0,1,False,,,,singleton_shell_no_constraint,atp_2010,full_data
1472,0,2,2,1,1,0,2,False,,,,singleton_shell_no_constraint,atp_2010,full_data
1473,0,1,1,1,1,0,1,False,,,,singleton_shell_no_constraint,atp_2010,full_data
1474,1,1,1,1,1,0,1,False,,,,singleton_shell_no_constraint,atp_2010,full_data
1475,0,1,1,1,1,0,1,False,,,,singleton_shell_no_constraint,atp_2010,full_data
1476,0,1,1,1,1,0,1,False,,,,singleton_shell_no_constraint,atp_2010,full_data
1477,0,1,1,1,1,0,1,False,,,,singleton_shell_no_constraint,atp_2010,full_data
1478,0,1,1,1,1,0,1,False,,,,singleton_shell_no_constraint,atp_2010,full_data
1479,0,1,1,1,1,0,1,False,,,,singleton_shell_no_constraint,atp_2010,full_data
1480,0,1,1,1,1,0,1,False,,,,singleton_shell_no_constraint,atp_2010,full_data
1481,0,1,1,1,1,0,1,False,,,,singleton_shell_no_constraint,atp_2010,full_data
1482,0,1,1,1,1,0,1,False,,,,singleton_shell_no_constraint,atp_2010,full_data
1483,0,1,1,1,1,0,1,False,,,,singleton_shell_no_constraint,atp_2010,full_data
1484,0,1,1,1,1,0,1,False,,,,singleton_shell_no_constraint,atp_2010,full_data
1485,0,1,1,1,1,0,1,False,,,,singleton_shell_no_constraint,atp_2010,full_data
1486,0,1,1,1,1,0,1,False,,,,singleton_shell_no_constraint,atp_2010,full_data
1487,0,1,1,1,1,0,1,False,,,,singleton_shell_no_constraint,atp_2010,full_data
1488,0,1,1,1,1,0,1,False,,,,singleton_shell_no_constraint,atp_2010,full_data
1489,1,1,1,1,1,0,1,False,,,,singleton_shell_no_constraint,atp_2010,full_data
1490,0,1,1,1,1,0,1,False,,,,singleton_shell_no_constraint,atp_2010,full_data
1491,1,1,1,1,1,0,1,False,,,,singleton_shell_no_constraint,atp_2010,full_data
1492,0,1,1,1,1,0,1,False,,,,singleton_shell_no_constraint,atp_2010,full_data
1493,0,1,2,1,1,0,1,False,,,,singleton_shell_no_constraint,atp_2010,full_data
1493,1,1,2,1,1,0,1,False,,,,singleton_shell_no_constraint,atp_2010,full_data
1494,0,1,1,1,1,0,1,False,,,,singleton_shell_no_constraint,atp_2010,full_data
1495,0,1,1,1,1,0,1,False,,,,singleton_shell_no_constraint,atp_2010,full_data
1496,0,1,1,1,1,0,1,False,,,,singleton_shell_no_constraint,atp_2010,full_data
1497,0,1,1,1,1,0,1,False,,,,singleton_shell_no_constraint,atp_2010,full_data
1498,0,1,1,1,1,0,1,False,,,,singleton_shell_no_constraint,atp_2010,full_data
1499,0,1,1,1,1,0,1,False,,,,singleton_shell_no_constraint,atp_2010,full_data
1500,0,1,1,1,1,0,1,False,,,,singleton_shell_no_constraint,atp_2010,full_data
1501,0,1,1,1,1,0,1,False,,,,singleton_shell_no_constraint,atp_2010,full_data
1502,0,1,1,1,1,0,1,False,,,,singleton_shell_no_constraint,atp_2010,full_data
1503,0,1,1,1,1,0,1,False,,,,singleton_shell_no_constraint,atp_2010,full_data
1504,0,1,1,1,1,0,1,False,,,,singleton_shell_no_constraint,atp_2010,full_data
1505,0,1,1,1,1,0,1,False,,,,singleton_shell_no_constraint,atp_2010,full_data
1506,0,1,1,1,1,0,1,False,,,,singleton_shell_no_constraint,atp_2010,full_data
1507,1,1,1,1,1,0,1,False,,,,singleton_shell_no_constraint,atp_2010,full_data
1508,1,1,1,1,1,0,1,False,,,,singleton_shell_no_constraint,atp_2010,full_data
1509,0,1,1,1,1,0,1,False,,,,singleton_shell_no_constraint,atp_2010,full_data
1510,1,1,1,1,1,0,1,False,,,,singleton_shell_no_constraint,atp_2010,full_data
1511,0,1,1,1,1,0,1,False,,,,singleton_shell_no_constraint,atp_2010,full_data
1512,0,1,1,1,1,0,1,False,,,,singleton_shell_no_constraint,atp_2010,full_data
1513,0,1,1,1,1,0,1,False,,,,singleton_shell_no_constraint,atp_2010,full_data
1514,1,1,1,1,1,0,1,False,,,,singleton_shell_no_constraint,atp_2010,full_data
1515,1,1,1,1,1,0,1,False,,,,singleton_shell_no_constraint,atp_2010,full_data
1516,1,1,1,1,1,0,1,False,,,,singleton_shell_no_constraint,atp_2010,full_data
1517,1,1,1,1,1,0,1,False,,,,singleton_shell_no_constraint,atp_2010,full_data
1518,1,1,1,1,1,0,1,False,,,,singleton_shell_no_constraint,atp_2010,full_data
1519,1,1,1,1,1,0,1,False,,,,singleton_shell_no_constraint,atp_2010,full_data
1520,0,1,1,1,1,0,1,False,,,,singleton_shell_no_constraint,atp_2010,full_data
1521,0,1,1,1,1,0,1,False,,,,singleton_shell_no_constraint,atp_2010,full_data
1522,0,2,2,1,1,0,2,False,,,,singleton_shell_no_constraint,atp_2010,full_data
1523,0,1,2,1,1,0,1,False,,,,singleton_shell_no_constraint,atp_2010,full_data
1523,1,1,2,1,1,0,1,False,,,,singleton_shell_no_constraint,atp_2010,full_data
1524,0,1,1,1,1,0,1,False,,,,singleton_shell_no_constraint,atp_2010,full_data
1525,0,1,1,1,1,0,1,False,,,,singleton_shell_no_constraint,atp_2010,full_data
1526,0,2,2,1,1,0,2,False,,,,singleton_shell_no_constraint,atp_2010,full_data
1527,0,2,2,1,1,0,2,False,,,,singleton_shell_no_constraint,atp_2010,full_data
1528,0,1,1,1,1,0,1,False,,,,singleton_shell_no_constraint,atp_2010,full_data
1529,0,1,1,1,1,0,1,False,,,,singleton_shell_no_constraint,atp_2010,full_data
1530,0,1,1,1,1,0,1,False,,,,singleton_shell_no_constraint,atp_2010,full_data
1531,0,3,3,1,1,0,3,False,,,,singleton_shell_no_constraint,atp_2010,full_data
1532,0,1,1,1,1,0,1,False,,,,singleton_shell_no_constraint,atp_2010,full_data
1533,0,1,1,1,1,0,1,False,,,,singleton_shell_no_constraint,atp_2010,full_data
1534,0,1,1,1,1,0,1,False,,,,singleton_shell_no_constraint,atp_2010,full_data
1535,0,1,1,1,1,0,1,False,,,,singleton_shell_no_constraint,atp_2010,full_data
1536,0,2,2,1,1,0,2,False,,,,singleton_shell_no_constraint,atp_2010,full_data
1537,0,3,3,1,1,0,3,False,,,,singleton_shell_no_constraint,atp_2010,full_data
1538,0,1,1,1,1,0,1,False,,,,singleton_shell_no_constraint,atp_2010,full_data
1539,1,1,1,1,1,0,1,False,,,,singleton_shell_no_constraint,atp_2010,full_data
1540,0,1,1,1,1,0,1,False,,,,singleton_shell_no_constraint,atp_2010,full_data
1541,1,1,1,1,1,0,1,False,,,,singleton_shell_no_constraint,atp_2010,full_data
1542,0,1,1,1,1,0,1,False,,,,singleton_shell_no_constraint,atp_2010,full_data
1543,0,1,1,1,1,0,1,False,,,,singleton_shell_no_constraint,atp_2010,full_data
1544,1,1,1,1,1,0,1,False,,,,singleton_shell_no_constraint,atp_2010,full_data
1545,0,2,4,1,1,0,2,False,,,,singleton_shell_no_constraint,atp_2010,full_data
1545,1,2,4,1,1,0,2,False,,,,singleton_shell_no_constraint,atp_2010,full_data
1546,1,1,1,1,1,0,1,False,,,,singleton_shell_no_constraint,atp_2010,full_data
1547,1,1,1,1,1,0,1,False,,,,singleton_shell_no_constraint,atp_2010,full_data
1548,0,1,1,1,1,0,1,False,,,,singleton_shell_no_constraint,atp_2010,full_data
1549,0,1,2,1,1,0,1,False,,,,singleton_shell_no_constraint,atp_2010,full_data
1549,1,1,2,1,1,0,1,False,,,,singleton_shell_no_constraint,atp_2010,full_data
1550,0,1,1,1,1,0,1,False,,,,singleton_shell_no_constraint,atp_2010,full_data
1551,0,1,1,1,1,0,1,False,,,,singleton_shell_no_constraint,atp_2010,full_data
1552,1,1,1,1,1,0,1,False,,,,singleton_shell_no_constraint,atp_2010,full_data
1553,0,1,1,1,1,0,1,False,,,,singleton_shell_no_constraint,atp_2010,full_data
1554,1,1,1,1,1,0,1,False,,,,singleton_shell_no_constraint,atp_2010,full_data
1555,1,1,1,1,1,0,1,False,,,,singleton_shell_no_constraint,atp_2010,full_data
1556,0,1,1,1,1,0,1,False,,,,singleton_shell_no_constraint,atp_2010,full_data
1557,1,1,1,1,1,0,1,False,,,,singleton_shell_no_constraint,atp_2010,full_data
1558,0,1,1,1,1,0,1,False,,,,singleton_shell_no_constraint,atp_2010,full_data
1559,1,1,1,1,1,0,1,False,,,,singleton_shell_no_constraint,atp_2010,full_data
1560,0,1,1,1,1,0,1,False,,,,singleton_shell_no_constraint,atp_2010,full_data
1561,1,1,1,1,1,0,1,False,,,,singleton_shell_no_constraint,atp_2010,full_data
1562,0,1,1,1,1,0,1,False,,,,singleton_shell_no_constraint,atp_2010,full_data
1563,1,1,1,1,1,0,1,False,,,,singleton_shell_no_constraint,atp_2010,full_data
1564,1,1,1,1,1,0,1,False,,,,singleton_shell_no_constraint,atp_2010,full_data
1565,0,1,3,1,1,0,1,False,,,,singleton_shell_no_constraint,atp_2010,full_data
1565,1,2,3,1,1,0,2,False,,,,singleton_shell_no_constraint,atp_2010,full_data
1566,0,1,1,1,1,0,1,False,,,,singleton_shell_no_constraint,atp_2010,full_data
1567,0,1,1,1,1,0,1,False,,,,singleton_shell_no_constraint,atp_2010,full_data
1568,0,1,1,1,1,0,1,False,,,,singleton_shell_no_constraint,atp_2010,full_data
1569,0,2,2,1,1,0,2,False,,,,singleton_shell_no_constraint,atp_2010,full_data
1570,0,1,2,1,1,0,1,False,,,,singleton_shell_no_constraint,atp_2010,full_data
1570,1,1,2,1,1,0,1,False,,,,singleton_shell_no_constraint,atp_2010,full_data
1571,0,1,1,1,1,0,1,False,,,,singleton_shell_no_constraint,atp_2010,full_data
1572,0,1,1,1,1,0,1,False,,,,singleton_shell_no_constraint,atp_2010,full_data
1573,1,2,2,1,1,0,2,False,,,,singleton_shell_no_constraint,atp_2010,full_data
1574,0,1,1,1,1,0,1,False,,,,singleton_shell_no_constraint,atp_2010,full_data
1575,0,2,2,1,1,0,2,False,,,,singleton_shell_no_constraint,atp_2010,full_data
1576,0,2,3,1,1,0,2,False,,,,singleton_shell_no_constraint,atp_2010,full_data
1576,1,1,3,1,1,0,1,False,,,,singleton_shell_no_constraint,atp_2010,full_data
1577,0,1,1,1,1,0,1,False,,,,singleton_shell_no_constraint,atp_2010,full_data
1578,0,1,1,1,1,0,1,False,,,,singleton_shell_no_constraint,atp_2010,full_data
1579,0,1,1,1,1,0,1,False,,,,singleton_shell_no_constraint,atp_2010,full_data
1580,0,1,1,1,1,0,1,False,,,,singleton_shell_no_constraint,atp_2010,full_data
1581,0,1,1,1,1,0,1,False,,,,singleton_shell_no_constraint,atp_2010,full_data
1582,1,1,1,1,1,0,1,False,,,,singleton_shell_no_constraint,atp_2010,full_data
1583,0,1,1,1,1,0,1,False,,,,singleton_shell_no_constraint,atp_2010,full_data
1584,0,1,1,1,1,0,1,False,,,,singleton_shell_no_constraint,atp_2010,full_data
1585,0,1,1,1,1,0,1,False,,,,singleton_shell_no_constraint,atp_2010,full_data
1586,0,1,1,1,1,0,1,False,,,,singleton_shell_no_constraint,atp_2010,full_data
1587,0,1,1,1,1,0,1,False,,,,singleton_shell_no_constraint,atp_2010,full_data
1588,0,1,1,1,1,0,1,False,,,,singleton_shell_no_constraint,atp_2010,full_data
1589,0,1,1,1,1,0,1,False,,,,singleton_shell_no_constraint,atp_2010,full_data
1590,0,1,1,1,1,0,1,False,,,,singleton_shell_no_constraint,atp_2010,full_data
1591,0,1,1,1,1,0,1,False,,,,singleton_shell_no_constraint,atp_2010,full_data
1592,0,1,1,1,1,0,1,False,,,,singleton_shell_no_constraint,atp_2010,full_data
1593,0,1,1,1,1,0,1,False,,,,singleton_shell_no_constraint,atp_2010,full_data
1594,0,1,1,1,1,0,1,False,,,,singleton_shell_no_constraint,atp_2010,full_data
1595,0,1,1,1,1,0,1,False,,,,singleton_shell_no_constraint,atp_2010,full_data
1596,0,1,1,1,1,0,1,False,,,,singleton_shell_no_constraint,atp_2010,full_data
1597,0,1,1,1,1,0,1,False,,,,singleton_shell_no_constraint,atp_2010,full_data
1598,0,1,1,1,1,0,1,False,,,,singleton_shell_no_constraint,atp_2010,full_data
1599,0,1,1,1,1,0,1,False,,,,singleton_shell_no_constraint,atp_2010,full_data
1600,0,1,1,1,1,0,1,False,,,,singleton_shell_no_constraint,atp_2010,full_data
1601,0,2,2,1,1,0,2,False,,,,singleton_shell_no_constraint,atp_2010,full_data
1602,0,1,1,1,1,0,1,False,,,,singleton_shell_no_constraint,atp_2010,full_data
1603,1,1,1,1,1,0,1,False,,,,singleton_shell_no_constraint,atp_2010,full_data
1604,1,1,1,1,1,0,1,False,,,,singleton_shell_no_constraint,atp_2010,full_data
1605,0,1,1,1,1,0,1,False,,,,singleton_shell_no_constraint,atp_2010,full_data
1606,0,1,2,1,1,0,1,False,,,,singleton_shell_no_constraint,atp_2010,full_data
1606,1,1,2,1,1,0,1,False,,,,singleton_shell_no_constraint,atp_2010,full_data
1607,0,1,1,1,1,0,1,False,,,,singleton_shell_no_constraint,atp_2010,full_data
1608,0,2,2,1,1,0,2,False,,,,singleton_shell_no_constraint,atp_2010,full_data
1609,0,1,1,1,1,0,1,False,,,,singleton_shell_no_constraint,atp_2010,full_data
1610,0,2,2,1,1,0,2,False,,,,singleton_shell_no_constraint,atp_2010,full_data
1611,0,1,1,1,1,0,1,False,,,,singleton_shell_no_constraint,atp_2010,full_data
1612,0,2,2,1,1,0,2,False,,,,singleton_shell_no_constraint,atp_2010,full_data
1613,1,1,1,1,1,0,1,False,,,,singleton_shell_no_constraint,atp_2010,full_data
1614,1,1,1,1,1,0,1,False,,,,singleton_shell_no_constraint,atp_2010,full_data
1615,0,1,1,1,1,0,1,False,,,,singleton_shell_no_constraint,atp_2010,full_data
1616,1,1,1,1,1,0,1,False,,,,singleton_shell_no_constraint,atp_2010,full_data
1617,0,1,1,1,1,0,1,False,,,,singleton_shell_no_constraint,atp_2010,full_data
1618,1,1,1,1,1,0,1,False,,,,singleton_shell_no_constraint,atp_2010,full_data
1619,0,1,1,1,1,0,1,False,,,,singleton_shell_no_constraint,atp_2010,full_data
1620,1,1,1,1,1,0,1,False,,,,singleton_shell_no_constraint,atp_2010,full_data
1621,0,1,1,1,1,0,1,False,,,,singleton_shell_no_constraint,atp_2010,full_data
1622,1,1,1,1,1,0,1,False,,,,singleton_shell_no_constraint,atp_2010,full_data
1623,0,1,1,1,1,0,1,False,,,,singleton_shell_no_constraint,atp_2010,full_data
1624,0,1,1,1,1,0,1,False,,,,singleton_shell_no_constraint,atp_2010,full_data
1625,0,1,1,1,1,0,1,False,,,,singleton_shell_no_constraint,atp_2010,full_data
1626,0,1,1,1,1,0,1,False,,,,singleton_shell_no_constraint,atp_2010,full_data
1627,0,1,1,1,1,0,1,False,,,,singleton_shell_no_constraint,atp_2010,full_data
1628,1,1,1,1,1,0,1,False,,,,singleton_shell_no_constraint,atp_2010,full_data
1629,0,1,1,1,1,0,1,False,,,,singleton_shell_no_constraint,atp_2010,full_data
1630,0,1,1,1,1,0,1,False,,,,singleton_shell_no_constraint,atp_2010,full_data
1631,0,2,2,1,1,0,2,False,,,,singleton_shell_no_constraint,atp_2010,full_data
1632,1,1,1,1,1,0,1,False,,,,singleton_shell_no_constraint,atp_2010,full_data
1633,0,1,1,1,1,0,1,False,,,,singleton_shell_no_constraint,atp_2010,full_data
1634,0,1,1,1,1,0,1,False,,,,singleton_shell_no_constraint,atp_2010,full_data
1635,1,1,1,1,1,0,1,False,,,,singleton_shell_no_constraint,atp_2010,full_data
1636,1,1,1,1,1,0,1,False,,,,singleton_shell_no_constraint,atp_2010,full_data
1637,1,1,1,1,1,0,1,False,,,,singleton_shell_no_constraint,atp_2010,full_data
1638,0,1,1,1,1,0,1,False,,,,singleton_shell_no_constraint,atp_2010,full_data
1639,0,1,1,1,1,0,1,False,,,,singleton_shell_no_constraint,atp_2010,full_data
1640,0,1,1,1,1,0,1,False,,,,singleton_shell_no_constraint,atp_2010,full_data
1641,0,1,1,1,1,0,1,False,,,,singleton_shell_no_constraint,atp_2010,full_data
1642,0,1,1,1,1,0,1,False,,,,singleton_shell_no_constraint,atp_2010,full_data
1643,0,1,1,1,1,0,1,False,,,,singleton_shell_no_constraint,atp_2010,full_data
1644,0,1,1,1,1,0,1,False,,,,singleton_shell_no_constraint,atp_2010,full_data
1645,0,3,3,1,1,0,3,False,,,,singleton_shell_no_constraint,atp_2010,full_data
1646,0,1,1,1,1,0,1,False,,,,singleton_shell_no_constraint,atp_2010,full_data
1647,0,1,1,1,1,0,1,False,,,,singleton_shell_no_constraint,atp_2010,full_data
1648,0,1,1,1,1,0,1,False,,,,singleton_shell_no_constraint,atp_2010,full_data
1649,0,2,2,1,1,0,2,False,,,,singleton_shell_no_constraint,atp_2010,full_data
1650,1,1,1,1,1,0,1,False,,,,singleton_shell_no_constraint,atp_2010,full_data
1651,0,1,1,1,1,0,1,False,,,,singleton_shell_no_constraint,atp_2010,full_data
1652,0,1,1,1,1,0,1,False,,,,singleton_shell_no_constraint,atp_2010,full_data
1653,1,1,1,1,1,0,1,False,,,,singleton_shell_no_constraint,atp_2010,full_data
1654,0,1,1,1,1,0,1,False,,,,singleton_shell_no_constraint,atp_2010,full_data
1655,0,1,1,1,1,0,1,False,,,,singleton_shell_no_constraint,atp_2010,full_data
1656,0,1,2,1,1,0,1,False,,,,singleton_shell_no_constraint,atp_2010,full_data
1656,1,1,2,1,1,0,1,False,,,,singleton_shell_no_constraint,atp_2010,full_data
1657,0,1,1,1,1,0,1,False,,,,singleton_shell_no_constraint,atp_2010,full_data
1658,0,1,1,1,1,0,1,False,,,,singleton_shell_no_constraint,atp_2010,full_data
1659,0,1,1,1,1,0,1,False,,,,singleton_shell_no_constraint,atp_2010,full_data
1660,0,1,1,1,1,0,1,False,,,,singleton_shell_no_constraint,atp_2010,full_data
1661,1,2,2,1,1,0,2,False,,,,singleton_shell_no_constraint,atp_2010,full_data
1662,0,1,2,1,1,0,1,False,,,,singleton_shell_no_constraint,atp_2010,full_data
1662,1,1,2,1,1,0,1,False,,,,singleton_shell_no_constraint,atp_2010,full_data
1663,0,1,1,1,1,0,1,False,,,,singleton_shell_no_constraint,atp_2010,full_data
1664,1,1,1,1,1,0,1,False,,,,singleton_shell_no_constraint,atp_2010,full_data
1665,0,1,1,1,1,0,1,False,,,,singleton_shell_no_constraint,atp_2010,full_data
1666,0,1,2,1,1,0,1,False,,,,singleton_shell_no_constraint,atp_2010,full_data
1666,1,1,2,1,1,0,1,False,,,,singleton_shell_no_constraint,atp_2010,full_data
1667,0,1,1,1,1,0,1,False,,,,singleton_shell_no_constraint,atp_2010,full_data
1668,0,1,1,1,1,0,1,False,,,,singleton_shell_no_constraint,atp_2010,full_data
1669,1,1,1,1,1,0,1,False,,,,singleton_shell_no_constraint,atp_2010,full_data
1670,0,1,1,1,1,0,1,False,,,,singleton_shell_no_constraint,atp_2010,full_data
1671,0,1,1,1,1,0,1,False,,,,singleton_shell_no_constraint,atp_2010,full_data
1672,0,1,1,1,1,0,1,False,,,,singleton_shell_no_constraint,atp_2010,full_data
1673,0,2,2,1,1,0,2,False,,,,singleton_shell_no_constraint,atp_2010,full_data
1674,1,1,1,1,1,0,1,False,,,,singleton_shell_no_constraint,atp_2010,full_data
1675,0,1,1,1,1,0,1,False,,,,singleton_shell_no_constraint,atp_2010,full_data
1676,0,1,1,1,1,0,1,False,,,,singleton_shell_no_constraint,atp_2010,full_data
1677,1,1,1,1,1,0,1,False,,,,singleton_shell_no_constraint,atp_2010,full_data
1678,1,1,1,1,1,0,1,False,,,,singleton_shell_no_constraint,atp_2010,full_data
1679,1,1,1,1,1,0,1,False,,,,singleton_shell_no_constraint,atp_2010,full_data
1680,0,2,2,1,1,0,2,False,,,,singleton_shell_no_constraint,atp_2010,full_data
1681,0,1,1,1,1,0,1,False,,,,singleton_shell_no_constraint,atp_2010,full_data
1682,0,1,2,1,1,0,1,False,,,,singleton_shell_no_constraint,atp_2010,full_data
1682,1,1,2,1,1,0,1,False,,,,singleton_shell_no_constraint,atp_2010,full_data
1683,1,1,1,1,1,0,1,False,,,,singleton_shell_no_constraint,atp_2010,full_data
1684,0,1,1,1,1,0,1,False,,,,singleton_shell_no_constraint,atp_2010,full_data
1685,0,1,2,1,1,0,1,False,,,,singleton_shell_no_constraint,atp_2010,full_data
1685,1,1,2,1,1,0,1,False,,,,singleton_shell_no_constraint,atp_2010,full_data
1686,0,1,1,1,1,0,1,False,,,,singleton_shell_no_constraint,atp_2010,full_data
1687,0,1,1,1,1,0,1,False,,,,singleton_shell_no_constraint,atp_2010,full_data
1688,0,1,1,1,1,0,1,False,,,,singleton_shell_no_constraint,atp_2010,full_data
1689,0,1,1,1,1,0,1,False,,,,singleton_shell_no_constraint,atp_2010,full_data
1690,0,2,2,1,1,0,2,False,,,,singleton_shell_no_constraint,atp_2010,full_data
1691,0,1,1,1,1,0,1,False,,,,singleton_shell_no_constraint,atp_2010,full_data
1692,0,1,1,1,1,0,1,False,,,,singleton_shell_no_constraint,atp_2010,full_data
1693,0,1,1,1,1,0,1,False,,,,singleton_shell_no_constraint,atp_2010,full_data
1694,0,1,1,1,1,0,1,False,,,,singleton_shell_no_constraint,atp_2010,full_data
1695,0,1,1,1,1,0,1,False,,,,singleton_shell_no_constraint,atp_2010,full_data
1696,0,1,1,1,1,0,1,False,,,,singleton_shell_no_constraint,atp_2010,full_data
1697,0,1,2,1,1,0,1,False,,,,singleton_shell_no_constraint,atp_2010,full_data
1697,1,1,2,1,1,0,1,False,,,,singleton_shell_no_constraint,atp_2010,full_data
1698,0,1,1,1,1,0,1,False,,,,singleton_shell_no_constraint,atp_2010,full_data
1699,0,1,1,1,1,0,1,False,,,,singleton_shell_no_constraint,atp_2010,full_data
1700,0,1,3,1,1,0,1,False,,,,singleton_shell_no_constraint,atp_2010,full_data
1700,1,2,3,1,1,0,2,False,,,,singleton_shell_no_constraint,atp_2010,full_data
1701,0,1,2,1,1,0,1,False,,,,singleton_shell_no_constraint,atp_2010,full_data
1701,1,1,2,1,1,0,1,False,,,,singleton_shell_no_constraint,atp_2010,full_data
1702,0,1,1,1,1,0,1,False,,,,singleton_shell_no_constraint,atp_2010,full_data
1703,0,1,1,1,1,0,1,False,,,,singleton_shell_no_constraint,atp_2010,full_data
1704,0,1,2,1,1,0,1,False,,,,singleton_shell_no_constraint,atp_2010,full_data
1704,1,1,2,1,1,0,1,False,,,,singleton_shell_no_constraint,atp_2010,full_data
1705,0,2,2,1,1,0,2,False,,,,singleton_shell_no_constraint,atp_2010,full_data
1706,0,2,2,1,1,0,2,False,,,,singleton_shell_no_constraint,atp_2010,full_data
1707,1,2,2,1,1,0,2,False,,,,singleton_shell_no_constraint,atp_2010,full_data
1708,0,1,1,1,1,0,1,False,,,,singleton_shell_no_constraint,atp_2010,full_data
1709,0,1,2,1,1,0,1,False,,,,singleton_shell_no_constraint,atp_2010,full_data
1709,1,1,2,1,1,0,1,False,,,,singleton_shell_no_constraint,atp_2010,full_data
1710,0,1,1,1,1,0,1,False,,,,singleton_shell_no_constraint,atp_2010,full_data
1711,0,1,1,1,1,0,1,False,,,,singleton_shell_no_constraint,atp_2010,full_data
1712,1,1,1,1,1,0,1,False,,,,singleton_shell_no_constraint,atp_2010,full_data
1713,0,1,1,1,1,0,1,False,,,,singleton_shell_no_constraint,atp_2010,full_data
1714,0,1,1,1,1,0,1,False,,,,singleton_shell_no_constraint,atp_2010,full_data
1715,0,1,1,1,1,0,1,False,,,,singleton_shell_no_constraint,atp_2010,full_data
1716,0,2,2,1,1,0,2,False,,,,singleton_shell_no_constraint,atp_2010,full_data
1717,0,1,1,1,1,0,1,False,,,,singleton_shell_no_constraint,atp_2010,full_data
1718,0,1,1,1,1,0,1,False,,,,singleton_shell_no_constraint,atp_2010,full_data
1719,0,1,1,1,1,0,1,False,,,,singleton_shell_no_constraint,atp_2010,full_data
1720,0,1,1,1,1,0,1,False,,,,singleton_shell_no_constraint,atp_2010,full_data
1721,0,1,1,1,1,0,1,False,,,,singleton_shell_no_constraint,atp_2010,full_data
1722,0,1,1,1,1,0,1,False,,,,singleton_shell_no_constraint,atp_2010,full_data
1723,0,1,1,1,1,0,1,False,,,,singleton_shell_no_constraint,atp_2010,full_data
1724,0,1,1,1,1,0,1,False,,,,singleton_shell_no_constraint,atp_2010,full_data
1725,1,1,1,1,1,0,1,False,,,,singleton_shell_no_constraint,atp_2010,full_data
1726,1,1,1,1,1,0,1,False,,,,singleton_shell_no_constraint,atp_2010,full_data
1727,0,1,1,1,1,0,1,False,,,,singleton_shell_no_constraint,atp_2010,full_data
1728,0,1,1,1,1,0,1,False,,,,singleton_shell_no_constraint,atp_2010,full_data
1729,1,1,1,1,1,0,1,False,,,,singleton_shell_no_constraint,atp_2010,full_data
1730,0,1,1,1,1,0,1,False,,,,singleton_shell_no_constraint,atp_2010,full_data
1731,0,1,1,1,1,0,1,False,,,,singleton_shell_no_constraint,atp_2010,full_data
1732,0,1,1,1,1,0,1,False,,,,singleton_shell_no_constraint,atp_2010,full_data
1733,0,2,2,1,1,0,2,False,,,,singleton_shell_no_constraint,atp_2010,full_data
1734,0,1,1,1,1,0,1,False,,,,singleton_shell_no_constraint,atp_2010,full_data
1735,0,1,1,1,1,0,1,False,,,,singleton_shell_no_constraint,atp_2010,full_data
1736,0,1,1,1,1,0,1,False,,,,singleton_shell_no_constraint,atp_2010,full_data
1737,0,1,1,1,1,0,1,False,,,,singleton_shell_no_constraint,atp_2010,full_data
1738,0,1,1,1,1,0,1,False,,,,singleton_shell_no_constraint,atp_2010,full_data
1739,0,1,1,1,1,0,1,False,,,,singleton_shell_no_constraint,atp_2010,full_data
1740,1,1,1,1,1,0,1,False,,,,singleton_shell_no_constraint,atp_2010,full_data
1741,0,1,1,1,1,0,1,False,,,,singleton_shell_no_constraint,atp_2010,full_data
1742,0,1,1,1,1,0,1,False,,,,singleton_shell_no_constraint,atp_2010,full_data
1743,0,1,1,1,1,0,1,False,,,,singleton_shell_no_constraint,atp_2010,full_data
1744,0,1,1,1,1,0,1,False,,,,singleton_shell_no_constraint,atp_2010,full_data
1745,0,1,1,1,1,0,1,False,,,,singleton_shell_no_constraint,atp_2010,full_data
1746,0,1,1,1,1,0,1,False,,,,singleton_shell_no_constraint,atp_2010,full_data
1747,0,1,1,1,1,0,1,False,,,,singleton_shell_no_constraint,atp_2010,full_data
1748,0,1,1,1,1,0,1,False,,,,singleton_shell_no_constraint,atp_2010,full_data
1749,0,2,2,1,1,0,2,False,,,,singleton_shell_no_constraint,atp_2010,full_data
1750,0,1,1,1,1,0,1,False,,,,singleton_shell_no_constraint,atp_2010,full_data
1751,0,1,1,1,1,0,1,False,,,,singleton_shell_no_constraint,atp_2010,full_data
1752,0,1,1,1,1,0,1,False,,,,singleton_shell_no_constraint,atp_2010,full_data
1753,0,1,1,1,1,0,1,False,,,,singleton_shell_no_constraint,atp_2010,full_data
1754,1,1,1,1,1,0,1,False,,,,singleton_shell_no_constraint,atp_2010,full_data
1755,0,1,1,1,1,0,1,False,,,,singleton_shell_no_constraint,atp_2010,full_data
1756,1,1,1,1,1,0,1,False,,,,singleton_shell_no_constraint,atp_2010,full_data
1757,0,2,2,1,1,0,2,False,,,,singleton_shell_no_constraint,atp_2010,full_data
1758,0,1,1,1,1,0,1,False,,,,singleton_shell_no_constraint,atp_2010,full_data
1759,0,1,1,1,1,0,1,False,,,,singleton_shell_no_constraint,atp_2010,full_data
1760,0,1,1,1,1,0,1,False,,,,singleton_shell_no_constraint,atp_2010,full_data
1761,0,1,1,1,1,0,1,False,,,,singleton_shell_no_constraint,atp_2010,full_data
1762,0,1,1,1,1,0,1,False,,,,singleton_shell_no_constraint,atp_2010,full_data
1763,0,1,1,1,1,0,1,False,,,,singleton_shell_no_constraint,atp_2010,full_data
1764,0,3,3,1,1,0,3,False,,,,singleton_shell_no_constraint,atp_2010,full_data
1765,0,1,1,1,1,0,1,False,,,,singleton_shell_no_constraint,atp_2010,full_data
1766,1,1,1,1,1,0,1,False,,,,singleton_shell_no_constraint,atp_2010,full_data
1767,1,1,1,1,1,0,1,False,,,,singleton_shell_no_constraint,atp_2010,full_data
1768,0,1,1,1,1,0,1,False,,,,singleton_shell_no_constraint,atp_2010,full_data
1769,0,1,1,1,1,0,1,False,,,,singleton_shell_no_constraint,atp_2010,full_data
1770,0,1,1,1,1,0,1,False,,,,singleton_shell_no_constraint,atp_2010,full_data
1771,0,1,2,1,1,0,1,False,,,,singleton_shell_no_constraint,atp_2010,full_data
1771,1,1,2,1,1,0,1,False,,,,singleton_shell_no_constraint,atp_2010,full_data
1772,0,1,1,1,1,0,1,False,,,,singleton_shell_no_constraint,atp_2010,full_data
1773,0,1,1,1,1,0,1,False,,,,singleton_shell_no_constraint,atp_2010,full_data
1774,0,2,2,1,1,0,2,False,,,,singleton_shell_no_constraint,atp_2010,full_data
1775,0,1,1,1,1,0,1,False,,,,singleton_shell_no_constraint,atp_2010,full_data
1776,1,1,1,1,1,0,1,False,,,,singleton_shell_no_constraint,atp_2010,full_data
1777,0,1,1,1,1,0,1,False,,,,singleton_shell_no_constraint,atp_2010,full_data
1778,0,1,1,1,1,0,1,False,,,,singleton_shell_no_constraint,atp_2010,full_data
1779,0,1,1,1,1,0,1,False,,,,singleton_shell_no_constraint,atp_2010,full_data
1780,0,1,1,1,1,0,1,False,,,,singleton_shell_no_constraint,atp_2010,full_data
1781,0,2,2,1,1,0,2,False,,,,singleton_shell_no_constraint,atp_2010,full_data
1782,0,1,1,1,1,0,1,False,,,,singleton_shell_no_constraint,atp_2010,full_data
1783,0,1,1,1,1,0,1,False,,,,singleton_shell_no_constraint,atp_2010,full_data
1784,0,1,1,1,1,0,1,False,,,,singleton_shell_no_constraint,atp_2010,full_data
1785,0,1,1,1,1,0,1,False,,,,singleton_shell_no_constraint,atp_2010,full_data
1786,1,1,1,1,1,0,1,False,,,,singleton_shell_no_constraint,atp_2010,full_data
1787,0,3,3,1,1,0,3,False,,,,singleton_shell_no_constraint,atp_2010,full_data
1788,0,1,1,1,1,0,1,False,,,,singleton_shell_no_constraint,atp_2010,full_data
1789,0,1,2,1,1,0,1,False,,,,singleton_shell_no_constraint,atp_2010,full_data
1789,1,1,2,1,1,0,1,False,,,,singleton_shell_no_constraint,atp_2010,full_data
1790,0,2,2,1,1,0,2,False,,,,singleton_shell_no_constraint,atp_2010,full_data
1791,0,1,1,1,1,0,1,False,,,,singleton_shell_no_constraint,atp_2010,full_data
1792,0,1,1,1,1,0,1,False,,,,singleton_shell_no_constraint,atp_2010,full_data
1793,0,2,2,1,1,0,2,False,,,,singleton_shell_no_constraint,atp_2010,full_data
1794,1,1,1,1,1,0,1,False,,,,singleton_shell_no_constraint,atp_2010,full_data
1795,0,1,1,1,1,0,1,False,,,,singleton_shell_no_constraint,atp_2010,full_data
1796,0,1,1,1,1,0,1,False,,,,singleton_shell_no_constraint,atp_2010,full_data
1797,0,1,1,1,1,0,1,False,,,,singleton_shell_no_constraint,atp_2010,full_data
1798,0,1,1,1,1,0,1,False,,,,singleton_shell_no_constraint,atp_2010,full_data
1799,0,1,2,1,1,0,1,False,,,,singleton_shell_no_constraint,atp_2010,full_data
1799,1,1,2,1,1,0,1,False,,,,singleton_shell_no_constraint,atp_2010,full_data
1800,0,1,1,1,1,0,1,False,,,,singleton_shell_no_constraint,atp_2010,full_data
1801,0,1,1,1,1,0,1,False,,,,singleton_shell_no_constraint,atp_2010,full_data
1802,0,2,2,1,1,0,2,False,,,,singleton_shell_no_constraint,atp_2010,full_data
1803,1,1,1,1,1,0,1,False,,,,singleton_shell_no_constraint,atp_2010,full_data
1804,0,1,1,1,1,0,1,False,,,,singleton_shell_no_constraint,atp_2010,full_data
1805,0,2,2,1,1,0,2,False,,,,singleton_shell_no_constraint,atp_2010,full_data
1806,0,2,2,1,1,0,2,False,,,,singleton_shell_no_constraint,atp_2010,full_data
1807,1,1,1,1,1,0,1,False,,,,singleton_shell_no_constraint,atp_2010,full_data
1808,0,1,2,1,1,0,1,False,,,,singleton_shell_no_constraint,atp_2010,full_data
1808,1,1,2,1,1,0,1,False,,,,singleton_shell_no_constraint,atp_2010,full_data
1809,0,1,1,1,1,0,1,False,,,,singleton_shell_no_constraint,atp_2010,full_data
1810,0,2,2,1,1,0,2,False,,,,singleton_shell_no_constraint,atp_2010,full_data
1811,0,1,1,1,1,0,1,False,,,,singleton_shell_no_constraint,atp_2010,full_data
1812,0,2,3,1,1,0,2,False,,,,singleton_shell_no_constraint,atp_2010,full_data
1812,1,1,3,1,1,0,1,False,,,,singleton_shell_no_constraint,atp_2010,full_data
1813,0,1,1,1,1,0,1,False,,,,singleton_shell_no_constraint,atp_2010,full_data
1814,1,1,1,1,1,0,1,False,,,,singleton_shell_no_constraint,atp_2010,full_data
1815,0,1,1,1,1,0,1,False,,,,singleton_shell_no_constraint,atp_2010,full_data
1816,0,1,2,1,1,0,1,False,,,,singleton_shell_no_constraint,atp_2010,full_data
1816,1,1,2,1,1,0,1,False,,,,singleton_shell_no_constraint,atp_2010,full_data
1817,0,1,1,1,1,0,1,False,,,,singleton_shell_no_constraint,atp_2010,full_data
1818,0,1,1,1,1,0,1,False,,,,singleton_shell_no_constraint,atp_2010,full_data
1819,0,1,1,1,1,0,1,False,,,,singleton_shell_no_constraint,atp_2010,full_data
1820,0,1,1,1,1,0,1,False,,,,singleton_shell_no_constraint,atp_2010,full_data
1821,0,1,1,1,1,0,1,False,,,,singleton_shell_no_constraint,atp_2010,full_data
1822,0,1,1,1,1,0,1,False,,,,singleton_shell_no_constraint,atp_2010,full_data
1823,0,1,1,1,1,0,1,False,,,,singleton_shell_no_constraint,atp_2010,full_data
1824,0,1,1,1,1,0,1,False,,,,singleton_shell_no_constraint,atp_2010,full_data
1825,0,1,1,1,1,0,1,False,,,,singleton_shell_no_constraint,atp_2010,full_data
1826,1,1,1,1,1,0,1,False,,,,singleton_shell_no_constraint,atp_2010,full_data
1827,0,1,1,1,1,0,1,False,,,,singleton_shell_no_constraint,atp_2010,full_data
1828,0,1,2,1,1,0,1,False,,,,singleton_shell_no_constraint,atp_2010,full_data
1828,1,1,2,1,1,0,1,False,,,,singleton_shell_no_constraint,atp_2010,full_data
1829,0,1,1,1,1,0,1,False,,,,singleton_shell_no_constraint,atp_2010,full_data
1830,0,1,1,1,1,0,1,False,,,,singleton_shell_no_constraint,atp_2010,full_data
1831,0,1,1,1,1,0,1,False,,,,singleton_shell_no_constraint,atp_2010,full_data
1832,0,1,1,1,1,0,1,False,,,,singleton_shell_no_constraint,atp_2010,full_data
1833,1,1,1,1,1,0,1,False,,,,singleton_shell_no_constraint,atp_2010,full_data
1834,1,1,1,1,1,0,1,False,,,,singleton_shell_no_constraint,atp_2010,full_data
1835,0,1,1,1,1,0,1,False,,,,singleton_shell_no_constraint,atp_2010,full_data
1836,0,1,1,1,1,0,1,False,,,,singleton_shell_no_constraint,atp_2010,full_data
1837,0,1,1,1,1,0,1,False,,,,singleton_shell_no_constraint,atp_2010,full_data
1838,0,1,1,1,1,0,1,False,,,,singleton_shell_no_constraint,atp_2010,full_data
1839,0,1,1,1,1,0,1,False,,,,singleton_shell_no_constraint,atp_2010,full_data
1840,0,1,2,1,1,0,1,False,,,,singleton_shell_no_constraint,atp_2010,full_data
1840,1,1,2,1,1,0,1,False,,,,singleton_shell_no_constraint,atp_2010,full_data
1841,0,1,1,1,1,0,1,False,,,,singleton_shell_no_constraint,atp_2010,full_data
1842,0,1,2,1,1,0,1,False,,,,singleton_shell_no_constraint,atp_2010,full_data
1842,1,1,2,1,1,0,1,False,,,,singleton_shell_no_constraint,atp_2010,full_data
1843,0,1,1,1,1,0,1,False,,,,singleton_shell_no_constraint,atp_2010,full_data
1844,1,1,1,1,1,0,1,False,,,,singleton_shell_no_constraint,atp_2010,full_data
1845,1,1,1,1,1,0,1,False,,,,singleton_shell_no_constraint,atp_2010,full_data
1846,0,1,1,1,1,0,1,False,,,,singleton_shell_no_constraint,atp_2010,full_data
1847,0,1,1,1,1,0,1,False,,,,singleton_shell_no_constraint,atp_2010,full_data
1848,0,2,2,1,1,0,2,False,,,,singleton_shell_no_constraint,atp_2010,full_data
1849,0,1,1,1,1,0,1,False,,,,singleton_shell_no_constraint,atp_2010,full_data
1850,1,1,1,1,1,0,1,False,,,,singleton_shell_no_constraint,atp_2010,full_data
1851,0,1,1,1,1,0,1,False,,,,singleton_shell_no_constraint,atp_2010,full_data
1852,0,1,1,1,1,0,1,False,,,,singleton_shell_no_constraint,atp_2010,full_data
1853,0,1,1,1,1,0,1,False,,,,singleton_shell_no_constraint,atp_2010,full_data
1854,0,1,1,1,1,0,1,False,,,,singleton_shell_no_constraint,atp_2010,full_data
1855,1,1,1,1,1,0,1,False,,,,singleton_shell_no_constraint,atp_2010,full_data
1856,0,1,1,1,1,0,1,False,,,,singleton_shell_no_constraint,atp_2010,full_data
1857,0,1,1,1,1,0,1,False,,,,singleton_shell_no_constraint,atp_2010,full_data
1858,0,1,1,1,1,0,1,False,,,,singleton_shell_no_constraint,atp_2010,full_data
1859,0,2,3,1,1,0,2,False,,,,singleton_shell_no_constraint,atp_2010,full_data
1859,1,1,3,1,1,0,1,False,,,,singleton_shell_no_constraint,atp_2010,full_data
1860,0,1,2,1,1,0,1,False,,,,singleton_shell_no_constraint,atp_2010,full_data
1860,1,1,2,1,1,0,1,False,,,,singleton_shell_no_constraint,atp_2010,full_data
1861,0,1,1,1,1,0,1,False,,,,singleton_shell_no_constraint,atp_2010,full_data
1862,0,1,1,1,1,0,1,False,,,,singleton_shell_no_constraint,atp_2010,full_data
1863,0,1,1,1,1,0,1,False,,,,singleton_shell_no_constraint,atp_2010,full_data
1864,0,1,1,1,1,0,1,False,,,,singleton_shell_no_constraint,atp_2010,full_data
1865,0,1,3,1,1,0,1,False,,,,singleton_shell_no_constraint,atp_2010,full_data
1865,1,2,3,1,1,0,2,False,,,,singleton_shell_no_constraint,atp_2010,full_data
1866,0,1,1,1,1,0,1,False,,,,singleton_shell_no_constraint,atp_2010,full_data
1867,0,1,1,1,1,0,1,False,,,,singleton_shell_no_constraint,atp_2010,full_data
1868,0,1,1,1,1,0,1,False,,,,singleton_shell_no_constraint,atp_2010,full_data
1869,0,1,1,1,1,0,1,False,,,,singleton_shell_no_constraint,atp_2010,full_data
1870,0,1,1,1,1,0,1,False,,,,singleton_shell_no_constraint,atp_2010,full_data
1871,1,1,1,1,1,0,1,False,,,,singleton_shell_no_constraint,atp_2010,full_data
1872,0,1,3,1,1,0,1,False,,,,singleton_shell_no_constraint,atp_2010,full_data
1872,1,2,3,1,1,0,2,False,,,,singleton_shell_no_constraint,atp_2010,full_data
1873,0,1,1,1,1,0,1,False,,,,singleton_shell_no_constraint,atp_2010,full_data
1874,1,1,1,1,1,0,1,False,,,,singleton_shell_no_constraint,atp_2010,full_data
1875,0,1,1,1,1,0,1,False,,,,singleton_shell_no_constraint,atp_2010,full_data
1876,0,1,1,1,1,0,1,False,,,,singleton_shell_no_constraint,atp_2010,full_data
1877,0,1,1,1,1,0,1,False,,,,singleton_shell_no_constraint,atp_2010,full_data
1878,0,1,1,1,1,0,1,False,,,,singleton_shell_no_constraint,atp_2010,full_data
1879,0,1,1,1,1,0,1,False,,,,singleton_shell_no_constraint,atp_2010,full_data
1880,0,1,1,1,1,0,1,False,,,,singleton_shell_no_constraint,atp_2010,full_data
1881,0,1,1,1,1,0,1,False,,,,singleton_shell_no_constraint,atp_2010,full_data
1882,0,1,1,1,1,0,1,False,,,,singleton_shell_no_constraint,atp_2010,full_data
1883,0,1,1,1,1,0,1,False,,,,singleton_shell_no_constraint,atp_2010,full_data
1884,0,2,2,1,1,0,2,False,,,,singleton_shell_no_constraint,atp_2010,full_data
1885,0,2,2,1,1,0,2,False,,,,singleton_shell_no_constraint,atp_2010,full_data
1886,1,1,1,1,1,0,1,False,,,,singleton_shell_no_constraint,atp_2010,full_data
1887,0,2,2,1,1,0,2,False,,,,singleton_shell_no_constraint,atp_2010,full_data
1888,0,1,1,1,1,0,1,False,,,,singleton_shell_no_constraint,atp_2010,full_data
1889,0,1,1,1,1,0,1,False,,,,singleton_shell_no_constraint,atp_2010,full_data
1890,0,1,1,1,1,0,1,False,,,,singleton_shell_no_constraint,atp_2010,full_data
1891,0,1,1,1,1,0,1,False,,,,singleton_shell_no_constraint,atp_2010,full_data
1892,0,1,1,1,1,0,1,False,,,,singleton_shell_no_constraint,atp_2010,full_data
1893,0,1,1,1,1,0,1,False,,,,singleton_shell_no_constraint,atp_2010,full_data
1894,0,1,2,1,1,0,1,False,,,,singleton_shell_no_constraint,atp_2010,full_data
1894,1,1,2,1,1,0,1,False,,,,singleton_shell_no_constraint,atp_2010,full_data
1895,0,1,1,1,1,0,1,False,,,,singleton_shell_no_constraint,atp_2010,full_data
1896,0,1,1,1,1,0,1,False,,,,singleton_shell_no_constraint,atp_2010,full_data
1897,0,1,1,1,1,0,1,False,,,,singleton_shell_no_constraint,atp_2010,full_data
1898,0,1,1,1,1,0,1,False,,,,singleton_shell_no_constraint,atp_2010,full_data
1899,0,1,1,1,1,0,1,False,,,,singleton_shell_no_constraint,atp_2010,full_data
1900,0,1,1,1,1,0,1,False,,,,singleton_shell_no_constraint,atp_2010,full_data
1901,0,1,1,1,1,0,1,False,,,,singleton_shell_no_constraint,atp_2010,full_data
1902,0,3,3,1,1,0,3,False,,,,singleton_shell_no_constraint,atp_2010,full_data
1903,0,1,1,1,1,0,1,False,,,,singleton_shell_no_constraint,atp_2010,full_data
1904,0,2,2,1,1,0,2,False,,,,singleton_shell_no_constraint,atp_2010,full_data
1905,1,1,1,1,1,0,1,False,,,,singleton_shell_no_constraint,atp_2010,full_data
1906,0,2,3,1,1,0,2,False,,,,singleton_shell_no_constraint,atp_2010,full_data
1906,1,1,3,1,1,0,1,False,,,,singleton_shell_no_constraint,atp_2010,full_data
1907,0,1,1,1,1,0,1,False,,,,singleton_shell_no_constraint,atp_2010,full_data
1908,0,1,1,1,1,0,1,False,,,,singleton_shell_no_constraint,atp_2010,full_data
1909,0,1,1,1,1,0,1,False,,,,singleton_shell_no_constraint,atp_2010,full_data
1910,0,2,2,1,1,0,2,False,,,,singleton_shell_no_constraint,atp_2010,full_data
1911,0,1,1,1,1,0,1,False,,,,singleton_shell_no_constraint,atp_2010,full_data
1912,1,1,1,1,1,0,1,False,,,,singleton_shell_no_constraint,atp_2010,full_data
1913,0,1,1,1,1,0,1,False,,,,singleton_shell_no_constraint,atp_2010,full_data
1914,1,1,1,1,1,0,1,False,,,,singleton_shell_no_constraint,atp_2010,full_data
1915,0,1,1,1,1,0,1,False,,,,singleton_shell_no_constraint,atp_2010,full_data
1916,0,1,1,1,1,0,1,False,,,,singleton_shell_no_constraint,atp_2010,full_data
1917,0,1,1,1,1,0,1,False,,,,singleton_shell_no_constraint,atp_2010,full_data
1918,0,1,1,1,1,0,1,False,,,,singleton_shell_no_constraint,atp_2010,full_data
1919,0,1,1,1,1,0,1,False,,,,singleton_shell_no_constraint,atp_2010,full_data
1920,0,1,1,1,1,0,1,False,,,,singleton_shell_no_constraint,atp_2010,full_data
1921,0,1,1,1,1,0,1,False,,,,singleton_shell_no_constraint,atp_2010,full_data
1922,0,1,1,1,1,0,1,False,,,,singleton_shell_no_constraint,atp_2010,full_data
1923,0,1,1,1,1,0,1,False,,,,singleton_shell_no_constraint,atp_2010,full_data
1924,0,1,1,1,1,0,1,False,,,,singleton_shell_no_constraint,atp_2010,full_data
1925,1,1,1,1,1,0,1,False,,,,singleton_shell_no_constraint,atp_2010,full_data
1926,0,1,1,1,1,0,1,False,,,,singleton_shell_no_constraint,atp_2010,full_data
1927,0,1,1,1,1,0,1,False,,,,singleton_shell_no_constraint,atp_2010,full_data
1928,0,1,1,1,1,0,1,False,,,,singleton_shell_no_constraint,atp_2010,full_data
1929,0,1,1,1,1,0,1,False,,,,singleton_shell_no_constraint,atp_2010,full_data
1930,1,1,1,1,1,0,1,False,,,,singleton_shell_no_constraint,atp_2010,full_data
1931,0,1,1,1,1,0,1,False,,,,singleton_shell_no_constraint,atp_2010,full_data
1932,0,1,2,1,1,0,1,False,,,,singleton_shell_no_constraint,atp_2010,full_data
1932,1,1,2,1,1,0,1,False,,,,singleton_shell_no_constraint,atp_2010,full_data
1933,0,1,1,1,1,0,1,False,,,,singleton_shell_no_constraint,atp_2010,full_data
1934,0,1,1,1,1,0,1,False,,,,singleton_shell_no_constraint,atp_2010,full_data
1935,1,1,1,1,1,0,1,False,,,,singleton_shell_no_constraint,atp_2010,full_data
1936,0,1,1,1,1,0,1,False,,,,singleton_shell_no_constraint,atp_2010,full_data
1937,0,1,1,1,1,0,1,False,,,,singleton_shell_no_constraint,atp_2010,full_data
1938,0,2,2,1,1,0,2,False,,,,singleton_shell_no_constraint,atp_2010,full_data
1939,1,1,1,1,1,0,1,False,,,,singleton_shell_no_constraint,atp_2010,full_data
1940,0,1,1,1,1,0,1,False,,,,singleton_shell_no_constraint,atp_2010,full_data
1941,1,1,1,1,1,0,1,False,,,,singleton_shell_no_constraint,atp_2010,full_data
1942,0,1,1,1,1,0,1,False,,,,singleton_shell_no_constraint,atp_2010,full_data
1943,0,1,1,1,1,0,1,False,,,,singleton_shell_no_constraint,atp_2010,full_data
1944,1,1,1,1,1,0,1,False,,,,singleton_shell_no_constraint,atp_2010,full_data
1945,0,1,3,1,1,0,1,False,,,,singleton_shell_no_constraint,atp_2010,full_data
1945,1,2,3,1,1,0,2,False,,,,singleton_shell_no_constraint,atp_2010,full_data
1946,0,1,1,1,1,0,1,False,,,,singleton_shell_no_constraint,atp_2010,full_data
1947,0,1,1,1,1,0,1,False,,,,singleton_shell_no_constraint,atp_2010,full_data
1948,0,1,1,1,1,0,1,False,,,,singleton_shell_no_constraint,atp_2010,full_data
1949,0,1,1,1,1,0,1,False,,,,singleton_shell_no_constraint,atp_2010,full_data
1950,1,1,1,1,1,0,1,False,,,,singleton_shell_no_constraint,atp_2010,full_data
1951,1,1,1,1,1,0,1,False,,,,singleton_shell_no_constraint,atp_2010,full_data
1952,0,1,2,1,1,0,1,False,,,,singleton_shell_no_constraint,atp_2010,full_data
1952,1,1,2,1,1,0,1,False,,,,singleton_shell_no_constraint,atp_2010,full_data
1953,0,1,1,1,1,0,1,False,,,,singleton_shell_no_constraint,atp_2010,full_data
1954,0,1,1,1,1,0,1,False,,,,singleton_shell_no_constraint,atp_2010,full_data
1955,0,1,1,1,1,0,1,False,,,,singleton_shell_no_constraint,atp_2010,full_data
1956,0,1,1,1,1,0,1,False,,,,singleton_shell_no_constraint,atp_2010,full_data
1957,1,1,1,1,1,0,1,False,,,,singleton_shell_no_constraint,atp_2010,full_data
1958,0,1,1,1,1,0,1,False,,,,singleton_shell_no_constraint,atp_2010,full_data
1959,0,1,1,1,1,0,1,False,,,,singleton_shell_no_constraint,atp_2010,full_data
1960,0,2,2,1,1,0,2,False,,,,singleton_shell_no_constraint,atp_2010,full_data
1961,1,1,1,1,1,0,1,False,,,,singleton_shell_no_constraint,atp_2010,full_data
1962,1,1,1,1,1,0,1,False,,,,singleton_shell_no_constraint,atp_2010,full_data
1963,1,1,1,1,1,0,1,False,,,,singleton_shell_no_constraint,atp_2010,full_data
1964,0,4,4,1,1,0,4,False,,,,singleton_shell_no_constraint,atp_2010,full_data
1965,0,1,1,1,1,0,1,False,,,,singleton_shell_no_constraint,atp_2010,full_data
1966,0,1,1,1,1,0,1,False,,,,singleton_shell_no_constraint,atp_2010,full_data
1967,1,1,1,1,1,0,1,False,,,,singleton_shell_no_constraint,atp_2010,full_data
1968,1,1,1,1,1,0,1,False,,,,singleton_shell_no_constraint,atp_2010,full_data
1969,0,1,2,1,1,0,1,False,,,,singleton_shell_no_constraint,atp_2010,full_data
1969,1,1,2,1,1,0,1,False,,,,singleton_shell_no_constraint,atp_2010,full_data
1970,0,1,1,1,1,0,1,False,,,,singleton_shell_no_constraint,atp_2010,full_data
1971,0,1,1,1,1,0,1,False,,,,singleton_shell_no_constraint,atp_2010,full_data
1972,0,1,1,1,1,0,1,False,,,,singleton_shell_no_constraint,atp_2010,full_data
1973,1,1,1,1,1,0,1,False,,,,singleton_shell_no_constraint,atp_2010,full_data
1974,0,1,1,1,1,0,1,False,,,,singleton_shell_no_constraint,atp_2010,full_data
1975,0,2,2,1,1,0,2,False,,,,singleton_shell_no_constraint,atp_2010,full_data
1976,0,1,1,1,1,0,1,False,,,,singleton_shell_no_constraint,atp_2010,full_data
1977,0,1,1,1,1,0,1,False,,,,singleton_shell_no_constraint,atp_2010,full_data
1978,0,1,1,1,1,0,1,False,,,,singleton_shell_no_constraint,atp_2010,full_data
1979,0,1,1,1,1,0,1,False,,,,singleton_shell_no_constraint,atp_2010,full_data
1980,0,1,1,1,1,0,1,False,,,,singleton_shell_no_constraint,atp_2010,full_data
1981,0,1,1,1,1,0,1,False,,,,singleton_shell_no_constraint,atp_2010,full_data
1982,0,1,1,1,1,0,1,False,,,,singleton_shell_no_constraint,atp_2010,full_data
1983,0,1,1,1,1,0,1,False,,,,singleton_shell_no_constraint,atp_2010,full_data
1984,0,1,1,1,1,0,1,False,,,,singleton_shell_no_constraint,atp_2010,full_data
1985,0,1,1,1,1,0,1,False,,,,singleton_shell_no_constraint,atp_2010,full_data
1986,0,1,1,1,1,0,1,False,,,,singleton_shell_no_constraint,atp_2010,full_data
1987,0,1,1,1,1,0,1,False,,,,singleton_shell_no_constraint,atp_2010,full_data
1988,0,1,1,1,1,0,1,False,,,,singleton_shell_no_constraint,atp_2010,full_data
1989,0,1,2,1,1,0,1,False,,,,singleton_shell_no_constraint,atp_2010,full_data
1989,1,1,2,1,1,0,1,False,,,,singleton_shell_no_constraint,atp_2010,full_data
1990,0,1,1,1,1,0,1,False,,,,singleton_shell_no_constraint,atp_2010,full_data
1991,0,1,1,1,1,0,1,False,,,,singleton_shell_no_constraint,atp_2010,full_data
1992,0,1,2,1,1,0,1,False,,,,singleton_shell_no_constraint,atp_2010,full_data
1992,1,1,2,1,1,0,1,False,,,,singleton_shell_no_constraint,atp_2010,full_data
1993,0,1,1,1,1,0,1,False,,,,singleton_shell_no_constraint,atp_2010,full_data
1994,1,1,1,1,1,0,1,False,,,,singleton_shell_no_constraint,atp_2010,full_data
1995,0,2,2,1,1,0,2,False,,,,singleton_shell_no_constraint,atp_2010,full_data
1996,0,1,1,1,1,0,1,False,,,,singleton_shell_no_constraint,atp_2010,full_data
1997,0,1,1,1,1,0,1,False,,,,singleton_shell_no_constraint,atp_2010,full_data
1998,0,2,2,1,1,0,2,False,,,,singleton_shell_no_constraint,atp_2010,full_data
1999,0,2,2,1,1,0,2,False,,,,singleton_shell_no_constraint,atp_2010,full_data
2000,0,2,3,1,1,0,2,False,,,,singleton_shell_no_constraint,atp_2010,full_data
2000,1,1,3,1,1,0,1,False,,,,singleton_shell_no_constraint,atp_2010,full_data
2001,0,2,2,1,1,0,2,False,,,,singleton_shell_no_constraint,atp_2010,full_data
2002,0,1,1,1,1,0,1,False,,,,singleton_shell_no_constraint,atp_2010,full_data
2003,0,1,1,1,1,0,1,False,,,,singleton_shell_no_constraint,atp_2010,full_data
2004,0,1,1,1,1,0,1,False,,,,singleton_shell_no_constraint,atp_2010,full_data
2005,0,1,1,1,1,0,1,False,,,,singleton_shell_no_constraint,atp_2010,full_data
2006,0,1,1,1,1,0,1,False,,,,singleton_shell_no_constraint,atp_2010,full_data
2007,0,1,1,1,1,0,1,False,,,,singleton_shell_no_constraint,atp_2010,full_data
2008,0,1,1,1,1,0,1,False,,,,singleton_shell_no_constraint,atp_2010,full_data
2009,0,1,1,1,1,0,1,False,,,,singleton_shell_no_constraint,atp_2010,full_data
2010,0,1,1,1,1,0,1,False,,,,singleton_shell_no_constraint,atp_2010,full_data
2011,0,1,2,1,1,0,1,False,,,,singleton_shell_no_constraint,atp_2010,full_data
2011,1,1,2,1,1,0,1,False,,,,singleton_shell_no_constraint,atp_2010,full_data
2012,0,1,1,1,1,0,1,False,,,,singleton_shell_no_constraint,atp_2010,full_data
2013,0,1,1,1,1,0,1,False,,,,singleton_shell_no_constraint,atp_2010,full_data
2014,0,1,1,1,1,0,1,False,,,,singleton_shell_no_constraint,atp_2010,full_data
2015,0,1,1,1,1,0,1,False,,,,singleton_shell_no_constraint,atp_2010,full_data
2016,0,1,1,1,1,0,1,False,,,,singleton_shell_no_constraint,atp_2010,full_data
2017,0,1,1,1,1,0,1,False,,,,singleton_shell_no_constraint,atp_2010,full_data
2018,0,1,1,1,1,0,1,False,,,,singleton_shell_no_constraint,atp_2010,full_data
2019,0,1,1,1,1,0,1,False,,,,singleton_shell_no_constraint,atp_2010,full_data
2020,0,1,1,1,1,0,1,False,,,,singleton_shell_no_constraint,atp_2010,full_data
2021,0,1,2,1,1,0,1,False,,,,singleton_shell_no_constraint,atp_2010,full_data
2021,1,1,2,1,1,0,1,False,,,,singleton_shell_no_constraint,atp_2010,full_data
2022,0,1,1,1,1,0,1,False,,,,singleton_shell_no_constraint,atp_2010,full_data
2023,1,2,2,1,1,0,2,False,,,,singleton_shell_no_constraint,atp_2010,full_data
2024,1,1,1,1,1,0,1,False,,,,singleton_shell_no_constraint,atp_2010,full_data
2025,0,1,1,1,1,0,1,False,,,,singleton_shell_no_constraint,atp_2010,full_data
2026,0,2,2,1,1,0,2,False,,,,singleton_shell_no_constraint,atp_2010,full_data
2027,1,1,1,1,1,0,1,False,,,,singleton_shell_no_constraint,atp_2010,full_data
2028,0,1,1,1,1,0,1,False,,,,singleton_shell_no_constraint,atp_2010,full_data
2029,0,1,1,1,1,0,1,False,,,,singleton_shell_no_constraint,atp_2010,full_data
2030,0,1,1,1,1,0,1,False,,,,singleton_shell_no_constraint,atp_2010,full_data
2031,0,1,1,1,1,0,1,False,,,,singleton_shell_no_constraint,atp_2010,full_data
2032,0,1,1,1,1,0,1,False,,,,singleton_shell_no_constraint,atp_2010,full_data
2033,0,1,1,1,1,0,1,False,,,,singleton_shell_no_constraint,atp_2010,full_data
2034,0,2,2,1,1,0,2,False,,,,singleton_shell_no_constraint,atp_2010,full_data
2035,0,1,1,1,1,0,1,False,,,,singleton_shell_no_constraint,atp_2010,full_data
2036,0,1,1,1,1,0,1,False,,,,singleton_shell_no_constraint,atp_2010,full_data
2037,0,1,1,1,1,0,1,False,,,,singleton_shell_no_constraint,atp_2010,full_data
2038,0,1,1,1,1,0,1,False,,,,singleton_shell_no_constraint,atp_2010,full_data
2039,0,1,1,1,1,0,1,False,,,,singleton_shell_no_constraint,atp_2010,full_data
2040,0,1,1,1,1,0,1,False,,,,singleton_shell_no_constraint,atp_2010,full_data
2041,0,1,1,1,1,0,1,False,,,,singleton_shell_no_constraint,atp_2010,full_data
2042,1,1,1,1,1,0,1,False,,,,singleton_shell_no_constraint,atp_2010,full_data
2043,0,1,1,1,1,0,1,False,,,,singleton_shell_no_constraint,atp_2010,full_data
2044,0,1,1,1,1,0,1,False,,,,singleton_shell_no_constraint,atp_2010,full_data
2045,0,2,2,1,1,0,2,False,,,,singleton_shell_no_constraint,atp_2010,full_data
2046,0,2,2,1,1,0,2,False,,,,singleton_shell_no_constraint,atp_2010,full_data
2047,0,1,1,1,1,0,1,False,,,,singleton_shell_no_constraint,atp_2010,full_data
2048,0,1,2,1,1,0,1,False,,,,singleton_shell_no_constraint,atp_2010,full_data
2048,1,1,2,1,1,0,1,False,,,,singleton_shell_no_constraint,atp_2010,full_data
2049,0,1,2,1,1,0,1,False,,,,singleton_shell_no_constraint,atp_2010,full_data
2049,1,1,2,1,1,0,1,False,,,,singleton_shell_no_constraint,atp_2010,full_data
2050,0,1,1,1,1,0,1,False,,,,singleton_shell_no_constraint,atp_2010,full_data
2051,0,2,2,1,1,0,2,False,,,,singleton_shell_no_constraint,atp_2010,full_data
2052,0,1,2,1,1,0,1,False,,,,singleton_shell_no_constraint,atp_2010,full_data
2052,1,1,2,1,1,0,1,False,,,,singleton_shell_no_constraint,atp_2010,full_data
2053,0,1,1,1,1,0,1,False,,,,singleton_shell_no_constraint,atp_2010,full_data
2054,0,1,1,1,1,0,1,False,,,,singleton_shell_no_constraint,atp_2010,full_data
2055,0,1,1,1,1,0,1,False,,,,singleton_shell_no_constraint,atp_2010,full_data
2056,0,1,1,1,1,0,1,False,,,,singleton_shell_no_constraint,atp_2010,full_data
2057,0,1,1,1,1,0,1,False,,,,singleton_shell_no_constraint,atp_2010,full_data
2058,0,1,1,1,1,0,1,False,,,,singleton_shell_no_constraint,atp_2010,full_data
2059,1,1,1,1,1,0,1,False,,,,singleton_shell_no_constraint,atp_2010,full_data
2060,0,1,1,1,1,0,1,False,,,,singleton_shell_no_constraint,atp_2010,full_data
2061,0,1,1,1,1,0,1,False,,,,singleton_shell_no_constraint,atp_2010,full_data
2062,0,1,2,1,1,0,1,False,,,,singleton_shell_no_constraint,atp_2010,full_data
2062,1,1,2,1,1,0,1,False,,,,singleton_shell_no_constraint,atp_2010,full_data
2063,0,1,1,1,1,0,1,False,,,,singleton_shell_no_constraint,atp_2010,full_data
2064,0,1,1,1,1,0,1,False,,,,singleton_shell_no_constraint,atp_2010,full_data
2065,0,2,2,1,1,0,2,False,,,,singleton_shell_no_constraint,atp_2010,full_data
2066,0,1,1,1,1,0,1,False,,,,singleton_shell_no_constraint,atp_2010,full_data
2067,0,1,1,1,1,0,1,False,,,,singleton_shell_no_constraint,atp_2010,full_data
2068,0,1,2,1,1,0,1,False,,,,singleton_shell_no_constraint,atp_2010,full_data
2068,1,1,2,1,1,0,1,False,,,,singleton_shell_no_constraint,atp_2010,full_data
2069,0,1,2,1,1,0,1,False,,,,singleton_shell_no_constraint,atp_2010,full_data
2069,1,1,2,1,1,0,1,False,,,,singleton_shell_no_constraint,atp_2010,full_data
2070,0,1,1,1,1,0,1,False,,,,singleton_shell_no_constraint,atp_2010,full_data
2071,0,1,1,1,1,0,1,False,,,,singleton_shell_no_constraint,atp_2010,full_data
2072,0,1,1,1,1,0,1,False,,,,singleton_shell_no_constraint,atp_2010,full_data
2073,0,1,1,1,1,0,1,False,,,,singleton_shell_no_constraint,atp_2010,full_data
2074,0,1,1,1,1,0,1,False,,,,singleton_shell_no_constraint,atp_2010,full_data
2075,0,1,1,1,1,0,1,False,,,,singleton_shell_no_constraint,atp_2010,full_data
2076,0,1,1,1,1,0,1,False,,,,singleton_shell_no_constraint,atp_2010,full_data
2077,0,1,1,1,1,0,1,False,,,,singleton_shell_no_constraint,atp_2010,full_data
2078,0,1,1,1,1,0,1,False,,,,singleton_shell_no_constraint,atp_2010,full_data
2079,0,1,1,1,1,0,1,False,,,,singleton_shell_no_constraint,atp_2010,full_data
2080,0,1,1,1,1,0,1,False,,,,singleton_shell_no_constraint,atp_2010,full_data
2081,0,1,1,1,1,0,1,False,,,,singleton_shell_no_constraint,atp_2010,full_data
2082,0,1,1,1,1,0,1,False,,,,singleton_shell_no_constraint,atp_2010,full_data
2083,0,1,1,1,1,0,1,False,,,,singleton_shell_no_constraint,atp_2010,full_data
2084,0,1,1,1,1,0,1,False,,,,singleton_shell_no_constraint,atp_2010,full_data
2085,0,1,1,1,1,0,1,False,,,,singleton_shell_no_constraint,atp_2010,full_data
2086,0,1,1,1,1,0,1,False,,,,singleton_shell_no_constraint,atp_2010,full_data
2087,0,1,1,1,1,0,1,False,,,,singleton_shell_no_constraint,atp_2010,full_data
2088,0,1,1,1,1,0,1,False,,,,singleton_shell_no_constraint,atp_2010,full_data
2089,0,1,1,1,1,0,1,False,,,,singleton_shell_no_constraint,atp_2010,full_data
2090,0,1,1,1,1,0,1,False,,,,singleton_shell_no_constraint,atp_2010,full_data
2091,0,1,1,1,1,0,1,False,,,,singleton_shell_no_constraint,atp_2010,full_data
2092,1,1,1,1,1,0,1,False,,,,singleton_shell_no_constraint,atp_2010,full_data
2093,0,1,1,1,1,0,1,False,,,,singleton_shell_no_constraint,atp_2010,full_data
2094,1,1,1,1,1,0,1,False,,,,singleton_shell_no_constraint,atp_2010,full_data
2095,0,1,1,1,1,0,1,False,,,,singleton_shell_no_constraint,atp_2010,full_data
2096,0,1,1,1,1,0,1,False,,,,singleton_shell_no_constraint,atp_2010,full_data
2097,0,1,1,1,1,0,1,False,,,,singleton_shell_no_constraint,atp_2010,full_data
2098,0,1,1,1,1,0,1,False,,,,singleton_shell_no_constraint,atp_2010,full_data
2099,0,1,1,1,1,0,1,False,,,,singleton_shell_no_constraint,atp_2010,full_data
2100,0,1,1,1,1,0,1,False,,,,singleton_shell_no_constraint,atp_2010,full_data
2101,0,1,1,1,1,0,1,False,,,,singleton_shell_no_constraint,atp_2010,full_data
2102,0,1,1,1,1,0,1,False,,,,singleton_shell_no_constraint,atp_2010,full_data
2103,0,1,1,1,1,0,1,False,,,,singleton_shell_no_constraint,atp_2010,full_data
2104,0,1,1,1,1,0,1,False,,,,singleton_shell_no_constraint,atp_2010,full_data
2105,0,1,1,1,1,0,1,False,,,,singleton_shell_no_constraint,atp_2010,full_data
2106,0,1,1,1,1,0,1,False,,,,singleton_shell_no_constraint,atp_2010,full_data
2107,0,1,1,1,1,0,1,False,,,,singleton_shell_no_constraint,atp_2010,full_data
2108,1,1,1,1,1,0,1,False,,,,singleton_shell_no_constraint,atp_2010,full_data
2109,0,1,2,1,1,0,1,False,,,,singleton_shell_no_constraint,atp_2010,full_data
2109,1,1,2,1,1,0,1,False,,,,singleton_shell_no_constraint,atp_2010,full_data
2110,0,1,1,1,1,0,1,False,,,,singleton_shell_no_constraint,atp_2010,full_data
2111,0,1,1,1,1,0,1,False,,,,singleton_shell_no_constraint,atp_2010,full_data
2112,0,1,1,1,1,0,1,False,,,,singleton_shell_no_constraint,atp_2010,full_data
2113,0,1,1,1,1,0,1,False,,,,singleton_shell_no_constraint,atp_2010,full_data
2114,1,1,1,1,1,0,1,False,,,,singleton_shell_no_constraint,atp_2010,full_data
2115,1,1,1,1,1,0,1,False,,,,singleton_shell_no_constraint,atp_2010,full_data
2116,1,1,1,1,1,0,1,False,,,,singleton_shell_no_constraint,atp_2010,full_data
2117,0,1,1,1,1,0,1,False,,,,singleton_shell_no_constraint,atp_2010,full_data
2118,0,1,1,1,1,0,1,False,,,,singleton_shell_no_constraint,atp_2010,full_data
2119,0,1,1,1,1,0,1,False,,,,singleton_shell_no_constraint,atp_2010,full_data
2120,0,1,1,1,1,0,1,False,,,,singleton_shell_no_constraint,atp_2010,full_data
2121,0,1,1,1,1,0,1,False,,,,singleton_shell_no_constraint,atp_2010,full_data
2122,0,1,2,1,1,0,1,False,,,,singleton_shell_no_constraint,atp_2010,full_data
2122,1,1,2,1,1,0,1,False,,,,singleton_shell_no_constraint,atp_2010,full_data
2123,0,1,1,1,1,0,1,False,,,,singleton_shell_no_constraint,atp_2010,full_data
2124,1,1,1,1,1,0,1,False,,,,singleton_shell_no_constraint,atp_2010,full_data
2125,0,1,1,1,1,0,1,False,,,,singleton_shell_no_constraint,atp_2010,full_data
2126,1,1,1,1,1,0,1,False,,,,singleton_shell_no_constraint,atp_2010,full_data
2127,0,1,1,1,1,0,1,False,,,,singleton_shell_no_constraint,atp_2010,full_data
2128,0,1,1,1,1,0,1,False,,,,singleton_shell_no_constraint,atp_2010,full_data
2129,0,1,1,1,1,0,1,False,,,,singleton_shell_no_constraint,atp_2010,full_data
2130,0,1,1,1,1,0,1,False,,,,singleton_shell_no_constraint,atp_2010,full_data
2131,0,1,1,1,1,0,1,False,,,,singleton_shell_no_constraint,atp_2010,full_data
2132,0,1,1,1,1,0,1,False,,,,singleton_shell_no_constraint,atp_2010,full_data
2133,0,1,1,1,1,0,1,False,,,,singleton_shell_no_constraint,atp_2010,full_data
2134,0,1,1,1,1,0,1,False,,,,singleton_shell_no_constraint,atp_2010,full_data
2135,0,1,1,1,1,0,1,False,,,,singleton_shell_no_constraint,atp_2010,full_data
2136,0,1,1,1,1,0,1,False,,,,singleton_shell_no_constraint,atp_2010,full_data
2137,0,1,1,1,1,0,1,False,,,,singleton_shell_no_constraint,atp_2010,full_data
2138,0,1,1,1,1,0,1,False,,,,singleton_shell_no_constraint,atp_2010,full_data
2139,0,1,1,1,1,0,1,False,,,,singleton_shell_no_constraint,atp_2010,full_data
2140,0,1,1,1,1,0,1,False,,,,singleton_shell_no_constraint,atp_2010,full_data
2141,0,1,1,1,1,0,1,False,,,,singleton_shell_no_constraint,atp_2010,full_data
2142,0,1,1,1,1,0,1,False,,,,singleton_shell_no_constraint,atp_2010,full_data
2143,1,1,1,1,1,0,1,False,,,,singleton_shell_no_constraint,atp_2010,full_data
2144,0,1,1,1,1,0,1,False,,,,singleton_shell_no_constraint,atp_2010,full_data
2145,0,1,1,1,1,0,1,False,,,,singleton_shell_no_constraint,atp_2010,full_data
2146,0,1,1,1,1,0,1,False,,,,singleton_shell_no_constraint,atp_2010,full_data
2147,1,1,1,1,1,0,1,False,,,,singleton_shell_no_constraint,atp_2010,full_data
2148,0,1,1,1,1,0,1,False,,,,singleton_shell_no_constraint,atp_2010,full_data
2149,0,1,1,1,1,0,1,False,,,,singleton_shell_no_constraint,atp_2010,full_data
2150,0,1,1,1,1,0,1,False,,,,singleton_shell_no_constraint,atp_2010,full_data
2151,0,1,1,1,1,0,1,False,,,,singleton_shell_no_constraint,atp_2010,full_data
2152,0,1,1,1,1,0,1,False,,,,singleton_shell_no_constraint,atp_2010,full_data
2153,0,1,1,1,1,0,1,False,,,,singleton_shell_no_constraint,atp_2010,full_data
2154,0,1,1,1,1,0,1,False,,,,singleton_shell_no_constraint,atp_2010,full_data
2155,0,1,1,1,1,0,1,False,,,,singleton_shell_no_constraint,atp_2010,full_data
2156,0,1,1,1,1,0,1,False,,,,singleton_shell_no_constraint,atp_2010,full_data
2157,0,1,1,1,1,0,1,False,,,,singleton_shell_no_constraint,atp_2010,full_data
