family,n,r,N,value,shape,method,repetitions,lambda_,mu,ok,statuses,risk_defined,risk_infinite,risk_finite,risk,risk_finite_conditional,risk_finite_conditional_lo,risk_finite_conditional_hi,risk_lo,risk_hi,nll_defined,nll_infinite,nll_finite,nll,nll_finite_conditional,nll_finite_conditional_lo,nll_finite_conditional_hi,delta_defined,delta_infinite,delta_finite,delta,seconds_defined,seconds_infinite,seconds_finite,seconds,seconds_finite_conditional,seconds_finite_conditional_lo,seconds_finite_conditional_hi,seconds_lo,seconds_hi,nll_lo,nll_hi,delta_finite_conditional,delta_finite_conditional_lo,delta_finite_conditional_hi,delta_lo,delta_hi
bridge,8,2,8,0.0,alternating,borda,40,0.2857142857142857,2.0,40,"{""ok"": 40}",40,0,40,11.6,11.6,10.261037997166866,12.938962002833133,10.261037997166866,12.938962002833133,40,16,24,inf,0.9518556678182998,0.8854202233237993,1.0182911123128002,0,0,0,,40,0,40,0.0005704880249978979,0.0005704880249978979,0.0004368868737461396,0.0007040891762496562,0.0004368868737461396,0.0007040891762496562,,,,,,,
bridge,8,2,8,0.0,alternating,efficient,40,0.2857142857142857,2.0,40,"{""ok"": 40}",40,0,40,11.6,11.6,10.261037997166866,12.938962002833133,10.261037997166866,12.938962002833133,40,16,24,inf,0.9518556678182998,0.8854202233237993,1.0182911123128002,0,0,0,,40,0,40,0.0006503448750009499,0.0006503448750009499,0.0005132209653960625,0.0007874687846058374,0.0005132209653960625,0.0007874687846058374,,,,,,,
bridge,8,2,8,0.0,alternating,mle,40,0.2857142857142857,2.0,40,"{""ok"": 40}",40,0,40,12.95,12.95,11.581685539367259,14.31831446063274,11.581685539367259,14.31831446063274,40,21,19,inf,1.0668612189402127,1.0088737493061462,1.1248486885742792,0,0,0,,40,0,40,0.001608622049999605,0.001608622049999605,0.0014720071937055464,0.0017452369062936636,0.0014720071937055464,0.0017452369062936636,,,,,,,
bridge,8,2,8,0.0,alternating,pl,40,0.2857142857142857,2.0,0,"{""no_unique_finite_mle"": 40}",0,0,0,,,,,,,0,0,0,,,,,0,0,0,,40,0,40,0.00024074675000060499,0.00024074675000060499,0.00023397025294082102,0.00024752324706038895,0.00023397025294082102,0.00024752324706038895,,,,,,,
bridge,8,2,8,0.0,alternating,sharp,40,0.2857142857142857,2.0,40,"{""ok"": 40}",40,0,40,14.825,14.825,13.600440739280943,16.049559260719054,13.600440739280943,16.049559260719054,40,1,39,inf,0.7420753189648954,0.7054824304425892,0.7786682074872017,0,0,0,,40,0,40,0.0006863858500018225,0.0006863858500018225,0.0005645864029002741,0.0008081852971033709,0.0005645864029002741,0.0008081852971033709,,,,,,,
bridge,8,2,8,0.0,equal,borda,40,0.2857142857142857,2.0,40,"{""ok"": 40}",40,0,40,11.1,11.1,9.905992788717299,12.2940072112827,9.905992788717299,12.2940072112827,40,18,22,inf,0.9594421524133541,0.8909126159103602,1.027971688916348,0,0,0,,40,0,40,0.0006295890999996681,0.0006295890999996681,0.00045849053822210565,0.0008006876617772306,0.00045849053822210565,0.0008006876617772306,,,,,,,
bridge,8,2,8,0.0,equal,efficient,40,0.2857142857142857,2.0,40,"{""ok"": 40}",40,0,40,11.1,11.1,9.905992788717299,12.2940072112827,9.905992788717299,12.2940072112827,40,18,22,inf,0.9594421524133541,0.8909126159103602,1.027971688916348,0,0,0,,40,0,40,0.0006944129250018925,0.0006944129250018925,0.000527033920469433,0.000861791929534352,0.000527033920469433,0.000861791929534352,,,,,,,
bridge,8,2,8,0.0,equal,mle,40,0.2857142857142857,2.0,40,"{""ok"": 40}",40,0,40,11.65,11.65,10.248357930077129,13.051642069922872,10.248357930077129,13.051642069922872,40,23,17,inf,1.0956137238907753,1.046649770419946,1.1445776773616045,0,0,0,,40,0,40,0.0017280025000001077,0.0017280025000001077,0.0015136255478421616,0.0019423794521580538,0.0015136255478421616,0.0019423794521580538,,,,,,,
bridge,8,2,8,0.0,equal,pl,40,0.2857142857142857,2.0,0,"{""no_unique_finite_mle"": 40}",0,0,0,,,,,,,0,0,0,,,,,0,0,0,,40,0,40,0.00026486872500117,0.00026486872500117,0.00024063645791838276,0.0002891009920839573,0.00024063645791838276,0.0002891009920839573,,,,,,,
bridge,8,2,8,0.0,equal,sharp,40,0.2857142857142857,2.0,40,"{""ok"": 40}",40,0,40,13.4,13.4,12.28551796408503,14.514482035914972,12.28551796408503,14.514482035914972,40,0,40,0.7144406186857438,0.7144406186857438,0.7014507593787228,0.7274304779927648,0,0,0,,40,0,40,0.003402137775000072,0.003402137775000072,-0.002109164479043322,0.008913440029043465,-0.002109164479043322,0.008913440029043465,0.7014507593787228,0.7274304779927648,,,,,
bridge,8,2,8,0.25,alternating,borda,40,0.2857142857142857,2.0,40,"{""ok"": 40}",40,0,40,10.625,10.625,9.496748479439672,11.753251520560328,9.496748479439672,11.753251520560328,40,11,29,inf,0.9381167026897537,0.8853343168278393,0.9908990885516681,0,0,0,,40,0,40,0.0006937023999991572,0.0006937023999991572,0.0005723922234267792,0.0008150125765715352,0.0005723922234267792,0.0008150125765715352,,,,,,,
bridge,8,2,8,0.25,alternating,efficient,40,0.2857142857142857,2.0,40,"{""ok"": 40}",40,0,40,10.625,10.625,9.496748479439672,11.753251520560328,9.496748479439672,11.753251520560328,40,11,29,inf,0.9381167026897537,0.8853343168278393,0.9908990885516681,0,0,0,,40,0,40,0.00077753752500017,0.00077753752500017,0.0006523543689086594,0.0009027206810916805,0.0006523543689086594,0.0009027206810916805,,,,,,,
bridge,8,2,8,0.25,alternating,mle,40,0.2857142857142857,2.0,40,"{""ok"": 40}",40,0,40,11.25,11.25,9.897493591132202,12.602506408867798,9.897493591132202,12.602506408867798,40,20,20,inf,1.0197190732830559,0.9603485672102182,1.0790895793558934,0,0,0,,40,0,40,0.0016200903000018626,0.0016200903000018626,0.0014792880185231084,0.0017608925814806167,0.0014792880185231084,0.0017608925814806167,,,,,,,
bridge,8,2,8,0.25,alternating,pl,40,0.2857142857142857,2.0,0,"{""no_unique_finite_mle"": 40}",0,0,0,,,,,,,0,0,0,,,,,0,0,0,,40,0,40,0.0002269251999997325,0.0002269251999997325,0.0002208960952690153,0.00023295430473044967,0.0002208960952690153,0.00023295430473044967,,,,,,,
bridge,8,2,8,0.25,alternating,sharp,40,0.2857142857142857,2.0,40,"{""ok"": 40}",40,0,40,15.65,15.65,14.307614662013247,16.992385337986754,14.307614662013247,16.992385337986754,40,0,40,0.7066622767142917,0.7066622767142917,0.695959757109305,0.7173647963192784,0,0,0,,40,0,40,0.00052549342499896,0.00052549342499896,0.00042911479533441635,0.0006218720546635036,0.00042911479533441635,0.0006218720546635036,0.695959757109305,0.7173647963192784,,,,,
bridge,8,2,8,0.25,equal,borda,40,0.2857142857142857,2.0,40,"{""ok"": 40}",40,0,40,10.4,10.4,9.407501137898837,11.392498862101164,9.407501137898837,11.392498862101164,40,12,28,inf,0.917317431868864,0.852411897051585,0.9822229666861431,0,0,0,,40,0,40,0.0007235124500013098,0.0007235124500013098,0.0005838988950647688,0.0008631260049378508,0.0005838988950647688,0.0008631260049378508,,,,,,,
bridge,8,2,8,0.25,equal,efficient,40,0.2857142857142857,2.0,40,"{""ok"": 40}",40,0,40,10.4,10.4,9.407501137898837,11.392498862101164,9.407501137898837,11.392498862101164,40,12,28,inf,0.917317431868864,0.852411897051585,0.9822229666861431,0,0,0,,40,0,40,0.0007773219499991251,0.0007773219499991251,0.0006460052245374332,0.0009086386754608171,0.0006460052245374332,0.0009086386754608171,,,,,,,
bridge,8,2,8,0.25,equal,mle,40,0.2857142857142857,2.0,40,"{""ok"": 40}",40,0,40,11.375,11.375,10.27499602427966,12.47500397572034,10.27499602427966,12.47500397572034,40,18,22,inf,0.996964444676946,0.9379496297193516,1.0559792596345403,0,0,0,,40,0,40,0.0017438921000003174,0.0017438921000003174,0.0015977854125239176,0.0018899987874767172,0.0015977854125239176,0.0018899987874767172,,,,,,,
bridge,8,2,8,0.25,equal,pl,40,0.2857142857142857,2.0,0,"{""no_unique_finite_mle"": 40}",0,0,0,,,,,,,0,0,0,,,,,0,0,0,,40,0,40,0.000260954774997965,0.000260954774997965,0.0002448085859800449,0.0002771009640158851,0.0002448085859800449,0.0002771009640158851,,,,,,,
bridge,8,2,8,0.25,equal,sharp,40,0.2857142857142857,2.0,40,"{""ok"": 40}",40,0,40,14.275,14.275,13.084980570252458,15.465019429747542,13.084980570252458,15.465019429747542,40,1,39,inf,0.7500319348235512,0.7150903308569231,0.7849735387901794,0,0,0,,40,0,40,0.000795366550001785,0.000795366550001785,0.0006066467486157251,0.000984086351387845,0.0006066467486157251,0.000984086351387845,,,,,,,
bridge,8,2,8,0.5,alternating,borda,40,0.2857142857142857,2.0,40,"{""ok"": 40}",40,0,40,10.725,10.725,9.389592845753594,12.060407154246406,9.389592845753594,12.060407154246406,40,15,25,inf,0.9311534573574056,0.8753871854326408,0.9869197292821704,0,0,0,,40,0,40,0.0006087355000001504,0.0006087355000001504,0.0004792865337245784,0.0007381844662757225,0.0004792865337245784,0.0007381844662757225,,,,,,,
bridge,8,2,8,0.5,alternating,efficient,40,0.2857142857142857,2.0,40,"{""ok"": 40}",40,0,40,10.725,10.725,9.389592845753594,12.060407154246406,9.389592845753594,12.060407154246406,40,15,25,inf,0.9311534573574056,0.8753871854326408,0.9869197292821704,0,0,0,,40,0,40,0.0006862821500024724,0.0006862821500024724,0.0005552417928305492,0.0008173225071743957,0.0005552417928305492,0.0008173225071743957,,,,,,,
bridge,8,2,8,0.5,alternating,mle,40,0.2857142857142857,2.0,40,"{""ok"": 40}",40,0,40,11.425,11.425,10.032109260445822,12.81789073955418,10.032109260445822,12.81789073955418,40,21,19,inf,1.0020191269057188,0.9336364684016878,1.0704017854097498,0,0,0,,40,0,40,0.0016195208499986274,0.0016195208499986274,0.001480246388977828,0.0017587953110194269,0.001480246388977828,0.0017587953110194269,,,,,,,
bridge,8,2,8,0.5,alternating,pl,40,0.2857142857142857,2.0,0,"{""no_unique_finite_mle"": 40}",0,0,0,,,,,,,0,0,0,,,,,0,0,0,,40,0,40,0.0002450349499987175,0.0002450349499987175,0.00023766554725326215,0.0002524043527441728,0.00023766554725326215,0.0002524043527441728,,,,,,,
bridge,8,2,8,0.5,alternating,sharp,40,0.2857142857142857,2.0,40,"{""ok"": 40}",40,0,40,14.25,14.25,12.72780425843584,15.77219574156416,12.72780425843584,15.77219574156416,40,0,40,0.7164760715957927,0.7164760715957927,0.7019886397347619,0.7309635034568236,0,0,0,,40,0,40,0.0006814017249982675,0.0006814017249982675,0.0005549364546904283,0.0008078669953061066,0.0005549364546904283,0.0008078669953061066,0.7019886397347619,0.7309635034568236,,,,,
bridge,8,2,8,0.5,equal,borda,40,0.2857142857142857,2.0,40,"{""ok"": 40}",40,0,40,10.825,10.825,9.441555578372144,12.208444421627854,9.441555578372144,12.208444421627854,40,16,24,inf,0.941681089548737,0.8633266706333981,1.0200355084640758,0,0,0,,40,0,40,0.000576013599999895,0.000576013599999895,0.0004465153199463474,0.0007055118800534427,0.0004465153199463474,0.0007055118800534427,,,,,,,
bridge,8,2,8,0.5,equal,efficient,40,0.2857142857142857,2.0,40,"{""ok"": 40}",40,0,40,10.825,10.825,9.441555578372144,12.208444421627854,9.441555578372144,12.208444421627854,40,16,24,inf,0.941681089548737,0.8633266706333981,1.0200355084640758,0,0,0,,40,0,40,0.0006535312499991074,0.0006535312499991074,0.0005211256973906966,0.0007859368026075182,0.0005211256973906966,0.0007859368026075182,,,,,,,
bridge,8,2,8,0.5,equal,mle,40,0.2857142857142857,2.0,40,"{""ok"": 40}",40,0,40,11.725,11.725,10.395497619087896,13.054502380912103,10.395497619087896,13.054502380912103,40,24,16,inf,1.0330063559989502,0.9664387114117037,1.0995740005861967,0,0,0,,40,0,40,0.0015440852749996198,0.0015440852749996198,0.0014045816947316817,0.001683588855267558,0.0014045816947316817,0.001683588855267558,,,,,,,
bridge,8,2,8,0.5,equal,pl,40,0.2857142857142857,2.0,0,"{""no_unique_finite_mle"": 40}",0,0,0,,,,,,,0,0,0,,,,,0,0,0,,40,0,40,0.00023349505000029754,0.00023349505000029754,0.00022685492813360734,0.00024013517186698773,0.00022685492813360734,0.00024013517186698773,,,,,,,
bridge,8,2,8,0.5,equal,sharp,40,0.2857142857142857,2.0,40,"{""ok"": 40}",40,0,40,13.95,13.95,12.691510082460523,15.208489917539476,12.691510082460523,15.208489917539476,40,1,39,inf,0.7291340351222633,0.6982924917113794,0.7599755785331471,0,0,0,,40,0,40,0.0006862119749996075,0.0006862119749996075,0.0005625037729346795,0.0008099201770645354,0.0005625037729346795,0.0008099201770645354,,,,,,,
bridge,8,2,8,0.75,alternating,borda,40,0.2857142857142857,2.0,40,"{""ok"": 40}",40,0,40,10.7,10.7,9.538504034292146,11.861495965707853,9.538504034292146,11.861495965707853,40,17,23,inf,0.9757713639586053,0.9154698689020576,1.036072859015153,0,0,0,,40,0,40,0.0005780440499996654,0.0005780440499996654,0.00044213122615010023,0.0007139568738492306,0.00044213122615010023,0.0007139568738492306,,,,,,,
bridge,8,2,8,0.75,alternating,efficient,40,0.2857142857142857,2.0,40,"{""ok"": 40}",40,0,40,10.7,10.7,9.538504034292146,11.861495965707853,9.538504034292146,11.861495965707853,40,17,23,inf,0.9757713639586053,0.9154698689020576,1.036072859015153,0,0,0,,40,0,40,0.0006400684749994151,0.0006400684749994151,0.0005087893621939613,0.0007713475878048688,0.0005087893621939613,0.0007713475878048688,,,,,,,
bridge,8,2,8,0.75,alternating,mle,40,0.2857142857142857,2.0,40,"{""ok"": 40}",40,0,40,10.825,10.825,9.556262363471648,12.09373763652835,9.556262363471648,12.09373763652835,40,23,17,inf,1.032998909025279,0.9618165976179337,1.104181220432624,0,0,0,,40,0,40,0.0015613446499990375,0.0015613446499990375,0.0014210878833266838,0.0017016014166713913,0.0014210878833266838,0.0017016014166713913,,,,,,,
bridge,8,2,8,0.75,alternating,pl,40,0.2857142857142857,2.0,0,"{""no_unique_finite_mle"": 40}",0,0,0,,,,,,,0,0,0,,,,,0,0,0,,40,0,40,0.00024323692500084,0.00024323692500084,0.000236744862370059,0.00024972898763162097,0.000236744862370059,0.00024972898763162097,,,,,,,
bridge,8,2,8,0.75,alternating,sharp,40,0.2857142857142857,2.0,40,"{""ok"": 40}",40,0,40,13.4,13.4,12.150188345178204,14.649811654821796,12.150188345178204,14.649811654821796,40,1,39,inf,0.7363502536396955,0.7117198766834045,0.7609806305959865,0,0,0,,40,0,40,0.0007875491750005851,0.0007875491750005851,0.0006562510156920582,0.0009188473343091121,0.0006562510156920582,0.0009188473343091121,,,,,,,
bridge,8,2,8,0.75,equal,borda,40,0.2857142857142857,2.0,40,"{""ok"": 40}",40,0,40,10.475,10.475,9.260980329112295,11.689019670887705,9.260980329112295,11.689019670887705,40,9,31,inf,0.8633990042694184,0.8097762229556521,0.9170217855831847,0,0,0,,40,0,40,0.000717378449999333,0.000717378449999333,0.0005934314722456819,0.0008413254277529842,0.0005934314722456819,0.0008413254277529842,,,,,,,
bridge,8,2,8,0.75,equal,efficient,40,0.2857142857142857,2.0,40,"{""ok"": 40}",40,0,40,10.475,10.475,9.260980329112295,11.689019670887705,9.260980329112295,11.689019670887705,40,9,31,inf,0.8633990042694184,0.8097762229556521,0.9170217855831847,0,0,0,,40,0,40,0.0008013225750012025,0.0008013225750012025,0.0006758002031091141,0.0009268449468932909,0.0006758002031091141,0.0009268449468932909,,,,,,,
bridge,8,2,8,0.75,equal,mle,40,0.2857142857142857,2.0,40,"{""ok"": 40}",40,0,40,12.8,12.8,11.241285774755028,14.358714225244974,11.241285774755028,14.358714225244974,40,17,23,inf,0.9837108617066948,0.9184298735021774,1.048991849911212,0,0,0,,40,0,40,0.001769948699999745,0.001769948699999745,0.0015903184902526454,0.0019495789097468445,0.0015903184902526454,0.0019495789097468445,,,,,,,
bridge,8,2,8,0.75,equal,pl,40,0.2857142857142857,2.0,0,"{""no_unique_finite_mle"": 40}",0,0,0,,,,,,,0,0,0,,,,,0,0,0,,40,0,40,0.00024226294999816497,0.00024226294999816497,0.00023171115521100386,0.00025281474478532605,0.00023171115521100386,0.00025281474478532605,,,,,,,
bridge,8,2,8,0.75,equal,sharp,40,0.2857142857142857,2.0,40,"{""ok"": 40}",40,0,40,13.75,13.75,12.473303134237018,15.026696865762982,12.473303134237018,15.026696865762982,40,0,40,0.7553601915793475,0.7553601915793475,0.7133829699325782,0.7973374132261168,0,0,0,,40,0,40,0.0008346705749989025,0.0008346705749989025,0.0006474872328265961,0.0010218539171712089,0.0006474872328265961,0.0010218539171712089,0.7133829699325782,0.7973374132261168,,,,,
bridge,8,2,8,1.0,alternating,borda,40,0.2857142857142857,2.0,40,"{""ok"": 40}",40,0,40,10.025,10.025,9.065587622454085,10.984412377545915,9.065587622454085,10.984412377545915,40,18,22,inf,0.8838758129759907,0.8205252746736105,0.947226351278371,0,0,0,,40,0,40,0.0005226856250011348,0.0005226856250011348,0.00039026329679085953,0.00065510795321141,0.00039026329679085953,0.00065510795321141,,,,,,,
bridge,8,2,8,1.0,alternating,efficient,40,0.2857142857142857,2.0,40,"{""ok"": 40}",40,0,40,10.025,10.025,9.065587622454085,10.984412377545915,9.065587622454085,10.984412377545915,40,18,22,inf,0.8838758129759907,0.8205252746736105,0.947226351278371,0,0,0,,40,0,40,0.0005843334249998276,0.0005843334249998276,0.000453609275110835,0.0007150575748888202,0.000453609275110835,0.0007150575748888202,,,,,,,
bridge,8,2,8,1.0,alternating,mle,40,0.2857142857142857,2.0,40,"{""ok"": 40}",40,0,40,11.05,11.05,9.871134697054162,12.22886530294584,9.871134697054162,12.22886530294584,40,23,17,inf,0.994212947787215,0.9187102720938166,1.0697156234806136,0,0,0,,40,0,40,0.00155652212500174,0.00155652212500174,0.001419273838026968,0.0016937704119765118,0.001419273838026968,0.0016937704119765118,,,,,,,
bridge,8,2,8,1.0,alternating,pl,40,0.2857142857142857,2.0,0,"{""no_unique_finite_mle"": 40}",0,0,0,,,,,,,0,0,0,,,,,0,0,0,,40,0,40,0.0002333257749988175,0.0002333257749988175,0.00022538517912665433,0.00024126637087098067,0.00022538517912665433,0.00024126637087098067,,,,,,,
bridge,8,2,8,1.0,alternating,sharp,40,0.2857142857142857,2.0,40,"{""ok"": 40}",40,0,40,14.35,14.35,13.067564220700913,15.632435779299087,13.067564220700913,15.632435779299087,40,1,39,inf,0.7364452199672852,0.711564061459898,0.7613263784746723,0,0,0,,40,0,40,0.000707484750001755,0.000707484750001755,0.0005734537248348791,0.0008415157751686309,0.0005734537248348791,0.0008415157751686309,,,,,,,
bridge,8,2,8,1.0,equal,borda,40,0.2857142857142857,2.0,40,"{""ok"": 40}",40,0,40,10.45,10.45,9.138446408078638,11.761553591921361,9.138446408078638,11.761553591921361,40,16,24,inf,0.8326458059275925,0.7905203563901588,0.8747712554650262,0,0,0,,40,0,40,0.0005704234249996577,0.0005704234249996577,0.00043723043479269977,0.0007036164152066156,0.00043723043479269977,0.0007036164152066156,,,,,,,
bridge,8,2,8,1.0,equal,efficient,40,0.2857142857142857,2.0,40,"{""ok"": 40}",40,0,40,10.45,10.45,9.138446408078638,11.761553591921361,9.138446408078638,11.761553591921361,40,16,24,inf,0.8326458059275925,0.7905203563901588,0.8747712554650262,0,0,0,,40,0,40,0.0006320419749996625,0.0006320419749996625,0.0005001509584333771,0.0007639329915659478,0.0005001509584333771,0.0007639329915659478,,,,,,,
bridge,8,2,8,1.0,equal,mle,40,0.2857142857142857,2.0,40,"{""ok"": 40}",40,0,40,10.9,10.9,9.677772035763482,12.122227964236519,9.677772035763482,12.122227964236519,40,23,17,inf,0.9422918637605127,0.8679213146081975,1.0166624129128277,0,0,0,,40,0,40,0.0015622643250000749,0.0015622643250000749,0.001418752030120626,0.0017057766198795238,0.001418752030120626,0.0017057766198795238,,,,,,,
bridge,8,2,8,1.0,equal,pl,40,0.2857142857142857,2.0,0,"{""no_unique_finite_mle"": 40}",0,0,0,,,,,,,0,0,0,,,,,0,0,0,,40,0,40,0.00023179605000075502,0.00023179605000075502,0.00022647973499168687,0.00023711236500982316,0.00022647973499168687,0.00023711236500982316,,,,,,,
bridge,8,2,8,1.0,equal,sharp,40,0.2857142857142857,2.0,40,"{""ok"": 40}",40,0,40,12.85,12.85,11.590260340427108,14.109739659572892,11.590260340427108,14.109739659572892,40,0,40,0.7246781281523383,0.7246781281523383,0.7033681102678774,0.7459881460367993,0,0,0,,40,0,40,0.0008005915749996876,0.0008005915749996876,0.0006754692815169114,0.0009257138684824639,0.0006754692815169114,0.0009257138684824639,0.7033681102678774,0.7459881460367993,,,,,
bridge,8,2,28,0.0,alternating,borda,40,1.0,7.0,40,"{""ok"": 40}",40,0,40,8.0,8.0,6.686348480437691,9.313651519562308,6.686348480437691,9.313651519562308,40,0,40,0.7426379264064841,0.7426379264064841,0.7155792468930701,0.7696966059198981,26,0,26,,40,0,40,0.0008685723500021926,0.0008685723500021926,0.0008277582469406858,0.0009093864530636993,0.0008277582469406858,0.0009093864530636993,0.7155792468930701,0.7696966059198981,-0.04107780639187576,-0.07674659088893379,-0.005409021894817727,,
bridge,8,2,28,0.0,alternating,efficient,40,1.0,7.0,40,"{""ok"": 40}",40,0,40,8.0,8.0,6.686348480437691,9.313651519562308,6.686348480437691,9.313651519562308,40,0,40,0.7426379264064841,0.7426379264064841,0.7155792468930701,0.7696966059198981,26,0,26,,40,0,40,0.0009486133000009549,0.0009486133000009549,0.0008990855537698869,0.000998141046232023,0.0008990855537698869,0.000998141046232023,0.7155792468930701,0.7696966059198981,-0.04107780639187576,-0.07674659088893379,-0.005409021894817727,,
bridge,8,2,28,0.0,alternating,mle,40,1.0,7.0,40,"{""ok"": 40}",40,0,40,8.825,8.825,7.617695750173674,10.032304249826325,7.617695750173674,10.032304249826325,40,0,40,0.829414951555678,0.829414951555678,0.7907935853715627,0.8680363177397933,26,0,26,,40,0,40,0.0021177943500002754,0.0021177943500002754,0.0020719990293317204,0.0021635896706688304,0.0020719990293317204,0.0021635896706688304,0.7907935853715627,0.8680363177397933,0.03353860164804816,0.0006547707710059594,0.06642243252509036,,
bridge,8,2,28,0.0,alternating,pl,40,1.0,7.0,26,"{""ok"": 26, ""no_unique_finite_mle"": 14}",26,0,26,,9.307692307692308,7.229954238752361,11.385430376632256,,,26,0,26,,0.7681822586526768,0.7313994624729755,0.804965054832378,26,0,26,,40,0,40,0.0019539690500006922,0.0019539690500006922,0.0014916220988622324,0.002416316001139152,0.0014916220988622324,0.002416316001139152,,,0.0,0.0,0.0,,
bridge,8,2,28,0.0,alternating,sharp,40,1.0,7.0,40,"{""ok"": 40}",40,0,40,9.6,9.6,8.292752669804706,10.907247330195293,8.292752669804706,10.907247330195293,40,0,40,0.7513161054609256,0.7513161054609256,0.7320203351898031,0.7706118757320481,26,0,26,,40,0,40,0.0014377984750008651,0.0014377984750008651,0.001404570550519422,0.0014710263994823082,0.001404570550519422,0.0014710263994823082,0.7320203351898031,0.7706118757320481,-0.03612912672992725,-0.0682733112291827,-0.003984942230671792,,
bridge,8,2,28,0.0,equal,borda,40,1.0,7.0,40,"{""ok"": 40}",40,0,40,8.325,8.325,7.413529377518094,9.236470622481905,7.413529377518094,9.236470622481905,40,0,40,0.7831391010189565,0.7831391010189565,0.7516771756928665,0.8146010263450464,23,0,23,,40,0,40,0.00091761892499948,0.00091761892499948,0.0008747401539827777,0.0009604976960161823,0.0008747401539827777,0.0009604976960161823,0.7516771756928665,0.8146010263450464,-0.05097493801835596,-0.08835587183567842,-0.013594004201033495,,
bridge,8,2,28,0.0,equal,efficient,40,1.0,7.0,40,"{""ok"": 40}",40,0,40,8.325,8.325,7.413529377518094,9.236470622481905,7.413529377518094,9.236470622481905,40,0,40,0.7831391010189565,0.7831391010189565,0.7516771756928665,0.8146010263450464,23,0,23,,40,0,40,0.0010005260250003775,0.0010005260250003775,0.0009522765904298408,0.0010487754595709141,0.0009522765904298408,0.0010487754595709141,0.7516771756928665,0.8146010263450464,-0.05097493801835596,-0.08835587183567842,-0.013594004201033495,,
bridge,8,2,28,0.0,equal,mle,40,1.0,7.0,40,"{""ok"": 40}",40,0,40,9.1,9.1,7.895060430893876,10.304939569106123,7.895060430893876,10.304939569106123,40,0,40,0.8715349183284251,0.8715349183284251,0.8281500693987407,0.9149197672581095,23,0,23,,40,0,40,0.0021440145749994774,0.0021440145749994774,0.0021028635038815953,0.0021851656461173595,0.0021028635038815953,0.0021851656461173595,0.8281500693987407,0.9149197672581095,0.025633500371988173,-0.010863478389624558,0.062130479133600904,,
bridge,8,2,28,0.0,equal,pl,40,1.0,7.0,23,"{""ok"": 23, ""no_unique_finite_mle"": 17}",23,0,23,,9.652173913043478,8.350894563934022,10.953453262152935,,,23,0,23,,0.8169666804440203,0.772559566684342,0.8613737942036986,23,0,23,,40,0,40,0.0018917091000023028,0.0018917091000023028,0.0013794587212556048,0.0024039594787490007,0.0013794587212556048,0.0024039594787490007,,,0.0,0.0,0.0,,
bridge,8,2,28,0.0,equal,sharp,40,1.0,7.0,40,"{""ok"": 40}",40,0,40,10.575,10.575,9.443962525664464,11.706037474335535,9.443962525664464,11.706037474335535,40,0,40,0.7798191387350674,0.7798191387350674,0.7466215514651309,0.8130167260050039,23,0,23,,40,0,40,0.001501570999999615,0.001501570999999615,0.0014020257974227159,0.0016011162025765142,0.0014020257974227159,0.0016011162025765142,0.7466215514651309,0.8130167260050039,-0.04906075816071547,-0.08704934832191091,-0.01107216799952003,,
bridge,8,2,28,0.25,alternating,borda,40,1.0,7.0,40,"{""ok"": 40}",40,0,40,8.65,8.65,7.668795756042643,9.631204243957358,7.668795756042643,9.631204243957358,40,0,40,0.7734969532858662,0.7734969532858662,0.7511089662054568,0.7958849403662757,20,0,20,,40,0,40,0.0008930777249996649,0.0008930777249996649,0.0008593955114400959,0.000926759938559234,0.0008593955114400959,0.000926759938559234,0.7511089662054568,0.7958849403662757,-0.042064370458422776,-0.07529419814808827,-0.008834542768757274,,
bridge,8,2,28,0.25,alternating,efficient,40,1.0,7.0,40,"{""ok"": 40}",40,0,40,8.65,8.65,7.668795756042643,9.631204243957358,7.668795756042643,9.631204243957358,40,0,40,0.7734969532858662,0.7734969532858662,0.7511089662054568,0.7958849403662757,20,0,20,,40,0,40,0.0009538055249993474,0.0009538055249993474,0.0009186946385249399,0.000988916411473755,0.0009186946385249399,0.000988916411473755,0.7511089662054568,0.7958849403662757,-0.042064370458422776,-0.07529419814808827,-0.008834542768757274,,
bridge,8,2,28,0.25,alternating,mle,40,1.0,7.0,40,"{""ok"": 40}",40,0,40,9.075,9.075,8.02201575109849,10.127984248901509,8.02201575109849,10.127984248901509,40,0,40,0.8476504539347106,0.8476504539347106,0.8157793926017098,0.8795215152677114,20,0,20,,40,0,40,0.00212556022500004,0.00212556022500004,0.002091644920881454,0.002159475529118626,0.002091644920881454,0.002159475529118626,0.8157793926017098,0.8795215152677114,0.02058754239548282,-0.015569432668047313,0.056744517459012954,,
bridge,8,2,28,0.25,alternating,pl,40,1.0,7.0,20,"{""no_unique_finite_mle"": 20, ""ok"": 20}",20,0,20,,8.9,7.452297378906551,10.34770262109345,,,20,0,20,,0.8017457243896619,0.7599220978830892,0.8435693508962345,20,0,20,,40,0,40,0.0018864440000001023,0.0018864440000001023,0.0013106621783811122,0.0024622258216190924,0.0013106621783811122,0.0024622258216190924,,,0.0,0.0,0.0,,
bridge,8,2,28,0.25,alternating,sharp,40,1.0,7.0,40,"{""ok"": 40}",40,0,40,8.8,8.8,7.638504034292147,9.961495965707854,7.638504034292147,9.961495965707854,40,0,40,0.7376358543586189,0.7376358543586189,0.7194179265954384,0.7558537821217994,20,0,20,,40,0,40,0.0014529285999987176,0.0014529285999987176,0.0014177756032405229,0.0014880815967569124,0.0014177756032405229,0.0014880815967569124,0.7194179265954384,0.7558537821217994,-0.06751858011787829,-0.11391731965186078,-0.0211198405838958,,
bridge,8,2,28,0.25,equal,borda,40,1.0,7.0,40,"{""ok"": 40}",40,0,40,7.375,7.375,6.442761368121182,8.307238631878818,6.442761368121182,8.307238631878818,40,0,40,0.750074164941525,0.750074164941525,0.7236202273902427,0.7765281024928073,21,0,21,,40,0,40,0.0008795993500004574,0.0008795993500004574,0.0008376561201850927,0.0009215425798158222,0.0008376561201850927,0.0009215425798158222,0.7236202273902427,0.7765281024928073,-0.055314531714627205,-0.08476052873623255,-0.025868534693021857,,
bridge,8,2,28,0.25,equal,efficient,40,1.0,7.0,40,"{""ok"": 40}",40,0,40,7.375,7.375,6.442761368121182,8.307238631878818,6.442761368121182,8.307238631878818,40,0,40,0.750074164941525,0.750074164941525,0.7236202273902427,0.7765281024928073,21,0,21,,40,0,40,0.000951268550000545,0.000951268550000545,0.0009114712140983813,0.0009910658859027086,0.0009114712140983813,0.0009910658859027086,0.7236202273902427,0.7765281024928073,-0.055314531714627205,-0.08476052873623255,-0.025868534693021857,,
bridge,8,2,28,0.25,equal,mle,40,1.0,7.0,40,"{""ok"": 40}",40,0,40,8.575,8.575,7.592894082534575,9.557105917465424,7.592894082534575,9.557105917465424,40,0,40,0.8512338690325256,0.8512338690325256,0.8121982001864068,0.8902695378786445,21,0,21,,40,0,40,0.00215195477499956,0.00215195477499956,0.002109272854746489,0.002194636695252631,0.002109272854746489,0.002194636695252631,0.8121982001864068,0.8902695378786445,0.0688361460934403,0.02359071233665573,0.11408157985022487,,
bridge,8,2,28,0.25,equal,pl,40,1.0,7.0,21,"{""ok"": 21, ""no_unique_finite_mle"": 19}",21,0,21,,8.428571428571429,7.120558773666783,9.736584083476075,,,21,0,21,,0.7921305931074175,0.7434898882757407,0.8407712979390943,21,0,21,,40,0,40,0.00188628842500047,0.00188628842500047,0.0013367454222230316,0.0024358314277779084,0.0013367454222230316,0.0024358314277779084,,,0.0,0.0,0.0,,
bridge,8,2,28,0.25,equal,sharp,40,1.0,7.0,40,"{""ok"": 40}",40,0,40,9.675,9.675,8.488511956695794,10.861488043304208,8.488511956695794,10.861488043304208,40,0,40,0.7542984673392608,0.7542984673392608,0.732344185392893,0.7762527492856285,21,0,21,,40,0,40,0.0014513077249989899,0.0014513077249989899,0.0014126779524682549,0.0014899374975297249,0.0014126779524682549,0.0014899374975297249,0.732344185392893,0.7762527492856285,-0.047116235368261206,-0.08156123918227809,-0.012671231554244315,,
bridge,8,2,28,0.5,alternating,borda,40,1.0,7.0,40,"{""ok"": 40}",40,0,40,7.35,7.35,6.415338094971647,8.284661905028353,6.415338094971647,8.284661905028353,40,0,40,0.7319001060326905,0.7319001060326905,0.7135199704337158,0.7502802416316652,21,0,21,,40,0,40,0.0008954528250007799,0.0008954528250007799,0.0008565373544276843,0.0009343682955738754,0.0008565373544276843,0.0009343682955738754,0.7135199704337158,0.7502802416316652,-0.0459900340327107,-0.07466489686690397,-0.017315171198517425,,
bridge,8,2,28,0.5,alternating,efficient,40,1.0,7.0,40,"{""ok"": 40}",40,0,40,7.35,7.35,6.415338094971647,8.284661905028353,6.415338094971647,8.284661905028353,40,0,40,0.7319001060326905,0.7319001060326905,0.7135199704337158,0.7502802416316652,21,0,21,,40,0,40,0.0009672903500010476,0.0009672903500010476,0.0009278647797499634,0.0010067159202521317,0.0009278647797499634,0.0010067159202521317,0.7135199704337158,0.7502802416316652,-0.0459900340327107,-0.07466489686690397,-0.017315171198517425,,
bridge,8,2,28,0.5,alternating,mle,40,1.0,7.0,40,"{""ok"": 40}",40,0,40,8.175,8.175,7.032427502101568,9.317572497898434,7.032427502101568,9.317572497898434,40,0,40,0.8213636122341992,0.8213636122341992,0.7885153095077037,0.8542119149606947,21,0,21,,40,0,40,0.0021472283249987603,0.0021472283249987603,0.0021097679806306915,0.002184688669366829,0.0021097679806306915,0.002184688669366829,0.7885153095077037,0.8542119149606947,0.038747589868692214,0.004404783256330924,0.0730903964810535,,
bridge,8,2,28,0.5,alternating,pl,40,1.0,7.0,21,"{""ok"": 21, ""no_unique_finite_mle"": 19}",21,0,21,,8.428571428571429,6.8878106637317185,9.96933219341114,,,21,0,21,,0.7553592084301849,0.720637084481908,0.7900813323784618,21,0,21,,40,0,40,0.0016360410750010125,0.0016360410750010125,0.0011613554341877849,0.00211072671581424,0.0011613554341877849,0.00211072671581424,,,0.0,0.0,0.0,,
bridge,8,2,28,0.5,alternating,sharp,40,1.0,7.0,40,"{""ok"": 40}",40,0,40,9.15,9.15,8.152887598170096,10.147112401829904,8.152887598170096,10.147112401829904,40,0,40,0.7335776981151779,0.7335776981151779,0.7196522149212545,0.7475031813091013,21,0,21,,40,0,40,0.0014542760749999876,0.0014542760749999876,0.001410676658864219,0.001497875491135756,0.001410676658864219,0.001497875491135756,0.7196522149212545,0.7475031813091013,-0.030305121851652923,-0.06826420711412783,0.007653963410821984,,
bridge,8,2,28,0.5,equal,borda,40,1.0,7.0,40,"{""ok"": 40}",40,0,40,7.725,7.725,6.811804603055917,8.638195396944083,6.811804603055917,8.638195396944083,40,0,40,0.7630202660576085,0.7630202660576085,0.7267486458071881,0.7992918863080289,20,0,20,,40,0,40,0.000908848475000525,0.000908848475000525,0.0008662982311216238,0.0009513987188794261,0.0008662982311216238,0.0009513987188794261,0.7267486458071881,0.7992918863080289,-0.051217512651092444,-0.08968012578221665,-0.012754899519968235,,
bridge,8,2,28,0.5,equal,efficient,40,1.0,7.0,40,"{""ok"": 40}",40,0,40,7.725,7.725,6.811804603055917,8.638195396944083,6.811804603055917,8.638195396944083,40,0,40,0.7630202660576085,0.7630202660576085,0.7267486458071881,0.7992918863080289,20,0,20,,40,0,40,0.0009904458999990123,0.0009904458999990123,0.0009451578291502516,0.001035733970847773,0.0009451578291502516,0.001035733970847773,0.7267486458071881,0.7992918863080289,-0.051217512651092444,-0.08968012578221665,-0.012754899519968235,,
bridge,8,2,28,0.5,equal,mle,40,1.0,7.0,40,"{""ok"": 40}",40,0,40,9.15,9.15,7.907026879398942,10.39297312060106,7.907026879398942,10.39297312060106,40,0,40,0.8692851263071668,0.8692851263071668,0.8359808140923097,0.9025894385220239,20,0,20,,40,0,40,0.0021632923000005125,0.0021632923000005125,0.0021202790196237983,0.0022063055803772267,0.0021202790196237983,0.0022063055803772267,0.8359808140923097,0.9025894385220239,0.06080959552545445,0.01462901537270575,0.10699017567820315,,
bridge,8,2,28,0.5,equal,pl,40,1.0,7.0,20,"{""no_unique_finite_mle"": 20, ""ok"": 20}",20,0,20,,8.95,7.412884922429956,10.487115077570042,,,20,0,20,,0.7886109986509735,0.740356773329785,0.836865223972162,20,0,20,,40,0,40,0.0017423393499995676,0.0017423393499995676,0.001218880351431401,0.002265798348567734,0.001218880351431401,0.002265798348567734,,,0.0,0.0,0.0,,
bridge,8,2,28,0.5,equal,sharp,40,1.0,7.0,40,"{""ok"": 40}",40,0,40,9.475,9.475,8.11816184246679,10.831838157533209,8.11816184246679,10.831838157533209,40,0,40,0.7650137371306144,0.7650137371306144,0.7389449229377114,0.7910825513235173,20,0,20,,40,0,40,0.001470263725000325,0.001470263725000325,0.0014209469064164998,0.0015195805435841503,0.0014209469064164998,0.0015195805435841503,0.7389449229377114,0.7910825513235173,-0.026948711112958275,-0.07534910430291912,0.02145168207700257,,
bridge,8,2,28,0.75,alternating,borda,40,1.0,7.0,40,"{""ok"": 40}",40,0,40,7.375,7.375,6.471331599776682,8.278668400223319,6.471331599776682,8.278668400223319,40,0,40,0.7424892947080757,0.7424892947080757,0.7157222710752944,0.769256318340857,17,0,17,,40,0,40,0.0009115941500002275,0.0009115941500002275,0.000870295262652627,0.000952893037347828,0.000870295262652627,0.000952893037347828,0.7157222710752944,0.769256318340857,-0.059114499070014107,-0.10701629083884127,-0.011212707301186939,,
bridge,8,2,28,0.75,alternating,efficient,40,1.0,7.0,40,"{""ok"": 40}",40,0,40,7.375,7.375,6.471331599776682,8.278668400223319,6.471331599776682,8.278668400223319,40,0,40,0.7424892947080757,0.7424892947080757,0.7157222710752944,0.769256318340857,17,0,17,,40,0,40,0.0009897243249990851,0.0009897243249990851,0.0009438492652616368,0.0010355993847365333,0.0009438492652616368,0.0010355993847365333,0.7157222710752944,0.769256318340857,-0.059114499070014107,-0.10701629083884127,-0.011212707301186939,,
bridge,8,2,28,0.75,alternating,mle,40,1.0,7.0,40,"{""ok"": 40}",40,0,40,7.95,7.95,6.9947997221927665,8.905200277807234,6.9947997221927665,8.905200277807234,40,0,40,0.8165640989913868,0.8165640989913868,0.7877940685345407,0.8453341294482329,17,0,17,,40,0,40,0.0021603292249998624,0.0021603292249998624,0.0021238203300844023,0.0021968381199153225,0.0021238203300844023,0.0021968381199153225,0.7877940685345407,0.8453341294482329,0.02200720068684107,-0.0229287136870915,0.06694311506077365,,
bridge,8,2,28,0.75,alternating,pl,40,1.0,7.0,17,"{""no_unique_finite_mle"": 23, ""ok"": 17}",17,0,17,,7.529411764705882,6.242519047884798,8.816304481526966,,,17,0,17,,0.7702776794022786,0.7176145929556462,0.8229407658489111,17,0,17,,40,0,40,0.0015722116499996927,0.0015722116499996927,0.0010327573926312,0.0021116659073681853,0.0010327573926312,0.0021116659073681853,,,0.0,0.0,0.0,,
bridge,8,2,28,0.75,alternating,sharp,40,1.0,7.0,40,"{""ok"": 40}",40,0,40,8.95,8.95,7.9131732703778885,9.98682672962211,7.9131732703778885,9.98682672962211,40,0,40,0.7501936508861684,0.7501936508861684,0.7295018846751204,0.7708854170972164,17,0,17,,40,0,40,0.00145100512500166,0.00145100512500166,0.0014123100676098465,0.0014897001823934736,0.0014123100676098465,0.0014897001823934736,0.7295018846751204,0.7708854170972164,-0.026000978900326828,-0.07119159281046286,0.019189635009809206,,
bridge,8,2,28,0.75,equal,borda,40,1.0,7.0,40,"{""ok"": 40}",40,0,40,7.2,7.2,6.211738078746689,8.18826192125331,6.211738078746689,8.18826192125331,40,0,40,0.7469037871694058,0.7469037871694058,0.7179104529271656,0.7758971214116459,19,0,19,,40,0,40,0.0009330555000001326,0.0009330555000001326,0.0008943821974114759,0.0009717288025887892,0.0008943821974114759,0.0009717288025887892,0.7179104529271656,0.7758971214116459,-0.0356416987886168,-0.06343403354984468,-0.007849364027388925,,
bridge,8,2,28,0.75,equal,efficient,40,1.0,7.0,40,"{""ok"": 40}",40,0,40,7.2,7.2,6.211738078746689,8.18826192125331,6.211738078746689,8.18826192125331,40,0,40,0.7469037871694058,0.7469037871694058,0.7179104529271656,0.7758971214116459,19,0,19,,40,0,40,0.00102864872500023,0.00102864872500023,0.00097663101097919,0.0010806664390212702,0.00097663101097919,0.0010806664390212702,0.7179104529271656,0.7758971214116459,-0.0356416987886168,-0.06343403354984468,-0.007849364027388925,,
bridge,8,2,28,0.75,equal,mle,40,1.0,7.0,40,"{""ok"": 40}",40,0,40,7.8,7.8,6.698774806671081,8.90122519332892,6.698774806671081,8.90122519332892,40,0,40,0.8196626862714591,0.8196626862714591,0.7855504451937441,0.8537749273491742,19,0,19,,40,0,40,0.002175148800000615,0.002175148800000615,0.0021367816220484695,0.00221351597795276,0.0021367816220484695,0.00221351597795276,0.7855504451937441,0.8537749273491742,0.01490197011410417,-0.017844731016834446,0.04764867124504279,,
bridge,8,2,28,0.75,equal,pl,40,1.0,7.0,19,"{""no_unique_finite_mle"": 21, ""ok"": 19}",19,0,19,,8.210526315789474,6.8512600595572835,9.569792572021665,,,19,0,19,,0.7601494433859161,0.7096467342031318,0.8106521525687003,19,0,19,,40,0,40,0.001612356275001355,0.001612356275001355,0.001127019195297559,0.002097693354705151,0.001127019195297559,0.002097693354705151,,,0.0,0.0,0.0,,
bridge,8,2,28,0.75,equal,sharp,40,1.0,7.0,40,"{""ok"": 40}",40,0,40,9.075,9.075,8.049778896867096,10.100221103132903,8.049778896867096,10.100221103132903,40,0,40,0.7430453263516379,0.7430453263516379,0.7237213543674385,0.7623692983358373,19,0,19,,40,0,40,0.0015066310999983551,0.0015066310999983551,0.0014608002533812565,0.0015524619466154538,0.0014608002533812565,0.0015524619466154538,0.7237213543674385,0.7623692983358373,-0.023284242869486976,-0.06885749782078744,0.022289012081813494,,
bridge,8,2,28,1.0,alternating,borda,40,1.0,7.0,40,"{""ok"": 40}",40,0,40,6.625,6.625,5.68435949825195,7.56564050174805,5.68435949825195,7.56564050174805,40,0,40,0.737361712551299,0.737361712551299,0.7131676246351831,0.7615558004674149,13,0,13,,40,0,40,0.0009098182750001099,0.0009098182750001099,0.0008681833327896234,0.0009514532172105964,0.0008681833327896234,0.0009514532172105964,0.7131676246351831,0.7615558004674149,-0.017101972665008677,-0.050310166224837166,0.016106220894819816,,
bridge,8,2,28,1.0,alternating,efficient,40,1.0,7.0,40,"{""ok"": 40}",40,0,40,6.625,6.625,5.68435949825195,7.56564050174805,5.68435949825195,7.56564050174805,40,0,40,0.737361712551299,0.737361712551299,0.7131676246351831,0.7615558004674149,13,0,13,,40,0,40,0.0009838582250000876,0.0009838582250000876,0.0009393192941729029,0.0010283971558272722,0.0009393192941729029,0.0010283971558272722,0.7131676246351831,0.7615558004674149,-0.017101972665008677,-0.050310166224837166,0.016106220894819816,,
bridge,8,2,28,1.0,alternating,mle,40,1.0,7.0,40,"{""ok"": 40}",40,0,40,7.525,7.525,6.468038224575981,8.58196177542402,6.468038224575981,8.58196177542402,40,0,40,0.8361325302411927,0.8361325302411927,0.7983412814816504,0.873923779000735,13,0,13,,40,0,40,0.002190381524999498,0.002190381524999498,0.0021416329644725635,0.002239130085526432,0.0021416329644725635,0.002239130085526432,0.7983412814816504,0.873923779000735,0.06112976667777069,0.017439037356756962,0.10482049599878442,,
bridge,8,2,28,1.0,alternating,pl,40,1.0,7.0,13,"{""no_unique_finite_mle"": 27, ""ok"": 13}",13,0,13,,7.0,5.203982527580945,8.796017472419056,,,13,0,13,,0.7200789853438909,0.678065548246432,0.7620924224413499,13,0,13,,40,0,40,0.00124760169999968,0.00124760169999968,0.0007537409789608615,0.0017414624210384986,0.0007537409789608615,0.0017414624210384986,,,0.0,0.0,0.0,,
bridge,8,2,28,1.0,alternating,sharp,40,1.0,7.0,40,"{""ok"": 40}",40,0,40,7.925,7.925,6.897223983919863,8.952776016080136,6.897223983919863,8.952776016080136,40,0,40,0.7255120076261192,0.7255120076261192,0.7071896726111926,0.7438343426410459,13,0,13,,40,0,40,0.00146004212499941,0.00146004212499941,0.0014151841108922443,0.0015049001391065759,0.0014151841108922443,0.0015049001391065759,0.7071896726111926,0.7438343426410459,-0.011694840446292308,-0.061760575992265684,0.03837089509968107,,
bridge,8,2,28,1.0,equal,borda,40,1.0,7.0,40,"{""ok"": 40}",40,0,40,7.85,7.85,7.176223655008362,8.523776344991639,7.176223655008362,8.523776344991639,40,0,40,0.7400111204035659,0.7400111204035659,0.7164971501854666,0.7635250906216652,14,0,14,,40,0,40,0.000878502024999815,0.000878502024999815,0.000844324488621285,0.0009126795613783451,0.000844324488621285,0.0009126795613783451,0.7164971501854666,0.7635250906216652,-0.0295891777980892,-0.05859263884851067,-0.0005857167476677333,,
bridge,8,2,28,1.0,equal,efficient,40,1.0,7.0,40,"{""ok"": 40}",40,0,40,7.85,7.85,7.176223655008362,8.523776344991639,7.176223655008362,8.523776344991639,40,0,40,0.7400111204035659,0.7400111204035659,0.7164971501854666,0.7635250906216652,14,0,14,,40,0,40,0.000954227049998075,0.000954227049998075,0.0009144476476296264,0.0009940064523665235,0.0009144476476296264,0.0009940064523665235,0.7164971501854666,0.7635250906216652,-0.0295891777980892,-0.05859263884851067,-0.0005857167476677333,,
bridge,8,2,28,1.0,equal,mle,40,1.0,7.0,40,"{""ok"": 40}",40,0,40,8.5,8.5,7.56407626927967,9.43592373072033,7.56407626927967,9.43592373072033,40,0,40,0.8267136865427865,0.8267136865427865,0.7937187871085948,0.8597085859769783,14,0,14,,40,0,40,0.0021402700499993676,0.0021402700499993676,0.0021051079893954893,0.002175432110603246,0.0021051079893954893,0.002175432110603246,0.7937187871085948,0.8597085859769783,0.046489503638636194,-0.00612124687037973,0.09910025414765211,,
bridge,8,2,28,1.0,equal,pl,40,1.0,7.0,14,"{""no_unique_finite_mle"": 26, ""ok"": 14}",14,0,14,,8.571428571428571,7.237104599794342,9.905752543062802,,,14,0,14,,0.7433150860172325,0.7037183072328262,0.7829118648016388,14,0,14,,40,0,40,0.001397563349999535,0.001397563349999535,0.0008256466484340369,0.0019694800515650335,0.0008256466484340369,0.0019694800515650335,,,0.0,0.0,0.0,,
bridge,8,2,28,1.0,equal,sharp,40,1.0,7.0,40,"{""ok"": 40}",40,0,40,8.525,8.525,7.608937195427971,9.441062804572029,7.608937195427971,9.441062804572029,40,0,40,0.7281071172189384,0.7281071172189384,0.7089967420621711,0.7472174923757057,14,0,14,,40,0,40,0.0014563808999997925,0.0014563808999997925,0.0014153363774062132,0.001497425422593372,0.0014153363774062132,0.001497425422593372,0.7089967420621711,0.7472174923757057,-0.03483197914680002,-0.07921219494464671,0.009548236651046656,,
bridge,8,2,112,0.0,alternating,borda,40,4.0,28.0,40,"{""ok"": 40}",40,0,40,4.65,4.65,3.8581243042956945,5.441875695704306,3.8581243042956945,5.441875695704306,40,0,40,0.6703231865418887,0.6703231865418887,0.6633367318255208,0.6773096412582567,40,0,40,-0.00065242028190018,40,0,40,0.000850612900000725,0.000850612900000725,0.0008249804954986521,0.000876245304502798,0.0008249804954986521,0.000876245304502798,0.6633367318255208,0.6773096412582567,-0.00065242028190018,-0.006333151552217217,0.005028310988416856,-0.006333151552217217,0.005028310988416856
bridge,8,2,112,0.0,alternating,efficient,40,4.0,28.0,0,"{""outside_schedule_domain"": 40}",0,0,0,,,,,,,0,0,0,,,,,0,0,0,,40,0,40,4.6207899999828325e-05,4.6207899999828325e-05,4.392047668552612e-05,4.849532331413053e-05,4.392047668552612e-05,4.849532331413053e-05,,,,,,,
bridge,8,2,112,0.0,alternating,mle,40,4.0,28.0,40,"{""ok"": 40}",40,0,40,3.9,3.9,3.120642887377513,4.679357112622487,3.120642887377513,4.679357112622487,40,0,40,0.6742880422617915,0.6742880422617915,0.6630909596788064,0.6854851248447766,40,0,40,0.0033124354380026236,40,0,40,0.0020763231749998776,0.0020763231749998776,0.0019683837819761364,0.0021842625680236188,0.0019683837819761364,0.0021842625680236188,0.6630909596788064,0.6854851248447766,0.0033124354380026236,-0.0056724252093469036,0.012297296085352152,-0.0056724252093469036,0.012297296085352152
bridge,8,2,112,0.0,alternating,pl,40,4.0,28.0,40,"{""ok"": 40}",40,0,40,4.4,4.4,3.694842073245636,5.105157926754364,3.694842073245636,5.105157926754364,40,0,40,0.670975606823789,0.670975606823789,0.6638640507364068,0.6780871629111712,40,0,40,0.0,40,0,40,0.0022183209750003623,0.0022183209750003623,0.0020155792727559753,0.0024210626772447493,0.0020155792727559753,0.0024210626772447493,0.6638640507364068,0.6780871629111712,0.0,0.0,0.0,0.0,0.0
bridge,8,2,112,0.0,alternating,sharp,40,4.0,28.0,40,"{""ok"": 40}",40,0,40,4.175,4.175,3.5276761047301113,4.822323895269888,3.5276761047301113,4.822323895269888,40,0,40,0.6723983414479958,0.6723983414479958,0.66414221642933,0.6806544664666616,40,0,40,0.0014227346242068153,40,0,40,0.0028085347749999775,0.0028085347749999775,0.002741389159017169,0.002875680390982786,0.002741389159017169,0.002875680390982786,0.66414221642933,0.6806544664666616,0.0014227346242068153,-0.00754387526017219,0.01038934450858582,-0.00754387526017219,0.01038934450858582
bridge,8,2,112,0.0,equal,borda,40,4.0,28.0,40,"{""ok"": 40}",40,0,40,5.025,5.025,4.204057644578956,5.845942355421045,4.204057644578956,5.845942355421045,40,0,40,0.6709530229057971,0.6709530229057971,0.6628241350229195,0.6790819107886746,40,0,40,-0.0016017140237782827,40,0,40,0.0008358238249992874,0.0008358238249992874,0.0008149214077013113,0.0008567262422972635,0.0008149214077013113,0.0008567262422972635,0.6628241350229195,0.6790819107886746,-0.0016017140237782827,-0.006178972488091823,0.002975544440535257,-0.006178972488091823,0.002975544440535257
bridge,8,2,112,0.0,equal,efficient,40,4.0,28.0,0,"{""outside_schedule_domain"": 40}",0,0,0,,,,,,,0,0,0,,,,,0,0,0,,40,0,40,4.463002499797142e-05,4.463002499797142e-05,4.3043534354282794e-05,4.621651564166004e-05,4.3043534354282794e-05,4.621651564166004e-05,,,,,,,
bridge,8,2,112,0.0,equal,mle,40,4.0,28.0,40,"{""ok"": 40}",40,0,40,4.375,4.375,3.3644652378754456,5.385534762124554,3.3644652378754456,5.385534762124554,40,0,40,0.6734140131221548,0.6734140131221548,0.6620817826104507,0.6847462436338588,40,0,40,0.0008592761925793523,40,0,40,0.0020197370999990747,0.0020197370999990747,0.0019765632096494933,0.002062910990348656,0.0019765632096494933,0.002062910990348656,0.6620817826104507,0.6847462436338588,0.0008592761925793523,-0.006813927504129327,0.008532479889288031,-0.006813927504129327,0.008532479889288031
bridge,8,2,112,0.0,equal,pl,40,4.0,28.0,40,"{""ok"": 40}",40,0,40,5.15,5.15,4.316180419147025,5.983819580852976,4.316180419147025,5.983819580852976,40,0,40,0.6725547369295753,0.6725547369295753,0.6661607960080629,0.6789486778510878,40,0,40,0.0,40,0,40,0.002149836599998825,0.002149836599998825,0.0019948830643975388,0.002304790135600111,0.0019948830643975388,0.002304790135600111,0.6661607960080629,0.6789486778510878,0.0,0.0,0.0,0.0,0.0
bridge,8,2,112,0.0,equal,sharp,40,4.0,28.0,40,"{""ok"": 40}",40,0,40,4.675,4.675,3.7240994265777743,5.625900573422225,3.7240994265777743,5.625900573422225,40,0,40,0.6740262918974551,0.6740262918974551,0.6629449306448808,0.6851076531500294,40,0,40,0.0014715549678796923,40,0,40,0.005870819575000345,0.005870819575000345,-0.00043284413297340913,0.012174483282974099,-0.00043284413297340913,0.012174483282974099,0.6629449306448808,0.6851076531500294,0.0014715549678796923,-0.007479544909590268,0.010422654845349653,-0.007479544909590268,0.010422654845349653
bridge,8,2,112,0.25,alternating,borda,40,4.0,28.0,40,"{""ok"": 40}",40,0,40,4.55,4.55,3.763441196620138,5.336558803379861,3.763441196620138,5.336558803379861,40,0,40,0.6653434771780893,0.6653434771780893,0.657774344705323,0.6729126096508555,40,0,40,0.0008487166907088564,40,0,40,0.0008674909499994001,0.0008674909499994001,0.000824055734366416,0.0009109261656323842,0.000824055734366416,0.0009109261656323842,0.657774344705323,0.6729126096508555,0.0008487166907088564,-0.0036165294239627315,0.005313962805380445,-0.0036165294239627315,0.005313962805380445
bridge,8,2,112,0.25,alternating,efficient,40,4.0,28.0,0,"{""outside_schedule_domain"": 40}",0,0,0,,,,,,,0,0,0,,,,,0,0,0,,40,0,40,4.563289999950371e-05,4.563289999950371e-05,4.3242401581380275e-05,4.802339841762714e-05,4.3242401581380275e-05,4.802339841762714e-05,,,,,,,
bridge,8,2,112,0.25,alternating,mle,40,4.0,28.0,40,"{""ok"": 40}",40,0,40,3.9,3.9,3.016546513181284,4.783453486818716,3.016546513181284,4.783453486818716,40,0,40,0.6692249945734552,0.6692249945734552,0.6597383490409187,0.6787116401059917,40,0,40,0.004730234086074944,40,0,40,0.0020629540500002974,0.0020629540500002974,0.0020140602629474605,0.0021118478370531343,0.0020140602629474605,0.0021118478370531343,0.6597383490409187,0.6787116401059917,0.004730234086074944,-0.003106885820795378,0.012567353992945266,-0.003106885820795378,0.012567353992945266
bridge,8,2,112,0.25,alternating,pl,40,4.0,28.0,40,"{""ok"": 40}",40,0,40,4.45,4.45,3.6535011375175137,5.246498862482487,3.6535011375175137,5.246498862482487,40,0,40,0.6644947604873803,0.6644947604873803,0.6576832345897068,0.6713062863850539,40,0,40,0.0,40,0,40,0.0022964147999995797,0.0022964147999995797,0.0020903116919509437,0.0025025179080482157,0.0020903116919509437,0.0025025179080482157,0.6576832345897068,0.6713062863850539,0.0,0.0,0.0,0.0,0.0
bridge,8,2,112,0.25,alternating,sharp,40,4.0,28.0,40,"{""ok"": 40}",40,0,40,4.3,4.3,3.4124002118855232,5.187599788114476,3.4124002118855232,5.187599788114476,40,0,40,0.6698402978835415,0.6698402978835415,0.6605098608846355,0.6791707348824475,40,0,40,0.0053455373961611725,40,0,40,0.0028286038000000452,0.0028286038000000452,0.0027686771259865413,0.002888530474013549,0.0027686771259865413,0.002888530474013549,0.6605098608846355,0.6791707348824475,0.0053455373961611725,-0.0022232209036373097,0.012914295695959654,-0.0022232209036373097,0.012914295695959654
bridge,8,2,112,0.25,equal,borda,40,4.0,28.0,40,"{""ok"": 40}",40,0,40,4.625,4.625,4.084543077099574,5.165456922900426,4.084543077099574,5.165456922900426,40,0,40,0.6659060654244109,0.6659060654244109,0.6602068998524883,0.6716052309963335,40,0,40,0.0054808598689750675,40,0,40,0.0008727238999980524,0.0008727238999980524,0.000836144878730782,0.0009093029212653228,0.000836144878730782,0.0009093029212653228,0.6602068998524883,0.6716052309963335,0.0054808598689750675,0.0011838818428801827,0.009777837895069953,0.0011838818428801827,0.009777837895069953
bridge,8,2,112,0.25,equal,efficient,40,4.0,28.0,0,"{""outside_schedule_domain"": 40}",0,0,0,,,,,,,0,0,0,,,,,0,0,0,,40,0,40,4.689119999987625e-05,4.689119999987625e-05,4.32083020821968e-05,5.05740979175557e-05,4.32083020821968e-05,5.05740979175557e-05,,,,,,,
bridge,8,2,112,0.25,equal,mle,40,4.0,28.0,40,"{""ok"": 40}",40,0,40,4.15,4.15,3.431030383036646,4.868969616963354,3.431030383036646,4.868969616963354,40,0,40,0.6712572963943685,0.6712572963943685,0.6614461779785427,0.6810684148101943,40,0,40,0.010832090838932574,40,0,40,0.00204253260000046,0.00204253260000046,0.0020082786677673506,0.0020767865322335695,0.0020082786677673506,0.0020767865322335695,0.6614461779785427,0.6810684148101943,0.010832090838932574,0.002447818809130628,0.01921636286873452,0.002447818809130628,0.01921636286873452
bridge,8,2,112,0.25,equal,pl,40,4.0,28.0,40,"{""ok"": 40}",40,0,40,4.35,4.35,3.8102107202486994,4.8897892797513,3.8102107202486994,4.8897892797513,40,0,40,0.6604252055554358,0.6604252055554358,0.6545560252394381,0.6662943858714335,40,0,40,0.0,40,0,40,0.0020892000249989676,0.0020892000249989676,0.001946270618299671,0.002232129431698264,0.001946270618299671,0.002232129431698264,0.6545560252394381,0.6662943858714335,0.0,0.0,0.0,0.0,0.0
bridge,8,2,112,0.25,equal,sharp,40,4.0,28.0,40,"{""ok"": 40}",40,0,40,4.325,4.325,3.65576387989724,4.9942361201027605,3.65576387989724,4.9942361201027605,40,0,40,0.6679834407089601,0.6679834407089601,0.6596068728980602,0.67636000851986,40,0,40,0.007558235153524233,40,0,40,0.002848545049999935,0.002848545049999935,0.002803050417815728,0.002894039682184142,0.002803050417815728,0.002894039682184142,0.6596068728980602,0.67636000851986,0.007558235153524233,-0.0006174506834976425,0.01573392099054611,-0.0006174506834976425,0.01573392099054611
bridge,8,2,112,0.5,alternating,borda,40,4.0,28.0,40,"{""ok"": 40}",40,0,40,3.525,3.525,2.997807845823161,4.052192154176839,2.997807845823161,4.052192154176839,40,0,40,0.658848063260102,0.658848063260102,0.6522965368385139,0.6653995896816902,40,0,40,0.0015619959937902771,40,0,40,0.0008946694499989375,0.0008946694499989375,0.0008619738566356073,0.0009273650433622676,0.0008619738566356073,0.0009273650433622676,0.6522965368385139,0.6653995896816902,0.0015619959937902771,-0.0037590570404037005,0.006883049027984254,-0.0037590570404037005,0.006883049027984254
bridge,8,2,112,0.5,alternating,efficient,40,4.0,28.0,0,"{""outside_schedule_domain"": 40}",0,0,0,,,,,,,0,0,0,,,,,0,0,0,,40,0,40,4.550407500083509e-05,4.550407500083509e-05,4.426303256323965e-05,4.674511743843053e-05,4.426303256323965e-05,4.674511743843053e-05,,,,,,,
bridge,8,2,112,0.5,alternating,mle,40,4.0,28.0,40,"{""ok"": 40}",40,0,40,3.85,3.85,3.0681231358547283,4.631876864145272,3.0681231358547283,4.631876864145272,40,0,40,0.6745313637028642,0.6745313637028642,0.6633467988710015,0.6857159285347268,40,0,40,0.01724529643655249,40,0,40,0.0020946154500016225,0.0020946154500016225,0.002061951117735364,0.0021272797822678813,0.002061951117735364,0.0021272797822678813,0.6633467988710015,0.6857159285347268,0.01724529643655249,0.007508475754440965,0.026982117118664013,0.007508475754440965,0.026982117118664013
bridge,8,2,112,0.5,alternating,pl,40,4.0,28.0,40,"{""ok"": 40}",40,0,40,3.6,3.6,3.078748757236486,4.121251242763514,3.078748757236486,4.121251242763514,40,0,40,0.6572860672663118,0.6572860672663118,0.6506310037282921,0.6639411308043315,40,0,40,0.0,40,0,40,0.0024896857000008274,0.0024896857000008274,0.0022478320191347254,0.0027315393808669294,0.0022478320191347254,0.0027315393808669294,0.6506310037282921,0.6639411308043315,0.0,0.0,0.0,0.0,0.0
bridge,8,2,112,0.5,alternating,sharp,40,4.0,28.0,40,"{""ok"": 40}",40,0,40,3.975,3.975,3.3053721127803537,4.644627887219647,3.3053721127803537,4.644627887219647,40,0,40,0.6704637127302414,0.6704637127302414,0.6616776123256767,0.6792498131348061,40,0,40,0.013177645463929619,40,0,40,0.0028659466999993097,0.0028659466999993097,0.002827638349716798,0.0029042550502818214,0.002827638349716798,0.0029042550502818214,0.6616776123256767,0.6792498131348061,0.013177645463929619,0.004683073284894536,0.021672217642964703,0.004683073284894536,0.021672217642964703
bridge,8,2,112,0.5,equal,borda,40,4.0,28.0,40,"{""ok"": 40}",40,0,40,4.225,4.225,3.695326343975961,4.754673656024038,3.695326343975961,4.754673656024038,40,0,40,0.6564127888211286,0.6564127888211286,0.6516345591083428,0.6611910185339145,40,0,40,0.005065724976532323,40,0,40,0.00084900707500135,0.00084900707500135,0.0008236342930707253,0.0008743798569319747,0.0008236342930707253,0.0008743798569319747,0.6516345591083428,0.6611910185339145,0.005065724976532323,-5.4058235892141815e-05,0.010185508188956787,-5.4058235892141815e-05,0.010185508188956787
bridge,8,2,112,0.5,equal,efficient,40,4.0,28.0,0,"{""outside_schedule_domain"": 40}",0,0,0,,,,,,,0,0,0,,,,,0,0,0,,40,0,40,4.488547500081097e-05,4.488547500081097e-05,4.3597554903945604e-05,4.6173395097676337e-05,4.3597554903945604e-05,4.6173395097676337e-05,,,,,,,
bridge,8,2,112,0.5,equal,mle,40,4.0,28.0,40,"{""ok"": 40}",40,0,40,4.675,4.675,3.8017355957781738,5.548264404221825,3.8017355957781738,5.548264404221825,40,0,40,0.671259675622937,0.671259675622937,0.6617921650621139,0.68072718618376,40,0,40,0.01991261177834056,40,0,40,0.002029366499999285,0.002029366499999285,0.0019896256740371426,0.0020691073259614273,0.0019896256740371426,0.0020691073259614273,0.6617921650621139,0.68072718618376,0.01991261177834056,0.01318910142508175,0.02663612213159937,0.01318910142508175,0.02663612213159937
bridge,8,2,112,0.5,equal,pl,40,4.0,28.0,40,"{""ok"": 40}",40,0,40,4.225,4.225,3.612653445788185,4.837346554211814,3.612653445788185,4.837346554211814,40,0,40,0.6513470638445964,0.6513470638445964,0.6448532377586685,0.6578408899305243,40,0,40,0.0,40,0,40,0.002209350650001295,0.002209350650001295,0.0020184671632683393,0.002400234136734251,0.0020184671632683393,0.002400234136734251,0.6448532377586685,0.6578408899305243,0.0,0.0,0.0,0.0,0.0
bridge,8,2,112,0.5,equal,sharp,40,4.0,28.0,40,"{""ok"": 40}",40,0,40,4.9,4.9,4.172869286037522,5.627130713962479,4.172869286037522,5.627130713962479,40,0,40,0.6691445635800234,0.6691445635800234,0.6610355018304764,0.6772536253295703,40,0,40,0.017797499735427012,40,0,40,0.002761157175,0.002761157175,0.002725031474550897,0.002797282875449103,0.002725031474550897,0.002797282875449103,0.6610355018304764,0.6772536253295703,0.017797499735427012,0.01218605646241831,0.023408943008435715,0.01218605646241831,0.023408943008435715
bridge,8,2,112,0.75,alternating,borda,40,4.0,28.0,40,"{""ok"": 40}",40,0,40,3.65,3.65,3.21214943525821,4.08785056474179,3.21214943525821,4.08785056474179,40,0,40,0.649375689571829,0.649375689571829,0.6444940376813221,0.6542573414623359,39,0,39,,40,0,40,0.00088351774999817,0.00088351774999817,0.0008522792060112534,0.0009147562939850867,0.0008522792060112534,0.0009147562939850867,0.6444940376813221,0.6542573414623359,0.005553266245856304,-0.0011286218326545675,0.012235154324367177,,
bridge,8,2,112,0.75,alternating,efficient,40,4.0,28.0,0,"{""outside_schedule_domain"": 40}",0,0,0,,,,,,,0,0,0,,,,,0,0,0,,40,0,40,4.553187499958256e-05,4.553187499958256e-05,4.407824095274927e-05,4.6985509046415844e-05,4.407824095274927e-05,4.6985509046415844e-05,,,,,,,
bridge,8,2,112,0.75,alternating,mle,40,4.0,28.0,40,"{""ok"": 40}",40,0,40,4.3,4.3,3.680362398670433,4.919637601329567,3.680362398670433,4.919637601329567,40,0,40,0.6667347499590902,0.6667347499590902,0.6590070374681979,0.6744624624499825,39,0,39,,40,0,40,0.0020890532249985523,0.0020890532249985523,0.0020475510854354654,0.0021305553645616392,0.0020475510854354654,0.0021305553645616392,0.6590070374681979,0.6744624624499825,0.023008844828272205,0.013739451782823566,0.03227823787372085,,
bridge,8,2,112,0.75,alternating,pl,40,4.0,28.0,39,"{""ok"": 39, ""no_unique_finite_mle"": 1}",39,0,39,,3.4358974358974357,3.003571416443977,3.8682234553508943,,,39,0,39,,0.643898205264661,0.6341161718216767,0.6536802387076454,39,0,39,,40,0,40,0.00262223117500072,0.00262223117500072,0.0021876804763415886,0.0030567818736598517,0.0021876804763415886,0.0030567818736598517,,,0.0,0.0,0.0,,
bridge,8,2,112,0.75,alternating,sharp,40,4.0,28.0,40,"{""ok"": 40}",40,0,40,4.7,4.7,4.101899162031267,5.298100837968733,4.101899162031267,5.298100837968733,40,0,40,0.6681647264709529,0.6681647264709529,0.6606213404738432,0.6757081124680626,39,0,39,,40,0,40,0.0028411237249993523,0.0028411237249993523,0.0028098587634444194,0.0028723886865542852,0.0028098587634444194,0.0028723886865542852,0.6606213404738432,0.6757081124680626,0.024595063046246524,0.01596088256610717,0.03322924352638588,,
bridge,8,2,112,0.75,equal,borda,40,4.0,28.0,40,"{""ok"": 40}",40,0,40,3.65,3.65,3.0373858234887026,4.262614176511297,3.0373858234887026,4.262614176511297,40,0,40,0.6514871849470184,0.6514871849470184,0.6454885828791095,0.6574857870149273,40,0,40,0.005624378115890798,40,0,40,0.00086425022499869,0.00086425022499869,0.0008319730406882137,0.0008965274093091664,0.0008319730406882137,0.0008965274093091664,0.6454885828791095,0.6574857870149273,0.005624378115890798,0.0008590937271028606,0.010389662504678735,0.0008590937271028606,0.010389662504678735
bridge,8,2,112,0.75,equal,efficient,40,4.0,28.0,0,"{""outside_schedule_domain"": 40}",0,0,0,,,,,,,0,0,0,,,,,0,0,0,,40,0,40,4.4569125000037955e-05,4.4569125000037955e-05,4.299380729337665e-05,4.614444270669926e-05,4.299380729337665e-05,4.614444270669926e-05,,,,,,,
bridge,8,2,112,0.75,equal,mle,40,4.0,28.0,40,"{""ok"": 40}",40,0,40,4.525,4.525,3.7758845688859095,5.274115431114091,3.7758845688859095,5.274115431114091,40,0,40,0.6705963418636692,0.6705963418636692,0.6614116621405405,0.679781021586798,40,0,40,0.024733535032541637,40,0,40,0.0020428267749984324,0.0020428267749984324,0.0020065732671595135,0.0020790802828373513,0.0020065732671595135,0.0020790802828373513,0.6614116621405405,0.679781021586798,0.024733535032541637,0.017106952660802782,0.03236011740428049,0.017106952660802782,0.03236011740428049
bridge,8,2,112,0.75,equal,pl,40,4.0,28.0,40,"{""ok"": 40}",40,0,40,3.65,3.65,3.095826603583353,4.204173396416647,3.095826603583353,4.204173396416647,40,0,40,0.6458628068311275,0.6458628068311275,0.6398972292041922,0.6518283844580628,40,0,40,0.0,40,0,40,0.0025417050750003727,0.0025417050750003727,0.0023076806243163867,0.0027757295256843587,0.0023076806243163867,0.0027757295256843587,0.6398972292041922,0.6518283844580628,0.0,0.0,0.0,0.0,0.0
bridge,8,2,112,0.75,equal,sharp,40,4.0,28.0,40,"{""ok"": 40}",40,0,40,5.325,5.325,4.6756535286554355,5.974346471344565,4.6756535286554355,5.974346471344565,40,0,40,0.6742738129661027,0.6742738129661027,0.6666755301018624,0.6818720958303429,40,0,40,0.028411006134975148,40,0,40,0.0027297132250004947,0.0027297132250004947,0.00269536991937192,0.0027640565306290693,0.00269536991937192,0.0027640565306290693,0.6666755301018624,0.6818720958303429,0.028411006134975148,0.02189211587825134,0.03492989639169896,0.02189211587825134,0.03492989639169896
bridge,8,2,112,1.0,alternating,borda,40,4.0,28.0,40,"{""ok"": 40}",40,0,40,3.575,3.575,2.876991259829768,4.273008740170232,2.876991259829768,4.273008740170232,40,0,40,0.644857830010481,0.644857830010481,0.6391847268156847,0.6505309332052773,40,0,40,0.012221570785892635,40,0,40,0.0008696402249998725,0.0008696402249998725,0.0008416143438321811,0.000897666106167564,0.0008416143438321811,0.000897666106167564,0.6391847268156847,0.6505309332052773,0.012221570785892635,0.0061148599019391165,0.018328281669846153,0.0061148599019391165,0.018328281669846153
bridge,8,2,112,1.0,alternating,efficient,40,4.0,28.0,0,"{""outside_schedule_domain"": 40}",0,0,0,,,,,,,0,0,0,,,,,0,0,0,,40,0,40,4.5375050000728836e-05,4.5375050000728836e-05,4.305767236418605e-05,4.7692427637271626e-05,4.305767236418605e-05,4.7692427637271626e-05,,,,,,,
bridge,8,2,112,1.0,alternating,mle,40,4.0,28.0,40,"{""ok"": 40}",40,0,40,4.775,4.775,3.9257924804802675,5.624207519519733,3.9257924804802675,5.624207519519733,40,0,40,0.6661449409575809,0.6661449409575809,0.6569132726070249,0.6753766093081369,40,0,40,0.033508681732992485,40,0,40,0.0020566958500011826,0.0020566958500011826,0.0020259567634177333,0.002087434936584632,0.0020259567634177333,0.002087434936584632,0.6569132726070249,0.6753766093081369,0.033508681732992485,0.02540332422126461,0.04161403924472036,0.02540332422126461,0.04161403924472036
bridge,8,2,112,1.0,alternating,pl,40,4.0,28.0,40,"{""ok"": 40}",40,0,40,3.375,3.375,2.797024639906603,3.952975360093397,2.797024639906603,3.952975360093397,40,0,40,0.6326362592245884,0.6326362592245884,0.6261154681735177,0.6391570502756592,40,0,40,0.0,40,0,40,0.0025814494750011625,0.0025814494750011625,0.00229881276146786,0.002864086188534465,0.00229881276146786,0.002864086188534465,0.6261154681735177,0.6391570502756592,0.0,0.0,0.0,0.0,0.0
bridge,8,2,112,1.0,alternating,sharp,40,4.0,28.0,40,"{""ok"": 40}",40,0,40,4.85,4.85,4.0548192995502905,5.645180700449709,4.0548192995502905,5.645180700449709,40,0,40,0.6631206655558584,0.6631206655558584,0.6550498352398287,0.671191495871888,40,0,40,0.030484406331269975,40,0,40,0.002780684450000177,0.002780684450000177,0.0027429628888521814,0.002818406011148173,0.0027429628888521814,0.002818406011148173,0.6550498352398287,0.671191495871888,0.030484406331269975,0.021788998638930572,0.03917981402360938,0.021788998638930572,0.03917981402360938
bridge,8,2,112,1.0,equal,borda,40,4.0,28.0,40,"{""ok"": 40}",40,0,40,3.35,3.35,2.708117821009029,3.9918821789909713,2.708117821009029,3.9918821789909713,40,0,40,0.6436966026924317,0.6436966026924317,0.6381409742967832,0.6492522310880802,40,0,40,0.01425338266076645,40,0,40,0.0008735216750000299,0.0008735216750000299,0.0008435324237243036,0.0009035109262757561,0.0008435324237243036,0.0009035109262757561,0.6381409742967832,0.6492522310880802,0.01425338266076645,0.010296812930258886,0.018209952391274015,0.010296812930258886,0.018209952391274015
bridge,8,2,112,1.0,equal,efficient,40,4.0,28.0,0,"{""outside_schedule_domain"": 40}",0,0,0,,,,,,,0,0,0,,,,,0,0,0,,40,0,40,4.675070000033088e-05,4.675070000033088e-05,4.517505743495455e-05,4.83263425657072e-05,4.517505743495455e-05,4.83263425657072e-05,,,,,,,
bridge,8,2,112,1.0,equal,mle,40,4.0,28.0,40,"{""ok"": 40}",40,0,40,4.85,4.85,4.105934201457952,5.594065798542047,4.105934201457952,5.594065798542047,40,0,40,0.6694899629210177,0.6694899629210177,0.6599448409294265,0.6790350849126089,40,0,40,0.04004674288935235,40,0,40,0.0021082420250003076,0.0021082420250003076,0.002074671203674697,0.002141812846325918,0.002074671203674697,0.002141812846325918,0.6599448409294265,0.6790350849126089,0.04004674288935235,0.03366324359963423,0.04643024217907048,0.03366324359963423,0.04643024217907048
bridge,8,2,112,1.0,equal,pl,40,4.0,28.0,40,"{""ok"": 40}",40,0,40,3.45,3.45,2.736890650851068,4.163109349148932,2.736890650851068,4.163109349148932,40,0,40,0.6294432200316653,0.6294432200316653,0.6228539642874173,0.6360324757759133,40,0,40,0.0,40,0,40,0.0024279921999990446,0.0024279921999990446,0.002268279311784369,0.0025877050882137202,0.002268279311784369,0.0025877050882137202,0.6228539642874173,0.6360324757759133,0.0,0.0,0.0,0.0,0.0
bridge,8,2,112,1.0,equal,sharp,40,4.0,28.0,40,"{""ok"": 40}",40,0,40,4.975,4.975,4.150869197369274,5.799130802630725,4.150869197369274,5.799130802630725,40,0,40,0.6683625852709806,0.6683625852709806,0.6580989030399399,0.6786262675020213,40,0,40,0.03891936523931534,40,0,40,0.0029098902750007,0.0029098902750007,0.0028634829470547646,0.002956297602946636,0.0028634829470547646,0.002956297602946636,0.6580989030399399,0.6786262675020213,0.03891936523931534,0.032450593119826295,0.04538813735880439,0.032450593119826295,0.04538813735880439
bridge,8,2,448,0.0,alternating,borda,40,16.0,112.0,40,"{""ok"": 40}",40,0,40,1.775,1.775,1.4240052503661635,2.1259947496338363,1.4240052503661635,2.1259947496338363,40,0,40,0.6378650206303602,0.6378650206303602,0.6345035672486925,0.6412264740120279,40,0,40,-0.007337957872966159,40,0,40,0.0009070722749999226,0.0009070722749999226,0.0008652743047826194,0.0009488702452172257,0.0008652743047826194,0.0009488702452172257,0.6345035672486925,0.6412264740120279,-0.007337957872966159,-0.010375792643416775,-0.004300123102515544,-0.010375792643416775,-0.004300123102515544
bridge,8,2,448,0.0,alternating,efficient,40,16.0,112.0,0,"{""outside_schedule_domain"": 40}",0,0,0,,,,,,,0,0,0,,,,,0,0,0,,40,0,40,6.02251500012585e-05,6.02251500012585e-05,5.829310396192871e-05,6.215719604058828e-05,5.829310396192871e-05,6.215719604058828e-05,,,,,,,
bridge,8,2,448,0.0,alternating,mle,40,16.0,112.0,40,"{""ok"": 40}",40,0,40,0.625,0.625,0.36702937777918837,0.8829706222208116,0.36702937777918837,0.8829706222208116,40,0,40,0.6265243936184547,0.6265243936184547,0.6238262475344641,0.6292225397024452,40,0,40,-0.01867858488487164,40,0,40,0.0020461192249981754,0.0020461192249981754,0.001956486765518032,0.0021357516844783186,0.001956486765518032,0.0021357516844783186,0.6238262475344641,0.6292225397024452,-0.01867858488487164,-0.021590134451709878,-0.0157670353180334,-0.021590134451709878,-0.0157670353180334
bridge,8,2,448,0.0,alternating,pl,40,16.0,112.0,40,"{""ok"": 40}",40,0,40,1.8,1.8,1.395461815992648,2.2045381840073524,1.395461815992648,2.2045381840073524,40,0,40,0.6452029785033264,0.6452029785033264,0.6438232717796175,0.6465826852270353,40,0,40,0.0,40,0,40,0.0026171852000004,0.0026171852000004,0.0025049181590738384,0.002729452240926962,0.0025049181590738384,0.002729452240926962,0.6438232717796175,0.6465826852270353,0.0,0.0,0.0,0.0,0.0
bridge,8,2,448,0.0,alternating,sharp,40,16.0,112.0,40,"{""ok"": 40}",40,0,40,0.7,0.7,0.3910288583810558,1.0089711416189442,0.3910288583810558,1.0089711416189442,40,0,40,0.6272437430720148,0.6272437430720148,0.6240834222020202,0.6304040639420094,40,0,40,-0.017959235431311525,40,0,40,0.009124815499998776,0.009124815499998776,0.008980350827102856,0.009269280172894696,0.008980350827102856,0.009269280172894696,0.6240834222020202,0.6304040639420094,-0.017959235431311525,-0.02136397315555719,-0.014554497707065859,-0.02136397315555719,-0.014554497707065859
bridge,8,2,448,0.0,equal,borda,40,16.0,112.0,40,"{""ok"": 40}",40,0,40,1.675,1.675,1.3100845999145942,2.039915400085406,1.3100845999145942,2.039915400085406,40,0,40,0.6368200668649291,0.6368200668649291,0.6332507888203229,0.6403893449095353,40,0,40,-0.007317429805882339,40,0,40,0.0009065761499996476,0.0009065761499996476,0.000883999758693882,0.0009291525413054131,0.000883999758693882,0.0009291525413054131,0.6332507888203229,0.6403893449095353,-0.007317429805882339,-0.010204029797919872,-0.004430829813844805,-0.010204029797919872,-0.004430829813844805
bridge,8,2,448,0.0,equal,efficient,40,16.0,112.0,0,"{""outside_schedule_domain"": 40}",0,0,0,,,,,,,0,0,0,,,,,0,0,0,,40,0,40,6.791647500037357e-05,6.791647500037357e-05,6.617708550092957e-05,6.965586449981757e-05,6.617708550092957e-05,6.965586449981757e-05,,,,,,,
bridge,8,2,448,0.0,equal,mle,40,16.0,112.0,40,"{""ok"": 40}",40,0,40,0.55,0.55,0.21068779154702866,0.8893122084529714,0.21068779154702866,0.8893122084529714,40,0,40,0.625589675732661,0.625589675732661,0.6221342330011874,0.6290451184641346,40,0,40,-0.018547820938150418,40,0,40,0.0020395263749992598,0.0020395263749992598,0.0020073484593705238,0.002071704290627996,0.0020073484593705238,0.002071704290627996,0.6221342330011874,0.6290451184641346,-0.018547820938150418,-0.02165752485472561,-0.015438117021575225,-0.02165752485472561,-0.015438117021575225
bridge,8,2,448,0.0,equal,pl,40,16.0,112.0,40,"{""ok"": 40}",40,0,40,1.45,1.45,1.0955663212302529,1.804433678769747,1.0955663212302529,1.804433678769747,40,0,40,0.6441374966708114,0.6441374966708114,0.6428626508794109,0.645412342462212,40,0,40,0.0,40,0,40,0.0026072799750007252,0.0026072799750007252,0.0025112118865985734,0.002703348063402877,0.0025112118865985734,0.002703348063402877,0.6428626508794109,0.645412342462212,0.0,0.0,0.0,0.0,0.0
bridge,8,2,448,0.0,equal,sharp,40,16.0,112.0,40,"{""ok"": 40}",40,0,40,0.45,0.45,0.15182785139675775,0.7481721486032422,0.15182785139675775,0.7481721486032422,40,0,40,0.6246461782962426,0.6246461782962426,0.6215675387309826,0.6277248178615026,40,0,40,-0.019491318374568755,40,0,40,0.009941460650000119,0.009941460650000119,0.009841055860328407,0.01004186543967183,0.009841055860328407,0.01004186543967183,0.6215675387309826,0.6277248178615026,-0.019491318374568755,-0.022288603081470102,-0.016694033667667408,-0.022288603081470102,-0.016694033667667408
bridge,8,2,448,0.25,alternating,borda,40,16.0,112.0,40,"{""ok"": 40}",40,0,40,1.925,1.925,1.5459832364386565,2.3040167635613433,1.5459832364386565,2.3040167635613433,40,0,40,0.6369605386862287,0.6369605386862287,0.6336351895484679,0.6402858878239895,40,0,40,0.0003328964906730251,40,0,40,0.000893562474999445,0.000893562474999445,0.0008814573176336536,0.0009056676323652364,0.0008814573176336536,0.0009056676323652364,0.6336351895484679,0.6402858878239895,0.0003328964906730251,-0.0020311355976511316,0.002696928578997182,-0.0020311355976511316,0.002696928578997182
bridge,8,2,448,0.25,alternating,efficient,40,16.0,112.0,0,"{""outside_schedule_domain"": 40}",0,0,0,,,,,,,0,0,0,,,,,0,0,0,,40,0,40,6.77914249990863e-05,6.77914249990863e-05,6.589433999335533e-05,6.968851000481727e-05,6.589433999335533e-05,6.968851000481727e-05,,,,,,,
bridge,8,2,448,0.25,alternating,mle,40,16.0,112.0,40,"{""ok"": 40}",40,0,40,1.15,1.15,0.7985385638821073,1.5014614361178924,0.7985385638821073,1.5014614361178924,40,0,40,0.6307314569707703,0.6307314569707703,0.6275779376430145,0.633884976298526,40,0,40,-0.0058961852247853075,40,0,40,0.0020240832249981524,0.0020240832249981524,0.002007090891327797,0.0020410755586685076,0.002007090891327797,0.0020410755586685076,0.6275779376430145,0.633884976298526,-0.0058961852247853075,-0.00908274622065377,-0.0027096242289168446,-0.00908274622065377,-0.0027096242289168446
bridge,8,2,448,0.25,alternating,pl,40,16.0,112.0,40,"{""ok"": 40}",40,0,40,1.95,1.95,1.5536483806399592,2.346351619360041,1.5536483806399592,2.346351619360041,40,0,40,0.6366276421955558,0.6366276421955558,0.6350050031205828,0.6382502812705287,40,0,40,0.0,40,0,40,0.002696302449999475,0.002696302449999475,0.0025868109855662863,0.0028057939144326637,0.0025868109855662863,0.0028057939144326637,0.6350050031205828,0.6382502812705287,0.0,0.0,0.0,0.0,0.0
bridge,8,2,448,0.25,alternating,sharp,40,16.0,112.0,40,"{""ok"": 40}",40,0,40,1.025,1.025,0.6892815816350016,1.360718418364998,0.6892815816350016,1.360718418364998,40,0,40,0.6294650326150629,0.6294650326150629,0.6264952921653446,0.6324347730647812,40,0,40,-0.00716260958049274,40,0,40,0.009816944674999157,0.009816944674999157,0.009733642210391438,0.009900247139606876,0.009733642210391438,0.009900247139606876,0.6264952921653446,0.6324347730647812,-0.00716260958049274,-0.010005730848603041,-0.004319488312382439,-0.010005730848603041,-0.004319488312382439
bridge,8,2,448,0.25,equal,borda,40,16.0,112.0,40,"{""ok"": 40}",40,0,40,1.55,1.55,1.0980025813636407,2.0019974186363596,1.0980025813636407,2.0019974186363596,40,0,40,0.6338431152582759,0.6338431152582759,0.6300936386623812,0.6375925918541705,40,0,40,-0.0020027334943674303,40,0,40,0.0008969600250000751,0.0008969600250000751,0.0008779756791642078,0.0009159443708359424,0.0008779756791642078,0.0009159443708359424,0.6300936386623812,0.6375925918541705,-0.0020027334943674303,-0.005255827159995131,0.0012503601712602706,-0.005255827159995131,0.0012503601712602706
bridge,8,2,448,0.25,equal,efficient,40,16.0,112.0,0,"{""outside_schedule_domain"": 40}",0,0,0,,,,,,,0,0,0,,,,,0,0,0,,40,0,40,6.747642499931317e-05,6.747642499931317e-05,6.552127054129225e-05,6.943157945733409e-05,6.552127054129225e-05,6.943157945733409e-05,,,,,,,
bridge,8,2,448,0.25,equal,mle,40,16.0,112.0,40,"{""ok"": 40}",40,0,40,0.925,0.925,0.5979876078541776,1.2520123921458226,0.5979876078541776,1.2520123921458226,40,0,40,0.6293103747777723,0.6293103747777723,0.6262449373761425,0.6323758121794021,40,0,40,-0.0065354739748709366,40,0,40,0.002053992424999815,0.002053992424999815,0.002025465268465682,0.002082519581533948,0.002025465268465682,0.002082519581533948,0.6262449373761425,0.6323758121794021,-0.0065354739748709366,-0.00937370402520812,-0.0036972439245337536,-0.00937370402520812,-0.0036972439245337536
bridge,8,2,448,0.25,equal,pl,40,16.0,112.0,40,"{""ok"": 40}",40,0,40,1.525,1.525,1.0786222075215437,1.9713777924784561,1.0786222075215437,1.9713777924784561,40,0,40,0.6358458487526433,0.6358458487526433,0.6346735957808175,0.637018101724469,40,0,40,0.0,40,0,40,0.0027485898750004103,0.0027485898750004103,0.0026306297675391787,0.002866549982461642,0.0026306297675391787,0.002866549982461642,0.6346735957808175,0.637018101724469,0.0,0.0,0.0,0.0,0.0
bridge,8,2,448,0.25,equal,sharp,40,16.0,112.0,40,"{""ok"": 40}",40,0,40,0.95,0.95,0.6185070952724312,1.2814929047275687,0.6185070952724312,1.2814929047275687,40,0,40,0.6295721946879482,0.6295721946879482,0.6264463035059656,0.6326980858699308,40,0,40,-0.006273654064695098,40,0,40,0.009870389874999523,0.009870389874999523,0.009767698939907294,0.009973080810091751,0.009767698939907294,0.009973080810091751,0.6264463035059656,0.6326980858699308,-0.006273654064695098,-0.009233935882431134,-0.0033133722469590636,-0.009233935882431134,-0.0033133722469590636
bridge,8,2,448,0.5,alternating,borda,40,16.0,112.0,40,"{""ok"": 40}",40,0,40,2.05,2.05,1.609760055636805,2.4902399443631946,1.609760055636805,2.4902399443631946,40,0,40,0.6341776633896469,0.6341776633896469,0.6309302463605152,0.6374250804187785,40,0,40,0.007088557902602424,40,0,40,0.000899196275000185,0.000899196275000185,0.000885392576443858,0.0009129999735565119,0.000885392576443858,0.0009129999735565119,0.6309302463605152,0.6374250804187785,0.007088557902602424,0.004847393608596523,0.009329722196608325,0.004847393608596523,0.009329722196608325
bridge,8,2,448,0.5,alternating,efficient,40,16.0,112.0,0,"{""outside_schedule_domain"": 40}",0,0,0,,,,,,,0,0,0,,,,,0,0,0,,40,0,40,7.029037499997059e-05,7.029037499997059e-05,6.861081727390728e-05,7.19699327260339e-05,6.861081727390728e-05,7.19699327260339e-05,,,,,,,
bridge,8,2,448,0.5,alternating,mle,40,16.0,112.0,40,"{""ok"": 40}",40,0,40,1.575,1.575,1.1351325406382318,2.014867459361768,1.1351325406382318,2.014867459361768,40,0,40,0.6314263429453023,0.6314263429453023,0.6281570783830958,0.6346956075075089,40,0,40,0.004337237458257816,40,0,40,0.0020515798500003023,0.0020515798500003023,0.0020290857012361285,0.002074073998764476,0.0020290857012361285,0.002074073998764476,0.6281570783830958,0.6346956075075089,0.004337237458257816,0.0017259711354238308,0.0069485037810918015,0.0017259711354238308,0.0069485037810918015
bridge,8,2,448,0.5,alternating,pl,40,16.0,112.0,40,"{""ok"": 40}",40,0,40,1.925,1.925,1.5391257510781173,2.3108742489218828,1.5391257510781173,2.3108742489218828,40,0,40,0.6270891054870444,0.6270891054870444,0.6253857789682072,0.6287924320058816,40,0,40,0.0,40,0,40,0.0028059729250006346,0.0028059729250006346,0.002691206259050891,0.0029207395909503784,0.002691206259050891,0.0029207395909503784,0.6253857789682072,0.6287924320058816,0.0,0.0,0.0,0.0,0.0
bridge,8,2,448,0.5,alternating,sharp,40,16.0,112.0,40,"{""ok"": 40}",40,0,40,1.65,1.65,1.1831603469634753,2.1168396530365245,1.1831603469634753,2.1168396530365245,40,0,40,0.6323485311801457,0.6323485311801457,0.6286462028808816,0.6360508594794098,40,0,40,0.005259425693101199,40,0,40,0.010018792874998485,0.010018792874998485,0.009924290705168341,0.01011329504482863,0.009924290705168341,0.01011329504482863,0.6286462028808816,0.6360508594794098,0.005259425693101199,0.002385894397039992,0.008132956989162405,0.002385894397039992,0.008132956989162405
bridge,8,2,448,0.5,equal,borda,40,16.0,112.0,40,"{""ok"": 40}",40,0,40,1.45,1.45,1.081064110600121,1.8189358893998788,1.081064110600121,1.8189358893998788,40,0,40,0.631475512450365,0.631475512450365,0.628631490889968,0.6343195340107621,40,0,40,0.004899500406739402,40,0,40,0.0008907238000002125,0.0008907238000002125,0.000871354709382065,0.00091009289061836,0.000871354709382065,0.00091009289061836,0.628631490889968,0.6343195340107621,0.004899500406739402,0.0030123456018030237,0.00678665521167578,0.0030123456018030237,0.00678665521167578
bridge,8,2,448,0.5,equal,efficient,40,16.0,112.0,0,"{""outside_schedule_domain"": 40}",0,0,0,,,,,,,0,0,0,,,,,0,0,0,,40,0,40,6.057809999937547e-05,6.057809999937547e-05,5.882282385468797e-05,6.233337614406297e-05,5.882282385468797e-05,6.233337614406297e-05,,,,,,,
bridge,8,2,448,0.5,equal,mle,40,16.0,112.0,40,"{""ok"": 40}",40,0,40,1.4,1.4,0.9915905489924683,1.8084094510075315,0.9915905489924683,1.8084094510075315,40,0,40,0.6320224344400269,0.6320224344400269,0.6286429858891285,0.6354018829909254,40,0,40,0.00544642239640125,40,0,40,0.00201398184999947,0.00201398184999947,0.0019843132606344647,0.002043650439364475,0.0019843132606344647,0.002043650439364475,0.6286429858891285,0.6354018829909254,0.00544642239640125,0.002134339200567981,0.008758505592234518,0.002134339200567981,0.008758505592234518
bridge,8,2,448,0.5,equal,pl,40,16.0,112.0,40,"{""ok"": 40}",40,0,40,1.325,1.325,0.9600845999145942,1.6899154000854058,0.9600845999145942,1.6899154000854058,40,0,40,0.6265760120436257,0.6265760120436257,0.6251609014854259,0.6279911226018254,40,0,40,0.0,40,0,40,0.0027551771500000147,0.0027551771500000147,0.0026258147747571154,0.002884539525242914,0.0026258147747571154,0.002884539525242914,0.6251609014854259,0.6279911226018254,0.0,0.0,0.0,0.0,0.0
bridge,8,2,448,0.5,equal,sharp,40,16.0,112.0,40,"{""ok"": 40}",40,0,40,1.475,1.475,1.0718418037862092,1.878158196213791,1.0718418037862092,1.878158196213791,40,0,40,0.6326677048858543,0.6326677048858543,0.6293292687582456,0.6360061410134631,40,0,40,0.006091692842228655,40,0,40,0.009297873574999067,0.009297873574999067,0.009211372017208876,0.009384375132789259,0.009211372017208876,0.009384375132789259,0.6293292687582456,0.6360061410134631,0.006091692842228655,0.0027505846422131506,0.009432801042244159,0.0027505846422131506,0.009432801042244159
bridge,8,2,448,0.75,alternating,borda,40,16.0,112.0,40,"{""ok"": 40}",40,0,40,1.725,1.725,1.4446201354480503,2.00537986455195,1.4446201354480503,2.00537986455195,40,0,40,0.628629323905266,0.628629323905266,0.6267094737505103,0.6305491740600218,40,0,40,0.013892749959354606,40,0,40,0.000883659249999575,0.000883659249999575,0.0008647476762226579,0.0009025708237764922,0.0008647476762226579,0.0009025708237764922,0.6267094737505103,0.6305491740600218,0.013892749959354606,0.012506437698991504,0.015279062219717707,0.012506437698991504,0.015279062219717707
bridge,8,2,448,0.75,alternating,efficient,40,16.0,112.0,0,"{""outside_schedule_domain"": 40}",0,0,0,,,,,,,0,0,0,,,,,0,0,0,,40,0,40,6.188184999906809e-05,6.188184999906809e-05,5.9842954878897483e-05,6.39207451192387e-05,5.9842954878897483e-05,6.39207451192387e-05,,,,,,,
bridge,8,2,448,0.75,alternating,mle,40,16.0,112.0,40,"{""ok"": 40}",40,0,40,2.025,2.025,1.631720598310069,2.4182794016899307,1.631720598310069,2.4182794016899307,40,0,40,0.633932532552343,0.633932532552343,0.6305080799115987,0.6373569851930874,40,0,40,0.019195958606431685,40,0,40,0.00204030254999874,0.00204030254999874,0.0020051634373056157,0.0020754416626918644,0.0020051634373056157,0.0020754416626918644,0.6305080799115987,0.6373569851930874,0.019195958606431685,0.015953860516908253,0.022438056695955118,0.015953860516908253,0.022438056695955118
bridge,8,2,448,0.75,alternating,pl,40,16.0,112.0,40,"{""ok"": 40}",40,0,40,1.775,1.775,1.4721370924866348,2.077862907513365,1.4721370924866348,2.077862907513365,40,0,40,0.6147365739459113,0.6147365739459113,0.6135493737719008,0.6159237741199218,40,0,40,0.0,40,0,40,0.0029746766749986853,0.0029746766749986853,0.0028732318643101503,0.0030761214856872203,0.0028732318643101503,0.0030761214856872203,0.6135493737719008,0.6159237741199218,0.0,0.0,0.0,0.0,0.0
bridge,8,2,448,0.75,alternating,sharp,40,16.0,112.0,40,"{""ok"": 40}",40,0,40,1.875,1.875,1.4577757979221682,2.292224202077832,1.4577757979221682,2.292224202077832,40,0,40,0.632927220555879,0.632927220555879,0.6295592856667578,0.6362951554450003,40,0,40,0.0181906466099676,40,0,40,0.009292966249997953,0.009292966249997953,0.009196879283058755,0.00938905321693715,0.009196879283058755,0.00938905321693715,0.6295592856667578,0.6362951554450003,0.0181906466099676,0.014807009290333357,0.02157428392960184,0.014807009290333357,0.02157428392960184
bridge,8,2,448,0.75,equal,borda,40,16.0,112.0,40,"{""ok"": 40}",40,0,40,1.2,1.2,0.8437212609818203,1.5562787390181796,0.8437212609818203,1.5562787390181796,40,0,40,0.6274937773574096,0.6274937773574096,0.6252531728066982,0.629734381908121,40,0,40,0.011873849684800914,40,0,40,0.0008766568250002649,0.0008766568250002649,0.0008570127046168513,0.0008963009453836785,0.0008570127046168513,0.0008963009453836785,0.6252531728066982,0.629734381908121,0.011873849684800914,0.010156841615886486,0.013590857753715343,0.010156841615886486,0.013590857753715343
bridge,8,2,448,0.75,equal,efficient,40,16.0,112.0,0,"{""outside_schedule_domain"": 40}",0,0,0,,,,,,,0,0,0,,,,,0,0,0,,40,0,40,5.8856850001731686e-05,5.8856850001731686e-05,5.7671836389050104e-05,6.004186361441327e-05,5.7671836389050104e-05,6.004186361441327e-05,,,,,,,
bridge,8,2,448,0.75,equal,mle,40,16.0,112.0,40,"{""ok"": 40}",40,0,40,1.75,1.75,1.3483897544811188,2.151610245518881,1.3483897544811188,2.151610245518881,40,0,40,0.6319164487594531,0.6319164487594531,0.6290434285418992,0.6347894689770069,40,0,40,0.016296521086844394,40,0,40,0.0020196503749999803,0.0020196503749999803,0.00199188489372433,0.0020474158562756306,0.00199188489372433,0.0020474158562756306,0.6290434285418992,0.6347894689770069,0.016296521086844394,0.013588503588728392,0.019004538584960394,0.013588503588728392,0.019004538584960394
bridge,8,2,448,0.75,equal,pl,40,16.0,112.0,40,"{""ok"": 40}",40,0,40,1.125,1.125,0.7916334033629907,1.4583665966370094,0.7916334033629907,1.4583665966370094,40,0,40,0.6156199276726086,0.6156199276726086,0.6140895763847368,0.6171502789604805,40,0,40,0.0,40,0,40,0.0027623986249995097,0.0027623986249995097,0.0026278420713720862,0.0028969551786269332,0.0026278420713720862,0.0028969551786269332,0.6140895763847368,0.6171502789604805,0.0,0.0,0.0,0.0,0.0
bridge,8,2,448,0.75,equal,sharp,40,16.0,112.0,40,"{""ok"": 40}",40,0,40,1.75,1.75,1.3549739750532577,2.145026024946742,1.3549739750532577,2.145026024946742,40,0,40,0.6319612169836916,0.6319612169836916,0.6289970728943011,0.6349253610730821,40,0,40,0.01634128931108289,40,0,40,0.009686696900000725,0.009686696900000725,0.008553040168512683,0.010820353631488767,0.008553040168512683,0.010820353631488767,0.6289970728943011,0.6349253610730821,0.01634128931108289,0.013661598855715475,0.019020979766450306,0.013661598855715475,0.019020979766450306
bridge,8,2,448,1.0,alternating,borda,40,16.0,112.0,40,"{""ok"": 40}",40,0,40,1.6,1.6,1.2777337550624757,1.9222662449375245,1.2777337550624757,1.9222662449375245,40,0,40,0.6246244822521498,0.6246244822521498,0.6231317774606696,0.6261171870436301,40,0,40,0.022390704322865468,40,0,40,0.0008917799000001999,0.0008917799000001999,0.0008676422832550003,0.0009159175167453995,0.0008676422832550003,0.0009159175167453995,0.6231317774606696,0.6261171870436301,0.022390704322865468,0.021050621145806317,0.02373078749992462,0.021050621145806317,0.02373078749992462
bridge,8,2,448,1.0,alternating,efficient,40,16.0,112.0,0,"{""outside_schedule_domain"": 40}",0,0,0,,,,,,,0,0,0,,,,,0,0,0,,40,0,40,6.302699999842787e-05,6.302699999842787e-05,6.135143343288963e-05,6.470256656396612e-05,6.135143343288963e-05,6.470256656396612e-05,,,,,,,
bridge,8,2,448,1.0,alternating,mle,40,16.0,112.0,40,"{""ok"": 40}",40,0,40,2.75,2.75,2.287676435263296,3.212323564736704,2.287676435263296,3.212323564736704,40,0,40,0.6330564320942191,0.6330564320942191,0.6300251744880215,0.6360876897004167,40,0,40,0.030822654164934772,40,0,40,0.0020208850999984926,0.0020208850999984926,0.001995479619878786,0.0020462905801181992,0.001995479619878786,0.0020462905801181992,0.6300251744880215,0.6360876897004167,0.030822654164934772,0.028128648505465297,0.03351665982440425,0.028128648505465297,0.03351665982440425
bridge,8,2,448,1.0,alternating,pl,40,16.0,112.0,40,"{""ok"": 40}",40,0,40,1.575,1.575,1.315004062121934,1.8349959378780658,1.315004062121934,1.8349959378780658,40,0,40,0.6022337779292843,0.6022337779292843,0.6006527366253036,0.6038148192332651,40,0,40,0.0,40,0,40,0.00292030560000031,0.00292030560000031,0.002799391774920353,0.003041219425080267,0.002799391774920353,0.003041219425080267,0.6006527366253036,0.6038148192332651,0.0,0.0,0.0,0.0,0.0
bridge,8,2,448,1.0,alternating,sharp,40,16.0,112.0,40,"{""ok"": 40}",40,0,40,2.825,2.825,2.3507060454439177,3.2992939545560827,2.3507060454439177,3.2992939545560827,40,0,40,0.6331623567947299,0.6331623567947299,0.6300767616475825,0.6362479519418772,40,0,40,0.030928578865445512,40,0,40,0.00932837592499953,0.00932837592499953,0.009205973393819379,0.00945077845617968,0.009205973393819379,0.00945077845617968,0.6300767616475825,0.6362479519418772,0.030928578865445512,0.028178075473119665,0.03367908225777136,0.028178075473119665,0.03367908225777136
bridge,8,2,448,1.0,equal,borda,40,16.0,112.0,40,"{""ok"": 40}",40,0,40,1.175,1.175,0.821029088993567,1.5289709110064331,0.821029088993567,1.5289709110064331,40,0,40,0.6254493345549264,0.6254493345549264,0.6235297328384872,0.6273689362713655,40,0,40,0.02062130083510646,40,0,40,0.0008939640499984775,0.0008939640499984775,0.0008797613773185647,0.0009081667226783903,0.0008797613773185647,0.0009081667226783903,0.6235297328384872,0.6273689362713655,0.02062130083510646,0.01934924889531475,0.021893352774898168,0.01934924889531475,0.021893352774898168
bridge,8,2,448,1.0,equal,efficient,40,16.0,112.0,0,"{""outside_schedule_domain"": 40}",0,0,0,,,,,,,0,0,0,,,,,0,0,0,,40,0,40,7.408565000162015e-05,7.408565000162015e-05,7.16967125176599e-05,7.647458748558039e-05,7.16967125176599e-05,7.647458748558039e-05,,,,,,,
bridge,8,2,448,1.0,equal,mle,40,16.0,112.0,40,"{""ok"": 40}",40,0,40,2.65,2.65,2.2630228873943445,3.0369771126056553,2.2630228873943445,3.0369771126056553,40,0,40,0.634490876298716,0.634490876298716,0.6317678480602913,0.6372139045371408,40,0,40,0.029662842578896,40,0,40,0.0020759386499985223,0.0020759386499985223,0.0020414842340862605,0.002110393065910784,0.0020414842340862605,0.002110393065910784,0.6317678480602913,0.6372139045371408,0.029662842578896,0.027012020590403966,0.03231366456738803,0.027012020590403966,0.03231366456738803
bridge,8,2,448,1.0,equal,pl,40,16.0,112.0,40,"{""ok"": 40}",40,0,40,1.25,1.25,0.9122371704566496,1.5877628295433504,0.9122371704566496,1.5877628295433504,40,0,40,0.6048280337198199,0.6048280337198199,0.6032733943706272,0.6063826730690125,40,0,40,0.0,40,0,40,0.00303548445000133,0.00303548445000133,0.0029046943525941563,0.0031662745474085032,0.0029046943525941563,0.0031662745474085032,0.6032733943706272,0.6063826730690125,0.0,0.0,0.0,0.0,0.0
bridge,8,2,448,1.0,equal,sharp,40,16.0,112.0,40,"{""ok"": 40}",40,0,40,2.55,2.55,2.1740227142395545,2.925977285760445,2.1740227142395545,2.925977285760445,40,0,40,0.6341449504329953,0.6341449504329953,0.6312883627067942,0.6370015381591965,40,0,40,0.029316916713175368,40,0,40,0.010229500475000413,0.010229500475000413,0.01011461374660478,0.010344387203396047,0.01011461374660478,0.010344387203396047,0.6312883627067942,0.6370015381591965,0.029316916713175368,0.026913237692339092,0.03172059573401165,0.026913237692339092,0.03172059573401165
bridge,8,3,8,0.0,alternating,borda,40,0.8571428571428571,3.0,40,"{""ok"": 40}",40,0,40,7.175,7.175,6.336984136728298,8.013015863271702,6.336984136728298,8.013015863271702,40,1,39,inf,2.08485649346404,2.0022237484859358,2.1674892384421445,3,0,3,,40,0,40,0.0016978484249988793,0.0016978484249988793,0.0015896547740451533,0.0018060420759526052,0.0015896547740451533,0.0018060420759526052,,,-0.1426651744453592,-0.39940990015528965,0.11407955126457126,,
bridge,8,3,8,0.0,alternating,efficient,40,0.8571428571428571,3.0,40,"{""ok"": 40}",40,0,40,7.175,7.175,6.336984136728298,8.013015863271702,6.336984136728298,8.013015863271702,40,1,39,inf,2.08485649346404,2.0022237484859358,2.1674892384421445,3,0,3,,40,0,40,0.0017618859499985977,0.0017618859499985977,0.0016538917134367676,0.001869880186560428,0.0016538917134367676,0.001869880186560428,,,-0.1426651744453592,-0.39940990015528965,0.11407955126457126,,
bridge,8,3,8,0.0,alternating,mle,40,0.8571428571428571,3.0,40,"{""ok"": 40}",40,0,40,7.925,7.925,6.776703441938823,9.073296558061177,6.776703441938823,9.073296558061177,40,1,39,inf,2.3969682997013555,2.282358007532438,2.511578591870273,3,0,3,,40,0,40,0.0030559563499998376,0.0030559563499998376,0.0029320050012142606,0.0031799076987854146,0.0029320050012142606,0.0031799076987854146,,,0.14193183488345432,-0.3142325205964409,0.5980961903633495,,
bridge,8,3,8,0.0,alternating,pl,40,0.8571428571428571,3.0,3,"{""no_unique_finite_mle"": 37, ""ok"": 3}",3,0,3,,7.666666666666667,-2.3728563694154117,17.706189702748745,,,3,0,3,,1.9619404181559348,1.6431133834435583,2.2807674528683113,3,0,3,,40,0,40,0.00041310675000043,0.00041310675000043,0.00021211331185304167,0.0006141001881478183,0.00021211331185304167,0.0006141001881478183,,,0.0,0.0,0.0,,
bridge,8,3,8,0.0,alternating,sharp,40,0.8571428571428571,3.0,40,"{""ok"": 40}",40,0,40,14.875,14.875,13.570991698389768,16.17900830161023,13.570991698389768,16.17900830161023,40,0,40,1.8163964147940646,1.8163964147940646,1.7931640380966953,1.8396287914914338,3,0,3,,40,0,40,0.000973297050000655,0.000973297050000655,0.0007601897331632439,0.001186404366838066,0.0007601897331632439,0.001186404366838066,1.7931640380966953,1.8396287914914338,-0.16639566907721423,-0.4697610815085317,0.13696974335410325,,
bridge,8,3,8,0.0,equal,borda,40,0.8571428571428571,3.0,40,"{""ok"": 40}",40,0,40,9.1,9.1,8.061025451783674,10.138974548216325,8.061025451783674,10.138974548216325,40,0,40,2.2109816996110743,2.2109816996110743,2.063817868296308,2.3581455309258406,7,0,7,,40,0,40,0.0018210579250009073,0.0018210579250009073,0.0016658533649983093,0.0019762624850035056,0.0016658533649983093,0.0019762624850035056,2.063817868296308,2.3581455309258406,-0.16955484283640349,-0.41678156338061195,0.07767187770780498,,
bridge,8,3,8,0.0,equal,efficient,40,0.8571428571428571,3.0,40,"{""ok"": 40}",40,0,40,9.1,9.1,8.061025451783674,10.138974548216325,8.061025451783674,10.138974548216325,40,0,40,2.2109816996110743,2.2109816996110743,2.063817868296308,2.3581455309258406,7,0,7,,40,0,40,0.0019035984749997098,0.0019035984749997098,0.0017665965066751823,0.002040600443324237,0.0017665965066751823,0.002040600443324237,2.063817868296308,2.3581455309258406,-0.16955484283640349,-0.41678156338061195,0.07767187770780498,,
bridge,8,3,8,0.0,equal,mle,40,0.8571428571428571,3.0,40,"{""ok"": 40}",40,0,40,9.075,9.075,8.118599268938096,10.031400731061902,8.118599268938096,10.031400731061902,40,1,39,inf,2.4002422511735997,2.25612893929405,2.5443555630531494,7,0,7,,40,0,40,0.0031250606000003496,0.0031250606000003496,0.0029712063509363855,0.0032789148490643136,0.0029712063509363855,0.0032789148490643136,,,0.09702195246259045,-0.17924174827967848,0.37328565320485935,,
bridge,8,3,8,0.0,equal,pl,40,0.8571428571428571,3.0,7,"{""no_unique_finite_mle"": 33, ""ok"": 7}",7,0,7,,9.142857142857142,5.624042027838771,12.661672257875514,,,7,0,7,,2.055684078983441,1.7845102993766,2.326857858590282,7,0,7,,40,0,40,0.0007644712749992726,0.0007644712749992726,0.0004102448235928076,0.0011186977264057375,0.0004102448235928076,0.0011186977264057375,,,0.0,0.0,0.0,,
bridge,8,3,8,0.0,equal,sharp,40,0.8571428571428571,3.0,40,"{""ok"": 40}",40,0,40,13.825,13.825,12.632998762917955,15.017001237082043,12.632998762917955,15.017001237082043,40,0,40,1.7942945417711011,1.7942945417711011,1.7844830740310218,1.8041060095111805,7,0,7,,40,0,40,0.0009116079750007524,0.0009116079750007524,0.0006976573232596003,0.0011255586267419045,0.0006976573232596003,0.0011255586267419045,1.7844830740310218,1.8041060095111805,-0.2618869610238697,-0.5324380140074854,0.00866409195974599,,
bridge,8,3,8,0.25,alternating,borda,40,0.8571428571428571,3.0,40,"{""ok"": 40}",40,0,40,7.75,7.75,6.7187531024852705,8.78124689751473,6.7187531024852705,8.78124689751473,40,1,39,inf,2.040281915194184,1.9255833159059974,2.15498051448237,5,0,5,,40,0,40,0.0015918306999999255,0.0015918306999999255,0.0014541361926415691,0.0017295252073582818,0.0014541361926415691,0.0017295252073582818,,,-0.14260134180187573,-0.306352877534827,0.021150193931075534,,
bridge,8,3,8,0.25,alternating,efficient,40,0.8571428571428571,3.0,40,"{""ok"": 40}",40,0,40,7.75,7.75,6.7187531024852705,8.78124689751473,6.7187531024852705,8.78124689751473,40,1,39,inf,2.040281915194184,1.9255833159059974,2.15498051448237,5,0,5,,40,0,40,0.0016587862999997449,0.0016587862999997449,0.0015210699079730421,0.0017965026920264476,0.0015210699079730421,0.0017965026920264476,,,-0.14260134180187573,-0.306352877534827,0.021150193931075534,,
bridge,8,3,8,0.25,alternating,mle,40,0.8571428571428571,3.0,40,"{""ok"": 40}",40,0,40,8.075,8.075,7.126861470240658,9.023138529759342,7.126861470240658,9.023138529759342,40,1,39,inf,2.280135006884181,2.1437435683971637,2.416526445371198,5,0,5,,40,0,40,0.002962446474999625,0.002962446474999625,0.0028414853113194697,0.00308340763867978,0.0028414853113194697,0.00308340763867978,,,-0.05876408976960525,-0.27880100524421686,0.16127282570500634,,
bridge,8,3,8,0.25,alternating,pl,40,0.8571428571428571,3.0,5,"{""no_unique_finite_mle"": 35, ""ok"": 5}",5,0,5,,9.2,5.644415410601242,12.755584589398756,,,5,0,5,,1.9515798521484278,1.8139189293414788,2.089240774955377,5,0,5,,40,0,40,0.0005787249000007375,0.0005787249000007375,0.00030665526662094746,0.0008507945333805277,0.00030665526662094746,0.0008507945333805277,,,0.0,0.0,0.0,,
bridge,8,3,8,0.25,alternating,sharp,40,0.8571428571428571,3.0,40,"{""ok"": 40}",40,0,40,13.75,13.75,12.494013297107049,15.005986702892951,12.494013297107049,15.005986702892951,40,0,40,1.8196199010858192,1.8196199010858192,1.7882573910413315,1.8509824111303068,5,0,5,,40,0,40,0.0008550920250008625,0.0008550920250008625,0.000647454816700039,0.001062729233301686,0.000647454816700039,0.001062729233301686,1.7882573910413315,1.8509824111303068,-0.15982038292037268,-0.2974813057273214,-0.022159460113423957,,
bridge,8,3,8,0.25,equal,borda,40,0.8571428571428571,3.0,40,"{""ok"": 40}",40,0,40,6.95,6.95,5.915705826015456,7.984294173984544,5.915705826015456,7.984294173984544,40,0,40,2.0584052522185288,2.0584052522185288,1.9131213614051612,2.2036891430318963,5,0,5,,40,0,40,0.0016934827000003125,0.0016934827000003125,0.0015954012456914266,0.0017915641543091985,0.0015954012456914266,0.0017915641543091985,1.9131213614051612,2.2036891430318963,-0.12025226793273298,-0.22800215630734288,-0.012502379558123097,,
bridge,8,3,8,0.25,equal,efficient,40,0.8571428571428571,3.0,40,"{""ok"": 40}",40,0,40,6.95,6.95,5.915705826015456,7.984294173984544,5.915705826015456,7.984294173984544,40,0,40,2.0584052522185288,2.0584052522185288,1.9131213614051612,2.2036891430318963,5,0,5,,40,0,40,0.0017707021749994848,0.0017707021749994848,0.0016679209434294607,0.001873483406569509,0.0016679209434294607,0.001873483406569509,1.9131213614051612,2.2036891430318963,-0.12025226793273298,-0.22800215630734288,-0.012502379558123097,,
bridge,8,3,8,0.25,equal,mle,40,0.8571428571428571,3.0,40,"{""ok"": 40}",40,0,40,8.2,8.2,7.022804399940603,9.377195600059395,7.022804399940603,9.377195600059395,40,0,40,2.3209716076483904,2.3209716076483904,2.1616680165279445,2.4802751987688363,5,0,5,,40,0,40,0.0030829848750002003,0.0030829848750002003,0.002907478633699185,0.0032584911163012157,0.002907478633699185,0.0032584911163012157,2.1616680165279445,2.4802751987688363,0.3019813775376593,0.04496625887889805,0.5589964961964206,,
bridge,8,3,8,0.25,equal,pl,40,0.8571428571428571,3.0,5,"{""no_unique_finite_mle"": 35, ""ok"": 5}",5,0,5,,7.0,4.516672003592472,9.483327996407528,,,5,0,5,,1.8711484883694296,1.6706454509206576,2.0716515258182016,5,0,5,,40,0,40,0.0006114855250010924,0.0006114855250010924,0.00032504301914696105,0.0008979280308552239,0.00032504301914696105,0.0008979280308552239,,,0.0,0.0,0.0,,
bridge,8,3,8,0.25,equal,sharp,40,0.8571428571428571,3.0,40,"{""ok"": 40}",40,0,40,13.875,13.875,12.736336299081684,15.013663700918316,12.736336299081684,15.013663700918316,40,0,40,1.8189626854461232,1.8189626854461232,1.794969411310582,1.8429559595816642,5,0,5,,40,0,40,0.0010918188750000223,0.0010918188750000223,0.0008743908487755949,0.0013092469012244497,0.0008743908487755949,0.0013092469012244497,1.794969411310582,1.8429559595816642,-0.046087832049472276,-0.307605849374893,0.21543018527594845,,
bridge,8,3,8,0.5,alternating,borda,40,0.8571428571428571,3.0,40,"{""ok"": 40}",40,0,40,7.925,7.925,6.788180383414947,9.061819616585053,6.788180383414947,9.061819616585053,40,0,40,2.0472812024720897,2.0472812024720897,1.9512703338222164,2.1432920711219627,1,0,1,,40,0,40,0.0017432910249997,0.0017432910249997,0.001668361582096507,0.0018182204679028928,0.001668361582096507,0.0018182204679028928,1.9512703338222164,2.1432920711219627,0.1733477508814609,,,,
bridge,8,3,8,0.5,alternating,efficient,40,0.8571428571428571,3.0,40,"{""ok"": 40}",40,0,40,7.925,7.925,6.788180383414947,9.061819616585053,6.788180383414947,9.061819616585053,40,0,40,2.0472812024720897,2.0472812024720897,1.9512703338222164,2.1432920711219627,1,0,1,,40,0,40,0.001809303674999488,0.001809303674999488,0.0017321799843215933,0.0018864273656773825,0.0017321799843215933,0.0018864273656773825,1.9512703338222164,2.1432920711219627,0.1733477508814609,,,,
bridge,8,3,8,0.5,alternating,mle,40,0.8571428571428571,3.0,40,"{""ok"": 40}",40,0,40,8.6,8.6,7.177463772857285,10.022536227142714,7.177463772857285,10.022536227142714,40,1,39,inf,2.3044842413064472,2.133039343442963,2.4759291391699314,1,0,1,,40,0,40,0.0029977700749980775,0.0029977700749980775,0.0028756338318147957,0.0031199063181813593,0.0028756338318147957,0.0031199063181813593,,,0.4508748831689102,,,,
bridge,8,3,8,0.5,alternating,pl,40,0.8571428571428571,3.0,1,"{""no_unique_finite_mle"": 39, ""ok"": 1}",1,0,1,,7.0,,,,,1,0,1,,1.6873617212533696,,,1,0,1,,40,0,40,0.00031636442500152754,0.00031636442500152754,0.00022449632597653068,0.0004082325240265244,0.00022449632597653068,0.0004082325240265244,,,0.0,,,,
bridge,8,3,8,0.5,alternating,sharp,40,0.8571428571428571,3.0,40,"{""ok"": 40}",40,0,40,14.175,14.175,12.893919766811377,15.456080233188624,12.893919766811377,15.456080233188624,40,0,40,1.790845693725895,1.790845693725895,1.7845369838244107,1.7971544036273792,1,0,1,,40,0,40,0.0008216899750024175,0.0008216899750024175,0.0006282340086681831,0.001015145941336652,0.0006282340086681831,0.001015145941336652,1.7845369838244107,1.7971544036273792,0.1043977479746856,,,,
bridge,8,3,8,0.5,equal,borda,40,0.8571428571428571,3.0,40,"{""ok"": 40}",40,0,40,7.475,7.475,6.458513634139981,8.491486365860018,6.458513634139981,8.491486365860018,40,1,39,inf,2.0454898406637847,1.9318059408985602,2.1591737404290092,4,0,4,,40,0,40,0.0017098341250004474,0.0017098341250004474,0.0015809022100663995,0.0018387660399344953,0.0015809022100663995,0.0018387660399344953,,,-0.1270550101540377,-0.49850322133896136,0.24439320103088596,,
bridge,8,3,8,0.5,equal,efficient,40,0.8571428571428571,3.0,40,"{""ok"": 40}",40,0,40,7.475,7.475,6.458513634139981,8.491486365860018,6.458513634139981,8.491486365860018,40,1,39,inf,2.0454898406637847,1.9318059408985602,2.1591737404290092,4,0,4,,40,0,40,0.001790099599999055,0.001790099599999055,0.0016565561509125164,0.0019236430490855937,0.0016565561509125164,0.0019236430490855937,,,-0.1270550101540377,-0.49850322133896136,0.24439320103088596,,
bridge,8,3,8,0.5,equal,mle,40,0.8571428571428571,3.0,40,"{""ok"": 40}",40,0,40,8.25,8.25,7.234126587555966,9.265873412444034,7.234126587555966,9.265873412444034,40,1,39,inf,2.3018676139517242,2.170317564315403,2.4334176635880453,4,0,4,,40,0,40,0.0031027350000012374,0.0031027350000012374,0.0029619990593297363,0.0032434709406727385,0.0029619990593297363,0.0032434709406727385,,,0.09803628261426003,-0.5423190428332398,0.7383916080617599,,
bridge,8,3,8,0.5,equal,pl,40,0.8571428571428571,3.0,4,"{""no_unique_finite_mle"": 36, ""ok"": 4}",4,0,4,,8.5,2.6174938452605456,14.382506154739454,,,4,0,4,,1.8900284829460576,1.4970336417492944,2.283023324142821,4,0,4,,40,0,40,0.0004921041999998949,0.0004921041999998949,0.0002793979247927317,0.0007048104752070582,0.0002793979247927317,0.0007048104752070582,,,0.0,0.0,0.0,,
bridge,8,3,8,0.5,equal,sharp,40,0.8571428571428571,3.0,40,"{""ok"": 40}",40,0,40,13.85,13.85,12.680964331066269,15.01903566893373,12.680964331066269,15.01903566893373,40,0,40,1.8029805719117307,1.8029805719117307,1.7910169877411788,1.8149441560822825,4,0,4,,40,0,40,0.00098090074999918,0.00098090074999918,0.0007667540199373436,0.0011950474800610164,0.0007667540199373436,0.0011950474800610164,1.7910169877411788,1.8149441560822825,-0.0570237443683132,-0.45149420946738916,0.33744672073076276,,
bridge,8,3,8,0.75,alternating,borda,40,0.8571428571428571,3.0,40,"{""ok"": 40}",40,0,40,7.475,7.475,6.615051331514113,8.334948668485886,6.615051331514113,8.334948668485886,40,1,39,inf,2.0794667057821092,1.975584371520935,2.1833490400432836,2,0,2,,40,0,40,0.0017183848499992636,0.0017183848499992636,0.0015911552295943899,0.0018456144704041373,0.0015911552295943899,0.0018456144704041373,,,0.057432783223882344,-1.0653175587411092,1.180183125188874,,
bridge,8,3,8,0.75,alternating,efficient,40,0.8571428571428571,3.0,40,"{""ok"": 40}",40,0,40,7.475,7.475,6.615051331514113,8.334948668485886,6.615051331514113,8.334948668485886,40,1,39,inf,2.0794667057821092,1.975584371520935,2.1833490400432836,2,0,2,,40,0,40,0.0017868009999989676,0.0017868009999989676,0.0016533703730121352,0.0019202316269858,0.0016533703730121352,0.0019202316269858,,,0.057432783223882344,-1.0653175587411092,1.180183125188874,,
bridge,8,3,8,0.75,alternating,mle,40,0.8571428571428571,3.0,40,"{""ok"": 40}",40,0,40,8.4,8.4,7.237150045918251,9.56284995408175,7.237150045918251,9.56284995408175,40,2,38,inf,2.381026736483517,2.2529873144490744,2.50906615851796,2,0,2,,40,0,40,0.00298663280000109,0.00298663280000109,0.0028281235618240427,0.0031451420381781374,0.0028281235618240427,0.0031451420381781374,,,0.361405575897416,-2.7989543228147484,3.5217654746095803,,
bridge,8,3,8,0.75,alternating,pl,40,0.8571428571428571,3.0,2,"{""no_unique_finite_mle"": 38, ""ok"": 2}",2,0,2,,10.0,-2.706204736174694,22.706204736174694,,,2,0,2,,2.2172507991135277,-2.9014264747862124,7.335928073013267,2,0,2,,40,0,40,0.0003790959250003801,0.0003790959250003801,0.00018315916290502049,0.0005750326870957397,0.00018315916290502049,0.0005750326870957397,,,0.0,0.0,0.0,,
bridge,8,3,8,0.75,alternating,sharp,40,0.8571428571428571,3.0,40,"{""ok"": 40}",40,0,40,15.475,15.475,14.371900936362822,16.578099063637175,14.371900936362822,16.578099063637175,40,0,40,1.8088821148428287,1.8088821148428287,1.7936701968589364,1.824094032826721,2,0,2,,40,0,40,0.0009102656249999977,0.0009102656249999977,0.0006980856545703592,0.001122445595429636,0.0006980856545703592,0.001122445595429636,1.7936701968589364,1.824094032826721,-0.3834483684442982,-4.967919166557383,4.201022429668786,,
bridge,8,3,8,0.75,equal,borda,40,0.8571428571428571,3.0,40,"{""ok"": 40}",40,0,40,7.025,7.025,6.188236894021486,7.861763105978515,6.188236894021486,7.861763105978515,40,0,40,2.029940093051279,2.029940093051279,1.9373390019606314,2.1225411841419266,3,0,3,,40,0,40,0.001731576100000555,0.001731576100000555,0.001646631021093179,0.001816521178907931,0.001646631021093179,0.001816521178907931,1.9373390019606314,2.1225411841419266,-0.34930359555724194,-0.9645439618615674,0.2659367707470835,,
bridge,8,3,8,0.75,equal,efficient,40,0.8571428571428571,3.0,40,"{""ok"": 40}",40,0,40,7.025,7.025,6.188236894021486,7.861763105978515,6.188236894021486,7.861763105978515,40,0,40,2.029940093051279,2.029940093051279,1.9373390019606314,2.1225411841419266,3,0,3,,40,0,40,0.0017989565249986873,0.0017989565249986873,0.0017103719970306148,0.0018875410529667598,0.0017103719970306148,0.0018875410529667598,1.9373390019606314,2.1225411841419266,-0.34930359555724194,-0.9645439618615674,0.2659367707470835,,
bridge,8,3,8,0.75,equal,mle,40,0.8571428571428571,3.0,40,"{""ok"": 40}",40,0,40,8.025,8.025,6.927860778252852,9.12213922174715,6.927860778252852,9.12213922174715,40,1,39,inf,2.384584347425477,2.209971241494186,2.5591974533567683,3,0,3,,40,0,40,0.0030524294499986375,0.0030524294499986375,0.0029131491256365917,0.0031917097743606833,0.0029131491256365917,0.0031917097743606833,,,0.06021321776965227,-0.5643438124336687,0.6847702479729733,,
bridge,8,3,8,0.75,equal,pl,40,0.8571428571428571,3.0,3,"{""no_unique_finite_mle"": 37, ""ok"": 3}",3,0,3,,9.666666666666666,1.6812811552225444,17.652052178110786,,,3,0,3,,2.270817099831309,1.3414803142639844,3.2001538853986338,3,0,3,,40,0,40,0.000495819675000625,0.000495819675000625,0.000223693429810503,0.0007679459201907471,0.000223693429810503,0.0007679459201907471,,,0.0,0.0,0.0,,
bridge,8,3,8,0.75,equal,sharp,40,0.8571428571428571,3.0,40,"{""ok"": 40}",40,0,40,12.95,12.95,11.602933949261939,14.29706605073806,11.602933949261939,14.29706605073806,40,0,40,1.7901048272455273,1.7901048272455273,1.7760995615404902,1.8041100929505645,3,0,3,,40,0,40,0.0011555160000003423,0.0011555160000003423,0.0009382658325000951,0.0013727661675005894,0.0009382658325000951,0.0013727661675005894,1.7760995615404902,1.8041100929505645,-0.4790576306032543,-1.4083944161705795,0.45027915496407095,,
bridge,8,3,8,1.0,alternating,borda,40,0.8571428571428571,3.0,40,"{""ok"": 40}",40,0,40,7.45,7.45,6.503072397719086,8.396927602280915,6.503072397719086,8.396927602280915,40,1,39,inf,2.0899007209371288,1.9685543136445272,2.2112471282297306,2,0,2,,40,0,40,0.001774204175000749,0.001774204175000749,0.001656585726119624,0.0018918226238818741,0.001656585726119624,0.0018918226238818741,,,0.025748973706867448,-0.5200743354936388,0.5715722829073737,,
bridge,8,3,8,1.0,alternating,efficient,40,0.8571428571428571,3.0,40,"{""ok"": 40}",40,0,40,7.45,7.45,6.503072397719086,8.396927602280915,6.503072397719086,8.396927602280915,40,1,39,inf,2.0899007209371288,1.9685543136445272,2.2112471282297306,2,0,2,,40,0,40,0.0018619541500008048,0.0018619541500008048,0.0017431720206727477,0.001980736279328862,0.0017431720206727477,0.001980736279328862,,,0.025748973706867448,-0.5200743354936388,0.5715722829073737,,
bridge,8,3,8,1.0,alternating,mle,40,0.8571428571428571,3.0,40,"{""ok"": 40}",40,0,40,8.475,8.475,7.193715064180231,9.756284935819767,7.193715064180231,9.756284935819767,40,1,39,inf,2.422370577693419,2.2407360550628583,2.6040051003239792,2,0,2,,40,0,40,0.0031006584250003947,0.0031006584250003947,0.002970711909464731,0.0032306049405360585,0.002970711909464731,0.0032306049405360585,,,0.3921407343207082,0.23486957811212175,0.5494118905292946,,
bridge,8,3,8,1.0,alternating,pl,40,0.8571428571428571,3.0,2,"{""no_unique_finite_mle"": 38, ""ok"": 2}",2,0,2,,6.0,-6.706204736174694,18.706204736174694,,,2,0,2,,1.8864347693234818,0.6495423978806363,3.1233271407663272,2,0,2,,40,0,40,0.000448864875000465,0.000448864875000465,0.00019354617891948562,0.0007041835710814443,0.00019354617891948562,0.0007041835710814443,,,0.0,0.0,0.0,,
bridge,8,3,8,1.0,alternating,sharp,40,0.8571428571428571,3.0,40,"{""ok"": 40}",40,0,40,13.65,13.65,12.409138625947193,14.890861374052808,12.409138625947193,14.890861374052808,40,0,40,1.8108936994548757,1.8108936994548757,1.792260894283719,1.8295265046260323,2,0,2,,40,0,40,0.0011021713999987024,0.0011021713999987024,0.0008831298492710903,0.0013212129507263145,0.0008831298492710903,0.0013212129507263145,1.792260894283719,1.8295265046260323,-0.0227238201311364,-0.3453859560769369,0.2999383158146641,,
bridge,8,3,8,1.0,equal,borda,40,0.8571428571428571,3.0,40,"{""ok"": 40}",40,0,40,7.175,7.175,6.062667344277256,8.287332655722745,6.062667344277256,8.287332655722745,40,0,40,2.182965418243596,2.182965418243596,2.0312408666186115,2.3346899698685806,5,0,5,,40,0,40,0.0018692559500013625,0.0018692559500013625,0.0017718361606965504,0.0019666757393061746,0.0017718361606965504,0.0019666757393061746,2.0312408666186115,2.3346899698685806,-0.027536429932911548,-0.27387875516725113,0.21880589530142805,,
bridge,8,3,8,1.0,equal,efficient,40,0.8571428571428571,3.0,40,"{""ok"": 40}",40,0,40,7.175,7.175,6.062667344277256,8.287332655722745,6.062667344277256,8.287332655722745,40,0,40,2.182965418243596,2.182965418243596,2.0312408666186115,2.3346899698685806,5,0,5,,40,0,40,0.0019276000000000876,0.0019276000000000876,0.0018300791895379759,0.0020251208104621996,0.0018300791895379759,0.0020251208104621996,2.0312408666186115,2.3346899698685806,-0.027536429932911548,-0.27387875516725113,0.21880589530142805,,
bridge,8,3,8,1.0,equal,mle,40,0.8571428571428571,3.0,40,"{""ok"": 40}",40,0,40,8.225,8.225,7.186814574460007,9.263185425539993,7.186814574460007,9.263185425539993,40,1,39,inf,2.4660959089660164,2.2957649339075648,2.636426884024468,5,0,5,,40,0,40,0.0031290761749982027,0.0031290761749982027,0.002985839003828834,0.0032723133461675714,0.002985839003828834,0.0032723133461675714,,,0.264315415594803,-0.06465366877332906,0.593284499962935,,
bridge,8,3,8,1.0,equal,pl,40,0.8571428571428571,3.0,5,"{""no_unique_finite_mle"": 35, ""ok"": 5}",5,0,5,,5.8,4.181068215291297,7.418931784708703,,,5,0,5,,1.8423065787051691,1.6077743952782653,2.076838762132073,5,0,5,,40,0,40,0.0006044464750007974,0.0006044464750007974,0.0003109478549102931,0.0008979450950913016,0.0003109478549102931,0.0008979450950913016,,,0.0,0.0,0.0,,
bridge,8,3,8,1.0,equal,sharp,40,0.8571428571428571,3.0,40,"{""ok"": 40}",40,0,40,13.675,13.675,12.526703441938825,14.823296558061177,12.526703441938825,14.823296558061177,40,0,40,1.796412058053388,1.796412058053388,1.7798536412539863,1.8129704748527897,5,0,5,,40,0,40,0.0009380471999981901,0.0009380471999981901,0.0007341981356884531,0.0011418962643079272,0.0007341981356884531,0.0011418962643079272,1.7798536412539863,1.8129704748527897,-0.01531712110208896,-0.21994165963259782,0.1893074174284199,,
bridge,8,3,28,0.0,alternating,borda,40,3.0,10.5,40,"{""ok"": 40}",40,0,40,4.65,4.65,3.9646458945684895,5.335354105431511,3.9646458945684895,5.335354105431511,40,0,40,1.711418858292064,1.711418858292064,1.6843332495401444,1.7385044670439835,40,0,40,-0.03069418647006511,40,0,40,0.0015025256500002574,0.0015025256500002574,0.001445409691273746,0.0015596416087267687,0.001445409691273746,0.0015596416087267687,1.6843332495401444,1.7385044670439835,-0.03069418647006511,-0.050474175782635286,-0.010914197157494934,-0.050474175782635286,-0.010914197157494934
bridge,8,3,28,0.0,alternating,efficient,40,3.0,10.5,0,"{""outside_schedule_domain"": 40}",0,0,0,,,,,,,0,0,0,,,,,0,0,0,,40,0,40,3.762382499985506e-05,3.762382499985506e-05,3.642090475291105e-05,3.882674524679907e-05,3.642090475291105e-05,3.882674524679907e-05,,,,,,,
bridge,8,3,28,0.0,alternating,mle,40,3.0,10.5,40,"{""ok"": 40}",40,0,40,4.0,4.0,3.036461978471748,4.963538021528252,3.036461978471748,4.963538021528252,40,0,40,1.7286824992256888,1.7286824992256888,1.6840969487516908,1.7732680496996869,40,0,40,-0.013430545536440085,40,0,40,0.00279665609999919,0.00279665609999919,0.0027163974922789495,0.0028769147077194307,0.0027163974922789495,0.0028769147077194307,1.6840969487516908,1.7732680496996869,-0.013430545536440085,-0.041359010226815464,0.014497919153935293,-0.041359010226815464,0.014497919153935293
bridge,8,3,28,0.0,alternating,pl,40,3.0,10.5,40,"{""ok"": 40}",40,0,40,4.575,4.575,3.802105434949384,5.347894565050616,3.802105434949384,5.347894565050616,40,0,40,1.7421130447621291,1.7421130447621291,1.7088901778335381,1.7753359116907201,40,0,40,0.0,40,0,40,0.001861615924998665,0.001861615924998665,0.0017134117253512033,0.0020098201246461266,0.0017134117253512033,0.0020098201246461266,1.7088901778335381,1.7753359116907201,0.0,0.0,0.0,0.0,0.0
bridge,8,3,28,0.0,alternating,sharp,40,3.0,10.5,40,"{""ok"": 40}",40,0,40,8.625,8.625,7.646103806108131,9.60389619389187,7.646103806108131,9.60389619389187,40,0,40,1.7699017103473618,1.7699017103473618,1.7470754194713063,1.7927280012234172,40,0,40,0.02778866558523293,40,0,40,0.002056202574999535,0.002056202574999535,0.0020181446846205893,0.0020942604653784807,0.0020181446846205893,0.0020942604653784807,1.7470754194713063,1.7927280012234172,0.02778866558523293,-0.008274655853777672,0.06385198702424352,-0.008274655853777672,0.06385198702424352
bridge,8,3,28,0.0,equal,borda,40,3.0,10.5,40,"{""ok"": 40}",40,0,40,4.275,4.275,3.607333247134477,4.942666752865524,3.607333247134477,4.942666752865524,40,0,40,1.7103223415430246,1.7103223415430246,1.6812424882417967,1.7394021948442526,37,0,37,,40,0,40,0.0015995308250011948,0.0015995308250011948,0.0015281650110915922,0.0016708966389107974,0.0015281650110915922,0.0016708966389107974,1.6812424882417967,1.7394021948442526,-0.05094458009167296,-0.0794443545189327,-0.022444805664413214,,
bridge,8,3,28,0.0,equal,efficient,40,3.0,10.5,0,"{""outside_schedule_domain"": 40}",0,0,0,,,,,,,0,0,0,,,,,0,0,0,,40,0,40,4.463524999955837e-05,4.463524999955837e-05,4.1351656337660617e-05,4.791884366145612e-05,4.1351656337660617e-05,4.791884366145612e-05,,,,,,,
bridge,8,3,28,0.0,equal,mle,40,3.0,10.5,40,"{""ok"": 40}",40,0,40,4.425,4.425,3.5562521215564704,5.293747878443529,3.5562521215564704,5.293747878443529,40,0,40,1.7539536258477468,1.7539536258477468,1.7131201249191637,1.79478712677633,37,0,37,,40,0,40,0.0029331469249985025,0.0029331469249985025,0.0028330106184864716,0.0030332832315105333,0.0028330106184864716,0.0030332832315105333,1.7131201249191637,1.79478712677633,-0.006374177485326877,-0.04736184142463414,0.03461348645398039,,
bridge,8,3,28,0.0,equal,pl,40,3.0,10.5,37,"{""ok"": 37, ""no_unique_finite_mle"": 3}",37,0,37,,4.378378378378378,3.648104888961079,5.108651867795677,,,37,0,37,,1.7494712648867314,1.7205682018140713,1.7783743279593915,37,0,37,,40,0,40,0.002051782250000345,0.002051782250000345,0.0017688168538778086,0.002334747646122881,0.0017688168538778086,0.002334747646122881,,,0.0,0.0,0.0,,
bridge,8,3,28,0.0,equal,sharp,40,3.0,10.5,40,"{""ok"": 40}",40,0,40,8.65,8.65,7.632063374641087,9.667936625358914,7.632063374641087,9.667936625358914,40,0,40,1.7795674349018742,1.7795674349018742,1.7523369673072127,1.8067979024965357,37,0,37,,40,0,40,0.00221405970000065,0.00221405970000065,0.0021338082172252604,0.0022943111827760394,0.0021338082172252604,0.0022943111827760394,1.7523369673072127,1.8067979024965357,0.025511704437520367,-0.010489313407073275,0.061512722282114005,,
bridge,8,3,28,0.25,alternating,borda,40,3.0,10.5,40,"{""ok"": 40}",40,0,40,4.875,4.875,4.210483100481573,5.539516899518427,4.210483100481573,5.539516899518427,40,0,40,1.7132260239510082,1.7132260239510082,1.692838644965504,1.7336134029365124,39,0,39,,40,0,40,0.0015608051749989025,0.0015608051749989025,0.001497102228350145,0.00162450812164766,0.001497102228350145,0.00162450812164766,1.692838644965504,1.7336134029365124,-0.013185870386572339,-0.03537374233423661,0.009002001561091932,,
bridge,8,3,28,0.25,alternating,efficient,40,3.0,10.5,0,"{""outside_schedule_domain"": 40}",0,0,0,,,,,,,0,0,0,,,,,0,0,0,,40,0,40,3.850830000047267e-05,3.850830000047267e-05,3.708477612776359e-05,3.993182387318175e-05,3.708477612776359e-05,3.993182387318175e-05,,,,,,,
bridge,8,3,28,0.25,alternating,mle,40,3.0,10.5,40,"{""ok"": 40}",40,0,40,4.625,4.625,3.784484223686774,5.465515776313226,3.784484223686774,5.465515776313226,40,0,40,1.7495446665740488,1.7495446665740488,1.7140103907040491,1.7850789424440485,39,0,39,,40,0,40,0.0028381108749996474,0.0028381108749996474,0.002749246940604645,0.00292697480939465,0.002749246940604645,0.00292697480939465,1.7140103907040491,1.7850789424440485,0.02057090300926343,-0.004603855580161461,0.045745661598688314,,
bridge,8,3,28,0.25,alternating,pl,40,3.0,10.5,39,"{""ok"": 39, ""no_unique_finite_mle"": 1}",39,0,39,,4.846153846153846,4.217146422993465,5.475161269314227,,,39,0,39,,1.7248656992464708,1.703376886852224,1.7463545116407175,39,0,39,,40,0,40,0.001958768424999793,0.001958768424999793,0.001719543136731933,0.0021979937132676525,0.001719543136731933,0.0021979937132676525,,,0.0,0.0,0.0,,
bridge,8,3,28,0.25,alternating,sharp,40,3.0,10.5,40,"{""ok"": 40}",40,0,40,9.0,9.0,7.814368796506626,10.185631203493374,7.814368796506626,10.185631203493374,40,0,40,1.7800614324916673,1.7800614324916673,1.7547776144323053,1.8053452505510292,39,0,39,,40,0,40,0.0020716045499994578,0.0020716045499994578,0.0020249346945186825,0.002118274405480233,0.0020249346945186825,0.002118274405480233,1.7547776144323053,1.8053452505510292,0.05482050446298542,0.028043297782539136,0.0815977111434317,,
bridge,8,3,28,0.25,equal,borda,40,3.0,10.5,40,"{""ok"": 40}",40,0,40,4.5,4.5,3.794098627676206,5.205901372323794,3.794098627676206,5.205901372323794,40,0,40,1.6903510852769668,1.6903510852769668,1.6639959841839893,1.7167061863699442,40,0,40,-0.021409223899317202,40,0,40,0.0015277927500000974,0.0015277927500000974,0.0014683517868520418,0.0015872337131481531,0.0014683517868520418,0.0015872337131481531,1.6639959841839893,1.7167061863699442,-0.021409223899317202,-0.046988781313474504,0.004170333514840103,-0.046988781313474504,0.004170333514840103
bridge,8,3,28,0.25,equal,efficient,40,3.0,10.5,0,"{""outside_schedule_domain"": 40}",0,0,0,,,,,,,0,0,0,,,,,0,0,0,,40,0,40,3.759569999921553e-05,3.759569999921553e-05,3.6860065108443156e-05,3.83313348899879e-05,3.6860065108443156e-05,3.83313348899879e-05,,,,,,,
bridge,8,3,28,0.25,equal,mle,40,3.0,10.5,40,"{""ok"": 40}",40,0,40,4.175,4.175,3.5440900938284967,4.805909906171503,3.5440900938284967,4.805909906171503,40,0,40,1.7171138532953818,1.7171138532953818,1.6876466574330662,1.7465810491576974,40,0,40,0.00535354411909816,40,0,40,0.0028299698249991175,0.0028299698249991175,0.0027526293565917946,0.0029073102934064404,0.0027526293565917946,0.0029073102934064404,1.6876466574330662,1.7465810491576974,0.00535354411909816,-0.020382453909901545,0.031089542148097865,-0.020382453909901545,0.031089542148097865
bridge,8,3,28,0.25,equal,pl,40,3.0,10.5,40,"{""ok"": 40}",40,0,40,4.525,4.525,3.8534167052386556,5.196583294761345,3.8534167052386556,5.196583294761345,40,0,40,1.7117603091762839,1.7117603091762839,1.6822823487091232,1.7412382696434445,40,0,40,0.0,40,0,40,0.0020799731999999876,0.0020799731999999876,0.0018294792572342545,0.002330467142765721,0.0018294792572342545,0.002330467142765721,1.6822823487091232,1.7412382696434445,0.0,0.0,0.0,0.0,0.0
bridge,8,3,28,0.25,equal,sharp,40,3.0,10.5,40,"{""ok"": 40}",40,0,40,8.725,8.725,7.829201775243559,9.62079822475644,7.829201775243559,9.62079822475644,40,0,40,1.7697812852443513,1.7697812852443513,1.7495505272504541,1.7900120432382485,40,0,40,0.05802097606806704,40,0,40,0.0020714560749989777,0.0020714560749989777,0.0020401676864539794,0.002102744463543976,0.0020401676864539794,0.002102744463543976,1.7495505272504541,1.7900120432382485,0.05802097606806704,0.02157121366286835,0.09447073847326573,0.02157121366286835,0.09447073847326573
bridge,8,3,28,0.5,alternating,borda,40,3.0,10.5,40,"{""ok"": 40}",40,0,40,3.975,3.975,3.3756398280720115,4.574360171927989,3.3756398280720115,4.574360171927989,40,0,40,1.6659814593106794,1.6659814593106794,1.644777831221995,1.687185087399364,39,0,39,,40,0,40,0.001549788899999835,0.001549788899999835,0.0014859196057913568,0.001613658194208313,0.0014859196057913568,0.001613658194208313,1.644777831221995,1.687185087399364,-0.017487915952544845,-0.04688681806982738,0.011910986164737687,,
bridge,8,3,28,0.5,alternating,efficient,40,3.0,10.5,0,"{""outside_schedule_domain"": 40}",0,0,0,,,,,,,0,0,0,,,,,0,0,0,,40,0,40,3.7506949998444836e-05,3.7506949998444836e-05,3.668496577239997e-05,3.83289342244897e-05,3.668496577239997e-05,3.83289342244897e-05,,,,,,,
bridge,8,3,28,0.5,alternating,mle,40,3.0,10.5,40,"{""ok"": 40}",40,0,40,4.425,4.425,3.742185760494124,5.107814239505876,3.742185760494124,5.107814239505876,40,0,40,1.7205463083333732,1.7205463083333732,1.6916820803642005,1.7494105363025458,39,0,39,,40,0,40,0.0028415670249994397,0.0028415670249994397,0.0027584882345446002,0.002924645815454279,0.0027584882345446002,0.002924645815454279,1.6916820803642005,1.7494105363025458,0.03571158548803187,0.0014993282320023768,0.06992384274406135,,
bridge,8,3,28,0.5,alternating,pl,40,3.0,10.5,39,"{""ok"": 39, ""no_unique_finite_mle"": 1}",39,0,39,,3.948717948717949,3.407572890094949,4.489863007340949,,,39,0,39,,1.6843199611270971,1.6522163847635678,1.7164235374906265,39,0,39,,40,0,40,0.0020295282500007797,0.0020295282500007797,0.0018257037644464334,0.002233352735555126,0.0018257037644464334,0.002233352735555126,,,0.0,0.0,0.0,,
bridge,8,3,28,0.5,alternating,sharp,40,3.0,10.5,40,"{""ok"": 40}",40,0,40,8.6,8.6,7.377772035763481,9.822227964236518,7.377772035763481,9.822227964236518,40,0,40,1.7484849280210135,1.7484849280210135,1.723847863804027,1.773121992238,39,0,39,,40,0,40,0.0020603625000013425,0.0020603625000013425,0.002029527827998307,0.002091197172004378,0.002029527827998307,0.002091197172004378,1.723847863804027,1.773121992238,0.06198990372105847,0.02302250146962905,0.10095730597248789,,
bridge,8,3,28,0.5,equal,borda,40,3.0,10.5,40,"{""ok"": 40}",40,0,40,4.475,4.475,3.6916570238150035,5.258342976184996,3.6916570238150035,5.258342976184996,40,0,40,1.7045633487177567,1.7045633487177567,1.6719152506611066,1.7372114467744069,37,0,37,,40,0,40,0.0016071528499998953,0.0016071528499998953,0.0015232566142029287,0.0016910490857968618,0.0015232566142029287,0.0016910490857968618,1.6719152506611066,1.7372114467744069,-0.014391354473685485,-0.03945096851139086,0.010668259564019893,,
bridge,8,3,28,0.5,equal,efficient,40,3.0,10.5,0,"{""outside_schedule_domain"": 40}",0,0,0,,,,,,,0,0,0,,,,,0,0,0,,40,0,40,3.973844999940468e-05,3.973844999940468e-05,3.742518414108411e-05,4.205171585772525e-05,3.742518414108411e-05,4.205171585772525e-05,,,,,,,
bridge,8,3,28,0.5,equal,mle,40,3.0,10.5,40,"{""ok"": 40}",40,0,40,4.875,4.875,3.993366651800005,5.756633348199995,3.993366651800005,5.756633348199995,40,0,40,1.7650496902356054,1.7650496902356054,1.7267308029928914,1.8033685774783195,37,0,37,,40,0,40,0.002931724875001102,0.002931724875001102,0.002844925523979756,0.003018524226022448,0.002844925523979756,0.003018524226022448,1.7267308029928914,1.8033685774783195,0.046148811356801246,0.010141810779948891,0.0821558119336536,,
bridge,8,3,28,0.5,equal,pl,40,3.0,10.5,37,"{""ok"": 37, ""no_unique_finite_mle"": 3}",37,0,37,,4.486486486486487,3.6788287056826503,5.294144267290323,,,37,0,37,,1.7162208590570143,1.6793341109431383,1.7531076071708902,37,0,37,,40,0,40,0.00208351462500107,0.00208351462500107,0.0017906131552335525,0.002376416094768587,0.0017906131552335525,0.002376416094768587,,,0.0,0.0,0.0,,
bridge,8,3,28,0.5,equal,sharp,40,3.0,10.5,40,"{""ok"": 40}",40,0,40,7.35,7.35,6.461366659424122,8.238633340575877,6.461366659424122,8.238633340575877,40,0,40,1.7473732736847907,1.7473732736847907,1.7218473344305933,1.772899212938988,37,0,37,,40,0,40,0.0021232505499998097,0.0021232505499998097,0.002051103640967222,0.0021953974590323976,0.002051103640967222,0.0021953974590323976,1.7218473344305933,1.772899212938988,0.031667602500662494,-0.005840510437311645,0.06917571543863663,,
bridge,8,3,28,0.75,alternating,borda,40,3.0,10.5,40,"{""ok"": 40}",40,0,40,3.975,3.975,3.4117320492612295,4.538267950738771,3.4117320492612295,4.538267950738771,40,0,40,1.6563544316071455,1.6563544316071455,1.629229598444033,1.6834792647702579,39,0,39,,40,0,40,0.0015807372750006876,0.0015807372750006876,0.001517648301169209,0.0016438262488321662,0.001517648301169209,0.0016438262488321662,1.629229598444033,1.6834792647702579,-0.012582285625852566,-0.036379083577764385,0.011214512326059255,,
bridge,8,3,28,0.75,alternating,efficient,40,3.0,10.5,0,"{""outside_schedule_domain"": 40}",0,0,0,,,,,,,0,0,0,,,,,0,0,0,,40,0,40,3.6695499999339634e-05,3.6695499999339634e-05,3.578517133626622e-05,3.760582866241305e-05,3.578517133626622e-05,3.760582866241305e-05,,,,,,,
bridge,8,3,28,0.75,alternating,mle,40,3.0,10.5,40,"{""ok"": 40}",40,0,40,4.35,4.35,3.6024178028600957,5.097582197139904,3.6024178028600957,5.097582197139904,40,0,40,1.700102870563774,1.700102870563774,1.6656818995108407,1.7345238416167073,39,0,39,,40,0,40,0.0028053806500011025,0.0028053806500011025,0.0027243508195015586,0.0028864104805006465,0.0027243508195015586,0.0028864104805006465,1.6656818995108407,1.7345238416167073,0.03327911202745305,-0.0023139893909867246,0.06887221344589284,,
bridge,8,3,28,0.75,alternating,pl,40,3.0,10.5,39,"{""ok"": 39, ""no_unique_finite_mle"": 1}",39,0,39,,3.9743589743589745,3.3071692837694067,4.641548664948543,,,39,0,39,,1.661786031875623,1.6284622282528027,1.6951098354984433,39,0,39,,40,0,40,0.0021491144250016924,0.0021491144250016924,0.0018592213581318077,0.002439007491871577,0.0018592213581318077,0.002439007491871577,,,0.0,0.0,0.0,,
bridge,8,3,28,0.75,alternating,sharp,40,3.0,10.5,40,"{""ok"": 40}",40,0,40,8.625,8.625,7.606709180919486,9.643290819080514,7.606709180919486,9.643290819080514,40,0,40,1.7568632440670426,1.7568632440670426,1.7343468688457269,1.7793796192883584,39,0,39,,40,0,40,0.0020112389249990876,0.0020112389249990876,0.0019322081370647351,0.00209026971293344,0.0019322081370647351,0.00209026971293344,1.7343468688457269,1.7793796192883584,0.093461511439462,0.05966432280803655,0.12725870007088746,,
bridge,8,3,28,0.75,equal,borda,40,3.0,10.5,40,"{""ok"": 40}",40,0,40,4.275,4.275,3.5766156328739274,4.973384367126073,3.5766156328739274,4.973384367126073,40,0,40,1.6816599570983606,1.6816599570983606,1.6568784249525592,1.706441489244162,40,0,40,0.012344261759831165,40,0,40,0.0016028207749982522,0.0016028207749982522,0.0015331872661737093,0.0016724542838227952,0.0015331872661737093,0.0016724542838227952,1.6568784249525592,1.706441489244162,0.012344261759831165,-0.008666764796692376,0.0333552883163547,-0.008666764796692376,0.0333552883163547
bridge,8,3,28,0.75,equal,efficient,40,3.0,10.5,0,"{""outside_schedule_domain"": 40}",0,0,0,,,,,,,0,0,0,,,,,0,0,0,,40,0,40,3.78880750012911e-05,3.78880750012911e-05,3.690493331675483e-05,3.887121668582737e-05,3.690493331675483e-05,3.887121668582737e-05,,,,,,,
bridge,8,3,28,0.75,equal,mle,40,3.0,10.5,40,"{""ok"": 40}",40,0,40,4.625,4.625,3.9585126976409546,5.291487302359045,3.9585126976409546,5.291487302359045,40,0,40,1.7431681505414118,1.7431681505414118,1.710630776187484,1.7757055248953397,40,0,40,0.07385245520288249,40,0,40,0.002911931000000895,0.002911931000000895,0.0028445824289890353,0.002979279571012755,0.0028445824289890353,0.002979279571012755,1.710630776187484,1.7757055248953397,0.07385245520288249,0.044025686910565326,0.10367922349519965,0.044025686910565326,0.10367922349519965
bridge,8,3,28,0.75,equal,pl,40,3.0,10.5,40,"{""ok"": 40}",40,0,40,3.85,3.85,3.272648895473022,4.427351104526978,3.272648895473022,4.427351104526978,40,0,40,1.6693156953385295,1.6693156953385295,1.6383916997505894,1.7002396909264696,40,0,40,0.0,40,0,40,0.0021454621999992675,0.0021454621999992675,0.0019755274808183326,0.0023153969191802024,0.0019755274808183326,0.0023153969191802024,1.6383916997505894,1.7002396909264696,0.0,0.0,0.0,0.0,0.0
bridge,8,3,28,0.75,equal,sharp,40,3.0,10.5,40,"{""ok"": 40}",40,0,40,8.875,8.875,7.892093289372406,9.857906710627594,7.892093289372406,9.857906710627594,40,0,40,1.7649576551682333,1.7649576551682333,1.7443714157748174,1.7855438945616493,40,0,40,0.0956419598297037,40,0,40,0.0020560551499996874,0.0020560551499996874,0.0020122094263982904,0.0020999008736010843,0.0020122094263982904,0.0020999008736010843,1.7443714157748174,1.7855438945616493,0.0956419598297037,0.06305183665599463,0.12823208300341277,0.06305183665599463,0.12823208300341277
bridge,8,3,28,1.0,alternating,borda,40,3.0,10.5,40,"{""ok"": 40}",40,0,40,3.975,3.975,3.4355144675462603,4.51448553245374,3.4355144675462603,4.51448553245374,40,0,40,1.6356095909467805,1.6356095909467805,1.6152696881076491,1.6559494937859118,36,0,36,,40,0,40,0.00152145204999949,0.00152145204999949,0.001456286870972141,0.001586617229026839,0.001456286870972141,0.001586617229026839,1.6152696881076491,1.6559494937859118,0.011352017389665051,-0.010964579931576757,0.03366861471090686,,
bridge,8,3,28,1.0,alternating,efficient,40,3.0,10.5,0,"{""outside_schedule_domain"": 40}",0,0,0,,,,,,,0,0,0,,,,,0,0,0,,40,0,40,3.8039999999739393e-05,3.8039999999739393e-05,3.660065473449667e-05,3.947934526498212e-05,3.660065473449667e-05,3.947934526498212e-05,,,,,,,
bridge,8,3,28,1.0,alternating,mle,40,3.0,10.5,40,"{""ok"": 40}",40,0,40,4.825,4.825,4.210942678552493,5.439057321447508,4.210942678552493,5.439057321447508,40,0,40,1.7082862690475349,1.7082862690475349,1.6794760891820832,1.7370964489129865,36,0,36,,40,0,40,0.002855259874999255,0.002855259874999255,0.0027769999471597513,0.002933519802838759,0.0027769999471597513,0.002933519802838759,1.6794760891820832,1.7370964489129865,0.08914187061928652,0.05688752623006305,0.12139621500851,,
bridge,8,3,28,1.0,alternating,pl,40,3.0,10.5,36,"{""ok"": 36, ""no_unique_finite_mle"": 4}",36,0,36,,3.7222222222222223,3.1136674226313668,4.330777021813078,,,36,0,36,,1.6209449526989301,1.5947708727844023,1.647119032613458,36,0,36,,40,0,40,0.0022772440749992302,0.0022772440749992302,0.0019167942821780633,0.002637693867820397,0.0019167942821780633,0.002637693867820397,,,0.0,0.0,0.0,,
bridge,8,3,28,1.0,alternating,sharp,40,3.0,10.5,40,"{""ok"": 40}",40,0,40,7.875,7.875,7.1113221290364645,8.638677870963535,7.1113221290364645,8.638677870963535,40,0,40,1.7249845337453729,1.7249845337453729,1.7031804539653228,1.746788613525423,36,0,36,,40,0,40,0.0020620792749994074,0.0020620792749994074,0.0020341964273557517,0.002089962122643063,0.0020341964273557517,0.002089962122643063,1.7031804539653228,1.746788613525423,0.10971757787253356,0.07261157708829083,0.14682357865677628,,
bridge,8,3,28,1.0,equal,borda,40,3.0,10.5,40,"{""ok"": 40}",40,0,40,4.375,4.375,3.6777431208156264,5.072256879184374,3.6777431208156264,5.072256879184374,40,0,40,1.6616452960123653,1.6616452960123653,1.6408408301406607,1.68244976188407,38,0,38,,40,0,40,0.0016105138750002576,0.0016105138750002576,0.0015355581715885142,0.001685469578412001,0.0015355581715885142,0.001685469578412001,1.6408408301406607,1.68244976188407,0.023750280708161032,-0.006904320918028298,0.05440488233435036,,
bridge,8,3,28,1.0,equal,efficient,40,3.0,10.5,0,"{""outside_schedule_domain"": 40}",0,0,0,,,,,,,0,0,0,,,,,0,0,0,,40,0,40,3.741412499884689e-05,3.741412499884689e-05,3.655917054981804e-05,3.826907944787574e-05,3.655917054981804e-05,3.826907944787574e-05,,,,,,,
bridge,8,3,28,1.0,equal,mle,40,3.0,10.5,40,"{""ok"": 40}",40,0,40,4.7,4.7,3.9714279948036793,5.4285720051963215,3.9714279948036793,5.4285720051963215,40,0,40,1.7084369287423364,1.7084369287423364,1.6788569363421033,1.7380169211425696,38,0,38,,40,0,40,0.002860706025000273,0.002860706025000273,0.002772738640353542,0.0029486734096470036,0.002772738640353542,0.0029486734096470036,1.6788569363421033,1.7380169211425696,0.06513820500498739,0.0320267885789318,0.09824962143104299,,
bridge,8,3,28,1.0,equal,pl,40,3.0,10.5,38,"{""ok"": 38, ""no_unique_finite_mle"": 2}",38,0,38,,4.0,3.283123458497614,4.716876541502386,,,38,0,38,,1.6357161158906166,1.6014255998480844,1.6700066319331488,38,0,38,,40,0,40,0.0020835303999997973,0.0020835303999997973,0.0018167653438527884,0.002350295456146806,0.0018167653438527884,0.002350295456146806,,,0.0,0.0,0.0,,
bridge,8,3,28,1.0,equal,sharp,40,3.0,10.5,40,"{""ok"": 40}",40,0,40,8.45,8.45,7.548474503281635,9.351525496718365,7.548474503281635,9.351525496718365,40,0,40,1.7424650472909478,1.7424650472909478,1.7195539274314766,1.765376167150419,38,0,38,,40,0,40,0.0020409291750005778,0.0020409291750005778,0.0020103617471959215,0.002071496602805234,0.0020103617471959215,0.002071496602805234,1.7195539274314766,1.765376167150419,0.10705243719176624,0.0680462229926018,0.1460586513909307,,
bridge,8,3,112,0.0,alternating,borda,40,12.0,42.0,40,"{""ok"": 40}",40,0,40,2.325,2.325,1.8821614331772438,2.7678385668227565,1.8821614331772438,2.7678385668227565,40,0,40,1.6099519430656088,1.6099519430656088,1.5956880732483996,1.6242158128828181,40,0,40,-0.007419406118901526,40,0,40,0.0014593950499999573,0.0014593950499999573,0.0014260581863744025,0.0014927319136255122,0.0014260581863744025,0.0014927319136255122,1.5956880732483996,1.6242158128828181,-0.007419406118901526,-0.018442719317631265,0.003603907079828215,-0.018442719317631265,0.003603907079828215
bridge,8,3,112,0.0,alternating,efficient,40,12.0,42.0,0,"{""outside_schedule_domain"": 40}",0,0,0,,,,,,,0,0,0,,,,,0,0,0,,40,0,40,4.901355000050955e-05,4.901355000050955e-05,4.781580272642261e-05,5.02112972745965e-05,4.781580272642261e-05,5.02112972745965e-05,,,,,,,
bridge,8,3,112,0.0,alternating,mle,40,12.0,42.0,40,"{""ok"": 40}",40,0,40,0.775,0.775,0.43928158163500175,1.1107184183649983,0.43928158163500175,1.1107184183649983,40,0,40,1.5634881246194818,1.5634881246194818,1.5493046412364455,1.5776716080025182,40,0,40,-0.05388322456502816,40,0,40,0.0026766247749992725,0.0026766247749992725,0.002625462430619678,0.002727787119378867,0.002625462430619678,0.002727787119378867,1.5493046412364455,1.5776716080025182,-0.05388322456502816,-0.06593377705322957,-0.04183267207682674,-0.06593377705322957,-0.04183267207682674
bridge,8,3,112,0.0,alternating,pl,40,12.0,42.0,40,"{""ok"": 40}",40,0,40,2.2,2.2,1.8086425106390032,2.591357489360997,1.8086425106390032,2.591357489360997,40,0,40,1.6173713491845099,1.6173713491845099,1.611395640014607,1.6233470583544127,40,0,40,0.0,40,0,40,0.0016625512250005002,0.0016625512250005002,0.001603728545501556,0.0017213739044994443,0.001603728545501556,0.0017213739044994443,1.611395640014607,1.6233470583544127,0.0,0.0,0.0,0.0,0.0
bridge,8,3,112,0.0,alternating,sharp,40,12.0,42.0,40,"{""ok"": 40}",40,0,40,4.025,4.025,3.2136981670409486,4.836301832959052,3.2136981670409486,4.836301832959052,40,0,40,1.6543948367045722,1.6543948367045722,1.6315146295496568,1.6772750438594877,40,0,40,0.037023487520061994,40,0,40,0.003361899850000982,0.003361899850000982,0.0033323034662666273,0.003391496233735337,0.0033323034662666273,0.003391496233735337,1.6315146295496568,1.6772750438594877,0.037023487520061994,0.015955202886463717,0.05809177215366027,0.015955202886463717,0.05809177215366027
bridge,8,3,112,0.0,equal,borda,40,12.0,42.0,40,"{""ok"": 40}",40,0,40,1.85,1.85,1.4062001059427618,2.2937998940572384,1.4062001059427618,2.2937998940572384,40,0,40,1.594159678108675,1.594159678108675,1.5814780082477442,1.606841347969606,40,0,40,-0.02569208703816106,40,0,40,0.00151810647500023,0.00151810647500023,0.0014715890798638034,0.0015646238701366568,0.0014715890798638034,0.0015646238701366568,1.5814780082477442,1.606841347969606,-0.02569208703816106,-0.036566928671525,-0.01481724540479712,-0.036566928671525,-0.01481724540479712
bridge,8,3,112,0.0,equal,efficient,40,12.0,42.0,0,"{""outside_schedule_domain"": 40}",0,0,0,,,,,,,0,0,0,,,,,0,0,0,,40,0,40,5.328932500390142e-05,5.328932500390142e-05,4.972072433523232e-05,5.685792567257052e-05,4.972072433523232e-05,5.685792567257052e-05,,,,,,,
bridge,8,3,112,0.0,equal,mle,40,12.0,42.0,40,"{""ok"": 40}",40,0,40,0.95,0.95,0.5603214436887567,1.3396785563112432,0.5603214436887567,1.3396785563112432,40,0,40,1.568586173830459,1.568586173830459,1.555854755776991,1.5813175918839268,40,0,40,-0.05126559131637698,40,0,40,0.0027274558499992647,0.0027274558499992647,0.00265564098663615,0.0027992707133623796,0.00265564098663615,0.0027992707133623796,1.555854755776991,1.5813175918839268,-0.05126559131637698,-0.06330168203298399,-0.03922950059976998,-0.06330168203298399,-0.03922950059976998
bridge,8,3,112,0.0,equal,pl,40,12.0,42.0,40,"{""ok"": 40}",40,0,40,1.875,1.875,1.4515365851457824,2.2984634148542176,1.4515365851457824,2.2984634148542176,40,0,40,1.6198517651468358,1.6198517651468358,1.6136109812107122,1.6260925490829594,40,0,40,0.0,40,0,40,0.0018378329500012749,0.0018378329500012749,0.001734064573454901,0.0019416013265476488,0.001734064573454901,0.0019416013265476488,1.6136109812107122,1.6260925490829594,0.0,0.0,0.0,0.0,0.0
bridge,8,3,112,0.0,equal,sharp,40,12.0,42.0,40,"{""ok"": 40}",40,0,40,4.175,4.175,3.365640051145098,4.984359948854902,3.365640051145098,4.984359948854902,40,0,40,1.656633973039184,1.656633973039184,1.6367416951037614,1.6765262509746064,40,0,40,0.03678220789234804,40,0,40,0.003592123024998928,0.003592123024998928,0.003502531569538809,0.0036817144804590467,0.003502531569538809,0.0036817144804590467,1.6367416951037614,1.6765262509746064,0.03678220789234804,0.017475016021729763,0.05608939976296631,0.017475016021729763,0.05608939976296631
bridge,8,3,112,0.25,alternating,borda,40,12.0,42.0,40,"{""ok"": 40}",40,0,40,2.0,2.0,1.5839560667707224,2.4160439332292776,1.5839560667707224,2.4160439332292776,40,0,40,1.5902442321643004,1.5902442321643004,1.5797834934851045,1.6007049708434964,40,0,40,-0.003915308800496889,40,0,40,0.0014613783250008974,0.0014613783250008974,0.0014354828002751912,0.0014872738497266036,0.0014354828002751912,0.0014872738497266036,1.5797834934851045,1.6007049708434964,-0.003915308800496889,-0.011863974199757394,0.004033356598763616,-0.011863974199757394,0.004033356598763616
bridge,8,3,112,0.25,alternating,efficient,40,12.0,42.0,0,"{""outside_schedule_domain"": 40}",0,0,0,,,,,,,0,0,0,,,,,0,0,0,,40,0,40,4.913129999870591e-05,4.913129999870591e-05,4.787968100485642e-05,5.03829189925554e-05,4.787968100485642e-05,5.03829189925554e-05,,,,,,,
bridge,8,3,112,0.25,alternating,mle,40,12.0,42.0,40,"{""ok"": 40}",40,0,40,1.625,1.625,1.1803882986899847,2.0696117013100155,1.1803882986899847,2.0696117013100155,40,0,40,1.584860587215608,1.584860587215608,1.571963273635446,1.59775790079577,40,0,40,-0.009298953749189242,40,0,40,0.0026130092250002874,0.0026130092250002874,0.0025734194830697513,0.0026525989669308235,0.0025734194830697513,0.0026525989669308235,1.571963273635446,1.59775790079577,-0.009298953749189242,-0.022154310361464098,0.003556402863085612,-0.022154310361464098,0.003556402863085612
bridge,8,3,112,0.25,alternating,pl,40,12.0,42.0,40,"{""ok"": 40}",40,0,40,1.925,1.925,1.5323880224680624,2.317611977531938,1.5323880224680624,2.317611977531938,40,0,40,1.5941595409647973,1.5941595409647973,1.5884464525518316,1.599872629377763,40,0,40,0.0,40,0,40,0.0017403473250002077,0.0017403473250002077,0.0016505317631825018,0.0018301628868179136,0.0016505317631825018,0.0018301628868179136,1.5884464525518316,1.599872629377763,0.0,0.0,0.0,0.0,0.0
bridge,8,3,112,0.25,alternating,sharp,40,12.0,42.0,40,"{""ok"": 40}",40,0,40,3.4,3.4,2.691132642460506,4.108867357539494,2.691132642460506,4.108867357539494,40,0,40,1.62952839576038,1.62952839576038,1.611665241547522,1.6473915499732381,40,0,40,0.035368854795582494,40,0,40,0.00337014879999908,0.00337014879999908,0.003328342318351032,0.003411955281647128,0.003328342318351032,0.003411955281647128,1.611665241547522,1.6473915499732381,0.035368854795582494,0.01693024729467392,0.05380746229649107,0.01693024729467392,0.05380746229649107
bridge,8,3,112,0.25,equal,borda,40,12.0,42.0,40,"{""ok"": 40}",40,0,40,1.775,1.775,1.4471865965080373,2.1028134034919628,1.4471865965080373,2.1028134034919628,40,0,40,1.5866399052027365,1.5866399052027365,1.5779169001303057,1.5953629102751672,40,0,40,-0.008144382331266898,40,0,40,0.0014814947749985873,0.0014814947749985873,0.0014421546936023066,0.001520834856394868,0.0014421546936023066,0.001520834856394868,1.5779169001303057,1.5953629102751672,-0.008144382331266898,-0.016532076434159694,0.00024331177162589986,-0.016532076434159694,0.00024331177162589986
bridge,8,3,112,0.25,equal,efficient,40,12.0,42.0,0,"{""outside_schedule_domain"": 40}",0,0,0,,,,,,,0,0,0,,,,,0,0,0,,40,0,40,5.225579999965646e-05,5.225579999965646e-05,5.029593765527245e-05,5.421566234404047e-05,5.029593765527245e-05,5.421566234404047e-05,,,,,,,
bridge,8,3,112,0.25,equal,mle,40,12.0,42.0,40,"{""ok"": 40}",40,0,40,1.2,1.2,0.8511600496561892,1.5488399503438108,0.8511600496561892,1.5488399503438108,40,0,40,1.5749081583510611,1.5749081583510611,1.5633766653639103,1.586439651338212,40,0,40,-0.01987612918294232,40,0,40,0.0026721751749984725,0.0026721751749984725,0.002623322626297322,0.002721027723699623,0.002623322626297322,0.002721027723699623,1.5633766653639103,1.586439651338212,-0.01987612918294232,-0.02996904076515083,-0.00978321760073381,-0.02996904076515083,-0.00978321760073381
bridge,8,3,112,0.25,equal,pl,40,12.0,42.0,40,"{""ok"": 40}",40,0,40,1.7,1.7,1.3665350796337807,2.033464920366219,1.3665350796337807,2.033464920366219,40,0,40,1.5947842875340033,1.5947842875340033,1.588719387741675,1.6008491873263315,40,0,40,0.0,40,0,40,0.0018411212499997952,0.0018411212499997952,0.0017557697137059482,0.0019264727862936422,0.0017557697137059482,0.0019264727862936422,1.588719387741675,1.6008491873263315,0.0,0.0,0.0,0.0,0.0
bridge,8,3,112,0.25,equal,sharp,40,12.0,42.0,40,"{""ok"": 40}",40,0,40,3.95,3.95,3.331421427988868,4.568578572011132,3.331421427988868,4.568578572011132,40,0,40,1.646826016419071,1.646826016419071,1.6299652351543144,1.6636867976838274,40,0,40,0.052041728885067626,40,0,40,0.003550024924997737,0.003550024924997737,0.0034926209306934803,0.0036074289193019937,0.0034926209306934803,0.0036074289193019937,1.6299652351543144,1.6636867976838274,0.052041728885067626,0.03508854973256267,0.06899490803757258,0.03508854973256267,0.06899490803757258
bridge,8,3,112,0.5,alternating,borda,40,12.0,42.0,40,"{""ok"": 40}",40,0,40,1.725,1.725,1.3487612254268435,2.1012387745731567,1.3487612254268435,2.1012387745731567,40,0,40,1.5763302463259676,1.5763302463259676,1.5673387212025984,1.5853217714493368,40,0,40,0.012918180289537248,40,0,40,0.0014737889750015651,0.0014737889750015651,0.0014395102617901765,0.0015080676882129537,0.0014395102617901765,0.0015080676882129537,1.5673387212025984,1.5853217714493368,0.012918180289537248,0.005462731130255066,0.02037362944881943,0.005462731130255066,0.02037362944881943
bridge,8,3,112,0.5,alternating,efficient,40,12.0,42.0,0,"{""outside_schedule_domain"": 40}",0,0,0,,,,,,,0,0,0,,,,,0,0,0,,40,0,40,5.077790000065363e-05,5.077790000065363e-05,4.7852846019688464e-05,5.37029539816188e-05,4.7852846019688464e-05,5.37029539816188e-05,,,,,,,
bridge,8,3,112,0.5,alternating,mle,40,12.0,42.0,40,"{""ok"": 40}",40,0,40,1.575,1.575,1.213695924795698,1.936304075204302,1.213695924795698,1.936304075204302,40,0,40,1.5752193128665832,1.5752193128665832,1.5657975585155384,1.584641067217628,40,0,40,0.01180724683015265,40,0,40,0.002614915849999685,0.002614915849999685,0.0025689313705572134,0.0026609003294421566,0.0025689313705572134,0.0026609003294421566,1.5657975585155384,1.584641067217628,0.01180724683015265,0.0021695535609326765,0.021444940099372624,0.0021695535609326765,0.021444940099372624
bridge,8,3,112,0.5,alternating,pl,40,12.0,42.0,40,"{""ok"": 40}",40,0,40,1.85,1.85,1.4431990997525381,2.256800900247462,1.4431990997525381,2.256800900247462,40,0,40,1.5634120660364306,1.5634120660364306,1.5580496321202812,1.56877449995258,40,0,40,0.0,40,0,40,0.0018287081499991126,0.0018287081499991126,0.001732353205955725,0.0019250630940425002,0.001732353205955725,0.0019250630940425002,1.5580496321202812,1.56877449995258,0.0,0.0,0.0,0.0,0.0
bridge,8,3,112,0.5,alternating,sharp,40,12.0,42.0,40,"{""ok"": 40}",40,0,40,3.7,3.7,3.093192723988972,4.306807276011028,3.093192723988972,4.306807276011028,40,0,40,1.6292815721637717,1.6292815721637717,1.6124463253296033,1.64611681899794,40,0,40,0.06586950612734103,40,0,40,0.0033574849000007276,0.0033574849000007276,0.003323342119746264,0.003391627680255191,0.003323342119746264,0.003391627680255191,1.6124463253296033,1.64611681899794,0.06586950612734103,0.04875269435843427,0.0829863178962478,0.04875269435843427,0.0829863178962478
bridge,8,3,112,0.5,equal,borda,40,12.0,42.0,40,"{""ok"": 40}",40,0,40,1.7,1.7,1.3437212609818203,2.0562787390181794,1.3437212609818203,2.0562787390181794,40,0,40,1.5803309657354145,1.5803309657354145,1.5709865565048498,1.5896753749659793,40,0,40,0.011065199913736374,40,0,40,0.0014851070250020602,0.0014851070250020602,0.00144523012541541,0.0015249839245887102,0.00144523012541541,0.0015249839245887102,1.5709865565048498,1.5896753749659793,0.011065199913736374,0.0037593146701168064,0.018371085157355943,0.0037593146701168064,0.018371085157355943
bridge,8,3,112,0.5,equal,efficient,40,12.0,42.0,0,"{""outside_schedule_domain"": 40}",0,0,0,,,,,,,0,0,0,,,,,0,0,0,,40,0,40,4.953680000134853e-05,4.953680000134853e-05,4.843879956511624e-05,5.063480043758082e-05,4.843879956511624e-05,5.063480043758082e-05,,,,,,,
bridge,8,3,112,0.5,equal,mle,40,12.0,42.0,40,"{""ok"": 40}",40,0,40,1.775,1.775,1.381720598310069,2.1682794016899307,1.381720598310069,2.1682794016899307,40,0,40,1.5858019266243917,1.5858019266243917,1.5746853497983433,1.59691850345044,40,0,40,0.016536160802713605,40,0,40,0.0026707297749989476,0.0026707297749989476,0.0026292853438950863,0.002712174206102809,0.0026292853438950863,0.002712174206102809,1.5746853497983433,1.59691850345044,0.016536160802713605,0.006155273252510177,0.026917048352917035,0.006155273252510177,0.026917048352917035
bridge,8,3,112,0.5,equal,pl,40,12.0,42.0,40,"{""ok"": 40}",40,0,40,1.725,1.725,1.3932105457232855,2.0567894542767147,1.3932105457232855,2.0567894542767147,40,0,40,1.569265765821678,1.569265765821678,1.5630353118356628,1.5754962198076932,40,0,40,0.0,40,0,40,0.0018508380000006725,0.0018508380000006725,0.0017630541729149007,0.0019386218270864442,0.0017630541729149007,0.0019386218270864442,1.5630353118356628,1.5754962198076932,0.0,0.0,0.0,0.0,0.0
bridge,8,3,112,0.5,equal,sharp,40,12.0,42.0,40,"{""ok"": 40}",40,0,40,4.275,4.275,3.599522871798745,4.950477128201255,3.599522871798745,4.950477128201255,40,0,40,1.6500803571003666,1.6500803571003666,1.6323441790895514,1.6678165351111818,40,0,40,0.08081459127868855,40,0,40,0.0034375714250003296,0.0034375714250003296,0.0033936260286821338,0.0034815168213185254,0.0033936260286821338,0.0034815168213185254,1.6323441790895514,1.6678165351111818,0.08081459127868855,0.06233166218623895,0.09929752037113815,0.06233166218623895,0.09929752037113815
bridge,8,3,112,0.75,alternating,borda,40,12.0,42.0,40,"{""ok"": 40}",40,0,40,1.625,1.625,1.2439130338929592,2.006086966107041,1.2439130338929592,2.006086966107041,40,0,40,1.5649710680619136,1.5649710680619136,1.5570331265995707,1.5729090095242564,40,0,40,0.026681527592345045,40,0,40,0.0014607462750013673,0.0014607462750013673,0.0014172020861913078,0.001504290463811427,0.0014172020861913078,0.001504290463811427,1.5570331265995707,1.5729090095242564,0.026681527592345045,0.020195618892928084,0.033167436291762005,0.020195618892928084,0.033167436291762005
bridge,8,3,112,0.75,alternating,efficient,40,12.0,42.0,0,"{""outside_schedule_domain"": 40}",0,0,0,,,,,,,0,0,0,,,,,0,0,0,,40,0,40,4.9894375000647526e-05,4.9894375000647526e-05,4.8051330516783435e-05,5.173741948451162e-05,4.8051330516783435e-05,5.173741948451162e-05,,,,,,,
bridge,8,3,112,0.75,alternating,mle,40,12.0,42.0,40,"{""ok"": 40}",40,0,40,2.1,2.1,1.6430972630456595,2.5569027369543407,1.6430972630456595,2.5569027369543407,40,0,40,1.578973707967777,1.578973707967777,1.5678669889920782,1.5900804269434758,40,0,40,0.04068416749820859,40,0,40,0.002656722474999945,0.002656722474999945,0.002601058690914724,0.002712386259085166,0.002601058690914724,0.002712386259085166,1.5678669889920782,1.5900804269434758,0.04068416749820859,0.029627481019124047,0.05174085397729314,0.029627481019124047,0.05174085397729314
bridge,8,3,112,0.75,alternating,pl,40,12.0,42.0,40,"{""ok"": 40}",40,0,40,1.725,1.725,1.2905317321404057,2.1594682678595944,1.2905317321404057,2.1594682678595944,40,0,40,1.5382895404695685,1.5382895404695685,1.530994760529832,1.545584320409305,40,0,40,0.0,40,0,40,0.0019470055249996225,0.0019470055249996225,0.0018231744463916139,0.002070836603607631,0.0018231744463916139,0.002070836603607631,1.530994760529832,1.545584320409305,0.0,0.0,0.0,0.0,0.0
bridge,8,3,112,0.75,alternating,sharp,40,12.0,42.0,40,"{""ok"": 40}",40,0,40,4.375,4.375,3.6269355907028484,5.123064409297151,3.6269355907028484,5.123064409297151,40,0,40,1.63641906911907,1.63641906911907,1.6171463427260653,1.655691795512075,40,0,40,0.09812952864950171,40,0,40,0.003370650825000205,0.003370650825000205,0.003334853250379686,0.003406448399620724,0.003334853250379686,0.003406448399620724,1.6171463427260653,1.655691795512075,0.09812952864950171,0.0783488181635315,0.11791023913547193,0.0783488181635315,0.11791023913547193
bridge,8,3,112,0.75,equal,borda,40,12.0,42.0,40,"{""ok"": 40}",40,0,40,1.875,1.875,1.518813287004024,2.231186712995976,1.518813287004024,2.231186712995976,40,0,40,1.5787492896835695,1.5787492896835695,1.5701677109443293,1.5873308684228098,40,0,40,0.039345269535044025,40,0,40,0.0014812906999999076,0.0014812906999999076,0.0014484987921624195,0.0015140826078373956,0.0014484987921624195,0.0015140826078373956,1.5701677109443293,1.5873308684228098,0.039345269535044025,0.03332495557835081,0.04536558349173724,0.03332495557835081,0.04536558349173724
bridge,8,3,112,0.75,equal,efficient,40,12.0,42.0,0,"{""outside_schedule_domain"": 40}",0,0,0,,,,,,,0,0,0,,,,,0,0,0,,40,0,40,4.955017500094527e-05,4.955017500094527e-05,4.815186143449619e-05,5.094848856739435e-05,4.815186143449619e-05,5.094848856739435e-05,,,,,,,
bridge,8,3,112,0.75,equal,mle,40,12.0,42.0,40,"{""ok"": 40}",40,0,40,2.175,2.175,1.7062681721837787,2.6437318278162207,1.7062681721837787,2.6437318278162207,40,0,40,1.5910853569462255,1.5910853569462255,1.5773353756035047,1.6048353382889464,40,0,40,0.05168133679770023,40,0,40,0.0026690718250001496,0.0026690718250001496,0.0026196268033569243,0.002718516846643375,0.0026196268033569243,0.002718516846643375,1.5773353756035047,1.6048353382889464,0.05168133679770023,0.039537881159014646,0.06382479243638581,0.039537881159014646,0.06382479243638581
bridge,8,3,112,0.75,equal,pl,40,12.0,42.0,40,"{""ok"": 40}",40,0,40,1.8,1.8,1.4665350796337808,2.1334649203662193,1.4665350796337808,2.1334649203662193,40,0,40,1.5394040201485253,1.5394040201485253,1.534286885816908,1.5445211544801425,40,0,40,0.0,40,0,40,0.00189513270000029,0.00189513270000029,0.0018056332624703689,0.0019846321375302112,0.0018056332624703689,0.0019846321375302112,1.534286885816908,1.5445211544801425,0.0,0.0,0.0,0.0,0.0
bridge,8,3,112,0.75,equal,sharp,40,12.0,42.0,40,"{""ok"": 40}",40,0,40,3.625,3.625,3.0117974655636317,4.238202534436368,3.0117974655636317,4.238202534436368,40,0,40,1.62115423108204,1.62115423108204,1.6047305473974975,1.6375779147665823,40,0,40,0.08175021093351438,40,0,40,0.0033889548000014848,0.0033889548000014848,0.003360155333632742,0.0034177542663702274,0.003360155333632742,0.0034177542663702274,1.6047305473974975,1.6375779147665823,0.08175021093351438,0.06628318277925102,0.09721723908777774,0.06628318277925102,0.09721723908777774
bridge,8,3,112,1.0,alternating,borda,40,12.0,42.0,40,"{""ok"": 40}",40,0,40,1.775,1.775,1.4240052503661635,2.1259947496338363,1.4240052503661635,2.1259947496338363,40,0,40,1.5564580018071577,1.5564580018071577,1.5503482121452077,1.5625677914691076,40,0,40,0.05643882744782831,40,0,40,0.0015164217999994799,0.0015164217999994799,0.0014683395230334901,0.0015645040769654696,0.0014683395230334901,0.0015645040769654696,1.5503482121452077,1.5625677914691076,0.05643882744782831,0.05112757818845065,0.061750076707205975,0.05112757818845065,0.061750076707205975
bridge,8,3,112,1.0,alternating,efficient,40,12.0,42.0,0,"{""outside_schedule_domain"": 40}",0,0,0,,,,,,,0,0,0,,,,,0,0,0,,40,0,40,5.68484250010215e-05,5.68484250010215e-05,5.393953241424894e-05,5.975731758779406e-05,5.393953241424894e-05,5.975731758779406e-05,,,,,,,
bridge,8,3,112,1.0,alternating,mle,40,12.0,42.0,40,"{""ok"": 40}",40,0,40,2.1,2.1,1.6980633747072038,2.5019366252927964,1.6980633747072038,2.5019366252927964,40,0,40,1.568229338647137,1.568229338647137,1.5593068052101047,1.5771518720841695,40,0,40,0.06821016428780793,40,0,40,0.002746033475000287,0.002746033475000287,0.0026336269723732995,0.0028584399776272747,0.0026336269723732995,0.0028584399776272747,1.5593068052101047,1.5771518720841695,0.06821016428780793,0.059629050753753465,0.0767912778218624,0.059629050753753465,0.0767912778218624
bridge,8,3,112,1.0,alternating,pl,40,12.0,42.0,40,"{""ok"": 40}",40,0,40,1.775,1.775,1.4471865965080373,2.1028134034919628,1.4471865965080373,2.1028134034919628,40,0,40,1.5000191743593292,1.5000191743593292,1.4944068277581448,1.5056315209605136,40,0,40,0.0,40,0,40,0.0020935302250012777,0.0020935302250012777,0.0019943612684998734,0.002192699181502682,0.0019943612684998734,0.002192699181502682,1.4944068277581448,1.5056315209605136,0.0,0.0,0.0,0.0,0.0
bridge,8,3,112,1.0,alternating,sharp,40,12.0,42.0,40,"{""ok"": 40}",40,0,40,4.4,4.4,3.7736270094789544,5.026372990521046,3.7736270094789544,5.026372990521046,40,0,40,1.6187980649689053,1.6187980649689053,1.6020609826826255,1.6355351472551851,40,0,40,0.11877889060957592,40,0,40,0.0037716078249992275,0.0037716078249992275,0.003625917079513944,0.003917298570484511,0.003625917079513944,0.003917298570484511,1.6020609826826255,1.6355351472551851,0.11877889060957592,0.10105470416179657,0.13650307705735526,0.10105470416179657,0.13650307705735526
bridge,8,3,112,1.0,equal,borda,40,12.0,42.0,40,"{""ok"": 40}",40,0,40,1.65,1.65,1.2368024668966946,2.0631975331033052,1.2368024668966946,2.0631975331033052,40,0,40,1.571276190802348,1.571276190802348,1.5625031394877733,1.5800492421169228,40,0,40,0.05626623974911148,40,0,40,0.0014746704000006823,0.0014746704000006823,0.0014258592435742214,0.0015234815564271432,0.0014258592435742214,0.0015234815564271432,1.5625031394877733,1.5800492421169228,0.05626623974911148,0.05097765509075821,0.061554824407464744,0.05097765509075821,0.061554824407464744
bridge,8,3,112,1.0,equal,efficient,40,12.0,42.0,0,"{""outside_schedule_domain"": 40}",0,0,0,,,,,,,0,0,0,,,,,0,0,0,,40,0,40,5.068709999882515e-05,5.068709999882515e-05,4.847720156472755e-05,5.289699843292275e-05,4.847720156472755e-05,5.289699843292275e-05,,,,,,,
bridge,8,3,112,1.0,equal,mle,40,12.0,42.0,40,"{""ok"": 40}",40,0,40,2.325,2.325,1.8941687819753437,2.7558312180246567,1.8941687819753437,2.7558312180246567,40,0,40,1.5902846860442363,1.5902846860442363,1.580620100844111,1.5999492712443617,40,0,40,0.07527473499099982,40,0,40,0.00269742994999968,0.00269742994999968,0.0026390337239982917,0.002755826176001068,0.0026390337239982917,0.002755826176001068,1.580620100844111,1.5999492712443617,0.07527473499099982,0.06596961125271635,0.0845798587292833,0.06596961125271635,0.0845798587292833
bridge,8,3,112,1.0,equal,pl,40,12.0,42.0,40,"{""ok"": 40}",40,0,40,1.475,1.475,1.0405317321404057,1.9094682678595944,1.0405317321404057,1.9094682678595944,40,0,40,1.5150099510532367,1.5150099510532367,1.5081531698982151,1.5218667322082582,40,0,40,0.0,40,0,40,0.0020727515499987925,0.0020727515499987925,0.001957147355726862,0.002188355744270723,0.001957147355726862,0.002188355744270723,1.5081531698982151,1.5218667322082582,0.0,0.0,0.0,0.0,0.0
bridge,8,3,112,1.0,equal,sharp,40,12.0,42.0,40,"{""ok"": 40}",40,0,40,4.425,4.425,3.8461178335281057,5.003882166471894,3.8461178335281057,5.003882166471894,40,0,40,1.6343995441692527,1.6343995441692527,1.6206723554900972,1.6481267328484082,40,0,40,0.11938959311601598,40,0,40,0.00337945402500028,0.00337945402500028,0.003345777021589306,0.003413131028411254,0.003345777021589306,0.003413131028411254,1.6206723554900972,1.6481267328484082,0.11938959311601598,0.10445767361910376,0.13432151261292818,0.10445767361910376,0.13432151261292818
bridge,8,3,448,0.0,alternating,borda,40,48.0,168.0,40,"{""ok"": 40}",40,0,40,0.6,0.6,0.37327716607934025,0.8267228339206597,0.37327716607934025,0.8267228339206597,40,0,40,1.5533461786806089,1.5533461786806089,1.5465438515239878,1.56014850583723,40,0,40,-0.03858395520102139,40,0,40,0.0016119646000002977,0.0016119646000002977,0.0014993080134502869,0.0017246211865503086,0.0014993080134502869,0.0017246211865503086,1.5465438515239878,1.56014850583723,-0.03858395520102139,-0.04482712615842005,-0.03234078424362273,-0.04482712615842005,-0.03234078424362273
bridge,8,3,448,0.0,alternating,efficient,40,48.0,168.0,0,"{""outside_schedule_domain"": 40}",0,0,0,,,,,,,0,0,0,,,,,0,0,0,,40,0,40,7.836817499935253e-05,7.836817499935253e-05,7.412454446615087e-05,8.261180553255418e-05,7.412454446615087e-05,8.261180553255418e-05,,,,,,,
bridge,8,3,448,0.0,alternating,mle,40,48.0,168.0,40,"{""ok"": 40}",40,0,40,0.0,0.0,0.0,0.0,0.0,0.0,40,0,40,1.5348693196960643,1.5348693196960643,1.5344920228462373,1.5352466165458913,40,0,40,-0.05706081418556601,40,0,40,0.002822142650000313,0.002822142650000313,0.0026214265405872304,0.0030228587594133952,0.0026214265405872304,0.0030228587594133952,1.5344920228462373,1.5352466165458913,-0.05706081418556601,-0.05808942919225801,-0.056032199178874004,-0.05808942919225801,-0.056032199178874004
bridge,8,3,448,0.0,alternating,pl,40,48.0,168.0,40,"{""ok"": 40}",40,0,40,0.425,0.425,0.23493023862269777,0.6150697613773022,0.23493023862269777,0.6150697613773022,40,0,40,1.5919301338816303,1.5919301338816303,1.5908925043771294,1.5929677633861312,40,0,40,0.0,40,0,40,0.00260644742499951,0.00260644742499951,0.002479067423086259,0.002733827426912761,0.002479067423086259,0.002733827426912761,1.5908925043771294,1.5929677633861312,0.0,0.0,0.0,0.0,0.0
bridge,8,3,448,0.0,alternating,sharp,40,48.0,168.0,40,"{""ok"": 40}",40,0,40,0.5,0.5,0.23887172507242227,0.7611282749275777,0.23887172507242227,0.7611282749275777,40,0,40,1.5505149537257057,1.5505149537257057,1.5424295277829492,1.5586003796684622,40,0,40,-0.04141518015592484,40,0,40,0.01086701170000021,0.01086701170000021,0.010357210564683932,0.011376812835316488,0.010357210564683932,0.011376812835316488,1.5424295277829492,1.5586003796684622,-0.04141518015592484,-0.049414819682727325,-0.03341554062912235,-0.049414819682727325,-0.03341554062912235
bridge,8,3,448,0.0,equal,borda,40,48.0,168.0,40,"{""ok"": 40}",40,0,40,0.6,0.6,0.37327716607934025,0.8267228339206597,0.37327716607934025,0.8267228339206597,40,0,40,1.5534629349058964,1.5534629349058964,1.54646991532277,1.5604559544890229,40,0,40,-0.038642085469002496,40,0,40,0.00160827877500043,0.00160827877500043,0.001521413991760113,0.0016951435582407471,0.001521413991760113,0.0016951435582407471,1.54646991532277,1.5604559544890229,-0.038642085469002496,-0.04511904288368987,-0.03216512805431512,-0.04511904288368987,-0.03216512805431512
bridge,8,3,448,0.0,equal,efficient,40,48.0,168.0,0,"{""outside_schedule_domain"": 40}",0,0,0,,,,,,,0,0,0,,,,,0,0,0,,40,0,40,8.454474999907787e-05,8.454474999907787e-05,8.118735140471444e-05,8.790214859344129e-05,8.118735140471444e-05,8.790214859344129e-05,,,,,,,
bridge,8,3,448,0.0,equal,mle,40,48.0,168.0,40,"{""ok"": 40}",40,0,40,0.075,0.075,-0.010309759859057396,0.16030975985905738,-0.010309759859057396,0.16030975985905738,40,0,40,1.537335623111926,1.537335623111926,1.5346154835478558,1.540055762675996,40,0,40,-0.05476939726297316,40,0,40,0.0027845450249987078,0.0027845450249987078,0.0026636649456784366,0.002905425104318979,0.0026636649456784366,0.002905425104318979,1.5346154835478558,1.540055762675996,-0.05476939726297316,-0.05729525894549602,-0.0522435355804503,-0.05729525894549602,-0.0522435355804503
bridge,8,3,448,0.0,equal,pl,40,48.0,168.0,40,"{""ok"": 40}",40,0,40,0.425,0.425,0.23493023862269777,0.6150697613773022,0.23493023862269777,0.6150697613773022,40,0,40,1.592105020374899,1.592105020374899,1.59076339709355,1.593446643656248,40,0,40,0.0,40,0,40,0.0025915435999990673,0.0025915435999990673,0.0025025621187560534,0.002680525081242081,0.0025025621187560534,0.002680525081242081,1.59076339709355,1.593446643656248,0.0,0.0,0.0,0.0,0.0
bridge,8,3,448,0.0,equal,sharp,40,48.0,168.0,40,"{""ok"": 40}",40,0,40,0.575,0.575,0.34726725981633677,0.8027327401836631,0.34726725981633677,0.8027327401836631,40,0,40,1.5527830872568216,1.5527830872568216,1.5456020434426625,1.5599641310709806,40,0,40,-0.03932193311807735,40,0,40,0.01122973797500033,0.01122973797500033,0.0108237642409488,0.01163571170905186,0.0108237642409488,0.01163571170905186,1.5456020434426625,1.5599641310709806,-0.03932193311807735,-0.04616145730651605,-0.03248240892963865,-0.04616145730651605,-0.03248240892963865
bridge,8,3,448,0.25,alternating,borda,40,48.0,168.0,40,"{""ok"": 40}",40,0,40,0.45,0.45,0.2457952744962342,0.6542047255037658,0.2457952744962342,0.6542047255037658,40,0,40,1.546548187451044,1.546548187451044,1.5414317150817738,1.5516646598203143,40,0,40,-0.020055669582461532,40,0,40,0.001525073299999795,0.001525073299999795,0.0014997063730860353,0.0015504402269135547,0.0014997063730860353,0.0015504402269135547,1.5414317150817738,1.5516646598203143,-0.020055669582461532,-0.02458609810307345,-0.015525241061849614,-0.02458609810307345,-0.015525241061849614
bridge,8,3,448,0.25,alternating,efficient,40,48.0,168.0,0,"{""outside_schedule_domain"": 40}",0,0,0,,,,,,,0,0,0,,,,,0,0,0,,40,0,40,7.146479999988741e-05,7.146479999988741e-05,6.904143758283804e-05,7.388816241693679e-05,6.904143758283804e-05,7.388816241693679e-05,,,,,,,
bridge,8,3,448,0.25,alternating,mle,40,48.0,168.0,40,"{""ok"": 40}",40,0,40,0.175,0.175,0.014887363556147948,0.33511263644385203,0.014887363556147948,0.33511263644385203,40,0,40,1.5396753512268915,1.5396753512268915,1.5354226766744006,1.5439280257793824,40,0,40,-0.026928505806614145,40,0,40,0.0026794102999974875,0.0026794102999974875,0.0026433341720910586,0.0027154864279039163,0.0026433341720910586,0.0027154864279039163,1.5354226766744006,1.5439280257793824,-0.026928505806614145,-0.030939403839307544,-0.022917607773920746,-0.030939403839307544,-0.022917607773920746
bridge,8,3,448,0.25,alternating,pl,40,48.0,168.0,40,"{""ok"": 40}",40,0,40,0.4,0.4,0.22558002482809464,0.5744199751719055,0.22558002482809464,0.5744199751719055,40,0,40,1.5666038570335057,1.5666038570335057,1.5654618578659283,1.567745856201083,40,0,40,0.0,40,0,40,0.002547765650002588,0.002547765650002588,0.002493252798004174,0.0026022785020010015,0.002493252798004174,0.0026022785020010015,1.5654618578659283,1.567745856201083,0.0,0.0,0.0,0.0,0.0
bridge,8,3,448,0.25,alternating,sharp,40,48.0,168.0,40,"{""ok"": 40}",40,0,40,1.175,1.175,0.8065086653939504,1.5434913346060497,0.8065086653939504,1.5434913346060497,40,0,40,1.5668329856010963,1.5668329856010963,1.5569222362570219,1.5767437349451707,40,0,40,0.00022912856759065985,40,0,40,0.01013744952499986,0.01013744952499986,0.009996709594772385,0.010278189455227333,0.009996709594772385,0.010278189455227333,1.5569222362570219,1.5767437349451707,0.00022912856759065985,-0.009362256067029702,0.009820513202211023,-0.009362256067029702,0.009820513202211023
bridge,8,3,448,0.25,equal,borda,40,48.0,168.0,40,"{""ok"": 40}",40,0,40,0.475,0.475,0.28355539422048004,0.6664446057795199,0.28355539422048004,0.6664446057795199,40,0,40,1.547906939978907,1.547906939978907,1.5427247619008375,1.5530891180569764,40,0,40,-0.020210642402911733,40,0,40,0.0015192126499989351,0.0015192126499989351,0.0014965879218307666,0.0015418373781671036,0.0014965879218307666,0.0015418373781671036,1.5427247619008375,1.5530891180569764,-0.020210642402911733,-0.024779885562514425,-0.01564139924330904,-0.024779885562514425,-0.01564139924330904
bridge,8,3,448,0.25,equal,efficient,40,48.0,168.0,0,"{""outside_schedule_domain"": 40}",0,0,0,,,,,,,0,0,0,,,,,0,0,0,,40,0,40,7.53354499998693e-05,7.53354499998693e-05,7.323238293270713e-05,7.743851706703147e-05,7.323238293270713e-05,7.743851706703147e-05,,,,,,,
bridge,8,3,448,0.25,equal,mle,40,48.0,168.0,40,"{""ok"": 40}",40,0,40,0.125,0.125,0.017883529447524124,0.23211647055247586,0.017883529447524124,0.23211647055247586,40,0,40,1.5381909302875427,1.5381909302875427,1.535175734611839,1.5412061259632464,40,0,40,-0.029926652094275884,40,0,40,0.0026890854249994474,0.0026890854249994474,0.0026551443650768324,0.0027230264849220625,0.0026551443650768324,0.0027230264849220625,1.535175734611839,1.5412061259632464,-0.029926652094275884,-0.032609620332320045,-0.027243683856231722,-0.032609620332320045,-0.027243683856231722
bridge,8,3,448,0.25,equal,pl,40,48.0,168.0,40,"{""ok"": 40}",40,0,40,0.475,0.475,0.28355539422048004,0.6664446057795199,0.28355539422048004,0.6664446057795199,40,0,40,1.5681175823818188,1.5681175823818188,1.5669192537173724,1.569315911046265,40,0,40,0.0,40,0,40,0.002612248050000275,0.002612248050000275,0.0025529869412320386,0.0026715091587685112,0.0025529869412320386,0.0026715091587685112,1.5669192537173724,1.569315911046265,0.0,0.0,0.0,0.0,0.0
bridge,8,3,448,0.25,equal,sharp,40,48.0,168.0,40,"{""ok"": 40}",40,0,40,0.775,0.775,0.4899816095294453,1.0600183904705547,0.4899816095294453,1.0600183904705547,40,0,40,1.5561433695207263,1.5561433695207263,1.5482189875569867,1.5640677514844659,40,0,40,-0.011974212861092275,40,0,40,0.010577845475000156,0.010577845475000156,0.010494841740811764,0.010660849209188548,0.010494841740811764,0.010660849209188548,1.5482189875569867,1.5640677514844659,-0.011974212861092275,-0.019740294686269387,-0.004208131035915165,-0.019740294686269387,-0.004208131035915165
bridge,8,3,448,0.5,alternating,borda,40,48.0,168.0,40,"{""ok"": 40}",40,0,40,0.65,0.65,0.4038650897741025,0.8961349102258975,0.4038650897741025,0.8961349102258975,40,0,40,1.547369404227155,1.547369404227155,1.5427438733345782,1.551994935119732,40,0,40,0.005808006946133633,40,0,40,0.001505427574998875,0.001505427574998875,0.0014754601369061462,0.001535395013091604,0.0014754601369061462,0.001535395013091604,1.5427438733345782,1.551994935119732,0.005808006946133633,0.0019339695849486158,0.00968204430731865,0.0019339695849486158,0.00968204430731865
bridge,8,3,448,0.5,alternating,efficient,40,48.0,168.0,0,"{""outside_schedule_domain"": 40}",0,0,0,,,,,,,0,0,0,,,,,0,0,0,,40,0,40,6.739835000004745e-05,6.739835000004745e-05,6.623552770871041e-05,6.85611722913845e-05,6.623552770871041e-05,6.85611722913845e-05,,,,,,,
bridge,8,3,448,0.5,alternating,mle,40,48.0,168.0,40,"{""ok"": 40}",40,0,40,0.225,0.225,0.07157912534209554,0.37842087465790447,0.07157912534209554,0.37842087465790447,40,0,40,1.5395622764339212,1.5395622764339212,1.5364738479510538,1.5426507049167886,40,0,40,-0.0019991208470999484,40,0,40,0.0026872555499998325,0.0026872555499998325,0.0026610997734115415,0.0027134113265881235,0.0026610997734115415,0.0027134113265881235,1.5364738479510538,1.5426507049167886,-0.0019991208470999484,-0.005264132138104648,0.001265890443904751,-0.005264132138104648,0.001265890443904751
bridge,8,3,448,0.5,alternating,pl,40,48.0,168.0,40,"{""ok"": 40}",40,0,40,0.6,0.6,0.35121555261222903,0.8487844473877709,0.35121555261222903,0.8487844473877709,40,0,40,1.5415613972810212,1.5415613972810212,1.5398588358731164,1.5432639586889259,40,0,40,0.0,40,0,40,0.0025876228499992025,0.0025876228499992025,0.002525610530371611,0.002649635169626794,0.002525610530371611,0.002649635169626794,1.5398588358731164,1.5432639586889259,0.0,0.0,0.0,0.0,0.0
bridge,8,3,448,0.5,alternating,sharp,40,48.0,168.0,40,"{""ok"": 40}",40,0,40,1.075,1.075,0.7247532421585199,1.42524675784148,0.7247532421585199,1.42524675784148,40,0,40,1.5601081759700701,1.5601081759700701,1.5515290533065658,1.5686872986335745,40,0,40,0.018546778689048755,40,0,40,0.009714265475000105,0.009714265475000105,0.00966101261248797,0.00976751833751224,0.00966101261248797,0.00976751833751224,1.5515290533065658,1.5686872986335745,0.018546778689048755,0.01035819755215302,0.02673535982594449,0.01035819755215302,0.02673535982594449
bridge,8,3,448,0.5,equal,borda,40,48.0,168.0,40,"{""ok"": 40}",40,0,40,0.375,0.375,0.16153354772483394,0.588466452275166,0.16153354772483394,0.588466452275166,40,0,40,1.5435364766450506,1.5435364766450506,1.5384745523318781,1.548598400958223,40,0,40,0.0018886591643137197,40,0,40,0.0016374493249993974,0.0016374493249993974,0.0013785176838471082,0.0018963809661516867,0.0013785176838471082,0.0018963809661516867,1.5384745523318781,1.548598400958223,0.0018886591643137197,-0.0023170414516838662,0.006094359780311306,-0.0023170414516838662,0.006094359780311306
bridge,8,3,448,0.5,equal,efficient,40,48.0,168.0,0,"{""outside_schedule_domain"": 40}",0,0,0,,,,,,,0,0,0,,,,,0,0,0,,40,0,40,6.840099999934068e-05,6.840099999934068e-05,6.690631572756472e-05,6.989568427111664e-05,6.690631572756472e-05,6.989568427111664e-05,,,,,,,
bridge,8,3,448,0.5,equal,mle,40,48.0,168.0,40,"{""ok"": 40}",40,0,40,0.15,0.15,0.013542817456109413,0.2864571825438906,0.013542817456109413,0.2864571825438906,40,0,40,1.5381493676808478,1.5381493676808478,1.5350485998429262,1.5412501355187693,40,0,40,-0.0034984497998890793,40,0,40,0.0026799301249997324,0.0026799301249997324,0.0026471536739456373,0.0027127065760538275,0.0026471536739456373,0.0027127065760538275,1.5350485998429262,1.5412501355187693,-0.0034984497998890793,-0.006835064165468011,-0.00016183543431014724,-0.006835064165468011,-0.00016183543431014724
bridge,8,3,448,0.5,equal,pl,40,48.0,168.0,40,"{""ok"": 40}",40,0,40,0.275,0.275,0.09778316061512651,0.45221683938487356,0.09778316061512651,0.45221683938487356,40,0,40,1.5416478174807366,1.5416478174807366,1.5403036385961477,1.5429919963653256,40,0,40,0.0,40,0,40,0.0026399759250000723,0.0026399759250000723,0.0025743068967270114,0.0027056449532731333,0.0025743068967270114,0.0027056449532731333,1.5403036385961477,1.5429919963653256,0.0,0.0,0.0,0.0,0.0
bridge,8,3,448,0.5,equal,sharp,40,48.0,168.0,40,"{""ok"": 40}",40,0,40,1.25,1.25,0.928140914094216,1.5718590859057842,0.928140914094216,1.5718590859057842,40,0,40,1.5650606792055701,1.5650606792055701,1.5571509495923177,1.5729704088188226,40,0,40,0.02341286172483326,40,0,40,0.00990442295000088,0.00990442295000088,0.009828777739624294,0.009980068160377465,0.009828777739624294,0.009980068160377465,1.5571509495923177,1.5729704088188226,0.02341286172483326,0.016017628765868045,0.030808094683798474,0.016017628765868045,0.030808094683798474
bridge,8,3,448,0.75,alternating,borda,40,48.0,168.0,40,"{""ok"": 40}",40,0,40,0.825,0.825,0.5650040621219341,1.0849959378780658,0.5650040621219341,1.0849959378780658,40,0,40,1.5458595509634472,1.5458595509634472,1.5422387511151239,1.5494803508117705,40,0,40,0.036013396397264676,40,0,40,0.0015128617000001524,0.0015128617000001524,0.0014858899363292199,0.0015398334636710848,0.0014858899363292199,0.0015398334636710848,1.5422387511151239,1.5494803508117705,0.036013396397264676,0.03299752913131296,0.03902926366321639,0.03299752913131296,0.03902926366321639
bridge,8,3,448,0.75,alternating,efficient,40,48.0,168.0,0,"{""outside_schedule_domain"": 40}",0,0,0,,,,,,,0,0,0,,,,,0,0,0,,40,0,40,7.216484999936768e-05,7.216484999936768e-05,7.041486325744841e-05,7.391483674128695e-05,7.041486325744841e-05,7.391483674128695e-05,,,,,,,
bridge,8,3,448,0.75,alternating,mle,40,48.0,168.0,40,"{""ok"": 40}",40,0,40,0.65,0.65,0.36440709092493634,0.9355929090750637,0.36440709092493634,0.9355929090750637,40,0,40,1.5436138923511238,1.5436138923511238,1.5397387273474537,1.547489057354794,40,0,40,0.03376773778494128,40,0,40,0.002679633574999898,0.002679633574999898,0.002649746344925113,0.0027095208050746827,0.002649746344925113,0.0027095208050746827,1.5397387273474537,1.547489057354794,0.03376773778494128,0.029783359692724106,0.03775211587715845,0.029783359692724106,0.03775211587715845
bridge,8,3,448,0.75,alternating,pl,40,48.0,168.0,40,"{""ok"": 40}",40,0,40,0.675,0.675,0.4415801734817376,0.9084198265182625,0.4415801734817376,0.9084198265182625,40,0,40,1.5098461545661825,1.5098461545661825,1.5081599653956517,1.5115323437367134,40,0,40,0.0,40,0,40,0.0027342532000001704,0.0027342532000001704,0.0026767449276431077,0.002791761472357233,0.0026767449276431077,0.002791761472357233,1.5081599653956517,1.5115323437367134,0.0,0.0,0.0,0.0,0.0
bridge,8,3,448,0.75,alternating,sharp,40,48.0,168.0,40,"{""ok"": 40}",40,0,40,1.575,1.575,1.228517421912425,1.9214825780875748,1.228517421912425,1.9214825780875748,40,0,40,1.5611535598650002,1.5611535598650002,1.5541988758898282,1.5681082438401721,40,0,40,0.05130740529881748,40,0,40,0.010442637175000108,0.010442637175000108,0.01034639081618004,0.010538883533820174,0.01034639081618004,0.010538883533820174,1.5541988758898282,1.5681082438401721,0.05130740529881748,0.044597127947554396,0.05801768265008056,0.044597127947554396,0.05801768265008056
bridge,8,3,448,0.75,equal,borda,40,48.0,168.0,40,"{""ok"": 40}",40,0,40,0.25,0.25,0.09215565460736083,0.40784434539263914,0.09215565460736083,0.40784434539263914,40,0,40,1.5396894011046587,1.5396894011046587,1.5366885079597767,1.5426902942495406,40,0,40,0.024931570403506565,40,0,40,0.001528574599999245,0.001528574599999245,0.0015054961234343353,0.0015516530765641546,0.0015054961234343353,0.0015516530765641546,1.5366885079597767,1.5426902942495406,0.024931570403506565,0.022659287194601217,0.027203853612411913,0.022659287194601217,0.027203853612411913
bridge,8,3,448,0.75,equal,efficient,40,48.0,168.0,0,"{""outside_schedule_domain"": 40}",0,0,0,,,,,,,0,0,0,,,,,0,0,0,,40,0,40,7.248569999980247e-05,7.248569999980247e-05,7.054860244393295e-05,7.4422797555672e-05,7.054860244393295e-05,7.4422797555672e-05,,,,,,,
bridge,8,3,448,0.75,equal,mle,40,48.0,168.0,40,"{""ok"": 40}",40,0,40,0.4,0.4,0.1512155526122291,0.648784447387771,0.1512155526122291,0.648784447387771,40,0,40,1.5430907711111748,1.5430907711111748,1.5379250172688934,1.5482565249534561,40,0,40,0.028332940410022746,40,0,40,0.002693533450001295,0.002693533450001295,0.002662332134709397,0.002724734765293193,0.002662332134709397,0.002724734765293193,1.5379250172688934,1.5482565249534561,0.028332940410022746,0.02335243490678618,0.03331344591325931,0.02335243490678618,0.03331344591325931
bridge,8,3,448,0.75,equal,pl,40,48.0,168.0,40,"{""ok"": 40}",40,0,40,0.275,0.275,0.11325767640765047,0.43674232359234955,0.11325767640765047,0.43674232359234955,40,0,40,1.514757830701152,1.514757830701152,1.5133244970381443,1.5161911643641597,40,0,40,0.0,40,0,40,0.0028228193250011374,0.0028228193250011374,0.0027446088013167633,0.0029010298486855115,0.0027446088013167633,0.0029010298486855115,1.5133244970381443,1.5161911643641597,0.0,0.0,0.0,0.0,0.0
bridge,8,3,448,0.75,equal,sharp,40,48.0,168.0,40,"{""ok"": 40}",40,0,40,1.425,1.425,1.071029088993567,1.7789709110064331,1.071029088993567,1.7789709110064331,40,0,40,1.5645165332400077,1.5645165332400077,1.5567390134807588,1.5722940529992566,40,0,40,0.04975870253885575,40,0,40,0.010380455575000934,0.010380455575000934,0.010308073439666431,0.010452837710335438,0.010308073439666431,0.010452837710335438,1.5567390134807588,1.5722940529992566,0.04975870253885575,0.04239526683839526,0.057122138239316236,0.04239526683839526,0.057122138239316236
bridge,8,3,448,1.0,alternating,borda,40,48.0,168.0,40,"{""ok"": 40}",40,0,40,1.025,1.025,0.681558468804357,1.3684415311956428,0.681558468804357,1.3684415311956428,40,0,40,1.5413644341340533,1.5413644341340533,1.539206740629416,1.5435221276386906,40,0,40,0.0644173802866274,40,0,40,0.00156147819999925,0.00156147819999925,0.001533328707118688,0.001589627692879812,0.001533328707118688,0.001589627692879812,1.539206740629416,1.5435221276386906,0.0644173802866274,0.06208856020087177,0.06674620037238302,0.06208856020087177,0.06674620037238302
bridge,8,3,448,1.0,alternating,efficient,40,48.0,168.0,0,"{""outside_schedule_domain"": 40}",0,0,0,,,,,,,0,0,0,,,,,0,0,0,,40,0,40,7.967327500039906e-05,7.967327500039906e-05,7.671801070180899e-05,8.262853929898913e-05,7.671801070180899e-05,8.262853929898913e-05,,,,,,,
bridge,8,3,448,1.0,alternating,mle,40,48.0,168.0,40,"{""ok"": 40}",40,0,40,1.325,1.325,0.9823229472842445,1.6676770527157554,0.9823229472842445,1.6676770527157554,40,0,40,1.5439750395397245,1.5439750395397245,1.5413926325894352,1.5465574464900138,40,0,40,0.06702798569229865,40,0,40,0.0027178546499992476,0.0027178546499992476,0.00269324205216384,0.0027424672478346553,0.00269324205216384,0.0027424672478346553,1.5413926325894352,1.5465574464900138,0.06702798569229865,0.06406026779978127,0.06999570358481602,0.06406026779978127,0.06999570358481602
bridge,8,3,448,1.0,alternating,pl,40,48.0,168.0,40,"{""ok"": 40}",40,0,40,1.025,1.025,0.6740052503661635,1.3759947496338363,0.6740052503661635,1.3759947496338363,40,0,40,1.4769470538474259,1.4769470538474259,1.475610496961061,1.4782836107337907,40,0,40,0.0,40,0,40,0.0028995806249976523,0.0028995806249976523,0.002847885109016328,0.0029512761409789764,0.002847885109016328,0.0029512761409789764,1.475610496961061,1.4782836107337907,0.0,0.0,0.0,0.0,0.0
bridge,8,3,448,1.0,alternating,sharp,40,48.0,168.0,40,"{""ok"": 40}",40,0,40,2.375,2.375,1.8801397922378564,2.8698602077621436,1.8801397922378564,2.8698602077621436,40,0,40,1.5632468247735476,1.5632468247735476,1.554531696222984,1.5719619533241111,40,0,40,0.08629977092612165,40,0,40,0.010771254574999684,0.010771254574999684,0.010679557271129606,0.010862951878869763,0.010679557271129606,0.010862951878869763,1.554531696222984,1.5719619533241111,0.08629977092612165,0.07742765875988492,0.09517188309235838,0.07742765875988492,0.09517188309235838
bridge,8,3,448,1.0,equal,borda,40,48.0,168.0,40,"{""ok"": 40}",40,0,40,0.25,0.25,0.09215565460736083,0.40784434539263914,0.09215565460736083,0.40784434539263914,40,0,40,1.538755933174206,1.538755933174206,1.5363304442212855,1.5411814221271265,40,0,40,0.054257406342861136,40,0,40,0.0014891002000005401,0.0014891002000005401,0.0014559969011680811,0.0015222034988329992,0.0014559969011680811,0.0015222034988329992,1.5363304442212855,1.5411814221271265,0.054257406342861136,0.05212677482685739,0.056388037858864884,0.05212677482685739,0.056388037858864884
bridge,8,3,448,1.0,equal,efficient,40,48.0,168.0,0,"{""outside_schedule_domain"": 40}",0,0,0,,,,,,,0,0,0,,,,,0,0,0,,40,0,40,6.745832499959193e-05,6.745832499959193e-05,6.576392556102616e-05,6.915272443815769e-05,6.576392556102616e-05,6.915272443815769e-05,,,,,,,
bridge,8,3,448,1.0,equal,mle,40,48.0,168.0,40,"{""ok"": 40}",40,0,40,0.925,0.925,0.68060269164263,1.16939730835737,0.68060269164263,1.16939730835737,40,0,40,1.5491568703500642,1.5491568703500642,1.5452193964751275,1.553094344225001,40,0,40,0.06465834351871956,40,0,40,0.002644696525001275,0.002644696525001275,0.002616364896279003,0.0026730281537235465,0.002616364896279003,0.0026730281537235465,1.5452193964751275,1.553094344225001,0.06465834351871956,0.06085989066076659,0.06845679637667254,0.06085989066076659,0.06845679637667254
bridge,8,3,448,1.0,equal,pl,40,48.0,168.0,40,"{""ok"": 40}",40,0,40,0.075,0.075,-0.036906139454999445,0.18690613945499945,-0.036906139454999445,0.18690613945499945,40,0,40,1.4844985268313446,1.4844985268313446,1.4832443724945021,1.4857526811681872,40,0,40,0.0,40,0,40,0.0028675296500007925,0.0028675296500007925,0.00278979213038777,0.002945267169613815,0.00278979213038777,0.002945267169613815,1.4832443724945021,1.4857526811681872,0.0,0.0,0.0,0.0,0.0
bridge,8,3,448,1.0,equal,sharp,40,48.0,168.0,40,"{""ok"": 40}",40,0,40,1.975,1.975,1.6899816095294453,2.2600183904705546,1.6899816095294453,2.2600183904705546,40,0,40,1.5680145443648112,1.5680145443648112,1.5624657787420653,1.5735633099875572,40,0,40,0.08351601753346657,40,0,40,0.009743521225000457,0.009743521225000457,0.009677531913588363,0.009809510536412552,0.009677531913588363,0.009809510536412552,1.5624657787420653,1.5735633099875572,0.08351601753346657,0.077617395491697,0.08941463957523615,0.077617395491697,0.08941463957523615
