part,cell,rep,family,value,shape,n,r,N,lambda_,mu,unseen_items,method,status,risk,nll,delta,beta,seconds,branch,depth,iterations,gradient
coverage,0,0,bridge,0.0,equal,32,3,40,0.24193548387096775,3.75,0,pl,no_unique_finite_mle,,,,,0.0006655120000118586,hunter_mm,,,
coverage,0,0,bridge,0.0,equal,32,3,40,0.24193548387096775,3.75,0,efficient,ok,153.0,1.9708376573701925,,1.0722570606875805,0.0022346050000123796,hierarchy,0.0,,
coverage,0,0,bridge,0.0,equal,32,3,40,0.24193548387096775,3.75,0,borda,ok,153.0,1.9708376573701925,,1.0722570606875805,0.0019642960000112453,published_global_clipped_borda,0.0,,
coverage,0,1,bridge,0.0,equal,32,3,40,0.24193548387096775,3.75,0,pl,no_unique_finite_mle,,,,,0.00035724699998240794,hunter_mm,,,
coverage,0,1,bridge,0.0,equal,32,3,40,0.24193548387096775,3.75,0,efficient,ok,160.0,2.1102435668583066,,1.253895410719981,0.0021115640000175517,hierarchy,0.0,,
coverage,0,1,bridge,0.0,equal,32,3,40,0.24193548387096775,3.75,0,borda,ok,160.0,2.1102435668583066,,1.253895410719981,0.0019554670000161423,published_global_clipped_borda,0.0,,
coverage,0,2,bridge,0.0,equal,32,3,40,0.24193548387096775,3.75,1,pl,no_unique_finite_mle,,,,,0.0003134500000214757,hunter_mm,,,
coverage,0,2,bridge,0.0,equal,32,3,40,0.24193548387096775,3.75,1,efficient,ok,155.0,1.9563941866871049,,0.9899410379560349,0.0015152280000165774,hierarchy,0.0,,
coverage,0,2,bridge,0.0,equal,32,3,40,0.24193548387096775,3.75,1,borda,ok,155.0,1.9563941866871049,,0.9899410379560349,0.00129436099999225,published_global_clipped_borda,0.0,,
coverage,0,3,bridge,0.0,equal,32,3,40,0.24193548387096775,3.75,0,pl,no_unique_finite_mle,,,,,0.0002876060000005509,hunter_mm,,,
coverage,0,3,bridge,0.0,equal,32,3,40,0.24193548387096775,3.75,0,efficient,ok,172.0,1.9776779190031597,,0.9899410379560349,0.0015474380000171095,hierarchy,0.0,,
coverage,0,3,bridge,0.0,equal,32,3,40,0.24193548387096775,3.75,0,borda,ok,172.0,1.9776779190031597,,0.9899410379560349,0.0013476050000065243,published_global_clipped_borda,0.0,,
coverage,0,4,bridge,0.0,equal,32,3,40,0.24193548387096775,3.75,1,pl,no_unique_finite_mle,,,,,0.0002832019999914337,hunter_mm,,,
coverage,0,4,bridge,0.0,equal,32,3,40,0.24193548387096775,3.75,1,efficient,ok,152.0,2.0189776709301133,,1.1153516423293843,0.001914980999998761,hierarchy,0.0,,
coverage,0,4,bridge,0.0,equal,32,3,40,0.24193548387096775,3.75,1,borda,ok,152.0,2.0189776709301133,,1.1153516423293843,0.0017970510000111517,published_global_clipped_borda,0.0,,
coverage,0,5,bridge,0.0,equal,32,3,40,0.24193548387096775,3.75,0,pl,no_unique_finite_mle,,,,,0.0002851050000174382,hunter_mm,,,
coverage,0,5,bridge,0.0,equal,32,3,40,0.24193548387096775,3.75,0,efficient,ok,169.0,2.2555330982927426,,1.355592246167523,0.0019650970000100187,hierarchy,0.0,,
coverage,0,5,bridge,0.0,equal,32,3,40,0.24193548387096775,3.75,0,borda,ok,169.0,2.2555330982927426,,1.355592246167523,0.0017564649999997073,published_global_clipped_borda,0.0,,
coverage,0,6,bridge,0.0,equal,32,3,40,0.24193548387096775,3.75,0,pl,no_unique_finite_mle,,,,,0.000309684000001198,hunter_mm,,,
coverage,0,6,bridge,0.0,equal,32,3,40,0.24193548387096775,3.75,0,efficient,ok,132.0,1.9721329019522789,,1.1153516423293843,0.0019929919999981394,hierarchy,0.0,,
coverage,0,6,bridge,0.0,equal,32,3,40,0.24193548387096775,3.75,0,borda,ok,132.0,1.9721329019522789,,1.1153516423293843,0.001739530999998351,published_global_clipped_borda,0.0,,
coverage,0,7,bridge,0.0,equal,32,3,40,0.24193548387096775,3.75,1,pl,no_unique_finite_mle,,,,,0.0002676549999875988,hunter_mm,,,
coverage,0,7,bridge,0.0,equal,32,3,40,0.24193548387096775,3.75,1,efficient,ok,173.0,2.105975099031805,,1.1153516423293843,0.001888474999987011,hierarchy,0.0,,
coverage,0,7,bridge,0.0,equal,32,3,40,0.24193548387096775,3.75,1,borda,ok,173.0,2.105975099031805,,1.1153516423293843,0.0017504029999884096,published_global_clipped_borda,0.0,,
coverage,0,8,bridge,0.0,equal,32,3,40,0.24193548387096775,3.75,0,pl,no_unique_finite_mle,,,,,0.00030013400001394075,hunter_mm,,,
coverage,0,8,bridge,0.0,equal,32,3,40,0.24193548387096775,3.75,0,efficient,ok,144.0,2.023847426835558,,1.2060247331475578,0.002089865000016289,hierarchy,0.0,,
coverage,0,8,bridge,0.0,equal,32,3,40,0.24193548387096775,3.75,0,borda,ok,144.0,2.023847426835558,,1.2060247331475578,0.0019264879999809637,published_global_clipped_borda,0.0,,
coverage,0,9,bridge,0.0,equal,32,3,40,0.24193548387096775,3.75,1,pl,no_unique_finite_mle,,,,,0.0003078569999956926,hunter_mm,,,
coverage,0,9,bridge,0.0,equal,32,3,40,0.24193548387096775,3.75,1,efficient,ok,131.0,1.8473560919789673,,0.9121196566486348,0.0014820370000165894,hierarchy,0.0,,
coverage,0,9,bridge,0.0,equal,32,3,40,0.24193548387096775,3.75,1,borda,ok,131.0,1.8473560919789673,,0.9121196566486348,0.0013785540000128549,published_global_clipped_borda,0.0,,
coverage,0,10,bridge,0.0,equal,32,3,40,0.24193548387096775,3.75,0,pl,no_unique_finite_mle,,,,,0.00031477100000643077,hunter_mm,,,
coverage,0,10,bridge,0.0,equal,32,3,40,0.24193548387096775,3.75,0,efficient,ok,135.0,2.1118403201989855,,1.355592246167523,0.0020075730000144176,hierarchy,0.0,,
coverage,0,10,bridge,0.0,equal,32,3,40,0.24193548387096775,3.75,0,borda,ok,135.0,2.1118403201989855,,1.355592246167523,0.001816886000000295,published_global_clipped_borda,0.0,,
coverage,0,11,bridge,0.0,equal,32,3,40,0.24193548387096775,3.75,0,pl,no_unique_finite_mle,,,,,0.00032303599999750077,hunter_mm,,,
coverage,0,11,bridge,0.0,equal,32,3,40,0.24193548387096775,3.75,0,efficient,ok,131.0,1.9978599533945363,,1.1598951858054984,0.0025887390000036703,hierarchy,0.0,,
coverage,0,11,bridge,0.0,equal,32,3,40,0.24193548387096775,3.75,0,borda,ok,131.0,1.9978599533945363,,1.1598951858054984,0.002195306999993818,published_global_clipped_borda,0.0,,
coverage,0,12,bridge,0.0,equal,32,3,40,0.24193548387096775,3.75,1,pl,no_unique_finite_mle,,,,,0.00035746599999697537,hunter_mm,,,
coverage,0,12,bridge,0.0,equal,32,3,40,0.24193548387096775,3.75,1,efficient,ok,141.0,1.9182970613965007,,1.0722570606875805,0.0021133200000065244,hierarchy,0.0,,
coverage,0,12,bridge,0.0,equal,32,3,40,0.24193548387096775,3.75,1,borda,ok,141.0,1.9182970613965007,,1.0722570606875805,0.0019337839999877815,published_global_clipped_borda,0.0,,
coverage,0,13,bridge,0.0,equal,32,3,40,0.24193548387096775,3.75,0,pl,no_unique_finite_mle,,,,,0.0003256459999931849,hunter_mm,,,
coverage,0,13,bridge,0.0,equal,32,3,40,0.24193548387096775,3.75,0,efficient,ok,160.0,1.9680201808397646,,1.0304897334608085,0.002088261000011471,hierarchy,0.0,,
coverage,0,13,bridge,0.0,equal,32,3,40,0.24193548387096775,3.75,0,borda,ok,160.0,1.9680201808397646,,1.0304897334608085,0.0019473750000145174,published_global_clipped_borda,0.0,,
coverage,0,14,bridge,0.0,equal,32,3,40,0.24193548387096775,3.75,0,pl,no_unique_finite_mle,,,,,0.0003250430000036886,hunter_mm,,,
coverage,0,14,bridge,0.0,equal,32,3,40,0.24193548387096775,3.75,0,efficient,ok,181.0,1.9667048720107827,,0.8023816709371383,0.0016675230000089414,hierarchy,0.0,,
coverage,0,14,bridge,0.0,equal,32,3,40,0.24193548387096775,3.75,0,borda,ok,181.0,1.9667048720107827,,0.8023816709371383,0.001451954999993177,published_global_clipped_borda,0.0,,
coverage,0,15,bridge,0.0,equal,32,3,40,0.24193548387096775,3.75,1,pl,no_unique_finite_mle,,,,,0.0003370009999912327,hunter_mm,,,
coverage,0,15,bridge,0.0,equal,32,3,40,0.24193548387096775,3.75,1,efficient,ok,224.0,2.0871614505983063,,0.9505135807967282,0.001536692000001949,hierarchy,0.0,,
coverage,0,15,bridge,0.0,equal,32,3,40,0.24193548387096775,3.75,1,borda,ok,224.0,2.0871614505983063,,0.9505135807967282,0.0013569760000109454,published_global_clipped_borda,0.0,,
coverage,0,16,bridge,0.0,equal,32,3,40,0.24193548387096775,3.75,0,pl,no_unique_finite_mle,,,,,0.0003159709999920324,hunter_mm,,,
coverage,0,16,bridge,0.0,equal,32,3,40,0.24193548387096775,3.75,0,efficient,ok,135.0,2.1357747071867745,,1.3036838184708461,0.001972341999987748,hierarchy,0.0,,
coverage,0,16,bridge,0.0,equal,32,3,40,0.24193548387096775,3.75,0,borda,ok,135.0,2.1357747071867745,,1.3036838184708461,0.001708494000013161,published_global_clipped_borda,0.0,,
coverage,0,17,bridge,0.0,equal,32,3,40,0.24193548387096775,3.75,1,pl,no_unique_finite_mle,,,,,0.00031310800000028394,hunter_mm,,,
coverage,0,17,bridge,0.0,equal,32,3,40,0.24193548387096775,3.75,1,efficient,ok,129.0,1.8666422998534653,,0.9505135807967282,0.0015843429999904401,hierarchy,0.0,,
coverage,0,17,bridge,0.0,equal,32,3,40,0.24193548387096775,3.75,1,borda,ok,129.0,1.8666422998534653,,0.9505135807967282,0.0013856969999892499,published_global_clipped_borda,0.0,,
coverage,0,18,bridge,0.0,equal,32,3,40,0.24193548387096775,3.75,1,pl,no_unique_finite_mle,,,,,0.0003039449999846511,hunter_mm,,,
coverage,0,18,bridge,0.0,equal,32,3,40,0.24193548387096775,3.75,1,efficient,ok,218.0,2.0790344847677202,,0.9121196566486348,0.0014538099999867882,hierarchy,0.0,,
coverage,0,18,bridge,0.0,equal,32,3,40,0.24193548387096775,3.75,1,borda,ok,218.0,2.0790344847677202,,0.9121196566486348,0.001297220999987303,published_global_clipped_borda,0.0,,
coverage,0,19,bridge,0.0,equal,32,3,40,0.24193548387096775,3.75,1,pl,no_unique_finite_mle,,,,,0.00029806899999584857,hunter_mm,,,
coverage,0,19,bridge,0.0,equal,32,3,40,0.24193548387096775,3.75,1,efficient,ok,139.0,1.7966532142134928,,0.7673975001578666,0.0015719890000127634,hierarchy,0.0,,
coverage,0,19,bridge,0.0,equal,32,3,40,0.24193548387096775,3.75,1,borda,ok,139.0,1.7966532142134928,,0.7673975001578666,0.0013488849999987451,published_global_clipped_borda,0.0,,
coverage,0,20,bridge,0.0,equal,32,3,40,0.24193548387096775,3.75,0,pl,no_unique_finite_mle,,,,,0.00028631399999312634,hunter_mm,,,
coverage,0,20,bridge,0.0,equal,32,3,40,0.24193548387096775,3.75,0,efficient,ok,124.0,1.909115534160669,,1.1153516423293843,0.001987640999999485,hierarchy,0.0,,
coverage,0,20,bridge,0.0,equal,32,3,40,0.24193548387096775,3.75,0,borda,ok,124.0,1.909115534160669,,1.1153516423293843,0.0019629299999905925,published_global_clipped_borda,0.0,,
coverage,0,21,bridge,0.0,equal,32,3,40,0.24193548387096775,3.75,1,pl,no_unique_finite_mle,,,,,0.00031315300000755997,hunter_mm,,,
coverage,0,21,bridge,0.0,equal,32,3,40,0.24193548387096775,3.75,1,efficient,ok,128.0,1.9241727813321157,,1.1153516423293843,0.0019406100000196602,hierarchy,0.0,,
coverage,0,21,bridge,0.0,equal,32,3,40,0.24193548387096775,3.75,1,borda,ok,128.0,1.9241727813321157,,1.1153516423293843,0.0016868310000006659,published_global_clipped_borda,0.0,,
coverage,0,22,bridge,0.0,equal,32,3,40,0.24193548387096775,3.75,0,pl,no_unique_finite_mle,,,,,0.0003148520000024746,hunter_mm,,,
coverage,0,22,bridge,0.0,equal,32,3,40,0.24193548387096775,3.75,0,efficient,ok,180.0,1.929795315147674,,0.8023816709371383,0.0016228940000075909,hierarchy,0.0,,
coverage,0,22,bridge,0.0,equal,32,3,40,0.24193548387096775,3.75,0,borda,ok,180.0,1.929795315147674,,0.8023816709371383,0.0014751880000005713,published_global_clipped_borda,0.0,,
coverage,0,23,bridge,0.0,equal,32,3,40,0.24193548387096775,3.75,0,pl,no_unique_finite_mle,,,,,0.00030220799999369774,hunter_mm,,,
coverage,0,23,bridge,0.0,equal,32,3,40,0.24193548387096775,3.75,0,efficient,ok,181.0,2.0726148887860365,,1.0304897334608085,0.002044643000004953,hierarchy,0.0,,
coverage,0,23,bridge,0.0,equal,32,3,40,0.24193548387096775,3.75,0,borda,ok,181.0,2.0726148887860365,,1.0304897334608085,0.0019848919999958525,published_global_clipped_borda,0.0,,
coverage,0,24,bridge,0.0,equal,32,3,40,0.24193548387096775,3.75,1,pl,no_unique_finite_mle,,,,,0.0003029049999838662,hunter_mm,,,
coverage,0,24,bridge,0.0,equal,32,3,40,0.24193548387096775,3.75,1,efficient,ok,132.0,1.8362258652679702,,0.9505135807967282,0.0015024489999859725,hierarchy,0.0,,
coverage,0,24,bridge,0.0,equal,32,3,40,0.24193548387096775,3.75,1,borda,ok,132.0,1.8362258652679702,,0.9505135807967282,0.001306432999996332,published_global_clipped_borda,0.0,,
coverage,0,25,bridge,0.0,equal,32,3,40,0.24193548387096775,3.75,0,pl,no_unique_finite_mle,,,,,0.00033766100000320876,hunter_mm,,,
coverage,0,25,bridge,0.0,equal,32,3,40,0.24193548387096775,3.75,0,efficient,ok,121.0,1.921384402226292,,1.1153516423293843,0.0019729100000063227,hierarchy,0.0,,
coverage,0,25,bridge,0.0,equal,32,3,40,0.24193548387096775,3.75,0,borda,ok,121.0,1.921384402226292,,1.1153516423293843,0.0018181799999865689,published_global_clipped_borda,0.0,,
coverage,0,26,bridge,0.0,equal,32,3,40,0.24193548387096775,3.75,1,pl,no_unique_finite_mle,,,,,0.0002869279999799801,hunter_mm,,,
coverage,0,26,bridge,0.0,equal,32,3,40,0.24193548387096775,3.75,1,efficient,ok,160.0,2.075860604688912,,1.1153516423293843,0.0019498690000148144,hierarchy,0.0,,
coverage,0,26,bridge,0.0,equal,32,3,40,0.24193548387096775,3.75,1,borda,ok,160.0,2.075860604688912,,1.1153516423293843,0.0018181720000143287,published_global_clipped_borda,0.0,,
coverage,0,27,bridge,0.0,equal,32,3,40,0.24193548387096775,3.75,0,pl,no_unique_finite_mle,,,,,0.00027889500000810585,hunter_mm,,,
coverage,0,27,bridge,0.0,equal,32,3,40,0.24193548387096775,3.75,0,efficient,ok,172.0,1.838564405641786,,0.6664558647335688,0.0016488700000252265,hierarchy,0.0,,
coverage,0,27,bridge,0.0,equal,32,3,40,0.24193548387096775,3.75,0,borda,ok,172.0,1.838564405641786,,0.6664558647335688,0.001510360999986915,published_global_clipped_borda,0.0,,
coverage,0,28,bridge,0.0,equal,32,3,40,0.24193548387096775,3.75,0,pl,no_unique_finite_mle,,,,,0.0002802380000161975,hunter_mm,,,
coverage,0,28,bridge,0.0,equal,32,3,40,0.24193548387096775,3.75,0,efficient,ok,144.0,1.8764373214677916,,0.8746799591891227,0.0016841950000241468,hierarchy,0.0,,
coverage,0,28,bridge,0.0,equal,32,3,40,0.24193548387096775,3.75,0,borda,ok,144.0,1.8764373214677916,,0.8746799591891227,0.0014960199999904944,published_global_clipped_borda,0.0,,
coverage,0,29,bridge,0.0,equal,32,3,40,0.24193548387096775,3.75,1,pl,no_unique_finite_mle,,,,,0.0002814730000011423,hunter_mm,,,
coverage,0,29,bridge,0.0,equal,32,3,40,0.24193548387096775,3.75,1,efficient,ok,181.0,1.9005272762104655,,0.7331149445745953,0.001482269999996788,hierarchy,0.0,,
coverage,0,29,bridge,0.0,equal,32,3,40,0.24193548387096775,3.75,1,borda,ok,181.0,1.9005272762104655,,0.7331149445745953,0.0013560010000048806,published_global_clipped_borda,0.0,,
coverage,0,30,bridge,0.0,equal,32,3,40,0.24193548387096775,3.75,0,pl,no_unique_finite_mle,,,,,0.0002800739999884172,hunter_mm,,,
coverage,0,30,bridge,0.0,equal,32,3,40,0.24193548387096775,3.75,0,efficient,ok,163.0,1.9933550556446316,,1.0722570606875805,0.0020939839999982723,hierarchy,0.0,,
coverage,0,30,bridge,0.0,equal,32,3,40,0.24193548387096775,3.75,0,borda,ok,163.0,1.9933550556446316,,1.0722570606875805,0.001943388000000823,published_global_clipped_borda,0.0,,
coverage,0,31,bridge,0.0,equal,32,3,40,0.24193548387096775,3.75,1,pl,no_unique_finite_mle,,,,,0.0002662159999999858,hunter_mm,,,
coverage,0,31,bridge,0.0,equal,32,3,40,0.24193548387096775,3.75,1,efficient,ok,132.0,1.9459221383575387,,1.1153516423293843,0.0018885869999962779,hierarchy,0.0,,
coverage,0,31,bridge,0.0,equal,32,3,40,0.24193548387096775,3.75,1,borda,ok,132.0,1.9459221383575387,,1.1153516423293843,0.0017731860000083088,published_global_clipped_borda,0.0,,
coverage,0,32,bridge,0.0,equal,32,3,40,0.24193548387096775,3.75,2,pl,no_unique_finite_mle,,,,,0.0002801850000082595,hunter_mm,,,
coverage,0,32,bridge,0.0,equal,32,3,40,0.24193548387096775,3.75,2,efficient,ok,158.0,1.9771829484841816,,0.9899410379560349,0.0015534899999920526,hierarchy,0.0,,
coverage,0,32,bridge,0.0,equal,32,3,40,0.24193548387096775,3.75,2,borda,ok,158.0,1.9771829484841816,,0.9899410379560349,0.0013819469999987177,published_global_clipped_borda,0.0,,
coverage,0,33,bridge,0.0,equal,32,3,40,0.24193548387096775,3.75,2,pl,no_unique_finite_mle,,,,,0.0002919199999951161,hunter_mm,,,
coverage,0,33,bridge,0.0,equal,32,3,40,0.24193548387096775,3.75,2,efficient,ok,113.0,1.876821839428483,,1.0304897334608085,0.002112592000003133,hierarchy,0.0,,
coverage,0,33,bridge,0.0,equal,32,3,40,0.24193548387096775,3.75,2,borda,ok,113.0,1.876821839428483,,1.0304897334608085,0.0019022889999860126,published_global_clipped_borda,0.0,,
coverage,0,34,bridge,0.0,equal,32,3,40,0.24193548387096775,3.75,0,pl,no_unique_finite_mle,,,,,0.00030372000000511434,hunter_mm,,,
coverage,0,34,bridge,0.0,equal,32,3,40,0.24193548387096775,3.75,0,efficient,ok,151.0,2.125290311786946,,1.253895410719981,0.002072720000001027,hierarchy,0.0,,
coverage,0,34,bridge,0.0,equal,32,3,40,0.24193548387096775,3.75,0,borda,ok,151.0,2.125290311786946,,1.253895410719981,0.001926331999982267,published_global_clipped_borda,0.0,,
coverage,0,35,bridge,0.0,equal,32,3,40,0.24193548387096775,3.75,0,pl,no_unique_finite_mle,,,,,0.00029233099999714796,hunter_mm,,,
coverage,0,35,bridge,0.0,equal,32,3,40,0.24193548387096775,3.75,0,efficient,ok,172.0,1.9621689147235366,,0.9505135807967282,0.0015313979999973526,hierarchy,0.0,,
coverage,0,35,bridge,0.0,equal,32,3,40,0.24193548387096775,3.75,0,borda,ok,172.0,1.9621689147235366,,0.9505135807967282,0.0013156020000053559,published_global_clipped_borda,0.0,,
coverage,0,36,bridge,0.0,equal,32,3,40,0.24193548387096775,3.75,1,pl,no_unique_finite_mle,,,,,0.00028307899998480934,hunter_mm,,,
coverage,0,36,bridge,0.0,equal,32,3,40,0.24193548387096775,3.75,1,efficient,ok,152.0,2.2080873696768792,,1.355592246167523,0.002015349999993532,hierarchy,0.0,,
coverage,0,36,bridge,0.0,equal,32,3,40,0.24193548387096775,3.75,1,borda,ok,152.0,2.2080873696768792,,1.355592246167523,0.0018126450000011118,published_global_clipped_borda,0.0,,
coverage,0,37,bridge,0.0,equal,32,3,40,0.24193548387096775,3.75,2,pl,no_unique_finite_mle,,,,,0.0002883809999900677,hunter_mm,,,
coverage,0,37,bridge,0.0,equal,32,3,40,0.24193548387096775,3.75,2,efficient,ok,138.0,1.9077365314323074,,1.0304897334608085,0.002124463000001242,hierarchy,0.0,,
coverage,0,37,bridge,0.0,equal,32,3,40,0.24193548387096775,3.75,2,borda,ok,138.0,1.9077365314323074,,1.0304897334608085,0.001878464000014901,published_global_clipped_borda,0.0,,
coverage,0,38,bridge,0.0,equal,32,3,40,0.24193548387096775,3.75,1,pl,no_unique_finite_mle,,,,,0.0003011309999862988,hunter_mm,,,
coverage,0,38,bridge,0.0,equal,32,3,40,0.24193548387096775,3.75,1,efficient,ok,181.0,1.9989616513192143,,0.9899410379560349,0.0015631509999991522,hierarchy,0.0,,
coverage,0,38,bridge,0.0,equal,32,3,40,0.24193548387096775,3.75,1,borda,ok,181.0,1.9989616513192143,,0.9899410379560349,0.001343896999998151,published_global_clipped_borda,0.0,,
coverage,0,39,bridge,0.0,equal,32,3,40,0.24193548387096775,3.75,0,pl,no_unique_finite_mle,,,,,0.00030245199999967554,hunter_mm,,,
coverage,0,39,bridge,0.0,equal,32,3,40,0.24193548387096775,3.75,0,efficient,ok,140.0,2.0413347854661974,,1.2060247331475578,0.0020289210000044022,hierarchy,0.0,,
coverage,0,39,bridge,0.0,equal,32,3,40,0.24193548387096775,3.75,0,borda,ok,140.0,2.0413347854661974,,1.2060247331475578,0.0019844990000024154,published_global_clipped_borda,0.0,,
coverage,1,0,bridge,0.0,equal,32,3,160,0.967741935483871,15.0,0,pl,ok,79.0,1.6721125989705499,0.0,,0.0026840149999998175,hunter_mm,,67.0,6.398226393145023e-12
coverage,1,0,bridge,0.0,equal,32,3,160,0.967741935483871,15.0,0,efficient,ok,76.0,1.660369328754241,-0.011743270216308943,0.7501717836102606,0.0015334189999975933,hierarchy,0.0,,
coverage,1,0,bridge,0.0,equal,32,3,160,0.967741935483871,15.0,0,borda,ok,76.0,1.660369328754241,-0.011743270216308943,0.7501717836102606,0.0014193190000071354,published_global_clipped_borda,0.0,,
coverage,1,1,bridge,0.0,equal,32,3,160,0.967741935483871,15.0,0,pl,ok,96.0,1.7271092749878534,0.0,,0.0029218180000043503,hunter_mm,,78.0,5.187872353928924e-12
coverage,1,1,bridge,0.0,equal,32,3,160,0.967741935483871,15.0,0,efficient,ok,91.0,1.6834480691743594,-0.043661205813493975,0.594133281940876,0.0016282660000115357,hierarchy,0.0,,
coverage,1,1,bridge,0.0,equal,32,3,160,0.967741935483871,15.0,0,borda,ok,91.0,1.6834480691743594,-0.043661205813493975,0.594133281940876,0.0014667260000180704,published_global_clipped_borda,0.0,,
coverage,1,2,bridge,0.0,equal,32,3,160,0.967741935483871,15.0,0,pl,ok,86.0,1.7128259728214652,0.0,,0.0032469999999875654,hunter_mm,,90.0,6.36790620234251e-12
coverage,1,2,bridge,0.0,equal,32,3,160,0.967741935483871,15.0,0,efficient,ok,74.0,1.6847689992275883,-0.028056973593876933,0.8562951883028046,0.001522861000012199,hierarchy,0.0,,
coverage,1,2,bridge,0.0,equal,32,3,160,0.967741935483871,15.0,0,borda,ok,74.0,1.6847689992275883,-0.028056973593876933,0.8562951883028046,0.0013813120000065737,published_global_clipped_borda,0.0,,
coverage,1,3,bridge,0.0,equal,32,3,160,0.967741935483871,15.0,0,pl,ok,103.0,1.7259850317750283,0.0,,0.0031747580000001108,hunter_mm,,84.0,5.0446757882127715e-12
coverage,1,3,bridge,0.0,equal,32,3,160,0.967741935483871,15.0,0,efficient,ok,87.0,1.7131218547578777,-0.012863177017150562,0.7587631347489205,0.0015444740000134516,hierarchy,0.0,,
coverage,1,3,bridge,0.0,equal,32,3,160,0.967741935483871,15.0,0,borda,ok,87.0,1.7131218547578777,-0.012863177017150562,0.7587631347489205,0.0013658830000053968,published_global_clipped_borda,0.0,,
coverage,1,4,bridge,0.0,equal,32,3,160,0.967741935483871,15.0,0,pl,ok,81.0,1.6814436287503907,0.0,,0.0030380620000016734,hunter_mm,,81.0,8.631340087106309e-12
coverage,1,4,bridge,0.0,equal,32,3,160,0.967741935483871,15.0,0,efficient,ok,79.0,1.680644140621916,-0.0007994881284747457,0.7935669216188475,0.0016705279999769118,hierarchy,0.0,,
coverage,1,4,bridge,0.0,equal,32,3,160,0.967741935483871,15.0,0,borda,ok,79.0,1.680644140621916,-0.0007994881284747457,0.7935669216188475,0.0014949970000088797,published_global_clipped_borda,0.0,,
coverage,1,5,bridge,0.0,equal,32,3,160,0.967741935483871,15.0,0,pl,ok,84.0,1.7717817936036646,0.0,,0.0035578899999961777,hunter_mm,,103.0,5.277145387339033e-12
coverage,1,5,bridge,0.0,equal,32,3,160,0.967741935483871,15.0,0,efficient,ok,90.0,1.7035990133872443,-0.06818278021642032,0.776075695237584,0.0015075959999819588,hierarchy,0.0,,
coverage,1,5,bridge,0.0,equal,32,3,160,0.967741935483871,15.0,0,borda,ok,90.0,1.7035990133872443,-0.06818278021642032,0.776075695237584,0.0013615280000180974,published_global_clipped_borda,0.0,,
coverage,1,6,bridge,0.0,equal,32,3,160,0.967741935483871,15.0,0,pl,ok,74.0,1.7758051655444818,0.0,,0.0035766729999977542,hunter_mm,,101.0,7.43242134504385e-12
coverage,1,6,bridge,0.0,equal,32,3,160,0.967741935483871,15.0,0,efficient,ok,79.0,1.693437191222387,-0.08236797432209486,0.8471828412929748,0.0016642580000052476,hierarchy,0.0,,
coverage,1,6,bridge,0.0,equal,32,3,160,0.967741935483871,15.0,0,borda,ok,79.0,1.693437191222387,-0.08236797432209486,0.8471828412929748,0.0015147729999966941,published_global_clipped_borda,0.0,,
coverage,1,7,bridge,0.0,equal,32,3,160,0.967741935483871,15.0,0,pl,ok,80.0,1.700562036345131,0.0,,0.0028111229999865373,hunter_mm,,74.0,6.1044280741384685e-12
coverage,1,7,bridge,0.0,equal,32,3,160,0.967741935483871,15.0,0,efficient,ok,83.0,1.6934371912223867,-0.007124845122744361,0.8471828412929748,0.0016500730000075237,hierarchy,0.0,,
coverage,1,7,bridge,0.0,equal,32,3,160,0.967741935483871,15.0,0,borda,ok,83.0,1.6934371912223867,-0.007124845122744361,0.8471828412929748,0.0014857909999932417,published_global_clipped_borda,0.0,,
coverage,1,8,bridge,0.0,equal,32,3,160,0.967741935483871,15.0,0,pl,ok,73.0,1.6904801083243384,0.0,,0.002786783000004789,hunter_mm,,74.0,4.4179548908118706e-12
coverage,1,8,bridge,0.0,equal,32,3,160,0.967741935483871,15.0,0,efficient,ok,81.0,1.6806239669117182,-0.009856141412620145,0.7501717836102606,0.0014963010000030863,hierarchy,0.0,,
coverage,1,8,bridge,0.0,equal,32,3,160,0.967741935483871,15.0,0,borda,ok,81.0,1.6806239669117182,-0.009856141412620145,0.7501717836102606,0.001369929999981423,published_global_clipped_borda,0.0,,
coverage,1,9,bridge,0.0,equal,32,3,160,0.967741935483871,15.0,0,pl,ok,109.0,1.7540376796785297,0.0,,0.0027194369999961054,hunter_mm,,74.0,6.00238747594517e-12
coverage,1,9,bridge,0.0,equal,32,3,160,0.967741935483871,15.0,0,efficient,ok,93.0,1.7120525584972477,-0.04198512118128206,0.7847985524041771,0.0015781580000009399,hierarchy,0.0,,
coverage,1,9,bridge,0.0,equal,32,3,160,0.967741935483871,15.0,0,borda,ok,93.0,1.7120525584972477,-0.04198512118128206,0.7847985524041771,0.0014949859999831006,published_global_clipped_borda,0.0,,
coverage,1,10,bridge,0.0,equal,32,3,160,0.967741935483871,15.0,0,pl,ok,117.0,1.7893351362454215,0.0,,0.002861060000014959,hunter_mm,,78.0,5.788614032553596e-12
coverage,1,10,bridge,0.0,equal,32,3,160,0.967741935483871,15.0,0,efficient,ok,114.0,1.7498721551003864,-0.0394629811450351,0.7331149445745953,0.0014515510000023824,hierarchy,0.0,,
coverage,1,10,bridge,0.0,equal,32,3,160,0.967741935483871,15.0,0,borda,ok,114.0,1.7498721551003864,-0.0394629811450351,0.7331149445745953,0.001306918000011592,published_global_clipped_borda,0.0,,
coverage,1,11,bridge,0.0,equal,32,3,160,0.967741935483871,15.0,0,pl,ok,110.0,1.6929165646920599,0.0,,0.0026169250000123156,hunter_mm,,73.0,6.16777739992358e-12
coverage,1,11,bridge,0.0,equal,32,3,160,0.967741935483871,15.0,0,efficient,ok,90.0,1.6577291405695316,-0.03518742412252829,0.6339891769296693,0.0014412360000051194,hierarchy,0.0,,
coverage,1,11,bridge,0.0,equal,32,3,160,0.967741935483871,15.0,0,borda,ok,90.0,1.6577291405695316,-0.03518742412252829,0.6339891769296693,0.001314141000023028,published_global_clipped_borda,0.0,,
coverage,1,12,bridge,0.0,equal,32,3,160,0.967741935483871,15.0,0,pl,ok,98.0,1.77640747206099,0.0,,0.0034430160000056276,hunter_mm,,99.0,9.096212671977354e-12
coverage,1,12,bridge,0.0,equal,32,3,160,0.967741935483871,15.0,0,efficient,ok,87.0,1.6996083578448367,-0.07679911421615326,0.6664558647335688,0.0016901479999944513,hierarchy,0.0,,
coverage,1,12,bridge,0.0,equal,32,3,160,0.967741935483871,15.0,0,borda,ok,87.0,1.6996083578448367,-0.07679911421615326,0.6664558647335688,0.0014731830000016544,published_global_clipped_borda,0.0,,
coverage,1,13,bridge,0.0,equal,32,3,160,0.967741935483871,15.0,0,pl,ok,79.0,1.7060730160416568,0.0,,0.002518926000021793,hunter_mm,,67.0,4.146960552731116e-12
coverage,1,13,bridge,0.0,equal,32,3,160,0.967741935483871,15.0,0,efficient,ok,97.0,1.6933652388800906,-0.012707777161566236,0.674658519815484,0.0016914440000164177,hierarchy,0.0,,
coverage,1,13,bridge,0.0,equal,32,3,160,0.967741935483871,15.0,0,borda,ok,97.0,1.6933652388800906,-0.012707777161566236,0.674658519815484,0.001533413999993627,published_global_clipped_borda,0.0,,
coverage,1,14,bridge,0.0,equal,32,3,160,0.967741935483871,15.0,0,pl,ok,63.0,1.6814967832069905,0.0,,0.0028462450000006356,hunter_mm,,81.0,5.306766137636032e-12
coverage,1,14,bridge,0.0,equal,32,3,160,0.967741935483871,15.0,0,efficient,ok,72.0,1.655921691030331,-0.025575092176659542,0.674658519815484,0.0016116329999817935,hierarchy,0.0,,
coverage,1,14,bridge,0.0,equal,32,3,160,0.967741935483871,15.0,0,borda,ok,72.0,1.655921691030331,-0.025575092176659542,0.674658519815484,0.0015106689999981882,published_global_clipped_borda,0.0,,
coverage,1,15,bridge,0.0,equal,32,3,160,0.967741935483871,15.0,0,pl,ok,65.0,1.7521838754594492,0.0,,0.0035506870000006074,hunter_mm,,102.0,5.66787727862561e-12
coverage,1,15,bridge,0.0,equal,32,3,160,0.967741935483871,15.0,0,efficient,ok,83.0,1.7133095090790205,-0.03887436638042874,0.8746799591891227,0.0016750270000045475,hierarchy,0.0,,
coverage,1,15,bridge,0.0,equal,32,3,160,0.967741935483871,15.0,0,borda,ok,83.0,1.7133095090790205,-0.03887436638042874,0.8746799591891227,0.0014974720000111574,published_global_clipped_borda,0.0,,
coverage,1,16,bridge,0.0,equal,32,3,160,0.967741935483871,15.0,0,pl,ok,102.0,1.7204897520927644,0.0,,0.0027932830000167996,hunter_mm,,79.0,2.89880341952653e-12
coverage,1,16,bridge,0.0,equal,32,3,160,0.967741935483871,15.0,0,efficient,ok,97.0,1.7089456504454357,-0.011544101647328775,0.6259553417103869,0.0016147270000033132,hierarchy,0.0,,
coverage,1,16,bridge,0.0,equal,32,3,160,0.967741935483871,15.0,0,borda,ok,97.0,1.7089456504454357,-0.011544101647328775,0.6259553417103869,0.0015438599999981761,published_global_clipped_borda,0.0,,
coverage,1,17,bridge,0.0,equal,32,3,160,0.967741935483871,15.0,0,pl,ok,71.0,1.6789830271581707,0.0,,0.0025769349999791302,hunter_mm,,72.0,4.201372583167995e-12
coverage,1,17,bridge,0.0,equal,32,3,160,0.967741935483871,15.0,0,efficient,ok,82.0,1.6873894594556758,0.00840643229750504,0.7935669216188475,0.0016253649999953268,hierarchy,0.0,,
coverage,1,17,bridge,0.0,equal,32,3,160,0.967741935483871,15.0,0,borda,ok,82.0,1.6873894594556758,0.00840643229750504,0.7935669216188475,0.001500773000003619,published_global_clipped_borda,0.0,,
coverage,1,18,bridge,0.0,equal,32,3,160,0.967741935483871,15.0,0,pl,ok,124.0,1.8942674393350893,0.0,,0.0032978830000160997,hunter_mm,,92.0,4.818101473347269e-12
coverage,1,18,bridge,0.0,equal,32,3,160,0.967741935483871,15.0,0,efficient,ok,122.0,1.8068291018993694,-0.08743833743571994,0.7587631347489205,0.0015978010000026188,hierarchy,0.0,,
coverage,1,18,bridge,0.0,equal,32,3,160,0.967741935483871,15.0,0,borda,ok,122.0,1.8068291018993694,-0.08743833743571994,0.7587631347489205,0.001392946999999367,published_global_clipped_borda,0.0,,
coverage,1,19,bridge,0.0,equal,32,3,160,0.967741935483871,15.0,0,pl,ok,104.0,1.7235532705462422,0.0,,0.0038924749999864616,hunter_mm,,116.0,1.093558577025533e-11
coverage,1,19,bridge,0.0,equal,32,3,160,0.967741935483871,15.0,0,efficient,ok,101.0,1.7296045105434683,0.006051239997226121,0.8381224961879934,0.0014858069999945656,hierarchy,0.0,,
coverage,1,19,bridge,0.0,equal,32,3,160,0.967741935483871,15.0,0,borda,ok,101.0,1.7296045105434683,0.006051239997226121,0.8381224961879934,0.0013190730000189888,published_global_clipped_borda,0.0,,
coverage,1,20,bridge,0.0,equal,32,3,160,0.967741935483871,15.0,0,pl,ok,117.0,1.7615990736927645,0.0,,0.003351683999994748,hunter_mm,,92.0,6.383937822818098e-12
coverage,1,20,bridge,0.0,equal,32,3,160,0.967741935483871,15.0,0,efficient,ok,121.0,1.748266529410341,-0.013332544282423475,0.7416226478464474,0.0016646139999920706,hierarchy,0.0,,
coverage,1,20,bridge,0.0,equal,32,3,160,0.967741935483871,15.0,0,borda,ok,121.0,1.748266529410341,-0.013332544282423475,0.7416226478464474,0.0014776010000048245,published_global_clipped_borda,0.0,,
coverage,1,21,bridge,0.0,equal,32,3,160,0.967741935483871,15.0,0,pl,ok,64.0,1.726471155951598,0.0,,0.0031178249999754826,hunter_mm,,89.0,8.578693311278585e-12
coverage,1,21,bridge,0.0,equal,32,3,160,0.967741935483871,15.0,0,efficient,ok,70.0,1.701188638305574,-0.02528251764602385,0.893285189024737,0.0016406530000097064,hierarchy,0.0,,
coverage,1,21,bridge,0.0,equal,32,3,160,0.967741935483871,15.0,0,borda,ok,70.0,1.701188638305574,-0.02528251764602385,0.893285189024737,0.0014434779999987768,published_global_clipped_borda,0.0,,
coverage,1,22,bridge,0.0,equal,32,3,160,0.967741935483871,15.0,0,pl,ok,90.0,1.7363621350826506,0.0,,0.0026476269999875512,hunter_mm,,70.0,5.505318423359995e-12
coverage,1,22,bridge,0.0,equal,32,3,160,0.967741935483871,15.0,0,efficient,ok,91.0,1.7350300790443667,-0.001332056038283902,0.776075695237584,0.0014969059999998535,hierarchy,0.0,,
coverage,1,22,bridge,0.0,equal,32,3,160,0.967741935483871,15.0,0,borda,ok,91.0,1.7350300790443667,-0.001332056038283902,0.776075695237584,0.0013127869999891573,published_global_clipped_borda,0.0,,
coverage,1,23,bridge,0.0,equal,32,3,160,0.967741935483871,15.0,0,pl,ok,86.0,1.6953652238040369,0.0,,0.0027745289999927536,hunter_mm,,74.0,5.896283461481744e-12
coverage,1,23,bridge,0.0,equal,32,3,160,0.967741935483871,15.0,0,efficient,ok,81.0,1.6788191626886482,-0.0165460611153887,0.7078328312067319,0.0015745270000024902,hierarchy,0.0,,
coverage,1,23,bridge,0.0,equal,32,3,160,0.967741935483871,15.0,0,borda,ok,81.0,1.6788191626886482,-0.0165460611153887,0.7078328312067319,0.0014135020000196619,published_global_clipped_borda,0.0,,
coverage,1,24,bridge,0.0,equal,32,3,160,0.967741935483871,15.0,0,pl,ok,81.0,1.753285355483164,0.0,,0.003953468999981169,hunter_mm,,116.0,1.1896572615910373e-11
coverage,1,24,bridge,0.0,equal,32,3,160,0.967741935483871,15.0,0,efficient,ok,83.0,1.7221832103974468,-0.03110214508571718,0.8201538760195531,0.0014642259999959606,hierarchy,0.0,,
coverage,1,24,bridge,0.0,equal,32,3,160,0.967741935483871,15.0,0,borda,ok,83.0,1.7221832103974468,-0.03110214508571718,0.8201538760195531,0.0013266490000205522,published_global_clipped_borda,0.0,,
coverage,1,25,bridge,0.0,equal,32,3,160,0.967741935483871,15.0,0,pl,ok,98.0,1.8315323039417466,0.0,,0.0051785809999955745,hunter_mm,,158.0,8.753375801973106e-12
coverage,1,25,bridge,0.0,equal,32,3,160,0.967741935483871,15.0,0,efficient,ok,91.0,1.7347567350598896,-0.09677556888185701,0.8291131636048118,0.0016554409999969266,hierarchy,0.0,,
coverage,1,25,bridge,0.0,equal,32,3,160,0.967741935483871,15.0,0,borda,ok,91.0,1.7347567350598896,-0.09677556888185701,0.8291131636048118,0.0015078749999872798,published_global_clipped_borda,0.0,,
coverage,1,26,bridge,0.0,equal,32,3,160,0.967741935483871,15.0,0,pl,ok,101.0,1.7618534284064193,0.0,,0.0040272690000051625,hunter_mm,,122.0,5.633626898315924e-12
coverage,1,26,bridge,0.0,equal,32,3,160,0.967741935483871,15.0,0,efficient,ok,109.0,1.734788973993401,-0.027064454413018302,0.7246479064491907,0.0015995839999902728,hierarchy,0.0,,
coverage,1,26,bridge,0.0,equal,32,3,160,0.967741935483871,15.0,0,borda,ok,109.0,1.734788973993401,-0.027064454413018302,0.7246479064491907,0.0014564640000003237,published_global_clipped_borda,0.0,,
coverage,1,27,bridge,0.0,equal,32,3,160,0.967741935483871,15.0,0,pl,ok,86.0,1.7063280107412933,0.0,,0.0026447649999852274,hunter_mm,,70.0,6.357780968357929e-12
coverage,1,27,bridge,0.0,equal,32,3,160,0.967741935483871,15.0,0,efficient,ok,84.0,1.6936367297908752,-0.012691280950418049,0.6911715770665259,0.0016698409999946762,hierarchy,0.0,,
coverage,1,27,bridge,0.0,equal,32,3,160,0.967741935483871,15.0,0,borda,ok,84.0,1.6936367297908752,-0.012691280950418049,0.6911715770665259,0.00165454000000409,published_global_clipped_borda,0.0,,
coverage,1,28,bridge,0.0,equal,32,3,160,0.967741935483871,15.0,0,pl,ok,95.0,1.7032720405057713,0.0,,0.0026687270000138597,hunter_mm,,72.0,9.232570263861817e-12
coverage,1,28,bridge,0.0,equal,32,3,160,0.967741935483871,15.0,0,efficient,ok,109.0,1.7116426021100217,0.008370561604250426,0.5784021798476119,0.0017231150000043272,hierarchy,0.0,,
coverage,1,28,bridge,0.0,equal,32,3,160,0.967741935483871,15.0,0,borda,ok,109.0,1.7116426021100217,0.008370561604250426,0.5784021798476119,0.0014393140000095173,published_global_clipped_borda,0.0,,
coverage,1,29,bridge,0.0,equal,32,3,160,0.967741935483871,15.0,0,pl,ok,68.0,1.8261777044867276,0.0,,0.004225781999991796,hunter_mm,,124.0,6.756473158731069e-12
coverage,1,29,bridge,0.0,equal,32,3,160,0.967741935483871,15.0,0,efficient,ok,65.0,1.7138823076166778,-0.11229539687004975,1.0100693875885711,0.0019040829999994457,hierarchy,0.0,,
coverage,1,29,bridge,0.0,equal,32,3,160,0.967741935483871,15.0,0,borda,ok,65.0,1.7138823076166778,-0.11229539687004975,1.0100693875885711,0.0017354750000038166,published_global_clipped_borda,0.0,,
coverage,1,30,bridge,0.0,equal,32,3,160,0.967741935483871,15.0,0,pl,ok,83.0,1.7245939542272086,0.0,,0.003152563000014652,hunter_mm,,90.0,4.436984113453946e-12
coverage,1,30,bridge,0.0,equal,32,3,160,0.967741935483871,15.0,0,efficient,ok,95.0,1.7168438741970748,-0.007750080030133777,0.7673975001578666,0.0014644050000072184,hierarchy,0.0,,
coverage,1,30,bridge,0.0,equal,32,3,160,0.967741935483871,15.0,0,borda,ok,95.0,1.7168438741970748,-0.007750080030133777,0.7673975001578666,0.0014016389999937928,published_global_clipped_borda,0.0,,
coverage,1,31,bridge,0.0,equal,32,3,160,0.967741935483871,15.0,0,pl,ok,108.0,1.7379263083763759,0.0,,0.0026506319999839434,hunter_mm,,74.0,4.9559689685452214e-12
coverage,1,31,bridge,0.0,equal,32,3,160,0.967741935483871,15.0,0,efficient,ok,111.0,1.7543544674675293,0.01642815909115347,0.7246479064491907,0.0016453050000109215,hierarchy,0.0,,
coverage,1,31,bridge,0.0,equal,32,3,160,0.967741935483871,15.0,0,borda,ok,111.0,1.7543544674675293,0.01642815909115347,0.7246479064491907,0.0015021739999951933,published_global_clipped_borda,0.0,,
coverage,1,32,bridge,0.0,equal,32,3,160,0.967741935483871,15.0,0,pl,ok,68.0,1.6848289384896042,0.0,,0.0030426139999804036,hunter_mm,,87.0,5.804401403963766e-12
coverage,1,32,bridge,0.0,equal,32,3,160,0.967741935483871,15.0,0,efficient,ok,57.0,1.6421775016588538,-0.042651436830750455,0.7587631347489205,0.0015642159999913474,hierarchy,0.0,,
coverage,1,32,bridge,0.0,equal,32,3,160,0.967741935483871,15.0,0,borda,ok,57.0,1.6421775016588538,-0.042651436830750455,0.7587631347489205,0.0013850709999871924,published_global_clipped_borda,0.0,,
coverage,1,33,bridge,0.0,equal,32,3,160,0.967741935483871,15.0,0,pl,ok,89.0,1.7169424592597538,0.0,,0.002809198999983664,hunter_mm,,77.0,5.540534697701105e-12
coverage,1,33,bridge,0.0,equal,32,3,160,0.967741935483871,15.0,0,efficient,ok,89.0,1.6820590227272358,-0.03488343653251791,0.7331149445745953,0.0015109859999995479,hierarchy,0.0,,
coverage,1,33,bridge,0.0,equal,32,3,160,0.967741935483871,15.0,0,borda,ok,89.0,1.6820590227272358,-0.03488343653251791,0.7331149445745953,0.0013984510000000228,published_global_clipped_borda,0.0,,
coverage,1,34,bridge,0.0,equal,32,3,160,0.967741935483871,15.0,0,pl,ok,72.0,1.7105999270584333,0.0,,0.0035259649999943576,hunter_mm,,101.0,5.460032426185535e-12
coverage,1,34,bridge,0.0,equal,32,3,160,0.967741935483871,15.0,0,efficient,ok,72.0,1.6929444279070078,-0.017655499151425502,0.7935669216188475,0.0016755169999953523,hierarchy,0.0,,
coverage,1,34,bridge,0.0,equal,32,3,160,0.967741935483871,15.0,0,borda,ok,72.0,1.6929444279070078,-0.017655499151425502,0.7935669216188475,0.001487910999998121,published_global_clipped_borda,0.0,,
coverage,1,35,bridge,0.0,equal,32,3,160,0.967741935483871,15.0,0,pl,ok,103.0,1.7944216856753588,0.0,,0.005512842999991108,hunter_mm,,167.0,9.818745816403406e-12
coverage,1,35,bridge,0.0,equal,32,3,160,0.967741935483871,15.0,0,efficient,ok,101.0,1.7510600114953236,-0.043361674180035115,0.7587631347489205,0.0014984919999960766,hierarchy,0.0,,
coverage,1,35,bridge,0.0,equal,32,3,160,0.967741935483871,15.0,0,borda,ok,101.0,1.7510600114953236,-0.043361674180035115,0.7587631347489205,0.001378735000002962,published_global_clipped_borda,0.0,,
coverage,1,36,bridge,0.0,equal,32,3,160,0.967741935483871,15.0,0,pl,ok,98.0,1.746895726751827,0.0,,0.0026636110000026747,hunter_mm,,73.0,7.98936472534706e-12
coverage,1,36,bridge,0.0,equal,32,3,160,0.967741935483871,15.0,0,efficient,ok,92.0,1.707805747120739,-0.03908997963108796,0.6911715770665259,0.0015863710000019182,hierarchy,0.0,,
coverage,1,36,bridge,0.0,equal,32,3,160,0.967741935483871,15.0,0,borda,ok,92.0,1.707805747120739,-0.03908997963108796,0.6911715770665259,0.0015239549999819246,published_global_clipped_borda,0.0,,
coverage,1,37,bridge,0.0,equal,32,3,160,0.967741935483871,15.0,0,pl,ok,90.0,1.7026104622887543,0.0,,0.002533360999990464,hunter_mm,,69.0,7.122102907430871e-12
coverage,1,37,bridge,0.0,equal,32,3,160,0.967741935483871,15.0,0,efficient,ok,94.0,1.6871252973955368,-0.015485164893217496,0.7162207812034819,0.0014696940000078484,hierarchy,0.0,,
coverage,1,37,bridge,0.0,equal,32,3,160,0.967741935483871,15.0,0,borda,ok,94.0,1.6871252973955368,-0.015485164893217496,0.7162207812034819,0.001339032000004181,published_global_clipped_borda,0.0,,
coverage,1,38,bridge,0.0,equal,32,3,160,0.967741935483871,15.0,0,pl,ok,103.0,1.7090264197639513,0.0,,0.0028378130000135116,hunter_mm,,73.0,5.626910049016942e-12
coverage,1,38,bridge,0.0,equal,32,3,160,0.967741935483871,15.0,0,efficient,ok,112.0,1.7406377096005392,0.0316112898365879,0.7501717836102606,0.0016175169999996797,hierarchy,0.0,,
coverage,1,38,bridge,0.0,equal,32,3,160,0.967741935483871,15.0,0,borda,ok,112.0,1.7406377096005392,0.0316112898365879,0.7501717836102606,0.001375818000013851,published_global_clipped_borda,0.0,,
coverage,1,39,bridge,0.0,equal,32,3,160,0.967741935483871,15.0,0,pl,ok,91.0,1.709708810006198,0.0,,0.0031301479999967796,hunter_mm,,90.0,6.545264330526379e-12
coverage,1,39,bridge,0.0,equal,32,3,160,0.967741935483871,15.0,0,efficient,ok,75.0,1.690470598306133,-0.0192382117000649,0.7847985524041771,0.0016854460000104154,hierarchy,0.0,,
coverage,1,39,bridge,0.0,equal,32,3,160,0.967741935483871,15.0,0,borda,ok,75.0,1.690470598306133,-0.0192382117000649,0.7847985524041771,0.0014920080000138114,published_global_clipped_borda,0.0,,
coverage,2,0,bridge,0.0,equal,32,3,640,3.870967741935484,60.0,0,pl,ok,52.0,1.636689391836186,0.0,,0.0040738980000014635,hunter_mm,,60.0,5.728872931598516e-12
coverage,2,0,bridge,0.0,equal,32,3,640,3.870967741935484,60.0,0,efficient,outside_schedule_domain,,,,,6.922299999700954e-05,unavailable,,,
coverage,2,0,bridge,0.0,equal,32,3,640,3.870967741935484,60.0,0,borda,ok,55.0,1.6344762053767843,-0.002213186459401717,0.6705527721810679,0.0015994470000180172,published_global_clipped_borda,0.0,,
coverage,2,1,bridge,0.0,equal,32,3,640,3.870967741935484,60.0,0,pl,ok,41.0,1.633720817827624,0.0,,0.0037615429999959815,hunter_mm,,54.0,5.375344613867128e-12
coverage,2,1,bridge,0.0,equal,32,3,640,3.870967741935484,60.0,0,efficient,outside_schedule_domain,,,,,6.667499999934989e-05,unavailable,,,
coverage,2,1,bridge,0.0,equal,32,3,640,3.870967741935484,60.0,0,borda,ok,46.0,1.6194180800526972,-0.014302737774926744,0.7015671417601145,0.0014635640000051353,published_global_clipped_borda,0.0,,
coverage,2,2,bridge,0.0,equal,32,3,640,3.870967741935484,60.0,0,pl,ok,45.0,1.6306514424338674,0.0,,0.003989842999999382,hunter_mm,,59.0,3.301459106097582e-12
coverage,2,2,bridge,0.0,equal,32,3,640,3.870967741935484,60.0,0,efficient,outside_schedule_domain,,,,,7.538899998849047e-05,unavailable,,,
coverage,2,2,bridge,0.0,equal,32,3,640,3.870967741935484,60.0,0,borda,ok,47.0,1.6191015159978759,-0.011549926435991509,0.672604535826301,0.0016549640000107502,published_global_clipped_borda,0.0,,
coverage,2,3,bridge,0.0,equal,32,3,640,3.870967741935484,60.0,0,pl,ok,39.0,1.6248349476007482,0.0,,0.004322490000021162,hunter_mm,,67.0,7.621403508295543e-12
coverage,2,3,bridge,0.0,equal,32,3,640,3.870967741935484,60.0,0,efficient,outside_schedule_domain,,,,,6.263899999225941e-05,unavailable,,,
coverage,2,3,bridge,0.0,equal,32,3,640,3.870967741935484,60.0,0,borda,ok,50.0,1.6312721538963715,0.006437206295623277,0.778252189560974,0.001593184000000747,published_global_clipped_borda,0.0,,
coverage,2,4,bridge,0.0,equal,32,3,640,3.870967741935484,60.0,0,pl,ok,43.0,1.6467542199270802,0.0,,0.004293673999995917,hunter_mm,,68.0,5.651445977861158e-12
coverage,2,4,bridge,0.0,equal,32,3,640,3.870967741935484,60.0,0,efficient,outside_schedule_domain,,,,,6.051299999398907e-05,unavailable,,,
coverage,2,4,bridge,0.0,equal,32,3,640,3.870967741935484,60.0,0,borda,ok,45.0,1.6184822605342792,-0.028271959392800916,0.7183238612676746,0.001580917999973508,published_global_clipped_borda,0.0,,
coverage,2,5,bridge,0.0,equal,32,3,640,3.870967741935484,60.0,0,pl,ok,40.0,1.6130457178398447,0.0,,0.003915677999998479,hunter_mm,,57.0,4.5064063591837565e-12
coverage,2,5,bridge,0.0,equal,32,3,640,3.870967741935484,60.0,0,efficient,outside_schedule_domain,,,,,6.344999999896572e-05,unavailable,,,
coverage,2,5,bridge,0.0,equal,32,3,640,3.870967741935484,60.0,0,borda,ok,37.0,1.587088751250103,-0.02595696658974167,0.745891988106322,0.0015357370000117498,published_global_clipped_borda,0.0,,
coverage,2,6,bridge,0.0,equal,32,3,640,3.870967741935484,60.0,0,pl,ok,38.0,1.6040458193832667,0.0,,0.0036639340000022003,hunter_mm,,53.0,3.940925363821179e-12
coverage,2,6,bridge,0.0,equal,32,3,640,3.870967741935484,60.0,0,efficient,outside_schedule_domain,,,,,6.751799998028218e-05,unavailable,,,
coverage,2,6,bridge,0.0,equal,32,3,640,3.870967741935484,60.0,0,borda,ok,35.0,1.5752650958259267,-0.02878072355734007,0.7523156327740579,0.0014290459999983796,published_global_clipped_borda,0.0,,
coverage,2,7,bridge,0.0,equal,32,3,640,3.870967741935484,60.0,0,pl,ok,34.0,1.6197375148538966,0.0,,0.0037767260000123315,hunter_mm,,54.0,4.9516946099004146e-12
coverage,2,7,bridge,0.0,equal,32,3,640,3.870967741935484,60.0,0,efficient,outside_schedule_domain,,,,,6.334699997978532e-05,unavailable,,,
coverage,2,7,bridge,0.0,equal,32,3,640,3.870967741935484,60.0,0,borda,ok,36.0,1.5842268927177994,-0.035510622136097236,0.7501717836102606,0.001525982000003978,published_global_clipped_borda,0.0,,
coverage,2,8,bridge,0.0,equal,32,3,640,3.870967741935484,60.0,0,pl,ok,50.0,1.6707854180851065,0.0,,0.004327425000013818,hunter_mm,,67.0,6.425593390702033e-12
coverage,2,8,bridge,0.0,equal,32,3,640,3.870967741935484,60.0,0,efficient,outside_schedule_domain,,,,,6.151599998815982e-05,unavailable,,,
coverage,2,8,bridge,0.0,equal,32,3,640,3.870967741935484,60.0,0,borda,ok,56.0,1.6597154167283046,-0.011070001356801917,0.748030572829216,0.00160804699999062,published_global_clipped_borda,0.0,,
coverage,2,9,bridge,0.0,equal,32,3,640,3.870967741935484,60.0,0,pl,ok,41.0,1.6112966834731268,0.0,,0.0035633890000212887,hunter_mm,,53.0,5.630584887228452e-12
coverage,2,9,bridge,0.0,equal,32,3,640,3.870967741935484,60.0,0,efficient,outside_schedule_domain,,,,,5.979799999522584e-05,unavailable,,,
coverage,2,9,bridge,0.0,equal,32,3,640,3.870967741935484,60.0,0,borda,ok,39.0,1.5968064782017068,-0.014490205271419976,0.7373636654668244,0.0016066180000109398,published_global_clipped_borda,0.0,,
coverage,2,10,bridge,0.0,equal,32,3,640,3.870967741935484,60.0,0,pl,ok,37.0,1.5870677180038966,0.0,,0.0038268440000024384,hunter_mm,,58.0,4.79739581393801e-12
coverage,2,10,bridge,0.0,equal,32,3,640,3.870967741935484,60.0,0,efficient,outside_schedule_domain,,,,,6.107999999471758e-05,unavailable,,,
coverage,2,10,bridge,0.0,equal,32,3,640,3.870967741935484,60.0,0,borda,ok,29.0,1.5556903991639226,-0.03137731883997397,0.7673975001578666,0.001438269000004766,published_global_clipped_borda,0.0,,
coverage,2,11,bridge,0.0,equal,32,3,640,3.870967741935484,60.0,0,pl,ok,56.0,1.6248065807090033,0.0,,0.0036203059999877496,hunter_mm,,53.0,4.008338105876419e-12
coverage,2,11,bridge,0.0,equal,32,3,640,3.870967741935484,60.0,0,efficient,outside_schedule_domain,,,,,6.504899999981717e-05,unavailable,,,
coverage,2,11,bridge,0.0,equal,32,3,640,3.870967741935484,60.0,0,borda,ok,56.0,1.6285175567370995,0.0037109760280962245,0.6808338976532822,0.0016170770000201173,published_global_clipped_borda,0.0,,
coverage,2,12,bridge,0.0,equal,32,3,640,3.870967741935484,60.0,0,pl,ok,38.0,1.6143942671610383,0.0,,0.003910194000013689,hunter_mm,,57.0,5.9226956672375765e-12
coverage,2,12,bridge,0.0,equal,32,3,640,3.870967741935484,60.0,0,efficient,outside_schedule_domain,,,,,6.461399999579953e-05,unavailable,,,
coverage,2,12,bridge,0.0,equal,32,3,640,3.870967741935484,60.0,0,borda,ok,40.0,1.606979261343845,-0.007415005817193343,0.748030572829216,0.0016125119999799153,published_global_clipped_borda,0.0,,
coverage,2,13,bridge,0.0,equal,32,3,640,3.870967741935484,60.0,0,pl,ok,35.0,1.6214510779128157,0.0,,0.004393538999977409,hunter_mm,,63.0,5.182143603121858e-12
coverage,2,13,bridge,0.0,equal,32,3,640,3.870967741935484,60.0,0,efficient,outside_schedule_domain,,,,,7.048699998790653e-05,unavailable,,,
coverage,2,13,bridge,0.0,equal,32,3,640,3.870967741935484,60.0,0,borda,ok,39.0,1.5946943009870056,-0.026756776925810133,0.778252189560974,0.0016053070000054959,published_global_clipped_borda,0.0,,
coverage,2,14,bridge,0.0,equal,32,3,640,3.870967741935484,60.0,0,pl,ok,50.0,1.6203350841520248,0.0,,0.003619888000002902,hunter_mm,,54.0,4.207423298652202e-12
coverage,2,14,bridge,0.0,equal,32,3,640,3.870967741935484,60.0,0,efficient,outside_schedule_domain,,,,,6.280200000219338e-05,unavailable,,,
coverage,2,14,bridge,0.0,equal,32,3,640,3.870967741935484,60.0,0,borda,ok,48.0,1.6174955388856123,-0.002839545266412502,0.6562517362488511,0.0014434760000199276,published_global_clipped_borda,0.0,,
coverage,2,15,bridge,0.0,equal,32,3,640,3.870967741935484,60.0,0,pl,ok,38.0,1.6179898988348438,0.0,,0.0037909500000239404,hunter_mm,,57.0,4.453581947672092e-12
coverage,2,15,bridge,0.0,equal,32,3,640,3.870967741935484,60.0,0,efficient,outside_schedule_domain,,,,,6.0584999999946376e-05,unavailable,,,
coverage,2,15,bridge,0.0,equal,32,3,640,3.870967741935484,60.0,0,borda,ok,42.0,1.6242067051816023,0.006216806346758474,0.7288763897334032,0.0016780800000049112,published_global_clipped_borda,0.0,,
coverage,2,16,bridge,0.0,equal,32,3,640,3.870967741935484,60.0,0,pl,ok,28.0,1.630425077766116,0.0,,0.003519594000010784,hunter_mm,,53.0,4.022082666921278e-12
coverage,2,16,bridge,0.0,equal,32,3,640,3.870967741935484,60.0,0,efficient,outside_schedule_domain,,,,,6.153000001063447e-05,unavailable,,,
coverage,2,16,bridge,0.0,equal,32,3,640,3.870967741935484,60.0,0,borda,ok,32.0,1.6043042162096974,-0.026120861556418573,0.672604535826301,0.001564969999975574,published_global_clipped_borda,0.0,,
coverage,2,17,bridge,0.0,equal,32,3,640,3.870967741935484,60.0,0,pl,ok,49.0,1.6520012774105715,0.0,,0.003725701999997,hunter_mm,,53.0,6.321709822287858e-12
coverage,2,17,bridge,0.0,equal,32,3,640,3.870967741935484,60.0,0,efficient,outside_schedule_domain,,,,,7.15620000164563e-05,unavailable,,,
coverage,2,17,bridge,0.0,equal,32,3,640,3.870967741935484,60.0,0,borda,ok,51.0,1.6436086247136037,-0.008392652696967762,0.714120149522981,0.0016423650000092493,published_global_clipped_borda,0.0,,
coverage,2,18,bridge,0.0,equal,32,3,640,3.870967741935484,60.0,0,pl,ok,44.0,1.6358326158153198,0.0,,0.004088794000011831,hunter_mm,,62.0,5.350120346747644e-12
coverage,2,18,bridge,0.0,equal,32,3,640,3.870967741935484,60.0,0,efficient,outside_schedule_domain,,,,,6.072899998343928e-05,unavailable,,,
coverage,2,18,bridge,0.0,equal,32,3,640,3.870967741935484,60.0,0,borda,ok,35.0,1.602865093193284,-0.03296752262203584,0.748030572829216,0.0015858900000012,published_global_clipped_borda,0.0,,
coverage,2,19,bridge,0.0,equal,32,3,640,3.870967741935484,60.0,0,pl,ok,55.0,1.6236676261760845,0.0,,0.0036864240000227255,hunter_mm,,54.0,4.6086690019819795e-12
coverage,2,19,bridge,0.0,equal,32,3,640,3.870967741935484,60.0,0,efficient,outside_schedule_domain,,,,,6.265200002530946e-05,unavailable,,,
coverage,2,19,bridge,0.0,equal,32,3,640,3.870967741935484,60.0,0,borda,ok,56.0,1.6217299553312137,-0.0019376708448708424,0.705741879757907,0.0016139889999919887,published_global_clipped_borda,0.0,,
coverage,2,20,bridge,0.0,equal,32,3,640,3.870967741935484,60.0,0,pl,ok,41.0,1.600827851918814,0.0,,0.003469000999984928,hunter_mm,,51.0,5.28701527002795e-12
coverage,2,20,bridge,0.0,equal,32,3,640,3.870967741935484,60.0,0,efficient,outside_schedule_domain,,,,,6.536300000448136e-05,unavailable,,,
coverage,2,20,bridge,0.0,equal,32,3,640,3.870967741935484,60.0,0,borda,ok,41.0,1.5934288331490067,-0.007399018769807197,0.745891988106322,0.0014617249999844262,published_global_clipped_borda,0.0,,
coverage,2,21,bridge,0.0,equal,32,3,640,3.870967741935484,60.0,0,pl,ok,47.0,1.6273577981383256,0.0,,0.0036589020000121764,hunter_mm,,54.0,4.876699044586985e-12
coverage,2,21,bridge,0.0,equal,32,3,640,3.870967741935484,60.0,0,efficient,outside_schedule_domain,,,,,6.142100002648476e-05,unavailable,,,
coverage,2,21,bridge,0.0,equal,32,3,640,3.870967741935484,60.0,0,borda,ok,49.0,1.6184289114620498,-0.008928886676275782,0.672604535826301,0.0015637179999998807,published_global_clipped_borda,0.0,,
coverage,2,22,bridge,0.0,equal,32,3,640,3.870967741935484,60.0,0,pl,ok,56.0,1.6453246102834749,0.0,,0.0042583150000155,hunter_mm,,66.0,5.009059833582796e-12
coverage,2,22,bridge,0.0,equal,32,3,640,3.870967741935484,60.0,0,efficient,outside_schedule_domain,,,,,6.33370000002742e-05,unavailable,,,
coverage,2,22,bridge,0.0,equal,32,3,640,3.870967741935484,60.0,0,borda,ok,52.0,1.6321021958290036,-0.013222414454471254,0.7078328312067319,0.0014745029999971848,published_global_clipped_borda,0.0,,
coverage,2,23,bridge,0.0,equal,32,3,640,3.870967741935484,60.0,0,pl,ok,44.0,1.6002221380191477,0.0,,0.003944975999985445,hunter_mm,,60.0,4.608724513133211e-12
coverage,2,23,bridge,0.0,equal,32,3,640,3.870967741935484,60.0,0,efficient,outside_schedule_domain,,,,,6.0163999989981676e-05,unavailable,,,
coverage,2,23,bridge,0.0,equal,32,3,640,3.870967741935484,60.0,0,borda,ok,47.0,1.5800502906056164,-0.020171847413531285,0.7162207812034819,0.0014494609999928798,published_global_clipped_borda,0.0,,
coverage,2,24,bridge,0.0,equal,32,3,640,3.870967741935484,60.0,0,pl,ok,46.0,1.6295686475423743,0.0,,0.0032641580000074555,hunter_mm,,49.0,5.2440496389749566e-12
coverage,2,24,bridge,0.0,equal,32,3,640,3.870967741935484,60.0,0,efficient,outside_schedule_domain,,,,,6.32640000048923e-05,unavailable,,,
coverage,2,24,bridge,0.0,equal,32,3,640,3.870967741935484,60.0,0,borda,ok,44.0,1.6108477841973659,-0.018720863345008443,0.7162207812034819,0.0014491230000146516,published_global_clipped_borda,0.0,,
coverage,2,25,bridge,0.0,equal,32,3,640,3.870967741935484,60.0,0,pl,ok,55.0,1.6229296767115708,0.0,,0.00370681900000136,hunter_mm,,56.0,4.970235334411655e-12
coverage,2,25,bridge,0.0,equal,32,3,640,3.870967741935484,60.0,0,efficient,outside_schedule_domain,,,,,6.410599999639999e-05,unavailable,,,
coverage,2,25,bridge,0.0,equal,32,3,640,3.870967741935484,60.0,0,borda,ok,56.0,1.6364866674695486,0.013556990757977783,0.6890994534144406,0.0015614750000167987,published_global_clipped_borda,0.0,,
coverage,2,26,bridge,0.0,equal,32,3,640,3.870967741935484,60.0,0,pl,ok,41.0,1.6370311956512928,0.0,,0.0034957899999881192,hunter_mm,,52.0,5.804445812884751e-12
coverage,2,26,bridge,0.0,equal,32,3,640,3.870967741935484,60.0,0,efficient,outside_schedule_domain,,,,,6.297900000618029e-05,unavailable,,,
coverage,2,26,bridge,0.0,equal,32,3,640,3.870967741935484,60.0,0,borda,ok,50.0,1.6382726969775467,0.001241501326253891,0.6953227811004026,0.0015712219999954868,published_global_clipped_borda,0.0,,
coverage,2,27,bridge,0.0,equal,32,3,640,3.870967741935484,60.0,0,pl,ok,40.0,1.6008275792108917,0.0,,0.003705596999992622,hunter_mm,,51.0,4.983202739339276e-12
coverage,2,27,bridge,0.0,equal,32,3,640,3.870967741935484,60.0,0,efficient,outside_schedule_domain,,,,,6.592299999397255e-05,unavailable,,,
coverage,2,27,bridge,0.0,equal,32,3,640,3.870967741935484,60.0,0,borda,ok,45.0,1.5864837018443385,-0.014343877366553182,0.6521851293027621,0.0016038820000119358,published_global_clipped_borda,0.0,,
coverage,2,28,bridge,0.0,equal,32,3,640,3.870967741935484,60.0,0,pl,ok,47.0,1.6301944826918904,0.0,,0.003755167999997866,hunter_mm,,56.0,5.680422798803874e-12
coverage,2,28,bridge,0.0,equal,32,3,640,3.870967741935484,60.0,0,efficient,outside_schedule_domain,,,,,6.377699997983655e-05,unavailable,,,
coverage,2,28,bridge,0.0,equal,32,3,640,3.870967741935484,60.0,0,borda,ok,48.0,1.6129651209710203,-0.017229361720870084,0.7587631347489205,0.0015146110000046065,published_global_clipped_borda,0.0,,
coverage,2,29,bridge,0.0,equal,32,3,640,3.870967741935484,60.0,0,pl,ok,41.0,1.612676504196425,0.0,,0.004264818999985209,hunter_mm,,66.0,3.894196076714707e-12
coverage,2,29,bridge,0.0,equal,32,3,640,3.870967741935484,60.0,0,efficient,outside_schedule_domain,,,,,6.130500000267602e-05,unavailable,,,
coverage,2,29,bridge,0.0,equal,32,3,640,3.870967741935484,60.0,0,borda,ok,45.0,1.6047084200984387,-0.007968084097986328,0.6828968670659661,0.001723072000004322,published_global_clipped_borda,0.0,,
coverage,2,30,bridge,0.0,equal,32,3,640,3.870967741935484,60.0,0,pl,ok,45.0,1.6518616012974061,0.0,,0.0040876090000097065,hunter_mm,,64.0,6.616773795542485e-12
coverage,2,30,bridge,0.0,equal,32,3,640,3.870967741935484,60.0,0,efficient,outside_schedule_domain,,,,,7.295100002124855e-05,unavailable,,,
coverage,2,30,bridge,0.0,equal,32,3,640,3.870967741935484,60.0,0,borda,ok,46.0,1.6381883103153074,-0.013673290982098685,0.7935669216188475,0.0015971450000051846,published_global_clipped_borda,0.0,,
coverage,2,31,bridge,0.0,equal,32,3,640,3.870967741935484,60.0,0,pl,ok,56.0,1.630891649926937,0.0,,0.004377458999982764,hunter_mm,,69.0,6.337064206718423e-12
coverage,2,31,bridge,0.0,equal,32,3,640,3.870967741935484,60.0,0,efficient,outside_schedule_domain,,,,,6.050400000390255e-05,unavailable,,,
coverage,2,31,bridge,0.0,equal,32,3,640,3.870967741935484,60.0,0,borda,ok,50.0,1.6133264440349968,-0.017565205891940217,0.6685032185707478,0.001616661000014119,published_global_clipped_borda,0.0,,
coverage,2,32,bridge,0.0,equal,32,3,640,3.870967741935484,60.0,0,pl,ok,55.0,1.6553958211893094,0.0,,0.005224692000012965,hunter_mm,,85.0,5.5050075609131e-12
coverage,2,32,bridge,0.0,equal,32,3,640,3.870967741935484,60.0,0,efficient,outside_schedule_domain,,,,,6.283599998369027e-05,unavailable,,,
coverage,2,32,bridge,0.0,equal,32,3,640,3.870967741935484,60.0,0,borda,ok,52.0,1.6338503883746207,-0.02154543281468868,0.6911715770665259,0.001588445000010097,published_global_clipped_borda,0.0,,
coverage,2,33,bridge,0.0,equal,32,3,640,3.870967741935484,60.0,0,pl,ok,50.0,1.627975394655914,0.0,,0.0042806579999989935,hunter_mm,,66.0,5.84351456112131e-12
coverage,2,33,bridge,0.0,equal,32,3,640,3.870967741935484,60.0,0,efficient,outside_schedule_domain,,,,,6.222800001864925e-05,unavailable,,,
coverage,2,33,bridge,0.0,equal,32,3,640,3.870967741935484,60.0,0,borda,ok,47.0,1.6106120995486577,-0.017363295107256205,0.7869863443584556,0.0016179659999977503,published_global_clipped_borda,0.0,,
coverage,2,34,bridge,0.0,equal,32,3,640,3.870967741935484,60.0,0,pl,ok,57.0,1.6482166031261032,0.0,,0.004061169999999947,hunter_mm,,60.0,4.520028795695908e-12
coverage,2,34,bridge,0.0,equal,32,3,640,3.870967741935484,60.0,0,efficient,outside_schedule_domain,,,,,6.17209999802526e-05,unavailable,,,
coverage,2,34,bridge,0.0,equal,32,3,640,3.870967741935484,60.0,0,borda,ok,48.0,1.6421543436279162,-0.00606225949818695,0.7373636654668244,0.0016210910000040712,published_global_clipped_borda,0.0,,
coverage,2,35,bridge,0.0,equal,32,3,640,3.870967741935484,60.0,0,pl,ok,51.0,1.6598755506776448,0.0,,0.0037549189999879218,hunter_mm,,55.0,4.5878190135795195e-12
coverage,2,35,bridge,0.0,equal,32,3,640,3.870967741935484,60.0,0,efficient,outside_schedule_domain,,,,,6.342800000425086e-05,unavailable,,,
coverage,2,35,bridge,0.0,equal,32,3,640,3.870967741935484,60.0,0,borda,ok,57.0,1.6620278969614,0.0021523462837551577,0.678773190300229,0.0016187599999852864,published_global_clipped_borda,0.0,,
coverage,2,36,bridge,0.0,equal,32,3,640,3.870967741935484,60.0,0,pl,ok,41.0,1.6513400031418932,0.0,,0.004250743000000057,hunter_mm,,63.0,5.06950037504339e-12
coverage,2,36,bridge,0.0,equal,32,3,640,3.870967741935484,60.0,0,efficient,outside_schedule_domain,,,,,6.631499999798507e-05,unavailable,,,
coverage,2,36,bridge,0.0,equal,32,3,640,3.870967741935484,60.0,0,borda,ok,37.0,1.6166078282990946,-0.03473217484279867,0.8112436870788444,0.0016437979999750496,published_global_clipped_borda,0.0,,
coverage,2,37,bridge,0.0,equal,32,3,640,3.870967741935484,60.0,0,pl,ok,38.0,1.6159509687884968,0.0,,0.003759898999987854,hunter_mm,,55.0,5.275202497045939e-12
coverage,2,37,bridge,0.0,equal,32,3,640,3.870967741935484,60.0,0,efficient,outside_schedule_domain,,,,,6.331800000225485e-05,unavailable,,,
coverage,2,37,bridge,0.0,equal,32,3,640,3.870967741935484,60.0,0,borda,ok,30.0,1.591353524662097,-0.02459744412639986,0.7501717836102606,0.001418527999987873,published_global_clipped_borda,0.0,,
coverage,2,38,bridge,0.0,equal,32,3,640,3.870967741935484,60.0,0,pl,ok,43.0,1.6193374096999935,0.0,,0.00437730900000588,hunter_mm,,67.0,4.667188857609972e-12
coverage,2,38,bridge,0.0,equal,32,3,640,3.870967741935484,60.0,0,efficient,outside_schedule_domain,,,,,6.607500000654909e-05,unavailable,,,
coverage,2,38,bridge,0.0,equal,32,3,640,3.870967741935484,60.0,0,borda,ok,42.0,1.6124538476785308,-0.006883562021462675,0.7120219548409804,0.0016139979999820753,published_global_clipped_borda,0.0,,
coverage,2,39,bridge,0.0,equal,32,3,640,3.870967741935484,60.0,0,pl,ok,55.0,1.6535333009275153,0.0,,0.0038261210000030133,hunter_mm,,59.0,4.71911398847169e-12
coverage,2,39,bridge,0.0,equal,32,3,640,3.870967741935484,60.0,0,efficient,outside_schedule_domain,,,,,6.402700000762707e-05,unavailable,,,
coverage,2,39,bridge,0.0,equal,32,3,640,3.870967741935484,60.0,0,borda,ok,48.0,1.6398776087523361,-0.013655692175179146,0.6828968670659661,0.0015645169999913833,published_global_clipped_borda,0.0,,
coverage,3,0,bridge,0.5,equal,32,3,40,0.24193548387096775,3.75,2,pl,no_unique_finite_mle,,,,,0.00031834600000024693,hunter_mm,,,
coverage,3,0,bridge,0.5,equal,32,3,40,0.24193548387096775,3.75,2,efficient,ok,133.0,1.952624041148122,,1.1598951858054984,0.0020828849999929844,hierarchy,0.0,,
coverage,3,0,bridge,0.5,equal,32,3,40,0.24193548387096775,3.75,2,borda,ok,133.0,1.952624041148122,,1.1598951858054984,0.0019090250000033393,published_global_clipped_borda,0.0,,
coverage,3,1,bridge,0.5,equal,32,3,40,0.24193548387096775,3.75,0,pl,no_unique_finite_mle,,,,,0.0002773719999993318,hunter_mm,,,
coverage,3,1,bridge,0.5,equal,32,3,40,0.24193548387096775,3.75,0,efficient,ok,157.0,2.052792020431099,,1.2060247331475578,0.0020838519999983873,hierarchy,0.0,,
coverage,3,1,bridge,0.5,equal,32,3,40,0.24193548387096775,3.75,0,borda,ok,157.0,2.052792020431099,,1.2060247331475578,0.0019200799999907758,published_global_clipped_borda,0.0,,
coverage,3,2,bridge,0.5,equal,32,3,40,0.24193548387096775,3.75,1,pl,no_unique_finite_mle,,,,,0.00029946099999733633,hunter_mm,,,
coverage,3,2,bridge,0.5,equal,32,3,40,0.24193548387096775,3.75,1,efficient,ok,135.0,1.9334857705823312,,1.1598951858054984,0.002055144999985714,hierarchy,0.0,,
coverage,3,2,bridge,0.5,equal,32,3,40,0.24193548387096775,3.75,1,borda,ok,135.0,1.9334857705823312,,1.1598951858054984,0.0018852499999866268,published_global_clipped_borda,0.0,,
coverage,3,3,bridge,0.5,equal,32,3,40,0.24193548387096775,3.75,2,pl,no_unique_finite_mle,,,,,0.0002788470000041343,hunter_mm,,,
coverage,3,3,bridge,0.5,equal,32,3,40,0.24193548387096775,3.75,2,efficient,ok,120.0,1.8164326406311808,,1.0722570606875805,0.002048539000014671,hierarchy,0.0,,
coverage,3,3,bridge,0.5,equal,32,3,40,0.24193548387096775,3.75,2,borda,ok,120.0,1.8164326406311808,,1.0722570606875805,0.0019154059999948458,published_global_clipped_borda,0.0,,
coverage,3,4,bridge,0.5,equal,32,3,40,0.24193548387096775,3.75,0,pl,no_unique_finite_mle,,,,,0.0002806350000241764,hunter_mm,,,
coverage,3,4,bridge,0.5,equal,32,3,40,0.24193548387096775,3.75,0,efficient,ok,139.0,1.8143033567171236,,0.7673975001578666,0.001638501999991604,hierarchy,0.0,,
coverage,3,4,bridge,0.5,equal,32,3,40,0.24193548387096775,3.75,0,borda,ok,139.0,1.8143033567171236,,0.7673975001578666,0.001331370999992032,published_global_clipped_borda,0.0,,
coverage,3,5,bridge,0.5,equal,32,3,40,0.24193548387096775,3.75,1,pl,no_unique_finite_mle,,,,,0.0002750849999983984,hunter_mm,,,
coverage,3,5,bridge,0.5,equal,32,3,40,0.24193548387096775,3.75,1,efficient,ok,131.0,1.8410945530269953,,1.0722570606875805,0.00213135600000669,hierarchy,0.0,,
coverage,3,5,bridge,0.5,equal,32,3,40,0.24193548387096775,3.75,1,borda,ok,131.0,1.8410945530269953,,1.0722570606875805,0.0019508610000116278,published_global_clipped_borda,0.0,,
coverage,3,6,bridge,0.5,equal,32,3,40,0.24193548387096775,3.75,1,pl,no_unique_finite_mle,,,,,0.00027414000001613203,hunter_mm,,,
coverage,3,6,bridge,0.5,equal,32,3,40,0.24193548387096775,3.75,1,efficient,ok,138.0,2.034098637067312,,1.2060247331475578,0.0020440600000029008,hierarchy,0.0,,
coverage,3,6,bridge,0.5,equal,32,3,40,0.24193548387096775,3.75,1,borda,ok,138.0,2.034098637067312,,1.2060247331475578,0.0018948089999923923,published_global_clipped_borda,0.0,,
coverage,3,7,bridge,0.5,equal,32,3,40,0.24193548387096775,3.75,1,pl,no_unique_finite_mle,,,,,0.0002955030000180159,hunter_mm,,,
coverage,3,7,bridge,0.5,equal,32,3,40,0.24193548387096775,3.75,1,efficient,ok,128.0,2.019095005433634,,1.3036838184708461,0.0019982880000100067,hierarchy,0.0,,
coverage,3,7,bridge,0.5,equal,32,3,40,0.24193548387096775,3.75,1,borda,ok,128.0,2.019095005433634,,1.3036838184708461,0.0017897209999944153,published_global_clipped_borda,0.0,,
coverage,3,8,bridge,0.5,equal,32,3,40,0.24193548387096775,3.75,0,pl,no_unique_finite_mle,,,,,0.0002706500000044798,hunter_mm,,,
coverage,3,8,bridge,0.5,equal,32,3,40,0.24193548387096775,3.75,0,efficient,ok,123.0,2.071604013778301,,1.4667399911427006,0.0019447279999837974,hierarchy,0.0,,
coverage,3,8,bridge,0.5,equal,32,3,40,0.24193548387096775,3.75,0,borda,ok,123.0,2.071604013778301,,1.4667399911427006,0.0017873049999934665,published_global_clipped_borda,0.0,,
coverage,3,9,bridge,0.5,equal,32,3,40,0.24193548387096775,3.75,1,pl,no_unique_finite_mle,,,,,0.000273387999982333,hunter_mm,,,
coverage,3,9,bridge,0.5,equal,32,3,40,0.24193548387096775,3.75,1,efficient,ok,132.0,1.8181661072328321,,0.9505135807967282,0.0015033189999940078,hierarchy,0.0,,
coverage,3,9,bridge,0.5,equal,32,3,40,0.24193548387096775,3.75,1,borda,ok,132.0,1.8181661072328321,,0.9505135807967282,0.0013206800000205021,published_global_clipped_borda,0.0,,
coverage,3,10,bridge,0.5,equal,32,3,40,0.24193548387096775,3.75,1,pl,no_unique_finite_mle,,,,,0.00027130799998076327,hunter_mm,,,
coverage,3,10,bridge,0.5,equal,32,3,40,0.24193548387096775,3.75,1,efficient,ok,120.0,1.8981089674152636,,1.1598951858054984,0.0020682630000123936,hierarchy,0.0,,
coverage,3,10,bridge,0.5,equal,32,3,40,0.24193548387096775,3.75,1,borda,ok,120.0,1.8981089674152636,,1.1598951858054984,0.0018994149999969068,published_global_clipped_borda,0.0,,
coverage,3,11,bridge,0.5,equal,32,3,40,0.24193548387096775,3.75,1,pl,no_unique_finite_mle,,,,,0.00035099499999091677,hunter_mm,,,
coverage,3,11,bridge,0.5,equal,32,3,40,0.24193548387096775,3.75,1,efficient,ok,156.0,1.989740687093898,,1.1598951858054984,0.0020665870000016184,hierarchy,0.0,,
coverage,3,11,bridge,0.5,equal,32,3,40,0.24193548387096775,3.75,1,borda,ok,156.0,1.989740687093898,,1.1598951858054984,0.0019271870000068247,published_global_clipped_borda,0.0,,
coverage,3,12,bridge,0.5,equal,32,3,40,0.24193548387096775,3.75,0,pl,no_unique_finite_mle,,,,,0.0002700420000110171,hunter_mm,,,
coverage,3,12,bridge,0.5,equal,32,3,40,0.24193548387096775,3.75,0,efficient,ok,144.0,1.8405031763815551,,0.9505135807967282,0.0015450950000115427,hierarchy,0.0,,
coverage,3,12,bridge,0.5,equal,32,3,40,0.24193548387096775,3.75,0,borda,ok,144.0,1.8405031763815551,,0.9505135807967282,0.0013707560000000285,published_global_clipped_borda,0.0,,
coverage,3,13,bridge,0.5,equal,32,3,40,0.24193548387096775,3.75,1,pl,no_unique_finite_mle,,,,,0.00027983699999367673,hunter_mm,,,
coverage,3,13,bridge,0.5,equal,32,3,40,0.24193548387096775,3.75,1,efficient,ok,87.0,2.0251827981606505,,1.6566207711140266,0.0019100519999994958,hierarchy,0.0,,
coverage,3,13,bridge,0.5,equal,32,3,40,0.24193548387096775,3.75,1,borda,ok,87.0,2.0251827981606505,,1.6566207711140266,0.0018221370000048864,published_global_clipped_borda,0.0,,
coverage,3,14,bridge,0.5,equal,32,3,40,0.24193548387096775,3.75,0,pl,no_unique_finite_mle,,,,,0.00028058600000235856,hunter_mm,,,
coverage,3,14,bridge,0.5,equal,32,3,40,0.24193548387096775,3.75,0,efficient,ok,157.0,2.0184203155363933,,1.2060247331475578,0.002234087999994472,hierarchy,0.0,,
coverage,3,14,bridge,0.5,equal,32,3,40,0.24193548387096775,3.75,0,borda,ok,157.0,2.0184203155363933,,1.2060247331475578,0.0020263709999994717,published_global_clipped_borda,0.0,,
coverage,3,15,bridge,0.5,equal,32,3,40,0.24193548387096775,3.75,2,pl,no_unique_finite_mle,,,,,0.0002726870000060444,hunter_mm,,,
coverage,3,15,bridge,0.5,equal,32,3,40,0.24193548387096775,3.75,2,efficient,ok,154.0,1.952614248211515,,1.1153516423293843,0.0019758020000040233,hierarchy,0.0,,
coverage,3,15,bridge,0.5,equal,32,3,40,0.24193548387096775,3.75,2,borda,ok,154.0,1.952614248211515,,1.1153516423293843,0.0017946080000115217,published_global_clipped_borda,0.0,,
coverage,3,16,bridge,0.5,equal,32,3,40,0.24193548387096775,3.75,1,pl,no_unique_finite_mle,,,,,0.00026380799999969895,hunter_mm,,,
coverage,3,16,bridge,0.5,equal,32,3,40,0.24193548387096775,3.75,1,efficient,ok,168.0,2.004087321510893,,1.0304897334608085,0.002057289000021001,hierarchy,0.0,,
coverage,3,16,bridge,0.5,equal,32,3,40,0.24193548387096775,3.75,1,borda,ok,168.0,2.004087321510893,,1.0304897334608085,0.0019194430000197826,published_global_clipped_borda,0.0,,
coverage,3,17,bridge,0.5,equal,32,3,40,0.24193548387096775,3.75,0,pl,no_unique_finite_mle,,,,,0.0002635769999983495,hunter_mm,,,
coverage,3,17,bridge,0.5,equal,32,3,40,0.24193548387096775,3.75,0,efficient,ok,133.0,1.9522527451075888,,1.253895410719981,0.0023696510000092985,hierarchy,0.0,,
coverage,3,17,bridge,0.5,equal,32,3,40,0.24193548387096775,3.75,0,borda,ok,133.0,1.9522527451075888,,1.253895410719981,0.0020715400000028694,published_global_clipped_borda,0.0,,
coverage,3,18,bridge,0.5,equal,32,3,40,0.24193548387096775,3.75,0,pl,no_unique_finite_mle,,,,,0.00027844199999549346,hunter_mm,,,
coverage,3,18,bridge,0.5,equal,32,3,40,0.24193548387096775,3.75,0,efficient,ok,164.0,1.887590601074905,,0.8381224961879934,0.0015623980000043503,hierarchy,0.0,,
coverage,3,18,bridge,0.5,equal,32,3,40,0.24193548387096775,3.75,0,borda,ok,164.0,1.887590601074905,,0.8381224961879934,0.0013266509999994014,published_global_clipped_borda,0.0,,
coverage,3,19,bridge,0.5,equal,32,3,40,0.24193548387096775,3.75,0,pl,no_unique_finite_mle,,,,,0.00031272299997908704,hunter_mm,,,
coverage,3,19,bridge,0.5,equal,32,3,40,0.24193548387096775,3.75,0,efficient,ok,142.0,2.235802262699245,,1.5897120641673752,0.001929038000014316,hierarchy,0.0,,
coverage,3,19,bridge,0.5,equal,32,3,40,0.24193548387096775,3.75,0,borda,ok,142.0,2.235802262699245,,1.5897120641673752,0.0017906949999826338,published_global_clipped_borda,0.0,,
coverage,3,20,bridge,0.5,equal,32,3,40,0.24193548387096775,3.75,1,pl,no_unique_finite_mle,,,,,0.0003368379999812987,hunter_mm,,,
coverage,3,20,bridge,0.5,equal,32,3,40,0.24193548387096775,3.75,1,efficient,ok,120.0,1.8178024413732596,,0.9899410379560349,0.0014912960000117437,hierarchy,0.0,,
coverage,3,20,bridge,0.5,equal,32,3,40,0.24193548387096775,3.75,1,borda,ok,120.0,1.8178024413732596,,0.9899410379560349,0.0013506170000141537,published_global_clipped_borda,0.0,,
coverage,3,21,bridge,0.5,equal,32,3,40,0.24193548387096775,3.75,1,pl,no_unique_finite_mle,,,,,0.00030225000000427826,hunter_mm,,,
coverage,3,21,bridge,0.5,equal,32,3,40,0.24193548387096775,3.75,1,efficient,ok,134.0,1.8672994932710614,,0.9899410379560349,0.0014635699999985263,hierarchy,0.0,,
coverage,3,21,bridge,0.5,equal,32,3,40,0.24193548387096775,3.75,1,borda,ok,134.0,1.8672994932710614,,0.9899410379560349,0.0013307720000170775,published_global_clipped_borda,0.0,,
coverage,3,22,bridge,0.5,equal,32,3,40,0.24193548387096775,3.75,1,pl,no_unique_finite_mle,,,,,0.00029770399999051733,hunter_mm,,,
coverage,3,22,bridge,0.5,equal,32,3,40,0.24193548387096775,3.75,1,efficient,ok,162.0,2.076388390768867,,1.253895410719981,0.0021957010000051014,hierarchy,0.0,,
coverage,3,22,bridge,0.5,equal,32,3,40,0.24193548387096775,3.75,1,borda,ok,162.0,2.076388390768867,,1.253895410719981,0.0019464649999747508,published_global_clipped_borda,0.0,,
coverage,3,23,bridge,0.5,equal,32,3,40,0.24193548387096775,3.75,1,pl,no_unique_finite_mle,,,,,0.00031785699999886674,hunter_mm,,,
coverage,3,23,bridge,0.5,equal,32,3,40,0.24193548387096775,3.75,1,efficient,ok,178.0,2.2198623134781443,,1.3036838184708461,0.0019032989999914207,hierarchy,0.0,,
coverage,3,23,bridge,0.5,equal,32,3,40,0.24193548387096775,3.75,1,borda,ok,178.0,2.2198623134781443,,1.3036838184708461,0.0017749370000217368,published_global_clipped_borda,0.0,,
coverage,3,24,bridge,0.5,equal,32,3,40,0.24193548387096775,3.75,0,pl,no_unique_finite_mle,,,,,0.00031375000000366526,hunter_mm,,,
coverage,3,24,bridge,0.5,equal,32,3,40,0.24193548387096775,3.75,0,efficient,ok,152.0,2.345738917371215,,1.6566207711140266,0.001916921000002958,hierarchy,0.0,,
coverage,3,24,bridge,0.5,equal,32,3,40,0.24193548387096775,3.75,0,borda,ok,152.0,2.345738917371215,,1.6566207711140266,0.001765325999997458,published_global_clipped_borda,0.0,,
coverage,3,25,bridge,0.5,equal,32,3,40,0.24193548387096775,3.75,0,pl,no_unique_finite_mle,,,,,0.00030453600001578707,hunter_mm,,,
coverage,3,25,bridge,0.5,equal,32,3,40,0.24193548387096775,3.75,0,efficient,ok,130.0,1.7467723767032313,,0.7673975001578666,0.0014968939999846498,hierarchy,0.0,,
coverage,3,25,bridge,0.5,equal,32,3,40,0.24193548387096775,3.75,0,borda,ok,130.0,1.7467723767032313,,0.7673975001578666,0.001331934999996065,published_global_clipped_borda,0.0,,
coverage,3,26,bridge,0.5,equal,32,3,40,0.24193548387096775,3.75,1,pl,no_unique_finite_mle,,,,,0.0002985099999932572,hunter_mm,,,
coverage,3,26,bridge,0.5,equal,32,3,40,0.24193548387096775,3.75,1,efficient,ok,122.0,1.7560053691733901,,0.8381224961879934,0.0014743539999813038,hierarchy,0.0,,
coverage,3,26,bridge,0.5,equal,32,3,40,0.24193548387096775,3.75,1,borda,ok,122.0,1.7560053691733901,,0.8381224961879934,0.0013573439999845505,published_global_clipped_borda,0.0,,
coverage,3,27,bridge,0.5,equal,32,3,40,0.24193548387096775,3.75,0,pl,no_unique_finite_mle,,,,,0.00028262399999334775,hunter_mm,,,
coverage,3,27,bridge,0.5,equal,32,3,40,0.24193548387096775,3.75,0,efficient,ok,139.0,2.2318279825388263,,1.5897120641673752,0.0019624679999878936,hierarchy,0.0,,
coverage,3,27,bridge,0.5,equal,32,3,40,0.24193548387096775,3.75,0,borda,ok,139.0,2.2318279825388263,,1.5897120641673752,0.00178188099999943,published_global_clipped_borda,0.0,,
coverage,3,28,bridge,0.5,equal,32,3,40,0.24193548387096775,3.75,1,pl,no_unique_finite_mle,,,,,0.000276760000019749,hunter_mm,,,
coverage,3,28,bridge,0.5,equal,32,3,40,0.24193548387096775,3.75,1,efficient,ok,116.0,1.8684371080745286,,1.0722570606875805,0.0020682060000183355,hierarchy,0.0,,
coverage,3,28,bridge,0.5,equal,32,3,40,0.24193548387096775,3.75,1,borda,ok,116.0,1.8684371080745286,,1.0722570606875805,0.001954879999999548,published_global_clipped_borda,0.0,,
coverage,3,29,bridge,0.5,equal,32,3,40,0.24193548387096775,3.75,2,pl,no_unique_finite_mle,,,,,0.00029897300001380245,hunter_mm,,,
coverage,3,29,bridge,0.5,equal,32,3,40,0.24193548387096775,3.75,2,efficient,ok,152.0,1.9327725317157833,,1.0722570606875805,0.0021281649999878027,hierarchy,0.0,,
coverage,3,29,bridge,0.5,equal,32,3,40,0.24193548387096775,3.75,2,borda,ok,152.0,1.9327725317157833,,1.0722570606875805,0.0019018710000011652,published_global_clipped_borda,0.0,,
coverage,3,30,bridge,0.5,equal,32,3,40,0.24193548387096775,3.75,0,pl,no_unique_finite_mle,,,,,0.0002769849999992857,hunter_mm,,,
coverage,3,30,bridge,0.5,equal,32,3,40,0.24193548387096775,3.75,0,efficient,ok,151.0,2.493542809100525,,1.8040125588445621,0.0018291169999997692,hierarchy,0.0,,
coverage,3,30,bridge,0.5,equal,32,3,40,0.24193548387096775,3.75,0,borda,ok,151.0,2.493542809100525,,1.8040125588445621,0.0017368100000112463,published_global_clipped_borda,0.0,,
coverage,3,31,bridge,0.5,equal,32,3,40,0.24193548387096775,3.75,1,pl,no_unique_finite_mle,,,,,0.00027241899999808084,hunter_mm,,,
coverage,3,31,bridge,0.5,equal,32,3,40,0.24193548387096775,3.75,1,efficient,ok,155.0,1.8965834776485622,,0.9505135807967282,0.0015139029999886588,hierarchy,0.0,,
coverage,3,31,bridge,0.5,equal,32,3,40,0.24193548387096775,3.75,1,borda,ok,155.0,1.8965834776485622,,0.9505135807967282,0.001298867999992126,published_global_clipped_borda,0.0,,
coverage,3,32,bridge,0.5,equal,32,3,40,0.24193548387096775,3.75,1,pl,no_unique_finite_mle,,,,,0.0002862009999944348,hunter_mm,,,
coverage,3,32,bridge,0.5,equal,32,3,40,0.24193548387096775,3.75,1,efficient,ok,158.0,1.8356270063112494,,0.8381224961879934,0.0015693569999939427,hierarchy,0.0,,
coverage,3,32,bridge,0.5,equal,32,3,40,0.24193548387096775,3.75,1,borda,ok,158.0,1.8356270063112494,,0.8381224961879934,0.0013653339999848413,published_global_clipped_borda,0.0,,
coverage,3,33,bridge,0.5,equal,32,3,40,0.24193548387096775,3.75,1,pl,no_unique_finite_mle,,,,,0.0002998100000013437,hunter_mm,,,
coverage,3,33,bridge,0.5,equal,32,3,40,0.24193548387096775,3.75,1,efficient,ok,172.0,1.9026768060062893,,0.8381224961879934,0.001494688000008182,hierarchy,0.0,,
coverage,3,33,bridge,0.5,equal,32,3,40,0.24193548387096775,3.75,1,borda,ok,172.0,1.9026768060062893,,0.8381224961879934,0.001360448000014003,published_global_clipped_borda,0.0,,
coverage,3,34,bridge,0.5,equal,32,3,40,0.24193548387096775,3.75,0,pl,no_unique_finite_mle,,,,,0.00031421099998851787,hunter_mm,,,
coverage,3,34,bridge,0.5,equal,32,3,40,0.24193548387096775,3.75,0,efficient,ok,109.0,1.8609923214694875,,1.1598951858054984,0.002191735999986122,hierarchy,0.0,,
coverage,3,34,bridge,0.5,equal,32,3,40,0.24193548387096775,3.75,0,borda,ok,109.0,1.8609923214694875,,1.1598951858054984,0.0019146189999901253,published_global_clipped_borda,0.0,,
coverage,3,35,bridge,0.5,equal,32,3,40,0.24193548387096775,3.75,0,pl,no_unique_finite_mle,,,,,0.00027351599999292375,hunter_mm,,,
coverage,3,35,bridge,0.5,equal,32,3,40,0.24193548387096775,3.75,0,efficient,ok,122.0,1.8227521465630399,,0.9899410379560349,0.0015626629999871966,hierarchy,0.0,,
coverage,3,35,bridge,0.5,equal,32,3,40,0.24193548387096775,3.75,0,borda,ok,122.0,1.8227521465630399,,0.9899410379560349,0.0014601450000100158,published_global_clipped_borda,0.0,,
coverage,3,36,bridge,0.5,equal,32,3,40,0.24193548387096775,3.75,0,pl,no_unique_finite_mle,,,,,0.00028620500000897664,hunter_mm,,,
coverage,3,36,bridge,0.5,equal,32,3,40,0.24193548387096775,3.75,0,efficient,ok,106.0,1.805710070024305,,1.0722570606875805,0.0020768580000094516,hierarchy,0.0,,
coverage,3,36,bridge,0.5,equal,32,3,40,0.24193548387096775,3.75,0,borda,ok,106.0,1.805710070024305,,1.0722570606875805,0.001994034000006195,published_global_clipped_borda,0.0,,
coverage,3,37,bridge,0.5,equal,32,3,40,0.24193548387096775,3.75,1,pl,no_unique_finite_mle,,,,,0.0002990640000177791,hunter_mm,,,
coverage,3,37,bridge,0.5,equal,32,3,40,0.24193548387096775,3.75,1,efficient,ok,124.0,1.8923094914862362,,1.1598951858054984,0.0020892399999752342,hierarchy,0.0,,
coverage,3,37,bridge,0.5,equal,32,3,40,0.24193548387096775,3.75,1,borda,ok,124.0,1.8923094914862362,,1.1598951858054984,0.001942959000018618,published_global_clipped_borda,0.0,,
coverage,3,38,bridge,0.5,equal,32,3,40,0.24193548387096775,3.75,0,pl,no_unique_finite_mle,,,,,0.00028589900000497437,hunter_mm,,,
coverage,3,38,bridge,0.5,equal,32,3,40,0.24193548387096775,3.75,0,efficient,ok,137.0,1.952624041148122,,1.1598951858054984,0.002169032000011839,hierarchy,0.0,,
coverage,3,38,bridge,0.5,equal,32,3,40,0.24193548387096775,3.75,0,borda,ok,137.0,1.952624041148122,,1.1598951858054984,0.0020606390000068586,published_global_clipped_borda,0.0,,
coverage,3,39,bridge,0.5,equal,32,3,40,0.24193548387096775,3.75,1,pl,no_unique_finite_mle,,,,,0.0002881599999966511,hunter_mm,,,
coverage,3,39,bridge,0.5,equal,32,3,40,0.24193548387096775,3.75,1,efficient,ok,171.0,2.1944404790179632,,1.3036838184708461,0.001981730000011339,hierarchy,0.0,,
coverage,3,39,bridge,0.5,equal,32,3,40,0.24193548387096775,3.75,1,borda,ok,171.0,2.1944404790179632,,1.3036838184708461,0.0017523239999945872,published_global_clipped_borda,0.0,,
coverage,4,0,bridge,0.5,equal,32,3,160,0.967741935483871,15.0,0,pl,ok,55.0,1.6051741750936863,0.0,,0.003798339000013584,hunter_mm,,106.0,7.641720589646184e-12
coverage,4,0,bridge,0.5,equal,32,3,160,0.967741935483871,15.0,0,efficient,ok,64.0,1.6188342697282723,0.01366009463458595,0.8562951883028046,0.0015169309999976122,hierarchy,0.0,,
coverage,4,0,bridge,0.5,equal,32,3,160,0.967741935483871,15.0,0,borda,ok,64.0,1.6188342697282723,0.01366009463458595,0.8562951883028046,0.0013658739999868885,published_global_clipped_borda,0.0,,
coverage,4,1,bridge,0.5,equal,32,3,160,0.967741935483871,15.0,0,pl,ok,52.0,1.6240502162318315,0.0,,0.0034961350000060065,hunter_mm,,95.0,5.673850278498094e-12
coverage,4,1,bridge,0.5,equal,32,3,160,0.967741935483871,15.0,0,efficient,ok,61.0,1.605606190946561,-0.01844402528527045,0.9026732031285281,0.0016828509999982089,hierarchy,0.0,,
coverage,4,1,bridge,0.5,equal,32,3,160,0.967741935483871,15.0,0,borda,ok,61.0,1.605606190946561,-0.01844402528527045,0.9026732031285281,0.001511750000020129,published_global_clipped_borda,0.0,,
coverage,4,2,bridge,0.5,equal,32,3,160,0.967741935483871,15.0,0,pl,ok,79.0,1.649750625220384,0.0,,0.0033158120000109648,hunter_mm,,89.0,7.258260659170901e-12
coverage,4,2,bridge,0.5,equal,32,3,160,0.967741935483871,15.0,0,efficient,ok,73.0,1.6468662366492564,-0.002884388571127605,0.7501717836102606,0.0015289060000043264,hierarchy,0.0,,
coverage,4,2,bridge,0.5,equal,32,3,160,0.967741935483871,15.0,0,borda,ok,73.0,1.6468662366492564,-0.002884388571127605,0.7501717836102606,0.0013488650000113012,published_global_clipped_borda,0.0,,
coverage,4,3,bridge,0.5,equal,32,3,160,0.967741935483871,15.0,0,pl,ok,76.0,1.6408851647417462,0.0,,0.0037012109999920995,hunter_mm,,106.0,6.7946759330084205e-12
coverage,4,3,bridge,0.5,equal,32,3,160,0.967741935483871,15.0,0,efficient,ok,86.0,1.6776409157798127,0.0367557510380665,0.8381224961879934,0.00153716599999143,hierarchy,0.0,,
coverage,4,3,bridge,0.5,equal,32,3,160,0.967741935483871,15.0,0,borda,ok,86.0,1.6776409157798127,0.0367557510380665,0.8381224961879934,0.001571958999988965,published_global_clipped_borda,0.0,,
coverage,4,4,bridge,0.5,equal,32,3,160,0.967741935483871,15.0,0,pl,ok,80.0,1.6451301465684043,0.0,,0.003050260000009075,hunter_mm,,81.0,4.162692412990054e-12
coverage,4,4,bridge,0.5,equal,32,3,160,0.967741935483871,15.0,0,efficient,ok,77.0,1.648376453724719,0.0032463071563146872,0.8562951883028046,0.001495658999999705,hierarchy,0.0,,
coverage,4,4,bridge,0.5,equal,32,3,160,0.967741935483871,15.0,0,borda,ok,77.0,1.648376453724719,0.0032463071563146872,0.8562951883028046,0.0014332469999942532,published_global_clipped_borda,0.0,,
coverage,4,5,bridge,0.5,equal,32,3,160,0.967741935483871,15.0,0,pl,ok,83.0,1.644464194254792,0.0,,0.003021963000009009,hunter_mm,,83.0,6.569511601384193e-12
coverage,4,5,bridge,0.5,equal,32,3,160,0.967741935483871,15.0,0,efficient,ok,90.0,1.6836180160863288,0.03915382183153682,0.9408214384867098,0.0014731379999943783,hierarchy,0.0,,
coverage,4,5,bridge,0.5,equal,32,3,160,0.967741935483871,15.0,0,borda,ok,90.0,1.6836180160863288,0.03915382183153682,0.9408214384867098,0.0013719879999882778,published_global_clipped_borda,0.0,,
coverage,4,6,bridge,0.5,equal,32,3,160,0.967741935483871,15.0,0,pl,ok,78.0,1.6169765121024118,0.0,,0.003385536999985561,hunter_mm,,98.0,1.2196954557452954e-11
coverage,4,6,bridge,0.5,equal,32,3,160,0.967741935483871,15.0,0,efficient,ok,83.0,1.6362815095855279,0.019304997483116093,0.7416226478464474,0.0015877369999941493,hierarchy,0.0,,
coverage,4,6,bridge,0.5,equal,32,3,160,0.967741935483871,15.0,0,borda,ok,83.0,1.6362815095855279,0.019304997483116093,0.7416226478464474,0.0015172979999817926,published_global_clipped_borda,0.0,,
coverage,4,7,bridge,0.5,equal,32,3,160,0.967741935483871,15.0,0,pl,ok,54.0,1.6905045520758715,0.0,,0.009765729000008605,hunter_mm,,310.0,1.4617618226964167e-11
coverage,4,7,bridge,0.5,equal,32,3,160,0.967741935483871,15.0,0,efficient,ok,56.0,1.615393722776383,-0.07511082929948842,0.9799826384138034,0.0015754380000032597,hierarchy,0.0,,
coverage,4,7,bridge,0.5,equal,32,3,160,0.967741935483871,15.0,0,borda,ok,56.0,1.615393722776383,-0.07511082929948842,0.9799826384138034,0.0013520859999971435,published_global_clipped_borda,0.0,,
coverage,4,8,bridge,0.5,equal,32,3,160,0.967741935483871,15.0,0,pl,ok,72.0,1.7304842318016331,0.0,,0.0036107710000123916,hunter_mm,,102.0,7.035616533812572e-12
coverage,4,8,bridge,0.5,equal,32,3,160,0.967741935483871,15.0,0,efficient,ok,74.0,1.70902019492547,-0.02146403687616316,0.9408214384867098,0.0015045149999934893,hierarchy,0.0,,
coverage,4,8,bridge,0.5,equal,32,3,160,0.967741935483871,15.0,0,borda,ok,74.0,1.70902019492547,-0.02146403687616316,0.9408214384867098,0.0013428190000013274,published_global_clipped_borda,0.0,,
coverage,4,9,bridge,0.5,equal,32,3,160,0.967741935483871,15.0,0,pl,ok,81.0,1.6548772157303666,0.0,,0.004245887999985598,hunter_mm,,123.0,1.0252954041334305e-11
coverage,4,9,bridge,0.5,equal,32,3,160,0.967741935483871,15.0,0,efficient,ok,85.0,1.6659631525719671,0.01108593684160053,0.7935669216188475,0.001661704000014197,hierarchy,0.0,,
coverage,4,9,bridge,0.5,equal,32,3,160,0.967741935483871,15.0,0,borda,ok,85.0,1.6659631525719671,0.01108593684160053,0.7935669216188475,0.0014919399999939742,published_global_clipped_borda,0.0,,
coverage,4,10,bridge,0.5,equal,32,3,160,0.967741935483871,15.0,0,pl,ok,85.0,1.6342455631014572,0.0,,0.0025375049999922794,hunter_mm,,63.0,5.969003069594692e-12
coverage,4,10,bridge,0.5,equal,32,3,160,0.967741935483871,15.0,0,efficient,ok,91.0,1.6535343616257023,0.019288798524245143,0.6501550097881424,0.001519266000002517,hierarchy,0.0,,
coverage,4,10,bridge,0.5,equal,32,3,160,0.967741935483871,15.0,0,borda,ok,91.0,1.6535343616257023,0.019288798524245143,0.6501550097881424,0.0013322780000066814,published_global_clipped_borda,0.0,,
coverage,4,11,bridge,0.5,equal,32,3,160,0.967741935483871,15.0,0,pl,ok,74.0,1.6183877241253048,0.0,,0.004006470999996736,hunter_mm,,115.0,9.73459091113682e-12
coverage,4,11,bridge,0.5,equal,32,3,160,0.967741935483871,15.0,0,efficient,ok,70.0,1.6197898250644671,0.0014021009391622652,0.8839544777149907,0.0015227069999923515,hierarchy,0.0,,
coverage,4,11,bridge,0.5,equal,32,3,160,0.967741935483871,15.0,0,borda,ok,70.0,1.6197898250644671,0.0014021009391622652,0.8839544777149907,0.0013911640000117131,published_global_clipped_borda,0.0,,
coverage,4,12,bridge,0.5,equal,32,3,160,0.967741935483871,15.0,0,pl,ok,64.0,1.6471370820367923,0.0,,0.004481367000011005,hunter_mm,,132.0,1.3184253688791614e-11
coverage,4,12,bridge,0.5,equal,32,3,160,0.967741935483871,15.0,0,efficient,ok,64.0,1.625531508856962,-0.021605573179830362,0.8112436870788444,0.0016923219999966932,hierarchy,0.0,,
coverage,4,12,bridge,0.5,equal,32,3,160,0.967741935483871,15.0,0,borda,ok,64.0,1.625531508856962,-0.021605573179830362,0.8112436870788444,0.001582654999992883,published_global_clipped_borda,0.0,,
coverage,4,13,bridge,0.5,equal,32,3,160,0.967741935483871,15.0,0,pl,ok,76.0,1.6584057535813734,0.0,,0.003021236999984467,hunter_mm,,83.0,5.081390863637125e-12
coverage,4,13,bridge,0.5,equal,32,3,160,0.967741935483871,15.0,0,efficient,ok,83.0,1.6615995354420328,0.0031937818606593282,0.7246479064491907,0.0016548319999856176,hierarchy,0.0,,
coverage,4,13,bridge,0.5,equal,32,3,160,0.967741935483871,15.0,0,borda,ok,83.0,1.6615995354420328,0.0031937818606593282,0.7246479064491907,0.0015701260000184902,published_global_clipped_borda,0.0,,
coverage,4,14,bridge,0.5,equal,32,3,160,0.967741935483871,15.0,0,pl,ok,80.0,1.6215750950540315,0.0,,0.0030960900000138736,hunter_mm,,83.0,4.367217698586501e-12
coverage,4,14,bridge,0.5,equal,32,3,160,0.967741935483871,15.0,0,efficient,ok,80.0,1.6635097479361032,0.041934652882071655,0.7673975001578666,0.0015348219999964385,hierarchy,0.0,,
coverage,4,14,bridge,0.5,equal,32,3,160,0.967741935483871,15.0,0,borda,ok,80.0,1.6635097479361032,0.041934652882071655,0.7673975001578666,0.0013103670000020884,published_global_clipped_borda,0.0,,
coverage,4,15,bridge,0.5,equal,32,3,160,0.967741935483871,15.0,0,pl,ok,77.0,1.642957519965002,0.0,,0.004065916999991259,hunter_mm,,120.0,7.834777271398252e-12
coverage,4,15,bridge,0.5,equal,32,3,160,0.967741935483871,15.0,0,efficient,ok,78.0,1.6576306998949693,0.014673179929967306,0.7935669216188475,0.0016669169999943279,hierarchy,0.0,,
coverage,4,15,bridge,0.5,equal,32,3,160,0.967741935483871,15.0,0,borda,ok,78.0,1.6576306998949693,0.014673179929967306,0.7935669216188475,0.0015312310000012985,published_global_clipped_borda,0.0,,
coverage,4,16,bridge,0.5,equal,32,3,160,0.967741935483871,15.0,0,pl,ok,83.0,1.6186947812169254,0.0,,0.0031013070000085463,hunter_mm,,83.0,4.686662169461897e-12
coverage,4,16,bridge,0.5,equal,32,3,160,0.967741935483871,15.0,0,efficient,ok,92.0,1.6551067628432226,0.03641198162629711,0.7078328312067319,0.0015272349999975177,hierarchy,0.0,,
coverage,4,16,bridge,0.5,equal,32,3,160,0.967741935483871,15.0,0,borda,ok,92.0,1.6551067628432226,0.03641198162629711,0.7078328312067319,0.0016275449999909597,published_global_clipped_borda,0.0,,
coverage,4,17,bridge,0.5,equal,32,3,160,0.967741935483871,15.0,0,pl,ok,77.0,1.6364291310099732,0.0,,0.0034625640000172098,hunter_mm,,97.0,6.324274437474742e-12
coverage,4,17,bridge,0.5,equal,32,3,160,0.967741935483871,15.0,0,efficient,ok,82.0,1.660009365557813,0.02358023454783975,0.8112436870788444,0.0017178390000083255,hierarchy,0.0,,
coverage,4,17,bridge,0.5,equal,32,3,160,0.967741935483871,15.0,0,borda,ok,82.0,1.660009365557813,0.02358023454783975,0.8112436870788444,0.0015623550000043451,published_global_clipped_borda,0.0,,
coverage,4,18,bridge,0.5,equal,32,3,160,0.967741935483871,15.0,0,pl,ok,91.0,1.7244601842951095,0.0,,0.0031030819999955384,hunter_mm,,81.0,9.132539169343091e-12
coverage,4,18,bridge,0.5,equal,32,3,160,0.967741935483871,15.0,0,efficient,ok,97.0,1.6824698623177143,-0.04199032197739516,0.7162207812034819,0.001544606999999587,hierarchy,0.0,,
coverage,4,18,bridge,0.5,equal,32,3,160,0.967741935483871,15.0,0,borda,ok,97.0,1.6824698623177143,-0.04199032197739516,0.7162207812034819,0.0013420049999979256,published_global_clipped_borda,0.0,,
coverage,4,19,bridge,0.5,equal,32,3,160,0.967741935483871,15.0,0,pl,ok,67.0,1.6471456934096713,0.0,,0.00341337999998359,hunter_mm,,96.0,6.991440759662737e-12
coverage,4,19,bridge,0.5,equal,32,3,160,0.967741935483871,15.0,0,efficient,ok,77.0,1.6311175896092882,-0.01602810380038311,0.8291131636048118,0.0017148620000000392,hierarchy,0.0,,
coverage,4,19,bridge,0.5,equal,32,3,160,0.967741935483871,15.0,0,borda,ok,77.0,1.6311175896092882,-0.01602810380038311,0.8291131636048118,0.0015543479999848842,published_global_clipped_borda,0.0,,
coverage,4,20,bridge,0.5,equal,32,3,160,0.967741935483871,15.0,0,pl,ok,70.0,1.6355375855349772,0.0,,0.0028801849999808837,hunter_mm,,76.0,7.084555164738049e-12
coverage,4,20,bridge,0.5,equal,32,3,160,0.967741935483871,15.0,0,efficient,ok,85.0,1.678376553292023,0.042838967757045765,0.776075695237584,0.0015459269999951175,hierarchy,0.0,,
coverage,4,20,bridge,0.5,equal,32,3,160,0.967741935483871,15.0,0,borda,ok,85.0,1.678376553292023,0.042838967757045765,0.776075695237584,0.0013659039999822653,published_global_clipped_borda,0.0,,
coverage,4,21,bridge,0.5,equal,32,3,160,0.967741935483871,15.0,0,pl,ok,74.0,1.6396933805485077,0.0,,0.0030818620000161445,hunter_mm,,83.0,6.0178417804479524e-12
coverage,4,21,bridge,0.5,equal,32,3,160,0.967741935483871,15.0,0,efficient,ok,73.0,1.6734503032988726,0.033756922750364904,0.8381224961879934,0.0015619410000056178,hierarchy,0.0,,
coverage,4,21,bridge,0.5,equal,32,3,160,0.967741935483871,15.0,0,borda,ok,73.0,1.6734503032988726,0.033756922750364904,0.8381224961879934,0.0013896680000016204,published_global_clipped_borda,0.0,,
coverage,4,22,bridge,0.5,equal,32,3,160,0.967741935483871,15.0,0,pl,ok,86.0,1.632875637898357,0.0,,0.003358759000008149,hunter_mm,,94.0,8.17912404471599e-12
coverage,4,22,bridge,0.5,equal,32,3,160,0.967741935483871,15.0,0,efficient,ok,81.0,1.6454988229896188,0.012623185091261702,0.8201538760195531,0.001518143999987842,hierarchy,0.0,,
coverage,4,22,bridge,0.5,equal,32,3,160,0.967741935483871,15.0,0,borda,ok,81.0,1.6454988229896188,0.012623185091261702,0.8201538760195531,0.0013696350000031998,published_global_clipped_borda,0.0,,
coverage,4,23,bridge,0.5,equal,32,3,160,0.967741935483871,15.0,0,pl,ok,82.0,1.5973539403175137,0.0,,0.003563958999990291,hunter_mm,,100.0,6.9501071564559425e-12
coverage,4,23,bridge,0.5,equal,32,3,160,0.967741935483871,15.0,0,efficient,ok,77.0,1.634732341680183,0.037378401362669456,0.7673975001578666,0.001496248999984573,hierarchy,0.0,,
coverage,4,23,bridge,0.5,equal,32,3,160,0.967741935483871,15.0,0,borda,ok,77.0,1.634732341680183,0.037378401362669456,0.7673975001578666,0.0013705789999960416,published_global_clipped_borda,0.0,,
coverage,4,24,bridge,0.5,equal,32,3,160,0.967741935483871,15.0,0,pl,ok,82.0,1.76310073269828,0.0,,0.00909432699998547,hunter_mm,,289.0,1.334397037311419e-11
coverage,4,24,bridge,0.5,equal,32,3,160,0.967741935483871,15.0,0,efficient,ok,86.0,1.6895759308482523,-0.07352480185002763,0.893285189024737,0.0016550269999981992,hierarchy,0.0,,
coverage,4,24,bridge,0.5,equal,32,3,160,0.967741935483871,15.0,0,borda,ok,86.0,1.6895759308482523,-0.07352480185002763,0.893285189024737,0.0014656609999974535,published_global_clipped_borda,0.0,,
coverage,4,25,bridge,0.5,equal,32,3,160,0.967741935483871,15.0,0,pl,ok,81.0,1.768277824202769,0.0,,0.004316728999981478,hunter_mm,,126.0,4.6970927147782506e-12
coverage,4,25,bridge,0.5,equal,32,3,160,0.967741935483871,15.0,0,efficient,ok,89.0,1.720538287768105,-0.047739536434664,1.0512145624134868,0.0020966059999807385,hierarchy,0.0,,
coverage,4,25,bridge,0.5,equal,32,3,160,0.967741935483871,15.0,0,borda,ok,89.0,1.720538287768105,-0.047739536434664,1.0512145624134868,0.0019425689999934548,published_global_clipped_borda,0.0,,
coverage,4,26,bridge,0.5,equal,32,3,160,0.967741935483871,15.0,0,pl,ok,72.0,1.6477293131328272,0.0,,0.003163127999982862,hunter_mm,,88.0,6.314437861476563e-12
coverage,4,26,bridge,0.5,equal,32,3,160,0.967741935483871,15.0,0,efficient,ok,88.0,1.6684962388388158,0.020766925705988593,0.7847985524041771,0.0018378720000100657,hierarchy,0.0,,
coverage,4,26,bridge,0.5,equal,32,3,160,0.967741935483871,15.0,0,borda,ok,88.0,1.6684962388388158,0.020766925705988593,0.7847985524041771,0.001534655999989809,published_global_clipped_borda,0.0,,
coverage,4,27,bridge,0.5,equal,32,3,160,0.967741935483871,15.0,0,pl,ok,77.0,1.6085987898530285,0.0,,0.003393348000003016,hunter_mm,,94.0,4.873657033499512e-12
coverage,4,27,bridge,0.5,equal,32,3,160,0.967741935483871,15.0,0,efficient,ok,76.0,1.628671526392844,0.02007273653981545,0.6420555287655912,0.001658356999996613,hierarchy,0.0,,
coverage,4,27,bridge,0.5,equal,32,3,160,0.967741935483871,15.0,0,borda,ok,76.0,1.628671526392844,0.02007273653981545,0.6420555287655912,0.0014948829999923419,published_global_clipped_borda,0.0,,
coverage,4,28,bridge,0.5,equal,32,3,160,0.967741935483871,15.0,0,pl,ok,67.0,1.5837510335550804,0.0,,0.003085259000016549,hunter_mm,,83.0,7.168821092307098e-12
coverage,4,28,bridge,0.5,equal,32,3,160,0.967741935483871,15.0,0,efficient,ok,69.0,1.6185597583207858,0.0348087247657054,0.893285189024737,0.0016884980000213545,hierarchy,0.0,,
coverage,4,28,bridge,0.5,equal,32,3,160,0.967741935483871,15.0,0,borda,ok,69.0,1.6185597583207858,0.0348087247657054,0.893285189024737,0.001554045000005999,published_global_clipped_borda,0.0,,
coverage,4,29,bridge,0.5,equal,32,3,160,0.967741935483871,15.0,0,pl,ok,67.0,1.650514953487415,0.0,,0.004593494999994618,hunter_mm,,132.0,1.1931833299172467e-11
coverage,4,29,bridge,0.5,equal,32,3,160,0.967741935483871,15.0,0,efficient,ok,68.0,1.649960378025832,-0.0005545754615829956,0.9216257137292481,0.0018577510000170605,hierarchy,0.0,,
coverage,4,29,bridge,0.5,equal,32,3,160,0.967741935483871,15.0,0,borda,ok,68.0,1.649960378025832,-0.0005545754615829956,0.9216257137292481,0.0015116419999969821,published_global_clipped_borda,0.0,,
coverage,4,30,bridge,0.5,equal,32,3,160,0.967741935483871,15.0,0,pl,ok,76.0,1.6590839378171869,0.0,,0.004155237000020406,hunter_mm,,119.0,6.870071178610715e-12
coverage,4,30,bridge,0.5,equal,32,3,160,0.967741935483871,15.0,0,efficient,ok,85.0,1.6462515991805526,-0.012832338636634244,0.893285189024737,0.0016988499999968099,hierarchy,0.0,,
coverage,4,30,bridge,0.5,equal,32,3,160,0.967741935483871,15.0,0,borda,ok,85.0,1.6462515991805526,-0.012832338636634244,0.893285189024737,0.001501063999995722,published_global_clipped_borda,0.0,,
coverage,4,31,bridge,0.5,equal,32,3,160,0.967741935483871,15.0,0,pl,ok,82.0,1.714620119546422,0.0,,0.004826640000004545,hunter_mm,,143.0,9.51947409788545e-12
coverage,4,31,bridge,0.5,equal,32,3,160,0.967741935483871,15.0,0,efficient,ok,73.0,1.6668338504181988,-0.04778626912822315,0.9311925669845098,0.001665385999984892,hierarchy,0.0,,
coverage,4,31,bridge,0.5,equal,32,3,160,0.967741935483871,15.0,0,borda,ok,73.0,1.6668338504181988,-0.04778626912822315,0.9311925669845098,0.0015429230000165717,published_global_clipped_borda,0.0,,
coverage,4,32,bridge,0.5,equal,32,3,160,0.967741935483871,15.0,0,pl,ok,69.0,1.6217805864927877,0.0,,0.0031671440000025086,hunter_mm,,84.0,7.592226847208394e-12
coverage,4,32,bridge,0.5,equal,32,3,160,0.967741935483871,15.0,0,efficient,ok,81.0,1.6709611553333774,0.049180568840589745,0.8112436870788444,0.0016596430000106466,hierarchy,0.0,,
coverage,4,32,bridge,0.5,equal,32,3,160,0.967741935483871,15.0,0,borda,ok,81.0,1.6709611553333774,0.049180568840589745,0.8112436870788444,0.0016178109999884782,published_global_clipped_borda,0.0,,
coverage,4,33,bridge,0.5,equal,32,3,160,0.967741935483871,15.0,0,pl,ok,64.0,1.5694089134104336,0.0,,0.004006830999998101,hunter_mm,,116.0,1.0038192499450815e-11
coverage,4,33,bridge,0.5,equal,32,3,160,0.967741935483871,15.0,0,efficient,ok,71.0,1.6087852539559206,0.039376340545487,0.8746799591891227,0.0016940609999949174,hierarchy,0.0,,
coverage,4,33,bridge,0.5,equal,32,3,160,0.967741935483871,15.0,0,borda,ok,71.0,1.6087852539559206,0.039376340545487,0.8746799591891227,0.0015224850000095103,published_global_clipped_borda,0.0,,
coverage,4,34,bridge,0.5,equal,32,3,160,0.967741935483871,15.0,0,pl,ok,81.0,1.6468293952529736,0.0,,0.00248291899998776,hunter_mm,,64.0,5.9483307168761715e-12
coverage,4,34,bridge,0.5,equal,32,3,160,0.967741935483871,15.0,0,efficient,ok,73.0,1.6460371386035417,-0.0007922566494318328,0.6259553417103869,0.00160588499997516,hierarchy,0.0,,
coverage,4,34,bridge,0.5,equal,32,3,160,0.967741935483871,15.0,0,borda,ok,73.0,1.6460371386035417,-0.0007922566494318328,0.6259553417103869,0.0015769540000007964,published_global_clipped_borda,0.0,,
coverage,4,35,bridge,0.5,equal,32,3,160,0.967741935483871,15.0,0,pl,ok,92.0,1.6991864600592024,0.0,,0.0034315869999943516,hunter_mm,,89.0,5.4744431210451696e-12
coverage,4,35,bridge,0.5,equal,32,3,160,0.967741935483871,15.0,0,efficient,ok,107.0,1.7220563086709118,0.022869848611709376,0.8746799591891227,0.0017233490000023721,hierarchy,0.0,,
coverage,4,35,bridge,0.5,equal,32,3,160,0.967741935483871,15.0,0,borda,ok,107.0,1.7220563086709118,0.022869848611709376,0.8746799591891227,0.0015330239999968853,published_global_clipped_borda,0.0,,
coverage,4,36,bridge,0.5,equal,32,3,160,0.967741935483871,15.0,0,pl,ok,69.0,1.594860683684388,0.0,,0.0037632000000087373,hunter_mm,,106.0,9.53490619792774e-12
coverage,4,36,bridge,0.5,equal,32,3,160,0.967741935483871,15.0,0,efficient,ok,76.0,1.6300713901148218,0.03521070643043389,0.8654605491756215,0.001537890999998126,hierarchy,0.0,,
coverage,4,36,bridge,0.5,equal,32,3,160,0.967741935483871,15.0,0,borda,ok,76.0,1.6300713901148218,0.03521070643043389,0.8654605491756215,0.0013544569999908163,published_global_clipped_borda,0.0,,
coverage,4,37,bridge,0.5,equal,32,3,160,0.967741935483871,15.0,0,pl,ok,80.0,1.6312659888680159,0.0,,0.0031699259999982132,hunter_mm,,86.0,7.31045224355853e-12
coverage,4,37,bridge,0.5,equal,32,3,160,0.967741935483871,15.0,0,efficient,ok,91.0,1.687186029074954,0.05592004020693819,0.8112436870788444,0.0016919210000025942,hierarchy,0.0,,
coverage,4,37,bridge,0.5,equal,32,3,160,0.967741935483871,15.0,0,borda,ok,91.0,1.687186029074954,0.05592004020693819,0.8112436870788444,0.0014919280000071922,published_global_clipped_borda,0.0,,
coverage,4,38,bridge,0.5,equal,32,3,160,0.967741935483871,15.0,0,pl,ok,90.0,1.6826357007030304,0.0,,0.002731549000003497,hunter_mm,,73.0,5.845102180046524e-12
coverage,4,38,bridge,0.5,equal,32,3,160,0.967741935483871,15.0,0,efficient,ok,79.0,1.6586838220839268,-0.023951878619103528,0.8839544777149907,0.0015218530000140618,hierarchy,0.0,,
coverage,4,38,bridge,0.5,equal,32,3,160,0.967741935483871,15.0,0,borda,ok,79.0,1.6586838220839268,-0.023951878619103528,0.8839544777149907,0.0013552949999962038,published_global_clipped_borda,0.0,,
coverage,4,39,bridge,0.5,equal,32,3,160,0.967741935483871,15.0,0,pl,ok,85.0,1.6310310396570522,0.0,,0.0023921680000000833,hunter_mm,,61.0,7.052269879181949e-12
coverage,4,39,bridge,0.5,equal,32,3,160,0.967741935483871,15.0,0,efficient,ok,87.0,1.672069479332925,0.04103843967587273,0.5862532035740988,0.0016901950000089982,hierarchy,0.0,,
coverage,4,39,bridge,0.5,equal,32,3,160,0.967741935483871,15.0,0,borda,ok,87.0,1.672069479332925,0.04103843967587273,0.5862532035740988,0.001586764000023777,published_global_clipped_borda,0.0,,
coverage,5,0,bridge,0.5,equal,32,3,640,3.870967741935484,60.0,0,pl,ok,39.0,1.550518960966154,0.0,,0.005235639000005676,hunter_mm,,79.0,5.2554294249773644e-12
coverage,5,0,bridge,0.5,equal,32,3,640,3.870967741935484,60.0,0,efficient,outside_schedule_domain,,,,,8.335499998679552e-05,unavailable,,,
coverage,5,0,bridge,0.5,equal,32,3,640,3.870967741935484,60.0,0,borda,ok,31.0,1.5610028410837464,0.010483880117592381,0.7609176619476661,0.0015270110000074055,published_global_clipped_borda,0.0,,
coverage,5,1,bridge,0.5,equal,32,3,640,3.870967741935484,60.0,0,pl,ok,40.0,1.5418694026359252,0.0,,0.004322665999978881,hunter_mm,,65.0,5.6496807232520044e-12
coverage,5,1,bridge,0.5,equal,32,3,640,3.870967741935484,60.0,0,efficient,outside_schedule_domain,,,,,6.739799999877505e-05,unavailable,,,
coverage,5,1,bridge,0.5,equal,32,3,640,3.870967741935484,60.0,0,borda,ok,44.0,1.5757988560054637,0.033929453369538454,0.7826136048645649,0.0016628850000017792,published_global_clipped_borda,0.0,,
coverage,5,2,bridge,0.5,equal,32,3,640,3.870967741935484,60.0,0,pl,ok,27.0,1.5670244782111782,0.0,,0.005700963999998976,hunter_mm,,89.0,6.6807781529121256e-12
coverage,5,2,bridge,0.5,equal,32,3,640,3.870967741935484,60.0,0,efficient,outside_schedule_domain,,,,,6.727999999611711e-05,unavailable,,,
coverage,5,2,bridge,0.5,equal,32,3,640,3.870967741935484,60.0,0,borda,ok,30.0,1.5927902341613622,0.025765755950184044,0.8403827617715223,0.0016406940000024406,published_global_clipped_borda,0.0,,
coverage,5,3,bridge,0.5,equal,32,3,640,3.870967741935484,60.0,0,pl,ok,28.0,1.5540399040751431,0.0,,0.004531413999984579,hunter_mm,,63.0,5.977629502496029e-12
coverage,5,3,bridge,0.5,equal,32,3,640,3.870967741935484,60.0,0,efficient,outside_schedule_domain,,,,,7.314399999813759e-05,unavailable,,,
coverage,5,3,bridge,0.5,equal,32,3,640,3.870967741935484,60.0,0,borda,ok,35.0,1.5688144355817906,0.014774531506647426,0.8201538760195531,0.0015107680000028267,published_global_clipped_borda,0.0,,
coverage,5,4,bridge,0.5,equal,32,3,640,3.870967741935484,60.0,0,pl,ok,41.0,1.5763474008778524,0.0,,0.004226041999999097,hunter_mm,,64.0,4.4205195059987545e-12
coverage,5,4,bridge,0.5,equal,32,3,640,3.870967741935484,60.0,0,efficient,outside_schedule_domain,,,,,6.835900001078699e-05,unavailable,,,
coverage,5,4,bridge,0.5,equal,32,3,640,3.870967741935484,60.0,0,borda,ok,42.0,1.600499472281357,0.024152071403504616,0.8494560137286649,0.0016689180000071246,published_global_clipped_borda,0.0,,
coverage,5,5,bridge,0.5,equal,32,3,640,3.870967741935484,60.0,0,pl,ok,25.0,1.5683650577643107,0.0,,0.004943668999999318,hunter_mm,,75.0,6.996458967734043e-12
coverage,5,5,bridge,0.5,equal,32,3,640,3.870967741935484,60.0,0,efficient,outside_schedule_domain,,,,,6.659100000661056e-05,unavailable,,,
coverage,5,5,bridge,0.5,equal,32,3,640,3.870967741935484,60.0,0,borda,ok,31.0,1.5798682595674614,0.011503201803150676,0.8608711778569612,0.0014920490000065456,published_global_clipped_borda,0.0,,
coverage,5,6,bridge,0.5,equal,32,3,640,3.870967741935484,60.0,0,pl,ok,43.0,1.5417492515865818,0.0,,0.004079732999997532,hunter_mm,,59.0,6.8278271925237276e-12
coverage,5,6,bridge,0.5,equal,32,3,640,3.870967741935484,60.0,0,efficient,outside_schedule_domain,,,,,7.809099997757585e-05,unavailable,,,
coverage,5,6,bridge,0.5,equal,32,3,640,3.870967741935484,60.0,0,borda,ok,45.0,1.5776933204056585,0.035944068819076636,0.7416226478464474,0.0016200750000052722,published_global_clipped_borda,0.0,,
coverage,5,7,bridge,0.5,equal,32,3,640,3.870967741935484,60.0,0,pl,ok,22.0,1.5297521296158783,0.0,,0.004866907000007359,hunter_mm,,75.0,6.705225263914372e-12
coverage,5,7,bridge,0.5,equal,32,3,640,3.870967741935484,60.0,0,efficient,outside_schedule_domain,,,,,6.778100001270104e-05,unavailable,,,
coverage,5,7,bridge,0.5,equal,32,3,640,3.870967741935484,60.0,0,borda,ok,19.0,1.5519372824850286,0.02218515286915035,0.8291131636048118,0.001662610000011,published_global_clipped_borda,0.0,,
coverage,5,8,bridge,0.5,equal,32,3,640,3.870967741935484,60.0,0,pl,ok,44.0,1.5529640381998724,0.0,,0.004066999999992049,hunter_mm,,60.0,5.063749419775831e-12
coverage,5,8,bridge,0.5,equal,32,3,640,3.870967741935484,60.0,0,efficient,outside_schedule_domain,,,,,6.462299998588605e-05,unavailable,,,
coverage,5,8,bridge,0.5,equal,32,3,640,3.870967741935484,60.0,0,borda,ok,40.0,1.585109546884123,0.03214550868425059,0.7416226478464474,0.001641951000010522,published_global_clipped_borda,0.0,,
coverage,5,9,bridge,0.5,equal,32,3,640,3.870967741935484,60.0,0,pl,ok,35.0,1.5266754135317764,0.0,,0.004445207000003393,hunter_mm,,66.0,5.275124781434215e-12
coverage,5,9,bridge,0.5,equal,32,3,640,3.870967741935484,60.0,0,efficient,outside_schedule_domain,,,,,6.916600000295148e-05,unavailable,,,
coverage,5,9,bridge,0.5,equal,32,3,640,3.870967741935484,60.0,0,borda,ok,50.0,1.577949381494392,0.05127396796261552,0.7544621327077489,0.0015089440000224386,published_global_clipped_borda,0.0,,
coverage,5,10,bridge,0.5,equal,32,3,640,3.870967741935484,60.0,0,pl,ok,31.0,1.5598168691799357,0.0,,0.004790880999991032,hunter_mm,,71.0,7.990164085924789e-12
coverage,5,10,bridge,0.5,equal,32,3,640,3.870967741935484,60.0,0,efficient,outside_schedule_domain,,,,,7.028500002093097e-05,unavailable,,,
coverage,5,10,bridge,0.5,equal,32,3,640,3.870967741935484,60.0,0,borda,ok,24.0,1.5681365614783478,0.008319692298412118,0.8540121714230058,0.0015268600000126753,published_global_clipped_borda,0.0,,
coverage,5,11,bridge,0.5,equal,32,3,640,3.870967741935484,60.0,0,pl,ok,27.0,1.553984360088283,0.0,,0.005197637999998506,hunter_mm,,78.0,5.818923121125863e-12
coverage,5,11,bridge,0.5,equal,32,3,640,3.870967741935484,60.0,0,efficient,outside_schedule_domain,,,,,6.644499998742504e-05,unavailable,,,
coverage,5,11,bridge,0.5,equal,32,3,640,3.870967741935484,60.0,0,borda,ok,33.0,1.5676752958740319,0.01369093578574887,0.8746799591891227,0.0016019960000051015,published_global_clipped_borda,0.0,,
coverage,5,12,bridge,0.5,equal,32,3,640,3.870967741935484,60.0,0,pl,ok,39.0,1.5640965817048622,0.0,,0.004077096999992591,hunter_mm,,59.0,5.379874323807598e-12
coverage,5,12,bridge,0.5,equal,32,3,640,3.870967741935484,60.0,0,efficient,outside_schedule_domain,,,,,6.701300000599986e-05,unavailable,,,
coverage,5,12,bridge,0.5,equal,32,3,640,3.870967741935484,60.0,0,borda,ok,41.0,1.5926026416643102,0.028506059959447994,0.743756017179043,0.001738322000022663,published_global_clipped_borda,0.0,,
coverage,5,13,bridge,0.5,equal,32,3,640,3.870967741935484,60.0,0,pl,ok,38.0,1.5427392826701594,0.0,,0.0043142830000135746,hunter_mm,,64.0,8.333178591612978e-12
coverage,5,13,bridge,0.5,equal,32,3,640,3.870967741935484,60.0,0,efficient,outside_schedule_domain,,,,,6.840700001475852e-05,unavailable,,,
coverage,5,13,bridge,0.5,equal,32,3,640,3.870967741935484,60.0,0,borda,ok,37.0,1.5626279017489584,0.01988861907879902,0.7695629076747054,0.0014801369999872804,published_global_clipped_borda,0.0,,
coverage,5,14,bridge,0.5,equal,32,3,640,3.870967741935484,60.0,0,pl,ok,24.0,1.5543994591491195,0.0,,0.005525242999993907,hunter_mm,,85.0,6.4488636652981765e-12
coverage,5,14,bridge,0.5,equal,32,3,640,3.870967741935484,60.0,0,efficient,outside_schedule_domain,,,,,6.903800002078242e-05,unavailable,,,
coverage,5,14,bridge,0.5,equal,32,3,640,3.870967741935484,60.0,0,borda,ok,28.0,1.5697648590759792,0.015365399926859702,0.822389058306495,0.0015108980000206884,published_global_clipped_borda,0.0,,
coverage,5,15,bridge,0.5,equal,32,3,640,3.870967741935484,60.0,0,pl,ok,39.0,1.5756766380466591,0.0,,0.004467833999996174,hunter_mm,,66.0,5.185418761044502e-12
coverage,5,15,bridge,0.5,equal,32,3,640,3.870967741935484,60.0,0,efficient,outside_schedule_domain,,,,,7.128800001510172e-05,unavailable,,,
coverage,5,15,bridge,0.5,equal,32,3,640,3.870967741935484,60.0,0,borda,ok,40.0,1.605984795438267,0.03030815739160797,0.7288763897334032,0.0016587300000026062,published_global_clipped_borda,0.0,,
coverage,5,16,bridge,0.5,equal,32,3,640,3.870967741935484,60.0,0,pl,ok,39.0,1.556875698603727,0.0,,0.0047001370000145926,hunter_mm,,71.0,5.020617255269144e-12
coverage,5,16,bridge,0.5,equal,32,3,640,3.870967741935484,60.0,0,efficient,outside_schedule_domain,,,,,6.961900001556387e-05,unavailable,,,
coverage,5,16,bridge,0.5,equal,32,3,640,3.870967741935484,60.0,0,borda,ok,44.0,1.5778916923410633,0.021015993737336203,0.8268686873134848,0.0016485939999881793,published_global_clipped_borda,0.0,,
coverage,5,17,bridge,0.5,equal,32,3,640,3.870967741935484,60.0,0,pl,ok,27.0,1.5315169857934063,0.0,,0.0045874980000064625,hunter_mm,,69.0,5.263256497300972e-12
coverage,5,17,bridge,0.5,equal,32,3,640,3.870967741935484,60.0,0,efficient,outside_schedule_domain,,,,,7.062100002031002e-05,unavailable,,,
coverage,5,17,bridge,0.5,equal,32,3,640,3.870967741935484,60.0,0,borda,ok,24.0,1.547770896186082,0.016253910392675763,0.7544621327077489,0.0015091829999960282,published_global_clipped_borda,0.0,,
coverage,5,18,bridge,0.5,equal,32,3,640,3.870967741935484,60.0,0,pl,ok,34.0,1.5563819827334804,0.0,,0.005964735999981485,hunter_mm,,93.0,6.9692807080912186e-12
coverage,5,18,bridge,0.5,equal,32,3,640,3.870967741935484,60.0,0,efficient,outside_schedule_domain,,,,,8.172500000114269e-05,unavailable,,,
coverage,5,18,bridge,0.5,equal,32,3,640,3.870967741935484,60.0,0,borda,ok,43.0,1.5932630053452854,0.03688102261180504,0.8134666822926683,0.0015602900000146747,published_global_clipped_borda,0.0,,
coverage,5,19,bridge,0.5,equal,32,3,640,3.870967741935484,60.0,0,pl,ok,29.0,1.563833817795112,0.0,,0.005581383000020423,hunter_mm,,85.0,6.792977291780744e-12
coverage,5,19,bridge,0.5,equal,32,3,640,3.870967741935484,60.0,0,efficient,outside_schedule_domain,,,,,7.293100000538288e-05,unavailable,,,
coverage,5,19,bridge,0.5,equal,32,3,640,3.870967741935484,60.0,0,borda,ok,27.0,1.5666324495037758,0.002798631708663679,0.7544621327077489,0.001516455999990285,published_global_clipped_borda,0.0,,
coverage,5,20,bridge,0.5,equal,32,3,640,3.870967741935484,60.0,0,pl,ok,44.0,1.5678095936457965,0.0,,0.004520509999991873,hunter_mm,,67.0,5.151945536852054e-12
coverage,5,20,bridge,0.5,equal,32,3,640,3.870967741935484,60.0,0,efficient,outside_schedule_domain,,,,,6.895799998574148e-05,unavailable,,,
coverage,5,20,bridge,0.5,equal,32,3,640,3.870967741935484,60.0,0,borda,ok,50.0,1.5974321732870842,0.029622579641287672,0.8001735873048136,0.0016338519999976597,published_global_clipped_borda,0.0,,
coverage,5,21,bridge,0.5,equal,32,3,640,3.870967741935484,60.0,0,pl,ok,35.0,1.5608399368052863,0.0,,0.004477573999992046,hunter_mm,,66.0,6.802047813891932e-12
coverage,5,21,bridge,0.5,equal,32,3,640,3.870967741935484,60.0,0,efficient,outside_schedule_domain,,,,,6.907100001285471e-05,unavailable,,,
coverage,5,21,bridge,0.5,equal,32,3,640,3.870967741935484,60.0,0,borda,ok,35.0,1.5700328953152412,0.00919295850995483,0.7957662264996543,0.001491991000023063,published_global_clipped_borda,0.0,,
coverage,5,22,bridge,0.5,equal,32,3,640,3.870967741935484,60.0,0,pl,ok,24.0,1.545780633721499,0.0,,0.005068519999980481,hunter_mm,,77.0,7.538369928283829e-12
coverage,5,22,bridge,0.5,equal,32,3,640,3.870967741935484,60.0,0,efficient,outside_schedule_domain,,,,,6.693500000665153e-05,unavailable,,,
coverage,5,22,bridge,0.5,equal,32,3,640,3.870967741935484,60.0,0,borda,ok,28.0,1.5690990254779051,0.023318391756406154,0.8179217622977756,0.0015047720000040954,published_global_clipped_borda,0.0,,
coverage,5,23,bridge,0.5,equal,32,3,640,3.870967741935484,60.0,0,pl,ok,42.0,1.5667512629736422,0.0,,0.004455191000005243,hunter_mm,,66.0,5.694644755749323e-12
coverage,5,23,bridge,0.5,equal,32,3,640,3.870967741935484,60.0,0,efficient,outside_schedule_domain,,,,,6.83260000187147e-05,unavailable,,,
coverage,5,23,bridge,0.5,equal,32,3,640,3.870967741935484,60.0,0,borda,ok,47.0,1.6009564841889374,0.034205221215295234,0.7394918679687443,0.0014819310000007135,published_global_clipped_borda,0.0,,
coverage,5,24,bridge,0.5,equal,32,3,640,3.870967741935484,60.0,0,pl,ok,45.0,1.5528789227624311,0.0,,0.00418572299997777,hunter_mm,,62.0,5.586542339841571e-12
coverage,5,24,bridge,0.5,equal,32,3,640,3.870967741935484,60.0,0,efficient,outside_schedule_domain,,,,,6.76629999816214e-05,unavailable,,,
coverage,5,24,bridge,0.5,equal,32,3,640,3.870967741935484,60.0,0,borda,ok,43.0,1.5773640832151932,0.024485160452762056,0.7826136048645649,0.0016566719999957513,published_global_clipped_borda,0.0,,
coverage,5,25,bridge,0.5,equal,32,3,640,3.870967741935484,60.0,0,pl,ok,33.0,1.553523860410421,0.0,,0.004612619999988965,hunter_mm,,70.0,6.850275902081649e-12
coverage,5,25,bridge,0.5,equal,32,3,640,3.870967741935484,60.0,0,efficient,outside_schedule_domain,,,,,7.074699999520817e-05,unavailable,,,
coverage,5,25,bridge,0.5,equal,32,3,640,3.870967741935484,60.0,0,borda,ok,32.0,1.5812276866002208,0.02770382618979994,0.7309944023254187,0.0016892479999910393,published_global_clipped_borda,0.0,,
coverage,5,26,bridge,0.5,equal,32,3,640,3.870967741935484,60.0,0,pl,ok,39.0,1.560011059302436,0.0,,0.004228839999996126,hunter_mm,,62.0,5.231226563040536e-12
coverage,5,26,bridge,0.5,equal,32,3,640,3.870967741935484,60.0,0,efficient,outside_schedule_domain,,,,,6.948300000431118e-05,unavailable,,,
coverage,5,26,bridge,0.5,equal,32,3,640,3.870967741935484,60.0,0,borda,ok,40.0,1.5868210573042556,0.02680999800181949,0.7120219548409804,0.001623563999999078,published_global_clipped_borda,0.0,,
coverage,5,27,bridge,0.5,equal,32,3,640,3.870967741935484,60.0,0,pl,ok,35.0,1.5199363171671503,0.0,,0.005227193999985502,hunter_mm,,82.0,5.5497717532659864e-12
coverage,5,27,bridge,0.5,equal,32,3,640,3.870967741935484,60.0,0,efficient,outside_schedule_domain,,,,,6.707400001459973e-05,unavailable,,,
coverage,5,27,bridge,0.5,equal,32,3,640,3.870967741935484,60.0,0,borda,ok,35.0,1.5522350258117346,0.032298708644584284,0.8358654187803607,0.00164933300001735,published_global_clipped_borda,0.0,,
coverage,5,28,bridge,0.5,equal,32,3,640,3.870967741935484,60.0,0,pl,ok,43.0,1.5558203661430707,0.0,,0.004479631999998901,hunter_mm,,67.0,6.4835359303572204e-12
coverage,5,28,bridge,0.5,equal,32,3,640,3.870967741935484,60.0,0,efficient,outside_schedule_domain,,,,,6.546500000581545e-05,unavailable,,,
coverage,5,28,bridge,0.5,equal,32,3,640,3.870967741935484,60.0,0,borda,ok,47.0,1.5837524589724015,0.027932092829330735,0.8112436870788444,0.0016072270000222488,published_global_clipped_borda,0.0,,
coverage,5,29,bridge,0.5,equal,32,3,640,3.870967741935484,60.0,0,pl,ok,46.0,1.580188342506793,0.0,,0.004697921999991195,hunter_mm,,72.0,5.016820292524926e-12
coverage,5,29,bridge,0.5,equal,32,3,640,3.870967741935484,60.0,0,efficient,outside_schedule_domain,,,,,6.969500000764128e-05,unavailable,,,
coverage,5,29,bridge,0.5,equal,32,3,640,3.870967741935484,60.0,0,borda,ok,47.0,1.617314876800204,0.03712653429341084,0.8246273238228219,0.0016293619999885323,published_global_clipped_borda,0.0,,
coverage,5,30,bridge,0.5,equal,32,3,640,3.870967741935484,60.0,0,pl,ok,27.0,1.605589856708033,0.0,,0.005793160999985503,hunter_mm,,90.0,5.342926101548074e-12
coverage,5,30,bridge,0.5,equal,32,3,640,3.870967741935484,60.0,0,efficient,outside_schedule_domain,,,,,6.810499999687636e-05,unavailable,,,
coverage,5,30,bridge,0.5,equal,32,3,640,3.870967741935484,60.0,0,borda,ok,33.0,1.6009944686220443,-0.004595388085988583,0.8090237025679524,0.0015014349999944443,published_global_clipped_borda,0.0,,
coverage,5,31,bridge,0.5,equal,32,3,640,3.870967741935484,60.0,0,pl,ok,39.0,1.5698143821591142,0.0,,0.004589218999996092,hunter_mm,,70.0,4.324141045231045e-12
coverage,5,31,bridge,0.5,equal,32,3,640,3.870967741935484,60.0,0,efficient,outside_schedule_domain,,,,,7.028599998193386e-05,unavailable,,,
coverage,5,31,bridge,0.5,equal,32,3,640,3.870967741935484,60.0,0,borda,ok,39.0,1.578929310424922,0.009114928265807842,0.7826136048645649,0.001680260000000544,published_global_clipped_borda,0.0,,
coverage,5,32,bridge,0.5,equal,32,3,640,3.870967741935484,60.0,0,pl,ok,44.0,1.56548728341726,0.0,,0.004142549999983203,hunter_mm,,59.0,4.2413850209754855e-12
coverage,5,32,bridge,0.5,equal,32,3,640,3.870967741935484,60.0,0,efficient,outside_schedule_domain,,,,,6.793899999024688e-05,unavailable,,,
coverage,5,32,bridge,0.5,equal,32,3,640,3.870967741935484,60.0,0,borda,ok,49.0,1.6173477714031501,0.05186048798589016,0.7566112958614878,0.0015742770000031214,published_global_clipped_borda,0.0,,
coverage,5,33,bridge,0.5,equal,32,3,640,3.870967741935484,60.0,0,pl,ok,36.0,1.5416431834853146,0.0,,0.004349848000003931,hunter_mm,,67.0,6.446654321479173e-12
coverage,5,33,bridge,0.5,equal,32,3,640,3.870967741935484,60.0,0,efficient,outside_schedule_domain,,,,,6.921799999304312e-05,unavailable,,,
coverage,5,33,bridge,0.5,equal,32,3,640,3.870967741935484,60.0,0,borda,ok,42.0,1.5855735783156422,0.04393039483032757,0.8023816709371383,0.0016896360000089317,published_global_clipped_borda,0.0,,
coverage,5,34,bridge,0.5,equal,32,3,640,3.870967741935484,60.0,0,pl,ok,35.0,1.5462103247925447,0.0,,0.004370929999993223,hunter_mm,,63.0,4.355227289920549e-12
coverage,5,34,bridge,0.5,equal,32,3,640,3.870967741935484,60.0,0,efficient,outside_schedule_domain,,,,,6.735100001264982e-05,unavailable,,,
coverage,5,34,bridge,0.5,equal,32,3,640,3.870967741935484,60.0,0,borda,ok,37.0,1.576057190246975,0.029846865454430382,0.8358654187803607,0.0016369730000178606,published_global_clipped_borda,0.0,,
coverage,5,35,bridge,0.5,equal,32,3,640,3.870967741935484,60.0,0,pl,ok,25.0,1.5406117233099725,0.0,,0.004000629999978855,hunter_mm,,59.0,4.3057335474827594e-12
coverage,5,35,bridge,0.5,equal,32,3,640,3.870967741935484,60.0,0,efficient,outside_schedule_domain,,,,,6.665600000133054e-05,unavailable,,,
coverage,5,35,bridge,0.5,equal,32,3,640,3.870967741935484,60.0,0,borda,ok,24.0,1.554776749270098,0.014165025960125366,0.7373636654668244,0.001638293000013391,published_global_clipped_borda,0.0,,
coverage,5,36,bridge,0.5,equal,32,3,640,3.870967741935484,60.0,0,pl,ok,50.0,1.5609047829263165,0.0,,0.004074629000001551,hunter_mm,,60.0,6.398581664512904e-12
coverage,5,36,bridge,0.5,equal,32,3,640,3.870967741935484,60.0,0,efficient,outside_schedule_domain,,,,,6.570499999725143e-05,unavailable,,,
coverage,5,36,bridge,0.5,equal,32,3,640,3.870967741935484,60.0,0,borda,ok,48.0,1.59629318078973,0.03538839786341352,0.7957662264996543,0.0015030389999992622,published_global_clipped_borda,0.0,,
coverage,5,37,bridge,0.5,equal,32,3,640,3.870967741935484,60.0,0,pl,ok,41.0,1.551573365209754,0.0,,0.004232319999999845,hunter_mm,,63.0,5.934452929068357e-12
coverage,5,37,bridge,0.5,equal,32,3,640,3.870967741935484,60.0,0,efficient,outside_schedule_domain,,,,,6.621299999665098e-05,unavailable,,,
coverage,5,37,bridge,0.5,equal,32,3,640,3.870967741935484,60.0,0,borda,ok,37.0,1.5801698710067422,0.028596505796988136,0.7652348319123792,0.0015280100000154562,published_global_clipped_borda,0.0,,
coverage,5,38,bridge,0.5,equal,32,3,640,3.870967741935484,60.0,0,pl,ok,37.0,1.5571796056585416,0.0,,0.004272196999977496,hunter_mm,,64.0,5.652811552181447e-12
coverage,5,38,bridge,0.5,equal,32,3,640,3.870967741935484,60.0,0,efficient,outside_schedule_domain,,,,,6.897599999433623e-05,unavailable,,,
coverage,5,38,bridge,0.5,equal,32,3,640,3.870967741935484,60.0,0,borda,ok,52.0,1.611603818441076,0.05442421278253429,0.7935669216188475,0.001634171999995715,published_global_clipped_borda,0.0,,
coverage,5,39,bridge,0.5,equal,32,3,640,3.870967741935484,60.0,0,pl,ok,38.0,1.5519486691633153,0.0,,0.004682658000007223,hunter_mm,,75.0,7.790579292787925e-12
coverage,5,39,bridge,0.5,equal,32,3,640,3.870967741935484,60.0,0,efficient,outside_schedule_domain,,,,,6.240100000809434e-05,unavailable,,,
coverage,5,39,bridge,0.5,equal,32,3,640,3.870967741935484,60.0,0,borda,ok,49.0,1.5990168948381651,0.047068225674849806,0.8839544777149907,0.0014336220000075173,published_global_clipped_borda,0.0,,
coverage,6,0,bridge,1.0,equal,32,3,40,0.24193548387096775,3.75,0,pl,no_unique_finite_mle,,,,,0.00035263899999904424,hunter_mm,,,
coverage,6,0,bridge,1.0,equal,32,3,40,0.24193548387096775,3.75,0,efficient,ok,120.0,1.9189920023223328,,1.4098539714541112,0.002054311999984293,hierarchy,0.0,,
coverage,6,0,bridge,1.0,equal,32,3,40,0.24193548387096775,3.75,0,borda,ok,120.0,1.9189920023223328,,1.4098539714541112,0.0018528439999840884,published_global_clipped_borda,0.0,,
coverage,6,1,bridge,1.0,equal,32,3,40,0.24193548387096775,3.75,0,pl,no_unique_finite_mle,,,,,0.0002884710000046198,hunter_mm,,,
coverage,6,1,bridge,1.0,equal,32,3,40,0.24193548387096775,3.75,0,efficient,ok,136.0,1.8939413588604328,,1.3036838184708461,0.001982558000008794,hierarchy,0.0,,
coverage,6,1,bridge,1.0,equal,32,3,40,0.24193548387096775,3.75,0,borda,ok,136.0,1.8939413588604328,,1.3036838184708461,0.0017476829999907295,published_global_clipped_borda,0.0,,
coverage,6,2,bridge,1.0,equal,32,3,40,0.24193548387096775,3.75,1,pl,no_unique_finite_mle,,,,,0.0002737830000114627,hunter_mm,,,
coverage,6,2,bridge,1.0,equal,32,3,40,0.24193548387096775,3.75,1,efficient,ok,118.0,1.914601648381611,,1.355592246167523,0.0019481909999967684,hierarchy,0.0,,
coverage,6,2,bridge,1.0,equal,32,3,40,0.24193548387096775,3.75,1,borda,ok,118.0,1.914601648381611,,1.355592246167523,0.0018160619999889605,published_global_clipped_borda,0.0,,
coverage,6,3,bridge,1.0,equal,32,3,40,0.24193548387096775,3.75,0,pl,no_unique_finite_mle,,,,,0.00028040800000894706,hunter_mm,,,
coverage,6,3,bridge,1.0,equal,32,3,40,0.24193548387096775,3.75,0,efficient,ok,133.0,1.9271852962314393,,1.3036838184708461,0.0019711239999935515,hierarchy,0.0,,
coverage,6,3,bridge,1.0,equal,32,3,40,0.24193548387096775,3.75,0,borda,ok,133.0,1.9271852962314393,,1.3036838184708461,0.0018288809999944533,published_global_clipped_borda,0.0,,
coverage,6,4,bridge,1.0,equal,32,3,40,0.24193548387096775,3.75,0,pl,no_unique_finite_mle,,,,,0.0002694119999944178,hunter_mm,,,
coverage,6,4,bridge,1.0,equal,32,3,40,0.24193548387096775,3.75,0,efficient,ok,134.0,1.801963384765963,,0.9899410379560349,0.0014871610000000146,hierarchy,0.0,,
coverage,6,4,bridge,1.0,equal,32,3,40,0.24193548387096775,3.75,0,borda,ok,134.0,1.801963384765963,,0.9899410379560349,0.0013323009999908209,published_global_clipped_borda,0.0,,
coverage,6,5,bridge,1.0,equal,32,3,40,0.24193548387096775,3.75,3,pl,no_unique_finite_mle,,,,,0.00031775099998299083,hunter_mm,,,
coverage,6,5,bridge,1.0,equal,32,3,40,0.24193548387096775,3.75,3,efficient,ok,105.0,1.8651225313964965,,1.355592246167523,0.0019068889999971361,hierarchy,0.0,,
coverage,6,5,bridge,1.0,equal,32,3,40,0.24193548387096775,3.75,3,borda,ok,105.0,1.8651225313964965,,1.355592246167523,0.0017562069999996766,published_global_clipped_borda,0.0,,
coverage,6,6,bridge,1.0,equal,32,3,40,0.24193548387096775,3.75,1,pl,no_unique_finite_mle,,,,,0.0002648480000004838,hunter_mm,,,
coverage,6,6,bridge,1.0,equal,32,3,40,0.24193548387096775,3.75,1,efficient,ok,134.0,1.7858486454857432,,0.9505135807967282,0.0013976259999992635,hierarchy,0.0,,
coverage,6,6,bridge,1.0,equal,32,3,40,0.24193548387096775,3.75,1,borda,ok,134.0,1.7858486454857432,,0.9505135807967282,0.0013079450000077486,published_global_clipped_borda,0.0,,
coverage,6,7,bridge,1.0,equal,32,3,40,0.24193548387096775,3.75,1,pl,no_unique_finite_mle,,,,,0.000510683000015888,hunter_mm,,,
coverage,6,7,bridge,1.0,equal,32,3,40,0.24193548387096775,3.75,1,efficient,ok,129.0,1.9321904185360692,,1.253895410719981,0.0022591950000219185,hierarchy,0.0,,
coverage,6,7,bridge,1.0,equal,32,3,40,0.24193548387096775,3.75,1,borda,ok,129.0,1.9321904185360692,,1.253895410719981,0.0019260960000053728,published_global_clipped_borda,0.0,,
coverage,6,8,bridge,1.0,equal,32,3,40,0.24193548387096775,3.75,2,pl,no_unique_finite_mle,,,,,0.00028343400001062946,hunter_mm,,,
coverage,6,8,bridge,1.0,equal,32,3,40,0.24193548387096775,3.75,2,efficient,ok,115.0,1.7769463645446368,,1.1153516423293843,0.0018548999999836724,hierarchy,0.0,,
coverage,6,8,bridge,1.0,equal,32,3,40,0.24193548387096775,3.75,2,borda,ok,115.0,1.7769463645446368,,1.1153516423293843,0.0017319479999855503,published_global_clipped_borda,0.0,,
coverage,6,9,bridge,1.0,equal,32,3,40,0.24193548387096775,3.75,0,pl,no_unique_finite_mle,,,,,0.00025997700001312296,hunter_mm,,,
coverage,6,9,bridge,1.0,equal,32,3,40,0.24193548387096775,3.75,0,efficient,ok,124.0,2.0967024570845996,,1.5897120641673752,0.0018157369999869388,hierarchy,0.0,,
coverage,6,9,bridge,1.0,equal,32,3,40,0.24193548387096775,3.75,0,borda,ok,124.0,2.0967024570845996,,1.5897120641673752,0.0017179949999786004,published_global_clipped_borda,0.0,,
coverage,6,10,bridge,1.0,equal,32,3,40,0.24193548387096775,3.75,1,pl,no_unique_finite_mle,,,,,0.00026152099999876555,hunter_mm,,,
coverage,6,10,bridge,1.0,equal,32,3,40,0.24193548387096775,3.75,1,efficient,ok,150.0,1.9607433074487601,,1.1598951858054984,0.0020307389999913994,hierarchy,0.0,,
coverage,6,10,bridge,1.0,equal,32,3,40,0.24193548387096775,3.75,1,borda,ok,150.0,1.9607433074487601,,1.1598951858054984,0.00188610800000788,published_global_clipped_borda,0.0,,
coverage,6,11,bridge,1.0,equal,32,3,40,0.24193548387096775,3.75,0,pl,no_unique_finite_mle,,,,,0.00028824700001450765,hunter_mm,,,
coverage,6,11,bridge,1.0,equal,32,3,40,0.24193548387096775,3.75,0,efficient,ok,129.0,1.9775009421376784,,1.4098539714541112,0.001973567999982606,hierarchy,0.0,,
coverage,6,11,bridge,1.0,equal,32,3,40,0.24193548387096775,3.75,0,borda,ok,129.0,1.9775009421376784,,1.4098539714541112,0.0017830070000002252,published_global_clipped_borda,0.0,,
coverage,6,12,bridge,1.0,equal,32,3,40,0.24193548387096775,3.75,0,pl,no_unique_finite_mle,,,,,0.000270685000003823,hunter_mm,,,
coverage,6,12,bridge,1.0,equal,32,3,40,0.24193548387096775,3.75,0,efficient,ok,150.0,2.1361095139262654,,1.4098539714541112,0.001961781000005658,hierarchy,0.0,,
coverage,6,12,bridge,1.0,equal,32,3,40,0.24193548387096775,3.75,0,borda,ok,150.0,2.1361095139262654,,1.4098539714541112,0.001772352999978466,published_global_clipped_borda,0.0,,
coverage,6,13,bridge,1.0,equal,32,3,40,0.24193548387096775,3.75,0,pl,no_unique_finite_mle,,,,,0.00027924500000153785,hunter_mm,,,
coverage,6,13,bridge,1.0,equal,32,3,40,0.24193548387096775,3.75,0,efficient,ok,123.0,1.811696776072754,,1.1598951858054984,0.002113627999989376,hierarchy,0.0,,
coverage,6,13,bridge,1.0,equal,32,3,40,0.24193548387096775,3.75,0,borda,ok,123.0,1.811696776072754,,1.1598951858054984,0.001956450999983872,published_global_clipped_borda,0.0,,
coverage,6,14,bridge,1.0,equal,32,3,40,0.24193548387096775,3.75,1,pl,no_unique_finite_mle,,,,,0.0002781479999782732,hunter_mm,,,
coverage,6,14,bridge,1.0,equal,32,3,40,0.24193548387096775,3.75,1,efficient,ok,103.0,1.9044347065353548,,1.355592246167523,0.0019783809999864843,hierarchy,0.0,,
coverage,6,14,bridge,1.0,equal,32,3,40,0.24193548387096775,3.75,1,borda,ok,103.0,1.9044347065353548,,1.355592246167523,0.001851004999991801,published_global_clipped_borda,0.0,,
coverage,6,15,bridge,1.0,equal,32,3,40,0.24193548387096775,3.75,0,pl,no_unique_finite_mle,,,,,0.00027397299999165625,hunter_mm,,,
coverage,6,15,bridge,1.0,equal,32,3,40,0.24193548387096775,3.75,0,efficient,ok,115.0,1.959877767494502,,1.4098539714541112,0.001946053000011716,hierarchy,0.0,,
coverage,6,15,bridge,1.0,equal,32,3,40,0.24193548387096775,3.75,0,borda,ok,115.0,1.959877767494502,,1.4098539714541112,0.0018316739999875153,published_global_clipped_borda,0.0,,
coverage,6,16,bridge,1.0,equal,32,3,40,0.24193548387096775,3.75,1,pl,no_unique_finite_mle,,,,,0.00026714300000207913,hunter_mm,,,
coverage,6,16,bridge,1.0,equal,32,3,40,0.24193548387096775,3.75,1,efficient,ok,171.0,2.135563184506917,,1.355592246167523,0.002144772000008288,hierarchy,0.0,,
coverage,6,16,bridge,1.0,equal,32,3,40,0.24193548387096775,3.75,1,borda,ok,171.0,2.135563184506917,,1.355592246167523,0.001865344999998797,published_global_clipped_borda,0.0,,
coverage,6,17,bridge,1.0,equal,32,3,40,0.24193548387096775,3.75,0,pl,no_unique_finite_mle,,,,,0.0002712200000019038,hunter_mm,,,
coverage,6,17,bridge,1.0,equal,32,3,40,0.24193548387096775,3.75,0,efficient,ok,129.0,2.436112448387393,,1.9747564384270275,0.0016852689999780068,hierarchy,0.0,,
coverage,6,17,bridge,1.0,equal,32,3,40,0.24193548387096775,3.75,0,borda,ok,129.0,2.436112448387393,,1.9747564384270275,0.0014826009999922007,published_global_clipped_borda,0.0,,
coverage,6,18,bridge,1.0,equal,32,3,40,0.24193548387096775,3.75,1,pl,no_unique_finite_mle,,,,,0.0002680190000035054,hunter_mm,,,
coverage,6,18,bridge,1.0,equal,32,3,40,0.24193548387096775,3.75,1,efficient,ok,122.0,2.1133238627315554,,1.727834096621365,0.0018554779999817583,hierarchy,0.0,,
coverage,6,18,bridge,1.0,equal,32,3,40,0.24193548387096775,3.75,1,borda,ok,122.0,2.1133238627315554,,1.727834096621365,0.001620438999992757,published_global_clipped_borda,0.0,,
coverage,6,19,bridge,1.0,equal,32,3,40,0.24193548387096775,3.75,0,pl,no_unique_finite_mle,,,,,0.00028328600001259474,hunter_mm,,,
coverage,6,19,bridge,1.0,equal,32,3,40,0.24193548387096775,3.75,0,efficient,ok,140.0,2.0243097407075172,,1.3036838184708461,0.001960413000006156,hierarchy,0.0,,
coverage,6,19,bridge,1.0,equal,32,3,40,0.24193548387096775,3.75,0,borda,ok,140.0,2.0243097407075172,,1.3036838184708461,0.001841417000008505,published_global_clipped_borda,0.0,,
coverage,6,20,bridge,1.0,equal,32,3,40,0.24193548387096775,3.75,1,pl,no_unique_finite_mle,,,,,0.00026643900000067333,hunter_mm,,,
coverage,6,20,bridge,1.0,equal,32,3,40,0.24193548387096775,3.75,1,efficient,ok,128.0,2.032485247024389,,1.4098539714541112,0.002076517000006106,hierarchy,0.0,,
coverage,6,20,bridge,1.0,equal,32,3,40,0.24193548387096775,3.75,1,borda,ok,128.0,2.032485247024389,,1.4098539714541112,0.0018168600000194601,published_global_clipped_borda,0.0,,
coverage,6,21,bridge,1.0,equal,32,3,40,0.24193548387096775,3.75,1,pl,no_unique_finite_mle,,,,,0.0002825300000210973,hunter_mm,,,
coverage,6,21,bridge,1.0,equal,32,3,40,0.24193548387096775,3.75,1,efficient,ok,116.0,1.8562099889280472,,1.2060247331475578,0.0021169879999831664,hierarchy,0.0,,
coverage,6,21,bridge,1.0,equal,32,3,40,0.24193548387096775,3.75,1,borda,ok,116.0,1.8562099889280472,,1.2060247331475578,0.0020222719999765104,published_global_clipped_borda,0.0,,
coverage,6,22,bridge,1.0,equal,32,3,40,0.24193548387096775,3.75,1,pl,no_unique_finite_mle,,,,,0.000283722000006037,hunter_mm,,,
coverage,6,22,bridge,1.0,equal,32,3,40,0.24193548387096775,3.75,1,efficient,ok,137.0,1.8863606072567363,,1.2060247331475578,0.0021057040000016514,hierarchy,0.0,,
coverage,6,22,bridge,1.0,equal,32,3,40,0.24193548387096775,3.75,1,borda,ok,137.0,1.8863606072567363,,1.2060247331475578,0.0019405110000150216,published_global_clipped_borda,0.0,,
coverage,6,23,bridge,1.0,equal,32,3,40,0.24193548387096775,3.75,0,pl,no_unique_finite_mle,,,,,0.0002830569999900945,hunter_mm,,,
coverage,6,23,bridge,1.0,equal,32,3,40,0.24193548387096775,3.75,0,efficient,ok,107.0,1.838119617930834,,1.2060247331475578,0.0021402170000044407,hierarchy,0.0,,
coverage,6,23,bridge,1.0,equal,32,3,40,0.24193548387096775,3.75,0,borda,ok,107.0,1.838119617930834,,1.2060247331475578,0.0020570349999786686,published_global_clipped_borda,0.0,,
coverage,6,24,bridge,1.0,equal,32,3,40,0.24193548387096775,3.75,0,pl,no_unique_finite_mle,,,,,0.0002746669999851292,hunter_mm,,,
coverage,6,24,bridge,1.0,equal,32,3,40,0.24193548387096775,3.75,0,efficient,ok,158.0,2.255536910295921,,1.5265676779540376,0.0018245169999886457,hierarchy,0.0,,
coverage,6,24,bridge,1.0,equal,32,3,40,0.24193548387096775,3.75,0,borda,ok,158.0,2.255536910295921,,1.5265676779540376,0.00178702699997757,published_global_clipped_borda,0.0,,
coverage,6,25,bridge,1.0,equal,32,3,40,0.24193548387096775,3.75,0,pl,no_unique_finite_mle,,,,,0.0002653800000018691,hunter_mm,,,
coverage,6,25,bridge,1.0,equal,32,3,40,0.24193548387096775,3.75,0,efficient,ok,133.0,1.9904139614272753,,1.3036838184708461,0.001943509999989601,hierarchy,0.0,,
coverage,6,25,bridge,1.0,equal,32,3,40,0.24193548387096775,3.75,0,borda,ok,133.0,1.9904139614272753,,1.3036838184708461,0.001728758000012931,published_global_clipped_borda,0.0,,
coverage,6,26,bridge,1.0,equal,32,3,40,0.24193548387096775,3.75,1,pl,no_unique_finite_mle,,,,,0.0002577829999950154,hunter_mm,,,
coverage,6,26,bridge,1.0,equal,32,3,40,0.24193548387096775,3.75,1,efficient,ok,113.0,1.7820394678394724,,1.2060247331475578,0.0021604899999942972,hierarchy,0.0,,
coverage,6,26,bridge,1.0,equal,32,3,40,0.24193548387096775,3.75,1,borda,ok,113.0,1.7820394678394724,,1.2060247331475578,0.0019511319999878651,published_global_clipped_borda,0.0,,
coverage,6,27,bridge,1.0,equal,32,3,40,0.24193548387096775,3.75,0,pl,no_unique_finite_mle,,,,,0.00026316899999301313,hunter_mm,,,
coverage,6,27,bridge,1.0,equal,32,3,40,0.24193548387096775,3.75,0,efficient,ok,129.0,2.0430591518102945,,1.4098539714541112,0.0018275269999890043,hierarchy,0.0,,
coverage,6,27,bridge,1.0,equal,32,3,40,0.24193548387096775,3.75,0,borda,ok,129.0,2.0430591518102945,,1.4098539714541112,0.0017820390000053976,published_global_clipped_borda,0.0,,
coverage,6,28,bridge,1.0,equal,32,3,40,0.24193548387096775,3.75,0,pl,no_unique_finite_mle,,,,,0.0002680549999922732,hunter_mm,,,
coverage,6,28,bridge,1.0,equal,32,3,40,0.24193548387096775,3.75,0,efficient,ok,145.0,1.8893461207579363,,1.0722570606875805,0.002212939000003189,hierarchy,0.0,,
coverage,6,28,bridge,1.0,equal,32,3,40,0.24193548387096775,3.75,0,borda,ok,145.0,1.8893461207579363,,1.0722570606875805,0.0019588479999868014,published_global_clipped_borda,0.0,,
coverage,6,29,bridge,1.0,equal,32,3,40,0.24193548387096775,3.75,0,pl,no_unique_finite_mle,,,,,0.00025986699998270524,hunter_mm,,,
coverage,6,29,bridge,1.0,equal,32,3,40,0.24193548387096775,3.75,0,efficient,ok,144.0,2.023657898798282,,1.3036838184708461,0.0018361580000032518,hierarchy,0.0,,
coverage,6,29,bridge,1.0,equal,32,3,40,0.24193548387096775,3.75,0,borda,ok,144.0,2.023657898798282,,1.3036838184708461,0.0017451589999950556,published_global_clipped_borda,0.0,,
coverage,6,30,bridge,1.0,equal,32,3,40,0.24193548387096775,3.75,0,pl,no_unique_finite_mle,,,,,0.0002729979999855914,hunter_mm,,,
coverage,6,30,bridge,1.0,equal,32,3,40,0.24193548387096775,3.75,0,efficient,ok,118.0,1.8308834695319485,,1.2060247331475578,0.001986188999978822,hierarchy,0.0,,
coverage,6,30,bridge,1.0,equal,32,3,40,0.24193548387096775,3.75,0,borda,ok,118.0,1.8308834695319485,,1.2060247331475578,0.001825369000016508,published_global_clipped_borda,0.0,,
coverage,6,31,bridge,1.0,equal,32,3,40,0.24193548387096775,3.75,1,pl,no_unique_finite_mle,,,,,0.0002574240000114969,hunter_mm,,,
coverage,6,31,bridge,1.0,equal,32,3,40,0.24193548387096775,3.75,1,efficient,ok,129.0,1.7969588850852707,,1.0304897334608085,0.0020750220000138597,hierarchy,0.0,,
coverage,6,31,bridge,1.0,equal,32,3,40,0.24193548387096775,3.75,1,borda,ok,129.0,1.7969588850852707,,1.0304897334608085,0.001986608999999362,published_global_clipped_borda,0.0,,
coverage,6,32,bridge,1.0,equal,32,3,40,0.24193548387096775,3.75,2,pl,no_unique_finite_mle,,,,,0.0002662159999999858,hunter_mm,,,
coverage,6,32,bridge,1.0,equal,32,3,40,0.24193548387096775,3.75,2,efficient,ok,132.0,1.8099990982670553,,1.0722570606875805,0.0020688019999965945,hierarchy,0.0,,
coverage,6,32,bridge,1.0,equal,32,3,40,0.24193548387096775,3.75,2,borda,ok,132.0,1.8099990982670553,,1.0722570606875805,0.0018921019999993405,published_global_clipped_borda,0.0,,
coverage,6,33,bridge,1.0,equal,32,3,40,0.24193548387096775,3.75,1,pl,no_unique_finite_mle,,,,,0.00027509399998848494,hunter_mm,,,
coverage,6,33,bridge,1.0,equal,32,3,40,0.24193548387096775,3.75,1,efficient,ok,131.0,1.9434754772325489,,1.253895410719981,0.0022539909999750307,hierarchy,0.0,,
coverage,6,33,bridge,1.0,equal,32,3,40,0.24193548387096775,3.75,1,borda,ok,131.0,1.9434754772325489,,1.253895410719981,0.0022416029999874354,published_global_clipped_borda,0.0,,
coverage,6,34,bridge,1.0,equal,32,3,40,0.24193548387096775,3.75,2,pl,no_unique_finite_mle,,,,,0.00026290099998504957,hunter_mm,,,
coverage,6,34,bridge,1.0,equal,32,3,40,0.24193548387096775,3.75,2,efficient,ok,99.0,2.0108580056195615,,1.5897120641673752,0.0018644079999887708,hierarchy,0.0,,
coverage,6,34,bridge,1.0,equal,32,3,40,0.24193548387096775,3.75,2,borda,ok,99.0,2.0108580056195615,,1.5897120641673752,0.0017972529999781273,published_global_clipped_borda,0.0,,
coverage,6,35,bridge,1.0,equal,32,3,40,0.24193548387096775,3.75,2,pl,no_unique_finite_mle,,,,,0.00027593600000841434,hunter_mm,,,
coverage,6,35,bridge,1.0,equal,32,3,40,0.24193548387096775,3.75,2,efficient,ok,125.0,1.8082942721533395,,1.0304897334608085,0.00203857799999696,hierarchy,0.0,,
coverage,6,35,bridge,1.0,equal,32,3,40,0.24193548387096775,3.75,2,borda,ok,125.0,1.8082942721533395,,1.0304897334608085,0.0018769090000034794,published_global_clipped_borda,0.0,,
coverage,6,36,bridge,1.0,equal,32,3,40,0.24193548387096775,3.75,1,pl,no_unique_finite_mle,,,,,0.00025892400000770976,hunter_mm,,,
coverage,6,36,bridge,1.0,equal,32,3,40,0.24193548387096775,3.75,1,efficient,ok,187.0,2.0939429265189466,,1.253895410719981,0.0020882449999817254,hierarchy,0.0,,
coverage,6,36,bridge,1.0,equal,32,3,40,0.24193548387096775,3.75,1,borda,ok,187.0,2.0939429265189466,,1.253895410719981,0.0020632189999787443,published_global_clipped_borda,0.0,,
coverage,6,37,bridge,1.0,equal,32,3,40,0.24193548387096775,3.75,0,pl,no_unique_finite_mle,,,,,0.00026482200001964884,hunter_mm,,,
coverage,6,37,bridge,1.0,equal,32,3,40,0.24193548387096775,3.75,0,efficient,ok,123.0,1.8517131599830439,,1.1598951858054984,0.002035599999999249,hierarchy,0.0,,
coverage,6,37,bridge,1.0,equal,32,3,40,0.24193548387096775,3.75,0,borda,ok,123.0,1.8517131599830439,,1.1598951858054984,0.001906910999991851,published_global_clipped_borda,0.0,,
coverage,6,38,bridge,1.0,equal,32,3,40,0.24193548387096775,3.75,0,pl,no_unique_finite_mle,,,,,0.00026130999998486004,hunter_mm,,,
coverage,6,38,bridge,1.0,equal,32,3,40,0.24193548387096775,3.75,0,efficient,ok,117.0,2.201292774567706,,1.8040125588445621,0.0017018180000150096,hierarchy,0.0,,
coverage,6,38,bridge,1.0,equal,32,3,40,0.24193548387096775,3.75,0,borda,ok,117.0,2.201292774567706,,1.8040125588445621,0.0015509979999990264,published_global_clipped_borda,0.0,,
coverage,6,39,bridge,1.0,equal,32,3,40,0.24193548387096775,3.75,0,pl,no_unique_finite_mle,,,,,0.0002679300000067997,hunter_mm,,,
coverage,6,39,bridge,1.0,equal,32,3,40,0.24193548387096775,3.75,0,efficient,ok,124.0,1.9415258182346187,,1.3036838184708461,0.001909277000009979,hierarchy,0.0,,
coverage,6,39,bridge,1.0,equal,32,3,40,0.24193548387096775,3.75,0,borda,ok,124.0,1.9415258182346187,,1.3036838184708461,0.00184184599999071,published_global_clipped_borda,0.0,,
coverage,7,0,bridge,1.0,equal,32,3,160,0.967741935483871,15.0,0,pl,ok,76.0,1.6121510531090535,0.0,,0.00409142400002338,hunter_mm,,121.0,1.1777268049684153e-11
coverage,7,0,bridge,1.0,equal,32,3,160,0.967741935483871,15.0,0,efficient,ok,68.0,1.6289034342116195,0.01675238110256605,0.9121196566486348,0.0014984700000013618,hierarchy,0.0,,
coverage,7,0,bridge,1.0,equal,32,3,160,0.967741935483871,15.0,0,borda,ok,68.0,1.6289034342116195,0.01675238110256605,0.9121196566486348,0.0013474670000164224,published_global_clipped_borda,0.0,,
coverage,7,1,bridge,1.0,equal,32,3,160,0.967741935483871,15.0,0,pl,ok,63.0,1.5743945452633783,0.0,,0.004184938000008742,hunter_mm,,120.0,7.457956474610228e-12
coverage,7,1,bridge,1.0,equal,32,3,160,0.967741935483871,15.0,0,efficient,ok,57.0,1.6243581194110546,0.04996357414767627,1.0829017611782192,0.0019521849999932783,hierarchy,0.0,,
coverage,7,1,bridge,1.0,equal,32,3,160,0.967741935483871,15.0,0,borda,ok,57.0,1.6243581194110546,0.04996357414767627,1.0829017611782192,0.0017926660000000538,published_global_clipped_borda,0.0,,
coverage,7,2,bridge,1.0,equal,32,3,160,0.967741935483871,15.0,0,pl,ok,61.0,1.5919248155931105,0.0,,0.004082528999987289,hunter_mm,,111.0,6.5141558813763826e-12
coverage,7,2,bridge,1.0,equal,32,3,160,0.967741935483871,15.0,0,efficient,ok,69.0,1.617954942426363,0.026030126833252565,0.8654605491756215,0.00153710099999671,hierarchy,0.0,,
coverage,7,2,bridge,1.0,equal,32,3,160,0.967741935483871,15.0,0,borda,ok,69.0,1.617954942426363,0.026030126833252565,0.8654605491756215,0.0014132219999964946,published_global_clipped_borda,0.0,,
coverage,7,3,bridge,1.0,equal,32,3,160,0.967741935483871,15.0,0,pl,ok,77.0,1.5891314877882472,0.0,,0.0034623070000066036,hunter_mm,,98.0,6.4327765336713586e-12
coverage,7,3,bridge,1.0,equal,32,3,160,0.967741935483871,15.0,0,efficient,ok,73.0,1.6478668014238338,0.058735313635586595,0.9408214384867098,0.0014933109999901717,hierarchy,0.0,,
coverage,7,3,bridge,1.0,equal,32,3,160,0.967741935483871,15.0,0,borda,ok,73.0,1.6478668014238338,0.058735313635586595,0.9408214384867098,0.001369844999999259,published_global_clipped_borda,0.0,,
coverage,7,4,bridge,1.0,equal,32,3,160,0.967741935483871,15.0,0,pl,ok,90.0,1.631600616048503,0.0,,0.003792867999976579,hunter_mm,,108.0,1.0134126871008676e-11
coverage,7,4,bridge,1.0,equal,32,3,160,0.967741935483871,15.0,0,efficient,ok,84.0,1.6547378084762876,0.02313719242778456,0.893285189024737,0.0016306089999886808,hierarchy,0.0,,
coverage,7,4,bridge,1.0,equal,32,3,160,0.967741935483871,15.0,0,borda,ok,84.0,1.6547378084762876,0.02313719242778456,0.893285189024737,0.0014942809999922702,published_global_clipped_borda,0.0,,
coverage,7,5,bridge,1.0,equal,32,3,160,0.967741935483871,15.0,0,pl,ok,79.0,1.6148677168572725,0.0,,0.0036684639999862156,hunter_mm,,109.0,9.505984888136254e-12
coverage,7,5,bridge,1.0,equal,32,3,160,0.967741935483871,15.0,0,efficient,ok,84.0,1.6330079726665383,0.018140255809265815,0.9121196566486348,0.0015075660000150037,hierarchy,0.0,,
coverage,7,5,bridge,1.0,equal,32,3,160,0.967741935483871,15.0,0,borda,ok,84.0,1.6330079726665383,0.018140255809265815,0.9121196566486348,0.0013902649999977257,published_global_clipped_borda,0.0,,
coverage,7,6,bridge,1.0,equal,32,3,160,0.967741935483871,15.0,0,pl,ok,77.0,1.628344734909499,0.0,,0.007357317000014518,hunter_mm,,236.0,8.9973029027135e-12
coverage,7,6,bridge,1.0,equal,32,3,160,0.967741935483871,15.0,0,efficient,ok,80.0,1.6322350414877609,0.0038903065782618373,0.8654605491756215,0.0016558349999797883,hierarchy,0.0,,
coverage,7,6,bridge,1.0,equal,32,3,160,0.967741935483871,15.0,0,borda,ok,80.0,1.6322350414877609,0.0038903065782618373,0.8654605491756215,0.0013428759999953854,published_global_clipped_borda,0.0,,
coverage,7,7,bridge,1.0,equal,32,3,160,0.967741935483871,15.0,0,pl,no_unique_finite_mle,,,,,0.00032678800002372554,hunter_mm,,,
coverage,7,7,bridge,1.0,equal,32,3,160,0.967741935483871,15.0,0,efficient,ok,65.0,1.6135128218248562,,0.8201538760195531,0.0014883100000133709,hierarchy,0.0,,
coverage,7,7,bridge,1.0,equal,32,3,160,0.967741935483871,15.0,0,borda,ok,65.0,1.6135128218248562,,0.8201538760195531,0.0013639179999813678,published_global_clipped_borda,0.0,,
coverage,7,8,bridge,1.0,equal,32,3,160,0.967741935483871,15.0,0,pl,ok,71.0,1.6372185895111415,0.0,,0.008066912000003867,hunter_mm,,255.0,1.0962164509464855e-11
coverage,7,8,bridge,1.0,equal,32,3,160,0.967741935483871,15.0,0,efficient,ok,78.0,1.6248127546439588,-0.012405834867182719,0.893285189024737,0.0016810999999847809,hierarchy,0.0,,
coverage,7,8,bridge,1.0,equal,32,3,160,0.967741935483871,15.0,0,borda,ok,78.0,1.6248127546439588,-0.012405834867182719,0.893285189024737,0.0015059449999910157,published_global_clipped_borda,0.0,,
coverage,7,9,bridge,1.0,equal,32,3,160,0.967741935483871,15.0,0,pl,ok,56.0,1.5320172651754458,0.0,,0.005997990999986769,hunter_mm,,181.0,1.7852563871656458e-11
coverage,7,9,bridge,1.0,equal,32,3,160,0.967741935483871,15.0,0,efficient,ok,74.0,1.6051604804854147,0.07314321530996892,0.893285189024737,0.0016296200000169847,hierarchy,0.0,,
coverage,7,9,bridge,1.0,equal,32,3,160,0.967741935483871,15.0,0,borda,ok,74.0,1.6051604804854147,0.07314321530996892,0.893285189024737,0.0015038719999722616,published_global_clipped_borda,0.0,,
coverage,7,10,bridge,1.0,equal,32,3,160,0.967741935483871,15.0,0,pl,ok,63.0,1.5704968721528911,0.0,,0.0045532750000063515,hunter_mm,,141.0,1.021627227260069e-11
coverage,7,10,bridge,1.0,equal,32,3,160,0.967741935483871,15.0,0,efficient,ok,64.0,1.5949181475596932,0.024421275406802057,1.0512145624134868,0.00200653099997794,hierarchy,0.0,,
coverage,7,10,bridge,1.0,equal,32,3,160,0.967741935483871,15.0,0,borda,ok,64.0,1.5949181475596932,0.024421275406802057,1.0512145624134868,0.0019213080000213267,published_global_clipped_borda,0.0,,
coverage,7,11,bridge,1.0,equal,32,3,160,0.967741935483871,15.0,0,pl,ok,60.0,1.5368365303863596,0.0,,0.002851008999982696,hunter_mm,,78.0,5.0121906625122395e-12
coverage,7,11,bridge,1.0,equal,32,3,160,0.967741935483871,15.0,0,efficient,ok,61.0,1.588634704488457,0.051798174102097416,0.893285189024737,0.0016390950000015891,hierarchy,0.0,,
coverage,7,11,bridge,1.0,equal,32,3,160,0.967741935483871,15.0,0,borda,ok,61.0,1.588634704488457,0.051798174102097416,0.893285189024737,0.0015236979999997402,published_global_clipped_borda,0.0,,
coverage,7,12,bridge,1.0,equal,32,3,160,0.967741935483871,15.0,0,pl,ok,55.0,1.4775018968444051,0.0,,0.003143194000017502,hunter_mm,,90.0,7.322953354815809e-12
coverage,7,12,bridge,1.0,equal,32,3,160,0.967741935483871,15.0,0,efficient,ok,56.0,1.5661721156476498,0.08867021880324466,0.8562951883028046,0.001437457000008635,hierarchy,0.0,,
coverage,7,12,bridge,1.0,equal,32,3,160,0.967741935483871,15.0,0,borda,ok,56.0,1.5661721156476498,0.08867021880324466,0.8562951883028046,0.0013448680000180957,published_global_clipped_borda,0.0,,
coverage,7,13,bridge,1.0,equal,32,3,160,0.967741935483871,15.0,0,pl,ok,76.0,1.5785711361144061,0.0,,0.00452593599999318,hunter_mm,,139.0,6.611400316103299e-12
coverage,7,13,bridge,1.0,equal,32,3,160,0.967741935483871,15.0,0,efficient,ok,70.0,1.6036271659117278,0.02505602979732169,0.8023816709371383,0.0015767040000014276,hierarchy,0.0,,
coverage,7,13,bridge,1.0,equal,32,3,160,0.967741935483871,15.0,0,borda,ok,70.0,1.6036271659117278,0.02505602979732169,0.8023816709371383,0.0015063900000029662,published_global_clipped_borda,0.0,,
coverage,7,14,bridge,1.0,equal,32,3,160,0.967741935483871,15.0,0,pl,ok,62.0,1.54923497442523,0.0,,0.0052301039999917975,hunter_mm,,159.0,8.123002270821189e-12
coverage,7,14,bridge,1.0,equal,32,3,160,0.967741935483871,15.0,0,efficient,ok,75.0,1.579483475323085,0.030248500897855024,0.8746799591891227,0.0016123460000017076,hierarchy,0.0,,
coverage,7,14,bridge,1.0,equal,32,3,160,0.967741935483871,15.0,0,borda,ok,75.0,1.579483475323085,0.030248500897855024,0.8746799591891227,0.0014639979999913066,published_global_clipped_borda,0.0,,
coverage,7,15,bridge,1.0,equal,32,3,160,0.967741935483871,15.0,0,pl,ok,45.0,1.5179811114697133,0.0,,0.004187104999999747,hunter_mm,,121.0,5.230027522173941e-12
coverage,7,15,bridge,1.0,equal,32,3,160,0.967741935483871,15.0,0,efficient,ok,43.0,1.5788361528381627,0.060855041368449436,0.9311925669845098,0.0017887610000002496,hierarchy,0.0,,
coverage,7,15,bridge,1.0,equal,32,3,160,0.967741935483871,15.0,0,borda,ok,43.0,1.5788361528381627,0.060855041368449436,0.9311925669845098,0.001473553000010952,published_global_clipped_borda,0.0,,
coverage,7,16,bridge,1.0,equal,32,3,160,0.967741935483871,15.0,0,pl,ok,61.0,1.576977642922238,0.0,,0.005375590999989299,hunter_mm,,166.0,7.600187146294956e-12
coverage,7,16,bridge,1.0,equal,32,3,160,0.967741935483871,15.0,0,efficient,ok,57.0,1.6030471595797597,0.026069516657521774,0.9311925669845098,0.0016545059999941714,hierarchy,0.0,,
coverage,7,16,bridge,1.0,equal,32,3,160,0.967741935483871,15.0,0,borda,ok,57.0,1.6030471595797597,0.026069516657521774,0.9311925669845098,0.0015166439999916292,published_global_clipped_borda,0.0,,
coverage,7,17,bridge,1.0,equal,32,3,160,0.967741935483871,15.0,0,pl,ok,54.0,1.567844120780491,0.0,,0.00438812199999461,hunter_mm,,126.0,8.484479785408893e-12
coverage,7,17,bridge,1.0,equal,32,3,160,0.967741935483871,15.0,0,efficient,ok,61.0,1.6072176771047657,0.03937355632427475,0.9700928470227301,0.0014588539999920158,hierarchy,0.0,,
coverage,7,17,bridge,1.0,equal,32,3,160,0.967741935483871,15.0,0,borda,ok,61.0,1.6072176771047657,0.03937355632427475,0.9700928470227301,0.0013475229999926341,published_global_clipped_borda,0.0,,
coverage,7,18,bridge,1.0,equal,32,3,160,0.967741935483871,15.0,0,pl,ok,66.0,1.6314078902155402,0.0,,0.00628869700000223,hunter_mm,,195.0,6.004419184080234e-12
coverage,7,18,bridge,1.0,equal,32,3,160,0.967741935483871,15.0,0,efficient,ok,65.0,1.6290756942279025,-0.002332195987637675,0.9026732031285281,0.0016504820000022846,hierarchy,0.0,,
coverage,7,18,bridge,1.0,equal,32,3,160,0.967741935483871,15.0,0,borda,ok,65.0,1.6290756942279025,-0.002332195987637675,0.9026732031285281,0.0014995710000107465,published_global_clipped_borda,0.0,,
coverage,7,19,bridge,1.0,equal,32,3,160,0.967741935483871,15.0,0,pl,ok,67.0,1.5315152600308224,0.0,,0.0027454470000236597,hunter_mm,,77.0,6.983957856476764e-12
coverage,7,19,bridge,1.0,equal,32,3,160,0.967741935483871,15.0,0,efficient,ok,59.0,1.599303531155984,0.06778827112516161,0.7935669216188475,0.0018100220000007994,hierarchy,0.0,,
coverage,7,19,bridge,1.0,equal,32,3,160,0.967741935483871,15.0,0,borda,ok,59.0,1.599303531155984,0.06778827112516161,0.7935669216188475,0.0015018710000163082,published_global_clipped_borda,0.0,,
coverage,7,20,bridge,1.0,equal,32,3,160,0.967741935483871,15.0,0,pl,ok,72.0,1.6147564713735143,0.0,,0.0043395319999888216,hunter_mm,,130.0,1.1360978824370705e-11
coverage,7,20,bridge,1.0,equal,32,3,160,0.967741935483871,15.0,0,efficient,ok,71.0,1.6252118503310964,0.010455378957582084,0.9505135807967282,0.001525372999992669,hierarchy,0.0,,
coverage,7,20,bridge,1.0,equal,32,3,160,0.967741935483871,15.0,0,borda,ok,71.0,1.6252118503310964,0.010455378957582084,0.9505135807967282,0.0013903139999911218,published_global_clipped_borda,0.0,,
coverage,7,21,bridge,1.0,equal,32,3,160,0.967741935483871,15.0,0,pl,ok,55.0,1.5843580314667152,0.0,,0.00448952400000735,hunter_mm,,136.0,9.993261773644236e-12
coverage,7,21,bridge,1.0,equal,32,3,160,0.967741935483871,15.0,0,efficient,ok,58.0,1.6307035851995693,0.046345553732854095,0.9899410379560349,0.0015163440000094397,hierarchy,0.0,,
coverage,7,21,bridge,1.0,equal,32,3,160,0.967741935483871,15.0,0,borda,ok,58.0,1.6307035851995693,0.046345553732854095,0.9899410379560349,0.0013725700000009056,published_global_clipped_borda,0.0,,
coverage,7,22,bridge,1.0,equal,32,3,160,0.967741935483871,15.0,0,pl,ok,64.0,1.5478044086769311,0.0,,0.0038050440000176877,hunter_mm,,110.0,6.272016239705636e-12
coverage,7,22,bridge,1.0,equal,32,3,160,0.967741935483871,15.0,0,efficient,ok,72.0,1.6348966684742248,0.08709225979729363,0.8381224961879934,0.0015070100000116327,hierarchy,0.0,,
coverage,7,22,bridge,1.0,equal,32,3,160,0.967741935483871,15.0,0,borda,ok,72.0,1.6348966684742248,0.08709225979729363,0.8381224961879934,0.0014231600000016442,published_global_clipped_borda,0.0,,
coverage,7,23,bridge,1.0,equal,32,3,160,0.967741935483871,15.0,0,pl,ok,86.0,1.7330380672776622,0.0,,0.0058394129999896904,hunter_mm,,178.0,4.913741635803604e-12
coverage,7,23,bridge,1.0,equal,32,3,160,0.967741935483871,15.0,0,efficient,ok,97.0,1.675621033859192,-0.057417033418470265,0.9408214384867098,0.0015132300000004761,hierarchy,0.0,,
coverage,7,23,bridge,1.0,equal,32,3,160,0.967741935483871,15.0,0,borda,ok,97.0,1.675621033859192,-0.057417033418470265,0.9408214384867098,0.0013460600000030354,published_global_clipped_borda,0.0,,
coverage,7,24,bridge,1.0,equal,32,3,160,0.967741935483871,15.0,0,pl,ok,53.0,1.5343833571623908,0.0,,0.005625613999995949,hunter_mm,,170.0,1.0161282926191006e-11
coverage,7,24,bridge,1.0,equal,32,3,160,0.967741935483871,15.0,0,efficient,ok,50.0,1.5781714553843011,0.04378809822191032,0.8746799591891227,0.0015827889999968647,hierarchy,0.0,,
coverage,7,24,bridge,1.0,equal,32,3,160,0.967741935483871,15.0,0,borda,ok,50.0,1.5781714553843011,0.04378809822191032,0.8746799591891227,0.0014847440000096412,published_global_clipped_borda,0.0,,
coverage,7,25,bridge,1.0,equal,32,3,160,0.967741935483871,15.0,0,pl,ok,52.0,1.545089267226418,0.0,,0.003364634000007527,hunter_mm,,98.0,1.0294476382455286e-11
coverage,7,25,bridge,1.0,equal,32,3,160,0.967741935483871,15.0,0,efficient,ok,66.0,1.6263269737543726,0.08123770652795459,0.9311925669845098,0.0016084119999959512,hierarchy,0.0,,
coverage,7,25,bridge,1.0,equal,32,3,160,0.967741935483871,15.0,0,borda,ok,66.0,1.6263269737543726,0.08123770652795459,0.9311925669845098,0.001470701999977564,published_global_clipped_borda,0.0,,
coverage,7,26,bridge,1.0,equal,32,3,160,0.967741935483871,15.0,0,pl,ok,63.0,1.564245267764203,0.0,,0.006291194999988647,hunter_mm,,198.0,1.2750556166452043e-11
coverage,7,26,bridge,1.0,equal,32,3,160,0.967741935483871,15.0,0,efficient,ok,61.0,1.6210307733845684,0.05678550562036544,0.8746799591891227,0.0016402249999885044,hierarchy,0.0,,
coverage,7,26,bridge,1.0,equal,32,3,160,0.967741935483871,15.0,0,borda,ok,61.0,1.6210307733845684,0.05678550562036544,0.8746799591891227,0.0014908009999885508,published_global_clipped_borda,0.0,,
coverage,7,27,bridge,1.0,equal,32,3,160,0.967741935483871,15.0,0,pl,ok,55.0,1.5666416339201323,0.0,,0.004174736000010171,hunter_mm,,122.0,1.0049205911855097e-11
coverage,7,27,bridge,1.0,equal,32,3,160,0.967741935483871,15.0,0,efficient,ok,50.0,1.5743870695000337,0.007745435579901372,0.9216257137292481,0.0016489859999921919,hierarchy,0.0,,
coverage,7,27,bridge,1.0,equal,32,3,160,0.967741935483871,15.0,0,borda,ok,50.0,1.5743870695000337,0.007745435579901372,0.9216257137292481,0.0015376300000013998,published_global_clipped_borda,0.0,,
coverage,7,28,bridge,1.0,equal,32,3,160,0.967741935483871,15.0,0,pl,ok,64.0,1.523028821907927,0.0,,0.003907996999998886,hunter_mm,,113.0,6.1668115058921554e-12
coverage,7,28,bridge,1.0,equal,32,3,160,0.967741935483871,15.0,0,efficient,ok,73.0,1.5744827292218706,0.0514539073139435,0.9408214384867098,0.0014651989999947546,hierarchy,0.0,,
coverage,7,28,bridge,1.0,equal,32,3,160,0.967741935483871,15.0,0,borda,ok,73.0,1.5744827292218706,0.0514539073139435,0.9408214384867098,0.0013056500000061533,published_global_clipped_borda,0.0,,
coverage,7,29,bridge,1.0,equal,32,3,160,0.967741935483871,15.0,0,pl,ok,70.0,1.5724681122355182,0.0,,0.004063766999991003,hunter_mm,,118.0,6.840394917162485e-12
coverage,7,29,bridge,1.0,equal,32,3,160,0.967741935483871,15.0,0,efficient,ok,74.0,1.6262279083386397,0.05375979610312154,0.9408214384867098,0.0015025269999853208,hierarchy,0.0,,
coverage,7,29,bridge,1.0,equal,32,3,160,0.967741935483871,15.0,0,borda,ok,74.0,1.6262279083386397,0.05375979610312154,0.9408214384867098,0.0013554109999915909,published_global_clipped_borda,0.0,,
coverage,7,30,bridge,1.0,equal,32,3,160,0.967741935483871,15.0,0,pl,ok,60.0,1.5308920099272665,0.0,,0.004361525000007305,hunter_mm,,126.0,8.408407303761578e-12
coverage,7,30,bridge,1.0,equal,32,3,160,0.967741935483871,15.0,0,efficient,ok,72.0,1.602231015524446,0.07133900559717943,0.7501717836102606,0.0019229479999864907,hierarchy,0.0,,
coverage,7,30,bridge,1.0,equal,32,3,160,0.967741935483871,15.0,0,borda,ok,72.0,1.602231015524446,0.07133900559717943,0.7501717836102606,0.0019835579999778474,published_global_clipped_borda,0.0,,
coverage,7,31,bridge,1.0,equal,32,3,160,0.967741935483871,15.0,0,pl,ok,69.0,1.554427217889072,0.0,,0.003274782000005416,hunter_mm,,91.0,8.046041610754174e-12
coverage,7,31,bridge,1.0,equal,32,3,160,0.967741935483871,15.0,0,efficient,ok,67.0,1.60527749141072,0.05085027352164806,0.9700928470227301,0.0015650019999782216,hierarchy,0.0,,
coverage,7,31,bridge,1.0,equal,32,3,160,0.967741935483871,15.0,0,borda,ok,67.0,1.60527749141072,0.05085027352164806,0.9700928470227301,0.0013661989999889101,published_global_clipped_borda,0.0,,
coverage,7,32,bridge,1.0,equal,32,3,160,0.967741935483871,15.0,0,pl,ok,75.0,1.669247082692411,0.0,,0.004899246000007906,hunter_mm,,138.0,9.094014430388598e-12
coverage,7,32,bridge,1.0,equal,32,3,160,0.967741935483871,15.0,0,efficient,ok,69.0,1.6180829984751208,-0.05116408421729024,0.9505135807967282,0.0015442649999783953,hierarchy,0.0,,
coverage,7,32,bridge,1.0,equal,32,3,160,0.967741935483871,15.0,0,borda,ok,69.0,1.6180829984751208,-0.05116408421729024,0.9505135807967282,0.0013745739999819762,published_global_clipped_borda,0.0,,
coverage,7,33,bridge,1.0,equal,32,3,160,0.967741935483871,15.0,0,pl,ok,49.0,1.5516966771075573,0.0,,0.00500468499998874,hunter_mm,,152.0,8.945977292285079e-12
coverage,7,33,bridge,1.0,equal,32,3,160,0.967741935483871,15.0,0,efficient,ok,56.0,1.6079349413265802,0.05623826421902289,0.9899410379560349,0.0014945519999969292,hierarchy,0.0,,
coverage,7,33,bridge,1.0,equal,32,3,160,0.967741935483871,15.0,0,borda,ok,56.0,1.6079349413265802,0.05623826421902289,0.9899410379560349,0.0013470460000064577,published_global_clipped_borda,0.0,,
coverage,7,34,bridge,1.0,equal,32,3,160,0.967741935483871,15.0,0,pl,ok,67.0,1.499084293709064,0.0,,0.0027906519999874035,hunter_mm,,74.0,7.405454027775704e-12
coverage,7,34,bridge,1.0,equal,32,3,160,0.967741935483871,15.0,0,efficient,ok,68.0,1.587212498417651,0.08812820470858695,0.7162207812034819,0.0014331829999889578,hierarchy,0.0,,
coverage,7,34,bridge,1.0,equal,32,3,160,0.967741935483871,15.0,0,borda,ok,68.0,1.587212498417651,0.08812820470858695,0.7162207812034819,0.001376498000013271,published_global_clipped_borda,0.0,,
coverage,7,35,bridge,1.0,equal,32,3,160,0.967741935483871,15.0,0,pl,ok,64.0,1.5448834834017569,0.0,,0.0037907490000179678,hunter_mm,,109.0,6.9384720191578705e-12
coverage,7,35,bridge,1.0,equal,32,3,160,0.967741935483871,15.0,0,efficient,ok,72.0,1.6253612170015261,0.08047773359976929,0.9999694677503581,0.0013195759999860002,hierarchy,0.0,,
coverage,7,35,bridge,1.0,equal,32,3,160,0.967741935483871,15.0,0,borda,ok,72.0,1.6253612170015261,0.08047773359976929,0.9999694677503581,0.0012287559999890618,published_global_clipped_borda,0.0,,
coverage,7,36,bridge,1.0,equal,32,3,160,0.967741935483871,15.0,0,pl,no_unique_finite_mle,,,,,0.00035909999999717,hunter_mm,,,
coverage,7,36,bridge,1.0,equal,32,3,160,0.967741935483871,15.0,0,efficient,ok,71.0,1.5673255002995894,,0.8654605491756215,0.0015246680000018387,hierarchy,0.0,,
coverage,7,36,bridge,1.0,equal,32,3,160,0.967741935483871,15.0,0,borda,ok,71.0,1.5673255002995894,,0.8654605491756215,0.0013856369999984963,published_global_clipped_borda,0.0,,
coverage,7,37,bridge,1.0,equal,32,3,160,0.967741935483871,15.0,0,pl,ok,55.0,1.5886757529711422,0.0,,0.005140310000001591,hunter_mm,,145.0,1.1722167680972006e-11
coverage,7,37,bridge,1.0,equal,32,3,160,0.967741935483871,15.0,0,efficient,ok,67.0,1.6296846123237887,0.04100885935264653,0.9216257137292481,0.0017736060000004272,hierarchy,0.0,,
coverage,7,37,bridge,1.0,equal,32,3,160,0.967741935483871,15.0,0,borda,ok,67.0,1.6296846123237887,0.04100885935264653,0.9216257137292481,0.0015335549999804243,published_global_clipped_borda,0.0,,
coverage,7,38,bridge,1.0,equal,32,3,160,0.967741935483871,15.0,0,pl,ok,86.0,1.6174880969883163,0.0,,0.003317500000008522,hunter_mm,,93.0,6.907030503100486e-12
coverage,7,38,bridge,1.0,equal,32,3,160,0.967741935483871,15.0,0,efficient,ok,85.0,1.6537971544804155,0.03630905749209923,0.9311925669845098,0.0016360060000124577,hierarchy,0.0,,
coverage,7,38,bridge,1.0,equal,32,3,160,0.967741935483871,15.0,0,borda,ok,85.0,1.6537971544804155,0.03630905749209923,0.9311925669845098,0.001445670999999038,published_global_clipped_borda,0.0,,
coverage,7,39,bridge,1.0,equal,32,3,160,0.967741935483871,15.0,0,pl,no_unique_finite_mle,,,,,0.00036135899998157583,hunter_mm,,,
coverage,7,39,bridge,1.0,equal,32,3,160,0.967741935483871,15.0,0,efficient,ok,89.0,1.6533800952176372,,0.8839544777149907,0.0015981749999980366,hierarchy,0.0,,
coverage,7,39,bridge,1.0,equal,32,3,160,0.967741935483871,15.0,0,borda,ok,89.0,1.6533800952176372,,0.8839544777149907,0.0013926830000059454,published_global_clipped_borda,0.0,,
coverage,8,0,bridge,1.0,equal,32,3,640,3.870967741935484,60.0,0,pl,ok,30.0,1.4681689633217125,0.0,,0.004423143999986223,hunter_mm,,65.0,8.058198552873819e-12
coverage,8,0,bridge,1.0,equal,32,3,640,3.870967741935484,60.0,0,efficient,outside_schedule_domain,,,,,7.014499999513646e-05,unavailable,,,
coverage,8,0,bridge,1.0,equal,32,3,640,3.870967741935484,60.0,0,borda,ok,34.0,1.5436278425977283,0.0754588792760158,0.8403827617715223,0.0016854990000183534,published_global_clipped_borda,0.0,,
coverage,8,1,bridge,1.0,equal,32,3,640,3.870967741935484,60.0,0,pl,ok,27.0,1.4581805284188252,0.0,,0.004590774000007514,hunter_mm,,72.0,7.888822928237004e-12
coverage,8,1,bridge,1.0,equal,32,3,640,3.870967741935484,60.0,0,efficient,outside_schedule_domain,,,,,6.708799998023096e-05,unavailable,,,
coverage,8,1,bridge,1.0,equal,32,3,640,3.870967741935484,60.0,0,borda,ok,29.0,1.5413083361690707,0.08312780775024553,0.7566112958614878,0.0016191389999846706,published_global_clipped_borda,0.0,,
coverage,8,2,bridge,1.0,equal,32,3,640,3.870967741935484,60.0,0,pl,ok,21.0,1.457328637036611,0.0,,0.00518711400002303,hunter_mm,,78.0,6.672873364976795e-12
coverage,8,2,bridge,1.0,equal,32,3,640,3.870967741935484,60.0,0,efficient,outside_schedule_domain,,,,,7.263300000204254e-05,unavailable,,,
coverage,8,2,bridge,1.0,equal,32,3,640,3.870967741935484,60.0,0,borda,ok,21.0,1.5458556856042538,0.08852704856764282,0.8023816709371383,0.001650901999994403,published_global_clipped_borda,0.0,,
coverage,8,3,bridge,1.0,equal,32,3,640,3.870967741935484,60.0,0,pl,ok,22.0,1.4607713225137826,0.0,,0.004997151999987182,hunter_mm,,76.0,5.844413841771257e-12
coverage,8,3,bridge,1.0,equal,32,3,640,3.870967741935484,60.0,0,efficient,outside_schedule_domain,,,,,7.064100000775397e-05,unavailable,,,
coverage,8,3,bridge,1.0,equal,32,3,640,3.870967741935484,60.0,0,borda,ok,29.0,1.5422148256227115,0.0814435031089289,0.822389058306495,0.0014750500000104694,published_global_clipped_borda,0.0,,
coverage,8,4,bridge,1.0,equal,32,3,640,3.870967741935484,60.0,0,pl,ok,30.0,1.4817973662041568,0.0,,0.004536256999983834,hunter_mm,,68.0,7.028133630626599e-12
coverage,8,4,bridge,1.0,equal,32,3,640,3.870967741935484,60.0,0,efficient,outside_schedule_domain,,,,,7.016300000373121e-05,unavailable,,,
coverage,8,4,bridge,1.0,equal,32,3,640,3.870967741935484,60.0,0,borda,ok,27.0,1.5546432001896693,0.07284583398551248,0.8246273238228219,0.0016966539999998531,published_global_clipped_borda,0.0,,
coverage,8,5,bridge,1.0,equal,32,3,640,3.870967741935484,60.0,0,pl,ok,32.0,1.4593380215673903,0.0,,0.0050610790000007455,hunter_mm,,77.0,6.818090536597765e-12
coverage,8,5,bridge,1.0,equal,32,3,640,3.870967741935484,60.0,0,efficient,outside_schedule_domain,,,,,7.092299998134877e-05,unavailable,,,
coverage,8,5,bridge,1.0,equal,32,3,640,3.870967741935484,60.0,0,borda,ok,44.0,1.5520130394003662,0.09267501783297583,0.7891769941826926,0.001506648000002997,published_global_clipped_borda,0.0,,
coverage,8,6,bridge,1.0,equal,32,3,640,3.870967741935484,60.0,0,pl,ok,32.0,1.4875128840753185,0.0,,0.00451289000000088,hunter_mm,,67.0,6.227462989727428e-12
coverage,8,6,bridge,1.0,equal,32,3,640,3.870967741935484,60.0,0,efficient,outside_schedule_domain,,,,,8.26050000171108e-05,unavailable,,,
coverage,8,6,bridge,1.0,equal,32,3,640,3.870967741935484,60.0,0,borda,ok,30.0,1.5556823563855462,0.06816947231022774,0.7652348319123792,0.001521522999979652,published_global_clipped_borda,0.0,,
coverage,8,7,bridge,1.0,equal,32,3,640,3.870967741935484,60.0,0,pl,ok,36.0,1.4769331009969324,0.0,,0.005052954999996473,hunter_mm,,77.0,6.996425661043304e-12
coverage,8,7,bridge,1.0,equal,32,3,640,3.870967741935484,60.0,0,efficient,outside_schedule_domain,,,,,6.87870000035673e-05,unavailable,,,
coverage,8,7,bridge,1.0,equal,32,3,640,3.870967741935484,60.0,0,borda,ok,41.0,1.5775603786259047,0.10062727762897228,0.8816306227976907,0.001683336000013469,published_global_clipped_borda,0.0,,
coverage,8,8,bridge,1.0,equal,32,3,640,3.870967741935484,60.0,0,pl,ok,23.0,1.4510258701479224,0.0,,0.005141269999995757,hunter_mm,,80.0,6.8244077056078826e-12
coverage,8,8,bridge,1.0,equal,32,3,640,3.870967741935484,60.0,0,efficient,outside_schedule_domain,,,,,6.845799998700386e-05,unavailable,,,
coverage,8,8,bridge,1.0,equal,32,3,640,3.870967741935484,60.0,0,borda,ok,26.0,1.5495890761545315,0.09856320600660906,0.7609176619476661,0.0016047700000001441,published_global_clipped_borda,0.0,,
coverage,8,9,bridge,1.0,equal,32,3,640,3.870967741935484,60.0,0,pl,ok,31.0,1.4295683649430153,0.0,,0.005369020000017599,hunter_mm,,84.0,5.632094790541942e-12
coverage,8,9,bridge,1.0,equal,32,3,640,3.870967741935484,60.0,0,efficient,outside_schedule_domain,,,,,6.881100000555307e-05,unavailable,,,
coverage,8,9,bridge,1.0,equal,32,3,640,3.870967741935484,60.0,0,borda,ok,37.0,1.528374192415693,0.09880582747267774,0.833611514305544,0.001679277999983242,published_global_clipped_borda,0.0,,
coverage,8,10,bridge,1.0,equal,32,3,640,3.870967741935484,60.0,0,pl,ok,32.0,1.4923318912493904,0.0,,0.005479832000020224,hunter_mm,,85.0,6.8887673343454026e-12
coverage,8,10,bridge,1.0,equal,32,3,640,3.870967741935484,60.0,0,efficient,outside_schedule_domain,,,,,7.095899999853827e-05,unavailable,,,
coverage,8,10,bridge,1.0,equal,32,3,640,3.870967741935484,60.0,0,borda,ok,37.0,1.5671585599273308,0.07482666867794041,0.8403827617715223,0.0016677819999983967,published_global_clipped_borda,0.0,,
coverage,8,11,bridge,1.0,equal,32,3,640,3.870967741935484,60.0,0,pl,ok,35.0,1.4645084580542815,0.0,,0.005247043999986545,hunter_mm,,81.0,6.891298642841548e-12
coverage,8,11,bridge,1.0,equal,32,3,640,3.870967741935484,60.0,0,efficient,outside_schedule_domain,,,,,7.004500000107328e-05,unavailable,,,
coverage,8,11,bridge,1.0,equal,32,3,640,3.870967741935484,60.0,0,borda,ok,34.0,1.560227350542019,0.09571889248773746,0.748030572829216,0.0016553190000081486,published_global_clipped_borda,0.0,,
coverage,8,12,bridge,1.0,equal,32,3,640,3.870967741935484,60.0,0,pl,ok,27.0,1.4615926286814847,0.0,,0.00435549400000923,hunter_mm,,64.0,8.58095816624882e-12
coverage,8,12,bridge,1.0,equal,32,3,640,3.870967741935484,60.0,0,efficient,outside_schedule_domain,,,,,6.92839999771877e-05,unavailable,,,
coverage,8,12,bridge,1.0,equal,32,3,640,3.870967741935484,60.0,0,borda,ok,33.0,1.548783821662502,0.0871911929810174,0.7673975001578666,0.0015023230000110743,published_global_clipped_borda,0.0,,
coverage,8,13,bridge,1.0,equal,32,3,640,3.870967741935484,60.0,0,pl,ok,35.0,1.508523423199232,0.0,,0.00474216599999977,hunter_mm,,75.0,5.50151035838553e-12
coverage,8,13,bridge,1.0,equal,32,3,640,3.870967741935484,60.0,0,efficient,outside_schedule_domain,,,,,7.013900000174544e-05,unavailable,,,
coverage,8,13,bridge,1.0,equal,32,3,640,3.870967741935484,60.0,0,borda,ok,40.0,1.5658969144916073,0.057373491292375345,0.7913705154033966,0.0016752600000131679,published_global_clipped_borda,0.0,,
coverage,8,14,bridge,1.0,equal,32,3,640,3.870967741935484,60.0,0,pl,ok,34.0,1.449049149805274,0.0,,0.005373821000006274,hunter_mm,,83.0,6.121114726198584e-12
coverage,8,14,bridge,1.0,equal,32,3,640,3.870967741935484,60.0,0,efficient,outside_schedule_domain,,,,,7.030100002225481e-05,unavailable,,,
coverage,8,14,bridge,1.0,equal,32,3,640,3.870967741935484,60.0,0,borda,ok,34.0,1.5569182675011861,0.10786911769591212,0.8769933804750659,0.001657149999999774,published_global_clipped_borda,0.0,,
coverage,8,15,bridge,1.0,equal,32,3,640,3.870967741935484,60.0,0,pl,ok,34.0,1.4674695153923425,0.0,,0.004851269999988972,hunter_mm,,76.0,5.925626656022587e-12
coverage,8,15,bridge,1.0,equal,32,3,640,3.870967741935484,60.0,0,efficient,outside_schedule_domain,,,,,6.777599998031292e-05,unavailable,,,
coverage,8,15,bridge,1.0,equal,32,3,640,3.870967741935484,60.0,0,borda,ok,37.0,1.5727489849417664,0.10527946954942391,0.8631641826967115,0.0018410970000104498,published_global_clipped_borda,0.0,,
coverage,8,16,bridge,1.0,equal,32,3,640,3.870967741935484,60.0,0,pl,ok,35.0,1.4849411422406358,0.0,,0.004746487999994997,hunter_mm,,71.0,9.75020064686305e-12
coverage,8,16,bridge,1.0,equal,32,3,640,3.870967741935484,60.0,0,efficient,outside_schedule_domain,,,,,7.534800002417796e-05,unavailable,,,
coverage,8,16,bridge,1.0,equal,32,3,640,3.870967741935484,60.0,0,borda,ok,44.0,1.573741607848904,0.08880046560826815,0.8494560137286649,0.001670020000005934,published_global_clipped_borda,0.0,,
coverage,8,17,bridge,1.0,equal,32,3,640,3.870967741935484,60.0,0,pl,ok,23.0,1.4541756296824877,0.0,,0.004578995000002806,hunter_mm,,69.0,6.603539937088954e-12
coverage,8,17,bridge,1.0,equal,32,3,640,3.870967741935484,60.0,0,efficient,outside_schedule_domain,,,,,7.102199998598735e-05,unavailable,,,
coverage,8,17,bridge,1.0,equal,32,3,640,3.870967741935484,60.0,0,borda,ok,26.0,1.5370294872239452,0.08285385754145747,0.8023816709371383,0.0017231079999930898,published_global_clipped_borda,0.0,,
coverage,8,18,bridge,1.0,equal,32,3,640,3.870967741935484,60.0,0,pl,ok,30.0,1.4697775103940527,0.0,,0.004755303999985472,hunter_mm,,72.0,6.0656479838883115e-12
coverage,8,18,bridge,1.0,equal,32,3,640,3.870967741935484,60.0,0,efficient,outside_schedule_domain,,,,,7.3888000002853e-05,unavailable,,,
coverage,8,18,bridge,1.0,equal,32,3,640,3.870967741935484,60.0,0,borda,ok,38.0,1.5494689031827584,0.07969139278870574,0.8179217622977756,0.0015140309999992496,published_global_clipped_borda,0.0,,
coverage,8,19,bridge,1.0,equal,32,3,640,3.870967741935484,60.0,0,pl,ok,26.0,1.4781934205869043,0.0,,0.004485818999995672,hunter_mm,,68.0,6.173572764112123e-12
coverage,8,19,bridge,1.0,equal,32,3,640,3.870967741935484,60.0,0,efficient,outside_schedule_domain,,,,,6.779000000278756e-05,unavailable,,,
coverage,8,19,bridge,1.0,equal,32,3,640,3.870967741935484,60.0,0,borda,ok,28.0,1.5451301697521018,0.06693674916519754,0.8358654187803607,0.0016922119999946972,published_global_clipped_borda,0.0,,
coverage,8,20,bridge,1.0,equal,32,3,640,3.870967741935484,60.0,0,pl,ok,28.0,1.4570299003311633,0.0,,0.004673225999994202,hunter_mm,,72.0,7.2407968509935475e-12
coverage,8,20,bridge,1.0,equal,32,3,640,3.870967741935484,60.0,0,efficient,outside_schedule_domain,,,,,6.795999999553715e-05,unavailable,,,
coverage,8,20,bridge,1.0,equal,32,3,640,3.870967741935484,60.0,0,borda,ok,30.0,1.5550535755468733,0.09802367521570998,0.8494560137286649,0.0016378400000007787,published_global_clipped_borda,0.0,,
coverage,8,21,bridge,1.0,equal,32,3,640,3.870967741935484,60.0,0,pl,ok,25.0,1.5024156437597873,0.0,,0.005075943000008465,hunter_mm,,79.0,8.75544081679891e-12
coverage,8,21,bridge,1.0,equal,32,3,640,3.870967741935484,60.0,0,efficient,outside_schedule_domain,,,,,7.331800000542898e-05,unavailable,,,
coverage,8,21,bridge,1.0,equal,32,3,640,3.870967741935484,60.0,0,borda,ok,23.0,1.567370687745939,0.0649550439861517,0.8494560137286649,0.0016499259999989135,published_global_clipped_borda,0.0,,
coverage,8,22,bridge,1.0,equal,32,3,640,3.870967741935484,60.0,0,pl,ok,27.0,1.4515906071362403,0.0,,0.005076624999986734,hunter_mm,,77.0,5.41647837692949e-12
coverage,8,22,bridge,1.0,equal,32,3,640,3.870967741935484,60.0,0,efficient,outside_schedule_domain,,,,,7.088600000315637e-05,unavailable,,,
coverage,8,22,bridge,1.0,equal,32,3,640,3.870967741935484,60.0,0,borda,ok,30.0,1.5391217976921814,0.08753119055594105,0.8723699820636429,0.0016776520000121309,published_global_clipped_borda,0.0,,
coverage,8,23,bridge,1.0,equal,32,3,640,3.870967741935484,60.0,0,pl,ok,35.0,1.4896515979794906,0.0,,0.005310629000007339,hunter_mm,,80.0,6.33743058031655e-12
coverage,8,23,bridge,1.0,equal,32,3,640,3.870967741935484,60.0,0,efficient,outside_schedule_domain,,,,,8.002399999895715e-05,unavailable,,,
coverage,8,23,bridge,1.0,equal,32,3,640,3.870967741935484,60.0,0,borda,ok,36.0,1.5729509938692305,0.08329939588973989,0.8654605491756215,0.0015232510000089405,published_global_clipped_borda,0.0,,
coverage,8,24,bridge,1.0,equal,32,3,640,3.870967741935484,60.0,0,pl,ok,31.0,1.489881894997759,0.0,,0.004711650000018608,hunter_mm,,72.0,6.565381571732587e-12
coverage,8,24,bridge,1.0,equal,32,3,640,3.870967741935484,60.0,0,efficient,outside_schedule_domain,,,,,8.003799999301009e-05,unavailable,,,
coverage,8,24,bridge,1.0,equal,32,3,640,3.870967741935484,60.0,0,borda,ok,38.0,1.5745561268179162,0.08467423182015721,0.7695629076747054,0.001507015000015599,published_global_clipped_borda,0.0,,
coverage,8,25,bridge,1.0,equal,32,3,640,3.870967741935484,60.0,0,pl,ok,35.0,1.494447780291099,0.0,,0.0050961489999963305,hunter_mm,,79.0,8.191602951512777e-12
coverage,8,25,bridge,1.0,equal,32,3,640,3.870967741935484,60.0,0,efficient,outside_schedule_domain,,,,,6.593000000520988e-05,unavailable,,,
coverage,8,25,bridge,1.0,equal,32,3,640,3.870967741935484,60.0,0,borda,ok,41.0,1.5731730476182488,0.0787252673271499,0.8862818445556284,0.0016539300000033563,published_global_clipped_borda,0.0,,
coverage,8,26,bridge,1.0,equal,32,3,640,3.870967741935484,60.0,0,pl,ok,34.0,1.4775789737631122,0.0,,0.004746801999999661,hunter_mm,,73.0,7.572120708232433e-12
coverage,8,26,bridge,1.0,equal,32,3,640,3.870967741935484,60.0,0,efficient,outside_schedule_domain,,,,,6.703400001129012e-05,unavailable,,,
coverage,8,26,bridge,1.0,equal,32,3,640,3.870967741935484,60.0,0,borda,ok,37.0,1.5547257840499984,0.07714681028688619,0.8769933804750659,0.0016643769999973301,published_global_clipped_borda,0.0,,
coverage,8,27,bridge,1.0,equal,32,3,640,3.870967741935484,60.0,0,pl,ok,36.0,1.4502693710174954,0.0,,0.005187763000009227,hunter_mm,,80.0,6.863076773555576e-12
coverage,8,27,bridge,1.0,equal,32,3,640,3.870967741935484,60.0,0,efficient,outside_schedule_domain,,,,,6.72370000245337e-05,unavailable,,,
coverage,8,27,bridge,1.0,equal,32,3,640,3.870967741935484,60.0,0,borda,ok,50.0,1.5382024420021692,0.08793307098467373,0.7891769941826926,0.0015097520000040276,published_global_clipped_borda,0.0,,
coverage,8,28,bridge,1.0,equal,32,3,640,3.870967741935484,60.0,0,pl,ok,30.0,1.501142855475772,0.0,,0.005846410999993168,hunter_mm,,93.0,7.1591954586835985e-12
coverage,8,28,bridge,1.0,equal,32,3,640,3.870967741935484,60.0,0,efficient,outside_schedule_domain,,,,,7.166199998209777e-05,unavailable,,,
coverage,8,28,bridge,1.0,equal,32,3,640,3.870967741935484,60.0,0,borda,ok,29.0,1.5434484092101715,0.04230555373439948,0.822389058306495,0.0015465140000117117,published_global_clipped_borda,0.0,,
coverage,8,29,bridge,1.0,equal,32,3,640,3.870967741935484,60.0,0,pl,ok,32.0,1.473842005175083,0.0,,0.005947939999998653,hunter_mm,,94.0,7.402389812227739e-12
coverage,8,29,bridge,1.0,equal,32,3,640,3.870967741935484,60.0,0,efficient,outside_schedule_domain,,,,,7.653000000118482e-05,unavailable,,,
coverage,8,29,bridge,1.0,equal,32,3,640,3.870967741935484,60.0,0,borda,ok,35.0,1.5466672899203284,0.07282528474524552,0.8426462308593962,0.001531990999978916,published_global_clipped_borda,0.0,,
coverage,8,30,bridge,1.0,equal,32,3,640,3.870967741935484,60.0,0,pl,ok,35.0,1.4763869425355347,0.0,,0.006146202999985917,hunter_mm,,99.0,7.150058323190933e-12
coverage,8,30,bridge,1.0,equal,32,3,640,3.870967741935484,60.0,0,efficient,outside_schedule_domain,,,,,7.148800000322808e-05,unavailable,,,
coverage,8,30,bridge,1.0,equal,32,3,640,3.870967741935484,60.0,0,borda,ok,39.0,1.5719868658162115,0.09559992328067679,0.7739019922089667,0.0017578050000111034,published_global_clipped_borda,0.0,,
coverage,8,31,bridge,1.0,equal,32,3,640,3.870967741935484,60.0,0,pl,ok,46.0,1.4671885787574444,0.0,,0.00432220900000857,hunter_mm,,65.0,6.073574976284135e-12
coverage,8,31,bridge,1.0,equal,32,3,640,3.870967741935484,60.0,0,efficient,outside_schedule_domain,,,,,6.944300000100156e-05,unavailable,,,
coverage,8,31,bridge,1.0,equal,32,3,640,3.870967741935484,60.0,0,borda,ok,40.0,1.559824014683758,0.09263543592631374,0.8001735873048136,0.0016426380000211793,published_global_clipped_borda,0.0,,
coverage,8,32,bridge,1.0,equal,32,3,640,3.870967741935484,60.0,0,pl,ok,27.0,1.4725924145421196,0.0,,0.004987147000008463,hunter_mm,,77.0,6.484568437770122e-12
coverage,8,32,bridge,1.0,equal,32,3,640,3.870967741935484,60.0,0,efficient,outside_schedule_domain,,,,,6.806900000810856e-05,unavailable,,,
coverage,8,32,bridge,1.0,equal,32,3,640,3.870967741935484,60.0,0,borda,ok,25.0,1.5500342825842053,0.07744186804208564,0.7544621327077489,0.0015041629999927864,published_global_clipped_borda,0.0,,
coverage,8,33,bridge,1.0,equal,32,3,640,3.870967741935484,60.0,0,pl,ok,29.0,1.4682003610191385,0.0,,0.005312562999989723,hunter_mm,,80.0,6.974132382708831e-12
coverage,8,33,bridge,1.0,equal,32,3,640,3.870967741935484,60.0,0,efficient,outside_schedule_domain,,,,,6.971599998450984e-05,unavailable,,,
coverage,8,33,bridge,1.0,equal,32,3,640,3.870967741935484,60.0,0,borda,ok,32.0,1.549726274014799,0.08152591299566048,0.8449129188661255,0.001694238999988329,published_global_clipped_borda,0.0,,
coverage,8,34,bridge,1.0,equal,32,3,640,3.870967741935484,60.0,0,pl,ok,25.0,1.4675962377202674,0.0,,0.004981670999995913,hunter_mm,,77.0,6.124922791173049e-12
coverage,8,34,bridge,1.0,equal,32,3,640,3.870967741935484,60.0,0,efficient,outside_schedule_domain,,,,,7.039199999780976e-05,unavailable,,,
coverage,8,34,bridge,1.0,equal,32,3,640,3.870967741935484,60.0,0,borda,ok,30.0,1.5527934731183874,0.08519723539812007,0.8068067144899821,0.0016661770000041543,published_global_clipped_borda,0.0,,
coverage,8,35,bridge,1.0,equal,32,3,640,3.870967741935484,60.0,0,pl,ok,29.0,1.4887154283673474,0.0,,0.005632961000003434,hunter_mm,,89.0,6.1214144864152334e-12
coverage,8,35,bridge,1.0,equal,32,3,640,3.870967741935484,60.0,0,efficient,outside_schedule_domain,,,,,6.843200000616889e-05,unavailable,,,
coverage,8,35,bridge,1.0,equal,32,3,640,3.870967741935484,60.0,0,borda,ok,26.0,1.569069599773396,0.08035417140604872,0.8494560137286649,0.0016352600000004713,published_global_clipped_borda,0.0,,
coverage,8,36,bridge,1.0,equal,32,3,640,3.870967741935484,60.0,0,pl,ok,36.0,1.5060174839905962,0.0,,0.006033381999998255,hunter_mm,,91.0,7.789036082783695e-12
coverage,8,36,bridge,1.0,equal,32,3,640,3.870967741935484,60.0,0,efficient,outside_schedule_domain,,,,,7.579699999382683e-05,unavailable,,,
coverage,8,36,bridge,1.0,equal,32,3,640,3.870967741935484,60.0,0,borda,ok,34.0,1.5732487394018446,0.06723125541124841,0.8956267764760981,0.0015819449999980861,published_global_clipped_borda,0.0,,
coverage,8,37,bridge,1.0,equal,32,3,640,3.870967741935484,60.0,0,pl,ok,41.0,1.4879783830306663,0.0,,0.00429389600000718,hunter_mm,,64.0,5.389877433259471e-12
coverage,8,37,bridge,1.0,equal,32,3,640,3.870967741935484,60.0,0,efficient,outside_schedule_domain,,,,,6.967900000631744e-05,unavailable,,,
coverage,8,37,bridge,1.0,equal,32,3,640,3.870967741935484,60.0,0,borda,ok,41.0,1.552331629350801,0.06435324632013462,0.8179217622977756,0.0017433220000100391,published_global_clipped_borda,0.0,,
coverage,8,38,bridge,1.0,equal,32,3,640,3.870967741935484,60.0,0,pl,ok,36.0,1.4878309066025537,0.0,,0.004651276000004145,hunter_mm,,72.0,7.346590003010078e-12
coverage,8,38,bridge,1.0,equal,32,3,640,3.870967741935484,60.0,0,efficient,outside_schedule_domain,,,,,6.922200000758494e-05,unavailable,,,
coverage,8,38,bridge,1.0,equal,32,3,640,3.870967741935484,60.0,0,borda,ok,40.0,1.5598807120942582,0.07204980549170448,0.8700634324030457,0.0015602410000212785,published_global_clipped_borda,0.0,,
coverage,8,39,bridge,1.0,equal,32,3,640,3.870967741935484,60.0,0,pl,ok,40.0,1.4797978216760574,0.0,,0.005135424000002331,hunter_mm,,78.0,6.109890371419624e-12
coverage,8,39,bridge,1.0,equal,32,3,640,3.870967741935484,60.0,0,efficient,outside_schedule_domain,,,,,6.985100000633793e-05,unavailable,,,
coverage,8,39,bridge,1.0,equal,32,3,640,3.870967741935484,60.0,0,borda,ok,48.0,1.5732159602212397,0.09341813854518222,0.7957662264996543,0.001478227000006882,published_global_clipped_borda,0.0,,
