cell,rep,value,budget,selector,choice,sm_nll,pl_nll,selected_nll,correct,regret,context_eligible
43,0,0.0,20,pair,sm,1.539507125803179,1.5978262195444455,1.539507125803179,1.0,0.0,1
43,0,0.0,20,context,pl,1.539507125803179,1.5978262195444455,1.5978262195444455,0.0,0.05831909374126654,1
43,0,0.0,60,pair,sm,1.539507125803179,1.5978262195444455,1.539507125803179,1.0,0.0,8
43,0,0.0,60,context,sm,1.539507125803179,1.5978262195444455,1.539507125803179,1.0,0.0,8
43,0,0.0,200,pair,sm,1.539507125803179,1.5978262195444455,1.539507125803179,1.0,0.0,20
43,0,0.0,200,context,sm,1.539507125803179,1.5978262195444455,1.539507125803179,1.0,0.0,20
43,0,0.0,1000,pair,sm,1.539507125803179,1.5978262195444455,1.539507125803179,1.0,0.0,20
43,0,0.0,1000,context,sm,1.539507125803179,1.5978262195444455,1.539507125803179,1.0,0.0,20
43,1,0.0,20,pair,sm,1.5341207757033317,1.5868801884470527,1.5341207757033317,1.0,0.0,1
43,1,0.0,20,context,pl,1.5341207757033317,1.5868801884470527,1.5868801884470527,0.0,0.05275941274372098,1
43,1,0.0,60,pair,sm,1.5341207757033317,1.5868801884470527,1.5341207757033317,1.0,0.0,10
43,1,0.0,60,context,sm,1.5341207757033317,1.5868801884470527,1.5341207757033317,1.0,0.0,10
43,1,0.0,200,pair,sm,1.5341207757033317,1.5868801884470527,1.5341207757033317,1.0,0.0,20
43,1,0.0,200,context,sm,1.5341207757033317,1.5868801884470527,1.5341207757033317,1.0,0.0,20
43,1,0.0,1000,pair,sm,1.5341207757033317,1.5868801884470527,1.5341207757033317,1.0,0.0,20
43,1,0.0,1000,context,sm,1.5341207757033317,1.5868801884470527,1.5341207757033317,1.0,0.0,20
43,2,0.0,20,pair,sm,1.5345204726707447,1.5976942236576313,1.5345204726707447,1.0,0.0,1
43,2,0.0,20,context,pl,1.5345204726707447,1.5976942236576313,1.5976942236576313,0.0,0.0631737509868866,1
43,2,0.0,60,pair,sm,1.5345204726707447,1.5976942236576313,1.5345204726707447,1.0,0.0,11
43,2,0.0,60,context,sm,1.5345204726707447,1.5976942236576313,1.5345204726707447,1.0,0.0,11
43,2,0.0,200,pair,sm,1.5345204726707447,1.5976942236576313,1.5345204726707447,1.0,0.0,19
43,2,0.0,200,context,sm,1.5345204726707447,1.5976942236576313,1.5345204726707447,1.0,0.0,19
43,2,0.0,1000,pair,sm,1.5345204726707447,1.5976942236576313,1.5345204726707447,1.0,0.0,20
43,2,0.0,1000,context,sm,1.5345204726707447,1.5976942236576313,1.5345204726707447,1.0,0.0,20
43,3,0.0,20,pair,pl,1.5341099716531548,1.5938001141443419,1.5938001141443419,0.0,0.05969014249118709,0
43,3,0.0,20,context,abstain,1.5341099716531548,1.5938001141443419,,,,0
43,3,0.0,60,pair,pl,1.5341099716531548,1.5938001141443419,1.5938001141443419,0.0,0.05969014249118709,11
43,3,0.0,60,context,pl,1.5341099716531548,1.5938001141443419,1.5938001141443419,0.0,0.05969014249118709,11
43,3,0.0,200,pair,sm,1.5341099716531548,1.5938001141443419,1.5341099716531548,1.0,0.0,20
43,3,0.0,200,context,sm,1.5341099716531548,1.5938001141443419,1.5341099716531548,1.0,0.0,20
43,3,0.0,1000,pair,sm,1.5341099716531548,1.5938001141443419,1.5341099716531548,1.0,0.0,20
43,3,0.0,1000,context,sm,1.5341099716531548,1.5938001141443419,1.5341099716531548,1.0,0.0,20
43,4,0.0,20,pair,sm,1.535292131823836,1.5948946555050107,1.535292131823836,1.0,0.0,1
43,4,0.0,20,context,sm,1.535292131823836,1.5948946555050107,1.535292131823836,1.0,0.0,1
43,4,0.0,60,pair,sm,1.535292131823836,1.5948946555050107,1.535292131823836,1.0,0.0,8
43,4,0.0,60,context,sm,1.535292131823836,1.5948946555050107,1.535292131823836,1.0,0.0,8
43,4,0.0,200,pair,sm,1.535292131823836,1.5948946555050107,1.535292131823836,1.0,0.0,20
43,4,0.0,200,context,sm,1.535292131823836,1.5948946555050107,1.535292131823836,1.0,0.0,20
43,4,0.0,1000,pair,sm,1.535292131823836,1.5948946555050107,1.535292131823836,1.0,0.0,20
43,4,0.0,1000,context,sm,1.535292131823836,1.5948946555050107,1.535292131823836,1.0,0.0,20
43,5,0.0,20,pair,pl,1.5344369222283403,1.6022437880447775,1.6022437880447775,0.0,0.06780686581643725,0
43,5,0.0,20,context,abstain,1.5344369222283403,1.6022437880447775,,,,0
43,5,0.0,60,pair,sm,1.5344369222283403,1.6022437880447775,1.5344369222283403,1.0,0.0,7
43,5,0.0,60,context,pl,1.5344369222283403,1.6022437880447775,1.6022437880447775,0.0,0.06780686581643725,7
43,5,0.0,200,pair,sm,1.5344369222283403,1.6022437880447775,1.5344369222283403,1.0,0.0,19
43,5,0.0,200,context,sm,1.5344369222283403,1.6022437880447775,1.5344369222283403,1.0,0.0,19
43,5,0.0,1000,pair,sm,1.5344369222283403,1.6022437880447775,1.5344369222283403,1.0,0.0,20
43,5,0.0,1000,context,sm,1.5344369222283403,1.6022437880447775,1.5344369222283403,1.0,0.0,20
43,6,0.0,20,pair,sm,1.5671620320403494,1.595260210531101,1.5671620320403494,1.0,0.0,1
43,6,0.0,20,context,sm,1.5671620320403494,1.595260210531101,1.5671620320403494,1.0,0.0,1
43,6,0.0,60,pair,pl,1.5671620320403494,1.595260210531101,1.595260210531101,0.0,0.02809817849075147,13
43,6,0.0,60,context,pl,1.5671620320403494,1.595260210531101,1.595260210531101,0.0,0.02809817849075147,13
43,6,0.0,200,pair,sm,1.5671620320403494,1.595260210531101,1.5671620320403494,1.0,0.0,19
43,6,0.0,200,context,sm,1.5671620320403494,1.595260210531101,1.5671620320403494,1.0,0.0,19
43,6,0.0,1000,pair,sm,1.5671620320403494,1.595260210531101,1.5671620320403494,1.0,0.0,20
43,6,0.0,1000,context,sm,1.5671620320403494,1.595260210531101,1.5671620320403494,1.0,0.0,20
43,7,0.0,20,pair,sm,1.534605165986218,1.589187856566065,1.534605165986218,1.0,0.0,1
43,7,0.0,20,context,sm,1.534605165986218,1.589187856566065,1.534605165986218,1.0,0.0,1
43,7,0.0,60,pair,sm,1.534605165986218,1.589187856566065,1.534605165986218,1.0,0.0,9
43,7,0.0,60,context,sm,1.534605165986218,1.589187856566065,1.534605165986218,1.0,0.0,9
43,7,0.0,200,pair,sm,1.534605165986218,1.589187856566065,1.534605165986218,1.0,0.0,19
43,7,0.0,200,context,sm,1.534605165986218,1.589187856566065,1.534605165986218,1.0,0.0,19
43,7,0.0,1000,pair,sm,1.534605165986218,1.589187856566065,1.534605165986218,1.0,0.0,20
43,7,0.0,1000,context,sm,1.534605165986218,1.589187856566065,1.534605165986218,1.0,0.0,20
43,8,0.0,20,pair,sm,1.534707703872927,1.5878973597671728,1.534707703872927,1.0,0.0,1
43,8,0.0,20,context,sm,1.534707703872927,1.5878973597671728,1.534707703872927,1.0,0.0,1
43,8,0.0,60,pair,sm,1.534707703872927,1.5878973597671728,1.534707703872927,1.0,0.0,10
43,8,0.0,60,context,sm,1.534707703872927,1.5878973597671728,1.534707703872927,1.0,0.0,10
43,8,0.0,200,pair,sm,1.534707703872927,1.5878973597671728,1.534707703872927,1.0,0.0,19
43,8,0.0,200,context,sm,1.534707703872927,1.5878973597671728,1.534707703872927,1.0,0.0,19
43,8,0.0,1000,pair,sm,1.534707703872927,1.5878973597671728,1.534707703872927,1.0,0.0,20
43,8,0.0,1000,context,sm,1.534707703872927,1.5878973597671728,1.534707703872927,1.0,0.0,20
43,9,0.0,20,pair,sm,1.5344369222283403,1.5920764689262317,1.5344369222283403,1.0,0.0,0
43,9,0.0,20,context,abstain,1.5344369222283403,1.5920764689262317,,,,0
43,9,0.0,60,pair,sm,1.5344369222283403,1.5920764689262317,1.5344369222283403,1.0,0.0,7
43,9,0.0,60,context,sm,1.5344369222283403,1.5920764689262317,1.5344369222283403,1.0,0.0,7
43,9,0.0,200,pair,sm,1.5344369222283403,1.5920764689262317,1.5344369222283403,1.0,0.0,18
43,9,0.0,200,context,sm,1.5344369222283403,1.5920764689262317,1.5344369222283403,1.0,0.0,18
43,9,0.0,1000,pair,sm,1.5344369222283403,1.5920764689262317,1.5344369222283403,1.0,0.0,20
43,9,0.0,1000,context,sm,1.5344369222283403,1.5920764689262317,1.5344369222283403,1.0,0.0,20
43,10,0.0,20,pair,sm,1.5339732040367637,1.5927133527520172,1.5339732040367637,1.0,0.0,0
43,10,0.0,20,context,abstain,1.5339732040367637,1.5927133527520172,,,,0
43,10,0.0,60,pair,sm,1.5339732040367637,1.5927133527520172,1.5339732040367637,1.0,0.0,9
43,10,0.0,60,context,sm,1.5339732040367637,1.5927133527520172,1.5339732040367637,1.0,0.0,9
43,10,0.0,200,pair,sm,1.5339732040367637,1.5927133527520172,1.5339732040367637,1.0,0.0,19
43,10,0.0,200,context,sm,1.5339732040367637,1.5927133527520172,1.5339732040367637,1.0,0.0,19
43,10,0.0,1000,pair,sm,1.5339732040367637,1.5927133527520172,1.5339732040367637,1.0,0.0,20
43,10,0.0,1000,context,sm,1.5339732040367637,1.5927133527520172,1.5339732040367637,1.0,0.0,20
43,11,0.0,20,pair,sm,1.5355719705512092,1.5912451973629753,1.5355719705512092,1.0,0.0,2
43,11,0.0,20,context,sm,1.5355719705512092,1.5912451973629753,1.5355719705512092,1.0,0.0,2
43,11,0.0,60,pair,sm,1.5355719705512092,1.5912451973629753,1.5355719705512092,1.0,0.0,10
43,11,0.0,60,context,pl,1.5355719705512092,1.5912451973629753,1.5912451973629753,0.0,0.05567322681176612,10
43,11,0.0,200,pair,sm,1.5355719705512092,1.5912451973629753,1.5355719705512092,1.0,0.0,17
43,11,0.0,200,context,sm,1.5355719705512092,1.5912451973629753,1.5355719705512092,1.0,0.0,17
43,11,0.0,1000,pair,sm,1.5355719705512092,1.5912451973629753,1.5355719705512092,1.0,0.0,20
43,11,0.0,1000,context,sm,1.5355719705512092,1.5912451973629753,1.5355719705512092,1.0,0.0,20
43,12,0.0,20,pair,sm,1.534707703872927,1.5895245722075622,1.534707703872927,1.0,0.0,0
43,12,0.0,20,context,abstain,1.534707703872927,1.5895245722075622,,,,0
43,12,0.0,60,pair,sm,1.534707703872927,1.5895245722075622,1.534707703872927,1.0,0.0,11
43,12,0.0,60,context,pl,1.534707703872927,1.5895245722075622,1.5895245722075622,0.0,0.05481686833463506,11
43,12,0.0,200,pair,sm,1.534707703872927,1.5895245722075622,1.534707703872927,1.0,0.0,20
43,12,0.0,200,context,pl,1.534707703872927,1.5895245722075622,1.5895245722075622,0.0,0.05481686833463506,20
43,12,0.0,1000,pair,sm,1.534707703872927,1.5895245722075622,1.534707703872927,1.0,0.0,20
43,12,0.0,1000,context,sm,1.534707703872927,1.5895245722075622,1.534707703872927,1.0,0.0,20
43,13,0.0,20,pair,sm,1.5347053416843068,1.5895074290749742,1.5347053416843068,1.0,0.0,2
43,13,0.0,20,context,sm,1.5347053416843068,1.5895074290749742,1.5347053416843068,1.0,0.0,2
43,13,0.0,60,pair,sm,1.5347053416843068,1.5895074290749742,1.5347053416843068,1.0,0.0,10
43,13,0.0,60,context,sm,1.5347053416843068,1.5895074290749742,1.5347053416843068,1.0,0.0,10
43,13,0.0,200,pair,sm,1.5347053416843068,1.5895074290749742,1.5347053416843068,1.0,0.0,20
43,13,0.0,200,context,sm,1.5347053416843068,1.5895074290749742,1.5347053416843068,1.0,0.0,20
43,13,0.0,1000,pair,sm,1.5347053416843068,1.5895074290749742,1.5347053416843068,1.0,0.0,20
43,13,0.0,1000,context,sm,1.5347053416843068,1.5895074290749742,1.5347053416843068,1.0,0.0,20
43,14,0.0,20,pair,sm,1.5345204726707447,1.5907114174835497,1.5345204726707447,1.0,0.0,1
43,14,0.0,20,context,sm,1.5345204726707447,1.5907114174835497,1.5345204726707447,1.0,0.0,1
43,14,0.0,60,pair,sm,1.5345204726707447,1.5907114174835497,1.5345204726707447,1.0,0.0,10
43,14,0.0,60,context,pl,1.5345204726707447,1.5907114174835497,1.5907114174835497,0.0,0.056190944812805066,10
43,14,0.0,200,pair,sm,1.5345204726707447,1.5907114174835497,1.5345204726707447,1.0,0.0,18
43,14,0.0,200,context,sm,1.5345204726707447,1.5907114174835497,1.5345204726707447,1.0,0.0,18
43,14,0.0,1000,pair,sm,1.5345204726707447,1.5907114174835497,1.5345204726707447,1.0,0.0,20
43,14,0.0,1000,context,sm,1.5345204726707447,1.5907114174835497,1.5345204726707447,1.0,0.0,20
43,15,0.0,20,pair,pl,1.5341703766494736,1.5885703979836492,1.5885703979836492,0.0,0.05440002133417554,2
43,15,0.0,20,context,sm,1.5341703766494736,1.5885703979836492,1.5341703766494736,1.0,0.0,2
43,15,0.0,60,pair,pl,1.5341703766494736,1.5885703979836492,1.5885703979836492,0.0,0.05440002133417554,10
43,15,0.0,60,context,pl,1.5341703766494736,1.5885703979836492,1.5885703979836492,0.0,0.05440002133417554,10
43,15,0.0,200,pair,sm,1.5341703766494736,1.5885703979836492,1.5341703766494736,1.0,0.0,20
43,15,0.0,200,context,pl,1.5341703766494736,1.5885703979836492,1.5885703979836492,0.0,0.05440002133417554,20
43,15,0.0,1000,pair,sm,1.5341703766494736,1.5885703979836492,1.5341703766494736,1.0,0.0,20
43,15,0.0,1000,context,sm,1.5341703766494736,1.5885703979836492,1.5341703766494736,1.0,0.0,20
43,16,0.0,20,pair,pl,1.5340780383675818,1.5956526559961008,1.5956526559961008,0.0,0.06157461762851901,0
43,16,0.0,20,context,abstain,1.5340780383675818,1.5956526559961008,,,,0
43,16,0.0,60,pair,sm,1.5340780383675818,1.5956526559961008,1.5340780383675818,1.0,0.0,8
43,16,0.0,60,context,pl,1.5340780383675818,1.5956526559961008,1.5956526559961008,0.0,0.06157461762851901,8
43,16,0.0,200,pair,sm,1.5340780383675818,1.5956526559961008,1.5340780383675818,1.0,0.0,20
43,16,0.0,200,context,sm,1.5340780383675818,1.5956526559961008,1.5340780383675818,1.0,0.0,20
43,16,0.0,1000,pair,sm,1.5340780383675818,1.5956526559961008,1.5340780383675818,1.0,0.0,20
43,16,0.0,1000,context,sm,1.5340780383675818,1.5956526559961008,1.5340780383675818,1.0,0.0,20
43,17,0.0,20,pair,sm,1.5365671806970291,1.5878059020017279,1.5365671806970291,1.0,0.0,1
43,17,0.0,20,context,sm,1.5365671806970291,1.5878059020017279,1.5365671806970291,1.0,0.0,1
43,17,0.0,60,pair,sm,1.5365671806970291,1.5878059020017279,1.5365671806970291,1.0,0.0,9
43,17,0.0,60,context,sm,1.5365671806970291,1.5878059020017279,1.5365671806970291,1.0,0.0,9
43,17,0.0,200,pair,sm,1.5365671806970291,1.5878059020017279,1.5365671806970291,1.0,0.0,18
43,17,0.0,200,context,sm,1.5365671806970291,1.5878059020017279,1.5365671806970291,1.0,0.0,18
43,17,0.0,1000,pair,sm,1.5365671806970291,1.5878059020017279,1.5365671806970291,1.0,0.0,20
43,17,0.0,1000,context,sm,1.5365671806970291,1.5878059020017279,1.5365671806970291,1.0,0.0,20
43,18,0.0,20,pair,sm,1.534605165986218,1.590218678730171,1.534605165986218,1.0,0.0,1
43,18,0.0,20,context,sm,1.534605165986218,1.590218678730171,1.534605165986218,1.0,0.0,1
43,18,0.0,60,pair,sm,1.534605165986218,1.590218678730171,1.534605165986218,1.0,0.0,10
43,18,0.0,60,context,pl,1.534605165986218,1.590218678730171,1.590218678730171,0.0,0.055613512743952986,10
43,18,0.0,200,pair,pl,1.534605165986218,1.590218678730171,1.590218678730171,0.0,0.055613512743952986,19
43,18,0.0,200,context,pl,1.534605165986218,1.590218678730171,1.590218678730171,0.0,0.055613512743952986,19
43,18,0.0,1000,pair,sm,1.534605165986218,1.590218678730171,1.534605165986218,1.0,0.0,20
43,18,0.0,1000,context,sm,1.534605165986218,1.590218678730171,1.534605165986218,1.0,0.0,20
43,19,0.0,20,pair,sm,1.5365671806970291,1.5907106741274812,1.5365671806970291,1.0,0.0,2
43,19,0.0,20,context,pl,1.5365671806970291,1.5907106741274812,1.5907106741274812,0.0,0.054143493430452105,2
43,19,0.0,60,pair,sm,1.5365671806970291,1.5907106741274812,1.5365671806970291,1.0,0.0,10
43,19,0.0,60,context,sm,1.5365671806970291,1.5907106741274812,1.5365671806970291,1.0,0.0,10
43,19,0.0,200,pair,sm,1.5365671806970291,1.5907106741274812,1.5365671806970291,1.0,0.0,19
43,19,0.0,200,context,pl,1.5365671806970291,1.5907106741274812,1.5907106741274812,0.0,0.054143493430452105,19
43,19,0.0,1000,pair,sm,1.5365671806970291,1.5907106741274812,1.5365671806970291,1.0,0.0,20
43,19,0.0,1000,context,sm,1.5365671806970291,1.5907106741274812,1.5365671806970291,1.0,0.0,20
43,20,0.0,20,pair,sm,1.5341207757033317,1.5874345715979605,1.5341207757033317,1.0,0.0,2
43,20,0.0,20,context,sm,1.5341207757033317,1.5874345715979605,1.5341207757033317,1.0,0.0,2
43,20,0.0,60,pair,sm,1.5341207757033317,1.5874345715979605,1.5341207757033317,1.0,0.0,9
43,20,0.0,60,context,sm,1.5341207757033317,1.5874345715979605,1.5341207757033317,1.0,0.0,9
43,20,0.0,200,pair,sm,1.5341207757033317,1.5874345715979605,1.5341207757033317,1.0,0.0,19
43,20,0.0,200,context,sm,1.5341207757033317,1.5874345715979605,1.5341207757033317,1.0,0.0,19
43,20,0.0,1000,pair,sm,1.5341207757033317,1.5874345715979605,1.5341207757033317,1.0,0.0,20
43,20,0.0,1000,context,sm,1.5341207757033317,1.5874345715979605,1.5341207757033317,1.0,0.0,20
43,21,0.0,20,pair,sm,1.5342268163024946,1.597066653148299,1.5342268163024946,1.0,0.0,1
43,21,0.0,20,context,pl,1.5342268163024946,1.597066653148299,1.597066653148299,0.0,0.06283983684580452,1
43,21,0.0,60,pair,sm,1.5342268163024946,1.597066653148299,1.5342268163024946,1.0,0.0,8
43,21,0.0,60,context,sm,1.5342268163024946,1.597066653148299,1.5342268163024946,1.0,0.0,8
43,21,0.0,200,pair,sm,1.5342268163024946,1.597066653148299,1.5342268163024946,1.0,0.0,19
43,21,0.0,200,context,sm,1.5342268163024946,1.597066653148299,1.5342268163024946,1.0,0.0,19
43,21,0.0,1000,pair,sm,1.5342268163024946,1.597066653148299,1.5342268163024946,1.0,0.0,20
43,21,0.0,1000,context,sm,1.5342268163024946,1.597066653148299,1.5342268163024946,1.0,0.0,20
43,22,0.0,20,pair,pl,1.5347053416843068,1.5916581184726544,1.5916581184726544,0.0,0.05695277678834754,0
43,22,0.0,20,context,abstain,1.5347053416843068,1.5916581184726544,,,,0
43,22,0.0,60,pair,pl,1.5347053416843068,1.5916581184726544,1.5916581184726544,0.0,0.05695277678834754,8
43,22,0.0,60,context,sm,1.5347053416843068,1.5916581184726544,1.5347053416843068,1.0,0.0,8
43,22,0.0,200,pair,sm,1.5347053416843068,1.5916581184726544,1.5347053416843068,1.0,0.0,19
43,22,0.0,200,context,sm,1.5347053416843068,1.5916581184726544,1.5347053416843068,1.0,0.0,19
43,22,0.0,1000,pair,sm,1.5347053416843068,1.5916581184726544,1.5347053416843068,1.0,0.0,20
43,22,0.0,1000,context,sm,1.5347053416843068,1.5916581184726544,1.5347053416843068,1.0,0.0,20
43,23,0.0,20,pair,sm,1.536950259777974,1.589193258397239,1.536950259777974,1.0,0.0,2
43,23,0.0,20,context,sm,1.536950259777974,1.589193258397239,1.536950259777974,1.0,0.0,2
43,23,0.0,60,pair,sm,1.536950259777974,1.589193258397239,1.536950259777974,1.0,0.0,11
43,23,0.0,60,context,pl,1.536950259777974,1.589193258397239,1.589193258397239,0.0,0.05224299861926496,11
43,23,0.0,200,pair,sm,1.536950259777974,1.589193258397239,1.536950259777974,1.0,0.0,19
43,23,0.0,200,context,sm,1.536950259777974,1.589193258397239,1.536950259777974,1.0,0.0,19
43,23,0.0,1000,pair,sm,1.536950259777974,1.589193258397239,1.536950259777974,1.0,0.0,20
43,23,0.0,1000,context,sm,1.536950259777974,1.589193258397239,1.536950259777974,1.0,0.0,20
43,24,0.0,20,pair,pl,1.5341207757033317,1.5854508140106558,1.5854508140106558,0.0,0.05133003830732408,0
43,24,0.0,20,context,abstain,1.5341207757033317,1.5854508140106558,,,,0
43,24,0.0,60,pair,sm,1.5341207757033317,1.5854508140106558,1.5341207757033317,1.0,0.0,10
43,24,0.0,60,context,pl,1.5341207757033317,1.5854508140106558,1.5854508140106558,0.0,0.05133003830732408,10
43,24,0.0,200,pair,sm,1.5341207757033317,1.5854508140106558,1.5341207757033317,1.0,0.0,20
43,24,0.0,200,context,pl,1.5341207757033317,1.5854508140106558,1.5854508140106558,0.0,0.05133003830732408,20
43,24,0.0,1000,pair,sm,1.5341207757033317,1.5854508140106558,1.5341207757033317,1.0,0.0,20
43,24,0.0,1000,context,sm,1.5341207757033317,1.5854508140106558,1.5341207757033317,1.0,0.0,20
43,25,0.0,20,pair,sm,1.5377924667081233,1.601581199381887,1.5377924667081233,1.0,0.0,0
43,25,0.0,20,context,abstain,1.5377924667081233,1.601581199381887,,,,0
43,25,0.0,60,pair,sm,1.5377924667081233,1.601581199381887,1.5377924667081233,1.0,0.0,9
43,25,0.0,60,context,sm,1.5377924667081233,1.601581199381887,1.5377924667081233,1.0,0.0,9
43,25,0.0,200,pair,sm,1.5377924667081233,1.601581199381887,1.5377924667081233,1.0,0.0,20
43,25,0.0,200,context,sm,1.5377924667081233,1.601581199381887,1.5377924667081233,1.0,0.0,20
43,25,0.0,1000,pair,sm,1.5377924667081233,1.601581199381887,1.5377924667081233,1.0,0.0,20
43,25,0.0,1000,context,sm,1.5377924667081233,1.601581199381887,1.5377924667081233,1.0,0.0,20
43,26,0.0,20,pair,pl,1.5344270401022797,1.5915562153418217,1.5915562153418217,0.0,0.057129175239541974,0
43,26,0.0,20,context,abstain,1.5344270401022797,1.5915562153418217,,,,0
43,26,0.0,60,pair,pl,1.5344270401022797,1.5915562153418217,1.5915562153418217,0.0,0.057129175239541974,11
43,26,0.0,60,context,pl,1.5344270401022797,1.5915562153418217,1.5915562153418217,0.0,0.057129175239541974,11
43,26,0.0,200,pair,sm,1.5344270401022797,1.5915562153418217,1.5344270401022797,1.0,0.0,19
43,26,0.0,200,context,pl,1.5344270401022797,1.5915562153418217,1.5915562153418217,0.0,0.057129175239541974,19
43,26,0.0,1000,pair,sm,1.5344270401022797,1.5915562153418217,1.5344270401022797,1.0,0.0,20
43,26,0.0,1000,context,sm,1.5344270401022797,1.5915562153418217,1.5344270401022797,1.0,0.0,20
43,27,0.0,20,pair,sm,1.534360113371134,1.5900311602134591,1.534360113371134,1.0,0.0,1
43,27,0.0,20,context,sm,1.534360113371134,1.5900311602134591,1.534360113371134,1.0,0.0,1
43,27,0.0,60,pair,sm,1.534360113371134,1.5900311602134591,1.534360113371134,1.0,0.0,9
43,27,0.0,60,context,sm,1.534360113371134,1.5900311602134591,1.534360113371134,1.0,0.0,9
43,27,0.0,200,pair,sm,1.534360113371134,1.5900311602134591,1.534360113371134,1.0,0.0,19
43,27,0.0,200,context,sm,1.534360113371134,1.5900311602134591,1.534360113371134,1.0,0.0,19
43,27,0.0,1000,pair,sm,1.534360113371134,1.5900311602134591,1.534360113371134,1.0,0.0,20
43,27,0.0,1000,context,sm,1.534360113371134,1.5900311602134591,1.534360113371134,1.0,0.0,20
43,28,0.0,20,pair,sm,1.5397767997014564,1.5956420731793886,1.5397767997014564,1.0,0.0,1
43,28,0.0,20,context,pl,1.5397767997014564,1.5956420731793886,1.5956420731793886,0.0,0.05586527347793213,1
43,28,0.0,60,pair,sm,1.5397767997014564,1.5956420731793886,1.5397767997014564,1.0,0.0,12
43,28,0.0,60,context,sm,1.5397767997014564,1.5956420731793886,1.5397767997014564,1.0,0.0,12
43,28,0.0,200,pair,sm,1.5397767997014564,1.5956420731793886,1.5397767997014564,1.0,0.0,20
43,28,0.0,200,context,sm,1.5397767997014564,1.5956420731793886,1.5397767997014564,1.0,0.0,20
43,28,0.0,1000,pair,sm,1.5397767997014564,1.5956420731793886,1.5397767997014564,1.0,0.0,20
43,28,0.0,1000,context,sm,1.5397767997014564,1.5956420731793886,1.5397767997014564,1.0,0.0,20
43,29,0.0,20,pair,sm,1.534006501777212,1.5861878215246472,1.534006501777212,1.0,0.0,1
43,29,0.0,20,context,pl,1.534006501777212,1.5861878215246472,1.5861878215246472,0.0,0.05218131974743523,1
43,29,0.0,60,pair,sm,1.534006501777212,1.5861878215246472,1.534006501777212,1.0,0.0,13
43,29,0.0,60,context,sm,1.534006501777212,1.5861878215246472,1.534006501777212,1.0,0.0,13
43,29,0.0,200,pair,sm,1.534006501777212,1.5861878215246472,1.534006501777212,1.0,0.0,19
43,29,0.0,200,context,sm,1.534006501777212,1.5861878215246472,1.534006501777212,1.0,0.0,19
43,29,0.0,1000,pair,sm,1.534006501777212,1.5861878215246472,1.534006501777212,1.0,0.0,20
43,29,0.0,1000,context,sm,1.534006501777212,1.5861878215246472,1.534006501777212,1.0,0.0,20
43,30,0.0,20,pair,sm,1.5345204726707447,1.5935787246349746,1.5345204726707447,1.0,0.0,3
43,30,0.0,20,context,pl,1.5345204726707447,1.5935787246349746,1.5935787246349746,0.0,0.05905825196422998,3
43,30,0.0,60,pair,sm,1.5345204726707447,1.5935787246349746,1.5345204726707447,1.0,0.0,12
43,30,0.0,60,context,sm,1.5345204726707447,1.5935787246349746,1.5345204726707447,1.0,0.0,12
43,30,0.0,200,pair,sm,1.5345204726707447,1.5935787246349746,1.5345204726707447,1.0,0.0,17
43,30,0.0,200,context,sm,1.5345204726707447,1.5935787246349746,1.5345204726707447,1.0,0.0,17
43,30,0.0,1000,pair,sm,1.5345204726707447,1.5935787246349746,1.5345204726707447,1.0,0.0,20
43,30,0.0,1000,context,sm,1.5345204726707447,1.5935787246349746,1.5345204726707447,1.0,0.0,20
43,31,0.0,20,pair,sm,1.5342268163024946,1.589481079526266,1.5342268163024946,1.0,0.0,1
43,31,0.0,20,context,pl,1.5342268163024946,1.589481079526266,1.589481079526266,0.0,0.05525426322377136,1
43,31,0.0,60,pair,sm,1.5342268163024946,1.589481079526266,1.5342268163024946,1.0,0.0,9
43,31,0.0,60,context,sm,1.5342268163024946,1.589481079526266,1.5342268163024946,1.0,0.0,9
43,31,0.0,200,pair,sm,1.5342268163024946,1.589481079526266,1.5342268163024946,1.0,0.0,19
43,31,0.0,200,context,sm,1.5342268163024946,1.589481079526266,1.5342268163024946,1.0,0.0,19
43,31,0.0,1000,pair,sm,1.5342268163024946,1.589481079526266,1.5342268163024946,1.0,0.0,20
43,31,0.0,1000,context,sm,1.5342268163024946,1.589481079526266,1.5342268163024946,1.0,0.0,20
43,32,0.0,20,pair,sm,1.5659246154498092,1.5974783916151538,1.5659246154498092,1.0,0.0,2
43,32,0.0,20,context,sm,1.5659246154498092,1.5974783916151538,1.5659246154498092,1.0,0.0,2
43,32,0.0,60,pair,sm,1.5659246154498092,1.5974783916151538,1.5659246154498092,1.0,0.0,8
43,32,0.0,60,context,pl,1.5659246154498092,1.5974783916151538,1.5974783916151538,0.0,0.031553776165344605,8
43,32,0.0,200,pair,sm,1.5659246154498092,1.5974783916151538,1.5659246154498092,1.0,0.0,19
43,32,0.0,200,context,sm,1.5659246154498092,1.5974783916151538,1.5659246154498092,1.0,0.0,19
43,32,0.0,1000,pair,sm,1.5659246154498092,1.5974783916151538,1.5659246154498092,1.0,0.0,20
43,32,0.0,1000,context,sm,1.5659246154498092,1.5974783916151538,1.5659246154498092,1.0,0.0,20
43,33,0.0,20,pair,sm,1.534360113371134,1.5950845985330733,1.534360113371134,1.0,0.0,1
43,33,0.0,20,context,pl,1.534360113371134,1.5950845985330733,1.5950845985330733,0.0,0.06072448516193929,1
43,33,0.0,60,pair,sm,1.534360113371134,1.5950845985330733,1.534360113371134,1.0,0.0,8
43,33,0.0,60,context,sm,1.534360113371134,1.5950845985330733,1.534360113371134,1.0,0.0,8
43,33,0.0,200,pair,sm,1.534360113371134,1.5950845985330733,1.534360113371134,1.0,0.0,20
43,33,0.0,200,context,pl,1.534360113371134,1.5950845985330733,1.5950845985330733,0.0,0.06072448516193929,20
43,33,0.0,1000,pair,sm,1.534360113371134,1.5950845985330733,1.534360113371134,1.0,0.0,20
43,33,0.0,1000,context,sm,1.534360113371134,1.5950845985330733,1.534360113371134,1.0,0.0,20
43,34,0.0,20,pair,sm,1.5347053416843068,1.5907155808130387,1.5347053416843068,1.0,0.0,1
43,34,0.0,20,context,pl,1.5347053416843068,1.5907155808130387,1.5907155808130387,0.0,0.05601023912873182,1
43,34,0.0,60,pair,sm,1.5347053416843068,1.5907155808130387,1.5347053416843068,1.0,0.0,9
43,34,0.0,60,context,sm,1.5347053416843068,1.5907155808130387,1.5347053416843068,1.0,0.0,9
43,34,0.0,200,pair,sm,1.5347053416843068,1.5907155808130387,1.5347053416843068,1.0,0.0,19
43,34,0.0,200,context,sm,1.5347053416843068,1.5907155808130387,1.5347053416843068,1.0,0.0,19
43,34,0.0,1000,pair,sm,1.5347053416843068,1.5907155808130387,1.5347053416843068,1.0,0.0,20
43,34,0.0,1000,context,sm,1.5347053416843068,1.5907155808130387,1.5347053416843068,1.0,0.0,20
43,35,0.0,20,pair,sm,1.5340780383675818,1.5882501315904458,1.5340780383675818,1.0,0.0,0
43,35,0.0,20,context,abstain,1.5340780383675818,1.5882501315904458,,,,0
43,35,0.0,60,pair,sm,1.5340780383675818,1.5882501315904458,1.5340780383675818,1.0,0.0,9
43,35,0.0,60,context,sm,1.5340780383675818,1.5882501315904458,1.5340780383675818,1.0,0.0,9
43,35,0.0,200,pair,sm,1.5340780383675818,1.5882501315904458,1.5340780383675818,1.0,0.0,19
43,35,0.0,200,context,sm,1.5340780383675818,1.5882501315904458,1.5340780383675818,1.0,0.0,19
43,35,0.0,1000,pair,sm,1.5340780383675818,1.5882501315904458,1.5340780383675818,1.0,0.0,20
43,35,0.0,1000,context,sm,1.5340780383675818,1.5882501315904458,1.5340780383675818,1.0,0.0,20
43,36,0.0,20,pair,sm,1.534360113371134,1.5931808849571454,1.534360113371134,1.0,0.0,2
43,36,0.0,20,context,pl,1.534360113371134,1.5931808849571454,1.5931808849571454,0.0,0.0588207715860114,2
43,36,0.0,60,pair,sm,1.534360113371134,1.5931808849571454,1.534360113371134,1.0,0.0,12
43,36,0.0,60,context,pl,1.534360113371134,1.5931808849571454,1.5931808849571454,0.0,0.0588207715860114,12
43,36,0.0,200,pair,sm,1.534360113371134,1.5931808849571454,1.534360113371134,1.0,0.0,20
43,36,0.0,200,context,sm,1.534360113371134,1.5931808849571454,1.534360113371134,1.0,0.0,20
43,36,0.0,1000,pair,sm,1.534360113371134,1.5931808849571454,1.534360113371134,1.0,0.0,20
43,36,0.0,1000,context,sm,1.534360113371134,1.5931808849571454,1.534360113371134,1.0,0.0,20
43,37,0.0,20,pair,pl,1.5662197847777934,1.5982943285380666,1.5982943285380666,0.0,0.03207454376027319,1
43,37,0.0,20,context,pl,1.5662197847777934,1.5982943285380666,1.5982943285380666,0.0,0.03207454376027319,1
43,37,0.0,60,pair,pl,1.5662197847777934,1.5982943285380666,1.5982943285380666,0.0,0.03207454376027319,9
43,37,0.0,60,context,sm,1.5662197847777934,1.5982943285380666,1.5662197847777934,1.0,0.0,9
43,37,0.0,200,pair,sm,1.5662197847777934,1.5982943285380666,1.5662197847777934,1.0,0.0,19
43,37,0.0,200,context,sm,1.5662197847777934,1.5982943285380666,1.5662197847777934,1.0,0.0,19
43,37,0.0,1000,pair,sm,1.5662197847777934,1.5982943285380666,1.5662197847777934,1.0,0.0,20
43,37,0.0,1000,context,sm,1.5662197847777934,1.5982943285380666,1.5662197847777934,1.0,0.0,20
43,38,0.0,20,pair,pl,1.5341703766494736,1.591759747245316,1.591759747245316,0.0,0.05758937059584235,1
43,38,0.0,20,context,pl,1.5341703766494736,1.591759747245316,1.591759747245316,0.0,0.05758937059584235,1
43,38,0.0,60,pair,pl,1.5341703766494736,1.591759747245316,1.591759747245316,0.0,0.05758937059584235,10
43,38,0.0,60,context,sm,1.5341703766494736,1.591759747245316,1.5341703766494736,1.0,0.0,10
43,38,0.0,200,pair,sm,1.5341703766494736,1.591759747245316,1.5341703766494736,1.0,0.0,20
43,38,0.0,200,context,pl,1.5341703766494736,1.591759747245316,1.591759747245316,0.0,0.05758937059584235,20
43,38,0.0,1000,pair,sm,1.5341703766494736,1.591759747245316,1.5341703766494736,1.0,0.0,20
43,38,0.0,1000,context,sm,1.5341703766494736,1.591759747245316,1.5341703766494736,1.0,0.0,20
43,39,0.0,20,pair,sm,1.534006501777212,1.5861540994204302,1.534006501777212,1.0,0.0,2
43,39,0.0,20,context,sm,1.534006501777212,1.5861540994204302,1.534006501777212,1.0,0.0,2
43,39,0.0,60,pair,sm,1.534006501777212,1.5861540994204302,1.534006501777212,1.0,0.0,13
43,39,0.0,60,context,pl,1.534006501777212,1.5861540994204302,1.5861540994204302,0.0,0.05214759764321819,13
43,39,0.0,200,pair,sm,1.534006501777212,1.5861540994204302,1.534006501777212,1.0,0.0,19
43,39,0.0,200,context,sm,1.534006501777212,1.5861540994204302,1.534006501777212,1.0,0.0,19
43,39,0.0,1000,pair,sm,1.534006501777212,1.5861540994204302,1.534006501777212,1.0,0.0,20
43,39,0.0,1000,context,sm,1.534006501777212,1.5861540994204302,1.534006501777212,1.0,0.0,20
47,0,0.25,20,pair,sm,1.5340065017772115,1.5659714267002265,1.5340065017772115,1.0,0.0,1
47,0,0.25,20,context,pl,1.5340065017772115,1.5659714267002265,1.5659714267002265,0.0,0.03196492492301495,1
47,0,0.25,60,pair,sm,1.5340065017772115,1.5659714267002265,1.5340065017772115,1.0,0.0,8
47,0,0.25,60,context,sm,1.5340065017772115,1.5659714267002265,1.5340065017772115,1.0,0.0,8
47,0,0.25,200,pair,sm,1.5340065017772115,1.5659714267002265,1.5340065017772115,1.0,0.0,19
47,0,0.25,200,context,sm,1.5340065017772115,1.5659714267002265,1.5340065017772115,1.0,0.0,19
47,0,0.25,1000,pair,sm,1.5340065017772115,1.5659714267002265,1.5340065017772115,1.0,0.0,20
47,0,0.25,1000,context,sm,1.5340065017772115,1.5659714267002265,1.5340065017772115,1.0,0.0,20
47,1,0.25,20,pair,pl,1.5343601133711338,1.5647808223976312,1.5647808223976312,0.0,0.030420709026497406,1
47,1,0.25,20,context,sm,1.5343601133711338,1.5647808223976312,1.5343601133711338,1.0,0.0,1
47,1,0.25,60,pair,pl,1.5343601133711338,1.5647808223976312,1.5647808223976312,0.0,0.030420709026497406,8
47,1,0.25,60,context,pl,1.5343601133711338,1.5647808223976312,1.5647808223976312,0.0,0.030420709026497406,8
47,1,0.25,200,pair,sm,1.5343601133711338,1.5647808223976312,1.5343601133711338,1.0,0.0,18
47,1,0.25,200,context,sm,1.5343601133711338,1.5647808223976312,1.5343601133711338,1.0,0.0,18
47,1,0.25,1000,pair,sm,1.5343601133711338,1.5647808223976312,1.5343601133711338,1.0,0.0,20
47,1,0.25,1000,context,sm,1.5343601133711338,1.5647808223976312,1.5343601133711338,1.0,0.0,20
47,2,0.25,20,pair,sm,1.5342268163024944,1.5653677876622631,1.5342268163024944,1.0,0.0,2
47,2,0.25,20,context,pl,1.5342268163024944,1.5653677876622631,1.5653677876622631,0.0,0.031140971359768788,2
47,2,0.25,60,pair,sm,1.5342268163024944,1.5653677876622631,1.5342268163024944,1.0,0.0,8
47,2,0.25,60,context,pl,1.5342268163024944,1.5653677876622631,1.5653677876622631,0.0,0.031140971359768788,8
47,2,0.25,200,pair,sm,1.5342268163024944,1.5653677876622631,1.5342268163024944,1.0,0.0,19
47,2,0.25,200,context,pl,1.5342268163024944,1.5653677876622631,1.5653677876622631,0.0,0.031140971359768788,19
47,2,0.25,1000,pair,sm,1.5342268163024944,1.5653677876622631,1.5342268163024944,1.0,0.0,20
47,2,0.25,1000,context,sm,1.5342268163024944,1.5653677876622631,1.5342268163024944,1.0,0.0,20
47,3,0.25,20,pair,sm,1.5356169242336135,1.5644109652557292,1.5356169242336135,1.0,0.0,0
47,3,0.25,20,context,abstain,1.5356169242336135,1.5644109652557292,,,,0
47,3,0.25,60,pair,sm,1.5356169242336135,1.5644109652557292,1.5356169242336135,1.0,0.0,13
47,3,0.25,60,context,sm,1.5356169242336135,1.5644109652557292,1.5356169242336135,1.0,0.0,13
47,3,0.25,200,pair,sm,1.5356169242336135,1.5644109652557292,1.5356169242336135,1.0,0.0,19
47,3,0.25,200,context,sm,1.5356169242336135,1.5644109652557292,1.5356169242336135,1.0,0.0,19
47,3,0.25,1000,pair,sm,1.5356169242336135,1.5644109652557292,1.5356169242336135,1.0,0.0,20
47,3,0.25,1000,context,sm,1.5356169242336135,1.5644109652557292,1.5356169242336135,1.0,0.0,20
47,4,0.25,20,pair,pl,1.5343490291960298,1.5652267040505083,1.5652267040505083,0.0,0.030877674854478565,4
47,4,0.25,20,context,sm,1.5343490291960298,1.5652267040505083,1.5343490291960298,1.0,0.0,4
47,4,0.25,60,pair,pl,1.5343490291960298,1.5652267040505083,1.5652267040505083,0.0,0.030877674854478565,11
47,4,0.25,60,context,pl,1.5343490291960298,1.5652267040505083,1.5652267040505083,0.0,0.030877674854478565,11
47,4,0.25,200,pair,sm,1.5343490291960298,1.5652267040505083,1.5343490291960298,1.0,0.0,20
47,4,0.25,200,context,sm,1.5343490291960298,1.5652267040505083,1.5343490291960298,1.0,0.0,20
47,4,0.25,1000,pair,sm,1.5343490291960298,1.5652267040505083,1.5343490291960298,1.0,0.0,20
47,4,0.25,1000,context,sm,1.5343490291960298,1.5652267040505083,1.5343490291960298,1.0,0.0,20
47,5,0.25,20,pair,sm,1.5343601133711338,1.567387246620654,1.5343601133711338,1.0,0.0,1
47,5,0.25,20,context,sm,1.5343601133711338,1.567387246620654,1.5343601133711338,1.0,0.0,1
47,5,0.25,60,pair,sm,1.5343601133711338,1.567387246620654,1.5343601133711338,1.0,0.0,11
47,5,0.25,60,context,sm,1.5343601133711338,1.567387246620654,1.5343601133711338,1.0,0.0,11
47,5,0.25,200,pair,sm,1.5343601133711338,1.567387246620654,1.5343601133711338,1.0,0.0,18
47,5,0.25,200,context,sm,1.5343601133711338,1.567387246620654,1.5343601133711338,1.0,0.0,18
47,5,0.25,1000,pair,sm,1.5343601133711338,1.567387246620654,1.5343601133711338,1.0,0.0,20
47,5,0.25,1000,context,sm,1.5343601133711338,1.567387246620654,1.5343601133711338,1.0,0.0,20
47,6,0.25,20,pair,sm,1.5339863031596663,1.5688434284596127,1.5339863031596663,1.0,0.0,0
47,6,0.25,20,context,abstain,1.5339863031596663,1.5688434284596127,,,,0
47,6,0.25,60,pair,sm,1.5339863031596663,1.5688434284596127,1.5339863031596663,1.0,0.0,9
47,6,0.25,60,context,sm,1.5339863031596663,1.5688434284596127,1.5339863031596663,1.0,0.0,9
47,6,0.25,200,pair,sm,1.5339863031596663,1.5688434284596127,1.5339863031596663,1.0,0.0,20
47,6,0.25,200,context,sm,1.5339863031596663,1.5688434284596127,1.5339863031596663,1.0,0.0,20
47,6,0.25,1000,pair,sm,1.5339863031596663,1.5688434284596127,1.5339863031596663,1.0,0.0,20
47,6,0.25,1000,context,sm,1.5339863031596663,1.5688434284596127,1.5339863031596663,1.0,0.0,20
47,7,0.25,20,pair,sm,1.534278346345439,1.5649393208865061,1.534278346345439,1.0,0.0,1
47,7,0.25,20,context,sm,1.534278346345439,1.5649393208865061,1.534278346345439,1.0,0.0,1
47,7,0.25,60,pair,sm,1.534278346345439,1.5649393208865061,1.534278346345439,1.0,0.0,12
47,7,0.25,60,context,sm,1.534278346345439,1.5649393208865061,1.534278346345439,1.0,0.0,12
47,7,0.25,200,pair,sm,1.534278346345439,1.5649393208865061,1.534278346345439,1.0,0.0,20
47,7,0.25,200,context,sm,1.534278346345439,1.5649393208865061,1.534278346345439,1.0,0.0,20
47,7,0.25,1000,pair,sm,1.534278346345439,1.5649393208865061,1.534278346345439,1.0,0.0,20
47,7,0.25,1000,context,sm,1.534278346345439,1.5649393208865061,1.534278346345439,1.0,0.0,20
47,8,0.25,20,pair,sm,1.5340683080359006,1.5695939530715783,1.5340683080359006,1.0,0.0,1
47,8,0.25,20,context,sm,1.5340683080359006,1.5695939530715783,1.5340683080359006,1.0,0.0,1
47,8,0.25,60,pair,sm,1.5340683080359006,1.5695939530715783,1.5340683080359006,1.0,0.0,10
47,8,0.25,60,context,pl,1.5340683080359006,1.5695939530715783,1.5695939530715783,0.0,0.03552564503567779,10
47,8,0.25,200,pair,sm,1.5340683080359006,1.5695939530715783,1.5340683080359006,1.0,0.0,20
47,8,0.25,200,context,sm,1.5340683080359006,1.5695939530715783,1.5340683080359006,1.0,0.0,20
47,8,0.25,1000,pair,sm,1.5340683080359006,1.5695939530715783,1.5340683080359006,1.0,0.0,20
47,8,0.25,1000,context,sm,1.5340683080359006,1.5695939530715783,1.5340683080359006,1.0,0.0,20
47,9,0.25,20,pair,sm,1.5348129668854624,1.5688661448889187,1.5348129668854624,1.0,0.0,2
47,9,0.25,20,context,sm,1.5348129668854624,1.5688661448889187,1.5348129668854624,1.0,0.0,2
47,9,0.25,60,pair,sm,1.5348129668854624,1.5688661448889187,1.5348129668854624,1.0,0.0,14
47,9,0.25,60,context,sm,1.5348129668854624,1.5688661448889187,1.5348129668854624,1.0,0.0,14
47,9,0.25,200,pair,sm,1.5348129668854624,1.5688661448889187,1.5348129668854624,1.0,0.0,19
47,9,0.25,200,context,sm,1.5348129668854624,1.5688661448889187,1.5348129668854624,1.0,0.0,19
47,9,0.25,1000,pair,sm,1.5348129668854624,1.5688661448889187,1.5348129668854624,1.0,0.0,20
47,9,0.25,1000,context,sm,1.5348129668854624,1.5688661448889187,1.5348129668854624,1.0,0.0,20
47,10,0.25,20,pair,sm,1.534078038367582,1.5639511906019257,1.534078038367582,1.0,0.0,2
47,10,0.25,20,context,pl,1.534078038367582,1.5639511906019257,1.5639511906019257,0.0,0.029873152234343614,2
47,10,0.25,60,pair,sm,1.534078038367582,1.5639511906019257,1.534078038367582,1.0,0.0,10
47,10,0.25,60,context,sm,1.534078038367582,1.5639511906019257,1.534078038367582,1.0,0.0,10
47,10,0.25,200,pair,sm,1.534078038367582,1.5639511906019257,1.534078038367582,1.0,0.0,19
47,10,0.25,200,context,pl,1.534078038367582,1.5639511906019257,1.5639511906019257,0.0,0.029873152234343614,19
47,10,0.25,1000,pair,sm,1.534078038367582,1.5639511906019257,1.534078038367582,1.0,0.0,20
47,10,0.25,1000,context,sm,1.534078038367582,1.5639511906019257,1.534078038367582,1.0,0.0,20
47,11,0.25,20,pair,sm,1.5354639367041938,1.5661774714324292,1.5354639367041938,1.0,0.0,2
47,11,0.25,20,context,pl,1.5354639367041938,1.5661774714324292,1.5661774714324292,0.0,0.03071353472823546,2
47,11,0.25,60,pair,sm,1.5354639367041938,1.5661774714324292,1.5354639367041938,1.0,0.0,10
47,11,0.25,60,context,sm,1.5354639367041938,1.5661774714324292,1.5354639367041938,1.0,0.0,10
47,11,0.25,200,pair,sm,1.5354639367041938,1.5661774714324292,1.5354639367041938,1.0,0.0,19
47,11,0.25,200,context,sm,1.5354639367041938,1.5661774714324292,1.5354639367041938,1.0,0.0,19
47,11,0.25,1000,pair,sm,1.5354639367041938,1.5661774714324292,1.5354639367041938,1.0,0.0,20
47,11,0.25,1000,context,sm,1.5354639367041938,1.5661774714324292,1.5354639367041938,1.0,0.0,20
47,12,0.25,20,pair,pl,1.5340338274539826,1.5629252119704955,1.5629252119704955,0.0,0.028891384516512852,2
47,12,0.25,20,context,sm,1.5340338274539826,1.5629252119704955,1.5340338274539826,1.0,0.0,2
47,12,0.25,60,pair,sm,1.5340338274539826,1.5629252119704955,1.5340338274539826,1.0,0.0,7
47,12,0.25,60,context,sm,1.5340338274539826,1.5629252119704955,1.5340338274539826,1.0,0.0,7
47,12,0.25,200,pair,sm,1.5340338274539826,1.5629252119704955,1.5340338274539826,1.0,0.0,17
47,12,0.25,200,context,pl,1.5340338274539826,1.5629252119704955,1.5629252119704955,0.0,0.028891384516512852,17
47,12,0.25,1000,pair,sm,1.5340338274539826,1.5629252119704955,1.5340338274539826,1.0,0.0,20
47,12,0.25,1000,context,pl,1.5340338274539826,1.5629252119704955,1.5629252119704955,0.0,0.028891384516512852,20
47,13,0.25,20,pair,sm,1.5341588467231668,1.5641258212295592,1.5341588467231668,1.0,0.0,1
47,13,0.25,20,context,sm,1.5341588467231668,1.5641258212295592,1.5341588467231668,1.0,0.0,1
47,13,0.25,60,pair,sm,1.5341588467231668,1.5641258212295592,1.5341588467231668,1.0,0.0,10
47,13,0.25,60,context,sm,1.5341588467231668,1.5641258212295592,1.5341588467231668,1.0,0.0,10
47,13,0.25,200,pair,sm,1.5341588467231668,1.5641258212295592,1.5341588467231668,1.0,0.0,19
47,13,0.25,200,context,sm,1.5341588467231668,1.5641258212295592,1.5341588467231668,1.0,0.0,19
47,13,0.25,1000,pair,sm,1.5341588467231668,1.5641258212295592,1.5341588467231668,1.0,0.0,20
47,13,0.25,1000,context,sm,1.5341588467231668,1.5641258212295592,1.5341588467231668,1.0,0.0,20
47,14,0.25,20,pair,sm,1.534605165986218,1.5675992191086507,1.534605165986218,1.0,0.0,1
47,14,0.25,20,context,pl,1.534605165986218,1.5675992191086507,1.5675992191086507,0.0,0.03299405312243264,1
47,14,0.25,60,pair,sm,1.534605165986218,1.5675992191086507,1.534605165986218,1.0,0.0,9
47,14,0.25,60,context,sm,1.534605165986218,1.5675992191086507,1.534605165986218,1.0,0.0,9
47,14,0.25,200,pair,sm,1.534605165986218,1.5675992191086507,1.534605165986218,1.0,0.0,18
47,14,0.25,200,context,sm,1.534605165986218,1.5675992191086507,1.534605165986218,1.0,0.0,18
47,14,0.25,1000,pair,sm,1.534605165986218,1.5675992191086507,1.534605165986218,1.0,0.0,20
47,14,0.25,1000,context,sm,1.534605165986218,1.5675992191086507,1.534605165986218,1.0,0.0,20
47,15,0.25,20,pair,pl,1.5350506906895975,1.573464629403717,1.573464629403717,0.0,0.038413938714119356,2
47,15,0.25,20,context,pl,1.5350506906895975,1.573464629403717,1.573464629403717,0.0,0.038413938714119356,2
47,15,0.25,60,pair,sm,1.5350506906895975,1.573464629403717,1.5350506906895975,1.0,0.0,8
47,15,0.25,60,context,pl,1.5350506906895975,1.573464629403717,1.573464629403717,0.0,0.038413938714119356,8
47,15,0.25,200,pair,sm,1.5350506906895975,1.573464629403717,1.5350506906895975,1.0,0.0,17
47,15,0.25,200,context,sm,1.5350506906895975,1.573464629403717,1.5350506906895975,1.0,0.0,17
47,15,0.25,1000,pair,sm,1.5350506906895975,1.573464629403717,1.5350506906895975,1.0,0.0,20
47,15,0.25,1000,context,sm,1.5350506906895975,1.573464629403717,1.5350506906895975,1.0,0.0,20
47,16,0.25,20,pair,sm,1.5342268163024944,1.5725775462299552,1.5342268163024944,1.0,0.0,0
47,16,0.25,20,context,abstain,1.5342268163024944,1.5725775462299552,,,,0
47,16,0.25,60,pair,sm,1.5342268163024944,1.5725775462299552,1.5342268163024944,1.0,0.0,10
47,16,0.25,60,context,pl,1.5342268163024944,1.5725775462299552,1.5725775462299552,0.0,0.0383507299274608,10
47,16,0.25,200,pair,sm,1.5342268163024944,1.5725775462299552,1.5342268163024944,1.0,0.0,18
47,16,0.25,200,context,sm,1.5342268163024944,1.5725775462299552,1.5342268163024944,1.0,0.0,18
47,16,0.25,1000,pair,sm,1.5342268163024944,1.5725775462299552,1.5342268163024944,1.0,0.0,20
47,16,0.25,1000,context,sm,1.5342268163024944,1.5725775462299552,1.5342268163024944,1.0,0.0,20
47,17,0.25,20,pair,sm,1.5356169242336135,1.5674724248530278,1.5356169242336135,1.0,0.0,1
47,17,0.25,20,context,pl,1.5356169242336135,1.5674724248530278,1.5674724248530278,0.0,0.031855500619414334,1
47,17,0.25,60,pair,sm,1.5356169242336135,1.5674724248530278,1.5356169242336135,1.0,0.0,12
47,17,0.25,60,context,sm,1.5356169242336135,1.5674724248530278,1.5356169242336135,1.0,0.0,12
47,17,0.25,200,pair,sm,1.5356169242336135,1.5674724248530278,1.5356169242336135,1.0,0.0,19
47,17,0.25,200,context,sm,1.5356169242336135,1.5674724248530278,1.5356169242336135,1.0,0.0,19
47,17,0.25,1000,pair,sm,1.5356169242336135,1.5674724248530278,1.5356169242336135,1.0,0.0,20
47,17,0.25,1000,context,sm,1.5356169242336135,1.5674724248530278,1.5356169242336135,1.0,0.0,20
47,18,0.25,20,pair,sm,1.5636444164950971,1.5745368910137012,1.5636444164950971,1.0,0.0,1
47,18,0.25,20,context,pl,1.5636444164950971,1.5745368910137012,1.5745368910137012,0.0,0.01089247451860409,1
47,18,0.25,60,pair,pl,1.5636444164950971,1.5745368910137012,1.5745368910137012,0.0,0.01089247451860409,8
47,18,0.25,60,context,pl,1.5636444164950971,1.5745368910137012,1.5745368910137012,0.0,0.01089247451860409,8
47,18,0.25,200,pair,sm,1.5636444164950971,1.5745368910137012,1.5636444164950971,1.0,0.0,18
47,18,0.25,200,context,sm,1.5636444164950971,1.5745368910137012,1.5636444164950971,1.0,0.0,18
47,18,0.25,1000,pair,sm,1.5636444164950971,1.5745368910137012,1.5636444164950971,1.0,0.0,20
47,18,0.25,1000,context,sm,1.5636444164950971,1.5745368910137012,1.5636444164950971,1.0,0.0,20
47,19,0.25,20,pair,sm,1.533967177122373,1.5649560169074235,1.533967177122373,1.0,0.0,0
47,19,0.25,20,context,abstain,1.533967177122373,1.5649560169074235,,,,0
47,19,0.25,60,pair,sm,1.533967177122373,1.5649560169074235,1.533967177122373,1.0,0.0,9
47,19,0.25,60,context,sm,1.533967177122373,1.5649560169074235,1.533967177122373,1.0,0.0,9
47,19,0.25,200,pair,sm,1.533967177122373,1.5649560169074235,1.533967177122373,1.0,0.0,19
47,19,0.25,200,context,sm,1.533967177122373,1.5649560169074235,1.533967177122373,1.0,0.0,19
47,19,0.25,1000,pair,sm,1.533967177122373,1.5649560169074235,1.533967177122373,1.0,0.0,20
47,19,0.25,1000,context,sm,1.533967177122373,1.5649560169074235,1.533967177122373,1.0,0.0,20
47,20,0.25,20,pair,pl,1.5380187485662853,1.5624446988303227,1.5624446988303227,0.0,0.024425950264037377,2
47,20,0.25,20,context,sm,1.5380187485662853,1.5624446988303227,1.5380187485662853,1.0,0.0,2
47,20,0.25,60,pair,pl,1.5380187485662853,1.5624446988303227,1.5624446988303227,0.0,0.024425950264037377,8
47,20,0.25,60,context,sm,1.5380187485662853,1.5624446988303227,1.5380187485662853,1.0,0.0,8
47,20,0.25,200,pair,pl,1.5380187485662853,1.5624446988303227,1.5624446988303227,0.0,0.024425950264037377,17
47,20,0.25,200,context,sm,1.5380187485662853,1.5624446988303227,1.5380187485662853,1.0,0.0,17
47,20,0.25,1000,pair,sm,1.5380187485662853,1.5624446988303227,1.5380187485662853,1.0,0.0,20
47,20,0.25,1000,context,sm,1.5380187485662853,1.5624446988303227,1.5380187485662853,1.0,0.0,20
47,21,0.25,20,pair,pl,1.5350506906895975,1.5714776387141067,1.5714776387141067,0.0,0.03642694802450919,1
47,21,0.25,20,context,pl,1.5350506906895975,1.5714776387141067,1.5714776387141067,0.0,0.03642694802450919,1
47,21,0.25,60,pair,pl,1.5350506906895975,1.5714776387141067,1.5714776387141067,0.0,0.03642694802450919,10
47,21,0.25,60,context,pl,1.5350506906895975,1.5714776387141067,1.5714776387141067,0.0,0.03642694802450919,10
47,21,0.25,200,pair,sm,1.5350506906895975,1.5714776387141067,1.5350506906895975,1.0,0.0,19
47,21,0.25,200,context,sm,1.5350506906895975,1.5714776387141067,1.5350506906895975,1.0,0.0,19
47,21,0.25,1000,pair,sm,1.5350506906895975,1.5714776387141067,1.5350506906895975,1.0,0.0,20
47,21,0.25,1000,context,sm,1.5350506906895975,1.5714776387141067,1.5350506906895975,1.0,0.0,20
47,22,0.25,20,pair,pl,1.534214961953606,1.5650014971374029,1.5650014971374029,0.0,0.030786535183796815,0
47,22,0.25,20,context,abstain,1.534214961953606,1.5650014971374029,,,,0
47,22,0.25,60,pair,sm,1.534214961953606,1.5650014971374029,1.534214961953606,1.0,0.0,13
47,22,0.25,60,context,sm,1.534214961953606,1.5650014971374029,1.534214961953606,1.0,0.0,13
47,22,0.25,200,pair,sm,1.534214961953606,1.5650014971374029,1.534214961953606,1.0,0.0,20
47,22,0.25,200,context,sm,1.534214961953606,1.5650014971374029,1.534214961953606,1.0,0.0,20
47,22,0.25,1000,pair,sm,1.534214961953606,1.5650014971374029,1.534214961953606,1.0,0.0,20
47,22,0.25,1000,context,sm,1.534214961953606,1.5650014971374029,1.534214961953606,1.0,0.0,20
47,23,0.25,20,pair,pl,1.534120775703332,1.5717772024274943,1.5717772024274943,0.0,0.03765642672416236,0
47,23,0.25,20,context,abstain,1.534120775703332,1.5717772024274943,,,,0
47,23,0.25,60,pair,sm,1.534120775703332,1.5717772024274943,1.534120775703332,1.0,0.0,10
47,23,0.25,60,context,pl,1.534120775703332,1.5717772024274943,1.5717772024274943,0.0,0.03765642672416236,10
47,23,0.25,200,pair,sm,1.534120775703332,1.5717772024274943,1.534120775703332,1.0,0.0,18
47,23,0.25,200,context,sm,1.534120775703332,1.5717772024274943,1.534120775703332,1.0,0.0,18
47,23,0.25,1000,pair,sm,1.534120775703332,1.5717772024274943,1.534120775703332,1.0,0.0,20
47,23,0.25,1000,context,sm,1.534120775703332,1.5717772024274943,1.534120775703332,1.0,0.0,20
47,24,0.25,20,pair,sm,1.5351808525407635,1.5717585602852868,1.5351808525407635,1.0,0.0,1
47,24,0.25,20,context,sm,1.5351808525407635,1.5717585602852868,1.5351808525407635,1.0,0.0,1
47,24,0.25,60,pair,sm,1.5351808525407635,1.5717585602852868,1.5351808525407635,1.0,0.0,9
47,24,0.25,60,context,sm,1.5351808525407635,1.5717585602852868,1.5351808525407635,1.0,0.0,9
47,24,0.25,200,pair,sm,1.5351808525407635,1.5717585602852868,1.5351808525407635,1.0,0.0,18
47,24,0.25,200,context,sm,1.5351808525407635,1.5717585602852868,1.5351808525407635,1.0,0.0,18
47,24,0.25,1000,pair,sm,1.5351808525407635,1.5717585602852868,1.5351808525407635,1.0,0.0,20
47,24,0.25,1000,context,pl,1.5351808525407635,1.5717585602852868,1.5717585602852868,0.0,0.03657770774452329,20
47,25,0.25,20,pair,pl,1.5364976511895538,1.5682262464106094,1.5682262464106094,0.0,0.03172859522105553,0
47,25,0.25,20,context,abstain,1.5364976511895538,1.5682262464106094,,,,0
47,25,0.25,60,pair,pl,1.5364976511895538,1.5682262464106094,1.5682262464106094,0.0,0.03172859522105553,9
47,25,0.25,60,context,sm,1.5364976511895538,1.5682262464106094,1.5364976511895538,1.0,0.0,9
47,25,0.25,200,pair,sm,1.5364976511895538,1.5682262464106094,1.5364976511895538,1.0,0.0,19
47,25,0.25,200,context,sm,1.5364976511895538,1.5682262464106094,1.5364976511895538,1.0,0.0,19
47,25,0.25,1000,pair,sm,1.5364976511895538,1.5682262464106094,1.5364976511895538,1.0,0.0,20
47,25,0.25,1000,context,sm,1.5364976511895538,1.5682262464106094,1.5364976511895538,1.0,0.0,20
47,26,0.25,20,pair,sm,1.5340065017772115,1.5718301479519383,1.5340065017772115,1.0,0.0,0
47,26,0.25,20,context,abstain,1.5340065017772115,1.5718301479519383,,,,0
47,26,0.25,60,pair,sm,1.5340065017772115,1.5718301479519383,1.5340065017772115,1.0,0.0,12
47,26,0.25,60,context,pl,1.5340065017772115,1.5718301479519383,1.5718301479519383,0.0,0.03782364617472678,12
47,26,0.25,200,pair,sm,1.5340065017772115,1.5718301479519383,1.5340065017772115,1.0,0.0,19
47,26,0.25,200,context,sm,1.5340065017772115,1.5718301479519383,1.5340065017772115,1.0,0.0,19
47,26,0.25,1000,pair,sm,1.5340065017772115,1.5718301479519383,1.5340065017772115,1.0,0.0,20
47,26,0.25,1000,context,sm,1.5340065017772115,1.5718301479519383,1.5340065017772115,1.0,0.0,20
47,27,0.25,20,pair,pl,1.5640000290171265,1.5759553090451166,1.5759553090451166,0.0,0.011955280027990067,1
47,27,0.25,20,context,pl,1.5640000290171265,1.5759553090451166,1.5759553090451166,0.0,0.011955280027990067,1
47,27,0.25,60,pair,pl,1.5640000290171265,1.5759553090451166,1.5759553090451166,0.0,0.011955280027990067,9
47,27,0.25,60,context,pl,1.5640000290171265,1.5759553090451166,1.5759553090451166,0.0,0.011955280027990067,9
47,27,0.25,200,pair,pl,1.5640000290171265,1.5759553090451166,1.5759553090451166,0.0,0.011955280027990067,20
47,27,0.25,200,context,pl,1.5640000290171265,1.5759553090451166,1.5759553090451166,0.0,0.011955280027990067,20
47,27,0.25,1000,pair,sm,1.5640000290171265,1.5759553090451166,1.5640000290171265,1.0,0.0,20
47,27,0.25,1000,context,sm,1.5640000290171265,1.5759553090451166,1.5640000290171265,1.0,0.0,20
47,28,0.25,20,pair,sm,1.534921620483799,1.5632169901848825,1.534921620483799,1.0,0.0,1
47,28,0.25,20,context,pl,1.534921620483799,1.5632169901848825,1.5632169901848825,0.0,0.028295369701083484,1
47,28,0.25,60,pair,pl,1.534921620483799,1.5632169901848825,1.5632169901848825,0.0,0.028295369701083484,8
47,28,0.25,60,context,pl,1.534921620483799,1.5632169901848825,1.5632169901848825,0.0,0.028295369701083484,8
47,28,0.25,200,pair,pl,1.534921620483799,1.5632169901848825,1.5632169901848825,0.0,0.028295369701083484,18
47,28,0.25,200,context,pl,1.534921620483799,1.5632169901848825,1.5632169901848825,0.0,0.028295369701083484,18
47,28,0.25,1000,pair,sm,1.534921620483799,1.5632169901848825,1.534921620483799,1.0,0.0,20
47,28,0.25,1000,context,sm,1.534921620483799,1.5632169901848825,1.534921620483799,1.0,0.0,20
47,29,0.25,20,pair,sm,1.535162039770428,1.5745701123541473,1.535162039770428,1.0,0.0,1
47,29,0.25,20,context,sm,1.535162039770428,1.5745701123541473,1.535162039770428,1.0,0.0,1
47,29,0.25,60,pair,sm,1.535162039770428,1.5745701123541473,1.535162039770428,1.0,0.0,9
47,29,0.25,60,context,sm,1.535162039770428,1.5745701123541473,1.535162039770428,1.0,0.0,9
47,29,0.25,200,pair,sm,1.535162039770428,1.5745701123541473,1.535162039770428,1.0,0.0,20
47,29,0.25,200,context,sm,1.535162039770428,1.5745701123541473,1.535162039770428,1.0,0.0,20
47,29,0.25,1000,pair,sm,1.535162039770428,1.5745701123541473,1.535162039770428,1.0,0.0,20
47,29,0.25,1000,context,sm,1.535162039770428,1.5745701123541473,1.535162039770428,1.0,0.0,20
47,30,0.25,20,pair,sm,1.5615914938056554,1.5728122125072939,1.5615914938056554,1.0,0.0,1
47,30,0.25,20,context,pl,1.5615914938056554,1.5728122125072939,1.5728122125072939,0.0,0.011220718701638432,1
47,30,0.25,60,pair,sm,1.5615914938056554,1.5728122125072939,1.5615914938056554,1.0,0.0,8
47,30,0.25,60,context,pl,1.5615914938056554,1.5728122125072939,1.5728122125072939,0.0,0.011220718701638432,8
47,30,0.25,200,pair,sm,1.5615914938056554,1.5728122125072939,1.5615914938056554,1.0,0.0,19
47,30,0.25,200,context,sm,1.5615914938056554,1.5728122125072939,1.5615914938056554,1.0,0.0,19
47,30,0.25,1000,pair,sm,1.5615914938056554,1.5728122125072939,1.5615914938056554,1.0,0.0,20
47,30,0.25,1000,context,sm,1.5615914938056554,1.5728122125072939,1.5615914938056554,1.0,0.0,20
47,31,0.25,20,pair,pl,1.5340132554149053,1.566768579808333,1.566768579808333,0.0,0.032755324393427765,1
47,31,0.25,20,context,pl,1.5340132554149053,1.566768579808333,1.566768579808333,0.0,0.032755324393427765,1
47,31,0.25,60,pair,sm,1.5340132554149053,1.566768579808333,1.5340132554149053,1.0,0.0,12
47,31,0.25,60,context,pl,1.5340132554149053,1.566768579808333,1.566768579808333,0.0,0.032755324393427765,12
47,31,0.25,200,pair,sm,1.5340132554149053,1.566768579808333,1.5340132554149053,1.0,0.0,19
47,31,0.25,200,context,pl,1.5340132554149053,1.566768579808333,1.566768579808333,0.0,0.032755324393427765,19
47,31,0.25,1000,pair,sm,1.5340132554149053,1.566768579808333,1.5340132554149053,1.0,0.0,20
47,31,0.25,1000,context,sm,1.5340132554149053,1.566768579808333,1.5340132554149053,1.0,0.0,20
47,32,0.25,20,pair,sm,1.5355719705512092,1.5697685705915867,1.5355719705512092,1.0,0.0,1
47,32,0.25,20,context,pl,1.5355719705512092,1.5697685705915867,1.5697685705915867,0.0,0.0341966000403775,1
47,32,0.25,60,pair,sm,1.5355719705512092,1.5697685705915867,1.5355719705512092,1.0,0.0,10
47,32,0.25,60,context,pl,1.5355719705512092,1.5697685705915867,1.5697685705915867,0.0,0.0341966000403775,10
47,32,0.25,200,pair,sm,1.5355719705512092,1.5697685705915867,1.5355719705512092,1.0,0.0,20
47,32,0.25,200,context,pl,1.5355719705512092,1.5697685705915867,1.5697685705915867,0.0,0.0341966000403775,20
47,32,0.25,1000,pair,sm,1.5355719705512092,1.5697685705915867,1.5355719705512092,1.0,0.0,20
47,32,0.25,1000,context,pl,1.5355719705512092,1.5697685705915867,1.5697685705915867,0.0,0.0341966000403775,20
47,33,0.25,20,pair,sm,1.5353185903983628,1.566861722666538,1.5353185903983628,1.0,0.0,2
47,33,0.25,20,context,pl,1.5353185903983628,1.566861722666538,1.566861722666538,0.0,0.03154313226817518,2
47,33,0.25,60,pair,sm,1.5353185903983628,1.566861722666538,1.5353185903983628,1.0,0.0,10
47,33,0.25,60,context,sm,1.5353185903983628,1.566861722666538,1.5353185903983628,1.0,0.0,10
47,33,0.25,200,pair,sm,1.5353185903983628,1.566861722666538,1.5353185903983628,1.0,0.0,18
47,33,0.25,200,context,sm,1.5353185903983628,1.566861722666538,1.5353185903983628,1.0,0.0,18
47,33,0.25,1000,pair,sm,1.5353185903983628,1.566861722666538,1.5353185903983628,1.0,0.0,20
47,33,0.25,1000,context,sm,1.5353185903983628,1.566861722666538,1.5353185903983628,1.0,0.0,20
47,34,0.25,20,pair,sm,1.5341588467231668,1.5638103621714445,1.5341588467231668,1.0,0.0,0
47,34,0.25,20,context,abstain,1.5341588467231668,1.5638103621714445,,,,0
47,34,0.25,60,pair,sm,1.5341588467231668,1.5638103621714445,1.5341588467231668,1.0,0.0,11
47,34,0.25,60,context,sm,1.5341588467231668,1.5638103621714445,1.5341588467231668,1.0,0.0,11
47,34,0.25,200,pair,sm,1.5341588467231668,1.5638103621714445,1.5341588467231668,1.0,0.0,20
47,34,0.25,200,context,sm,1.5341588467231668,1.5638103621714445,1.5341588467231668,1.0,0.0,20
47,34,0.25,1000,pair,sm,1.5341588467231668,1.5638103621714445,1.5341588467231668,1.0,0.0,20
47,34,0.25,1000,context,sm,1.5341588467231668,1.5638103621714445,1.5341588467231668,1.0,0.0,20
47,35,0.25,20,pair,sm,1.5340338274539826,1.5662771783763694,1.5340338274539826,1.0,0.0,0
47,35,0.25,20,context,abstain,1.5340338274539826,1.5662771783763694,,,,0
47,35,0.25,60,pair,sm,1.5340338274539826,1.5662771783763694,1.5340338274539826,1.0,0.0,11
47,35,0.25,60,context,sm,1.5340338274539826,1.5662771783763694,1.5340338274539826,1.0,0.0,11
47,35,0.25,200,pair,sm,1.5340338274539826,1.5662771783763694,1.5340338274539826,1.0,0.0,20
47,35,0.25,200,context,sm,1.5340338274539826,1.5662771783763694,1.5340338274539826,1.0,0.0,20
47,35,0.25,1000,pair,sm,1.5340338274539826,1.5662771783763694,1.5340338274539826,1.0,0.0,20
47,35,0.25,1000,context,sm,1.5340338274539826,1.5662771783763694,1.5340338274539826,1.0,0.0,20
47,36,0.25,20,pair,sm,1.5343490291960298,1.5742395109965939,1.5343490291960298,1.0,0.0,1
47,36,0.25,20,context,sm,1.5343490291960298,1.5742395109965939,1.5343490291960298,1.0,0.0,1
47,36,0.25,60,pair,sm,1.5343490291960298,1.5742395109965939,1.5343490291960298,1.0,0.0,12
47,36,0.25,60,context,pl,1.5343490291960298,1.5742395109965939,1.5742395109965939,0.0,0.03989048180056409,12
47,36,0.25,200,pair,sm,1.5343490291960298,1.5742395109965939,1.5343490291960298,1.0,0.0,18
47,36,0.25,200,context,pl,1.5343490291960298,1.5742395109965939,1.5742395109965939,0.0,0.03989048180056409,18
47,36,0.25,1000,pair,sm,1.5343490291960298,1.5742395109965939,1.5343490291960298,1.0,0.0,20
47,36,0.25,1000,context,pl,1.5343490291960298,1.5742395109965939,1.5742395109965939,0.0,0.03989048180056409,20
47,37,0.25,20,pair,sm,1.5620851705881007,1.5698017658046401,1.5620851705881007,1.0,0.0,1
47,37,0.25,20,context,pl,1.5620851705881007,1.5698017658046401,1.5698017658046401,0.0,0.007716595216539446,1
47,37,0.25,60,pair,pl,1.5620851705881007,1.5698017658046401,1.5698017658046401,0.0,0.007716595216539446,7
47,37,0.25,60,context,pl,1.5620851705881007,1.5698017658046401,1.5698017658046401,0.0,0.007716595216539446,7
47,37,0.25,200,pair,sm,1.5620851705881007,1.5698017658046401,1.5620851705881007,1.0,0.0,20
47,37,0.25,200,context,sm,1.5620851705881007,1.5698017658046401,1.5620851705881007,1.0,0.0,20
47,37,0.25,1000,pair,sm,1.5620851705881007,1.5698017658046401,1.5620851705881007,1.0,0.0,20
47,37,0.25,1000,context,pl,1.5620851705881007,1.5698017658046401,1.5698017658046401,0.0,0.007716595216539446,20
47,38,0.25,20,pair,pl,1.5341703766494734,1.5650280365717855,1.5650280365717855,0.0,0.030857659922312042,1
47,38,0.25,20,context,pl,1.5341703766494734,1.5650280365717855,1.5650280365717855,0.0,0.030857659922312042,1
47,38,0.25,60,pair,pl,1.5341703766494734,1.5650280365717855,1.5650280365717855,0.0,0.030857659922312042,11
47,38,0.25,60,context,sm,1.5341703766494734,1.5650280365717855,1.5341703766494734,1.0,0.0,11
47,38,0.25,200,pair,pl,1.5341703766494734,1.5650280365717855,1.5650280365717855,0.0,0.030857659922312042,19
47,38,0.25,200,context,sm,1.5341703766494734,1.5650280365717855,1.5341703766494734,1.0,0.0,19
47,38,0.25,1000,pair,sm,1.5341703766494734,1.5650280365717855,1.5341703766494734,1.0,0.0,20
47,38,0.25,1000,context,sm,1.5341703766494734,1.5650280365717855,1.5341703766494734,1.0,0.0,20
47,39,0.25,20,pair,sm,1.5622595162727129,1.569902729692338,1.5622595162727129,1.0,0.0,1
47,39,0.25,20,context,sm,1.5622595162727129,1.569902729692338,1.5622595162727129,1.0,0.0,1
47,39,0.25,60,pair,pl,1.5622595162727129,1.569902729692338,1.569902729692338,0.0,0.00764321341962515,7
47,39,0.25,60,context,sm,1.5622595162727129,1.569902729692338,1.5622595162727129,1.0,0.0,7
47,39,0.25,200,pair,pl,1.5622595162727129,1.569902729692338,1.569902729692338,0.0,0.00764321341962515,19
47,39,0.25,200,context,pl,1.5622595162727129,1.569902729692338,1.569902729692338,0.0,0.00764321341962515,19
47,39,0.25,1000,pair,sm,1.5622595162727129,1.569902729692338,1.5622595162727129,1.0,0.0,20
47,39,0.25,1000,context,sm,1.5622595162727129,1.569902729692338,1.5622595162727129,1.0,0.0,20
51,0,0.5,20,pair,sm,1.5339863031596663,1.5402182410952907,1.5339863031596663,1.0,0.0,2
51,0,0.5,20,context,pl,1.5339863031596663,1.5402182410952907,1.5402182410952907,0.0,0.0062319379356243765,2
51,0,0.5,60,pair,sm,1.5339863031596663,1.5402182410952907,1.5339863031596663,1.0,0.0,11
51,0,0.5,60,context,sm,1.5339863031596663,1.5402182410952907,1.5339863031596663,1.0,0.0,11
51,0,0.5,200,pair,sm,1.5339863031596663,1.5402182410952907,1.5339863031596663,1.0,0.0,17
51,0,0.5,200,context,sm,1.5339863031596663,1.5402182410952907,1.5339863031596663,1.0,0.0,17
51,0,0.5,1000,pair,sm,1.5339863031596663,1.5402182410952907,1.5339863031596663,1.0,0.0,20
51,0,0.5,1000,context,sm,1.5339863031596663,1.5402182410952907,1.5339863031596663,1.0,0.0,20
51,1,0.5,20,pair,sm,1.5340421897999463,1.5405581839896956,1.5340421897999463,1.0,0.0,0
51,1,0.5,20,context,abstain,1.5340421897999463,1.5405581839896956,,,,0
51,1,0.5,60,pair,sm,1.5340421897999463,1.5405581839896956,1.5340421897999463,1.0,0.0,10
51,1,0.5,60,context,sm,1.5340421897999463,1.5405581839896956,1.5340421897999463,1.0,0.0,10
51,1,0.5,200,pair,sm,1.5340421897999463,1.5405581839896956,1.5340421897999463,1.0,0.0,20
51,1,0.5,200,context,sm,1.5340421897999463,1.5405581839896956,1.5340421897999463,1.0,0.0,20
51,1,0.5,1000,pair,sm,1.5340421897999463,1.5405581839896956,1.5340421897999463,1.0,0.0,20
51,1,0.5,1000,context,sm,1.5340421897999463,1.5405581839896956,1.5340421897999463,1.0,0.0,20
51,2,0.5,20,pair,sm,1.5585554190118556,1.5375359915700528,1.5585554190118556,0.0,0.02101942744180274,0
51,2,0.5,20,context,abstain,1.5585554190118556,1.5375359915700528,,,,0
51,2,0.5,60,pair,pl,1.5585554190118556,1.5375359915700528,1.5375359915700528,1.0,0.0,10
51,2,0.5,60,context,pl,1.5585554190118556,1.5375359915700528,1.5375359915700528,1.0,0.0,10
51,2,0.5,200,pair,pl,1.5585554190118556,1.5375359915700528,1.5375359915700528,1.0,0.0,19
51,2,0.5,200,context,sm,1.5585554190118556,1.5375359915700528,1.5585554190118556,0.0,0.02101942744180274,19
51,2,0.5,1000,pair,pl,1.5585554190118556,1.5375359915700528,1.5375359915700528,1.0,0.0,20
51,2,0.5,1000,context,pl,1.5585554190118556,1.5375359915700528,1.5375359915700528,1.0,0.0,20
51,3,0.5,20,pair,sm,1.5358778711109964,1.5374904825199955,1.5358778711109964,1.0,0.0,1
51,3,0.5,20,context,sm,1.5358778711109964,1.5374904825199955,1.5358778711109964,1.0,0.0,1
51,3,0.5,60,pair,sm,1.5358778711109964,1.5374904825199955,1.5358778711109964,1.0,0.0,12
51,3,0.5,60,context,sm,1.5358778711109964,1.5374904825199955,1.5358778711109964,1.0,0.0,12
51,3,0.5,200,pair,sm,1.5358778711109964,1.5374904825199955,1.5358778711109964,1.0,0.0,19
51,3,0.5,200,context,sm,1.5358778711109964,1.5374904825199955,1.5358778711109964,1.0,0.0,19
51,3,0.5,1000,pair,sm,1.5358778711109964,1.5374904825199955,1.5358778711109964,1.0,0.0,20
51,3,0.5,1000,context,pl,1.5358778711109964,1.5374904825199955,1.5374904825199955,0.0,0.001612611408999154,20
51,4,0.5,20,pair,sm,1.536305953976542,1.5377933586766175,1.536305953976542,1.0,0.0,1
51,4,0.5,20,context,sm,1.536305953976542,1.5377933586766175,1.536305953976542,1.0,0.0,1
51,4,0.5,60,pair,sm,1.536305953976542,1.5377933586766175,1.536305953976542,1.0,0.0,12
51,4,0.5,60,context,sm,1.536305953976542,1.5377933586766175,1.536305953976542,1.0,0.0,12
51,4,0.5,200,pair,sm,1.536305953976542,1.5377933586766175,1.536305953976542,1.0,0.0,18
51,4,0.5,200,context,sm,1.536305953976542,1.5377933586766175,1.536305953976542,1.0,0.0,18
51,4,0.5,1000,pair,sm,1.536305953976542,1.5377933586766175,1.536305953976542,1.0,0.0,20
51,4,0.5,1000,context,pl,1.536305953976542,1.5377933586766175,1.5377933586766175,0.0,0.0014874047000754675,20
51,5,0.5,20,pair,sm,1.5343490291960298,1.5379563491125365,1.5343490291960298,1.0,0.0,1
51,5,0.5,20,context,pl,1.5343490291960298,1.5379563491125365,1.5379563491125365,0.0,0.003607319916506757,1
51,5,0.5,60,pair,sm,1.5343490291960298,1.5379563491125365,1.5343490291960298,1.0,0.0,11
51,5,0.5,60,context,sm,1.5343490291960298,1.5379563491125365,1.5343490291960298,1.0,0.0,11
51,5,0.5,200,pair,pl,1.5343490291960298,1.5379563491125365,1.5379563491125365,0.0,0.003607319916506757,20
51,5,0.5,200,context,pl,1.5343490291960298,1.5379563491125365,1.5379563491125365,0.0,0.003607319916506757,20
51,5,0.5,1000,pair,pl,1.5343490291960298,1.5379563491125365,1.5379563491125365,0.0,0.003607319916506757,20
51,5,0.5,1000,context,pl,1.5343490291960298,1.5379563491125365,1.5379563491125365,0.0,0.003607319916506757,20
51,6,0.5,20,pair,pl,1.5354639367041938,1.5473749176484304,1.5473749176484304,0.0,0.011910980944236593,1
51,6,0.5,20,context,pl,1.5354639367041938,1.5473749176484304,1.5473749176484304,0.0,0.011910980944236593,1
51,6,0.5,60,pair,sm,1.5354639367041938,1.5473749176484304,1.5354639367041938,1.0,0.0,8
51,6,0.5,60,context,sm,1.5354639367041938,1.5473749176484304,1.5354639367041938,1.0,0.0,8
51,6,0.5,200,pair,sm,1.5354639367041938,1.5473749176484304,1.5354639367041938,1.0,0.0,20
51,6,0.5,200,context,sm,1.5354639367041938,1.5473749176484304,1.5354639367041938,1.0,0.0,20
51,6,0.5,1000,pair,sm,1.5354639367041938,1.5473749176484304,1.5354639367041938,1.0,0.0,20
51,6,0.5,1000,context,sm,1.5354639367041938,1.5473749176484304,1.5354639367041938,1.0,0.0,20
51,7,0.5,20,pair,sm,1.5340683080359006,1.5380153612045597,1.5340683080359006,1.0,0.0,1
51,7,0.5,20,context,sm,1.5340683080359006,1.5380153612045597,1.5340683080359006,1.0,0.0,1
51,7,0.5,60,pair,sm,1.5340683080359006,1.5380153612045597,1.5340683080359006,1.0,0.0,11
51,7,0.5,60,context,sm,1.5340683080359006,1.5380153612045597,1.5340683080359006,1.0,0.0,11
51,7,0.5,200,pair,sm,1.5340683080359006,1.5380153612045597,1.5340683080359006,1.0,0.0,20
51,7,0.5,200,context,sm,1.5340683080359006,1.5380153612045597,1.5340683080359006,1.0,0.0,20
51,7,0.5,1000,pair,sm,1.5340683080359006,1.5380153612045597,1.5340683080359006,1.0,0.0,20
51,7,0.5,1000,context,sm,1.5340683080359006,1.5380153612045597,1.5340683080359006,1.0,0.0,20
51,8,0.5,20,pair,pl,1.5341703766494734,1.5417742438859736,1.5417742438859736,0.0,0.007603867236500195,1
51,8,0.5,20,context,pl,1.5341703766494734,1.5417742438859736,1.5417742438859736,0.0,0.007603867236500195,1
51,8,0.5,60,pair,pl,1.5341703766494734,1.5417742438859736,1.5417742438859736,0.0,0.007603867236500195,10
51,8,0.5,60,context,pl,1.5341703766494734,1.5417742438859736,1.5417742438859736,0.0,0.007603867236500195,10
51,8,0.5,200,pair,pl,1.5341703766494734,1.5417742438859736,1.5417742438859736,0.0,0.007603867236500195,20
51,8,0.5,200,context,pl,1.5341703766494734,1.5417742438859736,1.5417742438859736,0.0,0.007603867236500195,20
51,8,0.5,1000,pair,pl,1.5341703766494734,1.5417742438859736,1.5417742438859736,0.0,0.007603867236500195,20
51,8,0.5,1000,context,pl,1.5341703766494734,1.5417742438859736,1.5417742438859736,0.0,0.007603867236500195,20
51,9,0.5,20,pair,sm,1.5347053416843068,1.5430440012210798,1.5347053416843068,1.0,0.0,2
51,9,0.5,20,context,sm,1.5347053416843068,1.5430440012210798,1.5347053416843068,1.0,0.0,2
51,9,0.5,60,pair,sm,1.5347053416843068,1.5430440012210798,1.5347053416843068,1.0,0.0,9
51,9,0.5,60,context,pl,1.5347053416843068,1.5430440012210798,1.5430440012210798,0.0,0.00833865953677293,9
51,9,0.5,200,pair,sm,1.5347053416843068,1.5430440012210798,1.5347053416843068,1.0,0.0,20
51,9,0.5,200,context,pl,1.5347053416843068,1.5430440012210798,1.5430440012210798,0.0,0.00833865953677293,20
51,9,0.5,1000,pair,sm,1.5347053416843068,1.5430440012210798,1.5347053416843068,1.0,0.0,20
51,9,0.5,1000,context,sm,1.5347053416843068,1.5430440012210798,1.5347053416843068,1.0,0.0,20
51,10,0.5,20,pair,sm,1.5339762321498367,1.5428378173329744,1.5339762321498367,1.0,0.0,1
51,10,0.5,20,context,pl,1.5339762321498367,1.5428378173329744,1.5428378173329744,0.0,0.008861585183137732,1
51,10,0.5,60,pair,sm,1.5339762321498367,1.5428378173329744,1.5339762321498367,1.0,0.0,7
51,10,0.5,60,context,pl,1.5339762321498367,1.5428378173329744,1.5428378173329744,0.0,0.008861585183137732,7
51,10,0.5,200,pair,sm,1.5339762321498367,1.5428378173329744,1.5339762321498367,1.0,0.0,19
51,10,0.5,200,context,pl,1.5339762321498367,1.5428378173329744,1.5428378173329744,0.0,0.008861585183137732,19
51,10,0.5,1000,pair,sm,1.5339762321498367,1.5428378173329744,1.5339762321498367,1.0,0.0,20
51,10,0.5,1000,context,sm,1.5339762321498367,1.5428378173329744,1.5339762321498367,1.0,0.0,20
51,11,0.5,20,pair,sm,1.5339762321498367,1.5410075092449809,1.5339762321498367,1.0,0.0,2
51,11,0.5,20,context,sm,1.5339762321498367,1.5410075092449809,1.5339762321498367,1.0,0.0,2
51,11,0.5,60,pair,sm,1.5339762321498367,1.5410075092449809,1.5339762321498367,1.0,0.0,12
51,11,0.5,60,context,sm,1.5339762321498367,1.5410075092449809,1.5339762321498367,1.0,0.0,12
51,11,0.5,200,pair,sm,1.5339762321498367,1.5410075092449809,1.5339762321498367,1.0,0.0,19
51,11,0.5,200,context,sm,1.5339762321498367,1.5410075092449809,1.5339762321498367,1.0,0.0,19
51,11,0.5,1000,pair,sm,1.5339762321498367,1.5410075092449809,1.5339762321498367,1.0,0.0,20
51,11,0.5,1000,context,pl,1.5339762321498367,1.5410075092449809,1.5410075092449809,0.0,0.007031277095144173,20
51,12,0.5,20,pair,sm,1.5342900700105795,1.54530377160855,1.5342900700105795,1.0,0.0,0
51,12,0.5,20,context,abstain,1.5342900700105795,1.54530377160855,,,,0
51,12,0.5,60,pair,pl,1.5342900700105795,1.54530377160855,1.54530377160855,0.0,0.011013701597970549,10
51,12,0.5,60,context,pl,1.5342900700105795,1.54530377160855,1.54530377160855,0.0,0.011013701597970549,10
51,12,0.5,200,pair,pl,1.5342900700105795,1.54530377160855,1.54530377160855,0.0,0.011013701597970549,18
51,12,0.5,200,context,pl,1.5342900700105795,1.54530377160855,1.54530377160855,0.0,0.011013701597970549,18
51,12,0.5,1000,pair,pl,1.5342900700105795,1.54530377160855,1.54530377160855,0.0,0.011013701597970549,20
51,12,0.5,1000,context,pl,1.5342900700105795,1.54530377160855,1.54530377160855,0.0,0.011013701597970549,20
51,13,0.5,20,pair,pl,1.534605165986218,1.5387976406204218,1.5387976406204218,0.0,0.004192474634203691,1
51,13,0.5,20,context,pl,1.534605165986218,1.5387976406204218,1.5387976406204218,0.0,0.004192474634203691,1
51,13,0.5,60,pair,pl,1.534605165986218,1.5387976406204218,1.5387976406204218,0.0,0.004192474634203691,10
51,13,0.5,60,context,pl,1.534605165986218,1.5387976406204218,1.5387976406204218,0.0,0.004192474634203691,10
51,13,0.5,200,pair,pl,1.534605165986218,1.5387976406204218,1.5387976406204218,0.0,0.004192474634203691,19
51,13,0.5,200,context,pl,1.534605165986218,1.5387976406204218,1.5387976406204218,0.0,0.004192474634203691,19
51,13,0.5,1000,pair,pl,1.534605165986218,1.5387976406204218,1.5387976406204218,0.0,0.004192474634203691,20
51,13,0.5,1000,context,pl,1.534605165986218,1.5387976406204218,1.5387976406204218,0.0,0.004192474634203691,20
51,14,0.5,20,pair,sm,1.5341588467231668,1.5395647171849876,1.5341588467231668,1.0,0.0,0
51,14,0.5,20,context,abstain,1.5341588467231668,1.5395647171849876,,,,0
51,14,0.5,60,pair,sm,1.5341588467231668,1.5395647171849876,1.5341588467231668,1.0,0.0,8
51,14,0.5,60,context,pl,1.5341588467231668,1.5395647171849876,1.5395647171849876,0.0,0.005405870461820728,8
51,14,0.5,200,pair,sm,1.5341588467231668,1.5395647171849876,1.5341588467231668,1.0,0.0,19
51,14,0.5,200,context,sm,1.5341588467231668,1.5395647171849876,1.5341588467231668,1.0,0.0,19
51,14,0.5,1000,pair,sm,1.5341588467231668,1.5395647171849876,1.5341588467231668,1.0,0.0,20
51,14,0.5,1000,context,sm,1.5341588467231668,1.5395647171849876,1.5341588467231668,1.0,0.0,20
51,15,0.5,20,pair,sm,1.5355719705512092,1.5403291002530488,1.5355719705512092,1.0,0.0,1
51,15,0.5,20,context,pl,1.5355719705512092,1.5403291002530488,1.5403291002530488,0.0,0.004757129701839613,1
51,15,0.5,60,pair,pl,1.5355719705512092,1.5403291002530488,1.5403291002530488,0.0,0.004757129701839613,8
51,15,0.5,60,context,pl,1.5355719705512092,1.5403291002530488,1.5403291002530488,0.0,0.004757129701839613,8
51,15,0.5,200,pair,pl,1.5355719705512092,1.5403291002530488,1.5403291002530488,0.0,0.004757129701839613,18
51,15,0.5,200,context,sm,1.5355719705512092,1.5403291002530488,1.5355719705512092,1.0,0.0,18
51,15,0.5,1000,pair,pl,1.5355719705512092,1.5403291002530488,1.5403291002530488,0.0,0.004757129701839613,20
51,15,0.5,1000,context,pl,1.5355719705512092,1.5403291002530488,1.5403291002530488,0.0,0.004757129701839613,20
51,16,0.5,20,pair,sm,1.536040541279566,1.5436894168113784,1.536040541279566,1.0,0.0,1
51,16,0.5,20,context,sm,1.536040541279566,1.5436894168113784,1.536040541279566,1.0,0.0,1
51,16,0.5,60,pair,pl,1.536040541279566,1.5436894168113784,1.5436894168113784,0.0,0.007648875531812482,7
51,16,0.5,60,context,pl,1.536040541279566,1.5436894168113784,1.5436894168113784,0.0,0.007648875531812482,7
51,16,0.5,200,pair,pl,1.536040541279566,1.5436894168113784,1.5436894168113784,0.0,0.007648875531812482,20
51,16,0.5,200,context,pl,1.536040541279566,1.5436894168113784,1.5436894168113784,0.0,0.007648875531812482,20
51,16,0.5,1000,pair,sm,1.536040541279566,1.5436894168113784,1.536040541279566,1.0,0.0,20
51,16,0.5,1000,context,pl,1.536040541279566,1.5436894168113784,1.5436894168113784,0.0,0.007648875531812482,20
51,17,0.5,20,pair,sm,1.534605165986218,1.5379518047290095,1.534605165986218,1.0,0.0,1
51,17,0.5,20,context,pl,1.534605165986218,1.5379518047290095,1.5379518047290095,0.0,0.003346638742791397,1
51,17,0.5,60,pair,pl,1.534605165986218,1.5379518047290095,1.5379518047290095,0.0,0.003346638742791397,10
51,17,0.5,60,context,pl,1.534605165986218,1.5379518047290095,1.5379518047290095,0.0,0.003346638742791397,10
51,17,0.5,200,pair,pl,1.534605165986218,1.5379518047290095,1.5379518047290095,0.0,0.003346638742791397,19
51,17,0.5,200,context,pl,1.534605165986218,1.5379518047290095,1.5379518047290095,0.0,0.003346638742791397,19
51,17,0.5,1000,pair,sm,1.534605165986218,1.5379518047290095,1.534605165986218,1.0,0.0,20
51,17,0.5,1000,context,sm,1.534605165986218,1.5379518047290095,1.534605165986218,1.0,0.0,20
51,18,0.5,20,pair,pl,1.579800895284496,1.544752696398811,1.544752696398811,1.0,0.0,0
51,18,0.5,20,context,abstain,1.579800895284496,1.544752696398811,,,,0
51,18,0.5,60,pair,pl,1.579800895284496,1.544752696398811,1.544752696398811,1.0,0.0,10
51,18,0.5,60,context,pl,1.579800895284496,1.544752696398811,1.544752696398811,1.0,0.0,10
51,18,0.5,200,pair,pl,1.579800895284496,1.544752696398811,1.544752696398811,1.0,0.0,20
51,18,0.5,200,context,pl,1.579800895284496,1.544752696398811,1.544752696398811,1.0,0.0,20
51,18,0.5,1000,pair,pl,1.579800895284496,1.544752696398811,1.544752696398811,1.0,0.0,20
51,18,0.5,1000,context,pl,1.579800895284496,1.544752696398811,1.544752696398811,1.0,0.0,20
51,19,0.5,20,pair,pl,1.534013255414905,1.5377359199634377,1.5377359199634377,0.0,0.0037226645485326504,1
51,19,0.5,20,context,pl,1.534013255414905,1.5377359199634377,1.5377359199634377,0.0,0.0037226645485326504,1
51,19,0.5,60,pair,pl,1.534013255414905,1.5377359199634377,1.5377359199634377,0.0,0.0037226645485326504,10
51,19,0.5,60,context,pl,1.534013255414905,1.5377359199634377,1.5377359199634377,0.0,0.0037226645485326504,10
51,19,0.5,200,pair,pl,1.534013255414905,1.5377359199634377,1.5377359199634377,0.0,0.0037226645485326504,19
51,19,0.5,200,context,pl,1.534013255414905,1.5377359199634377,1.5377359199634377,0.0,0.0037226645485326504,19
51,19,0.5,1000,pair,pl,1.534013255414905,1.5377359199634377,1.5377359199634377,0.0,0.0037226645485326504,20
51,19,0.5,1000,context,pl,1.534013255414905,1.5377359199634377,1.5377359199634377,0.0,0.0037226645485326504,20
51,20,0.5,20,pair,sm,1.538018748566285,1.540783524096502,1.538018748566285,1.0,0.0,1
51,20,0.5,20,context,pl,1.538018748566285,1.540783524096502,1.540783524096502,0.0,0.002764775530216923,1
51,20,0.5,60,pair,sm,1.538018748566285,1.540783524096502,1.538018748566285,1.0,0.0,11
51,20,0.5,60,context,sm,1.538018748566285,1.540783524096502,1.538018748566285,1.0,0.0,11
51,20,0.5,200,pair,pl,1.538018748566285,1.540783524096502,1.540783524096502,0.0,0.002764775530216923,18
51,20,0.5,200,context,pl,1.538018748566285,1.540783524096502,1.540783524096502,0.0,0.002764775530216923,18
51,20,0.5,1000,pair,pl,1.538018748566285,1.540783524096502,1.540783524096502,0.0,0.002764775530216923,20
51,20,0.5,1000,context,sm,1.538018748566285,1.540783524096502,1.538018748566285,1.0,0.0,20
51,21,0.5,20,pair,sm,1.534013255414905,1.5501356860845634,1.534013255414905,1.0,0.0,1
51,21,0.5,20,context,pl,1.534013255414905,1.5501356860845634,1.5501356860845634,0.0,0.01612243066965835,1
51,21,0.5,60,pair,sm,1.534013255414905,1.5501356860845634,1.534013255414905,1.0,0.0,11
51,21,0.5,60,context,sm,1.534013255414905,1.5501356860845634,1.534013255414905,1.0,0.0,11
51,21,0.5,200,pair,sm,1.534013255414905,1.5501356860845634,1.534013255414905,1.0,0.0,19
51,21,0.5,200,context,sm,1.534013255414905,1.5501356860845634,1.534013255414905,1.0,0.0,19
51,21,0.5,1000,pair,sm,1.534013255414905,1.5501356860845634,1.534013255414905,1.0,0.0,20
51,21,0.5,1000,context,pl,1.534013255414905,1.5501356860845634,1.5501356860845634,0.0,0.01612243066965835,20
51,22,0.5,20,pair,pl,1.557130680266999,1.5415180051046826,1.5415180051046826,1.0,0.0,0
51,22,0.5,20,context,abstain,1.557130680266999,1.5415180051046826,,,,0
51,22,0.5,60,pair,pl,1.557130680266999,1.5415180051046826,1.5415180051046826,1.0,0.0,9
51,22,0.5,60,context,pl,1.557130680266999,1.5415180051046826,1.5415180051046826,1.0,0.0,9
51,22,0.5,200,pair,pl,1.557130680266999,1.5415180051046826,1.5415180051046826,1.0,0.0,18
51,22,0.5,200,context,pl,1.557130680266999,1.5415180051046826,1.5415180051046826,1.0,0.0,18
51,22,0.5,1000,pair,pl,1.557130680266999,1.5415180051046826,1.5415180051046826,1.0,0.0,20
51,22,0.5,1000,context,pl,1.557130680266999,1.5415180051046826,1.5415180051046826,1.0,0.0,20
51,23,0.5,20,pair,sm,1.5339671771223728,1.5372835719578872,1.5339671771223728,1.0,0.0,1
51,23,0.5,20,context,pl,1.5339671771223728,1.5372835719578872,1.5372835719578872,0.0,0.00331639483551438,1
51,23,0.5,60,pair,sm,1.5339671771223728,1.5372835719578872,1.5339671771223728,1.0,0.0,13
51,23,0.5,60,context,sm,1.5339671771223728,1.5372835719578872,1.5339671771223728,1.0,0.0,13
51,23,0.5,200,pair,sm,1.5339671771223728,1.5372835719578872,1.5339671771223728,1.0,0.0,20
51,23,0.5,200,context,sm,1.5339671771223728,1.5372835719578872,1.5339671771223728,1.0,0.0,20
51,23,0.5,1000,pair,sm,1.5339671771223728,1.5372835719578872,1.5339671771223728,1.0,0.0,20
51,23,0.5,1000,context,sm,1.5339671771223728,1.5372835719578872,1.5339671771223728,1.0,0.0,20
51,24,0.5,20,pair,pl,1.536305953976542,1.5393365621210993,1.5393365621210993,0.0,0.0030306081445572453,2
51,24,0.5,20,context,pl,1.536305953976542,1.5393365621210993,1.5393365621210993,0.0,0.0030306081445572453,2
51,24,0.5,60,pair,pl,1.536305953976542,1.5393365621210993,1.5393365621210993,0.0,0.0030306081445572453,10
51,24,0.5,60,context,pl,1.536305953976542,1.5393365621210993,1.5393365621210993,0.0,0.0030306081445572453,10
51,24,0.5,200,pair,pl,1.536305953976542,1.5393365621210993,1.5393365621210993,0.0,0.0030306081445572453,19
51,24,0.5,200,context,pl,1.536305953976542,1.5393365621210993,1.5393365621210993,0.0,0.0030306081445572453,19
51,24,0.5,1000,pair,pl,1.536305953976542,1.5393365621210993,1.5393365621210993,0.0,0.0030306081445572453,20
51,24,0.5,1000,context,sm,1.536305953976542,1.5393365621210993,1.536305953976542,1.0,0.0,20
51,25,0.5,20,pair,pl,1.5341703766494734,1.5382242829592172,1.5382242829592172,0.0,0.004053906309743782,0
51,25,0.5,20,context,abstain,1.5341703766494734,1.5382242829592172,,,,0
51,25,0.5,60,pair,pl,1.5341703766494734,1.5382242829592172,1.5382242829592172,0.0,0.004053906309743782,9
51,25,0.5,60,context,pl,1.5341703766494734,1.5382242829592172,1.5382242829592172,0.0,0.004053906309743782,9
51,25,0.5,200,pair,pl,1.5341703766494734,1.5382242829592172,1.5382242829592172,0.0,0.004053906309743782,20
51,25,0.5,200,context,pl,1.5341703766494734,1.5382242829592172,1.5382242829592172,0.0,0.004053906309743782,20
51,25,0.5,1000,pair,pl,1.5341703766494734,1.5382242829592172,1.5382242829592172,0.0,0.004053906309743782,20
51,25,0.5,1000,context,sm,1.5341703766494734,1.5382242829592172,1.5341703766494734,1.0,0.0,20
51,26,0.5,20,pair,pl,1.533968195405972,1.5427979121116755,1.5427979121116755,0.0,0.008829716705703428,1
51,26,0.5,20,context,pl,1.533968195405972,1.5427979121116755,1.5427979121116755,0.0,0.008829716705703428,1
51,26,0.5,60,pair,pl,1.533968195405972,1.5427979121116755,1.5427979121116755,0.0,0.008829716705703428,9
51,26,0.5,60,context,pl,1.533968195405972,1.5427979121116755,1.5427979121116755,0.0,0.008829716705703428,9
51,26,0.5,200,pair,pl,1.533968195405972,1.5427979121116755,1.5427979121116755,0.0,0.008829716705703428,18
51,26,0.5,200,context,pl,1.533968195405972,1.5427979121116755,1.5427979121116755,0.0,0.008829716705703428,18
51,26,0.5,1000,pair,sm,1.533968195405972,1.5427979121116755,1.533968195405972,1.0,0.0,20
51,26,0.5,1000,context,pl,1.533968195405972,1.5427979121116755,1.5427979121116755,0.0,0.008829716705703428,20
51,27,0.5,20,pair,sm,1.5340421897999463,1.5585151198435527,1.5340421897999463,1.0,0.0,1
51,27,0.5,20,context,sm,1.5340421897999463,1.5585151198435527,1.5340421897999463,1.0,0.0,1
51,27,0.5,60,pair,pl,1.5340421897999463,1.5585151198435527,1.5585151198435527,0.0,0.0244729300436064,11
51,27,0.5,60,context,pl,1.5340421897999463,1.5585151198435527,1.5585151198435527,0.0,0.0244729300436064,11
51,27,0.5,200,pair,sm,1.5340421897999463,1.5585151198435527,1.5340421897999463,1.0,0.0,20
51,27,0.5,200,context,pl,1.5340421897999463,1.5585151198435527,1.5585151198435527,0.0,0.0244729300436064,20
51,27,0.5,1000,pair,sm,1.5340421897999463,1.5585151198435527,1.5340421897999463,1.0,0.0,20
51,27,0.5,1000,context,sm,1.5340421897999463,1.5585151198435527,1.5340421897999463,1.0,0.0,20
51,28,0.5,20,pair,sm,1.5571219174121138,1.5373325467666843,1.5571219174121138,0.0,0.019789370645429516,1
51,28,0.5,20,context,pl,1.5571219174121138,1.5373325467666843,1.5373325467666843,1.0,0.0,1
51,28,0.5,60,pair,sm,1.5571219174121138,1.5373325467666843,1.5571219174121138,0.0,0.019789370645429516,10
51,28,0.5,60,context,sm,1.5571219174121138,1.5373325467666843,1.5571219174121138,0.0,0.019789370645429516,10
51,28,0.5,200,pair,pl,1.5571219174121138,1.5373325467666843,1.5373325467666843,1.0,0.0,19
51,28,0.5,200,context,pl,1.5571219174121138,1.5373325467666843,1.5373325467666843,1.0,0.0,19
51,28,0.5,1000,pair,pl,1.5571219174121138,1.5373325467666843,1.5373325467666843,1.0,0.0,20
51,28,0.5,1000,context,pl,1.5571219174121138,1.5373325467666843,1.5373325467666843,1.0,0.0,20
51,29,0.5,20,pair,pl,1.536040541279566,1.540897298446429,1.540897298446429,0.0,0.004856757166863179,0
51,29,0.5,20,context,abstain,1.536040541279566,1.540897298446429,,,,0
51,29,0.5,60,pair,sm,1.536040541279566,1.540897298446429,1.536040541279566,1.0,0.0,8
51,29,0.5,60,context,sm,1.536040541279566,1.540897298446429,1.536040541279566,1.0,0.0,8
51,29,0.5,200,pair,pl,1.536040541279566,1.540897298446429,1.540897298446429,0.0,0.004856757166863179,18
51,29,0.5,200,context,pl,1.536040541279566,1.540897298446429,1.540897298446429,0.0,0.004856757166863179,18
51,29,0.5,1000,pair,sm,1.536040541279566,1.540897298446429,1.536040541279566,1.0,0.0,20
51,29,0.5,1000,context,sm,1.536040541279566,1.540897298446429,1.536040541279566,1.0,0.0,20
51,30,0.5,20,pair,sm,1.557130680266999,1.5474442187421045,1.557130680266999,0.0,0.009686461524894607,1
51,30,0.5,20,context,sm,1.557130680266999,1.5474442187421045,1.557130680266999,0.0,0.009686461524894607,1
51,30,0.5,60,pair,sm,1.557130680266999,1.5474442187421045,1.557130680266999,0.0,0.009686461524894607,10
51,30,0.5,60,context,pl,1.557130680266999,1.5474442187421045,1.5474442187421045,1.0,0.0,10
51,30,0.5,200,pair,pl,1.557130680266999,1.5474442187421045,1.5474442187421045,1.0,0.0,16
51,30,0.5,200,context,pl,1.557130680266999,1.5474442187421045,1.5474442187421045,1.0,0.0,16
51,30,0.5,1000,pair,pl,1.557130680266999,1.5474442187421045,1.5474442187421045,1.0,0.0,20
51,30,0.5,1000,context,pl,1.557130680266999,1.5474442187421045,1.5474442187421045,1.0,0.0,20
51,31,0.5,20,pair,pl,1.5342149619536058,1.5447368885013097,1.5447368885013097,0.0,0.010521926547703897,2
51,31,0.5,20,context,pl,1.5342149619536058,1.5447368885013097,1.5447368885013097,0.0,0.010521926547703897,2
51,31,0.5,60,pair,pl,1.5342149619536058,1.5447368885013097,1.5447368885013097,0.0,0.010521926547703897,12
51,31,0.5,60,context,pl,1.5342149619536058,1.5447368885013097,1.5447368885013097,0.0,0.010521926547703897,12
51,31,0.5,200,pair,sm,1.5342149619536058,1.5447368885013097,1.5342149619536058,1.0,0.0,18
51,31,0.5,200,context,sm,1.5342149619536058,1.5447368885013097,1.5342149619536058,1.0,0.0,18
51,31,0.5,1000,pair,sm,1.5342149619536058,1.5447368885013097,1.5342149619536058,1.0,0.0,20
51,31,0.5,1000,context,sm,1.5342149619536058,1.5447368885013097,1.5342149619536058,1.0,0.0,20
51,32,0.5,20,pair,sm,1.5350506906895975,1.5438592530509787,1.5350506906895975,1.0,0.0,1
51,32,0.5,20,context,pl,1.5350506906895975,1.5438592530509787,1.5438592530509787,0.0,0.008808562361381167,1
51,32,0.5,60,pair,sm,1.5350506906895975,1.5438592530509787,1.5350506906895975,1.0,0.0,8
51,32,0.5,60,context,sm,1.5350506906895975,1.5438592530509787,1.5350506906895975,1.0,0.0,8
51,32,0.5,200,pair,sm,1.5350506906895975,1.5438592530509787,1.5350506906895975,1.0,0.0,19
51,32,0.5,200,context,sm,1.5350506906895975,1.5438592530509787,1.5350506906895975,1.0,0.0,19
51,32,0.5,1000,pair,sm,1.5350506906895975,1.5438592530509787,1.5350506906895975,1.0,0.0,20
51,32,0.5,1000,context,pl,1.5350506906895975,1.5438592530509787,1.5438592530509787,0.0,0.008808562361381167,20
51,33,0.5,20,pair,pl,1.5341703766494734,1.5427236018343737,1.5427236018343737,0.0,0.008553225184900315,2
51,33,0.5,20,context,pl,1.5341703766494734,1.5427236018343737,1.5427236018343737,0.0,0.008553225184900315,2
51,33,0.5,60,pair,sm,1.5341703766494734,1.5427236018343737,1.5341703766494734,1.0,0.0,8
51,33,0.5,60,context,sm,1.5341703766494734,1.5427236018343737,1.5341703766494734,1.0,0.0,8
51,33,0.5,200,pair,sm,1.5341703766494734,1.5427236018343737,1.5341703766494734,1.0,0.0,19
51,33,0.5,200,context,sm,1.5341703766494734,1.5427236018343737,1.5341703766494734,1.0,0.0,19
51,33,0.5,1000,pair,sm,1.5341703766494734,1.5427236018343737,1.5341703766494734,1.0,0.0,20
51,33,0.5,1000,context,sm,1.5341703766494734,1.5427236018343737,1.5341703766494734,1.0,0.0,20
51,34,0.5,20,pair,pl,1.5348113380103838,1.5431215060035983,1.5431215060035983,0.0,0.00831016799321449,0
51,34,0.5,20,context,abstain,1.5348113380103838,1.5431215060035983,,,,0
51,34,0.5,60,pair,pl,1.5348113380103838,1.5431215060035983,1.5431215060035983,0.0,0.00831016799321449,13
51,34,0.5,60,context,pl,1.5348113380103838,1.5431215060035983,1.5431215060035983,0.0,0.00831016799321449,13
51,34,0.5,200,pair,sm,1.5348113380103838,1.5431215060035983,1.5348113380103838,1.0,0.0,20
51,34,0.5,200,context,sm,1.5348113380103838,1.5431215060035983,1.5348113380103838,1.0,0.0,20
51,34,0.5,1000,pair,sm,1.5348113380103838,1.5431215060035983,1.5348113380103838,1.0,0.0,20
51,34,0.5,1000,context,pl,1.5348113380103838,1.5431215060035983,1.5431215060035983,0.0,0.00831016799321449,20
51,35,0.5,20,pair,sm,1.5345124089638151,1.5441205203822643,1.5345124089638151,1.0,0.0,0
51,35,0.5,20,context,abstain,1.5345124089638151,1.5441205203822643,,,,0
51,35,0.5,60,pair,sm,1.5345124089638151,1.5441205203822643,1.5345124089638151,1.0,0.0,11
51,35,0.5,60,context,sm,1.5345124089638151,1.5441205203822643,1.5345124089638151,1.0,0.0,11
51,35,0.5,200,pair,sm,1.5345124089638151,1.5441205203822643,1.5345124089638151,1.0,0.0,19
51,35,0.5,200,context,pl,1.5345124089638151,1.5441205203822643,1.5441205203822643,0.0,0.009608111418449194,19
51,35,0.5,1000,pair,sm,1.5345124089638151,1.5441205203822643,1.5345124089638151,1.0,0.0,20
51,35,0.5,1000,context,pl,1.5345124089638151,1.5441205203822643,1.5441205203822643,0.0,0.009608111418449194,20
51,36,0.5,20,pair,sm,1.5349280727330004,1.5434647711671061,1.5349280727330004,1.0,0.0,2
51,36,0.5,20,context,pl,1.5349280727330004,1.5434647711671061,1.5434647711671061,0.0,0.00853669843410576,2
51,36,0.5,60,pair,sm,1.5349280727330004,1.5434647711671061,1.5349280727330004,1.0,0.0,9
51,36,0.5,60,context,pl,1.5349280727330004,1.5434647711671061,1.5434647711671061,0.0,0.00853669843410576,9
51,36,0.5,200,pair,pl,1.5349280727330004,1.5434647711671061,1.5434647711671061,0.0,0.00853669843410576,19
51,36,0.5,200,context,pl,1.5349280727330004,1.5434647711671061,1.5434647711671061,0.0,0.00853669843410576,19
51,36,0.5,1000,pair,sm,1.5349280727330004,1.5434647711671061,1.5349280727330004,1.0,0.0,20
51,36,0.5,1000,context,pl,1.5349280727330004,1.5434647711671061,1.5434647711671061,0.0,0.00853669843410576,20
51,37,0.5,20,pair,pl,1.5345124089638151,1.5385000246344964,1.5385000246344964,0.0,0.003987615670681288,1
51,37,0.5,20,context,pl,1.5345124089638151,1.5385000246344964,1.5385000246344964,0.0,0.003987615670681288,1
51,37,0.5,60,pair,pl,1.5345124089638151,1.5385000246344964,1.5385000246344964,0.0,0.003987615670681288,12
51,37,0.5,60,context,pl,1.5345124089638151,1.5385000246344964,1.5385000246344964,0.0,0.003987615670681288,12
51,37,0.5,200,pair,pl,1.5345124089638151,1.5385000246344964,1.5385000246344964,0.0,0.003987615670681288,19
51,37,0.5,200,context,pl,1.5345124089638151,1.5385000246344964,1.5385000246344964,0.0,0.003987615670681288,19
51,37,0.5,1000,pair,sm,1.5345124089638151,1.5385000246344964,1.5345124089638151,1.0,0.0,20
51,37,0.5,1000,context,pl,1.5345124089638151,1.5385000246344964,1.5385000246344964,0.0,0.003987615670681288,20
51,38,0.5,20,pair,pl,1.5351808525407633,1.5393368264537715,1.5393368264537715,0.0,0.0041559739130081486,2
51,38,0.5,20,context,pl,1.5351808525407633,1.5393368264537715,1.5393368264537715,0.0,0.0041559739130081486,2
51,38,0.5,60,pair,sm,1.5351808525407633,1.5393368264537715,1.5351808525407633,1.0,0.0,8
51,38,0.5,60,context,pl,1.5351808525407633,1.5393368264537715,1.5393368264537715,0.0,0.0041559739130081486,8
51,38,0.5,200,pair,sm,1.5351808525407633,1.5393368264537715,1.5351808525407633,1.0,0.0,20
51,38,0.5,200,context,sm,1.5351808525407633,1.5393368264537715,1.5351808525407633,1.0,0.0,20
51,38,0.5,1000,pair,sm,1.5351808525407633,1.5393368264537715,1.5351808525407633,1.0,0.0,20
51,38,0.5,1000,context,sm,1.5351808525407633,1.5393368264537715,1.5351808525407633,1.0,0.0,20
51,39,0.5,20,pair,pl,1.5341207757033315,1.5380490538953402,1.5380490538953402,0.0,0.003928278192008694,0
51,39,0.5,20,context,abstain,1.5341207757033315,1.5380490538953402,,,,0
51,39,0.5,60,pair,pl,1.5341207757033315,1.5380490538953402,1.5380490538953402,0.0,0.003928278192008694,11
51,39,0.5,60,context,pl,1.5341207757033315,1.5380490538953402,1.5380490538953402,0.0,0.003928278192008694,11
51,39,0.5,200,pair,sm,1.5341207757033315,1.5380490538953402,1.5341207757033315,1.0,0.0,19
51,39,0.5,200,context,sm,1.5341207757033315,1.5380490538953402,1.5341207757033315,1.0,0.0,19
51,39,0.5,1000,pair,sm,1.5341207757033315,1.5380490538953402,1.5341207757033315,1.0,0.0,20
51,39,0.5,1000,context,sm,1.5341207757033315,1.5380490538953402,1.5341207757033315,1.0,0.0,20
55,0,0.75,20,pair,pl,1.588281712540331,1.5149870004630905,1.5149870004630905,1.0,0.0,0
55,0,0.75,20,context,abstain,1.588281712540331,1.5149870004630905,,,,0
55,0,0.75,60,pair,pl,1.588281712540331,1.5149870004630905,1.5149870004630905,1.0,0.0,10
55,0,0.75,60,context,sm,1.588281712540331,1.5149870004630905,1.588281712540331,0.0,0.07329471207724048,10
55,0,0.75,200,pair,pl,1.588281712540331,1.5149870004630905,1.5149870004630905,1.0,0.0,20
55,0,0.75,200,context,pl,1.588281712540331,1.5149870004630905,1.5149870004630905,1.0,0.0,20
55,0,0.75,1000,pair,pl,1.588281712540331,1.5149870004630905,1.5149870004630905,1.0,0.0,20
55,0,0.75,1000,context,pl,1.588281712540331,1.5149870004630905,1.5149870004630905,1.0,0.0,20
55,1,0.75,20,pair,pl,1.5342149619536058,1.5107788109371776,1.5107788109371776,1.0,0.0,1
55,1,0.75,20,context,pl,1.5342149619536058,1.5107788109371776,1.5107788109371776,1.0,0.0,1
55,1,0.75,60,pair,sm,1.5342149619536058,1.5107788109371776,1.5342149619536058,0.0,0.023436151016428264,11
55,1,0.75,60,context,sm,1.5342149619536058,1.5107788109371776,1.5342149619536058,0.0,0.023436151016428264,11
55,1,0.75,200,pair,sm,1.5342149619536058,1.5107788109371776,1.5342149619536058,0.0,0.023436151016428264,18
55,1,0.75,200,context,sm,1.5342149619536058,1.5107788109371776,1.5342149619536058,0.0,0.023436151016428264,18
55,1,0.75,1000,pair,pl,1.5342149619536058,1.5107788109371776,1.5107788109371776,1.0,0.0,20
55,1,0.75,1000,context,pl,1.5342149619536058,1.5107788109371776,1.5107788109371776,1.0,0.0,20
55,2,0.75,20,pair,sm,1.5340421897999463,1.5088149145569156,1.5340421897999463,0.0,0.0252272752430307,1
55,2,0.75,20,context,pl,1.5340421897999463,1.5088149145569156,1.5088149145569156,1.0,0.0,1
55,2,0.75,60,pair,sm,1.5340421897999463,1.5088149145569156,1.5340421897999463,0.0,0.0252272752430307,12
55,2,0.75,60,context,sm,1.5340421897999463,1.5088149145569156,1.5340421897999463,0.0,0.0252272752430307,12
55,2,0.75,200,pair,sm,1.5340421897999463,1.5088149145569156,1.5340421897999463,0.0,0.0252272752430307,18
55,2,0.75,200,context,sm,1.5340421897999463,1.5088149145569156,1.5340421897999463,0.0,0.0252272752430307,18
55,2,0.75,1000,pair,pl,1.5340421897999463,1.5088149145569156,1.5088149145569156,1.0,0.0,20
55,2,0.75,1000,context,sm,1.5340421897999463,1.5088149145569156,1.5340421897999463,0.0,0.0252272752430307,20
55,3,0.75,20,pair,pl,1.5346107410288814,1.5160723414933905,1.5160723414933905,1.0,0.0,0
55,3,0.75,20,context,abstain,1.5346107410288814,1.5160723414933905,,,,0
55,3,0.75,60,pair,pl,1.5346107410288814,1.5160723414933905,1.5160723414933905,1.0,0.0,12
55,3,0.75,60,context,pl,1.5346107410288814,1.5160723414933905,1.5160723414933905,1.0,0.0,12
55,3,0.75,200,pair,pl,1.5346107410288814,1.5160723414933905,1.5160723414933905,1.0,0.0,19
55,3,0.75,200,context,pl,1.5346107410288814,1.5160723414933905,1.5160723414933905,1.0,0.0,19
55,3,0.75,1000,pair,pl,1.5346107410288814,1.5160723414933905,1.5160723414933905,1.0,0.0,20
55,3,0.75,1000,context,pl,1.5346107410288814,1.5160723414933905,1.5160723414933905,1.0,0.0,20
55,4,0.75,20,pair,pl,1.5345204726707444,1.5101483693667108,1.5101483693667108,1.0,0.0,1
55,4,0.75,20,context,pl,1.5345204726707444,1.5101483693667108,1.5101483693667108,1.0,0.0,1
55,4,0.75,60,pair,pl,1.5345204726707444,1.5101483693667108,1.5101483693667108,1.0,0.0,10
55,4,0.75,60,context,sm,1.5345204726707444,1.5101483693667108,1.5345204726707444,0.0,0.02437210330403361,10
55,4,0.75,200,pair,pl,1.5345204726707444,1.5101483693667108,1.5101483693667108,1.0,0.0,18
55,4,0.75,200,context,pl,1.5345204726707444,1.5101483693667108,1.5101483693667108,1.0,0.0,18
55,4,0.75,1000,pair,pl,1.5345204726707444,1.5101483693667108,1.5101483693667108,1.0,0.0,20
55,4,0.75,1000,context,pl,1.5345204726707444,1.5101483693667108,1.5101483693667108,1.0,0.0,20
55,5,0.75,20,pair,sm,1.5535356957509068,1.5078893841291636,1.5535356957509068,0.0,0.04564631162174315,1
55,5,0.75,20,context,sm,1.5535356957509068,1.5078893841291636,1.5535356957509068,0.0,0.04564631162174315,1
55,5,0.75,60,pair,pl,1.5535356957509068,1.5078893841291636,1.5078893841291636,1.0,0.0,9
55,5,0.75,60,context,pl,1.5535356957509068,1.5078893841291636,1.5078893841291636,1.0,0.0,9
55,5,0.75,200,pair,pl,1.5535356957509068,1.5078893841291636,1.5078893841291636,1.0,0.0,19
55,5,0.75,200,context,pl,1.5535356957509068,1.5078893841291636,1.5078893841291636,1.0,0.0,19
55,5,0.75,1000,pair,pl,1.5535356957509068,1.5078893841291636,1.5078893841291636,1.0,0.0,20
55,5,0.75,1000,context,pl,1.5535356957509068,1.5078893841291636,1.5078893841291636,1.0,0.0,20
55,6,0.75,20,pair,pl,1.5340338274539822,1.5136161783945294,1.5136161783945294,1.0,0.0,1
55,6,0.75,20,context,pl,1.5340338274539822,1.5136161783945294,1.5136161783945294,1.0,0.0,1
55,6,0.75,60,pair,pl,1.5340338274539822,1.5136161783945294,1.5136161783945294,1.0,0.0,12
55,6,0.75,60,context,pl,1.5340338274539822,1.5136161783945294,1.5136161783945294,1.0,0.0,12
55,6,0.75,200,pair,pl,1.5340338274539822,1.5136161783945294,1.5136161783945294,1.0,0.0,19
55,6,0.75,200,context,sm,1.5340338274539822,1.5136161783945294,1.5340338274539822,0.0,0.020417649059452758,19
55,6,0.75,1000,pair,pl,1.5340338274539822,1.5136161783945294,1.5136161783945294,1.0,0.0,20
55,6,0.75,1000,context,pl,1.5340338274539822,1.5136161783945294,1.5136161783945294,1.0,0.0,20
55,7,0.75,20,pair,sm,1.5347053416843068,1.5182984429006623,1.5347053416843068,0.0,0.01640689878364454,1
55,7,0.75,20,context,sm,1.5347053416843068,1.5182984429006623,1.5347053416843068,0.0,0.01640689878364454,1
55,7,0.75,60,pair,sm,1.5347053416843068,1.5182984429006623,1.5347053416843068,0.0,0.01640689878364454,7
55,7,0.75,60,context,pl,1.5347053416843068,1.5182984429006623,1.5182984429006623,1.0,0.0,7
55,7,0.75,200,pair,pl,1.5347053416843068,1.5182984429006623,1.5182984429006623,1.0,0.0,20
55,7,0.75,200,context,pl,1.5347053416843068,1.5182984429006623,1.5182984429006623,1.0,0.0,20
55,7,0.75,1000,pair,pl,1.5347053416843068,1.5182984429006623,1.5182984429006623,1.0,0.0,20
55,7,0.75,1000,context,pl,1.5347053416843068,1.5182984429006623,1.5182984429006623,1.0,0.0,20
55,8,0.75,20,pair,sm,1.5345204726707444,1.509349581821199,1.5345204726707444,0.0,0.02517089084954538,0
55,8,0.75,20,context,abstain,1.5345204726707444,1.509349581821199,,,,0
55,8,0.75,60,pair,sm,1.5345204726707444,1.509349581821199,1.5345204726707444,0.0,0.02517089084954538,11
55,8,0.75,60,context,sm,1.5345204726707444,1.509349581821199,1.5345204726707444,0.0,0.02517089084954538,11
55,8,0.75,200,pair,sm,1.5345204726707444,1.509349581821199,1.5345204726707444,0.0,0.02517089084954538,19
55,8,0.75,200,context,sm,1.5345204726707444,1.509349581821199,1.5345204726707444,0.0,0.02517089084954538,19
55,8,0.75,1000,pair,pl,1.5345204726707444,1.509349581821199,1.509349581821199,1.0,0.0,20
55,8,0.75,1000,context,pl,1.5345204726707444,1.509349581821199,1.509349581821199,1.0,0.0,20
55,9,0.75,20,pair,pl,1.5545724728401384,1.5132047423664972,1.5132047423664972,1.0,0.0,3
55,9,0.75,20,context,pl,1.5545724728401384,1.5132047423664972,1.5132047423664972,1.0,0.0,3
55,9,0.75,60,pair,pl,1.5545724728401384,1.5132047423664972,1.5132047423664972,1.0,0.0,10
55,9,0.75,60,context,pl,1.5545724728401384,1.5132047423664972,1.5132047423664972,1.0,0.0,10
55,9,0.75,200,pair,pl,1.5545724728401384,1.5132047423664972,1.5132047423664972,1.0,0.0,19
55,9,0.75,200,context,pl,1.5545724728401384,1.5132047423664972,1.5132047423664972,1.0,0.0,19
55,9,0.75,1000,pair,pl,1.5545724728401384,1.5132047423664972,1.5132047423664972,1.0,0.0,20
55,9,0.75,1000,context,sm,1.5545724728401384,1.5132047423664972,1.5545724728401384,0.0,0.041367730473641284,20
55,10,0.75,20,pair,pl,1.5542688037450383,1.51095044543517,1.51095044543517,1.0,0.0,0
55,10,0.75,20,context,abstain,1.5542688037450383,1.51095044543517,,,,0
55,10,0.75,60,pair,pl,1.5542688037450383,1.51095044543517,1.51095044543517,1.0,0.0,11
55,10,0.75,60,context,pl,1.5542688037450383,1.51095044543517,1.51095044543517,1.0,0.0,11
55,10,0.75,200,pair,pl,1.5542688037450383,1.51095044543517,1.51095044543517,1.0,0.0,19
55,10,0.75,200,context,pl,1.5542688037450383,1.51095044543517,1.51095044543517,1.0,0.0,19
55,10,0.75,1000,pair,pl,1.5542688037450383,1.51095044543517,1.51095044543517,1.0,0.0,20
55,10,0.75,1000,context,pl,1.5542688037450383,1.51095044543517,1.51095044543517,1.0,0.0,20
55,11,0.75,20,pair,pl,1.554906198518271,1.5181552251114727,1.5181552251114727,1.0,0.0,1
55,11,0.75,20,context,pl,1.554906198518271,1.5181552251114727,1.5181552251114727,1.0,0.0,1
55,11,0.75,60,pair,pl,1.554906198518271,1.5181552251114727,1.5181552251114727,1.0,0.0,12
55,11,0.75,60,context,sm,1.554906198518271,1.5181552251114727,1.554906198518271,0.0,0.03675097340679834,12
55,11,0.75,200,pair,pl,1.554906198518271,1.5181552251114727,1.5181552251114727,1.0,0.0,19
55,11,0.75,200,context,sm,1.554906198518271,1.5181552251114727,1.554906198518271,0.0,0.03675097340679834,19
55,11,0.75,1000,pair,pl,1.554906198518271,1.5181552251114727,1.5181552251114727,1.0,0.0,20
55,11,0.75,1000,context,pl,1.554906198518271,1.5181552251114727,1.5181552251114727,1.0,0.0,20
55,12,0.75,20,pair,pl,1.536567180697029,1.5204641983474005,1.5204641983474005,1.0,0.0,0
55,12,0.75,20,context,abstain,1.536567180697029,1.5204641983474005,,,,0
55,12,0.75,60,pair,pl,1.536567180697029,1.5204641983474005,1.5204641983474005,1.0,0.0,8
55,12,0.75,60,context,sm,1.536567180697029,1.5204641983474005,1.536567180697029,0.0,0.01610298234962837,8
55,12,0.75,200,pair,sm,1.536567180697029,1.5204641983474005,1.536567180697029,0.0,0.01610298234962837,19
55,12,0.75,200,context,sm,1.536567180697029,1.5204641983474005,1.536567180697029,0.0,0.01610298234962837,19
55,12,0.75,1000,pair,pl,1.536567180697029,1.5204641983474005,1.5204641983474005,1.0,0.0,20
55,12,0.75,1000,context,pl,1.536567180697029,1.5204641983474005,1.5204641983474005,1.0,0.0,20
55,13,0.75,20,pair,sm,1.5348113380103836,1.5162182271829097,1.5348113380103836,0.0,0.018593110827473947,1
55,13,0.75,20,context,sm,1.5348113380103836,1.5162182271829097,1.5348113380103836,0.0,0.018593110827473947,1
55,13,0.75,60,pair,sm,1.5348113380103836,1.5162182271829097,1.5348113380103836,0.0,0.018593110827473947,10
55,13,0.75,60,context,sm,1.5348113380103836,1.5162182271829097,1.5348113380103836,0.0,0.018593110827473947,10
55,13,0.75,200,pair,sm,1.5348113380103836,1.5162182271829097,1.5348113380103836,0.0,0.018593110827473947,19
55,13,0.75,200,context,sm,1.5348113380103836,1.5162182271829097,1.5348113380103836,0.0,0.018593110827473947,19
55,13,0.75,1000,pair,pl,1.5348113380103836,1.5162182271829097,1.5162182271829097,1.0,0.0,20
55,13,0.75,1000,context,pl,1.5348113380103836,1.5162182271829097,1.5162182271829097,1.0,0.0,20
55,14,0.75,20,pair,pl,1.5714649858791738,1.5231751276661496,1.5231751276661496,1.0,0.0,1
55,14,0.75,20,context,sm,1.5714649858791738,1.5231751276661496,1.5714649858791738,0.0,0.04828985821302423,1
55,14,0.75,60,pair,pl,1.5714649858791738,1.5231751276661496,1.5231751276661496,1.0,0.0,8
55,14,0.75,60,context,sm,1.5714649858791738,1.5231751276661496,1.5714649858791738,0.0,0.04828985821302423,8
55,14,0.75,200,pair,pl,1.5714649858791738,1.5231751276661496,1.5231751276661496,1.0,0.0,19
55,14,0.75,200,context,pl,1.5714649858791738,1.5231751276661496,1.5231751276661496,1.0,0.0,19
55,14,0.75,1000,pair,pl,1.5714649858791738,1.5231751276661496,1.5231751276661496,1.0,0.0,20
55,14,0.75,1000,context,pl,1.5714649858791738,1.5231751276661496,1.5231751276661496,1.0,0.0,20
55,15,0.75,20,pair,sm,1.5339732040367635,1.5183314196494304,1.5339732040367635,0.0,0.015641784387333102,1
55,15,0.75,20,context,sm,1.5339732040367635,1.5183314196494304,1.5339732040367635,0.0,0.015641784387333102,1
55,15,0.75,60,pair,sm,1.5339732040367635,1.5183314196494304,1.5339732040367635,0.0,0.015641784387333102,8
55,15,0.75,60,context,sm,1.5339732040367635,1.5183314196494304,1.5339732040367635,0.0,0.015641784387333102,8
55,15,0.75,200,pair,sm,1.5339732040367635,1.5183314196494304,1.5339732040367635,0.0,0.015641784387333102,20
55,15,0.75,200,context,sm,1.5339732040367635,1.5183314196494304,1.5339732040367635,0.0,0.015641784387333102,20
55,15,0.75,1000,pair,pl,1.5339732040367635,1.5183314196494304,1.5183314196494304,1.0,0.0,20
55,15,0.75,1000,context,pl,1.5339732040367635,1.5183314196494304,1.5183314196494304,1.0,0.0,20
55,16,0.75,20,pair,pl,1.5349216204837988,1.5132221956809635,1.5132221956809635,1.0,0.0,0
55,16,0.75,20,context,abstain,1.5349216204837988,1.5132221956809635,,,,0
55,16,0.75,60,pair,sm,1.5349216204837988,1.5132221956809635,1.5349216204837988,0.0,0.021699424802835265,10
55,16,0.75,60,context,pl,1.5349216204837988,1.5132221956809635,1.5132221956809635,1.0,0.0,10
55,16,0.75,200,pair,pl,1.5349216204837988,1.5132221956809635,1.5132221956809635,1.0,0.0,18
55,16,0.75,200,context,pl,1.5349216204837988,1.5132221956809635,1.5132221956809635,1.0,0.0,18
55,16,0.75,1000,pair,pl,1.5349216204837988,1.5132221956809635,1.5132221956809635,1.0,0.0,20
55,16,0.75,1000,context,pl,1.5349216204837988,1.5132221956809635,1.5132221956809635,1.0,0.0,20
55,17,0.75,20,pair,sm,1.5341099716531545,1.5104263378281855,1.5341099716531545,0.0,0.023683633824969075,0
55,17,0.75,20,context,abstain,1.5341099716531545,1.5104263378281855,,,,0
55,17,0.75,60,pair,pl,1.5341099716531545,1.5104263378281855,1.5104263378281855,1.0,0.0,9
55,17,0.75,60,context,pl,1.5341099716531545,1.5104263378281855,1.5104263378281855,1.0,0.0,9
55,17,0.75,200,pair,pl,1.5341099716531545,1.5104263378281855,1.5104263378281855,1.0,0.0,19
55,17,0.75,200,context,pl,1.5341099716531545,1.5104263378281855,1.5104263378281855,1.0,0.0,19
55,17,0.75,1000,pair,pl,1.5341099716531545,1.5104263378281855,1.5104263378281855,1.0,0.0,20
55,17,0.75,1000,context,pl,1.5341099716531545,1.5104263378281855,1.5104263378281855,1.0,0.0,20
55,18,0.75,20,pair,pl,1.5350506906895975,1.5192884949737957,1.5192884949737957,1.0,0.0,2
55,18,0.75,20,context,sm,1.5350506906895975,1.5192884949737957,1.5350506906895975,0.0,0.01576219571580184,2
55,18,0.75,60,pair,sm,1.5350506906895975,1.5192884949737957,1.5350506906895975,0.0,0.01576219571580184,10
55,18,0.75,60,context,sm,1.5350506906895975,1.5192884949737957,1.5350506906895975,0.0,0.01576219571580184,10
55,18,0.75,200,pair,sm,1.5350506906895975,1.5192884949737957,1.5350506906895975,0.0,0.01576219571580184,17
55,18,0.75,200,context,sm,1.5350506906895975,1.5192884949737957,1.5350506906895975,0.0,0.01576219571580184,17
55,18,0.75,1000,pair,pl,1.5350506906895975,1.5192884949737957,1.5192884949737957,1.0,0.0,20
55,18,0.75,1000,context,pl,1.5350506906895975,1.5192884949737957,1.5192884949737957,1.0,0.0,20
55,19,0.75,20,pair,sm,1.5340421897999463,1.5167112176452595,1.5340421897999463,0.0,0.01733097215468682,2
55,19,0.75,20,context,sm,1.5340421897999463,1.5167112176452595,1.5340421897999463,0.0,0.01733097215468682,2
55,19,0.75,60,pair,sm,1.5340421897999463,1.5167112176452595,1.5340421897999463,0.0,0.01733097215468682,8
55,19,0.75,60,context,sm,1.5340421897999463,1.5167112176452595,1.5340421897999463,0.0,0.01733097215468682,8
55,19,0.75,200,pair,sm,1.5340421897999463,1.5167112176452595,1.5340421897999463,0.0,0.01733097215468682,19
55,19,0.75,200,context,sm,1.5340421897999463,1.5167112176452595,1.5340421897999463,0.0,0.01733097215468682,19
55,19,0.75,1000,pair,pl,1.5340421897999463,1.5167112176452595,1.5167112176452595,1.0,0.0,20
55,19,0.75,1000,context,pl,1.5340421897999463,1.5167112176452595,1.5167112176452595,1.0,0.0,20
55,20,0.75,20,pair,sm,1.5345124089638154,1.5099992269119134,1.5345124089638154,0.0,0.024513182051902005,0
55,20,0.75,20,context,abstain,1.5345124089638154,1.5099992269119134,,,,0
55,20,0.75,60,pair,pl,1.5345124089638154,1.5099992269119134,1.5099992269119134,1.0,0.0,11
55,20,0.75,60,context,sm,1.5345124089638154,1.5099992269119134,1.5345124089638154,0.0,0.024513182051902005,11
55,20,0.75,200,pair,pl,1.5345124089638154,1.5099992269119134,1.5099992269119134,1.0,0.0,20
55,20,0.75,200,context,pl,1.5345124089638154,1.5099992269119134,1.5099992269119134,1.0,0.0,20
55,20,0.75,1000,pair,pl,1.5345124089638154,1.5099992269119134,1.5099992269119134,1.0,0.0,20
55,20,0.75,1000,context,pl,1.5345124089638154,1.5099992269119134,1.5099992269119134,1.0,0.0,20
55,21,0.75,20,pair,sm,1.5347053416843068,1.5223147261195114,1.5347053416843068,0.0,0.012390615564795482,0
55,21,0.75,20,context,abstain,1.5347053416843068,1.5223147261195114,,,,0
55,21,0.75,60,pair,sm,1.5347053416843068,1.5223147261195114,1.5347053416843068,0.0,0.012390615564795482,9
55,21,0.75,60,context,pl,1.5347053416843068,1.5223147261195114,1.5223147261195114,1.0,0.0,9
55,21,0.75,200,pair,sm,1.5347053416843068,1.5223147261195114,1.5347053416843068,0.0,0.012390615564795482,19
55,21,0.75,200,context,pl,1.5347053416843068,1.5223147261195114,1.5223147261195114,1.0,0.0,19
55,21,0.75,1000,pair,pl,1.5347053416843068,1.5223147261195114,1.5223147261195114,1.0,0.0,20
55,21,0.75,1000,context,pl,1.5347053416843068,1.5223147261195114,1.5223147261195114,1.0,0.0,20
55,22,0.75,20,pair,pl,1.5708993709545829,1.5101334537872302,1.5101334537872302,1.0,0.0,2
55,22,0.75,20,context,pl,1.5708993709545829,1.5101334537872302,1.5101334537872302,1.0,0.0,2
55,22,0.75,60,pair,pl,1.5708993709545829,1.5101334537872302,1.5101334537872302,1.0,0.0,10
55,22,0.75,60,context,sm,1.5708993709545829,1.5101334537872302,1.5708993709545829,0.0,0.06076591716735269,10
55,22,0.75,200,pair,pl,1.5708993709545829,1.5101334537872302,1.5101334537872302,1.0,0.0,20
55,22,0.75,200,context,sm,1.5708993709545829,1.5101334537872302,1.5708993709545829,0.0,0.06076591716735269,20
55,22,0.75,1000,pair,pl,1.5708993709545829,1.5101334537872302,1.5101334537872302,1.0,0.0,20
55,22,0.75,1000,context,pl,1.5708993709545829,1.5101334537872302,1.5101334537872302,1.0,0.0,20
55,23,0.75,20,pair,sm,1.5351620397704278,1.5200398634213657,1.5351620397704278,0.0,0.0151221763490621,2
55,23,0.75,20,context,sm,1.5351620397704278,1.5200398634213657,1.5351620397704278,0.0,0.0151221763490621,2
55,23,0.75,60,pair,sm,1.5351620397704278,1.5200398634213657,1.5351620397704278,0.0,0.0151221763490621,11
55,23,0.75,60,context,sm,1.5351620397704278,1.5200398634213657,1.5351620397704278,0.0,0.0151221763490621,11
55,23,0.75,200,pair,pl,1.5351620397704278,1.5200398634213657,1.5200398634213657,1.0,0.0,18
55,23,0.75,200,context,pl,1.5351620397704278,1.5200398634213657,1.5200398634213657,1.0,0.0,18
55,23,0.75,1000,pair,pl,1.5351620397704278,1.5200398634213657,1.5200398634213657,1.0,0.0,20
55,23,0.75,1000,context,pl,1.5351620397704278,1.5200398634213657,1.5200398634213657,1.0,0.0,20
55,24,0.75,20,pair,pl,1.5340683080359003,1.5131187636442727,1.5131187636442727,1.0,0.0,1
55,24,0.75,20,context,pl,1.5340683080359003,1.5131187636442727,1.5131187636442727,1.0,0.0,1
55,24,0.75,60,pair,sm,1.5340683080359003,1.5131187636442727,1.5340683080359003,0.0,0.02094954439162766,9
55,24,0.75,60,context,sm,1.5340683080359003,1.5131187636442727,1.5340683080359003,0.0,0.02094954439162766,9
55,24,0.75,200,pair,pl,1.5340683080359003,1.5131187636442727,1.5131187636442727,1.0,0.0,18
55,24,0.75,200,context,pl,1.5340683080359003,1.5131187636442727,1.5131187636442727,1.0,0.0,18
55,24,0.75,1000,pair,pl,1.5340683080359003,1.5131187636442727,1.5131187636442727,1.0,0.0,20
55,24,0.75,1000,context,pl,1.5340683080359003,1.5131187636442727,1.5131187636442727,1.0,0.0,20
55,25,0.75,20,pair,pl,1.5375745234336327,1.5125865383818973,1.5125865383818973,1.0,0.0,1
55,25,0.75,20,context,pl,1.5375745234336327,1.5125865383818973,1.5125865383818973,1.0,0.0,1
55,25,0.75,60,pair,pl,1.5375745234336327,1.5125865383818973,1.5125865383818973,1.0,0.0,7
55,25,0.75,60,context,sm,1.5375745234336327,1.5125865383818973,1.5375745234336327,0.0,0.024987985051735384,7
55,25,0.75,200,pair,pl,1.5375745234336327,1.5125865383818973,1.5125865383818973,1.0,0.0,20
55,25,0.75,200,context,pl,1.5375745234336327,1.5125865383818973,1.5125865383818973,1.0,0.0,20
55,25,0.75,1000,pair,pl,1.5375745234336327,1.5125865383818973,1.5125865383818973,1.0,0.0,20
55,25,0.75,1000,context,pl,1.5375745234336327,1.5125865383818973,1.5125865383818973,1.0,0.0,20
55,26,0.75,20,pair,sm,1.5340683080359003,1.5141693509021723,1.5340683080359003,0.0,0.019898957133728024,3
55,26,0.75,20,context,sm,1.5340683080359003,1.5141693509021723,1.5340683080359003,0.0,0.019898957133728024,3
55,26,0.75,60,pair,sm,1.5340683080359003,1.5141693509021723,1.5340683080359003,0.0,0.019898957133728024,10
55,26,0.75,60,context,sm,1.5340683080359003,1.5141693509021723,1.5340683080359003,0.0,0.019898957133728024,10
55,26,0.75,200,pair,sm,1.5340683080359003,1.5141693509021723,1.5340683080359003,0.0,0.019898957133728024,18
55,26,0.75,200,context,pl,1.5340683080359003,1.5141693509021723,1.5141693509021723,1.0,0.0,18
55,26,0.75,1000,pair,pl,1.5340683080359003,1.5141693509021723,1.5141693509021723,1.0,0.0,20
55,26,0.75,1000,context,pl,1.5340683080359003,1.5141693509021723,1.5141693509021723,1.0,0.0,20
55,27,0.75,20,pair,pl,1.5341099716531545,1.5085499309839034,1.5085499309839034,1.0,0.0,0
55,27,0.75,20,context,abstain,1.5341099716531545,1.5085499309839034,,,,0
55,27,0.75,60,pair,pl,1.5341099716531545,1.5085499309839034,1.5085499309839034,1.0,0.0,7
55,27,0.75,60,context,sm,1.5341099716531545,1.5085499309839034,1.5341099716531545,0.0,0.025560040669251105,7
55,27,0.75,200,pair,pl,1.5341099716531545,1.5085499309839034,1.5085499309839034,1.0,0.0,19
55,27,0.75,200,context,pl,1.5341099716531545,1.5085499309839034,1.5085499309839034,1.0,0.0,19
55,27,0.75,1000,pair,pl,1.5341099716531545,1.5085499309839034,1.5085499309839034,1.0,0.0,20
55,27,0.75,1000,context,pl,1.5341099716531545,1.5085499309839034,1.5085499309839034,1.0,0.0,20
55,28,0.75,20,pair,sm,1.5350506906895975,1.5185984602041178,1.5350506906895975,0.0,0.016452230485479724,0
55,28,0.75,20,context,abstain,1.5350506906895975,1.5185984602041178,,,,0
55,28,0.75,60,pair,pl,1.5350506906895975,1.5185984602041178,1.5185984602041178,1.0,0.0,12
55,28,0.75,60,context,pl,1.5350506906895975,1.5185984602041178,1.5185984602041178,1.0,0.0,12
55,28,0.75,200,pair,sm,1.5350506906895975,1.5185984602041178,1.5350506906895975,0.0,0.016452230485479724,19
55,28,0.75,200,context,pl,1.5350506906895975,1.5185984602041178,1.5185984602041178,1.0,0.0,19
55,28,0.75,1000,pair,pl,1.5350506906895975,1.5185984602041178,1.5185984602041178,1.0,0.0,20
55,28,0.75,1000,context,pl,1.5350506906895975,1.5185984602041178,1.5185984602041178,1.0,0.0,20
55,29,0.75,20,pair,pl,1.5738310427959108,1.5138266584252054,1.5138266584252054,1.0,0.0,1
55,29,0.75,20,context,pl,1.5738310427959108,1.5138266584252054,1.5138266584252054,1.0,0.0,1
55,29,0.75,60,pair,pl,1.5738310427959108,1.5138266584252054,1.5138266584252054,1.0,0.0,12
55,29,0.75,60,context,pl,1.5738310427959108,1.5138266584252054,1.5138266584252054,1.0,0.0,12
55,29,0.75,200,pair,pl,1.5738310427959108,1.5138266584252054,1.5138266584252054,1.0,0.0,19
55,29,0.75,200,context,pl,1.5738310427959108,1.5138266584252054,1.5138266584252054,1.0,0.0,19
55,29,0.75,1000,pair,pl,1.5738310427959108,1.5138266584252054,1.5138266584252054,1.0,0.0,20
55,29,0.75,1000,context,pl,1.5738310427959108,1.5138266584252054,1.5138266584252054,1.0,0.0,20
55,30,0.75,20,pair,sm,1.536755535090878,1.512659171601855,1.536755535090878,0.0,0.024096363489023,0
55,30,0.75,20,context,abstain,1.536755535090878,1.512659171601855,,,,0
55,30,0.75,60,pair,pl,1.536755535090878,1.512659171601855,1.512659171601855,1.0,0.0,12
55,30,0.75,60,context,sm,1.536755535090878,1.512659171601855,1.536755535090878,0.0,0.024096363489023,12
55,30,0.75,200,pair,pl,1.536755535090878,1.512659171601855,1.512659171601855,1.0,0.0,20
55,30,0.75,200,context,pl,1.536755535090878,1.512659171601855,1.512659171601855,1.0,0.0,20
55,30,0.75,1000,pair,pl,1.536755535090878,1.512659171601855,1.512659171601855,1.0,0.0,20
55,30,0.75,1000,context,sm,1.536755535090878,1.512659171601855,1.536755535090878,0.0,0.024096363489023,20
55,31,0.75,20,pair,pl,1.53442704010228,1.5204667986353533,1.5204667986353533,1.0,0.0,0
55,31,0.75,20,context,abstain,1.53442704010228,1.5204667986353533,,,,0
55,31,0.75,60,pair,pl,1.53442704010228,1.5204667986353533,1.5204667986353533,1.0,0.0,13
55,31,0.75,60,context,pl,1.53442704010228,1.5204667986353533,1.5204667986353533,1.0,0.0,13
55,31,0.75,200,pair,pl,1.53442704010228,1.5204667986353533,1.5204667986353533,1.0,0.0,20
55,31,0.75,200,context,pl,1.53442704010228,1.5204667986353533,1.5204667986353533,1.0,0.0,20
55,31,0.75,1000,pair,pl,1.53442704010228,1.5204667986353533,1.5204667986353533,1.0,0.0,20
55,31,0.75,1000,context,pl,1.53442704010228,1.5204667986353533,1.5204667986353533,1.0,0.0,20
55,32,0.75,20,pair,pl,1.5529938487214212,1.5200272858309507,1.5200272858309507,1.0,0.0,1
55,32,0.75,20,context,pl,1.5529938487214212,1.5200272858309507,1.5200272858309507,1.0,0.0,1
55,32,0.75,60,pair,pl,1.5529938487214212,1.5200272858309507,1.5200272858309507,1.0,0.0,10
55,32,0.75,60,context,pl,1.5529938487214212,1.5200272858309507,1.5200272858309507,1.0,0.0,10
55,32,0.75,200,pair,pl,1.5529938487214212,1.5200272858309507,1.5200272858309507,1.0,0.0,17
55,32,0.75,200,context,pl,1.5529938487214212,1.5200272858309507,1.5200272858309507,1.0,0.0,17
55,32,0.75,1000,pair,pl,1.5529938487214212,1.5200272858309507,1.5200272858309507,1.0,0.0,20
55,32,0.75,1000,context,pl,1.5529938487214212,1.5200272858309507,1.5200272858309507,1.0,0.0,20
55,33,0.75,20,pair,pl,1.5339732040367635,1.5132906289003323,1.5132906289003323,1.0,0.0,0
55,33,0.75,20,context,abstain,1.5339732040367635,1.5132906289003323,,,,0
55,33,0.75,60,pair,pl,1.5339732040367635,1.5132906289003323,1.5132906289003323,1.0,0.0,9
55,33,0.75,60,context,pl,1.5339732040367635,1.5132906289003323,1.5132906289003323,1.0,0.0,9
55,33,0.75,200,pair,pl,1.5339732040367635,1.5132906289003323,1.5132906289003323,1.0,0.0,17
55,33,0.75,200,context,sm,1.5339732040367635,1.5132906289003323,1.5339732040367635,0.0,0.020682575136431236,17
55,33,0.75,1000,pair,pl,1.5339732040367635,1.5132906289003323,1.5132906289003323,1.0,0.0,20
55,33,0.75,1000,context,pl,1.5339732040367635,1.5132906289003323,1.5132906289003323,1.0,0.0,20
55,34,0.75,20,pair,pl,1.5979552188898871,1.5258707853715876,1.5258707853715876,1.0,0.0,1
55,34,0.75,20,context,pl,1.5979552188898871,1.5258707853715876,1.5258707853715876,1.0,0.0,1
55,34,0.75,60,pair,pl,1.5979552188898871,1.5258707853715876,1.5258707853715876,1.0,0.0,11
55,34,0.75,60,context,pl,1.5979552188898871,1.5258707853715876,1.5258707853715876,1.0,0.0,11
55,34,0.75,200,pair,pl,1.5979552188898871,1.5258707853715876,1.5258707853715876,1.0,0.0,17
55,34,0.75,200,context,pl,1.5979552188898871,1.5258707853715876,1.5258707853715876,1.0,0.0,17
55,34,0.75,1000,pair,pl,1.5979552188898871,1.5258707853715876,1.5258707853715876,1.0,0.0,20
55,34,0.75,1000,context,pl,1.5979552188898871,1.5258707853715876,1.5258707853715876,1.0,0.0,20
55,35,0.75,20,pair,pl,1.5369046161033606,1.5116482526342039,1.5116482526342039,1.0,0.0,0
55,35,0.75,20,context,abstain,1.5369046161033606,1.5116482526342039,,,,0
55,35,0.75,60,pair,pl,1.5369046161033606,1.5116482526342039,1.5116482526342039,1.0,0.0,9
55,35,0.75,60,context,sm,1.5369046161033606,1.5116482526342039,1.5369046161033606,0.0,0.025256363469156717,9
55,35,0.75,200,pair,sm,1.5369046161033606,1.5116482526342039,1.5369046161033606,0.0,0.025256363469156717,19
55,35,0.75,200,context,sm,1.5369046161033606,1.5116482526342039,1.5369046161033606,0.0,0.025256363469156717,19
55,35,0.75,1000,pair,pl,1.5369046161033606,1.5116482526342039,1.5116482526342039,1.0,0.0,20
55,35,0.75,1000,context,pl,1.5369046161033606,1.5116482526342039,1.5116482526342039,1.0,0.0,20
55,36,0.75,20,pair,sm,1.5364976511895536,1.5169888824602709,1.5364976511895536,0.0,0.019508768729282755,0
55,36,0.75,20,context,abstain,1.5364976511895536,1.5169888824602709,,,,0
55,36,0.75,60,pair,pl,1.5364976511895536,1.5169888824602709,1.5169888824602709,1.0,0.0,9
55,36,0.75,60,context,sm,1.5364976511895536,1.5169888824602709,1.5364976511895536,0.0,0.019508768729282755,9
55,36,0.75,200,pair,pl,1.5364976511895536,1.5169888824602709,1.5169888824602709,1.0,0.0,18
55,36,0.75,200,context,sm,1.5364976511895536,1.5169888824602709,1.5364976511895536,0.0,0.019508768729282755,18
55,36,0.75,1000,pair,pl,1.5364976511895536,1.5169888824602709,1.5169888824602709,1.0,0.0,20
55,36,0.75,1000,context,pl,1.5364976511895536,1.5169888824602709,1.5169888824602709,1.0,0.0,20
55,37,0.75,20,pair,pl,1.5391320279220748,1.5107374934327429,1.5107374934327429,1.0,0.0,0
55,37,0.75,20,context,abstain,1.5391320279220748,1.5107374934327429,,,,0
55,37,0.75,60,pair,pl,1.5391320279220748,1.5107374934327429,1.5107374934327429,1.0,0.0,9
55,37,0.75,60,context,pl,1.5391320279220748,1.5107374934327429,1.5107374934327429,1.0,0.0,9
55,37,0.75,200,pair,pl,1.5391320279220748,1.5107374934327429,1.5107374934327429,1.0,0.0,18
55,37,0.75,200,context,pl,1.5391320279220748,1.5107374934327429,1.5107374934327429,1.0,0.0,18
55,37,0.75,1000,pair,pl,1.5391320279220748,1.5107374934327429,1.5107374934327429,1.0,0.0,20
55,37,0.75,1000,context,pl,1.5391320279220748,1.5107374934327429,1.5107374934327429,1.0,0.0,20
55,38,0.75,20,pair,pl,1.5340780383675816,1.5109887365476435,1.5109887365476435,1.0,0.0,1
55,38,0.75,20,context,pl,1.5340780383675816,1.5109887365476435,1.5109887365476435,1.0,0.0,1
55,38,0.75,60,pair,pl,1.5340780383675816,1.5109887365476435,1.5109887365476435,1.0,0.0,11
55,38,0.75,60,context,pl,1.5340780383675816,1.5109887365476435,1.5109887365476435,1.0,0.0,11
55,38,0.75,200,pair,sm,1.5340780383675816,1.5109887365476435,1.5340780383675816,0.0,0.02308930181993807,19
55,38,0.75,200,context,sm,1.5340780383675816,1.5109887365476435,1.5340780383675816,0.0,0.02308930181993807,19
55,38,0.75,1000,pair,pl,1.5340780383675816,1.5109887365476435,1.5109887365476435,1.0,0.0,20
55,38,0.75,1000,context,pl,1.5340780383675816,1.5109887365476435,1.5109887365476435,1.0,0.0,20
55,39,0.75,20,pair,pl,1.535777586099218,1.5141955638994768,1.5141955638994768,1.0,0.0,1
55,39,0.75,20,context,pl,1.535777586099218,1.5141955638994768,1.5141955638994768,1.0,0.0,1
55,39,0.75,60,pair,pl,1.535777586099218,1.5141955638994768,1.5141955638994768,1.0,0.0,11
55,39,0.75,60,context,pl,1.535777586099218,1.5141955638994768,1.5141955638994768,1.0,0.0,11
55,39,0.75,200,pair,pl,1.535777586099218,1.5141955638994768,1.5141955638994768,1.0,0.0,20
55,39,0.75,200,context,pl,1.535777586099218,1.5141955638994768,1.5141955638994768,1.0,0.0,20
55,39,0.75,1000,pair,pl,1.535777586099218,1.5141955638994768,1.5141955638994768,1.0,0.0,20
55,39,0.75,1000,context,pl,1.535777586099218,1.5141955638994768,1.5141955638994768,1.0,0.0,20
59,0,1.0,20,pair,pl,1.570340768875984,1.4868711652548272,1.4868711652548272,1.0,0.0,1
59,0,1.0,20,context,pl,1.570340768875984,1.4868711652548272,1.4868711652548272,1.0,0.0,1
59,0,1.0,60,pair,pl,1.570340768875984,1.4868711652548272,1.4868711652548272,1.0,0.0,7
59,0,1.0,60,context,pl,1.570340768875984,1.4868711652548272,1.4868711652548272,1.0,0.0,7
59,0,1.0,200,pair,pl,1.570340768875984,1.4868711652548272,1.4868711652548272,1.0,0.0,19
59,0,1.0,200,context,pl,1.570340768875984,1.4868711652548272,1.4868711652548272,1.0,0.0,19
59,0,1.0,1000,pair,pl,1.570340768875984,1.4868711652548272,1.4868711652548272,1.0,0.0,20
59,0,1.0,1000,context,pl,1.570340768875984,1.4868711652548272,1.4868711652548272,1.0,0.0,20
59,1,1.0,20,pair,pl,1.5668002664535527,1.484243260135384,1.484243260135384,1.0,0.0,3
59,1,1.0,20,context,sm,1.5668002664535527,1.484243260135384,1.5668002664535527,0.0,0.08255700631816865,3
59,1,1.0,60,pair,pl,1.5668002664535527,1.484243260135384,1.484243260135384,1.0,0.0,9
59,1,1.0,60,context,pl,1.5668002664535527,1.484243260135384,1.484243260135384,1.0,0.0,9
59,1,1.0,200,pair,pl,1.5668002664535527,1.484243260135384,1.484243260135384,1.0,0.0,19
59,1,1.0,200,context,sm,1.5668002664535527,1.484243260135384,1.5668002664535527,0.0,0.08255700631816865,19
59,1,1.0,1000,pair,pl,1.5668002664535527,1.484243260135384,1.484243260135384,1.0,0.0,20
59,1,1.0,1000,context,pl,1.5668002664535527,1.484243260135384,1.484243260135384,1.0,0.0,20
59,2,1.0,20,pair,sm,1.5638167906983245,1.484805268993275,1.5638167906983245,0.0,0.07901152170504955,1
59,2,1.0,20,context,sm,1.5638167906983245,1.484805268993275,1.5638167906983245,0.0,0.07901152170504955,1
59,2,1.0,60,pair,pl,1.5638167906983245,1.484805268993275,1.484805268993275,1.0,0.0,9
59,2,1.0,60,context,sm,1.5638167906983245,1.484805268993275,1.5638167906983245,0.0,0.07901152170504955,9
59,2,1.0,200,pair,pl,1.5638167906983245,1.484805268993275,1.484805268993275,1.0,0.0,19
59,2,1.0,200,context,pl,1.5638167906983245,1.484805268993275,1.484805268993275,1.0,0.0,19
59,2,1.0,1000,pair,pl,1.5638167906983245,1.484805268993275,1.484805268993275,1.0,0.0,20
59,2,1.0,1000,context,pl,1.5638167906983245,1.484805268993275,1.484805268993275,1.0,0.0,20
59,3,1.0,20,pair,sm,1.5489667829736555,1.4865794019154732,1.5489667829736555,0.0,0.06238738105818231,1
59,3,1.0,20,context,pl,1.5489667829736555,1.4865794019154732,1.4865794019154732,1.0,0.0,1
59,3,1.0,60,pair,pl,1.5489667829736555,1.4865794019154732,1.4865794019154732,1.0,0.0,12
59,3,1.0,60,context,pl,1.5489667829736555,1.4865794019154732,1.4865794019154732,1.0,0.0,12
59,3,1.0,200,pair,pl,1.5489667829736555,1.4865794019154732,1.4865794019154732,1.0,0.0,20
59,3,1.0,200,context,sm,1.5489667829736555,1.4865794019154732,1.5489667829736555,0.0,0.06238738105818231,20
59,3,1.0,1000,pair,pl,1.5489667829736555,1.4865794019154732,1.4865794019154732,1.0,0.0,20
59,3,1.0,1000,context,pl,1.5489667829736555,1.4865794019154732,1.4865794019154732,1.0,0.0,20
59,4,1.0,20,pair,pl,1.548614196355703,1.482257316882549,1.482257316882549,1.0,0.0,1
59,4,1.0,20,context,pl,1.548614196355703,1.482257316882549,1.482257316882549,1.0,0.0,1
59,4,1.0,60,pair,pl,1.548614196355703,1.482257316882549,1.482257316882549,1.0,0.0,8
59,4,1.0,60,context,pl,1.548614196355703,1.482257316882549,1.482257316882549,1.0,0.0,8
59,4,1.0,200,pair,pl,1.548614196355703,1.482257316882549,1.482257316882549,1.0,0.0,20
59,4,1.0,200,context,pl,1.548614196355703,1.482257316882549,1.482257316882549,1.0,0.0,20
59,4,1.0,1000,pair,pl,1.548614196355703,1.482257316882549,1.482257316882549,1.0,0.0,20
59,4,1.0,1000,context,pl,1.548614196355703,1.482257316882549,1.482257316882549,1.0,0.0,20
59,5,1.0,20,pair,pl,1.536040541279566,1.4870569333684085,1.4870569333684085,1.0,0.0,0
59,5,1.0,20,context,abstain,1.536040541279566,1.4870569333684085,,,,0
59,5,1.0,60,pair,pl,1.536040541279566,1.4870569333684085,1.4870569333684085,1.0,0.0,10
59,5,1.0,60,context,pl,1.536040541279566,1.4870569333684085,1.4870569333684085,1.0,0.0,10
59,5,1.0,200,pair,sm,1.536040541279566,1.4870569333684085,1.536040541279566,0.0,0.04898360791115741,17
59,5,1.0,200,context,sm,1.536040541279566,1.4870569333684085,1.536040541279566,0.0,0.04898360791115741,17
59,5,1.0,1000,pair,pl,1.536040541279566,1.4870569333684085,1.4870569333684085,1.0,0.0,20
59,5,1.0,1000,context,pl,1.536040541279566,1.4870569333684085,1.4870569333684085,1.0,0.0,20
59,6,1.0,20,pair,pl,1.5349216204837988,1.4846335692749308,1.4846335692749308,1.0,0.0,3
59,6,1.0,20,context,pl,1.5349216204837988,1.4846335692749308,1.4846335692749308,1.0,0.0,3
59,6,1.0,60,pair,pl,1.5349216204837988,1.4846335692749308,1.4846335692749308,1.0,0.0,11
59,6,1.0,60,context,pl,1.5349216204837988,1.4846335692749308,1.4846335692749308,1.0,0.0,11
59,6,1.0,200,pair,pl,1.5349216204837988,1.4846335692749308,1.4846335692749308,1.0,0.0,19
59,6,1.0,200,context,pl,1.5349216204837988,1.4846335692749308,1.4846335692749308,1.0,0.0,19
59,6,1.0,1000,pair,pl,1.5349216204837988,1.4846335692749308,1.4846335692749308,1.0,0.0,20
59,6,1.0,1000,context,pl,1.5349216204837988,1.4846335692749308,1.4846335692749308,1.0,0.0,20
59,7,1.0,20,pair,pl,1.5631862029114598,1.482230447981693,1.482230447981693,1.0,0.0,0
59,7,1.0,20,context,abstain,1.5631862029114598,1.482230447981693,,,,0
59,7,1.0,60,pair,pl,1.5631862029114598,1.482230447981693,1.482230447981693,1.0,0.0,10
59,7,1.0,60,context,pl,1.5631862029114598,1.482230447981693,1.482230447981693,1.0,0.0,10
59,7,1.0,200,pair,pl,1.5631862029114598,1.482230447981693,1.482230447981693,1.0,0.0,19
59,7,1.0,200,context,pl,1.5631862029114598,1.482230447981693,1.482230447981693,1.0,0.0,19
59,7,1.0,1000,pair,pl,1.5631862029114598,1.482230447981693,1.482230447981693,1.0,0.0,20
59,7,1.0,1000,context,pl,1.5631862029114598,1.482230447981693,1.482230447981693,1.0,0.0,20
59,8,1.0,20,pair,pl,1.5490865938360412,1.4833528746853042,1.4833528746853042,1.0,0.0,3
59,8,1.0,20,context,sm,1.5490865938360412,1.4833528746853042,1.5490865938360412,0.0,0.065733719150737,3
59,8,1.0,60,pair,pl,1.5490865938360412,1.4833528746853042,1.4833528746853042,1.0,0.0,7
59,8,1.0,60,context,pl,1.5490865938360412,1.4833528746853042,1.4833528746853042,1.0,0.0,7
59,8,1.0,200,pair,pl,1.5490865938360412,1.4833528746853042,1.4833528746853042,1.0,0.0,17
59,8,1.0,200,context,sm,1.5490865938360412,1.4833528746853042,1.5490865938360412,0.0,0.065733719150737,17
59,8,1.0,1000,pair,pl,1.5490865938360412,1.4833528746853042,1.4833528746853042,1.0,0.0,20
59,8,1.0,1000,context,pl,1.5490865938360412,1.4833528746853042,1.4833528746853042,1.0,0.0,20
59,9,1.0,20,pair,sm,1.5498329920072447,1.4828071809463195,1.5498329920072447,0.0,0.0670258110609252,1
59,9,1.0,20,context,pl,1.5498329920072447,1.4828071809463195,1.4828071809463195,1.0,0.0,1
59,9,1.0,60,pair,pl,1.5498329920072447,1.4828071809463195,1.4828071809463195,1.0,0.0,11
59,9,1.0,60,context,pl,1.5498329920072447,1.4828071809463195,1.4828071809463195,1.0,0.0,11
59,9,1.0,200,pair,pl,1.5498329920072447,1.4828071809463195,1.4828071809463195,1.0,0.0,20
59,9,1.0,200,context,pl,1.5498329920072447,1.4828071809463195,1.4828071809463195,1.0,0.0,20
59,9,1.0,1000,pair,pl,1.5498329920072447,1.4828071809463195,1.4828071809463195,1.0,0.0,20
59,9,1.0,1000,context,pl,1.5498329920072447,1.4828071809463195,1.4828071809463195,1.0,0.0,20
59,10,1.0,20,pair,sm,1.5354639367041938,1.4830399499378408,1.5354639367041938,0.0,0.05242398676635296,1
59,10,1.0,20,context,sm,1.5354639367041938,1.4830399499378408,1.5354639367041938,0.0,0.05242398676635296,1
59,10,1.0,60,pair,sm,1.5354639367041938,1.4830399499378408,1.5354639367041938,0.0,0.05242398676635296,10
59,10,1.0,60,context,sm,1.5354639367041938,1.4830399499378408,1.5354639367041938,0.0,0.05242398676635296,10
59,10,1.0,200,pair,pl,1.5354639367041938,1.4830399499378408,1.4830399499378408,1.0,0.0,20
59,10,1.0,200,context,pl,1.5354639367041938,1.4830399499378408,1.4830399499378408,1.0,0.0,20
59,10,1.0,1000,pair,pl,1.5354639367041938,1.4830399499378408,1.4830399499378408,1.0,0.0,20
59,10,1.0,1000,context,pl,1.5354639367041938,1.4830399499378408,1.4830399499378408,1.0,0.0,20
59,11,1.0,20,pair,pl,1.5543093967843389,1.4844226936769933,1.4844226936769933,1.0,0.0,0
59,11,1.0,20,context,abstain,1.5543093967843389,1.4844226936769933,,,,0
59,11,1.0,60,pair,pl,1.5543093967843389,1.4844226936769933,1.4844226936769933,1.0,0.0,12
59,11,1.0,60,context,pl,1.5543093967843389,1.4844226936769933,1.4844226936769933,1.0,0.0,12
59,11,1.0,200,pair,pl,1.5543093967843389,1.4844226936769933,1.4844226936769933,1.0,0.0,18
59,11,1.0,200,context,pl,1.5543093967843389,1.4844226936769933,1.4844226936769933,1.0,0.0,18
59,11,1.0,1000,pair,pl,1.5543093967843389,1.4844226936769933,1.4844226936769933,1.0,0.0,20
59,11,1.0,1000,context,pl,1.5543093967843389,1.4844226936769933,1.4844226936769933,1.0,0.0,20
59,12,1.0,20,pair,sm,1.5341099716531543,1.4821843823425587,1.5341099716531543,0.0,0.051925589310595655,1
59,12,1.0,20,context,sm,1.5341099716531543,1.4821843823425587,1.5341099716531543,0.0,0.051925589310595655,1
59,12,1.0,60,pair,sm,1.5341099716531543,1.4821843823425587,1.5341099716531543,0.0,0.051925589310595655,12
59,12,1.0,60,context,sm,1.5341099716531543,1.4821843823425587,1.5341099716531543,0.0,0.051925589310595655,12
59,12,1.0,200,pair,pl,1.5341099716531543,1.4821843823425587,1.4821843823425587,1.0,0.0,18
59,12,1.0,200,context,pl,1.5341099716531543,1.4821843823425587,1.4821843823425587,1.0,0.0,18
59,12,1.0,1000,pair,pl,1.5341099716531543,1.4821843823425587,1.4821843823425587,1.0,0.0,20
59,12,1.0,1000,context,pl,1.5341099716531543,1.4821843823425587,1.4821843823425587,1.0,0.0,20
59,13,1.0,20,pair,pl,1.5631862029114596,1.4796624164216414,1.4796624164216414,1.0,0.0,1
59,13,1.0,20,context,pl,1.5631862029114596,1.4796624164216414,1.4796624164216414,1.0,0.0,1
59,13,1.0,60,pair,pl,1.5631862029114596,1.4796624164216414,1.4796624164216414,1.0,0.0,9
59,13,1.0,60,context,pl,1.5631862029114596,1.4796624164216414,1.4796624164216414,1.0,0.0,9
59,13,1.0,200,pair,pl,1.5631862029114596,1.4796624164216414,1.4796624164216414,1.0,0.0,19
59,13,1.0,200,context,pl,1.5631862029114596,1.4796624164216414,1.4796624164216414,1.0,0.0,19
59,13,1.0,1000,pair,pl,1.5631862029114596,1.4796624164216414,1.4796624164216414,1.0,0.0,20
59,13,1.0,1000,context,pl,1.5631862029114596,1.4796624164216414,1.4796624164216414,1.0,0.0,20
59,14,1.0,20,pair,sm,1.5487520427692467,1.4840670458724463,1.5487520427692467,0.0,0.0646849968968004,0
59,14,1.0,20,context,abstain,1.5487520427692467,1.4840670458724463,,,,0
59,14,1.0,60,pair,pl,1.5487520427692467,1.4840670458724463,1.4840670458724463,1.0,0.0,9
59,14,1.0,60,context,pl,1.5487520427692467,1.4840670458724463,1.4840670458724463,1.0,0.0,9
59,14,1.0,200,pair,pl,1.5487520427692467,1.4840670458724463,1.4840670458724463,1.0,0.0,18
59,14,1.0,200,context,pl,1.5487520427692467,1.4840670458724463,1.4840670458724463,1.0,0.0,18
59,14,1.0,1000,pair,pl,1.5487520427692467,1.4840670458724463,1.4840670458724463,1.0,0.0,20
59,14,1.0,1000,context,pl,1.5487520427692467,1.4840670458724463,1.4840670458724463,1.0,0.0,20
59,15,1.0,20,pair,pl,1.5485770572792374,1.4868020428850386,1.4868020428850386,1.0,0.0,0
59,15,1.0,20,context,abstain,1.5485770572792374,1.4868020428850386,,,,0
59,15,1.0,60,pair,pl,1.5485770572792374,1.4868020428850386,1.4868020428850386,1.0,0.0,9
59,15,1.0,60,context,sm,1.5485770572792374,1.4868020428850386,1.5485770572792374,0.0,0.06177501439419886,9
59,15,1.0,200,pair,pl,1.5485770572792374,1.4868020428850386,1.4868020428850386,1.0,0.0,19
59,15,1.0,200,context,pl,1.5485770572792374,1.4868020428850386,1.4868020428850386,1.0,0.0,19
59,15,1.0,1000,pair,pl,1.5485770572792374,1.4868020428850386,1.4868020428850386,1.0,0.0,20
59,15,1.0,1000,context,pl,1.5485770572792374,1.4868020428850386,1.4868020428850386,1.0,0.0,20
59,16,1.0,20,pair,pl,1.5346107410288814,1.4809364065663249,1.4809364065663249,1.0,0.0,2
59,16,1.0,20,context,pl,1.5346107410288814,1.4809364065663249,1.4809364065663249,1.0,0.0,2
59,16,1.0,60,pair,pl,1.5346107410288814,1.4809364065663249,1.4809364065663249,1.0,0.0,9
59,16,1.0,60,context,pl,1.5346107410288814,1.4809364065663249,1.4809364065663249,1.0,0.0,9
59,16,1.0,200,pair,pl,1.5346107410288814,1.4809364065663249,1.4809364065663249,1.0,0.0,18
59,16,1.0,200,context,pl,1.5346107410288814,1.4809364065663249,1.4809364065663249,1.0,0.0,18
59,16,1.0,1000,pair,pl,1.5346107410288814,1.4809364065663249,1.4809364065663249,1.0,0.0,20
59,16,1.0,1000,context,pl,1.5346107410288814,1.4809364065663249,1.4809364065663249,1.0,0.0,20
59,17,1.0,20,pair,pl,1.5486794238061403,1.4814262952761417,1.4814262952761417,1.0,0.0,1
59,17,1.0,20,context,pl,1.5486794238061403,1.4814262952761417,1.4814262952761417,1.0,0.0,1
59,17,1.0,60,pair,pl,1.5486794238061403,1.4814262952761417,1.4814262952761417,1.0,0.0,13
59,17,1.0,60,context,pl,1.5486794238061403,1.4814262952761417,1.4814262952761417,1.0,0.0,13
59,17,1.0,200,pair,pl,1.5486794238061403,1.4814262952761417,1.4814262952761417,1.0,0.0,20
59,17,1.0,200,context,pl,1.5486794238061403,1.4814262952761417,1.4814262952761417,1.0,0.0,20
59,17,1.0,1000,pair,pl,1.5486794238061403,1.4814262952761417,1.4814262952761417,1.0,0.0,20
59,17,1.0,1000,context,pl,1.5486794238061403,1.4814262952761417,1.4814262952761417,1.0,0.0,20
59,18,1.0,20,pair,pl,1.5343490291960296,1.4811781941596616,1.4811781941596616,1.0,0.0,1
59,18,1.0,20,context,pl,1.5343490291960296,1.4811781941596616,1.4811781941596616,1.0,0.0,1
59,18,1.0,60,pair,pl,1.5343490291960296,1.4811781941596616,1.4811781941596616,1.0,0.0,11
59,18,1.0,60,context,pl,1.5343490291960296,1.4811781941596616,1.4811781941596616,1.0,0.0,11
59,18,1.0,200,pair,pl,1.5343490291960296,1.4811781941596616,1.4811781941596616,1.0,0.0,17
59,18,1.0,200,context,pl,1.5343490291960296,1.4811781941596616,1.4811781941596616,1.0,0.0,17
59,18,1.0,1000,pair,pl,1.5343490291960296,1.4811781941596616,1.4811781941596616,1.0,0.0,20
59,18,1.0,1000,context,pl,1.5343490291960296,1.4811781941596616,1.4811781941596616,1.0,0.0,20
59,19,1.0,20,pair,pl,1.548567798510276,1.4794382382019362,1.4794382382019362,1.0,0.0,0
59,19,1.0,20,context,abstain,1.548567798510276,1.4794382382019362,,,,0
59,19,1.0,60,pair,pl,1.548567798510276,1.4794382382019362,1.4794382382019362,1.0,0.0,10
59,19,1.0,60,context,pl,1.548567798510276,1.4794382382019362,1.4794382382019362,1.0,0.0,10
59,19,1.0,200,pair,pl,1.548567798510276,1.4794382382019362,1.4794382382019362,1.0,0.0,20
59,19,1.0,200,context,pl,1.548567798510276,1.4794382382019362,1.4794382382019362,1.0,0.0,20
59,19,1.0,1000,pair,pl,1.548567798510276,1.4794382382019362,1.4794382382019362,1.0,0.0,20
59,19,1.0,1000,context,pl,1.548567798510276,1.4794382382019362,1.4794382382019362,1.0,0.0,20
59,20,1.0,20,pair,pl,1.565872498383838,1.4898006102240537,1.4898006102240537,1.0,0.0,0
59,20,1.0,20,context,abstain,1.565872498383838,1.4898006102240537,,,,0
59,20,1.0,60,pair,pl,1.565872498383838,1.4898006102240537,1.4898006102240537,1.0,0.0,12
59,20,1.0,60,context,pl,1.565872498383838,1.4898006102240537,1.4898006102240537,1.0,0.0,12
59,20,1.0,200,pair,pl,1.565872498383838,1.4898006102240537,1.4898006102240537,1.0,0.0,18
59,20,1.0,200,context,pl,1.565872498383838,1.4898006102240537,1.4898006102240537,1.0,0.0,18
59,20,1.0,1000,pair,pl,1.565872498383838,1.4898006102240537,1.4898006102240537,1.0,0.0,20
59,20,1.0,1000,context,pl,1.565872498383838,1.4898006102240537,1.4898006102240537,1.0,0.0,20
59,21,1.0,20,pair,pl,1.5361220669980389,1.4877388256808375,1.4877388256808375,1.0,0.0,1
59,21,1.0,20,context,pl,1.5361220669980389,1.4877388256808375,1.4877388256808375,1.0,0.0,1
59,21,1.0,60,pair,pl,1.5361220669980389,1.4877388256808375,1.4877388256808375,1.0,0.0,8
59,21,1.0,60,context,pl,1.5361220669980389,1.4877388256808375,1.4877388256808375,1.0,0.0,8
59,21,1.0,200,pair,pl,1.5361220669980389,1.4877388256808375,1.4877388256808375,1.0,0.0,19
59,21,1.0,200,context,pl,1.5361220669980389,1.4877388256808375,1.4877388256808375,1.0,0.0,19
59,21,1.0,1000,pair,pl,1.5361220669980389,1.4877388256808375,1.4877388256808375,1.0,0.0,20
59,21,1.0,1000,context,pl,1.5361220669980389,1.4877388256808375,1.4877388256808375,1.0,0.0,20
59,22,1.0,20,pair,sm,1.548614196355703,1.4800072965454678,1.548614196355703,0.0,0.06860689981023516,0
59,22,1.0,20,context,abstain,1.548614196355703,1.4800072965454678,,,,0
59,22,1.0,60,pair,pl,1.548614196355703,1.4800072965454678,1.4800072965454678,1.0,0.0,8
59,22,1.0,60,context,pl,1.548614196355703,1.4800072965454678,1.4800072965454678,1.0,0.0,8
59,22,1.0,200,pair,pl,1.548614196355703,1.4800072965454678,1.4800072965454678,1.0,0.0,20
59,22,1.0,200,context,pl,1.548614196355703,1.4800072965454678,1.4800072965454678,1.0,0.0,20
59,22,1.0,1000,pair,pl,1.548614196355703,1.4800072965454678,1.4800072965454678,1.0,0.0,20
59,22,1.0,1000,context,pl,1.548614196355703,1.4800072965454678,1.4800072965454678,1.0,0.0,20
59,23,1.0,20,pair,pl,1.5660928650707042,1.4856109006586595,1.4856109006586595,1.0,0.0,2
59,23,1.0,20,context,pl,1.5660928650707042,1.4856109006586595,1.4856109006586595,1.0,0.0,2
59,23,1.0,60,pair,pl,1.5660928650707042,1.4856109006586595,1.4856109006586595,1.0,0.0,7
59,23,1.0,60,context,pl,1.5660928650707042,1.4856109006586595,1.4856109006586595,1.0,0.0,7
59,23,1.0,200,pair,pl,1.5660928650707042,1.4856109006586595,1.4856109006586595,1.0,0.0,18
59,23,1.0,200,context,pl,1.5660928650707042,1.4856109006586595,1.4856109006586595,1.0,0.0,18
59,23,1.0,1000,pair,pl,1.5660928650707042,1.4856109006586595,1.4856109006586595,1.0,0.0,20
59,23,1.0,1000,context,pl,1.5660928650707042,1.4856109006586595,1.4856109006586595,1.0,0.0,20
59,24,1.0,20,pair,pl,1.535428782689236,1.4827935019771468,1.4827935019771468,1.0,0.0,1
59,24,1.0,20,context,pl,1.535428782689236,1.4827935019771468,1.4827935019771468,1.0,0.0,1
59,24,1.0,60,pair,pl,1.535428782689236,1.4827935019771468,1.4827935019771468,1.0,0.0,14
59,24,1.0,60,context,pl,1.535428782689236,1.4827935019771468,1.4827935019771468,1.0,0.0,14
59,24,1.0,200,pair,pl,1.535428782689236,1.4827935019771468,1.4827935019771468,1.0,0.0,19
59,24,1.0,200,context,pl,1.535428782689236,1.4827935019771468,1.4827935019771468,1.0,0.0,19
59,24,1.0,1000,pair,pl,1.535428782689236,1.4827935019771468,1.4827935019771468,1.0,0.0,20
59,24,1.0,1000,context,pl,1.535428782689236,1.4827935019771468,1.4827935019771468,1.0,0.0,20
59,25,1.0,20,pair,pl,1.548722636848657,1.4825217509719997,1.4825217509719997,1.0,0.0,1
59,25,1.0,20,context,pl,1.548722636848657,1.4825217509719997,1.4825217509719997,1.0,0.0,1
59,25,1.0,60,pair,pl,1.548722636848657,1.4825217509719997,1.4825217509719997,1.0,0.0,11
59,25,1.0,60,context,pl,1.548722636848657,1.4825217509719997,1.4825217509719997,1.0,0.0,11
59,25,1.0,200,pair,pl,1.548722636848657,1.4825217509719997,1.4825217509719997,1.0,0.0,20
59,25,1.0,200,context,pl,1.548722636848657,1.4825217509719997,1.4825217509719997,1.0,0.0,20
59,25,1.0,1000,pair,pl,1.548722636848657,1.4825217509719997,1.4825217509719997,1.0,0.0,20
59,25,1.0,1000,context,pl,1.548722636848657,1.4825217509719997,1.4825217509719997,1.0,0.0,20
59,26,1.0,20,pair,pl,1.5492255288118844,1.4976891500824299,1.4976891500824299,1.0,0.0,1
59,26,1.0,20,context,pl,1.5492255288118844,1.4976891500824299,1.4976891500824299,1.0,0.0,1
59,26,1.0,60,pair,pl,1.5492255288118844,1.4976891500824299,1.4976891500824299,1.0,0.0,8
59,26,1.0,60,context,pl,1.5492255288118844,1.4976891500824299,1.4976891500824299,1.0,0.0,8
59,26,1.0,200,pair,pl,1.5492255288118844,1.4976891500824299,1.4976891500824299,1.0,0.0,20
59,26,1.0,200,context,pl,1.5492255288118844,1.4976891500824299,1.4976891500824299,1.0,0.0,20
59,26,1.0,1000,pair,pl,1.5492255288118844,1.4976891500824299,1.4976891500824299,1.0,0.0,20
59,26,1.0,1000,context,pl,1.5492255288118844,1.4976891500824299,1.4976891500824299,1.0,0.0,20
59,27,1.0,20,pair,pl,1.53781382678991,1.4831213795699727,1.4831213795699727,1.0,0.0,2
59,27,1.0,20,context,pl,1.53781382678991,1.4831213795699727,1.4831213795699727,1.0,0.0,2
59,27,1.0,60,pair,pl,1.53781382678991,1.4831213795699727,1.4831213795699727,1.0,0.0,10
59,27,1.0,60,context,pl,1.53781382678991,1.4831213795699727,1.4831213795699727,1.0,0.0,10
59,27,1.0,200,pair,pl,1.53781382678991,1.4831213795699727,1.4831213795699727,1.0,0.0,18
59,27,1.0,200,context,pl,1.53781382678991,1.4831213795699727,1.4831213795699727,1.0,0.0,18
59,27,1.0,1000,pair,pl,1.53781382678991,1.4831213795699727,1.4831213795699727,1.0,0.0,20
59,27,1.0,1000,context,pl,1.53781382678991,1.4831213795699727,1.4831213795699727,1.0,0.0,20
59,28,1.0,20,pair,pl,1.5353185903983628,1.4832070962191835,1.4832070962191835,1.0,0.0,2
59,28,1.0,20,context,pl,1.5353185903983628,1.4832070962191835,1.4832070962191835,1.0,0.0,2
59,28,1.0,60,pair,pl,1.5353185903983628,1.4832070962191835,1.4832070962191835,1.0,0.0,9
59,28,1.0,60,context,pl,1.5353185903983628,1.4832070962191835,1.4832070962191835,1.0,0.0,9
59,28,1.0,200,pair,pl,1.5353185903983628,1.4832070962191835,1.4832070962191835,1.0,0.0,19
59,28,1.0,200,context,pl,1.5353185903983628,1.4832070962191835,1.4832070962191835,1.0,0.0,19
59,28,1.0,1000,pair,pl,1.5353185903983628,1.4832070962191835,1.4832070962191835,1.0,0.0,20
59,28,1.0,1000,context,pl,1.5353185903983628,1.4832070962191835,1.4832070962191835,1.0,0.0,20
59,29,1.0,20,pair,pl,1.5493263358399054,1.4795004433605614,1.4795004433605614,1.0,0.0,1
59,29,1.0,20,context,pl,1.5493263358399054,1.4795004433605614,1.4795004433605614,1.0,0.0,1
59,29,1.0,60,pair,pl,1.5493263358399054,1.4795004433605614,1.4795004433605614,1.0,0.0,9
59,29,1.0,60,context,pl,1.5493263358399054,1.4795004433605614,1.4795004433605614,1.0,0.0,9
59,29,1.0,200,pair,pl,1.5493263358399054,1.4795004433605614,1.4795004433605614,1.0,0.0,20
59,29,1.0,200,context,pl,1.5493263358399054,1.4795004433605614,1.4795004433605614,1.0,0.0,20
59,29,1.0,1000,pair,pl,1.5493263358399054,1.4795004433605614,1.4795004433605614,1.0,0.0,20
59,29,1.0,1000,context,pl,1.5493263358399054,1.4795004433605614,1.4795004433605614,1.0,0.0,20
59,30,1.0,20,pair,pl,1.5486432858655022,1.479867417173363,1.479867417173363,1.0,0.0,0
59,30,1.0,20,context,abstain,1.5486432858655022,1.479867417173363,,,,0
59,30,1.0,60,pair,pl,1.5486432858655022,1.479867417173363,1.479867417173363,1.0,0.0,14
59,30,1.0,60,context,pl,1.5486432858655022,1.479867417173363,1.479867417173363,1.0,0.0,14
59,30,1.0,200,pair,pl,1.5486432858655022,1.479867417173363,1.479867417173363,1.0,0.0,20
59,30,1.0,200,context,pl,1.5486432858655022,1.479867417173363,1.479867417173363,1.0,0.0,20
59,30,1.0,1000,pair,pl,1.5486432858655022,1.479867417173363,1.479867417173363,1.0,0.0,20
59,30,1.0,1000,context,pl,1.5486432858655022,1.479867417173363,1.479867417173363,1.0,0.0,20
59,31,1.0,20,pair,pl,1.5485770572792372,1.48989113396481,1.48989113396481,1.0,0.0,0
59,31,1.0,20,context,abstain,1.5485770572792372,1.48989113396481,,,,0
59,31,1.0,60,pair,pl,1.5485770572792372,1.48989113396481,1.48989113396481,1.0,0.0,12
59,31,1.0,60,context,pl,1.5485770572792372,1.48989113396481,1.48989113396481,1.0,0.0,12
59,31,1.0,200,pair,pl,1.5485770572792372,1.48989113396481,1.48989113396481,1.0,0.0,20
59,31,1.0,200,context,pl,1.5485770572792372,1.48989113396481,1.48989113396481,1.0,0.0,20
59,31,1.0,1000,pair,pl,1.5485770572792372,1.48989113396481,1.48989113396481,1.0,0.0,20
59,31,1.0,1000,context,pl,1.5485770572792372,1.48989113396481,1.48989113396481,1.0,0.0,20
59,32,1.0,20,pair,pl,1.5340421897999463,1.4852739964919803,1.4852739964919803,1.0,0.0,0
59,32,1.0,20,context,abstain,1.5340421897999463,1.4852739964919803,,,,0
59,32,1.0,60,pair,pl,1.5340421897999463,1.4852739964919803,1.4852739964919803,1.0,0.0,9
59,32,1.0,60,context,pl,1.5340421897999463,1.4852739964919803,1.4852739964919803,1.0,0.0,9
59,32,1.0,200,pair,pl,1.5340421897999463,1.4852739964919803,1.4852739964919803,1.0,0.0,19
59,32,1.0,200,context,pl,1.5340421897999463,1.4852739964919803,1.4852739964919803,1.0,0.0,19
59,32,1.0,1000,pair,pl,1.5340421897999463,1.4852739964919803,1.4852739964919803,1.0,0.0,20
59,32,1.0,1000,context,pl,1.5340421897999463,1.4852739964919803,1.4852739964919803,1.0,0.0,20
59,33,1.0,20,pair,pl,1.5648849626776637,1.4809400486163153,1.4809400486163153,1.0,0.0,1
59,33,1.0,20,context,pl,1.5648849626776637,1.4809400486163153,1.4809400486163153,1.0,0.0,1
59,33,1.0,60,pair,pl,1.5648849626776637,1.4809400486163153,1.4809400486163153,1.0,0.0,8
59,33,1.0,60,context,pl,1.5648849626776637,1.4809400486163153,1.4809400486163153,1.0,0.0,8
59,33,1.0,200,pair,pl,1.5648849626776637,1.4809400486163153,1.4809400486163153,1.0,0.0,18
59,33,1.0,200,context,sm,1.5648849626776637,1.4809400486163153,1.5648849626776637,0.0,0.08394491406134841,18
59,33,1.0,1000,pair,pl,1.5648849626776637,1.4809400486163153,1.4809400486163153,1.0,0.0,20
59,33,1.0,1000,context,pl,1.5648849626776637,1.4809400486163153,1.4809400486163153,1.0,0.0,20
59,34,1.0,20,pair,sm,1.567577819941412,1.493937377450604,1.567577819941412,0.0,0.07364044249080814,1
59,34,1.0,20,context,pl,1.567577819941412,1.493937377450604,1.493937377450604,1.0,0.0,1
59,34,1.0,60,pair,pl,1.567577819941412,1.493937377450604,1.493937377450604,1.0,0.0,10
59,34,1.0,60,context,pl,1.567577819941412,1.493937377450604,1.493937377450604,1.0,0.0,10
59,34,1.0,200,pair,pl,1.567577819941412,1.493937377450604,1.493937377450604,1.0,0.0,19
59,34,1.0,200,context,pl,1.567577819941412,1.493937377450604,1.493937377450604,1.0,0.0,19
59,34,1.0,1000,pair,pl,1.567577819941412,1.493937377450604,1.493937377450604,1.0,0.0,20
59,34,1.0,1000,context,pl,1.567577819941412,1.493937377450604,1.493937377450604,1.0,0.0,20
59,35,1.0,20,pair,sm,1.5343490291960296,1.4854163389771342,1.5343490291960296,0.0,0.04893269021889535,0
59,35,1.0,20,context,abstain,1.5343490291960296,1.4854163389771342,,,,0
59,35,1.0,60,pair,sm,1.5343490291960296,1.4854163389771342,1.5343490291960296,0.0,0.04893269021889535,9
59,35,1.0,60,context,sm,1.5343490291960296,1.4854163389771342,1.5343490291960296,0.0,0.04893269021889535,9
59,35,1.0,200,pair,pl,1.5343490291960296,1.4854163389771342,1.4854163389771342,1.0,0.0,20
59,35,1.0,200,context,pl,1.5343490291960296,1.4854163389771342,1.4854163389771342,1.0,0.0,20
59,35,1.0,1000,pair,pl,1.5343490291960296,1.4854163389771342,1.4854163389771342,1.0,0.0,20
59,35,1.0,1000,context,pl,1.5343490291960296,1.4854163389771342,1.4854163389771342,1.0,0.0,20
59,36,1.0,20,pair,pl,1.5485770572792372,1.483817905647518,1.483817905647518,1.0,0.0,0
59,36,1.0,20,context,abstain,1.5485770572792372,1.483817905647518,,,,0
59,36,1.0,60,pair,pl,1.5485770572792372,1.483817905647518,1.483817905647518,1.0,0.0,9
59,36,1.0,60,context,pl,1.5485770572792372,1.483817905647518,1.483817905647518,1.0,0.0,9
59,36,1.0,200,pair,pl,1.5485770572792372,1.483817905647518,1.483817905647518,1.0,0.0,18
59,36,1.0,200,context,pl,1.5485770572792372,1.483817905647518,1.483817905647518,1.0,0.0,18
59,36,1.0,1000,pair,pl,1.5485770572792372,1.483817905647518,1.483817905647518,1.0,0.0,20
59,36,1.0,1000,context,pl,1.5485770572792372,1.483817905647518,1.483817905647518,1.0,0.0,20
59,37,1.0,20,pair,pl,1.5342268163024941,1.4831957051846507,1.4831957051846507,1.0,0.0,1
59,37,1.0,20,context,pl,1.5342268163024941,1.4831957051846507,1.4831957051846507,1.0,0.0,1
59,37,1.0,60,pair,sm,1.5342268163024941,1.4831957051846507,1.5342268163024941,0.0,0.05103111111784342,10
59,37,1.0,60,context,sm,1.5342268163024941,1.4831957051846507,1.5342268163024941,0.0,0.05103111111784342,10
59,37,1.0,200,pair,pl,1.5342268163024941,1.4831957051846507,1.4831957051846507,1.0,0.0,20
59,37,1.0,200,context,pl,1.5342268163024941,1.4831957051846507,1.4831957051846507,1.0,0.0,20
59,37,1.0,1000,pair,pl,1.5342268163024941,1.4831957051846507,1.4831957051846507,1.0,0.0,20
59,37,1.0,1000,context,pl,1.5342268163024941,1.4831957051846507,1.4831957051846507,1.0,0.0,20
59,38,1.0,20,pair,pl,1.576916549217724,1.4911741766992903,1.4911741766992903,1.0,0.0,0
59,38,1.0,20,context,abstain,1.576916549217724,1.4911741766992903,,,,0
59,38,1.0,60,pair,pl,1.576916549217724,1.4911741766992903,1.4911741766992903,1.0,0.0,10
59,38,1.0,60,context,sm,1.576916549217724,1.4911741766992903,1.576916549217724,0.0,0.08574237251843364,10
59,38,1.0,200,pair,pl,1.576916549217724,1.4911741766992903,1.4911741766992903,1.0,0.0,19
59,38,1.0,200,context,pl,1.576916549217724,1.4911741766992903,1.4911741766992903,1.0,0.0,19
59,38,1.0,1000,pair,pl,1.576916549217724,1.4911741766992903,1.4911741766992903,1.0,0.0,20
59,38,1.0,1000,context,pl,1.576916549217724,1.4911741766992903,1.4911741766992903,1.0,0.0,20
59,39,1.0,20,pair,sm,1.5537303617387943,1.4864409329790582,1.5537303617387943,0.0,0.06728942875973609,0
59,39,1.0,20,context,abstain,1.5537303617387943,1.4864409329790582,,,,0
59,39,1.0,60,pair,pl,1.5537303617387943,1.4864409329790582,1.4864409329790582,1.0,0.0,13
59,39,1.0,60,context,pl,1.5537303617387943,1.4864409329790582,1.4864409329790582,1.0,0.0,13
59,39,1.0,200,pair,pl,1.5537303617387943,1.4864409329790582,1.4864409329790582,1.0,0.0,20
59,39,1.0,200,context,pl,1.5537303617387943,1.4864409329790582,1.4864409329790582,1.0,0.0,20
59,39,1.0,1000,pair,pl,1.5537303617387943,1.4864409329790582,1.4864409329790582,1.0,0.0,20
59,39,1.0,1000,context,pl,1.5537303617387943,1.4864409329790582,1.4864409329790582,1.0,0.0,20
