dataset,method,record,group,nll
00024-00000001,pl,0,0,2.57921866761775
00024-00000001,pl,1,1,2.57921866761775
00024-00000001,pl,7,7,2.57921866761775
00024-00000001,pl,13,13,2.57921866761775
00024-00000001,pl,14,14,2.57921866761775
00024-00000001,pl,17,17,2.57921866761775
00024-00000001,pl,18,18,2.57921866761775
00024-00000001,pl,20,20,2.57921866761775
00024-00000001,pl,25,25,2.57921866761775
00024-00000001,pl,30,30,2.57921866761775
00024-00000001,pl,32,32,2.57921866761775
00024-00000001,pl,34,34,2.57921866761775
00024-00000001,pl,35,35,2.57921866761775
00024-00000001,pl,37,37,2.57921866761775
00024-00000001,pl,40,40,2.57921866761775
00024-00000001,pl,41,41,2.57921866761775
00024-00000001,pl,49,49,2.57921866761775
00024-00000001,pl,56,56,2.57921866761775
00024-00000001,pl,57,57,2.57921866761775
00024-00000001,pl,65,65,2.57921866761775
00024-00000001,pl,67,67,2.57921866761775
00024-00000001,pl,82,82,2.966953962970015
00024-00000001,pl,88,88,2.966953962970015
00024-00000001,pl,89,89,2.966953962970015
00024-00000001,pl,95,95,2.966953962970015
00024-00000001,pl,102,102,2.966953962970015
00024-00000001,pl,110,110,2.966953962970015
00024-00000001,pl,112,112,2.966953962970015
00024-00000001,pl,114,114,2.966953962970015
00024-00000001,pl,122,122,2.966953962970015
00024-00000001,pl,126,126,2.966953962970015
00024-00000001,pl,129,129,2.966953962970015
00024-00000001,pl,138,138,2.966953962970015
00024-00000001,pl,139,139,2.966953962970015
00024-00000001,pl,145,145,2.6052228019385533
00024-00000001,pl,149,149,2.6052228019385533
00024-00000001,pl,167,167,2.6052228019385533
00024-00000001,pl,179,179,2.6052228019385533
00024-00000001,pl,193,193,2.6052228019385533
00024-00000001,pl,196,196,2.8964266457761014
00024-00000001,pl,201,201,2.8964266457761014
00024-00000001,pl,202,202,2.8964266457761014
00024-00000001,pl,204,204,2.8964266457761014
00024-00000001,pl,208,208,2.8964266457761014
00024-00000001,pl,227,227,2.8964266457761014
00024-00000001,pl,228,228,2.8964266457761014
00024-00000001,pl,233,233,2.8964266457761014
00024-00000001,pl,236,236,2.8964266457761014
00024-00000001,pl,238,238,2.8964266457761014
00024-00000001,pl,243,243,2.7643176848941415
00024-00000001,pl,244,244,2.7643176848941415
00024-00000001,pl,245,245,2.7643176848941415
00024-00000001,pl,250,250,2.7643176848941415
00024-00000001,pl,260,260,2.7643176848941415
00024-00000001,pl,264,264,2.7643176848941415
00024-00000001,pl,277,277,2.7643176848941415
00024-00000001,pl,279,279,2.7643176848941415
00024-00000001,pl,281,281,2.7643176848941415
00024-00000001,pl,285,285,3.0650147634415075
00024-00000001,pl,287,287,3.0650147634415075
00024-00000001,pl,290,290,3.0650147634415075
00024-00000001,pl,291,291,3.0650147634415075
00024-00000001,pl,292,292,3.0650147634415075
00024-00000001,pl,298,298,3.0650147634415075
00024-00000001,pl,300,300,3.0650147634415075
00024-00000001,pl,306,306,3.0650147634415075
00024-00000001,pl,325,325,3.0650147634415075
00024-00000001,pl,333,333,2.724214388301968
00024-00000001,pl,334,334,2.724214388301968
00024-00000001,pl,335,335,2.724214388301968
00024-00000001,pl,341,341,2.724214388301968
00024-00000001,pl,351,351,2.724214388301968
00024-00000001,pl,352,352,2.724214388301968
00024-00000001,pl,356,356,2.724214388301968
00024-00000001,pl,358,358,2.724214388301968
00024-00000001,pl,360,360,2.724214388301968
00024-00000001,pl,369,369,3.0414223664603193
00024-00000001,pl,371,371,3.0414223664603193
00024-00000001,pl,375,375,3.0414223664603193
00024-00000001,pl,381,381,3.0414223664603193
00024-00000001,pl,387,387,3.0414223664603193
00024-00000001,pl,391,391,3.0414223664603193
00024-00000001,pl,395,395,3.0414223664603193
00024-00000001,pl,398,398,3.0414223664603193
00024-00000001,pl,403,403,3.0414223664603193
00024-00000001,pl,407,407,2.9685549066768906
00024-00000001,pl,417,417,2.9685549066768906
00024-00000001,pl,418,418,2.9685549066768906
00024-00000001,pl,438,438,2.9685549066768906
00024-00000001,pl,442,442,3.109537946314618
00024-00000001,pl,444,444,3.109537946314618
00024-00000001,pl,447,447,3.109537946314618
00024-00000001,pl,448,448,3.109537946314618
00024-00000001,pl,450,450,3.109537946314618
00024-00000001,pl,466,466,3.109537946314618
00024-00000001,pl,468,468,3.109537946314618
00024-00000001,pl,470,470,3.109537946314618
00024-00000001,pl,479,479,3.4019363786078363
00024-00000001,pl,480,480,3.4019363786078363
00024-00000001,pl,493,493,3.4019363786078363
00024-00000001,pl,496,496,3.4019363786078363
00024-00000001,pl,497,497,3.4019363786078363
00024-00000001,pl,499,499,3.4019363786078363
00024-00000001,pl,505,505,3.4019363786078363
00024-00000001,pl,508,508,3.4019363786078363
00024-00000001,pl,510,510,3.7928452413458364
00024-00000001,pl,514,514,3.7928452413458364
00024-00000001,pl,515,515,3.7928452413458364
00024-00000001,pl,518,518,3.7928452413458364
00024-00000001,pl,522,522,3.7928452413458364
00024-00000001,pl,525,525,3.7928452413458364
00024-00000001,pl,531,531,3.7928452413458364
00024-00000001,pl,534,534,3.7928452413458364
00024-00000001,pl,542,542,3.825148667179663
00024-00000001,pl,543,543,3.825148667179663
00024-00000001,pl,548,548,3.825148667179663
00024-00000001,pl,560,560,3.825148667179663
00024-00000001,pl,562,562,3.825148667179663
00024-00000001,pl,569,569,3.825148667179663
00024-00000001,pl,570,570,2.982654068948261
00024-00000001,pl,580,580,2.982654068948261
00024-00000001,pl,582,582,2.982654068948261
00024-00000001,pl,588,588,2.982654068948261
00024-00000001,pl,595,595,2.982654068948261
00024-00000001,pl,603,603,3.1260488459256033
00024-00000001,pl,615,615,3.1260488459256033
00024-00000001,pl,619,619,3.1260488459256033
00024-00000001,pl,620,620,3.1260488459256033
00024-00000001,pl,621,621,3.1260488459256033
00024-00000001,pl,627,627,3.676671747573242
00024-00000001,pl,628,628,3.676671747573242
00024-00000001,pl,637,637,3.676671747573242
00024-00000001,pl,645,645,3.676671747573242
00024-00000001,pl,647,647,3.3489077005730294
00024-00000001,pl,649,649,3.3489077005730294
00024-00000001,pl,661,661,3.3489077005730294
00024-00000001,pl,662,662,3.3489077005730294
00024-00000001,pl,666,666,3.3489077005730294
00024-00000001,pl,667,667,3.3489077005730294
00024-00000001,pl,672,672,3.4963104121820296
00024-00000001,pl,687,687,3.4963104121820296
00024-00000001,pl,693,693,3.6907709098446126
00024-00000001,pl,697,697,3.6907709098446126
00024-00000001,pl,703,703,3.6907709098446126
00024-00000001,pl,704,704,3.6907709098446126
00024-00000001,pl,708,708,3.6907709098446126
00024-00000001,pl,711,711,3.4787629873147736
00024-00000001,pl,716,716,3.4787629873147736
00024-00000001,pl,719,719,3.4787629873147736
00024-00000001,pl,722,722,3.4787629873147736
00024-00000001,pl,742,742,3.905423538482487
00024-00000001,pl,744,744,3.905423538482487
00024-00000001,pl,745,745,3.905423538482487
00024-00000001,pl,753,753,3.88721927492003
00024-00000001,pl,755,755,3.88721927492003
00024-00000001,pl,761,761,3.88721927492003
00024-00000001,pl,766,766,3.304384517699919
00024-00000001,pl,781,781,3.304384517699919
00024-00000001,pl,790,790,3.5590378586175975
00024-00000001,mle,0,0,2.4232788900883815
00024-00000001,mle,1,1,2.4232788900883815
00024-00000001,mle,7,7,2.4232788900883815
00024-00000001,mle,13,13,2.4232788900883815
00024-00000001,mle,14,14,2.4232788900883815
00024-00000001,mle,17,17,2.4232788900883815
00024-00000001,mle,18,18,2.4232788900883815
00024-00000001,mle,20,20,2.4232788900883815
00024-00000001,mle,25,25,2.4232788900883815
00024-00000001,mle,30,30,2.4232788900883815
00024-00000001,mle,32,32,2.4232788900883815
00024-00000001,mle,34,34,2.4232788900883815
00024-00000001,mle,35,35,2.4232788900883815
00024-00000001,mle,37,37,2.4232788900883815
00024-00000001,mle,40,40,2.4232788900883815
00024-00000001,mle,41,41,2.4232788900883815
00024-00000001,mle,49,49,2.4232788900883815
00024-00000001,mle,56,56,2.4232788900883815
00024-00000001,mle,57,57,2.4232788900883815
00024-00000001,mle,65,65,2.4232788900883815
00024-00000001,mle,67,67,2.4232788900883815
00024-00000001,mle,82,82,2.9824253715864555
00024-00000001,mle,88,88,2.9824253715864555
00024-00000001,mle,89,89,2.9824253715864555
00024-00000001,mle,95,95,2.9824253715864555
00024-00000001,mle,102,102,2.9824253715864555
00024-00000001,mle,110,110,2.9824253715864555
00024-00000001,mle,112,112,2.9824253715864555
00024-00000001,mle,114,114,2.9824253715864555
00024-00000001,mle,122,122,2.9824253715864555
00024-00000001,mle,126,126,2.9824253715864555
00024-00000001,mle,129,129,2.9824253715864555
00024-00000001,mle,138,138,2.9824253715864555
00024-00000001,mle,139,139,2.9824253715864555
00024-00000001,mle,145,145,2.7028521308374183
00024-00000001,mle,149,149,2.7028521308374183
00024-00000001,mle,167,167,2.7028521308374183
00024-00000001,mle,179,179,2.7028521308374183
00024-00000001,mle,193,193,2.7028521308374183
00024-00000001,mle,196,196,2.7028521308374183
00024-00000001,mle,201,201,2.7028521308374183
00024-00000001,mle,202,202,2.7028521308374183
00024-00000001,mle,204,204,2.7028521308374183
00024-00000001,mle,208,208,2.7028521308374183
00024-00000001,mle,227,227,2.7028521308374183
00024-00000001,mle,228,228,2.7028521308374183
00024-00000001,mle,233,233,2.7028521308374183
00024-00000001,mle,236,236,2.7028521308374183
00024-00000001,mle,238,238,2.7028521308374183
00024-00000001,mle,243,243,2.9824253715864555
00024-00000001,mle,244,244,2.9824253715864555
00024-00000001,mle,245,245,2.9824253715864555
00024-00000001,mle,250,250,2.9824253715864555
00024-00000001,mle,260,260,2.9824253715864555
00024-00000001,mle,264,264,2.9824253715864555
00024-00000001,mle,277,277,2.9824253715864555
00024-00000001,mle,279,279,2.9824253715864555
00024-00000001,mle,281,281,2.9824253715864555
00024-00000001,mle,285,285,2.9824253715864555
00024-00000001,mle,287,287,2.9824253715864555
00024-00000001,mle,290,290,2.9824253715864555
00024-00000001,mle,291,291,2.9824253715864555
00024-00000001,mle,292,292,2.9824253715864555
00024-00000001,mle,298,298,2.9824253715864555
00024-00000001,mle,300,300,2.9824253715864555
00024-00000001,mle,306,306,2.9824253715864555
00024-00000001,mle,325,325,2.9824253715864555
00024-00000001,mle,333,333,2.7028521308374183
00024-00000001,mle,334,334,2.7028521308374183
00024-00000001,mle,335,335,2.7028521308374183
00024-00000001,mle,341,341,2.7028521308374183
00024-00000001,mle,351,351,2.7028521308374183
00024-00000001,mle,352,352,2.7028521308374183
00024-00000001,mle,356,356,2.7028521308374183
00024-00000001,mle,358,358,2.7028521308374183
00024-00000001,mle,360,360,2.7028521308374183
00024-00000001,mle,369,369,2.9824253715864555
00024-00000001,mle,371,371,2.9824253715864555
00024-00000001,mle,375,375,2.9824253715864555
00024-00000001,mle,381,381,2.9824253715864555
00024-00000001,mle,387,387,2.9824253715864555
00024-00000001,mle,391,391,2.9824253715864555
00024-00000001,mle,395,395,2.9824253715864555
00024-00000001,mle,398,398,2.9824253715864555
00024-00000001,mle,403,403,2.9824253715864555
00024-00000001,mle,407,407,2.9824253715864555
00024-00000001,mle,417,417,2.9824253715864555
00024-00000001,mle,418,418,2.9824253715864555
00024-00000001,mle,438,438,2.9824253715864555
00024-00000001,mle,442,442,3.2619986123354923
00024-00000001,mle,444,444,3.2619986123354923
00024-00000001,mle,447,447,3.2619986123354923
00024-00000001,mle,448,448,3.2619986123354923
00024-00000001,mle,450,450,3.2619986123354923
00024-00000001,mle,466,466,3.2619986123354923
00024-00000001,mle,468,468,3.2619986123354923
00024-00000001,mle,470,470,3.2619986123354923
00024-00000001,mle,479,479,3.2619986123354923
00024-00000001,mle,480,480,3.2619986123354923
00024-00000001,mle,493,493,3.2619986123354923
00024-00000001,mle,496,496,3.2619986123354923
00024-00000001,mle,497,497,3.2619986123354923
00024-00000001,mle,499,499,3.2619986123354923
00024-00000001,mle,505,505,3.2619986123354923
00024-00000001,mle,508,508,3.2619986123354923
00024-00000001,mle,510,510,3.5415718530845295
00024-00000001,mle,514,514,3.5415718530845295
00024-00000001,mle,515,515,3.5415718530845295
00024-00000001,mle,518,518,3.5415718530845295
00024-00000001,mle,522,522,3.5415718530845295
00024-00000001,mle,525,525,3.5415718530845295
00024-00000001,mle,531,531,3.5415718530845295
00024-00000001,mle,534,534,3.5415718530845295
00024-00000001,mle,542,542,3.8211450938335663
00024-00000001,mle,543,543,3.8211450938335663
00024-00000001,mle,548,548,3.8211450938335663
00024-00000001,mle,560,560,3.8211450938335663
00024-00000001,mle,562,562,3.8211450938335663
00024-00000001,mle,569,569,3.8211450938335663
00024-00000001,mle,570,570,3.2619986123354923
00024-00000001,mle,580,580,3.2619986123354923
00024-00000001,mle,582,582,3.2619986123354923
00024-00000001,mle,588,588,3.2619986123354923
00024-00000001,mle,595,595,3.2619986123354923
00024-00000001,mle,603,603,3.2619986123354923
00024-00000001,mle,615,615,3.2619986123354923
00024-00000001,mle,619,619,3.2619986123354923
00024-00000001,mle,620,620,3.2619986123354923
00024-00000001,mle,621,621,3.2619986123354923
00024-00000001,mle,627,627,3.2619986123354923
00024-00000001,mle,628,628,3.2619986123354923
00024-00000001,mle,637,637,3.2619986123354923
00024-00000001,mle,645,645,3.2619986123354923
00024-00000001,mle,647,647,3.5415718530845295
00024-00000001,mle,649,649,3.5415718530845295
00024-00000001,mle,661,661,3.5415718530845295
00024-00000001,mle,662,662,3.5415718530845295
00024-00000001,mle,666,666,3.5415718530845295
00024-00000001,mle,667,667,3.5415718530845295
00024-00000001,mle,672,672,3.5415718530845295
00024-00000001,mle,687,687,3.5415718530845295
00024-00000001,mle,693,693,3.5415718530845295
00024-00000001,mle,697,697,3.5415718530845295
00024-00000001,mle,703,703,3.5415718530845295
00024-00000001,mle,704,704,3.5415718530845295
00024-00000001,mle,708,708,3.5415718530845295
00024-00000001,mle,711,711,3.5415718530845295
00024-00000001,mle,716,716,3.5415718530845295
00024-00000001,mle,719,719,3.5415718530845295
00024-00000001,mle,722,722,3.5415718530845295
00024-00000001,mle,742,742,4.100718334582603
00024-00000001,mle,744,744,4.100718334582603
00024-00000001,mle,745,745,4.100718334582603
00024-00000001,mle,753,753,3.8211450938335663
00024-00000001,mle,755,755,3.8211450938335663
00024-00000001,mle,761,761,3.8211450938335663
00024-00000001,mle,766,766,3.2619986123354923
00024-00000001,mle,781,781,3.2619986123354923
00024-00000001,mle,790,790,3.8211450938335663
00024-00000001,sharp,0,0,2.4232788900883815
00024-00000001,sharp,1,1,2.4232788900883815
00024-00000001,sharp,7,7,2.4232788900883815
00024-00000001,sharp,13,13,2.4232788900883815
00024-00000001,sharp,14,14,2.4232788900883815
00024-00000001,sharp,17,17,2.4232788900883815
00024-00000001,sharp,18,18,2.4232788900883815
00024-00000001,sharp,20,20,2.4232788900883815
00024-00000001,sharp,25,25,2.4232788900883815
00024-00000001,sharp,30,30,2.4232788900883815
00024-00000001,sharp,32,32,2.4232788900883815
00024-00000001,sharp,34,34,2.4232788900883815
00024-00000001,sharp,35,35,2.4232788900883815
00024-00000001,sharp,37,37,2.4232788900883815
00024-00000001,sharp,40,40,2.4232788900883815
00024-00000001,sharp,41,41,2.4232788900883815
00024-00000001,sharp,49,49,2.4232788900883815
00024-00000001,sharp,56,56,2.4232788900883815
00024-00000001,sharp,57,57,2.4232788900883815
00024-00000001,sharp,65,65,2.4232788900883815
00024-00000001,sharp,67,67,2.4232788900883815
00024-00000001,sharp,82,82,2.9824253715864555
00024-00000001,sharp,88,88,2.9824253715864555
00024-00000001,sharp,89,89,2.9824253715864555
00024-00000001,sharp,95,95,2.9824253715864555
00024-00000001,sharp,102,102,2.9824253715864555
00024-00000001,sharp,110,110,2.9824253715864555
00024-00000001,sharp,112,112,2.9824253715864555
00024-00000001,sharp,114,114,2.9824253715864555
00024-00000001,sharp,122,122,2.9824253715864555
00024-00000001,sharp,126,126,2.9824253715864555
00024-00000001,sharp,129,129,2.9824253715864555
00024-00000001,sharp,138,138,2.9824253715864555
00024-00000001,sharp,139,139,2.9824253715864555
00024-00000001,sharp,145,145,2.7028521308374183
00024-00000001,sharp,149,149,2.7028521308374183
00024-00000001,sharp,167,167,2.7028521308374183
00024-00000001,sharp,179,179,2.7028521308374183
00024-00000001,sharp,193,193,2.7028521308374183
00024-00000001,sharp,196,196,2.7028521308374183
00024-00000001,sharp,201,201,2.7028521308374183
00024-00000001,sharp,202,202,2.7028521308374183
00024-00000001,sharp,204,204,2.7028521308374183
00024-00000001,sharp,208,208,2.7028521308374183
00024-00000001,sharp,227,227,2.7028521308374183
00024-00000001,sharp,228,228,2.7028521308374183
00024-00000001,sharp,233,233,2.7028521308374183
00024-00000001,sharp,236,236,2.7028521308374183
00024-00000001,sharp,238,238,2.7028521308374183
00024-00000001,sharp,243,243,2.9824253715864555
00024-00000001,sharp,244,244,2.9824253715864555
00024-00000001,sharp,245,245,2.9824253715864555
00024-00000001,sharp,250,250,2.9824253715864555
00024-00000001,sharp,260,260,2.9824253715864555
00024-00000001,sharp,264,264,2.9824253715864555
00024-00000001,sharp,277,277,2.9824253715864555
00024-00000001,sharp,279,279,2.9824253715864555
00024-00000001,sharp,281,281,2.9824253715864555
00024-00000001,sharp,285,285,2.9824253715864555
00024-00000001,sharp,287,287,2.9824253715864555
00024-00000001,sharp,290,290,2.9824253715864555
00024-00000001,sharp,291,291,2.9824253715864555
00024-00000001,sharp,292,292,2.9824253715864555
00024-00000001,sharp,298,298,2.9824253715864555
00024-00000001,sharp,300,300,2.9824253715864555
00024-00000001,sharp,306,306,2.9824253715864555
00024-00000001,sharp,325,325,2.9824253715864555
00024-00000001,sharp,333,333,2.7028521308374183
00024-00000001,sharp,334,334,2.7028521308374183
00024-00000001,sharp,335,335,2.7028521308374183
00024-00000001,sharp,341,341,2.7028521308374183
00024-00000001,sharp,351,351,2.7028521308374183
00024-00000001,sharp,352,352,2.7028521308374183
00024-00000001,sharp,356,356,2.7028521308374183
00024-00000001,sharp,358,358,2.7028521308374183
00024-00000001,sharp,360,360,2.7028521308374183
00024-00000001,sharp,369,369,2.9824253715864555
00024-00000001,sharp,371,371,2.9824253715864555
00024-00000001,sharp,375,375,2.9824253715864555
00024-00000001,sharp,381,381,2.9824253715864555
00024-00000001,sharp,387,387,2.9824253715864555
00024-00000001,sharp,391,391,2.9824253715864555
00024-00000001,sharp,395,395,2.9824253715864555
00024-00000001,sharp,398,398,2.9824253715864555
00024-00000001,sharp,403,403,2.9824253715864555
00024-00000001,sharp,407,407,2.9824253715864555
00024-00000001,sharp,417,417,2.9824253715864555
00024-00000001,sharp,418,418,2.9824253715864555
00024-00000001,sharp,438,438,2.9824253715864555
00024-00000001,sharp,442,442,3.2619986123354923
00024-00000001,sharp,444,444,3.2619986123354923
00024-00000001,sharp,447,447,3.2619986123354923
00024-00000001,sharp,448,448,3.2619986123354923
00024-00000001,sharp,450,450,3.2619986123354923
00024-00000001,sharp,466,466,3.2619986123354923
00024-00000001,sharp,468,468,3.2619986123354923
00024-00000001,sharp,470,470,3.2619986123354923
00024-00000001,sharp,479,479,3.2619986123354923
00024-00000001,sharp,480,480,3.2619986123354923
00024-00000001,sharp,493,493,3.2619986123354923
00024-00000001,sharp,496,496,3.2619986123354923
00024-00000001,sharp,497,497,3.2619986123354923
00024-00000001,sharp,499,499,3.2619986123354923
00024-00000001,sharp,505,505,3.2619986123354923
00024-00000001,sharp,508,508,3.2619986123354923
00024-00000001,sharp,510,510,3.5415718530845295
00024-00000001,sharp,514,514,3.5415718530845295
00024-00000001,sharp,515,515,3.5415718530845295
00024-00000001,sharp,518,518,3.5415718530845295
00024-00000001,sharp,522,522,3.5415718530845295
00024-00000001,sharp,525,525,3.5415718530845295
00024-00000001,sharp,531,531,3.5415718530845295
00024-00000001,sharp,534,534,3.5415718530845295
00024-00000001,sharp,542,542,3.8211450938335663
00024-00000001,sharp,543,543,3.8211450938335663
00024-00000001,sharp,548,548,3.8211450938335663
00024-00000001,sharp,560,560,3.8211450938335663
00024-00000001,sharp,562,562,3.8211450938335663
00024-00000001,sharp,569,569,3.8211450938335663
00024-00000001,sharp,570,570,3.2619986123354923
00024-00000001,sharp,580,580,3.2619986123354923
00024-00000001,sharp,582,582,3.2619986123354923
00024-00000001,sharp,588,588,3.2619986123354923
00024-00000001,sharp,595,595,3.2619986123354923
00024-00000001,sharp,603,603,3.2619986123354923
00024-00000001,sharp,615,615,3.2619986123354923
00024-00000001,sharp,619,619,3.2619986123354923
00024-00000001,sharp,620,620,3.2619986123354923
00024-00000001,sharp,621,621,3.2619986123354923
00024-00000001,sharp,627,627,3.2619986123354923
00024-00000001,sharp,628,628,3.2619986123354923
00024-00000001,sharp,637,637,3.2619986123354923
00024-00000001,sharp,645,645,3.2619986123354923
00024-00000001,sharp,647,647,3.5415718530845295
00024-00000001,sharp,649,649,3.5415718530845295
00024-00000001,sharp,661,661,3.5415718530845295
00024-00000001,sharp,662,662,3.5415718530845295
00024-00000001,sharp,666,666,3.5415718530845295
00024-00000001,sharp,667,667,3.5415718530845295
00024-00000001,sharp,672,672,3.5415718530845295
00024-00000001,sharp,687,687,3.5415718530845295
00024-00000001,sharp,693,693,3.5415718530845295
00024-00000001,sharp,697,697,3.5415718530845295
00024-00000001,sharp,703,703,3.5415718530845295
00024-00000001,sharp,704,704,3.5415718530845295
00024-00000001,sharp,708,708,3.5415718530845295
00024-00000001,sharp,711,711,3.5415718530845295
00024-00000001,sharp,716,716,3.5415718530845295
00024-00000001,sharp,719,719,3.5415718530845295
00024-00000001,sharp,722,722,3.5415718530845295
00024-00000001,sharp,742,742,4.100718334582603
00024-00000001,sharp,744,744,4.100718334582603
00024-00000001,sharp,745,745,4.100718334582603
00024-00000001,sharp,753,753,3.8211450938335663
00024-00000001,sharp,755,755,3.8211450938335663
00024-00000001,sharp,761,761,3.8211450938335663
00024-00000001,sharp,766,766,3.2619986123354923
00024-00000001,sharp,781,781,3.2619986123354923
00024-00000001,sharp,790,790,3.8211450938335663
00024-00000001,efficient,0,0,
00024-00000001,efficient,1,1,
00024-00000001,efficient,7,7,
00024-00000001,efficient,13,13,
00024-00000001,efficient,14,14,
00024-00000001,efficient,17,17,
00024-00000001,efficient,18,18,
00024-00000001,efficient,20,20,
00024-00000001,efficient,25,25,
00024-00000001,efficient,30,30,
00024-00000001,efficient,32,32,
00024-00000001,efficient,34,34,
00024-00000001,efficient,35,35,
00024-00000001,efficient,37,37,
00024-00000001,efficient,40,40,
00024-00000001,efficient,41,41,
00024-00000001,efficient,49,49,
00024-00000001,efficient,56,56,
00024-00000001,efficient,57,57,
00024-00000001,efficient,65,65,
00024-00000001,efficient,67,67,
00024-00000001,efficient,82,82,
00024-00000001,efficient,88,88,
00024-00000001,efficient,89,89,
00024-00000001,efficient,95,95,
00024-00000001,efficient,102,102,
00024-00000001,efficient,110,110,
00024-00000001,efficient,112,112,
00024-00000001,efficient,114,114,
00024-00000001,efficient,122,122,
00024-00000001,efficient,126,126,
00024-00000001,efficient,129,129,
00024-00000001,efficient,138,138,
00024-00000001,efficient,139,139,
00024-00000001,efficient,145,145,
00024-00000001,efficient,149,149,
00024-00000001,efficient,167,167,
00024-00000001,efficient,179,179,
00024-00000001,efficient,193,193,
00024-00000001,efficient,196,196,
00024-00000001,efficient,201,201,
00024-00000001,efficient,202,202,
00024-00000001,efficient,204,204,
00024-00000001,efficient,208,208,
00024-00000001,efficient,227,227,
00024-00000001,efficient,228,228,
00024-00000001,efficient,233,233,
00024-00000001,efficient,236,236,
00024-00000001,efficient,238,238,
00024-00000001,efficient,243,243,
00024-00000001,efficient,244,244,
00024-00000001,efficient,245,245,
00024-00000001,efficient,250,250,
00024-00000001,efficient,260,260,
00024-00000001,efficient,264,264,
00024-00000001,efficient,277,277,
00024-00000001,efficient,279,279,
00024-00000001,efficient,281,281,
00024-00000001,efficient,285,285,
00024-00000001,efficient,287,287,
00024-00000001,efficient,290,290,
00024-00000001,efficient,291,291,
00024-00000001,efficient,292,292,
00024-00000001,efficient,298,298,
00024-00000001,efficient,300,300,
00024-00000001,efficient,306,306,
00024-00000001,efficient,325,325,
00024-00000001,efficient,333,333,
00024-00000001,efficient,334,334,
00024-00000001,efficient,335,335,
00024-00000001,efficient,341,341,
00024-00000001,efficient,351,351,
00024-00000001,efficient,352,352,
00024-00000001,efficient,356,356,
00024-00000001,efficient,358,358,
00024-00000001,efficient,360,360,
00024-00000001,efficient,369,369,
00024-00000001,efficient,371,371,
00024-00000001,efficient,375,375,
00024-00000001,efficient,381,381,
00024-00000001,efficient,387,387,
00024-00000001,efficient,391,391,
00024-00000001,efficient,395,395,
00024-00000001,efficient,398,398,
00024-00000001,efficient,403,403,
00024-00000001,efficient,407,407,
00024-00000001,efficient,417,417,
00024-00000001,efficient,418,418,
00024-00000001,efficient,438,438,
00024-00000001,efficient,442,442,
00024-00000001,efficient,444,444,
00024-00000001,efficient,447,447,
00024-00000001,efficient,448,448,
00024-00000001,efficient,450,450,
00024-00000001,efficient,466,466,
00024-00000001,efficient,468,468,
00024-00000001,efficient,470,470,
00024-00000001,efficient,479,479,
00024-00000001,efficient,480,480,
00024-00000001,efficient,493,493,
00024-00000001,efficient,496,496,
00024-00000001,efficient,497,497,
00024-00000001,efficient,499,499,
00024-00000001,efficient,505,505,
00024-00000001,efficient,508,508,
00024-00000001,efficient,510,510,
00024-00000001,efficient,514,514,
00024-00000001,efficient,515,515,
00024-00000001,efficient,518,518,
00024-00000001,efficient,522,522,
00024-00000001,efficient,525,525,
00024-00000001,efficient,531,531,
00024-00000001,efficient,534,534,
00024-00000001,efficient,542,542,
00024-00000001,efficient,543,543,
00024-00000001,efficient,548,548,
00024-00000001,efficient,560,560,
00024-00000001,efficient,562,562,
00024-00000001,efficient,569,569,
00024-00000001,efficient,570,570,
00024-00000001,efficient,580,580,
00024-00000001,efficient,582,582,
00024-00000001,efficient,588,588,
00024-00000001,efficient,595,595,
00024-00000001,efficient,603,603,
00024-00000001,efficient,615,615,
00024-00000001,efficient,619,619,
00024-00000001,efficient,620,620,
00024-00000001,efficient,621,621,
00024-00000001,efficient,627,627,
00024-00000001,efficient,628,628,
00024-00000001,efficient,637,637,
00024-00000001,efficient,645,645,
00024-00000001,efficient,647,647,
00024-00000001,efficient,649,649,
00024-00000001,efficient,661,661,
00024-00000001,efficient,662,662,
00024-00000001,efficient,666,666,
00024-00000001,efficient,667,667,
00024-00000001,efficient,672,672,
00024-00000001,efficient,687,687,
00024-00000001,efficient,693,693,
00024-00000001,efficient,697,697,
00024-00000001,efficient,703,703,
00024-00000001,efficient,704,704,
00024-00000001,efficient,708,708,
00024-00000001,efficient,711,711,
00024-00000001,efficient,716,716,
00024-00000001,efficient,719,719,
00024-00000001,efficient,722,722,
00024-00000001,efficient,742,742,
00024-00000001,efficient,744,744,
00024-00000001,efficient,745,745,
00024-00000001,efficient,753,753,
00024-00000001,efficient,755,755,
00024-00000001,efficient,761,761,
00024-00000001,efficient,766,766,
00024-00000001,efficient,781,781,
00024-00000001,efficient,790,790,
00024-00000001,borda,0,0,2.4232788900883815
00024-00000001,borda,1,1,2.4232788900883815
00024-00000001,borda,7,7,2.4232788900883815
00024-00000001,borda,13,13,2.4232788900883815
00024-00000001,borda,14,14,2.4232788900883815
00024-00000001,borda,17,17,2.4232788900883815
00024-00000001,borda,18,18,2.4232788900883815
00024-00000001,borda,20,20,2.4232788900883815
00024-00000001,borda,25,25,2.4232788900883815
00024-00000001,borda,30,30,2.4232788900883815
00024-00000001,borda,32,32,2.4232788900883815
00024-00000001,borda,34,34,2.4232788900883815
00024-00000001,borda,35,35,2.4232788900883815
00024-00000001,borda,37,37,2.4232788900883815
00024-00000001,borda,40,40,2.4232788900883815
00024-00000001,borda,41,41,2.4232788900883815
00024-00000001,borda,49,49,2.4232788900883815
00024-00000001,borda,56,56,2.4232788900883815
00024-00000001,borda,57,57,2.4232788900883815
00024-00000001,borda,65,65,2.4232788900883815
00024-00000001,borda,67,67,2.4232788900883815
00024-00000001,borda,82,82,2.9824253715864555
00024-00000001,borda,88,88,2.9824253715864555
00024-00000001,borda,89,89,2.9824253715864555
00024-00000001,borda,95,95,2.9824253715864555
00024-00000001,borda,102,102,2.9824253715864555
00024-00000001,borda,110,110,2.9824253715864555
00024-00000001,borda,112,112,2.9824253715864555
00024-00000001,borda,114,114,2.9824253715864555
00024-00000001,borda,122,122,2.9824253715864555
00024-00000001,borda,126,126,2.9824253715864555
00024-00000001,borda,129,129,2.9824253715864555
00024-00000001,borda,138,138,2.9824253715864555
00024-00000001,borda,139,139,2.9824253715864555
00024-00000001,borda,145,145,2.7028521308374183
00024-00000001,borda,149,149,2.7028521308374183
00024-00000001,borda,167,167,2.7028521308374183
00024-00000001,borda,179,179,2.7028521308374183
00024-00000001,borda,193,193,2.7028521308374183
00024-00000001,borda,196,196,2.7028521308374183
00024-00000001,borda,201,201,2.7028521308374183
00024-00000001,borda,202,202,2.7028521308374183
00024-00000001,borda,204,204,2.7028521308374183
00024-00000001,borda,208,208,2.7028521308374183
00024-00000001,borda,227,227,2.7028521308374183
00024-00000001,borda,228,228,2.7028521308374183
00024-00000001,borda,233,233,2.7028521308374183
00024-00000001,borda,236,236,2.7028521308374183
00024-00000001,borda,238,238,2.7028521308374183
00024-00000001,borda,243,243,2.9824253715864555
00024-00000001,borda,244,244,2.9824253715864555
00024-00000001,borda,245,245,2.9824253715864555
00024-00000001,borda,250,250,2.9824253715864555
00024-00000001,borda,260,260,2.9824253715864555
00024-00000001,borda,264,264,2.9824253715864555
00024-00000001,borda,277,277,2.9824253715864555
00024-00000001,borda,279,279,2.9824253715864555
00024-00000001,borda,281,281,2.9824253715864555
00024-00000001,borda,285,285,2.9824253715864555
00024-00000001,borda,287,287,2.9824253715864555
00024-00000001,borda,290,290,2.9824253715864555
00024-00000001,borda,291,291,2.9824253715864555
00024-00000001,borda,292,292,2.9824253715864555
00024-00000001,borda,298,298,2.9824253715864555
00024-00000001,borda,300,300,2.9824253715864555
00024-00000001,borda,306,306,2.9824253715864555
00024-00000001,borda,325,325,2.9824253715864555
00024-00000001,borda,333,333,2.7028521308374183
00024-00000001,borda,334,334,2.7028521308374183
00024-00000001,borda,335,335,2.7028521308374183
00024-00000001,borda,341,341,2.7028521308374183
00024-00000001,borda,351,351,2.7028521308374183
00024-00000001,borda,352,352,2.7028521308374183
00024-00000001,borda,356,356,2.7028521308374183
00024-00000001,borda,358,358,2.7028521308374183
00024-00000001,borda,360,360,2.7028521308374183
00024-00000001,borda,369,369,2.9824253715864555
00024-00000001,borda,371,371,2.9824253715864555
00024-00000001,borda,375,375,2.9824253715864555
00024-00000001,borda,381,381,2.9824253715864555
00024-00000001,borda,387,387,2.9824253715864555
00024-00000001,borda,391,391,2.9824253715864555
00024-00000001,borda,395,395,2.9824253715864555
00024-00000001,borda,398,398,2.9824253715864555
00024-00000001,borda,403,403,2.9824253715864555
00024-00000001,borda,407,407,2.9824253715864555
00024-00000001,borda,417,417,2.9824253715864555
00024-00000001,borda,418,418,2.9824253715864555
00024-00000001,borda,438,438,2.9824253715864555
00024-00000001,borda,442,442,3.2619986123354923
00024-00000001,borda,444,444,3.2619986123354923
00024-00000001,borda,447,447,3.2619986123354923
00024-00000001,borda,448,448,3.2619986123354923
00024-00000001,borda,450,450,3.2619986123354923
00024-00000001,borda,466,466,3.2619986123354923
00024-00000001,borda,468,468,3.2619986123354923
00024-00000001,borda,470,470,3.2619986123354923
00024-00000001,borda,479,479,3.2619986123354923
00024-00000001,borda,480,480,3.2619986123354923
00024-00000001,borda,493,493,3.2619986123354923
00024-00000001,borda,496,496,3.2619986123354923
00024-00000001,borda,497,497,3.2619986123354923
00024-00000001,borda,499,499,3.2619986123354923
00024-00000001,borda,505,505,3.2619986123354923
00024-00000001,borda,508,508,3.2619986123354923
00024-00000001,borda,510,510,3.5415718530845295
00024-00000001,borda,514,514,3.5415718530845295
00024-00000001,borda,515,515,3.5415718530845295
00024-00000001,borda,518,518,3.5415718530845295
00024-00000001,borda,522,522,3.5415718530845295
00024-00000001,borda,525,525,3.5415718530845295
00024-00000001,borda,531,531,3.5415718530845295
00024-00000001,borda,534,534,3.5415718530845295
00024-00000001,borda,542,542,3.8211450938335663
00024-00000001,borda,543,543,3.8211450938335663
00024-00000001,borda,548,548,3.8211450938335663
00024-00000001,borda,560,560,3.8211450938335663
00024-00000001,borda,562,562,3.8211450938335663
00024-00000001,borda,569,569,3.8211450938335663
00024-00000001,borda,570,570,3.2619986123354923
00024-00000001,borda,580,580,3.2619986123354923
00024-00000001,borda,582,582,3.2619986123354923
00024-00000001,borda,588,588,3.2619986123354923
00024-00000001,borda,595,595,3.2619986123354923
00024-00000001,borda,603,603,3.2619986123354923
00024-00000001,borda,615,615,3.2619986123354923
00024-00000001,borda,619,619,3.2619986123354923
00024-00000001,borda,620,620,3.2619986123354923
00024-00000001,borda,621,621,3.2619986123354923
00024-00000001,borda,627,627,3.2619986123354923
00024-00000001,borda,628,628,3.2619986123354923
00024-00000001,borda,637,637,3.2619986123354923
00024-00000001,borda,645,645,3.2619986123354923
00024-00000001,borda,647,647,3.5415718530845295
00024-00000001,borda,649,649,3.5415718530845295
00024-00000001,borda,661,661,3.5415718530845295
00024-00000001,borda,662,662,3.5415718530845295
00024-00000001,borda,666,666,3.5415718530845295
00024-00000001,borda,667,667,3.5415718530845295
00024-00000001,borda,672,672,3.5415718530845295
00024-00000001,borda,687,687,3.5415718530845295
00024-00000001,borda,693,693,3.5415718530845295
00024-00000001,borda,697,697,3.5415718530845295
00024-00000001,borda,703,703,3.5415718530845295
00024-00000001,borda,704,704,3.5415718530845295
00024-00000001,borda,708,708,3.5415718530845295
00024-00000001,borda,711,711,3.5415718530845295
00024-00000001,borda,716,716,3.5415718530845295
00024-00000001,borda,719,719,3.5415718530845295
00024-00000001,borda,722,722,3.5415718530845295
00024-00000001,borda,742,742,4.100718334582603
00024-00000001,borda,744,744,4.100718334582603
00024-00000001,borda,745,745,4.100718334582603
00024-00000001,borda,753,753,3.8211450938335663
00024-00000001,borda,755,755,3.8211450938335663
00024-00000001,borda,761,761,3.8211450938335663
00024-00000001,borda,766,766,3.2619986123354923
00024-00000001,borda,781,781,3.2619986123354923
00024-00000001,borda,790,790,3.8211450938335663
00024-00000002,pl,2,2,2.3442886169116592
00024-00000002,pl,8,8,2.3442886169116592
00024-00000002,pl,19,19,2.3442886169116592
00024-00000002,pl,27,27,2.3442886169116592
00024-00000002,pl,30,30,2.3442886169116592
00024-00000002,pl,56,56,2.3442886169116592
00024-00000002,pl,68,68,2.3442886169116592
00024-00000002,pl,78,78,2.3442886169116592
00024-00000002,pl,94,94,2.4892081106054214
00024-00000002,pl,95,95,2.4892081106054214
00024-00000002,pl,99,99,2.4892081106054214
00024-00000002,pl,102,102,2.4892081106054214
00024-00000002,pl,108,108,2.4892081106054214
00024-00000002,pl,113,113,2.4892081106054214
00024-00000002,pl,115,115,2.4892081106054214
00024-00000002,pl,117,117,2.4892081106054214
00024-00000002,pl,119,119,2.4892081106054214
00024-00000002,pl,122,122,2.4892081106054214
00024-00000002,pl,130,130,2.4892081106054214
00024-00000002,pl,136,136,2.4892081106054214
00024-00000002,pl,140,140,2.4892081106054214
00024-00000002,pl,141,141,2.4892081106054214
00024-00000002,pl,144,144,2.4892081106054214
00024-00000002,pl,150,150,2.4892081106054214
00024-00000002,pl,153,153,2.4892081106054214
00024-00000002,pl,159,159,2.5833832355858353
00024-00000002,pl,164,164,2.5833832355858353
00024-00000002,pl,167,167,2.5833832355858353
00024-00000002,pl,183,183,2.5833832355858353
00024-00000002,pl,202,202,2.5833832355858353
00024-00000002,pl,212,212,2.5833832355858353
00024-00000002,pl,218,218,2.581205619356619
00024-00000002,pl,226,226,2.581205619356619
00024-00000002,pl,229,229,2.581205619356619
00024-00000002,pl,241,241,2.581205619356619
00024-00000002,pl,242,242,2.581205619356619
00024-00000002,pl,250,250,2.581205619356619
00024-00000002,pl,258,258,2.581205619356619
00024-00000002,pl,261,261,2.581205619356619
00024-00000002,pl,263,263,2.581205619356619
00024-00000002,pl,266,266,2.581205619356619
00024-00000002,pl,272,272,2.726125113050381
00024-00000002,pl,276,276,2.726125113050381
00024-00000002,pl,280,280,2.726125113050381
00024-00000002,pl,290,290,2.726125113050381
00024-00000002,pl,291,291,2.726125113050381
00024-00000002,pl,298,298,2.726125113050381
00024-00000002,pl,303,303,2.726125113050381
00024-00000002,pl,306,306,2.726125113050381
00024-00000002,pl,309,309,2.726125113050381
00024-00000002,pl,310,310,2.726125113050381
00024-00000002,pl,325,325,3.2145169324920144
00024-00000002,pl,328,328,3.2145169324920144
00024-00000002,pl,334,334,3.2145169324920144
00024-00000002,pl,338,338,3.2145169324920144
00024-00000002,pl,343,343,3.2145169324920144
00024-00000002,pl,347,347,3.2145169324920144
00024-00000002,pl,348,348,3.2145169324920144
00024-00000002,pl,352,352,3.2145169324920144
00024-00000002,pl,354,354,3.2145169324920144
00024-00000002,pl,357,357,3.2145169324920144
00024-00000002,pl,358,358,3.2145169324920144
00024-00000002,pl,359,359,3.2145169324920144
00024-00000002,pl,360,360,3.2145169324920144
00024-00000002,pl,364,364,3.2145169324920144
00024-00000002,pl,375,375,2.90907395789906
00024-00000002,pl,378,378,2.90907395789906
00024-00000002,pl,379,379,2.90907395789906
00024-00000002,pl,382,382,2.90907395789906
00024-00000002,pl,383,383,2.90907395789906
00024-00000002,pl,389,389,2.90907395789906
00024-00000002,pl,396,396,2.90907395789906
00024-00000002,pl,414,414,2.90907395789906
00024-00000002,pl,418,418,3.303290652360279
00024-00000002,pl,421,421,3.303290652360279
00024-00000002,pl,425,425,3.303290652360279
00024-00000002,pl,427,427,3.303290652360279
00024-00000002,pl,438,438,3.303290652360279
00024-00000002,pl,439,439,3.303290652360279
00024-00000002,pl,441,441,3.303290652360279
00024-00000002,pl,444,444,3.303290652360279
00024-00000002,pl,445,445,3.303290652360279
00024-00000002,pl,451,451,3.303290652360279
00024-00000002,pl,461,461,2.930897810463261
00024-00000002,pl,466,466,2.930897810463261
00024-00000002,pl,468,468,2.930897810463261
00024-00000002,pl,469,469,2.930897810463261
00024-00000002,pl,479,479,2.930897810463261
00024-00000002,pl,480,480,2.930897810463261
00024-00000002,pl,484,484,2.930897810463261
00024-00000002,pl,488,488,2.8485266257435957
00024-00000002,pl,494,494,2.8485266257435957
00024-00000002,pl,496,496,2.8485266257435957
00024-00000002,pl,503,503,2.8485266257435957
00024-00000002,pl,504,504,2.8485266257435957
00024-00000002,pl,519,519,3.0511217069272587
00024-00000002,pl,520,520,3.0511217069272587
00024-00000002,pl,524,524,3.0511217069272587
00024-00000002,pl,527,527,3.0511217069272587
00024-00000002,pl,535,535,3.0511217069272587
00024-00000002,pl,554,554,3.857717910841841
00024-00000002,pl,558,558,3.857717910841841
00024-00000002,pl,560,560,3.857717910841841
00024-00000002,pl,562,562,3.857717910841841
00024-00000002,pl,565,565,3.857717910841841
00024-00000002,pl,568,568,3.857717910841841
00024-00000002,pl,569,569,3.857717910841841
00024-00000002,pl,591,591,3.222483423258561
00024-00000002,pl,594,594,3.222483423258561
00024-00000002,pl,596,596,3.222483423258561
00024-00000002,pl,601,601,3.479660322649775
00024-00000002,pl,602,602,3.479660322649775
00024-00000002,pl,611,611,3.479660322649775
00024-00000002,pl,621,621,3.9779418073058386
00024-00000002,pl,627,627,3.9779418073058386
00024-00000002,pl,630,630,3.9779418073058386
00024-00000002,pl,631,631,3.9779418073058386
00024-00000002,pl,633,633,3.9779418073058386
00024-00000002,pl,638,638,3.9779418073058386
00024-00000002,pl,640,640,3.9779418073058386
00024-00000002,pl,641,641,3.9307904079877933
00024-00000002,pl,654,654,3.9307904079877933
00024-00000002,pl,657,657,3.9307904079877933
00024-00000002,pl,662,662,3.9307904079877933
00024-00000002,pl,663,663,4.2006598682731875
00024-00000002,pl,664,664,4.2006598682731875
00024-00000002,pl,666,666,4.2006598682731875
00024-00000002,pl,672,672,4.2006598682731875
00024-00000002,pl,676,676,4.2006598682731875
00024-00000002,pl,678,678,4.2006598682731875
00024-00000002,pl,684,684,3.2408873100541733
00024-00000002,pl,687,687,3.2408873100541733
00024-00000002,pl,692,692,3.2408873100541733
00024-00000002,pl,694,694,3.2408873100541733
00024-00000002,pl,705,705,4.099280379653532
00024-00000002,pl,706,706,4.099280379653532
00024-00000002,pl,707,707,4.099280379653532
00024-00000002,pl,711,711,4.099280379653532
00024-00000002,pl,720,720,4.248925943474928
00024-00000002,pl,721,721,4.248925943474928
00024-00000002,pl,723,723,4.248925943474928
00024-00000002,pl,730,730,4.248925943474928
00024-00000002,pl,732,732,4.248925943474928
00024-00000002,pl,734,734,4.248925943474928
00024-00000002,pl,740,740,3.6167001177197804
00024-00000002,pl,749,749,3.6167001177197804
00024-00000002,pl,752,752,3.6167001177197804
00024-00000002,pl,753,753,3.6167001177197804
00024-00000002,pl,754,754,3.6167001177197804
00024-00000002,pl,755,755,3.6167001177197804
00024-00000002,pl,757,757,3.953239540002527
00024-00000002,pl,758,758,3.953239540002527
00024-00000002,pl,759,759,3.953239540002527
00024-00000002,pl,761,761,3.953239540002527
00024-00000002,pl,762,762,3.953239540002527
00024-00000002,pl,771,771,3.953239540002527
00024-00000002,pl,781,781,3.4093772817199124
00024-00000002,pl,782,782,3.4093772817199124
00024-00000002,pl,791,791,3.9049734648007863
00024-00000002,mle,2,2,2.142492326079439
00024-00000002,mle,8,8,2.142492326079439
00024-00000002,mle,19,19,2.142492326079439
00024-00000002,mle,27,27,2.142492326079439
00024-00000002,mle,30,30,2.142492326079439
00024-00000002,mle,56,56,2.142492326079439
00024-00000002,mle,68,68,2.142492326079439
00024-00000002,mle,78,78,2.142492326079439
00024-00000002,mle,94,94,2.545218600678549
00024-00000002,mle,95,95,2.545218600678549
00024-00000002,mle,99,99,2.545218600678549
00024-00000002,mle,102,102,2.545218600678549
00024-00000002,mle,108,108,2.545218600678549
00024-00000002,mle,113,113,2.545218600678549
00024-00000002,mle,115,115,2.545218600678549
00024-00000002,mle,117,117,2.545218600678549
00024-00000002,mle,119,119,2.545218600678549
00024-00000002,mle,122,122,2.545218600678549
00024-00000002,mle,130,130,2.545218600678549
00024-00000002,mle,136,136,2.545218600678549
00024-00000002,mle,140,140,2.545218600678549
00024-00000002,mle,141,141,2.545218600678549
00024-00000002,mle,144,144,2.545218600678549
00024-00000002,mle,150,150,2.545218600678549
00024-00000002,mle,153,153,2.545218600678549
00024-00000002,mle,159,159,2.545218600678549
00024-00000002,mle,164,164,2.545218600678549
00024-00000002,mle,167,167,2.545218600678549
00024-00000002,mle,183,183,2.545218600678549
00024-00000002,mle,202,202,2.545218600678549
00024-00000002,mle,212,212,2.545218600678549
00024-00000002,mle,218,218,2.545218600678549
00024-00000002,mle,226,226,2.545218600678549
00024-00000002,mle,229,229,2.545218600678549
00024-00000002,mle,241,241,2.545218600678549
00024-00000002,mle,242,242,2.545218600678549
00024-00000002,mle,250,250,2.545218600678549
00024-00000002,mle,258,258,2.545218600678549
00024-00000002,mle,261,261,2.545218600678549
00024-00000002,mle,263,263,2.545218600678549
00024-00000002,mle,266,266,2.545218600678549
00024-00000002,mle,272,272,2.947944875277659
00024-00000002,mle,276,276,2.947944875277659
00024-00000002,mle,280,280,2.947944875277659
00024-00000002,mle,290,290,2.947944875277659
00024-00000002,mle,291,291,2.947944875277659
00024-00000002,mle,298,298,2.947944875277659
00024-00000002,mle,303,303,2.947944875277659
00024-00000002,mle,306,306,2.947944875277659
00024-00000002,mle,309,309,2.947944875277659
00024-00000002,mle,310,310,2.947944875277659
00024-00000002,mle,325,325,2.947944875277659
00024-00000002,mle,328,328,2.947944875277659
00024-00000002,mle,334,334,2.947944875277659
00024-00000002,mle,338,338,2.947944875277659
00024-00000002,mle,343,343,2.947944875277659
00024-00000002,mle,347,347,2.947944875277659
00024-00000002,mle,348,348,2.947944875277659
00024-00000002,mle,352,352,2.947944875277659
00024-00000002,mle,354,354,2.947944875277659
00024-00000002,mle,357,357,2.947944875277659
00024-00000002,mle,358,358,2.947944875277659
00024-00000002,mle,359,359,2.947944875277659
00024-00000002,mle,360,360,2.947944875277659
00024-00000002,mle,364,364,2.947944875277659
00024-00000002,mle,375,375,2.947944875277659
00024-00000002,mle,378,378,2.947944875277659
00024-00000002,mle,379,379,2.947944875277659
00024-00000002,mle,382,382,2.947944875277659
00024-00000002,mle,383,383,2.947944875277659
00024-00000002,mle,389,389,2.947944875277659
00024-00000002,mle,396,396,2.947944875277659
00024-00000002,mle,414,414,2.947944875277659
00024-00000002,mle,418,418,3.3506711498767685
00024-00000002,mle,421,421,3.3506711498767685
00024-00000002,mle,425,425,3.3506711498767685
00024-00000002,mle,427,427,3.3506711498767685
00024-00000002,mle,438,438,3.3506711498767685
00024-00000002,mle,439,439,3.3506711498767685
00024-00000002,mle,441,441,3.3506711498767685
00024-00000002,mle,444,444,3.3506711498767685
00024-00000002,mle,445,445,3.3506711498767685
00024-00000002,mle,451,451,3.3506711498767685
00024-00000002,mle,461,461,2.947944875277659
00024-00000002,mle,466,466,2.947944875277659
00024-00000002,mle,468,468,2.947944875277659
00024-00000002,mle,469,469,2.947944875277659
00024-00000002,mle,479,479,2.947944875277659
00024-00000002,mle,480,480,2.947944875277659
00024-00000002,mle,484,484,2.947944875277659
00024-00000002,mle,488,488,2.947944875277659
00024-00000002,mle,494,494,2.947944875277659
00024-00000002,mle,496,496,2.947944875277659
00024-00000002,mle,503,503,2.947944875277659
00024-00000002,mle,504,504,2.947944875277659
00024-00000002,mle,519,519,3.3506711498767685
00024-00000002,mle,520,520,3.3506711498767685
00024-00000002,mle,524,524,3.3506711498767685
00024-00000002,mle,527,527,3.3506711498767685
00024-00000002,mle,535,535,3.3506711498767685
00024-00000002,mle,554,554,3.3506711498767685
00024-00000002,mle,558,558,3.3506711498767685
00024-00000002,mle,560,560,3.3506711498767685
00024-00000002,mle,562,562,3.3506711498767685
00024-00000002,mle,565,565,3.3506711498767685
00024-00000002,mle,568,568,3.3506711498767685
00024-00000002,mle,569,569,3.3506711498767685
00024-00000002,mle,591,591,3.3506711498767685
00024-00000002,mle,594,594,3.3506711498767685
00024-00000002,mle,596,596,3.3506711498767685
00024-00000002,mle,601,601,3.3506711498767685
00024-00000002,mle,602,602,3.3506711498767685
00024-00000002,mle,611,611,3.3506711498767685
00024-00000002,mle,621,621,3.7533974244758785
00024-00000002,mle,627,627,3.7533974244758785
00024-00000002,mle,630,630,3.7533974244758785
00024-00000002,mle,631,631,3.7533974244758785
00024-00000002,mle,633,633,3.7533974244758785
00024-00000002,mle,638,638,3.7533974244758785
00024-00000002,mle,640,640,3.7533974244758785
00024-00000002,mle,641,641,3.7533974244758785
00024-00000002,mle,654,654,3.7533974244758785
00024-00000002,mle,657,657,3.7533974244758785
00024-00000002,mle,662,662,3.7533974244758785
00024-00000002,mle,663,663,4.156123699074989
00024-00000002,mle,664,664,4.156123699074989
00024-00000002,mle,666,666,4.156123699074989
00024-00000002,mle,672,672,4.156123699074989
00024-00000002,mle,676,676,4.156123699074989
00024-00000002,mle,678,678,4.156123699074989
00024-00000002,mle,684,684,3.3506711498767685
00024-00000002,mle,687,687,3.3506711498767685
00024-00000002,mle,692,692,3.3506711498767685
00024-00000002,mle,694,694,3.3506711498767685
00024-00000002,mle,705,705,4.156123699074989
00024-00000002,mle,706,706,4.156123699074989
00024-00000002,mle,707,707,4.156123699074989
00024-00000002,mle,711,711,4.156123699074989
00024-00000002,mle,720,720,4.558849973674098
00024-00000002,mle,721,721,4.558849973674098
00024-00000002,mle,723,723,4.558849973674098
00024-00000002,mle,730,730,4.558849973674098
00024-00000002,mle,732,732,4.558849973674098
00024-00000002,mle,734,734,4.558849973674098
00024-00000002,mle,740,740,3.7533974244758785
00024-00000002,mle,749,749,3.7533974244758785
00024-00000002,mle,752,752,3.7533974244758785
00024-00000002,mle,753,753,3.7533974244758785
00024-00000002,mle,754,754,3.7533974244758785
00024-00000002,mle,755,755,3.7533974244758785
00024-00000002,mle,757,757,4.156123699074989
00024-00000002,mle,758,758,4.156123699074989
00024-00000002,mle,759,759,4.156123699074989
00024-00000002,mle,761,761,4.156123699074989
00024-00000002,mle,762,762,4.156123699074989
00024-00000002,mle,771,771,4.156123699074989
00024-00000002,mle,781,781,3.7533974244758785
00024-00000002,mle,782,782,3.7533974244758785
00024-00000002,mle,791,791,3.7533974244758785
00024-00000002,sharp,2,2,2.142492326079439
00024-00000002,sharp,8,8,2.142492326079439
00024-00000002,sharp,19,19,2.142492326079439
00024-00000002,sharp,27,27,2.142492326079439
00024-00000002,sharp,30,30,2.142492326079439
00024-00000002,sharp,56,56,2.142492326079439
00024-00000002,sharp,68,68,2.142492326079439
00024-00000002,sharp,78,78,2.142492326079439
00024-00000002,sharp,94,94,2.545218600678549
00024-00000002,sharp,95,95,2.545218600678549
00024-00000002,sharp,99,99,2.545218600678549
00024-00000002,sharp,102,102,2.545218600678549
00024-00000002,sharp,108,108,2.545218600678549
00024-00000002,sharp,113,113,2.545218600678549
00024-00000002,sharp,115,115,2.545218600678549
00024-00000002,sharp,117,117,2.545218600678549
00024-00000002,sharp,119,119,2.545218600678549
00024-00000002,sharp,122,122,2.545218600678549
00024-00000002,sharp,130,130,2.545218600678549
00024-00000002,sharp,136,136,2.545218600678549
00024-00000002,sharp,140,140,2.545218600678549
00024-00000002,sharp,141,141,2.545218600678549
00024-00000002,sharp,144,144,2.545218600678549
00024-00000002,sharp,150,150,2.545218600678549
00024-00000002,sharp,153,153,2.545218600678549
00024-00000002,sharp,159,159,2.545218600678549
00024-00000002,sharp,164,164,2.545218600678549
00024-00000002,sharp,167,167,2.545218600678549
00024-00000002,sharp,183,183,2.545218600678549
00024-00000002,sharp,202,202,2.545218600678549
00024-00000002,sharp,212,212,2.545218600678549
00024-00000002,sharp,218,218,2.545218600678549
00024-00000002,sharp,226,226,2.545218600678549
00024-00000002,sharp,229,229,2.545218600678549
00024-00000002,sharp,241,241,2.545218600678549
00024-00000002,sharp,242,242,2.545218600678549
00024-00000002,sharp,250,250,2.545218600678549
00024-00000002,sharp,258,258,2.545218600678549
00024-00000002,sharp,261,261,2.545218600678549
00024-00000002,sharp,263,263,2.545218600678549
00024-00000002,sharp,266,266,2.545218600678549
00024-00000002,sharp,272,272,2.947944875277659
00024-00000002,sharp,276,276,2.947944875277659
00024-00000002,sharp,280,280,2.947944875277659
00024-00000002,sharp,290,290,2.947944875277659
00024-00000002,sharp,291,291,2.947944875277659
00024-00000002,sharp,298,298,2.947944875277659
00024-00000002,sharp,303,303,2.947944875277659
00024-00000002,sharp,306,306,2.947944875277659
00024-00000002,sharp,309,309,2.947944875277659
00024-00000002,sharp,310,310,2.947944875277659
00024-00000002,sharp,325,325,2.947944875277659
00024-00000002,sharp,328,328,2.947944875277659
00024-00000002,sharp,334,334,2.947944875277659
00024-00000002,sharp,338,338,2.947944875277659
00024-00000002,sharp,343,343,2.947944875277659
00024-00000002,sharp,347,347,2.947944875277659
00024-00000002,sharp,348,348,2.947944875277659
00024-00000002,sharp,352,352,2.947944875277659
00024-00000002,sharp,354,354,2.947944875277659
00024-00000002,sharp,357,357,2.947944875277659
00024-00000002,sharp,358,358,2.947944875277659
00024-00000002,sharp,359,359,2.947944875277659
00024-00000002,sharp,360,360,2.947944875277659
00024-00000002,sharp,364,364,2.947944875277659
00024-00000002,sharp,375,375,2.947944875277659
00024-00000002,sharp,378,378,2.947944875277659
00024-00000002,sharp,379,379,2.947944875277659
00024-00000002,sharp,382,382,2.947944875277659
00024-00000002,sharp,383,383,2.947944875277659
00024-00000002,sharp,389,389,2.947944875277659
00024-00000002,sharp,396,396,2.947944875277659
00024-00000002,sharp,414,414,2.947944875277659
00024-00000002,sharp,418,418,3.3506711498767685
00024-00000002,sharp,421,421,3.3506711498767685
00024-00000002,sharp,425,425,3.3506711498767685
00024-00000002,sharp,427,427,3.3506711498767685
00024-00000002,sharp,438,438,3.3506711498767685
00024-00000002,sharp,439,439,3.3506711498767685
00024-00000002,sharp,441,441,3.3506711498767685
00024-00000002,sharp,444,444,3.3506711498767685
00024-00000002,sharp,445,445,3.3506711498767685
00024-00000002,sharp,451,451,3.3506711498767685
00024-00000002,sharp,461,461,2.947944875277659
00024-00000002,sharp,466,466,2.947944875277659
00024-00000002,sharp,468,468,2.947944875277659
00024-00000002,sharp,469,469,2.947944875277659
00024-00000002,sharp,479,479,2.947944875277659
00024-00000002,sharp,480,480,2.947944875277659
00024-00000002,sharp,484,484,2.947944875277659
00024-00000002,sharp,488,488,2.947944875277659
00024-00000002,sharp,494,494,2.947944875277659
00024-00000002,sharp,496,496,2.947944875277659
00024-00000002,sharp,503,503,2.947944875277659
00024-00000002,sharp,504,504,2.947944875277659
00024-00000002,sharp,519,519,3.3506711498767685
00024-00000002,sharp,520,520,3.3506711498767685
00024-00000002,sharp,524,524,3.3506711498767685
00024-00000002,sharp,527,527,3.3506711498767685
00024-00000002,sharp,535,535,3.3506711498767685
00024-00000002,sharp,554,554,3.3506711498767685
00024-00000002,sharp,558,558,3.3506711498767685
00024-00000002,sharp,560,560,3.3506711498767685
00024-00000002,sharp,562,562,3.3506711498767685
00024-00000002,sharp,565,565,3.3506711498767685
00024-00000002,sharp,568,568,3.3506711498767685
00024-00000002,sharp,569,569,3.3506711498767685
00024-00000002,sharp,591,591,3.3506711498767685
00024-00000002,sharp,594,594,3.3506711498767685
00024-00000002,sharp,596,596,3.3506711498767685
00024-00000002,sharp,601,601,3.3506711498767685
00024-00000002,sharp,602,602,3.3506711498767685
00024-00000002,sharp,611,611,3.3506711498767685
00024-00000002,sharp,621,621,3.7533974244758785
00024-00000002,sharp,627,627,3.7533974244758785
00024-00000002,sharp,630,630,3.7533974244758785
00024-00000002,sharp,631,631,3.7533974244758785
00024-00000002,sharp,633,633,3.7533974244758785
00024-00000002,sharp,638,638,3.7533974244758785
00024-00000002,sharp,640,640,3.7533974244758785
00024-00000002,sharp,641,641,3.7533974244758785
00024-00000002,sharp,654,654,3.7533974244758785
00024-00000002,sharp,657,657,3.7533974244758785
00024-00000002,sharp,662,662,3.7533974244758785
00024-00000002,sharp,663,663,4.156123699074989
00024-00000002,sharp,664,664,4.156123699074989
00024-00000002,sharp,666,666,4.156123699074989
00024-00000002,sharp,672,672,4.156123699074989
00024-00000002,sharp,676,676,4.156123699074989
00024-00000002,sharp,678,678,4.156123699074989
00024-00000002,sharp,684,684,3.3506711498767685
00024-00000002,sharp,687,687,3.3506711498767685
00024-00000002,sharp,692,692,3.3506711498767685
00024-00000002,sharp,694,694,3.3506711498767685
00024-00000002,sharp,705,705,4.156123699074989
00024-00000002,sharp,706,706,4.156123699074989
00024-00000002,sharp,707,707,4.156123699074989
00024-00000002,sharp,711,711,4.156123699074989
00024-00000002,sharp,720,720,4.558849973674098
00024-00000002,sharp,721,721,4.558849973674098
00024-00000002,sharp,723,723,4.558849973674098
00024-00000002,sharp,730,730,4.558849973674098
00024-00000002,sharp,732,732,4.558849973674098
00024-00000002,sharp,734,734,4.558849973674098
00024-00000002,sharp,740,740,3.7533974244758785
00024-00000002,sharp,749,749,3.7533974244758785
00024-00000002,sharp,752,752,3.7533974244758785
00024-00000002,sharp,753,753,3.7533974244758785
00024-00000002,sharp,754,754,3.7533974244758785
00024-00000002,sharp,755,755,3.7533974244758785
00024-00000002,sharp,757,757,4.156123699074989
00024-00000002,sharp,758,758,4.156123699074989
00024-00000002,sharp,759,759,4.156123699074989
00024-00000002,sharp,761,761,4.156123699074989
00024-00000002,sharp,762,762,4.156123699074989
00024-00000002,sharp,771,771,4.156123699074989
00024-00000002,sharp,781,781,3.7533974244758785
00024-00000002,sharp,782,782,3.7533974244758785
00024-00000002,sharp,791,791,3.7533974244758785
00024-00000002,efficient,2,2,
00024-00000002,efficient,8,8,
00024-00000002,efficient,19,19,
00024-00000002,efficient,27,27,
00024-00000002,efficient,30,30,
00024-00000002,efficient,56,56,
00024-00000002,efficient,68,68,
00024-00000002,efficient,78,78,
00024-00000002,efficient,94,94,
00024-00000002,efficient,95,95,
00024-00000002,efficient,99,99,
00024-00000002,efficient,102,102,
00024-00000002,efficient,108,108,
00024-00000002,efficient,113,113,
00024-00000002,efficient,115,115,
00024-00000002,efficient,117,117,
00024-00000002,efficient,119,119,
00024-00000002,efficient,122,122,
00024-00000002,efficient,130,130,
00024-00000002,efficient,136,136,
00024-00000002,efficient,140,140,
00024-00000002,efficient,141,141,
00024-00000002,efficient,144,144,
00024-00000002,efficient,150,150,
00024-00000002,efficient,153,153,
00024-00000002,efficient,159,159,
00024-00000002,efficient,164,164,
00024-00000002,efficient,167,167,
00024-00000002,efficient,183,183,
00024-00000002,efficient,202,202,
00024-00000002,efficient,212,212,
00024-00000002,efficient,218,218,
00024-00000002,efficient,226,226,
00024-00000002,efficient,229,229,
00024-00000002,efficient,241,241,
00024-00000002,efficient,242,242,
00024-00000002,efficient,250,250,
00024-00000002,efficient,258,258,
00024-00000002,efficient,261,261,
00024-00000002,efficient,263,263,
00024-00000002,efficient,266,266,
00024-00000002,efficient,272,272,
00024-00000002,efficient,276,276,
00024-00000002,efficient,280,280,
00024-00000002,efficient,290,290,
00024-00000002,efficient,291,291,
00024-00000002,efficient,298,298,
00024-00000002,efficient,303,303,
00024-00000002,efficient,306,306,
00024-00000002,efficient,309,309,
00024-00000002,efficient,310,310,
00024-00000002,efficient,325,325,
00024-00000002,efficient,328,328,
00024-00000002,efficient,334,334,
00024-00000002,efficient,338,338,
00024-00000002,efficient,343,343,
00024-00000002,efficient,347,347,
00024-00000002,efficient,348,348,
00024-00000002,efficient,352,352,
00024-00000002,efficient,354,354,
00024-00000002,efficient,357,357,
00024-00000002,efficient,358,358,
00024-00000002,efficient,359,359,
00024-00000002,efficient,360,360,
00024-00000002,efficient,364,364,
00024-00000002,efficient,375,375,
00024-00000002,efficient,378,378,
00024-00000002,efficient,379,379,
00024-00000002,efficient,382,382,
00024-00000002,efficient,383,383,
00024-00000002,efficient,389,389,
00024-00000002,efficient,396,396,
00024-00000002,efficient,414,414,
00024-00000002,efficient,418,418,
00024-00000002,efficient,421,421,
00024-00000002,efficient,425,425,
00024-00000002,efficient,427,427,
00024-00000002,efficient,438,438,
00024-00000002,efficient,439,439,
00024-00000002,efficient,441,441,
00024-00000002,efficient,444,444,
00024-00000002,efficient,445,445,
00024-00000002,efficient,451,451,
00024-00000002,efficient,461,461,
00024-00000002,efficient,466,466,
00024-00000002,efficient,468,468,
00024-00000002,efficient,469,469,
00024-00000002,efficient,479,479,
00024-00000002,efficient,480,480,
00024-00000002,efficient,484,484,
00024-00000002,efficient,488,488,
00024-00000002,efficient,494,494,
00024-00000002,efficient,496,496,
00024-00000002,efficient,503,503,
00024-00000002,efficient,504,504,
00024-00000002,efficient,519,519,
00024-00000002,efficient,520,520,
00024-00000002,efficient,524,524,
00024-00000002,efficient,527,527,
00024-00000002,efficient,535,535,
00024-00000002,efficient,554,554,
00024-00000002,efficient,558,558,
00024-00000002,efficient,560,560,
00024-00000002,efficient,562,562,
00024-00000002,efficient,565,565,
00024-00000002,efficient,568,568,
00024-00000002,efficient,569,569,
00024-00000002,efficient,591,591,
00024-00000002,efficient,594,594,
00024-00000002,efficient,596,596,
00024-00000002,efficient,601,601,
00024-00000002,efficient,602,602,
00024-00000002,efficient,611,611,
00024-00000002,efficient,621,621,
00024-00000002,efficient,627,627,
00024-00000002,efficient,630,630,
00024-00000002,efficient,631,631,
00024-00000002,efficient,633,633,
00024-00000002,efficient,638,638,
00024-00000002,efficient,640,640,
00024-00000002,efficient,641,641,
00024-00000002,efficient,654,654,
00024-00000002,efficient,657,657,
00024-00000002,efficient,662,662,
00024-00000002,efficient,663,663,
00024-00000002,efficient,664,664,
00024-00000002,efficient,666,666,
00024-00000002,efficient,672,672,
00024-00000002,efficient,676,676,
00024-00000002,efficient,678,678,
00024-00000002,efficient,684,684,
00024-00000002,efficient,687,687,
00024-00000002,efficient,692,692,
00024-00000002,efficient,694,694,
00024-00000002,efficient,705,705,
00024-00000002,efficient,706,706,
00024-00000002,efficient,707,707,
00024-00000002,efficient,711,711,
00024-00000002,efficient,720,720,
00024-00000002,efficient,721,721,
00024-00000002,efficient,723,723,
00024-00000002,efficient,730,730,
00024-00000002,efficient,732,732,
00024-00000002,efficient,734,734,
00024-00000002,efficient,740,740,
00024-00000002,efficient,749,749,
00024-00000002,efficient,752,752,
00024-00000002,efficient,753,753,
00024-00000002,efficient,754,754,
00024-00000002,efficient,755,755,
00024-00000002,efficient,757,757,
00024-00000002,efficient,758,758,
00024-00000002,efficient,759,759,
00024-00000002,efficient,761,761,
00024-00000002,efficient,762,762,
00024-00000002,efficient,771,771,
00024-00000002,efficient,781,781,
00024-00000002,efficient,782,782,
00024-00000002,efficient,791,791,
00024-00000002,borda,2,2,2.142492326079439
00024-00000002,borda,8,8,2.142492326079439
00024-00000002,borda,19,19,2.142492326079439
00024-00000002,borda,27,27,2.142492326079439
00024-00000002,borda,30,30,2.142492326079439
00024-00000002,borda,56,56,2.142492326079439
00024-00000002,borda,68,68,2.142492326079439
00024-00000002,borda,78,78,2.142492326079439
00024-00000002,borda,94,94,2.545218600678549
00024-00000002,borda,95,95,2.545218600678549
00024-00000002,borda,99,99,2.545218600678549
00024-00000002,borda,102,102,2.545218600678549
00024-00000002,borda,108,108,2.545218600678549
00024-00000002,borda,113,113,2.545218600678549
00024-00000002,borda,115,115,2.545218600678549
00024-00000002,borda,117,117,2.545218600678549
00024-00000002,borda,119,119,2.545218600678549
00024-00000002,borda,122,122,2.545218600678549
00024-00000002,borda,130,130,2.545218600678549
00024-00000002,borda,136,136,2.545218600678549
00024-00000002,borda,140,140,2.545218600678549
00024-00000002,borda,141,141,2.545218600678549
00024-00000002,borda,144,144,2.545218600678549
00024-00000002,borda,150,150,2.545218600678549
00024-00000002,borda,153,153,2.545218600678549
00024-00000002,borda,159,159,2.545218600678549
00024-00000002,borda,164,164,2.545218600678549
00024-00000002,borda,167,167,2.545218600678549
00024-00000002,borda,183,183,2.545218600678549
00024-00000002,borda,202,202,2.545218600678549
00024-00000002,borda,212,212,2.545218600678549
00024-00000002,borda,218,218,2.545218600678549
00024-00000002,borda,226,226,2.545218600678549
00024-00000002,borda,229,229,2.545218600678549
00024-00000002,borda,241,241,2.545218600678549
00024-00000002,borda,242,242,2.545218600678549
00024-00000002,borda,250,250,2.545218600678549
00024-00000002,borda,258,258,2.545218600678549
00024-00000002,borda,261,261,2.545218600678549
00024-00000002,borda,263,263,2.545218600678549
00024-00000002,borda,266,266,2.545218600678549
00024-00000002,borda,272,272,2.947944875277659
00024-00000002,borda,276,276,2.947944875277659
00024-00000002,borda,280,280,2.947944875277659
00024-00000002,borda,290,290,2.947944875277659
00024-00000002,borda,291,291,2.947944875277659
00024-00000002,borda,298,298,2.947944875277659
00024-00000002,borda,303,303,2.947944875277659
00024-00000002,borda,306,306,2.947944875277659
00024-00000002,borda,309,309,2.947944875277659
00024-00000002,borda,310,310,2.947944875277659
00024-00000002,borda,325,325,2.947944875277659
00024-00000002,borda,328,328,2.947944875277659
00024-00000002,borda,334,334,2.947944875277659
00024-00000002,borda,338,338,2.947944875277659
00024-00000002,borda,343,343,2.947944875277659
00024-00000002,borda,347,347,2.947944875277659
00024-00000002,borda,348,348,2.947944875277659
00024-00000002,borda,352,352,2.947944875277659
00024-00000002,borda,354,354,2.947944875277659
00024-00000002,borda,357,357,2.947944875277659
00024-00000002,borda,358,358,2.947944875277659
00024-00000002,borda,359,359,2.947944875277659
00024-00000002,borda,360,360,2.947944875277659
00024-00000002,borda,364,364,2.947944875277659
00024-00000002,borda,375,375,2.947944875277659
00024-00000002,borda,378,378,2.947944875277659
00024-00000002,borda,379,379,2.947944875277659
00024-00000002,borda,382,382,2.947944875277659
00024-00000002,borda,383,383,2.947944875277659
00024-00000002,borda,389,389,2.947944875277659
00024-00000002,borda,396,396,2.947944875277659
00024-00000002,borda,414,414,2.947944875277659
00024-00000002,borda,418,418,3.3506711498767685
00024-00000002,borda,421,421,3.3506711498767685
00024-00000002,borda,425,425,3.3506711498767685
00024-00000002,borda,427,427,3.3506711498767685
00024-00000002,borda,438,438,3.3506711498767685
00024-00000002,borda,439,439,3.3506711498767685
00024-00000002,borda,441,441,3.3506711498767685
00024-00000002,borda,444,444,3.3506711498767685
00024-00000002,borda,445,445,3.3506711498767685
00024-00000002,borda,451,451,3.3506711498767685
00024-00000002,borda,461,461,2.947944875277659
00024-00000002,borda,466,466,2.947944875277659
00024-00000002,borda,468,468,2.947944875277659
00024-00000002,borda,469,469,2.947944875277659
00024-00000002,borda,479,479,2.947944875277659
00024-00000002,borda,480,480,2.947944875277659
00024-00000002,borda,484,484,2.947944875277659
00024-00000002,borda,488,488,2.947944875277659
00024-00000002,borda,494,494,2.947944875277659
00024-00000002,borda,496,496,2.947944875277659
00024-00000002,borda,503,503,2.947944875277659
00024-00000002,borda,504,504,2.947944875277659
00024-00000002,borda,519,519,3.3506711498767685
00024-00000002,borda,520,520,3.3506711498767685
00024-00000002,borda,524,524,3.3506711498767685
00024-00000002,borda,527,527,3.3506711498767685
00024-00000002,borda,535,535,3.3506711498767685
00024-00000002,borda,554,554,3.3506711498767685
00024-00000002,borda,558,558,3.3506711498767685
00024-00000002,borda,560,560,3.3506711498767685
00024-00000002,borda,562,562,3.3506711498767685
00024-00000002,borda,565,565,3.3506711498767685
00024-00000002,borda,568,568,3.3506711498767685
00024-00000002,borda,569,569,3.3506711498767685
00024-00000002,borda,591,591,3.3506711498767685
00024-00000002,borda,594,594,3.3506711498767685
00024-00000002,borda,596,596,3.3506711498767685
00024-00000002,borda,601,601,3.3506711498767685
00024-00000002,borda,602,602,3.3506711498767685
00024-00000002,borda,611,611,3.3506711498767685
00024-00000002,borda,621,621,3.7533974244758785
00024-00000002,borda,627,627,3.7533974244758785
00024-00000002,borda,630,630,3.7533974244758785
00024-00000002,borda,631,631,3.7533974244758785
00024-00000002,borda,633,633,3.7533974244758785
00024-00000002,borda,638,638,3.7533974244758785
00024-00000002,borda,640,640,3.7533974244758785
00024-00000002,borda,641,641,3.7533974244758785
00024-00000002,borda,654,654,3.7533974244758785
00024-00000002,borda,657,657,3.7533974244758785
00024-00000002,borda,662,662,3.7533974244758785
00024-00000002,borda,663,663,4.156123699074989
00024-00000002,borda,664,664,4.156123699074989
00024-00000002,borda,666,666,4.156123699074989
00024-00000002,borda,672,672,4.156123699074989
00024-00000002,borda,676,676,4.156123699074989
00024-00000002,borda,678,678,4.156123699074989
00024-00000002,borda,684,684,3.3506711498767685
00024-00000002,borda,687,687,3.3506711498767685
00024-00000002,borda,692,692,3.3506711498767685
00024-00000002,borda,694,694,3.3506711498767685
00024-00000002,borda,705,705,4.156123699074989
00024-00000002,borda,706,706,4.156123699074989
00024-00000002,borda,707,707,4.156123699074989
00024-00000002,borda,711,711,4.156123699074989
00024-00000002,borda,720,720,4.558849973674098
00024-00000002,borda,721,721,4.558849973674098
00024-00000002,borda,723,723,4.558849973674098
00024-00000002,borda,730,730,4.558849973674098
00024-00000002,borda,732,732,4.558849973674098
00024-00000002,borda,734,734,4.558849973674098
00024-00000002,borda,740,740,3.7533974244758785
00024-00000002,borda,749,749,3.7533974244758785
00024-00000002,borda,752,752,3.7533974244758785
00024-00000002,borda,753,753,3.7533974244758785
00024-00000002,borda,754,754,3.7533974244758785
00024-00000002,borda,755,755,3.7533974244758785
00024-00000002,borda,757,757,4.156123699074989
00024-00000002,borda,758,758,4.156123699074989
00024-00000002,borda,759,759,4.156123699074989
00024-00000002,borda,761,761,4.156123699074989
00024-00000002,borda,762,762,4.156123699074989
00024-00000002,borda,771,771,4.156123699074989
00024-00000002,borda,781,781,3.7533974244758785
00024-00000002,borda,782,782,3.7533974244758785
00024-00000002,borda,791,791,3.7533974244758785
00024-00000003,pl,0,0,2.039073113275257
00024-00000003,pl,2,2,2.039073113275257
00024-00000003,pl,3,3,2.039073113275257
00024-00000003,pl,12,12,2.039073113275257
00024-00000003,pl,22,22,2.039073113275257
00024-00000003,pl,25,25,2.039073113275257
00024-00000003,pl,29,29,2.039073113275257
00024-00000003,pl,32,32,2.039073113275257
00024-00000003,pl,33,33,2.039073113275257
00024-00000003,pl,40,40,2.039073113275257
00024-00000003,pl,43,43,2.039073113275257
00024-00000003,pl,44,44,2.039073113275257
00024-00000003,pl,55,55,2.039073113275257
00024-00000003,pl,58,58,2.039073113275257
00024-00000003,pl,59,59,2.039073113275257
00024-00000003,pl,70,70,2.039073113275257
00024-00000003,pl,79,79,2.039073113275257
00024-00000003,pl,86,86,2.039073113275257
00024-00000003,pl,89,89,2.039073113275257
00024-00000003,pl,91,91,2.039073113275257
00024-00000003,pl,94,94,2.039073113275257
00024-00000003,pl,108,108,2.039073113275257
00024-00000003,pl,109,109,2.039073113275257
00024-00000003,pl,111,111,2.039073113275257
00024-00000003,pl,113,113,2.039073113275257
00024-00000003,pl,117,117,2.039073113275257
00024-00000003,pl,121,121,2.039073113275257
00024-00000003,pl,122,122,2.039073113275257
00024-00000003,pl,125,125,2.039073113275257
00024-00000003,pl,126,126,2.039073113275257
00024-00000003,pl,134,134,2.3435188672800047
00024-00000003,pl,135,135,2.3435188672800047
00024-00000003,pl,143,143,2.3435188672800047
00024-00000003,pl,155,155,2.3435188672800047
00024-00000003,pl,158,158,2.3435188672800047
00024-00000003,pl,162,162,2.3435188672800047
00024-00000003,pl,165,165,2.3435188672800047
00024-00000003,pl,166,166,2.3435188672800047
00024-00000003,pl,168,168,2.3435188672800047
00024-00000003,pl,173,173,2.3435188672800047
00024-00000003,pl,174,174,2.3435188672800047
00024-00000003,pl,178,178,2.3435188672800047
00024-00000003,pl,179,179,2.3435188672800047
00024-00000003,pl,182,182,2.3435188672800047
00024-00000003,pl,187,187,2.3435188672800047
00024-00000003,pl,214,214,2.3435188672800047
00024-00000003,pl,215,215,2.346764436832558
00024-00000003,pl,217,217,2.346764436832558
00024-00000003,pl,218,218,2.346764436832558
00024-00000003,pl,224,224,2.346764436832558
00024-00000003,pl,228,228,2.346764436832558
00024-00000003,pl,236,236,2.346764436832558
00024-00000003,pl,239,239,2.346764436832558
00024-00000003,pl,261,261,2.346764436832558
00024-00000003,pl,267,267,2.346764436832558
00024-00000003,pl,271,271,2.346764436832558
00024-00000003,pl,274,274,2.346764436832558
00024-00000003,pl,282,282,2.346764436832558
00024-00000003,pl,285,285,2.346764436832558
00024-00000003,pl,289,289,2.346764436832558
00024-00000003,pl,291,291,2.3693948847724666
00024-00000003,pl,292,292,2.3693948847724666
00024-00000003,pl,294,294,2.3693948847724666
00024-00000003,pl,309,309,2.3693948847724666
00024-00000003,pl,315,315,2.3693948847724666
00024-00000003,pl,318,318,2.3693948847724666
00024-00000003,pl,321,321,2.3693948847724666
00024-00000003,pl,322,322,2.3693948847724666
00024-00000003,pl,324,324,2.3693948847724666
00024-00000003,pl,325,325,2.3693948847724666
00024-00000003,pl,333,333,2.3693948847724666
00024-00000003,pl,342,342,2.3693948847724666
00024-00000003,pl,345,345,2.3693948847724666
00024-00000003,pl,346,346,2.3693948847724666
00024-00000003,pl,347,347,2.3693948847724666
00024-00000003,pl,362,362,2.651210190837306
00024-00000003,pl,363,363,2.651210190837306
00024-00000003,pl,364,364,2.651210190837306
00024-00000003,pl,374,374,2.651210190837306
00024-00000003,pl,376,376,2.651210190837306
00024-00000003,pl,379,379,2.651210190837306
00024-00000003,pl,381,381,2.651210190837306
00024-00000003,pl,384,384,2.651210190837306
00024-00000003,pl,386,386,2.651210190837306
00024-00000003,pl,390,390,2.651210190837306
00024-00000003,pl,409,409,2.651210190837306
00024-00000003,pl,417,417,3.192692434739536
00024-00000003,pl,423,423,3.192692434739536
00024-00000003,pl,427,427,3.192692434739536
00024-00000003,pl,430,430,3.192692434739536
00024-00000003,pl,434,434,3.192692434739536
00024-00000003,pl,437,437,3.192692434739536
00024-00000003,pl,454,454,3.192692434739536
00024-00000003,pl,456,456,3.192692434739536
00024-00000003,pl,459,459,2.7769062861272893
00024-00000003,pl,460,460,2.7769062861272893
00024-00000003,pl,475,475,2.7769062861272893
00024-00000003,pl,476,476,2.7769062861272893
00024-00000003,pl,482,482,2.7769062861272893
00024-00000003,pl,483,483,2.7769062861272893
00024-00000003,pl,496,496,2.7769062861272893
00024-00000003,pl,497,497,2.7769062861272893
00024-00000003,pl,501,501,2.81361769598168
00024-00000003,pl,506,506,2.81361769598168
00024-00000003,pl,513,513,2.81361769598168
00024-00000003,pl,518,518,2.81361769598168
00024-00000003,pl,522,522,2.81361769598168
00024-00000003,pl,529,529,2.81361769598168
00024-00000003,pl,535,535,3.2957580820896113
00024-00000003,pl,538,538,3.2957580820896113
00024-00000003,pl,547,547,3.2957580820896113
00024-00000003,pl,549,549,3.2957580820896113
00024-00000003,pl,551,551,3.2957580820896113
00024-00000003,pl,554,554,3.2957580820896113
00024-00000003,pl,561,561,3.2957580820896113
00024-00000003,pl,580,580,3.2252659652158253
00024-00000003,pl,584,584,3.2252659652158253
00024-00000003,pl,594,594,3.088734477563912
00024-00000003,pl,596,596,3.088734477563912
00024-00000003,pl,597,597,3.088734477563912
00024-00000003,pl,602,602,3.088734477563912
00024-00000003,pl,604,604,3.088734477563912
00024-00000003,pl,605,605,3.088734477563912
00024-00000003,pl,612,612,3.088734477563912
00024-00000003,pl,615,615,3.088734477563912
00024-00000003,pl,623,623,3.4626409824941566
00024-00000003,pl,633,633,3.4626409824941566
00024-00000003,pl,635,635,3.4626409824941566
00024-00000003,pl,640,640,3.4626409824941566
00024-00000003,pl,644,644,3.4626409824941566
00024-00000003,pl,650,650,4.461815856971008
00024-00000003,pl,651,651,4.461815856971008
00024-00000003,pl,656,656,4.461815856971008
00024-00000003,pl,660,660,4.461815856971008
00024-00000003,pl,676,676,4.531276607896505
00024-00000003,pl,679,679,4.828118769417728
00024-00000003,pl,680,680,4.828118769417728
00024-00000003,pl,683,683,4.828118769417728
00024-00000003,pl,684,684,4.828118769417728
00024-00000003,pl,686,686,4.828118769417728
00024-00000003,pl,691,691,4.828118769417728
00024-00000003,pl,692,692,4.828118769417728
00024-00000003,pl,708,708,3.6369152459487495
00024-00000003,pl,709,709,3.6369152459487495
00024-00000003,pl,711,711,3.6369152459487495
00024-00000003,pl,731,731,3.6472504253052835
00024-00000003,pl,738,738,4.876196724576941
00024-00000003,pl,746,746,4.326412895136914
00024-00000003,pl,747,747,4.326412895136914
00024-00000003,pl,750,750,4.326412895136914
00024-00000003,pl,754,754,4.326412895136914
00024-00000003,pl,755,755,4.326412895136914
00024-00000003,pl,762,762,4.278334939977701
00024-00000003,pl,770,770,4.715886050707631
00024-00000003,pl,774,774,4.715886050707631
00024-00000003,pl,775,775,4.715886050707631
00024-00000003,pl,779,779,4.715886050707631
00024-00000003,pl,780,780,4.598347344622921
00024-00000003,pl,782,782,4.598347344622921
00024-00000003,pl,799,799,3.7880588484580393
00024-00000003,mle,0,0,1.8468440048214405
00024-00000003,mle,2,2,1.8468440048214405
00024-00000003,mle,3,3,1.8468440048214405
00024-00000003,mle,12,12,1.8468440048214405
00024-00000003,mle,22,22,1.8468440048214405
00024-00000003,mle,25,25,1.8468440048214405
00024-00000003,mle,29,29,1.8468440048214405
00024-00000003,mle,32,32,1.8468440048214405
00024-00000003,mle,33,33,1.8468440048214405
00024-00000003,mle,40,40,1.8468440048214405
00024-00000003,mle,43,43,1.8468440048214405
00024-00000003,mle,44,44,1.8468440048214405
00024-00000003,mle,55,55,1.8468440048214405
00024-00000003,mle,58,58,1.8468440048214405
00024-00000003,mle,59,59,1.8468440048214405
00024-00000003,mle,70,70,1.8468440048214405
00024-00000003,mle,79,79,1.8468440048214405
00024-00000003,mle,86,86,1.8468440048214405
00024-00000003,mle,89,89,1.8468440048214405
00024-00000003,mle,91,91,1.8468440048214405
00024-00000003,mle,94,94,1.8468440048214405
00024-00000003,mle,108,108,1.8468440048214405
00024-00000003,mle,109,109,1.8468440048214405
00024-00000003,mle,111,111,1.8468440048214405
00024-00000003,mle,113,113,1.8468440048214405
00024-00000003,mle,117,117,1.8468440048214405
00024-00000003,mle,121,121,1.8468440048214405
00024-00000003,mle,122,122,1.8468440048214405
00024-00000003,mle,125,125,1.8468440048214405
00024-00000003,mle,126,126,1.8468440048214405
00024-00000003,mle,134,134,2.3960396698420707
00024-00000003,mle,135,135,2.3960396698420707
00024-00000003,mle,143,143,2.3960396698420707
00024-00000003,mle,155,155,2.3960396698420707
00024-00000003,mle,158,158,2.3960396698420707
00024-00000003,mle,162,162,2.3960396698420707
00024-00000003,mle,165,165,2.3960396698420707
00024-00000003,mle,166,166,2.3960396698420707
00024-00000003,mle,168,168,2.3960396698420707
00024-00000003,mle,173,173,2.3960396698420707
00024-00000003,mle,174,174,2.3960396698420707
00024-00000003,mle,178,178,2.3960396698420707
00024-00000003,mle,179,179,2.3960396698420707
00024-00000003,mle,182,182,2.3960396698420707
00024-00000003,mle,187,187,2.3960396698420707
00024-00000003,mle,214,214,2.3960396698420707
00024-00000003,mle,215,215,2.3960396698420707
00024-00000003,mle,217,217,2.3960396698420707
00024-00000003,mle,218,218,2.3960396698420707
00024-00000003,mle,224,224,2.3960396698420707
00024-00000003,mle,228,228,2.3960396698420707
00024-00000003,mle,236,236,2.3960396698420707
00024-00000003,mle,239,239,2.3960396698420707
00024-00000003,mle,261,261,2.3960396698420707
00024-00000003,mle,267,267,2.3960396698420707
00024-00000003,mle,271,271,2.3960396698420707
00024-00000003,mle,274,274,2.3960396698420707
00024-00000003,mle,282,282,2.3960396698420707
00024-00000003,mle,285,285,2.3960396698420707
00024-00000003,mle,289,289,2.3960396698420707
00024-00000003,mle,291,291,2.3960396698420707
00024-00000003,mle,292,292,2.3960396698420707
00024-00000003,mle,294,294,2.3960396698420707
00024-00000003,mle,309,309,2.3960396698420707
00024-00000003,mle,315,315,2.3960396698420707
00024-00000003,mle,318,318,2.3960396698420707
00024-00000003,mle,321,321,2.3960396698420707
00024-00000003,mle,322,322,2.3960396698420707
00024-00000003,mle,324,324,2.3960396698420707
00024-00000003,mle,325,325,2.3960396698420707
00024-00000003,mle,333,333,2.3960396698420707
00024-00000003,mle,342,342,2.3960396698420707
00024-00000003,mle,345,345,2.3960396698420707
00024-00000003,mle,346,346,2.3960396698420707
00024-00000003,mle,347,347,2.3960396698420707
00024-00000003,mle,362,362,2.945235334862701
00024-00000003,mle,363,363,2.945235334862701
00024-00000003,mle,364,364,2.945235334862701
00024-00000003,mle,374,374,2.945235334862701
00024-00000003,mle,376,376,2.945235334862701
00024-00000003,mle,379,379,2.945235334862701
00024-00000003,mle,381,381,2.945235334862701
00024-00000003,mle,384,384,2.945235334862701
00024-00000003,mle,386,386,2.945235334862701
00024-00000003,mle,390,390,2.945235334862701
00024-00000003,mle,409,409,2.945235334862701
00024-00000003,mle,417,417,2.945235334862701
00024-00000003,mle,423,423,2.945235334862701
00024-00000003,mle,427,427,2.945235334862701
00024-00000003,mle,430,430,2.945235334862701
00024-00000003,mle,434,434,2.945235334862701
00024-00000003,mle,437,437,2.945235334862701
00024-00000003,mle,454,454,2.945235334862701
00024-00000003,mle,456,456,2.945235334862701
00024-00000003,mle,459,459,2.945235334862701
00024-00000003,mle,460,460,2.945235334862701
00024-00000003,mle,475,475,2.945235334862701
00024-00000003,mle,476,476,2.945235334862701
00024-00000003,mle,482,482,2.945235334862701
00024-00000003,mle,483,483,2.945235334862701
00024-00000003,mle,496,496,2.945235334862701
00024-00000003,mle,497,497,2.945235334862701
00024-00000003,mle,501,501,2.945235334862701
00024-00000003,mle,506,506,2.945235334862701
00024-00000003,mle,513,513,2.945235334862701
00024-00000003,mle,518,518,2.945235334862701
00024-00000003,mle,522,522,2.945235334862701
00024-00000003,mle,529,529,2.945235334862701
00024-00000003,mle,535,535,3.494430999883331
00024-00000003,mle,538,538,3.494430999883331
00024-00000003,mle,547,547,3.494430999883331
00024-00000003,mle,549,549,3.494430999883331
00024-00000003,mle,551,551,3.494430999883331
00024-00000003,mle,554,554,3.494430999883331
00024-00000003,mle,561,561,3.494430999883331
00024-00000003,mle,580,580,3.494430999883331
00024-00000003,mle,584,584,3.494430999883331
00024-00000003,mle,594,594,2.945235334862701
00024-00000003,mle,596,596,2.945235334862701
00024-00000003,mle,597,597,2.945235334862701
00024-00000003,mle,602,602,2.945235334862701
00024-00000003,mle,604,604,2.945235334862701
00024-00000003,mle,605,605,2.945235334862701
00024-00000003,mle,612,612,2.945235334862701
00024-00000003,mle,615,615,2.945235334862701
00024-00000003,mle,623,623,3.494430999883331
00024-00000003,mle,633,633,3.494430999883331
00024-00000003,mle,635,635,3.494430999883331
00024-00000003,mle,640,640,3.494430999883331
00024-00000003,mle,644,644,3.494430999883331
00024-00000003,mle,650,650,3.494430999883331
00024-00000003,mle,651,651,3.494430999883331
00024-00000003,mle,656,656,3.494430999883331
00024-00000003,mle,660,660,3.494430999883331
00024-00000003,mle,676,676,4.043626664903961
00024-00000003,mle,679,679,4.592822329924592
00024-00000003,mle,680,680,4.592822329924592
00024-00000003,mle,683,683,4.592822329924592
00024-00000003,mle,684,684,4.592822329924592
00024-00000003,mle,686,686,4.592822329924592
00024-00000003,mle,691,691,4.592822329924592
00024-00000003,mle,692,692,4.592822329924592
00024-00000003,mle,708,708,3.494430999883331
00024-00000003,mle,709,709,3.494430999883331
00024-00000003,mle,711,711,3.494430999883331
00024-00000003,mle,731,731,4.043626664903961
00024-00000003,mle,738,738,5.142017994945222
00024-00000003,mle,746,746,4.592822329924592
00024-00000003,mle,747,747,4.592822329924592
00024-00000003,mle,750,750,4.592822329924592
00024-00000003,mle,754,754,4.592822329924592
00024-00000003,mle,755,755,4.592822329924592
00024-00000003,mle,762,762,4.043626664903961
00024-00000003,mle,770,770,4.592822329924592
00024-00000003,mle,774,774,4.592822329924592
00024-00000003,mle,775,775,4.592822329924592
00024-00000003,mle,779,779,4.592822329924592
00024-00000003,mle,780,780,4.043626664903961
00024-00000003,mle,782,782,4.043626664903961
00024-00000003,mle,799,799,4.043626664903961
00024-00000003,sharp,0,0,1.8468440048214405
00024-00000003,sharp,2,2,1.8468440048214405
00024-00000003,sharp,3,3,1.8468440048214405
00024-00000003,sharp,12,12,1.8468440048214405
00024-00000003,sharp,22,22,1.8468440048214405
00024-00000003,sharp,25,25,1.8468440048214405
00024-00000003,sharp,29,29,1.8468440048214405
00024-00000003,sharp,32,32,1.8468440048214405
00024-00000003,sharp,33,33,1.8468440048214405
00024-00000003,sharp,40,40,1.8468440048214405
00024-00000003,sharp,43,43,1.8468440048214405
00024-00000003,sharp,44,44,1.8468440048214405
00024-00000003,sharp,55,55,1.8468440048214405
00024-00000003,sharp,58,58,1.8468440048214405
00024-00000003,sharp,59,59,1.8468440048214405
00024-00000003,sharp,70,70,1.8468440048214405
00024-00000003,sharp,79,79,1.8468440048214405
00024-00000003,sharp,86,86,1.8468440048214405
00024-00000003,sharp,89,89,1.8468440048214405
00024-00000003,sharp,91,91,1.8468440048214405
00024-00000003,sharp,94,94,1.8468440048214405
00024-00000003,sharp,108,108,1.8468440048214405
00024-00000003,sharp,109,109,1.8468440048214405
00024-00000003,sharp,111,111,1.8468440048214405
00024-00000003,sharp,113,113,1.8468440048214405
00024-00000003,sharp,117,117,1.8468440048214405
00024-00000003,sharp,121,121,1.8468440048214405
00024-00000003,sharp,122,122,1.8468440048214405
00024-00000003,sharp,125,125,1.8468440048214405
00024-00000003,sharp,126,126,1.8468440048214405
00024-00000003,sharp,134,134,2.3960396698420707
00024-00000003,sharp,135,135,2.3960396698420707
00024-00000003,sharp,143,143,2.3960396698420707
00024-00000003,sharp,155,155,2.3960396698420707
00024-00000003,sharp,158,158,2.3960396698420707
00024-00000003,sharp,162,162,2.3960396698420707
00024-00000003,sharp,165,165,2.3960396698420707
00024-00000003,sharp,166,166,2.3960396698420707
00024-00000003,sharp,168,168,2.3960396698420707
00024-00000003,sharp,173,173,2.3960396698420707
00024-00000003,sharp,174,174,2.3960396698420707
00024-00000003,sharp,178,178,2.3960396698420707
00024-00000003,sharp,179,179,2.3960396698420707
00024-00000003,sharp,182,182,2.3960396698420707
00024-00000003,sharp,187,187,2.3960396698420707
00024-00000003,sharp,214,214,2.3960396698420707
00024-00000003,sharp,215,215,2.3960396698420707
00024-00000003,sharp,217,217,2.3960396698420707
00024-00000003,sharp,218,218,2.3960396698420707
00024-00000003,sharp,224,224,2.3960396698420707
00024-00000003,sharp,228,228,2.3960396698420707
00024-00000003,sharp,236,236,2.3960396698420707
00024-00000003,sharp,239,239,2.3960396698420707
00024-00000003,sharp,261,261,2.3960396698420707
00024-00000003,sharp,267,267,2.3960396698420707
00024-00000003,sharp,271,271,2.3960396698420707
00024-00000003,sharp,274,274,2.3960396698420707
00024-00000003,sharp,282,282,2.3960396698420707
00024-00000003,sharp,285,285,2.3960396698420707
00024-00000003,sharp,289,289,2.3960396698420707
00024-00000003,sharp,291,291,2.3960396698420707
00024-00000003,sharp,292,292,2.3960396698420707
00024-00000003,sharp,294,294,2.3960396698420707
00024-00000003,sharp,309,309,2.3960396698420707
00024-00000003,sharp,315,315,2.3960396698420707
00024-00000003,sharp,318,318,2.3960396698420707
00024-00000003,sharp,321,321,2.3960396698420707
00024-00000003,sharp,322,322,2.3960396698420707
00024-00000003,sharp,324,324,2.3960396698420707
00024-00000003,sharp,325,325,2.3960396698420707
00024-00000003,sharp,333,333,2.3960396698420707
00024-00000003,sharp,342,342,2.3960396698420707
00024-00000003,sharp,345,345,2.3960396698420707
00024-00000003,sharp,346,346,2.3960396698420707
00024-00000003,sharp,347,347,2.3960396698420707
00024-00000003,sharp,362,362,2.945235334862701
00024-00000003,sharp,363,363,2.945235334862701
00024-00000003,sharp,364,364,2.945235334862701
00024-00000003,sharp,374,374,2.945235334862701
00024-00000003,sharp,376,376,2.945235334862701
00024-00000003,sharp,379,379,2.945235334862701
00024-00000003,sharp,381,381,2.945235334862701
00024-00000003,sharp,384,384,2.945235334862701
00024-00000003,sharp,386,386,2.945235334862701
00024-00000003,sharp,390,390,2.945235334862701
00024-00000003,sharp,409,409,2.945235334862701
00024-00000003,sharp,417,417,2.945235334862701
00024-00000003,sharp,423,423,2.945235334862701
00024-00000003,sharp,427,427,2.945235334862701
00024-00000003,sharp,430,430,2.945235334862701
00024-00000003,sharp,434,434,2.945235334862701
00024-00000003,sharp,437,437,2.945235334862701
00024-00000003,sharp,454,454,2.945235334862701
00024-00000003,sharp,456,456,2.945235334862701
00024-00000003,sharp,459,459,2.945235334862701
00024-00000003,sharp,460,460,2.945235334862701
00024-00000003,sharp,475,475,2.945235334862701
00024-00000003,sharp,476,476,2.945235334862701
00024-00000003,sharp,482,482,2.945235334862701
00024-00000003,sharp,483,483,2.945235334862701
00024-00000003,sharp,496,496,2.945235334862701
00024-00000003,sharp,497,497,2.945235334862701
00024-00000003,sharp,501,501,2.945235334862701
00024-00000003,sharp,506,506,2.945235334862701
00024-00000003,sharp,513,513,2.945235334862701
00024-00000003,sharp,518,518,2.945235334862701
00024-00000003,sharp,522,522,2.945235334862701
00024-00000003,sharp,529,529,2.945235334862701
00024-00000003,sharp,535,535,3.494430999883331
00024-00000003,sharp,538,538,3.494430999883331
00024-00000003,sharp,547,547,3.494430999883331
00024-00000003,sharp,549,549,3.494430999883331
00024-00000003,sharp,551,551,3.494430999883331
00024-00000003,sharp,554,554,3.494430999883331
00024-00000003,sharp,561,561,3.494430999883331
00024-00000003,sharp,580,580,3.494430999883331
00024-00000003,sharp,584,584,3.494430999883331
00024-00000003,sharp,594,594,2.945235334862701
00024-00000003,sharp,596,596,2.945235334862701
00024-00000003,sharp,597,597,2.945235334862701
00024-00000003,sharp,602,602,2.945235334862701
00024-00000003,sharp,604,604,2.945235334862701
00024-00000003,sharp,605,605,2.945235334862701
00024-00000003,sharp,612,612,2.945235334862701
00024-00000003,sharp,615,615,2.945235334862701
00024-00000003,sharp,623,623,3.494430999883331
00024-00000003,sharp,633,633,3.494430999883331
00024-00000003,sharp,635,635,3.494430999883331
00024-00000003,sharp,640,640,3.494430999883331
00024-00000003,sharp,644,644,3.494430999883331
00024-00000003,sharp,650,650,3.494430999883331
00024-00000003,sharp,651,651,3.494430999883331
00024-00000003,sharp,656,656,3.494430999883331
00024-00000003,sharp,660,660,3.494430999883331
00024-00000003,sharp,676,676,4.043626664903961
00024-00000003,sharp,679,679,4.592822329924592
00024-00000003,sharp,680,680,4.592822329924592
00024-00000003,sharp,683,683,4.592822329924592
00024-00000003,sharp,684,684,4.592822329924592
00024-00000003,sharp,686,686,4.592822329924592
00024-00000003,sharp,691,691,4.592822329924592
00024-00000003,sharp,692,692,4.592822329924592
00024-00000003,sharp,708,708,3.494430999883331
00024-00000003,sharp,709,709,3.494430999883331
00024-00000003,sharp,711,711,3.494430999883331
00024-00000003,sharp,731,731,4.043626664903961
00024-00000003,sharp,738,738,5.142017994945222
00024-00000003,sharp,746,746,4.592822329924592
00024-00000003,sharp,747,747,4.592822329924592
00024-00000003,sharp,750,750,4.592822329924592
00024-00000003,sharp,754,754,4.592822329924592
00024-00000003,sharp,755,755,4.592822329924592
00024-00000003,sharp,762,762,4.043626664903961
00024-00000003,sharp,770,770,4.592822329924592
00024-00000003,sharp,774,774,4.592822329924592
00024-00000003,sharp,775,775,4.592822329924592
00024-00000003,sharp,779,779,4.592822329924592
00024-00000003,sharp,780,780,4.043626664903961
00024-00000003,sharp,782,782,4.043626664903961
00024-00000003,sharp,799,799,4.043626664903961
00024-00000003,efficient,0,0,
00024-00000003,efficient,2,2,
00024-00000003,efficient,3,3,
00024-00000003,efficient,12,12,
00024-00000003,efficient,22,22,
00024-00000003,efficient,25,25,
00024-00000003,efficient,29,29,
00024-00000003,efficient,32,32,
00024-00000003,efficient,33,33,
00024-00000003,efficient,40,40,
00024-00000003,efficient,43,43,
00024-00000003,efficient,44,44,
00024-00000003,efficient,55,55,
00024-00000003,efficient,58,58,
00024-00000003,efficient,59,59,
00024-00000003,efficient,70,70,
00024-00000003,efficient,79,79,
00024-00000003,efficient,86,86,
00024-00000003,efficient,89,89,
00024-00000003,efficient,91,91,
00024-00000003,efficient,94,94,
00024-00000003,efficient,108,108,
00024-00000003,efficient,109,109,
00024-00000003,efficient,111,111,
00024-00000003,efficient,113,113,
00024-00000003,efficient,117,117,
00024-00000003,efficient,121,121,
00024-00000003,efficient,122,122,
00024-00000003,efficient,125,125,
00024-00000003,efficient,126,126,
00024-00000003,efficient,134,134,
00024-00000003,efficient,135,135,
00024-00000003,efficient,143,143,
00024-00000003,efficient,155,155,
00024-00000003,efficient,158,158,
00024-00000003,efficient,162,162,
00024-00000003,efficient,165,165,
00024-00000003,efficient,166,166,
00024-00000003,efficient,168,168,
00024-00000003,efficient,173,173,
00024-00000003,efficient,174,174,
00024-00000003,efficient,178,178,
00024-00000003,efficient,179,179,
00024-00000003,efficient,182,182,
00024-00000003,efficient,187,187,
00024-00000003,efficient,214,214,
00024-00000003,efficient,215,215,
00024-00000003,efficient,217,217,
00024-00000003,efficient,218,218,
00024-00000003,efficient,224,224,
00024-00000003,efficient,228,228,
00024-00000003,efficient,236,236,
00024-00000003,efficient,239,239,
00024-00000003,efficient,261,261,
00024-00000003,efficient,267,267,
00024-00000003,efficient,271,271,
00024-00000003,efficient,274,274,
00024-00000003,efficient,282,282,
00024-00000003,efficient,285,285,
00024-00000003,efficient,289,289,
00024-00000003,efficient,291,291,
00024-00000003,efficient,292,292,
00024-00000003,efficient,294,294,
00024-00000003,efficient,309,309,
00024-00000003,efficient,315,315,
00024-00000003,efficient,318,318,
00024-00000003,efficient,321,321,
00024-00000003,efficient,322,322,
00024-00000003,efficient,324,324,
00024-00000003,efficient,325,325,
00024-00000003,efficient,333,333,
00024-00000003,efficient,342,342,
00024-00000003,efficient,345,345,
00024-00000003,efficient,346,346,
00024-00000003,efficient,347,347,
00024-00000003,efficient,362,362,
00024-00000003,efficient,363,363,
00024-00000003,efficient,364,364,
00024-00000003,efficient,374,374,
00024-00000003,efficient,376,376,
00024-00000003,efficient,379,379,
00024-00000003,efficient,381,381,
00024-00000003,efficient,384,384,
00024-00000003,efficient,386,386,
00024-00000003,efficient,390,390,
00024-00000003,efficient,409,409,
00024-00000003,efficient,417,417,
00024-00000003,efficient,423,423,
00024-00000003,efficient,427,427,
00024-00000003,efficient,430,430,
00024-00000003,efficient,434,434,
00024-00000003,efficient,437,437,
00024-00000003,efficient,454,454,
00024-00000003,efficient,456,456,
00024-00000003,efficient,459,459,
00024-00000003,efficient,460,460,
00024-00000003,efficient,475,475,
00024-00000003,efficient,476,476,
00024-00000003,efficient,482,482,
00024-00000003,efficient,483,483,
00024-00000003,efficient,496,496,
00024-00000003,efficient,497,497,
00024-00000003,efficient,501,501,
00024-00000003,efficient,506,506,
00024-00000003,efficient,513,513,
00024-00000003,efficient,518,518,
00024-00000003,efficient,522,522,
00024-00000003,efficient,529,529,
00024-00000003,efficient,535,535,
00024-00000003,efficient,538,538,
00024-00000003,efficient,547,547,
00024-00000003,efficient,549,549,
00024-00000003,efficient,551,551,
00024-00000003,efficient,554,554,
00024-00000003,efficient,561,561,
00024-00000003,efficient,580,580,
00024-00000003,efficient,584,584,
00024-00000003,efficient,594,594,
00024-00000003,efficient,596,596,
00024-00000003,efficient,597,597,
00024-00000003,efficient,602,602,
00024-00000003,efficient,604,604,
00024-00000003,efficient,605,605,
00024-00000003,efficient,612,612,
00024-00000003,efficient,615,615,
00024-00000003,efficient,623,623,
00024-00000003,efficient,633,633,
00024-00000003,efficient,635,635,
00024-00000003,efficient,640,640,
00024-00000003,efficient,644,644,
00024-00000003,efficient,650,650,
00024-00000003,efficient,651,651,
00024-00000003,efficient,656,656,
00024-00000003,efficient,660,660,
00024-00000003,efficient,676,676,
00024-00000003,efficient,679,679,
00024-00000003,efficient,680,680,
00024-00000003,efficient,683,683,
00024-00000003,efficient,684,684,
00024-00000003,efficient,686,686,
00024-00000003,efficient,691,691,
00024-00000003,efficient,692,692,
00024-00000003,efficient,708,708,
00024-00000003,efficient,709,709,
00024-00000003,efficient,711,711,
00024-00000003,efficient,731,731,
00024-00000003,efficient,738,738,
00024-00000003,efficient,746,746,
00024-00000003,efficient,747,747,
00024-00000003,efficient,750,750,
00024-00000003,efficient,754,754,
00024-00000003,efficient,755,755,
00024-00000003,efficient,762,762,
00024-00000003,efficient,770,770,
00024-00000003,efficient,774,774,
00024-00000003,efficient,775,775,
00024-00000003,efficient,779,779,
00024-00000003,efficient,780,780,
00024-00000003,efficient,782,782,
00024-00000003,efficient,799,799,
00024-00000003,borda,0,0,1.8468440048214405
00024-00000003,borda,2,2,1.8468440048214405
00024-00000003,borda,3,3,1.8468440048214405
00024-00000003,borda,12,12,1.8468440048214405
00024-00000003,borda,22,22,1.8468440048214405
00024-00000003,borda,25,25,1.8468440048214405
00024-00000003,borda,29,29,1.8468440048214405
00024-00000003,borda,32,32,1.8468440048214405
00024-00000003,borda,33,33,1.8468440048214405
00024-00000003,borda,40,40,1.8468440048214405
00024-00000003,borda,43,43,1.8468440048214405
00024-00000003,borda,44,44,1.8468440048214405
00024-00000003,borda,55,55,1.8468440048214405
00024-00000003,borda,58,58,1.8468440048214405
00024-00000003,borda,59,59,1.8468440048214405
00024-00000003,borda,70,70,1.8468440048214405
00024-00000003,borda,79,79,1.8468440048214405
00024-00000003,borda,86,86,1.8468440048214405
00024-00000003,borda,89,89,1.8468440048214405
00024-00000003,borda,91,91,1.8468440048214405
00024-00000003,borda,94,94,1.8468440048214405
00024-00000003,borda,108,108,1.8468440048214405
00024-00000003,borda,109,109,1.8468440048214405
00024-00000003,borda,111,111,1.8468440048214405
00024-00000003,borda,113,113,1.8468440048214405
00024-00000003,borda,117,117,1.8468440048214405
00024-00000003,borda,121,121,1.8468440048214405
00024-00000003,borda,122,122,1.8468440048214405
00024-00000003,borda,125,125,1.8468440048214405
00024-00000003,borda,126,126,1.8468440048214405
00024-00000003,borda,134,134,2.3960396698420707
00024-00000003,borda,135,135,2.3960396698420707
00024-00000003,borda,143,143,2.3960396698420707
00024-00000003,borda,155,155,2.3960396698420707
00024-00000003,borda,158,158,2.3960396698420707
00024-00000003,borda,162,162,2.3960396698420707
00024-00000003,borda,165,165,2.3960396698420707
00024-00000003,borda,166,166,2.3960396698420707
00024-00000003,borda,168,168,2.3960396698420707
00024-00000003,borda,173,173,2.3960396698420707
00024-00000003,borda,174,174,2.3960396698420707
00024-00000003,borda,178,178,2.3960396698420707
00024-00000003,borda,179,179,2.3960396698420707
00024-00000003,borda,182,182,2.3960396698420707
00024-00000003,borda,187,187,2.3960396698420707
00024-00000003,borda,214,214,2.3960396698420707
00024-00000003,borda,215,215,2.3960396698420707
00024-00000003,borda,217,217,2.3960396698420707
00024-00000003,borda,218,218,2.3960396698420707
00024-00000003,borda,224,224,2.3960396698420707
00024-00000003,borda,228,228,2.3960396698420707
00024-00000003,borda,236,236,2.3960396698420707
00024-00000003,borda,239,239,2.3960396698420707
00024-00000003,borda,261,261,2.3960396698420707
00024-00000003,borda,267,267,2.3960396698420707
00024-00000003,borda,271,271,2.3960396698420707
00024-00000003,borda,274,274,2.3960396698420707
00024-00000003,borda,282,282,2.3960396698420707
00024-00000003,borda,285,285,2.3960396698420707
00024-00000003,borda,289,289,2.3960396698420707
00024-00000003,borda,291,291,2.3960396698420707
00024-00000003,borda,292,292,2.3960396698420707
00024-00000003,borda,294,294,2.3960396698420707
00024-00000003,borda,309,309,2.3960396698420707
00024-00000003,borda,315,315,2.3960396698420707
00024-00000003,borda,318,318,2.3960396698420707
00024-00000003,borda,321,321,2.3960396698420707
00024-00000003,borda,322,322,2.3960396698420707
00024-00000003,borda,324,324,2.3960396698420707
00024-00000003,borda,325,325,2.3960396698420707
00024-00000003,borda,333,333,2.3960396698420707
00024-00000003,borda,342,342,2.3960396698420707
00024-00000003,borda,345,345,2.3960396698420707
00024-00000003,borda,346,346,2.3960396698420707
00024-00000003,borda,347,347,2.3960396698420707
00024-00000003,borda,362,362,2.945235334862701
00024-00000003,borda,363,363,2.945235334862701
00024-00000003,borda,364,364,2.945235334862701
00024-00000003,borda,374,374,2.945235334862701
00024-00000003,borda,376,376,2.945235334862701
00024-00000003,borda,379,379,2.945235334862701
00024-00000003,borda,381,381,2.945235334862701
00024-00000003,borda,384,384,2.945235334862701
00024-00000003,borda,386,386,2.945235334862701
00024-00000003,borda,390,390,2.945235334862701
00024-00000003,borda,409,409,2.945235334862701
00024-00000003,borda,417,417,2.945235334862701
00024-00000003,borda,423,423,2.945235334862701
00024-00000003,borda,427,427,2.945235334862701
00024-00000003,borda,430,430,2.945235334862701
00024-00000003,borda,434,434,2.945235334862701
00024-00000003,borda,437,437,2.945235334862701
00024-00000003,borda,454,454,2.945235334862701
00024-00000003,borda,456,456,2.945235334862701
00024-00000003,borda,459,459,2.945235334862701
00024-00000003,borda,460,460,2.945235334862701
00024-00000003,borda,475,475,2.945235334862701
00024-00000003,borda,476,476,2.945235334862701
00024-00000003,borda,482,482,2.945235334862701
00024-00000003,borda,483,483,2.945235334862701
00024-00000003,borda,496,496,2.945235334862701
00024-00000003,borda,497,497,2.945235334862701
00024-00000003,borda,501,501,2.945235334862701
00024-00000003,borda,506,506,2.945235334862701
00024-00000003,borda,513,513,2.945235334862701
00024-00000003,borda,518,518,2.945235334862701
00024-00000003,borda,522,522,2.945235334862701
00024-00000003,borda,529,529,2.945235334862701
00024-00000003,borda,535,535,3.494430999883331
00024-00000003,borda,538,538,3.494430999883331
00024-00000003,borda,547,547,3.494430999883331
00024-00000003,borda,549,549,3.494430999883331
00024-00000003,borda,551,551,3.494430999883331
00024-00000003,borda,554,554,3.494430999883331
00024-00000003,borda,561,561,3.494430999883331
00024-00000003,borda,580,580,3.494430999883331
00024-00000003,borda,584,584,3.494430999883331
00024-00000003,borda,594,594,2.945235334862701
00024-00000003,borda,596,596,2.945235334862701
00024-00000003,borda,597,597,2.945235334862701
00024-00000003,borda,602,602,2.945235334862701
00024-00000003,borda,604,604,2.945235334862701
00024-00000003,borda,605,605,2.945235334862701
00024-00000003,borda,612,612,2.945235334862701
00024-00000003,borda,615,615,2.945235334862701
00024-00000003,borda,623,623,3.494430999883331
00024-00000003,borda,633,633,3.494430999883331
00024-00000003,borda,635,635,3.494430999883331
00024-00000003,borda,640,640,3.494430999883331
00024-00000003,borda,644,644,3.494430999883331
00024-00000003,borda,650,650,3.494430999883331
00024-00000003,borda,651,651,3.494430999883331
00024-00000003,borda,656,656,3.494430999883331
00024-00000003,borda,660,660,3.494430999883331
00024-00000003,borda,676,676,4.043626664903961
00024-00000003,borda,679,679,4.592822329924592
00024-00000003,borda,680,680,4.592822329924592
00024-00000003,borda,683,683,4.592822329924592
00024-00000003,borda,684,684,4.592822329924592
00024-00000003,borda,686,686,4.592822329924592
00024-00000003,borda,691,691,4.592822329924592
00024-00000003,borda,692,692,4.592822329924592
00024-00000003,borda,708,708,3.494430999883331
00024-00000003,borda,709,709,3.494430999883331
00024-00000003,borda,711,711,3.494430999883331
00024-00000003,borda,731,731,4.043626664903961
00024-00000003,borda,738,738,5.142017994945222
00024-00000003,borda,746,746,4.592822329924592
00024-00000003,borda,747,747,4.592822329924592
00024-00000003,borda,750,750,4.592822329924592
00024-00000003,borda,754,754,4.592822329924592
00024-00000003,borda,755,755,4.592822329924592
00024-00000003,borda,762,762,4.043626664903961
00024-00000003,borda,770,770,4.592822329924592
00024-00000003,borda,774,774,4.592822329924592
00024-00000003,borda,775,775,4.592822329924592
00024-00000003,borda,779,779,4.592822329924592
00024-00000003,borda,780,780,4.043626664903961
00024-00000003,borda,782,782,4.043626664903961
00024-00000003,borda,799,799,4.043626664903961
00024-00000004,pl,0,0,1.9185612684160784
00024-00000004,pl,7,7,1.9185612684160784
00024-00000004,pl,19,19,1.9185612684160784
00024-00000004,pl,24,24,1.9185612684160784
00024-00000004,pl,30,30,1.9185612684160784
00024-00000004,pl,31,31,1.9185612684160784
00024-00000004,pl,32,32,1.9185612684160784
00024-00000004,pl,39,39,1.9185612684160784
00024-00000004,pl,40,40,1.9185612684160784
00024-00000004,pl,44,44,1.9185612684160784
00024-00000004,pl,47,47,1.9185612684160784
00024-00000004,pl,52,52,1.9185612684160784
00024-00000004,pl,53,53,1.9185612684160784
00024-00000004,pl,54,54,1.9185612684160784
00024-00000004,pl,57,57,1.9185612684160784
00024-00000004,pl,61,61,1.9185612684160784
00024-00000004,pl,78,78,1.9185612684160784
00024-00000004,pl,79,79,1.9185612684160784
00024-00000004,pl,88,88,1.9185612684160784
00024-00000004,pl,93,93,1.9185612684160784
00024-00000004,pl,103,103,1.9185612684160784
00024-00000004,pl,111,111,1.9185612684160784
00024-00000004,pl,121,121,1.9185612684160784
00024-00000004,pl,126,126,1.9185612684160784
00024-00000004,pl,132,132,1.9185612684160784
00024-00000004,pl,133,133,1.9185612684160784
00024-00000004,pl,146,146,1.9185612684160784
00024-00000004,pl,147,147,1.9185612684160784
00024-00000004,pl,154,154,1.9185612684160784
00024-00000004,pl,156,156,1.9185612684160784
00024-00000004,pl,164,164,1.9185612684160784
00024-00000004,pl,165,165,1.9185612684160784
00024-00000004,pl,168,168,1.9185612684160784
00024-00000004,pl,170,170,2.1769197851702016
00024-00000004,pl,172,172,2.1769197851702016
00024-00000004,pl,182,182,2.1769197851702016
00024-00000004,pl,184,184,2.1769197851702016
00024-00000004,pl,185,185,2.1769197851702016
00024-00000004,pl,188,188,2.1769197851702016
00024-00000004,pl,198,198,2.1769197851702016
00024-00000004,pl,208,208,2.1769197851702016
00024-00000004,pl,209,209,2.1769197851702016
00024-00000004,pl,211,211,2.1769197851702016
00024-00000004,pl,214,214,2.1769197851702016
00024-00000004,pl,221,221,2.1769197851702016
00024-00000004,pl,229,229,2.1769197851702016
00024-00000004,pl,232,232,2.1769197851702016
00024-00000004,pl,238,238,2.1769197851702016
00024-00000004,pl,246,246,2.1769197851702016
00024-00000004,pl,248,248,2.1769197851702016
00024-00000004,pl,255,255,2.1769197851702016
00024-00000004,pl,257,257,2.4208709276962432
00024-00000004,pl,264,264,2.4208709276962432
00024-00000004,pl,271,271,2.4208709276962432
00024-00000004,pl,273,273,2.4208709276962432
00024-00000004,pl,281,281,2.4208709276962432
00024-00000004,pl,285,285,2.4208709276962432
00024-00000004,pl,287,287,2.4208709276962432
00024-00000004,pl,293,293,2.4208709276962432
00024-00000004,pl,306,306,2.4208709276962432
00024-00000004,pl,307,307,2.4208709276962432
00024-00000004,pl,309,309,2.4208709276962432
00024-00000004,pl,315,315,2.4208709276962432
00024-00000004,pl,316,316,2.4208709276962432
00024-00000004,pl,328,328,2.4208709276962432
00024-00000004,pl,334,334,2.4208709276962432
00024-00000004,pl,337,337,2.3079829023102585
00024-00000004,pl,349,349,2.3079829023102585
00024-00000004,pl,353,353,2.3079829023102585
00024-00000004,pl,355,355,2.3079829023102585
00024-00000004,pl,360,360,2.3079829023102585
00024-00000004,pl,369,369,2.3079829023102585
00024-00000004,pl,370,370,2.3079829023102585
00024-00000004,pl,380,380,2.3079829023102585
00024-00000004,pl,381,381,2.3079829023102585
00024-00000004,pl,382,382,2.3079829023102585
00024-00000004,pl,384,384,2.3079829023102585
00024-00000004,pl,390,390,2.3079829023102585
00024-00000004,pl,391,391,2.3079829023102585
00024-00000004,pl,401,401,2.3079829023102585
00024-00000004,pl,402,402,2.3079829023102585
00024-00000004,pl,409,409,2.3079829023102585
00024-00000004,pl,414,414,2.6792294444503666
00024-00000004,pl,417,417,2.6792294444503666
00024-00000004,pl,423,423,2.6792294444503666
00024-00000004,pl,426,426,2.6792294444503666
00024-00000004,pl,438,438,2.6792294444503666
00024-00000004,pl,441,441,2.6792294444503666
00024-00000004,pl,449,449,2.6792294444503666
00024-00000004,pl,450,450,2.6792294444503666
00024-00000004,pl,455,455,2.9644332409339302
00024-00000004,pl,462,462,2.9644332409339302
00024-00000004,pl,467,467,2.9644332409339302
00024-00000004,pl,470,470,2.9644332409339302
00024-00000004,pl,472,472,2.9644332409339302
00024-00000004,pl,487,487,3.378016012888401
00024-00000004,pl,498,498,3.378016012888401
00024-00000004,pl,499,499,3.378016012888401
00024-00000004,pl,512,512,3.378016012888401
00024-00000004,pl,515,515,2.7277611513799638
00024-00000004,pl,520,520,2.7277611513799638
00024-00000004,pl,522,522,2.7277611513799638
00024-00000004,pl,523,523,2.7277611513799638
00024-00000004,pl,526,526,2.7277611513799638
00024-00000004,pl,532,532,2.7277611513799638
00024-00000004,pl,533,533,2.7277611513799638
00024-00000004,pl,535,535,2.7277611513799638
00024-00000004,pl,539,539,3.0778721369013016
00024-00000004,pl,544,544,3.0778721369013016
00024-00000004,pl,545,545,3.0778721369013016
00024-00000004,pl,551,551,3.0778721369013016
00024-00000004,pl,555,555,3.0778721369013016
00024-00000004,pl,557,557,3.0778721369013016
00024-00000004,pl,560,560,3.0778721369013016
00024-00000004,pl,570,570,2.9164524045857205
00024-00000004,pl,572,572,2.9164524045857205
00024-00000004,pl,573,573,2.9164524045857205
00024-00000004,pl,577,577,2.9164524045857205
00024-00000004,pl,579,579,2.9164524045857205
00024-00000004,pl,583,583,2.9164524045857205
00024-00000004,pl,584,584,2.9164524045857205
00024-00000004,pl,586,586,2.9164524045857205
00024-00000004,pl,591,591,4.433104118762327
00024-00000004,pl,593,593,4.433104118762327
00024-00000004,pl,594,594,4.433104118762327
00024-00000004,pl,595,595,4.433104118762327
00024-00000004,pl,596,596,4.433104118762327
00024-00000004,pl,600,600,4.433104118762327
00024-00000004,pl,605,605,4.433104118762327
00024-00000004,pl,608,608,4.433104118762327
00024-00000004,pl,610,610,4.433104118762327
00024-00000004,pl,612,612,4.433104118762327
00024-00000004,pl,613,613,4.433104118762327
00024-00000004,pl,614,614,4.433104118762327
00024-00000004,pl,616,616,3.5321566922319083
00024-00000004,pl,621,621,3.5321566922319083
00024-00000004,pl,625,625,3.5321566922319083
00024-00000004,pl,636,636,3.5321566922319083
00024-00000004,pl,650,650,4.594523851077908
00024-00000004,pl,655,655,4.594523851077908
00024-00000004,pl,663,663,3.7977942619581064
00024-00000004,pl,691,691,3.458408147849634
00024-00000004,pl,692,692,3.458408147849634
00024-00000004,pl,695,695,3.7654069600940447
00024-00000004,pl,709,709,4.444075951069474
00024-00000004,pl,717,717,4.444075951069474
00024-00000004,pl,727,727,3.5297905699324645
00024-00000004,pl,733,733,3.5297905699324645
00024-00000004,pl,736,736,3.5297905699324645
00024-00000004,pl,737,737,4.026131599147612
00024-00000004,pl,741,741,4.026131599147612
00024-00000004,pl,743,743,4.026131599147612
00024-00000004,pl,753,753,4.890694554667938
00024-00000004,pl,756,756,4.890694554667938
00024-00000004,pl,759,759,4.890694554667938
00024-00000004,pl,765,765,4.964891212513937
00024-00000004,pl,767,767,4.964891212513937
00024-00000004,pl,773,773,4.518272608915472
00024-00000004,pl,785,785,4.544132624828906
00024-00000004,mle,0,0,1.7167278701396165
00024-00000004,mle,7,7,1.7167278701396165
00024-00000004,mle,19,19,1.7167278701396165
00024-00000004,mle,24,24,1.7167278701396165
00024-00000004,mle,30,30,1.7167278701396165
00024-00000004,mle,31,31,1.7167278701396165
00024-00000004,mle,32,32,1.7167278701396165
00024-00000004,mle,39,39,1.7167278701396165
00024-00000004,mle,40,40,1.7167278701396165
00024-00000004,mle,44,44,1.7167278701396165
00024-00000004,mle,47,47,1.7167278701396165
00024-00000004,mle,52,52,1.7167278701396165
00024-00000004,mle,53,53,1.7167278701396165
00024-00000004,mle,54,54,1.7167278701396165
00024-00000004,mle,57,57,1.7167278701396165
00024-00000004,mle,61,61,1.7167278701396165
00024-00000004,mle,78,78,1.7167278701396165
00024-00000004,mle,79,79,1.7167278701396165
00024-00000004,mle,88,88,1.7167278701396165
00024-00000004,mle,93,93,1.7167278701396165
00024-00000004,mle,103,103,1.7167278701396165
00024-00000004,mle,111,111,1.7167278701396165
00024-00000004,mle,121,121,1.7167278701396165
00024-00000004,mle,126,126,1.7167278701396165
00024-00000004,mle,132,132,1.7167278701396165
00024-00000004,mle,133,133,1.7167278701396165
00024-00000004,mle,146,146,1.7167278701396165
00024-00000004,mle,147,147,1.7167278701396165
00024-00000004,mle,154,154,1.7167278701396165
00024-00000004,mle,156,156,1.7167278701396165
00024-00000004,mle,164,164,1.7167278701396165
00024-00000004,mle,165,165,1.7167278701396165
00024-00000004,mle,168,168,1.7167278701396165
00024-00000004,mle,170,170,2.3374018531282506
00024-00000004,mle,172,172,2.3374018531282506
00024-00000004,mle,182,182,2.3374018531282506
00024-00000004,mle,184,184,2.3374018531282506
00024-00000004,mle,185,185,2.3374018531282506
00024-00000004,mle,188,188,2.3374018531282506
00024-00000004,mle,198,198,2.3374018531282506
00024-00000004,mle,208,208,2.3374018531282506
00024-00000004,mle,209,209,2.3374018531282506
00024-00000004,mle,211,211,2.3374018531282506
00024-00000004,mle,214,214,2.3374018531282506
00024-00000004,mle,221,221,2.3374018531282506
00024-00000004,mle,229,229,2.3374018531282506
00024-00000004,mle,232,232,2.3374018531282506
00024-00000004,mle,238,238,2.3374018531282506
00024-00000004,mle,246,246,2.3374018531282506
00024-00000004,mle,248,248,2.3374018531282506
00024-00000004,mle,255,255,2.3374018531282506
00024-00000004,mle,257,257,2.3374018531282506
00024-00000004,mle,264,264,2.3374018531282506
00024-00000004,mle,271,271,2.3374018531282506
00024-00000004,mle,273,273,2.3374018531282506
00024-00000004,mle,281,281,2.3374018531282506
00024-00000004,mle,285,285,2.3374018531282506
00024-00000004,mle,287,287,2.3374018531282506
00024-00000004,mle,293,293,2.3374018531282506
00024-00000004,mle,306,306,2.3374018531282506
00024-00000004,mle,307,307,2.3374018531282506
00024-00000004,mle,309,309,2.3374018531282506
00024-00000004,mle,315,315,2.3374018531282506
00024-00000004,mle,316,316,2.3374018531282506
00024-00000004,mle,328,328,2.3374018531282506
00024-00000004,mle,334,334,2.3374018531282506
00024-00000004,mle,337,337,2.3374018531282506
00024-00000004,mle,349,349,2.3374018531282506
00024-00000004,mle,353,353,2.3374018531282506
00024-00000004,mle,355,355,2.3374018531282506
00024-00000004,mle,360,360,2.3374018531282506
00024-00000004,mle,369,369,2.3374018531282506
00024-00000004,mle,370,370,2.3374018531282506
00024-00000004,mle,380,380,2.3374018531282506
00024-00000004,mle,381,381,2.3374018531282506
00024-00000004,mle,382,382,2.3374018531282506
00024-00000004,mle,384,384,2.3374018531282506
00024-00000004,mle,390,390,2.3374018531282506
00024-00000004,mle,391,391,2.3374018531282506
00024-00000004,mle,401,401,2.3374018531282506
00024-00000004,mle,402,402,2.3374018531282506
00024-00000004,mle,409,409,2.3374018531282506
00024-00000004,mle,414,414,2.958075836116885
00024-00000004,mle,417,417,2.958075836116885
00024-00000004,mle,423,423,2.958075836116885
00024-00000004,mle,426,426,2.958075836116885
00024-00000004,mle,438,438,2.958075836116885
00024-00000004,mle,441,441,2.958075836116885
00024-00000004,mle,449,449,2.958075836116885
00024-00000004,mle,450,450,2.958075836116885
00024-00000004,mle,455,455,2.958075836116885
00024-00000004,mle,462,462,2.958075836116885
00024-00000004,mle,467,467,2.958075836116885
00024-00000004,mle,470,470,2.958075836116885
00024-00000004,mle,472,472,2.958075836116885
00024-00000004,mle,487,487,2.958075836116885
00024-00000004,mle,498,498,2.958075836116885
00024-00000004,mle,499,499,2.958075836116885
00024-00000004,mle,512,512,2.958075836116885
00024-00000004,mle,515,515,2.958075836116885
00024-00000004,mle,520,520,2.958075836116885
00024-00000004,mle,522,522,2.958075836116885
00024-00000004,mle,523,523,2.958075836116885
00024-00000004,mle,526,526,2.958075836116885
00024-00000004,mle,532,532,2.958075836116885
00024-00000004,mle,533,533,2.958075836116885
00024-00000004,mle,535,535,2.958075836116885
00024-00000004,mle,539,539,3.5787498191055196
00024-00000004,mle,544,544,3.5787498191055196
00024-00000004,mle,545,545,3.5787498191055196
00024-00000004,mle,551,551,3.5787498191055196
00024-00000004,mle,555,555,3.5787498191055196
00024-00000004,mle,557,557,3.5787498191055196
00024-00000004,mle,560,560,3.5787498191055196
00024-00000004,mle,570,570,2.958075836116885
00024-00000004,mle,572,572,2.958075836116885
00024-00000004,mle,573,573,2.958075836116885
00024-00000004,mle,577,577,2.958075836116885
00024-00000004,mle,579,579,2.958075836116885
00024-00000004,mle,583,583,2.958075836116885
00024-00000004,mle,584,584,2.958075836116885
00024-00000004,mle,586,586,2.958075836116885
00024-00000004,mle,591,591,3.5787498191055196
00024-00000004,mle,593,593,3.5787498191055196
00024-00000004,mle,594,594,3.5787498191055196
00024-00000004,mle,595,595,3.5787498191055196
00024-00000004,mle,596,596,3.5787498191055196
00024-00000004,mle,600,600,3.5787498191055196
00024-00000004,mle,605,605,3.5787498191055196
00024-00000004,mle,608,608,3.5787498191055196
00024-00000004,mle,610,610,3.5787498191055196
00024-00000004,mle,612,612,3.5787498191055196
00024-00000004,mle,613,613,3.5787498191055196
00024-00000004,mle,614,614,3.5787498191055196
00024-00000004,mle,616,616,3.5787498191055196
00024-00000004,mle,621,621,3.5787498191055196
00024-00000004,mle,625,625,3.5787498191055196
00024-00000004,mle,636,636,3.5787498191055196
00024-00000004,mle,650,650,4.199423802094154
00024-00000004,mle,655,655,4.199423802094154
00024-00000004,mle,663,663,3.5787498191055196
00024-00000004,mle,691,691,3.5787498191055196
00024-00000004,mle,692,692,3.5787498191055196
00024-00000004,mle,695,695,4.199423802094154
00024-00000004,mle,709,709,4.199423802094154
00024-00000004,mle,717,717,4.199423802094154
00024-00000004,mle,727,727,3.5787498191055196
00024-00000004,mle,733,733,3.5787498191055196
00024-00000004,mle,736,736,3.5787498191055196
00024-00000004,mle,737,737,4.199423802094154
00024-00000004,mle,741,741,4.199423802094154
00024-00000004,mle,743,743,4.199423802094154
00024-00000004,mle,753,753,4.820097785082789
00024-00000004,mle,756,756,4.820097785082789
00024-00000004,mle,759,759,4.820097785082789
00024-00000004,mle,765,765,5.440771768071422
00024-00000004,mle,767,767,5.440771768071422
00024-00000004,mle,773,773,4.820097785082789
00024-00000004,mle,785,785,4.199423802094154
00024-00000004,sharp,0,0,1.7167278701396165
00024-00000004,sharp,7,7,1.7167278701396165
00024-00000004,sharp,19,19,1.7167278701396165
00024-00000004,sharp,24,24,1.7167278701396165
00024-00000004,sharp,30,30,1.7167278701396165
00024-00000004,sharp,31,31,1.7167278701396165
00024-00000004,sharp,32,32,1.7167278701396165
00024-00000004,sharp,39,39,1.7167278701396165
00024-00000004,sharp,40,40,1.7167278701396165
00024-00000004,sharp,44,44,1.7167278701396165
00024-00000004,sharp,47,47,1.7167278701396165
00024-00000004,sharp,52,52,1.7167278701396165
00024-00000004,sharp,53,53,1.7167278701396165
00024-00000004,sharp,54,54,1.7167278701396165
00024-00000004,sharp,57,57,1.7167278701396165
00024-00000004,sharp,61,61,1.7167278701396165
00024-00000004,sharp,78,78,1.7167278701396165
00024-00000004,sharp,79,79,1.7167278701396165
00024-00000004,sharp,88,88,1.7167278701396165
00024-00000004,sharp,93,93,1.7167278701396165
00024-00000004,sharp,103,103,1.7167278701396165
00024-00000004,sharp,111,111,1.7167278701396165
00024-00000004,sharp,121,121,1.7167278701396165
00024-00000004,sharp,126,126,1.7167278701396165
00024-00000004,sharp,132,132,1.7167278701396165
00024-00000004,sharp,133,133,1.7167278701396165
00024-00000004,sharp,146,146,1.7167278701396165
00024-00000004,sharp,147,147,1.7167278701396165
00024-00000004,sharp,154,154,1.7167278701396165
00024-00000004,sharp,156,156,1.7167278701396165
00024-00000004,sharp,164,164,1.7167278701396165
00024-00000004,sharp,165,165,1.7167278701396165
00024-00000004,sharp,168,168,1.7167278701396165
00024-00000004,sharp,170,170,2.3374018531282506
00024-00000004,sharp,172,172,2.3374018531282506
00024-00000004,sharp,182,182,2.3374018531282506
00024-00000004,sharp,184,184,2.3374018531282506
00024-00000004,sharp,185,185,2.3374018531282506
00024-00000004,sharp,188,188,2.3374018531282506
00024-00000004,sharp,198,198,2.3374018531282506
00024-00000004,sharp,208,208,2.3374018531282506
00024-00000004,sharp,209,209,2.3374018531282506
00024-00000004,sharp,211,211,2.3374018531282506
00024-00000004,sharp,214,214,2.3374018531282506
00024-00000004,sharp,221,221,2.3374018531282506
00024-00000004,sharp,229,229,2.3374018531282506
00024-00000004,sharp,232,232,2.3374018531282506
00024-00000004,sharp,238,238,2.3374018531282506
00024-00000004,sharp,246,246,2.3374018531282506
00024-00000004,sharp,248,248,2.3374018531282506
00024-00000004,sharp,255,255,2.3374018531282506
00024-00000004,sharp,257,257,2.3374018531282506
00024-00000004,sharp,264,264,2.3374018531282506
00024-00000004,sharp,271,271,2.3374018531282506
00024-00000004,sharp,273,273,2.3374018531282506
00024-00000004,sharp,281,281,2.3374018531282506
00024-00000004,sharp,285,285,2.3374018531282506
00024-00000004,sharp,287,287,2.3374018531282506
00024-00000004,sharp,293,293,2.3374018531282506
00024-00000004,sharp,306,306,2.3374018531282506
00024-00000004,sharp,307,307,2.3374018531282506
00024-00000004,sharp,309,309,2.3374018531282506
00024-00000004,sharp,315,315,2.3374018531282506
00024-00000004,sharp,316,316,2.3374018531282506
00024-00000004,sharp,328,328,2.3374018531282506
00024-00000004,sharp,334,334,2.3374018531282506
00024-00000004,sharp,337,337,2.3374018531282506
00024-00000004,sharp,349,349,2.3374018531282506
00024-00000004,sharp,353,353,2.3374018531282506
00024-00000004,sharp,355,355,2.3374018531282506
00024-00000004,sharp,360,360,2.3374018531282506
00024-00000004,sharp,369,369,2.3374018531282506
00024-00000004,sharp,370,370,2.3374018531282506
00024-00000004,sharp,380,380,2.3374018531282506
00024-00000004,sharp,381,381,2.3374018531282506
00024-00000004,sharp,382,382,2.3374018531282506
00024-00000004,sharp,384,384,2.3374018531282506
00024-00000004,sharp,390,390,2.3374018531282506
00024-00000004,sharp,391,391,2.3374018531282506
00024-00000004,sharp,401,401,2.3374018531282506
00024-00000004,sharp,402,402,2.3374018531282506
00024-00000004,sharp,409,409,2.3374018531282506
00024-00000004,sharp,414,414,2.958075836116885
00024-00000004,sharp,417,417,2.958075836116885
00024-00000004,sharp,423,423,2.958075836116885
00024-00000004,sharp,426,426,2.958075836116885
00024-00000004,sharp,438,438,2.958075836116885
00024-00000004,sharp,441,441,2.958075836116885
00024-00000004,sharp,449,449,2.958075836116885
00024-00000004,sharp,450,450,2.958075836116885
00024-00000004,sharp,455,455,2.958075836116885
00024-00000004,sharp,462,462,2.958075836116885
00024-00000004,sharp,467,467,2.958075836116885
00024-00000004,sharp,470,470,2.958075836116885
00024-00000004,sharp,472,472,2.958075836116885
00024-00000004,sharp,487,487,2.958075836116885
00024-00000004,sharp,498,498,2.958075836116885
00024-00000004,sharp,499,499,2.958075836116885
00024-00000004,sharp,512,512,2.958075836116885
00024-00000004,sharp,515,515,2.958075836116885
00024-00000004,sharp,520,520,2.958075836116885
00024-00000004,sharp,522,522,2.958075836116885
00024-00000004,sharp,523,523,2.958075836116885
00024-00000004,sharp,526,526,2.958075836116885
00024-00000004,sharp,532,532,2.958075836116885
00024-00000004,sharp,533,533,2.958075836116885
00024-00000004,sharp,535,535,2.958075836116885
00024-00000004,sharp,539,539,3.5787498191055196
00024-00000004,sharp,544,544,3.5787498191055196
00024-00000004,sharp,545,545,3.5787498191055196
00024-00000004,sharp,551,551,3.5787498191055196
00024-00000004,sharp,555,555,3.5787498191055196
00024-00000004,sharp,557,557,3.5787498191055196
00024-00000004,sharp,560,560,3.5787498191055196
00024-00000004,sharp,570,570,2.958075836116885
00024-00000004,sharp,572,572,2.958075836116885
00024-00000004,sharp,573,573,2.958075836116885
00024-00000004,sharp,577,577,2.958075836116885
00024-00000004,sharp,579,579,2.958075836116885
00024-00000004,sharp,583,583,2.958075836116885
00024-00000004,sharp,584,584,2.958075836116885
00024-00000004,sharp,586,586,2.958075836116885
00024-00000004,sharp,591,591,3.5787498191055196
00024-00000004,sharp,593,593,3.5787498191055196
00024-00000004,sharp,594,594,3.5787498191055196
00024-00000004,sharp,595,595,3.5787498191055196
00024-00000004,sharp,596,596,3.5787498191055196
00024-00000004,sharp,600,600,3.5787498191055196
00024-00000004,sharp,605,605,3.5787498191055196
00024-00000004,sharp,608,608,3.5787498191055196
00024-00000004,sharp,610,610,3.5787498191055196
00024-00000004,sharp,612,612,3.5787498191055196
00024-00000004,sharp,613,613,3.5787498191055196
00024-00000004,sharp,614,614,3.5787498191055196
00024-00000004,sharp,616,616,3.5787498191055196
00024-00000004,sharp,621,621,3.5787498191055196
00024-00000004,sharp,625,625,3.5787498191055196
00024-00000004,sharp,636,636,3.5787498191055196
00024-00000004,sharp,650,650,4.199423802094154
00024-00000004,sharp,655,655,4.199423802094154
00024-00000004,sharp,663,663,3.5787498191055196
00024-00000004,sharp,691,691,3.5787498191055196
00024-00000004,sharp,692,692,3.5787498191055196
00024-00000004,sharp,695,695,4.199423802094154
00024-00000004,sharp,709,709,4.199423802094154
00024-00000004,sharp,717,717,4.199423802094154
00024-00000004,sharp,727,727,3.5787498191055196
00024-00000004,sharp,733,733,3.5787498191055196
00024-00000004,sharp,736,736,3.5787498191055196
00024-00000004,sharp,737,737,4.199423802094154
00024-00000004,sharp,741,741,4.199423802094154
00024-00000004,sharp,743,743,4.199423802094154
00024-00000004,sharp,753,753,4.820097785082789
00024-00000004,sharp,756,756,4.820097785082789
00024-00000004,sharp,759,759,4.820097785082789
00024-00000004,sharp,765,765,5.440771768071422
00024-00000004,sharp,767,767,5.440771768071422
00024-00000004,sharp,773,773,4.820097785082789
00024-00000004,sharp,785,785,4.199423802094154
00024-00000004,efficient,0,0,
00024-00000004,efficient,7,7,
00024-00000004,efficient,19,19,
00024-00000004,efficient,24,24,
00024-00000004,efficient,30,30,
00024-00000004,efficient,31,31,
00024-00000004,efficient,32,32,
00024-00000004,efficient,39,39,
00024-00000004,efficient,40,40,
00024-00000004,efficient,44,44,
00024-00000004,efficient,47,47,
00024-00000004,efficient,52,52,
00024-00000004,efficient,53,53,
00024-00000004,efficient,54,54,
00024-00000004,efficient,57,57,
00024-00000004,efficient,61,61,
00024-00000004,efficient,78,78,
00024-00000004,efficient,79,79,
00024-00000004,efficient,88,88,
00024-00000004,efficient,93,93,
00024-00000004,efficient,103,103,
00024-00000004,efficient,111,111,
00024-00000004,efficient,121,121,
00024-00000004,efficient,126,126,
00024-00000004,efficient,132,132,
00024-00000004,efficient,133,133,
00024-00000004,efficient,146,146,
00024-00000004,efficient,147,147,
00024-00000004,efficient,154,154,
00024-00000004,efficient,156,156,
00024-00000004,efficient,164,164,
00024-00000004,efficient,165,165,
00024-00000004,efficient,168,168,
00024-00000004,efficient,170,170,
00024-00000004,efficient,172,172,
00024-00000004,efficient,182,182,
00024-00000004,efficient,184,184,
00024-00000004,efficient,185,185,
00024-00000004,efficient,188,188,
00024-00000004,efficient,198,198,
00024-00000004,efficient,208,208,
00024-00000004,efficient,209,209,
00024-00000004,efficient,211,211,
00024-00000004,efficient,214,214,
00024-00000004,efficient,221,221,
00024-00000004,efficient,229,229,
00024-00000004,efficient,232,232,
00024-00000004,efficient,238,238,
00024-00000004,efficient,246,246,
00024-00000004,efficient,248,248,
00024-00000004,efficient,255,255,
00024-00000004,efficient,257,257,
00024-00000004,efficient,264,264,
00024-00000004,efficient,271,271,
00024-00000004,efficient,273,273,
00024-00000004,efficient,281,281,
00024-00000004,efficient,285,285,
00024-00000004,efficient,287,287,
00024-00000004,efficient,293,293,
00024-00000004,efficient,306,306,
00024-00000004,efficient,307,307,
00024-00000004,efficient,309,309,
00024-00000004,efficient,315,315,
00024-00000004,efficient,316,316,
00024-00000004,efficient,328,328,
00024-00000004,efficient,334,334,
00024-00000004,efficient,337,337,
00024-00000004,efficient,349,349,
00024-00000004,efficient,353,353,
00024-00000004,efficient,355,355,
00024-00000004,efficient,360,360,
00024-00000004,efficient,369,369,
00024-00000004,efficient,370,370,
00024-00000004,efficient,380,380,
00024-00000004,efficient,381,381,
00024-00000004,efficient,382,382,
00024-00000004,efficient,384,384,
00024-00000004,efficient,390,390,
00024-00000004,efficient,391,391,
00024-00000004,efficient,401,401,
00024-00000004,efficient,402,402,
00024-00000004,efficient,409,409,
00024-00000004,efficient,414,414,
00024-00000004,efficient,417,417,
00024-00000004,efficient,423,423,
00024-00000004,efficient,426,426,
00024-00000004,efficient,438,438,
00024-00000004,efficient,441,441,
00024-00000004,efficient,449,449,
00024-00000004,efficient,450,450,
00024-00000004,efficient,455,455,
00024-00000004,efficient,462,462,
00024-00000004,efficient,467,467,
00024-00000004,efficient,470,470,
00024-00000004,efficient,472,472,
00024-00000004,efficient,487,487,
00024-00000004,efficient,498,498,
00024-00000004,efficient,499,499,
00024-00000004,efficient,512,512,
00024-00000004,efficient,515,515,
00024-00000004,efficient,520,520,
00024-00000004,efficient,522,522,
00024-00000004,efficient,523,523,
00024-00000004,efficient,526,526,
00024-00000004,efficient,532,532,
00024-00000004,efficient,533,533,
00024-00000004,efficient,535,535,
00024-00000004,efficient,539,539,
00024-00000004,efficient,544,544,
00024-00000004,efficient,545,545,
00024-00000004,efficient,551,551,
00024-00000004,efficient,555,555,
00024-00000004,efficient,557,557,
00024-00000004,efficient,560,560,
00024-00000004,efficient,570,570,
00024-00000004,efficient,572,572,
00024-00000004,efficient,573,573,
00024-00000004,efficient,577,577,
00024-00000004,efficient,579,579,
00024-00000004,efficient,583,583,
00024-00000004,efficient,584,584,
00024-00000004,efficient,586,586,
00024-00000004,efficient,591,591,
00024-00000004,efficient,593,593,
00024-00000004,efficient,594,594,
00024-00000004,efficient,595,595,
00024-00000004,efficient,596,596,
00024-00000004,efficient,600,600,
00024-00000004,efficient,605,605,
00024-00000004,efficient,608,608,
00024-00000004,efficient,610,610,
00024-00000004,efficient,612,612,
00024-00000004,efficient,613,613,
00024-00000004,efficient,614,614,
00024-00000004,efficient,616,616,
00024-00000004,efficient,621,621,
00024-00000004,efficient,625,625,
00024-00000004,efficient,636,636,
00024-00000004,efficient,650,650,
00024-00000004,efficient,655,655,
00024-00000004,efficient,663,663,
00024-00000004,efficient,691,691,
00024-00000004,efficient,692,692,
00024-00000004,efficient,695,695,
00024-00000004,efficient,709,709,
00024-00000004,efficient,717,717,
00024-00000004,efficient,727,727,
00024-00000004,efficient,733,733,
00024-00000004,efficient,736,736,
00024-00000004,efficient,737,737,
00024-00000004,efficient,741,741,
00024-00000004,efficient,743,743,
00024-00000004,efficient,753,753,
00024-00000004,efficient,756,756,
00024-00000004,efficient,759,759,
00024-00000004,efficient,765,765,
00024-00000004,efficient,767,767,
00024-00000004,efficient,773,773,
00024-00000004,efficient,785,785,
00024-00000004,borda,0,0,1.7167278701396165
00024-00000004,borda,7,7,1.7167278701396165
00024-00000004,borda,19,19,1.7167278701396165
00024-00000004,borda,24,24,1.7167278701396165
00024-00000004,borda,30,30,1.7167278701396165
00024-00000004,borda,31,31,1.7167278701396165
00024-00000004,borda,32,32,1.7167278701396165
00024-00000004,borda,39,39,1.7167278701396165
00024-00000004,borda,40,40,1.7167278701396165
00024-00000004,borda,44,44,1.7167278701396165
00024-00000004,borda,47,47,1.7167278701396165
00024-00000004,borda,52,52,1.7167278701396165
00024-00000004,borda,53,53,1.7167278701396165
00024-00000004,borda,54,54,1.7167278701396165
00024-00000004,borda,57,57,1.7167278701396165
00024-00000004,borda,61,61,1.7167278701396165
00024-00000004,borda,78,78,1.7167278701396165
00024-00000004,borda,79,79,1.7167278701396165
00024-00000004,borda,88,88,1.7167278701396165
00024-00000004,borda,93,93,1.7167278701396165
00024-00000004,borda,103,103,1.7167278701396165
00024-00000004,borda,111,111,1.7167278701396165
00024-00000004,borda,121,121,1.7167278701396165
00024-00000004,borda,126,126,1.7167278701396165
00024-00000004,borda,132,132,1.7167278701396165
00024-00000004,borda,133,133,1.7167278701396165
00024-00000004,borda,146,146,1.7167278701396165
00024-00000004,borda,147,147,1.7167278701396165
00024-00000004,borda,154,154,1.7167278701396165
00024-00000004,borda,156,156,1.7167278701396165
00024-00000004,borda,164,164,1.7167278701396165
00024-00000004,borda,165,165,1.7167278701396165
00024-00000004,borda,168,168,1.7167278701396165
00024-00000004,borda,170,170,2.3374018531282506
00024-00000004,borda,172,172,2.3374018531282506
00024-00000004,borda,182,182,2.3374018531282506
00024-00000004,borda,184,184,2.3374018531282506
00024-00000004,borda,185,185,2.3374018531282506
00024-00000004,borda,188,188,2.3374018531282506
00024-00000004,borda,198,198,2.3374018531282506
00024-00000004,borda,208,208,2.3374018531282506
00024-00000004,borda,209,209,2.3374018531282506
00024-00000004,borda,211,211,2.3374018531282506
00024-00000004,borda,214,214,2.3374018531282506
00024-00000004,borda,221,221,2.3374018531282506
00024-00000004,borda,229,229,2.3374018531282506
00024-00000004,borda,232,232,2.3374018531282506
00024-00000004,borda,238,238,2.3374018531282506
00024-00000004,borda,246,246,2.3374018531282506
00024-00000004,borda,248,248,2.3374018531282506
00024-00000004,borda,255,255,2.3374018531282506
00024-00000004,borda,257,257,2.3374018531282506
00024-00000004,borda,264,264,2.3374018531282506
00024-00000004,borda,271,271,2.3374018531282506
00024-00000004,borda,273,273,2.3374018531282506
00024-00000004,borda,281,281,2.3374018531282506
00024-00000004,borda,285,285,2.3374018531282506
00024-00000004,borda,287,287,2.3374018531282506
00024-00000004,borda,293,293,2.3374018531282506
00024-00000004,borda,306,306,2.3374018531282506
00024-00000004,borda,307,307,2.3374018531282506
00024-00000004,borda,309,309,2.3374018531282506
00024-00000004,borda,315,315,2.3374018531282506
00024-00000004,borda,316,316,2.3374018531282506
00024-00000004,borda,328,328,2.3374018531282506
00024-00000004,borda,334,334,2.3374018531282506
00024-00000004,borda,337,337,2.3374018531282506
00024-00000004,borda,349,349,2.3374018531282506
00024-00000004,borda,353,353,2.3374018531282506
00024-00000004,borda,355,355,2.3374018531282506
00024-00000004,borda,360,360,2.3374018531282506
00024-00000004,borda,369,369,2.3374018531282506
00024-00000004,borda,370,370,2.3374018531282506
00024-00000004,borda,380,380,2.3374018531282506
00024-00000004,borda,381,381,2.3374018531282506
00024-00000004,borda,382,382,2.3374018531282506
00024-00000004,borda,384,384,2.3374018531282506
00024-00000004,borda,390,390,2.3374018531282506
00024-00000004,borda,391,391,2.3374018531282506
00024-00000004,borda,401,401,2.3374018531282506
00024-00000004,borda,402,402,2.3374018531282506
00024-00000004,borda,409,409,2.3374018531282506
00024-00000004,borda,414,414,2.958075836116885
00024-00000004,borda,417,417,2.958075836116885
00024-00000004,borda,423,423,2.958075836116885
00024-00000004,borda,426,426,2.958075836116885
00024-00000004,borda,438,438,2.958075836116885
00024-00000004,borda,441,441,2.958075836116885
00024-00000004,borda,449,449,2.958075836116885
00024-00000004,borda,450,450,2.958075836116885
00024-00000004,borda,455,455,2.958075836116885
00024-00000004,borda,462,462,2.958075836116885
00024-00000004,borda,467,467,2.958075836116885
00024-00000004,borda,470,470,2.958075836116885
00024-00000004,borda,472,472,2.958075836116885
00024-00000004,borda,487,487,2.958075836116885
00024-00000004,borda,498,498,2.958075836116885
00024-00000004,borda,499,499,2.958075836116885
00024-00000004,borda,512,512,2.958075836116885
00024-00000004,borda,515,515,2.958075836116885
00024-00000004,borda,520,520,2.958075836116885
00024-00000004,borda,522,522,2.958075836116885
00024-00000004,borda,523,523,2.958075836116885
00024-00000004,borda,526,526,2.958075836116885
00024-00000004,borda,532,532,2.958075836116885
00024-00000004,borda,533,533,2.958075836116885
00024-00000004,borda,535,535,2.958075836116885
00024-00000004,borda,539,539,3.5787498191055196
00024-00000004,borda,544,544,3.5787498191055196
00024-00000004,borda,545,545,3.5787498191055196
00024-00000004,borda,551,551,3.5787498191055196
00024-00000004,borda,555,555,3.5787498191055196
00024-00000004,borda,557,557,3.5787498191055196
00024-00000004,borda,560,560,3.5787498191055196
00024-00000004,borda,570,570,2.958075836116885
00024-00000004,borda,572,572,2.958075836116885
00024-00000004,borda,573,573,2.958075836116885
00024-00000004,borda,577,577,2.958075836116885
00024-00000004,borda,579,579,2.958075836116885
00024-00000004,borda,583,583,2.958075836116885
00024-00000004,borda,584,584,2.958075836116885
00024-00000004,borda,586,586,2.958075836116885
00024-00000004,borda,591,591,3.5787498191055196
00024-00000004,borda,593,593,3.5787498191055196
00024-00000004,borda,594,594,3.5787498191055196
00024-00000004,borda,595,595,3.5787498191055196
00024-00000004,borda,596,596,3.5787498191055196
00024-00000004,borda,600,600,3.5787498191055196
00024-00000004,borda,605,605,3.5787498191055196
00024-00000004,borda,608,608,3.5787498191055196
00024-00000004,borda,610,610,3.5787498191055196
00024-00000004,borda,612,612,3.5787498191055196
00024-00000004,borda,613,613,3.5787498191055196
00024-00000004,borda,614,614,3.5787498191055196
00024-00000004,borda,616,616,3.5787498191055196
00024-00000004,borda,621,621,3.5787498191055196
00024-00000004,borda,625,625,3.5787498191055196
00024-00000004,borda,636,636,3.5787498191055196
00024-00000004,borda,650,650,4.199423802094154
00024-00000004,borda,655,655,4.199423802094154
00024-00000004,borda,663,663,3.5787498191055196
00024-00000004,borda,691,691,3.5787498191055196
00024-00000004,borda,692,692,3.5787498191055196
00024-00000004,borda,695,695,4.199423802094154
00024-00000004,borda,709,709,4.199423802094154
00024-00000004,borda,717,717,4.199423802094154
00024-00000004,borda,727,727,3.5787498191055196
00024-00000004,borda,733,733,3.5787498191055196
00024-00000004,borda,736,736,3.5787498191055196
00024-00000004,borda,737,737,4.199423802094154
00024-00000004,borda,741,741,4.199423802094154
00024-00000004,borda,743,743,4.199423802094154
00024-00000004,borda,753,753,4.820097785082789
00024-00000004,borda,756,756,4.820097785082789
00024-00000004,borda,759,759,4.820097785082789
00024-00000004,borda,765,765,5.440771768071422
00024-00000004,borda,767,767,5.440771768071422
00024-00000004,borda,773,773,4.820097785082789
00024-00000004,borda,785,785,4.199423802094154
00025-00000001,pl,1,1,2.461709528376305
00025-00000001,pl,9,9,2.461709528376305
00025-00000001,pl,17,17,2.461709528376305
00025-00000001,pl,19,19,2.461709528376305
00025-00000001,pl,20,20,2.461709528376305
00025-00000001,pl,36,36,2.461709528376305
00025-00000001,pl,50,50,2.461709528376305
00025-00000001,pl,63,63,2.461709528376305
00025-00000001,pl,65,65,2.461709528376305
00025-00000001,pl,74,74,2.461709528376305
00025-00000001,pl,77,77,2.461709528376305
00025-00000001,pl,83,83,2.461709528376305
00025-00000001,pl,96,96,2.6521286019250168
00025-00000001,pl,97,97,2.6521286019250168
00025-00000001,pl,99,99,2.6521286019250168
00025-00000001,pl,102,102,2.6521286019250168
00025-00000001,pl,105,105,2.6521286019250168
00025-00000001,pl,107,107,2.6521286019250168
00025-00000001,pl,111,111,2.6521286019250168
00025-00000001,pl,116,116,2.6521286019250168
00025-00000001,pl,136,136,2.6521286019250168
00025-00000001,pl,138,138,2.6521286019250168
00025-00000001,pl,152,152,2.6521286019250168
00025-00000001,pl,153,153,2.6521286019250168
00025-00000001,pl,157,157,2.6521286019250168
00025-00000001,pl,172,172,3.07599116014402
00025-00000001,pl,173,173,3.07599116014402
00025-00000001,pl,176,176,3.07599116014402
00025-00000001,pl,177,177,3.07599116014402
00025-00000001,pl,178,178,3.07599116014402
00025-00000001,pl,185,185,3.07599116014402
00025-00000001,pl,186,186,3.07599116014402
00025-00000001,pl,187,187,3.07599116014402
00025-00000001,pl,189,189,3.07599116014402
00025-00000001,pl,206,206,3.07599116014402
00025-00000001,pl,207,207,2.5869879353408956
00025-00000001,pl,213,213,2.5869879353408956
00025-00000001,pl,214,214,2.5869879353408956
00025-00000001,pl,219,219,2.5869879353408956
00025-00000001,pl,220,220,2.5869879353408956
00025-00000001,pl,221,221,2.5869879353408956
00025-00000001,pl,226,226,2.5869879353408956
00025-00000001,pl,227,227,2.5869879353408956
00025-00000001,pl,233,233,2.5869879353408956
00025-00000001,pl,236,236,2.5869879353408956
00025-00000001,pl,251,251,2.5869879353408956
00025-00000001,pl,260,260,2.660413793298658
00025-00000001,pl,272,272,2.660413793298658
00025-00000001,pl,273,273,2.660413793298658
00025-00000001,pl,275,275,2.660413793298658
00025-00000001,pl,278,278,2.660413793298658
00025-00000001,pl,279,279,2.660413793298658
00025-00000001,pl,286,286,2.660413793298658
00025-00000001,pl,298,298,2.660413793298658
00025-00000001,pl,301,301,2.8508328668473704
00025-00000001,pl,305,305,2.8508328668473704
00025-00000001,pl,306,306,2.8508328668473704
00025-00000001,pl,307,307,2.8508328668473704
00025-00000001,pl,309,309,2.8508328668473704
00025-00000001,pl,312,312,2.8508328668473704
00025-00000001,pl,317,317,2.8508328668473704
00025-00000001,pl,321,321,2.8508328668473704
00025-00000001,pl,323,323,2.8508328668473704
00025-00000001,pl,335,335,2.8508328668473704
00025-00000001,pl,348,348,2.9955677523105555
00025-00000001,pl,350,350,2.9955677523105555
00025-00000001,pl,355,355,2.9955677523105555
00025-00000001,pl,356,356,2.9955677523105555
00025-00000001,pl,357,357,2.9955677523105555
00025-00000001,pl,358,358,2.9955677523105555
00025-00000001,pl,361,361,2.9955677523105555
00025-00000001,pl,366,366,2.9955677523105555
00025-00000001,pl,371,371,2.9955677523105555
00025-00000001,pl,374,374,2.9955677523105555
00025-00000001,pl,379,379,2.9955677523105555
00025-00000001,pl,390,390,2.857830416723072
00025-00000001,pl,394,394,2.857830416723072
00025-00000001,pl,397,397,2.857830416723072
00025-00000001,pl,399,399,2.857830416723072
00025-00000001,pl,400,400,2.857830416723072
00025-00000001,pl,401,401,2.857830416723072
00025-00000001,pl,410,410,2.857830416723072
00025-00000001,pl,412,412,2.857830416723072
00025-00000001,pl,421,421,3.16214162058412
00025-00000001,pl,435,435,3.16214162058412
00025-00000001,pl,437,437,3.16214162058412
00025-00000001,pl,441,441,3.16214162058412
00025-00000001,pl,443,443,3.16214162058412
00025-00000001,pl,448,448,3.16214162058412
00025-00000001,pl,454,454,3.0678549232533534
00025-00000001,pl,468,468,3.0678549232533534
00025-00000001,pl,473,473,3.0678549232533534
00025-00000001,pl,477,477,3.0678549232533534
00025-00000001,pl,479,479,3.0678549232533534
00025-00000001,pl,483,483,2.8487522301964496
00025-00000001,pl,505,505,2.8487522301964496
00025-00000001,pl,513,513,2.8487522301964496
00025-00000001,pl,518,518,3.319516783394883
00025-00000001,pl,520,520,3.319516783394883
00025-00000001,pl,523,523,3.319516783394883
00025-00000001,pl,528,528,3.319516783394883
00025-00000001,pl,529,529,3.319516783394883
00025-00000001,pl,530,530,3.319516783394883
00025-00000001,pl,531,531,3.319516783394883
00025-00000001,pl,536,536,3.319516783394883
00025-00000001,pl,537,537,3.319516783394883
00025-00000001,pl,540,540,3.319516783394883
00025-00000001,pl,545,545,3.1309149531865543
00025-00000001,pl,548,548,3.1309149531865543
00025-00000001,pl,549,549,3.1309149531865543
00025-00000001,pl,554,554,3.1309149531865543
00025-00000001,pl,563,563,3.1309149531865543
00025-00000001,pl,568,568,3.1309149531865543
00025-00000001,pl,581,581,3.3803023640050682
00025-00000001,pl,584,584,3.3803023640050682
00025-00000001,pl,587,587,3.3803023640050682
00025-00000001,pl,588,588,3.3803023640050682
00025-00000001,pl,589,589,3.3803023640050682
00025-00000001,pl,594,594,3.3803023640050682
00025-00000001,pl,601,601,3.680957300932821
00025-00000001,pl,615,615,3.680957300932821
00025-00000001,pl,624,624,3.9099353257830263
00025-00000001,pl,635,635,3.9099353257830263
00025-00000001,pl,638,638,3.9099353257830263
00025-00000001,pl,643,643,3.9099353257830263
00025-00000001,pl,650,650,3.2573320471661096
00025-00000001,pl,659,659,3.2573320471661096
00025-00000001,pl,664,664,3.2573320471661096
00025-00000001,pl,666,666,3.2573320471661096
00025-00000001,pl,668,668,3.723504209938315
00025-00000001,pl,676,676,3.723504209938315
00025-00000001,pl,681,681,3.723504209938315
00025-00000001,pl,683,683,3.723504209938315
00025-00000001,pl,688,688,3.723504209938315
00025-00000001,pl,690,690,3.4251237223335775
00025-00000001,pl,692,692,3.4251237223335775
00025-00000001,pl,699,699,3.4251237223335775
00025-00000001,pl,700,700,3.4251237223335775
00025-00000001,pl,701,701,3.4251237223335775
00025-00000001,pl,704,704,3.4251237223335775
00025-00000001,pl,705,705,3.4251237223335775
00025-00000001,pl,706,706,3.4251237223335775
00025-00000001,pl,711,711,3.972995355716227
00025-00000001,pl,713,713,3.972995355716227
00025-00000001,pl,717,717,3.972995355716227
00025-00000001,pl,731,731,3.971178112375844
00025-00000001,pl,738,738,3.971178112375844
00025-00000001,pl,742,742,3.971178112375844
00025-00000001,pl,750,750,4.114457886492834
00025-00000001,pl,756,756,4.114457886492834
00025-00000001,pl,758,758,4.114457886492834
00025-00000001,pl,759,759,4.114457886492834
00025-00000001,pl,761,761,4.114457886492834
00025-00000001,pl,772,772,4.157004795498327
00025-00000001,pl,779,779,4.157004795498327
00025-00000001,pl,780,780,4.0767850513145385
00025-00000001,pl,781,781,4.0767850513145385
00025-00000001,pl,783,783,4.0767850513145385
00025-00000001,pl,786,786,4.0767850513145385
00025-00000001,mle,1,1,2.27256405824768
00025-00000001,mle,9,9,2.27256405824768
00025-00000001,mle,17,17,2.27256405824768
00025-00000001,mle,19,19,2.27256405824768
00025-00000001,mle,20,20,2.27256405824768
00025-00000001,mle,36,36,2.27256405824768
00025-00000001,mle,50,50,2.27256405824768
00025-00000001,mle,63,63,2.27256405824768
00025-00000001,mle,65,65,2.27256405824768
00025-00000001,mle,74,74,2.27256405824768
00025-00000001,mle,77,77,2.27256405824768
00025-00000001,mle,83,83,2.27256405824768
00025-00000001,mle,96,96,2.6165765982199916
00025-00000001,mle,97,97,2.6165765982199916
00025-00000001,mle,99,99,2.6165765982199916
00025-00000001,mle,102,102,2.6165765982199916
00025-00000001,mle,105,105,2.6165765982199916
00025-00000001,mle,107,107,2.6165765982199916
00025-00000001,mle,111,111,2.6165765982199916
00025-00000001,mle,116,116,2.6165765982199916
00025-00000001,mle,136,136,2.6165765982199916
00025-00000001,mle,138,138,2.6165765982199916
00025-00000001,mle,152,152,2.6165765982199916
00025-00000001,mle,153,153,2.6165765982199916
00025-00000001,mle,157,157,2.6165765982199916
00025-00000001,mle,172,172,3.304601678164614
00025-00000001,mle,173,173,3.304601678164614
00025-00000001,mle,176,176,3.304601678164614
00025-00000001,mle,177,177,3.304601678164614
00025-00000001,mle,178,178,3.304601678164614
00025-00000001,mle,185,185,3.304601678164614
00025-00000001,mle,186,186,3.304601678164614
00025-00000001,mle,187,187,3.304601678164614
00025-00000001,mle,189,189,3.304601678164614
00025-00000001,mle,206,206,3.304601678164614
00025-00000001,mle,207,207,2.6165765982199916
00025-00000001,mle,213,213,2.6165765982199916
00025-00000001,mle,214,214,2.6165765982199916
00025-00000001,mle,219,219,2.6165765982199916
00025-00000001,mle,220,220,2.6165765982199916
00025-00000001,mle,221,221,2.6165765982199916
00025-00000001,mle,226,226,2.6165765982199916
00025-00000001,mle,227,227,2.6165765982199916
00025-00000001,mle,233,233,2.6165765982199916
00025-00000001,mle,236,236,2.6165765982199916
00025-00000001,mle,251,251,2.6165765982199916
00025-00000001,mle,260,260,2.6165765982199916
00025-00000001,mle,272,272,2.6165765982199916
00025-00000001,mle,273,273,2.6165765982199916
00025-00000001,mle,275,275,2.6165765982199916
00025-00000001,mle,278,278,2.6165765982199916
00025-00000001,mle,279,279,2.6165765982199916
00025-00000001,mle,286,286,2.6165765982199916
00025-00000001,mle,298,298,2.6165765982199916
00025-00000001,mle,301,301,2.960589138192303
00025-00000001,mle,305,305,2.960589138192303
00025-00000001,mle,306,306,2.960589138192303
00025-00000001,mle,307,307,2.960589138192303
00025-00000001,mle,309,309,2.960589138192303
00025-00000001,mle,312,312,2.960589138192303
00025-00000001,mle,317,317,2.960589138192303
00025-00000001,mle,321,321,2.960589138192303
00025-00000001,mle,323,323,2.960589138192303
00025-00000001,mle,335,335,2.960589138192303
00025-00000001,mle,348,348,2.960589138192303
00025-00000001,mle,350,350,2.960589138192303
00025-00000001,mle,355,355,2.960589138192303
00025-00000001,mle,356,356,2.960589138192303
00025-00000001,mle,357,357,2.960589138192303
00025-00000001,mle,358,358,2.960589138192303
00025-00000001,mle,361,361,2.960589138192303
00025-00000001,mle,366,366,2.960589138192303
00025-00000001,mle,371,371,2.960589138192303
00025-00000001,mle,374,374,2.960589138192303
00025-00000001,mle,379,379,2.960589138192303
00025-00000001,mle,390,390,2.960589138192303
00025-00000001,mle,394,394,2.960589138192303
00025-00000001,mle,397,397,2.960589138192303
00025-00000001,mle,399,399,2.960589138192303
00025-00000001,mle,400,400,2.960589138192303
00025-00000001,mle,401,401,2.960589138192303
00025-00000001,mle,410,410,2.960589138192303
00025-00000001,mle,412,412,2.960589138192303
00025-00000001,mle,421,421,3.304601678164614
00025-00000001,mle,435,435,3.304601678164614
00025-00000001,mle,437,437,3.304601678164614
00025-00000001,mle,441,441,3.304601678164614
00025-00000001,mle,443,443,3.304601678164614
00025-00000001,mle,448,448,3.304601678164614
00025-00000001,mle,454,454,2.960589138192303
00025-00000001,mle,468,468,2.960589138192303
00025-00000001,mle,473,473,2.960589138192303
00025-00000001,mle,477,477,2.960589138192303
00025-00000001,mle,479,479,2.960589138192303
00025-00000001,mle,483,483,2.960589138192303
00025-00000001,mle,505,505,2.960589138192303
00025-00000001,mle,513,513,2.960589138192303
00025-00000001,mle,518,518,3.304601678164614
00025-00000001,mle,520,520,3.304601678164614
00025-00000001,mle,523,523,3.304601678164614
00025-00000001,mle,528,528,3.304601678164614
00025-00000001,mle,529,529,3.304601678164614
00025-00000001,mle,530,530,3.304601678164614
00025-00000001,mle,531,531,3.304601678164614
00025-00000001,mle,536,536,3.304601678164614
00025-00000001,mle,537,537,3.304601678164614
00025-00000001,mle,540,540,3.304601678164614
00025-00000001,mle,545,545,3.304601678164614
00025-00000001,mle,548,548,3.304601678164614
00025-00000001,mle,549,549,3.304601678164614
00025-00000001,mle,554,554,3.304601678164614
00025-00000001,mle,563,563,3.304601678164614
00025-00000001,mle,568,568,3.304601678164614
00025-00000001,mle,581,581,3.6486142181369257
00025-00000001,mle,584,584,3.6486142181369257
00025-00000001,mle,587,587,3.6486142181369257
00025-00000001,mle,588,588,3.6486142181369257
00025-00000001,mle,589,589,3.6486142181369257
00025-00000001,mle,594,594,3.6486142181369257
00025-00000001,mle,601,601,3.6486142181369257
00025-00000001,mle,615,615,3.6486142181369257
00025-00000001,mle,624,624,3.304601678164614
00025-00000001,mle,635,635,3.304601678164614
00025-00000001,mle,638,638,3.304601678164614
00025-00000001,mle,643,643,3.304601678164614
00025-00000001,mle,650,650,3.304601678164614
00025-00000001,mle,659,659,3.304601678164614
00025-00000001,mle,664,664,3.304601678164614
00025-00000001,mle,666,666,3.304601678164614
00025-00000001,mle,668,668,3.992626758109237
00025-00000001,mle,676,676,3.992626758109237
00025-00000001,mle,681,681,3.992626758109237
00025-00000001,mle,683,683,3.992626758109237
00025-00000001,mle,688,688,3.992626758109237
00025-00000001,mle,690,690,3.6486142181369257
00025-00000001,mle,692,692,3.6486142181369257
00025-00000001,mle,699,699,3.6486142181369257
00025-00000001,mle,700,700,3.6486142181369257
00025-00000001,mle,701,701,3.6486142181369257
00025-00000001,mle,704,704,3.6486142181369257
00025-00000001,mle,705,705,3.6486142181369257
00025-00000001,mle,706,706,3.6486142181369257
00025-00000001,mle,711,711,3.6486142181369257
00025-00000001,mle,713,713,3.6486142181369257
00025-00000001,mle,717,717,3.6486142181369257
00025-00000001,mle,731,731,3.6486142181369257
00025-00000001,mle,738,738,3.6486142181369257
00025-00000001,mle,742,742,3.6486142181369257
00025-00000001,mle,750,750,3.992626758109237
00025-00000001,mle,756,756,3.992626758109237
00025-00000001,mle,758,758,3.992626758109237
00025-00000001,mle,759,759,3.992626758109237
00025-00000001,mle,761,761,3.992626758109237
00025-00000001,mle,772,772,4.336639298081549
00025-00000001,mle,779,779,4.336639298081549
00025-00000001,mle,780,780,3.992626758109237
00025-00000001,mle,781,781,3.992626758109237
00025-00000001,mle,783,783,3.992626758109237
00025-00000001,mle,786,786,3.992626758109237
00025-00000001,sharp,1,1,2.27256405824768
00025-00000001,sharp,9,9,2.27256405824768
00025-00000001,sharp,17,17,2.27256405824768
00025-00000001,sharp,19,19,2.27256405824768
00025-00000001,sharp,20,20,2.27256405824768
00025-00000001,sharp,36,36,2.27256405824768
00025-00000001,sharp,50,50,2.27256405824768
00025-00000001,sharp,63,63,2.27256405824768
00025-00000001,sharp,65,65,2.27256405824768
00025-00000001,sharp,74,74,2.27256405824768
00025-00000001,sharp,77,77,2.27256405824768
00025-00000001,sharp,83,83,2.27256405824768
00025-00000001,sharp,96,96,2.6165765982199916
00025-00000001,sharp,97,97,2.6165765982199916
00025-00000001,sharp,99,99,2.6165765982199916
00025-00000001,sharp,102,102,2.6165765982199916
00025-00000001,sharp,105,105,2.6165765982199916
00025-00000001,sharp,107,107,2.6165765982199916
00025-00000001,sharp,111,111,2.6165765982199916
00025-00000001,sharp,116,116,2.6165765982199916
00025-00000001,sharp,136,136,2.6165765982199916
00025-00000001,sharp,138,138,2.6165765982199916
00025-00000001,sharp,152,152,2.6165765982199916
00025-00000001,sharp,153,153,2.6165765982199916
00025-00000001,sharp,157,157,2.6165765982199916
00025-00000001,sharp,172,172,3.304601678164614
00025-00000001,sharp,173,173,3.304601678164614
00025-00000001,sharp,176,176,3.304601678164614
00025-00000001,sharp,177,177,3.304601678164614
00025-00000001,sharp,178,178,3.304601678164614
00025-00000001,sharp,185,185,3.304601678164614
00025-00000001,sharp,186,186,3.304601678164614
00025-00000001,sharp,187,187,3.304601678164614
00025-00000001,sharp,189,189,3.304601678164614
00025-00000001,sharp,206,206,3.304601678164614
00025-00000001,sharp,207,207,2.6165765982199916
00025-00000001,sharp,213,213,2.6165765982199916
00025-00000001,sharp,214,214,2.6165765982199916
00025-00000001,sharp,219,219,2.6165765982199916
00025-00000001,sharp,220,220,2.6165765982199916
00025-00000001,sharp,221,221,2.6165765982199916
00025-00000001,sharp,226,226,2.6165765982199916
00025-00000001,sharp,227,227,2.6165765982199916
00025-00000001,sharp,233,233,2.6165765982199916
00025-00000001,sharp,236,236,2.6165765982199916
00025-00000001,sharp,251,251,2.6165765982199916
00025-00000001,sharp,260,260,2.6165765982199916
00025-00000001,sharp,272,272,2.6165765982199916
00025-00000001,sharp,273,273,2.6165765982199916
00025-00000001,sharp,275,275,2.6165765982199916
00025-00000001,sharp,278,278,2.6165765982199916
00025-00000001,sharp,279,279,2.6165765982199916
00025-00000001,sharp,286,286,2.6165765982199916
00025-00000001,sharp,298,298,2.6165765982199916
00025-00000001,sharp,301,301,2.960589138192303
00025-00000001,sharp,305,305,2.960589138192303
00025-00000001,sharp,306,306,2.960589138192303
00025-00000001,sharp,307,307,2.960589138192303
00025-00000001,sharp,309,309,2.960589138192303
00025-00000001,sharp,312,312,2.960589138192303
00025-00000001,sharp,317,317,2.960589138192303
00025-00000001,sharp,321,321,2.960589138192303
00025-00000001,sharp,323,323,2.960589138192303
00025-00000001,sharp,335,335,2.960589138192303
00025-00000001,sharp,348,348,2.960589138192303
00025-00000001,sharp,350,350,2.960589138192303
00025-00000001,sharp,355,355,2.960589138192303
00025-00000001,sharp,356,356,2.960589138192303
00025-00000001,sharp,357,357,2.960589138192303
00025-00000001,sharp,358,358,2.960589138192303
00025-00000001,sharp,361,361,2.960589138192303
00025-00000001,sharp,366,366,2.960589138192303
00025-00000001,sharp,371,371,2.960589138192303
00025-00000001,sharp,374,374,2.960589138192303
00025-00000001,sharp,379,379,2.960589138192303
00025-00000001,sharp,390,390,2.960589138192303
00025-00000001,sharp,394,394,2.960589138192303
00025-00000001,sharp,397,397,2.960589138192303
00025-00000001,sharp,399,399,2.960589138192303
00025-00000001,sharp,400,400,2.960589138192303
00025-00000001,sharp,401,401,2.960589138192303
00025-00000001,sharp,410,410,2.960589138192303
00025-00000001,sharp,412,412,2.960589138192303
00025-00000001,sharp,421,421,3.304601678164614
00025-00000001,sharp,435,435,3.304601678164614
00025-00000001,sharp,437,437,3.304601678164614
00025-00000001,sharp,441,441,3.304601678164614
00025-00000001,sharp,443,443,3.304601678164614
00025-00000001,sharp,448,448,3.304601678164614
00025-00000001,sharp,454,454,2.960589138192303
00025-00000001,sharp,468,468,2.960589138192303
00025-00000001,sharp,473,473,2.960589138192303
00025-00000001,sharp,477,477,2.960589138192303
00025-00000001,sharp,479,479,2.960589138192303
00025-00000001,sharp,483,483,2.960589138192303
00025-00000001,sharp,505,505,2.960589138192303
00025-00000001,sharp,513,513,2.960589138192303
00025-00000001,sharp,518,518,3.304601678164614
00025-00000001,sharp,520,520,3.304601678164614
00025-00000001,sharp,523,523,3.304601678164614
00025-00000001,sharp,528,528,3.304601678164614
00025-00000001,sharp,529,529,3.304601678164614
00025-00000001,sharp,530,530,3.304601678164614
00025-00000001,sharp,531,531,3.304601678164614
00025-00000001,sharp,536,536,3.304601678164614
00025-00000001,sharp,537,537,3.304601678164614
00025-00000001,sharp,540,540,3.304601678164614
00025-00000001,sharp,545,545,3.304601678164614
00025-00000001,sharp,548,548,3.304601678164614
00025-00000001,sharp,549,549,3.304601678164614
00025-00000001,sharp,554,554,3.304601678164614
00025-00000001,sharp,563,563,3.304601678164614
00025-00000001,sharp,568,568,3.304601678164614
00025-00000001,sharp,581,581,3.6486142181369257
00025-00000001,sharp,584,584,3.6486142181369257
00025-00000001,sharp,587,587,3.6486142181369257
00025-00000001,sharp,588,588,3.6486142181369257
00025-00000001,sharp,589,589,3.6486142181369257
00025-00000001,sharp,594,594,3.6486142181369257
00025-00000001,sharp,601,601,3.6486142181369257
00025-00000001,sharp,615,615,3.6486142181369257
00025-00000001,sharp,624,624,3.304601678164614
00025-00000001,sharp,635,635,3.304601678164614
00025-00000001,sharp,638,638,3.304601678164614
00025-00000001,sharp,643,643,3.304601678164614
00025-00000001,sharp,650,650,3.304601678164614
00025-00000001,sharp,659,659,3.304601678164614
00025-00000001,sharp,664,664,3.304601678164614
00025-00000001,sharp,666,666,3.304601678164614
00025-00000001,sharp,668,668,3.992626758109237
00025-00000001,sharp,676,676,3.992626758109237
00025-00000001,sharp,681,681,3.992626758109237
00025-00000001,sharp,683,683,3.992626758109237
00025-00000001,sharp,688,688,3.992626758109237
00025-00000001,sharp,690,690,3.6486142181369257
00025-00000001,sharp,692,692,3.6486142181369257
00025-00000001,sharp,699,699,3.6486142181369257
00025-00000001,sharp,700,700,3.6486142181369257
00025-00000001,sharp,701,701,3.6486142181369257
00025-00000001,sharp,704,704,3.6486142181369257
00025-00000001,sharp,705,705,3.6486142181369257
00025-00000001,sharp,706,706,3.6486142181369257
00025-00000001,sharp,711,711,3.6486142181369257
00025-00000001,sharp,713,713,3.6486142181369257
00025-00000001,sharp,717,717,3.6486142181369257
00025-00000001,sharp,731,731,3.6486142181369257
00025-00000001,sharp,738,738,3.6486142181369257
00025-00000001,sharp,742,742,3.6486142181369257
00025-00000001,sharp,750,750,3.992626758109237
00025-00000001,sharp,756,756,3.992626758109237
00025-00000001,sharp,758,758,3.992626758109237
00025-00000001,sharp,759,759,3.992626758109237
00025-00000001,sharp,761,761,3.992626758109237
00025-00000001,sharp,772,772,4.336639298081549
00025-00000001,sharp,779,779,4.336639298081549
00025-00000001,sharp,780,780,3.992626758109237
00025-00000001,sharp,781,781,3.992626758109237
00025-00000001,sharp,783,783,3.992626758109237
00025-00000001,sharp,786,786,3.992626758109237
00025-00000001,efficient,1,1,
00025-00000001,efficient,9,9,
00025-00000001,efficient,17,17,
00025-00000001,efficient,19,19,
00025-00000001,efficient,20,20,
00025-00000001,efficient,36,36,
00025-00000001,efficient,50,50,
00025-00000001,efficient,63,63,
00025-00000001,efficient,65,65,
00025-00000001,efficient,74,74,
00025-00000001,efficient,77,77,
00025-00000001,efficient,83,83,
00025-00000001,efficient,96,96,
00025-00000001,efficient,97,97,
00025-00000001,efficient,99,99,
00025-00000001,efficient,102,102,
00025-00000001,efficient,105,105,
00025-00000001,efficient,107,107,
00025-00000001,efficient,111,111,
00025-00000001,efficient,116,116,
00025-00000001,efficient,136,136,
00025-00000001,efficient,138,138,
00025-00000001,efficient,152,152,
00025-00000001,efficient,153,153,
00025-00000001,efficient,157,157,
00025-00000001,efficient,172,172,
00025-00000001,efficient,173,173,
00025-00000001,efficient,176,176,
00025-00000001,efficient,177,177,
00025-00000001,efficient,178,178,
00025-00000001,efficient,185,185,
00025-00000001,efficient,186,186,
00025-00000001,efficient,187,187,
00025-00000001,efficient,189,189,
00025-00000001,efficient,206,206,
00025-00000001,efficient,207,207,
00025-00000001,efficient,213,213,
00025-00000001,efficient,214,214,
00025-00000001,efficient,219,219,
00025-00000001,efficient,220,220,
00025-00000001,efficient,221,221,
00025-00000001,efficient,226,226,
00025-00000001,efficient,227,227,
00025-00000001,efficient,233,233,
00025-00000001,efficient,236,236,
00025-00000001,efficient,251,251,
00025-00000001,efficient,260,260,
00025-00000001,efficient,272,272,
00025-00000001,efficient,273,273,
00025-00000001,efficient,275,275,
00025-00000001,efficient,278,278,
00025-00000001,efficient,279,279,
00025-00000001,efficient,286,286,
00025-00000001,efficient,298,298,
00025-00000001,efficient,301,301,
00025-00000001,efficient,305,305,
00025-00000001,efficient,306,306,
00025-00000001,efficient,307,307,
00025-00000001,efficient,309,309,
00025-00000001,efficient,312,312,
00025-00000001,efficient,317,317,
00025-00000001,efficient,321,321,
00025-00000001,efficient,323,323,
00025-00000001,efficient,335,335,
00025-00000001,efficient,348,348,
00025-00000001,efficient,350,350,
00025-00000001,efficient,355,355,
00025-00000001,efficient,356,356,
00025-00000001,efficient,357,357,
00025-00000001,efficient,358,358,
00025-00000001,efficient,361,361,
00025-00000001,efficient,366,366,
00025-00000001,efficient,371,371,
00025-00000001,efficient,374,374,
00025-00000001,efficient,379,379,
00025-00000001,efficient,390,390,
00025-00000001,efficient,394,394,
00025-00000001,efficient,397,397,
00025-00000001,efficient,399,399,
00025-00000001,efficient,400,400,
00025-00000001,efficient,401,401,
00025-00000001,efficient,410,410,
00025-00000001,efficient,412,412,
00025-00000001,efficient,421,421,
00025-00000001,efficient,435,435,
00025-00000001,efficient,437,437,
00025-00000001,efficient,441,441,
00025-00000001,efficient,443,443,
00025-00000001,efficient,448,448,
00025-00000001,efficient,454,454,
00025-00000001,efficient,468,468,
00025-00000001,efficient,473,473,
00025-00000001,efficient,477,477,
00025-00000001,efficient,479,479,
00025-00000001,efficient,483,483,
00025-00000001,efficient,505,505,
00025-00000001,efficient,513,513,
00025-00000001,efficient,518,518,
00025-00000001,efficient,520,520,
00025-00000001,efficient,523,523,
00025-00000001,efficient,528,528,
00025-00000001,efficient,529,529,
00025-00000001,efficient,530,530,
00025-00000001,efficient,531,531,
00025-00000001,efficient,536,536,
00025-00000001,efficient,537,537,
00025-00000001,efficient,540,540,
00025-00000001,efficient,545,545,
00025-00000001,efficient,548,548,
00025-00000001,efficient,549,549,
00025-00000001,efficient,554,554,
00025-00000001,efficient,563,563,
00025-00000001,efficient,568,568,
00025-00000001,efficient,581,581,
00025-00000001,efficient,584,584,
00025-00000001,efficient,587,587,
00025-00000001,efficient,588,588,
00025-00000001,efficient,589,589,
00025-00000001,efficient,594,594,
00025-00000001,efficient,601,601,
00025-00000001,efficient,615,615,
00025-00000001,efficient,624,624,
00025-00000001,efficient,635,635,
00025-00000001,efficient,638,638,
00025-00000001,efficient,643,643,
00025-00000001,efficient,650,650,
00025-00000001,efficient,659,659,
00025-00000001,efficient,664,664,
00025-00000001,efficient,666,666,
00025-00000001,efficient,668,668,
00025-00000001,efficient,676,676,
00025-00000001,efficient,681,681,
00025-00000001,efficient,683,683,
00025-00000001,efficient,688,688,
00025-00000001,efficient,690,690,
00025-00000001,efficient,692,692,
00025-00000001,efficient,699,699,
00025-00000001,efficient,700,700,
00025-00000001,efficient,701,701,
00025-00000001,efficient,704,704,
00025-00000001,efficient,705,705,
00025-00000001,efficient,706,706,
00025-00000001,efficient,711,711,
00025-00000001,efficient,713,713,
00025-00000001,efficient,717,717,
00025-00000001,efficient,731,731,
00025-00000001,efficient,738,738,
00025-00000001,efficient,742,742,
00025-00000001,efficient,750,750,
00025-00000001,efficient,756,756,
00025-00000001,efficient,758,758,
00025-00000001,efficient,759,759,
00025-00000001,efficient,761,761,
00025-00000001,efficient,772,772,
00025-00000001,efficient,779,779,
00025-00000001,efficient,780,780,
00025-00000001,efficient,781,781,
00025-00000001,efficient,783,783,
00025-00000001,efficient,786,786,
00025-00000001,borda,1,1,2.27256405824768
00025-00000001,borda,9,9,2.27256405824768
00025-00000001,borda,17,17,2.27256405824768
00025-00000001,borda,19,19,2.27256405824768
00025-00000001,borda,20,20,2.27256405824768
00025-00000001,borda,36,36,2.27256405824768
00025-00000001,borda,50,50,2.27256405824768
00025-00000001,borda,63,63,2.27256405824768
00025-00000001,borda,65,65,2.27256405824768
00025-00000001,borda,74,74,2.27256405824768
00025-00000001,borda,77,77,2.27256405824768
00025-00000001,borda,83,83,2.27256405824768
00025-00000001,borda,96,96,2.6165765982199916
00025-00000001,borda,97,97,2.6165765982199916
00025-00000001,borda,99,99,2.6165765982199916
00025-00000001,borda,102,102,2.6165765982199916
00025-00000001,borda,105,105,2.6165765982199916
00025-00000001,borda,107,107,2.6165765982199916
00025-00000001,borda,111,111,2.6165765982199916
00025-00000001,borda,116,116,2.6165765982199916
00025-00000001,borda,136,136,2.6165765982199916
00025-00000001,borda,138,138,2.6165765982199916
00025-00000001,borda,152,152,2.6165765982199916
00025-00000001,borda,153,153,2.6165765982199916
00025-00000001,borda,157,157,2.6165765982199916
00025-00000001,borda,172,172,3.304601678164614
00025-00000001,borda,173,173,3.304601678164614
00025-00000001,borda,176,176,3.304601678164614
00025-00000001,borda,177,177,3.304601678164614
00025-00000001,borda,178,178,3.304601678164614
00025-00000001,borda,185,185,3.304601678164614
00025-00000001,borda,186,186,3.304601678164614
00025-00000001,borda,187,187,3.304601678164614
00025-00000001,borda,189,189,3.304601678164614
00025-00000001,borda,206,206,3.304601678164614
00025-00000001,borda,207,207,2.6165765982199916
00025-00000001,borda,213,213,2.6165765982199916
00025-00000001,borda,214,214,2.6165765982199916
00025-00000001,borda,219,219,2.6165765982199916
00025-00000001,borda,220,220,2.6165765982199916
00025-00000001,borda,221,221,2.6165765982199916
00025-00000001,borda,226,226,2.6165765982199916
00025-00000001,borda,227,227,2.6165765982199916
00025-00000001,borda,233,233,2.6165765982199916
00025-00000001,borda,236,236,2.6165765982199916
00025-00000001,borda,251,251,2.6165765982199916
00025-00000001,borda,260,260,2.6165765982199916
00025-00000001,borda,272,272,2.6165765982199916
00025-00000001,borda,273,273,2.6165765982199916
00025-00000001,borda,275,275,2.6165765982199916
00025-00000001,borda,278,278,2.6165765982199916
00025-00000001,borda,279,279,2.6165765982199916
00025-00000001,borda,286,286,2.6165765982199916
00025-00000001,borda,298,298,2.6165765982199916
00025-00000001,borda,301,301,2.960589138192303
00025-00000001,borda,305,305,2.960589138192303
00025-00000001,borda,306,306,2.960589138192303
00025-00000001,borda,307,307,2.960589138192303
00025-00000001,borda,309,309,2.960589138192303
00025-00000001,borda,312,312,2.960589138192303
00025-00000001,borda,317,317,2.960589138192303
00025-00000001,borda,321,321,2.960589138192303
00025-00000001,borda,323,323,2.960589138192303
00025-00000001,borda,335,335,2.960589138192303
00025-00000001,borda,348,348,2.960589138192303
00025-00000001,borda,350,350,2.960589138192303
00025-00000001,borda,355,355,2.960589138192303
00025-00000001,borda,356,356,2.960589138192303
00025-00000001,borda,357,357,2.960589138192303
00025-00000001,borda,358,358,2.960589138192303
00025-00000001,borda,361,361,2.960589138192303
00025-00000001,borda,366,366,2.960589138192303
00025-00000001,borda,371,371,2.960589138192303
00025-00000001,borda,374,374,2.960589138192303
00025-00000001,borda,379,379,2.960589138192303
00025-00000001,borda,390,390,2.960589138192303
00025-00000001,borda,394,394,2.960589138192303
00025-00000001,borda,397,397,2.960589138192303
00025-00000001,borda,399,399,2.960589138192303
00025-00000001,borda,400,400,2.960589138192303
00025-00000001,borda,401,401,2.960589138192303
00025-00000001,borda,410,410,2.960589138192303
00025-00000001,borda,412,412,2.960589138192303
00025-00000001,borda,421,421,3.304601678164614
00025-00000001,borda,435,435,3.304601678164614
00025-00000001,borda,437,437,3.304601678164614
00025-00000001,borda,441,441,3.304601678164614
00025-00000001,borda,443,443,3.304601678164614
00025-00000001,borda,448,448,3.304601678164614
00025-00000001,borda,454,454,2.960589138192303
00025-00000001,borda,468,468,2.960589138192303
00025-00000001,borda,473,473,2.960589138192303
00025-00000001,borda,477,477,2.960589138192303
00025-00000001,borda,479,479,2.960589138192303
00025-00000001,borda,483,483,2.960589138192303
00025-00000001,borda,505,505,2.960589138192303
00025-00000001,borda,513,513,2.960589138192303
00025-00000001,borda,518,518,3.304601678164614
00025-00000001,borda,520,520,3.304601678164614
00025-00000001,borda,523,523,3.304601678164614
00025-00000001,borda,528,528,3.304601678164614
00025-00000001,borda,529,529,3.304601678164614
00025-00000001,borda,530,530,3.304601678164614
00025-00000001,borda,531,531,3.304601678164614
00025-00000001,borda,536,536,3.304601678164614
00025-00000001,borda,537,537,3.304601678164614
00025-00000001,borda,540,540,3.304601678164614
00025-00000001,borda,545,545,3.304601678164614
00025-00000001,borda,548,548,3.304601678164614
00025-00000001,borda,549,549,3.304601678164614
00025-00000001,borda,554,554,3.304601678164614
00025-00000001,borda,563,563,3.304601678164614
00025-00000001,borda,568,568,3.304601678164614
00025-00000001,borda,581,581,3.6486142181369257
00025-00000001,borda,584,584,3.6486142181369257
00025-00000001,borda,587,587,3.6486142181369257
00025-00000001,borda,588,588,3.6486142181369257
00025-00000001,borda,589,589,3.6486142181369257
00025-00000001,borda,594,594,3.6486142181369257
00025-00000001,borda,601,601,3.6486142181369257
00025-00000001,borda,615,615,3.6486142181369257
00025-00000001,borda,624,624,3.304601678164614
00025-00000001,borda,635,635,3.304601678164614
00025-00000001,borda,638,638,3.304601678164614
00025-00000001,borda,643,643,3.304601678164614
00025-00000001,borda,650,650,3.304601678164614
00025-00000001,borda,659,659,3.304601678164614
00025-00000001,borda,664,664,3.304601678164614
00025-00000001,borda,666,666,3.304601678164614
00025-00000001,borda,668,668,3.992626758109237
00025-00000001,borda,676,676,3.992626758109237
00025-00000001,borda,681,681,3.992626758109237
00025-00000001,borda,683,683,3.992626758109237
00025-00000001,borda,688,688,3.992626758109237
00025-00000001,borda,690,690,3.6486142181369257
00025-00000001,borda,692,692,3.6486142181369257
00025-00000001,borda,699,699,3.6486142181369257
00025-00000001,borda,700,700,3.6486142181369257
00025-00000001,borda,701,701,3.6486142181369257
00025-00000001,borda,704,704,3.6486142181369257
00025-00000001,borda,705,705,3.6486142181369257
00025-00000001,borda,706,706,3.6486142181369257
00025-00000001,borda,711,711,3.6486142181369257
00025-00000001,borda,713,713,3.6486142181369257
00025-00000001,borda,717,717,3.6486142181369257
00025-00000001,borda,731,731,3.6486142181369257
00025-00000001,borda,738,738,3.6486142181369257
00025-00000001,borda,742,742,3.6486142181369257
00025-00000001,borda,750,750,3.992626758109237
00025-00000001,borda,756,756,3.992626758109237
00025-00000001,borda,758,758,3.992626758109237
00025-00000001,borda,759,759,3.992626758109237
00025-00000001,borda,761,761,3.992626758109237
00025-00000001,borda,772,772,4.336639298081549
00025-00000001,borda,779,779,4.336639298081549
00025-00000001,borda,780,780,3.992626758109237
00025-00000001,borda,781,781,3.992626758109237
00025-00000001,borda,783,783,3.992626758109237
00025-00000001,borda,786,786,3.992626758109237
00025-00000002,pl,1,1,2.022208788395857
00025-00000002,pl,4,4,2.022208788395857
00025-00000002,pl,9,9,2.022208788395857
00025-00000002,pl,12,12,2.022208788395857
00025-00000002,pl,19,19,2.022208788395857
00025-00000002,pl,22,22,2.022208788395857
00025-00000002,pl,26,26,2.022208788395857
00025-00000002,pl,34,34,2.022208788395857
00025-00000002,pl,36,36,2.022208788395857
00025-00000002,pl,37,37,2.022208788395857
00025-00000002,pl,45,45,2.022208788395857
00025-00000002,pl,46,46,2.022208788395857
00025-00000002,pl,47,47,2.022208788395857
00025-00000002,pl,49,49,2.022208788395857
00025-00000002,pl,53,53,2.022208788395857
00025-00000002,pl,54,54,2.022208788395857
00025-00000002,pl,58,58,2.022208788395857
00025-00000002,pl,63,63,2.022208788395857
00025-00000002,pl,64,64,2.022208788395857
00025-00000002,pl,74,74,2.022208788395857
00025-00000002,pl,78,78,2.022208788395857
00025-00000002,pl,79,79,2.022208788395857
00025-00000002,pl,86,86,2.022208788395857
00025-00000002,pl,89,89,2.022208788395857
00025-00000002,pl,101,101,2.022208788395857
00025-00000002,pl,102,102,2.022208788395857
00025-00000002,pl,117,117,2.022208788395857
00025-00000002,pl,119,119,2.022208788395857
00025-00000002,pl,120,120,2.022208788395857
00025-00000002,pl,124,124,2.022208788395857
00025-00000002,pl,126,126,2.022208788395857
00025-00000002,pl,127,127,2.022208788395857
00025-00000002,pl,131,131,2.022208788395857
00025-00000002,pl,142,142,2.022208788395857
00025-00000002,pl,148,148,2.022208788395857
00025-00000002,pl,156,156,2.022208788395857
00025-00000002,pl,163,163,2.022208788395857
00025-00000002,pl,168,168,2.022208788395857
00025-00000002,pl,180,180,2.022208788395857
00025-00000002,pl,182,182,2.022208788395857
00025-00000002,pl,184,184,2.022208788395857
00025-00000002,pl,189,189,2.022208788395857
00025-00000002,pl,191,191,2.022208788395857
00025-00000002,pl,192,192,2.022208788395857
00025-00000002,pl,195,195,2.022208788395857
00025-00000002,pl,196,196,2.022208788395857
00025-00000002,pl,199,199,2.022208788395857
00025-00000002,pl,202,202,2.330672514497869
00025-00000002,pl,203,203,2.330672514497869
00025-00000002,pl,208,208,2.330672514497869
00025-00000002,pl,210,210,2.330672514497869
00025-00000002,pl,211,211,2.330672514497869
00025-00000002,pl,215,215,2.330672514497869
00025-00000002,pl,216,216,2.330672514497869
00025-00000002,pl,218,218,2.330672514497869
00025-00000002,pl,220,220,2.330672514497869
00025-00000002,pl,224,224,2.330672514497869
00025-00000002,pl,237,237,2.330672514497869
00025-00000002,pl,239,239,2.330672514497869
00025-00000002,pl,255,255,2.330672514497869
00025-00000002,pl,259,259,2.330672514497869
00025-00000002,pl,262,262,2.330672514497869
00025-00000002,pl,265,265,2.330672514497869
00025-00000002,pl,269,269,2.330672514497869
00025-00000002,pl,276,276,2.330672514497869
00025-00000002,pl,279,279,2.330672514497869
00025-00000002,pl,284,284,2.330672514497869
00025-00000002,pl,289,289,2.3894655633535873
00025-00000002,pl,293,293,2.3894655633535873
00025-00000002,pl,299,299,2.3894655633535873
00025-00000002,pl,302,302,2.3894655633535873
00025-00000002,pl,305,305,2.3894655633535873
00025-00000002,pl,307,307,2.3894655633535873
00025-00000002,pl,309,309,2.3894655633535873
00025-00000002,pl,314,314,2.3894655633535873
00025-00000002,pl,315,315,2.3894655633535873
00025-00000002,pl,318,318,2.3894655633535873
00025-00000002,pl,321,321,2.3894655633535873
00025-00000002,pl,322,322,2.3894655633535873
00025-00000002,pl,327,327,2.3894655633535873
00025-00000002,pl,331,331,2.3894655633535873
00025-00000002,pl,338,338,2.3894655633535873
00025-00000002,pl,343,343,2.3894655633535873
00025-00000002,pl,350,350,2.3894655633535873
00025-00000002,pl,352,352,2.3894655633535873
00025-00000002,pl,354,354,2.3894655633535873
00025-00000002,pl,358,358,2.3063156037834185
00025-00000002,pl,362,362,2.3063156037834185
00025-00000002,pl,368,368,2.3063156037834185
00025-00000002,pl,370,370,2.3063156037834185
00025-00000002,pl,376,376,2.3063156037834185
00025-00000002,pl,396,396,2.3063156037834185
00025-00000002,pl,397,397,2.3063156037834185
00025-00000002,pl,400,400,2.798667286650432
00025-00000002,pl,401,401,2.798667286650432
00025-00000002,pl,416,416,2.798667286650432
00025-00000002,pl,421,421,2.798667286650432
00025-00000002,pl,427,427,2.798667286650432
00025-00000002,pl,429,429,2.798667286650432
00025-00000002,pl,430,430,2.798667286650432
00025-00000002,pl,438,438,2.798667286650432
00025-00000002,pl,447,447,3.05185662724409
00025-00000002,pl,449,449,3.05185662724409
00025-00000002,pl,451,451,3.05185662724409
00025-00000002,pl,457,457,3.05185662724409
00025-00000002,pl,465,465,3.05185662724409
00025-00000002,pl,468,468,3.05185662724409
00025-00000002,pl,480,480,2.6147793298854314
00025-00000002,pl,495,495,2.6147793298854314
00025-00000002,pl,498,498,2.6147793298854314
00025-00000002,pl,516,516,3.3695054290851756
00025-00000002,pl,522,522,3.3695054290851756
00025-00000002,pl,524,524,3.3695054290851756
00025-00000002,pl,525,525,3.3695054290851756
00025-00000002,pl,527,527,3.3695054290851756
00025-00000002,pl,528,528,3.3695054290851756
00025-00000002,pl,538,538,3.3695054290851756
00025-00000002,pl,539,539,3.2687674318903435
00025-00000002,pl,540,540,3.2687674318903435
00025-00000002,pl,541,541,3.2687674318903435
00025-00000002,pl,544,544,3.2687674318903435
00025-00000002,pl,551,551,3.2687674318903435
00025-00000002,pl,554,554,3.2687674318903435
00025-00000002,pl,571,571,2.8265791586911533
00025-00000002,pl,578,578,2.8265791586911533
00025-00000002,pl,580,580,2.8265791586911533
00025-00000002,pl,582,582,2.8265791586911533
00025-00000002,pl,589,589,3.4304104074120976
00025-00000002,pl,590,590,3.4304104074120976
00025-00000002,pl,600,600,3.4304104074120976
00025-00000002,pl,609,609,4.502398915097183
00025-00000002,pl,614,614,4.502398915097183
00025-00000002,pl,640,640,3.2835436335450088
00025-00000002,pl,648,648,4.333493395317775
00025-00000002,pl,650,650,4.333493395317775
00025-00000002,pl,652,652,4.333493395317775
00025-00000002,pl,653,653,4.333493395317775
00025-00000002,pl,654,654,4.333493395317775
00025-00000002,pl,669,669,4.4323088610311885
00025-00000002,pl,675,675,4.4323088610311885
00025-00000002,pl,677,677,4.4323088610311885
00025-00000002,pl,679,679,4.4323088610311885
00025-00000002,pl,683,683,3.204863407194094
00025-00000002,pl,687,687,3.204863407194094
00025-00000002,pl,690,690,3.204863407194094
00025-00000002,pl,697,697,3.204863407194094
00025-00000002,pl,698,698,3.204863407194094
00025-00000002,pl,704,704,4.703168446604198
00025-00000002,pl,707,707,4.703168446604198
00025-00000002,pl,715,715,4.703168446604198
00025-00000002,pl,717,717,4.585315640981193
00025-00000002,pl,734,734,3.8543817759797525
00025-00000002,pl,746,746,3.8543817759797525
00025-00000002,pl,757,757,3.7058810272279095
00025-00000002,pl,758,758,3.7058810272279095
00025-00000002,pl,773,773,4.834643760568117
00025-00000002,pl,775,775,4.834643760568117
00025-00000002,pl,785,785,4.882406512125128
00025-00000002,pl,786,786,4.882406512125128
00025-00000002,mle,1,1,1.7802569130295083
00025-00000002,mle,4,4,1.7802569130295083
00025-00000002,mle,9,9,1.7802569130295083
00025-00000002,mle,12,12,1.7802569130295083
00025-00000002,mle,19,19,1.7802569130295083
00025-00000002,mle,22,22,1.7802569130295083
00025-00000002,mle,26,26,1.7802569130295083
00025-00000002,mle,34,34,1.7802569130295083
00025-00000002,mle,36,36,1.7802569130295083
00025-00000002,mle,37,37,1.7802569130295083
00025-00000002,mle,45,45,1.7802569130295083
00025-00000002,mle,46,46,1.7802569130295083
00025-00000002,mle,47,47,1.7802569130295083
00025-00000002,mle,49,49,1.7802569130295083
00025-00000002,mle,53,53,1.7802569130295083
00025-00000002,mle,54,54,1.7802569130295083
00025-00000002,mle,58,58,1.7802569130295083
00025-00000002,mle,63,63,1.7802569130295083
00025-00000002,mle,64,64,1.7802569130295083
00025-00000002,mle,74,74,1.7802569130295083
00025-00000002,mle,78,78,1.7802569130295083
00025-00000002,mle,79,79,1.7802569130295083
00025-00000002,mle,86,86,1.7802569130295083
00025-00000002,mle,89,89,1.7802569130295083
00025-00000002,mle,101,101,1.7802569130295083
00025-00000002,mle,102,102,1.7802569130295083
00025-00000002,mle,117,117,1.7802569130295083
00025-00000002,mle,119,119,1.7802569130295083
00025-00000002,mle,120,120,1.7802569130295083
00025-00000002,mle,124,124,1.7802569130295083
00025-00000002,mle,126,126,1.7802569130295083
00025-00000002,mle,127,127,1.7802569130295083
00025-00000002,mle,131,131,1.7802569130295083
00025-00000002,mle,142,142,1.7802569130295083
00025-00000002,mle,148,148,1.7802569130295083
00025-00000002,mle,156,156,1.7802569130295083
00025-00000002,mle,163,163,1.7802569130295083
00025-00000002,mle,168,168,1.7802569130295083
00025-00000002,mle,180,180,1.7802569130295083
00025-00000002,mle,182,182,1.7802569130295083
00025-00000002,mle,184,184,1.7802569130295083
00025-00000002,mle,189,189,1.7802569130295083
00025-00000002,mle,191,191,1.7802569130295083
00025-00000002,mle,192,192,1.7802569130295083
00025-00000002,mle,195,195,1.7802569130295083
00025-00000002,mle,196,196,1.7802569130295083
00025-00000002,mle,199,199,1.7802569130295083
00025-00000002,mle,202,202,2.365418536602691
00025-00000002,mle,203,203,2.365418536602691
00025-00000002,mle,208,208,2.365418536602691
00025-00000002,mle,210,210,2.365418536602691
00025-00000002,mle,211,211,2.365418536602691
00025-00000002,mle,215,215,2.365418536602691
00025-00000002,mle,216,216,2.365418536602691
00025-00000002,mle,218,218,2.365418536602691
00025-00000002,mle,220,220,2.365418536602691
00025-00000002,mle,224,224,2.365418536602691
00025-00000002,mle,237,237,2.365418536602691
00025-00000002,mle,239,239,2.365418536602691
00025-00000002,mle,255,255,2.365418536602691
00025-00000002,mle,259,259,2.365418536602691
00025-00000002,mle,262,262,2.365418536602691
00025-00000002,mle,265,265,2.365418536602691
00025-00000002,mle,269,269,2.365418536602691
00025-00000002,mle,276,276,2.365418536602691
00025-00000002,mle,279,279,2.365418536602691
00025-00000002,mle,284,284,2.365418536602691
00025-00000002,mle,289,289,2.365418536602691
00025-00000002,mle,293,293,2.365418536602691
00025-00000002,mle,299,299,2.365418536602691
00025-00000002,mle,302,302,2.365418536602691
00025-00000002,mle,305,305,2.365418536602691
00025-00000002,mle,307,307,2.365418536602691
00025-00000002,mle,309,309,2.365418536602691
00025-00000002,mle,314,314,2.365418536602691
00025-00000002,mle,315,315,2.365418536602691
00025-00000002,mle,318,318,2.365418536602691
00025-00000002,mle,321,321,2.365418536602691
00025-00000002,mle,322,322,2.365418536602691
00025-00000002,mle,327,327,2.365418536602691
00025-00000002,mle,331,331,2.365418536602691
00025-00000002,mle,338,338,2.365418536602691
00025-00000002,mle,343,343,2.365418536602691
00025-00000002,mle,350,350,2.365418536602691
00025-00000002,mle,352,352,2.365418536602691
00025-00000002,mle,354,354,2.365418536602691
00025-00000002,mle,358,358,2.365418536602691
00025-00000002,mle,362,362,2.365418536602691
00025-00000002,mle,368,368,2.365418536602691
00025-00000002,mle,370,370,2.365418536602691
00025-00000002,mle,376,376,2.365418536602691
00025-00000002,mle,396,396,2.365418536602691
00025-00000002,mle,397,397,2.365418536602691
00025-00000002,mle,400,400,2.9505801601758743
00025-00000002,mle,401,401,2.9505801601758743
00025-00000002,mle,416,416,2.9505801601758743
00025-00000002,mle,421,421,2.9505801601758743
00025-00000002,mle,427,427,2.9505801601758743
00025-00000002,mle,429,429,2.9505801601758743
00025-00000002,mle,430,430,2.9505801601758743
00025-00000002,mle,438,438,2.9505801601758743
00025-00000002,mle,447,447,2.9505801601758743
00025-00000002,mle,449,449,2.9505801601758743
00025-00000002,mle,451,451,2.9505801601758743
00025-00000002,mle,457,457,2.9505801601758743
00025-00000002,mle,465,465,2.9505801601758743
00025-00000002,mle,468,468,2.9505801601758743
00025-00000002,mle,480,480,2.9505801601758743
00025-00000002,mle,495,495,2.9505801601758743
00025-00000002,mle,498,498,2.9505801601758743
00025-00000002,mle,516,516,3.5357417837490575
00025-00000002,mle,522,522,3.5357417837490575
00025-00000002,mle,524,524,3.5357417837490575
00025-00000002,mle,525,525,3.5357417837490575
00025-00000002,mle,527,527,3.5357417837490575
00025-00000002,mle,528,528,3.5357417837490575
00025-00000002,mle,538,538,3.5357417837490575
00025-00000002,mle,539,539,2.9505801601758743
00025-00000002,mle,540,540,2.9505801601758743
00025-00000002,mle,541,541,2.9505801601758743
00025-00000002,mle,544,544,2.9505801601758743
00025-00000002,mle,551,551,2.9505801601758743
00025-00000002,mle,554,554,2.9505801601758743
00025-00000002,mle,571,571,2.9505801601758743
00025-00000002,mle,578,578,2.9505801601758743
00025-00000002,mle,580,580,2.9505801601758743
00025-00000002,mle,582,582,2.9505801601758743
00025-00000002,mle,589,589,3.5357417837490575
00025-00000002,mle,590,590,3.5357417837490575
00025-00000002,mle,600,600,3.5357417837490575
00025-00000002,mle,609,609,4.12090340732224
00025-00000002,mle,614,614,4.12090340732224
00025-00000002,mle,640,640,3.5357417837490575
00025-00000002,mle,648,648,4.12090340732224
00025-00000002,mle,650,650,4.12090340732224
00025-00000002,mle,652,652,4.12090340732224
00025-00000002,mle,653,653,4.12090340732224
00025-00000002,mle,654,654,4.12090340732224
00025-00000002,mle,669,669,3.5357417837490575
00025-00000002,mle,675,675,3.5357417837490575
00025-00000002,mle,677,677,3.5357417837490575
00025-00000002,mle,679,679,3.5357417837490575
00025-00000002,mle,683,683,3.5357417837490575
00025-00000002,mle,687,687,3.5357417837490575
00025-00000002,mle,690,690,3.5357417837490575
00025-00000002,mle,697,697,3.5357417837490575
00025-00000002,mle,698,698,3.5357417837490575
00025-00000002,mle,704,704,4.706065030895424
00025-00000002,mle,707,707,4.706065030895424
00025-00000002,mle,715,715,4.706065030895424
00025-00000002,mle,717,717,4.12090340732224
00025-00000002,mle,734,734,4.12090340732224
00025-00000002,mle,746,746,4.12090340732224
00025-00000002,mle,757,757,3.5357417837490575
00025-00000002,mle,758,758,3.5357417837490575
00025-00000002,mle,773,773,4.706065030895424
00025-00000002,mle,775,775,4.706065030895424
00025-00000002,mle,785,785,5.291226654468606
00025-00000002,mle,786,786,5.291226654468606
00025-00000002,sharp,1,1,1.7802569130295083
00025-00000002,sharp,4,4,1.7802569130295083
00025-00000002,sharp,9,9,1.7802569130295083
00025-00000002,sharp,12,12,1.7802569130295083
00025-00000002,sharp,19,19,1.7802569130295083
00025-00000002,sharp,22,22,1.7802569130295083
00025-00000002,sharp,26,26,1.7802569130295083
00025-00000002,sharp,34,34,1.7802569130295083
00025-00000002,sharp,36,36,1.7802569130295083
00025-00000002,sharp,37,37,1.7802569130295083
00025-00000002,sharp,45,45,1.7802569130295083
00025-00000002,sharp,46,46,1.7802569130295083
00025-00000002,sharp,47,47,1.7802569130295083
00025-00000002,sharp,49,49,1.7802569130295083
00025-00000002,sharp,53,53,1.7802569130295083
00025-00000002,sharp,54,54,1.7802569130295083
00025-00000002,sharp,58,58,1.7802569130295083
00025-00000002,sharp,63,63,1.7802569130295083
00025-00000002,sharp,64,64,1.7802569130295083
00025-00000002,sharp,74,74,1.7802569130295083
00025-00000002,sharp,78,78,1.7802569130295083
00025-00000002,sharp,79,79,1.7802569130295083
00025-00000002,sharp,86,86,1.7802569130295083
00025-00000002,sharp,89,89,1.7802569130295083
00025-00000002,sharp,101,101,1.7802569130295083
00025-00000002,sharp,102,102,1.7802569130295083
00025-00000002,sharp,117,117,1.7802569130295083
00025-00000002,sharp,119,119,1.7802569130295083
00025-00000002,sharp,120,120,1.7802569130295083
00025-00000002,sharp,124,124,1.7802569130295083
00025-00000002,sharp,126,126,1.7802569130295083
00025-00000002,sharp,127,127,1.7802569130295083
00025-00000002,sharp,131,131,1.7802569130295083
00025-00000002,sharp,142,142,1.7802569130295083
00025-00000002,sharp,148,148,1.7802569130295083
00025-00000002,sharp,156,156,1.7802569130295083
00025-00000002,sharp,163,163,1.7802569130295083
00025-00000002,sharp,168,168,1.7802569130295083
00025-00000002,sharp,180,180,1.7802569130295083
00025-00000002,sharp,182,182,1.7802569130295083
00025-00000002,sharp,184,184,1.7802569130295083
00025-00000002,sharp,189,189,1.7802569130295083
00025-00000002,sharp,191,191,1.7802569130295083
00025-00000002,sharp,192,192,1.7802569130295083
00025-00000002,sharp,195,195,1.7802569130295083
00025-00000002,sharp,196,196,1.7802569130295083
00025-00000002,sharp,199,199,1.7802569130295083
00025-00000002,sharp,202,202,2.365418536602691
00025-00000002,sharp,203,203,2.365418536602691
00025-00000002,sharp,208,208,2.365418536602691
00025-00000002,sharp,210,210,2.365418536602691
00025-00000002,sharp,211,211,2.365418536602691
00025-00000002,sharp,215,215,2.365418536602691
00025-00000002,sharp,216,216,2.365418536602691
00025-00000002,sharp,218,218,2.365418536602691
00025-00000002,sharp,220,220,2.365418536602691
00025-00000002,sharp,224,224,2.365418536602691
00025-00000002,sharp,237,237,2.365418536602691
00025-00000002,sharp,239,239,2.365418536602691
00025-00000002,sharp,255,255,2.365418536602691
00025-00000002,sharp,259,259,2.365418536602691
00025-00000002,sharp,262,262,2.365418536602691
00025-00000002,sharp,265,265,2.365418536602691
00025-00000002,sharp,269,269,2.365418536602691
00025-00000002,sharp,276,276,2.365418536602691
00025-00000002,sharp,279,279,2.365418536602691
00025-00000002,sharp,284,284,2.365418536602691
00025-00000002,sharp,289,289,2.365418536602691
00025-00000002,sharp,293,293,2.365418536602691
00025-00000002,sharp,299,299,2.365418536602691
00025-00000002,sharp,302,302,2.365418536602691
00025-00000002,sharp,305,305,2.365418536602691
00025-00000002,sharp,307,307,2.365418536602691
00025-00000002,sharp,309,309,2.365418536602691
00025-00000002,sharp,314,314,2.365418536602691
00025-00000002,sharp,315,315,2.365418536602691
00025-00000002,sharp,318,318,2.365418536602691
00025-00000002,sharp,321,321,2.365418536602691
00025-00000002,sharp,322,322,2.365418536602691
00025-00000002,sharp,327,327,2.365418536602691
00025-00000002,sharp,331,331,2.365418536602691
00025-00000002,sharp,338,338,2.365418536602691
00025-00000002,sharp,343,343,2.365418536602691
00025-00000002,sharp,350,350,2.365418536602691
00025-00000002,sharp,352,352,2.365418536602691
00025-00000002,sharp,354,354,2.365418536602691
00025-00000002,sharp,358,358,2.365418536602691
00025-00000002,sharp,362,362,2.365418536602691
00025-00000002,sharp,368,368,2.365418536602691
00025-00000002,sharp,370,370,2.365418536602691
00025-00000002,sharp,376,376,2.365418536602691
00025-00000002,sharp,396,396,2.365418536602691
00025-00000002,sharp,397,397,2.365418536602691
00025-00000002,sharp,400,400,2.9505801601758743
00025-00000002,sharp,401,401,2.9505801601758743
00025-00000002,sharp,416,416,2.9505801601758743
00025-00000002,sharp,421,421,2.9505801601758743
00025-00000002,sharp,427,427,2.9505801601758743
00025-00000002,sharp,429,429,2.9505801601758743
00025-00000002,sharp,430,430,2.9505801601758743
00025-00000002,sharp,438,438,2.9505801601758743
00025-00000002,sharp,447,447,2.9505801601758743
00025-00000002,sharp,449,449,2.9505801601758743
00025-00000002,sharp,451,451,2.9505801601758743
00025-00000002,sharp,457,457,2.9505801601758743
00025-00000002,sharp,465,465,2.9505801601758743
00025-00000002,sharp,468,468,2.9505801601758743
00025-00000002,sharp,480,480,2.9505801601758743
00025-00000002,sharp,495,495,2.9505801601758743
00025-00000002,sharp,498,498,2.9505801601758743
00025-00000002,sharp,516,516,3.5357417837490575
00025-00000002,sharp,522,522,3.5357417837490575
00025-00000002,sharp,524,524,3.5357417837490575
00025-00000002,sharp,525,525,3.5357417837490575
00025-00000002,sharp,527,527,3.5357417837490575
00025-00000002,sharp,528,528,3.5357417837490575
00025-00000002,sharp,538,538,3.5357417837490575
00025-00000002,sharp,539,539,2.9505801601758743
00025-00000002,sharp,540,540,2.9505801601758743
00025-00000002,sharp,541,541,2.9505801601758743
00025-00000002,sharp,544,544,2.9505801601758743
00025-00000002,sharp,551,551,2.9505801601758743
00025-00000002,sharp,554,554,2.9505801601758743
00025-00000002,sharp,571,571,2.9505801601758743
00025-00000002,sharp,578,578,2.9505801601758743
00025-00000002,sharp,580,580,2.9505801601758743
00025-00000002,sharp,582,582,2.9505801601758743
00025-00000002,sharp,589,589,3.5357417837490575
00025-00000002,sharp,590,590,3.5357417837490575
00025-00000002,sharp,600,600,3.5357417837490575
00025-00000002,sharp,609,609,4.12090340732224
00025-00000002,sharp,614,614,4.12090340732224
00025-00000002,sharp,640,640,3.5357417837490575
00025-00000002,sharp,648,648,4.12090340732224
00025-00000002,sharp,650,650,4.12090340732224
00025-00000002,sharp,652,652,4.12090340732224
00025-00000002,sharp,653,653,4.12090340732224
00025-00000002,sharp,654,654,4.12090340732224
00025-00000002,sharp,669,669,3.5357417837490575
00025-00000002,sharp,675,675,3.5357417837490575
00025-00000002,sharp,677,677,3.5357417837490575
00025-00000002,sharp,679,679,3.5357417837490575
00025-00000002,sharp,683,683,3.5357417837490575
00025-00000002,sharp,687,687,3.5357417837490575
00025-00000002,sharp,690,690,3.5357417837490575
00025-00000002,sharp,697,697,3.5357417837490575
00025-00000002,sharp,698,698,3.5357417837490575
00025-00000002,sharp,704,704,4.706065030895424
00025-00000002,sharp,707,707,4.706065030895424
00025-00000002,sharp,715,715,4.706065030895424
00025-00000002,sharp,717,717,4.12090340732224
00025-00000002,sharp,734,734,4.12090340732224
00025-00000002,sharp,746,746,4.12090340732224
00025-00000002,sharp,757,757,3.5357417837490575
00025-00000002,sharp,758,758,3.5357417837490575
00025-00000002,sharp,773,773,4.706065030895424
00025-00000002,sharp,775,775,4.706065030895424
00025-00000002,sharp,785,785,5.291226654468606
00025-00000002,sharp,786,786,5.291226654468606
00025-00000002,efficient,1,1,
00025-00000002,efficient,4,4,
00025-00000002,efficient,9,9,
00025-00000002,efficient,12,12,
00025-00000002,efficient,19,19,
00025-00000002,efficient,22,22,
00025-00000002,efficient,26,26,
00025-00000002,efficient,34,34,
00025-00000002,efficient,36,36,
00025-00000002,efficient,37,37,
00025-00000002,efficient,45,45,
00025-00000002,efficient,46,46,
00025-00000002,efficient,47,47,
00025-00000002,efficient,49,49,
00025-00000002,efficient,53,53,
00025-00000002,efficient,54,54,
00025-00000002,efficient,58,58,
00025-00000002,efficient,63,63,
00025-00000002,efficient,64,64,
00025-00000002,efficient,74,74,
00025-00000002,efficient,78,78,
00025-00000002,efficient,79,79,
00025-00000002,efficient,86,86,
00025-00000002,efficient,89,89,
00025-00000002,efficient,101,101,
00025-00000002,efficient,102,102,
00025-00000002,efficient,117,117,
00025-00000002,efficient,119,119,
00025-00000002,efficient,120,120,
00025-00000002,efficient,124,124,
00025-00000002,efficient,126,126,
00025-00000002,efficient,127,127,
00025-00000002,efficient,131,131,
00025-00000002,efficient,142,142,
00025-00000002,efficient,148,148,
00025-00000002,efficient,156,156,
00025-00000002,efficient,163,163,
00025-00000002,efficient,168,168,
00025-00000002,efficient,180,180,
00025-00000002,efficient,182,182,
00025-00000002,efficient,184,184,
00025-00000002,efficient,189,189,
00025-00000002,efficient,191,191,
00025-00000002,efficient,192,192,
00025-00000002,efficient,195,195,
00025-00000002,efficient,196,196,
00025-00000002,efficient,199,199,
00025-00000002,efficient,202,202,
00025-00000002,efficient,203,203,
00025-00000002,efficient,208,208,
00025-00000002,efficient,210,210,
00025-00000002,efficient,211,211,
00025-00000002,efficient,215,215,
00025-00000002,efficient,216,216,
00025-00000002,efficient,218,218,
00025-00000002,efficient,220,220,
00025-00000002,efficient,224,224,
00025-00000002,efficient,237,237,
00025-00000002,efficient,239,239,
00025-00000002,efficient,255,255,
00025-00000002,efficient,259,259,
00025-00000002,efficient,262,262,
00025-00000002,efficient,265,265,
00025-00000002,efficient,269,269,
00025-00000002,efficient,276,276,
00025-00000002,efficient,279,279,
00025-00000002,efficient,284,284,
00025-00000002,efficient,289,289,
00025-00000002,efficient,293,293,
00025-00000002,efficient,299,299,
00025-00000002,efficient,302,302,
00025-00000002,efficient,305,305,
00025-00000002,efficient,307,307,
00025-00000002,efficient,309,309,
00025-00000002,efficient,314,314,
00025-00000002,efficient,315,315,
00025-00000002,efficient,318,318,
00025-00000002,efficient,321,321,
00025-00000002,efficient,322,322,
00025-00000002,efficient,327,327,
00025-00000002,efficient,331,331,
00025-00000002,efficient,338,338,
00025-00000002,efficient,343,343,
00025-00000002,efficient,350,350,
00025-00000002,efficient,352,352,
00025-00000002,efficient,354,354,
00025-00000002,efficient,358,358,
00025-00000002,efficient,362,362,
00025-00000002,efficient,368,368,
00025-00000002,efficient,370,370,
00025-00000002,efficient,376,376,
00025-00000002,efficient,396,396,
00025-00000002,efficient,397,397,
00025-00000002,efficient,400,400,
00025-00000002,efficient,401,401,
00025-00000002,efficient,416,416,
00025-00000002,efficient,421,421,
00025-00000002,efficient,427,427,
00025-00000002,efficient,429,429,
00025-00000002,efficient,430,430,
00025-00000002,efficient,438,438,
00025-00000002,efficient,447,447,
00025-00000002,efficient,449,449,
00025-00000002,efficient,451,451,
00025-00000002,efficient,457,457,
00025-00000002,efficient,465,465,
00025-00000002,efficient,468,468,
00025-00000002,efficient,480,480,
00025-00000002,efficient,495,495,
00025-00000002,efficient,498,498,
00025-00000002,efficient,516,516,
00025-00000002,efficient,522,522,
00025-00000002,efficient,524,524,
00025-00000002,efficient,525,525,
00025-00000002,efficient,527,527,
00025-00000002,efficient,528,528,
00025-00000002,efficient,538,538,
00025-00000002,efficient,539,539,
00025-00000002,efficient,540,540,
00025-00000002,efficient,541,541,
00025-00000002,efficient,544,544,
00025-00000002,efficient,551,551,
00025-00000002,efficient,554,554,
00025-00000002,efficient,571,571,
00025-00000002,efficient,578,578,
00025-00000002,efficient,580,580,
00025-00000002,efficient,582,582,
00025-00000002,efficient,589,589,
00025-00000002,efficient,590,590,
00025-00000002,efficient,600,600,
00025-00000002,efficient,609,609,
00025-00000002,efficient,614,614,
00025-00000002,efficient,640,640,
00025-00000002,efficient,648,648,
00025-00000002,efficient,650,650,
00025-00000002,efficient,652,652,
00025-00000002,efficient,653,653,
00025-00000002,efficient,654,654,
00025-00000002,efficient,669,669,
00025-00000002,efficient,675,675,
00025-00000002,efficient,677,677,
00025-00000002,efficient,679,679,
00025-00000002,efficient,683,683,
00025-00000002,efficient,687,687,
00025-00000002,efficient,690,690,
00025-00000002,efficient,697,697,
00025-00000002,efficient,698,698,
00025-00000002,efficient,704,704,
00025-00000002,efficient,707,707,
00025-00000002,efficient,715,715,
00025-00000002,efficient,717,717,
00025-00000002,efficient,734,734,
00025-00000002,efficient,746,746,
00025-00000002,efficient,757,757,
00025-00000002,efficient,758,758,
00025-00000002,efficient,773,773,
00025-00000002,efficient,775,775,
00025-00000002,efficient,785,785,
00025-00000002,efficient,786,786,
00025-00000002,borda,1,1,1.7802569130295083
00025-00000002,borda,4,4,1.7802569130295083
00025-00000002,borda,9,9,1.7802569130295083
00025-00000002,borda,12,12,1.7802569130295083
00025-00000002,borda,19,19,1.7802569130295083
00025-00000002,borda,22,22,1.7802569130295083
00025-00000002,borda,26,26,1.7802569130295083
00025-00000002,borda,34,34,1.7802569130295083
00025-00000002,borda,36,36,1.7802569130295083
00025-00000002,borda,37,37,1.7802569130295083
00025-00000002,borda,45,45,1.7802569130295083
00025-00000002,borda,46,46,1.7802569130295083
00025-00000002,borda,47,47,1.7802569130295083
00025-00000002,borda,49,49,1.7802569130295083
00025-00000002,borda,53,53,1.7802569130295083
00025-00000002,borda,54,54,1.7802569130295083
00025-00000002,borda,58,58,1.7802569130295083
00025-00000002,borda,63,63,1.7802569130295083
00025-00000002,borda,64,64,1.7802569130295083
00025-00000002,borda,74,74,1.7802569130295083
00025-00000002,borda,78,78,1.7802569130295083
00025-00000002,borda,79,79,1.7802569130295083
00025-00000002,borda,86,86,1.7802569130295083
00025-00000002,borda,89,89,1.7802569130295083
00025-00000002,borda,101,101,1.7802569130295083
00025-00000002,borda,102,102,1.7802569130295083
00025-00000002,borda,117,117,1.7802569130295083
00025-00000002,borda,119,119,1.7802569130295083
00025-00000002,borda,120,120,1.7802569130295083
00025-00000002,borda,124,124,1.7802569130295083
00025-00000002,borda,126,126,1.7802569130295083
00025-00000002,borda,127,127,1.7802569130295083
00025-00000002,borda,131,131,1.7802569130295083
00025-00000002,borda,142,142,1.7802569130295083
00025-00000002,borda,148,148,1.7802569130295083
00025-00000002,borda,156,156,1.7802569130295083
00025-00000002,borda,163,163,1.7802569130295083
00025-00000002,borda,168,168,1.7802569130295083
00025-00000002,borda,180,180,1.7802569130295083
00025-00000002,borda,182,182,1.7802569130295083
00025-00000002,borda,184,184,1.7802569130295083
00025-00000002,borda,189,189,1.7802569130295083
00025-00000002,borda,191,191,1.7802569130295083
00025-00000002,borda,192,192,1.7802569130295083
00025-00000002,borda,195,195,1.7802569130295083
00025-00000002,borda,196,196,1.7802569130295083
00025-00000002,borda,199,199,1.7802569130295083
00025-00000002,borda,202,202,2.365418536602691
00025-00000002,borda,203,203,2.365418536602691
00025-00000002,borda,208,208,2.365418536602691
00025-00000002,borda,210,210,2.365418536602691
00025-00000002,borda,211,211,2.365418536602691
00025-00000002,borda,215,215,2.365418536602691
00025-00000002,borda,216,216,2.365418536602691
00025-00000002,borda,218,218,2.365418536602691
00025-00000002,borda,220,220,2.365418536602691
00025-00000002,borda,224,224,2.365418536602691
00025-00000002,borda,237,237,2.365418536602691
00025-00000002,borda,239,239,2.365418536602691
00025-00000002,borda,255,255,2.365418536602691
00025-00000002,borda,259,259,2.365418536602691
00025-00000002,borda,262,262,2.365418536602691
00025-00000002,borda,265,265,2.365418536602691
00025-00000002,borda,269,269,2.365418536602691
00025-00000002,borda,276,276,2.365418536602691
00025-00000002,borda,279,279,2.365418536602691
00025-00000002,borda,284,284,2.365418536602691
00025-00000002,borda,289,289,2.365418536602691
00025-00000002,borda,293,293,2.365418536602691
00025-00000002,borda,299,299,2.365418536602691
00025-00000002,borda,302,302,2.365418536602691
00025-00000002,borda,305,305,2.365418536602691
00025-00000002,borda,307,307,2.365418536602691
00025-00000002,borda,309,309,2.365418536602691
00025-00000002,borda,314,314,2.365418536602691
00025-00000002,borda,315,315,2.365418536602691
00025-00000002,borda,318,318,2.365418536602691
00025-00000002,borda,321,321,2.365418536602691
00025-00000002,borda,322,322,2.365418536602691
00025-00000002,borda,327,327,2.365418536602691
00025-00000002,borda,331,331,2.365418536602691
00025-00000002,borda,338,338,2.365418536602691
00025-00000002,borda,343,343,2.365418536602691
00025-00000002,borda,350,350,2.365418536602691
00025-00000002,borda,352,352,2.365418536602691
00025-00000002,borda,354,354,2.365418536602691
00025-00000002,borda,358,358,2.365418536602691
00025-00000002,borda,362,362,2.365418536602691
00025-00000002,borda,368,368,2.365418536602691
00025-00000002,borda,370,370,2.365418536602691
00025-00000002,borda,376,376,2.365418536602691
00025-00000002,borda,396,396,2.365418536602691
00025-00000002,borda,397,397,2.365418536602691
00025-00000002,borda,400,400,2.9505801601758743
00025-00000002,borda,401,401,2.9505801601758743
00025-00000002,borda,416,416,2.9505801601758743
00025-00000002,borda,421,421,2.9505801601758743
00025-00000002,borda,427,427,2.9505801601758743
00025-00000002,borda,429,429,2.9505801601758743
00025-00000002,borda,430,430,2.9505801601758743
00025-00000002,borda,438,438,2.9505801601758743
00025-00000002,borda,447,447,2.9505801601758743
00025-00000002,borda,449,449,2.9505801601758743
00025-00000002,borda,451,451,2.9505801601758743
00025-00000002,borda,457,457,2.9505801601758743
00025-00000002,borda,465,465,2.9505801601758743
00025-00000002,borda,468,468,2.9505801601758743
00025-00000002,borda,480,480,2.9505801601758743
00025-00000002,borda,495,495,2.9505801601758743
00025-00000002,borda,498,498,2.9505801601758743
00025-00000002,borda,516,516,3.5357417837490575
00025-00000002,borda,522,522,3.5357417837490575
00025-00000002,borda,524,524,3.5357417837490575
00025-00000002,borda,525,525,3.5357417837490575
00025-00000002,borda,527,527,3.5357417837490575
00025-00000002,borda,528,528,3.5357417837490575
00025-00000002,borda,538,538,3.5357417837490575
00025-00000002,borda,539,539,2.9505801601758743
00025-00000002,borda,540,540,2.9505801601758743
00025-00000002,borda,541,541,2.9505801601758743
00025-00000002,borda,544,544,2.9505801601758743
00025-00000002,borda,551,551,2.9505801601758743
00025-00000002,borda,554,554,2.9505801601758743
00025-00000002,borda,571,571,2.9505801601758743
00025-00000002,borda,578,578,2.9505801601758743
00025-00000002,borda,580,580,2.9505801601758743
00025-00000002,borda,582,582,2.9505801601758743
00025-00000002,borda,589,589,3.5357417837490575
00025-00000002,borda,590,590,3.5357417837490575
00025-00000002,borda,600,600,3.5357417837490575
00025-00000002,borda,609,609,4.12090340732224
00025-00000002,borda,614,614,4.12090340732224
00025-00000002,borda,640,640,3.5357417837490575
00025-00000002,borda,648,648,4.12090340732224
00025-00000002,borda,650,650,4.12090340732224
00025-00000002,borda,652,652,4.12090340732224
00025-00000002,borda,653,653,4.12090340732224
00025-00000002,borda,654,654,4.12090340732224
00025-00000002,borda,669,669,3.5357417837490575
00025-00000002,borda,675,675,3.5357417837490575
00025-00000002,borda,677,677,3.5357417837490575
00025-00000002,borda,679,679,3.5357417837490575
00025-00000002,borda,683,683,3.5357417837490575
00025-00000002,borda,687,687,3.5357417837490575
00025-00000002,borda,690,690,3.5357417837490575
00025-00000002,borda,697,697,3.5357417837490575
00025-00000002,borda,698,698,3.5357417837490575
00025-00000002,borda,704,704,4.706065030895424
00025-00000002,borda,707,707,4.706065030895424
00025-00000002,borda,715,715,4.706065030895424
00025-00000002,borda,717,717,4.12090340732224
00025-00000002,borda,734,734,4.12090340732224
00025-00000002,borda,746,746,4.12090340732224
00025-00000002,borda,757,757,3.5357417837490575
00025-00000002,borda,758,758,3.5357417837490575
00025-00000002,borda,773,773,4.706065030895424
00025-00000002,borda,775,775,4.706065030895424
00025-00000002,borda,785,785,5.291226654468606
00025-00000002,borda,786,786,5.291226654468606
00025-00000003,pl,3,3,1.983373982265946
00025-00000003,pl,6,6,1.983373982265946
00025-00000003,pl,8,8,1.983373982265946
00025-00000003,pl,9,9,1.983373982265946
00025-00000003,pl,10,10,1.983373982265946
00025-00000003,pl,17,17,1.983373982265946
00025-00000003,pl,27,27,1.983373982265946
00025-00000003,pl,28,28,1.983373982265946
00025-00000003,pl,36,36,1.983373982265946
00025-00000003,pl,38,38,1.983373982265946
00025-00000003,pl,47,47,1.983373982265946
00025-00000003,pl,49,49,1.983373982265946
00025-00000003,pl,63,63,1.983373982265946
00025-00000003,pl,70,70,1.983373982265946
00025-00000003,pl,77,77,1.983373982265946
00025-00000003,pl,79,79,1.983373982265946
00025-00000003,pl,80,80,1.983373982265946
00025-00000003,pl,85,85,1.983373982265946
00025-00000003,pl,89,89,1.983373982265946
00025-00000003,pl,93,93,1.983373982265946
00025-00000003,pl,95,95,1.983373982265946
00025-00000003,pl,96,96,1.983373982265946
00025-00000003,pl,98,98,1.983373982265946
00025-00000003,pl,101,101,1.983373982265946
00025-00000003,pl,105,105,1.983373982265946
00025-00000003,pl,108,108,1.983373982265946
00025-00000003,pl,109,109,1.983373982265946
00025-00000003,pl,120,120,1.983373982265946
00025-00000003,pl,123,123,1.983373982265946
00025-00000003,pl,124,124,1.983373982265946
00025-00000003,pl,129,129,1.983373982265946
00025-00000003,pl,131,131,1.983373982265946
00025-00000003,pl,135,135,1.983373982265946
00025-00000003,pl,140,140,1.983373982265946
00025-00000003,pl,141,141,1.983373982265946
00025-00000003,pl,142,142,1.983373982265946
00025-00000003,pl,145,145,2.248971647097057
00025-00000003,pl,151,151,2.248971647097057
00025-00000003,pl,155,155,2.248971647097057
00025-00000003,pl,174,174,2.248971647097057
00025-00000003,pl,184,184,2.248971647097057
00025-00000003,pl,193,193,2.248971647097057
00025-00000003,pl,205,205,2.248971647097057
00025-00000003,pl,210,210,2.248971647097057
00025-00000003,pl,213,213,2.248971647097057
00025-00000003,pl,215,215,2.248971647097057
00025-00000003,pl,216,216,2.248971647097057
00025-00000003,pl,223,223,2.248971647097057
00025-00000003,pl,226,226,2.248971647097057
00025-00000003,pl,227,227,2.248971647097057
00025-00000003,pl,233,233,2.3588673939438474
00025-00000003,pl,251,251,2.3588673939438474
00025-00000003,pl,258,258,2.3588673939438474
00025-00000003,pl,261,261,2.3588673939438474
00025-00000003,pl,266,266,2.3588673939438474
00025-00000003,pl,269,269,2.3588673939438474
00025-00000003,pl,273,273,2.3588673939438474
00025-00000003,pl,275,275,2.3588673939438474
00025-00000003,pl,278,278,2.3588673939438474
00025-00000003,pl,283,283,2.3588673939438474
00025-00000003,pl,291,291,2.3588673939438474
00025-00000003,pl,296,296,2.3351678263279245
00025-00000003,pl,299,299,2.3351678263279245
00025-00000003,pl,311,311,2.3351678263279245
00025-00000003,pl,315,315,2.3351678263279245
00025-00000003,pl,317,317,2.3351678263279245
00025-00000003,pl,318,318,2.3351678263279245
00025-00000003,pl,330,330,2.3351678263279245
00025-00000003,pl,331,331,2.3351678263279245
00025-00000003,pl,334,334,2.3351678263279245
00025-00000003,pl,335,335,2.3351678263279245
00025-00000003,pl,336,336,2.3351678263279245
00025-00000003,pl,345,345,2.3351678263279245
00025-00000003,pl,347,347,2.3351678263279245
00025-00000003,pl,356,356,2.6007654911590357
00025-00000003,pl,363,363,2.6007654911590357
00025-00000003,pl,366,366,2.6007654911590357
00025-00000003,pl,376,376,2.6007654911590357
00025-00000003,pl,379,379,2.6007654911590357
00025-00000003,pl,385,385,2.6007654911590357
00025-00000003,pl,398,398,2.6007654911590357
00025-00000003,pl,401,401,2.6007654911590357
00025-00000003,pl,404,404,2.6007654911590357
00025-00000003,pl,405,405,2.6007654911590357
00025-00000003,pl,407,407,2.6007654911590357
00025-00000003,pl,411,411,3.2150941510241315
00025-00000003,pl,413,413,3.2150941510241315
00025-00000003,pl,414,414,3.2150941510241315
00025-00000003,pl,416,416,3.2150941510241315
00025-00000003,pl,422,422,3.2150941510241315
00025-00000003,pl,423,423,3.2150941510241315
00025-00000003,pl,424,424,3.2150941510241315
00025-00000003,pl,431,431,3.2150941510241315
00025-00000003,pl,439,439,3.2150941510241315
00025-00000003,pl,442,442,3.2150941510241315
00025-00000003,pl,445,445,3.2150941510241315
00025-00000003,pl,449,449,3.2150941510241315
00025-00000003,pl,450,450,3.2150941510241315
00025-00000003,pl,465,465,2.857836265938494
00025-00000003,pl,468,468,2.857836265938494
00025-00000003,pl,471,471,2.857836265938494
00025-00000003,pl,479,479,2.857836265938494
00025-00000003,pl,480,480,2.857836265938494
00025-00000003,pl,485,485,2.857836265938494
00025-00000003,pl,490,490,2.857836265938494
00025-00000003,pl,501,501,2.7112789495641105
00025-00000003,pl,502,502,2.7112789495641105
00025-00000003,pl,506,506,2.7112789495641105
00025-00000003,pl,508,508,2.7112789495641105
00025-00000003,pl,513,513,2.7112789495641105
00025-00000003,pl,521,521,2.7112789495641105
00025-00000003,pl,537,537,2.7112789495641105
00025-00000003,pl,541,541,3.3019080418132836
00025-00000003,pl,543,543,3.3019080418132836
00025-00000003,pl,551,551,3.3019080418132836
00025-00000003,pl,564,564,3.3019080418132836
00025-00000003,pl,567,567,3.3019080418132836
00025-00000003,pl,569,569,3.3019080418132836
00025-00000003,pl,573,573,3.1715918014071844
00025-00000003,pl,582,582,3.1715918014071844
00025-00000003,pl,588,588,3.1715918014071844
00025-00000003,pl,589,589,3.1715918014071844
00025-00000003,pl,603,603,3.3187668293398525
00025-00000003,pl,608,608,3.3187668293398525
00025-00000003,pl,614,614,3.3187668293398525
00025-00000003,pl,615,615,3.3187668293398525
00025-00000003,pl,619,619,3.3187668293398525
00025-00000003,pl,620,620,3.3187668293398525
00025-00000003,pl,624,624,3.3187668293398525
00025-00000003,pl,632,632,3.7140630230187783
00025-00000003,pl,636,636,3.7140630230187783
00025-00000003,pl,640,640,3.7140630230187783
00025-00000003,pl,642,642,3.7140630230187783
00025-00000003,pl,648,648,3.492813539445831
00025-00000003,pl,650,650,3.492813539445831
00025-00000003,pl,660,660,3.492813539445831
00025-00000003,pl,667,667,3.492813539445831
00025-00000003,pl,669,669,3.8397599600943018
00025-00000003,pl,670,670,3.8397599600943018
00025-00000003,pl,678,678,3.8397599600943018
00025-00000003,pl,690,690,4.6344637720555895
00025-00000003,pl,691,691,4.6344637720555895
00025-00000003,pl,692,692,4.6344637720555895
00025-00000003,pl,694,694,4.6344637720555895
00025-00000003,pl,700,700,4.401841909614662
00025-00000003,pl,701,701,4.401841909614662
00025-00000003,pl,703,703,4.401841909614662
00025-00000003,pl,709,709,4.401841909614662
00025-00000003,pl,713,713,4.781638799988257
00025-00000003,pl,718,718,4.781638799988257
00025-00000003,pl,719,719,4.781638799988257
00025-00000003,pl,740,740,3.2491308678451287
00025-00000003,pl,751,751,5.047370169469154
00025-00000003,pl,752,752,5.047370169469154
00025-00000003,pl,755,755,5.047370169469154
00025-00000003,pl,756,756,5.047370169469154
00025-00000003,pl,774,774,4.876145919482164
00025-00000003,pl,777,777,4.876145919482164
00025-00000003,pl,779,779,4.440724955901034
00025-00000003,mle,3,3,1.7933669082310897
00025-00000003,mle,6,6,1.7933669082310897
00025-00000003,mle,8,8,1.7933669082310897
00025-00000003,mle,9,9,1.7933669082310897
00025-00000003,mle,10,10,1.7933669082310897
00025-00000003,mle,17,17,1.7933669082310897
00025-00000003,mle,27,27,1.7933669082310897
00025-00000003,mle,28,28,1.7933669082310897
00025-00000003,mle,36,36,1.7933669082310897
00025-00000003,mle,38,38,1.7933669082310897
00025-00000003,mle,47,47,1.7933669082310897
00025-00000003,mle,49,49,1.7933669082310897
00025-00000003,mle,63,63,1.7933669082310897
00025-00000003,mle,70,70,1.7933669082310897
00025-00000003,mle,77,77,1.7933669082310897
00025-00000003,mle,79,79,1.7933669082310897
00025-00000003,mle,80,80,1.7933669082310897
00025-00000003,mle,85,85,1.7933669082310897
00025-00000003,mle,89,89,1.7933669082310897
00025-00000003,mle,93,93,1.7933669082310897
00025-00000003,mle,95,95,1.7933669082310897
00025-00000003,mle,96,96,1.7933669082310897
00025-00000003,mle,98,98,1.7933669082310897
00025-00000003,mle,101,101,1.7933669082310897
00025-00000003,mle,105,105,1.7933669082310897
00025-00000003,mle,108,108,1.7933669082310897
00025-00000003,mle,109,109,1.7933669082310897
00025-00000003,mle,120,120,1.7933669082310897
00025-00000003,mle,123,123,1.7933669082310897
00025-00000003,mle,124,124,1.7933669082310897
00025-00000003,mle,129,129,1.7933669082310897
00025-00000003,mle,131,131,1.7933669082310897
00025-00000003,mle,135,135,1.7933669082310897
00025-00000003,mle,140,140,1.7933669082310897
00025-00000003,mle,141,141,1.7933669082310897
00025-00000003,mle,142,142,1.7933669082310897
00025-00000003,mle,145,145,2.3713488701332417
00025-00000003,mle,151,151,2.3713488701332417
00025-00000003,mle,155,155,2.3713488701332417
00025-00000003,mle,174,174,2.3713488701332417
00025-00000003,mle,184,184,2.3713488701332417
00025-00000003,mle,193,193,2.3713488701332417
00025-00000003,mle,205,205,2.3713488701332417
00025-00000003,mle,210,210,2.3713488701332417
00025-00000003,mle,213,213,2.3713488701332417
00025-00000003,mle,215,215,2.3713488701332417
00025-00000003,mle,216,216,2.3713488701332417
00025-00000003,mle,223,223,2.3713488701332417
00025-00000003,mle,226,226,2.3713488701332417
00025-00000003,mle,227,227,2.3713488701332417
00025-00000003,mle,233,233,2.3713488701332417
00025-00000003,mle,251,251,2.3713488701332417
00025-00000003,mle,258,258,2.3713488701332417
00025-00000003,mle,261,261,2.3713488701332417
00025-00000003,mle,266,266,2.3713488701332417
00025-00000003,mle,269,269,2.3713488701332417
00025-00000003,mle,273,273,2.3713488701332417
00025-00000003,mle,275,275,2.3713488701332417
00025-00000003,mle,278,278,2.3713488701332417
00025-00000003,mle,283,283,2.3713488701332417
00025-00000003,mle,291,291,2.3713488701332417
00025-00000003,mle,296,296,2.3713488701332417
00025-00000003,mle,299,299,2.3713488701332417
00025-00000003,mle,311,311,2.3713488701332417
00025-00000003,mle,315,315,2.3713488701332417
00025-00000003,mle,317,317,2.3713488701332417
00025-00000003,mle,318,318,2.3713488701332417
00025-00000003,mle,330,330,2.3713488701332417
00025-00000003,mle,331,331,2.3713488701332417
00025-00000003,mle,334,334,2.3713488701332417
00025-00000003,mle,335,335,2.3713488701332417
00025-00000003,mle,336,336,2.3713488701332417
00025-00000003,mle,345,345,2.3713488701332417
00025-00000003,mle,347,347,2.3713488701332417
00025-00000003,mle,356,356,2.9493308320353937
00025-00000003,mle,363,363,2.9493308320353937
00025-00000003,mle,366,366,2.9493308320353937
00025-00000003,mle,376,376,2.9493308320353937
00025-00000003,mle,379,379,2.9493308320353937
00025-00000003,mle,385,385,2.9493308320353937
00025-00000003,mle,398,398,2.9493308320353937
00025-00000003,mle,401,401,2.9493308320353937
00025-00000003,mle,404,404,2.9493308320353937
00025-00000003,mle,405,405,2.9493308320353937
00025-00000003,mle,407,407,2.9493308320353937
00025-00000003,mle,411,411,2.9493308320353937
00025-00000003,mle,413,413,2.9493308320353937
00025-00000003,mle,414,414,2.9493308320353937
00025-00000003,mle,416,416,2.9493308320353937
00025-00000003,mle,422,422,2.9493308320353937
00025-00000003,mle,423,423,2.9493308320353937
00025-00000003,mle,424,424,2.9493308320353937
00025-00000003,mle,431,431,2.9493308320353937
00025-00000003,mle,439,439,2.9493308320353937
00025-00000003,mle,442,442,2.9493308320353937
00025-00000003,mle,445,445,2.9493308320353937
00025-00000003,mle,449,449,2.9493308320353937
00025-00000003,mle,450,450,2.9493308320353937
00025-00000003,mle,465,465,2.9493308320353937
00025-00000003,mle,468,468,2.9493308320353937
00025-00000003,mle,471,471,2.9493308320353937
00025-00000003,mle,479,479,2.9493308320353937
00025-00000003,mle,480,480,2.9493308320353937
00025-00000003,mle,485,485,2.9493308320353937
00025-00000003,mle,490,490,2.9493308320353937
00025-00000003,mle,501,501,2.9493308320353937
00025-00000003,mle,502,502,2.9493308320353937
00025-00000003,mle,506,506,2.9493308320353937
00025-00000003,mle,508,508,2.9493308320353937
00025-00000003,mle,513,513,2.9493308320353937
00025-00000003,mle,521,521,2.9493308320353937
00025-00000003,mle,537,537,2.9493308320353937
00025-00000003,mle,541,541,3.5273127939375457
00025-00000003,mle,543,543,3.5273127939375457
00025-00000003,mle,551,551,3.5273127939375457
00025-00000003,mle,564,564,3.5273127939375457
00025-00000003,mle,567,567,3.5273127939375457
00025-00000003,mle,569,569,3.5273127939375457
00025-00000003,mle,573,573,2.9493308320353937
00025-00000003,mle,582,582,2.9493308320353937
00025-00000003,mle,588,588,2.9493308320353937
00025-00000003,mle,589,589,2.9493308320353937
00025-00000003,mle,603,603,3.5273127939375457
00025-00000003,mle,608,608,3.5273127939375457
00025-00000003,mle,614,614,3.5273127939375457
00025-00000003,mle,615,615,3.5273127939375457
00025-00000003,mle,619,619,3.5273127939375457
00025-00000003,mle,620,620,3.5273127939375457
00025-00000003,mle,624,624,3.5273127939375457
00025-00000003,mle,632,632,3.5273127939375457
00025-00000003,mle,636,636,3.5273127939375457
00025-00000003,mle,640,640,3.5273127939375457
00025-00000003,mle,642,642,3.5273127939375457
00025-00000003,mle,648,648,3.5273127939375457
00025-00000003,mle,650,650,3.5273127939375457
00025-00000003,mle,660,660,3.5273127939375457
00025-00000003,mle,667,667,3.5273127939375457
00025-00000003,mle,669,669,4.105294755839697
00025-00000003,mle,670,670,4.105294755839697
00025-00000003,mle,678,678,4.105294755839697
00025-00000003,mle,690,690,3.5273127939375457
00025-00000003,mle,691,691,3.5273127939375457
00025-00000003,mle,692,692,3.5273127939375457
00025-00000003,mle,694,694,3.5273127939375457
00025-00000003,mle,700,700,4.105294755839697
00025-00000003,mle,701,701,4.105294755839697
00025-00000003,mle,703,703,4.105294755839697
00025-00000003,mle,709,709,4.105294755839697
00025-00000003,mle,713,713,4.105294755839697
00025-00000003,mle,718,718,4.105294755839697
00025-00000003,mle,719,719,4.105294755839697
00025-00000003,mle,740,740,3.5273127939375457
00025-00000003,mle,751,751,5.261258679644001
00025-00000003,mle,752,752,5.261258679644001
00025-00000003,mle,755,755,5.261258679644001
00025-00000003,mle,756,756,5.261258679644001
00025-00000003,mle,774,774,4.683276717741849
00025-00000003,mle,777,777,4.683276717741849
00025-00000003,mle,779,779,4.683276717741849
00025-00000003,sharp,3,3,2.432870713901269
00025-00000003,sharp,6,6,2.432870713901269
00025-00000003,sharp,8,8,2.432870713901269
00025-00000003,sharp,9,9,2.432870713901269
00025-00000003,sharp,10,10,2.432870713901269
00025-00000003,sharp,17,17,2.432870713901269
00025-00000003,sharp,27,27,2.432870713901269
00025-00000003,sharp,28,28,2.432870713901269
00025-00000003,sharp,36,36,2.432870713901269
00025-00000003,sharp,38,38,2.432870713901269
00025-00000003,sharp,47,47,2.432870713901269
00025-00000003,sharp,49,49,2.432870713901269
00025-00000003,sharp,63,63,2.432870713901269
00025-00000003,sharp,70,70,2.432870713901269
00025-00000003,sharp,77,77,2.432870713901269
00025-00000003,sharp,79,79,2.432870713901269
00025-00000003,sharp,80,80,2.432870713901269
00025-00000003,sharp,85,85,2.432870713901269
00025-00000003,sharp,89,89,2.432870713901269
00025-00000003,sharp,93,93,2.432870713901269
00025-00000003,sharp,95,95,2.432870713901269
00025-00000003,sharp,96,96,2.432870713901269
00025-00000003,sharp,98,98,2.432870713901269
00025-00000003,sharp,101,101,2.432870713901269
00025-00000003,sharp,105,105,2.432870713901269
00025-00000003,sharp,108,108,2.432870713901269
00025-00000003,sharp,109,109,2.432870713901269
00025-00000003,sharp,120,120,2.432870713901269
00025-00000003,sharp,123,123,2.432870713901269
00025-00000003,sharp,124,124,2.432870713901269
00025-00000003,sharp,129,129,2.432870713901269
00025-00000003,sharp,131,131,2.432870713901269
00025-00000003,sharp,135,135,2.432870713901269
00025-00000003,sharp,140,140,2.432870713901269
00025-00000003,sharp,141,141,2.432870713901269
00025-00000003,sharp,142,142,2.432870713901269
00025-00000003,sharp,145,145,1.9237305594523502
00025-00000003,sharp,151,151,1.9237305594523502
00025-00000003,sharp,155,155,1.9237305594523502
00025-00000003,sharp,174,174,1.9237305594523502
00025-00000003,sharp,184,184,1.9237305594523502
00025-00000003,sharp,193,193,1.9237305594523502
00025-00000003,sharp,205,205,1.9237305594523502
00025-00000003,sharp,210,210,1.9237305594523502
00025-00000003,sharp,213,213,1.9237305594523502
00025-00000003,sharp,215,215,1.9237305594523502
00025-00000003,sharp,216,216,1.9237305594523502
00025-00000003,sharp,223,223,1.9237305594523502
00025-00000003,sharp,226,226,1.9237305594523502
00025-00000003,sharp,227,227,1.9237305594523502
00025-00000003,sharp,233,233,2.9420108683501884
00025-00000003,sharp,251,251,2.9420108683501884
00025-00000003,sharp,258,258,2.9420108683501884
00025-00000003,sharp,261,261,2.9420108683501884
00025-00000003,sharp,266,266,2.9420108683501884
00025-00000003,sharp,269,269,2.9420108683501884
00025-00000003,sharp,273,273,2.9420108683501884
00025-00000003,sharp,275,275,2.9420108683501884
00025-00000003,sharp,278,278,2.9420108683501884
00025-00000003,sharp,283,283,2.9420108683501884
00025-00000003,sharp,291,291,2.9420108683501884
00025-00000003,sharp,296,296,2.9420108683501884
00025-00000003,sharp,299,299,2.9420108683501884
00025-00000003,sharp,311,311,2.9420108683501884
00025-00000003,sharp,315,315,2.9420108683501884
00025-00000003,sharp,317,317,2.9420108683501884
00025-00000003,sharp,318,318,2.9420108683501884
00025-00000003,sharp,330,330,2.9420108683501884
00025-00000003,sharp,331,331,2.9420108683501884
00025-00000003,sharp,334,334,2.9420108683501884
00025-00000003,sharp,335,335,2.9420108683501884
00025-00000003,sharp,336,336,2.9420108683501884
00025-00000003,sharp,345,345,2.9420108683501884
00025-00000003,sharp,347,347,2.9420108683501884
00025-00000003,sharp,356,356,2.432870713901269
00025-00000003,sharp,363,363,2.432870713901269
00025-00000003,sharp,366,366,2.432870713901269
00025-00000003,sharp,376,376,2.432870713901269
00025-00000003,sharp,379,379,2.432870713901269
00025-00000003,sharp,385,385,2.432870713901269
00025-00000003,sharp,398,398,2.432870713901269
00025-00000003,sharp,401,401,2.432870713901269
00025-00000003,sharp,404,404,2.432870713901269
00025-00000003,sharp,405,405,2.432870713901269
00025-00000003,sharp,407,407,2.432870713901269
00025-00000003,sharp,411,411,3.451151022799108
00025-00000003,sharp,413,413,3.451151022799108
00025-00000003,sharp,414,414,3.451151022799108
00025-00000003,sharp,416,416,3.451151022799108
00025-00000003,sharp,422,422,3.451151022799108
00025-00000003,sharp,423,423,3.451151022799108
00025-00000003,sharp,424,424,3.451151022799108
00025-00000003,sharp,431,431,3.451151022799108
00025-00000003,sharp,439,439,3.451151022799108
00025-00000003,sharp,442,442,3.451151022799108
00025-00000003,sharp,445,445,3.451151022799108
00025-00000003,sharp,449,449,3.451151022799108
00025-00000003,sharp,450,450,3.451151022799108
00025-00000003,sharp,465,465,3.451151022799108
00025-00000003,sharp,468,468,3.451151022799108
00025-00000003,sharp,471,471,3.451151022799108
00025-00000003,sharp,479,479,3.451151022799108
00025-00000003,sharp,480,480,3.451151022799108
00025-00000003,sharp,485,485,3.451151022799108
00025-00000003,sharp,490,490,3.451151022799108
00025-00000003,sharp,501,501,2.432870713901269
00025-00000003,sharp,502,502,2.432870713901269
00025-00000003,sharp,506,506,2.432870713901269
00025-00000003,sharp,508,508,2.432870713901269
00025-00000003,sharp,513,513,2.432870713901269
00025-00000003,sharp,521,521,2.432870713901269
00025-00000003,sharp,537,537,2.432870713901269
00025-00000003,sharp,541,541,2.9420108683501884
00025-00000003,sharp,543,543,2.9420108683501884
00025-00000003,sharp,551,551,2.9420108683501884
00025-00000003,sharp,564,564,2.9420108683501884
00025-00000003,sharp,567,567,2.9420108683501884
00025-00000003,sharp,569,569,2.9420108683501884
00025-00000003,sharp,573,573,3.451151022799108
00025-00000003,sharp,582,582,3.451151022799108
00025-00000003,sharp,588,588,3.451151022799108
00025-00000003,sharp,589,589,3.451151022799108
00025-00000003,sharp,603,603,3.9602911772480267
00025-00000003,sharp,608,608,3.9602911772480267
00025-00000003,sharp,614,614,3.9602911772480267
00025-00000003,sharp,615,615,3.9602911772480267
00025-00000003,sharp,619,619,3.9602911772480267
00025-00000003,sharp,620,620,3.9602911772480267
00025-00000003,sharp,624,624,3.9602911772480267
00025-00000003,sharp,632,632,3.9602911772480267
00025-00000003,sharp,636,636,3.9602911772480267
00025-00000003,sharp,640,640,3.9602911772480267
00025-00000003,sharp,642,642,3.9602911772480267
00025-00000003,sharp,648,648,2.9420108683501884
00025-00000003,sharp,650,650,2.9420108683501884
00025-00000003,sharp,660,660,2.9420108683501884
00025-00000003,sharp,667,667,2.9420108683501884
00025-00000003,sharp,669,669,3.451151022799108
00025-00000003,sharp,670,670,3.451151022799108
00025-00000003,sharp,678,678,3.451151022799108
00025-00000003,sharp,690,690,3.9602911772480267
00025-00000003,sharp,691,691,3.9602911772480267
00025-00000003,sharp,692,692,3.9602911772480267
00025-00000003,sharp,694,694,3.9602911772480267
00025-00000003,sharp,700,700,4.469431331696946
00025-00000003,sharp,701,701,4.469431331696946
00025-00000003,sharp,703,703,4.469431331696946
00025-00000003,sharp,709,709,4.469431331696946
00025-00000003,sharp,713,713,4.469431331696946
00025-00000003,sharp,718,718,4.469431331696946
00025-00000003,sharp,719,719,4.469431331696946
00025-00000003,sharp,740,740,2.9420108683501884
00025-00000003,sharp,751,751,4.469431331696946
00025-00000003,sharp,752,752,4.469431331696946
00025-00000003,sharp,755,755,4.469431331696946
00025-00000003,sharp,756,756,4.469431331696946
00025-00000003,sharp,774,774,3.9602911772480267
00025-00000003,sharp,777,777,3.9602911772480267
00025-00000003,sharp,779,779,3.9602911772480267
00025-00000003,efficient,3,3,
00025-00000003,efficient,6,6,
00025-00000003,efficient,8,8,
00025-00000003,efficient,9,9,
00025-00000003,efficient,10,10,
00025-00000003,efficient,17,17,
00025-00000003,efficient,27,27,
00025-00000003,efficient,28,28,
00025-00000003,efficient,36,36,
00025-00000003,efficient,38,38,
00025-00000003,efficient,47,47,
00025-00000003,efficient,49,49,
00025-00000003,efficient,63,63,
00025-00000003,efficient,70,70,
00025-00000003,efficient,77,77,
00025-00000003,efficient,79,79,
00025-00000003,efficient,80,80,
00025-00000003,efficient,85,85,
00025-00000003,efficient,89,89,
00025-00000003,efficient,93,93,
00025-00000003,efficient,95,95,
00025-00000003,efficient,96,96,
00025-00000003,efficient,98,98,
00025-00000003,efficient,101,101,
00025-00000003,efficient,105,105,
00025-00000003,efficient,108,108,
00025-00000003,efficient,109,109,
00025-00000003,efficient,120,120,
00025-00000003,efficient,123,123,
00025-00000003,efficient,124,124,
00025-00000003,efficient,129,129,
00025-00000003,efficient,131,131,
00025-00000003,efficient,135,135,
00025-00000003,efficient,140,140,
00025-00000003,efficient,141,141,
00025-00000003,efficient,142,142,
00025-00000003,efficient,145,145,
00025-00000003,efficient,151,151,
00025-00000003,efficient,155,155,
00025-00000003,efficient,174,174,
00025-00000003,efficient,184,184,
00025-00000003,efficient,193,193,
00025-00000003,efficient,205,205,
00025-00000003,efficient,210,210,
00025-00000003,efficient,213,213,
00025-00000003,efficient,215,215,
00025-00000003,efficient,216,216,
00025-00000003,efficient,223,223,
00025-00000003,efficient,226,226,
00025-00000003,efficient,227,227,
00025-00000003,efficient,233,233,
00025-00000003,efficient,251,251,
00025-00000003,efficient,258,258,
00025-00000003,efficient,261,261,
00025-00000003,efficient,266,266,
00025-00000003,efficient,269,269,
00025-00000003,efficient,273,273,
00025-00000003,efficient,275,275,
00025-00000003,efficient,278,278,
00025-00000003,efficient,283,283,
00025-00000003,efficient,291,291,
00025-00000003,efficient,296,296,
00025-00000003,efficient,299,299,
00025-00000003,efficient,311,311,
00025-00000003,efficient,315,315,
00025-00000003,efficient,317,317,
00025-00000003,efficient,318,318,
00025-00000003,efficient,330,330,
00025-00000003,efficient,331,331,
00025-00000003,efficient,334,334,
00025-00000003,efficient,335,335,
00025-00000003,efficient,336,336,
00025-00000003,efficient,345,345,
00025-00000003,efficient,347,347,
00025-00000003,efficient,356,356,
00025-00000003,efficient,363,363,
00025-00000003,efficient,366,366,
00025-00000003,efficient,376,376,
00025-00000003,efficient,379,379,
00025-00000003,efficient,385,385,
00025-00000003,efficient,398,398,
00025-00000003,efficient,401,401,
00025-00000003,efficient,404,404,
00025-00000003,efficient,405,405,
00025-00000003,efficient,407,407,
00025-00000003,efficient,411,411,
00025-00000003,efficient,413,413,
00025-00000003,efficient,414,414,
00025-00000003,efficient,416,416,
00025-00000003,efficient,422,422,
00025-00000003,efficient,423,423,
00025-00000003,efficient,424,424,
00025-00000003,efficient,431,431,
00025-00000003,efficient,439,439,
00025-00000003,efficient,442,442,
00025-00000003,efficient,445,445,
00025-00000003,efficient,449,449,
00025-00000003,efficient,450,450,
00025-00000003,efficient,465,465,
00025-00000003,efficient,468,468,
00025-00000003,efficient,471,471,
00025-00000003,efficient,479,479,
00025-00000003,efficient,480,480,
00025-00000003,efficient,485,485,
00025-00000003,efficient,490,490,
00025-00000003,efficient,501,501,
00025-00000003,efficient,502,502,
00025-00000003,efficient,506,506,
00025-00000003,efficient,508,508,
00025-00000003,efficient,513,513,
00025-00000003,efficient,521,521,
00025-00000003,efficient,537,537,
00025-00000003,efficient,541,541,
00025-00000003,efficient,543,543,
00025-00000003,efficient,551,551,
00025-00000003,efficient,564,564,
00025-00000003,efficient,567,567,
00025-00000003,efficient,569,569,
00025-00000003,efficient,573,573,
00025-00000003,efficient,582,582,
00025-00000003,efficient,588,588,
00025-00000003,efficient,589,589,
00025-00000003,efficient,603,603,
00025-00000003,efficient,608,608,
00025-00000003,efficient,614,614,
00025-00000003,efficient,615,615,
00025-00000003,efficient,619,619,
00025-00000003,efficient,620,620,
00025-00000003,efficient,624,624,
00025-00000003,efficient,632,632,
00025-00000003,efficient,636,636,
00025-00000003,efficient,640,640,
00025-00000003,efficient,642,642,
00025-00000003,efficient,648,648,
00025-00000003,efficient,650,650,
00025-00000003,efficient,660,660,
00025-00000003,efficient,667,667,
00025-00000003,efficient,669,669,
00025-00000003,efficient,670,670,
00025-00000003,efficient,678,678,
00025-00000003,efficient,690,690,
00025-00000003,efficient,691,691,
00025-00000003,efficient,692,692,
00025-00000003,efficient,694,694,
00025-00000003,efficient,700,700,
00025-00000003,efficient,701,701,
00025-00000003,efficient,703,703,
00025-00000003,efficient,709,709,
00025-00000003,efficient,713,713,
00025-00000003,efficient,718,718,
00025-00000003,efficient,719,719,
00025-00000003,efficient,740,740,
00025-00000003,efficient,751,751,
00025-00000003,efficient,752,752,
00025-00000003,efficient,755,755,
00025-00000003,efficient,756,756,
00025-00000003,efficient,774,774,
00025-00000003,efficient,777,777,
00025-00000003,efficient,779,779,
00025-00000003,borda,3,3,1.7933669082310897
00025-00000003,borda,6,6,1.7933669082310897
00025-00000003,borda,8,8,1.7933669082310897
00025-00000003,borda,9,9,1.7933669082310897
00025-00000003,borda,10,10,1.7933669082310897
00025-00000003,borda,17,17,1.7933669082310897
00025-00000003,borda,27,27,1.7933669082310897
00025-00000003,borda,28,28,1.7933669082310897
00025-00000003,borda,36,36,1.7933669082310897
00025-00000003,borda,38,38,1.7933669082310897
00025-00000003,borda,47,47,1.7933669082310897
00025-00000003,borda,49,49,1.7933669082310897
00025-00000003,borda,63,63,1.7933669082310897
00025-00000003,borda,70,70,1.7933669082310897
00025-00000003,borda,77,77,1.7933669082310897
00025-00000003,borda,79,79,1.7933669082310897
00025-00000003,borda,80,80,1.7933669082310897
00025-00000003,borda,85,85,1.7933669082310897
00025-00000003,borda,89,89,1.7933669082310897
00025-00000003,borda,93,93,1.7933669082310897
00025-00000003,borda,95,95,1.7933669082310897
00025-00000003,borda,96,96,1.7933669082310897
00025-00000003,borda,98,98,1.7933669082310897
00025-00000003,borda,101,101,1.7933669082310897
00025-00000003,borda,105,105,1.7933669082310897
00025-00000003,borda,108,108,1.7933669082310897
00025-00000003,borda,109,109,1.7933669082310897
00025-00000003,borda,120,120,1.7933669082310897
00025-00000003,borda,123,123,1.7933669082310897
00025-00000003,borda,124,124,1.7933669082310897
00025-00000003,borda,129,129,1.7933669082310897
00025-00000003,borda,131,131,1.7933669082310897
00025-00000003,borda,135,135,1.7933669082310897
00025-00000003,borda,140,140,1.7933669082310897
00025-00000003,borda,141,141,1.7933669082310897
00025-00000003,borda,142,142,1.7933669082310897
00025-00000003,borda,145,145,2.3713488701332417
00025-00000003,borda,151,151,2.3713488701332417
00025-00000003,borda,155,155,2.3713488701332417
00025-00000003,borda,174,174,2.3713488701332417
00025-00000003,borda,184,184,2.3713488701332417
00025-00000003,borda,193,193,2.3713488701332417
00025-00000003,borda,205,205,2.3713488701332417
00025-00000003,borda,210,210,2.3713488701332417
00025-00000003,borda,213,213,2.3713488701332417
00025-00000003,borda,215,215,2.3713488701332417
00025-00000003,borda,216,216,2.3713488701332417
00025-00000003,borda,223,223,2.3713488701332417
00025-00000003,borda,226,226,2.3713488701332417
00025-00000003,borda,227,227,2.3713488701332417
00025-00000003,borda,233,233,2.3713488701332417
00025-00000003,borda,251,251,2.3713488701332417
00025-00000003,borda,258,258,2.3713488701332417
00025-00000003,borda,261,261,2.3713488701332417
00025-00000003,borda,266,266,2.3713488701332417
00025-00000003,borda,269,269,2.3713488701332417
00025-00000003,borda,273,273,2.3713488701332417
00025-00000003,borda,275,275,2.3713488701332417
00025-00000003,borda,278,278,2.3713488701332417
00025-00000003,borda,283,283,2.3713488701332417
00025-00000003,borda,291,291,2.3713488701332417
00025-00000003,borda,296,296,2.3713488701332417
00025-00000003,borda,299,299,2.3713488701332417
00025-00000003,borda,311,311,2.3713488701332417
00025-00000003,borda,315,315,2.3713488701332417
00025-00000003,borda,317,317,2.3713488701332417
00025-00000003,borda,318,318,2.3713488701332417
00025-00000003,borda,330,330,2.3713488701332417
00025-00000003,borda,331,331,2.3713488701332417
00025-00000003,borda,334,334,2.3713488701332417
00025-00000003,borda,335,335,2.3713488701332417
00025-00000003,borda,336,336,2.3713488701332417
00025-00000003,borda,345,345,2.3713488701332417
00025-00000003,borda,347,347,2.3713488701332417
00025-00000003,borda,356,356,2.9493308320353937
00025-00000003,borda,363,363,2.9493308320353937
00025-00000003,borda,366,366,2.9493308320353937
00025-00000003,borda,376,376,2.9493308320353937
00025-00000003,borda,379,379,2.9493308320353937
00025-00000003,borda,385,385,2.9493308320353937
00025-00000003,borda,398,398,2.9493308320353937
00025-00000003,borda,401,401,2.9493308320353937
00025-00000003,borda,404,404,2.9493308320353937
00025-00000003,borda,405,405,2.9493308320353937
00025-00000003,borda,407,407,2.9493308320353937
00025-00000003,borda,411,411,2.9493308320353937
00025-00000003,borda,413,413,2.9493308320353937
00025-00000003,borda,414,414,2.9493308320353937
00025-00000003,borda,416,416,2.9493308320353937
00025-00000003,borda,422,422,2.9493308320353937
00025-00000003,borda,423,423,2.9493308320353937
00025-00000003,borda,424,424,2.9493308320353937
00025-00000003,borda,431,431,2.9493308320353937
00025-00000003,borda,439,439,2.9493308320353937
00025-00000003,borda,442,442,2.9493308320353937
00025-00000003,borda,445,445,2.9493308320353937
00025-00000003,borda,449,449,2.9493308320353937
00025-00000003,borda,450,450,2.9493308320353937
00025-00000003,borda,465,465,2.9493308320353937
00025-00000003,borda,468,468,2.9493308320353937
00025-00000003,borda,471,471,2.9493308320353937
00025-00000003,borda,479,479,2.9493308320353937
00025-00000003,borda,480,480,2.9493308320353937
00025-00000003,borda,485,485,2.9493308320353937
00025-00000003,borda,490,490,2.9493308320353937
00025-00000003,borda,501,501,2.9493308320353937
00025-00000003,borda,502,502,2.9493308320353937
00025-00000003,borda,506,506,2.9493308320353937
00025-00000003,borda,508,508,2.9493308320353937
00025-00000003,borda,513,513,2.9493308320353937
00025-00000003,borda,521,521,2.9493308320353937
00025-00000003,borda,537,537,2.9493308320353937
00025-00000003,borda,541,541,3.5273127939375457
00025-00000003,borda,543,543,3.5273127939375457
00025-00000003,borda,551,551,3.5273127939375457
00025-00000003,borda,564,564,3.5273127939375457
00025-00000003,borda,567,567,3.5273127939375457
00025-00000003,borda,569,569,3.5273127939375457
00025-00000003,borda,573,573,2.9493308320353937
00025-00000003,borda,582,582,2.9493308320353937
00025-00000003,borda,588,588,2.9493308320353937
00025-00000003,borda,589,589,2.9493308320353937
00025-00000003,borda,603,603,3.5273127939375457
00025-00000003,borda,608,608,3.5273127939375457
00025-00000003,borda,614,614,3.5273127939375457
00025-00000003,borda,615,615,3.5273127939375457
00025-00000003,borda,619,619,3.5273127939375457
00025-00000003,borda,620,620,3.5273127939375457
00025-00000003,borda,624,624,3.5273127939375457
00025-00000003,borda,632,632,3.5273127939375457
00025-00000003,borda,636,636,3.5273127939375457
00025-00000003,borda,640,640,3.5273127939375457
00025-00000003,borda,642,642,3.5273127939375457
00025-00000003,borda,648,648,3.5273127939375457
00025-00000003,borda,650,650,3.5273127939375457
00025-00000003,borda,660,660,3.5273127939375457
00025-00000003,borda,667,667,3.5273127939375457
00025-00000003,borda,669,669,4.105294755839697
00025-00000003,borda,670,670,4.105294755839697
00025-00000003,borda,678,678,4.105294755839697
00025-00000003,borda,690,690,3.5273127939375457
00025-00000003,borda,691,691,3.5273127939375457
00025-00000003,borda,692,692,3.5273127939375457
00025-00000003,borda,694,694,3.5273127939375457
00025-00000003,borda,700,700,4.105294755839697
00025-00000003,borda,701,701,4.105294755839697
00025-00000003,borda,703,703,4.105294755839697
00025-00000003,borda,709,709,4.105294755839697
00025-00000003,borda,713,713,4.105294755839697
00025-00000003,borda,718,718,4.105294755839697
00025-00000003,borda,719,719,4.105294755839697
00025-00000003,borda,740,740,3.5273127939375457
00025-00000003,borda,751,751,5.261258679644001
00025-00000003,borda,752,752,5.261258679644001
00025-00000003,borda,755,755,5.261258679644001
00025-00000003,borda,756,756,5.261258679644001
00025-00000003,borda,774,774,4.683276717741849
00025-00000003,borda,777,777,4.683276717741849
00025-00000003,borda,779,779,4.683276717741849
00025-00000004,pl,3,3,2.3020191739808578
00025-00000004,pl,4,4,2.3020191739808578
00025-00000004,pl,8,8,2.3020191739808578
00025-00000004,pl,11,11,2.3020191739808578
00025-00000004,pl,16,16,2.3020191739808578
00025-00000004,pl,19,19,2.3020191739808578
00025-00000004,pl,21,21,2.3020191739808578
00025-00000004,pl,27,27,2.3020191739808578
00025-00000004,pl,39,39,2.3020191739808578
00025-00000004,pl,42,42,2.3020191739808578
00025-00000004,pl,57,57,2.3020191739808578
00025-00000004,pl,63,63,2.3020191739808578
00025-00000004,pl,71,71,2.3020191739808578
00025-00000004,pl,78,78,2.3020191739808578
00025-00000004,pl,80,80,2.3020191739808578
00025-00000004,pl,82,82,2.3020191739808578
00025-00000004,pl,86,86,2.3020191739808578
00025-00000004,pl,89,89,2.3020191739808578
00025-00000004,pl,92,92,2.3020191739808578
00025-00000004,pl,94,94,2.3020191739808578
00025-00000004,pl,104,104,2.3020191739808578
00025-00000004,pl,107,107,2.3020191739808578
00025-00000004,pl,112,112,2.3020191739808578
00025-00000004,pl,114,114,2.4517621379611265
00025-00000004,pl,116,116,2.4517621379611265
00025-00000004,pl,128,128,2.4517621379611265
00025-00000004,pl,135,135,2.4517621379611265
00025-00000004,pl,137,137,2.4517621379611265
00025-00000004,pl,141,141,2.4517621379611265
00025-00000004,pl,144,144,2.4517621379611265
00025-00000004,pl,148,148,2.4517621379611265
00025-00000004,pl,149,149,2.4517621379611265
00025-00000004,pl,152,152,2.4517621379611265
00025-00000004,pl,162,162,2.4517621379611265
00025-00000004,pl,165,165,2.4517621379611265
00025-00000004,pl,175,175,2.4517621379611265
00025-00000004,pl,179,179,2.4517621379611265
00025-00000004,pl,188,188,2.4517621379611265
00025-00000004,pl,192,192,2.619098607056809
00025-00000004,pl,194,194,2.619098607056809
00025-00000004,pl,202,202,2.619098607056809
00025-00000004,pl,222,222,2.619098607056809
00025-00000004,pl,223,223,2.619098607056809
00025-00000004,pl,226,226,2.619098607056809
00025-00000004,pl,228,228,2.619098607056809
00025-00000004,pl,231,231,2.619098607056809
00025-00000004,pl,232,232,2.619098607056809
00025-00000004,pl,239,239,2.619098607056809
00025-00000004,pl,240,240,2.619098607056809
00025-00000004,pl,247,247,2.619098607056809
00025-00000004,pl,248,248,2.619098607056809
00025-00000004,pl,250,250,2.619098607056809
00025-00000004,pl,252,252,2.619098607056809
00025-00000004,pl,253,253,2.619098607056809
00025-00000004,pl,254,254,2.619098607056809
00025-00000004,pl,257,257,2.619098607056809
00025-00000004,pl,271,271,3.0150590075170784
00025-00000004,pl,281,281,3.0150590075170784
00025-00000004,pl,285,285,3.0150590075170784
00025-00000004,pl,286,286,3.0150590075170784
00025-00000004,pl,291,291,3.0150590075170784
00025-00000004,pl,292,292,3.0150590075170784
00025-00000004,pl,298,298,3.0150590075170784
00025-00000004,pl,299,299,3.0150590075170784
00025-00000004,pl,305,305,3.1420081677904954
00025-00000004,pl,307,307,3.1420081677904954
00025-00000004,pl,317,317,3.1420081677904954
00025-00000004,pl,321,321,3.1420081677904954
00025-00000004,pl,325,325,3.1420081677904954
00025-00000004,pl,327,327,3.1420081677904954
00025-00000004,pl,329,329,3.1420081677904954
00025-00000004,pl,338,338,3.1420081677904954
00025-00000004,pl,339,339,3.1420081677904954
00025-00000004,pl,352,352,2.5329379820804077
00025-00000004,pl,359,359,2.5329379820804077
00025-00000004,pl,363,363,2.5329379820804077
00025-00000004,pl,370,370,2.5329379820804077
00025-00000004,pl,372,372,2.5329379820804077
00025-00000004,pl,373,373,2.5329379820804077
00025-00000004,pl,393,393,3.011375435804692
00025-00000004,pl,396,396,3.011375435804692
00025-00000004,pl,397,397,3.011375435804692
00025-00000004,pl,398,398,3.011375435804692
00025-00000004,pl,407,407,3.011375435804692
00025-00000004,pl,416,416,3.011375435804692
00025-00000004,pl,417,417,3.011375435804692
00025-00000004,pl,427,427,2.8957907313104947
00025-00000004,pl,430,430,2.8957907313104947
00025-00000004,pl,432,432,2.8957907313104947
00025-00000004,pl,435,435,2.8957907313104947
00025-00000004,pl,437,437,2.8957907313104947
00025-00000004,pl,439,439,2.8957907313104947
00025-00000004,pl,447,447,2.8957907313104947
00025-00000004,pl,454,454,2.8957907313104947
00025-00000004,pl,455,455,2.8957907313104947
00025-00000004,pl,458,458,2.8957907313104947
00025-00000004,pl,459,459,2.8957907313104947
00025-00000004,pl,470,470,2.8500174151563593
00025-00000004,pl,474,474,2.8500174151563593
00025-00000004,pl,478,478,2.8500174151563593
00025-00000004,pl,483,483,2.8500174151563593
00025-00000004,pl,489,489,2.8500174151563593
00025-00000004,pl,491,491,2.8500174151563593
00025-00000004,pl,492,492,2.8500174151563593
00025-00000004,pl,496,496,2.8500174151563593
00025-00000004,pl,497,497,2.8500174151563593
00025-00000004,pl,498,498,2.8500174151563593
00025-00000004,pl,501,501,3.421435187375915
00025-00000004,pl,502,502,3.421435187375915
00025-00000004,pl,504,504,3.421435187375915
00025-00000004,pl,526,526,3.421435187375915
00025-00000004,pl,527,527,3.421435187375915
00025-00000004,pl,528,528,3.421435187375915
00025-00000004,pl,539,539,2.7537801861682754
00025-00000004,pl,540,540,2.7537801861682754
00025-00000004,pl,547,547,2.7537801861682754
00025-00000004,pl,554,554,2.7537801861682754
00025-00000004,pl,555,555,2.7537801861682754
00025-00000004,pl,556,556,2.7537801861682754
00025-00000004,pl,562,562,2.7537801861682754
00025-00000004,pl,564,564,3.082474675912291
00025-00000004,pl,567,567,3.082474675912291
00025-00000004,pl,575,575,3.082474675912291
00025-00000004,pl,576,576,3.082474675912291
00025-00000004,pl,577,577,3.082474675912291
00025-00000004,pl,596,596,3.50868875074907
00025-00000004,pl,599,599,3.50868875074907
00025-00000004,pl,603,603,3.50868875074907
00025-00000004,pl,608,608,3.50868875074907
00025-00000004,pl,610,610,3.50868875074907
00025-00000004,pl,624,624,3.262471314269069
00025-00000004,pl,634,634,3.890713569378626
00025-00000004,pl,637,637,3.890713569378626
00025-00000004,pl,653,653,4.280089279472111
00025-00000004,pl,655,655,4.280089279472111
00025-00000004,pl,662,662,4.280089279472111
00025-00000004,pl,664,664,4.280089279472111
00025-00000004,pl,675,675,4.302725915384371
00025-00000004,pl,683,683,4.302725915384371
00025-00000004,pl,684,684,4.302725915384371
00025-00000004,pl,685,685,4.302725915384371
00025-00000004,pl,691,691,3.3170770557242273
00025-00000004,pl,704,704,3.3170770557242273
00025-00000004,pl,708,708,3.8260510346272003
00025-00000004,pl,718,718,3.8260510346272003
00025-00000004,pl,719,719,3.8260510346272003
00025-00000004,pl,730,730,4.144327504613086
00025-00000004,pl,734,734,4.144327504613086
00025-00000004,pl,738,738,4.144327504613086
00025-00000004,pl,739,739,4.144327504613086
00025-00000004,pl,743,743,4.051347186117814
00025-00000004,pl,747,747,4.051347186117814
00025-00000004,pl,751,751,4.051347186117814
00025-00000004,pl,767,767,3.557196962234939
00025-00000004,pl,768,768,3.557196962234939
00025-00000004,pl,771,771,4.122446426225414
00025-00000004,pl,776,776,4.122446426225414
00025-00000004,pl,786,786,4.367388450135796
00025-00000004,pl,788,788,4.367388450135796
00025-00000004,pl,793,793,4.367388450135796
00025-00000004,mle,3,3,2.127892141385691
00025-00000004,mle,4,4,2.127892141385691
00025-00000004,mle,8,8,2.127892141385691
00025-00000004,mle,11,11,2.127892141385691
00025-00000004,mle,16,16,2.127892141385691
00025-00000004,mle,19,19,2.127892141385691
00025-00000004,mle,21,21,2.127892141385691
00025-00000004,mle,27,27,2.127892141385691
00025-00000004,mle,39,39,2.127892141385691
00025-00000004,mle,42,42,2.127892141385691
00025-00000004,mle,57,57,2.127892141385691
00025-00000004,mle,63,63,2.127892141385691
00025-00000004,mle,71,71,2.127892141385691
00025-00000004,mle,78,78,2.127892141385691
00025-00000004,mle,80,80,2.127892141385691
00025-00000004,mle,82,82,2.127892141385691
00025-00000004,mle,86,86,2.127892141385691
00025-00000004,mle,89,89,2.127892141385691
00025-00000004,mle,92,92,2.127892141385691
00025-00000004,mle,94,94,2.127892141385691
00025-00000004,mle,104,104,2.127892141385691
00025-00000004,mle,107,107,2.127892141385691
00025-00000004,mle,112,112,2.127892141385691
00025-00000004,mle,114,114,2.537406189479307
00025-00000004,mle,116,116,2.537406189479307
00025-00000004,mle,128,128,2.537406189479307
00025-00000004,mle,135,135,2.537406189479307
00025-00000004,mle,137,137,2.537406189479307
00025-00000004,mle,141,141,2.537406189479307
00025-00000004,mle,144,144,2.537406189479307
00025-00000004,mle,148,148,2.537406189479307
00025-00000004,mle,149,149,2.537406189479307
00025-00000004,mle,152,152,2.537406189479307
00025-00000004,mle,162,162,2.537406189479307
00025-00000004,mle,165,165,2.537406189479307
00025-00000004,mle,175,175,2.537406189479307
00025-00000004,mle,179,179,2.537406189479307
00025-00000004,mle,188,188,2.537406189479307
00025-00000004,mle,192,192,2.537406189479307
00025-00000004,mle,194,194,2.537406189479307
00025-00000004,mle,202,202,2.537406189479307
00025-00000004,mle,222,222,2.537406189479307
00025-00000004,mle,223,223,2.537406189479307
00025-00000004,mle,226,226,2.537406189479307
00025-00000004,mle,228,228,2.537406189479307
00025-00000004,mle,231,231,2.537406189479307
00025-00000004,mle,232,232,2.537406189479307
00025-00000004,mle,239,239,2.537406189479307
00025-00000004,mle,240,240,2.537406189479307
00025-00000004,mle,247,247,2.537406189479307
00025-00000004,mle,248,248,2.537406189479307
00025-00000004,mle,250,250,2.537406189479307
00025-00000004,mle,252,252,2.537406189479307
00025-00000004,mle,253,253,2.537406189479307
00025-00000004,mle,254,254,2.537406189479307
00025-00000004,mle,257,257,2.537406189479307
00025-00000004,mle,271,271,2.9469202375729235
00025-00000004,mle,281,281,2.9469202375729235
00025-00000004,mle,285,285,2.9469202375729235
00025-00000004,mle,286,286,2.9469202375729235
00025-00000004,mle,291,291,2.9469202375729235
00025-00000004,mle,292,292,2.9469202375729235
00025-00000004,mle,298,298,2.9469202375729235
00025-00000004,mle,299,299,2.9469202375729235
00025-00000004,mle,305,305,3.3564342856665395
00025-00000004,mle,307,307,3.3564342856665395
00025-00000004,mle,317,317,3.3564342856665395
00025-00000004,mle,321,321,3.3564342856665395
00025-00000004,mle,325,325,3.3564342856665395
00025-00000004,mle,327,327,3.3564342856665395
00025-00000004,mle,329,329,3.3564342856665395
00025-00000004,mle,338,338,3.3564342856665395
00025-00000004,mle,339,339,3.3564342856665395
00025-00000004,mle,352,352,2.537406189479307
00025-00000004,mle,359,359,2.537406189479307
00025-00000004,mle,363,363,2.537406189479307
00025-00000004,mle,370,370,2.537406189479307
00025-00000004,mle,372,372,2.537406189479307
00025-00000004,mle,373,373,2.537406189479307
00025-00000004,mle,393,393,2.9469202375729235
00025-00000004,mle,396,396,2.9469202375729235
00025-00000004,mle,397,397,2.9469202375729235
00025-00000004,mle,398,398,2.9469202375729235
00025-00000004,mle,407,407,2.9469202375729235
00025-00000004,mle,416,416,2.9469202375729235
00025-00000004,mle,417,417,2.9469202375729235
00025-00000004,mle,427,427,2.9469202375729235
00025-00000004,mle,430,430,2.9469202375729235
00025-00000004,mle,432,432,2.9469202375729235
00025-00000004,mle,435,435,2.9469202375729235
00025-00000004,mle,437,437,2.9469202375729235
00025-00000004,mle,439,439,2.9469202375729235
00025-00000004,mle,447,447,2.9469202375729235
00025-00000004,mle,454,454,2.9469202375729235
00025-00000004,mle,455,455,2.9469202375729235
00025-00000004,mle,458,458,2.9469202375729235
00025-00000004,mle,459,459,2.9469202375729235
00025-00000004,mle,470,470,2.9469202375729235
00025-00000004,mle,474,474,2.9469202375729235
00025-00000004,mle,478,478,2.9469202375729235
00025-00000004,mle,483,483,2.9469202375729235
00025-00000004,mle,489,489,2.9469202375729235
00025-00000004,mle,491,491,2.9469202375729235
00025-00000004,mle,492,492,2.9469202375729235
00025-00000004,mle,496,496,2.9469202375729235
00025-00000004,mle,497,497,2.9469202375729235
00025-00000004,mle,498,498,2.9469202375729235
00025-00000004,mle,501,501,3.3564342856665395
00025-00000004,mle,502,502,3.3564342856665395
00025-00000004,mle,504,504,3.3564342856665395
00025-00000004,mle,526,526,3.3564342856665395
00025-00000004,mle,527,527,3.3564342856665395
00025-00000004,mle,528,528,3.3564342856665395
00025-00000004,mle,539,539,2.9469202375729235
00025-00000004,mle,540,540,2.9469202375729235
00025-00000004,mle,547,547,2.9469202375729235
00025-00000004,mle,554,554,2.9469202375729235
00025-00000004,mle,555,555,2.9469202375729235
00025-00000004,mle,556,556,2.9469202375729235
00025-00000004,mle,562,562,2.9469202375729235
00025-00000004,mle,564,564,3.3564342856665395
00025-00000004,mle,567,567,3.3564342856665395
00025-00000004,mle,575,575,3.3564342856665395
00025-00000004,mle,576,576,3.3564342856665395
00025-00000004,mle,577,577,3.3564342856665395
00025-00000004,mle,596,596,3.7659483337601563
00025-00000004,mle,599,599,3.7659483337601563
00025-00000004,mle,603,603,3.7659483337601563
00025-00000004,mle,608,608,3.7659483337601563
00025-00000004,mle,610,610,3.7659483337601563
00025-00000004,mle,624,624,3.3564342856665395
00025-00000004,mle,634,634,4.175462381853772
00025-00000004,mle,637,637,4.175462381853772
00025-00000004,mle,653,653,4.175462381853772
00025-00000004,mle,655,655,4.175462381853772
00025-00000004,mle,662,662,4.175462381853772
00025-00000004,mle,664,664,4.175462381853772
00025-00000004,mle,675,675,4.175462381853772
00025-00000004,mle,683,683,4.175462381853772
00025-00000004,mle,684,684,4.175462381853772
00025-00000004,mle,685,685,4.175462381853772
00025-00000004,mle,691,691,3.3564342856665395
00025-00000004,mle,704,704,3.3564342856665395
00025-00000004,mle,708,708,3.7659483337601563
00025-00000004,mle,718,718,3.7659483337601563
00025-00000004,mle,719,719,3.7659483337601563
00025-00000004,mle,730,730,3.7659483337601563
00025-00000004,mle,734,734,3.7659483337601563
00025-00000004,mle,738,738,3.7659483337601563
00025-00000004,mle,739,739,3.7659483337601563
00025-00000004,mle,743,743,3.3564342856665395
00025-00000004,mle,747,747,3.3564342856665395
00025-00000004,mle,751,751,3.3564342856665395
00025-00000004,mle,767,767,3.7659483337601563
00025-00000004,mle,768,768,3.7659483337601563
00025-00000004,mle,771,771,3.7659483337601563
00025-00000004,mle,776,776,3.7659483337601563
00025-00000004,mle,786,786,4.584976429947389
00025-00000004,mle,788,788,4.584976429947389
00025-00000004,mle,793,793,4.584976429947389
00025-00000004,sharp,3,3,2.127892141385691
00025-00000004,sharp,4,4,2.127892141385691
00025-00000004,sharp,8,8,2.127892141385691
00025-00000004,sharp,11,11,2.127892141385691
00025-00000004,sharp,16,16,2.127892141385691
00025-00000004,sharp,19,19,2.127892141385691
00025-00000004,sharp,21,21,2.127892141385691
00025-00000004,sharp,27,27,2.127892141385691
00025-00000004,sharp,39,39,2.127892141385691
00025-00000004,sharp,42,42,2.127892141385691
00025-00000004,sharp,57,57,2.127892141385691
00025-00000004,sharp,63,63,2.127892141385691
00025-00000004,sharp,71,71,2.127892141385691
00025-00000004,sharp,78,78,2.127892141385691
00025-00000004,sharp,80,80,2.127892141385691
00025-00000004,sharp,82,82,2.127892141385691
00025-00000004,sharp,86,86,2.127892141385691
00025-00000004,sharp,89,89,2.127892141385691
00025-00000004,sharp,92,92,2.127892141385691
00025-00000004,sharp,94,94,2.127892141385691
00025-00000004,sharp,104,104,2.127892141385691
00025-00000004,sharp,107,107,2.127892141385691
00025-00000004,sharp,112,112,2.127892141385691
00025-00000004,sharp,114,114,2.537406189479307
00025-00000004,sharp,116,116,2.537406189479307
00025-00000004,sharp,128,128,2.537406189479307
00025-00000004,sharp,135,135,2.537406189479307
00025-00000004,sharp,137,137,2.537406189479307
00025-00000004,sharp,141,141,2.537406189479307
00025-00000004,sharp,144,144,2.537406189479307
00025-00000004,sharp,148,148,2.537406189479307
00025-00000004,sharp,149,149,2.537406189479307
00025-00000004,sharp,152,152,2.537406189479307
00025-00000004,sharp,162,162,2.537406189479307
00025-00000004,sharp,165,165,2.537406189479307
00025-00000004,sharp,175,175,2.537406189479307
00025-00000004,sharp,179,179,2.537406189479307
00025-00000004,sharp,188,188,2.537406189479307
00025-00000004,sharp,192,192,2.537406189479307
00025-00000004,sharp,194,194,2.537406189479307
00025-00000004,sharp,202,202,2.537406189479307
00025-00000004,sharp,222,222,2.537406189479307
00025-00000004,sharp,223,223,2.537406189479307
00025-00000004,sharp,226,226,2.537406189479307
00025-00000004,sharp,228,228,2.537406189479307
00025-00000004,sharp,231,231,2.537406189479307
00025-00000004,sharp,232,232,2.537406189479307
00025-00000004,sharp,239,239,2.537406189479307
00025-00000004,sharp,240,240,2.537406189479307
00025-00000004,sharp,247,247,2.537406189479307
00025-00000004,sharp,248,248,2.537406189479307
00025-00000004,sharp,250,250,2.537406189479307
00025-00000004,sharp,252,252,2.537406189479307
00025-00000004,sharp,253,253,2.537406189479307
00025-00000004,sharp,254,254,2.537406189479307
00025-00000004,sharp,257,257,2.537406189479307
00025-00000004,sharp,271,271,2.9469202375729235
00025-00000004,sharp,281,281,2.9469202375729235
00025-00000004,sharp,285,285,2.9469202375729235
00025-00000004,sharp,286,286,2.9469202375729235
00025-00000004,sharp,291,291,2.9469202375729235
00025-00000004,sharp,292,292,2.9469202375729235
00025-00000004,sharp,298,298,2.9469202375729235
00025-00000004,sharp,299,299,2.9469202375729235
00025-00000004,sharp,305,305,3.3564342856665395
00025-00000004,sharp,307,307,3.3564342856665395
00025-00000004,sharp,317,317,3.3564342856665395
00025-00000004,sharp,321,321,3.3564342856665395
00025-00000004,sharp,325,325,3.3564342856665395
00025-00000004,sharp,327,327,3.3564342856665395
00025-00000004,sharp,329,329,3.3564342856665395
00025-00000004,sharp,338,338,3.3564342856665395
00025-00000004,sharp,339,339,3.3564342856665395
00025-00000004,sharp,352,352,2.537406189479307
00025-00000004,sharp,359,359,2.537406189479307
00025-00000004,sharp,363,363,2.537406189479307
00025-00000004,sharp,370,370,2.537406189479307
00025-00000004,sharp,372,372,2.537406189479307
00025-00000004,sharp,373,373,2.537406189479307
00025-00000004,sharp,393,393,2.9469202375729235
00025-00000004,sharp,396,396,2.9469202375729235
00025-00000004,sharp,397,397,2.9469202375729235
00025-00000004,sharp,398,398,2.9469202375729235
00025-00000004,sharp,407,407,2.9469202375729235
00025-00000004,sharp,416,416,2.9469202375729235
00025-00000004,sharp,417,417,2.9469202375729235
00025-00000004,sharp,427,427,2.9469202375729235
00025-00000004,sharp,430,430,2.9469202375729235
00025-00000004,sharp,432,432,2.9469202375729235
00025-00000004,sharp,435,435,2.9469202375729235
00025-00000004,sharp,437,437,2.9469202375729235
00025-00000004,sharp,439,439,2.9469202375729235
00025-00000004,sharp,447,447,2.9469202375729235
00025-00000004,sharp,454,454,2.9469202375729235
00025-00000004,sharp,455,455,2.9469202375729235
00025-00000004,sharp,458,458,2.9469202375729235
00025-00000004,sharp,459,459,2.9469202375729235
00025-00000004,sharp,470,470,2.9469202375729235
00025-00000004,sharp,474,474,2.9469202375729235
00025-00000004,sharp,478,478,2.9469202375729235
00025-00000004,sharp,483,483,2.9469202375729235
00025-00000004,sharp,489,489,2.9469202375729235
00025-00000004,sharp,491,491,2.9469202375729235
00025-00000004,sharp,492,492,2.9469202375729235
00025-00000004,sharp,496,496,2.9469202375729235
00025-00000004,sharp,497,497,2.9469202375729235
00025-00000004,sharp,498,498,2.9469202375729235
00025-00000004,sharp,501,501,3.3564342856665395
00025-00000004,sharp,502,502,3.3564342856665395
00025-00000004,sharp,504,504,3.3564342856665395
00025-00000004,sharp,526,526,3.3564342856665395
00025-00000004,sharp,527,527,3.3564342856665395
00025-00000004,sharp,528,528,3.3564342856665395
00025-00000004,sharp,539,539,2.9469202375729235
00025-00000004,sharp,540,540,2.9469202375729235
00025-00000004,sharp,547,547,2.9469202375729235
00025-00000004,sharp,554,554,2.9469202375729235
00025-00000004,sharp,555,555,2.9469202375729235
00025-00000004,sharp,556,556,2.9469202375729235
00025-00000004,sharp,562,562,2.9469202375729235
00025-00000004,sharp,564,564,3.3564342856665395
00025-00000004,sharp,567,567,3.3564342856665395
00025-00000004,sharp,575,575,3.3564342856665395
00025-00000004,sharp,576,576,3.3564342856665395
00025-00000004,sharp,577,577,3.3564342856665395
00025-00000004,sharp,596,596,3.7659483337601563
00025-00000004,sharp,599,599,3.7659483337601563
00025-00000004,sharp,603,603,3.7659483337601563
00025-00000004,sharp,608,608,3.7659483337601563
00025-00000004,sharp,610,610,3.7659483337601563
00025-00000004,sharp,624,624,3.3564342856665395
00025-00000004,sharp,634,634,4.175462381853772
00025-00000004,sharp,637,637,4.175462381853772
00025-00000004,sharp,653,653,4.175462381853772
00025-00000004,sharp,655,655,4.175462381853772
00025-00000004,sharp,662,662,4.175462381853772
00025-00000004,sharp,664,664,4.175462381853772
00025-00000004,sharp,675,675,4.175462381853772
00025-00000004,sharp,683,683,4.175462381853772
00025-00000004,sharp,684,684,4.175462381853772
00025-00000004,sharp,685,685,4.175462381853772
00025-00000004,sharp,691,691,3.3564342856665395
00025-00000004,sharp,704,704,3.3564342856665395
00025-00000004,sharp,708,708,3.7659483337601563
00025-00000004,sharp,718,718,3.7659483337601563
00025-00000004,sharp,719,719,3.7659483337601563
00025-00000004,sharp,730,730,3.7659483337601563
00025-00000004,sharp,734,734,3.7659483337601563
00025-00000004,sharp,738,738,3.7659483337601563
00025-00000004,sharp,739,739,3.7659483337601563
00025-00000004,sharp,743,743,3.3564342856665395
00025-00000004,sharp,747,747,3.3564342856665395
00025-00000004,sharp,751,751,3.3564342856665395
00025-00000004,sharp,767,767,3.7659483337601563
00025-00000004,sharp,768,768,3.7659483337601563
00025-00000004,sharp,771,771,3.7659483337601563
00025-00000004,sharp,776,776,3.7659483337601563
00025-00000004,sharp,786,786,4.584976429947389
00025-00000004,sharp,788,788,4.584976429947389
00025-00000004,sharp,793,793,4.584976429947389
00025-00000004,efficient,3,3,
00025-00000004,efficient,4,4,
00025-00000004,efficient,8,8,
00025-00000004,efficient,11,11,
00025-00000004,efficient,16,16,
00025-00000004,efficient,19,19,
00025-00000004,efficient,21,21,
00025-00000004,efficient,27,27,
00025-00000004,efficient,39,39,
00025-00000004,efficient,42,42,
00025-00000004,efficient,57,57,
00025-00000004,efficient,63,63,
00025-00000004,efficient,71,71,
00025-00000004,efficient,78,78,
00025-00000004,efficient,80,80,
00025-00000004,efficient,82,82,
00025-00000004,efficient,86,86,
00025-00000004,efficient,89,89,
00025-00000004,efficient,92,92,
00025-00000004,efficient,94,94,
00025-00000004,efficient,104,104,
00025-00000004,efficient,107,107,
00025-00000004,efficient,112,112,
00025-00000004,efficient,114,114,
00025-00000004,efficient,116,116,
00025-00000004,efficient,128,128,
00025-00000004,efficient,135,135,
00025-00000004,efficient,137,137,
00025-00000004,efficient,141,141,
00025-00000004,efficient,144,144,
00025-00000004,efficient,148,148,
00025-00000004,efficient,149,149,
00025-00000004,efficient,152,152,
00025-00000004,efficient,162,162,
00025-00000004,efficient,165,165,
00025-00000004,efficient,175,175,
00025-00000004,efficient,179,179,
00025-00000004,efficient,188,188,
00025-00000004,efficient,192,192,
00025-00000004,efficient,194,194,
00025-00000004,efficient,202,202,
00025-00000004,efficient,222,222,
00025-00000004,efficient,223,223,
00025-00000004,efficient,226,226,
00025-00000004,efficient,228,228,
00025-00000004,efficient,231,231,
00025-00000004,efficient,232,232,
00025-00000004,efficient,239,239,
00025-00000004,efficient,240,240,
00025-00000004,efficient,247,247,
00025-00000004,efficient,248,248,
00025-00000004,efficient,250,250,
00025-00000004,efficient,252,252,
00025-00000004,efficient,253,253,
00025-00000004,efficient,254,254,
00025-00000004,efficient,257,257,
00025-00000004,efficient,271,271,
00025-00000004,efficient,281,281,
00025-00000004,efficient,285,285,
00025-00000004,efficient,286,286,
00025-00000004,efficient,291,291,
00025-00000004,efficient,292,292,
00025-00000004,efficient,298,298,
00025-00000004,efficient,299,299,
00025-00000004,efficient,305,305,
00025-00000004,efficient,307,307,
00025-00000004,efficient,317,317,
00025-00000004,efficient,321,321,
00025-00000004,efficient,325,325,
00025-00000004,efficient,327,327,
00025-00000004,efficient,329,329,
00025-00000004,efficient,338,338,
00025-00000004,efficient,339,339,
00025-00000004,efficient,352,352,
00025-00000004,efficient,359,359,
00025-00000004,efficient,363,363,
00025-00000004,efficient,370,370,
00025-00000004,efficient,372,372,
00025-00000004,efficient,373,373,
00025-00000004,efficient,393,393,
00025-00000004,efficient,396,396,
00025-00000004,efficient,397,397,
00025-00000004,efficient,398,398,
00025-00000004,efficient,407,407,
00025-00000004,efficient,416,416,
00025-00000004,efficient,417,417,
00025-00000004,efficient,427,427,
00025-00000004,efficient,430,430,
00025-00000004,efficient,432,432,
00025-00000004,efficient,435,435,
00025-00000004,efficient,437,437,
00025-00000004,efficient,439,439,
00025-00000004,efficient,447,447,
00025-00000004,efficient,454,454,
00025-00000004,efficient,455,455,
00025-00000004,efficient,458,458,
00025-00000004,efficient,459,459,
00025-00000004,efficient,470,470,
00025-00000004,efficient,474,474,
00025-00000004,efficient,478,478,
00025-00000004,efficient,483,483,
00025-00000004,efficient,489,489,
00025-00000004,efficient,491,491,
00025-00000004,efficient,492,492,
00025-00000004,efficient,496,496,
00025-00000004,efficient,497,497,
00025-00000004,efficient,498,498,
00025-00000004,efficient,501,501,
00025-00000004,efficient,502,502,
00025-00000004,efficient,504,504,
00025-00000004,efficient,526,526,
00025-00000004,efficient,527,527,
00025-00000004,efficient,528,528,
00025-00000004,efficient,539,539,
00025-00000004,efficient,540,540,
00025-00000004,efficient,547,547,
00025-00000004,efficient,554,554,
00025-00000004,efficient,555,555,
00025-00000004,efficient,556,556,
00025-00000004,efficient,562,562,
00025-00000004,efficient,564,564,
00025-00000004,efficient,567,567,
00025-00000004,efficient,575,575,
00025-00000004,efficient,576,576,
00025-00000004,efficient,577,577,
00025-00000004,efficient,596,596,
00025-00000004,efficient,599,599,
00025-00000004,efficient,603,603,
00025-00000004,efficient,608,608,
00025-00000004,efficient,610,610,
00025-00000004,efficient,624,624,
00025-00000004,efficient,634,634,
00025-00000004,efficient,637,637,
00025-00000004,efficient,653,653,
00025-00000004,efficient,655,655,
00025-00000004,efficient,662,662,
00025-00000004,efficient,664,664,
00025-00000004,efficient,675,675,
00025-00000004,efficient,683,683,
00025-00000004,efficient,684,684,
00025-00000004,efficient,685,685,
00025-00000004,efficient,691,691,
00025-00000004,efficient,704,704,
00025-00000004,efficient,708,708,
00025-00000004,efficient,718,718,
00025-00000004,efficient,719,719,
00025-00000004,efficient,730,730,
00025-00000004,efficient,734,734,
00025-00000004,efficient,738,738,
00025-00000004,efficient,739,739,
00025-00000004,efficient,743,743,
00025-00000004,efficient,747,747,
00025-00000004,efficient,751,751,
00025-00000004,efficient,767,767,
00025-00000004,efficient,768,768,
00025-00000004,efficient,771,771,
00025-00000004,efficient,776,776,
00025-00000004,efficient,786,786,
00025-00000004,efficient,788,788,
00025-00000004,efficient,793,793,
00025-00000004,borda,3,3,2.127892141385691
00025-00000004,borda,4,4,2.127892141385691
00025-00000004,borda,8,8,2.127892141385691
00025-00000004,borda,11,11,2.127892141385691
00025-00000004,borda,16,16,2.127892141385691
00025-00000004,borda,19,19,2.127892141385691
00025-00000004,borda,21,21,2.127892141385691
00025-00000004,borda,27,27,2.127892141385691
00025-00000004,borda,39,39,2.127892141385691
00025-00000004,borda,42,42,2.127892141385691
00025-00000004,borda,57,57,2.127892141385691
00025-00000004,borda,63,63,2.127892141385691
00025-00000004,borda,71,71,2.127892141385691
00025-00000004,borda,78,78,2.127892141385691
00025-00000004,borda,80,80,2.127892141385691
00025-00000004,borda,82,82,2.127892141385691
00025-00000004,borda,86,86,2.127892141385691
00025-00000004,borda,89,89,2.127892141385691
00025-00000004,borda,92,92,2.127892141385691
00025-00000004,borda,94,94,2.127892141385691
00025-00000004,borda,104,104,2.127892141385691
00025-00000004,borda,107,107,2.127892141385691
00025-00000004,borda,112,112,2.127892141385691
00025-00000004,borda,114,114,2.537406189479307
00025-00000004,borda,116,116,2.537406189479307
00025-00000004,borda,128,128,2.537406189479307
00025-00000004,borda,135,135,2.537406189479307
00025-00000004,borda,137,137,2.537406189479307
00025-00000004,borda,141,141,2.537406189479307
00025-00000004,borda,144,144,2.537406189479307
00025-00000004,borda,148,148,2.537406189479307
00025-00000004,borda,149,149,2.537406189479307
00025-00000004,borda,152,152,2.537406189479307
00025-00000004,borda,162,162,2.537406189479307
00025-00000004,borda,165,165,2.537406189479307
00025-00000004,borda,175,175,2.537406189479307
00025-00000004,borda,179,179,2.537406189479307
00025-00000004,borda,188,188,2.537406189479307
00025-00000004,borda,192,192,2.537406189479307
00025-00000004,borda,194,194,2.537406189479307
00025-00000004,borda,202,202,2.537406189479307
00025-00000004,borda,222,222,2.537406189479307
00025-00000004,borda,223,223,2.537406189479307
00025-00000004,borda,226,226,2.537406189479307
00025-00000004,borda,228,228,2.537406189479307
00025-00000004,borda,231,231,2.537406189479307
00025-00000004,borda,232,232,2.537406189479307
00025-00000004,borda,239,239,2.537406189479307
00025-00000004,borda,240,240,2.537406189479307
00025-00000004,borda,247,247,2.537406189479307
00025-00000004,borda,248,248,2.537406189479307
00025-00000004,borda,250,250,2.537406189479307
00025-00000004,borda,252,252,2.537406189479307
00025-00000004,borda,253,253,2.537406189479307
00025-00000004,borda,254,254,2.537406189479307
00025-00000004,borda,257,257,2.537406189479307
00025-00000004,borda,271,271,2.9469202375729235
00025-00000004,borda,281,281,2.9469202375729235
00025-00000004,borda,285,285,2.9469202375729235
00025-00000004,borda,286,286,2.9469202375729235
00025-00000004,borda,291,291,2.9469202375729235
00025-00000004,borda,292,292,2.9469202375729235
00025-00000004,borda,298,298,2.9469202375729235
00025-00000004,borda,299,299,2.9469202375729235
00025-00000004,borda,305,305,3.3564342856665395
00025-00000004,borda,307,307,3.3564342856665395
00025-00000004,borda,317,317,3.3564342856665395
00025-00000004,borda,321,321,3.3564342856665395
00025-00000004,borda,325,325,3.3564342856665395
00025-00000004,borda,327,327,3.3564342856665395
00025-00000004,borda,329,329,3.3564342856665395
00025-00000004,borda,338,338,3.3564342856665395
00025-00000004,borda,339,339,3.3564342856665395
00025-00000004,borda,352,352,2.537406189479307
00025-00000004,borda,359,359,2.537406189479307
00025-00000004,borda,363,363,2.537406189479307
00025-00000004,borda,370,370,2.537406189479307
00025-00000004,borda,372,372,2.537406189479307
00025-00000004,borda,373,373,2.537406189479307
00025-00000004,borda,393,393,2.9469202375729235
00025-00000004,borda,396,396,2.9469202375729235
00025-00000004,borda,397,397,2.9469202375729235
00025-00000004,borda,398,398,2.9469202375729235
00025-00000004,borda,407,407,2.9469202375729235
00025-00000004,borda,416,416,2.9469202375729235
00025-00000004,borda,417,417,2.9469202375729235
00025-00000004,borda,427,427,2.9469202375729235
00025-00000004,borda,430,430,2.9469202375729235
00025-00000004,borda,432,432,2.9469202375729235
00025-00000004,borda,435,435,2.9469202375729235
00025-00000004,borda,437,437,2.9469202375729235
00025-00000004,borda,439,439,2.9469202375729235
00025-00000004,borda,447,447,2.9469202375729235
00025-00000004,borda,454,454,2.9469202375729235
00025-00000004,borda,455,455,2.9469202375729235
00025-00000004,borda,458,458,2.9469202375729235
00025-00000004,borda,459,459,2.9469202375729235
00025-00000004,borda,470,470,2.9469202375729235
00025-00000004,borda,474,474,2.9469202375729235
00025-00000004,borda,478,478,2.9469202375729235
00025-00000004,borda,483,483,2.9469202375729235
00025-00000004,borda,489,489,2.9469202375729235
00025-00000004,borda,491,491,2.9469202375729235
00025-00000004,borda,492,492,2.9469202375729235
00025-00000004,borda,496,496,2.9469202375729235
00025-00000004,borda,497,497,2.9469202375729235
00025-00000004,borda,498,498,2.9469202375729235
00025-00000004,borda,501,501,3.3564342856665395
00025-00000004,borda,502,502,3.3564342856665395
00025-00000004,borda,504,504,3.3564342856665395
00025-00000004,borda,526,526,3.3564342856665395
00025-00000004,borda,527,527,3.3564342856665395
00025-00000004,borda,528,528,3.3564342856665395
00025-00000004,borda,539,539,2.9469202375729235
00025-00000004,borda,540,540,2.9469202375729235
00025-00000004,borda,547,547,2.9469202375729235
00025-00000004,borda,554,554,2.9469202375729235
00025-00000004,borda,555,555,2.9469202375729235
00025-00000004,borda,556,556,2.9469202375729235
00025-00000004,borda,562,562,2.9469202375729235
00025-00000004,borda,564,564,3.3564342856665395
00025-00000004,borda,567,567,3.3564342856665395
00025-00000004,borda,575,575,3.3564342856665395
00025-00000004,borda,576,576,3.3564342856665395
00025-00000004,borda,577,577,3.3564342856665395
00025-00000004,borda,596,596,3.7659483337601563
00025-00000004,borda,599,599,3.7659483337601563
00025-00000004,borda,603,603,3.7659483337601563
00025-00000004,borda,608,608,3.7659483337601563
00025-00000004,borda,610,610,3.7659483337601563
00025-00000004,borda,624,624,3.3564342856665395
00025-00000004,borda,634,634,4.175462381853772
00025-00000004,borda,637,637,4.175462381853772
00025-00000004,borda,653,653,4.175462381853772
00025-00000004,borda,655,655,4.175462381853772
00025-00000004,borda,662,662,4.175462381853772
00025-00000004,borda,664,664,4.175462381853772
00025-00000004,borda,675,675,4.175462381853772
00025-00000004,borda,683,683,4.175462381853772
00025-00000004,borda,684,684,4.175462381853772
00025-00000004,borda,685,685,4.175462381853772
00025-00000004,borda,691,691,3.3564342856665395
00025-00000004,borda,704,704,3.3564342856665395
00025-00000004,borda,708,708,3.7659483337601563
00025-00000004,borda,718,718,3.7659483337601563
00025-00000004,borda,719,719,3.7659483337601563
00025-00000004,borda,730,730,3.7659483337601563
00025-00000004,borda,734,734,3.7659483337601563
00025-00000004,borda,738,738,3.7659483337601563
00025-00000004,borda,739,739,3.7659483337601563
00025-00000004,borda,743,743,3.3564342856665395
00025-00000004,borda,747,747,3.3564342856665395
00025-00000004,borda,751,751,3.3564342856665395
00025-00000004,borda,767,767,3.7659483337601563
00025-00000004,borda,768,768,3.7659483337601563
00025-00000004,borda,771,771,3.7659483337601563
00025-00000004,borda,776,776,3.7659483337601563
00025-00000004,borda,786,786,4.584976429947389
00025-00000004,borda,788,788,4.584976429947389
00025-00000004,borda,793,793,4.584976429947389
dots2024_A_r2,pl,0,0,
dots2024_A_r2,pl,2,2,
dots2024_A_r2,pl,4,4,
dots2024_A_r2,pl,6,6,
dots2024_A_r2,pl,12,12,
dots2024_A_r2,pl,13,13,
dots2024_A_r2,pl,30,30,
dots2024_A_r2,pl,47,47,
dots2024_A_r2,pl,48,48,
dots2024_A_r2,pl,54,54,
dots2024_A_r2,pl,56,56,
dots2024_A_r2,pl,59,59,
dots2024_A_r2,pl,69,69,
dots2024_A_r2,pl,72,72,
dots2024_A_r2,pl,78,78,
dots2024_A_r2,pl,96,96,
dots2024_A_r2,pl,97,97,
dots2024_A_r2,pl,104,104,
dots2024_A_r2,pl,111,111,
dots2024_A_r2,pl,119,119,
dots2024_A_r2,pl,124,124,
dots2024_A_r2,pl,128,128,
dots2024_A_r2,pl,131,131,
dots2024_A_r2,pl,132,132,
dots2024_A_r2,pl,133,133,
dots2024_A_r2,pl,135,135,
dots2024_A_r2,pl,140,140,
dots2024_A_r2,pl,144,144,
dots2024_A_r2,pl,145,145,
dots2024_A_r2,pl,148,148,
dots2024_A_r2,pl,158,158,
dots2024_A_r2,pl,159,159,
dots2024_A_r2,pl,164,164,
dots2024_A_r2,pl,171,171,
dots2024_A_r2,pl,176,176,
dots2024_A_r2,pl,178,178,
dots2024_A_r2,pl,181,181,
dots2024_A_r2,pl,193,193,
dots2024_A_r2,pl,194,194,
dots2024_A_r2,pl,196,196,
dots2024_A_r2,pl,199,199,
dots2024_A_r2,pl,202,202,
dots2024_A_r2,pl,206,206,
dots2024_A_r2,pl,229,229,
dots2024_A_r2,pl,238,238,
dots2024_A_r2,pl,242,242,
dots2024_A_r2,pl,249,249,
dots2024_A_r2,pl,255,255,
dots2024_A_r2,pl,259,259,
dots2024_A_r2,pl,263,263,
dots2024_A_r2,pl,269,269,
dots2024_A_r2,pl,271,271,
dots2024_A_r2,pl,279,279,
dots2024_A_r2,pl,282,282,
dots2024_A_r2,pl,284,284,
dots2024_A_r2,pl,287,287,
dots2024_A_r2,pl,288,288,
dots2024_A_r2,pl,290,290,
dots2024_A_r2,pl,292,292,
dots2024_A_r2,pl,299,299,
dots2024_A_r2,mle,0,0,0.12405264866997885
dots2024_A_r2,mle,2,2,0.12405264866997885
dots2024_A_r2,mle,4,4,2.1484344131667874
dots2024_A_r2,mle,6,6,2.1484344131667874
dots2024_A_r2,mle,12,12,0.12405264866997885
dots2024_A_r2,mle,13,13,0.12405264866997885
dots2024_A_r2,mle,30,30,2.1484344131667874
dots2024_A_r2,mle,47,47,0.12405264866997885
dots2024_A_r2,mle,48,48,0.12405264866997885
dots2024_A_r2,mle,54,54,0.12405264866997885
dots2024_A_r2,mle,56,56,0.12405264866997885
dots2024_A_r2,mle,59,59,0.12405264866997885
dots2024_A_r2,mle,69,69,0.12405264866997885
dots2024_A_r2,mle,72,72,0.12405264866997885
dots2024_A_r2,mle,78,78,0.12405264866997885
dots2024_A_r2,mle,96,96,0.12405264866997885
dots2024_A_r2,mle,97,97,2.1484344131667874
dots2024_A_r2,mle,104,104,0.12405264866997885
dots2024_A_r2,mle,111,111,0.12405264866997885
dots2024_A_r2,mle,119,119,2.1484344131667874
dots2024_A_r2,mle,124,124,0.12405264866997885
dots2024_A_r2,mle,128,128,2.1484344131667874
dots2024_A_r2,mle,131,131,0.12405264866997885
dots2024_A_r2,mle,132,132,0.12405264866997885
dots2024_A_r2,mle,133,133,0.12405264866997885
dots2024_A_r2,mle,135,135,2.1484344131667874
dots2024_A_r2,mle,140,140,0.12405264866997885
dots2024_A_r2,mle,144,144,0.12405264866997885
dots2024_A_r2,mle,145,145,0.12405264866997885
dots2024_A_r2,mle,148,148,0.12405264866997885
dots2024_A_r2,mle,158,158,0.12405264866997885
dots2024_A_r2,mle,159,159,0.12405264866997885
dots2024_A_r2,mle,164,164,0.12405264866997885
dots2024_A_r2,mle,171,171,2.1484344131667874
dots2024_A_r2,mle,176,176,2.1484344131667874
dots2024_A_r2,mle,178,178,0.12405264866997885
dots2024_A_r2,mle,181,181,2.1484344131667874
dots2024_A_r2,mle,193,193,2.1484344131667874
dots2024_A_r2,mle,194,194,0.12405264866997885
dots2024_A_r2,mle,196,196,2.1484344131667874
dots2024_A_r2,mle,199,199,0.12405264866997885
dots2024_A_r2,mle,202,202,0.12405264866997885
dots2024_A_r2,mle,206,206,2.1484344131667874
dots2024_A_r2,mle,229,229,0.12405264866997885
dots2024_A_r2,mle,238,238,0.12405264866997885
dots2024_A_r2,mle,242,242,2.1484344131667874
dots2024_A_r2,mle,249,249,0.12405264866997885
dots2024_A_r2,mle,255,255,0.12405264866997885
dots2024_A_r2,mle,259,259,2.1484344131667874
dots2024_A_r2,mle,263,263,0.12405264866997885
dots2024_A_r2,mle,269,269,0.12405264866997885
dots2024_A_r2,mle,271,271,0.12405264866997885
dots2024_A_r2,mle,279,279,0.12405264866997885
dots2024_A_r2,mle,282,282,0.12405264866997885
dots2024_A_r2,mle,284,284,0.12405264866997885
dots2024_A_r2,mle,287,287,2.1484344131667874
dots2024_A_r2,mle,288,288,0.12405264866997885
dots2024_A_r2,mle,290,290,2.1484344131667874
dots2024_A_r2,mle,292,292,0.12405264866997885
dots2024_A_r2,mle,299,299,0.12405264866997885
dots2024_A_r2,sharp,0,0,
dots2024_A_r2,sharp,2,2,
dots2024_A_r2,sharp,4,4,
dots2024_A_r2,sharp,6,6,
dots2024_A_r2,sharp,12,12,
dots2024_A_r2,sharp,13,13,
dots2024_A_r2,sharp,30,30,
dots2024_A_r2,sharp,47,47,
dots2024_A_r2,sharp,48,48,
dots2024_A_r2,sharp,54,54,
dots2024_A_r2,sharp,56,56,
dots2024_A_r2,sharp,59,59,
dots2024_A_r2,sharp,69,69,
dots2024_A_r2,sharp,72,72,
dots2024_A_r2,sharp,78,78,
dots2024_A_r2,sharp,96,96,
dots2024_A_r2,sharp,97,97,
dots2024_A_r2,sharp,104,104,
dots2024_A_r2,sharp,111,111,
dots2024_A_r2,sharp,119,119,
dots2024_A_r2,sharp,124,124,
dots2024_A_r2,sharp,128,128,
dots2024_A_r2,sharp,131,131,
dots2024_A_r2,sharp,132,132,
dots2024_A_r2,sharp,133,133,
dots2024_A_r2,sharp,135,135,
dots2024_A_r2,sharp,140,140,
dots2024_A_r2,sharp,144,144,
dots2024_A_r2,sharp,145,145,
dots2024_A_r2,sharp,148,148,
dots2024_A_r2,sharp,158,158,
dots2024_A_r2,sharp,159,159,
dots2024_A_r2,sharp,164,164,
dots2024_A_r2,sharp,171,171,
dots2024_A_r2,sharp,176,176,
dots2024_A_r2,sharp,178,178,
dots2024_A_r2,sharp,181,181,
dots2024_A_r2,sharp,193,193,
dots2024_A_r2,sharp,194,194,
dots2024_A_r2,sharp,196,196,
dots2024_A_r2,sharp,199,199,
dots2024_A_r2,sharp,202,202,
dots2024_A_r2,sharp,206,206,
dots2024_A_r2,sharp,229,229,
dots2024_A_r2,sharp,238,238,
dots2024_A_r2,sharp,242,242,
dots2024_A_r2,sharp,249,249,
dots2024_A_r2,sharp,255,255,
dots2024_A_r2,sharp,259,259,
dots2024_A_r2,sharp,263,263,
dots2024_A_r2,sharp,269,269,
dots2024_A_r2,sharp,271,271,
dots2024_A_r2,sharp,279,279,
dots2024_A_r2,sharp,282,282,
dots2024_A_r2,sharp,284,284,
dots2024_A_r2,sharp,287,287,
dots2024_A_r2,sharp,288,288,
dots2024_A_r2,sharp,290,290,
dots2024_A_r2,sharp,292,292,
dots2024_A_r2,sharp,299,299,
dots2024_A_r2,efficient,0,0,1.6665963262740489
dots2024_A_r2,efficient,2,2,0.20935022918187396
dots2024_A_r2,efficient,4,4,0.20935022918187396
dots2024_A_r2,efficient,6,6,1.6665963262740489
dots2024_A_r2,efficient,12,12,0.20935022918187396
dots2024_A_r2,efficient,13,13,0.20935022918187396
dots2024_A_r2,efficient,30,30,1.6665963262740489
dots2024_A_r2,efficient,47,47,0.20935022918187396
dots2024_A_r2,efficient,48,48,0.20935022918187396
dots2024_A_r2,efficient,54,54,0.20935022918187396
dots2024_A_r2,efficient,56,56,0.20935022918187396
dots2024_A_r2,efficient,59,59,0.20935022918187396
dots2024_A_r2,efficient,69,69,0.20935022918187396
dots2024_A_r2,efficient,72,72,1.6665963262740489
dots2024_A_r2,efficient,78,78,0.20935022918187396
dots2024_A_r2,efficient,96,96,0.20935022918187396
dots2024_A_r2,efficient,97,97,1.6665963262740489
dots2024_A_r2,efficient,104,104,0.20935022918187396
dots2024_A_r2,efficient,111,111,0.20935022918187396
dots2024_A_r2,efficient,119,119,0.20935022918187396
dots2024_A_r2,efficient,124,124,0.20935022918187396
dots2024_A_r2,efficient,128,128,1.6665963262740489
dots2024_A_r2,efficient,131,131,0.20935022918187396
dots2024_A_r2,efficient,132,132,0.20935022918187396
dots2024_A_r2,efficient,133,133,0.20935022918187396
dots2024_A_r2,efficient,135,135,0.20935022918187396
dots2024_A_r2,efficient,140,140,0.20935022918187396
dots2024_A_r2,efficient,144,144,0.20935022918187396
dots2024_A_r2,efficient,145,145,0.20935022918187396
dots2024_A_r2,efficient,148,148,0.20935022918187396
dots2024_A_r2,efficient,158,158,0.20935022918187396
dots2024_A_r2,efficient,159,159,0.20935022918187396
dots2024_A_r2,efficient,164,164,0.20935022918187396
dots2024_A_r2,efficient,171,171,1.6665963262740489
dots2024_A_r2,efficient,176,176,0.20935022918187396
dots2024_A_r2,efficient,178,178,0.20935022918187396
dots2024_A_r2,efficient,181,181,0.20935022918187396
dots2024_A_r2,efficient,193,193,1.6665963262740489
dots2024_A_r2,efficient,194,194,0.20935022918187396
dots2024_A_r2,efficient,196,196,1.6665963262740489
dots2024_A_r2,efficient,199,199,0.20935022918187396
dots2024_A_r2,efficient,202,202,0.20935022918187396
dots2024_A_r2,efficient,206,206,1.6665963262740489
dots2024_A_r2,efficient,229,229,0.20935022918187396
dots2024_A_r2,efficient,238,238,0.20935022918187396
dots2024_A_r2,efficient,242,242,0.20935022918187396
dots2024_A_r2,efficient,249,249,1.6665963262740489
dots2024_A_r2,efficient,255,255,0.20935022918187396
dots2024_A_r2,efficient,259,259,0.20935022918187396
dots2024_A_r2,efficient,263,263,0.20935022918187396
dots2024_A_r2,efficient,269,269,0.20935022918187396
dots2024_A_r2,efficient,271,271,0.20935022918187396
dots2024_A_r2,efficient,279,279,0.20935022918187396
dots2024_A_r2,efficient,282,282,0.20935022918187396
dots2024_A_r2,efficient,284,284,0.20935022918187396
dots2024_A_r2,efficient,287,287,0.20935022918187396
dots2024_A_r2,efficient,288,288,0.20935022918187396
dots2024_A_r2,efficient,290,290,0.20935022918187396
dots2024_A_r2,efficient,292,292,0.20935022918187396
dots2024_A_r2,efficient,299,299,0.20935022918187396
dots2024_A_r2,borda,0,0,1.6665963262740489
dots2024_A_r2,borda,2,2,0.20935022918187396
dots2024_A_r2,borda,4,4,0.20935022918187396
dots2024_A_r2,borda,6,6,1.6665963262740489
dots2024_A_r2,borda,12,12,0.20935022918187396
dots2024_A_r2,borda,13,13,0.20935022918187396
dots2024_A_r2,borda,30,30,1.6665963262740489
dots2024_A_r2,borda,47,47,0.20935022918187396
dots2024_A_r2,borda,48,48,0.20935022918187396
dots2024_A_r2,borda,54,54,0.20935022918187396
dots2024_A_r2,borda,56,56,0.20935022918187396
dots2024_A_r2,borda,59,59,0.20935022918187396
dots2024_A_r2,borda,69,69,0.20935022918187396
dots2024_A_r2,borda,72,72,1.6665963262740489
dots2024_A_r2,borda,78,78,0.20935022918187396
dots2024_A_r2,borda,96,96,0.20935022918187396
dots2024_A_r2,borda,97,97,1.6665963262740489
dots2024_A_r2,borda,104,104,0.20935022918187396
dots2024_A_r2,borda,111,111,0.20935022918187396
dots2024_A_r2,borda,119,119,0.20935022918187396
dots2024_A_r2,borda,124,124,0.20935022918187396
dots2024_A_r2,borda,128,128,1.6665963262740489
dots2024_A_r2,borda,131,131,0.20935022918187396
dots2024_A_r2,borda,132,132,0.20935022918187396
dots2024_A_r2,borda,133,133,0.20935022918187396
dots2024_A_r2,borda,135,135,0.20935022918187396
dots2024_A_r2,borda,140,140,0.20935022918187396
dots2024_A_r2,borda,144,144,0.20935022918187396
dots2024_A_r2,borda,145,145,0.20935022918187396
dots2024_A_r2,borda,148,148,0.20935022918187396
dots2024_A_r2,borda,158,158,0.20935022918187396
dots2024_A_r2,borda,159,159,0.20935022918187396
dots2024_A_r2,borda,164,164,0.20935022918187396
dots2024_A_r2,borda,171,171,1.6665963262740489
dots2024_A_r2,borda,176,176,0.20935022918187396
dots2024_A_r2,borda,178,178,0.20935022918187396
dots2024_A_r2,borda,181,181,0.20935022918187396
dots2024_A_r2,borda,193,193,1.6665963262740489
dots2024_A_r2,borda,194,194,0.20935022918187396
dots2024_A_r2,borda,196,196,1.6665963262740489
dots2024_A_r2,borda,199,199,0.20935022918187396
dots2024_A_r2,borda,202,202,0.20935022918187396
dots2024_A_r2,borda,206,206,1.6665963262740489
dots2024_A_r2,borda,229,229,0.20935022918187396
dots2024_A_r2,borda,238,238,0.20935022918187396
dots2024_A_r2,borda,242,242,0.20935022918187396
dots2024_A_r2,borda,249,249,1.6665963262740489
dots2024_A_r2,borda,255,255,0.20935022918187396
dots2024_A_r2,borda,259,259,0.20935022918187396
dots2024_A_r2,borda,263,263,0.20935022918187396
dots2024_A_r2,borda,269,269,0.20935022918187396
dots2024_A_r2,borda,271,271,0.20935022918187396
dots2024_A_r2,borda,279,279,0.20935022918187396
dots2024_A_r2,borda,282,282,0.20935022918187396
dots2024_A_r2,borda,284,284,0.20935022918187396
dots2024_A_r2,borda,287,287,0.20935022918187396
dots2024_A_r2,borda,288,288,0.20935022918187396
dots2024_A_r2,borda,290,290,0.20935022918187396
dots2024_A_r2,borda,292,292,0.20935022918187396
dots2024_A_r2,borda,299,299,0.20935022918187396
dots2024_A_r3,pl,0,0,1.4024507141110363
dots2024_A_r3,pl,2,2,0.6735754619171685
dots2024_A_r3,pl,4,4,0.4047460909788385
dots2024_A_r3,pl,6,6,0.1561570767590611
dots2024_A_r3,pl,12,12,6.051308647592122
dots2024_A_r3,pl,13,13,0.7865292731650104
dots2024_A_r3,pl,30,30,0.4335421626264635
dots2024_A_r3,pl,47,47,5.8627076948452155
dots2024_A_r3,pl,48,48,2.041422696688445
dots2024_A_r3,pl,54,54,0.5262394236272057
dots2024_A_r3,pl,56,56,0.619621219109267
dots2024_A_r3,pl,59,59,4.529557565206051
dots2024_A_r3,pl,69,69,1.2773537572172107
dots2024_A_r3,pl,72,72,0.7135822392196964
dots2024_A_r3,pl,78,78,1.4654510428781495
dots2024_A_r3,pl,96,96,0.7009808587552067
dots2024_A_r3,pl,97,97,0.26946638298235526
dots2024_A_r3,pl,104,104,1.1153081773697073
dots2024_A_r3,pl,111,111,2.1401227870294486
dots2024_A_r3,pl,119,119,6.079083632166709
dots2024_A_r3,pl,124,124,0.7146220087889557
dots2024_A_r3,pl,128,128,1.7024827783281729
dots2024_A_r3,pl,131,131,1.599425112864552
dots2024_A_r3,pl,132,132,1.6460538248305703
dots2024_A_r3,pl,133,133,0.6420757063483413
dots2024_A_r3,pl,135,135,1.5934890562081907
dots2024_A_r3,pl,140,140,2.1807815529668995
dots2024_A_r3,pl,144,144,0.8163874272689355
dots2024_A_r3,pl,145,145,1.0663898230843811
dots2024_A_r3,pl,148,148,1.1213715938925586
dots2024_A_r3,pl,158,158,3.9376052715588648
dots2024_A_r3,pl,159,159,1.273237855194328
dots2024_A_r3,pl,164,164,0.660807869538803
dots2024_A_r3,pl,171,171,2.302621432264856
dots2024_A_r3,pl,176,176,6.703123179021742
dots2024_A_r3,pl,178,178,2.428122162990463
dots2024_A_r3,pl,181,181,0.4496023990666942
dots2024_A_r3,pl,193,193,0.5211932335309046
dots2024_A_r3,pl,194,194,1.0023564940868286
dots2024_A_r3,pl,196,196,0.295980138101669
dots2024_A_r3,pl,199,199,1.1845629051579794
dots2024_A_r3,pl,202,202,2.506040761738408
dots2024_A_r3,pl,206,206,0.6865202865508533
dots2024_A_r3,pl,229,229,1.6670691443826258
dots2024_A_r3,pl,238,238,0.8950395178839132
dots2024_A_r3,pl,242,242,0.8397608384130812
dots2024_A_r3,pl,249,249,1.3285058843644417
dots2024_A_r3,pl,255,255,0.2917047449977501
dots2024_A_r3,pl,259,259,2.0765947925926946
dots2024_A_r3,pl,263,263,1.0609506611956352
dots2024_A_r3,pl,269,269,0.8546941599504416
dots2024_A_r3,pl,271,271,0.6793903149026379
dots2024_A_r3,pl,279,279,1.2365196158171965
dots2024_A_r3,pl,282,282,2.423196584710009
dots2024_A_r3,pl,284,284,1.1408897990050064
dots2024_A_r3,pl,287,287,3.842389872512302
dots2024_A_r3,pl,288,288,0.464320665385933
dots2024_A_r3,pl,290,290,2.480468233309837
dots2024_A_r3,pl,292,292,1.4999999071907366
dots2024_A_r3,pl,299,299,0.6654714830957262
dots2024_A_r3,mle,0,0,1.9313986397385974
dots2024_A_r3,mle,2,2,0.4516300368570443
dots2024_A_r3,mle,4,4,0.4516300368570443
dots2024_A_r3,mle,6,6,0.4516300368570443
dots2024_A_r3,mle,12,12,3.4111672426201505
dots2024_A_r3,mle,13,13,1.9313986397385974
dots2024_A_r3,mle,30,30,0.4516300368570443
dots2024_A_r3,mle,47,47,3.4111672426201505
dots2024_A_r3,mle,48,48,1.9313986397385974
dots2024_A_r3,mle,54,54,0.4516300368570443
dots2024_A_r3,mle,56,56,1.9313986397385974
dots2024_A_r3,mle,59,59,1.9313986397385974
dots2024_A_r3,mle,69,69,1.9313986397385974
dots2024_A_r3,mle,72,72,1.9313986397385974
dots2024_A_r3,mle,78,78,0.4516300368570443
dots2024_A_r3,mle,96,96,0.4516300368570443
dots2024_A_r3,mle,97,97,1.9313986397385974
dots2024_A_r3,mle,104,104,0.4516300368570443
dots2024_A_r3,mle,111,111,0.4516300368570443
dots2024_A_r3,mle,119,119,4.890935845501704
dots2024_A_r3,mle,124,124,1.9313986397385974
dots2024_A_r3,mle,128,128,1.9313986397385974
dots2024_A_r3,mle,131,131,1.9313986397385974
dots2024_A_r3,mle,132,132,3.4111672426201505
dots2024_A_r3,mle,133,133,0.4516300368570443
dots2024_A_r3,mle,135,135,1.9313986397385974
dots2024_A_r3,mle,140,140,3.4111672426201505
dots2024_A_r3,mle,144,144,0.4516300368570443
dots2024_A_r3,mle,145,145,0.4516300368570443
dots2024_A_r3,mle,148,148,1.9313986397385974
dots2024_A_r3,mle,158,158,4.890935845501704
dots2024_A_r3,mle,159,159,1.9313986397385974
dots2024_A_r3,mle,164,164,0.4516300368570443
dots2024_A_r3,mle,171,171,3.4111672426201505
dots2024_A_r3,mle,176,176,4.890935845501704
dots2024_A_r3,mle,178,178,1.9313986397385974
dots2024_A_r3,mle,181,181,0.4516300368570443
dots2024_A_r3,mle,193,193,0.4516300368570443
dots2024_A_r3,mle,194,194,1.9313986397385974
dots2024_A_r3,mle,196,196,0.4516300368570443
dots2024_A_r3,mle,199,199,0.4516300368570443
dots2024_A_r3,mle,202,202,4.890935845501704
dots2024_A_r3,mle,206,206,0.4516300368570443
dots2024_A_r3,mle,229,229,1.9313986397385974
dots2024_A_r3,mle,238,238,0.4516300368570443
dots2024_A_r3,mle,242,242,1.9313986397385974
dots2024_A_r3,mle,249,249,0.4516300368570443
dots2024_A_r3,mle,255,255,0.4516300368570443
dots2024_A_r3,mle,259,259,3.4111672426201505
dots2024_A_r3,mle,263,263,1.9313986397385974
dots2024_A_r3,mle,269,269,0.4516300368570443
dots2024_A_r3,mle,271,271,0.4516300368570443
dots2024_A_r3,mle,279,279,1.9313986397385974
dots2024_A_r3,mle,282,282,3.4111672426201505
dots2024_A_r3,mle,284,284,1.9313986397385974
dots2024_A_r3,mle,287,287,3.4111672426201505
dots2024_A_r3,mle,288,288,0.4516300368570443
dots2024_A_r3,mle,290,290,1.9313986397385974
dots2024_A_r3,mle,292,292,0.4516300368570443
dots2024_A_r3,mle,299,299,0.4516300368570443
dots2024_A_r3,sharp,0,0,
dots2024_A_r3,sharp,2,2,
dots2024_A_r3,sharp,4,4,
dots2024_A_r3,sharp,6,6,
dots2024_A_r3,sharp,12,12,
dots2024_A_r3,sharp,13,13,
dots2024_A_r3,sharp,30,30,
dots2024_A_r3,sharp,47,47,
dots2024_A_r3,sharp,48,48,
dots2024_A_r3,sharp,54,54,
dots2024_A_r3,sharp,56,56,
dots2024_A_r3,sharp,59,59,
dots2024_A_r3,sharp,69,69,
dots2024_A_r3,sharp,72,72,
dots2024_A_r3,sharp,78,78,
dots2024_A_r3,sharp,96,96,
dots2024_A_r3,sharp,97,97,
dots2024_A_r3,sharp,104,104,
dots2024_A_r3,sharp,111,111,
dots2024_A_r3,sharp,119,119,
dots2024_A_r3,sharp,124,124,
dots2024_A_r3,sharp,128,128,
dots2024_A_r3,sharp,131,131,
dots2024_A_r3,sharp,132,132,
dots2024_A_r3,sharp,133,133,
dots2024_A_r3,sharp,135,135,
dots2024_A_r3,sharp,140,140,
dots2024_A_r3,sharp,144,144,
dots2024_A_r3,sharp,145,145,
dots2024_A_r3,sharp,148,148,
dots2024_A_r3,sharp,158,158,
dots2024_A_r3,sharp,159,159,
dots2024_A_r3,sharp,164,164,
dots2024_A_r3,sharp,171,171,
dots2024_A_r3,sharp,176,176,
dots2024_A_r3,sharp,178,178,
dots2024_A_r3,sharp,181,181,
dots2024_A_r3,sharp,193,193,
dots2024_A_r3,sharp,194,194,
dots2024_A_r3,sharp,196,196,
dots2024_A_r3,sharp,199,199,
dots2024_A_r3,sharp,202,202,
dots2024_A_r3,sharp,206,206,
dots2024_A_r3,sharp,229,229,
dots2024_A_r3,sharp,238,238,
dots2024_A_r3,sharp,242,242,
dots2024_A_r3,sharp,249,249,
dots2024_A_r3,sharp,255,255,
dots2024_A_r3,sharp,259,259,
dots2024_A_r3,sharp,263,263,
dots2024_A_r3,sharp,269,269,
dots2024_A_r3,sharp,271,271,
dots2024_A_r3,sharp,279,279,
dots2024_A_r3,sharp,282,282,
dots2024_A_r3,sharp,284,284,
dots2024_A_r3,sharp,287,287,
dots2024_A_r3,sharp,288,288,
dots2024_A_r3,sharp,290,290,
dots2024_A_r3,sharp,292,292,
dots2024_A_r3,sharp,299,299,
dots2024_A_r3,efficient,0,0,
dots2024_A_r3,efficient,2,2,
dots2024_A_r3,efficient,4,4,
dots2024_A_r3,efficient,6,6,
dots2024_A_r3,efficient,12,12,
dots2024_A_r3,efficient,13,13,
dots2024_A_r3,efficient,30,30,
dots2024_A_r3,efficient,47,47,
dots2024_A_r3,efficient,48,48,
dots2024_A_r3,efficient,54,54,
dots2024_A_r3,efficient,56,56,
dots2024_A_r3,efficient,59,59,
dots2024_A_r3,efficient,69,69,
dots2024_A_r3,efficient,72,72,
dots2024_A_r3,efficient,78,78,
dots2024_A_r3,efficient,96,96,
dots2024_A_r3,efficient,97,97,
dots2024_A_r3,efficient,104,104,
dots2024_A_r3,efficient,111,111,
dots2024_A_r3,efficient,119,119,
dots2024_A_r3,efficient,124,124,
dots2024_A_r3,efficient,128,128,
dots2024_A_r3,efficient,131,131,
dots2024_A_r3,efficient,132,132,
dots2024_A_r3,efficient,133,133,
dots2024_A_r3,efficient,135,135,
dots2024_A_r3,efficient,140,140,
dots2024_A_r3,efficient,144,144,
dots2024_A_r3,efficient,145,145,
dots2024_A_r3,efficient,148,148,
dots2024_A_r3,efficient,158,158,
dots2024_A_r3,efficient,159,159,
dots2024_A_r3,efficient,164,164,
dots2024_A_r3,efficient,171,171,
dots2024_A_r3,efficient,176,176,
dots2024_A_r3,efficient,178,178,
dots2024_A_r3,efficient,181,181,
dots2024_A_r3,efficient,193,193,
dots2024_A_r3,efficient,194,194,
dots2024_A_r3,efficient,196,196,
dots2024_A_r3,efficient,199,199,
dots2024_A_r3,efficient,202,202,
dots2024_A_r3,efficient,206,206,
dots2024_A_r3,efficient,229,229,
dots2024_A_r3,efficient,238,238,
dots2024_A_r3,efficient,242,242,
dots2024_A_r3,efficient,249,249,
dots2024_A_r3,efficient,255,255,
dots2024_A_r3,efficient,259,259,
dots2024_A_r3,efficient,263,263,
dots2024_A_r3,efficient,269,269,
dots2024_A_r3,efficient,271,271,
dots2024_A_r3,efficient,279,279,
dots2024_A_r3,efficient,282,282,
dots2024_A_r3,efficient,284,284,
dots2024_A_r3,efficient,287,287,
dots2024_A_r3,efficient,288,288,
dots2024_A_r3,efficient,290,290,
dots2024_A_r3,efficient,292,292,
dots2024_A_r3,efficient,299,299,
dots2024_A_r3,borda,0,0,1.7899626629344327
dots2024_A_r3,borda,2,2,0.5994998377177543
dots2024_A_r3,borda,4,4,0.5994998377177543
dots2024_A_r3,borda,6,6,0.5994998377177543
dots2024_A_r3,borda,12,12,2.980425488151111
dots2024_A_r3,borda,13,13,1.7899626629344327
dots2024_A_r3,borda,30,30,0.5994998377177543
dots2024_A_r3,borda,47,47,2.980425488151111
dots2024_A_r3,borda,48,48,1.7899626629344327
dots2024_A_r3,borda,54,54,0.5994998377177543
dots2024_A_r3,borda,56,56,0.5994998377177543
dots2024_A_r3,borda,59,59,2.980425488151111
dots2024_A_r3,borda,69,69,0.5994998377177543
dots2024_A_r3,borda,72,72,0.5994998377177543
dots2024_A_r3,borda,78,78,0.5994998377177543
dots2024_A_r3,borda,96,96,1.7899626629344327
dots2024_A_r3,borda,97,97,0.5994998377177543
dots2024_A_r3,borda,104,104,0.5994998377177543
dots2024_A_r3,borda,111,111,1.7899626629344327
dots2024_A_r3,borda,119,119,4.17088831336779
dots2024_A_r3,borda,124,124,0.5994998377177543
dots2024_A_r3,borda,128,128,1.7899626629344327
dots2024_A_r3,borda,131,131,1.7899626629344327
dots2024_A_r3,borda,132,132,2.980425488151111
dots2024_A_r3,borda,133,133,1.7899626629344327
dots2024_A_r3,borda,135,135,0.5994998377177543
dots2024_A_r3,borda,140,140,2.980425488151111
dots2024_A_r3,borda,144,144,0.5994998377177543
dots2024_A_r3,borda,145,145,1.7899626629344327
dots2024_A_r3,borda,148,148,0.5994998377177543
dots2024_A_r3,borda,158,158,2.980425488151111
dots2024_A_r3,borda,159,159,1.7899626629344327
dots2024_A_r3,borda,164,164,1.7899626629344327
dots2024_A_r3,borda,171,171,2.980425488151111
dots2024_A_r3,borda,176,176,4.17088831336779
dots2024_A_r3,borda,178,178,2.980425488151111
dots2024_A_r3,borda,181,181,0.5994998377177543
dots2024_A_r3,borda,193,193,0.5994998377177543
dots2024_A_r3,borda,194,194,0.5994998377177543
dots2024_A_r3,borda,196,196,0.5994998377177543
dots2024_A_r3,borda,199,199,1.7899626629344327
dots2024_A_r3,borda,202,202,2.980425488151111
dots2024_A_r3,borda,206,206,0.5994998377177543
dots2024_A_r3,borda,229,229,1.7899626629344327
dots2024_A_r3,borda,238,238,1.7899626629344327
dots2024_A_r3,borda,242,242,1.7899626629344327
dots2024_A_r3,borda,249,249,1.7899626629344327
dots2024_A_r3,borda,255,255,0.5994998377177543
dots2024_A_r3,borda,259,259,4.17088831336779
dots2024_A_r3,borda,263,263,1.7899626629344327
dots2024_A_r3,borda,269,269,1.7899626629344327
dots2024_A_r3,borda,271,271,0.5994998377177543
dots2024_A_r3,borda,279,279,1.7899626629344327
dots2024_A_r3,borda,282,282,2.980425488151111
dots2024_A_r3,borda,284,284,0.5994998377177543
dots2024_A_r3,borda,287,287,2.980425488151111
dots2024_A_r3,borda,288,288,0.5994998377177543
dots2024_A_r3,borda,290,290,1.7899626629344327
dots2024_A_r3,borda,292,292,1.7899626629344327
dots2024_A_r3,borda,299,299,0.5994998377177543
dots2024_A_r5,pl,0,0,2.422383838367952
dots2024_A_r5,pl,2,2,2.128254878465413
dots2024_A_r5,pl,4,4,3.3952444451120463
dots2024_A_r5,pl,6,6,3.2154273443281394
dots2024_A_r5,pl,12,12,4.070902476492297
dots2024_A_r5,pl,13,13,2.696577919772579
dots2024_A_r5,pl,30,30,2.4159307149679643
dots2024_A_r5,pl,47,47,3.911965845793414
dots2024_A_r5,pl,48,48,5.228265322154009
dots2024_A_r5,pl,54,54,4.733400435684192
dots2024_A_r5,pl,56,56,3.10124771950757
dots2024_A_r5,pl,59,59,3.9443175365091188
dots2024_A_r5,pl,69,69,5.503522688292068
dots2024_A_r5,pl,72,72,7.539623332663765
dots2024_A_r5,pl,78,78,3.6974588634706818
dots2024_A_r5,pl,96,96,4.149114630243764
dots2024_A_r5,pl,97,97,2.3105434275914676
dots2024_A_r5,pl,104,104,2.276693554460675
dots2024_A_r5,pl,111,111,6.8222718174960875
dots2024_A_r5,pl,119,119,6.798162989728308
dots2024_A_r5,pl,124,124,2.052221392176487
dots2024_A_r5,pl,128,128,5.369522943212573
dots2024_A_r5,pl,131,131,4.614765561356129
dots2024_A_r5,pl,132,132,2.8175238505064972
dots2024_A_r5,pl,133,133,3.1449430080910687
dots2024_A_r5,pl,135,135,4.56996127879139
dots2024_A_r5,pl,140,140,3.1098022529283904
dots2024_A_r5,pl,144,144,2.8316257618904133
dots2024_A_r5,pl,145,145,3.389678335176299
dots2024_A_r5,pl,148,148,3.970053594897637
dots2024_A_r5,pl,158,158,6.294997743177843
dots2024_A_r5,pl,159,159,3.2739412113861714
dots2024_A_r5,pl,164,164,2.6382224684509565
dots2024_A_r5,pl,171,171,8.188283750307317
dots2024_A_r5,pl,176,176,8.320237180980035
dots2024_A_r5,pl,178,178,4.96535819311076
dots2024_A_r5,pl,181,181,7.902099694543341
dots2024_A_r5,pl,193,193,3.159595061529841
dots2024_A_r5,pl,194,194,3.3039260817689957
dots2024_A_r5,pl,196,196,5.550138373378697
dots2024_A_r5,pl,199,199,11.007118430105365
dots2024_A_r5,pl,202,202,3.507194053577906
dots2024_A_r5,pl,206,206,4.221867162650733
dots2024_A_r5,pl,229,229,3.4593230881953776
dots2024_A_r5,pl,238,238,3.1804728114837046
dots2024_A_r5,pl,242,242,3.308423227052774
dots2024_A_r5,pl,249,249,2.842912531001595
dots2024_A_r5,pl,255,255,3.109617621477486
dots2024_A_r5,pl,259,259,2.7911008678310187
dots2024_A_r5,pl,263,263,2.175508454984337
dots2024_A_r5,pl,269,269,3.630945157010019
dots2024_A_r5,pl,271,271,3.4902224171529226
dots2024_A_r5,pl,279,279,5.282360560555836
dots2024_A_r5,pl,282,282,11.26606864957041
dots2024_A_r5,pl,284,284,3.7868688638197607
dots2024_A_r5,pl,287,287,2.606795029827344
dots2024_A_r5,pl,288,288,7.574473281983069
dots2024_A_r5,pl,290,290,3.5535391119857005
dots2024_A_r5,pl,292,292,4.296160220499974
dots2024_A_r5,pl,299,299,2.3539127755499445
dots2024_A_r5,mle,0,0,1.9608499433180877
dots2024_A_r5,mle,2,2,2.781544022665905
dots2024_A_r5,mle,4,4,4.42293218136154
dots2024_A_r5,mle,6,6,5.243626260709357
dots2024_A_r5,mle,12,12,3.6022381020137226
dots2024_A_r5,mle,13,13,1.9608499433180877
dots2024_A_r5,mle,30,30,3.6022381020137226
dots2024_A_r5,mle,47,47,2.781544022665905
dots2024_A_r5,mle,48,48,6.8850144194049925
dots2024_A_r5,mle,54,54,4.42293218136154
dots2024_A_r5,mle,56,56,3.6022381020137226
dots2024_A_r5,mle,59,59,5.243626260709357
dots2024_A_r5,mle,69,69,5.243626260709357
dots2024_A_r5,mle,72,72,8.526402578100626
dots2024_A_r5,mle,78,78,3.6022381020137226
dots2024_A_r5,mle,96,96,3.6022381020137226
dots2024_A_r5,mle,97,97,2.781544022665905
dots2024_A_r5,mle,104,104,3.6022381020137226
dots2024_A_r5,mle,111,111,7.705708498752809
dots2024_A_r5,mle,119,119,7.705708498752809
dots2024_A_r5,mle,124,124,3.6022381020137226
dots2024_A_r5,mle,128,128,6.064320340057174
dots2024_A_r5,mle,131,131,5.243626260709357
dots2024_A_r5,mle,132,132,2.781544022665905
dots2024_A_r5,mle,133,133,3.6022381020137226
dots2024_A_r5,mle,135,135,4.42293218136154
dots2024_A_r5,mle,140,140,3.6022381020137226
dots2024_A_r5,mle,144,144,2.781544022665905
dots2024_A_r5,mle,145,145,3.6022381020137226
dots2024_A_r5,mle,148,148,4.42293218136154
dots2024_A_r5,mle,158,158,6.8850144194049925
dots2024_A_r5,mle,159,159,3.6022381020137226
dots2024_A_r5,mle,164,164,3.6022381020137226
dots2024_A_r5,mle,171,171,6.064320340057174
dots2024_A_r5,mle,176,176,6.8850144194049925
dots2024_A_r5,mle,178,178,6.064320340057174
dots2024_A_r5,mle,181,181,6.8850144194049925
dots2024_A_r5,mle,193,193,4.42293218136154
dots2024_A_r5,mle,194,194,4.42293218136154
dots2024_A_r5,mle,196,196,6.064320340057174
dots2024_A_r5,mle,199,199,7.705708498752809
dots2024_A_r5,mle,202,202,3.6022381020137226
dots2024_A_r5,mle,206,206,5.243626260709357
dots2024_A_r5,mle,229,229,2.781544022665905
dots2024_A_r5,mle,238,238,2.781544022665905
dots2024_A_r5,mle,242,242,3.6022381020137226
dots2024_A_r5,mle,249,249,1.9608499433180877
dots2024_A_r5,mle,255,255,3.6022381020137226
dots2024_A_r5,mle,259,259,3.6022381020137226
dots2024_A_r5,mle,263,263,1.9608499433180877
dots2024_A_r5,mle,269,269,4.42293218136154
dots2024_A_r5,mle,271,271,5.243626260709357
dots2024_A_r5,mle,279,279,5.243626260709357
dots2024_A_r5,mle,282,282,7.705708498752809
dots2024_A_r5,mle,284,284,3.6022381020137226
dots2024_A_r5,mle,287,287,2.781544022665905
dots2024_A_r5,mle,288,288,6.064320340057174
dots2024_A_r5,mle,290,290,4.42293218136154
dots2024_A_r5,mle,292,292,6.064320340057174
dots2024_A_r5,mle,299,299,2.781544022665905
dots2024_A_r5,sharp,0,0,
dots2024_A_r5,sharp,2,2,
dots2024_A_r5,sharp,4,4,
dots2024_A_r5,sharp,6,6,
dots2024_A_r5,sharp,12,12,
dots2024_A_r5,sharp,13,13,
dots2024_A_r5,sharp,30,30,
dots2024_A_r5,sharp,47,47,
dots2024_A_r5,sharp,48,48,
dots2024_A_r5,sharp,54,54,
dots2024_A_r5,sharp,56,56,
dots2024_A_r5,sharp,59,59,
dots2024_A_r5,sharp,69,69,
dots2024_A_r5,sharp,72,72,
dots2024_A_r5,sharp,78,78,
dots2024_A_r5,sharp,96,96,
dots2024_A_r5,sharp,97,97,
dots2024_A_r5,sharp,104,104,
dots2024_A_r5,sharp,111,111,
dots2024_A_r5,sharp,119,119,
dots2024_A_r5,sharp,124,124,
dots2024_A_r5,sharp,128,128,
dots2024_A_r5,sharp,131,131,
dots2024_A_r5,sharp,132,132,
dots2024_A_r5,sharp,133,133,
dots2024_A_r5,sharp,135,135,
dots2024_A_r5,sharp,140,140,
dots2024_A_r5,sharp,144,144,
dots2024_A_r5,sharp,145,145,
dots2024_A_r5,sharp,148,148,
dots2024_A_r5,sharp,158,158,
dots2024_A_r5,sharp,159,159,
dots2024_A_r5,sharp,164,164,
dots2024_A_r5,sharp,171,171,
dots2024_A_r5,sharp,176,176,
dots2024_A_r5,sharp,178,178,
dots2024_A_r5,sharp,181,181,
dots2024_A_r5,sharp,193,193,
dots2024_A_r5,sharp,194,194,
dots2024_A_r5,sharp,196,196,
dots2024_A_r5,sharp,199,199,
dots2024_A_r5,sharp,202,202,
dots2024_A_r5,sharp,206,206,
dots2024_A_r5,sharp,229,229,
dots2024_A_r5,sharp,238,238,
dots2024_A_r5,sharp,242,242,
dots2024_A_r5,sharp,249,249,
dots2024_A_r5,sharp,255,255,
dots2024_A_r5,sharp,259,259,
dots2024_A_r5,sharp,263,263,
dots2024_A_r5,sharp,269,269,
dots2024_A_r5,sharp,271,271,
dots2024_A_r5,sharp,279,279,
dots2024_A_r5,sharp,282,282,
dots2024_A_r5,sharp,284,284,
dots2024_A_r5,sharp,287,287,
dots2024_A_r5,sharp,288,288,
dots2024_A_r5,sharp,290,290,
dots2024_A_r5,sharp,292,292,
dots2024_A_r5,sharp,299,299,
dots2024_A_r5,efficient,0,0,
dots2024_A_r5,efficient,2,2,
dots2024_A_r5,efficient,4,4,
dots2024_A_r5,efficient,6,6,
dots2024_A_r5,efficient,12,12,
dots2024_A_r5,efficient,13,13,
dots2024_A_r5,efficient,30,30,
dots2024_A_r5,efficient,47,47,
dots2024_A_r5,efficient,48,48,
dots2024_A_r5,efficient,54,54,
dots2024_A_r5,efficient,56,56,
dots2024_A_r5,efficient,59,59,
dots2024_A_r5,efficient,69,69,
dots2024_A_r5,efficient,72,72,
dots2024_A_r5,efficient,78,78,
dots2024_A_r5,efficient,96,96,
dots2024_A_r5,efficient,97,97,
dots2024_A_r5,efficient,104,104,
dots2024_A_r5,efficient,111,111,
dots2024_A_r5,efficient,119,119,
dots2024_A_r5,efficient,124,124,
dots2024_A_r5,efficient,128,128,
dots2024_A_r5,efficient,131,131,
dots2024_A_r5,efficient,132,132,
dots2024_A_r5,efficient,133,133,
dots2024_A_r5,efficient,135,135,
dots2024_A_r5,efficient,140,140,
dots2024_A_r5,efficient,144,144,
dots2024_A_r5,efficient,145,145,
dots2024_A_r5,efficient,148,148,
dots2024_A_r5,efficient,158,158,
dots2024_A_r5,efficient,159,159,
dots2024_A_r5,efficient,164,164,
dots2024_A_r5,efficient,171,171,
dots2024_A_r5,efficient,176,176,
dots2024_A_r5,efficient,178,178,
dots2024_A_r5,efficient,181,181,
dots2024_A_r5,efficient,193,193,
dots2024_A_r5,efficient,194,194,
dots2024_A_r5,efficient,196,196,
dots2024_A_r5,efficient,199,199,
dots2024_A_r5,efficient,202,202,
dots2024_A_r5,efficient,206,206,
dots2024_A_r5,efficient,229,229,
dots2024_A_r5,efficient,238,238,
dots2024_A_r5,efficient,242,242,
dots2024_A_r5,efficient,249,249,
dots2024_A_r5,efficient,255,255,
dots2024_A_r5,efficient,259,259,
dots2024_A_r5,efficient,263,263,
dots2024_A_r5,efficient,269,269,
dots2024_A_r5,efficient,271,271,
dots2024_A_r5,efficient,279,279,
dots2024_A_r5,efficient,282,282,
dots2024_A_r5,efficient,284,284,
dots2024_A_r5,efficient,287,287,
dots2024_A_r5,efficient,288,288,
dots2024_A_r5,efficient,290,290,
dots2024_A_r5,efficient,292,292,
dots2024_A_r5,efficient,299,299,
dots2024_A_r5,borda,0,0,2.142483157329453
dots2024_A_r5,borda,2,2,2.882298294884814
dots2024_A_r5,borda,4,4,2.882298294884814
dots2024_A_r5,borda,6,6,3.6221134324401745
dots2024_A_r5,borda,12,12,3.6221134324401745
dots2024_A_r5,borda,13,13,3.6221134324401745
dots2024_A_r5,borda,30,30,2.142483157329453
dots2024_A_r5,borda,47,47,3.6221134324401745
dots2024_A_r5,borda,48,48,4.361928569995535
dots2024_A_r5,borda,54,54,5.101743707550896
dots2024_A_r5,borda,56,56,3.6221134324401745
dots2024_A_r5,borda,59,59,5.101743707550896
dots2024_A_r5,borda,69,69,5.841558845106257
dots2024_A_r5,borda,72,72,6.581373982661617
dots2024_A_r5,borda,78,78,3.6221134324401745
dots2024_A_r5,borda,96,96,4.361928569995535
dots2024_A_r5,borda,97,97,2.882298294884814
dots2024_A_r5,borda,104,104,3.6221134324401745
dots2024_A_r5,borda,111,111,7.321189120216978
dots2024_A_r5,borda,119,119,7.321189120216978
dots2024_A_r5,borda,124,124,2.882298294884814
dots2024_A_r5,borda,128,128,5.841558845106257
dots2024_A_r5,borda,131,131,5.101743707550896
dots2024_A_r5,borda,132,132,2.882298294884814
dots2024_A_r5,borda,133,133,2.882298294884814
dots2024_A_r5,borda,135,135,3.6221134324401745
dots2024_A_r5,borda,140,140,3.6221134324401745
dots2024_A_r5,borda,144,144,2.882298294884814
dots2024_A_r5,borda,145,145,2.882298294884814
dots2024_A_r5,borda,148,148,4.361928569995535
dots2024_A_r5,borda,158,158,5.841558845106257
dots2024_A_r5,borda,159,159,3.6221134324401745
dots2024_A_r5,borda,164,164,2.882298294884814
dots2024_A_r5,borda,171,171,5.101743707550896
dots2024_A_r5,borda,176,176,6.581373982661617
dots2024_A_r5,borda,178,178,5.101743707550896
dots2024_A_r5,borda,181,181,5.841558845106257
dots2024_A_r5,borda,193,193,4.361928569995535
dots2024_A_r5,borda,194,194,2.882298294884814
dots2024_A_r5,borda,196,196,4.361928569995535
dots2024_A_r5,borda,199,199,7.321189120216978
dots2024_A_r5,borda,202,202,3.6221134324401745
dots2024_A_r5,borda,206,206,5.101743707550896
dots2024_A_r5,borda,229,229,2.882298294884814
dots2024_A_r5,borda,238,238,3.6221134324401745
dots2024_A_r5,borda,242,242,3.6221134324401745
dots2024_A_r5,borda,249,249,2.142483157329453
dots2024_A_r5,borda,255,255,2.882298294884814
dots2024_A_r5,borda,259,259,2.882298294884814
dots2024_A_r5,borda,263,263,2.882298294884814
dots2024_A_r5,borda,269,269,3.6221134324401745
dots2024_A_r5,borda,271,271,4.361928569995535
dots2024_A_r5,borda,279,279,7.321189120216978
dots2024_A_r5,borda,282,282,8.061004257772339
dots2024_A_r5,borda,284,284,3.6221134324401745
dots2024_A_r5,borda,287,287,2.882298294884814
dots2024_A_r5,borda,288,288,5.101743707550896
dots2024_A_r5,borda,290,290,4.361928569995535
dots2024_A_r5,borda,292,292,5.101743707550896
dots2024_A_r5,borda,299,299,3.6221134324401745
dots2024_A_r6,pl,0,0,4.183570837218842
dots2024_A_r6,pl,2,2,4.942549616681886
dots2024_A_r6,pl,4,4,5.466117096860895
dots2024_A_r6,pl,6,6,4.904872500106876
dots2024_A_r6,pl,12,12,5.229967233703066
dots2024_A_r6,pl,13,13,3.7516911219273354
dots2024_A_r6,pl,30,30,5.485641135568297
dots2024_A_r6,pl,47,47,3.67148888919832
dots2024_A_r6,pl,48,48,7.4612079723092135
dots2024_A_r6,pl,54,54,6.996859599594746
dots2024_A_r6,pl,56,56,4.961006625009739
dots2024_A_r6,pl,59,59,6.54164749737283
dots2024_A_r6,pl,69,69,9.562733160921535
dots2024_A_r6,pl,72,72,3.571427807709717
dots2024_A_r6,pl,78,78,5.364568341371516
dots2024_A_r6,pl,96,96,5.213706045073247
dots2024_A_r6,pl,97,97,4.550435094676182
dots2024_A_r6,pl,104,104,3.625109338340153
dots2024_A_r6,pl,111,111,11.012041094806968
dots2024_A_r6,pl,119,119,6.478488440805979
dots2024_A_r6,pl,124,124,5.304644715643873
dots2024_A_r6,pl,128,128,3.6335258921939637
dots2024_A_r6,pl,131,131,8.60387080426067
dots2024_A_r6,pl,132,132,7.769780608296334
dots2024_A_r6,pl,133,133,5.54453034578651
dots2024_A_r6,pl,135,135,3.496859869803866
dots2024_A_r6,pl,140,140,3.313813092735134
dots2024_A_r6,pl,144,144,3.675006706690027
dots2024_A_r6,pl,145,145,4.848786439204044
dots2024_A_r6,pl,148,148,4.113265706485494
dots2024_A_r6,pl,158,158,7.18607868148748
dots2024_A_r6,pl,159,159,4.595652376696314
dots2024_A_r6,pl,164,164,3.7279654365975117
dots2024_A_r6,pl,171,171,10.956676343070232
dots2024_A_r6,pl,176,176,10.155486949868042
dots2024_A_r6,pl,178,178,7.691403148405869
dots2024_A_r6,pl,181,181,4.791728950142385
dots2024_A_r6,pl,193,193,5.0921892467342635
dots2024_A_r6,pl,194,194,5.742223711929703
dots2024_A_r6,pl,196,196,5.091728180981329
dots2024_A_r6,pl,199,199,10.683370957777452
dots2024_A_r6,pl,202,202,5.2708142633073924
dots2024_A_r6,pl,206,206,4.205702083026295
dots2024_A_r6,pl,229,229,4.493828906573381
dots2024_A_r6,pl,238,238,4.690379878016216
dots2024_A_r6,pl,242,242,4.51376631729536
dots2024_A_r6,pl,249,249,3.1681276581599658
dots2024_A_r6,pl,255,255,4.370233041015487
dots2024_A_r6,pl,259,259,5.621168382021468
dots2024_A_r6,pl,263,263,4.368271397484394
dots2024_A_r6,pl,269,269,7.993176489845039
dots2024_A_r6,pl,271,271,3.382012039140672
dots2024_A_r6,pl,279,279,3.1344396665496514
dots2024_A_r6,pl,282,282,6.2563374978151005
dots2024_A_r6,pl,284,284,4.561237038081776
dots2024_A_r6,pl,287,287,9.263384582691067
dots2024_A_r6,pl,288,288,3.2476232925378845
dots2024_A_r6,pl,290,290,5.156452545145068
dots2024_A_r6,pl,292,292,6.710411198739463
dots2024_A_r6,pl,299,299,4.754960567922793
dots2024_A_r6,mle,0,0,5.002204211683141
dots2024_A_r6,mle,2,2,5.725915301618555
dots2024_A_r6,mle,4,4,6.449626391553968
dots2024_A_r6,mle,6,6,5.002204211683141
dots2024_A_r6,mle,12,12,5.725915301618555
dots2024_A_r6,mle,13,13,3.554782031812313
dots2024_A_r6,mle,30,30,5.725915301618555
dots2024_A_r6,mle,47,47,4.278493121747727
dots2024_A_r6,mle,48,48,8.620759661360209
dots2024_A_r6,mle,54,54,5.725915301618555
dots2024_A_r6,mle,56,56,5.725915301618555
dots2024_A_r6,mle,59,59,7.897048571424795
dots2024_A_r6,mle,69,69,11.515604021101865
dots2024_A_r6,mle,72,72,4.278493121747727
dots2024_A_r6,mle,78,78,5.002204211683141
dots2024_A_r6,mle,96,96,5.002204211683141
dots2024_A_r6,mle,97,97,5.725915301618555
dots2024_A_r6,mle,104,104,2.831070941876899
dots2024_A_r6,mle,111,111,10.791892931166451
dots2024_A_r6,mle,119,119,8.620759661360209
dots2024_A_r6,mle,124,124,5.002204211683141
dots2024_A_r6,mle,128,128,4.278493121747727
dots2024_A_r6,mle,131,131,7.897048571424795
dots2024_A_r6,mle,132,132,7.897048571424795
dots2024_A_r6,mle,133,133,7.897048571424795
dots2024_A_r6,mle,135,135,3.554782031812313
dots2024_A_r6,mle,140,140,4.278493121747727
dots2024_A_r6,mle,144,144,5.002204211683141
dots2024_A_r6,mle,145,145,5.002204211683141
dots2024_A_r6,mle,148,148,3.554782031812313
dots2024_A_r6,mle,158,158,7.897048571424795
dots2024_A_r6,mle,159,159,5.002204211683141
dots2024_A_r6,mle,164,164,3.554782031812313
dots2024_A_r6,mle,171,171,12.239315111037278
dots2024_A_r6,mle,176,176,10.791892931166451
dots2024_A_r6,mle,178,178,8.620759661360209
dots2024_A_r6,mle,181,181,4.278493121747727
dots2024_A_r6,mle,193,193,7.897048571424795
dots2024_A_r6,mle,194,194,5.725915301618555
dots2024_A_r6,mle,196,196,5.002204211683141
dots2024_A_r6,mle,199,199,10.791892931166451
dots2024_A_r6,mle,202,202,5.725915301618555
dots2024_A_r6,mle,206,206,5.725915301618555
dots2024_A_r6,mle,229,229,4.278493121747727
dots2024_A_r6,mle,238,238,3.554782031812313
dots2024_A_r6,mle,242,242,5.002204211683141
dots2024_A_r6,mle,249,249,3.554782031812313
dots2024_A_r6,mle,255,255,4.278493121747727
dots2024_A_r6,mle,259,259,5.725915301618555
dots2024_A_r6,mle,263,263,5.002204211683141
dots2024_A_r6,mle,269,269,7.897048571424795
dots2024_A_r6,mle,271,271,2.831070941876899
dots2024_A_r6,mle,279,279,2.831070941876899
dots2024_A_r6,mle,282,282,6.449626391553968
dots2024_A_r6,mle,284,284,4.278493121747727
dots2024_A_r6,mle,287,287,7.897048571424795
dots2024_A_r6,mle,288,288,3.554782031812313
dots2024_A_r6,mle,290,290,4.278493121747727
dots2024_A_r6,mle,292,292,7.173337481489382
dots2024_A_r6,mle,299,299,5.725915301618555
dots2024_A_r6,sharp,0,0,
dots2024_A_r6,sharp,2,2,
dots2024_A_r6,sharp,4,4,
dots2024_A_r6,sharp,6,6,
dots2024_A_r6,sharp,12,12,
dots2024_A_r6,sharp,13,13,
dots2024_A_r6,sharp,30,30,
dots2024_A_r6,sharp,47,47,
dots2024_A_r6,sharp,48,48,
dots2024_A_r6,sharp,54,54,
dots2024_A_r6,sharp,56,56,
dots2024_A_r6,sharp,59,59,
dots2024_A_r6,sharp,69,69,
dots2024_A_r6,sharp,72,72,
dots2024_A_r6,sharp,78,78,
dots2024_A_r6,sharp,96,96,
dots2024_A_r6,sharp,97,97,
dots2024_A_r6,sharp,104,104,
dots2024_A_r6,sharp,111,111,
dots2024_A_r6,sharp,119,119,
dots2024_A_r6,sharp,124,124,
dots2024_A_r6,sharp,128,128,
dots2024_A_r6,sharp,131,131,
dots2024_A_r6,sharp,132,132,
dots2024_A_r6,sharp,133,133,
dots2024_A_r6,sharp,135,135,
dots2024_A_r6,sharp,140,140,
dots2024_A_r6,sharp,144,144,
dots2024_A_r6,sharp,145,145,
dots2024_A_r6,sharp,148,148,
dots2024_A_r6,sharp,158,158,
dots2024_A_r6,sharp,159,159,
dots2024_A_r6,sharp,164,164,
dots2024_A_r6,sharp,171,171,
dots2024_A_r6,sharp,176,176,
dots2024_A_r6,sharp,178,178,
dots2024_A_r6,sharp,181,181,
dots2024_A_r6,sharp,193,193,
dots2024_A_r6,sharp,194,194,
dots2024_A_r6,sharp,196,196,
dots2024_A_r6,sharp,199,199,
dots2024_A_r6,sharp,202,202,
dots2024_A_r6,sharp,206,206,
dots2024_A_r6,sharp,229,229,
dots2024_A_r6,sharp,238,238,
dots2024_A_r6,sharp,242,242,
dots2024_A_r6,sharp,249,249,
dots2024_A_r6,sharp,255,255,
dots2024_A_r6,sharp,259,259,
dots2024_A_r6,sharp,263,263,
dots2024_A_r6,sharp,269,269,
dots2024_A_r6,sharp,271,271,
dots2024_A_r6,sharp,279,279,
dots2024_A_r6,sharp,282,282,
dots2024_A_r6,sharp,284,284,
dots2024_A_r6,sharp,287,287,
dots2024_A_r6,sharp,288,288,
dots2024_A_r6,sharp,290,290,
dots2024_A_r6,sharp,292,292,
dots2024_A_r6,sharp,299,299,
dots2024_A_r6,efficient,0,0,
dots2024_A_r6,efficient,2,2,
dots2024_A_r6,efficient,4,4,
dots2024_A_r6,efficient,6,6,
dots2024_A_r6,efficient,12,12,
dots2024_A_r6,efficient,13,13,
dots2024_A_r6,efficient,30,30,
dots2024_A_r6,efficient,47,47,
dots2024_A_r6,efficient,48,48,
dots2024_A_r6,efficient,54,54,
dots2024_A_r6,efficient,56,56,
dots2024_A_r6,efficient,59,59,
dots2024_A_r6,efficient,69,69,
dots2024_A_r6,efficient,72,72,
dots2024_A_r6,efficient,78,78,
dots2024_A_r6,efficient,96,96,
dots2024_A_r6,efficient,97,97,
dots2024_A_r6,efficient,104,104,
dots2024_A_r6,efficient,111,111,
dots2024_A_r6,efficient,119,119,
dots2024_A_r6,efficient,124,124,
dots2024_A_r6,efficient,128,128,
dots2024_A_r6,efficient,131,131,
dots2024_A_r6,efficient,132,132,
dots2024_A_r6,efficient,133,133,
dots2024_A_r6,efficient,135,135,
dots2024_A_r6,efficient,140,140,
dots2024_A_r6,efficient,144,144,
dots2024_A_r6,efficient,145,145,
dots2024_A_r6,efficient,148,148,
dots2024_A_r6,efficient,158,158,
dots2024_A_r6,efficient,159,159,
dots2024_A_r6,efficient,164,164,
dots2024_A_r6,efficient,171,171,
dots2024_A_r6,efficient,176,176,
dots2024_A_r6,efficient,178,178,
dots2024_A_r6,efficient,181,181,
dots2024_A_r6,efficient,193,193,
dots2024_A_r6,efficient,194,194,
dots2024_A_r6,efficient,196,196,
dots2024_A_r6,efficient,199,199,
dots2024_A_r6,efficient,202,202,
dots2024_A_r6,efficient,206,206,
dots2024_A_r6,efficient,229,229,
dots2024_A_r6,efficient,238,238,
dots2024_A_r6,efficient,242,242,
dots2024_A_r6,efficient,249,249,
dots2024_A_r6,efficient,255,255,
dots2024_A_r6,efficient,259,259,
dots2024_A_r6,efficient,263,263,
dots2024_A_r6,efficient,269,269,
dots2024_A_r6,efficient,271,271,
dots2024_A_r6,efficient,279,279,
dots2024_A_r6,efficient,282,282,
dots2024_A_r6,efficient,284,284,
dots2024_A_r6,efficient,287,287,
dots2024_A_r6,efficient,288,288,
dots2024_A_r6,efficient,290,290,
dots2024_A_r6,efficient,292,292,
dots2024_A_r6,efficient,299,299,
dots2024_A_r6,borda,0,0,4.368320804677483
dots2024_A_r6,borda,2,2,5.027400515266105
dots2024_A_r6,borda,4,4,6.345559936443351
dots2024_A_r6,borda,6,6,5.027400515266105
dots2024_A_r6,borda,12,12,5.686480225854728
dots2024_A_r6,borda,13,13,3.7092410940888607
dots2024_A_r6,borda,30,30,5.686480225854728
dots2024_A_r6,borda,47,47,5.027400515266105
dots2024_A_r6,borda,48,48,7.663719357620596
dots2024_A_r6,borda,54,54,6.345559936443351
dots2024_A_r6,borda,56,56,5.027400515266105
dots2024_A_r6,borda,59,59,7.004639647031974
dots2024_A_r6,borda,69,69,10.959117910563709
dots2024_A_r6,borda,72,72,3.7092410940888607
dots2024_A_r6,borda,78,78,5.027400515266105
dots2024_A_r6,borda,96,96,4.368320804677483
dots2024_A_r6,borda,97,97,5.686480225854728
dots2024_A_r6,borda,104,104,3.7092410940888607
dots2024_A_r6,borda,111,111,10.959117910563709
dots2024_A_r6,borda,119,119,7.004639647031974
dots2024_A_r6,borda,124,124,5.686480225854728
dots2024_A_r6,borda,128,128,4.368320804677483
dots2024_A_r6,borda,131,131,9.640958489386463
dots2024_A_r6,borda,132,132,7.663719357620596
dots2024_A_r6,borda,133,133,4.368320804677483
dots2024_A_r6,borda,135,135,3.7092410940888607
dots2024_A_r6,borda,140,140,3.7092410940888607
dots2024_A_r6,borda,144,144,4.368320804677483
dots2024_A_r6,borda,145,145,5.027400515266105
dots2024_A_r6,borda,148,148,3.050161383500238
dots2024_A_r6,borda,158,158,7.663719357620596
dots2024_A_r6,borda,159,159,5.027400515266105
dots2024_A_r6,borda,164,164,3.050161383500238
dots2024_A_r6,borda,171,171,11.61819762115233
dots2024_A_r6,borda,176,176,10.300038199975086
dots2024_A_r6,borda,178,178,7.663719357620596
dots2024_A_r6,borda,181,181,4.368320804677483
dots2024_A_r6,borda,193,193,5.686480225854728
dots2024_A_r6,borda,194,194,5.686480225854728
dots2024_A_r6,borda,196,196,5.027400515266105
dots2024_A_r6,borda,199,199,10.959117910563709
dots2024_A_r6,borda,202,202,5.686480225854728
dots2024_A_r6,borda,206,206,5.027400515266105
dots2024_A_r6,borda,229,229,5.686480225854728
dots2024_A_r6,borda,238,238,4.368320804677483
dots2024_A_r6,borda,242,242,5.027400515266105
dots2024_A_r6,borda,249,249,3.7092410940888607
dots2024_A_r6,borda,255,255,4.368320804677483
dots2024_A_r6,borda,259,259,8.322799068209218
dots2024_A_r6,borda,263,263,5.027400515266105
dots2024_A_r6,borda,269,269,7.004639647031974
dots2024_A_r6,borda,271,271,3.7092410940888607
dots2024_A_r6,borda,279,279,3.050161383500238
dots2024_A_r6,borda,282,282,6.345559936443351
dots2024_A_r6,borda,284,284,5.027400515266105
dots2024_A_r6,borda,287,287,7.004639647031974
dots2024_A_r6,borda,288,288,3.050161383500238
dots2024_A_r6,borda,290,290,5.027400515266105
dots2024_A_r6,borda,292,292,7.004639647031974
dots2024_A_r6,borda,299,299,5.686480225854728
dots2024_B_r2,pl,5,5,0.2408863714361955
dots2024_B_r2,pl,7,7,0.1571483957509232
dots2024_B_r2,pl,11,11,1.255036156979339
dots2024_B_r2,pl,20,20,0.38437079615131997
dots2024_B_r2,pl,21,21,0.2203851757922486
dots2024_B_r2,pl,25,25,0.08587082571628657
dots2024_B_r2,pl,28,28,0.5588159521860976
dots2024_B_r2,pl,35,35,1.3675712902569062
dots2024_B_r2,pl,38,38,0.4343549895581851
dots2024_B_r2,pl,39,39,0.8028441452738755
dots2024_B_r2,pl,42,42,0.09834206456851002
dots2024_B_r2,pl,43,43,0.3124843991147568
dots2024_B_r2,pl,45,45,1.960172780124881
dots2024_B_r2,pl,46,46,0.3703972482084694
dots2024_B_r2,pl,52,52,0.11501060945390718
dots2024_B_r2,pl,53,53,0.8327615017135116
dots2024_B_r2,pl,62,62,0.7389865835026999
dots2024_B_r2,pl,65,65,0.6766142530669815
dots2024_B_r2,pl,70,70,0.11084569245419051
dots2024_B_r2,pl,77,77,0.41753406968004714
dots2024_B_r2,pl,84,84,1.0181755888445179
dots2024_B_r2,pl,94,94,0.05960875868025295
dots2024_B_r2,pl,98,98,2.905501910535918
dots2024_B_r2,pl,114,114,0.38639007918335677
dots2024_B_r2,pl,115,115,0.08112720582030852
dots2024_B_r2,pl,119,119,0.8189718806415496
dots2024_B_r2,pl,124,124,0.07311761525741778
dots2024_B_r2,pl,126,126,0.9425331122849498
dots2024_B_r2,pl,130,130,0.48617706297726215
dots2024_B_r2,pl,138,138,0.871596900730514
dots2024_B_r2,pl,142,142,0.44845730350241286
dots2024_B_r2,pl,144,144,0.38593357400361006
dots2024_B_r2,pl,145,145,0.3472139405970693
dots2024_B_r2,pl,150,150,0.27962032793545816
dots2024_B_r2,pl,157,157,0.8189718806415496
dots2024_B_r2,pl,160,160,0.156512551607894
dots2024_B_r2,pl,168,168,0.6493172517916717
dots2024_B_r2,pl,169,169,0.9510389473549885
dots2024_B_r2,pl,174,174,1.119186483670612
dots2024_B_r2,pl,192,192,0.9318481530472513
dots2024_B_r2,pl,203,203,0.19890111504428198
dots2024_B_r2,pl,207,207,0.711514153031588
dots2024_B_r2,pl,209,209,0.9340680090597788
dots2024_B_r2,pl,214,214,0.711514153031588
dots2024_B_r2,pl,221,221,0.9318481530472513
dots2024_B_r2,pl,226,226,0.40790881078771934
dots2024_B_r2,pl,227,227,1.1513086503568788
dots2024_B_r2,pl,228,228,0.3465164228128714
dots2024_B_r2,pl,232,232,0.46269022978223306
dots2024_B_r2,pl,233,233,0.4773261939024202
dots2024_B_r2,pl,236,236,0.6167333192025303
dots2024_B_r2,pl,251,251,1.5943506497599538
dots2024_B_r2,pl,257,257,0.6503823225151185
dots2024_B_r2,pl,269,269,0.4121505441784161
dots2024_B_r2,pl,271,271,1.8727344385758373
dots2024_B_r2,pl,277,277,0.7502981452404955
dots2024_B_r2,pl,287,287,0.1053495687691719
dots2024_B_r2,pl,295,295,1.2695856096999334
dots2024_B_r2,pl,296,296,1.9915281926950352
dots2024_B_r2,pl,298,298,1.17902627297044
dots2024_B_r2,mle,5,5,0.19574457712609536
dots2024_B_r2,mle,7,7,0.19574457712609536
dots2024_B_r2,mle,11,11,1.7272209480904837
dots2024_B_r2,mle,20,20,0.19574457712609536
dots2024_B_r2,mle,21,21,1.7272209480904837
dots2024_B_r2,mle,25,25,0.19574457712609536
dots2024_B_r2,mle,28,28,0.19574457712609536
dots2024_B_r2,mle,35,35,1.7272209480904837
dots2024_B_r2,mle,38,38,0.19574457712609536
dots2024_B_r2,mle,39,39,1.7272209480904837
dots2024_B_r2,mle,42,42,0.19574457712609536
dots2024_B_r2,mle,43,43,0.19574457712609536
dots2024_B_r2,mle,45,45,1.7272209480904837
dots2024_B_r2,mle,46,46,0.19574457712609536
dots2024_B_r2,mle,52,52,0.19574457712609536
dots2024_B_r2,mle,53,53,1.7272209480904837
dots2024_B_r2,mle,62,62,1.7272209480904837
dots2024_B_r2,mle,65,65,0.19574457712609536
dots2024_B_r2,mle,70,70,0.19574457712609536
dots2024_B_r2,mle,77,77,0.19574457712609536
dots2024_B_r2,mle,84,84,1.7272209480904837
dots2024_B_r2,mle,94,94,0.19574457712609536
dots2024_B_r2,mle,98,98,1.7272209480904837
dots2024_B_r2,mle,114,114,0.19574457712609536
dots2024_B_r2,mle,115,115,0.19574457712609536
dots2024_B_r2,mle,119,119,0.19574457712609536
dots2024_B_r2,mle,124,124,0.19574457712609536
dots2024_B_r2,mle,126,126,1.7272209480904837
dots2024_B_r2,mle,130,130,0.19574457712609536
dots2024_B_r2,mle,138,138,1.7272209480904837
dots2024_B_r2,mle,142,142,0.19574457712609536
dots2024_B_r2,mle,144,144,0.19574457712609536
dots2024_B_r2,mle,145,145,0.19574457712609536
dots2024_B_r2,mle,150,150,1.7272209480904837
dots2024_B_r2,mle,157,157,0.19574457712609536
dots2024_B_r2,mle,160,160,0.19574457712609536
dots2024_B_r2,mle,168,168,0.19574457712609536
dots2024_B_r2,mle,169,169,0.19574457712609536
dots2024_B_r2,mle,174,174,1.7272209480904837
dots2024_B_r2,mle,192,192,0.19574457712609536
dots2024_B_r2,mle,203,203,1.7272209480904837
dots2024_B_r2,mle,207,207,0.19574457712609536
dots2024_B_r2,mle,209,209,1.7272209480904837
dots2024_B_r2,mle,214,214,0.19574457712609536
dots2024_B_r2,mle,221,221,0.19574457712609536
dots2024_B_r2,mle,226,226,0.19574457712609536
dots2024_B_r2,mle,227,227,0.19574457712609536
dots2024_B_r2,mle,228,228,0.19574457712609536
dots2024_B_r2,mle,232,232,1.7272209480904837
dots2024_B_r2,mle,233,233,0.19574457712609536
dots2024_B_r2,mle,236,236,1.7272209480904837
dots2024_B_r2,mle,251,251,1.7272209480904837
dots2024_B_r2,mle,257,257,0.19574457712609536
dots2024_B_r2,mle,269,269,0.19574457712609536
dots2024_B_r2,mle,271,271,1.7272209480904837
dots2024_B_r2,mle,277,277,1.7272209480904837
dots2024_B_r2,mle,287,287,0.19574457712609536
dots2024_B_r2,mle,295,295,1.7272209480904837
dots2024_B_r2,mle,296,296,1.7272209480904837
dots2024_B_r2,mle,298,298,1.7272209480904837
dots2024_B_r2,sharp,5,5,
dots2024_B_r2,sharp,7,7,
dots2024_B_r2,sharp,11,11,
dots2024_B_r2,sharp,20,20,
dots2024_B_r2,sharp,21,21,
dots2024_B_r2,sharp,25,25,
dots2024_B_r2,sharp,28,28,
dots2024_B_r2,sharp,35,35,
dots2024_B_r2,sharp,38,38,
dots2024_B_r2,sharp,39,39,
dots2024_B_r2,sharp,42,42,
dots2024_B_r2,sharp,43,43,
dots2024_B_r2,sharp,45,45,
dots2024_B_r2,sharp,46,46,
dots2024_B_r2,sharp,52,52,
dots2024_B_r2,sharp,53,53,
dots2024_B_r2,sharp,62,62,
dots2024_B_r2,sharp,65,65,
dots2024_B_r2,sharp,70,70,
dots2024_B_r2,sharp,77,77,
dots2024_B_r2,sharp,84,84,
dots2024_B_r2,sharp,94,94,
dots2024_B_r2,sharp,98,98,
dots2024_B_r2,sharp,114,114,
dots2024_B_r2,sharp,115,115,
dots2024_B_r2,sharp,119,119,
dots2024_B_r2,sharp,124,124,
dots2024_B_r2,sharp,126,126,
dots2024_B_r2,sharp,130,130,
dots2024_B_r2,sharp,138,138,
dots2024_B_r2,sharp,142,142,
dots2024_B_r2,sharp,144,144,
dots2024_B_r2,sharp,145,145,
dots2024_B_r2,sharp,150,150,
dots2024_B_r2,sharp,157,157,
dots2024_B_r2,sharp,160,160,
dots2024_B_r2,sharp,168,168,
dots2024_B_r2,sharp,169,169,
dots2024_B_r2,sharp,174,174,
dots2024_B_r2,sharp,192,192,
dots2024_B_r2,sharp,203,203,
dots2024_B_r2,sharp,207,207,
dots2024_B_r2,sharp,209,209,
dots2024_B_r2,sharp,214,214,
dots2024_B_r2,sharp,221,221,
dots2024_B_r2,sharp,226,226,
dots2024_B_r2,sharp,227,227,
dots2024_B_r2,sharp,228,228,
dots2024_B_r2,sharp,232,232,
dots2024_B_r2,sharp,233,233,
dots2024_B_r2,sharp,236,236,
dots2024_B_r2,sharp,251,251,
dots2024_B_r2,sharp,257,257,
dots2024_B_r2,sharp,269,269,
dots2024_B_r2,sharp,271,271,
dots2024_B_r2,sharp,277,277,
dots2024_B_r2,sharp,287,287,
dots2024_B_r2,sharp,295,295,
dots2024_B_r2,sharp,296,296,
dots2024_B_r2,sharp,298,298,
dots2024_B_r2,efficient,5,5,0.3101549283038395
dots2024_B_r2,efficient,7,7,0.3101549283038395
dots2024_B_r2,efficient,11,11,1.3217558399823197
dots2024_B_r2,efficient,20,20,1.3217558399823197
dots2024_B_r2,efficient,21,21,0.3101549283038395
dots2024_B_r2,efficient,25,25,0.3101549283038395
dots2024_B_r2,efficient,28,28,0.3101549283038395
dots2024_B_r2,efficient,35,35,1.3217558399823197
dots2024_B_r2,efficient,38,38,0.3101549283038395
dots2024_B_r2,efficient,39,39,0.3101549283038395
dots2024_B_r2,efficient,42,42,0.3101549283038395
dots2024_B_r2,efficient,43,43,0.3101549283038395
dots2024_B_r2,efficient,45,45,1.3217558399823197
dots2024_B_r2,efficient,46,46,0.3101549283038395
dots2024_B_r2,efficient,52,52,0.3101549283038395
dots2024_B_r2,efficient,53,53,1.3217558399823197
dots2024_B_r2,efficient,62,62,1.3217558399823197
dots2024_B_r2,efficient,65,65,1.3217558399823197
dots2024_B_r2,efficient,70,70,0.3101549283038395
dots2024_B_r2,efficient,77,77,0.3101549283038395
dots2024_B_r2,efficient,84,84,1.3217558399823197
dots2024_B_r2,efficient,94,94,0.3101549283038395
dots2024_B_r2,efficient,98,98,1.3217558399823197
dots2024_B_r2,efficient,114,114,0.3101549283038395
dots2024_B_r2,efficient,115,115,0.3101549283038395
dots2024_B_r2,efficient,119,119,1.3217558399823197
dots2024_B_r2,efficient,124,124,0.3101549283038395
dots2024_B_r2,efficient,126,126,1.3217558399823197
dots2024_B_r2,efficient,130,130,1.3217558399823197
dots2024_B_r2,efficient,138,138,1.3217558399823197
dots2024_B_r2,efficient,142,142,1.3217558399823197
dots2024_B_r2,efficient,144,144,0.3101549283038395
dots2024_B_r2,efficient,145,145,0.3101549283038395
dots2024_B_r2,efficient,150,150,0.3101549283038395
dots2024_B_r2,efficient,157,157,1.3217558399823197
dots2024_B_r2,efficient,160,160,0.3101549283038395
dots2024_B_r2,efficient,168,168,0.3101549283038395
dots2024_B_r2,efficient,169,169,0.3101549283038395
dots2024_B_r2,efficient,174,174,1.3217558399823197
dots2024_B_r2,efficient,192,192,1.3217558399823197
dots2024_B_r2,efficient,203,203,0.3101549283038395
dots2024_B_r2,efficient,207,207,0.3101549283038395
dots2024_B_r2,efficient,209,209,1.3217558399823197
dots2024_B_r2,efficient,214,214,0.3101549283038395
dots2024_B_r2,efficient,221,221,1.3217558399823197
dots2024_B_r2,efficient,226,226,0.3101549283038395
dots2024_B_r2,efficient,227,227,1.3217558399823197
dots2024_B_r2,efficient,228,228,0.3101549283038395
dots2024_B_r2,efficient,232,232,0.3101549283038395
dots2024_B_r2,efficient,233,233,1.3217558399823197
dots2024_B_r2,efficient,236,236,1.3217558399823197
dots2024_B_r2,efficient,251,251,1.3217558399823197
dots2024_B_r2,efficient,257,257,1.3217558399823197
dots2024_B_r2,efficient,269,269,0.3101549283038395
dots2024_B_r2,efficient,271,271,1.3217558399823197
dots2024_B_r2,efficient,277,277,1.3217558399823197
dots2024_B_r2,efficient,287,287,0.3101549283038395
dots2024_B_r2,efficient,295,295,1.3217558399823197
dots2024_B_r2,efficient,296,296,1.3217558399823197
dots2024_B_r2,efficient,298,298,1.3217558399823197
dots2024_B_r2,borda,5,5,0.3101549283038395
dots2024_B_r2,borda,7,7,0.3101549283038395
dots2024_B_r2,borda,11,11,1.3217558399823197
dots2024_B_r2,borda,20,20,1.3217558399823197
dots2024_B_r2,borda,21,21,0.3101549283038395
dots2024_B_r2,borda,25,25,0.3101549283038395
dots2024_B_r2,borda,28,28,0.3101549283038395
dots2024_B_r2,borda,35,35,1.3217558399823197
dots2024_B_r2,borda,38,38,0.3101549283038395
dots2024_B_r2,borda,39,39,0.3101549283038395
dots2024_B_r2,borda,42,42,0.3101549283038395
dots2024_B_r2,borda,43,43,0.3101549283038395
dots2024_B_r2,borda,45,45,1.3217558399823197
dots2024_B_r2,borda,46,46,0.3101549283038395
dots2024_B_r2,borda,52,52,0.3101549283038395
dots2024_B_r2,borda,53,53,1.3217558399823197
dots2024_B_r2,borda,62,62,1.3217558399823197
dots2024_B_r2,borda,65,65,1.3217558399823197
dots2024_B_r2,borda,70,70,0.3101549283038395
dots2024_B_r2,borda,77,77,0.3101549283038395
dots2024_B_r2,borda,84,84,1.3217558399823197
dots2024_B_r2,borda,94,94,0.3101549283038395
dots2024_B_r2,borda,98,98,1.3217558399823197
dots2024_B_r2,borda,114,114,0.3101549283038395
dots2024_B_r2,borda,115,115,0.3101549283038395
dots2024_B_r2,borda,119,119,1.3217558399823197
dots2024_B_r2,borda,124,124,0.3101549283038395
dots2024_B_r2,borda,126,126,1.3217558399823197
dots2024_B_r2,borda,130,130,1.3217558399823197
dots2024_B_r2,borda,138,138,1.3217558399823197
dots2024_B_r2,borda,142,142,1.3217558399823197
dots2024_B_r2,borda,144,144,0.3101549283038395
dots2024_B_r2,borda,145,145,0.3101549283038395
dots2024_B_r2,borda,150,150,0.3101549283038395
dots2024_B_r2,borda,157,157,1.3217558399823197
dots2024_B_r2,borda,160,160,0.3101549283038395
dots2024_B_r2,borda,168,168,0.3101549283038395
dots2024_B_r2,borda,169,169,0.3101549283038395
dots2024_B_r2,borda,174,174,1.3217558399823197
dots2024_B_r2,borda,192,192,1.3217558399823197
dots2024_B_r2,borda,203,203,0.3101549283038395
dots2024_B_r2,borda,207,207,0.3101549283038395
dots2024_B_r2,borda,209,209,1.3217558399823197
dots2024_B_r2,borda,214,214,0.3101549283038395
dots2024_B_r2,borda,221,221,1.3217558399823197
dots2024_B_r2,borda,226,226,0.3101549283038395
dots2024_B_r2,borda,227,227,1.3217558399823197
dots2024_B_r2,borda,228,228,0.3101549283038395
dots2024_B_r2,borda,232,232,0.3101549283038395
dots2024_B_r2,borda,233,233,1.3217558399823197
dots2024_B_r2,borda,236,236,1.3217558399823197
dots2024_B_r2,borda,251,251,1.3217558399823197
dots2024_B_r2,borda,257,257,1.3217558399823197
dots2024_B_r2,borda,269,269,0.3101549283038395
dots2024_B_r2,borda,271,271,1.3217558399823197
dots2024_B_r2,borda,277,277,1.3217558399823197
dots2024_B_r2,borda,287,287,0.3101549283038395
dots2024_B_r2,borda,295,295,1.3217558399823197
dots2024_B_r2,borda,296,296,1.3217558399823197
dots2024_B_r2,borda,298,298,1.3217558399823197
dots2024_B_r3,pl,5,5,0.5801079384219687
dots2024_B_r3,pl,7,7,1.6036850252244892
dots2024_B_r3,pl,11,11,1.660307938358679
dots2024_B_r3,pl,20,20,1.77844384722536
dots2024_B_r3,pl,21,21,0.91883801812326
dots2024_B_r3,pl,25,25,1.197236888379387
dots2024_B_r3,pl,28,28,0.746437014218259
dots2024_B_r3,pl,35,35,3.425615998739799
dots2024_B_r3,pl,38,38,2.074174664651263
dots2024_B_r3,pl,39,39,0.6521567390827188
dots2024_B_r3,pl,42,42,1.3103998925672724
dots2024_B_r3,pl,43,43,0.6862696703791152
dots2024_B_r3,pl,45,45,0.6494132812707964
dots2024_B_r3,pl,46,46,1.882064946954146
dots2024_B_r3,pl,52,52,1.5174057600251336
dots2024_B_r3,pl,53,53,1.0041493558591135
dots2024_B_r3,pl,62,62,1.0541072465546146
dots2024_B_r3,pl,65,65,1.4917238917499394
dots2024_B_r3,pl,70,70,1.387742382501576
dots2024_B_r3,pl,77,77,1.4089519010016596
dots2024_B_r3,pl,84,84,2.6905388565944968
dots2024_B_r3,pl,94,94,0.649013195591994
dots2024_B_r3,pl,98,98,1.0303296039226424
dots2024_B_r3,pl,114,114,0.7142147103671102
dots2024_B_r3,pl,115,115,1.5111738249009616
dots2024_B_r3,pl,119,119,1.715775149549229
dots2024_B_r3,pl,124,124,1.756206351695475
dots2024_B_r3,pl,126,126,0.4766543895252112
dots2024_B_r3,pl,130,130,1.0834381941537998
dots2024_B_r3,pl,138,138,0.8950300951290229
dots2024_B_r3,pl,142,142,2.7092418903525153
dots2024_B_r3,pl,144,144,2.355286296225149
dots2024_B_r3,pl,145,145,1.3834131238340375
dots2024_B_r3,pl,150,150,1.3449652989429077
dots2024_B_r3,pl,157,157,0.6988292578513086
dots2024_B_r3,pl,160,160,0.9901829379983835
dots2024_B_r3,pl,168,168,1.9292317413982079
dots2024_B_r3,pl,169,169,2.371698756607699
dots2024_B_r3,pl,174,174,0.8666718110088389
dots2024_B_r3,pl,192,192,2.5372291524307373
dots2024_B_r3,pl,203,203,1.2798774282672292
dots2024_B_r3,pl,207,207,1.9457000044880362
dots2024_B_r3,pl,209,209,3.5457671767846968
dots2024_B_r3,pl,214,214,1.1892931606817418
dots2024_B_r3,pl,221,221,1.7226163429807893
dots2024_B_r3,pl,226,226,1.5562411154245468
dots2024_B_r3,pl,227,227,0.8919593311714147
dots2024_B_r3,pl,228,228,0.8691648787645425
dots2024_B_r3,pl,232,232,0.9734049566052037
dots2024_B_r3,pl,233,233,1.8329582924466363
dots2024_B_r3,pl,236,236,0.9774307656940068
dots2024_B_r3,pl,251,251,2.5643832139346086
dots2024_B_r3,pl,257,257,1.2662280912972643
dots2024_B_r3,pl,269,269,2.2304337931945506
dots2024_B_r3,pl,271,271,0.31107933324779424
dots2024_B_r3,pl,277,277,0.9943501879881906
dots2024_B_r3,pl,287,287,0.7290068967934199
dots2024_B_r3,pl,295,295,1.0214365151963152
dots2024_B_r3,pl,296,296,1.9063037225633293
dots2024_B_r3,pl,298,298,3.00975638481369
dots2024_B_r3,mle,5,5,0.696918269601843
dots2024_B_r3,mle,7,7,0.696918269601843
dots2024_B_r3,mle,11,11,1.7319867543032503
dots2024_B_r3,mle,20,20,3.8021237237060648
dots2024_B_r3,mle,21,21,0.696918269601843
dots2024_B_r3,mle,25,25,1.7319867543032503
dots2024_B_r3,mle,28,28,1.7319867543032503
dots2024_B_r3,mle,35,35,3.8021237237060648
dots2024_B_r3,mle,38,38,2.767055239004658
dots2024_B_r3,mle,39,39,0.696918269601843
dots2024_B_r3,mle,42,42,1.7319867543032503
dots2024_B_r3,mle,43,43,0.696918269601843
dots2024_B_r3,mle,45,45,0.696918269601843
dots2024_B_r3,mle,46,46,1.7319867543032503
dots2024_B_r3,mle,52,52,2.767055239004658
dots2024_B_r3,mle,53,53,0.696918269601843
dots2024_B_r3,mle,62,62,0.696918269601843
dots2024_B_r3,mle,65,65,0.696918269601843
dots2024_B_r3,mle,70,70,1.7319867543032503
dots2024_B_r3,mle,77,77,1.7319867543032503
dots2024_B_r3,mle,84,84,2.767055239004658
dots2024_B_r3,mle,94,94,1.7319867543032503
dots2024_B_r3,mle,98,98,0.696918269601843
dots2024_B_r3,mle,114,114,1.7319867543032503
dots2024_B_r3,mle,115,115,2.767055239004658
dots2024_B_r3,mle,119,119,2.767055239004658
dots2024_B_r3,mle,124,124,3.8021237237060648
dots2024_B_r3,mle,126,126,0.696918269601843
dots2024_B_r3,mle,130,130,1.7319867543032503
dots2024_B_r3,mle,138,138,0.696918269601843
dots2024_B_r3,mle,142,142,2.767055239004658
dots2024_B_r3,mle,144,144,1.7319867543032503
dots2024_B_r3,mle,145,145,2.767055239004658
dots2024_B_r3,mle,150,150,1.7319867543032503
dots2024_B_r3,mle,157,157,0.696918269601843
dots2024_B_r3,mle,160,160,1.7319867543032503
dots2024_B_r3,mle,168,168,1.7319867543032503
dots2024_B_r3,mle,169,169,3.8021237237060648
dots2024_B_r3,mle,174,174,1.7319867543032503
dots2024_B_r3,mle,192,192,1.7319867543032503
dots2024_B_r3,mle,203,203,0.696918269601843
dots2024_B_r3,mle,207,207,1.7319867543032503
dots2024_B_r3,mle,209,209,3.8021237237060648
dots2024_B_r3,mle,214,214,1.7319867543032503
dots2024_B_r3,mle,221,221,0.696918269601843
dots2024_B_r3,mle,226,226,0.696918269601843
dots2024_B_r3,mle,227,227,0.696918269601843
dots2024_B_r3,mle,228,228,1.7319867543032503
dots2024_B_r3,mle,232,232,1.7319867543032503
dots2024_B_r3,mle,233,233,1.7319867543032503
dots2024_B_r3,mle,236,236,1.7319867543032503
dots2024_B_r3,mle,251,251,2.767055239004658
dots2024_B_r3,mle,257,257,1.7319867543032503
dots2024_B_r3,mle,269,269,3.8021237237060648
dots2024_B_r3,mle,271,271,0.696918269601843
dots2024_B_r3,mle,277,277,1.7319867543032503
dots2024_B_r3,mle,287,287,0.696918269601843
dots2024_B_r3,mle,295,295,0.696918269601843
dots2024_B_r3,mle,296,296,1.7319867543032503
dots2024_B_r3,mle,298,298,2.767055239004658
dots2024_B_r3,sharp,5,5,
dots2024_B_r3,sharp,7,7,
dots2024_B_r3,sharp,11,11,
dots2024_B_r3,sharp,20,20,
dots2024_B_r3,sharp,21,21,
dots2024_B_r3,sharp,25,25,
dots2024_B_r3,sharp,28,28,
dots2024_B_r3,sharp,35,35,
dots2024_B_r3,sharp,38,38,
dots2024_B_r3,sharp,39,39,
dots2024_B_r3,sharp,42,42,
dots2024_B_r3,sharp,43,43,
dots2024_B_r3,sharp,45,45,
dots2024_B_r3,sharp,46,46,
dots2024_B_r3,sharp,52,52,
dots2024_B_r3,sharp,53,53,
dots2024_B_r3,sharp,62,62,
dots2024_B_r3,sharp,65,65,
dots2024_B_r3,sharp,70,70,
dots2024_B_r3,sharp,77,77,
dots2024_B_r3,sharp,84,84,
dots2024_B_r3,sharp,94,94,
dots2024_B_r3,sharp,98,98,
dots2024_B_r3,sharp,114,114,
dots2024_B_r3,sharp,115,115,
dots2024_B_r3,sharp,119,119,
dots2024_B_r3,sharp,124,124,
dots2024_B_r3,sharp,126,126,
dots2024_B_r3,sharp,130,130,
dots2024_B_r3,sharp,138,138,
dots2024_B_r3,sharp,142,142,
dots2024_B_r3,sharp,144,144,
dots2024_B_r3,sharp,145,145,
dots2024_B_r3,sharp,150,150,
dots2024_B_r3,sharp,157,157,
dots2024_B_r3,sharp,160,160,
dots2024_B_r3,sharp,168,168,
dots2024_B_r3,sharp,169,169,
dots2024_B_r3,sharp,174,174,
dots2024_B_r3,sharp,192,192,
dots2024_B_r3,sharp,203,203,
dots2024_B_r3,sharp,207,207,
dots2024_B_r3,sharp,209,209,
dots2024_B_r3,sharp,214,214,
dots2024_B_r3,sharp,221,221,
dots2024_B_r3,sharp,226,226,
dots2024_B_r3,sharp,227,227,
dots2024_B_r3,sharp,228,228,
dots2024_B_r3,sharp,232,232,
dots2024_B_r3,sharp,233,233,
dots2024_B_r3,sharp,236,236,
dots2024_B_r3,sharp,251,251,
dots2024_B_r3,sharp,257,257,
dots2024_B_r3,sharp,269,269,
dots2024_B_r3,sharp,271,271,
dots2024_B_r3,sharp,277,277,
dots2024_B_r3,sharp,287,287,
dots2024_B_r3,sharp,295,295,
dots2024_B_r3,sharp,296,296,
dots2024_B_r3,sharp,298,298,
dots2024_B_r3,efficient,5,5,
dots2024_B_r3,efficient,7,7,
dots2024_B_r3,efficient,11,11,
dots2024_B_r3,efficient,20,20,
dots2024_B_r3,efficient,21,21,
dots2024_B_r3,efficient,25,25,
dots2024_B_r3,efficient,28,28,
dots2024_B_r3,efficient,35,35,
dots2024_B_r3,efficient,38,38,
dots2024_B_r3,efficient,39,39,
dots2024_B_r3,efficient,42,42,
dots2024_B_r3,efficient,43,43,
dots2024_B_r3,efficient,45,45,
dots2024_B_r3,efficient,46,46,
dots2024_B_r3,efficient,52,52,
dots2024_B_r3,efficient,53,53,
dots2024_B_r3,efficient,62,62,
dots2024_B_r3,efficient,65,65,
dots2024_B_r3,efficient,70,70,
dots2024_B_r3,efficient,77,77,
dots2024_B_r3,efficient,84,84,
dots2024_B_r3,efficient,94,94,
dots2024_B_r3,efficient,98,98,
dots2024_B_r3,efficient,114,114,
dots2024_B_r3,efficient,115,115,
dots2024_B_r3,efficient,119,119,
dots2024_B_r3,efficient,124,124,
dots2024_B_r3,efficient,126,126,
dots2024_B_r3,efficient,130,130,
dots2024_B_r3,efficient,138,138,
dots2024_B_r3,efficient,142,142,
dots2024_B_r3,efficient,144,144,
dots2024_B_r3,efficient,145,145,
dots2024_B_r3,efficient,150,150,
dots2024_B_r3,efficient,157,157,
dots2024_B_r3,efficient,160,160,
dots2024_B_r3,efficient,168,168,
dots2024_B_r3,efficient,169,169,
dots2024_B_r3,efficient,174,174,
dots2024_B_r3,efficient,192,192,
dots2024_B_r3,efficient,203,203,
dots2024_B_r3,efficient,207,207,
dots2024_B_r3,efficient,209,209,
dots2024_B_r3,efficient,214,214,
dots2024_B_r3,efficient,221,221,
dots2024_B_r3,efficient,226,226,
dots2024_B_r3,efficient,227,227,
dots2024_B_r3,efficient,228,228,
dots2024_B_r3,efficient,232,232,
dots2024_B_r3,efficient,233,233,
dots2024_B_r3,efficient,236,236,
dots2024_B_r3,efficient,251,251,
dots2024_B_r3,efficient,257,257,
dots2024_B_r3,efficient,269,269,
dots2024_B_r3,efficient,271,271,
dots2024_B_r3,efficient,277,277,
dots2024_B_r3,efficient,287,287,
dots2024_B_r3,efficient,295,295,
dots2024_B_r3,efficient,296,296,
dots2024_B_r3,efficient,298,298,
dots2024_B_r3,borda,5,5,0.9262176597906973
dots2024_B_r3,borda,7,7,1.6631087401719968
dots2024_B_r3,borda,11,11,1.6631087401719968
dots2024_B_r3,borda,20,20,1.6631087401719968
dots2024_B_r3,borda,21,21,0.9262176597906973
dots2024_B_r3,borda,25,25,1.6631087401719968
dots2024_B_r3,borda,28,28,0.9262176597906973
dots2024_B_r3,borda,35,35,3.1368909009345964
dots2024_B_r3,borda,38,38,2.3999998205532966
dots2024_B_r3,borda,39,39,0.9262176597906973
dots2024_B_r3,borda,42,42,1.6631087401719968
dots2024_B_r3,borda,43,43,0.9262176597906973
dots2024_B_r3,borda,45,45,0.9262176597906973
dots2024_B_r3,borda,46,46,1.6631087401719968
dots2024_B_r3,borda,52,52,0.9262176597906973
dots2024_B_r3,borda,53,53,0.9262176597906973
dots2024_B_r3,borda,62,62,0.9262176597906973
dots2024_B_r3,borda,65,65,1.6631087401719968
dots2024_B_r3,borda,70,70,1.6631087401719968
dots2024_B_r3,borda,77,77,1.6631087401719968
dots2024_B_r3,borda,84,84,2.3999998205532966
dots2024_B_r3,borda,94,94,0.9262176597906973
dots2024_B_r3,borda,98,98,0.9262176597906973
dots2024_B_r3,borda,114,114,0.9262176597906973
dots2024_B_r3,borda,115,115,1.6631087401719968
dots2024_B_r3,borda,119,119,1.6631087401719968
dots2024_B_r3,borda,124,124,3.1368909009345964
dots2024_B_r3,borda,126,126,0.9262176597906973
dots2024_B_r3,borda,130,130,0.9262176597906973
dots2024_B_r3,borda,138,138,0.9262176597906973
dots2024_B_r3,borda,142,142,2.3999998205532966
dots2024_B_r3,borda,144,144,2.3999998205532966
dots2024_B_r3,borda,145,145,1.6631087401719968
dots2024_B_r3,borda,150,150,1.6631087401719968
dots2024_B_r3,borda,157,157,0.9262176597906973
dots2024_B_r3,borda,160,160,0.9262176597906973
dots2024_B_r3,borda,168,168,1.6631087401719968
dots2024_B_r3,borda,169,169,3.1368909009345964
dots2024_B_r3,borda,174,174,0.9262176597906973
dots2024_B_r3,borda,192,192,1.6631087401719968
dots2024_B_r3,borda,203,203,0.9262176597906973
dots2024_B_r3,borda,207,207,1.6631087401719968
dots2024_B_r3,borda,209,209,2.3999998205532966
dots2024_B_r3,borda,214,214,1.6631087401719968
dots2024_B_r3,borda,221,221,1.6631087401719968
dots2024_B_r3,borda,226,226,1.6631087401719968
dots2024_B_r3,borda,227,227,0.9262176597906973
dots2024_B_r3,borda,228,228,0.9262176597906973
dots2024_B_r3,borda,232,232,0.9262176597906973
dots2024_B_r3,borda,233,233,1.6631087401719968
dots2024_B_r3,borda,236,236,1.6631087401719968
dots2024_B_r3,borda,251,251,3.1368909009345964
dots2024_B_r3,borda,257,257,1.6631087401719968
dots2024_B_r3,borda,269,269,2.3999998205532966
dots2024_B_r3,borda,271,271,0.9262176597906973
dots2024_B_r3,borda,277,277,0.9262176597906973
dots2024_B_r3,borda,287,287,0.9262176597906973
dots2024_B_r3,borda,295,295,0.9262176597906973
dots2024_B_r3,borda,296,296,0.9262176597906973
dots2024_B_r3,borda,298,298,2.3999998205532966
dots2024_B_r5,pl,5,5,4.074852125034884
dots2024_B_r5,pl,7,7,2.824288860289713
dots2024_B_r5,pl,11,11,3.6776220591315987
dots2024_B_r5,pl,20,20,4.750260495614823
dots2024_B_r5,pl,21,21,3.908219594565189
dots2024_B_r5,pl,25,25,3.8603737065188897
dots2024_B_r5,pl,28,28,3.79438831286137
dots2024_B_r5,pl,35,35,6.352558559484191
dots2024_B_r5,pl,38,38,4.3831224889923535
dots2024_B_r5,pl,39,39,4.354293470325449
dots2024_B_r5,pl,42,42,3.4900295717373524
dots2024_B_r5,pl,43,43,3.3746964054677773
dots2024_B_r5,pl,45,45,4.913591050365278
dots2024_B_r5,pl,46,46,3.8516851124224
dots2024_B_r5,pl,52,52,3.0415428688579307
dots2024_B_r5,pl,53,53,6.070708514981545
dots2024_B_r5,pl,62,62,4.463866416866077
dots2024_B_r5,pl,65,65,3.9393836581922663
dots2024_B_r5,pl,70,70,3.925506753476796
dots2024_B_r5,pl,77,77,3.357533026682415
dots2024_B_r5,pl,84,84,5.5533347125076045
dots2024_B_r5,pl,94,94,2.7956131494944665
dots2024_B_r5,pl,98,98,3.779885621869198
dots2024_B_r5,pl,114,114,4.289270362418485
dots2024_B_r5,pl,115,115,2.774483651739212
dots2024_B_r5,pl,119,119,4.633433403585494
dots2024_B_r5,pl,124,124,4.18375674861256
dots2024_B_r5,pl,126,126,9.290584928829631
dots2024_B_r5,pl,130,130,6.139297067928302
dots2024_B_r5,pl,138,138,3.2284190950907874
dots2024_B_r5,pl,142,142,4.731224961740653
dots2024_B_r5,pl,144,144,6.277946322442071
dots2024_B_r5,pl,145,145,7.179626857372805
dots2024_B_r5,pl,150,150,4.427341736899397
dots2024_B_r5,pl,157,157,4.1933574463277346
dots2024_B_r5,pl,160,160,3.2724811975413584
dots2024_B_r5,pl,168,168,4.579802181906654
dots2024_B_r5,pl,169,169,3.810733127337798
dots2024_B_r5,pl,174,174,3.6099290992429176
dots2024_B_r5,pl,192,192,4.608516924747064
dots2024_B_r5,pl,203,203,2.92258957552695
dots2024_B_r5,pl,207,207,3.1624907801449966
dots2024_B_r5,pl,209,209,7.777045371346237
dots2024_B_r5,pl,214,214,3.469426002387701
dots2024_B_r5,pl,221,221,5.751945061695164
dots2024_B_r5,pl,226,226,3.0007089564415232
dots2024_B_r5,pl,227,227,3.4521147110848367
dots2024_B_r5,pl,228,228,4.879916069079233
dots2024_B_r5,pl,232,232,4.115651534107096
dots2024_B_r5,pl,233,233,3.7277955353274415
dots2024_B_r5,pl,236,236,4.061179629393226
dots2024_B_r5,pl,251,251,5.956087021939554
dots2024_B_r5,pl,257,257,3.5588347536806086
dots2024_B_r5,pl,269,269,7.101394590539589
dots2024_B_r5,pl,271,271,4.2071290550673535
dots2024_B_r5,pl,277,277,2.857664176457912
dots2024_B_r5,pl,287,287,6.827972963775601
dots2024_B_r5,pl,295,295,3.336352031584658
dots2024_B_r5,pl,296,296,3.2341990077552962
dots2024_B_r5,pl,298,298,5.572992969481981
dots2024_B_r5,mle,5,5,4.301039088914651
dots2024_B_r5,mle,7,7,2.469746302358293
dots2024_B_r5,mle,11,11,3.690608160062532
dots2024_B_r5,mle,20,20,5.52190094661889
dots2024_B_r5,mle,21,21,4.301039088914651
dots2024_B_r5,mle,25,25,4.911470017766771
dots2024_B_r5,mle,28,28,3.690608160062532
dots2024_B_r5,mle,35,35,7.963624662027368
dots2024_B_r5,mle,38,38,4.301039088914651
dots2024_B_r5,mle,39,39,3.690608160062532
dots2024_B_r5,mle,42,42,4.301039088914651
dots2024_B_r5,mle,43,43,3.690608160062532
dots2024_B_r5,mle,45,45,5.52190094661889
dots2024_B_r5,mle,46,46,3.690608160062532
dots2024_B_r5,mle,52,52,3.0801772312104125
dots2024_B_r5,mle,53,53,4.911470017766771
dots2024_B_r5,mle,62,62,4.911470017766771
dots2024_B_r5,mle,65,65,5.52190094661889
dots2024_B_r5,mle,70,70,3.0801772312104125
dots2024_B_r5,mle,77,77,2.469746302358293
dots2024_B_r5,mle,84,84,6.13233187547101
dots2024_B_r5,mle,94,94,2.469746302358293
dots2024_B_r5,mle,98,98,4.301039088914651
dots2024_B_r5,mle,114,114,3.690608160062532
dots2024_B_r5,mle,115,115,3.0801772312104125
dots2024_B_r5,mle,119,119,3.690608160062532
dots2024_B_r5,mle,124,124,4.301039088914651
dots2024_B_r5,mle,126,126,7.963624662027368
dots2024_B_r5,mle,130,130,6.742762804323129
dots2024_B_r5,mle,138,138,3.0801772312104125
dots2024_B_r5,mle,142,142,5.52190094661889
dots2024_B_r5,mle,144,144,7.963624662027368
dots2024_B_r5,mle,145,145,7.963624662027368
dots2024_B_r5,mle,150,150,4.301039088914651
dots2024_B_r5,mle,157,157,3.690608160062532
dots2024_B_r5,mle,160,160,2.469746302358293
dots2024_B_r5,mle,168,168,4.301039088914651
dots2024_B_r5,mle,169,169,4.911470017766771
dots2024_B_r5,mle,174,174,4.301039088914651
dots2024_B_r5,mle,192,192,4.301039088914651
dots2024_B_r5,mle,203,203,3.690608160062532
dots2024_B_r5,mle,207,207,3.0801772312104125
dots2024_B_r5,mle,209,209,6.13233187547101
dots2024_B_r5,mle,214,214,3.0801772312104125
dots2024_B_r5,mle,221,221,7.353193733175249
dots2024_B_r5,mle,226,226,3.690608160062532
dots2024_B_r5,mle,227,227,2.469746302358293
dots2024_B_r5,mle,228,228,4.911470017766771
dots2024_B_r5,mle,232,232,4.301039088914651
dots2024_B_r5,mle,233,233,4.301039088914651
dots2024_B_r5,mle,236,236,3.0801772312104125
dots2024_B_r5,mle,251,251,6.13233187547101
dots2024_B_r5,mle,257,257,3.690608160062532
dots2024_B_r5,mle,269,269,7.353193733175249
dots2024_B_r5,mle,271,271,4.301039088914651
dots2024_B_r5,mle,277,277,3.0801772312104125
dots2024_B_r5,mle,287,287,7.963624662027368
dots2024_B_r5,mle,295,295,3.0801772312104125
dots2024_B_r5,mle,296,296,3.690608160062532
dots2024_B_r5,mle,298,298,7.353193733175249
dots2024_B_r5,sharp,5,5,
dots2024_B_r5,sharp,7,7,
dots2024_B_r5,sharp,11,11,
dots2024_B_r5,sharp,20,20,
dots2024_B_r5,sharp,21,21,
dots2024_B_r5,sharp,25,25,
dots2024_B_r5,sharp,28,28,
dots2024_B_r5,sharp,35,35,
dots2024_B_r5,sharp,38,38,
dots2024_B_r5,sharp,39,39,
dots2024_B_r5,sharp,42,42,
dots2024_B_r5,sharp,43,43,
dots2024_B_r5,sharp,45,45,
dots2024_B_r5,sharp,46,46,
dots2024_B_r5,sharp,52,52,
dots2024_B_r5,sharp,53,53,
dots2024_B_r5,sharp,62,62,
dots2024_B_r5,sharp,65,65,
dots2024_B_r5,sharp,70,70,
dots2024_B_r5,sharp,77,77,
dots2024_B_r5,sharp,84,84,
dots2024_B_r5,sharp,94,94,
dots2024_B_r5,sharp,98,98,
dots2024_B_r5,sharp,114,114,
dots2024_B_r5,sharp,115,115,
dots2024_B_r5,sharp,119,119,
dots2024_B_r5,sharp,124,124,
dots2024_B_r5,sharp,126,126,
dots2024_B_r5,sharp,130,130,
dots2024_B_r5,sharp,138,138,
dots2024_B_r5,sharp,142,142,
dots2024_B_r5,sharp,144,144,
dots2024_B_r5,sharp,145,145,
dots2024_B_r5,sharp,150,150,
dots2024_B_r5,sharp,157,157,
dots2024_B_r5,sharp,160,160,
dots2024_B_r5,sharp,168,168,
dots2024_B_r5,sharp,169,169,
dots2024_B_r5,sharp,174,174,
dots2024_B_r5,sharp,192,192,
dots2024_B_r5,sharp,203,203,
dots2024_B_r5,sharp,207,207,
dots2024_B_r5,sharp,209,209,
dots2024_B_r5,sharp,214,214,
dots2024_B_r5,sharp,221,221,
dots2024_B_r5,sharp,226,226,
dots2024_B_r5,sharp,227,227,
dots2024_B_r5,sharp,228,228,
dots2024_B_r5,sharp,232,232,
dots2024_B_r5,sharp,233,233,
dots2024_B_r5,sharp,236,236,
dots2024_B_r5,sharp,251,251,
dots2024_B_r5,sharp,257,257,
dots2024_B_r5,sharp,269,269,
dots2024_B_r5,sharp,271,271,
dots2024_B_r5,sharp,277,277,
dots2024_B_r5,sharp,287,287,
dots2024_B_r5,sharp,295,295,
dots2024_B_r5,sharp,296,296,
dots2024_B_r5,sharp,298,298,
dots2024_B_r5,efficient,5,5,
dots2024_B_r5,efficient,7,7,
dots2024_B_r5,efficient,11,11,
dots2024_B_r5,efficient,20,20,
dots2024_B_r5,efficient,21,21,
dots2024_B_r5,efficient,25,25,
dots2024_B_r5,efficient,28,28,
dots2024_B_r5,efficient,35,35,
dots2024_B_r5,efficient,38,38,
dots2024_B_r5,efficient,39,39,
dots2024_B_r5,efficient,42,42,
dots2024_B_r5,efficient,43,43,
dots2024_B_r5,efficient,45,45,
dots2024_B_r5,efficient,46,46,
dots2024_B_r5,efficient,52,52,
dots2024_B_r5,efficient,53,53,
dots2024_B_r5,efficient,62,62,
dots2024_B_r5,efficient,65,65,
dots2024_B_r5,efficient,70,70,
dots2024_B_r5,efficient,77,77,
dots2024_B_r5,efficient,84,84,
dots2024_B_r5,efficient,94,94,
dots2024_B_r5,efficient,98,98,
dots2024_B_r5,efficient,114,114,
dots2024_B_r5,efficient,115,115,
dots2024_B_r5,efficient,119,119,
dots2024_B_r5,efficient,124,124,
dots2024_B_r5,efficient,126,126,
dots2024_B_r5,efficient,130,130,
dots2024_B_r5,efficient,138,138,
dots2024_B_r5,efficient,142,142,
dots2024_B_r5,efficient,144,144,
dots2024_B_r5,efficient,145,145,
dots2024_B_r5,efficient,150,150,
dots2024_B_r5,efficient,157,157,
dots2024_B_r5,efficient,160,160,
dots2024_B_r5,efficient,168,168,
dots2024_B_r5,efficient,169,169,
dots2024_B_r5,efficient,174,174,
dots2024_B_r5,efficient,192,192,
dots2024_B_r5,efficient,203,203,
dots2024_B_r5,efficient,207,207,
dots2024_B_r5,efficient,209,209,
dots2024_B_r5,efficient,214,214,
dots2024_B_r5,efficient,221,221,
dots2024_B_r5,efficient,226,226,
dots2024_B_r5,efficient,227,227,
dots2024_B_r5,efficient,228,228,
dots2024_B_r5,efficient,232,232,
dots2024_B_r5,efficient,233,233,
dots2024_B_r5,efficient,236,236,
dots2024_B_r5,efficient,251,251,
dots2024_B_r5,efficient,257,257,
dots2024_B_r5,efficient,269,269,
dots2024_B_r5,efficient,271,271,
dots2024_B_r5,efficient,277,277,
dots2024_B_r5,efficient,287,287,
dots2024_B_r5,efficient,295,295,
dots2024_B_r5,efficient,296,296,
dots2024_B_r5,efficient,298,298,
dots2024_B_r5,borda,5,5,4.288338033891648
dots2024_B_r5,borda,7,7,3.7560415608295052
dots2024_B_r5,borda,11,11,4.288338033891648
dots2024_B_r5,borda,20,20,4.820634506953791
dots2024_B_r5,borda,21,21,4.288338033891648
dots2024_B_r5,borda,25,25,4.820634506953791
dots2024_B_r5,borda,28,28,3.7560415608295052
dots2024_B_r5,borda,35,35,8.014413345326652
dots2024_B_r5,borda,38,38,4.288338033891648
dots2024_B_r5,borda,39,39,3.7560415608295052
dots2024_B_r5,borda,42,42,3.7560415608295052
dots2024_B_r5,borda,43,43,3.7560415608295052
dots2024_B_r5,borda,45,45,5.352930980015935
dots2024_B_r5,borda,46,46,4.288338033891648
dots2024_B_r5,borda,52,52,3.7560415608295052
dots2024_B_r5,borda,53,53,4.820634506953791
dots2024_B_r5,borda,62,62,4.820634506953791
dots2024_B_r5,borda,65,65,5.885227453078078
dots2024_B_r5,borda,70,70,3.223745087767362
dots2024_B_r5,borda,77,77,2.6914486147052186
dots2024_B_r5,borda,84,84,5.352930980015935
dots2024_B_r5,borda,94,94,4.288338033891648
dots2024_B_r5,borda,98,98,3.7560415608295052
dots2024_B_r5,borda,114,114,3.7560415608295052
dots2024_B_r5,borda,115,115,2.6914486147052186
dots2024_B_r5,borda,119,119,3.223745087767362
dots2024_B_r5,borda,124,124,4.288338033891648
dots2024_B_r5,borda,126,126,7.482116872264507
dots2024_B_r5,borda,130,130,5.885227453078078
dots2024_B_r5,borda,138,138,3.223745087767362
dots2024_B_r5,borda,142,142,5.352930980015935
dots2024_B_r5,borda,144,144,7.482116872264507
dots2024_B_r5,borda,145,145,7.482116872264507
dots2024_B_r5,borda,150,150,4.288338033891648
dots2024_B_r5,borda,157,157,4.288338033891648
dots2024_B_r5,borda,160,160,3.223745087767362
dots2024_B_r5,borda,168,168,4.288338033891648
dots2024_B_r5,borda,169,169,5.352930980015935
dots2024_B_r5,borda,174,174,4.288338033891648
dots2024_B_r5,borda,192,192,4.820634506953791
dots2024_B_r5,borda,203,203,3.7560415608295052
dots2024_B_r5,borda,207,207,3.223745087767362
dots2024_B_r5,borda,209,209,7.482116872264507
dots2024_B_r5,borda,214,214,3.7560415608295052
dots2024_B_r5,borda,221,221,6.4175239261402215
dots2024_B_r5,borda,226,226,3.223745087767362
dots2024_B_r5,borda,227,227,3.7560415608295052
dots2024_B_r5,borda,228,228,5.352930980015935
dots2024_B_r5,borda,232,232,4.288338033891648
dots2024_B_r5,borda,233,233,4.288338033891648
dots2024_B_r5,borda,236,236,3.223745087767362
dots2024_B_r5,borda,251,251,6.4175239261402215
dots2024_B_r5,borda,257,257,3.223745087767362
dots2024_B_r5,borda,269,269,6.4175239261402215
dots2024_B_r5,borda,271,271,3.7560415608295052
dots2024_B_r5,borda,277,277,2.6914486147052186
dots2024_B_r5,borda,287,287,6.949820399202364
dots2024_B_r5,borda,295,295,3.223745087767362
dots2024_B_r5,borda,296,296,3.223745087767362
dots2024_B_r5,borda,298,298,6.4175239261402215
dots2024_B_r6,pl,5,5,7.693375709290814
dots2024_B_r6,pl,7,7,5.8380971942128514
dots2024_B_r6,pl,11,11,4.834928758526801
dots2024_B_r6,pl,20,20,3.814173432514085
dots2024_B_r6,pl,21,21,5.515338160491529
dots2024_B_r6,pl,25,25,4.611264690647694
dots2024_B_r6,pl,28,28,4.145437278360248
dots2024_B_r6,pl,35,35,9.62706649007585
dots2024_B_r6,pl,38,38,4.865480069359019
dots2024_B_r6,pl,39,39,4.966769049482671
dots2024_B_r6,pl,42,42,6.792720952768567
dots2024_B_r6,pl,43,43,6.2716433770797
dots2024_B_r6,pl,45,45,6.206475509835875
dots2024_B_r6,pl,46,46,6.873855037051934
dots2024_B_r6,pl,52,52,5.190610239025615
dots2024_B_r6,pl,53,53,4.478541667568088
dots2024_B_r6,pl,62,62,7.6834976143464395
dots2024_B_r6,pl,65,65,7.087801721144796
dots2024_B_r6,pl,70,70,4.790939963818076
dots2024_B_r6,pl,77,77,5.259203714340993
dots2024_B_r6,pl,84,84,4.897834672005656
dots2024_B_r6,pl,94,94,6.887103079899279
dots2024_B_r6,pl,98,98,4.451101821854018
dots2024_B_r6,pl,114,114,5.052703653432604
dots2024_B_r6,pl,115,115,11.269855325561746
dots2024_B_r6,pl,119,119,6.162516833700696
dots2024_B_r6,pl,124,124,4.865722674111161
dots2024_B_r6,pl,126,126,5.73241589245106
dots2024_B_r6,pl,130,130,5.962557669252501
dots2024_B_r6,pl,138,138,4.8735650180030206
dots2024_B_r6,pl,142,142,7.257975632590014
dots2024_B_r6,pl,144,144,9.246454615242271
dots2024_B_r6,pl,145,145,7.521763958717519
dots2024_B_r6,pl,150,150,5.119240293430101
dots2024_B_r6,pl,157,157,4.325293027849662
dots2024_B_r6,pl,160,160,4.683978649022021
dots2024_B_r6,pl,168,168,9.815857751841811
dots2024_B_r6,pl,169,169,6.968853927850934
dots2024_B_r6,pl,174,174,4.299628502143045
dots2024_B_r6,pl,192,192,6.365726798038583
dots2024_B_r6,pl,203,203,4.065030094384047
dots2024_B_r6,pl,207,207,7.656919437026414
dots2024_B_r6,pl,209,209,7.332808332906911
dots2024_B_r6,pl,214,214,4.981480594596614
dots2024_B_r6,pl,221,221,6.060845434427533
dots2024_B_r6,pl,226,226,4.3919783347714025
dots2024_B_r6,pl,227,227,5.790376824840788
dots2024_B_r6,pl,228,228,4.485087597220316
dots2024_B_r6,pl,232,232,4.730044908592689
dots2024_B_r6,pl,233,233,3.9159358840469802
dots2024_B_r6,pl,236,236,10.82323034240772
dots2024_B_r6,pl,251,251,7.084883037671348
dots2024_B_r6,pl,257,257,4.41557468058766
dots2024_B_r6,pl,269,269,6.159523410748102
dots2024_B_r6,pl,271,271,5.100078875910472
dots2024_B_r6,pl,277,277,6.307461031320229
dots2024_B_r6,pl,287,287,8.503381178943252
dots2024_B_r6,pl,295,295,4.835839475357264
dots2024_B_r6,pl,296,296,5.4688341916241825
dots2024_B_r6,pl,298,298,8.785825142316991
dots2024_B_r6,mle,5,5,7.150616879077888
dots2024_B_r6,mle,7,7,6.165398321126406
dots2024_B_r6,mle,11,11,4.687570484199183
dots2024_B_r6,mle,20,20,4.194961205223442
dots2024_B_r6,mle,21,21,5.672789042150665
dots2024_B_r6,mle,25,25,3.702351926247701
dots2024_B_r6,mle,28,28,4.687570484199183
dots2024_B_r6,mle,35,35,7.150616879077888
dots2024_B_r6,mle,38,38,5.180179763174924
dots2024_B_r6,mle,39,39,4.194961205223442
dots2024_B_r6,mle,42,42,6.165398321126406
dots2024_B_r6,mle,43,43,5.672789042150665
dots2024_B_r6,mle,45,45,6.165398321126406
dots2024_B_r6,mle,46,46,7.150616879077888
dots2024_B_r6,mle,52,52,3.702351926247701
dots2024_B_r6,mle,53,53,4.687570484199183
dots2024_B_r6,mle,62,62,7.150616879077888
dots2024_B_r6,mle,65,65,8.135835437029371
dots2024_B_r6,mle,70,70,5.180179763174924
dots2024_B_r6,mle,77,77,5.180179763174924
dots2024_B_r6,mle,84,84,5.180179763174924
dots2024_B_r6,mle,94,94,5.180179763174924
dots2024_B_r6,mle,98,98,4.687570484199183
dots2024_B_r6,mle,114,114,6.658007600102147
dots2024_B_r6,mle,115,115,10.598881831908075
dots2024_B_r6,mle,119,119,7.150616879077888
dots2024_B_r6,mle,124,124,4.687570484199183
dots2024_B_r6,mle,126,126,5.672789042150665
dots2024_B_r6,mle,130,130,6.658007600102147
dots2024_B_r6,mle,138,138,4.687570484199183
dots2024_B_r6,mle,142,142,7.150616879077888
dots2024_B_r6,mle,144,144,8.135835437029371
dots2024_B_r6,mle,145,145,7.150616879077888
dots2024_B_r6,mle,150,150,4.687570484199183
dots2024_B_r6,mle,157,157,3.702351926247701
dots2024_B_r6,mle,160,160,3.702351926247701
dots2024_B_r6,mle,168,168,8.135835437029371
dots2024_B_r6,mle,169,169,7.150616879077888
dots2024_B_r6,mle,174,174,3.702351926247701
dots2024_B_r6,mle,192,192,5.180179763174924
dots2024_B_r6,mle,203,203,4.194961205223442
dots2024_B_r6,mle,207,207,9.121053994980851
dots2024_B_r6,mle,209,209,9.121053994980851
dots2024_B_r6,mle,214,214,4.194961205223442
dots2024_B_r6,mle,221,221,7.150616879077888
dots2024_B_r6,mle,226,226,4.687570484199183
dots2024_B_r6,mle,227,227,7.150616879077888
dots2024_B_r6,mle,228,228,4.194961205223442
dots2024_B_r6,mle,232,232,4.687570484199183
dots2024_B_r6,mle,233,233,3.702351926247701
dots2024_B_r6,mle,236,236,8.135835437029371
dots2024_B_r6,mle,251,251,7.150616879077888
dots2024_B_r6,mle,257,257,5.180179763174924
dots2024_B_r6,mle,269,269,6.658007600102147
dots2024_B_r6,mle,271,271,4.687570484199183
dots2024_B_r6,mle,277,277,6.165398321126406
dots2024_B_r6,mle,287,287,9.121053994980851
dots2024_B_r6,mle,295,295,4.687570484199183
dots2024_B_r6,mle,296,296,4.687570484199183
dots2024_B_r6,mle,298,298,9.121053994980851
dots2024_B_r6,sharp,5,5,
dots2024_B_r6,sharp,7,7,
dots2024_B_r6,sharp,11,11,
dots2024_B_r6,sharp,20,20,
dots2024_B_r6,sharp,21,21,
dots2024_B_r6,sharp,25,25,
dots2024_B_r6,sharp,28,28,
dots2024_B_r6,sharp,35,35,
dots2024_B_r6,sharp,38,38,
dots2024_B_r6,sharp,39,39,
dots2024_B_r6,sharp,42,42,
dots2024_B_r6,sharp,43,43,
dots2024_B_r6,sharp,45,45,
dots2024_B_r6,sharp,46,46,
dots2024_B_r6,sharp,52,52,
dots2024_B_r6,sharp,53,53,
dots2024_B_r6,sharp,62,62,
dots2024_B_r6,sharp,65,65,
dots2024_B_r6,sharp,70,70,
dots2024_B_r6,sharp,77,77,
dots2024_B_r6,sharp,84,84,
dots2024_B_r6,sharp,94,94,
dots2024_B_r6,sharp,98,98,
dots2024_B_r6,sharp,114,114,
dots2024_B_r6,sharp,115,115,
dots2024_B_r6,sharp,119,119,
dots2024_B_r6,sharp,124,124,
dots2024_B_r6,sharp,126,126,
dots2024_B_r6,sharp,130,130,
dots2024_B_r6,sharp,138,138,
dots2024_B_r6,sharp,142,142,
dots2024_B_r6,sharp,144,144,
dots2024_B_r6,sharp,145,145,
dots2024_B_r6,sharp,150,150,
dots2024_B_r6,sharp,157,157,
dots2024_B_r6,sharp,160,160,
dots2024_B_r6,sharp,168,168,
dots2024_B_r6,sharp,169,169,
dots2024_B_r6,sharp,174,174,
dots2024_B_r6,sharp,192,192,
dots2024_B_r6,sharp,203,203,
dots2024_B_r6,sharp,207,207,
dots2024_B_r6,sharp,209,209,
dots2024_B_r6,sharp,214,214,
dots2024_B_r6,sharp,221,221,
dots2024_B_r6,sharp,226,226,
dots2024_B_r6,sharp,227,227,
dots2024_B_r6,sharp,228,228,
dots2024_B_r6,sharp,232,232,
dots2024_B_r6,sharp,233,233,
dots2024_B_r6,sharp,236,236,
dots2024_B_r6,sharp,251,251,
dots2024_B_r6,sharp,257,257,
dots2024_B_r6,sharp,269,269,
dots2024_B_r6,sharp,271,271,
dots2024_B_r6,sharp,277,277,
dots2024_B_r6,sharp,287,287,
dots2024_B_r6,sharp,295,295,
dots2024_B_r6,sharp,296,296,
dots2024_B_r6,sharp,298,298,
dots2024_B_r6,efficient,5,5,
dots2024_B_r6,efficient,7,7,
dots2024_B_r6,efficient,11,11,
dots2024_B_r6,efficient,20,20,
dots2024_B_r6,efficient,21,21,
dots2024_B_r6,efficient,25,25,
dots2024_B_r6,efficient,28,28,
dots2024_B_r6,efficient,35,35,
dots2024_B_r6,efficient,38,38,
dots2024_B_r6,efficient,39,39,
dots2024_B_r6,efficient,42,42,
dots2024_B_r6,efficient,43,43,
dots2024_B_r6,efficient,45,45,
dots2024_B_r6,efficient,46,46,
dots2024_B_r6,efficient,52,52,
dots2024_B_r6,efficient,53,53,
dots2024_B_r6,efficient,62,62,
dots2024_B_r6,efficient,65,65,
dots2024_B_r6,efficient,70,70,
dots2024_B_r6,efficient,77,77,
dots2024_B_r6,efficient,84,84,
dots2024_B_r6,efficient,94,94,
dots2024_B_r6,efficient,98,98,
dots2024_B_r6,efficient,114,114,
dots2024_B_r6,efficient,115,115,
dots2024_B_r6,efficient,119,119,
dots2024_B_r6,efficient,124,124,
dots2024_B_r6,efficient,126,126,
dots2024_B_r6,efficient,130,130,
dots2024_B_r6,efficient,138,138,
dots2024_B_r6,efficient,142,142,
dots2024_B_r6,efficient,144,144,
dots2024_B_r6,efficient,145,145,
dots2024_B_r6,efficient,150,150,
dots2024_B_r6,efficient,157,157,
dots2024_B_r6,efficient,160,160,
dots2024_B_r6,efficient,168,168,
dots2024_B_r6,efficient,169,169,
dots2024_B_r6,efficient,174,174,
dots2024_B_r6,efficient,192,192,
dots2024_B_r6,efficient,203,203,
dots2024_B_r6,efficient,207,207,
dots2024_B_r6,efficient,209,209,
dots2024_B_r6,efficient,214,214,
dots2024_B_r6,efficient,221,221,
dots2024_B_r6,efficient,226,226,
dots2024_B_r6,efficient,227,227,
dots2024_B_r6,efficient,228,228,
dots2024_B_r6,efficient,232,232,
dots2024_B_r6,efficient,233,233,
dots2024_B_r6,efficient,236,236,
dots2024_B_r6,efficient,251,251,
dots2024_B_r6,efficient,257,257,
dots2024_B_r6,efficient,269,269,
dots2024_B_r6,efficient,271,271,
dots2024_B_r6,efficient,277,277,
dots2024_B_r6,efficient,287,287,
dots2024_B_r6,efficient,295,295,
dots2024_B_r6,efficient,296,296,
dots2024_B_r6,efficient,298,298,
dots2024_B_r6,borda,5,5,8.819888999538417
dots2024_B_r6,borda,7,7,6.586997874366503
dots2024_B_r6,borda,11,11,4.354106749194589
dots2024_B_r6,borda,20,20,4.800684974228972
dots2024_B_r6,borda,21,21,5.2472631992633545
dots2024_B_r6,borda,25,25,4.800684974228972
dots2024_B_r6,borda,28,28,4.800684974228972
dots2024_B_r6,borda,35,35,7.033576099400886
dots2024_B_r6,borda,38,38,5.2472631992633545
dots2024_B_r6,borda,39,39,3.907528524160206
dots2024_B_r6,borda,42,42,6.14041964933212
dots2024_B_r6,borda,43,43,6.14041964933212
dots2024_B_r6,borda,45,45,6.14041964933212
dots2024_B_r6,borda,46,46,6.586997874366503
dots2024_B_r6,borda,52,52,4.800684974228972
dots2024_B_r6,borda,53,53,4.354106749194589
dots2024_B_r6,borda,62,62,6.586997874366503
dots2024_B_r6,borda,65,65,7.480154324435269
dots2024_B_r6,borda,70,70,4.800684974228972
dots2024_B_r6,borda,77,77,5.693841424297737
dots2024_B_r6,borda,84,84,4.800684974228972
dots2024_B_r6,borda,94,94,5.693841424297737
dots2024_B_r6,borda,98,98,5.2472631992633545
dots2024_B_r6,borda,114,114,5.2472631992633545
dots2024_B_r6,borda,115,115,10.606201899675948
dots2024_B_r6,borda,119,119,7.926732549469651
dots2024_B_r6,borda,124,124,4.800684974228972
dots2024_B_r6,borda,126,126,5.2472631992633545
dots2024_B_r6,borda,130,130,6.14041964933212
dots2024_B_r6,borda,138,138,5.693841424297737
dots2024_B_r6,borda,142,142,6.586997874366503
dots2024_B_r6,borda,144,144,8.819888999538417
dots2024_B_r6,borda,145,145,9.2664672245728
dots2024_B_r6,borda,150,150,4.800684974228972
dots2024_B_r6,borda,157,157,4.354106749194589
dots2024_B_r6,borda,160,160,5.2472631992633545
dots2024_B_r6,borda,168,168,8.373310774504034
dots2024_B_r6,borda,169,169,7.480154324435269
dots2024_B_r6,borda,174,174,3.907528524160206
dots2024_B_r6,borda,192,192,5.2472631992633545
dots2024_B_r6,borda,203,203,4.354106749194589
dots2024_B_r6,borda,207,207,7.926732549469651
dots2024_B_r6,borda,209,209,8.373310774504034
dots2024_B_r6,borda,214,214,5.2472631992633545
dots2024_B_r6,borda,221,221,5.2472631992633545
dots2024_B_r6,borda,226,226,4.354106749194589
dots2024_B_r6,borda,227,227,6.14041964933212
dots2024_B_r6,borda,228,228,4.800684974228972
dots2024_B_r6,borda,232,232,4.800684974228972
dots2024_B_r6,borda,233,233,4.354106749194589
dots2024_B_r6,borda,236,236,8.373310774504034
dots2024_B_r6,borda,251,251,7.033576099400886
dots2024_B_r6,borda,257,257,5.2472631992633545
dots2024_B_r6,borda,269,269,6.586997874366503
dots2024_B_r6,borda,271,271,5.2472631992633545
dots2024_B_r6,borda,277,277,6.14041964933212
dots2024_B_r6,borda,287,287,9.713045449607183
dots2024_B_r6,borda,295,295,5.2472631992633545
dots2024_B_r6,borda,296,296,5.2472631992633545
dots2024_B_r6,borda,298,298,8.819888999538417
