dataset,record,group,split
00024-00000001,3,3,fit
00024-00000001,4,4,fit
00024-00000001,5,5,fit
00024-00000001,8,8,fit
00024-00000001,9,9,fit
00024-00000001,12,12,fit
00024-00000001,15,15,fit
00024-00000001,16,16,fit
00024-00000001,21,21,fit
00024-00000001,22,22,fit
00024-00000001,23,23,fit
00024-00000001,24,24,fit
00024-00000001,27,27,fit
00024-00000001,28,28,fit
00024-00000001,29,29,fit
00024-00000001,31,31,fit
00024-00000001,33,33,fit
00024-00000001,36,36,fit
00024-00000001,38,38,fit
00024-00000001,39,39,fit
00024-00000001,42,42,fit
00024-00000001,43,43,fit
00024-00000001,44,44,fit
00024-00000001,45,45,fit
00024-00000001,46,46,fit
00024-00000001,47,47,fit
00024-00000001,48,48,fit
00024-00000001,51,51,fit
00024-00000001,53,53,fit
00024-00000001,55,55,fit
00024-00000001,58,58,fit
00024-00000001,59,59,fit
00024-00000001,60,60,fit
00024-00000001,61,61,fit
00024-00000001,62,62,fit
00024-00000001,63,63,fit
00024-00000001,66,66,fit
00024-00000001,71,71,fit
00024-00000001,72,72,fit
00024-00000001,73,73,fit
00024-00000001,74,74,fit
00024-00000001,75,75,fit
00024-00000001,76,76,fit
00024-00000001,77,77,fit
00024-00000001,78,78,fit
00024-00000001,79,79,fit
00024-00000001,80,80,fit
00024-00000001,81,81,fit
00024-00000001,83,83,fit
00024-00000001,84,84,fit
00024-00000001,85,85,fit
00024-00000001,86,86,fit
00024-00000001,87,87,fit
00024-00000001,90,90,fit
00024-00000001,91,91,fit
00024-00000001,92,92,fit
00024-00000001,93,93,fit
00024-00000001,94,94,fit
00024-00000001,96,96,fit
00024-00000001,97,97,fit
00024-00000001,98,98,fit
00024-00000001,99,99,fit
00024-00000001,100,100,fit
00024-00000001,101,101,fit
00024-00000001,104,104,fit
00024-00000001,105,105,fit
00024-00000001,107,107,fit
00024-00000001,108,108,fit
00024-00000001,111,111,fit
00024-00000001,113,113,fit
00024-00000001,115,115,fit
00024-00000001,116,116,fit
00024-00000001,117,117,fit
00024-00000001,118,118,fit
00024-00000001,120,120,fit
00024-00000001,121,121,fit
00024-00000001,123,123,fit
00024-00000001,124,124,fit
00024-00000001,125,125,fit
00024-00000001,127,127,fit
00024-00000001,128,128,fit
00024-00000001,130,130,fit
00024-00000001,131,131,fit
00024-00000001,132,132,fit
00024-00000001,133,133,fit
00024-00000001,134,134,fit
00024-00000001,135,135,fit
00024-00000001,136,136,fit
00024-00000001,137,137,fit
00024-00000001,141,141,fit
00024-00000001,144,144,fit
00024-00000001,146,146,fit
00024-00000001,147,147,fit
00024-00000001,148,148,fit
00024-00000001,150,150,fit
00024-00000001,153,153,fit
00024-00000001,154,154,fit
00024-00000001,155,155,fit
00024-00000001,156,156,fit
00024-00000001,157,157,fit
00024-00000001,158,158,fit
00024-00000001,160,160,fit
00024-00000001,162,162,fit
00024-00000001,163,163,fit
00024-00000001,164,164,fit
00024-00000001,165,165,fit
00024-00000001,166,166,fit
00024-00000001,168,168,fit
00024-00000001,169,169,fit
00024-00000001,170,170,fit
00024-00000001,171,171,fit
00024-00000001,173,173,fit
00024-00000001,174,174,fit
00024-00000001,175,175,fit
00024-00000001,176,176,fit
00024-00000001,177,177,fit
00024-00000001,178,178,fit
00024-00000001,180,180,fit
00024-00000001,181,181,fit
00024-00000001,183,183,fit
00024-00000001,186,186,fit
00024-00000001,188,188,fit
00024-00000001,189,189,fit
00024-00000001,191,191,fit
00024-00000001,192,192,fit
00024-00000001,194,194,fit
00024-00000001,197,197,fit
00024-00000001,198,198,fit
00024-00000001,199,199,fit
00024-00000001,200,200,fit
00024-00000001,203,203,fit
00024-00000001,206,206,fit
00024-00000001,207,207,fit
00024-00000001,209,209,fit
00024-00000001,212,212,fit
00024-00000001,214,214,fit
00024-00000001,216,216,fit
00024-00000001,218,218,fit
00024-00000001,219,219,fit
00024-00000001,220,220,fit
00024-00000001,222,222,fit
00024-00000001,223,223,fit
00024-00000001,224,224,fit
00024-00000001,225,225,fit
00024-00000001,226,226,fit
00024-00000001,231,231,fit
00024-00000001,232,232,fit
00024-00000001,237,237,fit
00024-00000001,239,239,fit
00024-00000001,240,240,fit
00024-00000001,241,241,fit
00024-00000001,242,242,fit
00024-00000001,246,246,fit
00024-00000001,247,247,fit
00024-00000001,248,248,fit
00024-00000001,251,251,fit
00024-00000001,253,253,fit
00024-00000001,254,254,fit
00024-00000001,255,255,fit
00024-00000001,257,257,fit
00024-00000001,258,258,fit
00024-00000001,259,259,fit
00024-00000001,261,261,fit
00024-00000001,262,262,fit
00024-00000001,263,263,fit
00024-00000001,265,265,fit
00024-00000001,266,266,fit
00024-00000001,267,267,fit
00024-00000001,268,268,fit
00024-00000001,269,269,fit
00024-00000001,270,270,fit
00024-00000001,271,271,fit
00024-00000001,272,272,fit
00024-00000001,273,273,fit
00024-00000001,275,275,fit
00024-00000001,276,276,fit
00024-00000001,278,278,fit
00024-00000001,280,280,fit
00024-00000001,283,283,fit
00024-00000001,284,284,fit
00024-00000001,288,288,fit
00024-00000001,289,289,fit
00024-00000001,293,293,fit
00024-00000001,294,294,fit
00024-00000001,296,296,fit
00024-00000001,297,297,fit
00024-00000001,299,299,fit
00024-00000001,301,301,fit
00024-00000001,305,305,fit
00024-00000001,308,308,fit
00024-00000001,309,309,fit
00024-00000001,310,310,fit
00024-00000001,312,312,fit
00024-00000001,313,313,fit
00024-00000001,314,314,fit
00024-00000001,316,316,fit
00024-00000001,317,317,fit
00024-00000001,319,319,fit
00024-00000001,320,320,fit
00024-00000001,322,322,fit
00024-00000001,323,323,fit
00024-00000001,326,326,fit
00024-00000001,327,327,fit
00024-00000001,328,328,fit
00024-00000001,329,329,fit
00024-00000001,330,330,fit
00024-00000001,331,331,fit
00024-00000001,332,332,fit
00024-00000001,337,337,fit
00024-00000001,338,338,fit
00024-00000001,340,340,fit
00024-00000001,342,342,fit
00024-00000001,344,344,fit
00024-00000001,345,345,fit
00024-00000001,346,346,fit
00024-00000001,347,347,fit
00024-00000001,348,348,fit
00024-00000001,349,349,fit
00024-00000001,350,350,fit
00024-00000001,353,353,fit
00024-00000001,355,355,fit
00024-00000001,357,357,fit
00024-00000001,359,359,fit
00024-00000001,362,362,fit
00024-00000001,363,363,fit
00024-00000001,364,364,fit
00024-00000001,365,365,fit
00024-00000001,366,366,fit
00024-00000001,367,367,fit
00024-00000001,368,368,fit
00024-00000001,370,370,fit
00024-00000001,372,372,fit
00024-00000001,373,373,fit
00024-00000001,374,374,fit
00024-00000001,376,376,fit
00024-00000001,377,377,fit
00024-00000001,378,378,fit
00024-00000001,379,379,fit
00024-00000001,382,382,fit
00024-00000001,383,383,fit
00024-00000001,384,384,fit
00024-00000001,385,385,fit
00024-00000001,388,388,fit
00024-00000001,389,389,fit
00024-00000001,390,390,fit
00024-00000001,392,392,fit
00024-00000001,396,396,fit
00024-00000001,397,397,fit
00024-00000001,399,399,fit
00024-00000001,400,400,fit
00024-00000001,401,401,fit
00024-00000001,402,402,fit
00024-00000001,404,404,fit
00024-00000001,405,405,fit
00024-00000001,408,408,fit
00024-00000001,410,410,fit
00024-00000001,411,411,fit
00024-00000001,412,412,fit
00024-00000001,413,413,fit
00024-00000001,416,416,fit
00024-00000001,419,419,fit
00024-00000001,421,421,fit
00024-00000001,422,422,fit
00024-00000001,425,425,fit
00024-00000001,426,426,fit
00024-00000001,427,427,fit
00024-00000001,428,428,fit
00024-00000001,429,429,fit
00024-00000001,430,430,fit
00024-00000001,431,431,fit
00024-00000001,432,432,fit
00024-00000001,435,435,fit
00024-00000001,436,436,fit
00024-00000001,437,437,fit
00024-00000001,439,439,fit
00024-00000001,440,440,fit
00024-00000001,441,441,fit
00024-00000001,443,443,fit
00024-00000001,446,446,fit
00024-00000001,449,449,fit
00024-00000001,451,451,fit
00024-00000001,452,452,fit
00024-00000001,455,455,fit
00024-00000001,456,456,fit
00024-00000001,457,457,fit
00024-00000001,458,458,fit
00024-00000001,459,459,fit
00024-00000001,460,460,fit
00024-00000001,461,461,fit
00024-00000001,462,462,fit
00024-00000001,463,463,fit
00024-00000001,465,465,fit
00024-00000001,467,467,fit
00024-00000001,469,469,fit
00024-00000001,471,471,fit
00024-00000001,472,472,fit
00024-00000001,473,473,fit
00024-00000001,475,475,fit
00024-00000001,476,476,fit
00024-00000001,478,478,fit
00024-00000001,481,481,fit
00024-00000001,482,482,fit
00024-00000001,484,484,fit
00024-00000001,487,487,fit
00024-00000001,488,488,fit
00024-00000001,491,491,fit
00024-00000001,492,492,fit
00024-00000001,494,494,fit
00024-00000001,495,495,fit
00024-00000001,498,498,fit
00024-00000001,501,501,fit
00024-00000001,502,502,fit
00024-00000001,503,503,fit
00024-00000001,506,506,fit
00024-00000001,507,507,fit
00024-00000001,509,509,fit
00024-00000001,511,511,fit
00024-00000001,513,513,fit
00024-00000001,516,516,fit
00024-00000001,519,519,fit
00024-00000001,520,520,fit
00024-00000001,523,523,fit
00024-00000001,526,526,fit
00024-00000001,528,528,fit
00024-00000001,529,529,fit
00024-00000001,532,532,fit
00024-00000001,533,533,fit
00024-00000001,535,535,fit
00024-00000001,536,536,fit
00024-00000001,537,537,fit
00024-00000001,538,538,fit
00024-00000001,540,540,fit
00024-00000001,546,546,fit
00024-00000001,550,550,fit
00024-00000001,551,551,fit
00024-00000001,553,553,fit
00024-00000001,554,554,fit
00024-00000001,555,555,fit
00024-00000001,557,557,fit
00024-00000001,558,558,fit
00024-00000001,559,559,fit
00024-00000001,561,561,fit
00024-00000001,563,563,fit
00024-00000001,565,565,fit
00024-00000001,568,568,fit
00024-00000001,571,571,fit
00024-00000001,572,572,fit
00024-00000001,573,573,fit
00024-00000001,574,574,fit
00024-00000001,576,576,fit
00024-00000001,577,577,fit
00024-00000001,578,578,fit
00024-00000001,579,579,fit
00024-00000001,581,581,fit
00024-00000001,584,584,fit
00024-00000001,586,586,fit
00024-00000001,587,587,fit
00024-00000001,590,590,fit
00024-00000001,591,591,fit
00024-00000001,592,592,fit
00024-00000001,593,593,fit
00024-00000001,594,594,fit
00024-00000001,598,598,fit
00024-00000001,599,599,fit
00024-00000001,600,600,fit
00024-00000001,605,605,fit
00024-00000001,607,607,fit
00024-00000001,608,608,fit
00024-00000001,610,610,fit
00024-00000001,611,611,fit
00024-00000001,613,613,fit
00024-00000001,614,614,fit
00024-00000001,616,616,fit
00024-00000001,618,618,fit
00024-00000001,623,623,fit
00024-00000001,624,624,fit
00024-00000001,625,625,fit
00024-00000001,629,629,fit
00024-00000001,631,631,fit
00024-00000001,632,632,fit
00024-00000001,633,633,fit
00024-00000001,636,636,fit
00024-00000001,638,638,fit
00024-00000001,640,640,fit
00024-00000001,641,641,fit
00024-00000001,642,642,fit
00024-00000001,643,643,fit
00024-00000001,644,644,fit
00024-00000001,646,646,fit
00024-00000001,650,650,fit
00024-00000001,653,653,fit
00024-00000001,657,657,fit
00024-00000001,658,658,fit
00024-00000001,660,660,fit
00024-00000001,663,663,fit
00024-00000001,664,664,fit
00024-00000001,665,665,fit
00024-00000001,669,669,fit
00024-00000001,670,670,fit
00024-00000001,671,671,fit
00024-00000001,674,674,fit
00024-00000001,676,676,fit
00024-00000001,677,677,fit
00024-00000001,678,678,fit
00024-00000001,679,679,fit
00024-00000001,680,680,fit
00024-00000001,681,681,fit
00024-00000001,683,683,fit
00024-00000001,684,684,fit
00024-00000001,685,685,fit
00024-00000001,686,686,fit
00024-00000001,688,688,fit
00024-00000001,690,690,fit
00024-00000001,691,691,fit
00024-00000001,692,692,fit
00024-00000001,694,694,fit
00024-00000001,695,695,fit
00024-00000001,696,696,fit
00024-00000001,698,698,fit
00024-00000001,699,699,fit
00024-00000001,701,701,fit
00024-00000001,702,702,fit
00024-00000001,705,705,fit
00024-00000001,707,707,fit
00024-00000001,712,712,fit
00024-00000001,713,713,fit
00024-00000001,714,714,fit
00024-00000001,715,715,fit
00024-00000001,717,717,fit
00024-00000001,718,718,fit
00024-00000001,720,720,fit
00024-00000001,723,723,fit
00024-00000001,725,725,fit
00024-00000001,726,726,fit
00024-00000001,727,727,fit
00024-00000001,728,728,fit
00024-00000001,731,731,fit
00024-00000001,732,732,fit
00024-00000001,733,733,fit
00024-00000001,734,734,fit
00024-00000001,735,735,fit
00024-00000001,736,736,fit
00024-00000001,738,738,fit
00024-00000001,741,741,fit
00024-00000001,747,747,fit
00024-00000001,749,749,fit
00024-00000001,751,751,fit
00024-00000001,752,752,fit
00024-00000001,754,754,fit
00024-00000001,756,756,fit
00024-00000001,758,758,fit
00024-00000001,759,759,fit
00024-00000001,760,760,fit
00024-00000001,762,762,fit
00024-00000001,763,763,fit
00024-00000001,765,765,fit
00024-00000001,767,767,fit
00024-00000001,768,768,fit
00024-00000001,769,769,fit
00024-00000001,770,770,fit
00024-00000001,773,773,fit
00024-00000001,776,776,fit
00024-00000001,777,777,fit
00024-00000001,778,778,fit
00024-00000001,779,779,fit
00024-00000001,780,780,fit
00024-00000001,782,782,fit
00024-00000001,783,783,fit
00024-00000001,784,784,fit
00024-00000001,785,785,fit
00024-00000001,786,786,fit
00024-00000001,787,787,fit
00024-00000001,788,788,fit
00024-00000001,789,789,fit
00024-00000001,791,791,fit
00024-00000001,793,793,fit
00024-00000001,794,794,fit
00024-00000001,2,2,discovery
00024-00000001,6,6,discovery
00024-00000001,10,10,discovery
00024-00000001,11,11,discovery
00024-00000001,19,19,discovery
00024-00000001,26,26,discovery
00024-00000001,50,50,discovery
00024-00000001,52,52,discovery
00024-00000001,54,54,discovery
00024-00000001,64,64,discovery
00024-00000001,68,68,discovery
00024-00000001,69,69,discovery
00024-00000001,70,70,discovery
00024-00000001,103,103,discovery
00024-00000001,106,106,discovery
00024-00000001,109,109,discovery
00024-00000001,119,119,discovery
00024-00000001,140,140,discovery
00024-00000001,142,142,discovery
00024-00000001,143,143,discovery
00024-00000001,151,151,discovery
00024-00000001,152,152,discovery
00024-00000001,159,159,discovery
00024-00000001,161,161,discovery
00024-00000001,172,172,discovery
00024-00000001,182,182,discovery
00024-00000001,184,184,discovery
00024-00000001,185,185,discovery
00024-00000001,187,187,discovery
00024-00000001,190,190,discovery
00024-00000001,195,195,discovery
00024-00000001,205,205,discovery
00024-00000001,210,210,discovery
00024-00000001,211,211,discovery
00024-00000001,213,213,discovery
00024-00000001,215,215,discovery
00024-00000001,217,217,discovery
00024-00000001,221,221,discovery
00024-00000001,229,229,discovery
00024-00000001,230,230,discovery
00024-00000001,234,234,discovery
00024-00000001,235,235,discovery
00024-00000001,249,249,discovery
00024-00000001,252,252,discovery
00024-00000001,256,256,discovery
00024-00000001,274,274,discovery
00024-00000001,282,282,discovery
00024-00000001,286,286,discovery
00024-00000001,295,295,discovery
00024-00000001,302,302,discovery
00024-00000001,303,303,discovery
00024-00000001,304,304,discovery
00024-00000001,307,307,discovery
00024-00000001,311,311,discovery
00024-00000001,315,315,discovery
00024-00000001,318,318,discovery
00024-00000001,321,321,discovery
00024-00000001,324,324,discovery
00024-00000001,336,336,discovery
00024-00000001,339,339,discovery
00024-00000001,343,343,discovery
00024-00000001,354,354,discovery
00024-00000001,361,361,discovery
00024-00000001,380,380,discovery
00024-00000001,386,386,discovery
00024-00000001,393,393,discovery
00024-00000001,394,394,discovery
00024-00000001,406,406,discovery
00024-00000001,409,409,discovery
00024-00000001,414,414,discovery
00024-00000001,415,415,discovery
00024-00000001,420,420,discovery
00024-00000001,423,423,discovery
00024-00000001,424,424,discovery
00024-00000001,433,433,discovery
00024-00000001,434,434,discovery
00024-00000001,445,445,discovery
00024-00000001,453,453,discovery
00024-00000001,454,454,discovery
00024-00000001,464,464,discovery
00024-00000001,474,474,discovery
00024-00000001,477,477,discovery
00024-00000001,483,483,discovery
00024-00000001,485,485,discovery
00024-00000001,486,486,discovery
00024-00000001,489,489,discovery
00024-00000001,490,490,discovery
00024-00000001,500,500,discovery
00024-00000001,504,504,discovery
00024-00000001,512,512,discovery
00024-00000001,517,517,discovery
00024-00000001,521,521,discovery
00024-00000001,524,524,discovery
00024-00000001,527,527,discovery
00024-00000001,530,530,discovery
00024-00000001,539,539,discovery
00024-00000001,541,541,discovery
00024-00000001,544,544,discovery
00024-00000001,545,545,discovery
00024-00000001,547,547,discovery
00024-00000001,549,549,discovery
00024-00000001,552,552,discovery
00024-00000001,556,556,discovery
00024-00000001,564,564,discovery
00024-00000001,566,566,discovery
00024-00000001,567,567,discovery
00024-00000001,575,575,discovery
00024-00000001,583,583,discovery
00024-00000001,585,585,discovery
00024-00000001,589,589,discovery
00024-00000001,596,596,discovery
00024-00000001,597,597,discovery
00024-00000001,601,601,discovery
00024-00000001,602,602,discovery
00024-00000001,604,604,discovery
00024-00000001,606,606,discovery
00024-00000001,609,609,discovery
00024-00000001,612,612,discovery
00024-00000001,617,617,discovery
00024-00000001,622,622,discovery
00024-00000001,626,626,discovery
00024-00000001,630,630,discovery
00024-00000001,634,634,discovery
00024-00000001,635,635,discovery
00024-00000001,639,639,discovery
00024-00000001,648,648,discovery
00024-00000001,651,651,discovery
00024-00000001,652,652,discovery
00024-00000001,654,654,discovery
00024-00000001,655,655,discovery
00024-00000001,656,656,discovery
00024-00000001,659,659,discovery
00024-00000001,668,668,discovery
00024-00000001,673,673,discovery
00024-00000001,675,675,discovery
00024-00000001,682,682,discovery
00024-00000001,689,689,discovery
00024-00000001,700,700,discovery
00024-00000001,706,706,discovery
00024-00000001,709,709,discovery
00024-00000001,710,710,discovery
00024-00000001,721,721,discovery
00024-00000001,724,724,discovery
00024-00000001,729,729,discovery
00024-00000001,730,730,discovery
00024-00000001,737,737,discovery
00024-00000001,739,739,discovery
00024-00000001,740,740,discovery
00024-00000001,743,743,discovery
00024-00000001,746,746,discovery
00024-00000001,748,748,discovery
00024-00000001,750,750,discovery
00024-00000001,757,757,discovery
00024-00000001,764,764,discovery
00024-00000001,771,771,discovery
00024-00000001,772,772,discovery
00024-00000001,774,774,discovery
00024-00000001,775,775,discovery
00024-00000001,792,792,discovery
00024-00000001,0,0,confirmation
00024-00000001,1,1,confirmation
00024-00000001,7,7,confirmation
00024-00000001,13,13,confirmation
00024-00000001,14,14,confirmation
00024-00000001,17,17,confirmation
00024-00000001,18,18,confirmation
00024-00000001,20,20,confirmation
00024-00000001,25,25,confirmation
00024-00000001,30,30,confirmation
00024-00000001,32,32,confirmation
00024-00000001,34,34,confirmation
00024-00000001,35,35,confirmation
00024-00000001,37,37,confirmation
00024-00000001,40,40,confirmation
00024-00000001,41,41,confirmation
00024-00000001,49,49,confirmation
00024-00000001,56,56,confirmation
00024-00000001,57,57,confirmation
00024-00000001,65,65,confirmation
00024-00000001,67,67,confirmation
00024-00000001,82,82,confirmation
00024-00000001,88,88,confirmation
00024-00000001,89,89,confirmation
00024-00000001,95,95,confirmation
00024-00000001,102,102,confirmation
00024-00000001,110,110,confirmation
00024-00000001,112,112,confirmation
00024-00000001,114,114,confirmation
00024-00000001,122,122,confirmation
00024-00000001,126,126,confirmation
00024-00000001,129,129,confirmation
00024-00000001,138,138,confirmation
00024-00000001,139,139,confirmation
00024-00000001,145,145,confirmation
00024-00000001,149,149,confirmation
00024-00000001,167,167,confirmation
00024-00000001,179,179,confirmation
00024-00000001,193,193,confirmation
00024-00000001,196,196,confirmation
00024-00000001,201,201,confirmation
00024-00000001,202,202,confirmation
00024-00000001,204,204,confirmation
00024-00000001,208,208,confirmation
00024-00000001,227,227,confirmation
00024-00000001,228,228,confirmation
00024-00000001,233,233,confirmation
00024-00000001,236,236,confirmation
00024-00000001,238,238,confirmation
00024-00000001,243,243,confirmation
00024-00000001,244,244,confirmation
00024-00000001,245,245,confirmation
00024-00000001,250,250,confirmation
00024-00000001,260,260,confirmation
00024-00000001,264,264,confirmation
00024-00000001,277,277,confirmation
00024-00000001,279,279,confirmation
00024-00000001,281,281,confirmation
00024-00000001,285,285,confirmation
00024-00000001,287,287,confirmation
00024-00000001,290,290,confirmation
00024-00000001,291,291,confirmation
00024-00000001,292,292,confirmation
00024-00000001,298,298,confirmation
00024-00000001,300,300,confirmation
00024-00000001,306,306,confirmation
00024-00000001,325,325,confirmation
00024-00000001,333,333,confirmation
00024-00000001,334,334,confirmation
00024-00000001,335,335,confirmation
00024-00000001,341,341,confirmation
00024-00000001,351,351,confirmation
00024-00000001,352,352,confirmation
00024-00000001,356,356,confirmation
00024-00000001,358,358,confirmation
00024-00000001,360,360,confirmation
00024-00000001,369,369,confirmation
00024-00000001,371,371,confirmation
00024-00000001,375,375,confirmation
00024-00000001,381,381,confirmation
00024-00000001,387,387,confirmation
00024-00000001,391,391,confirmation
00024-00000001,395,395,confirmation
00024-00000001,398,398,confirmation
00024-00000001,403,403,confirmation
00024-00000001,407,407,confirmation
00024-00000001,417,417,confirmation
00024-00000001,418,418,confirmation
00024-00000001,438,438,confirmation
00024-00000001,442,442,confirmation
00024-00000001,444,444,confirmation
00024-00000001,447,447,confirmation
00024-00000001,448,448,confirmation
00024-00000001,450,450,confirmation
00024-00000001,466,466,confirmation
00024-00000001,468,468,confirmation
00024-00000001,470,470,confirmation
00024-00000001,479,479,confirmation
00024-00000001,480,480,confirmation
00024-00000001,493,493,confirmation
00024-00000001,496,496,confirmation
00024-00000001,497,497,confirmation
00024-00000001,499,499,confirmation
00024-00000001,505,505,confirmation
00024-00000001,508,508,confirmation
00024-00000001,510,510,confirmation
00024-00000001,514,514,confirmation
00024-00000001,515,515,confirmation
00024-00000001,518,518,confirmation
00024-00000001,522,522,confirmation
00024-00000001,525,525,confirmation
00024-00000001,531,531,confirmation
00024-00000001,534,534,confirmation
00024-00000001,542,542,confirmation
00024-00000001,543,543,confirmation
00024-00000001,548,548,confirmation
00024-00000001,560,560,confirmation
00024-00000001,562,562,confirmation
00024-00000001,569,569,confirmation
00024-00000001,570,570,confirmation
00024-00000001,580,580,confirmation
00024-00000001,582,582,confirmation
00024-00000001,588,588,confirmation
00024-00000001,595,595,confirmation
00024-00000001,603,603,confirmation
00024-00000001,615,615,confirmation
00024-00000001,619,619,confirmation
00024-00000001,620,620,confirmation
00024-00000001,621,621,confirmation
00024-00000001,627,627,confirmation
00024-00000001,628,628,confirmation
00024-00000001,637,637,confirmation
00024-00000001,645,645,confirmation
00024-00000001,647,647,confirmation
00024-00000001,649,649,confirmation
00024-00000001,661,661,confirmation
00024-00000001,662,662,confirmation
00024-00000001,666,666,confirmation
00024-00000001,667,667,confirmation
00024-00000001,672,672,confirmation
00024-00000001,687,687,confirmation
00024-00000001,693,693,confirmation
00024-00000001,697,697,confirmation
00024-00000001,703,703,confirmation
00024-00000001,704,704,confirmation
00024-00000001,708,708,confirmation
00024-00000001,711,711,confirmation
00024-00000001,716,716,confirmation
00024-00000001,719,719,confirmation
00024-00000001,722,722,confirmation
00024-00000001,742,742,confirmation
00024-00000001,744,744,confirmation
00024-00000001,745,745,confirmation
00024-00000001,753,753,confirmation
00024-00000001,755,755,confirmation
00024-00000001,761,761,confirmation
00024-00000001,766,766,confirmation
00024-00000001,781,781,confirmation
00024-00000001,790,790,confirmation
00024-00000002,0,0,fit
00024-00000002,1,1,fit
00024-00000002,3,3,fit
00024-00000002,4,4,fit
00024-00000002,6,6,fit
00024-00000002,7,7,fit
00024-00000002,9,9,fit
00024-00000002,10,10,fit
00024-00000002,12,12,fit
00024-00000002,13,13,fit
00024-00000002,14,14,fit
00024-00000002,15,15,fit
00024-00000002,16,16,fit
00024-00000002,17,17,fit
00024-00000002,18,18,fit
00024-00000002,20,20,fit
00024-00000002,22,22,fit
00024-00000002,23,23,fit
00024-00000002,24,24,fit
00024-00000002,25,25,fit
00024-00000002,26,26,fit
00024-00000002,28,28,fit
00024-00000002,29,29,fit
00024-00000002,31,31,fit
00024-00000002,32,32,fit
00024-00000002,34,34,fit
00024-00000002,36,36,fit
00024-00000002,38,38,fit
00024-00000002,39,39,fit
00024-00000002,41,41,fit
00024-00000002,42,42,fit
00024-00000002,43,43,fit
00024-00000002,44,44,fit
00024-00000002,45,45,fit
00024-00000002,48,48,fit
00024-00000002,49,49,fit
00024-00000002,52,52,fit
00024-00000002,53,53,fit
00024-00000002,54,54,fit
00024-00000002,55,55,fit
00024-00000002,57,57,fit
00024-00000002,58,58,fit
00024-00000002,60,60,fit
00024-00000002,61,61,fit
00024-00000002,63,63,fit
00024-00000002,65,65,fit
00024-00000002,67,67,fit
00024-00000002,69,69,fit
00024-00000002,70,70,fit
00024-00000002,71,71,fit
00024-00000002,73,73,fit
00024-00000002,74,74,fit
00024-00000002,75,75,fit
00024-00000002,76,76,fit
00024-00000002,79,79,fit
00024-00000002,82,82,fit
00024-00000002,83,83,fit
00024-00000002,84,84,fit
00024-00000002,86,86,fit
00024-00000002,88,88,fit
00024-00000002,89,89,fit
00024-00000002,90,90,fit
00024-00000002,91,91,fit
00024-00000002,93,93,fit
00024-00000002,96,96,fit
00024-00000002,97,97,fit
00024-00000002,98,98,fit
00024-00000002,100,100,fit
00024-00000002,101,101,fit
00024-00000002,103,103,fit
00024-00000002,104,104,fit
00024-00000002,106,106,fit
00024-00000002,107,107,fit
00024-00000002,109,109,fit
00024-00000002,110,110,fit
00024-00000002,112,112,fit
00024-00000002,114,114,fit
00024-00000002,116,116,fit
00024-00000002,118,118,fit
00024-00000002,120,120,fit
00024-00000002,121,121,fit
00024-00000002,124,124,fit
00024-00000002,126,126,fit
00024-00000002,127,127,fit
00024-00000002,129,129,fit
00024-00000002,131,131,fit
00024-00000002,132,132,fit
00024-00000002,133,133,fit
00024-00000002,134,134,fit
00024-00000002,135,135,fit
00024-00000002,138,138,fit
00024-00000002,139,139,fit
00024-00000002,145,145,fit
00024-00000002,146,146,fit
00024-00000002,147,147,fit
00024-00000002,149,149,fit
00024-00000002,151,151,fit
00024-00000002,152,152,fit
00024-00000002,155,155,fit
00024-00000002,156,156,fit
00024-00000002,158,158,fit
00024-00000002,160,160,fit
00024-00000002,161,161,fit
00024-00000002,162,162,fit
00024-00000002,163,163,fit
00024-00000002,165,165,fit
00024-00000002,168,168,fit
00024-00000002,169,169,fit
00024-00000002,170,170,fit
00024-00000002,171,171,fit
00024-00000002,172,172,fit
00024-00000002,174,174,fit
00024-00000002,175,175,fit
00024-00000002,176,176,fit
00024-00000002,177,177,fit
00024-00000002,180,180,fit
00024-00000002,184,184,fit
00024-00000002,187,187,fit
00024-00000002,188,188,fit
00024-00000002,190,190,fit
00024-00000002,191,191,fit
00024-00000002,192,192,fit
00024-00000002,193,193,fit
00024-00000002,194,194,fit
00024-00000002,195,195,fit
00024-00000002,196,196,fit
00024-00000002,197,197,fit
00024-00000002,199,199,fit
00024-00000002,200,200,fit
00024-00000002,201,201,fit
00024-00000002,204,204,fit
00024-00000002,205,205,fit
00024-00000002,207,207,fit
00024-00000002,208,208,fit
00024-00000002,210,210,fit
00024-00000002,214,214,fit
00024-00000002,215,215,fit
00024-00000002,216,216,fit
00024-00000002,217,217,fit
00024-00000002,219,219,fit
00024-00000002,220,220,fit
00024-00000002,221,221,fit
00024-00000002,223,223,fit
00024-00000002,224,224,fit
00024-00000002,225,225,fit
00024-00000002,228,228,fit
00024-00000002,230,230,fit
00024-00000002,231,231,fit
00024-00000002,234,234,fit
00024-00000002,235,235,fit
00024-00000002,236,236,fit
00024-00000002,237,237,fit
00024-00000002,238,238,fit
00024-00000002,239,239,fit
00024-00000002,240,240,fit
00024-00000002,243,243,fit
00024-00000002,244,244,fit
00024-00000002,245,245,fit
00024-00000002,248,248,fit
00024-00000002,249,249,fit
00024-00000002,251,251,fit
00024-00000002,252,252,fit
00024-00000002,253,253,fit
00024-00000002,256,256,fit
00024-00000002,257,257,fit
00024-00000002,259,259,fit
00024-00000002,260,260,fit
00024-00000002,262,262,fit
00024-00000002,264,264,fit
00024-00000002,265,265,fit
00024-00000002,267,267,fit
00024-00000002,268,268,fit
00024-00000002,269,269,fit
00024-00000002,270,270,fit
00024-00000002,271,271,fit
00024-00000002,274,274,fit
00024-00000002,277,277,fit
00024-00000002,279,279,fit
00024-00000002,281,281,fit
00024-00000002,282,282,fit
00024-00000002,284,284,fit
00024-00000002,285,285,fit
00024-00000002,286,286,fit
00024-00000002,287,287,fit
00024-00000002,289,289,fit
00024-00000002,292,292,fit
00024-00000002,294,294,fit
00024-00000002,296,296,fit
00024-00000002,297,297,fit
00024-00000002,299,299,fit
00024-00000002,301,301,fit
00024-00000002,302,302,fit
00024-00000002,304,304,fit
00024-00000002,305,305,fit
00024-00000002,307,307,fit
00024-00000002,308,308,fit
00024-00000002,311,311,fit
00024-00000002,312,312,fit
00024-00000002,313,313,fit
00024-00000002,316,316,fit
00024-00000002,317,317,fit
00024-00000002,320,320,fit
00024-00000002,321,321,fit
00024-00000002,322,322,fit
00024-00000002,323,323,fit
00024-00000002,324,324,fit
00024-00000002,326,326,fit
00024-00000002,329,329,fit
00024-00000002,330,330,fit
00024-00000002,331,331,fit
00024-00000002,332,332,fit
00024-00000002,333,333,fit
00024-00000002,339,339,fit
00024-00000002,340,340,fit
00024-00000002,341,341,fit
00024-00000002,342,342,fit
00024-00000002,344,344,fit
00024-00000002,345,345,fit
00024-00000002,349,349,fit
00024-00000002,350,350,fit
00024-00000002,351,351,fit
00024-00000002,355,355,fit
00024-00000002,356,356,fit
00024-00000002,362,362,fit
00024-00000002,363,363,fit
00024-00000002,365,365,fit
00024-00000002,366,366,fit
00024-00000002,368,368,fit
00024-00000002,369,369,fit
00024-00000002,371,371,fit
00024-00000002,372,372,fit
00024-00000002,373,373,fit
00024-00000002,374,374,fit
00024-00000002,376,376,fit
00024-00000002,377,377,fit
00024-00000002,384,384,fit
00024-00000002,385,385,fit
00024-00000002,386,386,fit
00024-00000002,387,387,fit
00024-00000002,388,388,fit
00024-00000002,390,390,fit
00024-00000002,391,391,fit
00024-00000002,392,392,fit
00024-00000002,393,393,fit
00024-00000002,394,394,fit
00024-00000002,395,395,fit
00024-00000002,398,398,fit
00024-00000002,399,399,fit
00024-00000002,400,400,fit
00024-00000002,402,402,fit
00024-00000002,403,403,fit
00024-00000002,404,404,fit
00024-00000002,406,406,fit
00024-00000002,407,407,fit
00024-00000002,408,408,fit
00024-00000002,409,409,fit
00024-00000002,410,410,fit
00024-00000002,411,411,fit
00024-00000002,413,413,fit
00024-00000002,415,415,fit
00024-00000002,416,416,fit
00024-00000002,417,417,fit
00024-00000002,419,419,fit
00024-00000002,420,420,fit
00024-00000002,423,423,fit
00024-00000002,424,424,fit
00024-00000002,428,428,fit
00024-00000002,429,429,fit
00024-00000002,430,430,fit
00024-00000002,432,432,fit
00024-00000002,433,433,fit
00024-00000002,434,434,fit
00024-00000002,435,435,fit
00024-00000002,436,436,fit
00024-00000002,437,437,fit
00024-00000002,440,440,fit
00024-00000002,442,442,fit
00024-00000002,443,443,fit
00024-00000002,446,446,fit
00024-00000002,450,450,fit
00024-00000002,452,452,fit
00024-00000002,453,453,fit
00024-00000002,454,454,fit
00024-00000002,455,455,fit
00024-00000002,456,456,fit
00024-00000002,457,457,fit
00024-00000002,459,459,fit
00024-00000002,460,460,fit
00024-00000002,462,462,fit
00024-00000002,463,463,fit
00024-00000002,465,465,fit
00024-00000002,467,467,fit
00024-00000002,470,470,fit
00024-00000002,471,471,fit
00024-00000002,472,472,fit
00024-00000002,474,474,fit
00024-00000002,476,476,fit
00024-00000002,477,477,fit
00024-00000002,481,481,fit
00024-00000002,482,482,fit
00024-00000002,483,483,fit
00024-00000002,486,486,fit
00024-00000002,487,487,fit
00024-00000002,490,490,fit
00024-00000002,491,491,fit
00024-00000002,492,492,fit
00024-00000002,493,493,fit
00024-00000002,495,495,fit
00024-00000002,497,497,fit
00024-00000002,498,498,fit
00024-00000002,501,501,fit
00024-00000002,502,502,fit
00024-00000002,507,507,fit
00024-00000002,509,509,fit
00024-00000002,510,510,fit
00024-00000002,511,511,fit
00024-00000002,512,512,fit
00024-00000002,515,515,fit
00024-00000002,516,516,fit
00024-00000002,517,517,fit
00024-00000002,518,518,fit
00024-00000002,521,521,fit
00024-00000002,522,522,fit
00024-00000002,523,523,fit
00024-00000002,525,525,fit
00024-00000002,528,528,fit
00024-00000002,529,529,fit
00024-00000002,530,530,fit
00024-00000002,532,532,fit
00024-00000002,533,533,fit
00024-00000002,536,536,fit
00024-00000002,537,537,fit
00024-00000002,540,540,fit
00024-00000002,542,542,fit
00024-00000002,544,544,fit
00024-00000002,545,545,fit
00024-00000002,546,546,fit
00024-00000002,547,547,fit
00024-00000002,548,548,fit
00024-00000002,549,549,fit
00024-00000002,550,550,fit
00024-00000002,553,553,fit
00024-00000002,555,555,fit
00024-00000002,557,557,fit
00024-00000002,559,559,fit
00024-00000002,561,561,fit
00024-00000002,563,563,fit
00024-00000002,564,564,fit
00024-00000002,566,566,fit
00024-00000002,567,567,fit
00024-00000002,571,571,fit
00024-00000002,572,572,fit
00024-00000002,574,574,fit
00024-00000002,575,575,fit
00024-00000002,576,576,fit
00024-00000002,578,578,fit
00024-00000002,580,580,fit
00024-00000002,581,581,fit
00024-00000002,582,582,fit
00024-00000002,583,583,fit
00024-00000002,584,584,fit
00024-00000002,585,585,fit
00024-00000002,586,586,fit
00024-00000002,588,588,fit
00024-00000002,589,589,fit
00024-00000002,595,595,fit
00024-00000002,597,597,fit
00024-00000002,598,598,fit
00024-00000002,599,599,fit
00024-00000002,600,600,fit
00024-00000002,604,604,fit
00024-00000002,608,608,fit
00024-00000002,609,609,fit
00024-00000002,610,610,fit
00024-00000002,614,614,fit
00024-00000002,615,615,fit
00024-00000002,616,616,fit
00024-00000002,617,617,fit
00024-00000002,618,618,fit
00024-00000002,619,619,fit
00024-00000002,620,620,fit
00024-00000002,622,622,fit
00024-00000002,623,623,fit
00024-00000002,624,624,fit
00024-00000002,625,625,fit
00024-00000002,628,628,fit
00024-00000002,629,629,fit
00024-00000002,636,636,fit
00024-00000002,637,637,fit
00024-00000002,639,639,fit
00024-00000002,642,642,fit
00024-00000002,643,643,fit
00024-00000002,644,644,fit
00024-00000002,645,645,fit
00024-00000002,647,647,fit
00024-00000002,648,648,fit
00024-00000002,649,649,fit
00024-00000002,650,650,fit
00024-00000002,651,651,fit
00024-00000002,652,652,fit
00024-00000002,655,655,fit
00024-00000002,656,656,fit
00024-00000002,660,660,fit
00024-00000002,661,661,fit
00024-00000002,665,665,fit
00024-00000002,667,667,fit
00024-00000002,668,668,fit
00024-00000002,669,669,fit
00024-00000002,670,670,fit
00024-00000002,673,673,fit
00024-00000002,674,674,fit
00024-00000002,677,677,fit
00024-00000002,679,679,fit
00024-00000002,681,681,fit
00024-00000002,682,682,fit
00024-00000002,683,683,fit
00024-00000002,685,685,fit
00024-00000002,686,686,fit
00024-00000002,689,689,fit
00024-00000002,690,690,fit
00024-00000002,691,691,fit
00024-00000002,695,695,fit
00024-00000002,696,696,fit
00024-00000002,697,697,fit
00024-00000002,698,698,fit
00024-00000002,700,700,fit
00024-00000002,701,701,fit
00024-00000002,702,702,fit
00024-00000002,703,703,fit
00024-00000002,704,704,fit
00024-00000002,708,708,fit
00024-00000002,712,712,fit
00024-00000002,713,713,fit
00024-00000002,715,715,fit
00024-00000002,716,716,fit
00024-00000002,717,717,fit
00024-00000002,718,718,fit
00024-00000002,719,719,fit
00024-00000002,722,722,fit
00024-00000002,725,725,fit
00024-00000002,726,726,fit
00024-00000002,727,727,fit
00024-00000002,729,729,fit
00024-00000002,731,731,fit
00024-00000002,733,733,fit
00024-00000002,735,735,fit
00024-00000002,738,738,fit
00024-00000002,739,739,fit
00024-00000002,741,741,fit
00024-00000002,742,742,fit
00024-00000002,746,746,fit
00024-00000002,748,748,fit
00024-00000002,751,751,fit
00024-00000002,756,756,fit
00024-00000002,760,760,fit
00024-00000002,763,763,fit
00024-00000002,764,764,fit
00024-00000002,765,765,fit
00024-00000002,766,766,fit
00024-00000002,768,768,fit
00024-00000002,769,769,fit
00024-00000002,770,770,fit
00024-00000002,772,772,fit
00024-00000002,774,774,fit
00024-00000002,775,775,fit
00024-00000002,777,777,fit
00024-00000002,778,778,fit
00024-00000002,779,779,fit
00024-00000002,780,780,fit
00024-00000002,784,784,fit
00024-00000002,785,785,fit
00024-00000002,786,786,fit
00024-00000002,787,787,fit
00024-00000002,788,788,fit
00024-00000002,789,789,fit
00024-00000002,793,793,fit
00024-00000002,5,5,discovery
00024-00000002,11,11,discovery
00024-00000002,21,21,discovery
00024-00000002,33,33,discovery
00024-00000002,35,35,discovery
00024-00000002,37,37,discovery
00024-00000002,40,40,discovery
00024-00000002,46,46,discovery
00024-00000002,47,47,discovery
00024-00000002,50,50,discovery
00024-00000002,51,51,discovery
00024-00000002,59,59,discovery
00024-00000002,62,62,discovery
00024-00000002,64,64,discovery
00024-00000002,66,66,discovery
00024-00000002,72,72,discovery
00024-00000002,77,77,discovery
00024-00000002,80,80,discovery
00024-00000002,81,81,discovery
00024-00000002,85,85,discovery
00024-00000002,87,87,discovery
00024-00000002,92,92,discovery
00024-00000002,105,105,discovery
00024-00000002,111,111,discovery
00024-00000002,123,123,discovery
00024-00000002,125,125,discovery
00024-00000002,128,128,discovery
00024-00000002,137,137,discovery
00024-00000002,142,142,discovery
00024-00000002,143,143,discovery
00024-00000002,148,148,discovery
00024-00000002,154,154,discovery
00024-00000002,157,157,discovery
00024-00000002,166,166,discovery
00024-00000002,173,173,discovery
00024-00000002,178,178,discovery
00024-00000002,179,179,discovery
00024-00000002,181,181,discovery
00024-00000002,182,182,discovery
00024-00000002,185,185,discovery
00024-00000002,186,186,discovery
00024-00000002,189,189,discovery
00024-00000002,198,198,discovery
00024-00000002,203,203,discovery
00024-00000002,206,206,discovery
00024-00000002,209,209,discovery
00024-00000002,211,211,discovery
00024-00000002,213,213,discovery
00024-00000002,222,222,discovery
00024-00000002,227,227,discovery
00024-00000002,232,232,discovery
00024-00000002,233,233,discovery
00024-00000002,246,246,discovery
00024-00000002,247,247,discovery
00024-00000002,254,254,discovery
00024-00000002,255,255,discovery
00024-00000002,273,273,discovery
00024-00000002,275,275,discovery
00024-00000002,278,278,discovery
00024-00000002,283,283,discovery
00024-00000002,288,288,discovery
00024-00000002,293,293,discovery
00024-00000002,295,295,discovery
00024-00000002,300,300,discovery
00024-00000002,314,314,discovery
00024-00000002,315,315,discovery
00024-00000002,318,318,discovery
00024-00000002,319,319,discovery
00024-00000002,327,327,discovery
00024-00000002,335,335,discovery
00024-00000002,336,336,discovery
00024-00000002,337,337,discovery
00024-00000002,346,346,discovery
00024-00000002,353,353,discovery
00024-00000002,361,361,discovery
00024-00000002,367,367,discovery
00024-00000002,370,370,discovery
00024-00000002,380,380,discovery
00024-00000002,381,381,discovery
00024-00000002,397,397,discovery
00024-00000002,401,401,discovery
00024-00000002,405,405,discovery
00024-00000002,412,412,discovery
00024-00000002,422,422,discovery
00024-00000002,426,426,discovery
00024-00000002,431,431,discovery
00024-00000002,447,447,discovery
00024-00000002,448,448,discovery
00024-00000002,449,449,discovery
00024-00000002,458,458,discovery
00024-00000002,464,464,discovery
00024-00000002,473,473,discovery
00024-00000002,475,475,discovery
00024-00000002,478,478,discovery
00024-00000002,485,485,discovery
00024-00000002,489,489,discovery
00024-00000002,499,499,discovery
00024-00000002,500,500,discovery
00024-00000002,505,505,discovery
00024-00000002,506,506,discovery
00024-00000002,508,508,discovery
00024-00000002,513,513,discovery
00024-00000002,514,514,discovery
00024-00000002,526,526,discovery
00024-00000002,531,531,discovery
00024-00000002,534,534,discovery
00024-00000002,538,538,discovery
00024-00000002,539,539,discovery
00024-00000002,541,541,discovery
00024-00000002,543,543,discovery
00024-00000002,551,551,discovery
00024-00000002,552,552,discovery
00024-00000002,556,556,discovery
00024-00000002,570,570,discovery
00024-00000002,573,573,discovery
00024-00000002,577,577,discovery
00024-00000002,579,579,discovery
00024-00000002,587,587,discovery
00024-00000002,590,590,discovery
00024-00000002,592,592,discovery
00024-00000002,593,593,discovery
00024-00000002,603,603,discovery
00024-00000002,605,605,discovery
00024-00000002,606,606,discovery
00024-00000002,607,607,discovery
00024-00000002,612,612,discovery
00024-00000002,613,613,discovery
00024-00000002,626,626,discovery
00024-00000002,632,632,discovery
00024-00000002,634,634,discovery
00024-00000002,635,635,discovery
00024-00000002,646,646,discovery
00024-00000002,653,653,discovery
00024-00000002,658,658,discovery
00024-00000002,659,659,discovery
00024-00000002,671,671,discovery
00024-00000002,675,675,discovery
00024-00000002,680,680,discovery
00024-00000002,688,688,discovery
00024-00000002,693,693,discovery
00024-00000002,699,699,discovery
00024-00000002,709,709,discovery
00024-00000002,710,710,discovery
00024-00000002,714,714,discovery
00024-00000002,724,724,discovery
00024-00000002,728,728,discovery
00024-00000002,736,736,discovery
00024-00000002,737,737,discovery
00024-00000002,743,743,discovery
00024-00000002,744,744,discovery
00024-00000002,745,745,discovery
00024-00000002,747,747,discovery
00024-00000002,750,750,discovery
00024-00000002,767,767,discovery
00024-00000002,773,773,discovery
00024-00000002,776,776,discovery
00024-00000002,783,783,discovery
00024-00000002,790,790,discovery
00024-00000002,792,792,discovery
00024-00000002,2,2,confirmation
00024-00000002,8,8,confirmation
00024-00000002,19,19,confirmation
00024-00000002,27,27,confirmation
00024-00000002,30,30,confirmation
00024-00000002,56,56,confirmation
00024-00000002,68,68,confirmation
00024-00000002,78,78,confirmation
00024-00000002,94,94,confirmation
00024-00000002,95,95,confirmation
00024-00000002,99,99,confirmation
00024-00000002,102,102,confirmation
00024-00000002,108,108,confirmation
00024-00000002,113,113,confirmation
00024-00000002,115,115,confirmation
00024-00000002,117,117,confirmation
00024-00000002,119,119,confirmation
00024-00000002,122,122,confirmation
00024-00000002,130,130,confirmation
00024-00000002,136,136,confirmation
00024-00000002,140,140,confirmation
00024-00000002,141,141,confirmation
00024-00000002,144,144,confirmation
00024-00000002,150,150,confirmation
00024-00000002,153,153,confirmation
00024-00000002,159,159,confirmation
00024-00000002,164,164,confirmation
00024-00000002,167,167,confirmation
00024-00000002,183,183,confirmation
00024-00000002,202,202,confirmation
00024-00000002,212,212,confirmation
00024-00000002,218,218,confirmation
00024-00000002,226,226,confirmation
00024-00000002,229,229,confirmation
00024-00000002,241,241,confirmation
00024-00000002,242,242,confirmation
00024-00000002,250,250,confirmation
00024-00000002,258,258,confirmation
00024-00000002,261,261,confirmation
00024-00000002,263,263,confirmation
00024-00000002,266,266,confirmation
00024-00000002,272,272,confirmation
00024-00000002,276,276,confirmation
00024-00000002,280,280,confirmation
00024-00000002,290,290,confirmation
00024-00000002,291,291,confirmation
00024-00000002,298,298,confirmation
00024-00000002,303,303,confirmation
00024-00000002,306,306,confirmation
00024-00000002,309,309,confirmation
00024-00000002,310,310,confirmation
00024-00000002,325,325,confirmation
00024-00000002,328,328,confirmation
00024-00000002,334,334,confirmation
00024-00000002,338,338,confirmation
00024-00000002,343,343,confirmation
00024-00000002,347,347,confirmation
00024-00000002,348,348,confirmation
00024-00000002,352,352,confirmation
00024-00000002,354,354,confirmation
00024-00000002,357,357,confirmation
00024-00000002,358,358,confirmation
00024-00000002,359,359,confirmation
00024-00000002,360,360,confirmation
00024-00000002,364,364,confirmation
00024-00000002,375,375,confirmation
00024-00000002,378,378,confirmation
00024-00000002,379,379,confirmation
00024-00000002,382,382,confirmation
00024-00000002,383,383,confirmation
00024-00000002,389,389,confirmation
00024-00000002,396,396,confirmation
00024-00000002,414,414,confirmation
00024-00000002,418,418,confirmation
00024-00000002,421,421,confirmation
00024-00000002,425,425,confirmation
00024-00000002,427,427,confirmation
00024-00000002,438,438,confirmation
00024-00000002,439,439,confirmation
00024-00000002,441,441,confirmation
00024-00000002,444,444,confirmation
00024-00000002,445,445,confirmation
00024-00000002,451,451,confirmation
00024-00000002,461,461,confirmation
00024-00000002,466,466,confirmation
00024-00000002,468,468,confirmation
00024-00000002,469,469,confirmation
00024-00000002,479,479,confirmation
00024-00000002,480,480,confirmation
00024-00000002,484,484,confirmation
00024-00000002,488,488,confirmation
00024-00000002,494,494,confirmation
00024-00000002,496,496,confirmation
00024-00000002,503,503,confirmation
00024-00000002,504,504,confirmation
00024-00000002,519,519,confirmation
00024-00000002,520,520,confirmation
00024-00000002,524,524,confirmation
00024-00000002,527,527,confirmation
00024-00000002,535,535,confirmation
00024-00000002,554,554,confirmation
00024-00000002,558,558,confirmation
00024-00000002,560,560,confirmation
00024-00000002,562,562,confirmation
00024-00000002,565,565,confirmation
00024-00000002,568,568,confirmation
00024-00000002,569,569,confirmation
00024-00000002,591,591,confirmation
00024-00000002,594,594,confirmation
00024-00000002,596,596,confirmation
00024-00000002,601,601,confirmation
00024-00000002,602,602,confirmation
00024-00000002,611,611,confirmation
00024-00000002,621,621,confirmation
00024-00000002,627,627,confirmation
00024-00000002,630,630,confirmation
00024-00000002,631,631,confirmation
00024-00000002,633,633,confirmation
00024-00000002,638,638,confirmation
00024-00000002,640,640,confirmation
00024-00000002,641,641,confirmation
00024-00000002,654,654,confirmation
00024-00000002,657,657,confirmation
00024-00000002,662,662,confirmation
00024-00000002,663,663,confirmation
00024-00000002,664,664,confirmation
00024-00000002,666,666,confirmation
00024-00000002,672,672,confirmation
00024-00000002,676,676,confirmation
00024-00000002,678,678,confirmation
00024-00000002,684,684,confirmation
00024-00000002,687,687,confirmation
00024-00000002,692,692,confirmation
00024-00000002,694,694,confirmation
00024-00000002,705,705,confirmation
00024-00000002,706,706,confirmation
00024-00000002,707,707,confirmation
00024-00000002,711,711,confirmation
00024-00000002,720,720,confirmation
00024-00000002,721,721,confirmation
00024-00000002,723,723,confirmation
00024-00000002,730,730,confirmation
00024-00000002,732,732,confirmation
00024-00000002,734,734,confirmation
00024-00000002,740,740,confirmation
00024-00000002,749,749,confirmation
00024-00000002,752,752,confirmation
00024-00000002,753,753,confirmation
00024-00000002,754,754,confirmation
00024-00000002,755,755,confirmation
00024-00000002,757,757,confirmation
00024-00000002,758,758,confirmation
00024-00000002,759,759,confirmation
00024-00000002,761,761,confirmation
00024-00000002,762,762,confirmation
00024-00000002,771,771,confirmation
00024-00000002,781,781,confirmation
00024-00000002,782,782,confirmation
00024-00000002,791,791,confirmation
00024-00000003,1,1,fit
00024-00000003,4,4,fit
00024-00000003,5,5,fit
00024-00000003,6,6,fit
00024-00000003,7,7,fit
00024-00000003,8,8,fit
00024-00000003,9,9,fit
00024-00000003,10,10,fit
00024-00000003,11,11,fit
00024-00000003,13,13,fit
00024-00000003,14,14,fit
00024-00000003,19,19,fit
00024-00000003,20,20,fit
00024-00000003,21,21,fit
00024-00000003,23,23,fit
00024-00000003,28,28,fit
00024-00000003,30,30,fit
00024-00000003,31,31,fit
00024-00000003,34,34,fit
00024-00000003,35,35,fit
00024-00000003,36,36,fit
00024-00000003,37,37,fit
00024-00000003,41,41,fit
00024-00000003,42,42,fit
00024-00000003,45,45,fit
00024-00000003,46,46,fit
00024-00000003,47,47,fit
00024-00000003,48,48,fit
00024-00000003,49,49,fit
00024-00000003,50,50,fit
00024-00000003,51,51,fit
00024-00000003,52,52,fit
00024-00000003,53,53,fit
00024-00000003,56,56,fit
00024-00000003,60,60,fit
00024-00000003,61,61,fit
00024-00000003,62,62,fit
00024-00000003,63,63,fit
00024-00000003,64,64,fit
00024-00000003,65,65,fit
00024-00000003,66,66,fit
00024-00000003,67,67,fit
00024-00000003,69,69,fit
00024-00000003,71,71,fit
00024-00000003,72,72,fit
00024-00000003,75,75,fit
00024-00000003,77,77,fit
00024-00000003,78,78,fit
00024-00000003,81,81,fit
00024-00000003,82,82,fit
00024-00000003,84,84,fit
00024-00000003,85,85,fit
00024-00000003,87,87,fit
00024-00000003,88,88,fit
00024-00000003,90,90,fit
00024-00000003,92,92,fit
00024-00000003,93,93,fit
00024-00000003,95,95,fit
00024-00000003,96,96,fit
00024-00000003,97,97,fit
00024-00000003,98,98,fit
00024-00000003,99,99,fit
00024-00000003,100,100,fit
00024-00000003,101,101,fit
00024-00000003,102,102,fit
00024-00000003,103,103,fit
00024-00000003,104,104,fit
00024-00000003,107,107,fit
00024-00000003,110,110,fit
00024-00000003,115,115,fit
00024-00000003,116,116,fit
00024-00000003,118,118,fit
00024-00000003,119,119,fit
00024-00000003,120,120,fit
00024-00000003,124,124,fit
00024-00000003,128,128,fit
00024-00000003,129,129,fit
00024-00000003,130,130,fit
00024-00000003,131,131,fit
00024-00000003,132,132,fit
00024-00000003,133,133,fit
00024-00000003,136,136,fit
00024-00000003,137,137,fit
00024-00000003,138,138,fit
00024-00000003,139,139,fit
00024-00000003,140,140,fit
00024-00000003,144,144,fit
00024-00000003,145,145,fit
00024-00000003,147,147,fit
00024-00000003,148,148,fit
00024-00000003,149,149,fit
00024-00000003,151,151,fit
00024-00000003,154,154,fit
00024-00000003,156,156,fit
00024-00000003,157,157,fit
00024-00000003,159,159,fit
00024-00000003,160,160,fit
00024-00000003,161,161,fit
00024-00000003,163,163,fit
00024-00000003,164,164,fit
00024-00000003,167,167,fit
00024-00000003,169,169,fit
00024-00000003,170,170,fit
00024-00000003,171,171,fit
00024-00000003,172,172,fit
00024-00000003,175,175,fit
00024-00000003,176,176,fit
00024-00000003,177,177,fit
00024-00000003,180,180,fit
00024-00000003,181,181,fit
00024-00000003,183,183,fit
00024-00000003,184,184,fit
00024-00000003,185,185,fit
00024-00000003,186,186,fit
00024-00000003,190,190,fit
00024-00000003,191,191,fit
00024-00000003,192,192,fit
00024-00000003,193,193,fit
00024-00000003,194,194,fit
00024-00000003,195,195,fit
00024-00000003,196,196,fit
00024-00000003,197,197,fit
00024-00000003,198,198,fit
00024-00000003,199,199,fit
00024-00000003,200,200,fit
00024-00000003,201,201,fit
00024-00000003,202,202,fit
00024-00000003,203,203,fit
00024-00000003,204,204,fit
00024-00000003,207,207,fit
00024-00000003,208,208,fit
00024-00000003,209,209,fit
00024-00000003,210,210,fit
00024-00000003,211,211,fit
00024-00000003,212,212,fit
00024-00000003,216,216,fit
00024-00000003,220,220,fit
00024-00000003,223,223,fit
00024-00000003,225,225,fit
00024-00000003,226,226,fit
00024-00000003,227,227,fit
00024-00000003,229,229,fit
00024-00000003,234,234,fit
00024-00000003,235,235,fit
00024-00000003,238,238,fit
00024-00000003,240,240,fit
00024-00000003,241,241,fit
00024-00000003,243,243,fit
00024-00000003,244,244,fit
00024-00000003,245,245,fit
00024-00000003,246,246,fit
00024-00000003,247,247,fit
00024-00000003,248,248,fit
00024-00000003,249,249,fit
00024-00000003,250,250,fit
00024-00000003,252,252,fit
00024-00000003,253,253,fit
00024-00000003,254,254,fit
00024-00000003,257,257,fit
00024-00000003,259,259,fit
00024-00000003,260,260,fit
00024-00000003,262,262,fit
00024-00000003,263,263,fit
00024-00000003,264,264,fit
00024-00000003,265,265,fit
00024-00000003,266,266,fit
00024-00000003,268,268,fit
00024-00000003,269,269,fit
00024-00000003,270,270,fit
00024-00000003,272,272,fit
00024-00000003,273,273,fit
00024-00000003,277,277,fit
00024-00000003,278,278,fit
00024-00000003,280,280,fit
00024-00000003,281,281,fit
00024-00000003,283,283,fit
00024-00000003,284,284,fit
00024-00000003,286,286,fit
00024-00000003,287,287,fit
00024-00000003,288,288,fit
00024-00000003,290,290,fit
00024-00000003,293,293,fit
00024-00000003,296,296,fit
00024-00000003,297,297,fit
00024-00000003,298,298,fit
00024-00000003,299,299,fit
00024-00000003,300,300,fit
00024-00000003,301,301,fit
00024-00000003,303,303,fit
00024-00000003,306,306,fit
00024-00000003,308,308,fit
00024-00000003,310,310,fit
00024-00000003,313,313,fit
00024-00000003,314,314,fit
00024-00000003,319,319,fit
00024-00000003,320,320,fit
00024-00000003,323,323,fit
00024-00000003,327,327,fit
00024-00000003,328,328,fit
00024-00000003,329,329,fit
00024-00000003,331,331,fit
00024-00000003,332,332,fit
00024-00000003,334,334,fit
00024-00000003,335,335,fit
00024-00000003,337,337,fit
00024-00000003,338,338,fit
00024-00000003,339,339,fit
00024-00000003,341,341,fit
00024-00000003,343,343,fit
00024-00000003,344,344,fit
00024-00000003,348,348,fit
00024-00000003,350,350,fit
00024-00000003,351,351,fit
00024-00000003,352,352,fit
00024-00000003,354,354,fit
00024-00000003,355,355,fit
00024-00000003,357,357,fit
00024-00000003,360,360,fit
00024-00000003,361,361,fit
00024-00000003,365,365,fit
00024-00000003,366,366,fit
00024-00000003,368,368,fit
00024-00000003,369,369,fit
00024-00000003,370,370,fit
00024-00000003,371,371,fit
00024-00000003,373,373,fit
00024-00000003,375,375,fit
00024-00000003,377,377,fit
00024-00000003,378,378,fit
00024-00000003,380,380,fit
00024-00000003,382,382,fit
00024-00000003,383,383,fit
00024-00000003,387,387,fit
00024-00000003,389,389,fit
00024-00000003,392,392,fit
00024-00000003,395,395,fit
00024-00000003,396,396,fit
00024-00000003,397,397,fit
00024-00000003,399,399,fit
00024-00000003,402,402,fit
00024-00000003,403,403,fit
00024-00000003,405,405,fit
00024-00000003,406,406,fit
00024-00000003,407,407,fit
00024-00000003,408,408,fit
00024-00000003,410,410,fit
00024-00000003,412,412,fit
00024-00000003,413,413,fit
00024-00000003,414,414,fit
00024-00000003,416,416,fit
00024-00000003,420,420,fit
00024-00000003,421,421,fit
00024-00000003,422,422,fit
00024-00000003,424,424,fit
00024-00000003,429,429,fit
00024-00000003,431,431,fit
00024-00000003,432,432,fit
00024-00000003,433,433,fit
00024-00000003,435,435,fit
00024-00000003,436,436,fit
00024-00000003,438,438,fit
00024-00000003,439,439,fit
00024-00000003,441,441,fit
00024-00000003,442,442,fit
00024-00000003,443,443,fit
00024-00000003,444,444,fit
00024-00000003,446,446,fit
00024-00000003,447,447,fit
00024-00000003,448,448,fit
00024-00000003,449,449,fit
00024-00000003,450,450,fit
00024-00000003,451,451,fit
00024-00000003,452,452,fit
00024-00000003,453,453,fit
00024-00000003,455,455,fit
00024-00000003,457,457,fit
00024-00000003,458,458,fit
00024-00000003,461,461,fit
00024-00000003,462,462,fit
00024-00000003,463,463,fit
00024-00000003,464,464,fit
00024-00000003,465,465,fit
00024-00000003,466,466,fit
00024-00000003,467,467,fit
00024-00000003,469,469,fit
00024-00000003,470,470,fit
00024-00000003,471,471,fit
00024-00000003,473,473,fit
00024-00000003,474,474,fit
00024-00000003,477,477,fit
00024-00000003,478,478,fit
00024-00000003,479,479,fit
00024-00000003,480,480,fit
00024-00000003,484,484,fit
00024-00000003,485,485,fit
00024-00000003,486,486,fit
00024-00000003,487,487,fit
00024-00000003,488,488,fit
00024-00000003,490,490,fit
00024-00000003,491,491,fit
00024-00000003,493,493,fit
00024-00000003,498,498,fit
00024-00000003,502,502,fit
00024-00000003,503,503,fit
00024-00000003,504,504,fit
00024-00000003,505,505,fit
00024-00000003,508,508,fit
00024-00000003,509,509,fit
00024-00000003,510,510,fit
00024-00000003,511,511,fit
00024-00000003,512,512,fit
00024-00000003,514,514,fit
00024-00000003,515,515,fit
00024-00000003,516,516,fit
00024-00000003,517,517,fit
00024-00000003,519,519,fit
00024-00000003,520,520,fit
00024-00000003,521,521,fit
00024-00000003,523,523,fit
00024-00000003,524,524,fit
00024-00000003,525,525,fit
00024-00000003,527,527,fit
00024-00000003,528,528,fit
00024-00000003,531,531,fit
00024-00000003,532,532,fit
00024-00000003,533,533,fit
00024-00000003,534,534,fit
00024-00000003,536,536,fit
00024-00000003,537,537,fit
00024-00000003,539,539,fit
00024-00000003,540,540,fit
00024-00000003,542,542,fit
00024-00000003,543,543,fit
00024-00000003,544,544,fit
00024-00000003,546,546,fit
00024-00000003,548,548,fit
00024-00000003,550,550,fit
00024-00000003,552,552,fit
00024-00000003,553,553,fit
00024-00000003,555,555,fit
00024-00000003,556,556,fit
00024-00000003,557,557,fit
00024-00000003,558,558,fit
00024-00000003,559,559,fit
00024-00000003,560,560,fit
00024-00000003,562,562,fit
00024-00000003,563,563,fit
00024-00000003,564,564,fit
00024-00000003,565,565,fit
00024-00000003,566,566,fit
00024-00000003,567,567,fit
00024-00000003,571,571,fit
00024-00000003,572,572,fit
00024-00000003,573,573,fit
00024-00000003,574,574,fit
00024-00000003,576,576,fit
00024-00000003,577,577,fit
00024-00000003,578,578,fit
00024-00000003,579,579,fit
00024-00000003,581,581,fit
00024-00000003,583,583,fit
00024-00000003,585,585,fit
00024-00000003,588,588,fit
00024-00000003,589,589,fit
00024-00000003,590,590,fit
00024-00000003,591,591,fit
00024-00000003,592,592,fit
00024-00000003,593,593,fit
00024-00000003,600,600,fit
00024-00000003,601,601,fit
00024-00000003,603,603,fit
00024-00000003,607,607,fit
00024-00000003,609,609,fit
00024-00000003,611,611,fit
00024-00000003,614,614,fit
00024-00000003,616,616,fit
00024-00000003,617,617,fit
00024-00000003,619,619,fit
00024-00000003,620,620,fit
00024-00000003,624,624,fit
00024-00000003,625,625,fit
00024-00000003,627,627,fit
00024-00000003,631,631,fit
00024-00000003,636,636,fit
00024-00000003,637,637,fit
00024-00000003,638,638,fit
00024-00000003,639,639,fit
00024-00000003,641,641,fit
00024-00000003,642,642,fit
00024-00000003,643,643,fit
00024-00000003,645,645,fit
00024-00000003,646,646,fit
00024-00000003,649,649,fit
00024-00000003,654,654,fit
00024-00000003,655,655,fit
00024-00000003,657,657,fit
00024-00000003,658,658,fit
00024-00000003,659,659,fit
00024-00000003,661,661,fit
00024-00000003,663,663,fit
00024-00000003,664,664,fit
00024-00000003,665,665,fit
00024-00000003,666,666,fit
00024-00000003,667,667,fit
00024-00000003,668,668,fit
00024-00000003,669,669,fit
00024-00000003,670,670,fit
00024-00000003,671,671,fit
00024-00000003,672,672,fit
00024-00000003,673,673,fit
00024-00000003,675,675,fit
00024-00000003,677,677,fit
00024-00000003,678,678,fit
00024-00000003,681,681,fit
00024-00000003,682,682,fit
00024-00000003,685,685,fit
00024-00000003,689,689,fit
00024-00000003,690,690,fit
00024-00000003,694,694,fit
00024-00000003,695,695,fit
00024-00000003,696,696,fit
00024-00000003,698,698,fit
00024-00000003,699,699,fit
00024-00000003,700,700,fit
00024-00000003,701,701,fit
00024-00000003,703,703,fit
00024-00000003,704,704,fit
00024-00000003,705,705,fit
00024-00000003,706,706,fit
00024-00000003,707,707,fit
00024-00000003,710,710,fit
00024-00000003,712,712,fit
00024-00000003,713,713,fit
00024-00000003,714,714,fit
00024-00000003,715,715,fit
00024-00000003,717,717,fit
00024-00000003,718,718,fit
00024-00000003,719,719,fit
00024-00000003,720,720,fit
00024-00000003,721,721,fit
00024-00000003,724,724,fit
00024-00000003,726,726,fit
00024-00000003,728,728,fit
00024-00000003,729,729,fit
00024-00000003,732,732,fit
00024-00000003,733,733,fit
00024-00000003,734,734,fit
00024-00000003,735,735,fit
00024-00000003,739,739,fit
00024-00000003,740,740,fit
00024-00000003,741,741,fit
00024-00000003,742,742,fit
00024-00000003,743,743,fit
00024-00000003,745,745,fit
00024-00000003,749,749,fit
00024-00000003,751,751,fit
00024-00000003,752,752,fit
00024-00000003,753,753,fit
00024-00000003,758,758,fit
00024-00000003,760,760,fit
00024-00000003,763,763,fit
00024-00000003,764,764,fit
00024-00000003,765,765,fit
00024-00000003,766,766,fit
00024-00000003,768,768,fit
00024-00000003,771,771,fit
00024-00000003,772,772,fit
00024-00000003,773,773,fit
00024-00000003,776,776,fit
00024-00000003,778,778,fit
00024-00000003,781,781,fit
00024-00000003,786,786,fit
00024-00000003,787,787,fit
00024-00000003,788,788,fit
00024-00000003,790,790,fit
00024-00000003,792,792,fit
00024-00000003,793,793,fit
00024-00000003,795,795,fit
00024-00000003,796,796,fit
00024-00000003,798,798,fit
00024-00000003,15,15,discovery
00024-00000003,16,16,discovery
00024-00000003,17,17,discovery
00024-00000003,18,18,discovery
00024-00000003,24,24,discovery
00024-00000003,26,26,discovery
00024-00000003,27,27,discovery
00024-00000003,38,38,discovery
00024-00000003,39,39,discovery
00024-00000003,54,54,discovery
00024-00000003,57,57,discovery
00024-00000003,68,68,discovery
00024-00000003,73,73,discovery
00024-00000003,74,74,discovery
00024-00000003,76,76,discovery
00024-00000003,80,80,discovery
00024-00000003,83,83,discovery
00024-00000003,105,105,discovery
00024-00000003,106,106,discovery
00024-00000003,112,112,discovery
00024-00000003,114,114,discovery
00024-00000003,123,123,discovery
00024-00000003,127,127,discovery
00024-00000003,141,141,discovery
00024-00000003,142,142,discovery
00024-00000003,146,146,discovery
00024-00000003,150,150,discovery
00024-00000003,152,152,discovery
00024-00000003,153,153,discovery
00024-00000003,188,188,discovery
00024-00000003,189,189,discovery
00024-00000003,205,205,discovery
00024-00000003,206,206,discovery
00024-00000003,213,213,discovery
00024-00000003,219,219,discovery
00024-00000003,221,221,discovery
00024-00000003,222,222,discovery
00024-00000003,230,230,discovery
00024-00000003,231,231,discovery
00024-00000003,232,232,discovery
00024-00000003,233,233,discovery
00024-00000003,237,237,discovery
00024-00000003,242,242,discovery
00024-00000003,251,251,discovery
00024-00000003,255,255,discovery
00024-00000003,256,256,discovery
00024-00000003,258,258,discovery
00024-00000003,275,275,discovery
00024-00000003,276,276,discovery
00024-00000003,279,279,discovery
00024-00000003,295,295,discovery
00024-00000003,302,302,discovery
00024-00000003,304,304,discovery
00024-00000003,305,305,discovery
00024-00000003,307,307,discovery
00024-00000003,311,311,discovery
00024-00000003,312,312,discovery
00024-00000003,316,316,discovery
00024-00000003,317,317,discovery
00024-00000003,326,326,discovery
00024-00000003,330,330,discovery
00024-00000003,336,336,discovery
00024-00000003,340,340,discovery
00024-00000003,349,349,discovery
00024-00000003,353,353,discovery
00024-00000003,356,356,discovery
00024-00000003,358,358,discovery
00024-00000003,359,359,discovery
00024-00000003,367,367,discovery
00024-00000003,372,372,discovery
00024-00000003,385,385,discovery
00024-00000003,388,388,discovery
00024-00000003,391,391,discovery
00024-00000003,393,393,discovery
00024-00000003,394,394,discovery
00024-00000003,398,398,discovery
00024-00000003,400,400,discovery
00024-00000003,401,401,discovery
00024-00000003,404,404,discovery
00024-00000003,411,411,discovery
00024-00000003,415,415,discovery
00024-00000003,418,418,discovery
00024-00000003,419,419,discovery
00024-00000003,425,425,discovery
00024-00000003,426,426,discovery
00024-00000003,428,428,discovery
00024-00000003,440,440,discovery
00024-00000003,445,445,discovery
00024-00000003,468,468,discovery
00024-00000003,472,472,discovery
00024-00000003,481,481,discovery
00024-00000003,489,489,discovery
00024-00000003,492,492,discovery
00024-00000003,494,494,discovery
00024-00000003,495,495,discovery
00024-00000003,499,499,discovery
00024-00000003,500,500,discovery
00024-00000003,507,507,discovery
00024-00000003,526,526,discovery
00024-00000003,530,530,discovery
00024-00000003,541,541,discovery
00024-00000003,545,545,discovery
00024-00000003,568,568,discovery
00024-00000003,569,569,discovery
00024-00000003,570,570,discovery
00024-00000003,575,575,discovery
00024-00000003,582,582,discovery
00024-00000003,586,586,discovery
00024-00000003,587,587,discovery
00024-00000003,595,595,discovery
00024-00000003,598,598,discovery
00024-00000003,599,599,discovery
00024-00000003,606,606,discovery
00024-00000003,608,608,discovery
00024-00000003,610,610,discovery
00024-00000003,613,613,discovery
00024-00000003,618,618,discovery
00024-00000003,621,621,discovery
00024-00000003,622,622,discovery
00024-00000003,626,626,discovery
00024-00000003,628,628,discovery
00024-00000003,629,629,discovery
00024-00000003,630,630,discovery
00024-00000003,632,632,discovery
00024-00000003,634,634,discovery
00024-00000003,647,647,discovery
00024-00000003,648,648,discovery
00024-00000003,652,652,discovery
00024-00000003,653,653,discovery
00024-00000003,662,662,discovery
00024-00000003,674,674,discovery
00024-00000003,687,687,discovery
00024-00000003,688,688,discovery
00024-00000003,693,693,discovery
00024-00000003,697,697,discovery
00024-00000003,702,702,discovery
00024-00000003,716,716,discovery
00024-00000003,722,722,discovery
00024-00000003,723,723,discovery
00024-00000003,725,725,discovery
00024-00000003,727,727,discovery
00024-00000003,730,730,discovery
00024-00000003,736,736,discovery
00024-00000003,737,737,discovery
00024-00000003,744,744,discovery
00024-00000003,748,748,discovery
00024-00000003,756,756,discovery
00024-00000003,757,757,discovery
00024-00000003,759,759,discovery
00024-00000003,761,761,discovery
00024-00000003,767,767,discovery
00024-00000003,769,769,discovery
00024-00000003,777,777,discovery
00024-00000003,783,783,discovery
00024-00000003,784,784,discovery
00024-00000003,785,785,discovery
00024-00000003,789,789,discovery
00024-00000003,791,791,discovery
00024-00000003,794,794,discovery
00024-00000003,797,797,discovery
00024-00000003,0,0,confirmation
00024-00000003,2,2,confirmation
00024-00000003,3,3,confirmation
00024-00000003,12,12,confirmation
00024-00000003,22,22,confirmation
00024-00000003,25,25,confirmation
00024-00000003,29,29,confirmation
00024-00000003,32,32,confirmation
00024-00000003,33,33,confirmation
00024-00000003,40,40,confirmation
00024-00000003,43,43,confirmation
00024-00000003,44,44,confirmation
00024-00000003,55,55,confirmation
00024-00000003,58,58,confirmation
00024-00000003,59,59,confirmation
00024-00000003,70,70,confirmation
00024-00000003,79,79,confirmation
00024-00000003,86,86,confirmation
00024-00000003,89,89,confirmation
00024-00000003,91,91,confirmation
00024-00000003,94,94,confirmation
00024-00000003,108,108,confirmation
00024-00000003,109,109,confirmation
00024-00000003,111,111,confirmation
00024-00000003,113,113,confirmation
00024-00000003,117,117,confirmation
00024-00000003,121,121,confirmation
00024-00000003,122,122,confirmation
00024-00000003,125,125,confirmation
00024-00000003,126,126,confirmation
00024-00000003,134,134,confirmation
00024-00000003,135,135,confirmation
00024-00000003,143,143,confirmation
00024-00000003,155,155,confirmation
00024-00000003,158,158,confirmation
00024-00000003,162,162,confirmation
00024-00000003,165,165,confirmation
00024-00000003,166,166,confirmation
00024-00000003,168,168,confirmation
00024-00000003,173,173,confirmation
00024-00000003,174,174,confirmation
00024-00000003,178,178,confirmation
00024-00000003,179,179,confirmation
00024-00000003,182,182,confirmation
00024-00000003,187,187,confirmation
00024-00000003,214,214,confirmation
00024-00000003,215,215,confirmation
00024-00000003,217,217,confirmation
00024-00000003,218,218,confirmation
00024-00000003,224,224,confirmation
00024-00000003,228,228,confirmation
00024-00000003,236,236,confirmation
00024-00000003,239,239,confirmation
00024-00000003,261,261,confirmation
00024-00000003,267,267,confirmation
00024-00000003,271,271,confirmation
00024-00000003,274,274,confirmation
00024-00000003,282,282,confirmation
00024-00000003,285,285,confirmation
00024-00000003,289,289,confirmation
00024-00000003,291,291,confirmation
00024-00000003,292,292,confirmation
00024-00000003,294,294,confirmation
00024-00000003,309,309,confirmation
00024-00000003,315,315,confirmation
00024-00000003,318,318,confirmation
00024-00000003,321,321,confirmation
00024-00000003,322,322,confirmation
00024-00000003,324,324,confirmation
00024-00000003,325,325,confirmation
00024-00000003,333,333,confirmation
00024-00000003,342,342,confirmation
00024-00000003,345,345,confirmation
00024-00000003,346,346,confirmation
00024-00000003,347,347,confirmation
00024-00000003,362,362,confirmation
00024-00000003,363,363,confirmation
00024-00000003,364,364,confirmation
00024-00000003,374,374,confirmation
00024-00000003,376,376,confirmation
00024-00000003,379,379,confirmation
00024-00000003,381,381,confirmation
00024-00000003,384,384,confirmation
00024-00000003,386,386,confirmation
00024-00000003,390,390,confirmation
00024-00000003,409,409,confirmation
00024-00000003,417,417,confirmation
00024-00000003,423,423,confirmation
00024-00000003,427,427,confirmation
00024-00000003,430,430,confirmation
00024-00000003,434,434,confirmation
00024-00000003,437,437,confirmation
00024-00000003,454,454,confirmation
00024-00000003,456,456,confirmation
00024-00000003,459,459,confirmation
00024-00000003,460,460,confirmation
00024-00000003,475,475,confirmation
00024-00000003,476,476,confirmation
00024-00000003,482,482,confirmation
00024-00000003,483,483,confirmation
00024-00000003,496,496,confirmation
00024-00000003,497,497,confirmation
00024-00000003,501,501,confirmation
00024-00000003,506,506,confirmation
00024-00000003,513,513,confirmation
00024-00000003,518,518,confirmation
00024-00000003,522,522,confirmation
00024-00000003,529,529,confirmation
00024-00000003,535,535,confirmation
00024-00000003,538,538,confirmation
00024-00000003,547,547,confirmation
00024-00000003,549,549,confirmation
00024-00000003,551,551,confirmation
00024-00000003,554,554,confirmation
00024-00000003,561,561,confirmation
00024-00000003,580,580,confirmation
00024-00000003,584,584,confirmation
00024-00000003,594,594,confirmation
00024-00000003,596,596,confirmation
00024-00000003,597,597,confirmation
00024-00000003,602,602,confirmation
00024-00000003,604,604,confirmation
00024-00000003,605,605,confirmation
00024-00000003,612,612,confirmation
00024-00000003,615,615,confirmation
00024-00000003,623,623,confirmation
00024-00000003,633,633,confirmation
00024-00000003,635,635,confirmation
00024-00000003,640,640,confirmation
00024-00000003,644,644,confirmation
00024-00000003,650,650,confirmation
00024-00000003,651,651,confirmation
00024-00000003,656,656,confirmation
00024-00000003,660,660,confirmation
00024-00000003,676,676,confirmation
00024-00000003,679,679,confirmation
00024-00000003,680,680,confirmation
00024-00000003,683,683,confirmation
00024-00000003,684,684,confirmation
00024-00000003,686,686,confirmation
00024-00000003,691,691,confirmation
00024-00000003,692,692,confirmation
00024-00000003,708,708,confirmation
00024-00000003,709,709,confirmation
00024-00000003,711,711,confirmation
00024-00000003,731,731,confirmation
00024-00000003,738,738,confirmation
00024-00000003,746,746,confirmation
00024-00000003,747,747,confirmation
00024-00000003,750,750,confirmation
00024-00000003,754,754,confirmation
00024-00000003,755,755,confirmation
00024-00000003,762,762,confirmation
00024-00000003,770,770,confirmation
00024-00000003,774,774,confirmation
00024-00000003,775,775,confirmation
00024-00000003,779,779,confirmation
00024-00000003,780,780,confirmation
00024-00000003,782,782,confirmation
00024-00000003,799,799,confirmation
00024-00000004,1,1,fit
00024-00000004,2,2,fit
00024-00000004,3,3,fit
00024-00000004,5,5,fit
00024-00000004,6,6,fit
00024-00000004,9,9,fit
00024-00000004,10,10,fit
00024-00000004,11,11,fit
00024-00000004,12,12,fit
00024-00000004,13,13,fit
00024-00000004,14,14,fit
00024-00000004,15,15,fit
00024-00000004,16,16,fit
00024-00000004,17,17,fit
00024-00000004,18,18,fit
00024-00000004,21,21,fit
00024-00000004,22,22,fit
00024-00000004,25,25,fit
00024-00000004,26,26,fit
00024-00000004,27,27,fit
00024-00000004,28,28,fit
00024-00000004,29,29,fit
00024-00000004,33,33,fit
00024-00000004,34,34,fit
00024-00000004,35,35,fit
00024-00000004,36,36,fit
00024-00000004,38,38,fit
00024-00000004,41,41,fit
00024-00000004,42,42,fit
00024-00000004,43,43,fit
00024-00000004,45,45,fit
00024-00000004,46,46,fit
00024-00000004,48,48,fit
00024-00000004,49,49,fit
00024-00000004,50,50,fit
00024-00000004,51,51,fit
00024-00000004,55,55,fit
00024-00000004,56,56,fit
00024-00000004,58,58,fit
00024-00000004,59,59,fit
00024-00000004,60,60,fit
00024-00000004,63,63,fit
00024-00000004,64,64,fit
00024-00000004,65,65,fit
00024-00000004,68,68,fit
00024-00000004,70,70,fit
00024-00000004,71,71,fit
00024-00000004,72,72,fit
00024-00000004,73,73,fit
00024-00000004,74,74,fit
00024-00000004,75,75,fit
00024-00000004,76,76,fit
00024-00000004,80,80,fit
00024-00000004,81,81,fit
00024-00000004,82,82,fit
00024-00000004,83,83,fit
00024-00000004,84,84,fit
00024-00000004,85,85,fit
00024-00000004,86,86,fit
00024-00000004,89,89,fit
00024-00000004,90,90,fit
00024-00000004,91,91,fit
00024-00000004,92,92,fit
00024-00000004,95,95,fit
00024-00000004,96,96,fit
00024-00000004,97,97,fit
00024-00000004,98,98,fit
00024-00000004,99,99,fit
00024-00000004,100,100,fit
00024-00000004,101,101,fit
00024-00000004,102,102,fit
00024-00000004,104,104,fit
00024-00000004,106,106,fit
00024-00000004,108,108,fit
00024-00000004,109,109,fit
00024-00000004,110,110,fit
00024-00000004,112,112,fit
00024-00000004,115,115,fit
00024-00000004,116,116,fit
00024-00000004,117,117,fit
00024-00000004,118,118,fit
00024-00000004,119,119,fit
00024-00000004,120,120,fit
00024-00000004,122,122,fit
00024-00000004,124,124,fit
00024-00000004,125,125,fit
00024-00000004,127,127,fit
00024-00000004,128,128,fit
00024-00000004,129,129,fit
00024-00000004,130,130,fit
00024-00000004,131,131,fit
00024-00000004,134,134,fit
00024-00000004,135,135,fit
00024-00000004,136,136,fit
00024-00000004,138,138,fit
00024-00000004,140,140,fit
00024-00000004,142,142,fit
00024-00000004,143,143,fit
00024-00000004,145,145,fit
00024-00000004,149,149,fit
00024-00000004,150,150,fit
00024-00000004,151,151,fit
00024-00000004,152,152,fit
00024-00000004,153,153,fit
00024-00000004,157,157,fit
00024-00000004,158,158,fit
00024-00000004,159,159,fit
00024-00000004,160,160,fit
00024-00000004,161,161,fit
00024-00000004,162,162,fit
00024-00000004,163,163,fit
00024-00000004,166,166,fit
00024-00000004,167,167,fit
00024-00000004,174,174,fit
00024-00000004,175,175,fit
00024-00000004,176,176,fit
00024-00000004,177,177,fit
00024-00000004,179,179,fit
00024-00000004,181,181,fit
00024-00000004,183,183,fit
00024-00000004,186,186,fit
00024-00000004,187,187,fit
00024-00000004,189,189,fit
00024-00000004,190,190,fit
00024-00000004,191,191,fit
00024-00000004,192,192,fit
00024-00000004,193,193,fit
00024-00000004,194,194,fit
00024-00000004,196,196,fit
00024-00000004,197,197,fit
00024-00000004,201,201,fit
00024-00000004,202,202,fit
00024-00000004,204,204,fit
00024-00000004,205,205,fit
00024-00000004,206,206,fit
00024-00000004,207,207,fit
00024-00000004,210,210,fit
00024-00000004,212,212,fit
00024-00000004,213,213,fit
00024-00000004,215,215,fit
00024-00000004,216,216,fit
00024-00000004,218,218,fit
00024-00000004,219,219,fit
00024-00000004,222,222,fit
00024-00000004,223,223,fit
00024-00000004,224,224,fit
00024-00000004,225,225,fit
00024-00000004,226,226,fit
00024-00000004,227,227,fit
00024-00000004,228,228,fit
00024-00000004,230,230,fit
00024-00000004,233,233,fit
00024-00000004,234,234,fit
00024-00000004,235,235,fit
00024-00000004,241,241,fit
00024-00000004,243,243,fit
00024-00000004,244,244,fit
00024-00000004,245,245,fit
00024-00000004,247,247,fit
00024-00000004,250,250,fit
00024-00000004,251,251,fit
00024-00000004,252,252,fit
00024-00000004,253,253,fit
00024-00000004,254,254,fit
00024-00000004,258,258,fit
00024-00000004,259,259,fit
00024-00000004,260,260,fit
00024-00000004,261,261,fit
00024-00000004,262,262,fit
00024-00000004,265,265,fit
00024-00000004,266,266,fit
00024-00000004,268,268,fit
00024-00000004,269,269,fit
00024-00000004,270,270,fit
00024-00000004,272,272,fit
00024-00000004,276,276,fit
00024-00000004,277,277,fit
00024-00000004,278,278,fit
00024-00000004,280,280,fit
00024-00000004,282,282,fit
00024-00000004,283,283,fit
00024-00000004,284,284,fit
00024-00000004,288,288,fit
00024-00000004,289,289,fit
00024-00000004,290,290,fit
00024-00000004,292,292,fit
00024-00000004,295,295,fit
00024-00000004,297,297,fit
00024-00000004,298,298,fit
00024-00000004,299,299,fit
00024-00000004,300,300,fit
00024-00000004,301,301,fit
00024-00000004,303,303,fit
00024-00000004,304,304,fit
00024-00000004,305,305,fit
00024-00000004,308,308,fit
00024-00000004,310,310,fit
00024-00000004,311,311,fit
00024-00000004,312,312,fit
00024-00000004,313,313,fit
00024-00000004,314,314,fit
00024-00000004,317,317,fit
00024-00000004,318,318,fit
00024-00000004,320,320,fit
00024-00000004,321,321,fit
00024-00000004,322,322,fit
00024-00000004,323,323,fit
00024-00000004,326,326,fit
00024-00000004,327,327,fit
00024-00000004,329,329,fit
00024-00000004,330,330,fit
00024-00000004,331,331,fit
00024-00000004,332,332,fit
00024-00000004,333,333,fit
00024-00000004,335,335,fit
00024-00000004,336,336,fit
00024-00000004,339,339,fit
00024-00000004,340,340,fit
00024-00000004,342,342,fit
00024-00000004,345,345,fit
00024-00000004,346,346,fit
00024-00000004,348,348,fit
00024-00000004,350,350,fit
00024-00000004,351,351,fit
00024-00000004,354,354,fit
00024-00000004,358,358,fit
00024-00000004,359,359,fit
00024-00000004,361,361,fit
00024-00000004,364,364,fit
00024-00000004,367,367,fit
00024-00000004,368,368,fit
00024-00000004,371,371,fit
00024-00000004,373,373,fit
00024-00000004,374,374,fit
00024-00000004,378,378,fit
00024-00000004,379,379,fit
00024-00000004,385,385,fit
00024-00000004,386,386,fit
00024-00000004,387,387,fit
00024-00000004,388,388,fit
00024-00000004,392,392,fit
00024-00000004,393,393,fit
00024-00000004,395,395,fit
00024-00000004,396,396,fit
00024-00000004,397,397,fit
00024-00000004,400,400,fit
00024-00000004,404,404,fit
00024-00000004,408,408,fit
00024-00000004,410,410,fit
00024-00000004,411,411,fit
00024-00000004,412,412,fit
00024-00000004,413,413,fit
00024-00000004,415,415,fit
00024-00000004,416,416,fit
00024-00000004,418,418,fit
00024-00000004,419,419,fit
00024-00000004,420,420,fit
00024-00000004,421,421,fit
00024-00000004,424,424,fit
00024-00000004,429,429,fit
00024-00000004,430,430,fit
00024-00000004,431,431,fit
00024-00000004,432,432,fit
00024-00000004,433,433,fit
00024-00000004,434,434,fit
00024-00000004,435,435,fit
00024-00000004,436,436,fit
00024-00000004,440,440,fit
00024-00000004,442,442,fit
00024-00000004,444,444,fit
00024-00000004,445,445,fit
00024-00000004,446,446,fit
00024-00000004,447,447,fit
00024-00000004,452,452,fit
00024-00000004,454,454,fit
00024-00000004,457,457,fit
00024-00000004,458,458,fit
00024-00000004,459,459,fit
00024-00000004,460,460,fit
00024-00000004,463,463,fit
00024-00000004,465,465,fit
00024-00000004,469,469,fit
00024-00000004,471,471,fit
00024-00000004,473,473,fit
00024-00000004,475,475,fit
00024-00000004,477,477,fit
00024-00000004,478,478,fit
00024-00000004,480,480,fit
00024-00000004,482,482,fit
00024-00000004,484,484,fit
00024-00000004,486,486,fit
00024-00000004,489,489,fit
00024-00000004,491,491,fit
00024-00000004,492,492,fit
00024-00000004,493,493,fit
00024-00000004,495,495,fit
00024-00000004,496,496,fit
00024-00000004,497,497,fit
00024-00000004,501,501,fit
00024-00000004,502,502,fit
00024-00000004,503,503,fit
00024-00000004,504,504,fit
00024-00000004,506,506,fit
00024-00000004,507,507,fit
00024-00000004,508,508,fit
00024-00000004,509,509,fit
00024-00000004,510,510,fit
00024-00000004,511,511,fit
00024-00000004,513,513,fit
00024-00000004,516,516,fit
00024-00000004,517,517,fit
00024-00000004,518,518,fit
00024-00000004,519,519,fit
00024-00000004,525,525,fit
00024-00000004,527,527,fit
00024-00000004,528,528,fit
00024-00000004,529,529,fit
00024-00000004,530,530,fit
00024-00000004,531,531,fit
00024-00000004,534,534,fit
00024-00000004,536,536,fit
00024-00000004,538,538,fit
00024-00000004,540,540,fit
00024-00000004,541,541,fit
00024-00000004,542,542,fit
00024-00000004,543,543,fit
00024-00000004,546,546,fit
00024-00000004,547,547,fit
00024-00000004,548,548,fit
00024-00000004,549,549,fit
00024-00000004,550,550,fit
00024-00000004,554,554,fit
00024-00000004,556,556,fit
00024-00000004,561,561,fit
00024-00000004,563,563,fit
00024-00000004,566,566,fit
00024-00000004,568,568,fit
00024-00000004,569,569,fit
00024-00000004,571,571,fit
00024-00000004,574,574,fit
00024-00000004,575,575,fit
00024-00000004,576,576,fit
00024-00000004,578,578,fit
00024-00000004,580,580,fit
00024-00000004,582,582,fit
00024-00000004,585,585,fit
00024-00000004,587,587,fit
00024-00000004,588,588,fit
00024-00000004,589,589,fit
00024-00000004,590,590,fit
00024-00000004,592,592,fit
00024-00000004,597,597,fit
00024-00000004,601,601,fit
00024-00000004,603,603,fit
00024-00000004,604,604,fit
00024-00000004,606,606,fit
00024-00000004,611,611,fit
00024-00000004,615,615,fit
00024-00000004,617,617,fit
00024-00000004,618,618,fit
00024-00000004,619,619,fit
00024-00000004,620,620,fit
00024-00000004,622,622,fit
00024-00000004,623,623,fit
00024-00000004,624,624,fit
00024-00000004,627,627,fit
00024-00000004,629,629,fit
00024-00000004,630,630,fit
00024-00000004,631,631,fit
00024-00000004,632,632,fit
00024-00000004,633,633,fit
00024-00000004,635,635,fit
00024-00000004,637,637,fit
00024-00000004,639,639,fit
00024-00000004,641,641,fit
00024-00000004,642,642,fit
00024-00000004,643,643,fit
00024-00000004,644,644,fit
00024-00000004,645,645,fit
00024-00000004,647,647,fit
00024-00000004,648,648,fit
00024-00000004,651,651,fit
00024-00000004,653,653,fit
00024-00000004,654,654,fit
00024-00000004,656,656,fit
00024-00000004,657,657,fit
00024-00000004,658,658,fit
00024-00000004,659,659,fit
00024-00000004,661,661,fit
00024-00000004,662,662,fit
00024-00000004,665,665,fit
00024-00000004,666,666,fit
00024-00000004,667,667,fit
00024-00000004,668,668,fit
00024-00000004,670,670,fit
00024-00000004,671,671,fit
00024-00000004,673,673,fit
00024-00000004,674,674,fit
00024-00000004,675,675,fit
00024-00000004,676,676,fit
00024-00000004,677,677,fit
00024-00000004,680,680,fit
00024-00000004,682,682,fit
00024-00000004,683,683,fit
00024-00000004,685,685,fit
00024-00000004,687,687,fit
00024-00000004,688,688,fit
00024-00000004,690,690,fit
00024-00000004,693,693,fit
00024-00000004,694,694,fit
00024-00000004,696,696,fit
00024-00000004,697,697,fit
00024-00000004,698,698,fit
00024-00000004,699,699,fit
00024-00000004,701,701,fit
00024-00000004,702,702,fit
00024-00000004,703,703,fit
00024-00000004,704,704,fit
00024-00000004,706,706,fit
00024-00000004,707,707,fit
00024-00000004,708,708,fit
00024-00000004,710,710,fit
00024-00000004,711,711,fit
00024-00000004,712,712,fit
00024-00000004,713,713,fit
00024-00000004,714,714,fit
00024-00000004,715,715,fit
00024-00000004,718,718,fit
00024-00000004,719,719,fit
00024-00000004,721,721,fit
00024-00000004,722,722,fit
00024-00000004,728,728,fit
00024-00000004,729,729,fit
00024-00000004,731,731,fit
00024-00000004,732,732,fit
00024-00000004,734,734,fit
00024-00000004,735,735,fit
00024-00000004,738,738,fit
00024-00000004,739,739,fit
00024-00000004,742,742,fit
00024-00000004,745,745,fit
00024-00000004,746,746,fit
00024-00000004,747,747,fit
00024-00000004,748,748,fit
00024-00000004,749,749,fit
00024-00000004,750,750,fit
00024-00000004,751,751,fit
00024-00000004,755,755,fit
00024-00000004,757,757,fit
00024-00000004,758,758,fit
00024-00000004,760,760,fit
00024-00000004,761,761,fit
00024-00000004,762,762,fit
00024-00000004,763,763,fit
00024-00000004,764,764,fit
00024-00000004,768,768,fit
00024-00000004,769,769,fit
00024-00000004,770,770,fit
00024-00000004,771,771,fit
00024-00000004,772,772,fit
00024-00000004,774,774,fit
00024-00000004,775,775,fit
00024-00000004,777,777,fit
00024-00000004,779,779,fit
00024-00000004,780,780,fit
00024-00000004,781,781,fit
00024-00000004,782,782,fit
00024-00000004,783,783,fit
00024-00000004,784,784,fit
00024-00000004,786,786,fit
00024-00000004,787,787,fit
00024-00000004,788,788,fit
00024-00000004,789,789,fit
00024-00000004,790,790,fit
00024-00000004,791,791,fit
00024-00000004,792,792,fit
00024-00000004,4,4,discovery
00024-00000004,8,8,discovery
00024-00000004,20,20,discovery
00024-00000004,23,23,discovery
00024-00000004,37,37,discovery
00024-00000004,62,62,discovery
00024-00000004,66,66,discovery
00024-00000004,67,67,discovery
00024-00000004,69,69,discovery
00024-00000004,77,77,discovery
00024-00000004,87,87,discovery
00024-00000004,94,94,discovery
00024-00000004,105,105,discovery
00024-00000004,107,107,discovery
00024-00000004,113,113,discovery
00024-00000004,114,114,discovery
00024-00000004,123,123,discovery
00024-00000004,137,137,discovery
00024-00000004,139,139,discovery
00024-00000004,141,141,discovery
00024-00000004,144,144,discovery
00024-00000004,148,148,discovery
00024-00000004,155,155,discovery
00024-00000004,169,169,discovery
00024-00000004,171,171,discovery
00024-00000004,173,173,discovery
00024-00000004,178,178,discovery
00024-00000004,180,180,discovery
00024-00000004,195,195,discovery
00024-00000004,199,199,discovery
00024-00000004,200,200,discovery
00024-00000004,203,203,discovery
00024-00000004,217,217,discovery
00024-00000004,220,220,discovery
00024-00000004,231,231,discovery
00024-00000004,236,236,discovery
00024-00000004,237,237,discovery
00024-00000004,239,239,discovery
00024-00000004,240,240,discovery
00024-00000004,242,242,discovery
00024-00000004,249,249,discovery
00024-00000004,256,256,discovery
00024-00000004,263,263,discovery
00024-00000004,267,267,discovery
00024-00000004,274,274,discovery
00024-00000004,275,275,discovery
00024-00000004,279,279,discovery
00024-00000004,286,286,discovery
00024-00000004,291,291,discovery
00024-00000004,294,294,discovery
00024-00000004,296,296,discovery
00024-00000004,302,302,discovery
00024-00000004,319,319,discovery
00024-00000004,324,324,discovery
00024-00000004,325,325,discovery
00024-00000004,338,338,discovery
00024-00000004,341,341,discovery
00024-00000004,343,343,discovery
00024-00000004,344,344,discovery
00024-00000004,347,347,discovery
00024-00000004,352,352,discovery
00024-00000004,356,356,discovery
00024-00000004,357,357,discovery
00024-00000004,362,362,discovery
00024-00000004,363,363,discovery
00024-00000004,365,365,discovery
00024-00000004,366,366,discovery
00024-00000004,372,372,discovery
00024-00000004,375,375,discovery
00024-00000004,376,376,discovery
00024-00000004,377,377,discovery
00024-00000004,383,383,discovery
00024-00000004,389,389,discovery
00024-00000004,394,394,discovery
00024-00000004,398,398,discovery
00024-00000004,399,399,discovery
00024-00000004,403,403,discovery
00024-00000004,405,405,discovery
00024-00000004,406,406,discovery
00024-00000004,407,407,discovery
00024-00000004,422,422,discovery
00024-00000004,425,425,discovery
00024-00000004,427,427,discovery
00024-00000004,428,428,discovery
00024-00000004,437,437,discovery
00024-00000004,439,439,discovery
00024-00000004,443,443,discovery
00024-00000004,448,448,discovery
00024-00000004,451,451,discovery
00024-00000004,453,453,discovery
00024-00000004,456,456,discovery
00024-00000004,461,461,discovery
00024-00000004,464,464,discovery
00024-00000004,466,466,discovery
00024-00000004,468,468,discovery
00024-00000004,474,474,discovery
00024-00000004,476,476,discovery
00024-00000004,479,479,discovery
00024-00000004,481,481,discovery
00024-00000004,483,483,discovery
00024-00000004,485,485,discovery
00024-00000004,488,488,discovery
00024-00000004,490,490,discovery
00024-00000004,494,494,discovery
00024-00000004,500,500,discovery
00024-00000004,505,505,discovery
00024-00000004,514,514,discovery
00024-00000004,521,521,discovery
00024-00000004,524,524,discovery
00024-00000004,537,537,discovery
00024-00000004,552,552,discovery
00024-00000004,553,553,discovery
00024-00000004,558,558,discovery
00024-00000004,559,559,discovery
00024-00000004,562,562,discovery
00024-00000004,564,564,discovery
00024-00000004,565,565,discovery
00024-00000004,567,567,discovery
00024-00000004,581,581,discovery
00024-00000004,598,598,discovery
00024-00000004,599,599,discovery
00024-00000004,602,602,discovery
00024-00000004,607,607,discovery
00024-00000004,609,609,discovery
00024-00000004,626,626,discovery
00024-00000004,628,628,discovery
00024-00000004,634,634,discovery
00024-00000004,638,638,discovery
00024-00000004,640,640,discovery
00024-00000004,646,646,discovery
00024-00000004,649,649,discovery
00024-00000004,652,652,discovery
00024-00000004,660,660,discovery
00024-00000004,664,664,discovery
00024-00000004,669,669,discovery
00024-00000004,672,672,discovery
00024-00000004,678,678,discovery
00024-00000004,679,679,discovery
00024-00000004,681,681,discovery
00024-00000004,684,684,discovery
00024-00000004,686,686,discovery
00024-00000004,689,689,discovery
00024-00000004,700,700,discovery
00024-00000004,705,705,discovery
00024-00000004,716,716,discovery
00024-00000004,720,720,discovery
00024-00000004,723,723,discovery
00024-00000004,724,724,discovery
00024-00000004,725,725,discovery
00024-00000004,726,726,discovery
00024-00000004,730,730,discovery
00024-00000004,740,740,discovery
00024-00000004,744,744,discovery
00024-00000004,752,752,discovery
00024-00000004,754,754,discovery
00024-00000004,766,766,discovery
00024-00000004,776,776,discovery
00024-00000004,778,778,discovery
00024-00000004,793,793,discovery
00024-00000004,0,0,confirmation
00024-00000004,7,7,confirmation
00024-00000004,19,19,confirmation
00024-00000004,24,24,confirmation
00024-00000004,30,30,confirmation
00024-00000004,31,31,confirmation
00024-00000004,32,32,confirmation
00024-00000004,39,39,confirmation
00024-00000004,40,40,confirmation
00024-00000004,44,44,confirmation
00024-00000004,47,47,confirmation
00024-00000004,52,52,confirmation
00024-00000004,53,53,confirmation
00024-00000004,54,54,confirmation
00024-00000004,57,57,confirmation
00024-00000004,61,61,confirmation
00024-00000004,78,78,confirmation
00024-00000004,79,79,confirmation
00024-00000004,88,88,confirmation
00024-00000004,93,93,confirmation
00024-00000004,103,103,confirmation
00024-00000004,111,111,confirmation
00024-00000004,121,121,confirmation
00024-00000004,126,126,confirmation
00024-00000004,132,132,confirmation
00024-00000004,133,133,confirmation
00024-00000004,146,146,confirmation
00024-00000004,147,147,confirmation
00024-00000004,154,154,confirmation
00024-00000004,156,156,confirmation
00024-00000004,164,164,confirmation
00024-00000004,165,165,confirmation
00024-00000004,168,168,confirmation
00024-00000004,170,170,confirmation
00024-00000004,172,172,confirmation
00024-00000004,182,182,confirmation
00024-00000004,184,184,confirmation
00024-00000004,185,185,confirmation
00024-00000004,188,188,confirmation
00024-00000004,198,198,confirmation
00024-00000004,208,208,confirmation
00024-00000004,209,209,confirmation
00024-00000004,211,211,confirmation
00024-00000004,214,214,confirmation
00024-00000004,221,221,confirmation
00024-00000004,229,229,confirmation
00024-00000004,232,232,confirmation
00024-00000004,238,238,confirmation
00024-00000004,246,246,confirmation
00024-00000004,248,248,confirmation
00024-00000004,255,255,confirmation
00024-00000004,257,257,confirmation
00024-00000004,264,264,confirmation
00024-00000004,271,271,confirmation
00024-00000004,273,273,confirmation
00024-00000004,281,281,confirmation
00024-00000004,285,285,confirmation
00024-00000004,287,287,confirmation
00024-00000004,293,293,confirmation
00024-00000004,306,306,confirmation
00024-00000004,307,307,confirmation
00024-00000004,309,309,confirmation
00024-00000004,315,315,confirmation
00024-00000004,316,316,confirmation
00024-00000004,328,328,confirmation
00024-00000004,334,334,confirmation
00024-00000004,337,337,confirmation
00024-00000004,349,349,confirmation
00024-00000004,353,353,confirmation
00024-00000004,355,355,confirmation
00024-00000004,360,360,confirmation
00024-00000004,369,369,confirmation
00024-00000004,370,370,confirmation
00024-00000004,380,380,confirmation
00024-00000004,381,381,confirmation
00024-00000004,382,382,confirmation
00024-00000004,384,384,confirmation
00024-00000004,390,390,confirmation
00024-00000004,391,391,confirmation
00024-00000004,401,401,confirmation
00024-00000004,402,402,confirmation
00024-00000004,409,409,confirmation
00024-00000004,414,414,confirmation
00024-00000004,417,417,confirmation
00024-00000004,423,423,confirmation
00024-00000004,426,426,confirmation
00024-00000004,438,438,confirmation
00024-00000004,441,441,confirmation
00024-00000004,449,449,confirmation
00024-00000004,450,450,confirmation
00024-00000004,455,455,confirmation
00024-00000004,462,462,confirmation
00024-00000004,467,467,confirmation
00024-00000004,470,470,confirmation
00024-00000004,472,472,confirmation
00024-00000004,487,487,confirmation
00024-00000004,498,498,confirmation
00024-00000004,499,499,confirmation
00024-00000004,512,512,confirmation
00024-00000004,515,515,confirmation
00024-00000004,520,520,confirmation
00024-00000004,522,522,confirmation
00024-00000004,523,523,confirmation
00024-00000004,526,526,confirmation
00024-00000004,532,532,confirmation
00024-00000004,533,533,confirmation
00024-00000004,535,535,confirmation
00024-00000004,539,539,confirmation
00024-00000004,544,544,confirmation
00024-00000004,545,545,confirmation
00024-00000004,551,551,confirmation
00024-00000004,555,555,confirmation
00024-00000004,557,557,confirmation
00024-00000004,560,560,confirmation
00024-00000004,570,570,confirmation
00024-00000004,572,572,confirmation
00024-00000004,573,573,confirmation
00024-00000004,577,577,confirmation
00024-00000004,579,579,confirmation
00024-00000004,583,583,confirmation
00024-00000004,584,584,confirmation
00024-00000004,586,586,confirmation
00024-00000004,591,591,confirmation
00024-00000004,593,593,confirmation
00024-00000004,594,594,confirmation
00024-00000004,595,595,confirmation
00024-00000004,596,596,confirmation
00024-00000004,600,600,confirmation
00024-00000004,605,605,confirmation
00024-00000004,608,608,confirmation
00024-00000004,610,610,confirmation
00024-00000004,612,612,confirmation
00024-00000004,613,613,confirmation
00024-00000004,614,614,confirmation
00024-00000004,616,616,confirmation
00024-00000004,621,621,confirmation
00024-00000004,625,625,confirmation
00024-00000004,636,636,confirmation
00024-00000004,650,650,confirmation
00024-00000004,655,655,confirmation
00024-00000004,663,663,confirmation
00024-00000004,691,691,confirmation
00024-00000004,692,692,confirmation
00024-00000004,695,695,confirmation
00024-00000004,709,709,confirmation
00024-00000004,717,717,confirmation
00024-00000004,727,727,confirmation
00024-00000004,733,733,confirmation
00024-00000004,736,736,confirmation
00024-00000004,737,737,confirmation
00024-00000004,741,741,confirmation
00024-00000004,743,743,confirmation
00024-00000004,753,753,confirmation
00024-00000004,756,756,confirmation
00024-00000004,759,759,confirmation
00024-00000004,765,765,confirmation
00024-00000004,767,767,confirmation
00024-00000004,773,773,confirmation
00024-00000004,785,785,confirmation
00025-00000001,0,0,fit
00025-00000001,2,2,fit
00025-00000001,3,3,fit
00025-00000001,4,4,fit
00025-00000001,5,5,fit
00025-00000001,6,6,fit
00025-00000001,7,7,fit
00025-00000001,10,10,fit
00025-00000001,13,13,fit
00025-00000001,14,14,fit
00025-00000001,18,18,fit
00025-00000001,24,24,fit
00025-00000001,25,25,fit
00025-00000001,26,26,fit
00025-00000001,27,27,fit
00025-00000001,28,28,fit
00025-00000001,29,29,fit
00025-00000001,30,30,fit
00025-00000001,32,32,fit
00025-00000001,33,33,fit
00025-00000001,35,35,fit
00025-00000001,39,39,fit
00025-00000001,40,40,fit
00025-00000001,42,42,fit
00025-00000001,43,43,fit
00025-00000001,44,44,fit
00025-00000001,45,45,fit
00025-00000001,46,46,fit
00025-00000001,47,47,fit
00025-00000001,48,48,fit
00025-00000001,49,49,fit
00025-00000001,51,51,fit
00025-00000001,52,52,fit
00025-00000001,53,53,fit
00025-00000001,55,55,fit
00025-00000001,57,57,fit
00025-00000001,58,58,fit
00025-00000001,59,59,fit
00025-00000001,61,61,fit
00025-00000001,62,62,fit
00025-00000001,66,66,fit
00025-00000001,67,67,fit
00025-00000001,68,68,fit
00025-00000001,69,69,fit
00025-00000001,71,71,fit
00025-00000001,73,73,fit
00025-00000001,75,75,fit
00025-00000001,76,76,fit
00025-00000001,78,78,fit
00025-00000001,79,79,fit
00025-00000001,80,80,fit
00025-00000001,81,81,fit
00025-00000001,82,82,fit
00025-00000001,85,85,fit
00025-00000001,86,86,fit
00025-00000001,88,88,fit
00025-00000001,89,89,fit
00025-00000001,90,90,fit
00025-00000001,93,93,fit
00025-00000001,94,94,fit
00025-00000001,98,98,fit
00025-00000001,100,100,fit
00025-00000001,101,101,fit
00025-00000001,103,103,fit
00025-00000001,104,104,fit
00025-00000001,108,108,fit
00025-00000001,109,109,fit
00025-00000001,110,110,fit
00025-00000001,112,112,fit
00025-00000001,113,113,fit
00025-00000001,114,114,fit
00025-00000001,115,115,fit
00025-00000001,117,117,fit
00025-00000001,118,118,fit
00025-00000001,121,121,fit
00025-00000001,122,122,fit
00025-00000001,123,123,fit
00025-00000001,124,124,fit
00025-00000001,125,125,fit
00025-00000001,126,126,fit
00025-00000001,127,127,fit
00025-00000001,128,128,fit
00025-00000001,131,131,fit
00025-00000001,132,132,fit
00025-00000001,133,133,fit
00025-00000001,134,134,fit
00025-00000001,135,135,fit
00025-00000001,140,140,fit
00025-00000001,141,141,fit
00025-00000001,145,145,fit
00025-00000001,147,147,fit
00025-00000001,148,148,fit
00025-00000001,149,149,fit
00025-00000001,151,151,fit
00025-00000001,154,154,fit
00025-00000001,155,155,fit
00025-00000001,156,156,fit
00025-00000001,158,158,fit
00025-00000001,160,160,fit
00025-00000001,161,161,fit
00025-00000001,163,163,fit
00025-00000001,165,165,fit
00025-00000001,166,166,fit
00025-00000001,167,167,fit
00025-00000001,168,168,fit
00025-00000001,169,169,fit
00025-00000001,171,171,fit
00025-00000001,174,174,fit
00025-00000001,175,175,fit
00025-00000001,179,179,fit
00025-00000001,180,180,fit
00025-00000001,184,184,fit
00025-00000001,188,188,fit
00025-00000001,190,190,fit
00025-00000001,191,191,fit
00025-00000001,192,192,fit
00025-00000001,193,193,fit
00025-00000001,194,194,fit
00025-00000001,195,195,fit
00025-00000001,196,196,fit
00025-00000001,197,197,fit
00025-00000001,198,198,fit
00025-00000001,199,199,fit
00025-00000001,200,200,fit
00025-00000001,201,201,fit
00025-00000001,202,202,fit
00025-00000001,203,203,fit
00025-00000001,204,204,fit
00025-00000001,208,208,fit
00025-00000001,210,210,fit
00025-00000001,212,212,fit
00025-00000001,215,215,fit
00025-00000001,217,217,fit
00025-00000001,218,218,fit
00025-00000001,222,222,fit
00025-00000001,224,224,fit
00025-00000001,225,225,fit
00025-00000001,228,228,fit
00025-00000001,229,229,fit
00025-00000001,230,230,fit
00025-00000001,234,234,fit
00025-00000001,237,237,fit
00025-00000001,238,238,fit
00025-00000001,239,239,fit
00025-00000001,240,240,fit
00025-00000001,241,241,fit
00025-00000001,242,242,fit
00025-00000001,243,243,fit
00025-00000001,244,244,fit
00025-00000001,247,247,fit
00025-00000001,248,248,fit
00025-00000001,249,249,fit
00025-00000001,250,250,fit
00025-00000001,252,252,fit
00025-00000001,253,253,fit
00025-00000001,254,254,fit
00025-00000001,256,256,fit
00025-00000001,257,257,fit
00025-00000001,258,258,fit
00025-00000001,259,259,fit
00025-00000001,262,262,fit
00025-00000001,263,263,fit
00025-00000001,264,264,fit
00025-00000001,265,265,fit
00025-00000001,269,269,fit
00025-00000001,270,270,fit
00025-00000001,271,271,fit
00025-00000001,276,276,fit
00025-00000001,277,277,fit
00025-00000001,280,280,fit
00025-00000001,282,282,fit
00025-00000001,283,283,fit
00025-00000001,284,284,fit
00025-00000001,285,285,fit
00025-00000001,287,287,fit
00025-00000001,288,288,fit
00025-00000001,289,289,fit
00025-00000001,290,290,fit
00025-00000001,291,291,fit
00025-00000001,292,292,fit
00025-00000001,293,293,fit
00025-00000001,294,294,fit
00025-00000001,295,295,fit
00025-00000001,296,296,fit
00025-00000001,297,297,fit
00025-00000001,299,299,fit
00025-00000001,300,300,fit
00025-00000001,303,303,fit
00025-00000001,308,308,fit
00025-00000001,311,311,fit
00025-00000001,313,313,fit
00025-00000001,314,314,fit
00025-00000001,315,315,fit
00025-00000001,316,316,fit
00025-00000001,318,318,fit
00025-00000001,319,319,fit
00025-00000001,320,320,fit
00025-00000001,322,322,fit
00025-00000001,324,324,fit
00025-00000001,325,325,fit
00025-00000001,326,326,fit
00025-00000001,327,327,fit
00025-00000001,328,328,fit
00025-00000001,329,329,fit
00025-00000001,330,330,fit
00025-00000001,331,331,fit
00025-00000001,334,334,fit
00025-00000001,336,336,fit
00025-00000001,337,337,fit
00025-00000001,341,341,fit
00025-00000001,342,342,fit
00025-00000001,343,343,fit
00025-00000001,345,345,fit
00025-00000001,347,347,fit
00025-00000001,349,349,fit
00025-00000001,352,352,fit
00025-00000001,353,353,fit
00025-00000001,354,354,fit
00025-00000001,359,359,fit
00025-00000001,360,360,fit
00025-00000001,362,362,fit
00025-00000001,363,363,fit
00025-00000001,364,364,fit
00025-00000001,365,365,fit
00025-00000001,368,368,fit
00025-00000001,369,369,fit
00025-00000001,370,370,fit
00025-00000001,372,372,fit
00025-00000001,373,373,fit
00025-00000001,375,375,fit
00025-00000001,376,376,fit
00025-00000001,377,377,fit
00025-00000001,378,378,fit
00025-00000001,380,380,fit
00025-00000001,381,381,fit
00025-00000001,382,382,fit
00025-00000001,383,383,fit
00025-00000001,384,384,fit
00025-00000001,385,385,fit
00025-00000001,386,386,fit
00025-00000001,387,387,fit
00025-00000001,388,388,fit
00025-00000001,389,389,fit
00025-00000001,391,391,fit
00025-00000001,392,392,fit
00025-00000001,395,395,fit
00025-00000001,398,398,fit
00025-00000001,402,402,fit
00025-00000001,403,403,fit
00025-00000001,404,404,fit
00025-00000001,406,406,fit
00025-00000001,407,407,fit
00025-00000001,408,408,fit
00025-00000001,409,409,fit
00025-00000001,411,411,fit
00025-00000001,413,413,fit
00025-00000001,414,414,fit
00025-00000001,416,416,fit
00025-00000001,417,417,fit
00025-00000001,419,419,fit
00025-00000001,422,422,fit
00025-00000001,423,423,fit
00025-00000001,424,424,fit
00025-00000001,425,425,fit
00025-00000001,426,426,fit
00025-00000001,428,428,fit
00025-00000001,429,429,fit
00025-00000001,431,431,fit
00025-00000001,433,433,fit
00025-00000001,436,436,fit
00025-00000001,439,439,fit
00025-00000001,442,442,fit
00025-00000001,445,445,fit
00025-00000001,446,446,fit
00025-00000001,447,447,fit
00025-00000001,449,449,fit
00025-00000001,450,450,fit
00025-00000001,451,451,fit
00025-00000001,452,452,fit
00025-00000001,453,453,fit
00025-00000001,456,456,fit
00025-00000001,457,457,fit
00025-00000001,458,458,fit
00025-00000001,459,459,fit
00025-00000001,460,460,fit
00025-00000001,461,461,fit
00025-00000001,464,464,fit
00025-00000001,465,465,fit
00025-00000001,466,466,fit
00025-00000001,470,470,fit
00025-00000001,471,471,fit
00025-00000001,472,472,fit
00025-00000001,475,475,fit
00025-00000001,476,476,fit
00025-00000001,478,478,fit
00025-00000001,480,480,fit
00025-00000001,481,481,fit
00025-00000001,482,482,fit
00025-00000001,486,486,fit
00025-00000001,487,487,fit
00025-00000001,488,488,fit
00025-00000001,489,489,fit
00025-00000001,490,490,fit
00025-00000001,491,491,fit
00025-00000001,492,492,fit
00025-00000001,494,494,fit
00025-00000001,495,495,fit
00025-00000001,496,496,fit
00025-00000001,499,499,fit
00025-00000001,500,500,fit
00025-00000001,501,501,fit
00025-00000001,502,502,fit
00025-00000001,503,503,fit
00025-00000001,504,504,fit
00025-00000001,506,506,fit
00025-00000001,508,508,fit
00025-00000001,509,509,fit
00025-00000001,510,510,fit
00025-00000001,512,512,fit
00025-00000001,515,515,fit
00025-00000001,516,516,fit
00025-00000001,517,517,fit
00025-00000001,519,519,fit
00025-00000001,521,521,fit
00025-00000001,522,522,fit
00025-00000001,524,524,fit
00025-00000001,525,525,fit
00025-00000001,526,526,fit
00025-00000001,527,527,fit
00025-00000001,533,533,fit
00025-00000001,534,534,fit
00025-00000001,538,538,fit
00025-00000001,541,541,fit
00025-00000001,544,544,fit
00025-00000001,546,546,fit
00025-00000001,547,547,fit
00025-00000001,550,550,fit
00025-00000001,551,551,fit
00025-00000001,552,552,fit
00025-00000001,553,553,fit
00025-00000001,556,556,fit
00025-00000001,557,557,fit
00025-00000001,558,558,fit
00025-00000001,559,559,fit
00025-00000001,562,562,fit
00025-00000001,564,564,fit
00025-00000001,566,566,fit
00025-00000001,569,569,fit
00025-00000001,570,570,fit
00025-00000001,571,571,fit
00025-00000001,572,572,fit
00025-00000001,574,574,fit
00025-00000001,575,575,fit
00025-00000001,576,576,fit
00025-00000001,577,577,fit
00025-00000001,578,578,fit
00025-00000001,579,579,fit
00025-00000001,580,580,fit
00025-00000001,583,583,fit
00025-00000001,585,585,fit
00025-00000001,586,586,fit
00025-00000001,590,590,fit
00025-00000001,591,591,fit
00025-00000001,592,592,fit
00025-00000001,593,593,fit
00025-00000001,595,595,fit
00025-00000001,596,596,fit
00025-00000001,597,597,fit
00025-00000001,599,599,fit
00025-00000001,600,600,fit
00025-00000001,604,604,fit
00025-00000001,605,605,fit
00025-00000001,606,606,fit
00025-00000001,607,607,fit
00025-00000001,609,609,fit
00025-00000001,613,613,fit
00025-00000001,614,614,fit
00025-00000001,616,616,fit
00025-00000001,617,617,fit
00025-00000001,620,620,fit
00025-00000001,621,621,fit
00025-00000001,622,622,fit
00025-00000001,625,625,fit
00025-00000001,626,626,fit
00025-00000001,627,627,fit
00025-00000001,628,628,fit
00025-00000001,629,629,fit
00025-00000001,630,630,fit
00025-00000001,632,632,fit
00025-00000001,633,633,fit
00025-00000001,634,634,fit
00025-00000001,639,639,fit
00025-00000001,640,640,fit
00025-00000001,641,641,fit
00025-00000001,644,644,fit
00025-00000001,646,646,fit
00025-00000001,648,648,fit
00025-00000001,651,651,fit
00025-00000001,652,652,fit
00025-00000001,654,654,fit
00025-00000001,656,656,fit
00025-00000001,657,657,fit
00025-00000001,658,658,fit
00025-00000001,660,660,fit
00025-00000001,661,661,fit
00025-00000001,663,663,fit
00025-00000001,667,667,fit
00025-00000001,670,670,fit
00025-00000001,671,671,fit
00025-00000001,672,672,fit
00025-00000001,673,673,fit
00025-00000001,674,674,fit
00025-00000001,675,675,fit
00025-00000001,678,678,fit
00025-00000001,679,679,fit
00025-00000001,680,680,fit
00025-00000001,682,682,fit
00025-00000001,684,684,fit
00025-00000001,685,685,fit
00025-00000001,686,686,fit
00025-00000001,687,687,fit
00025-00000001,689,689,fit
00025-00000001,691,691,fit
00025-00000001,693,693,fit
00025-00000001,694,694,fit
00025-00000001,695,695,fit
00025-00000001,696,696,fit
00025-00000001,698,698,fit
00025-00000001,708,708,fit
00025-00000001,709,709,fit
00025-00000001,712,712,fit
00025-00000001,715,715,fit
00025-00000001,716,716,fit
00025-00000001,719,719,fit
00025-00000001,721,721,fit
00025-00000001,723,723,fit
00025-00000001,724,724,fit
00025-00000001,726,726,fit
00025-00000001,727,727,fit
00025-00000001,728,728,fit
00025-00000001,730,730,fit
00025-00000001,732,732,fit
00025-00000001,733,733,fit
00025-00000001,734,734,fit
00025-00000001,735,735,fit
00025-00000001,736,736,fit
00025-00000001,739,739,fit
00025-00000001,740,740,fit
00025-00000001,743,743,fit
00025-00000001,744,744,fit
00025-00000001,745,745,fit
00025-00000001,746,746,fit
00025-00000001,748,748,fit
00025-00000001,749,749,fit
00025-00000001,752,752,fit
00025-00000001,753,753,fit
00025-00000001,754,754,fit
00025-00000001,755,755,fit
00025-00000001,757,757,fit
00025-00000001,760,760,fit
00025-00000001,762,762,fit
00025-00000001,766,766,fit
00025-00000001,768,768,fit
00025-00000001,769,769,fit
00025-00000001,770,770,fit
00025-00000001,773,773,fit
00025-00000001,775,775,fit
00025-00000001,777,777,fit
00025-00000001,778,778,fit
00025-00000001,782,782,fit
00025-00000001,785,785,fit
00025-00000001,787,787,fit
00025-00000001,788,788,fit
00025-00000001,789,789,fit
00025-00000001,791,791,fit
00025-00000001,8,8,discovery
00025-00000001,11,11,discovery
00025-00000001,12,12,discovery
00025-00000001,15,15,discovery
00025-00000001,16,16,discovery
00025-00000001,21,21,discovery
00025-00000001,22,22,discovery
00025-00000001,23,23,discovery
00025-00000001,31,31,discovery
00025-00000001,34,34,discovery
00025-00000001,37,37,discovery
00025-00000001,38,38,discovery
00025-00000001,41,41,discovery
00025-00000001,54,54,discovery
00025-00000001,56,56,discovery
00025-00000001,60,60,discovery
00025-00000001,64,64,discovery
00025-00000001,70,70,discovery
00025-00000001,72,72,discovery
00025-00000001,84,84,discovery
00025-00000001,87,87,discovery
00025-00000001,91,91,discovery
00025-00000001,92,92,discovery
00025-00000001,95,95,discovery
00025-00000001,106,106,discovery
00025-00000001,119,119,discovery
00025-00000001,120,120,discovery
00025-00000001,129,129,discovery
00025-00000001,130,130,discovery
00025-00000001,137,137,discovery
00025-00000001,139,139,discovery
00025-00000001,142,142,discovery
00025-00000001,143,143,discovery
00025-00000001,144,144,discovery
00025-00000001,146,146,discovery
00025-00000001,150,150,discovery
00025-00000001,159,159,discovery
00025-00000001,162,162,discovery
00025-00000001,164,164,discovery
00025-00000001,170,170,discovery
00025-00000001,181,181,discovery
00025-00000001,182,182,discovery
00025-00000001,183,183,discovery
00025-00000001,205,205,discovery
00025-00000001,209,209,discovery
00025-00000001,211,211,discovery
00025-00000001,216,216,discovery
00025-00000001,223,223,discovery
00025-00000001,231,231,discovery
00025-00000001,232,232,discovery
00025-00000001,235,235,discovery
00025-00000001,245,245,discovery
00025-00000001,246,246,discovery
00025-00000001,255,255,discovery
00025-00000001,261,261,discovery
00025-00000001,266,266,discovery
00025-00000001,267,267,discovery
00025-00000001,268,268,discovery
00025-00000001,274,274,discovery
00025-00000001,281,281,discovery
00025-00000001,302,302,discovery
00025-00000001,304,304,discovery
00025-00000001,310,310,discovery
00025-00000001,332,332,discovery
00025-00000001,333,333,discovery
00025-00000001,338,338,discovery
00025-00000001,339,339,discovery
00025-00000001,340,340,discovery
00025-00000001,344,344,discovery
00025-00000001,346,346,discovery
00025-00000001,351,351,discovery
00025-00000001,367,367,discovery
00025-00000001,393,393,discovery
00025-00000001,396,396,discovery
00025-00000001,405,405,discovery
00025-00000001,415,415,discovery
00025-00000001,418,418,discovery
00025-00000001,420,420,discovery
00025-00000001,427,427,discovery
00025-00000001,430,430,discovery
00025-00000001,432,432,discovery
00025-00000001,434,434,discovery
00025-00000001,438,438,discovery
00025-00000001,440,440,discovery
00025-00000001,444,444,discovery
00025-00000001,455,455,discovery
00025-00000001,462,462,discovery
00025-00000001,463,463,discovery
00025-00000001,467,467,discovery
00025-00000001,469,469,discovery
00025-00000001,474,474,discovery
00025-00000001,484,484,discovery
00025-00000001,485,485,discovery
00025-00000001,493,493,discovery
00025-00000001,497,497,discovery
00025-00000001,498,498,discovery
00025-00000001,507,507,discovery
00025-00000001,511,511,discovery
00025-00000001,514,514,discovery
00025-00000001,532,532,discovery
00025-00000001,535,535,discovery
00025-00000001,539,539,discovery
00025-00000001,542,542,discovery
00025-00000001,543,543,discovery
00025-00000001,555,555,discovery
00025-00000001,560,560,discovery
00025-00000001,561,561,discovery
00025-00000001,565,565,discovery
00025-00000001,567,567,discovery
00025-00000001,573,573,discovery
00025-00000001,582,582,discovery
00025-00000001,598,598,discovery
00025-00000001,602,602,discovery
00025-00000001,603,603,discovery
00025-00000001,608,608,discovery
00025-00000001,610,610,discovery
00025-00000001,611,611,discovery
00025-00000001,612,612,discovery
00025-00000001,618,618,discovery
00025-00000001,619,619,discovery
00025-00000001,623,623,discovery
00025-00000001,631,631,discovery
00025-00000001,636,636,discovery
00025-00000001,637,637,discovery
00025-00000001,642,642,discovery
00025-00000001,645,645,discovery
00025-00000001,647,647,discovery
00025-00000001,649,649,discovery
00025-00000001,653,653,discovery
00025-00000001,655,655,discovery
00025-00000001,662,662,discovery
00025-00000001,665,665,discovery
00025-00000001,669,669,discovery
00025-00000001,677,677,discovery
00025-00000001,697,697,discovery
00025-00000001,702,702,discovery
00025-00000001,703,703,discovery
00025-00000001,707,707,discovery
00025-00000001,710,710,discovery
00025-00000001,714,714,discovery
00025-00000001,718,718,discovery
00025-00000001,720,720,discovery
00025-00000001,722,722,discovery
00025-00000001,725,725,discovery
00025-00000001,729,729,discovery
00025-00000001,737,737,discovery
00025-00000001,741,741,discovery
00025-00000001,747,747,discovery
00025-00000001,751,751,discovery
00025-00000001,763,763,discovery
00025-00000001,764,764,discovery
00025-00000001,765,765,discovery
00025-00000001,767,767,discovery
00025-00000001,771,771,discovery
00025-00000001,774,774,discovery
00025-00000001,776,776,discovery
00025-00000001,784,784,discovery
00025-00000001,790,790,discovery
00025-00000001,792,792,discovery
00025-00000001,1,1,confirmation
00025-00000001,9,9,confirmation
00025-00000001,17,17,confirmation
00025-00000001,19,19,confirmation
00025-00000001,20,20,confirmation
00025-00000001,36,36,confirmation
00025-00000001,50,50,confirmation
00025-00000001,63,63,confirmation
00025-00000001,65,65,confirmation
00025-00000001,74,74,confirmation
00025-00000001,77,77,confirmation
00025-00000001,83,83,confirmation
00025-00000001,96,96,confirmation
00025-00000001,97,97,confirmation
00025-00000001,99,99,confirmation
00025-00000001,102,102,confirmation
00025-00000001,105,105,confirmation
00025-00000001,107,107,confirmation
00025-00000001,111,111,confirmation
00025-00000001,116,116,confirmation
00025-00000001,136,136,confirmation
00025-00000001,138,138,confirmation
00025-00000001,152,152,confirmation
00025-00000001,153,153,confirmation
00025-00000001,157,157,confirmation
00025-00000001,172,172,confirmation
00025-00000001,173,173,confirmation
00025-00000001,176,176,confirmation
00025-00000001,177,177,confirmation
00025-00000001,178,178,confirmation
00025-00000001,185,185,confirmation
00025-00000001,186,186,confirmation
00025-00000001,187,187,confirmation
00025-00000001,189,189,confirmation
00025-00000001,206,206,confirmation
00025-00000001,207,207,confirmation
00025-00000001,213,213,confirmation
00025-00000001,214,214,confirmation
00025-00000001,219,219,confirmation
00025-00000001,220,220,confirmation
00025-00000001,221,221,confirmation
00025-00000001,226,226,confirmation
00025-00000001,227,227,confirmation
00025-00000001,233,233,confirmation
00025-00000001,236,236,confirmation
00025-00000001,251,251,confirmation
00025-00000001,260,260,confirmation
00025-00000001,272,272,confirmation
00025-00000001,273,273,confirmation
00025-00000001,275,275,confirmation
00025-00000001,278,278,confirmation
00025-00000001,279,279,confirmation
00025-00000001,286,286,confirmation
00025-00000001,298,298,confirmation
00025-00000001,301,301,confirmation
00025-00000001,305,305,confirmation
00025-00000001,306,306,confirmation
00025-00000001,307,307,confirmation
00025-00000001,309,309,confirmation
00025-00000001,312,312,confirmation
00025-00000001,317,317,confirmation
00025-00000001,321,321,confirmation
00025-00000001,323,323,confirmation
00025-00000001,335,335,confirmation
00025-00000001,348,348,confirmation
00025-00000001,350,350,confirmation
00025-00000001,355,355,confirmation
00025-00000001,356,356,confirmation
00025-00000001,357,357,confirmation
00025-00000001,358,358,confirmation
00025-00000001,361,361,confirmation
00025-00000001,366,366,confirmation
00025-00000001,371,371,confirmation
00025-00000001,374,374,confirmation
00025-00000001,379,379,confirmation
00025-00000001,390,390,confirmation
00025-00000001,394,394,confirmation
00025-00000001,397,397,confirmation
00025-00000001,399,399,confirmation
00025-00000001,400,400,confirmation
00025-00000001,401,401,confirmation
00025-00000001,410,410,confirmation
00025-00000001,412,412,confirmation
00025-00000001,421,421,confirmation
00025-00000001,435,435,confirmation
00025-00000001,437,437,confirmation
00025-00000001,441,441,confirmation
00025-00000001,443,443,confirmation
00025-00000001,448,448,confirmation
00025-00000001,454,454,confirmation
00025-00000001,468,468,confirmation
00025-00000001,473,473,confirmation
00025-00000001,477,477,confirmation
00025-00000001,479,479,confirmation
00025-00000001,483,483,confirmation
00025-00000001,505,505,confirmation
00025-00000001,513,513,confirmation
00025-00000001,518,518,confirmation
00025-00000001,520,520,confirmation
00025-00000001,523,523,confirmation
00025-00000001,528,528,confirmation
00025-00000001,529,529,confirmation
00025-00000001,530,530,confirmation
00025-00000001,531,531,confirmation
00025-00000001,536,536,confirmation
00025-00000001,537,537,confirmation
00025-00000001,540,540,confirmation
00025-00000001,545,545,confirmation
00025-00000001,548,548,confirmation
00025-00000001,549,549,confirmation
00025-00000001,554,554,confirmation
00025-00000001,563,563,confirmation
00025-00000001,568,568,confirmation
00025-00000001,581,581,confirmation
00025-00000001,584,584,confirmation
00025-00000001,587,587,confirmation
00025-00000001,588,588,confirmation
00025-00000001,589,589,confirmation
00025-00000001,594,594,confirmation
00025-00000001,601,601,confirmation
00025-00000001,615,615,confirmation
00025-00000001,624,624,confirmation
00025-00000001,635,635,confirmation
00025-00000001,638,638,confirmation
00025-00000001,643,643,confirmation
00025-00000001,650,650,confirmation
00025-00000001,659,659,confirmation
00025-00000001,664,664,confirmation
00025-00000001,666,666,confirmation
00025-00000001,668,668,confirmation
00025-00000001,676,676,confirmation
00025-00000001,681,681,confirmation
00025-00000001,683,683,confirmation
00025-00000001,688,688,confirmation
00025-00000001,690,690,confirmation
00025-00000001,692,692,confirmation
00025-00000001,699,699,confirmation
00025-00000001,700,700,confirmation
00025-00000001,701,701,confirmation
00025-00000001,704,704,confirmation
00025-00000001,705,705,confirmation
00025-00000001,706,706,confirmation
00025-00000001,711,711,confirmation
00025-00000001,713,713,confirmation
00025-00000001,717,717,confirmation
00025-00000001,731,731,confirmation
00025-00000001,738,738,confirmation
00025-00000001,742,742,confirmation
00025-00000001,750,750,confirmation
00025-00000001,756,756,confirmation
00025-00000001,758,758,confirmation
00025-00000001,759,759,confirmation
00025-00000001,761,761,confirmation
00025-00000001,772,772,confirmation
00025-00000001,779,779,confirmation
00025-00000001,780,780,confirmation
00025-00000001,781,781,confirmation
00025-00000001,783,783,confirmation
00025-00000001,786,786,confirmation
00025-00000002,0,0,fit
00025-00000002,2,2,fit
00025-00000002,6,6,fit
00025-00000002,7,7,fit
00025-00000002,8,8,fit
00025-00000002,10,10,fit
00025-00000002,11,11,fit
00025-00000002,13,13,fit
00025-00000002,15,15,fit
00025-00000002,16,16,fit
00025-00000002,18,18,fit
00025-00000002,20,20,fit
00025-00000002,23,23,fit
00025-00000002,24,24,fit
00025-00000002,28,28,fit
00025-00000002,29,29,fit
00025-00000002,32,32,fit
00025-00000002,33,33,fit
00025-00000002,35,35,fit
00025-00000002,39,39,fit
00025-00000002,40,40,fit
00025-00000002,41,41,fit
00025-00000002,42,42,fit
00025-00000002,43,43,fit
00025-00000002,44,44,fit
00025-00000002,48,48,fit
00025-00000002,50,50,fit
00025-00000002,51,51,fit
00025-00000002,52,52,fit
00025-00000002,55,55,fit
00025-00000002,56,56,fit
00025-00000002,57,57,fit
00025-00000002,59,59,fit
00025-00000002,60,60,fit
00025-00000002,61,61,fit
00025-00000002,62,62,fit
00025-00000002,65,65,fit
00025-00000002,67,67,fit
00025-00000002,68,68,fit
00025-00000002,71,71,fit
00025-00000002,72,72,fit
00025-00000002,75,75,fit
00025-00000002,76,76,fit
00025-00000002,81,81,fit
00025-00000002,83,83,fit
00025-00000002,84,84,fit
00025-00000002,85,85,fit
00025-00000002,88,88,fit
00025-00000002,90,90,fit
00025-00000002,91,91,fit
00025-00000002,92,92,fit
00025-00000002,94,94,fit
00025-00000002,95,95,fit
00025-00000002,96,96,fit
00025-00000002,97,97,fit
00025-00000002,98,98,fit
00025-00000002,99,99,fit
00025-00000002,103,103,fit
00025-00000002,104,104,fit
00025-00000002,105,105,fit
00025-00000002,106,106,fit
00025-00000002,107,107,fit
00025-00000002,108,108,fit
00025-00000002,109,109,fit
00025-00000002,110,110,fit
00025-00000002,111,111,fit
00025-00000002,112,112,fit
00025-00000002,113,113,fit
00025-00000002,114,114,fit
00025-00000002,118,118,fit
00025-00000002,121,121,fit
00025-00000002,122,122,fit
00025-00000002,123,123,fit
00025-00000002,125,125,fit
00025-00000002,130,130,fit
00025-00000002,134,134,fit
00025-00000002,135,135,fit
00025-00000002,136,136,fit
00025-00000002,138,138,fit
00025-00000002,139,139,fit
00025-00000002,140,140,fit
00025-00000002,144,144,fit
00025-00000002,146,146,fit
00025-00000002,147,147,fit
00025-00000002,149,149,fit
00025-00000002,150,150,fit
00025-00000002,152,152,fit
00025-00000002,153,153,fit
00025-00000002,154,154,fit
00025-00000002,155,155,fit
00025-00000002,157,157,fit
00025-00000002,158,158,fit
00025-00000002,160,160,fit
00025-00000002,162,162,fit
00025-00000002,164,164,fit
00025-00000002,165,165,fit
00025-00000002,167,167,fit
00025-00000002,170,170,fit
00025-00000002,171,171,fit
00025-00000002,172,172,fit
00025-00000002,173,173,fit
00025-00000002,174,174,fit
00025-00000002,175,175,fit
00025-00000002,177,177,fit
00025-00000002,178,178,fit
00025-00000002,179,179,fit
00025-00000002,181,181,fit
00025-00000002,183,183,fit
00025-00000002,185,185,fit
00025-00000002,187,187,fit
00025-00000002,190,190,fit
00025-00000002,197,197,fit
00025-00000002,200,200,fit
00025-00000002,201,201,fit
00025-00000002,204,204,fit
00025-00000002,205,205,fit
00025-00000002,206,206,fit
00025-00000002,209,209,fit
00025-00000002,212,212,fit
00025-00000002,214,214,fit
00025-00000002,219,219,fit
00025-00000002,221,221,fit
00025-00000002,222,222,fit
00025-00000002,223,223,fit
00025-00000002,225,225,fit
00025-00000002,227,227,fit
00025-00000002,231,231,fit
00025-00000002,232,232,fit
00025-00000002,233,233,fit
00025-00000002,234,234,fit
00025-00000002,235,235,fit
00025-00000002,236,236,fit
00025-00000002,238,238,fit
00025-00000002,240,240,fit
00025-00000002,242,242,fit
00025-00000002,243,243,fit
00025-00000002,244,244,fit
00025-00000002,246,246,fit
00025-00000002,247,247,fit
00025-00000002,248,248,fit
00025-00000002,250,250,fit
00025-00000002,251,251,fit
00025-00000002,252,252,fit
00025-00000002,253,253,fit
00025-00000002,254,254,fit
00025-00000002,256,256,fit
00025-00000002,257,257,fit
00025-00000002,260,260,fit
00025-00000002,263,263,fit
00025-00000002,264,264,fit
00025-00000002,266,266,fit
00025-00000002,267,267,fit
00025-00000002,268,268,fit
00025-00000002,271,271,fit
00025-00000002,272,272,fit
00025-00000002,273,273,fit
00025-00000002,274,274,fit
00025-00000002,277,277,fit
00025-00000002,280,280,fit
00025-00000002,281,281,fit
00025-00000002,283,283,fit
00025-00000002,285,285,fit
00025-00000002,286,286,fit
00025-00000002,287,287,fit
00025-00000002,288,288,fit
00025-00000002,290,290,fit
00025-00000002,291,291,fit
00025-00000002,292,292,fit
00025-00000002,298,298,fit
00025-00000002,300,300,fit
00025-00000002,303,303,fit
00025-00000002,304,304,fit
00025-00000002,306,306,fit
00025-00000002,308,308,fit
00025-00000002,310,310,fit
00025-00000002,311,311,fit
00025-00000002,312,312,fit
00025-00000002,313,313,fit
00025-00000002,317,317,fit
00025-00000002,319,319,fit
00025-00000002,320,320,fit
00025-00000002,323,323,fit
00025-00000002,325,325,fit
00025-00000002,326,326,fit
00025-00000002,328,328,fit
00025-00000002,330,330,fit
00025-00000002,333,333,fit
00025-00000002,334,334,fit
00025-00000002,335,335,fit
00025-00000002,337,337,fit
00025-00000002,339,339,fit
00025-00000002,340,340,fit
00025-00000002,342,342,fit
00025-00000002,344,344,fit
00025-00000002,345,345,fit
00025-00000002,346,346,fit
00025-00000002,347,347,fit
00025-00000002,348,348,fit
00025-00000002,349,349,fit
00025-00000002,351,351,fit
00025-00000002,353,353,fit
00025-00000002,355,355,fit
00025-00000002,357,357,fit
00025-00000002,359,359,fit
00025-00000002,363,363,fit
00025-00000002,365,365,fit
00025-00000002,366,366,fit
00025-00000002,367,367,fit
00025-00000002,369,369,fit
00025-00000002,371,371,fit
00025-00000002,372,372,fit
00025-00000002,374,374,fit
00025-00000002,378,378,fit
00025-00000002,379,379,fit
00025-00000002,380,380,fit
00025-00000002,382,382,fit
00025-00000002,383,383,fit
00025-00000002,384,384,fit
00025-00000002,385,385,fit
00025-00000002,386,386,fit
00025-00000002,387,387,fit
00025-00000002,389,389,fit
00025-00000002,390,390,fit
00025-00000002,391,391,fit
00025-00000002,392,392,fit
00025-00000002,393,393,fit
00025-00000002,394,394,fit
00025-00000002,398,398,fit
00025-00000002,402,402,fit
00025-00000002,404,404,fit
00025-00000002,405,405,fit
00025-00000002,406,406,fit
00025-00000002,407,407,fit
00025-00000002,410,410,fit
00025-00000002,412,412,fit
00025-00000002,413,413,fit
00025-00000002,414,414,fit
00025-00000002,417,417,fit
00025-00000002,418,418,fit
00025-00000002,419,419,fit
00025-00000002,420,420,fit
00025-00000002,422,422,fit
00025-00000002,424,424,fit
00025-00000002,425,425,fit
00025-00000002,426,426,fit
00025-00000002,431,431,fit
00025-00000002,432,432,fit
00025-00000002,433,433,fit
00025-00000002,434,434,fit
00025-00000002,436,436,fit
00025-00000002,439,439,fit
00025-00000002,441,441,fit
00025-00000002,442,442,fit
00025-00000002,445,445,fit
00025-00000002,446,446,fit
00025-00000002,448,448,fit
00025-00000002,450,450,fit
00025-00000002,454,454,fit
00025-00000002,455,455,fit
00025-00000002,456,456,fit
00025-00000002,459,459,fit
00025-00000002,461,461,fit
00025-00000002,462,462,fit
00025-00000002,463,463,fit
00025-00000002,464,464,fit
00025-00000002,466,466,fit
00025-00000002,469,469,fit
00025-00000002,470,470,fit
00025-00000002,471,471,fit
00025-00000002,475,475,fit
00025-00000002,477,477,fit
00025-00000002,479,479,fit
00025-00000002,481,481,fit
00025-00000002,482,482,fit
00025-00000002,483,483,fit
00025-00000002,484,484,fit
00025-00000002,486,486,fit
00025-00000002,487,487,fit
00025-00000002,488,488,fit
00025-00000002,489,489,fit
00025-00000002,490,490,fit
00025-00000002,491,491,fit
00025-00000002,492,492,fit
00025-00000002,494,494,fit
00025-00000002,496,496,fit
00025-00000002,497,497,fit
00025-00000002,499,499,fit
00025-00000002,500,500,fit
00025-00000002,501,501,fit
00025-00000002,502,502,fit
00025-00000002,503,503,fit
00025-00000002,504,504,fit
00025-00000002,507,507,fit
00025-00000002,508,508,fit
00025-00000002,509,509,fit
00025-00000002,512,512,fit
00025-00000002,513,513,fit
00025-00000002,514,514,fit
00025-00000002,515,515,fit
00025-00000002,517,517,fit
00025-00000002,518,518,fit
00025-00000002,519,519,fit
00025-00000002,520,520,fit
00025-00000002,521,521,fit
00025-00000002,523,523,fit
00025-00000002,529,529,fit
00025-00000002,530,530,fit
00025-00000002,531,531,fit
00025-00000002,532,532,fit
00025-00000002,533,533,fit
00025-00000002,534,534,fit
00025-00000002,535,535,fit
00025-00000002,536,536,fit
00025-00000002,542,542,fit
00025-00000002,543,543,fit
00025-00000002,545,545,fit
00025-00000002,546,546,fit
00025-00000002,548,548,fit
00025-00000002,549,549,fit
00025-00000002,550,550,fit
00025-00000002,552,552,fit
00025-00000002,553,553,fit
00025-00000002,555,555,fit
00025-00000002,556,556,fit
00025-00000002,557,557,fit
00025-00000002,558,558,fit
00025-00000002,559,559,fit
00025-00000002,560,560,fit
00025-00000002,561,561,fit
00025-00000002,562,562,fit
00025-00000002,564,564,fit
00025-00000002,565,565,fit
00025-00000002,566,566,fit
00025-00000002,567,567,fit
00025-00000002,568,568,fit
00025-00000002,569,569,fit
00025-00000002,570,570,fit
00025-00000002,572,572,fit
00025-00000002,573,573,fit
00025-00000002,575,575,fit
00025-00000002,576,576,fit
00025-00000002,577,577,fit
00025-00000002,579,579,fit
00025-00000002,583,583,fit
00025-00000002,585,585,fit
00025-00000002,587,587,fit
00025-00000002,591,591,fit
00025-00000002,592,592,fit
00025-00000002,594,594,fit
00025-00000002,596,596,fit
00025-00000002,598,598,fit
00025-00000002,599,599,fit
00025-00000002,602,602,fit
00025-00000002,603,603,fit
00025-00000002,604,604,fit
00025-00000002,605,605,fit
00025-00000002,606,606,fit
00025-00000002,608,608,fit
00025-00000002,611,611,fit
00025-00000002,612,612,fit
00025-00000002,613,613,fit
00025-00000002,615,615,fit
00025-00000002,616,616,fit
00025-00000002,617,617,fit
00025-00000002,618,618,fit
00025-00000002,620,620,fit
00025-00000002,621,621,fit
00025-00000002,623,623,fit
00025-00000002,626,626,fit
00025-00000002,627,627,fit
00025-00000002,628,628,fit
00025-00000002,629,629,fit
00025-00000002,630,630,fit
00025-00000002,631,631,fit
00025-00000002,632,632,fit
00025-00000002,633,633,fit
00025-00000002,634,634,fit
00025-00000002,635,635,fit
00025-00000002,636,636,fit
00025-00000002,637,637,fit
00025-00000002,638,638,fit
00025-00000002,639,639,fit
00025-00000002,642,642,fit
00025-00000002,643,643,fit
00025-00000002,644,644,fit
00025-00000002,645,645,fit
00025-00000002,655,655,fit
00025-00000002,656,656,fit
00025-00000002,658,658,fit
00025-00000002,659,659,fit
00025-00000002,660,660,fit
00025-00000002,661,661,fit
00025-00000002,663,663,fit
00025-00000002,664,664,fit
00025-00000002,666,666,fit
00025-00000002,667,667,fit
00025-00000002,668,668,fit
00025-00000002,670,670,fit
00025-00000002,671,671,fit
00025-00000002,672,672,fit
00025-00000002,676,676,fit
00025-00000002,678,678,fit
00025-00000002,682,682,fit
00025-00000002,684,684,fit
00025-00000002,685,685,fit
00025-00000002,686,686,fit
00025-00000002,689,689,fit
00025-00000002,691,691,fit
00025-00000002,693,693,fit
00025-00000002,694,694,fit
00025-00000002,695,695,fit
00025-00000002,696,696,fit
00025-00000002,700,700,fit
00025-00000002,701,701,fit
00025-00000002,703,703,fit
00025-00000002,705,705,fit
00025-00000002,708,708,fit
00025-00000002,709,709,fit
00025-00000002,710,710,fit
00025-00000002,712,712,fit
00025-00000002,713,713,fit
00025-00000002,714,714,fit
00025-00000002,716,716,fit
00025-00000002,718,718,fit
00025-00000002,719,719,fit
00025-00000002,720,720,fit
00025-00000002,721,721,fit
00025-00000002,722,722,fit
00025-00000002,723,723,fit
00025-00000002,725,725,fit
00025-00000002,726,726,fit
00025-00000002,728,728,fit
00025-00000002,730,730,fit
00025-00000002,732,732,fit
00025-00000002,733,733,fit
00025-00000002,735,735,fit
00025-00000002,736,736,fit
00025-00000002,737,737,fit
00025-00000002,738,738,fit
00025-00000002,739,739,fit
00025-00000002,740,740,fit
00025-00000002,741,741,fit
00025-00000002,742,742,fit
00025-00000002,748,748,fit
00025-00000002,749,749,fit
00025-00000002,750,750,fit
00025-00000002,751,751,fit
00025-00000002,752,752,fit
00025-00000002,754,754,fit
00025-00000002,755,755,fit
00025-00000002,759,759,fit
00025-00000002,761,761,fit
00025-00000002,762,762,fit
00025-00000002,764,764,fit
00025-00000002,765,765,fit
00025-00000002,766,766,fit
00025-00000002,767,767,fit
00025-00000002,768,768,fit
00025-00000002,769,769,fit
00025-00000002,771,771,fit
00025-00000002,772,772,fit
00025-00000002,774,774,fit
00025-00000002,776,776,fit
00025-00000002,778,778,fit
00025-00000002,779,779,fit
00025-00000002,780,780,fit
00025-00000002,781,781,fit
00025-00000002,782,782,fit
00025-00000002,783,783,fit
00025-00000002,787,787,fit
00025-00000002,788,788,fit
00025-00000002,789,789,fit
00025-00000002,790,790,fit
00025-00000002,791,791,fit
00025-00000002,792,792,fit
00025-00000002,793,793,fit
00025-00000002,794,794,fit
00025-00000002,3,3,discovery
00025-00000002,5,5,discovery
00025-00000002,14,14,discovery
00025-00000002,17,17,discovery
00025-00000002,21,21,discovery
00025-00000002,25,25,discovery
00025-00000002,27,27,discovery
00025-00000002,30,30,discovery
00025-00000002,31,31,discovery
00025-00000002,38,38,discovery
00025-00000002,66,66,discovery
00025-00000002,69,69,discovery
00025-00000002,70,70,discovery
00025-00000002,73,73,discovery
00025-00000002,77,77,discovery
00025-00000002,80,80,discovery
00025-00000002,82,82,discovery
00025-00000002,87,87,discovery
00025-00000002,93,93,discovery
00025-00000002,100,100,discovery
00025-00000002,115,115,discovery
00025-00000002,116,116,discovery
00025-00000002,128,128,discovery
00025-00000002,129,129,discovery
00025-00000002,132,132,discovery
00025-00000002,133,133,discovery
00025-00000002,137,137,discovery
00025-00000002,141,141,discovery
00025-00000002,143,143,discovery
00025-00000002,145,145,discovery
00025-00000002,151,151,discovery
00025-00000002,159,159,discovery
00025-00000002,161,161,discovery
00025-00000002,166,166,discovery
00025-00000002,169,169,discovery
00025-00000002,176,176,discovery
00025-00000002,186,186,discovery
00025-00000002,188,188,discovery
00025-00000002,193,193,discovery
00025-00000002,194,194,discovery
00025-00000002,198,198,discovery
00025-00000002,207,207,discovery
00025-00000002,213,213,discovery
00025-00000002,217,217,discovery
00025-00000002,226,226,discovery
00025-00000002,228,228,discovery
00025-00000002,229,229,discovery
00025-00000002,230,230,discovery
00025-00000002,241,241,discovery
00025-00000002,245,245,discovery
00025-00000002,249,249,discovery
00025-00000002,258,258,discovery
00025-00000002,261,261,discovery
00025-00000002,270,270,discovery
00025-00000002,275,275,discovery
00025-00000002,278,278,discovery
00025-00000002,282,282,discovery
00025-00000002,294,294,discovery
00025-00000002,295,295,discovery
00025-00000002,296,296,discovery
00025-00000002,297,297,discovery
00025-00000002,301,301,discovery
00025-00000002,316,316,discovery
00025-00000002,324,324,discovery
00025-00000002,329,329,discovery
00025-00000002,332,332,discovery
00025-00000002,336,336,discovery
00025-00000002,341,341,discovery
00025-00000002,356,356,discovery
00025-00000002,360,360,discovery
00025-00000002,361,361,discovery
00025-00000002,364,364,discovery
00025-00000002,373,373,discovery
00025-00000002,375,375,discovery
00025-00000002,377,377,discovery
00025-00000002,381,381,discovery
00025-00000002,388,388,discovery
00025-00000002,395,395,discovery
00025-00000002,399,399,discovery
00025-00000002,403,403,discovery
00025-00000002,408,408,discovery
00025-00000002,409,409,discovery
00025-00000002,411,411,discovery
00025-00000002,415,415,discovery
00025-00000002,423,423,discovery
00025-00000002,428,428,discovery
00025-00000002,435,435,discovery
00025-00000002,437,437,discovery
00025-00000002,440,440,discovery
00025-00000002,443,443,discovery
00025-00000002,444,444,discovery
00025-00000002,452,452,discovery
00025-00000002,453,453,discovery
00025-00000002,458,458,discovery
00025-00000002,460,460,discovery
00025-00000002,467,467,discovery
00025-00000002,472,472,discovery
00025-00000002,473,473,discovery
00025-00000002,474,474,discovery
00025-00000002,476,476,discovery
00025-00000002,478,478,discovery
00025-00000002,485,485,discovery
00025-00000002,493,493,discovery
00025-00000002,505,505,discovery
00025-00000002,506,506,discovery
00025-00000002,510,510,discovery
00025-00000002,511,511,discovery
00025-00000002,526,526,discovery
00025-00000002,537,537,discovery
00025-00000002,547,547,discovery
00025-00000002,563,563,discovery
00025-00000002,574,574,discovery
00025-00000002,581,581,discovery
00025-00000002,584,584,discovery
00025-00000002,586,586,discovery
00025-00000002,588,588,discovery
00025-00000002,593,593,discovery
00025-00000002,595,595,discovery
00025-00000002,597,597,discovery
00025-00000002,601,601,discovery
00025-00000002,607,607,discovery
00025-00000002,610,610,discovery
00025-00000002,619,619,discovery
00025-00000002,622,622,discovery
00025-00000002,624,624,discovery
00025-00000002,625,625,discovery
00025-00000002,641,641,discovery
00025-00000002,646,646,discovery
00025-00000002,647,647,discovery
00025-00000002,649,649,discovery
00025-00000002,651,651,discovery
00025-00000002,657,657,discovery
00025-00000002,662,662,discovery
00025-00000002,665,665,discovery
00025-00000002,673,673,discovery
00025-00000002,674,674,discovery
00025-00000002,680,680,discovery
00025-00000002,681,681,discovery
00025-00000002,688,688,discovery
00025-00000002,692,692,discovery
00025-00000002,699,699,discovery
00025-00000002,702,702,discovery
00025-00000002,706,706,discovery
00025-00000002,711,711,discovery
00025-00000002,724,724,discovery
00025-00000002,727,727,discovery
00025-00000002,729,729,discovery
00025-00000002,731,731,discovery
00025-00000002,743,743,discovery
00025-00000002,744,744,discovery
00025-00000002,745,745,discovery
00025-00000002,747,747,discovery
00025-00000002,753,753,discovery
00025-00000002,756,756,discovery
00025-00000002,760,760,discovery
00025-00000002,763,763,discovery
00025-00000002,770,770,discovery
00025-00000002,777,777,discovery
00025-00000002,784,784,discovery
00025-00000002,1,1,confirmation
00025-00000002,4,4,confirmation
00025-00000002,9,9,confirmation
00025-00000002,12,12,confirmation
00025-00000002,19,19,confirmation
00025-00000002,22,22,confirmation
00025-00000002,26,26,confirmation
00025-00000002,34,34,confirmation
00025-00000002,36,36,confirmation
00025-00000002,37,37,confirmation
00025-00000002,45,45,confirmation
00025-00000002,46,46,confirmation
00025-00000002,47,47,confirmation
00025-00000002,49,49,confirmation
00025-00000002,53,53,confirmation
00025-00000002,54,54,confirmation
00025-00000002,58,58,confirmation
00025-00000002,63,63,confirmation
00025-00000002,64,64,confirmation
00025-00000002,74,74,confirmation
00025-00000002,78,78,confirmation
00025-00000002,79,79,confirmation
00025-00000002,86,86,confirmation
00025-00000002,89,89,confirmation
00025-00000002,101,101,confirmation
00025-00000002,102,102,confirmation
00025-00000002,117,117,confirmation
00025-00000002,119,119,confirmation
00025-00000002,120,120,confirmation
00025-00000002,124,124,confirmation
00025-00000002,126,126,confirmation
00025-00000002,127,127,confirmation
00025-00000002,131,131,confirmation
00025-00000002,142,142,confirmation
00025-00000002,148,148,confirmation
00025-00000002,156,156,confirmation
00025-00000002,163,163,confirmation
00025-00000002,168,168,confirmation
00025-00000002,180,180,confirmation
00025-00000002,182,182,confirmation
00025-00000002,184,184,confirmation
00025-00000002,189,189,confirmation
00025-00000002,191,191,confirmation
00025-00000002,192,192,confirmation
00025-00000002,195,195,confirmation
00025-00000002,196,196,confirmation
00025-00000002,199,199,confirmation
00025-00000002,202,202,confirmation
00025-00000002,203,203,confirmation
00025-00000002,208,208,confirmation
00025-00000002,210,210,confirmation
00025-00000002,211,211,confirmation
00025-00000002,215,215,confirmation
00025-00000002,216,216,confirmation
00025-00000002,218,218,confirmation
00025-00000002,220,220,confirmation
00025-00000002,224,224,confirmation
00025-00000002,237,237,confirmation
00025-00000002,239,239,confirmation
00025-00000002,255,255,confirmation
00025-00000002,259,259,confirmation
00025-00000002,262,262,confirmation
00025-00000002,265,265,confirmation
00025-00000002,269,269,confirmation
00025-00000002,276,276,confirmation
00025-00000002,279,279,confirmation
00025-00000002,284,284,confirmation
00025-00000002,289,289,confirmation
00025-00000002,293,293,confirmation
00025-00000002,299,299,confirmation
00025-00000002,302,302,confirmation
00025-00000002,305,305,confirmation
00025-00000002,307,307,confirmation
00025-00000002,309,309,confirmation
00025-00000002,314,314,confirmation
00025-00000002,315,315,confirmation
00025-00000002,318,318,confirmation
00025-00000002,321,321,confirmation
00025-00000002,322,322,confirmation
00025-00000002,327,327,confirmation
00025-00000002,331,331,confirmation
00025-00000002,338,338,confirmation
00025-00000002,343,343,confirmation
00025-00000002,350,350,confirmation
00025-00000002,352,352,confirmation
00025-00000002,354,354,confirmation
00025-00000002,358,358,confirmation
00025-00000002,362,362,confirmation
00025-00000002,368,368,confirmation
00025-00000002,370,370,confirmation
00025-00000002,376,376,confirmation
00025-00000002,396,396,confirmation
00025-00000002,397,397,confirmation
00025-00000002,400,400,confirmation
00025-00000002,401,401,confirmation
00025-00000002,416,416,confirmation
00025-00000002,421,421,confirmation
00025-00000002,427,427,confirmation
00025-00000002,429,429,confirmation
00025-00000002,430,430,confirmation
00025-00000002,438,438,confirmation
00025-00000002,447,447,confirmation
00025-00000002,449,449,confirmation
00025-00000002,451,451,confirmation
00025-00000002,457,457,confirmation
00025-00000002,465,465,confirmation
00025-00000002,468,468,confirmation
00025-00000002,480,480,confirmation
00025-00000002,495,495,confirmation
00025-00000002,498,498,confirmation
00025-00000002,516,516,confirmation
00025-00000002,522,522,confirmation
00025-00000002,524,524,confirmation
00025-00000002,525,525,confirmation
00025-00000002,527,527,confirmation
00025-00000002,528,528,confirmation
00025-00000002,538,538,confirmation
00025-00000002,539,539,confirmation
00025-00000002,540,540,confirmation
00025-00000002,541,541,confirmation
00025-00000002,544,544,confirmation
00025-00000002,551,551,confirmation
00025-00000002,554,554,confirmation
00025-00000002,571,571,confirmation
00025-00000002,578,578,confirmation
00025-00000002,580,580,confirmation
00025-00000002,582,582,confirmation
00025-00000002,589,589,confirmation
00025-00000002,590,590,confirmation
00025-00000002,600,600,confirmation
00025-00000002,609,609,confirmation
00025-00000002,614,614,confirmation
00025-00000002,640,640,confirmation
00025-00000002,648,648,confirmation
00025-00000002,650,650,confirmation
00025-00000002,652,652,confirmation
00025-00000002,653,653,confirmation
00025-00000002,654,654,confirmation
00025-00000002,669,669,confirmation
00025-00000002,675,675,confirmation
00025-00000002,677,677,confirmation
00025-00000002,679,679,confirmation
00025-00000002,683,683,confirmation
00025-00000002,687,687,confirmation
00025-00000002,690,690,confirmation
00025-00000002,697,697,confirmation
00025-00000002,698,698,confirmation
00025-00000002,704,704,confirmation
00025-00000002,707,707,confirmation
00025-00000002,715,715,confirmation
00025-00000002,717,717,confirmation
00025-00000002,734,734,confirmation
00025-00000002,746,746,confirmation
00025-00000002,757,757,confirmation
00025-00000002,758,758,confirmation
00025-00000002,773,773,confirmation
00025-00000002,775,775,confirmation
00025-00000002,785,785,confirmation
00025-00000002,786,786,confirmation
00025-00000003,0,0,fit
00025-00000003,1,1,fit
00025-00000003,4,4,fit
00025-00000003,7,7,fit
00025-00000003,12,12,fit
00025-00000003,13,13,fit
00025-00000003,14,14,fit
00025-00000003,15,15,fit
00025-00000003,16,16,fit
00025-00000003,18,18,fit
00025-00000003,19,19,fit
00025-00000003,20,20,fit
00025-00000003,21,21,fit
00025-00000003,22,22,fit
00025-00000003,25,25,fit
00025-00000003,31,31,fit
00025-00000003,32,32,fit
00025-00000003,35,35,fit
00025-00000003,37,37,fit
00025-00000003,39,39,fit
00025-00000003,40,40,fit
00025-00000003,42,42,fit
00025-00000003,43,43,fit
00025-00000003,44,44,fit
00025-00000003,46,46,fit
00025-00000003,48,48,fit
00025-00000003,50,50,fit
00025-00000003,51,51,fit
00025-00000003,53,53,fit
00025-00000003,54,54,fit
00025-00000003,55,55,fit
00025-00000003,58,58,fit
00025-00000003,59,59,fit
00025-00000003,60,60,fit
00025-00000003,61,61,fit
00025-00000003,62,62,fit
00025-00000003,64,64,fit
00025-00000003,65,65,fit
00025-00000003,66,66,fit
00025-00000003,67,67,fit
00025-00000003,68,68,fit
00025-00000003,69,69,fit
00025-00000003,73,73,fit
00025-00000003,74,74,fit
00025-00000003,75,75,fit
00025-00000003,76,76,fit
00025-00000003,78,78,fit
00025-00000003,81,81,fit
00025-00000003,84,84,fit
00025-00000003,86,86,fit
00025-00000003,88,88,fit
00025-00000003,90,90,fit
00025-00000003,97,97,fit
00025-00000003,99,99,fit
00025-00000003,100,100,fit
00025-00000003,103,103,fit
00025-00000003,104,104,fit
00025-00000003,106,106,fit
00025-00000003,107,107,fit
00025-00000003,110,110,fit
00025-00000003,111,111,fit
00025-00000003,113,113,fit
00025-00000003,114,114,fit
00025-00000003,115,115,fit
00025-00000003,116,116,fit
00025-00000003,118,118,fit
00025-00000003,119,119,fit
00025-00000003,126,126,fit
00025-00000003,130,130,fit
00025-00000003,134,134,fit
00025-00000003,136,136,fit
00025-00000003,137,137,fit
00025-00000003,138,138,fit
00025-00000003,139,139,fit
00025-00000003,143,143,fit
00025-00000003,144,144,fit
00025-00000003,146,146,fit
00025-00000003,147,147,fit
00025-00000003,148,148,fit
00025-00000003,150,150,fit
00025-00000003,152,152,fit
00025-00000003,154,154,fit
00025-00000003,156,156,fit
00025-00000003,158,158,fit
00025-00000003,159,159,fit
00025-00000003,160,160,fit
00025-00000003,161,161,fit
00025-00000003,162,162,fit
00025-00000003,163,163,fit
00025-00000003,164,164,fit
00025-00000003,165,165,fit
00025-00000003,166,166,fit
00025-00000003,167,167,fit
00025-00000003,168,168,fit
00025-00000003,170,170,fit
00025-00000003,171,171,fit
00025-00000003,172,172,fit
00025-00000003,175,175,fit
00025-00000003,176,176,fit
00025-00000003,177,177,fit
00025-00000003,178,178,fit
00025-00000003,179,179,fit
00025-00000003,180,180,fit
00025-00000003,181,181,fit
00025-00000003,182,182,fit
00025-00000003,183,183,fit
00025-00000003,185,185,fit
00025-00000003,186,186,fit
00025-00000003,187,187,fit
00025-00000003,188,188,fit
00025-00000003,189,189,fit
00025-00000003,190,190,fit
00025-00000003,191,191,fit
00025-00000003,192,192,fit
00025-00000003,194,194,fit
00025-00000003,195,195,fit
00025-00000003,196,196,fit
00025-00000003,197,197,fit
00025-00000003,198,198,fit
00025-00000003,200,200,fit
00025-00000003,201,201,fit
00025-00000003,202,202,fit
00025-00000003,203,203,fit
00025-00000003,204,204,fit
00025-00000003,206,206,fit
00025-00000003,207,207,fit
00025-00000003,208,208,fit
00025-00000003,209,209,fit
00025-00000003,214,214,fit
00025-00000003,217,217,fit
00025-00000003,218,218,fit
00025-00000003,219,219,fit
00025-00000003,221,221,fit
00025-00000003,222,222,fit
00025-00000003,224,224,fit
00025-00000003,225,225,fit
00025-00000003,228,228,fit
00025-00000003,229,229,fit
00025-00000003,232,232,fit
00025-00000003,234,234,fit
00025-00000003,236,236,fit
00025-00000003,237,237,fit
00025-00000003,238,238,fit
00025-00000003,239,239,fit
00025-00000003,240,240,fit
00025-00000003,241,241,fit
00025-00000003,242,242,fit
00025-00000003,243,243,fit
00025-00000003,244,244,fit
00025-00000003,246,246,fit
00025-00000003,247,247,fit
00025-00000003,248,248,fit
00025-00000003,249,249,fit
00025-00000003,252,252,fit
00025-00000003,253,253,fit
00025-00000003,255,255,fit
00025-00000003,257,257,fit
00025-00000003,259,259,fit
00025-00000003,260,260,fit
00025-00000003,262,262,fit
00025-00000003,263,263,fit
00025-00000003,264,264,fit
00025-00000003,265,265,fit
00025-00000003,267,267,fit
00025-00000003,268,268,fit
00025-00000003,270,270,fit
00025-00000003,272,272,fit
00025-00000003,274,274,fit
00025-00000003,276,276,fit
00025-00000003,277,277,fit
00025-00000003,279,279,fit
00025-00000003,280,280,fit
00025-00000003,281,281,fit
00025-00000003,282,282,fit
00025-00000003,284,284,fit
00025-00000003,285,285,fit
00025-00000003,286,286,fit
00025-00000003,287,287,fit
00025-00000003,288,288,fit
00025-00000003,290,290,fit
00025-00000003,292,292,fit
00025-00000003,293,293,fit
00025-00000003,294,294,fit
00025-00000003,295,295,fit
00025-00000003,297,297,fit
00025-00000003,300,300,fit
00025-00000003,301,301,fit
00025-00000003,302,302,fit
00025-00000003,303,303,fit
00025-00000003,305,305,fit
00025-00000003,306,306,fit
00025-00000003,307,307,fit
00025-00000003,308,308,fit
00025-00000003,309,309,fit
00025-00000003,310,310,fit
00025-00000003,312,312,fit
00025-00000003,313,313,fit
00025-00000003,316,316,fit
00025-00000003,319,319,fit
00025-00000003,320,320,fit
00025-00000003,321,321,fit
00025-00000003,323,323,fit
00025-00000003,324,324,fit
00025-00000003,325,325,fit
00025-00000003,326,326,fit
00025-00000003,327,327,fit
00025-00000003,328,328,fit
00025-00000003,329,329,fit
00025-00000003,333,333,fit
00025-00000003,337,337,fit
00025-00000003,338,338,fit
00025-00000003,343,343,fit
00025-00000003,344,344,fit
00025-00000003,346,346,fit
00025-00000003,348,348,fit
00025-00000003,349,349,fit
00025-00000003,351,351,fit
00025-00000003,352,352,fit
00025-00000003,353,353,fit
00025-00000003,354,354,fit
00025-00000003,355,355,fit
00025-00000003,357,357,fit
00025-00000003,358,358,fit
00025-00000003,359,359,fit
00025-00000003,362,362,fit
00025-00000003,365,365,fit
00025-00000003,367,367,fit
00025-00000003,368,368,fit
00025-00000003,369,369,fit
00025-00000003,370,370,fit
00025-00000003,372,372,fit
00025-00000003,373,373,fit
00025-00000003,374,374,fit
00025-00000003,377,377,fit
00025-00000003,378,378,fit
00025-00000003,381,381,fit
00025-00000003,382,382,fit
00025-00000003,383,383,fit
00025-00000003,384,384,fit
00025-00000003,386,386,fit
00025-00000003,387,387,fit
00025-00000003,388,388,fit
00025-00000003,389,389,fit
00025-00000003,390,390,fit
00025-00000003,391,391,fit
00025-00000003,392,392,fit
00025-00000003,393,393,fit
00025-00000003,395,395,fit
00025-00000003,396,396,fit
00025-00000003,397,397,fit
00025-00000003,399,399,fit
00025-00000003,400,400,fit
00025-00000003,402,402,fit
00025-00000003,403,403,fit
00025-00000003,406,406,fit
00025-00000003,408,408,fit
00025-00000003,409,409,fit
00025-00000003,412,412,fit
00025-00000003,415,415,fit
00025-00000003,417,417,fit
00025-00000003,418,418,fit
00025-00000003,420,420,fit
00025-00000003,425,425,fit
00025-00000003,426,426,fit
00025-00000003,427,427,fit
00025-00000003,429,429,fit
00025-00000003,430,430,fit
00025-00000003,432,432,fit
00025-00000003,433,433,fit
00025-00000003,434,434,fit
00025-00000003,437,437,fit
00025-00000003,440,440,fit
00025-00000003,443,443,fit
00025-00000003,444,444,fit
00025-00000003,447,447,fit
00025-00000003,448,448,fit
00025-00000003,451,451,fit
00025-00000003,454,454,fit
00025-00000003,456,456,fit
00025-00000003,457,457,fit
00025-00000003,458,458,fit
00025-00000003,459,459,fit
00025-00000003,462,462,fit
00025-00000003,464,464,fit
00025-00000003,466,466,fit
00025-00000003,469,469,fit
00025-00000003,470,470,fit
00025-00000003,472,472,fit
00025-00000003,474,474,fit
00025-00000003,475,475,fit
00025-00000003,478,478,fit
00025-00000003,481,481,fit
00025-00000003,482,482,fit
00025-00000003,483,483,fit
00025-00000003,484,484,fit
00025-00000003,486,486,fit
00025-00000003,487,487,fit
00025-00000003,488,488,fit
00025-00000003,491,491,fit
00025-00000003,492,492,fit
00025-00000003,493,493,fit
00025-00000003,495,495,fit
00025-00000003,496,496,fit
00025-00000003,497,497,fit
00025-00000003,498,498,fit
00025-00000003,499,499,fit
00025-00000003,500,500,fit
00025-00000003,503,503,fit
00025-00000003,504,504,fit
00025-00000003,505,505,fit
00025-00000003,507,507,fit
00025-00000003,509,509,fit
00025-00000003,510,510,fit
00025-00000003,511,511,fit
00025-00000003,512,512,fit
00025-00000003,514,514,fit
00025-00000003,516,516,fit
00025-00000003,517,517,fit
00025-00000003,518,518,fit
00025-00000003,519,519,fit
00025-00000003,522,522,fit
00025-00000003,524,524,fit
00025-00000003,525,525,fit
00025-00000003,526,526,fit
00025-00000003,527,527,fit
00025-00000003,528,528,fit
00025-00000003,529,529,fit
00025-00000003,530,530,fit
00025-00000003,531,531,fit
00025-00000003,532,532,fit
00025-00000003,533,533,fit
00025-00000003,535,535,fit
00025-00000003,536,536,fit
00025-00000003,538,538,fit
00025-00000003,539,539,fit
00025-00000003,540,540,fit
00025-00000003,542,542,fit
00025-00000003,544,544,fit
00025-00000003,545,545,fit
00025-00000003,546,546,fit
00025-00000003,547,547,fit
00025-00000003,550,550,fit
00025-00000003,552,552,fit
00025-00000003,553,553,fit
00025-00000003,554,554,fit
00025-00000003,556,556,fit
00025-00000003,557,557,fit
00025-00000003,563,563,fit
00025-00000003,565,565,fit
00025-00000003,566,566,fit
00025-00000003,568,568,fit
00025-00000003,570,570,fit
00025-00000003,571,571,fit
00025-00000003,574,574,fit
00025-00000003,575,575,fit
00025-00000003,577,577,fit
00025-00000003,578,578,fit
00025-00000003,580,580,fit
00025-00000003,583,583,fit
00025-00000003,584,584,fit
00025-00000003,585,585,fit
00025-00000003,586,586,fit
00025-00000003,591,591,fit
00025-00000003,594,594,fit
00025-00000003,595,595,fit
00025-00000003,596,596,fit
00025-00000003,598,598,fit
00025-00000003,599,599,fit
00025-00000003,601,601,fit
00025-00000003,602,602,fit
00025-00000003,604,604,fit
00025-00000003,605,605,fit
00025-00000003,606,606,fit
00025-00000003,611,611,fit
00025-00000003,612,612,fit
00025-00000003,616,616,fit
00025-00000003,617,617,fit
00025-00000003,618,618,fit
00025-00000003,621,621,fit
00025-00000003,622,622,fit
00025-00000003,623,623,fit
00025-00000003,626,626,fit
00025-00000003,627,627,fit
00025-00000003,628,628,fit
00025-00000003,629,629,fit
00025-00000003,630,630,fit
00025-00000003,634,634,fit
00025-00000003,635,635,fit
00025-00000003,637,637,fit
00025-00000003,638,638,fit
00025-00000003,641,641,fit
00025-00000003,646,646,fit
00025-00000003,649,649,fit
00025-00000003,651,651,fit
00025-00000003,652,652,fit
00025-00000003,653,653,fit
00025-00000003,654,654,fit
00025-00000003,655,655,fit
00025-00000003,656,656,fit
00025-00000003,658,658,fit
00025-00000003,661,661,fit
00025-00000003,662,662,fit
00025-00000003,666,666,fit
00025-00000003,668,668,fit
00025-00000003,671,671,fit
00025-00000003,672,672,fit
00025-00000003,675,675,fit
00025-00000003,676,676,fit
00025-00000003,677,677,fit
00025-00000003,680,680,fit
00025-00000003,683,683,fit
00025-00000003,684,684,fit
00025-00000003,687,687,fit
00025-00000003,688,688,fit
00025-00000003,695,695,fit
00025-00000003,696,696,fit
00025-00000003,697,697,fit
00025-00000003,698,698,fit
00025-00000003,704,704,fit
00025-00000003,705,705,fit
00025-00000003,706,706,fit
00025-00000003,707,707,fit
00025-00000003,710,710,fit
00025-00000003,711,711,fit
00025-00000003,712,712,fit
00025-00000003,716,716,fit
00025-00000003,720,720,fit
00025-00000003,723,723,fit
00025-00000003,724,724,fit
00025-00000003,726,726,fit
00025-00000003,727,727,fit
00025-00000003,728,728,fit
00025-00000003,731,731,fit
00025-00000003,733,733,fit
00025-00000003,734,734,fit
00025-00000003,735,735,fit
00025-00000003,736,736,fit
00025-00000003,737,737,fit
00025-00000003,738,738,fit
00025-00000003,739,739,fit
00025-00000003,742,742,fit
00025-00000003,743,743,fit
00025-00000003,744,744,fit
00025-00000003,745,745,fit
00025-00000003,746,746,fit
00025-00000003,747,747,fit
00025-00000003,748,748,fit
00025-00000003,749,749,fit
00025-00000003,750,750,fit
00025-00000003,754,754,fit
00025-00000003,757,757,fit
00025-00000003,758,758,fit
00025-00000003,760,760,fit
00025-00000003,761,761,fit
00025-00000003,762,762,fit
00025-00000003,763,763,fit
00025-00000003,764,764,fit
00025-00000003,765,765,fit
00025-00000003,766,766,fit
00025-00000003,768,768,fit
00025-00000003,771,771,fit
00025-00000003,772,772,fit
00025-00000003,773,773,fit
00025-00000003,775,775,fit
00025-00000003,778,778,fit
00025-00000003,780,780,fit
00025-00000003,782,782,fit
00025-00000003,783,783,fit
00025-00000003,784,784,fit
00025-00000003,785,785,fit
00025-00000003,786,786,fit
00025-00000003,787,787,fit
00025-00000003,789,789,fit
00025-00000003,790,790,fit
00025-00000003,791,791,fit
00025-00000003,792,792,fit
00025-00000003,793,793,fit
00025-00000003,2,2,discovery
00025-00000003,5,5,discovery
00025-00000003,11,11,discovery
00025-00000003,23,23,discovery
00025-00000003,24,24,discovery
00025-00000003,26,26,discovery
00025-00000003,29,29,discovery
00025-00000003,30,30,discovery
00025-00000003,33,33,discovery
00025-00000003,34,34,discovery
00025-00000003,41,41,discovery
00025-00000003,45,45,discovery
00025-00000003,52,52,discovery
00025-00000003,56,56,discovery
00025-00000003,57,57,discovery
00025-00000003,71,71,discovery
00025-00000003,72,72,discovery
00025-00000003,82,82,discovery
00025-00000003,83,83,discovery
00025-00000003,87,87,discovery
00025-00000003,91,91,discovery
00025-00000003,92,92,discovery
00025-00000003,94,94,discovery
00025-00000003,102,102,discovery
00025-00000003,112,112,discovery
00025-00000003,117,117,discovery
00025-00000003,121,121,discovery
00025-00000003,122,122,discovery
00025-00000003,125,125,discovery
00025-00000003,127,127,discovery
00025-00000003,128,128,discovery
00025-00000003,132,132,discovery
00025-00000003,133,133,discovery
00025-00000003,149,149,discovery
00025-00000003,153,153,discovery
00025-00000003,157,157,discovery
00025-00000003,169,169,discovery
00025-00000003,173,173,discovery
00025-00000003,199,199,discovery
00025-00000003,211,211,discovery
00025-00000003,212,212,discovery
00025-00000003,220,220,discovery
00025-00000003,230,230,discovery
00025-00000003,231,231,discovery
00025-00000003,235,235,discovery
00025-00000003,245,245,discovery
00025-00000003,250,250,discovery
00025-00000003,254,254,discovery
00025-00000003,256,256,discovery
00025-00000003,271,271,discovery
00025-00000003,289,289,discovery
00025-00000003,298,298,discovery
00025-00000003,304,304,discovery
00025-00000003,314,314,discovery
00025-00000003,322,322,discovery
00025-00000003,332,332,discovery
00025-00000003,339,339,discovery
00025-00000003,340,340,discovery
00025-00000003,341,341,discovery
00025-00000003,342,342,discovery
00025-00000003,350,350,discovery
00025-00000003,360,360,discovery
00025-00000003,361,361,discovery
00025-00000003,364,364,discovery
00025-00000003,371,371,discovery
00025-00000003,375,375,discovery
00025-00000003,380,380,discovery
00025-00000003,394,394,discovery
00025-00000003,410,410,discovery
00025-00000003,419,419,discovery
00025-00000003,421,421,discovery
00025-00000003,428,428,discovery
00025-00000003,435,435,discovery
00025-00000003,436,436,discovery
00025-00000003,438,438,discovery
00025-00000003,441,441,discovery
00025-00000003,446,446,discovery
00025-00000003,452,452,discovery
00025-00000003,453,453,discovery
00025-00000003,455,455,discovery
00025-00000003,460,460,discovery
00025-00000003,461,461,discovery
00025-00000003,463,463,discovery
00025-00000003,467,467,discovery
00025-00000003,473,473,discovery
00025-00000003,476,476,discovery
00025-00000003,477,477,discovery
00025-00000003,489,489,discovery
00025-00000003,494,494,discovery
00025-00000003,515,515,discovery
00025-00000003,520,520,discovery
00025-00000003,523,523,discovery
00025-00000003,534,534,discovery
00025-00000003,548,548,discovery
00025-00000003,549,549,discovery
00025-00000003,555,555,discovery
00025-00000003,558,558,discovery
00025-00000003,559,559,discovery
00025-00000003,560,560,discovery
00025-00000003,561,561,discovery
00025-00000003,562,562,discovery
00025-00000003,572,572,discovery
00025-00000003,576,576,discovery
00025-00000003,579,579,discovery
00025-00000003,581,581,discovery
00025-00000003,587,587,discovery
00025-00000003,590,590,discovery
00025-00000003,592,592,discovery
00025-00000003,593,593,discovery
00025-00000003,597,597,discovery
00025-00000003,600,600,discovery
00025-00000003,607,607,discovery
00025-00000003,609,609,discovery
00025-00000003,610,610,discovery
00025-00000003,613,613,discovery
00025-00000003,625,625,discovery
00025-00000003,631,631,discovery
00025-00000003,633,633,discovery
00025-00000003,639,639,discovery
00025-00000003,643,643,discovery
00025-00000003,644,644,discovery
00025-00000003,645,645,discovery
00025-00000003,647,647,discovery
00025-00000003,657,657,discovery
00025-00000003,659,659,discovery
00025-00000003,663,663,discovery
00025-00000003,664,664,discovery
00025-00000003,665,665,discovery
00025-00000003,673,673,discovery
00025-00000003,674,674,discovery
00025-00000003,679,679,discovery
00025-00000003,681,681,discovery
00025-00000003,682,682,discovery
00025-00000003,685,685,discovery
00025-00000003,686,686,discovery
00025-00000003,689,689,discovery
00025-00000003,693,693,discovery
00025-00000003,699,699,discovery
00025-00000003,702,702,discovery
00025-00000003,708,708,discovery
00025-00000003,714,714,discovery
00025-00000003,715,715,discovery
00025-00000003,717,717,discovery
00025-00000003,721,721,discovery
00025-00000003,722,722,discovery
00025-00000003,725,725,discovery
00025-00000003,729,729,discovery
00025-00000003,730,730,discovery
00025-00000003,732,732,discovery
00025-00000003,741,741,discovery
00025-00000003,753,753,discovery
00025-00000003,759,759,discovery
00025-00000003,767,767,discovery
00025-00000003,769,769,discovery
00025-00000003,770,770,discovery
00025-00000003,776,776,discovery
00025-00000003,781,781,discovery
00025-00000003,788,788,discovery
00025-00000003,794,794,discovery
00025-00000003,3,3,confirmation
00025-00000003,6,6,confirmation
00025-00000003,8,8,confirmation
00025-00000003,9,9,confirmation
00025-00000003,10,10,confirmation
00025-00000003,17,17,confirmation
00025-00000003,27,27,confirmation
00025-00000003,28,28,confirmation
00025-00000003,36,36,confirmation
00025-00000003,38,38,confirmation
00025-00000003,47,47,confirmation
00025-00000003,49,49,confirmation
00025-00000003,63,63,confirmation
00025-00000003,70,70,confirmation
00025-00000003,77,77,confirmation
00025-00000003,79,79,confirmation
00025-00000003,80,80,confirmation
00025-00000003,85,85,confirmation
00025-00000003,89,89,confirmation
00025-00000003,93,93,confirmation
00025-00000003,95,95,confirmation
00025-00000003,96,96,confirmation
00025-00000003,98,98,confirmation
00025-00000003,101,101,confirmation
00025-00000003,105,105,confirmation
00025-00000003,108,108,confirmation
00025-00000003,109,109,confirmation
00025-00000003,120,120,confirmation
00025-00000003,123,123,confirmation
00025-00000003,124,124,confirmation
00025-00000003,129,129,confirmation
00025-00000003,131,131,confirmation
00025-00000003,135,135,confirmation
00025-00000003,140,140,confirmation
00025-00000003,141,141,confirmation
00025-00000003,142,142,confirmation
00025-00000003,145,145,confirmation
00025-00000003,151,151,confirmation
00025-00000003,155,155,confirmation
00025-00000003,174,174,confirmation
00025-00000003,184,184,confirmation
00025-00000003,193,193,confirmation
00025-00000003,205,205,confirmation
00025-00000003,210,210,confirmation
00025-00000003,213,213,confirmation
00025-00000003,215,215,confirmation
00025-00000003,216,216,confirmation
00025-00000003,223,223,confirmation
00025-00000003,226,226,confirmation
00025-00000003,227,227,confirmation
00025-00000003,233,233,confirmation
00025-00000003,251,251,confirmation
00025-00000003,258,258,confirmation
00025-00000003,261,261,confirmation
00025-00000003,266,266,confirmation
00025-00000003,269,269,confirmation
00025-00000003,273,273,confirmation
00025-00000003,275,275,confirmation
00025-00000003,278,278,confirmation
00025-00000003,283,283,confirmation
00025-00000003,291,291,confirmation
00025-00000003,296,296,confirmation
00025-00000003,299,299,confirmation
00025-00000003,311,311,confirmation
00025-00000003,315,315,confirmation
00025-00000003,317,317,confirmation
00025-00000003,318,318,confirmation
00025-00000003,330,330,confirmation
00025-00000003,331,331,confirmation
00025-00000003,334,334,confirmation
00025-00000003,335,335,confirmation
00025-00000003,336,336,confirmation
00025-00000003,345,345,confirmation
00025-00000003,347,347,confirmation
00025-00000003,356,356,confirmation
00025-00000003,363,363,confirmation
00025-00000003,366,366,confirmation
00025-00000003,376,376,confirmation
00025-00000003,379,379,confirmation
00025-00000003,385,385,confirmation
00025-00000003,398,398,confirmation
00025-00000003,401,401,confirmation
00025-00000003,404,404,confirmation
00025-00000003,405,405,confirmation
00025-00000003,407,407,confirmation
00025-00000003,411,411,confirmation
00025-00000003,413,413,confirmation
00025-00000003,414,414,confirmation
00025-00000003,416,416,confirmation
00025-00000003,422,422,confirmation
00025-00000003,423,423,confirmation
00025-00000003,424,424,confirmation
00025-00000003,431,431,confirmation
00025-00000003,439,439,confirmation
00025-00000003,442,442,confirmation
00025-00000003,445,445,confirmation
00025-00000003,449,449,confirmation
00025-00000003,450,450,confirmation
00025-00000003,465,465,confirmation
00025-00000003,468,468,confirmation
00025-00000003,471,471,confirmation
00025-00000003,479,479,confirmation
00025-00000003,480,480,confirmation
00025-00000003,485,485,confirmation
00025-00000003,490,490,confirmation
00025-00000003,501,501,confirmation
00025-00000003,502,502,confirmation
00025-00000003,506,506,confirmation
00025-00000003,508,508,confirmation
00025-00000003,513,513,confirmation
00025-00000003,521,521,confirmation
00025-00000003,537,537,confirmation
00025-00000003,541,541,confirmation
00025-00000003,543,543,confirmation
00025-00000003,551,551,confirmation
00025-00000003,564,564,confirmation
00025-00000003,567,567,confirmation
00025-00000003,569,569,confirmation
00025-00000003,573,573,confirmation
00025-00000003,582,582,confirmation
00025-00000003,588,588,confirmation
00025-00000003,589,589,confirmation
00025-00000003,603,603,confirmation
00025-00000003,608,608,confirmation
00025-00000003,614,614,confirmation
00025-00000003,615,615,confirmation
00025-00000003,619,619,confirmation
00025-00000003,620,620,confirmation
00025-00000003,624,624,confirmation
00025-00000003,632,632,confirmation
00025-00000003,636,636,confirmation
00025-00000003,640,640,confirmation
00025-00000003,642,642,confirmation
00025-00000003,648,648,confirmation
00025-00000003,650,650,confirmation
00025-00000003,660,660,confirmation
00025-00000003,667,667,confirmation
00025-00000003,669,669,confirmation
00025-00000003,670,670,confirmation
00025-00000003,678,678,confirmation
00025-00000003,690,690,confirmation
00025-00000003,691,691,confirmation
00025-00000003,692,692,confirmation
00025-00000003,694,694,confirmation
00025-00000003,700,700,confirmation
00025-00000003,701,701,confirmation
00025-00000003,703,703,confirmation
00025-00000003,709,709,confirmation
00025-00000003,713,713,confirmation
00025-00000003,718,718,confirmation
00025-00000003,719,719,confirmation
00025-00000003,740,740,confirmation
00025-00000003,751,751,confirmation
00025-00000003,752,752,confirmation
00025-00000003,755,755,confirmation
00025-00000003,756,756,confirmation
00025-00000003,774,774,confirmation
00025-00000003,777,777,confirmation
00025-00000003,779,779,confirmation
00025-00000004,0,0,fit
00025-00000004,1,1,fit
00025-00000004,5,5,fit
00025-00000004,6,6,fit
00025-00000004,10,10,fit
00025-00000004,12,12,fit
00025-00000004,13,13,fit
00025-00000004,14,14,fit
00025-00000004,17,17,fit
00025-00000004,22,22,fit
00025-00000004,23,23,fit
00025-00000004,25,25,fit
00025-00000004,26,26,fit
00025-00000004,28,28,fit
00025-00000004,29,29,fit
00025-00000004,30,30,fit
00025-00000004,31,31,fit
00025-00000004,32,32,fit
00025-00000004,33,33,fit
00025-00000004,34,34,fit
00025-00000004,36,36,fit
00025-00000004,37,37,fit
00025-00000004,38,38,fit
00025-00000004,40,40,fit
00025-00000004,41,41,fit
00025-00000004,43,43,fit
00025-00000004,44,44,fit
00025-00000004,45,45,fit
00025-00000004,47,47,fit
00025-00000004,48,48,fit
00025-00000004,49,49,fit
00025-00000004,51,51,fit
00025-00000004,53,53,fit
00025-00000004,54,54,fit
00025-00000004,56,56,fit
00025-00000004,59,59,fit
00025-00000004,60,60,fit
00025-00000004,61,61,fit
00025-00000004,64,64,fit
00025-00000004,65,65,fit
00025-00000004,66,66,fit
00025-00000004,67,67,fit
00025-00000004,68,68,fit
00025-00000004,69,69,fit
00025-00000004,70,70,fit
00025-00000004,72,72,fit
00025-00000004,73,73,fit
00025-00000004,75,75,fit
00025-00000004,76,76,fit
00025-00000004,77,77,fit
00025-00000004,81,81,fit
00025-00000004,83,83,fit
00025-00000004,85,85,fit
00025-00000004,87,87,fit
00025-00000004,88,88,fit
00025-00000004,90,90,fit
00025-00000004,91,91,fit
00025-00000004,93,93,fit
00025-00000004,95,95,fit
00025-00000004,99,99,fit
00025-00000004,100,100,fit
00025-00000004,101,101,fit
00025-00000004,102,102,fit
00025-00000004,103,103,fit
00025-00000004,105,105,fit
00025-00000004,108,108,fit
00025-00000004,109,109,fit
00025-00000004,110,110,fit
00025-00000004,111,111,fit
00025-00000004,117,117,fit
00025-00000004,118,118,fit
00025-00000004,119,119,fit
00025-00000004,120,120,fit
00025-00000004,121,121,fit
00025-00000004,124,124,fit
00025-00000004,125,125,fit
00025-00000004,127,127,fit
00025-00000004,129,129,fit
00025-00000004,130,130,fit
00025-00000004,131,131,fit
00025-00000004,132,132,fit
00025-00000004,134,134,fit
00025-00000004,136,136,fit
00025-00000004,138,138,fit
00025-00000004,139,139,fit
00025-00000004,140,140,fit
00025-00000004,142,142,fit
00025-00000004,143,143,fit
00025-00000004,145,145,fit
00025-00000004,146,146,fit
00025-00000004,150,150,fit
00025-00000004,151,151,fit
00025-00000004,153,153,fit
00025-00000004,154,154,fit
00025-00000004,155,155,fit
00025-00000004,156,156,fit
00025-00000004,157,157,fit
00025-00000004,158,158,fit
00025-00000004,159,159,fit
00025-00000004,160,160,fit
00025-00000004,161,161,fit
00025-00000004,163,163,fit
00025-00000004,164,164,fit
00025-00000004,166,166,fit
00025-00000004,168,168,fit
00025-00000004,169,169,fit
00025-00000004,171,171,fit
00025-00000004,172,172,fit
00025-00000004,173,173,fit
00025-00000004,174,174,fit
00025-00000004,176,176,fit
00025-00000004,177,177,fit
00025-00000004,178,178,fit
00025-00000004,181,181,fit
00025-00000004,183,183,fit
00025-00000004,184,184,fit
00025-00000004,185,185,fit
00025-00000004,187,187,fit
00025-00000004,189,189,fit
00025-00000004,193,193,fit
00025-00000004,195,195,fit
00025-00000004,196,196,fit
00025-00000004,197,197,fit
00025-00000004,198,198,fit
00025-00000004,200,200,fit
00025-00000004,201,201,fit
00025-00000004,203,203,fit
00025-00000004,204,204,fit
00025-00000004,206,206,fit
00025-00000004,207,207,fit
00025-00000004,208,208,fit
00025-00000004,211,211,fit
00025-00000004,213,213,fit
00025-00000004,214,214,fit
00025-00000004,215,215,fit
00025-00000004,216,216,fit
00025-00000004,217,217,fit
00025-00000004,218,218,fit
00025-00000004,219,219,fit
00025-00000004,220,220,fit
00025-00000004,221,221,fit
00025-00000004,224,224,fit
00025-00000004,227,227,fit
00025-00000004,229,229,fit
00025-00000004,233,233,fit
00025-00000004,235,235,fit
00025-00000004,236,236,fit
00025-00000004,237,237,fit
00025-00000004,238,238,fit
00025-00000004,241,241,fit
00025-00000004,242,242,fit
00025-00000004,243,243,fit
00025-00000004,244,244,fit
00025-00000004,245,245,fit
00025-00000004,246,246,fit
00025-00000004,249,249,fit
00025-00000004,251,251,fit
00025-00000004,255,255,fit
00025-00000004,256,256,fit
00025-00000004,259,259,fit
00025-00000004,261,261,fit
00025-00000004,263,263,fit
00025-00000004,264,264,fit
00025-00000004,266,266,fit
00025-00000004,267,267,fit
00025-00000004,268,268,fit
00025-00000004,269,269,fit
00025-00000004,270,270,fit
00025-00000004,272,272,fit
00025-00000004,273,273,fit
00025-00000004,274,274,fit
00025-00000004,275,275,fit
00025-00000004,276,276,fit
00025-00000004,277,277,fit
00025-00000004,280,280,fit
00025-00000004,283,283,fit
00025-00000004,284,284,fit
00025-00000004,287,287,fit
00025-00000004,288,288,fit
00025-00000004,290,290,fit
00025-00000004,293,293,fit
00025-00000004,295,295,fit
00025-00000004,296,296,fit
00025-00000004,300,300,fit
00025-00000004,301,301,fit
00025-00000004,303,303,fit
00025-00000004,304,304,fit
00025-00000004,308,308,fit
00025-00000004,309,309,fit
00025-00000004,311,311,fit
00025-00000004,312,312,fit
00025-00000004,313,313,fit
00025-00000004,314,314,fit
00025-00000004,315,315,fit
00025-00000004,318,318,fit
00025-00000004,319,319,fit
00025-00000004,320,320,fit
00025-00000004,322,322,fit
00025-00000004,323,323,fit
00025-00000004,324,324,fit
00025-00000004,328,328,fit
00025-00000004,332,332,fit
00025-00000004,334,334,fit
00025-00000004,335,335,fit
00025-00000004,336,336,fit
00025-00000004,337,337,fit
00025-00000004,340,340,fit
00025-00000004,343,343,fit
00025-00000004,344,344,fit
00025-00000004,348,348,fit
00025-00000004,349,349,fit
00025-00000004,350,350,fit
00025-00000004,351,351,fit
00025-00000004,353,353,fit
00025-00000004,354,354,fit
00025-00000004,355,355,fit
00025-00000004,357,357,fit
00025-00000004,358,358,fit
00025-00000004,361,361,fit
00025-00000004,362,362,fit
00025-00000004,364,364,fit
00025-00000004,365,365,fit
00025-00000004,367,367,fit
00025-00000004,368,368,fit
00025-00000004,369,369,fit
00025-00000004,371,371,fit
00025-00000004,375,375,fit
00025-00000004,377,377,fit
00025-00000004,379,379,fit
00025-00000004,380,380,fit
00025-00000004,381,381,fit
00025-00000004,382,382,fit
00025-00000004,383,383,fit
00025-00000004,384,384,fit
00025-00000004,385,385,fit
00025-00000004,386,386,fit
00025-00000004,387,387,fit
00025-00000004,389,389,fit
00025-00000004,390,390,fit
00025-00000004,391,391,fit
00025-00000004,392,392,fit
00025-00000004,395,395,fit
00025-00000004,399,399,fit
00025-00000004,400,400,fit
00025-00000004,401,401,fit
00025-00000004,402,402,fit
00025-00000004,403,403,fit
00025-00000004,406,406,fit
00025-00000004,408,408,fit
00025-00000004,410,410,fit
00025-00000004,411,411,fit
00025-00000004,412,412,fit
00025-00000004,413,413,fit
00025-00000004,414,414,fit
00025-00000004,415,415,fit
00025-00000004,420,420,fit
00025-00000004,421,421,fit
00025-00000004,422,422,fit
00025-00000004,423,423,fit
00025-00000004,424,424,fit
00025-00000004,426,426,fit
00025-00000004,428,428,fit
00025-00000004,433,433,fit
00025-00000004,436,436,fit
00025-00000004,438,438,fit
00025-00000004,440,440,fit
00025-00000004,442,442,fit
00025-00000004,444,444,fit
00025-00000004,445,445,fit
00025-00000004,446,446,fit
00025-00000004,448,448,fit
00025-00000004,449,449,fit
00025-00000004,450,450,fit
00025-00000004,452,452,fit
00025-00000004,453,453,fit
00025-00000004,457,457,fit
00025-00000004,460,460,fit
00025-00000004,461,461,fit
00025-00000004,462,462,fit
00025-00000004,463,463,fit
00025-00000004,465,465,fit
00025-00000004,466,466,fit
00025-00000004,467,467,fit
00025-00000004,468,468,fit
00025-00000004,469,469,fit
00025-00000004,471,471,fit
00025-00000004,472,472,fit
00025-00000004,473,473,fit
00025-00000004,475,475,fit
00025-00000004,476,476,fit
00025-00000004,477,477,fit
00025-00000004,479,479,fit
00025-00000004,480,480,fit
00025-00000004,481,481,fit
00025-00000004,482,482,fit
00025-00000004,484,484,fit
00025-00000004,485,485,fit
00025-00000004,486,486,fit
00025-00000004,488,488,fit
00025-00000004,490,490,fit
00025-00000004,493,493,fit
00025-00000004,495,495,fit
00025-00000004,500,500,fit
00025-00000004,503,503,fit
00025-00000004,505,505,fit
00025-00000004,506,506,fit
00025-00000004,507,507,fit
00025-00000004,508,508,fit
00025-00000004,509,509,fit
00025-00000004,511,511,fit
00025-00000004,512,512,fit
00025-00000004,514,514,fit
00025-00000004,516,516,fit
00025-00000004,517,517,fit
00025-00000004,518,518,fit
00025-00000004,520,520,fit
00025-00000004,521,521,fit
00025-00000004,523,523,fit
00025-00000004,524,524,fit
00025-00000004,530,530,fit
00025-00000004,531,531,fit
00025-00000004,532,532,fit
00025-00000004,534,534,fit
00025-00000004,536,536,fit
00025-00000004,537,537,fit
00025-00000004,538,538,fit
00025-00000004,541,541,fit
00025-00000004,544,544,fit
00025-00000004,545,545,fit
00025-00000004,546,546,fit
00025-00000004,550,550,fit
00025-00000004,553,553,fit
00025-00000004,557,557,fit
00025-00000004,560,560,fit
00025-00000004,561,561,fit
00025-00000004,565,565,fit
00025-00000004,566,566,fit
00025-00000004,568,568,fit
00025-00000004,569,569,fit
00025-00000004,570,570,fit
00025-00000004,572,572,fit
00025-00000004,573,573,fit
00025-00000004,574,574,fit
00025-00000004,578,578,fit
00025-00000004,580,580,fit
00025-00000004,581,581,fit
00025-00000004,583,583,fit
00025-00000004,584,584,fit
00025-00000004,585,585,fit
00025-00000004,587,587,fit
00025-00000004,588,588,fit
00025-00000004,589,589,fit
00025-00000004,590,590,fit
00025-00000004,591,591,fit
00025-00000004,592,592,fit
00025-00000004,593,593,fit
00025-00000004,594,594,fit
00025-00000004,595,595,fit
00025-00000004,597,597,fit
00025-00000004,600,600,fit
00025-00000004,601,601,fit
00025-00000004,602,602,fit
00025-00000004,604,604,fit
00025-00000004,605,605,fit
00025-00000004,606,606,fit
00025-00000004,609,609,fit
00025-00000004,611,611,fit
00025-00000004,612,612,fit
00025-00000004,613,613,fit
00025-00000004,615,615,fit
00025-00000004,617,617,fit
00025-00000004,619,619,fit
00025-00000004,620,620,fit
00025-00000004,621,621,fit
00025-00000004,623,623,fit
00025-00000004,625,625,fit
00025-00000004,626,626,fit
00025-00000004,627,627,fit
00025-00000004,628,628,fit
00025-00000004,630,630,fit
00025-00000004,631,631,fit
00025-00000004,632,632,fit
00025-00000004,635,635,fit
00025-00000004,636,636,fit
00025-00000004,638,638,fit
00025-00000004,642,642,fit
00025-00000004,643,643,fit
00025-00000004,644,644,fit
00025-00000004,645,645,fit
00025-00000004,646,646,fit
00025-00000004,647,647,fit
00025-00000004,648,648,fit
00025-00000004,649,649,fit
00025-00000004,650,650,fit
00025-00000004,651,651,fit
00025-00000004,654,654,fit
00025-00000004,656,656,fit
00025-00000004,658,658,fit
00025-00000004,659,659,fit
00025-00000004,660,660,fit
00025-00000004,661,661,fit
00025-00000004,663,663,fit
00025-00000004,665,665,fit
00025-00000004,666,666,fit
00025-00000004,667,667,fit
00025-00000004,668,668,fit
00025-00000004,669,669,fit
00025-00000004,670,670,fit
00025-00000004,672,672,fit
00025-00000004,673,673,fit
00025-00000004,674,674,fit
00025-00000004,676,676,fit
00025-00000004,678,678,fit
00025-00000004,681,681,fit
00025-00000004,686,686,fit
00025-00000004,688,688,fit
00025-00000004,689,689,fit
00025-00000004,690,690,fit
00025-00000004,692,692,fit
00025-00000004,693,693,fit
00025-00000004,694,694,fit
00025-00000004,695,695,fit
00025-00000004,696,696,fit
00025-00000004,700,700,fit
00025-00000004,701,701,fit
00025-00000004,702,702,fit
00025-00000004,706,706,fit
00025-00000004,707,707,fit
00025-00000004,709,709,fit
00025-00000004,710,710,fit
00025-00000004,714,714,fit
00025-00000004,715,715,fit
00025-00000004,717,717,fit
00025-00000004,720,720,fit
00025-00000004,722,722,fit
00025-00000004,725,725,fit
00025-00000004,726,726,fit
00025-00000004,727,727,fit
00025-00000004,728,728,fit
00025-00000004,729,729,fit
00025-00000004,732,732,fit
00025-00000004,733,733,fit
00025-00000004,735,735,fit
00025-00000004,736,736,fit
00025-00000004,737,737,fit
00025-00000004,740,740,fit
00025-00000004,742,742,fit
00025-00000004,744,744,fit
00025-00000004,745,745,fit
00025-00000004,746,746,fit
00025-00000004,748,748,fit
00025-00000004,749,749,fit
00025-00000004,750,750,fit
00025-00000004,753,753,fit
00025-00000004,754,754,fit
00025-00000004,756,756,fit
00025-00000004,759,759,fit
00025-00000004,760,760,fit
00025-00000004,761,761,fit
00025-00000004,762,762,fit
00025-00000004,763,763,fit
00025-00000004,764,764,fit
00025-00000004,769,769,fit
00025-00000004,770,770,fit
00025-00000004,773,773,fit
00025-00000004,774,774,fit
00025-00000004,777,777,fit
00025-00000004,778,778,fit
00025-00000004,779,779,fit
00025-00000004,780,780,fit
00025-00000004,781,781,fit
00025-00000004,782,782,fit
00025-00000004,785,785,fit
00025-00000004,789,789,fit
00025-00000004,790,790,fit
00025-00000004,791,791,fit
00025-00000004,794,794,fit
00025-00000004,796,796,fit
00025-00000004,2,2,discovery
00025-00000004,7,7,discovery
00025-00000004,9,9,discovery
00025-00000004,15,15,discovery
00025-00000004,18,18,discovery
00025-00000004,20,20,discovery
00025-00000004,24,24,discovery
00025-00000004,35,35,discovery
00025-00000004,46,46,discovery
00025-00000004,50,50,discovery
00025-00000004,52,52,discovery
00025-00000004,55,55,discovery
00025-00000004,58,58,discovery
00025-00000004,62,62,discovery
00025-00000004,74,74,discovery
00025-00000004,79,79,discovery
00025-00000004,84,84,discovery
00025-00000004,96,96,discovery
00025-00000004,97,97,discovery
00025-00000004,98,98,discovery
00025-00000004,106,106,discovery
00025-00000004,113,113,discovery
00025-00000004,115,115,discovery
00025-00000004,122,122,discovery
00025-00000004,123,123,discovery
00025-00000004,126,126,discovery
00025-00000004,133,133,discovery
00025-00000004,147,147,discovery
00025-00000004,167,167,discovery
00025-00000004,170,170,discovery
00025-00000004,180,180,discovery
00025-00000004,182,182,discovery
00025-00000004,186,186,discovery
00025-00000004,190,190,discovery
00025-00000004,191,191,discovery
00025-00000004,199,199,discovery
00025-00000004,205,205,discovery
00025-00000004,209,209,discovery
00025-00000004,210,210,discovery
00025-00000004,212,212,discovery
00025-00000004,225,225,discovery
00025-00000004,230,230,discovery
00025-00000004,234,234,discovery
00025-00000004,258,258,discovery
00025-00000004,260,260,discovery
00025-00000004,262,262,discovery
00025-00000004,265,265,discovery
00025-00000004,278,278,discovery
00025-00000004,279,279,discovery
00025-00000004,282,282,discovery
00025-00000004,289,289,discovery
00025-00000004,294,294,discovery
00025-00000004,297,297,discovery
00025-00000004,302,302,discovery
00025-00000004,306,306,discovery
00025-00000004,310,310,discovery
00025-00000004,316,316,discovery
00025-00000004,326,326,discovery
00025-00000004,330,330,discovery
00025-00000004,331,331,discovery
00025-00000004,333,333,discovery
00025-00000004,341,341,discovery
00025-00000004,342,342,discovery
00025-00000004,345,345,discovery
00025-00000004,346,346,discovery
00025-00000004,347,347,discovery
00025-00000004,356,356,discovery
00025-00000004,360,360,discovery
00025-00000004,366,366,discovery
00025-00000004,374,374,discovery
00025-00000004,376,376,discovery
00025-00000004,378,378,discovery
00025-00000004,388,388,discovery
00025-00000004,394,394,discovery
00025-00000004,404,404,discovery
00025-00000004,405,405,discovery
00025-00000004,409,409,discovery
00025-00000004,418,418,discovery
00025-00000004,419,419,discovery
00025-00000004,425,425,discovery
00025-00000004,429,429,discovery
00025-00000004,431,431,discovery
00025-00000004,434,434,discovery
00025-00000004,441,441,discovery
00025-00000004,443,443,discovery
00025-00000004,451,451,discovery
00025-00000004,456,456,discovery
00025-00000004,464,464,discovery
00025-00000004,487,487,discovery
00025-00000004,494,494,discovery
00025-00000004,499,499,discovery
00025-00000004,510,510,discovery
00025-00000004,513,513,discovery
00025-00000004,515,515,discovery
00025-00000004,519,519,discovery
00025-00000004,522,522,discovery
00025-00000004,525,525,discovery
00025-00000004,529,529,discovery
00025-00000004,533,533,discovery
00025-00000004,535,535,discovery
00025-00000004,542,542,discovery
00025-00000004,543,543,discovery
00025-00000004,548,548,discovery
00025-00000004,549,549,discovery
00025-00000004,551,551,discovery
00025-00000004,552,552,discovery
00025-00000004,558,558,discovery
00025-00000004,559,559,discovery
00025-00000004,563,563,discovery
00025-00000004,571,571,discovery
00025-00000004,579,579,discovery
00025-00000004,582,582,discovery
00025-00000004,586,586,discovery
00025-00000004,598,598,discovery
00025-00000004,607,607,discovery
00025-00000004,614,614,discovery
00025-00000004,616,616,discovery
00025-00000004,618,618,discovery
00025-00000004,622,622,discovery
00025-00000004,629,629,discovery
00025-00000004,633,633,discovery
00025-00000004,639,639,discovery
00025-00000004,640,640,discovery
00025-00000004,641,641,discovery
00025-00000004,652,652,discovery
00025-00000004,657,657,discovery
00025-00000004,671,671,discovery
00025-00000004,677,677,discovery
00025-00000004,679,679,discovery
00025-00000004,680,680,discovery
00025-00000004,682,682,discovery
00025-00000004,687,687,discovery
00025-00000004,697,697,discovery
00025-00000004,698,698,discovery
00025-00000004,699,699,discovery
00025-00000004,703,703,discovery
00025-00000004,705,705,discovery
00025-00000004,711,711,discovery
00025-00000004,712,712,discovery
00025-00000004,713,713,discovery
00025-00000004,716,716,discovery
00025-00000004,721,721,discovery
00025-00000004,723,723,discovery
00025-00000004,724,724,discovery
00025-00000004,731,731,discovery
00025-00000004,741,741,discovery
00025-00000004,752,752,discovery
00025-00000004,755,755,discovery
00025-00000004,757,757,discovery
00025-00000004,758,758,discovery
00025-00000004,765,765,discovery
00025-00000004,766,766,discovery
00025-00000004,772,772,discovery
00025-00000004,775,775,discovery
00025-00000004,783,783,discovery
00025-00000004,784,784,discovery
00025-00000004,787,787,discovery
00025-00000004,792,792,discovery
00025-00000004,795,795,discovery
00025-00000004,3,3,confirmation
00025-00000004,4,4,confirmation
00025-00000004,8,8,confirmation
00025-00000004,11,11,confirmation
00025-00000004,16,16,confirmation
00025-00000004,19,19,confirmation
00025-00000004,21,21,confirmation
00025-00000004,27,27,confirmation
00025-00000004,39,39,confirmation
00025-00000004,42,42,confirmation
00025-00000004,57,57,confirmation
00025-00000004,63,63,confirmation
00025-00000004,71,71,confirmation
00025-00000004,78,78,confirmation
00025-00000004,80,80,confirmation
00025-00000004,82,82,confirmation
00025-00000004,86,86,confirmation
00025-00000004,89,89,confirmation
00025-00000004,92,92,confirmation
00025-00000004,94,94,confirmation
00025-00000004,104,104,confirmation
00025-00000004,107,107,confirmation
00025-00000004,112,112,confirmation
00025-00000004,114,114,confirmation
00025-00000004,116,116,confirmation
00025-00000004,128,128,confirmation
00025-00000004,135,135,confirmation
00025-00000004,137,137,confirmation
00025-00000004,141,141,confirmation
00025-00000004,144,144,confirmation
00025-00000004,148,148,confirmation
00025-00000004,149,149,confirmation
00025-00000004,152,152,confirmation
00025-00000004,162,162,confirmation
00025-00000004,165,165,confirmation
00025-00000004,175,175,confirmation
00025-00000004,179,179,confirmation
00025-00000004,188,188,confirmation
00025-00000004,192,192,confirmation
00025-00000004,194,194,confirmation
00025-00000004,202,202,confirmation
00025-00000004,222,222,confirmation
00025-00000004,223,223,confirmation
00025-00000004,226,226,confirmation
00025-00000004,228,228,confirmation
00025-00000004,231,231,confirmation
00025-00000004,232,232,confirmation
00025-00000004,239,239,confirmation
00025-00000004,240,240,confirmation
00025-00000004,247,247,confirmation
00025-00000004,248,248,confirmation
00025-00000004,250,250,confirmation
00025-00000004,252,252,confirmation
00025-00000004,253,253,confirmation
00025-00000004,254,254,confirmation
00025-00000004,257,257,confirmation
00025-00000004,271,271,confirmation
00025-00000004,281,281,confirmation
00025-00000004,285,285,confirmation
00025-00000004,286,286,confirmation
00025-00000004,291,291,confirmation
00025-00000004,292,292,confirmation
00025-00000004,298,298,confirmation
00025-00000004,299,299,confirmation
00025-00000004,305,305,confirmation
00025-00000004,307,307,confirmation
00025-00000004,317,317,confirmation
00025-00000004,321,321,confirmation
00025-00000004,325,325,confirmation
00025-00000004,327,327,confirmation
00025-00000004,329,329,confirmation
00025-00000004,338,338,confirmation
00025-00000004,339,339,confirmation
00025-00000004,352,352,confirmation
00025-00000004,359,359,confirmation
00025-00000004,363,363,confirmation
00025-00000004,370,370,confirmation
00025-00000004,372,372,confirmation
00025-00000004,373,373,confirmation
00025-00000004,393,393,confirmation
00025-00000004,396,396,confirmation
00025-00000004,397,397,confirmation
00025-00000004,398,398,confirmation
00025-00000004,407,407,confirmation
00025-00000004,416,416,confirmation
00025-00000004,417,417,confirmation
00025-00000004,427,427,confirmation
00025-00000004,430,430,confirmation
00025-00000004,432,432,confirmation
00025-00000004,435,435,confirmation
00025-00000004,437,437,confirmation
00025-00000004,439,439,confirmation
00025-00000004,447,447,confirmation
00025-00000004,454,454,confirmation
00025-00000004,455,455,confirmation
00025-00000004,458,458,confirmation
00025-00000004,459,459,confirmation
00025-00000004,470,470,confirmation
00025-00000004,474,474,confirmation
00025-00000004,478,478,confirmation
00025-00000004,483,483,confirmation
00025-00000004,489,489,confirmation
00025-00000004,491,491,confirmation
00025-00000004,492,492,confirmation
00025-00000004,496,496,confirmation
00025-00000004,497,497,confirmation
00025-00000004,498,498,confirmation
00025-00000004,501,501,confirmation
00025-00000004,502,502,confirmation
00025-00000004,504,504,confirmation
00025-00000004,526,526,confirmation
00025-00000004,527,527,confirmation
00025-00000004,528,528,confirmation
00025-00000004,539,539,confirmation
00025-00000004,540,540,confirmation
00025-00000004,547,547,confirmation
00025-00000004,554,554,confirmation
00025-00000004,555,555,confirmation
00025-00000004,556,556,confirmation
00025-00000004,562,562,confirmation
00025-00000004,564,564,confirmation
00025-00000004,567,567,confirmation
00025-00000004,575,575,confirmation
00025-00000004,576,576,confirmation
00025-00000004,577,577,confirmation
00025-00000004,596,596,confirmation
00025-00000004,599,599,confirmation
00025-00000004,603,603,confirmation
00025-00000004,608,608,confirmation
00025-00000004,610,610,confirmation
00025-00000004,624,624,confirmation
00025-00000004,634,634,confirmation
00025-00000004,637,637,confirmation
00025-00000004,653,653,confirmation
00025-00000004,655,655,confirmation
00025-00000004,662,662,confirmation
00025-00000004,664,664,confirmation
00025-00000004,675,675,confirmation
00025-00000004,683,683,confirmation
00025-00000004,684,684,confirmation
00025-00000004,685,685,confirmation
00025-00000004,691,691,confirmation
00025-00000004,704,704,confirmation
00025-00000004,708,708,confirmation
00025-00000004,718,718,confirmation
00025-00000004,719,719,confirmation
00025-00000004,730,730,confirmation
00025-00000004,734,734,confirmation
00025-00000004,738,738,confirmation
00025-00000004,739,739,confirmation
00025-00000004,743,743,confirmation
00025-00000004,747,747,confirmation
00025-00000004,751,751,confirmation
00025-00000004,767,767,confirmation
00025-00000004,768,768,confirmation
00025-00000004,771,771,confirmation
00025-00000004,776,776,confirmation
00025-00000004,786,786,confirmation
00025-00000004,788,788,confirmation
00025-00000004,793,793,confirmation
dots2024_A_r2,3,3,fit
dots2024_A_r2,5,5,fit
dots2024_A_r2,7,7,fit
dots2024_A_r2,8,8,fit
dots2024_A_r2,9,9,fit
dots2024_A_r2,10,10,fit
dots2024_A_r2,11,11,fit
dots2024_A_r2,14,14,fit
dots2024_A_r2,18,18,fit
dots2024_A_r2,19,19,fit
dots2024_A_r2,20,20,fit
dots2024_A_r2,21,21,fit
dots2024_A_r2,22,22,fit
dots2024_A_r2,23,23,fit
dots2024_A_r2,25,25,fit
dots2024_A_r2,26,26,fit
dots2024_A_r2,28,28,fit
dots2024_A_r2,29,29,fit
dots2024_A_r2,31,31,fit
dots2024_A_r2,32,32,fit
dots2024_A_r2,34,34,fit
dots2024_A_r2,36,36,fit
dots2024_A_r2,37,37,fit
dots2024_A_r2,42,42,fit
dots2024_A_r2,43,43,fit
dots2024_A_r2,44,44,fit
dots2024_A_r2,45,45,fit
dots2024_A_r2,46,46,fit
dots2024_A_r2,49,49,fit
dots2024_A_r2,50,50,fit
dots2024_A_r2,51,51,fit
dots2024_A_r2,52,52,fit
dots2024_A_r2,53,53,fit
dots2024_A_r2,55,55,fit
dots2024_A_r2,57,57,fit
dots2024_A_r2,58,58,fit
dots2024_A_r2,60,60,fit
dots2024_A_r2,61,61,fit
dots2024_A_r2,62,62,fit
dots2024_A_r2,63,63,fit
dots2024_A_r2,64,64,fit
dots2024_A_r2,66,66,fit
dots2024_A_r2,67,67,fit
dots2024_A_r2,68,68,fit
dots2024_A_r2,70,70,fit
dots2024_A_r2,71,71,fit
dots2024_A_r2,73,73,fit
dots2024_A_r2,74,74,fit
dots2024_A_r2,76,76,fit
dots2024_A_r2,77,77,fit
dots2024_A_r2,80,80,fit
dots2024_A_r2,81,81,fit
dots2024_A_r2,82,82,fit
dots2024_A_r2,83,83,fit
dots2024_A_r2,84,84,fit
dots2024_A_r2,85,85,fit
dots2024_A_r2,87,87,fit
dots2024_A_r2,88,88,fit
dots2024_A_r2,89,89,fit
dots2024_A_r2,90,90,fit
dots2024_A_r2,92,92,fit
dots2024_A_r2,93,93,fit
dots2024_A_r2,94,94,fit
dots2024_A_r2,98,98,fit
dots2024_A_r2,100,100,fit
dots2024_A_r2,101,101,fit
dots2024_A_r2,102,102,fit
dots2024_A_r2,103,103,fit
dots2024_A_r2,105,105,fit
dots2024_A_r2,107,107,fit
dots2024_A_r2,108,108,fit
dots2024_A_r2,109,109,fit
dots2024_A_r2,115,115,fit
dots2024_A_r2,117,117,fit
dots2024_A_r2,118,118,fit
dots2024_A_r2,120,120,fit
dots2024_A_r2,121,121,fit
dots2024_A_r2,122,122,fit
dots2024_A_r2,123,123,fit
dots2024_A_r2,125,125,fit
dots2024_A_r2,126,126,fit
dots2024_A_r2,129,129,fit
dots2024_A_r2,130,130,fit
dots2024_A_r2,136,136,fit
dots2024_A_r2,138,138,fit
dots2024_A_r2,141,141,fit
dots2024_A_r2,142,142,fit
dots2024_A_r2,143,143,fit
dots2024_A_r2,147,147,fit
dots2024_A_r2,149,149,fit
dots2024_A_r2,150,150,fit
dots2024_A_r2,151,151,fit
dots2024_A_r2,152,152,fit
dots2024_A_r2,153,153,fit
dots2024_A_r2,154,154,fit
dots2024_A_r2,155,155,fit
dots2024_A_r2,156,156,fit
dots2024_A_r2,161,161,fit
dots2024_A_r2,165,165,fit
dots2024_A_r2,167,167,fit
dots2024_A_r2,170,170,fit
dots2024_A_r2,172,172,fit
dots2024_A_r2,173,173,fit
dots2024_A_r2,174,174,fit
dots2024_A_r2,175,175,fit
dots2024_A_r2,177,177,fit
dots2024_A_r2,179,179,fit
dots2024_A_r2,180,180,fit
dots2024_A_r2,182,182,fit
dots2024_A_r2,183,183,fit
dots2024_A_r2,185,185,fit
dots2024_A_r2,186,186,fit
dots2024_A_r2,187,187,fit
dots2024_A_r2,188,188,fit
dots2024_A_r2,189,189,fit
dots2024_A_r2,191,191,fit
dots2024_A_r2,192,192,fit
dots2024_A_r2,195,195,fit
dots2024_A_r2,197,197,fit
dots2024_A_r2,198,198,fit
dots2024_A_r2,204,204,fit
dots2024_A_r2,205,205,fit
dots2024_A_r2,207,207,fit
dots2024_A_r2,208,208,fit
dots2024_A_r2,209,209,fit
dots2024_A_r2,210,210,fit
dots2024_A_r2,211,211,fit
dots2024_A_r2,213,213,fit
dots2024_A_r2,214,214,fit
dots2024_A_r2,215,215,fit
dots2024_A_r2,216,216,fit
dots2024_A_r2,217,217,fit
dots2024_A_r2,218,218,fit
dots2024_A_r2,219,219,fit
dots2024_A_r2,220,220,fit
dots2024_A_r2,221,221,fit
dots2024_A_r2,222,222,fit
dots2024_A_r2,226,226,fit
dots2024_A_r2,227,227,fit
dots2024_A_r2,228,228,fit
dots2024_A_r2,230,230,fit
dots2024_A_r2,233,233,fit
dots2024_A_r2,234,234,fit
dots2024_A_r2,235,235,fit
dots2024_A_r2,236,236,fit
dots2024_A_r2,237,237,fit
dots2024_A_r2,240,240,fit
dots2024_A_r2,244,244,fit
dots2024_A_r2,245,245,fit
dots2024_A_r2,247,247,fit
dots2024_A_r2,248,248,fit
dots2024_A_r2,250,250,fit
dots2024_A_r2,251,251,fit
dots2024_A_r2,252,252,fit
dots2024_A_r2,253,253,fit
dots2024_A_r2,254,254,fit
dots2024_A_r2,256,256,fit
dots2024_A_r2,257,257,fit
dots2024_A_r2,258,258,fit
dots2024_A_r2,260,260,fit
dots2024_A_r2,262,262,fit
dots2024_A_r2,265,265,fit
dots2024_A_r2,266,266,fit
dots2024_A_r2,267,267,fit
dots2024_A_r2,268,268,fit
dots2024_A_r2,270,270,fit
dots2024_A_r2,272,272,fit
dots2024_A_r2,273,273,fit
dots2024_A_r2,275,275,fit
dots2024_A_r2,276,276,fit
dots2024_A_r2,278,278,fit
dots2024_A_r2,281,281,fit
dots2024_A_r2,283,283,fit
dots2024_A_r2,286,286,fit
dots2024_A_r2,289,289,fit
dots2024_A_r2,293,293,fit
dots2024_A_r2,294,294,fit
dots2024_A_r2,295,295,fit
dots2024_A_r2,296,296,fit
dots2024_A_r2,297,297,fit
dots2024_A_r2,1,1,discovery
dots2024_A_r2,15,15,discovery
dots2024_A_r2,16,16,discovery
dots2024_A_r2,17,17,discovery
dots2024_A_r2,24,24,discovery
dots2024_A_r2,27,27,discovery
dots2024_A_r2,33,33,discovery
dots2024_A_r2,35,35,discovery
dots2024_A_r2,38,38,discovery
dots2024_A_r2,39,39,discovery
dots2024_A_r2,40,40,discovery
dots2024_A_r2,41,41,discovery
dots2024_A_r2,65,65,discovery
dots2024_A_r2,75,75,discovery
dots2024_A_r2,79,79,discovery
dots2024_A_r2,86,86,discovery
dots2024_A_r2,91,91,discovery
dots2024_A_r2,95,95,discovery
dots2024_A_r2,99,99,discovery
dots2024_A_r2,106,106,discovery
dots2024_A_r2,110,110,discovery
dots2024_A_r2,112,112,discovery
dots2024_A_r2,113,113,discovery
dots2024_A_r2,114,114,discovery
dots2024_A_r2,116,116,discovery
dots2024_A_r2,127,127,discovery
dots2024_A_r2,134,134,discovery
dots2024_A_r2,137,137,discovery
dots2024_A_r2,139,139,discovery
dots2024_A_r2,146,146,discovery
dots2024_A_r2,157,157,discovery
dots2024_A_r2,160,160,discovery
dots2024_A_r2,162,162,discovery
dots2024_A_r2,163,163,discovery
dots2024_A_r2,166,166,discovery
dots2024_A_r2,168,168,discovery
dots2024_A_r2,169,169,discovery
dots2024_A_r2,184,184,discovery
dots2024_A_r2,190,190,discovery
dots2024_A_r2,200,200,discovery
dots2024_A_r2,201,201,discovery
dots2024_A_r2,203,203,discovery
dots2024_A_r2,212,212,discovery
dots2024_A_r2,223,223,discovery
dots2024_A_r2,224,224,discovery
dots2024_A_r2,225,225,discovery
dots2024_A_r2,231,231,discovery
dots2024_A_r2,232,232,discovery
dots2024_A_r2,239,239,discovery
dots2024_A_r2,241,241,discovery
dots2024_A_r2,243,243,discovery
dots2024_A_r2,246,246,discovery
dots2024_A_r2,261,261,discovery
dots2024_A_r2,264,264,discovery
dots2024_A_r2,274,274,discovery
dots2024_A_r2,277,277,discovery
dots2024_A_r2,280,280,discovery
dots2024_A_r2,285,285,discovery
dots2024_A_r2,291,291,discovery
dots2024_A_r2,298,298,discovery
dots2024_A_r2,0,0,confirmation
dots2024_A_r2,2,2,confirmation
dots2024_A_r2,4,4,confirmation
dots2024_A_r2,6,6,confirmation
dots2024_A_r2,12,12,confirmation
dots2024_A_r2,13,13,confirmation
dots2024_A_r2,30,30,confirmation
dots2024_A_r2,47,47,confirmation
dots2024_A_r2,48,48,confirmation
dots2024_A_r2,54,54,confirmation
dots2024_A_r2,56,56,confirmation
dots2024_A_r2,59,59,confirmation
dots2024_A_r2,69,69,confirmation
dots2024_A_r2,72,72,confirmation
dots2024_A_r2,78,78,confirmation
dots2024_A_r2,96,96,confirmation
dots2024_A_r2,97,97,confirmation
dots2024_A_r2,104,104,confirmation
dots2024_A_r2,111,111,confirmation
dots2024_A_r2,119,119,confirmation
dots2024_A_r2,124,124,confirmation
dots2024_A_r2,128,128,confirmation
dots2024_A_r2,131,131,confirmation
dots2024_A_r2,132,132,confirmation
dots2024_A_r2,133,133,confirmation
dots2024_A_r2,135,135,confirmation
dots2024_A_r2,140,140,confirmation
dots2024_A_r2,144,144,confirmation
dots2024_A_r2,145,145,confirmation
dots2024_A_r2,148,148,confirmation
dots2024_A_r2,158,158,confirmation
dots2024_A_r2,159,159,confirmation
dots2024_A_r2,164,164,confirmation
dots2024_A_r2,171,171,confirmation
dots2024_A_r2,176,176,confirmation
dots2024_A_r2,178,178,confirmation
dots2024_A_r2,181,181,confirmation
dots2024_A_r2,193,193,confirmation
dots2024_A_r2,194,194,confirmation
dots2024_A_r2,196,196,confirmation
dots2024_A_r2,199,199,confirmation
dots2024_A_r2,202,202,confirmation
dots2024_A_r2,206,206,confirmation
dots2024_A_r2,229,229,confirmation
dots2024_A_r2,238,238,confirmation
dots2024_A_r2,242,242,confirmation
dots2024_A_r2,249,249,confirmation
dots2024_A_r2,255,255,confirmation
dots2024_A_r2,259,259,confirmation
dots2024_A_r2,263,263,confirmation
dots2024_A_r2,269,269,confirmation
dots2024_A_r2,271,271,confirmation
dots2024_A_r2,279,279,confirmation
dots2024_A_r2,282,282,confirmation
dots2024_A_r2,284,284,confirmation
dots2024_A_r2,287,287,confirmation
dots2024_A_r2,288,288,confirmation
dots2024_A_r2,290,290,confirmation
dots2024_A_r2,292,292,confirmation
dots2024_A_r2,299,299,confirmation
dots2024_A_r3,3,3,fit
dots2024_A_r3,5,5,fit
dots2024_A_r3,7,7,fit
dots2024_A_r3,8,8,fit
dots2024_A_r3,9,9,fit
dots2024_A_r3,10,10,fit
dots2024_A_r3,11,11,fit
dots2024_A_r3,14,14,fit
dots2024_A_r3,18,18,fit
dots2024_A_r3,19,19,fit
dots2024_A_r3,20,20,fit
dots2024_A_r3,21,21,fit
dots2024_A_r3,22,22,fit
dots2024_A_r3,23,23,fit
dots2024_A_r3,25,25,fit
dots2024_A_r3,26,26,fit
dots2024_A_r3,28,28,fit
dots2024_A_r3,29,29,fit
dots2024_A_r3,31,31,fit
dots2024_A_r3,32,32,fit
dots2024_A_r3,34,34,fit
dots2024_A_r3,36,36,fit
dots2024_A_r3,37,37,fit
dots2024_A_r3,42,42,fit
dots2024_A_r3,43,43,fit
dots2024_A_r3,44,44,fit
dots2024_A_r3,45,45,fit
dots2024_A_r3,46,46,fit
dots2024_A_r3,49,49,fit
dots2024_A_r3,50,50,fit
dots2024_A_r3,51,51,fit
dots2024_A_r3,52,52,fit
dots2024_A_r3,53,53,fit
dots2024_A_r3,55,55,fit
dots2024_A_r3,57,57,fit
dots2024_A_r3,58,58,fit
dots2024_A_r3,60,60,fit
dots2024_A_r3,61,61,fit
dots2024_A_r3,62,62,fit
dots2024_A_r3,63,63,fit
dots2024_A_r3,64,64,fit
dots2024_A_r3,66,66,fit
dots2024_A_r3,67,67,fit
dots2024_A_r3,68,68,fit
dots2024_A_r3,70,70,fit
dots2024_A_r3,71,71,fit
dots2024_A_r3,73,73,fit
dots2024_A_r3,74,74,fit
dots2024_A_r3,76,76,fit
dots2024_A_r3,77,77,fit
dots2024_A_r3,80,80,fit
dots2024_A_r3,81,81,fit
dots2024_A_r3,82,82,fit
dots2024_A_r3,83,83,fit
dots2024_A_r3,84,84,fit
dots2024_A_r3,85,85,fit
dots2024_A_r3,87,87,fit
dots2024_A_r3,88,88,fit
dots2024_A_r3,89,89,fit
dots2024_A_r3,90,90,fit
dots2024_A_r3,92,92,fit
dots2024_A_r3,93,93,fit
dots2024_A_r3,94,94,fit
dots2024_A_r3,98,98,fit
dots2024_A_r3,100,100,fit
dots2024_A_r3,101,101,fit
dots2024_A_r3,102,102,fit
dots2024_A_r3,103,103,fit
dots2024_A_r3,105,105,fit
dots2024_A_r3,107,107,fit
dots2024_A_r3,108,108,fit
dots2024_A_r3,109,109,fit
dots2024_A_r3,115,115,fit
dots2024_A_r3,117,117,fit
dots2024_A_r3,118,118,fit
dots2024_A_r3,120,120,fit
dots2024_A_r3,121,121,fit
dots2024_A_r3,122,122,fit
dots2024_A_r3,123,123,fit
dots2024_A_r3,125,125,fit
dots2024_A_r3,126,126,fit
dots2024_A_r3,129,129,fit
dots2024_A_r3,130,130,fit
dots2024_A_r3,136,136,fit
dots2024_A_r3,138,138,fit
dots2024_A_r3,141,141,fit
dots2024_A_r3,142,142,fit
dots2024_A_r3,143,143,fit
dots2024_A_r3,147,147,fit
dots2024_A_r3,149,149,fit
dots2024_A_r3,150,150,fit
dots2024_A_r3,151,151,fit
dots2024_A_r3,152,152,fit
dots2024_A_r3,153,153,fit
dots2024_A_r3,154,154,fit
dots2024_A_r3,155,155,fit
dots2024_A_r3,156,156,fit
dots2024_A_r3,161,161,fit
dots2024_A_r3,165,165,fit
dots2024_A_r3,167,167,fit
dots2024_A_r3,170,170,fit
dots2024_A_r3,172,172,fit
dots2024_A_r3,173,173,fit
dots2024_A_r3,174,174,fit
dots2024_A_r3,175,175,fit
dots2024_A_r3,177,177,fit
dots2024_A_r3,179,179,fit
dots2024_A_r3,180,180,fit
dots2024_A_r3,182,182,fit
dots2024_A_r3,183,183,fit
dots2024_A_r3,185,185,fit
dots2024_A_r3,186,186,fit
dots2024_A_r3,187,187,fit
dots2024_A_r3,188,188,fit
dots2024_A_r3,189,189,fit
dots2024_A_r3,191,191,fit
dots2024_A_r3,192,192,fit
dots2024_A_r3,195,195,fit
dots2024_A_r3,197,197,fit
dots2024_A_r3,198,198,fit
dots2024_A_r3,204,204,fit
dots2024_A_r3,205,205,fit
dots2024_A_r3,207,207,fit
dots2024_A_r3,208,208,fit
dots2024_A_r3,209,209,fit
dots2024_A_r3,210,210,fit
dots2024_A_r3,211,211,fit
dots2024_A_r3,213,213,fit
dots2024_A_r3,214,214,fit
dots2024_A_r3,215,215,fit
dots2024_A_r3,216,216,fit
dots2024_A_r3,217,217,fit
dots2024_A_r3,218,218,fit
dots2024_A_r3,219,219,fit
dots2024_A_r3,220,220,fit
dots2024_A_r3,221,221,fit
dots2024_A_r3,222,222,fit
dots2024_A_r3,226,226,fit
dots2024_A_r3,227,227,fit
dots2024_A_r3,228,228,fit
dots2024_A_r3,230,230,fit
dots2024_A_r3,233,233,fit
dots2024_A_r3,234,234,fit
dots2024_A_r3,235,235,fit
dots2024_A_r3,236,236,fit
dots2024_A_r3,237,237,fit
dots2024_A_r3,240,240,fit
dots2024_A_r3,244,244,fit
dots2024_A_r3,245,245,fit
dots2024_A_r3,247,247,fit
dots2024_A_r3,248,248,fit
dots2024_A_r3,250,250,fit
dots2024_A_r3,251,251,fit
dots2024_A_r3,252,252,fit
dots2024_A_r3,253,253,fit
dots2024_A_r3,254,254,fit
dots2024_A_r3,256,256,fit
dots2024_A_r3,257,257,fit
dots2024_A_r3,258,258,fit
dots2024_A_r3,260,260,fit
dots2024_A_r3,262,262,fit
dots2024_A_r3,265,265,fit
dots2024_A_r3,266,266,fit
dots2024_A_r3,267,267,fit
dots2024_A_r3,268,268,fit
dots2024_A_r3,270,270,fit
dots2024_A_r3,272,272,fit
dots2024_A_r3,273,273,fit
dots2024_A_r3,275,275,fit
dots2024_A_r3,276,276,fit
dots2024_A_r3,278,278,fit
dots2024_A_r3,281,281,fit
dots2024_A_r3,283,283,fit
dots2024_A_r3,286,286,fit
dots2024_A_r3,289,289,fit
dots2024_A_r3,293,293,fit
dots2024_A_r3,294,294,fit
dots2024_A_r3,295,295,fit
dots2024_A_r3,296,296,fit
dots2024_A_r3,297,297,fit
dots2024_A_r3,1,1,discovery
dots2024_A_r3,15,15,discovery
dots2024_A_r3,16,16,discovery
dots2024_A_r3,17,17,discovery
dots2024_A_r3,24,24,discovery
dots2024_A_r3,27,27,discovery
dots2024_A_r3,33,33,discovery
dots2024_A_r3,35,35,discovery
dots2024_A_r3,38,38,discovery
dots2024_A_r3,39,39,discovery
dots2024_A_r3,40,40,discovery
dots2024_A_r3,41,41,discovery
dots2024_A_r3,65,65,discovery
dots2024_A_r3,75,75,discovery
dots2024_A_r3,79,79,discovery
dots2024_A_r3,86,86,discovery
dots2024_A_r3,91,91,discovery
dots2024_A_r3,95,95,discovery
dots2024_A_r3,99,99,discovery
dots2024_A_r3,106,106,discovery
dots2024_A_r3,110,110,discovery
dots2024_A_r3,112,112,discovery
dots2024_A_r3,113,113,discovery
dots2024_A_r3,114,114,discovery
dots2024_A_r3,116,116,discovery
dots2024_A_r3,127,127,discovery
dots2024_A_r3,134,134,discovery
dots2024_A_r3,137,137,discovery
dots2024_A_r3,139,139,discovery
dots2024_A_r3,146,146,discovery
dots2024_A_r3,157,157,discovery
dots2024_A_r3,160,160,discovery
dots2024_A_r3,162,162,discovery
dots2024_A_r3,163,163,discovery
dots2024_A_r3,166,166,discovery
dots2024_A_r3,168,168,discovery
dots2024_A_r3,169,169,discovery
dots2024_A_r3,184,184,discovery
dots2024_A_r3,190,190,discovery
dots2024_A_r3,200,200,discovery
dots2024_A_r3,201,201,discovery
dots2024_A_r3,203,203,discovery
dots2024_A_r3,212,212,discovery
dots2024_A_r3,223,223,discovery
dots2024_A_r3,224,224,discovery
dots2024_A_r3,225,225,discovery
dots2024_A_r3,231,231,discovery
dots2024_A_r3,232,232,discovery
dots2024_A_r3,239,239,discovery
dots2024_A_r3,241,241,discovery
dots2024_A_r3,243,243,discovery
dots2024_A_r3,246,246,discovery
dots2024_A_r3,261,261,discovery
dots2024_A_r3,264,264,discovery
dots2024_A_r3,274,274,discovery
dots2024_A_r3,277,277,discovery
dots2024_A_r3,280,280,discovery
dots2024_A_r3,285,285,discovery
dots2024_A_r3,291,291,discovery
dots2024_A_r3,298,298,discovery
dots2024_A_r3,0,0,confirmation
dots2024_A_r3,2,2,confirmation
dots2024_A_r3,4,4,confirmation
dots2024_A_r3,6,6,confirmation
dots2024_A_r3,12,12,confirmation
dots2024_A_r3,13,13,confirmation
dots2024_A_r3,30,30,confirmation
dots2024_A_r3,47,47,confirmation
dots2024_A_r3,48,48,confirmation
dots2024_A_r3,54,54,confirmation
dots2024_A_r3,56,56,confirmation
dots2024_A_r3,59,59,confirmation
dots2024_A_r3,69,69,confirmation
dots2024_A_r3,72,72,confirmation
dots2024_A_r3,78,78,confirmation
dots2024_A_r3,96,96,confirmation
dots2024_A_r3,97,97,confirmation
dots2024_A_r3,104,104,confirmation
dots2024_A_r3,111,111,confirmation
dots2024_A_r3,119,119,confirmation
dots2024_A_r3,124,124,confirmation
dots2024_A_r3,128,128,confirmation
dots2024_A_r3,131,131,confirmation
dots2024_A_r3,132,132,confirmation
dots2024_A_r3,133,133,confirmation
dots2024_A_r3,135,135,confirmation
dots2024_A_r3,140,140,confirmation
dots2024_A_r3,144,144,confirmation
dots2024_A_r3,145,145,confirmation
dots2024_A_r3,148,148,confirmation
dots2024_A_r3,158,158,confirmation
dots2024_A_r3,159,159,confirmation
dots2024_A_r3,164,164,confirmation
dots2024_A_r3,171,171,confirmation
dots2024_A_r3,176,176,confirmation
dots2024_A_r3,178,178,confirmation
dots2024_A_r3,181,181,confirmation
dots2024_A_r3,193,193,confirmation
dots2024_A_r3,194,194,confirmation
dots2024_A_r3,196,196,confirmation
dots2024_A_r3,199,199,confirmation
dots2024_A_r3,202,202,confirmation
dots2024_A_r3,206,206,confirmation
dots2024_A_r3,229,229,confirmation
dots2024_A_r3,238,238,confirmation
dots2024_A_r3,242,242,confirmation
dots2024_A_r3,249,249,confirmation
dots2024_A_r3,255,255,confirmation
dots2024_A_r3,259,259,confirmation
dots2024_A_r3,263,263,confirmation
dots2024_A_r3,269,269,confirmation
dots2024_A_r3,271,271,confirmation
dots2024_A_r3,279,279,confirmation
dots2024_A_r3,282,282,confirmation
dots2024_A_r3,284,284,confirmation
dots2024_A_r3,287,287,confirmation
dots2024_A_r3,288,288,confirmation
dots2024_A_r3,290,290,confirmation
dots2024_A_r3,292,292,confirmation
dots2024_A_r3,299,299,confirmation
dots2024_A_r5,3,3,fit
dots2024_A_r5,5,5,fit
dots2024_A_r5,7,7,fit
dots2024_A_r5,8,8,fit
dots2024_A_r5,9,9,fit
dots2024_A_r5,10,10,fit
dots2024_A_r5,11,11,fit
dots2024_A_r5,14,14,fit
dots2024_A_r5,18,18,fit
dots2024_A_r5,19,19,fit
dots2024_A_r5,20,20,fit
dots2024_A_r5,21,21,fit
dots2024_A_r5,22,22,fit
dots2024_A_r5,23,23,fit
dots2024_A_r5,25,25,fit
dots2024_A_r5,26,26,fit
dots2024_A_r5,28,28,fit
dots2024_A_r5,29,29,fit
dots2024_A_r5,31,31,fit
dots2024_A_r5,32,32,fit
dots2024_A_r5,34,34,fit
dots2024_A_r5,36,36,fit
dots2024_A_r5,37,37,fit
dots2024_A_r5,42,42,fit
dots2024_A_r5,43,43,fit
dots2024_A_r5,44,44,fit
dots2024_A_r5,45,45,fit
dots2024_A_r5,46,46,fit
dots2024_A_r5,49,49,fit
dots2024_A_r5,50,50,fit
dots2024_A_r5,51,51,fit
dots2024_A_r5,52,52,fit
dots2024_A_r5,53,53,fit
dots2024_A_r5,55,55,fit
dots2024_A_r5,57,57,fit
dots2024_A_r5,58,58,fit
dots2024_A_r5,60,60,fit
dots2024_A_r5,61,61,fit
dots2024_A_r5,62,62,fit
dots2024_A_r5,63,63,fit
dots2024_A_r5,64,64,fit
dots2024_A_r5,66,66,fit
dots2024_A_r5,67,67,fit
dots2024_A_r5,68,68,fit
dots2024_A_r5,70,70,fit
dots2024_A_r5,71,71,fit
dots2024_A_r5,73,73,fit
dots2024_A_r5,74,74,fit
dots2024_A_r5,76,76,fit
dots2024_A_r5,77,77,fit
dots2024_A_r5,80,80,fit
dots2024_A_r5,81,81,fit
dots2024_A_r5,82,82,fit
dots2024_A_r5,83,83,fit
dots2024_A_r5,84,84,fit
dots2024_A_r5,85,85,fit
dots2024_A_r5,87,87,fit
dots2024_A_r5,88,88,fit
dots2024_A_r5,89,89,fit
dots2024_A_r5,90,90,fit
dots2024_A_r5,92,92,fit
dots2024_A_r5,93,93,fit
dots2024_A_r5,94,94,fit
dots2024_A_r5,98,98,fit
dots2024_A_r5,100,100,fit
dots2024_A_r5,101,101,fit
dots2024_A_r5,102,102,fit
dots2024_A_r5,103,103,fit
dots2024_A_r5,105,105,fit
dots2024_A_r5,107,107,fit
dots2024_A_r5,108,108,fit
dots2024_A_r5,109,109,fit
dots2024_A_r5,115,115,fit
dots2024_A_r5,117,117,fit
dots2024_A_r5,118,118,fit
dots2024_A_r5,120,120,fit
dots2024_A_r5,121,121,fit
dots2024_A_r5,122,122,fit
dots2024_A_r5,123,123,fit
dots2024_A_r5,125,125,fit
dots2024_A_r5,126,126,fit
dots2024_A_r5,129,129,fit
dots2024_A_r5,130,130,fit
dots2024_A_r5,136,136,fit
dots2024_A_r5,138,138,fit
dots2024_A_r5,141,141,fit
dots2024_A_r5,142,142,fit
dots2024_A_r5,143,143,fit
dots2024_A_r5,147,147,fit
dots2024_A_r5,149,149,fit
dots2024_A_r5,150,150,fit
dots2024_A_r5,151,151,fit
dots2024_A_r5,152,152,fit
dots2024_A_r5,153,153,fit
dots2024_A_r5,154,154,fit
dots2024_A_r5,155,155,fit
dots2024_A_r5,156,156,fit
dots2024_A_r5,161,161,fit
dots2024_A_r5,165,165,fit
dots2024_A_r5,167,167,fit
dots2024_A_r5,170,170,fit
dots2024_A_r5,172,172,fit
dots2024_A_r5,173,173,fit
dots2024_A_r5,174,174,fit
dots2024_A_r5,175,175,fit
dots2024_A_r5,177,177,fit
dots2024_A_r5,179,179,fit
dots2024_A_r5,180,180,fit
dots2024_A_r5,182,182,fit
dots2024_A_r5,183,183,fit
dots2024_A_r5,185,185,fit
dots2024_A_r5,186,186,fit
dots2024_A_r5,187,187,fit
dots2024_A_r5,188,188,fit
dots2024_A_r5,189,189,fit
dots2024_A_r5,191,191,fit
dots2024_A_r5,192,192,fit
dots2024_A_r5,195,195,fit
dots2024_A_r5,197,197,fit
dots2024_A_r5,198,198,fit
dots2024_A_r5,204,204,fit
dots2024_A_r5,205,205,fit
dots2024_A_r5,207,207,fit
dots2024_A_r5,208,208,fit
dots2024_A_r5,209,209,fit
dots2024_A_r5,210,210,fit
dots2024_A_r5,211,211,fit
dots2024_A_r5,213,213,fit
dots2024_A_r5,214,214,fit
dots2024_A_r5,215,215,fit
dots2024_A_r5,216,216,fit
dots2024_A_r5,217,217,fit
dots2024_A_r5,218,218,fit
dots2024_A_r5,219,219,fit
dots2024_A_r5,220,220,fit
dots2024_A_r5,221,221,fit
dots2024_A_r5,222,222,fit
dots2024_A_r5,226,226,fit
dots2024_A_r5,227,227,fit
dots2024_A_r5,228,228,fit
dots2024_A_r5,230,230,fit
dots2024_A_r5,233,233,fit
dots2024_A_r5,234,234,fit
dots2024_A_r5,235,235,fit
dots2024_A_r5,236,236,fit
dots2024_A_r5,237,237,fit
dots2024_A_r5,240,240,fit
dots2024_A_r5,244,244,fit
dots2024_A_r5,245,245,fit
dots2024_A_r5,247,247,fit
dots2024_A_r5,248,248,fit
dots2024_A_r5,250,250,fit
dots2024_A_r5,251,251,fit
dots2024_A_r5,252,252,fit
dots2024_A_r5,253,253,fit
dots2024_A_r5,254,254,fit
dots2024_A_r5,256,256,fit
dots2024_A_r5,257,257,fit
dots2024_A_r5,258,258,fit
dots2024_A_r5,260,260,fit
dots2024_A_r5,262,262,fit
dots2024_A_r5,265,265,fit
dots2024_A_r5,266,266,fit
dots2024_A_r5,267,267,fit
dots2024_A_r5,268,268,fit
dots2024_A_r5,270,270,fit
dots2024_A_r5,272,272,fit
dots2024_A_r5,273,273,fit
dots2024_A_r5,275,275,fit
dots2024_A_r5,276,276,fit
dots2024_A_r5,278,278,fit
dots2024_A_r5,281,281,fit
dots2024_A_r5,283,283,fit
dots2024_A_r5,286,286,fit
dots2024_A_r5,289,289,fit
dots2024_A_r5,293,293,fit
dots2024_A_r5,294,294,fit
dots2024_A_r5,295,295,fit
dots2024_A_r5,296,296,fit
dots2024_A_r5,297,297,fit
dots2024_A_r5,1,1,discovery
dots2024_A_r5,15,15,discovery
dots2024_A_r5,16,16,discovery
dots2024_A_r5,17,17,discovery
dots2024_A_r5,24,24,discovery
dots2024_A_r5,27,27,discovery
dots2024_A_r5,33,33,discovery
dots2024_A_r5,35,35,discovery
dots2024_A_r5,38,38,discovery
dots2024_A_r5,39,39,discovery
dots2024_A_r5,40,40,discovery
dots2024_A_r5,41,41,discovery
dots2024_A_r5,65,65,discovery
dots2024_A_r5,75,75,discovery
dots2024_A_r5,79,79,discovery
dots2024_A_r5,86,86,discovery
dots2024_A_r5,91,91,discovery
dots2024_A_r5,95,95,discovery
dots2024_A_r5,99,99,discovery
dots2024_A_r5,106,106,discovery
dots2024_A_r5,110,110,discovery
dots2024_A_r5,112,112,discovery
dots2024_A_r5,113,113,discovery
dots2024_A_r5,114,114,discovery
dots2024_A_r5,116,116,discovery
dots2024_A_r5,127,127,discovery
dots2024_A_r5,134,134,discovery
dots2024_A_r5,137,137,discovery
dots2024_A_r5,139,139,discovery
dots2024_A_r5,146,146,discovery
dots2024_A_r5,157,157,discovery
dots2024_A_r5,160,160,discovery
dots2024_A_r5,162,162,discovery
dots2024_A_r5,163,163,discovery
dots2024_A_r5,166,166,discovery
dots2024_A_r5,168,168,discovery
dots2024_A_r5,169,169,discovery
dots2024_A_r5,184,184,discovery
dots2024_A_r5,190,190,discovery
dots2024_A_r5,200,200,discovery
dots2024_A_r5,201,201,discovery
dots2024_A_r5,203,203,discovery
dots2024_A_r5,212,212,discovery
dots2024_A_r5,223,223,discovery
dots2024_A_r5,224,224,discovery
dots2024_A_r5,225,225,discovery
dots2024_A_r5,231,231,discovery
dots2024_A_r5,232,232,discovery
dots2024_A_r5,239,239,discovery
dots2024_A_r5,241,241,discovery
dots2024_A_r5,243,243,discovery
dots2024_A_r5,246,246,discovery
dots2024_A_r5,261,261,discovery
dots2024_A_r5,264,264,discovery
dots2024_A_r5,274,274,discovery
dots2024_A_r5,277,277,discovery
dots2024_A_r5,280,280,discovery
dots2024_A_r5,285,285,discovery
dots2024_A_r5,291,291,discovery
dots2024_A_r5,298,298,discovery
dots2024_A_r5,0,0,confirmation
dots2024_A_r5,2,2,confirmation
dots2024_A_r5,4,4,confirmation
dots2024_A_r5,6,6,confirmation
dots2024_A_r5,12,12,confirmation
dots2024_A_r5,13,13,confirmation
dots2024_A_r5,30,30,confirmation
dots2024_A_r5,47,47,confirmation
dots2024_A_r5,48,48,confirmation
dots2024_A_r5,54,54,confirmation
dots2024_A_r5,56,56,confirmation
dots2024_A_r5,59,59,confirmation
dots2024_A_r5,69,69,confirmation
dots2024_A_r5,72,72,confirmation
dots2024_A_r5,78,78,confirmation
dots2024_A_r5,96,96,confirmation
dots2024_A_r5,97,97,confirmation
dots2024_A_r5,104,104,confirmation
dots2024_A_r5,111,111,confirmation
dots2024_A_r5,119,119,confirmation
dots2024_A_r5,124,124,confirmation
dots2024_A_r5,128,128,confirmation
dots2024_A_r5,131,131,confirmation
dots2024_A_r5,132,132,confirmation
dots2024_A_r5,133,133,confirmation
dots2024_A_r5,135,135,confirmation
dots2024_A_r5,140,140,confirmation
dots2024_A_r5,144,144,confirmation
dots2024_A_r5,145,145,confirmation
dots2024_A_r5,148,148,confirmation
dots2024_A_r5,158,158,confirmation
dots2024_A_r5,159,159,confirmation
dots2024_A_r5,164,164,confirmation
dots2024_A_r5,171,171,confirmation
dots2024_A_r5,176,176,confirmation
dots2024_A_r5,178,178,confirmation
dots2024_A_r5,181,181,confirmation
dots2024_A_r5,193,193,confirmation
dots2024_A_r5,194,194,confirmation
dots2024_A_r5,196,196,confirmation
dots2024_A_r5,199,199,confirmation
dots2024_A_r5,202,202,confirmation
dots2024_A_r5,206,206,confirmation
dots2024_A_r5,229,229,confirmation
dots2024_A_r5,238,238,confirmation
dots2024_A_r5,242,242,confirmation
dots2024_A_r5,249,249,confirmation
dots2024_A_r5,255,255,confirmation
dots2024_A_r5,259,259,confirmation
dots2024_A_r5,263,263,confirmation
dots2024_A_r5,269,269,confirmation
dots2024_A_r5,271,271,confirmation
dots2024_A_r5,279,279,confirmation
dots2024_A_r5,282,282,confirmation
dots2024_A_r5,284,284,confirmation
dots2024_A_r5,287,287,confirmation
dots2024_A_r5,288,288,confirmation
dots2024_A_r5,290,290,confirmation
dots2024_A_r5,292,292,confirmation
dots2024_A_r5,299,299,confirmation
dots2024_A_r6,3,3,fit
dots2024_A_r6,5,5,fit
dots2024_A_r6,7,7,fit
dots2024_A_r6,8,8,fit
dots2024_A_r6,9,9,fit
dots2024_A_r6,10,10,fit
dots2024_A_r6,11,11,fit
dots2024_A_r6,14,14,fit
dots2024_A_r6,18,18,fit
dots2024_A_r6,19,19,fit
dots2024_A_r6,20,20,fit
dots2024_A_r6,21,21,fit
dots2024_A_r6,22,22,fit
dots2024_A_r6,23,23,fit
dots2024_A_r6,25,25,fit
dots2024_A_r6,26,26,fit
dots2024_A_r6,28,28,fit
dots2024_A_r6,29,29,fit
dots2024_A_r6,31,31,fit
dots2024_A_r6,32,32,fit
dots2024_A_r6,34,34,fit
dots2024_A_r6,36,36,fit
dots2024_A_r6,37,37,fit
dots2024_A_r6,42,42,fit
dots2024_A_r6,43,43,fit
dots2024_A_r6,44,44,fit
dots2024_A_r6,45,45,fit
dots2024_A_r6,46,46,fit
dots2024_A_r6,49,49,fit
dots2024_A_r6,50,50,fit
dots2024_A_r6,51,51,fit
dots2024_A_r6,52,52,fit
dots2024_A_r6,53,53,fit
dots2024_A_r6,55,55,fit
dots2024_A_r6,57,57,fit
dots2024_A_r6,58,58,fit
dots2024_A_r6,60,60,fit
dots2024_A_r6,61,61,fit
dots2024_A_r6,62,62,fit
dots2024_A_r6,63,63,fit
dots2024_A_r6,64,64,fit
dots2024_A_r6,66,66,fit
dots2024_A_r6,67,67,fit
dots2024_A_r6,68,68,fit
dots2024_A_r6,70,70,fit
dots2024_A_r6,71,71,fit
dots2024_A_r6,73,73,fit
dots2024_A_r6,74,74,fit
dots2024_A_r6,76,76,fit
dots2024_A_r6,77,77,fit
dots2024_A_r6,80,80,fit
dots2024_A_r6,81,81,fit
dots2024_A_r6,82,82,fit
dots2024_A_r6,83,83,fit
dots2024_A_r6,84,84,fit
dots2024_A_r6,85,85,fit
dots2024_A_r6,87,87,fit
dots2024_A_r6,88,88,fit
dots2024_A_r6,89,89,fit
dots2024_A_r6,90,90,fit
dots2024_A_r6,92,92,fit
dots2024_A_r6,93,93,fit
dots2024_A_r6,94,94,fit
dots2024_A_r6,98,98,fit
dots2024_A_r6,100,100,fit
dots2024_A_r6,101,101,fit
dots2024_A_r6,102,102,fit
dots2024_A_r6,103,103,fit
dots2024_A_r6,105,105,fit
dots2024_A_r6,107,107,fit
dots2024_A_r6,108,108,fit
dots2024_A_r6,109,109,fit
dots2024_A_r6,115,115,fit
dots2024_A_r6,117,117,fit
dots2024_A_r6,118,118,fit
dots2024_A_r6,120,120,fit
dots2024_A_r6,121,121,fit
dots2024_A_r6,122,122,fit
dots2024_A_r6,123,123,fit
dots2024_A_r6,125,125,fit
dots2024_A_r6,126,126,fit
dots2024_A_r6,129,129,fit
dots2024_A_r6,130,130,fit
dots2024_A_r6,136,136,fit
dots2024_A_r6,138,138,fit
dots2024_A_r6,141,141,fit
dots2024_A_r6,142,142,fit
dots2024_A_r6,143,143,fit
dots2024_A_r6,147,147,fit
dots2024_A_r6,149,149,fit
dots2024_A_r6,150,150,fit
dots2024_A_r6,151,151,fit
dots2024_A_r6,152,152,fit
dots2024_A_r6,153,153,fit
dots2024_A_r6,154,154,fit
dots2024_A_r6,155,155,fit
dots2024_A_r6,156,156,fit
dots2024_A_r6,161,161,fit
dots2024_A_r6,165,165,fit
dots2024_A_r6,167,167,fit
dots2024_A_r6,170,170,fit
dots2024_A_r6,172,172,fit
dots2024_A_r6,173,173,fit
dots2024_A_r6,174,174,fit
dots2024_A_r6,175,175,fit
dots2024_A_r6,177,177,fit
dots2024_A_r6,179,179,fit
dots2024_A_r6,180,180,fit
dots2024_A_r6,182,182,fit
dots2024_A_r6,183,183,fit
dots2024_A_r6,185,185,fit
dots2024_A_r6,186,186,fit
dots2024_A_r6,187,187,fit
dots2024_A_r6,188,188,fit
dots2024_A_r6,189,189,fit
dots2024_A_r6,191,191,fit
dots2024_A_r6,192,192,fit
dots2024_A_r6,195,195,fit
dots2024_A_r6,197,197,fit
dots2024_A_r6,198,198,fit
dots2024_A_r6,204,204,fit
dots2024_A_r6,205,205,fit
dots2024_A_r6,207,207,fit
dots2024_A_r6,208,208,fit
dots2024_A_r6,209,209,fit
dots2024_A_r6,210,210,fit
dots2024_A_r6,211,211,fit
dots2024_A_r6,213,213,fit
dots2024_A_r6,214,214,fit
dots2024_A_r6,215,215,fit
dots2024_A_r6,216,216,fit
dots2024_A_r6,217,217,fit
dots2024_A_r6,218,218,fit
dots2024_A_r6,219,219,fit
dots2024_A_r6,220,220,fit
dots2024_A_r6,221,221,fit
dots2024_A_r6,222,222,fit
dots2024_A_r6,226,226,fit
dots2024_A_r6,227,227,fit
dots2024_A_r6,228,228,fit
dots2024_A_r6,230,230,fit
dots2024_A_r6,233,233,fit
dots2024_A_r6,234,234,fit
dots2024_A_r6,235,235,fit
dots2024_A_r6,236,236,fit
dots2024_A_r6,237,237,fit
dots2024_A_r6,240,240,fit
dots2024_A_r6,244,244,fit
dots2024_A_r6,245,245,fit
dots2024_A_r6,247,247,fit
dots2024_A_r6,248,248,fit
dots2024_A_r6,250,250,fit
dots2024_A_r6,251,251,fit
dots2024_A_r6,252,252,fit
dots2024_A_r6,253,253,fit
dots2024_A_r6,254,254,fit
dots2024_A_r6,256,256,fit
dots2024_A_r6,257,257,fit
dots2024_A_r6,258,258,fit
dots2024_A_r6,260,260,fit
dots2024_A_r6,262,262,fit
dots2024_A_r6,265,265,fit
dots2024_A_r6,266,266,fit
dots2024_A_r6,267,267,fit
dots2024_A_r6,268,268,fit
dots2024_A_r6,270,270,fit
dots2024_A_r6,272,272,fit
dots2024_A_r6,273,273,fit
dots2024_A_r6,275,275,fit
dots2024_A_r6,276,276,fit
dots2024_A_r6,278,278,fit
dots2024_A_r6,281,281,fit
dots2024_A_r6,283,283,fit
dots2024_A_r6,286,286,fit
dots2024_A_r6,289,289,fit
dots2024_A_r6,293,293,fit
dots2024_A_r6,294,294,fit
dots2024_A_r6,295,295,fit
dots2024_A_r6,296,296,fit
dots2024_A_r6,297,297,fit
dots2024_A_r6,1,1,discovery
dots2024_A_r6,15,15,discovery
dots2024_A_r6,16,16,discovery
dots2024_A_r6,17,17,discovery
dots2024_A_r6,24,24,discovery
dots2024_A_r6,27,27,discovery
dots2024_A_r6,33,33,discovery
dots2024_A_r6,35,35,discovery
dots2024_A_r6,38,38,discovery
dots2024_A_r6,39,39,discovery
dots2024_A_r6,40,40,discovery
dots2024_A_r6,41,41,discovery
dots2024_A_r6,65,65,discovery
dots2024_A_r6,75,75,discovery
dots2024_A_r6,79,79,discovery
dots2024_A_r6,86,86,discovery
dots2024_A_r6,91,91,discovery
dots2024_A_r6,95,95,discovery
dots2024_A_r6,99,99,discovery
dots2024_A_r6,106,106,discovery
dots2024_A_r6,110,110,discovery
dots2024_A_r6,112,112,discovery
dots2024_A_r6,113,113,discovery
dots2024_A_r6,114,114,discovery
dots2024_A_r6,116,116,discovery
dots2024_A_r6,127,127,discovery
dots2024_A_r6,134,134,discovery
dots2024_A_r6,137,137,discovery
dots2024_A_r6,139,139,discovery
dots2024_A_r6,146,146,discovery
dots2024_A_r6,157,157,discovery
dots2024_A_r6,160,160,discovery
dots2024_A_r6,162,162,discovery
dots2024_A_r6,163,163,discovery
dots2024_A_r6,166,166,discovery
dots2024_A_r6,168,168,discovery
dots2024_A_r6,169,169,discovery
dots2024_A_r6,184,184,discovery
dots2024_A_r6,190,190,discovery
dots2024_A_r6,200,200,discovery
dots2024_A_r6,201,201,discovery
dots2024_A_r6,203,203,discovery
dots2024_A_r6,212,212,discovery
dots2024_A_r6,223,223,discovery
dots2024_A_r6,224,224,discovery
dots2024_A_r6,225,225,discovery
dots2024_A_r6,231,231,discovery
dots2024_A_r6,232,232,discovery
dots2024_A_r6,239,239,discovery
dots2024_A_r6,241,241,discovery
dots2024_A_r6,243,243,discovery
dots2024_A_r6,246,246,discovery
dots2024_A_r6,261,261,discovery
dots2024_A_r6,264,264,discovery
dots2024_A_r6,274,274,discovery
dots2024_A_r6,277,277,discovery
dots2024_A_r6,280,280,discovery
dots2024_A_r6,285,285,discovery
dots2024_A_r6,291,291,discovery
dots2024_A_r6,298,298,discovery
dots2024_A_r6,0,0,confirmation
dots2024_A_r6,2,2,confirmation
dots2024_A_r6,4,4,confirmation
dots2024_A_r6,6,6,confirmation
dots2024_A_r6,12,12,confirmation
dots2024_A_r6,13,13,confirmation
dots2024_A_r6,30,30,confirmation
dots2024_A_r6,47,47,confirmation
dots2024_A_r6,48,48,confirmation
dots2024_A_r6,54,54,confirmation
dots2024_A_r6,56,56,confirmation
dots2024_A_r6,59,59,confirmation
dots2024_A_r6,69,69,confirmation
dots2024_A_r6,72,72,confirmation
dots2024_A_r6,78,78,confirmation
dots2024_A_r6,96,96,confirmation
dots2024_A_r6,97,97,confirmation
dots2024_A_r6,104,104,confirmation
dots2024_A_r6,111,111,confirmation
dots2024_A_r6,119,119,confirmation
dots2024_A_r6,124,124,confirmation
dots2024_A_r6,128,128,confirmation
dots2024_A_r6,131,131,confirmation
dots2024_A_r6,132,132,confirmation
dots2024_A_r6,133,133,confirmation
dots2024_A_r6,135,135,confirmation
dots2024_A_r6,140,140,confirmation
dots2024_A_r6,144,144,confirmation
dots2024_A_r6,145,145,confirmation
dots2024_A_r6,148,148,confirmation
dots2024_A_r6,158,158,confirmation
dots2024_A_r6,159,159,confirmation
dots2024_A_r6,164,164,confirmation
dots2024_A_r6,171,171,confirmation
dots2024_A_r6,176,176,confirmation
dots2024_A_r6,178,178,confirmation
dots2024_A_r6,181,181,confirmation
dots2024_A_r6,193,193,confirmation
dots2024_A_r6,194,194,confirmation
dots2024_A_r6,196,196,confirmation
dots2024_A_r6,199,199,confirmation
dots2024_A_r6,202,202,confirmation
dots2024_A_r6,206,206,confirmation
dots2024_A_r6,229,229,confirmation
dots2024_A_r6,238,238,confirmation
dots2024_A_r6,242,242,confirmation
dots2024_A_r6,249,249,confirmation
dots2024_A_r6,255,255,confirmation
dots2024_A_r6,259,259,confirmation
dots2024_A_r6,263,263,confirmation
dots2024_A_r6,269,269,confirmation
dots2024_A_r6,271,271,confirmation
dots2024_A_r6,279,279,confirmation
dots2024_A_r6,282,282,confirmation
dots2024_A_r6,284,284,confirmation
dots2024_A_r6,287,287,confirmation
dots2024_A_r6,288,288,confirmation
dots2024_A_r6,290,290,confirmation
dots2024_A_r6,292,292,confirmation
dots2024_A_r6,299,299,confirmation
dots2024_B_r2,1,1,fit
dots2024_B_r2,3,3,fit
dots2024_B_r2,4,4,fit
dots2024_B_r2,6,6,fit
dots2024_B_r2,8,8,fit
dots2024_B_r2,9,9,fit
dots2024_B_r2,10,10,fit
dots2024_B_r2,12,12,fit
dots2024_B_r2,13,13,fit
dots2024_B_r2,15,15,fit
dots2024_B_r2,16,16,fit
dots2024_B_r2,17,17,fit
dots2024_B_r2,18,18,fit
dots2024_B_r2,19,19,fit
dots2024_B_r2,23,23,fit
dots2024_B_r2,26,26,fit
dots2024_B_r2,27,27,fit
dots2024_B_r2,29,29,fit
dots2024_B_r2,30,30,fit
dots2024_B_r2,31,31,fit
dots2024_B_r2,32,32,fit
dots2024_B_r2,33,33,fit
dots2024_B_r2,34,34,fit
dots2024_B_r2,40,40,fit
dots2024_B_r2,47,47,fit
dots2024_B_r2,48,48,fit
dots2024_B_r2,49,49,fit
dots2024_B_r2,50,50,fit
dots2024_B_r2,51,51,fit
dots2024_B_r2,54,54,fit
dots2024_B_r2,56,56,fit
dots2024_B_r2,57,57,fit
dots2024_B_r2,58,58,fit
dots2024_B_r2,59,59,fit
dots2024_B_r2,60,60,fit
dots2024_B_r2,63,63,fit
dots2024_B_r2,64,64,fit
dots2024_B_r2,66,66,fit
dots2024_B_r2,67,67,fit
dots2024_B_r2,69,69,fit
dots2024_B_r2,71,71,fit
dots2024_B_r2,72,72,fit
dots2024_B_r2,75,75,fit
dots2024_B_r2,76,76,fit
dots2024_B_r2,78,78,fit
dots2024_B_r2,80,80,fit
dots2024_B_r2,82,82,fit
dots2024_B_r2,83,83,fit
dots2024_B_r2,85,85,fit
dots2024_B_r2,86,86,fit
dots2024_B_r2,87,87,fit
dots2024_B_r2,89,89,fit
dots2024_B_r2,90,90,fit
dots2024_B_r2,91,91,fit
dots2024_B_r2,92,92,fit
dots2024_B_r2,93,93,fit
dots2024_B_r2,95,95,fit
dots2024_B_r2,96,96,fit
dots2024_B_r2,97,97,fit
dots2024_B_r2,101,101,fit
dots2024_B_r2,102,102,fit
dots2024_B_r2,103,103,fit
dots2024_B_r2,104,104,fit
dots2024_B_r2,106,106,fit
dots2024_B_r2,108,108,fit
dots2024_B_r2,111,111,fit
dots2024_B_r2,112,112,fit
dots2024_B_r2,113,113,fit
dots2024_B_r2,116,116,fit
dots2024_B_r2,117,117,fit
dots2024_B_r2,118,118,fit
dots2024_B_r2,120,120,fit
dots2024_B_r2,121,121,fit
dots2024_B_r2,122,122,fit
dots2024_B_r2,123,123,fit
dots2024_B_r2,125,125,fit
dots2024_B_r2,127,127,fit
dots2024_B_r2,128,128,fit
dots2024_B_r2,129,129,fit
dots2024_B_r2,132,132,fit
dots2024_B_r2,133,133,fit
dots2024_B_r2,134,134,fit
dots2024_B_r2,135,135,fit
dots2024_B_r2,136,136,fit
dots2024_B_r2,137,137,fit
dots2024_B_r2,139,139,fit
dots2024_B_r2,140,140,fit
dots2024_B_r2,141,141,fit
dots2024_B_r2,146,146,fit
dots2024_B_r2,147,147,fit
dots2024_B_r2,148,148,fit
dots2024_B_r2,149,149,fit
dots2024_B_r2,151,151,fit
dots2024_B_r2,152,152,fit
dots2024_B_r2,153,153,fit
dots2024_B_r2,155,155,fit
dots2024_B_r2,156,156,fit
dots2024_B_r2,158,158,fit
dots2024_B_r2,162,162,fit
dots2024_B_r2,163,163,fit
dots2024_B_r2,165,165,fit
dots2024_B_r2,166,166,fit
dots2024_B_r2,167,167,fit
dots2024_B_r2,170,170,fit
dots2024_B_r2,171,171,fit
dots2024_B_r2,173,173,fit
dots2024_B_r2,175,175,fit
dots2024_B_r2,176,176,fit
dots2024_B_r2,178,178,fit
dots2024_B_r2,179,179,fit
dots2024_B_r2,180,180,fit
dots2024_B_r2,183,183,fit
dots2024_B_r2,184,184,fit
dots2024_B_r2,185,185,fit
dots2024_B_r2,188,188,fit
dots2024_B_r2,189,189,fit
dots2024_B_r2,190,190,fit
dots2024_B_r2,191,191,fit
dots2024_B_r2,193,193,fit
dots2024_B_r2,195,195,fit
dots2024_B_r2,196,196,fit
dots2024_B_r2,197,197,fit
dots2024_B_r2,198,198,fit
dots2024_B_r2,199,199,fit
dots2024_B_r2,200,200,fit
dots2024_B_r2,202,202,fit
dots2024_B_r2,204,204,fit
dots2024_B_r2,205,205,fit
dots2024_B_r2,206,206,fit
dots2024_B_r2,208,208,fit
dots2024_B_r2,211,211,fit
dots2024_B_r2,212,212,fit
dots2024_B_r2,213,213,fit
dots2024_B_r2,216,216,fit
dots2024_B_r2,217,217,fit
dots2024_B_r2,219,219,fit
dots2024_B_r2,220,220,fit
dots2024_B_r2,222,222,fit
dots2024_B_r2,225,225,fit
dots2024_B_r2,229,229,fit
dots2024_B_r2,230,230,fit
dots2024_B_r2,231,231,fit
dots2024_B_r2,237,237,fit
dots2024_B_r2,238,238,fit
dots2024_B_r2,239,239,fit
dots2024_B_r2,240,240,fit
dots2024_B_r2,241,241,fit
dots2024_B_r2,242,242,fit
dots2024_B_r2,245,245,fit
dots2024_B_r2,246,246,fit
dots2024_B_r2,249,249,fit
dots2024_B_r2,250,250,fit
dots2024_B_r2,252,252,fit
dots2024_B_r2,254,254,fit
dots2024_B_r2,255,255,fit
dots2024_B_r2,256,256,fit
dots2024_B_r2,258,258,fit
dots2024_B_r2,259,259,fit
dots2024_B_r2,260,260,fit
dots2024_B_r2,261,261,fit
dots2024_B_r2,262,262,fit
dots2024_B_r2,263,263,fit
dots2024_B_r2,266,266,fit
dots2024_B_r2,268,268,fit
dots2024_B_r2,270,270,fit
dots2024_B_r2,273,273,fit
dots2024_B_r2,275,275,fit
dots2024_B_r2,276,276,fit
dots2024_B_r2,278,278,fit
dots2024_B_r2,280,280,fit
dots2024_B_r2,281,281,fit
dots2024_B_r2,282,282,fit
dots2024_B_r2,283,283,fit
dots2024_B_r2,284,284,fit
dots2024_B_r2,285,285,fit
dots2024_B_r2,286,286,fit
dots2024_B_r2,288,288,fit
dots2024_B_r2,289,289,fit
dots2024_B_r2,292,292,fit
dots2024_B_r2,299,299,fit
dots2024_B_r2,0,0,discovery
dots2024_B_r2,2,2,discovery
dots2024_B_r2,14,14,discovery
dots2024_B_r2,22,22,discovery
dots2024_B_r2,24,24,discovery
dots2024_B_r2,36,36,discovery
dots2024_B_r2,37,37,discovery
dots2024_B_r2,41,41,discovery
dots2024_B_r2,44,44,discovery
dots2024_B_r2,55,55,discovery
dots2024_B_r2,61,61,discovery
dots2024_B_r2,68,68,discovery
dots2024_B_r2,73,73,discovery
dots2024_B_r2,74,74,discovery
dots2024_B_r2,79,79,discovery
dots2024_B_r2,81,81,discovery
dots2024_B_r2,88,88,discovery
dots2024_B_r2,99,99,discovery
dots2024_B_r2,100,100,discovery
dots2024_B_r2,105,105,discovery
dots2024_B_r2,107,107,discovery
dots2024_B_r2,109,109,discovery
dots2024_B_r2,110,110,discovery
dots2024_B_r2,131,131,discovery
dots2024_B_r2,143,143,discovery
dots2024_B_r2,154,154,discovery
dots2024_B_r2,159,159,discovery
dots2024_B_r2,161,161,discovery
dots2024_B_r2,164,164,discovery
dots2024_B_r2,172,172,discovery
dots2024_B_r2,177,177,discovery
dots2024_B_r2,181,181,discovery
dots2024_B_r2,182,182,discovery
dots2024_B_r2,186,186,discovery
dots2024_B_r2,187,187,discovery
dots2024_B_r2,194,194,discovery
dots2024_B_r2,201,201,discovery
dots2024_B_r2,210,210,discovery
dots2024_B_r2,215,215,discovery
dots2024_B_r2,218,218,discovery
dots2024_B_r2,223,223,discovery
dots2024_B_r2,224,224,discovery
dots2024_B_r2,234,234,discovery
dots2024_B_r2,235,235,discovery
dots2024_B_r2,243,243,discovery
dots2024_B_r2,244,244,discovery
dots2024_B_r2,247,247,discovery
dots2024_B_r2,248,248,discovery
dots2024_B_r2,253,253,discovery
dots2024_B_r2,264,264,discovery
dots2024_B_r2,265,265,discovery
dots2024_B_r2,267,267,discovery
dots2024_B_r2,272,272,discovery
dots2024_B_r2,274,274,discovery
dots2024_B_r2,279,279,discovery
dots2024_B_r2,290,290,discovery
dots2024_B_r2,291,291,discovery
dots2024_B_r2,293,293,discovery
dots2024_B_r2,294,294,discovery
dots2024_B_r2,297,297,discovery
dots2024_B_r2,5,5,confirmation
dots2024_B_r2,7,7,confirmation
dots2024_B_r2,11,11,confirmation
dots2024_B_r2,20,20,confirmation
dots2024_B_r2,21,21,confirmation
dots2024_B_r2,25,25,confirmation
dots2024_B_r2,28,28,confirmation
dots2024_B_r2,35,35,confirmation
dots2024_B_r2,38,38,confirmation
dots2024_B_r2,39,39,confirmation
dots2024_B_r2,42,42,confirmation
dots2024_B_r2,43,43,confirmation
dots2024_B_r2,45,45,confirmation
dots2024_B_r2,46,46,confirmation
dots2024_B_r2,52,52,confirmation
dots2024_B_r2,53,53,confirmation
dots2024_B_r2,62,62,confirmation
dots2024_B_r2,65,65,confirmation
dots2024_B_r2,70,70,confirmation
dots2024_B_r2,77,77,confirmation
dots2024_B_r2,84,84,confirmation
dots2024_B_r2,94,94,confirmation
dots2024_B_r2,98,98,confirmation
dots2024_B_r2,114,114,confirmation
dots2024_B_r2,115,115,confirmation
dots2024_B_r2,119,119,confirmation
dots2024_B_r2,124,124,confirmation
dots2024_B_r2,126,126,confirmation
dots2024_B_r2,130,130,confirmation
dots2024_B_r2,138,138,confirmation
dots2024_B_r2,142,142,confirmation
dots2024_B_r2,144,144,confirmation
dots2024_B_r2,145,145,confirmation
dots2024_B_r2,150,150,confirmation
dots2024_B_r2,157,157,confirmation
dots2024_B_r2,160,160,confirmation
dots2024_B_r2,168,168,confirmation
dots2024_B_r2,169,169,confirmation
dots2024_B_r2,174,174,confirmation
dots2024_B_r2,192,192,confirmation
dots2024_B_r2,203,203,confirmation
dots2024_B_r2,207,207,confirmation
dots2024_B_r2,209,209,confirmation
dots2024_B_r2,214,214,confirmation
dots2024_B_r2,221,221,confirmation
dots2024_B_r2,226,226,confirmation
dots2024_B_r2,227,227,confirmation
dots2024_B_r2,228,228,confirmation
dots2024_B_r2,232,232,confirmation
dots2024_B_r2,233,233,confirmation
dots2024_B_r2,236,236,confirmation
dots2024_B_r2,251,251,confirmation
dots2024_B_r2,257,257,confirmation
dots2024_B_r2,269,269,confirmation
dots2024_B_r2,271,271,confirmation
dots2024_B_r2,277,277,confirmation
dots2024_B_r2,287,287,confirmation
dots2024_B_r2,295,295,confirmation
dots2024_B_r2,296,296,confirmation
dots2024_B_r2,298,298,confirmation
dots2024_B_r3,1,1,fit
dots2024_B_r3,3,3,fit
dots2024_B_r3,4,4,fit
dots2024_B_r3,6,6,fit
dots2024_B_r3,8,8,fit
dots2024_B_r3,9,9,fit
dots2024_B_r3,10,10,fit
dots2024_B_r3,12,12,fit
dots2024_B_r3,13,13,fit
dots2024_B_r3,15,15,fit
dots2024_B_r3,16,16,fit
dots2024_B_r3,17,17,fit
dots2024_B_r3,18,18,fit
dots2024_B_r3,19,19,fit
dots2024_B_r3,23,23,fit
dots2024_B_r3,26,26,fit
dots2024_B_r3,27,27,fit
dots2024_B_r3,29,29,fit
dots2024_B_r3,30,30,fit
dots2024_B_r3,31,31,fit
dots2024_B_r3,32,32,fit
dots2024_B_r3,33,33,fit
dots2024_B_r3,34,34,fit
dots2024_B_r3,40,40,fit
dots2024_B_r3,47,47,fit
dots2024_B_r3,48,48,fit
dots2024_B_r3,49,49,fit
dots2024_B_r3,50,50,fit
dots2024_B_r3,51,51,fit
dots2024_B_r3,54,54,fit
dots2024_B_r3,56,56,fit
dots2024_B_r3,57,57,fit
dots2024_B_r3,58,58,fit
dots2024_B_r3,59,59,fit
dots2024_B_r3,60,60,fit
dots2024_B_r3,63,63,fit
dots2024_B_r3,64,64,fit
dots2024_B_r3,66,66,fit
dots2024_B_r3,67,67,fit
dots2024_B_r3,69,69,fit
dots2024_B_r3,71,71,fit
dots2024_B_r3,72,72,fit
dots2024_B_r3,75,75,fit
dots2024_B_r3,76,76,fit
dots2024_B_r3,78,78,fit
dots2024_B_r3,80,80,fit
dots2024_B_r3,82,82,fit
dots2024_B_r3,83,83,fit
dots2024_B_r3,85,85,fit
dots2024_B_r3,86,86,fit
dots2024_B_r3,87,87,fit
dots2024_B_r3,89,89,fit
dots2024_B_r3,90,90,fit
dots2024_B_r3,91,91,fit
dots2024_B_r3,92,92,fit
dots2024_B_r3,93,93,fit
dots2024_B_r3,95,95,fit
dots2024_B_r3,96,96,fit
dots2024_B_r3,97,97,fit
dots2024_B_r3,101,101,fit
dots2024_B_r3,102,102,fit
dots2024_B_r3,103,103,fit
dots2024_B_r3,104,104,fit
dots2024_B_r3,106,106,fit
dots2024_B_r3,108,108,fit
dots2024_B_r3,111,111,fit
dots2024_B_r3,112,112,fit
dots2024_B_r3,113,113,fit
dots2024_B_r3,116,116,fit
dots2024_B_r3,117,117,fit
dots2024_B_r3,118,118,fit
dots2024_B_r3,120,120,fit
dots2024_B_r3,121,121,fit
dots2024_B_r3,122,122,fit
dots2024_B_r3,123,123,fit
dots2024_B_r3,125,125,fit
dots2024_B_r3,127,127,fit
dots2024_B_r3,128,128,fit
dots2024_B_r3,129,129,fit
dots2024_B_r3,132,132,fit
dots2024_B_r3,133,133,fit
dots2024_B_r3,134,134,fit
dots2024_B_r3,135,135,fit
dots2024_B_r3,136,136,fit
dots2024_B_r3,137,137,fit
dots2024_B_r3,139,139,fit
dots2024_B_r3,140,140,fit
dots2024_B_r3,141,141,fit
dots2024_B_r3,146,146,fit
dots2024_B_r3,147,147,fit
dots2024_B_r3,148,148,fit
dots2024_B_r3,149,149,fit
dots2024_B_r3,151,151,fit
dots2024_B_r3,152,152,fit
dots2024_B_r3,153,153,fit
dots2024_B_r3,155,155,fit
dots2024_B_r3,156,156,fit
dots2024_B_r3,158,158,fit
dots2024_B_r3,162,162,fit
dots2024_B_r3,163,163,fit
dots2024_B_r3,165,165,fit
dots2024_B_r3,166,166,fit
dots2024_B_r3,167,167,fit
dots2024_B_r3,170,170,fit
dots2024_B_r3,171,171,fit
dots2024_B_r3,173,173,fit
dots2024_B_r3,175,175,fit
dots2024_B_r3,176,176,fit
dots2024_B_r3,178,178,fit
dots2024_B_r3,179,179,fit
dots2024_B_r3,180,180,fit
dots2024_B_r3,183,183,fit
dots2024_B_r3,184,184,fit
dots2024_B_r3,185,185,fit
dots2024_B_r3,188,188,fit
dots2024_B_r3,189,189,fit
dots2024_B_r3,190,190,fit
dots2024_B_r3,191,191,fit
dots2024_B_r3,193,193,fit
dots2024_B_r3,195,195,fit
dots2024_B_r3,196,196,fit
dots2024_B_r3,197,197,fit
dots2024_B_r3,198,198,fit
dots2024_B_r3,199,199,fit
dots2024_B_r3,200,200,fit
dots2024_B_r3,202,202,fit
dots2024_B_r3,204,204,fit
dots2024_B_r3,205,205,fit
dots2024_B_r3,206,206,fit
dots2024_B_r3,208,208,fit
dots2024_B_r3,211,211,fit
dots2024_B_r3,212,212,fit
dots2024_B_r3,213,213,fit
dots2024_B_r3,216,216,fit
dots2024_B_r3,217,217,fit
dots2024_B_r3,219,219,fit
dots2024_B_r3,220,220,fit
dots2024_B_r3,222,222,fit
dots2024_B_r3,225,225,fit
dots2024_B_r3,229,229,fit
dots2024_B_r3,230,230,fit
dots2024_B_r3,231,231,fit
dots2024_B_r3,237,237,fit
dots2024_B_r3,238,238,fit
dots2024_B_r3,239,239,fit
dots2024_B_r3,240,240,fit
dots2024_B_r3,241,241,fit
dots2024_B_r3,242,242,fit
dots2024_B_r3,245,245,fit
dots2024_B_r3,246,246,fit
dots2024_B_r3,249,249,fit
dots2024_B_r3,250,250,fit
dots2024_B_r3,252,252,fit
dots2024_B_r3,254,254,fit
dots2024_B_r3,255,255,fit
dots2024_B_r3,256,256,fit
dots2024_B_r3,258,258,fit
dots2024_B_r3,259,259,fit
dots2024_B_r3,260,260,fit
dots2024_B_r3,261,261,fit
dots2024_B_r3,262,262,fit
dots2024_B_r3,263,263,fit
dots2024_B_r3,266,266,fit
dots2024_B_r3,268,268,fit
dots2024_B_r3,270,270,fit
dots2024_B_r3,273,273,fit
dots2024_B_r3,275,275,fit
dots2024_B_r3,276,276,fit
dots2024_B_r3,278,278,fit
dots2024_B_r3,280,280,fit
dots2024_B_r3,281,281,fit
dots2024_B_r3,282,282,fit
dots2024_B_r3,283,283,fit
dots2024_B_r3,284,284,fit
dots2024_B_r3,285,285,fit
dots2024_B_r3,286,286,fit
dots2024_B_r3,288,288,fit
dots2024_B_r3,289,289,fit
dots2024_B_r3,292,292,fit
dots2024_B_r3,299,299,fit
dots2024_B_r3,0,0,discovery
dots2024_B_r3,2,2,discovery
dots2024_B_r3,14,14,discovery
dots2024_B_r3,22,22,discovery
dots2024_B_r3,24,24,discovery
dots2024_B_r3,36,36,discovery
dots2024_B_r3,37,37,discovery
dots2024_B_r3,41,41,discovery
dots2024_B_r3,44,44,discovery
dots2024_B_r3,55,55,discovery
dots2024_B_r3,61,61,discovery
dots2024_B_r3,68,68,discovery
dots2024_B_r3,73,73,discovery
dots2024_B_r3,74,74,discovery
dots2024_B_r3,79,79,discovery
dots2024_B_r3,81,81,discovery
dots2024_B_r3,88,88,discovery
dots2024_B_r3,99,99,discovery
dots2024_B_r3,100,100,discovery
dots2024_B_r3,105,105,discovery
dots2024_B_r3,107,107,discovery
dots2024_B_r3,109,109,discovery
dots2024_B_r3,110,110,discovery
dots2024_B_r3,131,131,discovery
dots2024_B_r3,143,143,discovery
dots2024_B_r3,154,154,discovery
dots2024_B_r3,159,159,discovery
dots2024_B_r3,161,161,discovery
dots2024_B_r3,164,164,discovery
dots2024_B_r3,172,172,discovery
dots2024_B_r3,177,177,discovery
dots2024_B_r3,181,181,discovery
dots2024_B_r3,182,182,discovery
dots2024_B_r3,186,186,discovery
dots2024_B_r3,187,187,discovery
dots2024_B_r3,194,194,discovery
dots2024_B_r3,201,201,discovery
dots2024_B_r3,210,210,discovery
dots2024_B_r3,215,215,discovery
dots2024_B_r3,218,218,discovery
dots2024_B_r3,223,223,discovery
dots2024_B_r3,224,224,discovery
dots2024_B_r3,234,234,discovery
dots2024_B_r3,235,235,discovery
dots2024_B_r3,243,243,discovery
dots2024_B_r3,244,244,discovery
dots2024_B_r3,247,247,discovery
dots2024_B_r3,248,248,discovery
dots2024_B_r3,253,253,discovery
dots2024_B_r3,264,264,discovery
dots2024_B_r3,265,265,discovery
dots2024_B_r3,267,267,discovery
dots2024_B_r3,272,272,discovery
dots2024_B_r3,274,274,discovery
dots2024_B_r3,279,279,discovery
dots2024_B_r3,290,290,discovery
dots2024_B_r3,291,291,discovery
dots2024_B_r3,293,293,discovery
dots2024_B_r3,294,294,discovery
dots2024_B_r3,297,297,discovery
dots2024_B_r3,5,5,confirmation
dots2024_B_r3,7,7,confirmation
dots2024_B_r3,11,11,confirmation
dots2024_B_r3,20,20,confirmation
dots2024_B_r3,21,21,confirmation
dots2024_B_r3,25,25,confirmation
dots2024_B_r3,28,28,confirmation
dots2024_B_r3,35,35,confirmation
dots2024_B_r3,38,38,confirmation
dots2024_B_r3,39,39,confirmation
dots2024_B_r3,42,42,confirmation
dots2024_B_r3,43,43,confirmation
dots2024_B_r3,45,45,confirmation
dots2024_B_r3,46,46,confirmation
dots2024_B_r3,52,52,confirmation
dots2024_B_r3,53,53,confirmation
dots2024_B_r3,62,62,confirmation
dots2024_B_r3,65,65,confirmation
dots2024_B_r3,70,70,confirmation
dots2024_B_r3,77,77,confirmation
dots2024_B_r3,84,84,confirmation
dots2024_B_r3,94,94,confirmation
dots2024_B_r3,98,98,confirmation
dots2024_B_r3,114,114,confirmation
dots2024_B_r3,115,115,confirmation
dots2024_B_r3,119,119,confirmation
dots2024_B_r3,124,124,confirmation
dots2024_B_r3,126,126,confirmation
dots2024_B_r3,130,130,confirmation
dots2024_B_r3,138,138,confirmation
dots2024_B_r3,142,142,confirmation
dots2024_B_r3,144,144,confirmation
dots2024_B_r3,145,145,confirmation
dots2024_B_r3,150,150,confirmation
dots2024_B_r3,157,157,confirmation
dots2024_B_r3,160,160,confirmation
dots2024_B_r3,168,168,confirmation
dots2024_B_r3,169,169,confirmation
dots2024_B_r3,174,174,confirmation
dots2024_B_r3,192,192,confirmation
dots2024_B_r3,203,203,confirmation
dots2024_B_r3,207,207,confirmation
dots2024_B_r3,209,209,confirmation
dots2024_B_r3,214,214,confirmation
dots2024_B_r3,221,221,confirmation
dots2024_B_r3,226,226,confirmation
dots2024_B_r3,227,227,confirmation
dots2024_B_r3,228,228,confirmation
dots2024_B_r3,232,232,confirmation
dots2024_B_r3,233,233,confirmation
dots2024_B_r3,236,236,confirmation
dots2024_B_r3,251,251,confirmation
dots2024_B_r3,257,257,confirmation
dots2024_B_r3,269,269,confirmation
dots2024_B_r3,271,271,confirmation
dots2024_B_r3,277,277,confirmation
dots2024_B_r3,287,287,confirmation
dots2024_B_r3,295,295,confirmation
dots2024_B_r3,296,296,confirmation
dots2024_B_r3,298,298,confirmation
dots2024_B_r5,1,1,fit
dots2024_B_r5,3,3,fit
dots2024_B_r5,4,4,fit
dots2024_B_r5,6,6,fit
dots2024_B_r5,8,8,fit
dots2024_B_r5,9,9,fit
dots2024_B_r5,10,10,fit
dots2024_B_r5,12,12,fit
dots2024_B_r5,13,13,fit
dots2024_B_r5,15,15,fit
dots2024_B_r5,16,16,fit
dots2024_B_r5,17,17,fit
dots2024_B_r5,18,18,fit
dots2024_B_r5,19,19,fit
dots2024_B_r5,23,23,fit
dots2024_B_r5,26,26,fit
dots2024_B_r5,27,27,fit
dots2024_B_r5,29,29,fit
dots2024_B_r5,30,30,fit
dots2024_B_r5,31,31,fit
dots2024_B_r5,32,32,fit
dots2024_B_r5,33,33,fit
dots2024_B_r5,34,34,fit
dots2024_B_r5,40,40,fit
dots2024_B_r5,47,47,fit
dots2024_B_r5,48,48,fit
dots2024_B_r5,49,49,fit
dots2024_B_r5,50,50,fit
dots2024_B_r5,51,51,fit
dots2024_B_r5,54,54,fit
dots2024_B_r5,56,56,fit
dots2024_B_r5,57,57,fit
dots2024_B_r5,58,58,fit
dots2024_B_r5,59,59,fit
dots2024_B_r5,60,60,fit
dots2024_B_r5,63,63,fit
dots2024_B_r5,64,64,fit
dots2024_B_r5,66,66,fit
dots2024_B_r5,67,67,fit
dots2024_B_r5,69,69,fit
dots2024_B_r5,71,71,fit
dots2024_B_r5,72,72,fit
dots2024_B_r5,75,75,fit
dots2024_B_r5,76,76,fit
dots2024_B_r5,78,78,fit
dots2024_B_r5,80,80,fit
dots2024_B_r5,82,82,fit
dots2024_B_r5,83,83,fit
dots2024_B_r5,85,85,fit
dots2024_B_r5,86,86,fit
dots2024_B_r5,87,87,fit
dots2024_B_r5,89,89,fit
dots2024_B_r5,90,90,fit
dots2024_B_r5,91,91,fit
dots2024_B_r5,92,92,fit
dots2024_B_r5,93,93,fit
dots2024_B_r5,95,95,fit
dots2024_B_r5,96,96,fit
dots2024_B_r5,97,97,fit
dots2024_B_r5,101,101,fit
dots2024_B_r5,102,102,fit
dots2024_B_r5,103,103,fit
dots2024_B_r5,104,104,fit
dots2024_B_r5,106,106,fit
dots2024_B_r5,108,108,fit
dots2024_B_r5,111,111,fit
dots2024_B_r5,112,112,fit
dots2024_B_r5,113,113,fit
dots2024_B_r5,116,116,fit
dots2024_B_r5,117,117,fit
dots2024_B_r5,118,118,fit
dots2024_B_r5,120,120,fit
dots2024_B_r5,121,121,fit
dots2024_B_r5,122,122,fit
dots2024_B_r5,123,123,fit
dots2024_B_r5,125,125,fit
dots2024_B_r5,127,127,fit
dots2024_B_r5,128,128,fit
dots2024_B_r5,129,129,fit
dots2024_B_r5,132,132,fit
dots2024_B_r5,133,133,fit
dots2024_B_r5,134,134,fit
dots2024_B_r5,135,135,fit
dots2024_B_r5,136,136,fit
dots2024_B_r5,137,137,fit
dots2024_B_r5,139,139,fit
dots2024_B_r5,140,140,fit
dots2024_B_r5,141,141,fit
dots2024_B_r5,146,146,fit
dots2024_B_r5,147,147,fit
dots2024_B_r5,148,148,fit
dots2024_B_r5,149,149,fit
dots2024_B_r5,151,151,fit
dots2024_B_r5,152,152,fit
dots2024_B_r5,153,153,fit
dots2024_B_r5,155,155,fit
dots2024_B_r5,156,156,fit
dots2024_B_r5,158,158,fit
dots2024_B_r5,162,162,fit
dots2024_B_r5,163,163,fit
dots2024_B_r5,165,165,fit
dots2024_B_r5,166,166,fit
dots2024_B_r5,167,167,fit
dots2024_B_r5,170,170,fit
dots2024_B_r5,171,171,fit
dots2024_B_r5,173,173,fit
dots2024_B_r5,175,175,fit
dots2024_B_r5,176,176,fit
dots2024_B_r5,178,178,fit
dots2024_B_r5,179,179,fit
dots2024_B_r5,180,180,fit
dots2024_B_r5,183,183,fit
dots2024_B_r5,184,184,fit
dots2024_B_r5,185,185,fit
dots2024_B_r5,188,188,fit
dots2024_B_r5,189,189,fit
dots2024_B_r5,190,190,fit
dots2024_B_r5,191,191,fit
dots2024_B_r5,193,193,fit
dots2024_B_r5,195,195,fit
dots2024_B_r5,196,196,fit
dots2024_B_r5,197,197,fit
dots2024_B_r5,198,198,fit
dots2024_B_r5,199,199,fit
dots2024_B_r5,200,200,fit
dots2024_B_r5,202,202,fit
dots2024_B_r5,204,204,fit
dots2024_B_r5,205,205,fit
dots2024_B_r5,206,206,fit
dots2024_B_r5,208,208,fit
dots2024_B_r5,211,211,fit
dots2024_B_r5,212,212,fit
dots2024_B_r5,213,213,fit
dots2024_B_r5,216,216,fit
dots2024_B_r5,217,217,fit
dots2024_B_r5,219,219,fit
dots2024_B_r5,220,220,fit
dots2024_B_r5,222,222,fit
dots2024_B_r5,225,225,fit
dots2024_B_r5,229,229,fit
dots2024_B_r5,230,230,fit
dots2024_B_r5,231,231,fit
dots2024_B_r5,237,237,fit
dots2024_B_r5,238,238,fit
dots2024_B_r5,239,239,fit
dots2024_B_r5,240,240,fit
dots2024_B_r5,241,241,fit
dots2024_B_r5,242,242,fit
dots2024_B_r5,245,245,fit
dots2024_B_r5,246,246,fit
dots2024_B_r5,249,249,fit
dots2024_B_r5,250,250,fit
dots2024_B_r5,252,252,fit
dots2024_B_r5,254,254,fit
dots2024_B_r5,255,255,fit
dots2024_B_r5,256,256,fit
dots2024_B_r5,258,258,fit
dots2024_B_r5,259,259,fit
dots2024_B_r5,260,260,fit
dots2024_B_r5,261,261,fit
dots2024_B_r5,262,262,fit
dots2024_B_r5,263,263,fit
dots2024_B_r5,266,266,fit
dots2024_B_r5,268,268,fit
dots2024_B_r5,270,270,fit
dots2024_B_r5,273,273,fit
dots2024_B_r5,275,275,fit
dots2024_B_r5,276,276,fit
dots2024_B_r5,278,278,fit
dots2024_B_r5,280,280,fit
dots2024_B_r5,281,281,fit
dots2024_B_r5,282,282,fit
dots2024_B_r5,283,283,fit
dots2024_B_r5,284,284,fit
dots2024_B_r5,285,285,fit
dots2024_B_r5,286,286,fit
dots2024_B_r5,288,288,fit
dots2024_B_r5,289,289,fit
dots2024_B_r5,292,292,fit
dots2024_B_r5,299,299,fit
dots2024_B_r5,0,0,discovery
dots2024_B_r5,2,2,discovery
dots2024_B_r5,14,14,discovery
dots2024_B_r5,22,22,discovery
dots2024_B_r5,24,24,discovery
dots2024_B_r5,36,36,discovery
dots2024_B_r5,37,37,discovery
dots2024_B_r5,41,41,discovery
dots2024_B_r5,44,44,discovery
dots2024_B_r5,55,55,discovery
dots2024_B_r5,61,61,discovery
dots2024_B_r5,68,68,discovery
dots2024_B_r5,73,73,discovery
dots2024_B_r5,74,74,discovery
dots2024_B_r5,79,79,discovery
dots2024_B_r5,81,81,discovery
dots2024_B_r5,88,88,discovery
dots2024_B_r5,99,99,discovery
dots2024_B_r5,100,100,discovery
dots2024_B_r5,105,105,discovery
dots2024_B_r5,107,107,discovery
dots2024_B_r5,109,109,discovery
dots2024_B_r5,110,110,discovery
dots2024_B_r5,131,131,discovery
dots2024_B_r5,143,143,discovery
dots2024_B_r5,154,154,discovery
dots2024_B_r5,159,159,discovery
dots2024_B_r5,161,161,discovery
dots2024_B_r5,164,164,discovery
dots2024_B_r5,172,172,discovery
dots2024_B_r5,177,177,discovery
dots2024_B_r5,181,181,discovery
dots2024_B_r5,182,182,discovery
dots2024_B_r5,186,186,discovery
dots2024_B_r5,187,187,discovery
dots2024_B_r5,194,194,discovery
dots2024_B_r5,201,201,discovery
dots2024_B_r5,210,210,discovery
dots2024_B_r5,215,215,discovery
dots2024_B_r5,218,218,discovery
dots2024_B_r5,223,223,discovery
dots2024_B_r5,224,224,discovery
dots2024_B_r5,234,234,discovery
dots2024_B_r5,235,235,discovery
dots2024_B_r5,243,243,discovery
dots2024_B_r5,244,244,discovery
dots2024_B_r5,247,247,discovery
dots2024_B_r5,248,248,discovery
dots2024_B_r5,253,253,discovery
dots2024_B_r5,264,264,discovery
dots2024_B_r5,265,265,discovery
dots2024_B_r5,267,267,discovery
dots2024_B_r5,272,272,discovery
dots2024_B_r5,274,274,discovery
dots2024_B_r5,279,279,discovery
dots2024_B_r5,290,290,discovery
dots2024_B_r5,291,291,discovery
dots2024_B_r5,293,293,discovery
dots2024_B_r5,294,294,discovery
dots2024_B_r5,297,297,discovery
dots2024_B_r5,5,5,confirmation
dots2024_B_r5,7,7,confirmation
dots2024_B_r5,11,11,confirmation
dots2024_B_r5,20,20,confirmation
dots2024_B_r5,21,21,confirmation
dots2024_B_r5,25,25,confirmation
dots2024_B_r5,28,28,confirmation
dots2024_B_r5,35,35,confirmation
dots2024_B_r5,38,38,confirmation
dots2024_B_r5,39,39,confirmation
dots2024_B_r5,42,42,confirmation
dots2024_B_r5,43,43,confirmation
dots2024_B_r5,45,45,confirmation
dots2024_B_r5,46,46,confirmation
dots2024_B_r5,52,52,confirmation
dots2024_B_r5,53,53,confirmation
dots2024_B_r5,62,62,confirmation
dots2024_B_r5,65,65,confirmation
dots2024_B_r5,70,70,confirmation
dots2024_B_r5,77,77,confirmation
dots2024_B_r5,84,84,confirmation
dots2024_B_r5,94,94,confirmation
dots2024_B_r5,98,98,confirmation
dots2024_B_r5,114,114,confirmation
dots2024_B_r5,115,115,confirmation
dots2024_B_r5,119,119,confirmation
dots2024_B_r5,124,124,confirmation
dots2024_B_r5,126,126,confirmation
dots2024_B_r5,130,130,confirmation
dots2024_B_r5,138,138,confirmation
dots2024_B_r5,142,142,confirmation
dots2024_B_r5,144,144,confirmation
dots2024_B_r5,145,145,confirmation
dots2024_B_r5,150,150,confirmation
dots2024_B_r5,157,157,confirmation
dots2024_B_r5,160,160,confirmation
dots2024_B_r5,168,168,confirmation
dots2024_B_r5,169,169,confirmation
dots2024_B_r5,174,174,confirmation
dots2024_B_r5,192,192,confirmation
dots2024_B_r5,203,203,confirmation
dots2024_B_r5,207,207,confirmation
dots2024_B_r5,209,209,confirmation
dots2024_B_r5,214,214,confirmation
dots2024_B_r5,221,221,confirmation
dots2024_B_r5,226,226,confirmation
dots2024_B_r5,227,227,confirmation
dots2024_B_r5,228,228,confirmation
dots2024_B_r5,232,232,confirmation
dots2024_B_r5,233,233,confirmation
dots2024_B_r5,236,236,confirmation
dots2024_B_r5,251,251,confirmation
dots2024_B_r5,257,257,confirmation
dots2024_B_r5,269,269,confirmation
dots2024_B_r5,271,271,confirmation
dots2024_B_r5,277,277,confirmation
dots2024_B_r5,287,287,confirmation
dots2024_B_r5,295,295,confirmation
dots2024_B_r5,296,296,confirmation
dots2024_B_r5,298,298,confirmation
dots2024_B_r6,1,1,fit
dots2024_B_r6,3,3,fit
dots2024_B_r6,4,4,fit
dots2024_B_r6,6,6,fit
dots2024_B_r6,8,8,fit
dots2024_B_r6,9,9,fit
dots2024_B_r6,10,10,fit
dots2024_B_r6,12,12,fit
dots2024_B_r6,13,13,fit
dots2024_B_r6,15,15,fit
dots2024_B_r6,16,16,fit
dots2024_B_r6,17,17,fit
dots2024_B_r6,18,18,fit
dots2024_B_r6,19,19,fit
dots2024_B_r6,23,23,fit
dots2024_B_r6,26,26,fit
dots2024_B_r6,27,27,fit
dots2024_B_r6,29,29,fit
dots2024_B_r6,30,30,fit
dots2024_B_r6,31,31,fit
dots2024_B_r6,32,32,fit
dots2024_B_r6,33,33,fit
dots2024_B_r6,34,34,fit
dots2024_B_r6,40,40,fit
dots2024_B_r6,47,47,fit
dots2024_B_r6,48,48,fit
dots2024_B_r6,49,49,fit
dots2024_B_r6,50,50,fit
dots2024_B_r6,51,51,fit
dots2024_B_r6,54,54,fit
dots2024_B_r6,56,56,fit
dots2024_B_r6,57,57,fit
dots2024_B_r6,58,58,fit
dots2024_B_r6,59,59,fit
dots2024_B_r6,60,60,fit
dots2024_B_r6,63,63,fit
dots2024_B_r6,64,64,fit
dots2024_B_r6,66,66,fit
dots2024_B_r6,67,67,fit
dots2024_B_r6,69,69,fit
dots2024_B_r6,71,71,fit
dots2024_B_r6,72,72,fit
dots2024_B_r6,75,75,fit
dots2024_B_r6,76,76,fit
dots2024_B_r6,78,78,fit
dots2024_B_r6,80,80,fit
dots2024_B_r6,82,82,fit
dots2024_B_r6,83,83,fit
dots2024_B_r6,85,85,fit
dots2024_B_r6,86,86,fit
dots2024_B_r6,87,87,fit
dots2024_B_r6,89,89,fit
dots2024_B_r6,90,90,fit
dots2024_B_r6,91,91,fit
dots2024_B_r6,92,92,fit
dots2024_B_r6,93,93,fit
dots2024_B_r6,95,95,fit
dots2024_B_r6,96,96,fit
dots2024_B_r6,97,97,fit
dots2024_B_r6,101,101,fit
dots2024_B_r6,102,102,fit
dots2024_B_r6,103,103,fit
dots2024_B_r6,104,104,fit
dots2024_B_r6,106,106,fit
dots2024_B_r6,108,108,fit
dots2024_B_r6,111,111,fit
dots2024_B_r6,112,112,fit
dots2024_B_r6,113,113,fit
dots2024_B_r6,116,116,fit
dots2024_B_r6,117,117,fit
dots2024_B_r6,118,118,fit
dots2024_B_r6,120,120,fit
dots2024_B_r6,121,121,fit
dots2024_B_r6,122,122,fit
dots2024_B_r6,123,123,fit
dots2024_B_r6,125,125,fit
dots2024_B_r6,127,127,fit
dots2024_B_r6,128,128,fit
dots2024_B_r6,129,129,fit
dots2024_B_r6,132,132,fit
dots2024_B_r6,133,133,fit
dots2024_B_r6,134,134,fit
dots2024_B_r6,135,135,fit
dots2024_B_r6,136,136,fit
dots2024_B_r6,137,137,fit
dots2024_B_r6,139,139,fit
dots2024_B_r6,140,140,fit
dots2024_B_r6,141,141,fit
dots2024_B_r6,146,146,fit
dots2024_B_r6,147,147,fit
dots2024_B_r6,148,148,fit
dots2024_B_r6,149,149,fit
dots2024_B_r6,151,151,fit
dots2024_B_r6,152,152,fit
dots2024_B_r6,153,153,fit
dots2024_B_r6,155,155,fit
dots2024_B_r6,156,156,fit
dots2024_B_r6,158,158,fit
dots2024_B_r6,162,162,fit
dots2024_B_r6,163,163,fit
dots2024_B_r6,165,165,fit
dots2024_B_r6,166,166,fit
dots2024_B_r6,167,167,fit
dots2024_B_r6,170,170,fit
dots2024_B_r6,171,171,fit
dots2024_B_r6,173,173,fit
dots2024_B_r6,175,175,fit
dots2024_B_r6,176,176,fit
dots2024_B_r6,178,178,fit
dots2024_B_r6,179,179,fit
dots2024_B_r6,180,180,fit
dots2024_B_r6,183,183,fit
dots2024_B_r6,184,184,fit
dots2024_B_r6,185,185,fit
dots2024_B_r6,188,188,fit
dots2024_B_r6,189,189,fit
dots2024_B_r6,190,190,fit
dots2024_B_r6,191,191,fit
dots2024_B_r6,193,193,fit
dots2024_B_r6,195,195,fit
dots2024_B_r6,196,196,fit
dots2024_B_r6,197,197,fit
dots2024_B_r6,198,198,fit
dots2024_B_r6,199,199,fit
dots2024_B_r6,200,200,fit
dots2024_B_r6,202,202,fit
dots2024_B_r6,204,204,fit
dots2024_B_r6,205,205,fit
dots2024_B_r6,206,206,fit
dots2024_B_r6,208,208,fit
dots2024_B_r6,211,211,fit
dots2024_B_r6,212,212,fit
dots2024_B_r6,213,213,fit
dots2024_B_r6,216,216,fit
dots2024_B_r6,217,217,fit
dots2024_B_r6,219,219,fit
dots2024_B_r6,220,220,fit
dots2024_B_r6,222,222,fit
dots2024_B_r6,225,225,fit
dots2024_B_r6,229,229,fit
dots2024_B_r6,230,230,fit
dots2024_B_r6,231,231,fit
dots2024_B_r6,237,237,fit
dots2024_B_r6,238,238,fit
dots2024_B_r6,239,239,fit
dots2024_B_r6,240,240,fit
dots2024_B_r6,241,241,fit
dots2024_B_r6,242,242,fit
dots2024_B_r6,245,245,fit
dots2024_B_r6,246,246,fit
dots2024_B_r6,249,249,fit
dots2024_B_r6,250,250,fit
dots2024_B_r6,252,252,fit
dots2024_B_r6,254,254,fit
dots2024_B_r6,255,255,fit
dots2024_B_r6,256,256,fit
dots2024_B_r6,258,258,fit
dots2024_B_r6,259,259,fit
dots2024_B_r6,260,260,fit
dots2024_B_r6,261,261,fit
dots2024_B_r6,262,262,fit
dots2024_B_r6,263,263,fit
dots2024_B_r6,266,266,fit
dots2024_B_r6,268,268,fit
dots2024_B_r6,270,270,fit
dots2024_B_r6,273,273,fit
dots2024_B_r6,275,275,fit
dots2024_B_r6,276,276,fit
dots2024_B_r6,278,278,fit
dots2024_B_r6,280,280,fit
dots2024_B_r6,281,281,fit
dots2024_B_r6,282,282,fit
dots2024_B_r6,283,283,fit
dots2024_B_r6,284,284,fit
dots2024_B_r6,285,285,fit
dots2024_B_r6,286,286,fit
dots2024_B_r6,288,288,fit
dots2024_B_r6,289,289,fit
dots2024_B_r6,292,292,fit
dots2024_B_r6,299,299,fit
dots2024_B_r6,0,0,discovery
dots2024_B_r6,2,2,discovery
dots2024_B_r6,14,14,discovery
dots2024_B_r6,22,22,discovery
dots2024_B_r6,24,24,discovery
dots2024_B_r6,36,36,discovery
dots2024_B_r6,37,37,discovery
dots2024_B_r6,41,41,discovery
dots2024_B_r6,44,44,discovery
dots2024_B_r6,55,55,discovery
dots2024_B_r6,61,61,discovery
dots2024_B_r6,68,68,discovery
dots2024_B_r6,73,73,discovery
dots2024_B_r6,74,74,discovery
dots2024_B_r6,79,79,discovery
dots2024_B_r6,81,81,discovery
dots2024_B_r6,88,88,discovery
dots2024_B_r6,99,99,discovery
dots2024_B_r6,100,100,discovery
dots2024_B_r6,105,105,discovery
dots2024_B_r6,107,107,discovery
dots2024_B_r6,109,109,discovery
dots2024_B_r6,110,110,discovery
dots2024_B_r6,131,131,discovery
dots2024_B_r6,143,143,discovery
dots2024_B_r6,154,154,discovery
dots2024_B_r6,159,159,discovery
dots2024_B_r6,161,161,discovery
dots2024_B_r6,164,164,discovery
dots2024_B_r6,172,172,discovery
dots2024_B_r6,177,177,discovery
dots2024_B_r6,181,181,discovery
dots2024_B_r6,182,182,discovery
dots2024_B_r6,186,186,discovery
dots2024_B_r6,187,187,discovery
dots2024_B_r6,194,194,discovery
dots2024_B_r6,201,201,discovery
dots2024_B_r6,210,210,discovery
dots2024_B_r6,215,215,discovery
dots2024_B_r6,218,218,discovery
dots2024_B_r6,223,223,discovery
dots2024_B_r6,224,224,discovery
dots2024_B_r6,234,234,discovery
dots2024_B_r6,235,235,discovery
dots2024_B_r6,243,243,discovery
dots2024_B_r6,244,244,discovery
dots2024_B_r6,247,247,discovery
dots2024_B_r6,248,248,discovery
dots2024_B_r6,253,253,discovery
dots2024_B_r6,264,264,discovery
dots2024_B_r6,265,265,discovery
dots2024_B_r6,267,267,discovery
dots2024_B_r6,272,272,discovery
dots2024_B_r6,274,274,discovery
dots2024_B_r6,279,279,discovery
dots2024_B_r6,290,290,discovery
dots2024_B_r6,291,291,discovery
dots2024_B_r6,293,293,discovery
dots2024_B_r6,294,294,discovery
dots2024_B_r6,297,297,discovery
dots2024_B_r6,5,5,confirmation
dots2024_B_r6,7,7,confirmation
dots2024_B_r6,11,11,confirmation
dots2024_B_r6,20,20,confirmation
dots2024_B_r6,21,21,confirmation
dots2024_B_r6,25,25,confirmation
dots2024_B_r6,28,28,confirmation
dots2024_B_r6,35,35,confirmation
dots2024_B_r6,38,38,confirmation
dots2024_B_r6,39,39,confirmation
dots2024_B_r6,42,42,confirmation
dots2024_B_r6,43,43,confirmation
dots2024_B_r6,45,45,confirmation
dots2024_B_r6,46,46,confirmation
dots2024_B_r6,52,52,confirmation
dots2024_B_r6,53,53,confirmation
dots2024_B_r6,62,62,confirmation
dots2024_B_r6,65,65,confirmation
dots2024_B_r6,70,70,confirmation
dots2024_B_r6,77,77,confirmation
dots2024_B_r6,84,84,confirmation
dots2024_B_r6,94,94,confirmation
dots2024_B_r6,98,98,confirmation
dots2024_B_r6,114,114,confirmation
dots2024_B_r6,115,115,confirmation
dots2024_B_r6,119,119,confirmation
dots2024_B_r6,124,124,confirmation
dots2024_B_r6,126,126,confirmation
dots2024_B_r6,130,130,confirmation
dots2024_B_r6,138,138,confirmation
dots2024_B_r6,142,142,confirmation
dots2024_B_r6,144,144,confirmation
dots2024_B_r6,145,145,confirmation
dots2024_B_r6,150,150,confirmation
dots2024_B_r6,157,157,confirmation
dots2024_B_r6,160,160,confirmation
dots2024_B_r6,168,168,confirmation
dots2024_B_r6,169,169,confirmation
dots2024_B_r6,174,174,confirmation
dots2024_B_r6,192,192,confirmation
dots2024_B_r6,203,203,confirmation
dots2024_B_r6,207,207,confirmation
dots2024_B_r6,209,209,confirmation
dots2024_B_r6,214,214,confirmation
dots2024_B_r6,221,221,confirmation
dots2024_B_r6,226,226,confirmation
dots2024_B_r6,227,227,confirmation
dots2024_B_r6,228,228,confirmation
dots2024_B_r6,232,232,confirmation
dots2024_B_r6,233,233,confirmation
dots2024_B_r6,236,236,confirmation
dots2024_B_r6,251,251,confirmation
dots2024_B_r6,257,257,confirmation
dots2024_B_r6,269,269,confirmation
dots2024_B_r6,271,271,confirmation
dots2024_B_r6,277,277,confirmation
dots2024_B_r6,287,287,confirmation
dots2024_B_r6,295,295,confirmation
dots2024_B_r6,296,296,confirmation
dots2024_B_r6,298,298,confirmation
