part,cell,rep,family,value,shape,n,r,N,lambda_,mu,unseen_items,method,status,risk,nll,delta,beta,seconds,branch,depth,iterations,gradient
shell,0,0,shell,0.0,equal,8,3,28,3.0,10.5,0,pl,ok,6.0,1.882541205005127,0.0,,0.0016248010000055046,hunter_mm,,38.0,1.2994399207449143e-11
shell,0,0,shell,0.0,equal,8,3,28,3.0,10.5,0,mle,ok,6.0,1.781312764471645,-0.10122844053348179,0.9121196566486348,0.0026008140000044477,exact_subset_dp,,,
shell,0,0,shell,0.0,equal,8,3,28,3.0,10.5,0,sharp,ok,9.0,1.8004147496110554,-0.08212645539407148,0.5705796667792838,0.043215192999994656,exact_sieve,0.0,,
shell,0,0,shell,0.0,equal,8,3,28,3.0,10.5,0,efficient,outside_schedule_domain,,,,,5.518700000095578e-05,unavailable,,,
shell,0,0,shell,0.0,equal,8,3,28,3.0,10.5,0,borda,ok,6.0,1.7001790122735951,-0.18236219273153176,0.5264006135801002,0.0015918690000091829,published_global_clipped_borda,0.0,,
shell,0,1,shell,0.0,equal,8,3,28,3.0,10.5,0,pl,ok,5.0,1.7268389610204005,0.0,,0.0017145660000039697,hunter_mm,,53.0,1.88818801863785e-11
shell,0,1,shell,0.0,equal,8,3,28,3.0,10.5,0,mle,ok,4.0,1.7046167060259363,-0.022222254994464175,0.9672795990261153,0.0025512830000025133,exact_subset_dp,,,
shell,0,1,shell,0.0,equal,8,3,28,3.0,10.5,0,sharp,ok,13.0,1.8665933345077481,0.13975437348734765,0.48304091257642995,0.0019522170000101369,exact_sieve,0.0,,
shell,0,1,shell,0.0,equal,8,3,28,3.0,10.5,0,efficient,outside_schedule_domain,,,,,3.83670000019265e-05,unavailable,,,
shell,0,1,shell,0.0,equal,8,3,28,3.0,10.5,0,borda,ok,6.0,1.7308293091223632,0.0039903481019627485,0.757533184154752,0.0013630469999981187,published_global_clipped_borda,0.0,,
shell,0,2,shell,0.0,equal,8,3,28,3.0,10.5,0,pl,ok,4.0,1.706028058998445,0.0,,0.002684782999992308,hunter_mm,,100.0,3.0474226317015305e-11
shell,0,2,shell,0.0,equal,8,3,28,3.0,10.5,0,mle,ok,4.0,1.7535483692536125,0.047520310255167564,1.0844293045104068,0.0031245289999901615,exact_subset_dp,,,
shell,0,2,shell,0.0,equal,8,3,28,3.0,10.5,0,sharp,ok,8.0,1.7882079316880506,0.08217987268960569,0.6617844044760891,0.0018980939999977409,exact_sieve,0.0,,
shell,0,2,shell,0.0,equal,8,3,28,3.0,10.5,0,efficient,outside_schedule_domain,,,,,3.557499999828906e-05,unavailable,,,
shell,0,2,shell,0.0,equal,8,3,28,3.0,10.5,0,borda,ok,3.0,1.6598147106329197,-0.04621334836552515,0.9121196566486348,0.00132721800000013,published_global_clipped_borda,0.0,,
shell,0,3,shell,0.0,equal,8,3,28,3.0,10.5,0,pl,ok,2.0,1.705995542333636,0.0,,0.0018862350000006245,hunter_mm,,66.0,2.745378527687795e-11
shell,0,3,shell,0.0,equal,8,3,28,3.0,10.5,0,mle,ok,3.0,1.6688116165331721,-0.03718392580046381,0.9672795990261153,0.002429170999988628,exact_subset_dp,,,
shell,0,3,shell,0.0,equal,8,3,28,3.0,10.5,0,sharp,ok,8.0,1.737726088228778,0.031730545895142015,0.44041348850630796,0.0019708470000097122,exact_sieve,0.0,,
shell,0,3,shell,0.0,equal,8,3,28,3.0,10.5,0,efficient,outside_schedule_domain,,,,,3.33039999986795e-05,unavailable,,,
shell,0,3,shell,0.0,equal,8,3,28,3.0,10.5,0,borda,ok,1.0,1.5754479693295058,-0.1305475730041301,0.9121196566486348,0.0013997739999922487,published_global_clipped_borda,0.0,,
shell,0,4,shell,0.0,equal,8,3,28,3.0,10.5,0,pl,ok,3.0,1.6761563283300818,0.0,,0.0020722259999956805,hunter_mm,,73.0,1.8110655832158175e-11
shell,0,4,shell,0.0,equal,8,3,28,3.0,10.5,0,mle,ok,5.0,1.6969775709009074,0.020821242570825627,0.7090287388626768,0.00267221500000403,exact_subset_dp,,,
shell,0,4,shell,0.0,equal,8,3,28,3.0,10.5,0,sharp,ok,12.0,1.8558475507965175,0.17969122246643576,0.48304091257642995,0.0019303660000105083,exact_sieve,0.0,,
shell,0,4,shell,0.0,equal,8,3,28,3.0,10.5,0,efficient,outside_schedule_domain,,,,,3.627099999903294e-05,unavailable,,,
shell,0,4,shell,0.0,equal,8,3,28,3.0,10.5,0,borda,ok,3.0,1.6216248829695066,-0.05453144536057519,0.6156729370132851,0.0014883449999985032,published_global_clipped_borda,0.0,,
shell,0,5,shell,0.0,equal,8,3,28,3.0,10.5,0,pl,ok,4.0,1.6427237648777844,0.0,,0.001474818999994909,hunter_mm,,48.0,2.0961074146238647e-11
shell,0,5,shell,0.0,equal,8,3,28,3.0,10.5,0,mle,ok,8.0,1.7861868525646118,0.14346308768682747,0.7090287388626768,0.0026485300000018697,exact_subset_dp,,,
shell,0,5,shell,0.0,equal,8,3,28,3.0,10.5,0,sharp,ok,6.0,1.6950558501778714,0.05233208530008704,0.48304091257642995,0.0018919420000003129,exact_sieve,0.0,,
shell,0,5,shell,0.0,equal,8,3,28,3.0,10.5,0,efficient,outside_schedule_domain,,,,,3.6006000001975735e-05,unavailable,,,
shell,0,5,shell,0.0,equal,8,3,28,3.0,10.5,0,borda,ok,4.0,1.6505664161588416,0.007842651281057211,0.5705796667792838,0.0015012599999977283,published_global_clipped_borda,0.0,,
shell,0,6,shell,0.0,equal,8,3,28,3.0,10.5,0,pl,ok,4.0,2.109669322688629,0.0,,0.004090583999996511,hunter_mm,,167.0,1.889434640491215e-11
shell,0,6,shell,0.0,equal,8,3,28,3.0,10.5,0,mle,ok,3.0,1.6495909513574916,-0.4600783713311374,0.8589084084290807,0.002704722000004267,exact_subset_dp,,,
shell,0,6,shell,0.0,equal,8,3,28,3.0,10.5,0,sharp,ok,6.0,1.6982352567053223,-0.4114340659833067,0.5264006135801002,0.0020334780000013097,exact_sieve,0.0,,
shell,0,6,shell,0.0,equal,8,3,28,3.0,10.5,0,efficient,outside_schedule_domain,,,,,3.468500000280983e-05,unavailable,,,
shell,0,6,shell,0.0,equal,8,3,28,3.0,10.5,0,borda,ok,6.0,1.7461133491724232,-0.3635559735162057,0.8074398347256734,0.0014701670000079048,published_global_clipped_borda,0.0,,
shell,0,7,shell,0.0,equal,8,3,28,3.0,10.5,0,pl,ok,4.0,1.7773842517849925,0.0,,0.00183317999999133,hunter_mm,,65.0,1.3259679069018863e-11
shell,0,7,shell,0.0,equal,8,3,28,3.0,10.5,0,mle,ok,1.0,1.5829145612927196,-0.19446969049227292,0.9672795990261153,0.0023779060000066465,exact_subset_dp,,,
shell,0,7,shell,0.0,equal,8,3,28,3.0,10.5,0,sharp,ok,6.0,1.7147776851891607,-0.06260656659583175,0.6617844044760891,0.0018049140000044872,exact_sieve,0.0,,
shell,0,7,shell,0.0,equal,8,3,28,3.0,10.5,0,efficient,outside_schedule_domain,,,,,3.247699999064935e-05,unavailable,,,
shell,0,7,shell,0.0,equal,8,3,28,3.0,10.5,0,borda,ok,5.0,1.7195212424549733,-0.0578630093300192,0.8589084084290807,0.0014398779999993394,published_global_clipped_borda,0.0,,
shell,0,8,shell,0.0,equal,8,3,28,3.0,10.5,0,pl,ok,2.0,1.6645017373457698,0.0,,0.002495711999998207,hunter_mm,,90.0,2.6832948561507562e-11
shell,0,8,shell,0.0,equal,8,3,28,3.0,10.5,0,mle,ok,1.0,1.6385652514566955,-0.025936485889074268,1.2127529326707367,0.0030252269999948567,exact_subset_dp,,,
shell,0,8,shell,0.0,equal,8,3,28,3.0,10.5,0,sharp,ok,4.0,1.6635583051320681,-0.0009434322137016338,0.757533184154752,0.0019580949999919994,exact_sieve,0.0,,
shell,0,8,shell,0.0,equal,8,3,28,3.0,10.5,0,efficient,outside_schedule_domain,,,,,3.8689999996677216e-05,unavailable,,,
shell,0,8,shell,0.0,equal,8,3,28,3.0,10.5,0,borda,ok,1.0,1.6385652514566955,-0.025936485889074268,1.2127529326707367,0.001904507000006106,published_global_clipped_borda,0.0,,
shell,0,9,shell,0.0,equal,8,3,28,3.0,10.5,0,pl,ok,6.0,2.0257370011463642,0.0,,0.0020543380000077605,hunter_mm,,75.0,2.018505997268351e-11
shell,0,9,shell,0.0,equal,8,3,28,3.0,10.5,0,mle,ok,5.0,1.9814796494612463,-0.04425735168511791,1.4338950196876177,0.00290437700000723,exact_subset_dp,,,
shell,0,9,shell,0.0,equal,8,3,28,3.0,10.5,0,sharp,ok,7.0,1.7563801398284684,-0.2693568613178958,0.6617844044760891,0.001884616000012329,exact_sieve,0.0,,
shell,0,9,shell,0.0,equal,8,3,28,3.0,10.5,0,efficient,outside_schedule_domain,,,,,3.900699999803692e-05,unavailable,,,
shell,0,9,shell,0.0,equal,8,3,28,3.0,10.5,0,borda,ok,5.0,1.8239881030289837,-0.2017488981173805,1.1470129282507922,0.0017150440000079925,published_global_clipped_borda,0.0,,
shell,0,10,shell,0.0,equal,8,3,28,3.0,10.5,0,pl,ok,5.0,1.6433213643563493,0.0,,0.0015795270000040773,hunter_mm,,52.0,1.3929746245366914e-11
shell,0,10,shell,0.0,equal,8,3,28,3.0,10.5,0,mle,ok,2.0,1.5997261447212843,-0.043595219635065074,0.8074398347256734,0.0026727390000047535,exact_subset_dp,,,
shell,0,10,shell,0.0,equal,8,3,28,3.0,10.5,0,sharp,ok,8.0,1.7474835560037996,0.10416219164745022,0.44041348850630796,0.0021638699999897426,exact_sieve,0.0,,
shell,0,10,shell,0.0,equal,8,3,28,3.0,10.5,0,efficient,outside_schedule_domain,,,,,3.8717999998993946e-05,unavailable,,,
shell,0,10,shell,0.0,equal,8,3,28,3.0,10.5,0,borda,ok,2.0,1.5990845230804749,-0.04423684127587446,0.757533184154752,0.001419425999998225,published_global_clipped_borda,0.0,,
shell,0,11,shell,0.0,equal,8,3,28,3.0,10.5,0,pl,ok,6.0,1.712553961556197,0.0,,0.001786726000005956,hunter_mm,,59.0,1.9601526750940527e-11
shell,0,11,shell,0.0,equal,8,3,28,3.0,10.5,0,mle,ok,6.0,1.7813127644716449,0.06875880291544778,0.9121196566486348,0.0024959330000058344,exact_subset_dp,,,
shell,0,11,shell,0.0,equal,8,3,28,3.0,10.5,0,sharp,ok,3.0,1.6261716774400354,-0.08638228411616167,0.6156729370132851,0.0020735389999941845,exact_sieve,0.0,,
shell,0,11,shell,0.0,equal,8,3,28,3.0,10.5,0,efficient,outside_schedule_domain,,,,,3.661300000601386e-05,unavailable,,,
shell,0,11,shell,0.0,equal,8,3,28,3.0,10.5,0,borda,ok,5.0,1.6917413362777876,-0.020812625278409547,0.7090287388626768,0.001528328999995665,published_global_clipped_borda,0.0,,
shell,0,12,shell,0.0,equal,8,3,28,3.0,10.5,0,pl,ok,3.0,1.977309427977608,0.0,,0.002558385000000385,hunter_mm,,97.0,1.714260479600073e-11
shell,0,12,shell,0.0,equal,8,3,28,3.0,10.5,0,mle,ok,1.0,1.660339039872124,-0.31697038810548395,1.2820987754788464,0.0029338500000051226,exact_subset_dp,,,
shell,0,12,shell,0.0,equal,8,3,28,3.0,10.5,0,sharp,ok,12.0,1.8806320625360637,-0.09667736544154426,0.5705796667792838,0.0020077580000048556,exact_sieve,0.0,,
shell,0,12,shell,0.0,equal,8,3,28,3.0,10.5,0,efficient,outside_schedule_domain,,,,,3.351499999837415e-05,unavailable,,,
shell,0,12,shell,0.0,equal,8,3,28,3.0,10.5,0,borda,ok,4.0,1.7645883882288962,-0.21272103974871182,1.1470129282507922,0.0017510020000059967,published_global_clipped_borda,0.0,,
shell,0,13,shell,0.0,equal,8,3,28,3.0,10.5,0,pl,ok,2.0,1.6212729931968175,0.0,,0.001412654999995766,hunter_mm,,46.0,1.4233503264904357e-11
shell,0,13,shell,0.0,equal,8,3,28,3.0,10.5,0,mle,ok,2.0,1.6222913698492145,0.0010183766523970128,0.9672795990261153,0.0026011129999972127,exact_subset_dp,,,
shell,0,13,shell,0.0,equal,8,3,28,3.0,10.5,0,sharp,ok,7.0,1.7215490842548946,0.10027609105807711,0.3570395237671002,0.0019847920000017893,exact_sieve,0.0,,
shell,0,13,shell,0.0,equal,8,3,28,3.0,10.5,0,efficient,outside_schedule_domain,,,,,3.4444999997162995e-05,unavailable,,,
shell,0,13,shell,0.0,equal,8,3,28,3.0,10.5,0,borda,ok,4.0,1.6813845428493974,0.06011154965257992,0.8589084084290807,0.0014289540000049783,published_global_clipped_borda,0.0,,
shell,0,14,shell,0.0,equal,8,3,28,3.0,10.5,0,pl,ok,5.0,1.675922257079889,0.0,,0.0015051919999962138,hunter_mm,,51.0,1.669074402497829e-11
shell,0,14,shell,0.0,equal,8,3,28,3.0,10.5,0,mle,ok,4.0,1.6607610831933661,-0.015161173886522938,0.757533184154752,0.0025653480000045192,exact_subset_dp,,,
shell,0,14,shell,0.0,equal,8,3,28,3.0,10.5,0,sharp,ok,7.0,1.7197973759515088,0.04387511887161977,0.44041348850630796,0.0020474630000109073,exact_sieve,0.0,,
shell,0,14,shell,0.0,equal,8,3,28,3.0,10.5,0,efficient,outside_schedule_domain,,,,,3.498099999887927e-05,unavailable,,,
shell,0,14,shell,0.0,equal,8,3,28,3.0,10.5,0,borda,ok,5.0,1.6829498933295783,0.007027636249689273,0.6617844044760891,0.0013661219999931973,published_global_clipped_borda,0.0,,
shell,0,15,shell,0.0,equal,8,3,28,3.0,10.5,0,pl,ok,1.0,1.6516825833235522,0.0,,0.0018629090000104043,hunter_mm,,68.0,3.7819208082672566e-11
shell,0,15,shell,0.0,equal,8,3,28,3.0,10.5,0,mle,ok,1.0,1.6050936693141018,-0.04658891400945042,1.0844293045104068,0.0032225119999935714,exact_subset_dp,,,
shell,0,15,shell,0.0,equal,8,3,28,3.0,10.5,0,sharp,ok,9.0,1.7575959348785095,0.10591335155495729,0.39843792971796577,0.0020918860000023187,exact_sieve,0.0,,
shell,0,15,shell,0.0,equal,8,3,28,3.0,10.5,0,efficient,outside_schedule_domain,,,,,3.793899999493533e-05,unavailable,,,
shell,0,15,shell,0.0,equal,8,3,28,3.0,10.5,0,borda,ok,2.0,1.6344367828841677,-0.017245800439384507,1.0246248379567524,0.002016977000010911,published_global_clipped_borda,0.0,,
shell,0,16,shell,0.0,equal,8,3,28,3.0,10.5,0,pl,ok,5.0,1.6429687962913424,0.0,,0.0014715199999955075,hunter_mm,,47.0,2.1435615187621285e-11
shell,0,16,shell,0.0,equal,8,3,28,3.0,10.5,0,mle,ok,2.0,1.6344367828841677,-0.008532013407174688,1.0246248379567524,0.0030215870000063205,exact_subset_dp,,,
shell,0,16,shell,0.0,equal,8,3,28,3.0,10.5,0,sharp,ok,10.0,1.778336883474672,0.1353680871833296,0.3570395237671002,0.001994852000009928,exact_sieve,0.0,,
shell,0,16,shell,0.0,equal,8,3,28,3.0,10.5,0,efficient,outside_schedule_domain,,,,,3.323299999635765e-05,unavailable,,,
shell,0,16,shell,0.0,equal,8,3,28,3.0,10.5,0,borda,ok,4.0,1.6902099456797042,0.04724114938836177,0.9121196566486348,0.0013168490000055044,published_global_clipped_borda,0.0,,
shell,0,17,shell,0.0,equal,8,3,28,3.0,10.5,0,pl,ok,5.0,1.6668733263421647,0.0,,0.0014219349999962105,hunter_mm,,45.0,1.5567039720768403e-11
shell,0,17,shell,0.0,equal,8,3,28,3.0,10.5,0,mle,ok,2.0,1.6344367828841677,-0.03243654345799696,1.0246248379567524,0.0029065909999985706,exact_subset_dp,,,
shell,0,17,shell,0.0,equal,8,3,28,3.0,10.5,0,sharp,ok,4.0,1.6575114496968664,-0.009361876645298306,0.48304091257642995,0.0019537310000004027,exact_sieve,0.0,,
shell,0,17,shell,0.0,equal,8,3,28,3.0,10.5,0,efficient,outside_schedule_domain,,,,,3.685899999084086e-05,unavailable,,,
shell,0,17,shell,0.0,equal,8,3,28,3.0,10.5,0,borda,ok,5.0,1.6762983117629262,0.009424985420761534,0.6156729370132851,0.0014875800000027084,published_global_clipped_borda,0.0,,
shell,0,18,shell,0.0,equal,8,3,28,3.0,10.5,0,pl,ok,2.0,1.8367573833586848,0.0,,0.005043577999998661,hunter_mm,,203.0,3.2424095154835546e-11
shell,0,18,shell,0.0,equal,8,3,28,3.0,10.5,0,mle,ok,1.0,1.6385652514566955,-0.19819213190198925,1.2127529326707367,0.0031850679999934073,exact_subset_dp,,,
shell,0,18,shell,0.0,equal,8,3,28,3.0,10.5,0,sharp,ok,12.0,1.8972094765983314,0.06045209323964662,0.6156729370132851,0.0020876740000090876,exact_sieve,0.0,,
shell,0,18,shell,0.0,equal,8,3,28,3.0,10.5,0,efficient,outside_schedule_domain,,,,,3.5608000004572204e-05,unavailable,,,
shell,0,18,shell,0.0,equal,8,3,28,3.0,10.5,0,borda,ok,2.0,1.6344367828841677,-0.20232060047451705,1.0246248379567524,0.0017922629999986839,published_global_clipped_borda,0.0,,
shell,0,19,shell,0.0,equal,8,3,28,3.0,10.5,0,pl,ok,6.0,1.8067073044495965,0.0,,0.0013828339999975015,hunter_mm,,43.0,1.6484020497793087e-11
shell,0,19,shell,0.0,equal,8,3,28,3.0,10.5,0,mle,ok,7.0,1.9060073682852245,0.09930006383562806,1.0844293045104068,0.003092805000008525,exact_subset_dp,,,
shell,0,19,shell,0.0,equal,8,3,28,3.0,10.5,0,sharp,ok,12.0,1.940913498040869,0.13420619359127262,0.7090287388626768,0.0020312259999997195,exact_sieve,0.0,,
shell,0,19,shell,0.0,equal,8,3,28,3.0,10.5,0,efficient,outside_schedule_domain,,,,,6.307900000024347e-05,unavailable,,,
shell,0,19,shell,0.0,equal,8,3,28,3.0,10.5,0,borda,ok,5.0,1.74081341319207,-0.06589389125752643,0.9121196566486348,0.0014800109999981714,published_global_clipped_borda,0.0,,
shell,0,20,shell,0.0,equal,8,3,28,3.0,10.5,0,pl,ok,7.0,1.9148247318365996,0.0,,0.0021242819999969242,hunter_mm,,77.0,2.6097441668022318e-11
shell,0,20,shell,0.0,equal,8,3,28,3.0,10.5,0,mle,ok,4.0,1.6935779844239678,-0.22124674741263184,0.9121196566486348,0.0025338589999961414,exact_subset_dp,,,
shell,0,20,shell,0.0,equal,8,3,28,3.0,10.5,0,sharp,ok,11.0,1.7774185412710526,-0.13740619056554704,0.1958788216280591,0.0020710820000005015,exact_sieve,0.0,,
shell,0,20,shell,0.0,equal,8,3,28,3.0,10.5,0,efficient,outside_schedule_domain,,,,,3.544400000521364e-05,unavailable,,,
shell,0,20,shell,0.0,equal,8,3,28,3.0,10.5,0,borda,ok,7.0,1.7616675891788085,-0.15315714265779112,0.757533184154752,0.0012819009999986974,published_global_clipped_borda,0.0,,
shell,0,21,shell,0.0,equal,8,3,28,3.0,10.5,0,pl,ok,5.0,1.830230158170523,0.0,,0.0023318490000008296,hunter_mm,,91.0,2.420270333353918e-11
shell,0,21,shell,0.0,equal,8,3,28,3.0,10.5,0,mle,ok,3.0,1.6973896374536068,-0.1328405207169161,1.0844293045104068,0.0030095270000032315,exact_subset_dp,,,
shell,0,21,shell,0.0,equal,8,3,28,3.0,10.5,0,sharp,ok,9.0,1.7718844042519626,-0.05834575391856034,0.48304091257642995,0.001876652000007084,exact_sieve,0.0,,
shell,0,21,shell,0.0,equal,8,3,28,3.0,10.5,0,efficient,outside_schedule_domain,,,,,3.519299998799852e-05,unavailable,,,
shell,0,21,shell,0.0,equal,8,3,28,3.0,10.5,0,borda,ok,6.0,1.7745766869831177,-0.05565347118740527,0.9121196566486348,0.0013540199999937386,published_global_clipped_borda,0.0,,
shell,0,22,shell,0.0,equal,8,3,28,3.0,10.5,0,pl,ok,3.0,1.6425477829091728,0.0,,0.0016555020000055265,hunter_mm,,56.0,1.7766296370577297e-11
shell,0,22,shell,0.0,equal,8,3,28,3.0,10.5,0,mle,ok,2.0,1.6222913698492145,-0.02025641305995829,0.9672795990261153,0.002471429999999941,exact_subset_dp,,,
shell,0,22,shell,0.0,equal,8,3,28,3.0,10.5,0,sharp,ok,9.0,1.7507139914738055,0.10816620856463266,0.31614842415667943,0.0020589610000030234,exact_sieve,0.0,,
shell,0,22,shell,0.0,equal,8,3,28,3.0,10.5,0,efficient,outside_schedule_domain,,,,,3.493500000217864e-05,unavailable,,,
shell,0,22,shell,0.0,equal,8,3,28,3.0,10.5,0,borda,ok,1.0,1.5701459980895047,-0.07240178481966808,0.8589084084290807,0.0014843669999891063,published_global_clipped_borda,0.0,,
shell,0,23,shell,0.0,equal,8,3,28,3.0,10.5,0,pl,ok,6.0,1.9449341454209925,0.0,,0.0022764149999972005,hunter_mm,,82.0,2.2328297940735606e-11
shell,0,23,shell,0.0,equal,8,3,28,3.0,10.5,0,mle,ok,2.0,1.6344367828841677,-0.3104973625368248,1.0246248379567524,0.0029540809999986095,exact_subset_dp,,,
shell,0,23,shell,0.0,equal,8,3,28,3.0,10.5,0,sharp,ok,10.0,1.7730633519132564,-0.17187079350773615,0.3570395237671002,0.0020919610000049715,exact_sieve,0.0,,
shell,0,23,shell,0.0,equal,8,3,28,3.0,10.5,0,efficient,outside_schedule_domain,,,,,3.6860999998111765e-05,unavailable,,,
shell,0,23,shell,0.0,equal,8,3,28,3.0,10.5,0,borda,ok,6.0,1.7490948534380037,-0.19583929198298877,0.8074398347256734,0.001490701999998123,published_global_clipped_borda,0.0,,
shell,0,24,shell,0.0,equal,8,3,28,3.0,10.5,0,pl,ok,5.0,1.7762205217651474,0.0,,0.0013560440000048857,hunter_mm,,41.0,2.1626383223909736e-11
shell,0,24,shell,0.0,equal,8,3,28,3.0,10.5,0,mle,ok,6.0,1.8164157192647639,0.04019519749961642,1.0246248379567524,0.002964826999999559,exact_subset_dp,,,
shell,0,24,shell,0.0,equal,8,3,28,3.0,10.5,0,sharp,ok,7.0,1.719797375951509,-0.05642314581363839,0.44041348850630796,0.0021041629999984934,exact_sieve,0.0,,
shell,0,24,shell,0.0,equal,8,3,28,3.0,10.5,0,efficient,outside_schedule_domain,,,,,3.535900000883885e-05,unavailable,,,
shell,0,24,shell,0.0,equal,8,3,28,3.0,10.5,0,borda,ok,6.0,1.7940854803301198,0.01786495856497239,0.9672795990261153,0.0013215989999935118,published_global_clipped_borda,0.0,,
shell,0,25,shell,0.0,equal,8,3,28,3.0,10.5,0,pl,no_unique_finite_mle,,,,,0.00028005400000097325,hunter_mm,,,
shell,0,25,shell,0.0,equal,8,3,28,3.0,10.5,0,mle,ok,0.0,1.630856431468311,,1.355592246167523,0.0029339000000021542,exact_subset_dp,,,
shell,0,25,shell,0.0,equal,8,3,28,3.0,10.5,0,sharp,ok,8.0,1.7360837410269743,,0.3570395237671002,0.0020293259999988322,exact_sieve,0.0,,
shell,0,25,shell,0.0,equal,8,3,28,3.0,10.5,0,efficient,outside_schedule_domain,,,,,3.496700000482633e-05,unavailable,,,
shell,0,25,shell,0.0,equal,8,3,28,3.0,10.5,0,borda,ok,1.0,1.6385652514566953,,1.2127529326707367,0.001887187000008339,published_global_clipped_borda,0.0,,
shell,0,26,shell,0.0,equal,8,3,28,3.0,10.5,0,pl,ok,6.0,1.7205470144067494,0.0,,0.0012927779999927225,hunter_mm,,39.0,1.2818761924953443e-11
shell,0,26,shell,0.0,equal,8,3,28,3.0,10.5,0,mle,ok,6.0,1.7431318449068425,0.022584830500093078,0.8074398347256734,0.0026345779999985552,exact_subset_dp,,,
shell,0,26,shell,0.0,equal,8,3,28,3.0,10.5,0,sharp,ok,7.0,1.7222135646793097,0.001666550272560352,0.39843792971796577,0.00203350299999272,exact_sieve,0.0,,
shell,0,26,shell,0.0,equal,8,3,28,3.0,10.5,0,efficient,outside_schedule_domain,,,,,3.492000000449025e-05,unavailable,,,
shell,0,26,shell,0.0,equal,8,3,28,3.0,10.5,0,borda,ok,6.0,1.7336265310610646,0.01307951665431517,0.757533184154752,0.0013334680000127719,published_global_clipped_borda,0.0,,
shell,0,27,shell,0.0,equal,8,3,28,3.0,10.5,0,pl,ok,7.0,1.729236279690298,0.0,,0.001519128999987629,hunter_mm,,50.0,1.3040901691852014e-11
shell,0,27,shell,0.0,equal,8,3,28,3.0,10.5,0,mle,ok,5.0,1.6917413362777878,-0.03749494341251025,0.7090287388626768,0.002613875999998072,exact_subset_dp,,,
shell,0,27,shell,0.0,equal,8,3,28,3.0,10.5,0,sharp,ok,10.0,1.765104803237238,0.035868523546940034,0.1958788216280591,0.002073333999987881,exact_sieve,0.0,,
shell,0,27,shell,0.0,equal,8,3,28,3.0,10.5,0,efficient,outside_schedule_domain,,,,,3.495299999656254e-05,unavailable,,,
shell,0,27,shell,0.0,equal,8,3,28,3.0,10.5,0,borda,ok,5.0,1.68222159365734,-0.04701468603295811,0.5705796667792838,0.0015281280000039033,published_global_clipped_borda,0.0,,
shell,0,28,shell,0.0,equal,8,3,28,3.0,10.5,0,pl,ok,10.0,1.8136006679265582,0.0,,0.0014544210000053681,hunter_mm,,47.0,1.5248627757305908e-11
shell,0,28,shell,0.0,equal,8,3,28,3.0,10.5,0,mle,ok,6.0,1.7336265310610646,-0.0799741368654936,0.757533184154752,0.0024933330000038723,exact_subset_dp,,,
shell,0,28,shell,0.0,equal,8,3,28,3.0,10.5,0,sharp,ok,4.0,1.6535083918367453,-0.1600922760898129,0.6156729370132851,0.0020597160000050962,exact_sieve,0.0,,
shell,0,28,shell,0.0,equal,8,3,28,3.0,10.5,0,efficient,outside_schedule_domain,,,,,3.4786000000508466e-05,unavailable,,,
shell,0,28,shell,0.0,equal,8,3,28,3.0,10.5,0,borda,ok,9.0,1.7814527530204292,-0.032147914906129005,0.5705796667792838,0.0014689900000064426,published_global_clipped_borda,0.0,,
shell,0,29,shell,0.0,equal,8,3,28,3.0,10.5,0,pl,ok,6.0,1.706385989194652,0.0,,0.0015703840000043101,hunter_mm,,47.0,1.4757560253185277e-11
shell,0,29,shell,0.0,equal,8,3,28,3.0,10.5,0,mle,ok,3.0,1.6432478432438216,-0.06313814595083045,0.8589084084290807,0.002689096999986873,exact_subset_dp,,,
shell,0,29,shell,0.0,equal,8,3,28,3.0,10.5,0,sharp,ok,5.0,1.686505101654668,-0.01988088753998407,0.7090287388626768,0.0020834660000019767,exact_sieve,0.0,,
shell,0,29,shell,0.0,equal,8,3,28,3.0,10.5,0,efficient,outside_schedule_domain,,,,,3.615800000034142e-05,unavailable,,,
shell,0,29,shell,0.0,equal,8,3,28,3.0,10.5,0,borda,ok,5.0,1.6762983117629262,-0.0300876774317258,0.6156729370132851,0.0014592469999996638,published_global_clipped_borda,0.0,,
shell,0,30,shell,0.0,equal,8,3,28,3.0,10.5,0,pl,ok,4.0,1.7070497040412236,0.0,,0.0016589020000026267,hunter_mm,,57.0,1.8912078252648304e-11
shell,0,30,shell,0.0,equal,8,3,28,3.0,10.5,0,mle,ok,7.0,1.858126984680756,0.1510772806395324,1.0246248379567524,0.0028267279999880657,exact_subset_dp,,,
shell,0,30,shell,0.0,equal,8,3,28,3.0,10.5,0,sharp,ok,12.0,1.826853220153544,0.11980351611232032,0.39843792971796577,0.002037794000003146,exact_sieve,0.0,,
shell,0,30,shell,0.0,equal,8,3,28,3.0,10.5,0,efficient,outside_schedule_domain,,,,,4.715500000429529e-05,unavailable,,,
shell,0,30,shell,0.0,equal,8,3,28,3.0,10.5,0,borda,ok,4.0,1.7010449869622053,-0.006004717079018285,0.9672795990261153,0.0013247760000041353,published_global_clipped_borda,0.0,,
shell,0,31,shell,0.0,equal,8,3,28,3.0,10.5,0,pl,ok,4.0,1.6576481938824632,0.0,,0.0014506529999920303,hunter_mm,,47.0,1.6226575638711438e-11
shell,0,31,shell,0.0,equal,8,3,28,3.0,10.5,0,mle,ok,3.0,1.6355775697676738,-0.02207062411478944,0.8074398347256734,0.0026368949999948654,exact_subset_dp,,,
shell,0,31,shell,0.0,equal,8,3,28,3.0,10.5,0,sharp,ok,6.0,1.709890353799298,0.052242159916834785,0.6617844044760891,0.0018777540000058934,exact_sieve,0.0,,
shell,0,31,shell,0.0,equal,8,3,28,3.0,10.5,0,efficient,outside_schedule_domain,,,,,3.398100000140403e-05,unavailable,,,
shell,0,31,shell,0.0,equal,8,3,28,3.0,10.5,0,borda,ok,2.0,1.597241180530557,-0.060407013351906125,0.6617844044760891,0.0013222820000038382,published_global_clipped_borda,0.0,,
shell,0,32,shell,0.0,equal,8,3,28,3.0,10.5,0,pl,ok,4.0,1.6980264165361447,0.0,,0.001221141000002035,hunter_mm,,37.0,1.3615902056634305e-11
shell,0,32,shell,0.0,equal,8,3,28,3.0,10.5,0,mle,ok,7.0,1.7938907912811353,0.09586437474499054,0.8074398347256734,0.0026295830000009346,exact_subset_dp,,,
shell,0,32,shell,0.0,equal,8,3,28,3.0,10.5,0,sharp,ok,12.0,1.792700868988997,0.09467445245285222,0.23562881521737206,0.0018851150000074313,exact_sieve,0.0,,
shell,0,32,shell,0.0,equal,8,3,28,3.0,10.5,0,efficient,outside_schedule_domain,,,,,3.6923000010347096e-05,unavailable,,,
shell,0,32,shell,0.0,equal,8,3,28,3.0,10.5,0,borda,ok,5.0,1.6971938071272155,-0.0008326094089292635,0.757533184154752,0.001289989999989416,published_global_clipped_borda,0.0,,
shell,0,33,shell,0.0,equal,8,3,28,3.0,10.5,0,pl,ok,2.0,1.6227733382078766,0.0,,0.0012715639999925088,hunter_mm,,39.0,9.710137456003005e-12
shell,0,33,shell,0.0,equal,8,3,28,3.0,10.5,0,mle,ok,1.0,1.5658139812286889,-0.05695935697918775,0.7090287388626768,0.002686370999995802,exact_subset_dp,,,
shell,0,33,shell,0.0,equal,8,3,28,3.0,10.5,0,sharp,ok,13.0,1.8049032462053887,0.18212990799751205,0.23562881521737206,0.0019065879999971003,exact_sieve,0.0,,
shell,0,33,shell,0.0,equal,8,3,28,3.0,10.5,0,efficient,outside_schedule_domain,,,,,3.4198999998125146e-05,unavailable,,,
shell,0,33,shell,0.0,equal,8,3,28,3.0,10.5,0,borda,ok,3.0,1.6252319041905516,0.0024585659826750206,0.5705796667792838,0.0015863199999870403,published_global_clipped_borda,0.0,,
shell,0,34,shell,0.0,equal,8,3,28,3.0,10.5,0,pl,ok,5.0,1.6739745422869925,0.0,,0.0016639730000065356,hunter_mm,,55.0,3.170181577567226e-11
shell,0,34,shell,0.0,equal,8,3,28,3.0,10.5,0,mle,ok,3.0,1.665239897469441,-0.008734644817551596,0.9672795990261153,0.002464653000004091,exact_subset_dp,,,
shell,0,34,shell,0.0,equal,8,3,28,3.0,10.5,0,sharp,ok,7.0,1.7490491427436743,0.0750746004566818,0.6617844044760891,0.001944816999994714,exact_sieve,0.0,,
shell,0,34,shell,0.0,equal,8,3,28,3.0,10.5,0,efficient,outside_schedule_domain,,,,,3.8820000000328037e-05,unavailable,,,
shell,0,34,shell,0.0,equal,8,3,28,3.0,10.5,0,borda,ok,4.0,1.6607610831933663,-0.013213459093626145,0.757533184154752,0.0013609109999919156,published_global_clipped_borda,0.0,,
shell,0,35,shell,0.0,equal,8,3,28,3.0,10.5,0,pl,ok,4.0,1.7081395773871422,0.0,,0.0025795399999992696,hunter_mm,,97.0,1.9588648163854875e-11
shell,0,35,shell,0.0,equal,8,3,28,3.0,10.5,0,mle,ok,7.0,1.8251801544954835,0.11704057710834137,0.9121196566486348,0.002554310000007831,exact_subset_dp,,,
shell,0,35,shell,0.0,equal,8,3,28,3.0,10.5,0,sharp,ok,8.0,1.7808769346032567,0.07273735721611452,0.6617844044760891,0.001920435000002385,exact_sieve,0.0,,
shell,0,35,shell,0.0,equal,8,3,28,3.0,10.5,0,efficient,outside_schedule_domain,,,,,3.493699999523869e-05,unavailable,,,
shell,0,35,shell,0.0,equal,8,3,28,3.0,10.5,0,borda,ok,4.0,1.6535657671649273,-0.05457381022221486,0.6617844044760891,0.0013136099999968565,published_global_clipped_borda,0.0,,
shell,0,36,shell,0.0,equal,8,3,28,3.0,10.5,0,pl,ok,4.0,1.7149488748730908,0.0,,0.0018040389999924855,hunter_mm,,62.0,2.4031824149720447e-11
shell,0,36,shell,0.0,equal,8,3,28,3.0,10.5,0,mle,ok,4.0,1.7415354719773088,0.026586597104218068,1.0844293045104068,0.0030477560000008452,exact_subset_dp,,,
shell,0,36,shell,0.0,equal,8,3,28,3.0,10.5,0,sharp,ok,9.0,1.791987195570777,0.07703832069768612,0.5705796667792838,0.002097086000006243,exact_sieve,0.0,,
shell,0,36,shell,0.0,equal,8,3,28,3.0,10.5,0,efficient,outside_schedule_domain,,,,,3.709000000640117e-05,unavailable,,,
shell,0,36,shell,0.0,equal,8,3,28,3.0,10.5,0,borda,ok,5.0,1.7307092969592794,0.015760422086188663,0.9121196566486348,0.0013163050000031262,published_global_clipped_borda,0.0,,
shell,0,37,shell,0.0,equal,8,3,28,3.0,10.5,0,pl,ok,5.0,1.6601178453950232,0.0,,0.0014978109999930211,hunter_mm,,48.0,1.2789483757761185e-11
shell,0,37,shell,0.0,equal,8,3,28,3.0,10.5,0,mle,ok,2.0,1.5990845230804747,-0.0610333223145485,0.757533184154752,0.0024540210000054685,exact_subset_dp,,,
shell,0,37,shell,0.0,equal,8,3,28,3.0,10.5,0,sharp,ok,5.0,1.6780078166372006,0.017889971242177394,0.5705796667792838,0.0021263590000017984,exact_sieve,0.0,,
shell,0,37,shell,0.0,equal,8,3,28,3.0,10.5,0,efficient,outside_schedule_domain,,,,,3.941699999643333e-05,unavailable,,,
shell,0,37,shell,0.0,equal,8,3,28,3.0,10.5,0,borda,ok,6.0,1.7059084233949005,0.04579057799987729,0.6156729370132851,0.0014562989999973297,published_global_clipped_borda,0.0,,
shell,0,38,shell,0.0,equal,8,3,28,3.0,10.5,0,pl,ok,3.0,1.8192602838771186,0.0,,0.0019631709999998748,hunter_mm,,70.0,2.0355812273870858e-11
shell,0,38,shell,0.0,equal,8,3,28,3.0,10.5,0,mle,ok,7.0,1.873260859397382,0.054000575520263494,1.0246248379567524,0.0029503559999994877,exact_subset_dp,,,
shell,0,38,shell,0.0,equal,8,3,28,3.0,10.5,0,sharp,ok,8.0,1.7835687352530518,-0.03569154862406676,0.7090287388626768,0.002020985000001474,exact_sieve,0.0,,
shell,0,38,shell,0.0,equal,8,3,28,3.0,10.5,0,efficient,outside_schedule_domain,,,,,3.44649999988178e-05,unavailable,,,
shell,0,38,shell,0.0,equal,8,3,28,3.0,10.5,0,borda,ok,6.0,1.8277661253022333,0.00850584142511468,1.0246248379567524,0.0017990019999984952,published_global_clipped_borda,0.0,,
shell,0,39,shell,0.0,equal,8,3,28,3.0,10.5,0,pl,ok,9.0,1.7730742086793057,0.0,,0.0014694599999955926,hunter_mm,,49.0,1.927220288117886e-11
shell,0,39,shell,0.0,equal,8,3,28,3.0,10.5,0,mle,ok,3.0,1.6327200250756224,-0.14035418360368324,0.757533184154752,0.0024274010000056023,exact_subset_dp,,,
shell,0,39,shell,0.0,equal,8,3,28,3.0,10.5,0,sharp,ok,7.0,1.7349975061039888,-0.03807670257531681,0.5705796667792838,0.001997564000006946,exact_sieve,0.0,,
shell,0,39,shell,0.0,equal,8,3,28,3.0,10.5,0,efficient,outside_schedule_domain,,,,,3.454400000180158e-05,unavailable,,,
shell,0,39,shell,0.0,equal,8,3,28,3.0,10.5,0,borda,ok,9.0,1.7683171080167308,-0.004757100662574842,0.48304091257642995,0.0013264659999947526,published_global_clipped_borda,0.0,,
shell,1,0,shell,0.0,equal,8,3,112,12.0,42.0,0,pl,ok,3.0,1.6242123857937565,0.0,,0.0026023319999950445,hunter_mm,,46.0,1.894744678614708e-11
shell,1,0,shell,0.0,equal,8,3,112,12.0,42.0,0,mle,ok,0.0,1.5339762321498367,-0.09023615364391979,0.7948233114465767,0.002832389999994689,exact_subset_dp,,,
shell,1,0,shell,0.0,equal,8,3,112,12.0,42.0,0,sharp,ok,2.0,1.5949143376087997,-0.029298048184956738,0.7210314373934753,0.12907628499999646,exact_sieve,0.0,,
shell,1,0,shell,0.0,equal,8,3,112,12.0,42.0,0,efficient,outside_schedule_domain,,,,,7.036299999185758e-05,unavailable,,,
shell,1,0,shell,0.0,equal,8,3,112,12.0,42.0,0,borda,ok,1.0,1.565378054793499,-0.05883433100025748,0.7452814445194086,0.0015871060000023363,published_global_clipped_borda,0.0,,
shell,1,1,shell,0.0,equal,8,3,112,12.0,42.0,0,pl,ok,2.0,1.6412591286943203,0.0,,0.0023651699999902576,hunter_mm,,67.0,3.6141692813121804e-11
shell,1,1,shell,0.0,equal,8,3,112,12.0,42.0,0,mle,ok,0.0,1.5489232533469899,-0.09233587534733045,1.0100693875885711,0.003014270999997848,exact_subset_dp,,,
shell,1,1,shell,0.0,equal,8,3,112,12.0,42.0,0,sharp,ok,3.0,1.6299228031369206,-0.011336325557399718,0.757533184154752,0.0035068920000043136,exact_sieve,0.0,,
shell,1,1,shell,0.0,equal,8,3,112,12.0,42.0,0,efficient,outside_schedule_domain,,,,,5.832000000793869e-05,unavailable,,,
shell,1,1,shell,0.0,equal,8,3,112,12.0,42.0,0,borda,ok,2.0,1.6085753781659213,-0.032683750528399,0.8852839704922475,0.0014004330000005893,published_global_clipped_borda,0.0,,
shell,1,2,shell,0.0,equal,8,3,112,12.0,42.0,0,pl,ok,2.0,1.6003991005455749,0.0,,0.0016864460000078907,hunter_mm,,42.0,1.2544314793266104e-11
shell,1,2,shell,0.0,equal,8,3,112,12.0,42.0,0,mle,ok,1.0,1.5656306680442396,-0.03476843250133532,0.7698724759713074,0.0025961580000029016,exact_subset_dp,,,
shell,1,2,shell,0.0,equal,8,3,112,12.0,42.0,0,sharp,ok,8.0,1.7496060432745253,0.1492069427289504,0.5046239547582334,0.0035735690000109344,exact_sieve,0.0,,
shell,1,2,shell,0.0,equal,8,3,112,12.0,42.0,0,efficient,outside_schedule_domain,,,,,5.4293000005145586e-05,unavailable,,,
shell,1,2,shell,0.0,equal,8,3,112,12.0,42.0,0,borda,ok,2.0,1.596287301141773,-0.004111799403801797,0.757533184154752,0.0014266770000119777,published_global_clipped_borda,0.0,,
shell,1,3,shell,0.0,equal,8,3,112,12.0,42.0,0,pl,ok,4.0,1.628775544113775,0.0,,0.0017131629999909137,hunter_mm,,45.0,1.4649868619796637e-11
shell,1,3,shell,0.0,equal,8,3,112,12.0,42.0,0,mle,ok,0.0,1.5355719705512092,-0.09320357356256581,0.7331149445745953,0.002519122999999013,exact_subset_dp,,,
shell,1,3,shell,0.0,equal,8,3,112,12.0,42.0,0,sharp,ok,6.0,1.7189251050263035,0.09014956091252846,0.6271010645696942,0.0036522040000050993,exact_sieve,0.0,,
shell,1,3,shell,0.0,equal,8,3,112,12.0,42.0,0,efficient,outside_schedule_domain,,,,,5.333900000437097e-05,unavailable,,,
shell,1,3,shell,0.0,equal,8,3,112,12.0,42.0,0,borda,ok,3.0,1.6239551798441159,-0.00482036426965915,0.6501550097881424,0.0013920729999910009,published_global_clipped_borda,0.0,,
shell,1,4,shell,0.0,equal,8,3,112,12.0,42.0,0,pl,ok,2.0,1.6435368029786313,0.0,,0.0019878720000008343,hunter_mm,,55.0,2.1468731554412964e-11
shell,1,4,shell,0.0,equal,8,3,112,12.0,42.0,0,mle,ok,0.0,1.5532586310874401,-0.09027817189119114,1.0393337671007024,0.0032515890000013314,exact_subset_dp,,,
shell,1,4,shell,0.0,equal,8,3,112,12.0,42.0,0,sharp,ok,3.0,1.6432478432438213,-0.00028895973480991266,0.8589084084290807,0.003532081000003018,exact_sieve,0.0,,
shell,1,4,shell,0.0,equal,8,3,112,12.0,42.0,0,efficient,outside_schedule_domain,,,,,5.094500001234792e-05,unavailable,,,
shell,1,4,shell,0.0,equal,8,3,112,12.0,42.0,0,borda,ok,1.0,1.590041983591995,-0.05349481938663625,1.0100693875885711,0.0017936899999995148,published_global_clipped_borda,0.0,,
shell,1,5,shell,0.0,equal,8,3,112,12.0,42.0,0,pl,ok,0.0,1.592943043653213,0.0,,0.0015647920000105842,hunter_mm,,40.0,1.4938526606199177e-11
shell,1,5,shell,0.0,equal,8,3,112,12.0,42.0,0,mle,ok,1.0,1.5659246154498092,-0.027018428203403833,0.7823017009175557,0.002563858999991453,exact_subset_dp,,,
shell,1,5,shell,0.0,equal,8,3,112,12.0,42.0,0,sharp,ok,1.0,1.5654162129517357,-0.027526830701477323,0.7331149445745953,0.003348115999997958,exact_sieve,0.0,,
shell,1,5,shell,0.0,equal,8,3,112,12.0,42.0,0,efficient,outside_schedule_domain,,,,,4.527400000142734e-05,unavailable,,,
shell,1,5,shell,0.0,equal,8,3,112,12.0,42.0,0,borda,ok,0.0,1.5346107410288816,-0.05833230262433142,0.757533184154752,0.0014025079999981926,published_global_clipped_borda,0.0,,
shell,1,6,shell,0.0,equal,8,3,112,12.0,42.0,0,pl,ok,1.0,1.6735271205021807,0.0,,0.001799422999994249,hunter_mm,,49.0,1.6071588504473766e-11
shell,1,6,shell,0.0,equal,8,3,112,12.0,42.0,0,mle,ok,0.0,1.5532586310874401,-0.12026848941474055,1.0393337671007024,0.003113700000000108,exact_subset_dp,,,
shell,1,6,shell,0.0,equal,8,3,112,12.0,42.0,0,sharp,ok,2.0,1.6196431607464004,-0.05388395975578031,0.9532945643782407,0.0034306079999879557,exact_sieve,0.0,,
shell,1,6,shell,0.0,equal,8,3,112,12.0,42.0,0,efficient,outside_schedule_domain,,,,,4.522899999415131e-05,unavailable,,,
shell,1,6,shell,0.0,equal,8,3,112,12.0,42.0,0,borda,ok,1.0,1.5900419835919948,-0.08348513691018589,1.0100693875885711,0.0019150469999971165,published_global_clipped_borda,0.0,,
shell,1,7,shell,0.0,equal,8,3,112,12.0,42.0,0,pl,ok,5.0,1.6324717590011142,0.0,,0.0016298740000024736,hunter_mm,,42.0,1.910227531709552e-11
shell,1,7,shell,0.0,equal,8,3,112,12.0,42.0,0,mle,ok,2.0,1.6016237834698637,-0.030847975531250516,0.7948233114465767,0.0026536980000031463,exact_subset_dp,,,
shell,1,7,shell,0.0,equal,8,3,112,12.0,42.0,0,sharp,ok,3.0,1.6339801005084769,0.001508341507362676,0.7948233114465767,0.0036351430000109985,exact_sieve,0.0,,
shell,1,7,shell,0.0,equal,8,3,112,12.0,42.0,0,efficient,outside_schedule_domain,,,,,5.001799999604373e-05,unavailable,,,
shell,1,7,shell,0.0,equal,8,3,112,12.0,42.0,0,borda,ok,5.0,1.6856337867103939,0.05316202770927969,0.7210314373934753,0.0016901119999914727,published_global_clipped_borda,0.0,,
shell,1,8,shell,0.0,equal,8,3,112,12.0,42.0,0,pl,ok,3.0,1.6005923494662304,0.0,,0.0017655390000044235,hunter_mm,,37.0,1.7605980165821424e-11
shell,1,8,shell,0.0,equal,8,3,112,12.0,42.0,0,mle,ok,0.0,1.5340780383675818,-0.06651431109864858,0.7823017009175557,0.0026076010000082306,exact_subset_dp,,,
shell,1,8,shell,0.0,equal,8,3,112,12.0,42.0,0,sharp,ok,2.0,1.5979675119531453,-0.0026248375130850654,0.7331149445745953,0.004179157999999461,exact_sieve,0.0,,
shell,1,8,shell,0.0,equal,8,3,112,12.0,42.0,0,efficient,outside_schedule_domain,,,,,5.0214999987474584e-05,unavailable,,,
shell,1,8,shell,0.0,equal,8,3,112,12.0,42.0,0,borda,ok,2.0,1.5946777026794037,-0.005914646786826738,0.7090287388626768,0.0015203399999990097,published_global_clipped_borda,0.0,,
shell,1,9,shell,0.0,equal,8,3,112,12.0,42.0,0,pl,ok,3.0,1.6211237298500363,0.0,,0.0015767459999977973,hunter_mm,,40.0,1.469085170973423e-11
shell,1,9,shell,0.0,equal,8,3,112,12.0,42.0,0,mle,ok,4.0,1.6810110037610957,0.05988727391105941,0.7948233114465767,0.0026526150000023563,exact_subset_dp,,,
shell,1,9,shell,0.0,equal,8,3,112,12.0,42.0,0,sharp,ok,1.0,1.5659246154498092,-0.05519911440022707,0.7823017009175557,0.003463105999998106,exact_sieve,0.0,,
shell,1,9,shell,0.0,equal,8,3,112,12.0,42.0,0,efficient,outside_schedule_domain,,,,,5.193299999461942e-05,unavailable,,,
shell,1,9,shell,0.0,equal,8,3,112,12.0,42.0,0,borda,ok,3.0,1.6239551798441159,0.0028314499940795823,0.6501550097881424,0.0014628090000030625,published_global_clipped_borda,0.0,,
shell,1,10,shell,0.0,equal,8,3,112,12.0,42.0,0,pl,ok,1.0,1.6009336166603818,0.0,,0.001702022000003467,hunter_mm,,44.0,1.3221614279603143e-11
shell,1,10,shell,0.0,equal,8,3,112,12.0,42.0,0,mle,ok,0.0,1.5346107410288816,-0.06632287563150019,0.757533184154752,0.0025328389999970113,exact_subset_dp,,,
shell,1,10,shell,0.0,equal,8,3,112,12.0,42.0,0,sharp,ok,1.0,1.5661707756587337,-0.03476284100164806,0.697104725066857,0.0035778929999992215,exact_sieve,0.0,,
shell,1,10,shell,0.0,equal,8,3,112,12.0,42.0,0,efficient,outside_schedule_domain,,,,,5.034900000566722e-05,unavailable,,,
shell,1,10,shell,0.0,equal,8,3,112,12.0,42.0,0,borda,ok,2.0,1.5947975148356255,-0.006136101824756324,0.6617844044760891,0.001421470000011027,published_global_clipped_borda,0.0,,
shell,1,11,shell,0.0,equal,8,3,112,12.0,42.0,0,pl,ok,2.0,1.6028739325517531,0.0,,0.0017399500000010448,hunter_mm,,45.0,1.5111626236067164e-11
shell,1,11,shell,0.0,equal,8,3,112,12.0,42.0,0,mle,ok,1.0,1.5694823901765331,-0.03339154237522002,0.6385945001665354,0.0025536250000044447,exact_subset_dp,,,
shell,1,11,shell,0.0,equal,8,3,112,12.0,42.0,0,sharp,ok,4.0,1.652673304668911,0.0497993721171579,0.5705796667792838,0.0036453480000062655,exact_sieve,0.0,,
shell,1,11,shell,0.0,equal,8,3,112,12.0,42.0,0,efficient,outside_schedule_domain,,,,,4.97449999983246e-05,unavailable,,,
shell,1,11,shell,0.0,equal,8,3,112,12.0,42.0,0,borda,ok,1.0,1.5694823901765331,-0.03339154237522002,0.6385945001665354,0.0014039889999963862,published_global_clipped_borda,0.0,,
shell,1,12,shell,0.0,equal,8,3,112,12.0,42.0,0,pl,ok,3.0,1.6292983896425797,0.0,,0.0013957289999950717,hunter_mm,,33.0,9.417990197237357e-12
shell,1,12,shell,0.0,equal,8,3,112,12.0,42.0,0,mle,ok,0.0,1.5717207600291605,-0.05757762961341917,0.48304091257642995,0.002521044999994615,exact_subset_dp,,,
shell,1,12,shell,0.0,equal,8,3,112,12.0,42.0,0,sharp,ok,7.0,1.722442792510972,0.09314440286839232,0.4193490187149717,0.0034690040000100453,exact_sieve,0.0,,
shell,1,12,shell,0.0,equal,8,3,112,12.0,42.0,0,efficient,outside_schedule_domain,,,,,4.784899999776826e-05,unavailable,,,
shell,1,12,shell,0.0,equal,8,3,112,12.0,42.0,0,borda,ok,4.0,1.6617783499629246,0.03247996032034495,0.4088748820359535,0.0014936170000083848,published_global_clipped_borda,0.0,,
shell,1,13,shell,0.0,equal,8,3,112,12.0,42.0,0,pl,ok,0.0,1.6056588530914908,0.0,,0.002234284000010689,hunter_mm,,62.0,2.4529648153962367e-11
shell,1,13,shell,0.0,equal,8,3,112,12.0,42.0,0,mle,ok,0.0,1.5469822859365583,-0.058676567154932524,0.99566290138276,0.0025526569999954063,exact_subset_dp,,,
shell,1,13,shell,0.0,equal,8,3,112,12.0,42.0,0,sharp,ok,2.0,1.6147900655261291,0.009131212434638325,0.9257182786944403,0.003285735999995154,exact_sieve,0.0,,
shell,1,13,shell,0.0,equal,8,3,112,12.0,42.0,0,efficient,outside_schedule_domain,,,,,4.726499999208045e-05,unavailable,,,
shell,1,13,shell,0.0,equal,8,3,112,12.0,42.0,0,borda,ok,0.0,1.5469822859365583,-0.058676567154932524,0.99566290138276,0.0013522980000004736,published_global_clipped_borda,0.0,,
shell,1,14,shell,0.0,equal,8,3,112,12.0,42.0,0,pl,ok,2.0,1.6077898291588202,0.0,,0.0014756919999996398,hunter_mm,,36.0,1.582940128181625e-11
shell,1,14,shell,0.0,equal,8,3,112,12.0,42.0,0,mle,ok,2.0,1.599814051350986,-0.007975777807834206,0.7698724759713074,0.0025070579999919573,exact_subset_dp,,,
shell,1,14,shell,0.0,equal,8,3,112,12.0,42.0,0,sharp,ok,3.0,1.6306496557841719,0.022859826625351687,0.697104725066857,0.0033982839999993075,exact_sieve,0.0,,
shell,1,14,shell,0.0,equal,8,3,112,12.0,42.0,0,efficient,outside_schedule_domain,,,,,4.56300000024612e-05,unavailable,,,
shell,1,14,shell,0.0,equal,8,3,112,12.0,42.0,0,borda,ok,2.0,1.5998973922222621,-0.007892436936558056,0.5705796667792838,0.0014284839999874066,published_global_clipped_borda,0.0,,
shell,1,15,shell,0.0,equal,8,3,112,12.0,42.0,0,pl,ok,0.0,1.6155166664781413,0.0,,0.0014188210000014578,hunter_mm,,35.0,9.363938196267035e-12
shell,1,15,shell,0.0,equal,8,3,112,12.0,42.0,0,mle,ok,4.0,1.6616020521428545,0.04608538566471321,0.697104725066857,0.0026750529999901573,exact_subset_dp,,,
shell,1,15,shell,0.0,equal,8,3,112,12.0,42.0,0,sharp,ok,1.0,1.5798111714704857,-0.03570549500765563,0.5483819891258543,0.003552202999998144,exact_sieve,0.0,,
shell,1,15,shell,0.0,equal,8,3,112,12.0,42.0,0,efficient,outside_schedule_domain,,,,,4.919500000255539e-05,unavailable,,,
shell,1,15,shell,0.0,equal,8,3,112,12.0,42.0,0,borda,ok,0.0,1.5387350434427933,-0.07678162303534797,0.685257329800172,0.001542904999993766,published_global_clipped_borda,0.0,,
shell,1,16,shell,0.0,equal,8,3,112,12.0,42.0,0,pl,ok,2.0,1.6414881673313535,0.0,,0.0021692380000075673,hunter_mm,,59.0,2.92808317275168e-11
shell,1,16,shell,0.0,equal,8,3,112,12.0,42.0,0,mle,ok,1.0,1.580835666411501,-0.060652500919852415,0.9532945643782407,0.00269383900000264,exact_subset_dp,,,
shell,1,16,shell,0.0,equal,8,3,112,12.0,42.0,0,sharp,ok,2.0,1.6051111436382457,-0.0363770236931078,0.8589084084290807,0.0035390240000054973,exact_sieve,0.0,,
shell,1,16,shell,0.0,equal,8,3,112,12.0,42.0,0,efficient,outside_schedule_domain,,,,,4.917999999065614e-05,unavailable,,,
shell,1,16,shell,0.0,equal,8,3,112,12.0,42.0,0,borda,ok,2.0,1.606698791696556,-0.03478937563479745,0.8458853458049513,0.0014746260000038092,published_global_clipped_borda,0.0,,
shell,1,17,shell,0.0,equal,8,3,112,12.0,42.0,0,pl,ok,0.0,1.634317029188401,0.0,,0.002317608000012683,hunter_mm,,68.0,3.445865814910576e-11
shell,1,17,shell,0.0,equal,8,3,112,12.0,42.0,0,mle,ok,1.0,1.5851398184288739,-0.04917721075952719,0.981401033651984,0.002547195000005331,exact_subset_dp,,,
shell,1,17,shell,0.0,equal,8,3,112,12.0,42.0,0,sharp,ok,2.0,1.6147900655261291,-0.019526963662271912,0.9257182786944403,0.0032861659999952053,exact_sieve,0.0,,
shell,1,17,shell,0.0,equal,8,3,112,12.0,42.0,0,efficient,outside_schedule_domain,,,,,4.591900000150417e-05,unavailable,,,
shell,1,17,shell,0.0,equal,8,3,112,12.0,42.0,0,borda,ok,0.0,1.5406565801865868,-0.09366044900181425,0.9394420412429931,0.0017725729999966688,published_global_clipped_borda,0.0,,
shell,1,18,shell,0.0,equal,8,3,112,12.0,42.0,0,pl,ok,1.0,1.6046225898390154,0.0,,0.0015731040000019902,hunter_mm,,40.0,2.3571430521737315e-11
shell,1,18,shell,0.0,equal,8,3,112,12.0,42.0,0,mle,ok,0.0,1.5357775860992184,-0.06884500373979696,0.8720402655126755,0.0026594529999925953,exact_subset_dp,,,
shell,1,18,shell,0.0,equal,8,3,112,12.0,42.0,0,sharp,ok,1.0,1.5656306680442396,-0.03899192179477584,0.7698724759713074,0.003311452000005488,exact_sieve,0.0,,
shell,1,18,shell,0.0,equal,8,3,112,12.0,42.0,0,efficient,outside_schedule_domain,,,,,4.8497999998176056e-05,unavailable,,,
shell,1,18,shell,0.0,equal,8,3,112,12.0,42.0,0,borda,ok,1.0,1.5668562239404753,-0.0377663658985401,0.8074398347256734,0.001497705000005567,published_global_clipped_borda,0.0,,
shell,1,19,shell,0.0,equal,8,3,112,12.0,42.0,0,pl,ok,2.0,1.6157785264971118,0.0,,0.0014277169999985517,hunter_mm,,34.0,1.0986322962480699e-11
shell,1,19,shell,0.0,equal,8,3,112,12.0,42.0,0,mle,ok,2.0,1.5949143376087997,-0.020864188888312096,0.7210314373934753,0.0026451570000034508,exact_subset_dp,,,
shell,1,19,shell,0.0,equal,8,3,112,12.0,42.0,0,sharp,ok,9.0,1.7683171080167304,0.15253858151961852,0.48304091257642995,0.0033054900000024645,exact_sieve,0.0,,
shell,1,19,shell,0.0,equal,8,3,112,12.0,42.0,0,efficient,outside_schedule_domain,,,,,4.914000000155738e-05,unavailable,,,
shell,1,19,shell,0.0,equal,8,3,112,12.0,42.0,0,borda,ok,3.0,1.6252319041905519,0.009453377693440013,0.5705796667792838,0.0015051729999981944,published_global_clipped_borda,0.0,,
shell,1,20,shell,0.0,equal,8,3,112,12.0,42.0,0,pl,ok,2.0,1.6340031674758915,0.0,,0.0015004300000072135,hunter_mm,,38.0,1.7411786298485563e-11
shell,1,20,shell,0.0,equal,8,3,112,12.0,42.0,0,mle,ok,1.0,1.576669768764042,-0.05733339871184939,0.5705796667792838,0.0026909370000112176,exact_subset_dp,,,
shell,1,20,shell,0.0,equal,8,3,112,12.0,42.0,0,sharp,ok,2.0,1.6110488086277817,-0.022954358848109813,0.48304091257642995,0.0033404699999977083,exact_sieve,0.0,,
shell,1,20,shell,0.0,equal,8,3,112,12.0,42.0,0,efficient,outside_schedule_domain,,,,,4.943100000787126e-05,unavailable,,,
shell,1,20,shell,0.0,equal,8,3,112,12.0,42.0,0,borda,ok,0.0,1.553442145305822,-0.08056102217006944,0.5705796667792838,0.0015216379999998253,published_global_clipped_borda,0.0,,
shell,1,21,shell,0.0,equal,8,3,112,12.0,42.0,0,pl,ok,1.0,1.5985782524451273,0.0,,0.0017685340000070937,hunter_mm,,48.0,2.7060385678266486e-11
shell,1,21,shell,0.0,equal,8,3,112,12.0,42.0,0,mle,ok,0.0,1.5469822859365583,-0.05159596650856901,0.99566290138276,0.0025249900000119396,exact_subset_dp,,,
shell,1,21,shell,0.0,equal,8,3,112,12.0,42.0,0,sharp,ok,2.0,1.6021673235482838,0.003589071103156538,0.832968122258636,0.0034210949999931017,exact_sieve,0.0,,
shell,1,21,shell,0.0,equal,8,3,112,12.0,42.0,0,efficient,outside_schedule_domain,,,,,4.717099999140828e-05,unavailable,,,
shell,1,21,shell,0.0,equal,8,3,112,12.0,42.0,0,borda,ok,1.0,1.5789001546868588,-0.019678097758268454,0.9394420412429931,0.0015015500000004067,published_global_clipped_borda,0.0,,
shell,1,22,shell,0.0,equal,8,3,112,12.0,42.0,0,pl,ok,1.0,1.6659981269160722,0.0,,0.0022808629999957475,hunter_mm,,66.0,2.1993771883087122e-11
shell,1,22,shell,0.0,equal,8,3,112,12.0,42.0,0,mle,ok,1.0,1.6161985734780444,-0.04979955343802778,1.1310869512614286,0.003122167000000786,exact_subset_dp,,,
shell,1,22,shell,0.0,equal,8,3,112,12.0,42.0,0,sharp,ok,3.0,1.6686670323812072,0.0026689054651349853,0.981401033651984,0.003384491000005596,exact_sieve,0.0,,
shell,1,22,shell,0.0,equal,8,3,112,12.0,42.0,0,efficient,outside_schedule_domain,,,,,4.951900000094156e-05,unavailable,,,
shell,1,22,shell,0.0,equal,8,3,112,12.0,42.0,0,borda,ok,1.0,1.6161985734780444,-0.04979955343802778,1.1310869512614286,0.001944934999997372,published_global_clipped_borda,0.0,,
shell,1,23,shell,0.0,equal,8,3,112,12.0,42.0,0,pl,ok,3.0,1.6090476346225986,0.0,,0.0014473519999995688,hunter_mm,,35.0,1.8091877202713088e-11
shell,1,23,shell,0.0,equal,8,3,112,12.0,42.0,0,mle,ok,0.0,1.5340780383675818,-0.07496959625501676,0.7823017009175557,0.0025939629999953695,exact_subset_dp,,,
shell,1,23,shell,0.0,equal,8,3,112,12.0,42.0,0,sharp,ok,3.0,1.6241816410002765,0.015134006377677922,0.6617844044760891,0.0032997940000001336,exact_sieve,0.0,,
shell,1,23,shell,0.0,equal,8,3,112,12.0,42.0,0,efficient,outside_schedule_domain,,,,,4.933399999629273e-05,unavailable,,,
shell,1,23,shell,0.0,equal,8,3,112,12.0,42.0,0,borda,ok,3.0,1.62451394634715,0.015466311724551485,0.6734845421971655,0.0013612250000107906,published_global_clipped_borda,0.0,,
shell,1,24,shell,0.0,equal,8,3,112,12.0,42.0,0,pl,ok,2.0,1.6437069767629193,0.0,,0.0015883069999915733,hunter_mm,,41.0,1.8175302532849205e-11
shell,1,24,shell,0.0,equal,8,3,112,12.0,42.0,0,mle,ok,3.0,1.6373009061289117,-0.006406070634007666,0.8201538760195531,0.0025736690000002227,exact_subset_dp,,,
shell,1,24,shell,0.0,equal,8,3,112,12.0,42.0,0,sharp,ok,9.0,1.7618821397379327,0.1181751629750134,0.4510061953818934,0.003567486999997982,exact_sieve,0.0,,
shell,1,24,shell,0.0,equal,8,3,112,12.0,42.0,0,efficient,outside_schedule_domain,,,,,4.799699999580298e-05,unavailable,,,
shell,1,24,shell,0.0,equal,8,3,112,12.0,42.0,0,borda,ok,3.0,1.624181641000276,-0.01952533576264326,0.6617844044760891,0.00134030399999574,published_global_clipped_borda,0.0,,
shell,1,25,shell,0.0,equal,8,3,112,12.0,42.0,0,pl,ok,1.0,1.6064933877161376,0.0,,0.0017843720000030316,hunter_mm,,49.0,2.7744536826698354e-11
shell,1,25,shell,0.0,equal,8,3,112,12.0,42.0,0,mle,ok,0.0,1.5435377527362242,-0.06295563497991341,0.9672795990261153,0.0025266080000108104,exact_subset_dp,,,
shell,1,25,shell,0.0,equal,8,3,112,12.0,42.0,0,sharp,ok,5.0,1.7080497718173981,0.10155638410126056,0.7698724759713074,0.0035502449999995633,exact_sieve,0.0,,
shell,1,25,shell,0.0,equal,8,3,112,12.0,42.0,0,efficient,outside_schedule_domain,,,,,4.9615999998309235e-05,unavailable,,,
shell,1,25,shell,0.0,equal,8,3,112,12.0,42.0,0,borda,ok,1.0,1.5691403337548955,-0.03735305396124211,0.8458853458049513,0.0014898769999973638,published_global_clipped_borda,0.0,,
shell,1,26,shell,0.0,equal,8,3,112,12.0,42.0,0,pl,ok,4.0,1.6024962905121456,0.0,,0.0016008309999904213,hunter_mm,,40.0,1.3838390750769187e-11
shell,1,26,shell,0.0,equal,8,3,112,12.0,42.0,0,mle,ok,0.0,1.5340780383675818,-0.06841825214456376,0.7823017009175557,0.0025190899999927296,exact_subset_dp,,,
shell,1,26,shell,0.0,equal,8,3,112,12.0,42.0,0,sharp,ok,2.0,1.5979675119531453,-0.004528778559000246,0.7331149445745953,0.0032612479999869493,exact_sieve,0.0,,
shell,1,26,shell,0.0,equal,8,3,112,12.0,42.0,0,efficient,outside_schedule_domain,,,,,4.9735999994027225e-05,unavailable,,,
shell,1,26,shell,0.0,equal,8,3,112,12.0,42.0,0,borda,ok,2.0,1.5965615658080612,-0.005934724704084404,0.6156729370132851,0.0017440839999949276,published_global_clipped_borda,0.0,,
shell,1,27,shell,0.0,equal,8,3,112,12.0,42.0,0,pl,ok,3.0,1.626443451476708,0.0,,0.0015124260000050072,hunter_mm,,38.0,1.4105034600626303e-11
shell,1,27,shell,0.0,equal,8,3,112,12.0,42.0,0,mle,ok,5.0,1.6917413362777876,0.06529788480107945,0.7090287388626768,0.0026420049999984485,exact_subset_dp,,,
shell,1,27,shell,0.0,equal,8,3,112,12.0,42.0,0,sharp,ok,6.0,1.7023972277606776,0.07595377628396949,0.5594530460875712,0.003303083000005813,exact_sieve,0.0,,
shell,1,27,shell,0.0,equal,8,3,112,12.0,42.0,0,efficient,outside_schedule_domain,,,,,4.7958000010339674e-05,unavailable,,,
shell,1,27,shell,0.0,equal,8,3,112,12.0,42.0,0,borda,ok,3.0,1.6255014809680275,-0.0009419705086806118,0.697104725066857,0.0014714110000113578,published_global_clipped_borda,0.0,,
shell,1,28,shell,0.0,equal,8,3,112,12.0,42.0,0,pl,ok,2.0,1.6271381383803003,0.0,,0.0017012880000066843,hunter_mm,,46.0,2.4331711249000623e-11
shell,1,28,shell,0.0,equal,8,3,112,12.0,42.0,0,mle,ok,1.0,1.590041983591995,-0.0370961547883053,1.0100693875885711,0.002978093999999487,exact_subset_dp,,,
shell,1,28,shell,0.0,equal,8,3,112,12.0,42.0,0,sharp,ok,2.0,1.6196431607464004,-0.007494977633899946,0.9532945643782407,0.003366167000010023,exact_sieve,0.0,,
shell,1,28,shell,0.0,equal,8,3,112,12.0,42.0,0,efficient,outside_schedule_domain,,,,,4.689399999335819e-05,unavailable,,,
shell,1,28,shell,0.0,equal,8,3,112,12.0,42.0,0,borda,ok,2.0,1.6147900655261296,-0.012348072854170722,0.9257182786944403,0.0013845659999986992,published_global_clipped_borda,0.0,,
shell,1,29,shell,0.0,equal,8,3,112,12.0,42.0,0,pl,ok,2.0,1.658482533577728,0.0,,0.0022101240000012012,hunter_mm,,65.0,3.587358981300375e-11
shell,1,29,shell,0.0,equal,8,3,112,12.0,42.0,0,mle,ok,0.0,1.5669093923707476,-0.09157314120698046,1.1153516423293843,0.002970699999991666,exact_subset_dp,,,
shell,1,29,shell,0.0,equal,8,3,112,12.0,42.0,0,sharp,ok,6.0,1.7427887205955206,0.08430618701779258,0.7948233114465767,0.0035682600000086495,exact_sieve,0.0,,
shell,1,29,shell,0.0,equal,8,3,112,12.0,42.0,0,efficient,outside_schedule_domain,,,,,5.0572999995779355e-05,unavailable,,,
shell,1,29,shell,0.0,equal,8,3,112,12.0,42.0,0,borda,ok,2.0,1.617143729187131,-0.04133880439059712,0.9394420412429931,0.0015272329999902468,published_global_clipped_borda,0.0,,
shell,1,30,shell,0.0,equal,8,3,112,12.0,42.0,0,pl,ok,5.0,1.6377098471331166,0.0,,0.0018515659999991385,hunter_mm,,51.0,3.030096808385809e-11
shell,1,30,shell,0.0,equal,8,3,112,12.0,42.0,0,mle,ok,1.0,1.5663325491884497,-0.07137729794466696,0.7948233114465767,0.0027690410000076326,exact_subset_dp,,,
shell,1,30,shell,0.0,equal,8,3,112,12.0,42.0,0,sharp,ok,5.0,1.6795029859546462,0.041793138821529574,0.6271010645696942,0.00355730399999743,exact_sieve,0.0,,
shell,1,30,shell,0.0,equal,8,3,112,12.0,42.0,0,efficient,outside_schedule_domain,,,,,5.113099999221049e-05,unavailable,,,
shell,1,30,shell,0.0,equal,8,3,112,12.0,42.0,0,borda,ok,4.0,1.660259497515513,0.022549650382396313,0.7090287388626768,0.0014934139999951412,published_global_clipped_borda,0.0,,
shell,1,31,shell,0.0,equal,8,3,112,12.0,42.0,0,pl,ok,1.0,1.6208292602948415,0.0,,0.001939466999999695,hunter_mm,,54.0,2.0232323752874695e-11
shell,1,31,shell,0.0,equal,8,3,112,12.0,42.0,0,mle,ok,0.0,1.542028172076602,-0.0788010882182395,0.9532945643782407,0.00263691300000346,exact_subset_dp,,,
shell,1,31,shell,0.0,equal,8,3,112,12.0,42.0,0,sharp,ok,6.0,1.7022439497661361,0.0814146894712946,0.5817633816848975,0.0034385980000024574,exact_sieve,0.0,,
shell,1,31,shell,0.0,equal,8,3,112,12.0,42.0,0,efficient,outside_schedule_domain,,,,,4.736300000729443e-05,unavailable,,,
shell,1,31,shell,0.0,equal,8,3,112,12.0,42.0,0,borda,ok,1.0,1.5789001546868588,-0.041929105607982686,0.9394420412429931,0.0015139189999899827,published_global_clipped_borda,0.0,,
shell,1,32,shell,0.0,equal,8,3,112,12.0,42.0,0,pl,ok,2.0,1.614965458740234,0.0,,0.0017669420000032687,hunter_mm,,48.0,1.8180124072841863e-11
shell,1,32,shell,0.0,equal,8,3,112,12.0,42.0,0,mle,ok,1.0,1.5654490210853274,-0.04951643765490665,0.757533184154752,0.0025414419999947313,exact_subset_dp,,,
shell,1,32,shell,0.0,equal,8,3,112,12.0,42.0,0,sharp,ok,4.0,1.6486835372364883,0.0337180784962543,0.6043083947860767,0.0033745039999928395,exact_sieve,0.0,,
shell,1,32,shell,0.0,equal,8,3,112,12.0,42.0,0,efficient,outside_schedule_domain,,,,,4.703700000163735e-05,unavailable,,,
shell,1,32,shell,0.0,equal,8,3,112,12.0,42.0,0,borda,ok,2.0,1.5952604553522622,-0.019705003387971765,0.7331149445745953,0.0014128480000010768,published_global_clipped_borda,0.0,,
shell,1,33,shell,0.0,equal,8,3,112,12.0,42.0,0,pl,ok,0.0,1.6000118628960298,0.0,,0.001499516999999173,hunter_mm,,39.0,1.619961307954197e-11
shell,1,33,shell,0.0,equal,8,3,112,12.0,42.0,0,mle,ok,0.0,1.5339863031596663,-0.06602555973636348,0.8074398347256734,0.002674493000000666,exact_subset_dp,,,
shell,1,33,shell,0.0,equal,8,3,112,12.0,42.0,0,sharp,ok,7.0,1.7375667177263812,0.13755485483035135,0.5594530460875712,0.0032309949999955734,exact_sieve,0.0,,
shell,1,33,shell,0.0,equal,8,3,112,12.0,42.0,0,efficient,outside_schedule_domain,,,,,4.632200000287412e-05,unavailable,,,
shell,1,33,shell,0.0,equal,8,3,112,12.0,42.0,0,borda,ok,0.0,1.5339863031596663,-0.06602555973636348,0.8074398347256734,0.0014677950000105966,published_global_clipped_borda,0.0,,
shell,1,34,shell,0.0,equal,8,3,112,12.0,42.0,0,pl,ok,2.0,1.6727858301321314,0.0,,0.0022249080000023014,hunter_mm,,64.0,2.3666402171329537e-11
shell,1,34,shell,0.0,equal,8,3,112,12.0,42.0,0,mle,ok,4.0,1.7311704761900315,0.05838464605790006,0.99566290138276,0.0025165500000099428,exact_subset_dp,,,
shell,1,34,shell,0.0,equal,8,3,112,12.0,42.0,0,sharp,ok,4.0,1.6711912797586135,-0.0015945503735179667,0.7331149445745953,0.0033304260000051045,exact_sieve,0.0,,
shell,1,34,shell,0.0,equal,8,3,112,12.0,42.0,0,efficient,outside_schedule_domain,,,,,4.7073000004616006e-05,unavailable,,,
shell,1,34,shell,0.0,equal,8,3,112,12.0,42.0,0,borda,ok,3.0,1.639152239224798,-0.03363359090733353,0.832968122258636,0.0013753709999946295,published_global_clipped_borda,0.0,,
shell,1,35,shell,0.0,equal,8,3,112,12.0,42.0,0,pl,ok,2.0,1.6081132884770337,0.0,,0.0014663150000018277,hunter_mm,,38.0,2.034994395216927e-11
shell,1,35,shell,0.0,equal,8,3,112,12.0,42.0,0,mle,ok,2.0,1.5949143376087997,-0.013198950868233972,0.7210314373934753,0.0026322380000038947,exact_subset_dp,,,
shell,1,35,shell,0.0,equal,8,3,112,12.0,42.0,0,sharp,ok,2.0,1.5971231720174166,-0.010990116459617116,0.697104725066857,0.003553921000005289,exact_sieve,0.0,,
shell,1,35,shell,0.0,equal,8,3,112,12.0,42.0,0,efficient,outside_schedule_domain,,,,,5.0649000002067623e-05,unavailable,,,
shell,1,35,shell,0.0,equal,8,3,112,12.0,42.0,0,borda,ok,1.0,1.5658139812286889,-0.04229930724834485,0.7090287388626768,0.0014983729999897832,published_global_clipped_borda,0.0,,
shell,1,36,shell,0.0,equal,8,3,112,12.0,42.0,0,pl,ok,2.0,1.6484631544165014,0.0,,0.0018040029999895069,hunter_mm,,50.0,2.234371418044897e-11
shell,1,36,shell,0.0,equal,8,3,112,12.0,42.0,0,mle,ok,2.0,1.6052430920486707,-0.043220062367830714,0.832968122258636,0.0024669329999937872,exact_subset_dp,,,
shell,1,36,shell,0.0,equal,8,3,112,12.0,42.0,0,sharp,ok,4.0,1.6569044434406366,0.008441289024135212,0.6734845421971655,0.00342049099999997,exact_sieve,0.0,,
shell,1,36,shell,0.0,equal,8,3,112,12.0,42.0,0,efficient,outside_schedule_domain,,,,,4.957199999466866e-05,unavailable,,,
shell,1,36,shell,0.0,equal,8,3,112,12.0,42.0,0,borda,ok,2.0,1.6052430920486707,-0.043220062367830714,0.832968122258636,0.0013883809999981622,published_global_clipped_borda,0.0,,
shell,1,37,shell,0.0,equal,8,3,112,12.0,42.0,0,pl,ok,2.0,1.6208682585541625,0.0,,0.0016770440000044573,hunter_mm,,44.0,1.4367427882331997e-11
shell,1,37,shell,0.0,equal,8,3,112,12.0,42.0,0,mle,ok,0.0,1.5406565801865868,-0.0802116783675757,0.9394420412429931,0.003017702000008171,exact_subset_dp,,,
shell,1,37,shell,0.0,equal,8,3,112,12.0,42.0,0,sharp,ok,2.0,1.6099970859111132,-0.010871172643049265,0.8720402655126755,0.0037186480000030997,exact_sieve,0.0,,
shell,1,37,shell,0.0,equal,8,3,112,12.0,42.0,0,efficient,outside_schedule_domain,,,,,4.8423999999158696e-05,unavailable,,,
shell,1,37,shell,0.0,equal,8,3,112,12.0,42.0,0,borda,ok,3.0,1.6296177696142642,0.008749511060101689,0.7823017009175557,0.0013230480000032685,published_global_clipped_borda,0.0,,
shell,1,38,shell,0.0,equal,8,3,112,12.0,42.0,0,pl,ok,2.0,1.617808600378488,0.0,,0.0015599549999905094,hunter_mm,,40.0,1.784604210440323e-11
shell,1,38,shell,0.0,equal,8,3,112,12.0,42.0,0,mle,ok,0.0,1.5339762321498367,-0.08383236822865126,0.7948233114465767,0.0026985889999906476,exact_subset_dp,,,
shell,1,38,shell,0.0,equal,8,3,112,12.0,42.0,0,sharp,ok,1.0,1.5655620004954736,-0.05224659988301439,0.7210314373934753,0.0034252309999942554,exact_sieve,0.0,,
shell,1,38,shell,0.0,equal,8,3,112,12.0,42.0,0,efficient,outside_schedule_domain,,,,,4.566999999155996e-05,unavailable,,,
shell,1,38,shell,0.0,equal,8,3,112,12.0,42.0,0,borda,ok,3.0,1.6214752439565694,0.003666643578081441,0.6385945001665354,0.0012968860000057703,published_global_clipped_borda,0.0,,
shell,1,39,shell,0.0,equal,8,3,112,12.0,42.0,0,pl,ok,5.0,1.6218796669872095,0.0,,0.001494788000002245,hunter_mm,,38.0,2.0657253685385513e-11
shell,1,39,shell,0.0,equal,8,3,112,12.0,42.0,0,mle,ok,0.0,1.536950259777974,-0.08492940720923547,0.7090287388626768,0.0030076100000115957,exact_subset_dp,,,
shell,1,39,shell,0.0,equal,8,3,112,12.0,42.0,0,sharp,ok,2.0,1.5970971871075699,-0.024782479879639663,0.6734845421971655,0.0035199720000065327,exact_sieve,0.0,,
shell,1,39,shell,0.0,equal,8,3,112,12.0,42.0,0,efficient,outside_schedule_domain,,,,,4.9480999990692e-05,unavailable,,,
shell,1,39,shell,0.0,equal,8,3,112,12.0,42.0,0,borda,ok,4.0,1.6485079091301769,0.02662824214296733,0.5930057567449797,0.0016258410000062895,published_global_clipped_borda,0.0,,
shell,2,0,shell,0.0,equal,8,3,448,48.0,168.0,0,pl,ok,0.0,1.5890991436123103,0.0,,0.002269603999991432,hunter_mm,,35.0,1.662016556126998e-11
shell,2,0,shell,0.0,equal,8,3,448,48.0,168.0,0,mle,ok,0.0,1.5339863031596663,-0.055112840452643974,0.8074398347256734,0.0027975019999928463,exact_subset_dp,,,
shell,2,0,shell,0.0,equal,8,3,448,48.0,168.0,0,sharp,ok,0.0,1.5339863031596663,-0.055112840452643974,0.8074398347256734,0.01179606799999533,exact_sieve,0.0,,
shell,2,0,shell,0.0,equal,8,3,448,48.0,168.0,0,efficient,outside_schedule_domain,,,,,7.931700000085584e-05,unavailable,,,
shell,2,0,shell,0.0,equal,8,3,448,48.0,168.0,0,borda,ok,0.0,1.5339863031596663,-0.055112840452643974,0.8074398347256734,0.0017298779999919134,published_global_clipped_borda,0.0,,
shell,2,1,shell,0.0,equal,8,3,448,48.0,168.0,0,pl,ok,0.0,1.589821402974582,0.0,,0.0024080900000029715,hunter_mm,,40.0,1.4107381929306939e-11
shell,2,1,shell,0.0,equal,8,3,448,48.0,168.0,0,mle,ok,0.0,1.5377924667081233,-0.05202893626645877,0.697104725066857,0.0027954119999975546,exact_subset_dp,,,
shell,2,1,shell,0.0,equal,8,3,448,48.0,168.0,0,sharp,ok,0.0,1.5377924667081233,-0.05202893626645877,0.697104725066857,0.010663866999991,exact_sieve,0.0,,
shell,2,1,shell,0.0,equal,8,3,448,48.0,168.0,0,efficient,outside_schedule_domain,,,,,7.417799999132058e-05,unavailable,,,
shell,2,1,shell,0.0,equal,8,3,448,48.0,168.0,0,borda,ok,0.0,1.5377924667081233,-0.05202893626645877,0.697104725066857,0.0015584390000071835,published_global_clipped_borda,0.0,,
shell,2,2,shell,0.0,equal,8,3,448,48.0,168.0,0,pl,ok,0.0,1.588579680385472,0.0,,0.0025767809999877045,hunter_mm,,43.0,1.7847501254664166e-11
shell,2,2,shell,0.0,equal,8,3,448,48.0,168.0,0,mle,ok,0.0,1.5339863031596663,-0.054593377225805595,0.8074398347256734,0.002796395999993706,exact_subset_dp,,,
shell,2,2,shell,0.0,equal,8,3,448,48.0,168.0,0,sharp,ok,0.0,1.5339863031596663,-0.054593377225805595,0.8074398347256734,0.010845055000004322,exact_sieve,0.0,,
shell,2,2,shell,0.0,equal,8,3,448,48.0,168.0,0,efficient,outside_schedule_domain,,,,,7.71039999989398e-05,unavailable,,,
shell,2,2,shell,0.0,equal,8,3,448,48.0,168.0,0,borda,ok,0.0,1.5339863031596663,-0.054593377225805595,0.8074398347256734,0.0015465230000017982,published_global_clipped_borda,0.0,,
shell,2,3,shell,0.0,equal,8,3,448,48.0,168.0,0,pl,ok,0.0,1.5975351844975898,0.0,,0.0026777730000020483,hunter_mm,,46.0,2.1046022067951397e-11
shell,2,3,shell,0.0,equal,8,3,448,48.0,168.0,0,mle,ok,0.0,1.5378138267899102,-0.05972135770767961,0.9053661762565085,0.002558247000010283,exact_subset_dp,,,
shell,2,3,shell,0.0,equal,8,3,448,48.0,168.0,0,sharp,ok,0.0,1.5378138267899102,-0.05972135770767961,0.9053661762565085,0.010846505999992928,exact_sieve,0.0,,
shell,2,3,shell,0.0,equal,8,3,448,48.0,168.0,0,efficient,outside_schedule_domain,,,,,8.150799999384617e-05,unavailable,,,
shell,2,3,shell,0.0,equal,8,3,448,48.0,168.0,0,borda,ok,0.0,1.5378138267899102,-0.05972135770767961,0.9053661762565085,0.0014339669999969828,published_global_clipped_borda,0.0,,
shell,2,4,shell,0.0,equal,8,3,448,48.0,168.0,0,pl,ok,0.0,1.5922349884063791,0.0,,0.002915887000000339,hunter_mm,,51.0,2.1562180612428553e-11
shell,2,4,shell,0.0,equal,8,3,448,48.0,168.0,0,mle,ok,0.0,1.5340338274539824,-0.05820116095239669,0.8137844996447892,0.0026668420000106607,exact_subset_dp,,,
shell,2,4,shell,0.0,equal,8,3,448,48.0,168.0,0,sharp,ok,0.0,1.5340338274539824,-0.05820116095239669,0.8137844996447892,0.010885701999995945,exact_sieve,0.0,,
shell,2,4,shell,0.0,equal,8,3,448,48.0,168.0,0,efficient,outside_schedule_domain,,,,,7.615999999188716e-05,unavailable,,,
shell,2,4,shell,0.0,equal,8,3,448,48.0,168.0,0,borda,ok,0.0,1.5340338274539824,-0.05820116095239669,0.8137844996447892,0.0014366109999883747,published_global_clipped_borda,0.0,,
shell,2,5,shell,0.0,equal,8,3,448,48.0,168.0,0,pl,ok,0.0,1.5891771542233755,0.0,,0.002444291000003318,hunter_mm,,38.0,1.519774782212023e-11
shell,2,5,shell,0.0,equal,8,3,448,48.0,168.0,0,mle,ok,0.0,1.5342900700105795,-0.05488708421279598,0.7698724759713074,0.0026575750000006337,exact_subset_dp,,,
shell,2,5,shell,0.0,equal,8,3,448,48.0,168.0,0,sharp,ok,0.0,1.5342900700105795,-0.05488708421279598,0.7698724759713074,0.010537872999989872,exact_sieve,0.0,,
shell,2,5,shell,0.0,equal,8,3,448,48.0,168.0,0,efficient,outside_schedule_domain,,,,,7.236999999804539e-05,unavailable,,,
shell,2,5,shell,0.0,equal,8,3,448,48.0,168.0,0,borda,ok,0.0,1.5342900700105795,-0.05488708421279598,0.7698724759713074,0.0015095879999904582,published_global_clipped_borda,0.0,,
shell,2,6,shell,0.0,equal,8,3,448,48.0,168.0,0,pl,ok,0.0,1.5884440351398874,0.0,,0.002522240000004672,hunter_mm,,42.0,1.5619378806215015e-11
shell,2,6,shell,0.0,equal,8,3,448,48.0,168.0,0,mle,ok,0.0,1.5339863031596663,-0.05445773198022108,0.8074398347256734,0.00282013899999356,exact_subset_dp,,,
shell,2,6,shell,0.0,equal,8,3,448,48.0,168.0,0,sharp,ok,0.0,1.5339863031596663,-0.05445773198022108,0.8074398347256734,0.010733916000006616,exact_sieve,0.0,,
shell,2,6,shell,0.0,equal,8,3,448,48.0,168.0,0,efficient,outside_schedule_domain,,,,,7.391699999459433e-05,unavailable,,,
shell,2,6,shell,0.0,equal,8,3,448,48.0,168.0,0,borda,ok,1.0,1.5654490210853274,-0.02299501405456006,0.757533184154752,0.0014669859999969503,published_global_clipped_borda,0.0,,
shell,2,7,shell,0.0,equal,8,3,448,48.0,168.0,0,pl,ok,0.0,1.5858297092965121,0.0,,0.002561240999995107,hunter_mm,,43.0,1.9161370902663423e-11
shell,2,7,shell,0.0,equal,8,3,448,48.0,168.0,0,mle,ok,0.0,1.5343490291960298,-0.051480680100482346,0.832968122258636,0.0026460229999969442,exact_subset_dp,,,
shell,2,7,shell,0.0,equal,8,3,448,48.0,168.0,0,sharp,ok,0.0,1.5343490291960298,-0.051480680100482346,0.832968122258636,0.010644627000004903,exact_sieve,0.0,,
shell,2,7,shell,0.0,equal,8,3,448,48.0,168.0,0,efficient,outside_schedule_domain,,,,,7.560299999909148e-05,unavailable,,,
shell,2,7,shell,0.0,equal,8,3,448,48.0,168.0,0,borda,ok,0.0,1.5343490291960298,-0.051480680100482346,0.832968122258636,0.0013858779999935678,published_global_clipped_borda,0.0,,
shell,2,8,shell,0.0,equal,8,3,448,48.0,168.0,0,pl,ok,0.0,1.591954213051066,0.0,,0.0026904660000042213,hunter_mm,,46.0,2.1158249755412075e-11
shell,2,8,shell,0.0,equal,8,3,448,48.0,168.0,0,mle,ok,0.0,1.5345124089638156,-0.057441804087250414,0.839413685151351,0.0026604430000105594,exact_subset_dp,,,
shell,2,8,shell,0.0,equal,8,3,448,48.0,168.0,0,sharp,ok,0.0,1.5345124089638156,-0.057441804087250414,0.839413685151351,0.010901032999996119,exact_sieve,0.0,,
shell,2,8,shell,0.0,equal,8,3,448,48.0,168.0,0,efficient,outside_schedule_domain,,,,,7.30580000123382e-05,unavailable,,,
shell,2,8,shell,0.0,equal,8,3,448,48.0,168.0,0,borda,ok,0.0,1.5345124089638156,-0.057441804087250414,0.839413685151351,0.0016018109999862418,published_global_clipped_borda,0.0,,
shell,2,9,shell,0.0,equal,8,3,448,48.0,168.0,0,pl,ok,1.0,1.5948314480099415,0.0,,0.0027855499999986932,hunter_mm,,47.0,2.284674037257771e-11
shell,2,9,shell,0.0,equal,8,3,448,48.0,168.0,0,mle,ok,0.0,1.5346107410288816,-0.06022070698105986,0.757533184154752,0.0025800039999950286,exact_subset_dp,,,
shell,2,9,shell,0.0,equal,8,3,448,48.0,168.0,0,sharp,ok,2.0,1.5952604553522622,0.0004290073423207641,0.7331149445745953,0.010649160999989249,exact_sieve,0.0,,
shell,2,9,shell,0.0,equal,8,3,448,48.0,168.0,0,efficient,outside_schedule_domain,,,,,7.701399999859859e-05,unavailable,,,
shell,2,9,shell,0.0,equal,8,3,448,48.0,168.0,0,borda,ok,1.0,1.5654209650568385,-0.029410482953103,0.7544621327077489,0.0013821140000089827,published_global_clipped_borda,0.0,,
shell,2,10,shell,0.0,equal,8,3,448,48.0,168.0,0,pl,ok,0.0,1.6035001409670864,0.0,,0.002573440000006144,hunter_mm,,43.0,1.9115820037995945e-11
shell,2,10,shell,0.0,equal,8,3,448,48.0,168.0,0,mle,ok,0.0,1.5375745234336329,-0.0659256175334535,0.9020007062678247,0.0025593120000024783,exact_subset_dp,,,
shell,2,10,shell,0.0,equal,8,3,448,48.0,168.0,0,sharp,ok,0.0,1.5375745234336329,-0.0659256175334535,0.9020007062678247,0.010665930999991247,exact_sieve,0.0,,
shell,2,10,shell,0.0,equal,8,3,448,48.0,168.0,0,efficient,outside_schedule_domain,,,,,7.473099999799615e-05,unavailable,,,
shell,2,10,shell,0.0,equal,8,3,448,48.0,168.0,0,borda,ok,0.0,1.5375745234336329,-0.0659256175334535,0.9020007062678247,0.0014029069999992316,published_global_clipped_borda,0.0,,
shell,2,11,shell,0.0,equal,8,3,448,48.0,168.0,0,pl,ok,1.0,1.5897187932096846,0.0,,0.0025599009999979216,hunter_mm,,43.0,2.0619759867811028e-11
shell,2,11,shell,0.0,equal,8,3,448,48.0,168.0,0,mle,ok,0.0,1.534605165986218,-0.055113627223466466,0.8426462308593962,0.0025792060000071615,exact_subset_dp,,,
shell,2,11,shell,0.0,equal,8,3,448,48.0,168.0,0,sharp,ok,1.0,1.5671620320403494,-0.022556761169335138,0.8137844996447892,0.010536454999993339,exact_sieve,0.0,,
shell,2,11,shell,0.0,equal,8,3,448,48.0,168.0,0,efficient,outside_schedule_domain,,,,,8.75650000011774e-05,unavailable,,,
shell,2,11,shell,0.0,equal,8,3,448,48.0,168.0,0,borda,ok,1.0,1.5671620320403494,-0.022556761169335138,0.8137844996447892,0.0014399999999881175,published_global_clipped_borda,0.0,,
shell,2,12,shell,0.0,equal,8,3,448,48.0,168.0,0,pl,ok,1.0,1.592013322602155,0.0,,0.002615588000011826,hunter_mm,,44.0,2.072538965843965e-11
shell,2,12,shell,0.0,equal,8,3,448,48.0,168.0,0,mle,ok,0.0,1.5347053416843068,-0.057307980917848056,0.8458853458049513,0.0028228310000031342,exact_subset_dp,,,
shell,2,12,shell,0.0,equal,8,3,448,48.0,168.0,0,sharp,ok,0.0,1.5347053416843068,-0.057307980917848056,0.8458853458049513,0.010559404999995081,exact_sieve,0.0,,
shell,2,12,shell,0.0,equal,8,3,448,48.0,168.0,0,efficient,outside_schedule_domain,,,,,7.352900000512363e-05,unavailable,,,
shell,2,12,shell,0.0,equal,8,3,448,48.0,168.0,0,borda,ok,1.0,1.5660158453205033,-0.025997477281651582,0.7854233449861958,0.0015771699999902467,published_global_clipped_borda,0.0,,
shell,2,13,shell,0.0,equal,8,3,448,48.0,168.0,0,pl,ok,1.0,1.5936291245778698,0.0,,0.002368131000011431,hunter_mm,,39.0,1.8678265283662247e-11
shell,2,13,shell,0.0,equal,8,3,448,48.0,168.0,0,mle,ok,0.0,1.5371513348681547,-0.056477789709715065,0.7060404403986011,0.0027252959999941595,exact_subset_dp,,,
shell,2,13,shell,0.0,equal,8,3,448,48.0,168.0,0,sharp,ok,1.0,1.5671935589410366,-0.026435565636833136,0.6734845421971655,0.010486072000006175,exact_sieve,0.0,,
shell,2,13,shell,0.0,equal,8,3,448,48.0,168.0,0,efficient,outside_schedule_domain,,,,,7.611800000972835e-05,unavailable,,,
shell,2,13,shell,0.0,equal,8,3,448,48.0,168.0,0,borda,ok,1.0,1.5661707756587337,-0.02745834891913601,0.697104725066857,0.0016154009999951313,published_global_clipped_borda,0.0,,
shell,2,14,shell,0.0,equal,8,3,448,48.0,168.0,0,pl,ok,0.0,1.596264012053208,0.0,,0.0024752230000046893,hunter_mm,,42.0,1.305089369907364e-11
shell,2,14,shell,0.0,equal,8,3,448,48.0,168.0,0,mle,ok,0.0,1.5362096633821474,-0.06005434867106052,0.7210314373934753,0.002746971999997072,exact_subset_dp,,,
shell,2,14,shell,0.0,equal,8,3,448,48.0,168.0,0,sharp,ok,1.0,1.566762149687386,-0.029501862365821863,0.6823072157970891,0.010607074000006378,exact_sieve,0.0,,
shell,2,14,shell,0.0,equal,8,3,448,48.0,168.0,0,efficient,outside_schedule_domain,,,,,7.383700000218596e-05,unavailable,,,
shell,2,14,shell,0.0,equal,8,3,448,48.0,168.0,0,borda,ok,1.0,1.5671935589410366,-0.02907045311217127,0.6734845421971655,0.0014211509999881855,published_global_clipped_borda,0.0,,
shell,2,15,shell,0.0,equal,8,3,448,48.0,168.0,0,pl,ok,0.0,1.5906743486578692,0.0,,0.00244776599998886,hunter_mm,,40.0,1.5587975354947048e-11
shell,2,15,shell,0.0,equal,8,3,448,48.0,168.0,0,mle,ok,0.0,1.5355719705512092,-0.055102378106659966,0.7331149445745953,0.0026712630000105264,exact_subset_dp,,,
shell,2,15,shell,0.0,equal,8,3,448,48.0,168.0,0,sharp,ok,1.0,1.5657411068242457,-0.024933241833623443,0.7120219548409804,0.011447345000007658,exact_sieve,0.0,,
shell,2,15,shell,0.0,equal,8,3,448,48.0,168.0,0,efficient,outside_schedule_domain,,,,,8.033599999635044e-05,unavailable,,,
shell,2,15,shell,0.0,equal,8,3,448,48.0,168.0,0,borda,ok,0.0,1.5355719705512092,-0.055102378106659966,0.7331149445745953,0.0014431210000083183,published_global_clipped_borda,0.0,,
shell,2,16,shell,0.0,equal,8,3,448,48.0,168.0,0,pl,ok,0.0,1.5861439482204536,0.0,,0.0025377150000025495,hunter_mm,,43.0,2.3378188274136846e-11
shell,2,16,shell,0.0,equal,8,3,448,48.0,168.0,0,mle,ok,0.0,1.5341099716531548,-0.0520339765672988,0.8201538760195531,0.0025712909999953126,exact_subset_dp,,,
shell,2,16,shell,0.0,equal,8,3,448,48.0,168.0,0,sharp,ok,0.0,1.5341099716531548,-0.0520339765672988,0.8201538760195531,0.01025319299999694,exact_sieve,0.0,,
shell,2,16,shell,0.0,equal,8,3,448,48.0,168.0,0,efficient,outside_schedule_domain,,,,,6.944699998712167e-05,unavailable,,,
shell,2,16,shell,0.0,equal,8,3,448,48.0,168.0,0,borda,ok,0.0,1.5341099716531548,-0.0520339765672988,0.8201538760195531,0.0014317520000020068,published_global_clipped_borda,0.0,,
shell,2,17,shell,0.0,equal,8,3,448,48.0,168.0,0,pl,ok,0.0,1.5858506950540785,0.0,,0.002703671000006125,hunter_mm,,44.0,1.5275526875159683e-11
shell,2,17,shell,0.0,equal,8,3,448,48.0,168.0,0,mle,ok,1.0,1.5671620320403494,-0.018688663013729068,0.8137844996447892,0.0026053160000003572,exact_subset_dp,,,
shell,2,17,shell,0.0,equal,8,3,448,48.0,168.0,0,sharp,ok,0.0,1.534006501777212,-0.05184419327686651,0.8106090992009355,0.010289929999999003,exact_sieve,0.0,,
shell,2,17,shell,0.0,equal,8,3,448,48.0,168.0,0,efficient,outside_schedule_domain,,,,,6.722999999908552e-05,unavailable,,,
shell,2,17,shell,0.0,equal,8,3,448,48.0,168.0,0,borda,ok,0.0,1.534006501777212,-0.05184419327686651,0.8106090992009355,0.0013958530000053315,published_global_clipped_borda,0.0,,
shell,2,18,shell,0.0,equal,8,3,448,48.0,168.0,0,pl,ok,1.0,1.5959573946325696,0.0,,0.0023057160000092836,hunter_mm,,37.0,1.4925838343060605e-11
shell,2,18,shell,0.0,equal,8,3,448,48.0,168.0,0,mle,ok,0.0,1.534707703872927,-0.06124969075964248,0.7544621327077489,0.0026013909999988982,exact_subset_dp,,,
shell,2,18,shell,0.0,equal,8,3,448,48.0,168.0,0,sharp,ok,2.0,1.5979675119531453,0.002010117320575766,0.7331149445745953,0.01019033400000069,exact_sieve,0.0,,
shell,2,18,shell,0.0,equal,8,3,448,48.0,168.0,0,efficient,outside_schedule_domain,,,,,7.109700000285102e-05,unavailable,,,
shell,2,18,shell,0.0,equal,8,3,448,48.0,168.0,0,borda,ok,1.0,1.565378054793499,-0.030579339839070574,0.7452814445194086,0.0015468619999978728,published_global_clipped_borda,0.0,,
shell,2,19,shell,0.0,equal,8,3,448,48.0,168.0,0,pl,ok,1.0,1.5961340351503344,0.0,,0.00284012599999528,hunter_mm,,50.0,2.091685554920072e-11
shell,2,19,shell,0.0,equal,8,3,448,48.0,168.0,0,mle,ok,0.0,1.5343490291960298,-0.061785005954304584,0.832968122258636,0.002638678000010941,exact_subset_dp,,,
shell,2,19,shell,0.0,equal,8,3,448,48.0,168.0,0,sharp,ok,0.0,1.5343490291960298,-0.061785005954304584,0.832968122258636,0.010124713999999813,exact_sieve,0.0,,
shell,2,19,shell,0.0,equal,8,3,448,48.0,168.0,0,efficient,outside_schedule_domain,,,,,6.902900000227419e-05,unavailable,,,
shell,2,19,shell,0.0,equal,8,3,448,48.0,168.0,0,borda,ok,1.0,1.5662197847777934,-0.029914250372540918,0.791684110769496,0.001548765999999091,published_global_clipped_borda,0.0,,
shell,2,20,shell,0.0,equal,8,3,448,48.0,168.0,0,pl,ok,0.0,1.5914827889809566,0.0,,0.002176516999995215,hunter_mm,,36.0,1.8081409385623762e-11
shell,2,20,shell,0.0,equal,8,3,448,48.0,168.0,0,mle,ok,0.0,1.5354287826892363,-0.056054006291720304,0.7361487023127573,0.0026411190000033002,exact_subset_dp,,,
shell,2,20,shell,0.0,equal,8,3,448,48.0,168.0,0,sharp,ok,0.0,1.5354287826892363,-0.056054006291720304,0.7361487023127573,0.010226493000004666,exact_sieve,0.0,,
shell,2,20,shell,0.0,equal,8,3,448,48.0,168.0,0,efficient,outside_schedule_domain,,,,,6.738999999811313e-05,unavailable,,,
shell,2,20,shell,0.0,equal,8,3,448,48.0,168.0,0,borda,ok,0.0,1.5354287826892363,-0.056054006291720304,0.7361487023127573,0.00155084599998645,published_global_clipped_borda,0.0,,
shell,2,21,shell,0.0,equal,8,3,448,48.0,168.0,0,pl,ok,1.0,1.58866440312684,0.0,,0.0025147879999991574,hunter_mm,,42.0,2.0378809750809523e-11
shell,2,21,shell,0.0,equal,8,3,448,48.0,168.0,0,mle,ok,0.0,1.534811338010384,-0.053853065116455934,0.7513965164149394,0.002601644999998598,exact_subset_dp,,,
shell,2,21,shell,0.0,equal,8,3,448,48.0,168.0,0,sharp,ok,0.0,1.534811338010384,-0.053853065116455934,0.7513965164149394,0.010140499000002023,exact_sieve,0.0,,
shell,2,21,shell,0.0,equal,8,3,448,48.0,168.0,0,efficient,outside_schedule_domain,,,,,6.837799999459548e-05,unavailable,,,
shell,2,21,shell,0.0,equal,8,3,448,48.0,168.0,0,borda,ok,1.0,1.565383588163793,-0.023280814963047014,0.7391876815223555,0.0015069869999990715,published_global_clipped_borda,0.0,,
shell,2,22,shell,0.0,equal,8,3,448,48.0,168.0,0,pl,ok,0.0,1.5862805480029079,0.0,,0.0024454630000008137,hunter_mm,,41.0,1.2533720093545396e-11
shell,2,22,shell,0.0,equal,8,3,448,48.0,168.0,0,mle,ok,0.0,1.534006501777212,-0.05227404622569587,0.8106090992009355,0.002576960999988387,exact_subset_dp,,,
shell,2,22,shell,0.0,equal,8,3,448,48.0,168.0,0,sharp,ok,0.0,1.534006501777212,-0.05227404622569587,0.8106090992009355,0.010049803000001134,exact_sieve,0.0,,
shell,2,22,shell,0.0,equal,8,3,448,48.0,168.0,0,efficient,outside_schedule_domain,,,,,6.566800000484818e-05,unavailable,,,
shell,2,22,shell,0.0,equal,8,3,448,48.0,168.0,0,borda,ok,0.0,1.534006501777212,-0.05227404622569587,0.8106090992009355,0.001394539000003192,published_global_clipped_borda,0.0,,
shell,2,23,shell,0.0,equal,8,3,448,48.0,168.0,0,pl,ok,2.0,1.5971960933909957,0.0,,0.00240893400000175,hunter_mm,,40.0,2.029728766014419e-11
shell,2,23,shell,0.0,equal,8,3,448,48.0,168.0,0,mle,ok,0.0,1.534921620483799,-0.062274472907196676,0.7483362990178007,0.002700986000007788,exact_subset_dp,,,
shell,2,23,shell,0.0,equal,8,3,448,48.0,168.0,0,sharp,ok,4.0,1.6521877429162044,0.05499164952520874,0.6385945001665354,0.010330776000003539,exact_sieve,0.0,,
shell,2,23,shell,0.0,equal,8,3,448,48.0,168.0,0,efficient,outside_schedule_domain,,,,,6.752200000903485e-05,unavailable,,,
shell,2,23,shell,0.0,equal,8,3,448,48.0,168.0,0,borda,ok,2.0,1.5945797117288403,-0.002616381662155387,0.6764208525822514,0.0014418789999979253,published_global_clipped_borda,0.0,,
shell,2,24,shell,0.0,equal,8,3,448,48.0,168.0,0,pl,ok,1.0,1.593897065818079,0.0,,0.002592138000011346,hunter_mm,,42.0,2.0127455258034388e-11
shell,2,24,shell,0.0,equal,8,3,448,48.0,168.0,0,mle,ok,0.0,1.5360405412795664,-0.057856524538512755,0.7240446541092876,0.0026872579999945856,exact_subset_dp,,,
shell,2,24,shell,0.0,equal,8,3,448,48.0,168.0,0,sharp,ok,0.0,1.5360405412795664,-0.057856524538512755,0.7240446541092876,0.010443536999986236,exact_sieve,0.0,,
shell,2,24,shell,0.0,equal,8,3,448,48.0,168.0,0,efficient,outside_schedule_domain,,,,,6.481700000904311e-05,unavailable,,,
shell,2,24,shell,0.0,equal,8,3,448,48.0,168.0,0,borda,ok,1.0,1.5659793607918036,-0.027917705026275552,0.7030570268349976,0.001585835000000202,published_global_clipped_borda,0.0,,
shell,2,25,shell,0.0,equal,8,3,448,48.0,168.0,0,pl,ok,0.0,1.5889024363962276,0.0,,0.002344090999997661,hunter_mm,,39.0,1.2752973280579942e-11
shell,2,25,shell,0.0,equal,8,3,448,48.0,168.0,0,mle,ok,0.0,1.5340132554149053,-0.05488918098132234,0.7885508018261497,0.0025967460000089204,exact_subset_dp,,,
shell,2,25,shell,0.0,equal,8,3,448,48.0,168.0,0,sharp,ok,0.0,1.5340132554149053,-0.05488918098132234,0.7885508018261497,0.010345436999998014,exact_sieve,0.0,,
shell,2,25,shell,0.0,equal,8,3,448,48.0,168.0,0,efficient,outside_schedule_domain,,,,,6.631200000128956e-05,unavailable,,,
shell,2,25,shell,0.0,equal,8,3,448,48.0,168.0,0,borda,ok,0.0,1.5340132554149053,-0.05488918098132234,0.7885508018261497,0.0013595249999980297,published_global_clipped_borda,0.0,,
shell,2,26,shell,0.0,equal,8,3,448,48.0,168.0,0,pl,ok,0.0,1.5884906456222883,0.0,,0.002571032999995282,hunter_mm,,44.0,2.0660235427223076e-11
shell,2,26,shell,0.0,equal,8,3,448,48.0,168.0,0,mle,ok,0.0,1.534360113371134,-0.05413053225115427,0.766779315990074,0.0027280279999928325,exact_subset_dp,,,
shell,2,26,shell,0.0,equal,8,3,448,48.0,168.0,0,sharp,ok,1.0,1.5653965257795144,-0.023094119842773875,0.7361487023127573,0.010517895999996085,exact_sieve,0.0,,
shell,2,26,shell,0.0,equal,8,3,448,48.0,168.0,0,efficient,outside_schedule_domain,,,,,7.664500000714725e-05,unavailable,,,
shell,2,26,shell,0.0,equal,8,3,448,48.0,168.0,0,borda,ok,0.0,1.534360113371134,-0.05413053225115427,0.766779315990074,0.0016125349999924765,published_global_clipped_borda,0.0,,
shell,2,27,shell,0.0,equal,8,3,448,48.0,168.0,0,pl,ok,0.0,1.5864534692675547,0.0,,0.0027147649999932355,hunter_mm,,47.0,2.1964017906027168e-11
shell,2,27,shell,0.0,equal,8,3,448,48.0,168.0,0,mle,ok,0.0,1.5356169242336135,-0.050836545033941194,0.8687469364953876,0.002730120000009606,exact_subset_dp,,,
shell,2,27,shell,0.0,equal,8,3,448,48.0,168.0,0,sharp,ok,0.0,1.5356169242336135,-0.050836545033941194,0.8687469364953876,0.010336094999999546,exact_sieve,0.0,,
shell,2,27,shell,0.0,equal,8,3,448,48.0,168.0,0,efficient,outside_schedule_domain,,,,,6.980199999873093e-05,unavailable,,,
shell,2,27,shell,0.0,equal,8,3,448,48.0,168.0,0,borda,ok,0.0,1.5356169242336135,-0.050836545033941194,0.8687469364953876,0.0015309460000025865,published_global_clipped_borda,0.0,,
shell,2,28,shell,0.0,equal,8,3,448,48.0,168.0,0,pl,ok,0.0,1.5946287554139544,0.0,,0.002544736999993802,hunter_mm,,43.0,1.5185249882928733e-11
shell,2,28,shell,0.0,equal,8,3,448,48.0,168.0,0,mle,ok,0.0,1.5347053416843068,-0.0599234137296476,0.8458853458049513,0.0026921820000040952,exact_subset_dp,,,
shell,2,28,shell,0.0,equal,8,3,448,48.0,168.0,0,sharp,ok,3.0,1.6280755683760995,0.03344681296214502,0.697104725066857,0.010499832000007814,exact_sieve,0.0,,
shell,2,28,shell,0.0,equal,8,3,448,48.0,168.0,0,efficient,outside_schedule_domain,,,,,8.61979999911e-05,unavailable,,,
shell,2,28,shell,0.0,equal,8,3,448,48.0,168.0,0,borda,ok,0.0,1.5347053416843068,-0.0599234137296476,0.8458853458049513,0.001700369000005253,published_global_clipped_borda,0.0,,
shell,2,29,shell,0.0,equal,8,3,448,48.0,168.0,0,pl,ok,1.0,1.5960039456793262,0.0,,0.0026051309999957084,hunter_mm,,44.0,2.0026583566082732e-11
shell,2,29,shell,0.0,equal,8,3,448,48.0,168.0,0,mle,ok,0.0,1.534605165986218,-0.06139877969310814,0.8426462308593962,0.0026488700000015797,exact_subset_dp,,,
shell,2,29,shell,0.0,equal,8,3,448,48.0,168.0,0,sharp,ok,3.0,1.6282959812715239,0.03229203559219762,0.7391876815223555,0.010743863000001852,exact_sieve,0.0,,
shell,2,29,shell,0.0,equal,8,3,448,48.0,168.0,0,efficient,outside_schedule_domain,,,,,6.940000000099644e-05,unavailable,,,
shell,2,29,shell,0.0,equal,8,3,448,48.0,168.0,0,borda,ok,1.0,1.5663325491884497,-0.029671396490876578,0.7948233114465767,0.0015698069999956488,published_global_clipped_borda,0.0,,
shell,2,30,shell,0.0,equal,8,3,448,48.0,168.0,0,pl,ok,0.0,1.5867693979440123,0.0,,0.0027483310000064876,hunter_mm,,41.0,1.6945492628142997e-11
shell,2,30,shell,0.0,equal,8,3,448,48.0,168.0,0,mle,ok,0.0,1.534214961953606,-0.05255443599040621,0.8265483022961607,0.0027686700000089104,exact_subset_dp,,,
shell,2,30,shell,0.0,equal,8,3,448,48.0,168.0,0,sharp,ok,0.0,1.534214961953606,-0.05255443599040621,0.8265483022961607,0.010754798999997206,exact_sieve,0.0,,
shell,2,30,shell,0.0,equal,8,3,448,48.0,168.0,0,efficient,outside_schedule_domain,,,,,7.1845999997322e-05,unavailable,,,
shell,2,30,shell,0.0,equal,8,3,448,48.0,168.0,0,borda,ok,0.0,1.534214961953606,-0.05255443599040621,0.8265483022961607,0.001594242999999551,published_global_clipped_borda,0.0,,
shell,2,31,shell,0.0,equal,8,3,448,48.0,168.0,0,pl,ok,0.0,1.5985708244706758,0.0,,0.002126578000002155,hunter_mm,,33.0,1.4567394909395912e-11
shell,2,31,shell,0.0,equal,8,3,448,48.0,168.0,0,mle,ok,0.0,1.5445477614672183,-0.054023063003457494,0.6299682326093158,0.0027083300000043664,exact_subset_dp,,,
shell,2,31,shell,0.0,equal,8,3,448,48.0,168.0,0,sharp,ok,2.0,1.598466385416506,-0.00010443905416979149,0.5873771374006596,0.01069623300000444,exact_sieve,0.0,,
shell,2,31,shell,0.0,equal,8,3,448,48.0,168.0,0,efficient,outside_schedule_domain,,,,,7.02450000034105e-05,unavailable,,,
shell,2,31,shell,0.0,equal,8,3,448,48.0,168.0,0,borda,ok,0.0,1.5445477614672183,-0.054023063003457494,0.6299682326093158,0.0016468930000002047,published_global_clipped_borda,0.0,,
shell,2,32,shell,0.0,equal,8,3,448,48.0,168.0,0,pl,ok,0.0,1.590074790602963,0.0,,0.0022938549999906854,hunter_mm,,37.0,1.654733493085457e-11
shell,2,32,shell,0.0,equal,8,3,448,48.0,168.0,0,mle,ok,0.0,1.5340780383675818,-0.05599675223538125,0.7823017009175557,0.0025901599999968994,exact_subset_dp,,,
shell,2,32,shell,0.0,equal,8,3,448,48.0,168.0,0,sharp,ok,0.0,1.5340780383675818,-0.05599675223538125,0.7823017009175557,0.0101272139999935,exact_sieve,0.0,,
shell,2,32,shell,0.0,equal,8,3,448,48.0,168.0,0,efficient,outside_schedule_domain,,,,,6.881100000555307e-05,unavailable,,,
shell,2,32,shell,0.0,equal,8,3,448,48.0,168.0,0,borda,ok,0.0,1.5340780383675818,-0.05599675223538125,0.7823017009175557,0.0014221720000051619,published_global_clipped_borda,0.0,,
shell,2,33,shell,0.0,equal,8,3,448,48.0,168.0,0,pl,ok,0.0,1.588275956620631,0.0,,0.002434970999999564,hunter_mm,,40.0,1.2871925747504065e-11
shell,2,33,shell,0.0,equal,8,3,448,48.0,168.0,0,mle,ok,0.0,1.533967177122373,-0.054308779498257964,0.8011195480346118,0.0027148100000005115,exact_subset_dp,,,
shell,2,33,shell,0.0,equal,8,3,448,48.0,168.0,0,sharp,ok,0.0,1.533967177122373,-0.054308779498257964,0.8011195480346118,0.01039093800000046,exact_sieve,0.0,,
shell,2,33,shell,0.0,equal,8,3,448,48.0,168.0,0,efficient,outside_schedule_domain,,,,,6.723200000635643e-05,unavailable,,,
shell,2,33,shell,0.0,equal,8,3,448,48.0,168.0,0,borda,ok,0.0,1.533967177122373,-0.054308779498257964,0.8011195480346118,0.0015647240000049578,published_global_clipped_borda,0.0,,
shell,2,34,shell,0.0,equal,8,3,448,48.0,168.0,0,pl,ok,0.0,1.5901653095230808,0.0,,0.0025824630000101934,hunter_mm,,41.0,1.339905963959609e-11
shell,2,34,shell,0.0,equal,8,3,448,48.0,168.0,0,mle,ok,0.0,1.5400526007411766,-0.050112708781904214,0.6705527721810679,0.0026334469999937937,exact_subset_dp,,,
shell,2,34,shell,0.0,equal,8,3,448,48.0,168.0,0,sharp,ok,3.0,1.6261350903842167,0.03596978086113589,0.5539106664485219,0.010117171000004532,exact_sieve,0.0,,
shell,2,34,shell,0.0,equal,8,3,448,48.0,168.0,0,efficient,outside_schedule_domain,,,,,6.699800000831146e-05,unavailable,,,
shell,2,34,shell,0.0,equal,8,3,448,48.0,168.0,0,borda,ok,0.0,1.5400526007411766,-0.050112708781904214,0.6705527721810679,0.001401650000005361,published_global_clipped_borda,0.0,,
shell,2,35,shell,0.0,equal,8,3,448,48.0,168.0,0,pl,ok,0.0,1.5905121131219149,0.0,,0.002545115999993186,hunter_mm,,43.0,1.6177979590890702e-11
shell,2,35,shell,0.0,equal,8,3,448,48.0,168.0,0,mle,ok,0.0,1.534158846723167,-0.056353266398747826,0.8233479365601499,0.002689090999993482,exact_subset_dp,,,
shell,2,35,shell,0.0,equal,8,3,448,48.0,168.0,0,sharp,ok,0.0,1.534158846723167,-0.056353266398747826,0.8233479365601499,0.01050309000000027,exact_sieve,0.0,,
shell,2,35,shell,0.0,equal,8,3,448,48.0,168.0,0,efficient,outside_schedule_domain,,,,,6.720199999676879e-05,unavailable,,,
shell,2,35,shell,0.0,equal,8,3,448,48.0,168.0,0,borda,ok,0.0,1.534158846723167,-0.056353266398747826,0.8233479365601499,0.0016166360000084978,published_global_clipped_borda,0.0,,
shell,2,36,shell,0.0,equal,8,3,448,48.0,168.0,0,pl,ok,0.0,1.589095576289311,0.0,,0.0025422220000024254,hunter_mm,,43.0,1.2680586739374382e-11
shell,2,36,shell,0.0,equal,8,3,448,48.0,168.0,0,mle,ok,0.0,1.5359459557545811,-0.053149620534729936,0.8753405845218964,0.0025803480000092804,exact_subset_dp,,,
shell,2,36,shell,0.0,equal,8,3,448,48.0,168.0,0,sharp,ok,1.0,1.566579806506458,-0.02251576978285308,0.8011195480346118,0.01021733299999994,exact_sieve,0.0,,
shell,2,36,shell,0.0,equal,8,3,448,48.0,168.0,0,efficient,outside_schedule_domain,,,,,6.72910000076854e-05,unavailable,,,
shell,2,36,shell,0.0,equal,8,3,448,48.0,168.0,0,borda,ok,0.0,1.5359459557545811,-0.053149620534729936,0.8753405845218964,0.0014132049999915353,published_global_clipped_borda,0.0,,
shell,2,37,shell,0.0,equal,8,3,448,48.0,168.0,0,pl,ok,1.0,1.5956310592952065,0.0,,0.002233859999989818,hunter_mm,,36.0,1.6630887143622074e-11
shell,2,37,shell,0.0,equal,8,3,448,48.0,168.0,0,mle,ok,0.0,1.5367555350908777,-0.058875524204328844,0.7120219548409804,0.0026586549999905174,exact_subset_dp,,,
shell,2,37,shell,0.0,equal,8,3,448,48.0,168.0,0,sharp,ok,0.0,1.5367555350908777,-0.058875524204328844,0.7120219548409804,0.010044604000000845,exact_sieve,0.0,,
shell,2,37,shell,0.0,equal,8,3,448,48.0,168.0,0,efficient,outside_schedule_domain,,,,,6.785899999783851e-05,unavailable,,,
shell,2,37,shell,0.0,equal,8,3,448,48.0,168.0,0,borda,ok,0.0,1.5367555350908777,-0.058875524204328844,0.7120219548409804,0.0015545010000010961,published_global_clipped_borda,0.0,,
shell,2,38,shell,0.0,equal,8,3,448,48.0,168.0,0,pl,ok,1.0,1.5986928448523412,0.0,,0.0022291650000028085,hunter_mm,,36.0,1.928660405984114e-11
shell,2,38,shell,0.0,equal,8,3,448,48.0,168.0,0,mle,ok,0.0,1.539243596602142,-0.05944924825019915,0.6793617336205114,0.00272302499999455,exact_subset_dp,,,
shell,2,38,shell,0.0,equal,8,3,448,48.0,168.0,0,sharp,ok,0.0,1.539243596602142,-0.05944924825019915,0.6793617336205114,0.009889600000008159,exact_sieve,0.0,,
shell,2,38,shell,0.0,equal,8,3,448,48.0,168.0,0,efficient,outside_schedule_domain,,,,,6.736000000273634e-05,unavailable,,,
shell,2,38,shell,0.0,equal,8,3,448,48.0,168.0,0,borda,ok,3.0,1.6218514239460442,0.023158579093703002,0.6043083947860767,0.00152274100000227,published_global_clipped_borda,0.0,,
shell,2,39,shell,0.0,equal,8,3,448,48.0,168.0,0,pl,ok,2.0,1.5935547294211534,0.0,,0.002255305000005592,hunter_mm,,38.0,1.6987998309657216e-11
shell,2,39,shell,0.0,equal,8,3,448,48.0,168.0,0,mle,ok,0.0,1.533968195405972,-0.059586534015181325,0.7979684437893203,0.0026469779999871434,exact_subset_dp,,,
shell,2,39,shell,0.0,equal,8,3,448,48.0,168.0,0,sharp,ok,2.0,1.5951635795300543,0.0016088501089008833,0.7300863735775438,0.009882877999999096,exact_sieve,0.0,,
shell,2,39,shell,0.0,equal,8,3,448,48.0,168.0,0,efficient,outside_schedule_domain,,,,,6.774399999187608e-05,unavailable,,,
shell,2,39,shell,0.0,equal,8,3,448,48.0,168.0,0,borda,ok,0.0,1.533968195405972,-0.059586534015181325,0.7979684437893203,0.0016118289999980107,published_global_clipped_borda,0.0,,
shell,3,0,shell,0.5,equal,8,3,28,3.0,10.5,0,pl,no_unique_finite_mle,,,,,0.00034849400000780406,hunter_mm,,,
shell,3,0,shell,0.5,equal,8,3,28,3.0,10.5,0,mle,ok,5.0,1.7755017307807948,,1.0844293045104068,0.0032014180000032866,exact_subset_dp,,,
shell,3,0,shell,0.5,equal,8,3,28,3.0,10.5,0,sharp,ok,9.0,1.7773063617579905,,0.5264006135801002,0.0020877510000048005,exact_sieve,0.0,,
shell,3,0,shell,0.5,equal,8,3,28,3.0,10.5,0,efficient,outside_schedule_domain,,,,,3.689300000075946e-05,unavailable,,,
shell,3,0,shell,0.5,equal,8,3,28,3.0,10.5,0,borda,ok,6.0,1.7683567943136589,,0.9672795990261153,0.001325818000012191,published_global_clipped_borda,0.0,,
shell,3,1,shell,0.5,equal,8,3,28,3.0,10.5,0,pl,ok,8.0,1.9334952406994441,0.0,,0.0030502550000051087,hunter_mm,,120.0,2.6078187228709535e-11
shell,3,1,shell,0.5,equal,8,3,28,3.0,10.5,0,mle,ok,7.0,1.9194761278958046,-0.014019112803639544,1.2127529326707367,0.0031885779999925035,exact_subset_dp,,,
shell,3,1,shell,0.5,equal,8,3,28,3.0,10.5,0,sharp,ok,5.0,1.7695037600106918,-0.16399148068875236,1.0844293045104068,0.0025335819999980913,exact_sieve,0.0,,
shell,3,1,shell,0.5,equal,8,3,28,3.0,10.5,0,efficient,outside_schedule_domain,,,,,3.841000000193162e-05,unavailable,,,
shell,3,1,shell,0.5,equal,8,3,28,3.0,10.5,0,borda,ok,7.0,1.8884292557960014,-0.04506598490344271,1.1470129282507922,0.0017933459999994739,published_global_clipped_borda,0.0,,
shell,3,2,shell,0.5,equal,8,3,28,3.0,10.5,0,pl,ok,4.0,1.6767943145128517,0.0,,0.0016976719999917123,hunter_mm,,60.0,1.2740031252178596e-11
shell,3,2,shell,0.5,equal,8,3,28,3.0,10.5,0,mle,ok,3.0,1.7358690561904684,0.05907474167761673,1.2127529326707367,0.003066439999997783,exact_subset_dp,,,
shell,3,2,shell,0.5,equal,8,3,28,3.0,10.5,0,sharp,ok,10.0,1.7774501492149346,0.10065583470208295,0.31614842415667943,0.002086075999997661,exact_sieve,0.0,,
shell,3,2,shell,0.5,equal,8,3,28,3.0,10.5,0,efficient,outside_schedule_domain,,,,,3.8224000007858194e-05,unavailable,,,
shell,3,2,shell,0.5,equal,8,3,28,3.0,10.5,0,borda,ok,6.0,1.7412521788365634,0.0644578643237117,0.8589084084290807,0.0014274739999962094,published_global_clipped_borda,0.0,,
shell,3,3,shell,0.5,equal,8,3,28,3.0,10.5,0,pl,ok,5.0,1.6880149283916972,0.0,,0.0018316270000013901,hunter_mm,,66.0,1.6125291578207778e-11
shell,3,3,shell,0.5,equal,8,3,28,3.0,10.5,0,mle,ok,4.0,1.7610543215698948,0.07303939317819763,1.0844293045104068,0.0029718570000056843,exact_subset_dp,,,
shell,3,3,shell,0.5,equal,8,3,28,3.0,10.5,0,sharp,ok,15.0,1.8145723330644687,0.12655740467277155,0.15639208465863194,0.002003834000007032,exact_sieve,0.0,,
shell,3,3,shell,0.5,equal,8,3,28,3.0,10.5,0,efficient,outside_schedule_domain,,,,,3.477200000645553e-05,unavailable,,,
shell,3,3,shell,0.5,equal,8,3,28,3.0,10.5,0,borda,ok,5.0,1.77728432480924,0.08926939641754283,1.0246248379567524,0.0017265740000027563,published_global_clipped_borda,0.0,,
shell,3,4,shell,0.5,equal,8,3,28,3.0,10.5,0,pl,ok,2.0,1.5924888987695913,0.0,,0.0021651970000107212,hunter_mm,,76.0,1.7199257890914462e-11
shell,3,4,shell,0.5,equal,8,3,28,3.0,10.5,0,mle,ok,2.0,1.5839174893785306,-0.008571409391060714,0.7090287388626768,0.002659760000000233,exact_subset_dp,,,
shell,3,4,shell,0.5,equal,8,3,28,3.0,10.5,0,sharp,ok,9.0,1.751110847829727,0.15862194906013571,0.23562881521737206,0.0019180979999902092,exact_sieve,0.0,,
shell,3,4,shell,0.5,equal,8,3,28,3.0,10.5,0,efficient,outside_schedule_domain,,,,,3.596400000560607e-05,unavailable,,,
shell,3,4,shell,0.5,equal,8,3,28,3.0,10.5,0,borda,ok,2.0,1.5898488430060502,-0.0026400557635410937,0.6156729370132851,0.0015195510000012291,published_global_clipped_borda,0.0,,
shell,3,5,shell,0.5,equal,8,3,28,3.0,10.5,0,pl,ok,9.0,1.6946479641364358,0.0,,0.0013702709999989793,hunter_mm,,43.0,2.1040946762695967e-11
shell,3,5,shell,0.5,equal,8,3,28,3.0,10.5,0,mle,ok,9.0,1.7838446827647592,0.08919671862832335,0.5264006135801002,0.0026698929999895427,exact_subset_dp,,,
shell,3,5,shell,0.5,equal,8,3,28,3.0,10.5,0,sharp,ok,12.0,1.7858699563042184,0.0912219921677826,0.07799027688065245,0.0020277929999963362,exact_sieve,0.0,,
shell,3,5,shell,0.5,equal,8,3,28,3.0,10.5,0,efficient,outside_schedule_domain,,,,,3.8407000005236114e-05,unavailable,,,
shell,3,5,shell,0.5,equal,8,3,28,3.0,10.5,0,borda,ok,8.0,1.7422547680919807,0.04760680395554484,0.39843792971796577,0.0014404500000040343,published_global_clipped_borda,0.0,,
shell,3,6,shell,0.5,equal,8,3,28,3.0,10.5,0,pl,ok,2.0,1.6517323662685222,0.0,,0.0022514049999955432,hunter_mm,,82.0,2.8708146970757298e-11
shell,3,6,shell,0.5,equal,8,3,28,3.0,10.5,0,mle,ok,1.0,1.6259437868561981,-0.025788579412324042,1.2127529326707367,0.0031463340000073003,exact_subset_dp,,,
shell,3,6,shell,0.5,equal,8,3,28,3.0,10.5,0,sharp,ok,6.0,1.7039550634911758,0.0522226972226536,0.7090287388626768,0.0020624160000011216,exact_sieve,0.0,,
shell,3,6,shell,0.5,equal,8,3,28,3.0,10.5,0,efficient,outside_schedule_domain,,,,,3.818100000785307e-05,unavailable,,,
shell,3,6,shell,0.5,equal,8,3,28,3.0,10.5,0,borda,ok,4.0,1.7109989417098168,0.059266575441294655,1.0246248379567524,0.0017863160000075595,published_global_clipped_borda,0.0,,
shell,3,7,shell,0.5,equal,8,3,28,3.0,10.5,0,pl,ok,5.0,1.7843637905639775,0.0,,0.002275898999997139,hunter_mm,,82.0,2.3577647770675216e-11
shell,3,7,shell,0.5,equal,8,3,28,3.0,10.5,0,mle,ok,3.0,1.656744004378909,-0.12761978618506853,0.9672795990261153,0.002589093000011644,exact_subset_dp,,,
shell,3,7,shell,0.5,equal,8,3,28,3.0,10.5,0,sharp,ok,7.0,1.7052343182158842,-0.07912947234809331,0.48304091257642995,0.0019390159999943535,exact_sieve,0.0,,
shell,3,7,shell,0.5,equal,8,3,28,3.0,10.5,0,efficient,outside_schedule_domain,,,,,3.570100000160892e-05,unavailable,,,
shell,3,7,shell,0.5,equal,8,3,28,3.0,10.5,0,borda,ok,3.0,1.6371873437744173,-0.1471764467895602,0.8589084084290807,0.001458519000010483,published_global_clipped_borda,0.0,,
shell,3,8,shell,0.5,equal,8,3,28,3.0,10.5,0,pl,ok,4.0,1.7595405864294982,0.0,,0.002362899000004859,hunter_mm,,87.0,2.584805385603366e-11
shell,3,8,shell,0.5,equal,8,3,28,3.0,10.5,0,mle,ok,9.0,1.9134366770245663,0.15389609059506815,0.8589084084290807,0.0026336429999958,exact_subset_dp,,,
shell,3,8,shell,0.5,equal,8,3,28,3.0,10.5,0,sharp,ok,11.0,1.7766211805776804,0.017080594148182193,0.39843792971796577,0.002017134999988457,exact_sieve,0.0,,
shell,3,8,shell,0.5,equal,8,3,28,3.0,10.5,0,efficient,outside_schedule_domain,,,,,3.746000000148797e-05,unavailable,,,
shell,3,8,shell,0.5,equal,8,3,28,3.0,10.5,0,borda,ok,4.0,1.6575793052149526,-0.10196128121454562,0.6617844044760891,0.0013907230000000936,published_global_clipped_borda,0.0,,
shell,3,9,shell,0.5,equal,8,3,28,3.0,10.5,0,pl,ok,4.0,1.7817569077100117,0.0,,0.0035042739999937567,hunter_mm,,141.0,2.4185034927118718e-11
shell,3,9,shell,0.5,equal,8,3,28,3.0,10.5,0,mle,ok,4.0,1.6938002842718238,-0.08795662343818789,0.9672795990261153,0.0025156410000022333,exact_subset_dp,,,
shell,3,9,shell,0.5,equal,8,3,28,3.0,10.5,0,sharp,ok,11.0,1.7781495191868926,-0.0036073885231191483,0.11711369801112119,0.001951808000001165,exact_sieve,0.0,,
shell,3,9,shell,0.5,equal,8,3,28,3.0,10.5,0,efficient,outside_schedule_domain,,,,,3.5373000002891786e-05,unavailable,,,
shell,3,9,shell,0.5,equal,8,3,28,3.0,10.5,0,borda,ok,3.0,1.6229604319509596,-0.1587964757590521,0.8589084084290807,0.0015147680000069386,published_global_clipped_borda,0.0,,
shell,3,10,shell,0.5,equal,8,3,28,3.0,10.5,0,pl,ok,4.0,1.8176868772766928,0.0,,0.0019630439999929195,hunter_mm,,72.0,2.2541904850673486e-11
shell,3,10,shell,0.5,equal,8,3,28,3.0,10.5,0,mle,ok,3.0,1.6783664741586808,-0.13932040311801197,1.0246248379567524,0.0028385600000007116,exact_subset_dp,,,
shell,3,10,shell,0.5,equal,8,3,28,3.0,10.5,0,sharp,ok,6.0,1.7178366374057914,-0.09985023987090136,0.6617844044760891,0.001874795000006202,exact_sieve,0.0,,
shell,3,10,shell,0.5,equal,8,3,28,3.0,10.5,0,efficient,outside_schedule_domain,,,,,3.9026999999691725e-05,unavailable,,,
shell,3,10,shell,0.5,equal,8,3,28,3.0,10.5,0,borda,ok,4.0,1.698651688809852,-0.1190351884668408,0.8589084084290807,0.001477440999991586,published_global_clipped_borda,0.0,,
shell,3,11,shell,0.5,equal,8,3,28,3.0,10.5,0,pl,ok,5.0,1.706500788853649,0.0,,0.0015935370000050852,hunter_mm,,54.0,2.1615598200241948e-11
shell,3,11,shell,0.5,equal,8,3,28,3.0,10.5,0,mle,ok,7.0,1.8669598416830648,0.16045905282941586,1.0246248379567524,0.002913543999994772,exact_subset_dp,,,
shell,3,11,shell,0.5,equal,8,3,28,3.0,10.5,0,sharp,ok,10.0,1.7986103275007885,0.09210953864713955,0.5264006135801002,0.002043454000002498,exact_sieve,0.0,,
shell,3,11,shell,0.5,equal,8,3,28,3.0,10.5,0,efficient,outside_schedule_domain,,,,,3.4614999989912576e-05,unavailable,,,
shell,3,11,shell,0.5,equal,8,3,28,3.0,10.5,0,borda,ok,6.0,1.8301347108961112,0.12363392204246226,1.0246248379567524,0.0017772030000031691,published_global_clipped_borda,0.0,,
shell,3,12,shell,0.5,equal,8,3,28,3.0,10.5,0,pl,ok,3.0,1.7043299536771324,0.0,,0.002101455000001806,hunter_mm,,74.0,2.6666161342551018e-11
shell,3,12,shell,0.5,equal,8,3,28,3.0,10.5,0,mle,ok,4.0,1.7768403613680301,0.07251040769089778,1.2127529326707367,0.0030880089999953952,exact_subset_dp,,,
shell,3,12,shell,0.5,equal,8,3,28,3.0,10.5,0,sharp,ok,7.0,1.822885828544111,0.1185558748669786,0.9121196566486348,0.0018320840000001226,exact_sieve,0.0,,
shell,3,12,shell,0.5,equal,8,3,28,3.0,10.5,0,efficient,outside_schedule_domain,,,,,3.457200000411831e-05,unavailable,,,
shell,3,12,shell,0.5,equal,8,3,28,3.0,10.5,0,borda,ok,3.0,1.7358690561904684,0.031539102513336026,1.2127529326707367,0.0019263359999968088,published_global_clipped_borda,0.0,,
shell,3,13,shell,0.5,equal,8,3,28,3.0,10.5,0,pl,ok,4.0,1.6708831583113541,0.0,,0.001648789000000761,hunter_mm,,58.0,1.0281045855923106e-11
shell,3,13,shell,0.5,equal,8,3,28,3.0,10.5,0,mle,ok,2.0,1.6486224932479285,-0.02226066506342561,1.1470129282507922,0.0029372169999959397,exact_subset_dp,,,
shell,3,13,shell,0.5,equal,8,3,28,3.0,10.5,0,sharp,ok,11.0,1.8540979216638485,0.18321476335249431,0.6156729370132851,0.0020334510000026285,exact_sieve,0.0,,
shell,3,13,shell,0.5,equal,8,3,28,3.0,10.5,0,efficient,outside_schedule_domain,,,,,3.4944999995900616e-05,unavailable,,,
shell,3,13,shell,0.5,equal,8,3,28,3.0,10.5,0,borda,ok,4.0,1.6863107904739612,0.015427632162607008,0.9672795990261153,0.0013490850000010823,published_global_clipped_borda,0.0,,
shell,3,14,shell,0.5,equal,8,3,28,3.0,10.5,0,pl,no_unique_finite_mle,,,,,0.0002440049999989924,hunter_mm,,,
shell,3,14,shell,0.5,equal,8,3,28,3.0,10.5,0,mle,ok,4.0,2.430139842189142,,2.2278848645974922,0.003427682999998183,exact_subset_dp,,,
shell,3,14,shell,0.5,equal,8,3,28,3.0,10.5,0,sharp,ok,4.0,1.9342711260445338,,1.5178272565961248,0.0023152779999975337,exact_sieve,0.0,,
shell,3,14,shell,0.5,equal,8,3,28,3.0,10.5,0,efficient,outside_schedule_domain,,,,,3.574000000128308e-05,unavailable,,,
shell,3,14,shell,0.5,equal,8,3,28,3.0,10.5,0,borda,ok,3.0,2.219263648724662,,2.0716851120666124,0.0022540719999994963,published_global_clipped_borda,0.0,,
shell,3,15,shell,0.5,equal,8,3,28,3.0,10.5,0,pl,ok,8.0,1.677094672042335,0.0,,0.001265207000002988,hunter_mm,,39.0,1.3529875632554779e-11
shell,3,15,shell,0.5,equal,8,3,28,3.0,10.5,0,mle,ok,3.0,1.6172006440583053,-0.05989402798402965,0.7090287388626768,0.00273645099998987,exact_subset_dp,,,
shell,3,15,shell,0.5,equal,8,3,28,3.0,10.5,0,sharp,ok,14.0,1.793205696720274,0.1161110246779391,0.038969554757550054,0.001716302999994923,exact_sieve,0.0,,
shell,3,15,shell,0.5,equal,8,3,28,3.0,10.5,0,efficient,outside_schedule_domain,,,,,4.618900000252779e-05,unavailable,,,
shell,3,15,shell,0.5,equal,8,3,28,3.0,10.5,0,borda,ok,7.0,1.7042730889284448,0.02717841688610978,0.44041348850630796,0.0014720709999949122,published_global_clipped_borda,0.0,,
shell,3,16,shell,0.5,equal,8,3,28,3.0,10.5,0,pl,ok,1.0,1.642466750868003,0.0,,0.0016056950000091774,hunter_mm,,55.0,1.681270995439783e-11
shell,3,16,shell,0.5,equal,8,3,28,3.0,10.5,0,mle,ok,3.0,1.6902649320124299,0.0477981811444268,1.1470129282507922,0.002877811999994151,exact_subset_dp,,,
shell,3,16,shell,0.5,equal,8,3,28,3.0,10.5,0,sharp,ok,8.0,1.727798628511164,0.08533187764316086,0.5705796667792838,0.0019782429999963824,exact_sieve,0.0,,
shell,3,16,shell,0.5,equal,8,3,28,3.0,10.5,0,efficient,outside_schedule_domain,,,,,3.276600000390317e-05,unavailable,,,
shell,3,16,shell,0.5,equal,8,3,28,3.0,10.5,0,borda,ok,3.0,1.6927383411014398,0.05027159023343675,1.1470129282507922,0.0017248739999899954,published_global_clipped_borda,0.0,,
shell,3,17,shell,0.5,equal,8,3,28,3.0,10.5,0,pl,ok,8.0,1.7022474524846012,0.0,,0.0013387860000051433,hunter_mm,,44.0,1.6245830078024224e-11
shell,3,17,shell,0.5,equal,8,3,28,3.0,10.5,0,mle,ok,5.0,1.7086739147931007,0.006426462308499525,0.757533184154752,0.002476297000001182,exact_subset_dp,,,
shell,3,17,shell,0.5,equal,8,3,28,3.0,10.5,0,sharp,ok,12.0,1.7844106922612961,0.08216323977669493,0.15639208465863194,0.001978733000001398,exact_sieve,0.0,,
shell,3,17,shell,0.5,equal,8,3,28,3.0,10.5,0,efficient,outside_schedule_domain,,,,,3.481599999588525e-05,unavailable,,,
shell,3,17,shell,0.5,equal,8,3,28,3.0,10.5,0,borda,ok,7.0,1.7166290801507125,0.014381627666111285,0.48304091257642995,0.0013190049999991516,published_global_clipped_borda,0.0,,
shell,3,18,shell,0.5,equal,8,3,28,3.0,10.5,0,pl,ok,3.0,1.6745602355880944,0.0,,0.0029661469999950896,hunter_mm,,117.0,4.1471651509742256e-11
shell,3,18,shell,0.5,equal,8,3,28,3.0,10.5,0,mle,ok,0.0,1.6081463149522794,-0.06641392063581497,1.2820987754788464,0.0028537280000051624,exact_subset_dp,,,
shell,3,18,shell,0.5,equal,8,3,28,3.0,10.5,0,sharp,ok,4.0,1.6514793079564192,-0.02308092763167524,0.6617844044760891,0.0036662349999971866,exact_sieve,0.0,,
shell,3,18,shell,0.5,equal,8,3,28,3.0,10.5,0,efficient,outside_schedule_domain,,,,,8.948800000041501e-05,unavailable,,,
shell,3,18,shell,0.5,equal,8,3,28,3.0,10.5,0,borda,ok,3.0,1.7089146172004228,0.0343543816123284,1.2127529326707367,0.002656458000004136,published_global_clipped_borda,0.0,,
shell,3,19,shell,0.5,equal,8,3,28,3.0,10.5,0,pl,ok,4.0,1.888741676487089,0.0,,0.003273788000001332,hunter_mm,,128.0,2.3422375150516928e-11
shell,3,19,shell,0.5,equal,8,3,28,3.0,10.5,0,mle,ok,2.0,1.637299230523481,-0.251442445963608,1.0844293045104068,0.0030589230000117595,exact_subset_dp,,,
shell,3,19,shell,0.5,equal,8,3,28,3.0,10.5,0,sharp,ok,7.0,1.7266914270320135,-0.1620502494550755,0.48304091257642995,0.001976549999994859,exact_sieve,0.0,,
shell,3,19,shell,0.5,equal,8,3,28,3.0,10.5,0,efficient,outside_schedule_domain,,,,,3.952500000536929e-05,unavailable,,,
shell,3,19,shell,0.5,equal,8,3,28,3.0,10.5,0,borda,ok,4.0,1.705122455415454,-0.18361922107163497,1.0246248379567524,0.0018466549999942572,published_global_clipped_borda,0.0,,
shell,3,20,shell,0.5,equal,8,3,28,3.0,10.5,0,pl,ok,5.0,1.6966127690428199,0.0,,0.002293078999997533,hunter_mm,,86.0,2.1159328257778854e-11
shell,3,20,shell,0.5,equal,8,3,28,3.0,10.5,0,mle,ok,4.0,1.683420466141845,-0.01319230290097484,0.9121196566486348,0.0025557740000010654,exact_subset_dp,,,
shell,3,20,shell,0.5,equal,8,3,28,3.0,10.5,0,sharp,ok,10.0,1.7656037698394185,0.06899100079659859,0.31614842415667943,0.002032976000009512,exact_sieve,0.0,,
shell,3,20,shell,0.5,equal,8,3,28,3.0,10.5,0,efficient,outside_schedule_domain,,,,,3.50619999949231e-05,unavailable,,,
shell,3,20,shell,0.5,equal,8,3,28,3.0,10.5,0,borda,ok,6.0,1.73765180628144,0.04103903723862001,0.8589084084290807,0.001410494999987577,published_global_clipped_borda,0.0,,
shell,3,21,shell,0.5,equal,8,3,28,3.0,10.5,0,pl,ok,2.0,1.6654056108760713,0.0,,0.0016514280000023973,hunter_mm,,53.0,2.6234252865313986e-11
shell,3,21,shell,0.5,equal,8,3,28,3.0,10.5,0,mle,ok,2.0,1.7092663778934538,0.04386076701738251,1.2820987754788464,0.0028971140000066953,exact_subset_dp,,,
shell,3,21,shell,0.5,equal,8,3,28,3.0,10.5,0,sharp,ok,3.0,1.617868644618561,-0.04753696625751025,0.8074398347256734,0.0020144979999940915,exact_sieve,0.0,,
shell,3,21,shell,0.5,equal,8,3,28,3.0,10.5,0,efficient,outside_schedule_domain,,,,,3.4518000006755756e-05,unavailable,,,
shell,3,21,shell,0.5,equal,8,3,28,3.0,10.5,0,borda,ok,2.0,1.6313012597533783,-0.034104351122693055,1.0844293045104068,0.0018274340000061784,published_global_clipped_borda,0.0,,
shell,3,22,shell,0.5,equal,8,3,28,3.0,10.5,0,pl,ok,7.0,1.8246466593535728,0.0,,0.002234682999997517,hunter_mm,,82.0,1.9876957223021107e-11
shell,3,22,shell,0.5,equal,8,3,28,3.0,10.5,0,mle,ok,7.0,1.7721943325842144,-0.052452326769358404,0.8074398347256734,0.0026468009999973674,exact_subset_dp,,,
shell,3,22,shell,0.5,equal,8,3,28,3.0,10.5,0,sharp,ok,9.0,1.7469039366438688,-0.07774272270970406,0.31614842415667943,0.0020699769999907858,exact_sieve,0.0,,
shell,3,22,shell,0.5,equal,8,3,28,3.0,10.5,0,efficient,outside_schedule_domain,,,,,3.485800000646577e-05,unavailable,,,
shell,3,22,shell,0.5,equal,8,3,28,3.0,10.5,0,borda,ok,8.0,1.7907804214680167,-0.033866237885556094,0.757533184154752,0.0012840830000016012,published_global_clipped_borda,0.0,,
shell,3,23,shell,0.5,equal,8,3,28,3.0,10.5,0,pl,ok,5.0,1.7380320056376748,0.0,,0.0026262189999926022,hunter_mm,,93.0,3.0422204438147156e-11
shell,3,23,shell,0.5,equal,8,3,28,3.0,10.5,0,mle,ok,6.0,1.8394249913533007,0.10139298571562594,1.0844293045104068,0.003029924000003348,exact_subset_dp,,,
shell,3,23,shell,0.5,equal,8,3,28,3.0,10.5,0,sharp,ok,8.0,1.7801904432226285,0.042158437584953745,0.7090287388626768,0.0021368880000096624,exact_sieve,0.0,,
shell,3,23,shell,0.5,equal,8,3,28,3.0,10.5,0,efficient,outside_schedule_domain,,,,,5.846199999837154e-05,unavailable,,,
shell,3,23,shell,0.5,equal,8,3,28,3.0,10.5,0,borda,ok,6.0,1.7395998738747438,0.0015678682370690034,0.8074398347256734,0.0017164489999998978,published_global_clipped_borda,0.0,,
shell,3,24,shell,0.5,equal,8,3,28,3.0,10.5,0,pl,ok,2.0,1.5869328587457259,0.0,,0.0012376910000000407,hunter_mm,,39.0,1.1846650644591656e-11
shell,3,24,shell,0.5,equal,8,3,28,3.0,10.5,0,mle,ok,0.0,1.5383166567941944,-0.04861620195153149,0.9121196566486348,0.0024786150000011276,exact_subset_dp,,,
shell,3,24,shell,0.5,equal,8,3,28,3.0,10.5,0,sharp,ok,6.0,1.6872583741329048,0.10032551538717893,0.5264006135801002,0.0021338300000053323,exact_sieve,0.0,,
shell,3,24,shell,0.5,equal,8,3,28,3.0,10.5,0,efficient,outside_schedule_domain,,,,,3.6502999989806995e-05,unavailable,,,
shell,3,24,shell,0.5,equal,8,3,28,3.0,10.5,0,borda,ok,2.0,1.5961028570219673,0.009169998276241431,0.8074398347256734,0.0014567160000069634,published_global_clipped_borda,0.0,,
shell,3,25,shell,0.5,equal,8,3,28,3.0,10.5,0,pl,ok,4.0,1.7056179134096616,0.0,,0.0019531810000046335,hunter_mm,,71.0,1.8076143756421257e-11
shell,3,25,shell,0.5,equal,8,3,28,3.0,10.5,0,mle,ok,4.0,1.810389886800681,0.10477197339101929,1.2820987754788464,0.0029886650000037207,exact_subset_dp,,,
shell,3,25,shell,0.5,equal,8,3,28,3.0,10.5,0,sharp,ok,4.0,1.6548512512891609,-0.05076666212050074,0.5705796667792838,0.0020638569999960055,exact_sieve,0.0,,
shell,3,25,shell,0.5,equal,8,3,28,3.0,10.5,0,efficient,outside_schedule_domain,,,,,3.660199999444558e-05,unavailable,,,
shell,3,25,shell,0.5,equal,8,3,28,3.0,10.5,0,borda,ok,7.0,1.8090520979670146,0.10343418455735298,0.9672795990261153,0.0013713359999911745,published_global_clipped_borda,0.0,,
shell,3,26,shell,0.5,equal,8,3,28,3.0,10.5,0,pl,no_unique_finite_mle,,,,,0.0002485249999892858,hunter_mm,,,
shell,3,26,shell,0.5,equal,8,3,28,3.0,10.5,0,mle,ok,0.0,1.6081463149522794,,1.2820987754788464,0.002897687000000815,exact_subset_dp,,,
shell,3,26,shell,0.5,equal,8,3,28,3.0,10.5,0,sharp,ok,9.0,1.7883303661220071,,0.5264006135801002,0.002025267999997027,exact_sieve,0.0,,
shell,3,26,shell,0.5,equal,8,3,28,3.0,10.5,0,efficient,outside_schedule_domain,,,,,3.329799999107763e-05,unavailable,,,
shell,3,26,shell,0.5,equal,8,3,28,3.0,10.5,0,borda,ok,3.0,1.7291372159860827,,1.2127529326707367,0.0019095440000000963,published_global_clipped_borda,0.0,,
shell,3,27,shell,0.5,equal,8,3,28,3.0,10.5,0,pl,ok,7.0,1.8333262575188507,0.0,,0.001644921000007571,hunter_mm,,58.0,5.57274861177705e-12
shell,3,27,shell,0.5,equal,8,3,28,3.0,10.5,0,mle,ok,7.0,1.852863149248969,0.01953689173011841,0.9672795990261153,0.0024052970000099094,exact_subset_dp,,,
shell,3,27,shell,0.5,equal,8,3,28,3.0,10.5,0,sharp,ok,2.0,1.5976696702061537,-0.235656587312697,0.8074398347256734,0.0020127800000011575,exact_sieve,0.0,,
shell,3,27,shell,0.5,equal,8,3,28,3.0,10.5,0,efficient,outside_schedule_domain,,,,,3.6991000001762586e-05,unavailable,,,
shell,3,27,shell,0.5,equal,8,3,28,3.0,10.5,0,borda,ok,8.0,1.8118472484443673,-0.021479009074483413,0.8074398347256734,0.0015331400000064832,published_global_clipped_borda,0.0,,
shell,3,28,shell,0.5,equal,8,3,28,3.0,10.5,0,pl,ok,2.0,1.584595932889144,0.0,,0.001667022999995993,hunter_mm,,57.0,1.2305616842971696e-11
shell,3,28,shell,0.5,equal,8,3,28,3.0,10.5,0,mle,ok,0.0,1.5383166567941944,-0.04627927609494953,0.9121196566486348,0.0027184129999966444,exact_subset_dp,,,
shell,3,28,shell,0.5,equal,8,3,28,3.0,10.5,0,sharp,ok,8.0,1.792668839559839,0.208072906670695,0.6617844044760891,0.0019212360000011586,exact_sieve,0.0,,
shell,3,28,shell,0.5,equal,8,3,28,3.0,10.5,0,efficient,outside_schedule_domain,,,,,3.5408000002234985e-05,unavailable,,,
shell,3,28,shell,0.5,equal,8,3,28,3.0,10.5,0,borda,ok,1.0,1.5633005009733383,-0.02129543191580563,0.8074398347256734,0.0014734029999914355,published_global_clipped_borda,0.0,,
shell,3,29,shell,0.5,equal,8,3,28,3.0,10.5,0,pl,ok,3.0,1.619761725253437,0.0,,0.0020194860000088966,hunter_mm,,71.0,2.623215930189612e-11
shell,3,29,shell,0.5,equal,8,3,28,3.0,10.5,0,mle,ok,6.0,1.818556942481803,0.19879521722836602,1.0844293045104068,0.003008600000001138,exact_subset_dp,,,
shell,3,29,shell,0.5,equal,8,3,28,3.0,10.5,0,sharp,ok,1.0,1.5636788587311123,-0.05608286652232475,0.8074398347256734,0.002070388999996453,exact_sieve,0.0,,
shell,3,29,shell,0.5,equal,8,3,28,3.0,10.5,0,efficient,outside_schedule_domain,,,,,3.4240999994494814e-05,unavailable,,,
shell,3,29,shell,0.5,equal,8,3,28,3.0,10.5,0,borda,ok,3.0,1.6419395023461707,0.022177777092733608,0.9672795990261153,0.001333184999992909,published_global_clipped_borda,0.0,,
shell,3,30,shell,0.5,equal,8,3,28,3.0,10.5,0,pl,ok,4.0,1.8196555469686089,0.0,,0.0017685229999955254,hunter_mm,,62.0,1.1748824135793257e-11
shell,3,30,shell,0.5,equal,8,3,28,3.0,10.5,0,mle,ok,4.0,1.689020973163633,-0.1306345738049759,0.9672795990261153,0.0024634769999920536,exact_subset_dp,,,
shell,3,30,shell,0.5,equal,8,3,28,3.0,10.5,0,sharp,ok,14.0,1.791759469228055,-0.027896077740553915,0.0,0.000685747999995101,exact_sieve,0.0,,
shell,3,30,shell,0.5,equal,8,3,28,3.0,10.5,0,efficient,outside_schedule_domain,,,,,3.010099999301019e-05,unavailable,,,
shell,3,30,shell,0.5,equal,8,3,28,3.0,10.5,0,borda,ok,5.0,1.7297162768169887,-0.08993927015162018,0.9672795990261153,0.001412621999989483,published_global_clipped_borda,0.0,,
shell,3,31,shell,0.5,equal,8,3,28,3.0,10.5,0,pl,ok,6.0,1.9869701699847715,0.0,,0.0030021620000013627,hunter_mm,,116.0,2.146939768822774e-11
shell,3,31,shell,0.5,equal,8,3,28,3.0,10.5,0,mle,ok,7.0,2.025872883961389,0.0389027139766176,1.2820987754788464,0.0029489839999996548,exact_subset_dp,,,
shell,3,31,shell,0.5,equal,8,3,28,3.0,10.5,0,sharp,ok,10.0,1.9071418715796322,-0.07982829840513928,0.8074398347256734,0.002059981999991578,exact_sieve,0.0,,
shell,3,31,shell,0.5,equal,8,3,28,3.0,10.5,0,efficient,outside_schedule_domain,,,,,3.4507999998822925e-05,unavailable,,,
shell,3,31,shell,0.5,equal,8,3,28,3.0,10.5,0,borda,ok,5.0,1.8303991753481468,-0.15657099463662472,1.2127529326707367,0.0019421629999953893,published_global_clipped_borda,0.0,,
shell,3,32,shell,0.5,equal,8,3,28,3.0,10.5,0,pl,ok,3.0,1.669739901737686,0.0,,0.0020194150000065747,hunter_mm,,74.0,2.781920725526886e-11
shell,3,32,shell,0.5,equal,8,3,28,3.0,10.5,0,mle,ok,6.0,1.7204018903601,0.050661988622414,0.8074398347256734,0.00266720300000145,exact_subset_dp,,,
shell,3,32,shell,0.5,equal,8,3,28,3.0,10.5,0,sharp,ok,10.0,1.7740423182002103,0.10430241646252436,0.44041348850630796,0.0020669499999996788,exact_sieve,0.0,,
shell,3,32,shell,0.5,equal,8,3,28,3.0,10.5,0,efficient,outside_schedule_domain,,,,,3.737900000544414e-05,unavailable,,,
shell,3,32,shell,0.5,equal,8,3,28,3.0,10.5,0,borda,ok,4.0,1.6456985698459277,-0.024041331891758277,0.8074398347256734,0.0014553839999962292,published_global_clipped_borda,0.0,,
shell,3,33,shell,0.5,equal,8,3,28,3.0,10.5,0,pl,ok,5.0,1.6216165875778092,0.0,,0.0013080410000014808,hunter_mm,,41.0,1.8471954125029046e-11
shell,3,33,shell,0.5,equal,8,3,28,3.0,10.5,0,mle,ok,7.0,1.7479671124040206,0.12635052482621134,0.6617844044760891,0.002481086999992499,exact_subset_dp,,,
shell,3,33,shell,0.5,equal,8,3,28,3.0,10.5,0,sharp,ok,13.0,1.803088156846084,0.18147156926827468,0.23562881521737206,0.0018793239999865818,exact_sieve,0.0,,
shell,3,33,shell,0.5,equal,8,3,28,3.0,10.5,0,efficient,outside_schedule_domain,,,,,3.532499999892025e-05,unavailable,,,
shell,3,33,shell,0.5,equal,8,3,28,3.0,10.5,0,borda,ok,6.0,1.6834167383396559,0.06180015076184664,0.5264006135801002,0.0014348280000007207,published_global_clipped_borda,0.0,,
shell,3,34,shell,0.5,equal,8,3,28,3.0,10.5,0,pl,ok,4.0,1.7655564027773505,0.0,,0.0015722340000081658,hunter_mm,,55.0,2.0404947572874985e-11
shell,3,34,shell,0.5,equal,8,3,28,3.0,10.5,0,mle,ok,5.0,1.734950014906834,-0.030606387870516505,1.0246248379567524,0.002887931999993043,exact_subset_dp,,,
shell,3,34,shell,0.5,equal,8,3,28,3.0,10.5,0,sharp,ok,13.0,1.8249411805916467,0.059384777814296186,0.3570395237671002,0.0019965470000045116,exact_sieve,0.0,,
shell,3,34,shell,0.5,equal,8,3,28,3.0,10.5,0,efficient,outside_schedule_domain,,,,,3.598300000362542e-05,unavailable,,,
shell,3,34,shell,0.5,equal,8,3,28,3.0,10.5,0,borda,ok,5.0,1.7192903995615645,-0.046266003215786,0.9121196566486348,0.0014406720000010864,published_global_clipped_borda,0.0,,
shell,3,35,shell,0.5,equal,8,3,28,3.0,10.5,0,pl,ok,2.0,1.589392188519929,0.0,,0.0013607619999902454,hunter_mm,,44.0,1.4864617473416988e-11
shell,3,35,shell,0.5,equal,8,3,28,3.0,10.5,0,mle,ok,5.0,1.6937948764574664,0.10440268793753749,0.757533184154752,0.0024973539999990635,exact_subset_dp,,,
shell,3,35,shell,0.5,equal,8,3,28,3.0,10.5,0,sharp,ok,9.0,1.771500268155219,0.18210807963529008,0.48304091257642995,0.0019327849999939417,exact_sieve,0.0,,
shell,3,35,shell,0.5,equal,8,3,28,3.0,10.5,0,efficient,outside_schedule_domain,,,,,3.5260999993624864e-05,unavailable,,,
shell,3,35,shell,0.5,equal,8,3,28,3.0,10.5,0,borda,ok,2.0,1.5882678694733348,-0.0011243190465941577,0.6156729370132851,0.001543984000008436,published_global_clipped_borda,0.0,,
shell,3,36,shell,0.5,equal,8,3,28,3.0,10.5,0,pl,ok,4.0,1.7572003402240162,0.0,,0.002314226000009967,hunter_mm,,85.0,1.6697690849046662e-11
shell,3,36,shell,0.5,equal,8,3,28,3.0,10.5,0,mle,ok,6.0,1.7935141658295564,0.036313825605540195,0.9672795990261153,0.0025019079999992755,exact_subset_dp,,,
shell,3,36,shell,0.5,equal,8,3,28,3.0,10.5,0,sharp,ok,6.0,1.7147838680185423,-0.04241647220547384,0.7090287388626768,0.0020140040000029558,exact_sieve,0.0,,
shell,3,36,shell,0.5,equal,8,3,28,3.0,10.5,0,efficient,outside_schedule_domain,,,,,3.339399999902071e-05,unavailable,,,
shell,3,36,shell,0.5,equal,8,3,28,3.0,10.5,0,borda,ok,3.0,1.6433708085480858,-0.11382953167593035,0.9121196566486348,0.001295149000000606,published_global_clipped_borda,0.0,,
shell,3,37,shell,0.5,equal,8,3,28,3.0,10.5,0,pl,ok,3.0,1.6247394181004118,0.0,,0.0015705679999911126,hunter_mm,,52.0,2.5373925183203028e-11
shell,3,37,shell,0.5,equal,8,3,28,3.0,10.5,0,mle,ok,3.0,1.6609834190284118,0.036244000928000064,0.9672795990261153,0.0024457879999886245,exact_subset_dp,,,
shell,3,37,shell,0.5,equal,8,3,28,3.0,10.5,0,sharp,ok,9.0,1.742089384830345,0.11734996672993314,0.23562881521737206,0.001977371000009498,exact_sieve,0.0,,
shell,3,37,shell,0.5,equal,8,3,28,3.0,10.5,0,efficient,outside_schedule_domain,,,,,4.751199999475375e-05,unavailable,,,
shell,3,37,shell,0.5,equal,8,3,28,3.0,10.5,0,borda,ok,3.0,1.6361645383394332,0.011425120239021425,0.8589084084290807,0.0014481019999976752,published_global_clipped_borda,0.0,,
shell,3,38,shell,0.5,equal,8,3,28,3.0,10.5,0,pl,ok,3.0,1.619437192736516,0.0,,0.001674747000009802,hunter_mm,,57.0,2.953028298082115e-11
shell,3,38,shell,0.5,equal,8,3,28,3.0,10.5,0,mle,ok,5.0,1.7356291239511417,0.11619193121462557,0.8074398347256734,0.0025969069999973726,exact_subset_dp,,,
shell,3,38,shell,0.5,equal,8,3,28,3.0,10.5,0,sharp,ok,7.0,1.7292871707735775,0.10984997803706142,0.27569892377869015,0.002053824000000759,exact_sieve,0.0,,
shell,3,38,shell,0.5,equal,8,3,28,3.0,10.5,0,efficient,outside_schedule_domain,,,,,3.554699999597233e-05,unavailable,,,
shell,3,38,shell,0.5,equal,8,3,28,3.0,10.5,0,borda,ok,3.0,1.6231708115799204,0.003733618843404285,0.6617844044760891,0.0013038750000049504,published_global_clipped_borda,0.0,,
shell,3,39,shell,0.5,equal,8,3,28,3.0,10.5,0,pl,ok,5.0,1.730777738342324,0.0,,0.002294790999997076,hunter_mm,,88.0,2.2449661177656057e-11
shell,3,39,shell,0.5,equal,8,3,28,3.0,10.5,0,mle,ok,4.0,1.8074243887555692,0.07664665041324525,1.2820987754788464,0.00304614299999173,exact_subset_dp,,,
shell,3,39,shell,0.5,equal,8,3,28,3.0,10.5,0,sharp,ok,8.0,1.7447796367275266,0.014001898385202605,0.5264006135801002,0.0020800599999972746,exact_sieve,0.0,,
shell,3,39,shell,0.5,equal,8,3,28,3.0,10.5,0,efficient,outside_schedule_domain,,,,,3.340600000001359e-05,unavailable,,,
shell,3,39,shell,0.5,equal,8,3,28,3.0,10.5,0,borda,ok,5.0,1.7886911346882668,0.057913396345942836,1.1470129282507922,0.0017194699999976137,published_global_clipped_borda,0.0,,
shell,4,0,shell,0.5,equal,8,3,112,12.0,42.0,0,pl,ok,2.0,1.6299550788388357,0.0,,0.0021618809999921496,hunter_mm,,61.0,2.820042612126729e-11
shell,4,0,shell,0.5,equal,8,3,112,12.0,42.0,0,mle,ok,0.0,1.5609478347904,-0.06900724404843572,1.0844293045104068,0.003259783999993715,exact_subset_dp,,,
shell,4,0,shell,0.5,equal,8,3,112,12.0,42.0,0,sharp,ok,4.0,1.6693642087633684,0.039409129924532715,0.757533184154752,0.003335434999996778,exact_sieve,0.0,,
shell,4,0,shell,0.5,equal,8,3,112,12.0,42.0,0,efficient,outside_schedule_domain,,,,,4.9605000000951804e-05,unavailable,,,
shell,4,0,shell,0.5,equal,8,3,112,12.0,42.0,0,borda,ok,2.0,1.624364940821303,-0.00559013801753272,1.0393337671007024,0.0019142169999923908,published_global_clipped_borda,0.0,,
shell,4,1,shell,0.5,equal,8,3,112,12.0,42.0,0,pl,ok,2.0,1.5937259052997115,0.0,,0.001554291000005037,hunter_mm,,39.0,1.4779669551704242e-11
shell,4,1,shell,0.5,equal,8,3,112,12.0,42.0,0,mle,ok,0.0,1.5339863031596663,-0.059739602140045145,0.8074398347256734,0.0027018619999950033,exact_subset_dp,,,
shell,4,1,shell,0.5,equal,8,3,112,12.0,42.0,0,sharp,ok,10.0,1.7848054504999697,0.19107954520025827,0.4723186526254579,0.003468760999993492,exact_sieve,0.0,,
shell,4,1,shell,0.5,equal,8,3,112,12.0,42.0,0,efficient,outside_schedule_domain,,,,,4.6792999995659557e-05,unavailable,,,
shell,4,1,shell,0.5,equal,8,3,112,12.0,42.0,0,borda,ok,2.0,1.58924170528305,-0.004484200016661388,0.7823017009175557,0.0013432330000000547,published_global_clipped_borda,0.0,,
shell,4,2,shell,0.5,equal,8,3,112,12.0,42.0,0,pl,ok,1.0,1.604305194749087,0.0,,0.0015301499999935686,hunter_mm,,40.0,1.666971322882611e-11
shell,4,2,shell,0.5,equal,8,3,112,12.0,42.0,0,mle,ok,1.0,1.5642700696487175,-0.04003512510036944,0.8201538760195531,0.002563758000007965,exact_subset_dp,,,
shell,4,2,shell,0.5,equal,8,3,112,12.0,42.0,0,sharp,ok,5.0,1.6776759709990525,0.07337077624996557,0.697104725066857,0.0034175299999930076,exact_sieve,0.0,,
shell,4,2,shell,0.5,equal,8,3,112,12.0,42.0,0,efficient,outside_schedule_domain,,,,,5.043000000171105e-05,unavailable,,,
shell,4,2,shell,0.5,equal,8,3,112,12.0,42.0,0,borda,ok,2.0,1.5892190575089624,-0.01508613724012453,0.7698724759713074,0.0012979629999989584,published_global_clipped_borda,0.0,,
shell,4,3,shell,0.5,equal,8,3,112,12.0,42.0,0,pl,ok,3.0,1.5879296461898333,0.0,,0.0016469490000048381,hunter_mm,,45.0,1.4166763000795462e-11
shell,4,3,shell,0.5,equal,8,3,112,12.0,42.0,0,mle,ok,1.0,1.569052824169448,-0.01887682202038543,0.8852839704922475,0.0025112599999914664,exact_subset_dp,,,
shell,4,3,shell,0.5,equal,8,3,112,12.0,42.0,0,sharp,ok,0.0,1.535777586099218,-0.05215206009061535,0.8720402655126755,0.0034380989999931444,exact_sieve,0.0,,
shell,4,3,shell,0.5,equal,8,3,112,12.0,42.0,0,efficient,outside_schedule_domain,,,,,4.8504000005777925e-05,unavailable,,,
shell,4,3,shell,0.5,equal,8,3,112,12.0,42.0,0,borda,ok,3.0,1.617928876651781,0.029999230461947635,0.8201538760195531,0.0014180059999944206,published_global_clipped_borda,0.0,,
shell,4,4,shell,0.5,equal,8,3,112,12.0,42.0,0,pl,ok,1.0,1.5916448398056575,0.0,,0.001938480000006848,hunter_mm,,55.0,2.89811349521837e-11
shell,4,4,shell,0.5,equal,8,3,112,12.0,42.0,0,mle,ok,1.0,1.5762160556090554,-0.015428784196602097,0.9672795990261153,0.0025234490000087817,exact_subset_dp,,,
shell,4,4,shell,0.5,equal,8,3,112,12.0,42.0,0,sharp,ok,2.0,1.6027006866758051,0.011055846870147601,0.9257182786944403,0.0033216439999961267,exact_sieve,0.0,,
shell,4,4,shell,0.5,equal,8,3,112,12.0,42.0,0,efficient,outside_schedule_domain,,,,,4.972600000030525e-05,unavailable,,,
shell,4,4,shell,0.5,equal,8,3,112,12.0,42.0,0,borda,ok,1.0,1.566766098340195,-0.02487874146546254,0.8589084084290807,0.0015074150000060627,published_global_clipped_borda,0.0,,
shell,4,5,shell,0.5,equal,8,3,112,12.0,42.0,0,pl,ok,2.0,1.59748959972206,0.0,,0.0014444219999916186,hunter_mm,,39.0,1.673613628635654e-11
shell,4,5,shell,0.5,equal,8,3,112,12.0,42.0,0,mle,ok,3.0,1.6157979977065495,0.018308397984489577,0.5817633816848975,0.0027311869999948613,exact_subset_dp,,,
shell,4,5,shell,0.5,equal,8,3,112,12.0,42.0,0,sharp,ok,8.0,1.7351863259744547,0.1376967262523947,0.4088748820359535,0.0036095370000026605,exact_sieve,0.0,,
shell,4,5,shell,0.5,equal,8,3,112,12.0,42.0,0,efficient,outside_schedule_domain,,,,,5.0048000005631366e-05,unavailable,,,
shell,4,5,shell,0.5,equal,8,3,112,12.0,42.0,0,borda,ok,3.0,1.6179242091027182,0.02043460938065822,0.5154873992669441,0.001368300000009981,published_global_clipped_borda,0.0,,
shell,4,6,shell,0.5,equal,8,3,112,12.0,42.0,0,pl,ok,0.0,1.5614009954408543,0.0,,0.001719905999991056,hunter_mm,,49.0,2.404692318285535e-11
shell,4,6,shell,0.5,equal,8,3,112,12.0,42.0,0,mle,ok,0.0,1.5383166567941944,-0.02308433864665993,0.9121196566486348,0.0024538149999955294,exact_subset_dp,,,
shell,4,6,shell,0.5,equal,8,3,112,12.0,42.0,0,sharp,ok,6.0,1.6883049992717778,0.12690400383092348,0.5817633816848975,0.0033444829999922376,exact_sieve,0.0,,
shell,4,6,shell,0.5,equal,8,3,112,12.0,42.0,0,efficient,outside_schedule_domain,,,,,4.838200000278903e-05,unavailable,,,
shell,4,6,shell,0.5,equal,8,3,112,12.0,42.0,0,borda,ok,0.0,1.5383166567941944,-0.02308433864665993,0.9121196566486348,0.0013719700000081048,published_global_clipped_borda,0.0,,
shell,4,7,shell,0.5,equal,8,3,112,12.0,42.0,0,pl,ok,2.0,1.6043880530053496,0.0,,0.00166830599999912,hunter_mm,,46.0,1.85257523607366e-11
shell,4,7,shell,0.5,equal,8,3,112,12.0,42.0,0,mle,ok,1.0,1.5664371207417227,-0.03795093226362689,0.6385945001665354,0.0025254640000014206,exact_subset_dp,,,
shell,4,7,shell,0.5,equal,8,3,112,12.0,42.0,0,sharp,ok,1.0,1.5664371207417227,-0.03795093226362689,0.6385945001665354,0.0031395800000098006,exact_sieve,0.0,,
shell,4,7,shell,0.5,equal,8,3,112,12.0,42.0,0,efficient,outside_schedule_domain,,,,,4.688599999269627e-05,unavailable,,,
shell,4,7,shell,0.5,equal,8,3,112,12.0,42.0,0,borda,ok,3.0,1.6119913515336721,0.007603298528322533,0.5817633816848975,0.0014345569999960617,published_global_clipped_borda,0.0,,
shell,4,8,shell,0.5,equal,8,3,112,12.0,42.0,0,pl,ok,2.0,1.604199411848057,0.0,,0.0016619790000049761,hunter_mm,,43.0,1.2767057252663757e-11
shell,4,8,shell,0.5,equal,8,3,112,12.0,42.0,0,mle,ok,1.0,1.5585802821890313,-0.04561912965902559,0.757533184154752,0.0026045729999992773,exact_subset_dp,,,
shell,4,8,shell,0.5,equal,8,3,112,12.0,42.0,0,sharp,ok,5.0,1.67257725453191,0.06837784268385305,0.7090287388626768,0.003286604999999554,exact_sieve,0.0,,
shell,4,8,shell,0.5,equal,8,3,112,12.0,42.0,0,efficient,outside_schedule_domain,,,,,4.5957000011753735e-05,unavailable,,,
shell,4,8,shell,0.5,equal,8,3,112,12.0,42.0,0,borda,ok,2.0,1.5899758219131166,-0.014223589934940328,0.7452814445194086,0.0014303429999955597,published_global_clipped_borda,0.0,,
shell,4,9,shell,0.5,equal,8,3,112,12.0,42.0,0,pl,ok,2.0,1.592191478747232,0.0,,0.0016810789999937015,hunter_mm,,47.0,2.2097117786350803e-11
shell,4,9,shell,0.5,equal,8,3,112,12.0,42.0,0,mle,ok,2.0,1.601603812874563,0.009412334127331112,0.9394420412429931,0.002730849000002422,exact_subset_dp,,,
shell,4,9,shell,0.5,equal,8,3,112,12.0,42.0,0,sharp,ok,4.0,1.6586926033679052,0.06650112462067326,0.832968122258636,0.0033123340000003054,exact_sieve,0.0,,
shell,4,9,shell,0.5,equal,8,3,112,12.0,42.0,0,efficient,outside_schedule_domain,,,,,4.63869999975941e-05,unavailable,,,
shell,4,9,shell,0.5,equal,8,3,112,12.0,42.0,0,borda,ok,2.0,1.601603812874563,0.009412334127331112,0.9394420412429931,0.0014829340000090951,published_global_clipped_borda,0.0,,
shell,4,10,shell,0.5,equal,8,3,112,12.0,42.0,0,pl,ok,1.0,1.597686287675919,0.0,,0.0019529779999913899,hunter_mm,,58.0,1.7753544666123032e-11
shell,4,10,shell,0.5,equal,8,3,112,12.0,42.0,0,mle,ok,1.0,1.5834349931376306,-0.01425129453828844,1.0246248379567524,0.0029869009999998752,exact_subset_dp,,,
shell,4,10,shell,0.5,equal,8,3,112,12.0,42.0,0,sharp,ok,2.0,1.6049287696180734,0.007242481942154377,0.9394420412429931,0.003483987000009847,exact_sieve,0.0,,
shell,4,10,shell,0.5,equal,8,3,112,12.0,42.0,0,efficient,outside_schedule_domain,,,,,4.8810999999204796e-05,unavailable,,,
shell,4,10,shell,0.5,equal,8,3,112,12.0,42.0,0,borda,ok,2.0,1.6127748200191996,0.015088532343280558,0.9121196566486348,0.0013601290000053723,published_global_clipped_borda,0.0,,
shell,4,11,shell,0.5,equal,8,3,112,12.0,42.0,0,pl,ok,3.0,1.5998141932824002,0.0,,0.0016922559999983378,hunter_mm,,46.0,2.1043991945849225e-11
shell,4,11,shell,0.5,equal,8,3,112,12.0,42.0,0,mle,ok,1.0,1.5588312943463563,-0.0409828989360439,0.7823017009175557,0.002539288000008355,exact_subset_dp,,,
shell,4,11,shell,0.5,equal,8,3,112,12.0,42.0,0,sharp,ok,5.0,1.6800653201687408,0.08025112688634062,0.697104725066857,0.00339846399999999,exact_sieve,0.0,,
shell,4,11,shell,0.5,equal,8,3,112,12.0,42.0,0,efficient,outside_schedule_domain,,,,,4.7895999998104344e-05,unavailable,,,
shell,4,11,shell,0.5,equal,8,3,112,12.0,42.0,0,borda,ok,2.0,1.587878375679682,-0.011935817602718224,0.7331149445745953,0.0013916700000038418,published_global_clipped_borda,0.0,,
shell,4,12,shell,0.5,equal,8,3,112,12.0,42.0,0,pl,ok,2.0,1.5802689479193235,0.0,,0.0017487080000080368,hunter_mm,,46.0,1.4925648019113525e-11
shell,4,12,shell,0.5,equal,8,3,112,12.0,42.0,0,mle,ok,4.0,1.6387868706668631,0.05851792274753964,0.697104725066857,0.002675847000006115,exact_subset_dp,,,
shell,4,12,shell,0.5,equal,8,3,112,12.0,42.0,0,sharp,ok,4.0,1.6384298272176034,0.058160879298279955,0.5483819891258543,0.003280710999987946,exact_sieve,0.0,,
shell,4,12,shell,0.5,equal,8,3,112,12.0,42.0,0,efficient,outside_schedule_domain,,,,,4.7582000007651004e-05,unavailable,,,
shell,4,12,shell,0.5,equal,8,3,112,12.0,42.0,0,borda,ok,2.0,1.5891239287369874,0.008854980817663893,0.6501550097881424,0.0013470579999932397,published_global_clipped_borda,0.0,,
shell,4,13,shell,0.5,equal,8,3,112,12.0,42.0,0,pl,ok,1.0,1.5810270472683057,0.0,,0.0015827230000127201,hunter_mm,,42.0,1.6930901125533637e-11
shell,4,13,shell,0.5,equal,8,3,112,12.0,42.0,0,mle,ok,2.0,1.5897412251715308,0.008714177903225151,0.7331149445745953,0.0025104990000102134,exact_subset_dp,,,
shell,4,13,shell,0.5,equal,8,3,112,12.0,42.0,0,sharp,ok,7.0,1.712938585866184,0.1319115385978784,0.5264006135801002,0.0034438460000103532,exact_sieve,0.0,,
shell,4,13,shell,0.5,equal,8,3,112,12.0,42.0,0,efficient,outside_schedule_domain,,,,,4.8345999999810374e-05,unavailable,,,
shell,4,13,shell,0.5,equal,8,3,112,12.0,42.0,0,borda,ok,2.0,1.5870850369996898,0.006057989731384161,0.685257329800172,0.0015365679999916892,published_global_clipped_borda,0.0,,
shell,4,14,shell,0.5,equal,8,3,112,12.0,42.0,0,pl,ok,3.0,1.5899498516051622,0.0,,0.0015120779999904244,hunter_mm,,40.0,2.035749346873672e-11
shell,4,14,shell,0.5,equal,8,3,112,12.0,42.0,0,mle,ok,1.0,1.5618240266853107,-0.028125824919851494,0.7452814445194086,0.002667154000008054,exact_subset_dp,,,
shell,4,14,shell,0.5,equal,8,3,112,12.0,42.0,0,sharp,ok,8.0,1.7609083367451601,0.1709584851399979,0.5594530460875712,0.003252192999994463,exact_sieve,0.0,,
shell,4,14,shell,0.5,equal,8,3,112,12.0,42.0,0,efficient,outside_schedule_domain,,,,,4.509299999710947e-05,unavailable,,,
shell,4,14,shell,0.5,equal,8,3,112,12.0,42.0,0,borda,ok,4.0,1.632100631293505,0.04215077968834269,0.6385945001665354,0.001397964999995338,published_global_clipped_borda,0.0,,
shell,4,15,shell,0.5,equal,8,3,112,12.0,42.0,0,pl,ok,2.0,1.582453889709311,0.0,,0.001532548999989558,hunter_mm,,40.0,2.1162183116985034e-11
shell,4,15,shell,0.5,equal,8,3,112,12.0,42.0,0,mle,ok,0.0,1.534078038367582,-0.04837585134172895,0.7823017009175557,0.002522717000005059,exact_subset_dp,,,
shell,4,15,shell,0.5,equal,8,3,112,12.0,42.0,0,sharp,ok,5.0,1.6680049808239286,0.08555109111461756,0.5154873992669441,0.0032139200000074197,exact_sieve,0.0,,
shell,4,15,shell,0.5,equal,8,3,112,12.0,42.0,0,efficient,outside_schedule_domain,,,,,4.542400000673297e-05,unavailable,,,
shell,4,15,shell,0.5,equal,8,3,112,12.0,42.0,0,borda,ok,2.0,1.5930404349416598,0.01058654523234881,0.6734845421971655,0.0015121230000119112,published_global_clipped_borda,0.0,,
shell,4,16,shell,0.5,equal,8,3,112,12.0,42.0,0,pl,ok,3.0,1.6135554250440705,0.0,,0.0014598760000126276,hunter_mm,,38.0,1.7270058399227698e-11
shell,4,16,shell,0.5,equal,8,3,112,12.0,42.0,0,mle,ok,4.0,1.65054725806197,0.036991833017899545,0.7698724759713074,0.002538386000011883,exact_subset_dp,,,
shell,4,16,shell,0.5,equal,8,3,112,12.0,42.0,0,sharp,ok,4.0,1.6369989057182068,0.023443480674136374,0.6271010645696942,0.003809234000001993,exact_sieve,0.0,,
shell,4,16,shell,0.5,equal,8,3,112,12.0,42.0,0,efficient,outside_schedule_domain,,,,,4.8880999997891195e-05,unavailable,,,
shell,4,16,shell,0.5,equal,8,3,112,12.0,42.0,0,borda,ok,4.0,1.6428591772131915,0.029303752169121067,0.685257329800172,0.0014613079999890033,published_global_clipped_borda,0.0,,
shell,4,17,shell,0.5,equal,8,3,112,12.0,42.0,0,pl,ok,2.0,1.5819793021828263,0.0,,0.0018904430000077355,hunter_mm,,51.0,2.6949934347645208e-11
shell,4,17,shell,0.5,equal,8,3,112,12.0,42.0,0,mle,ok,0.0,1.5351808525407635,-0.04679844964206281,0.8589084084290807,0.002714988000008134,exact_subset_dp,,,
shell,4,17,shell,0.5,equal,8,3,112,12.0,42.0,0,sharp,ok,1.0,1.55761838628379,-0.02436091589903633,0.7698724759713074,0.003253541999995946,exact_sieve,0.0,,
shell,4,17,shell,0.5,equal,8,3,112,12.0,42.0,0,efficient,outside_schedule_domain,,,,,5.011099999308044e-05,unavailable,,,
shell,4,17,shell,0.5,equal,8,3,112,12.0,42.0,0,borda,ok,2.0,1.5951221936359423,0.013142891453115979,0.7948233114465767,0.0015037600000056273,published_global_clipped_borda,0.0,,
shell,4,18,shell,0.5,equal,8,3,112,12.0,42.0,0,pl,ok,2.0,1.5772719802116892,0.0,,0.0016749010000012277,hunter_mm,,46.0,1.5727863456049818e-11
shell,4,18,shell,0.5,equal,8,3,112,12.0,42.0,0,mle,ok,0.0,1.536497651189554,-0.04077432902213518,0.8852839704922475,0.0025102019999962977,exact_subset_dp,,,
shell,4,18,shell,0.5,equal,8,3,112,12.0,42.0,0,sharp,ok,2.0,1.597427742320205,0.020155762108515773,0.7698724759713074,0.0032346169999897256,exact_sieve,0.0,,
shell,4,18,shell,0.5,equal,8,3,112,12.0,42.0,0,efficient,outside_schedule_domain,,,,,4.5831000008433875e-05,unavailable,,,
shell,4,18,shell,0.5,equal,8,3,112,12.0,42.0,0,borda,ok,2.0,1.5861845341313985,0.008912553919709243,0.7823017009175557,0.0013034390000115081,published_global_clipped_borda,0.0,,
shell,4,19,shell,0.5,equal,8,3,112,12.0,42.0,0,pl,ok,3.0,1.5887716296236878,0.0,,0.0019124039999951492,hunter_mm,,52.0,1.671237751362956e-11
shell,4,19,shell,0.5,equal,8,3,112,12.0,42.0,0,mle,ok,1.0,1.571431267808922,-0.017340361814765837,0.9121196566486348,0.0025173370000004525,exact_subset_dp,,,
shell,4,19,shell,0.5,equal,8,3,112,12.0,42.0,0,sharp,ok,1.0,1.571431267808922,-0.017340361814765837,0.9121196566486348,0.0032387759999892296,exact_sieve,0.0,,
shell,4,19,shell,0.5,equal,8,3,112,12.0,42.0,0,efficient,outside_schedule_domain,,,,,4.634199999031807e-05,unavailable,,,
shell,4,19,shell,0.5,equal,8,3,112,12.0,42.0,0,borda,ok,3.0,1.620757604215665,0.03198597459197727,0.8458853458049513,0.0015636599999879763,published_global_clipped_borda,0.0,,
shell,4,20,shell,0.5,equal,8,3,112,12.0,42.0,0,pl,ok,2.0,1.653183228648897,0.0,,0.002745062000002463,hunter_mm,,85.0,2.8194526078907854e-11
shell,4,20,shell,0.5,equal,8,3,112,12.0,42.0,0,mle,ok,2.0,1.5935055081320226,-0.059677720516874366,0.8074398347256734,0.0026767270000078724,exact_subset_dp,,,
shell,4,20,shell,0.5,equal,8,3,112,12.0,42.0,0,sharp,ok,2.0,1.5832100564147926,-0.06997317223410437,0.7948233114465767,0.003315594000000033,exact_sieve,0.0,,
shell,4,20,shell,0.5,equal,8,3,112,12.0,42.0,0,efficient,outside_schedule_domain,,,,,5.486400000620506e-05,unavailable,,,
shell,4,20,shell,0.5,equal,8,3,112,12.0,42.0,0,borda,ok,2.0,1.5869473046009905,-0.06623592404790646,0.7823017009175557,0.0013371800000072653,published_global_clipped_borda,0.0,,
shell,4,21,shell,0.5,equal,8,3,112,12.0,42.0,0,pl,ok,2.0,1.5816309589095572,0.0,,0.0016297210000004725,hunter_mm,,41.0,1.879100050164847e-11
shell,4,21,shell,0.5,equal,8,3,112,12.0,42.0,0,mle,ok,1.0,1.5618365680326318,-0.01979439087692536,0.757533184154752,0.002787906999998313,exact_subset_dp,,,
shell,4,21,shell,0.5,equal,8,3,112,12.0,42.0,0,sharp,ok,2.0,1.5855779852218297,0.003947026312272506,0.685257329800172,0.0035445210000091265,exact_sieve,0.0,,
shell,4,21,shell,0.5,equal,8,3,112,12.0,42.0,0,efficient,outside_schedule_domain,,,,,5.124100000841736e-05,unavailable,,,
shell,4,21,shell,0.5,equal,8,3,112,12.0,42.0,0,borda,ok,2.0,1.5953516072529834,0.013720648343426234,0.7331149445745953,0.0013572369999934608,published_global_clipped_borda,0.0,,
shell,4,22,shell,0.5,equal,8,3,112,12.0,42.0,0,pl,ok,1.0,1.5732070230825657,0.0,,0.0014422799999920244,hunter_mm,,37.0,1.390684393040179e-11
shell,4,22,shell,0.5,equal,8,3,112,12.0,42.0,0,mle,ok,0.0,1.5377924667081233,-0.03541455637444235,0.697104725066857,0.0026022750000009864,exact_subset_dp,,,
shell,4,22,shell,0.5,equal,8,3,112,12.0,42.0,0,sharp,ok,3.0,1.6243742441176023,0.05116722103503668,0.5594530460875712,0.0032754639999978963,exact_sieve,0.0,,
shell,4,22,shell,0.5,equal,8,3,112,12.0,42.0,0,efficient,outside_schedule_domain,,,,,4.9707000002285895e-05,unavailable,,,
shell,4,22,shell,0.5,equal,8,3,112,12.0,42.0,0,borda,ok,0.0,1.5377924667081233,-0.03541455637444235,0.697104725066857,0.001513823999999886,published_global_clipped_borda,0.0,,
shell,4,23,shell,0.5,equal,8,3,112,12.0,42.0,0,pl,ok,4.0,1.5962820970871943,0.0,,0.0017294490000097085,hunter_mm,,49.0,3.114372252152212e-11
shell,4,23,shell,0.5,equal,8,3,112,12.0,42.0,0,mle,ok,0.0,1.536497651189554,-0.059784445897640204,0.8852839704922475,0.0024647879999974975,exact_subset_dp,,,
shell,4,23,shell,0.5,equal,8,3,112,12.0,42.0,0,sharp,ok,0.0,1.536497651189554,-0.059784445897640204,0.8852839704922475,0.003235066000002007,exact_sieve,0.0,,
shell,4,23,shell,0.5,equal,8,3,112,12.0,42.0,0,efficient,outside_schedule_domain,,,,,4.5683999999823754e-05,unavailable,,,
shell,4,23,shell,0.5,equal,8,3,112,12.0,42.0,0,borda,ok,4.0,1.6522963076914767,0.056014210604282466,0.7823017009175557,0.0013374979999980496,published_global_clipped_borda,0.0,,
shell,4,24,shell,0.5,equal,8,3,112,12.0,42.0,0,pl,ok,1.0,1.5832338555641507,0.0,,0.002132221000010759,hunter_mm,,61.0,2.6582736012414898e-11
shell,4,24,shell,0.5,equal,8,3,112,12.0,42.0,0,mle,ok,0.0,1.5341099716531545,-0.0491238839109962,0.8201538760195531,0.002526919999993993,exact_subset_dp,,,
shell,4,24,shell,0.5,equal,8,3,112,12.0,42.0,0,sharp,ok,4.0,1.634061563067132,0.05082770750298127,0.6385945001665354,0.0034471670000044696,exact_sieve,0.0,,
shell,4,24,shell,0.5,equal,8,3,112,12.0,42.0,0,efficient,outside_schedule_domain,,,,,5.1873000003865855e-05,unavailable,,,
shell,4,24,shell,0.5,equal,8,3,112,12.0,42.0,0,borda,ok,2.0,1.5866266353203295,0.0033927797561787987,0.7948233114465767,0.0015482160000033218,published_global_clipped_borda,0.0,,
shell,4,25,shell,0.5,equal,8,3,112,12.0,42.0,0,pl,ok,1.0,1.5708779564328326,0.0,,0.0015653849999921476,hunter_mm,,42.0,2.3085152836951497e-11
shell,4,25,shell,0.5,equal,8,3,112,12.0,42.0,0,mle,ok,4.0,1.6604843093689599,0.08960635293612729,0.8458853458049513,0.0029741799999953855,exact_subset_dp,,,
shell,4,25,shell,0.5,equal,8,3,112,12.0,42.0,0,sharp,ok,8.0,1.7549252761769987,0.1840473197441661,0.6043083947860767,0.0034430479999940644,exact_sieve,0.0,,
shell,4,25,shell,0.5,equal,8,3,112,12.0,42.0,0,efficient,outside_schedule_domain,,,,,4.7928000000752036e-05,unavailable,,,
shell,4,25,shell,0.5,equal,8,3,112,12.0,42.0,0,borda,ok,1.0,1.5595349692215978,-0.011342987211234723,0.8074398347256734,0.001519450999992955,published_global_clipped_borda,0.0,,
shell,4,26,shell,0.5,equal,8,3,112,12.0,42.0,0,pl,ok,0.0,1.563533957149056,0.0,,0.0017313100000109216,hunter_mm,,47.0,1.5289928053821964e-11
shell,4,26,shell,0.5,equal,8,3,112,12.0,42.0,0,mle,ok,2.0,1.598196697740931,0.03466274059187491,0.7948233114465767,0.0026805170000017142,exact_subset_dp,,,
shell,4,26,shell,0.5,equal,8,3,112,12.0,42.0,0,sharp,ok,7.0,1.7268427519771028,0.16330879482804672,0.5705796667792838,0.003390175000006934,exact_sieve,0.0,,
shell,4,26,shell,0.5,equal,8,3,112,12.0,42.0,0,efficient,outside_schedule_domain,,,,,4.53659999948286e-05,unavailable,,,
shell,4,26,shell,0.5,equal,8,3,112,12.0,42.0,0,borda,ok,0.0,1.534078038367582,-0.029455918781474022,0.7823017009175557,0.001368818999992527,published_global_clipped_borda,0.0,,
shell,4,27,shell,0.5,equal,8,3,112,12.0,42.0,0,pl,ok,1.0,1.577613570139896,0.0,,0.0015815200000020013,hunter_mm,,41.0,2.0942105192846482e-11
shell,4,27,shell,0.5,equal,8,3,112,12.0,42.0,0,mle,ok,1.0,1.5636133910980778,-0.01400017904181805,0.685257329800172,0.0026680969999972604,exact_subset_dp,,,
shell,4,27,shell,0.5,equal,8,3,112,12.0,42.0,0,sharp,ok,2.0,1.5920225603890366,0.014408990249140663,0.5594530460875712,0.0032994770000129847,exact_sieve,0.0,,
shell,4,27,shell,0.5,equal,8,3,112,12.0,42.0,0,efficient,outside_schedule_domain,,,,,5.708399999093672e-05,unavailable,,,
shell,4,27,shell,0.5,equal,8,3,112,12.0,42.0,0,borda,ok,1.0,1.5674515662823327,-0.010162003857563162,0.6271010645696942,0.0015560709999959954,published_global_clipped_borda,0.0,,
shell,4,28,shell,0.5,equal,8,3,112,12.0,42.0,0,pl,ok,8.0,1.6308236282039155,0.0,,0.0013746590000067727,hunter_mm,,34.0,1.5351339247412656e-11
shell,4,28,shell,0.5,equal,8,3,112,12.0,42.0,0,mle,ok,1.0,1.5650600609004595,-0.065763567303456,0.6385945001665354,0.0024783040000073697,exact_subset_dp,,,
shell,4,28,shell,0.5,equal,8,3,112,12.0,42.0,0,sharp,ok,1.0,1.5697682946937115,-0.06105533351020398,0.6043083947860767,0.003352702000000818,exact_sieve,0.0,,
shell,4,28,shell,0.5,equal,8,3,112,12.0,42.0,0,efficient,outside_schedule_domain,,,,,5.225499999994554e-05,unavailable,,,
shell,4,28,shell,0.5,equal,8,3,112,12.0,42.0,0,borda,ok,8.0,1.724858910120663,0.09403528191674759,0.32632729690302525,0.0014099019999918028,published_global_clipped_borda,0.0,,
shell,4,29,shell,0.5,equal,8,3,112,12.0,42.0,0,pl,ok,2.0,1.5867608797208645,0.0,,0.0016380389999994804,hunter_mm,,44.0,1.8705862255988646e-11
shell,4,29,shell,0.5,equal,8,3,112,12.0,42.0,0,mle,ok,3.0,1.6218414796222365,0.03508059990137191,0.7210314373934753,0.0026755089999994652,exact_subset_dp,,,
shell,4,29,shell,0.5,equal,8,3,112,12.0,42.0,0,sharp,ok,5.0,1.6682600621138461,0.0814991823929816,0.5594530460875712,0.0032423319999992373,exact_sieve,0.0,,
shell,4,29,shell,0.5,equal,8,3,112,12.0,42.0,0,efficient,outside_schedule_domain,,,,,4.477800000302068e-05,unavailable,,,
shell,4,29,shell,0.5,equal,8,3,112,12.0,42.0,0,borda,ok,2.0,1.5846988430528168,-0.0020620366680477176,0.685257329800172,0.001539656000005607,published_global_clipped_borda,0.0,,
shell,4,30,shell,0.5,equal,8,3,112,12.0,42.0,0,pl,ok,1.0,1.5821849632164475,0.0,,0.0016158520000004728,hunter_mm,,43.0,2.3505895642626585e-11
shell,4,30,shell,0.5,equal,8,3,112,12.0,42.0,0,mle,ok,3.0,1.6209886250825547,0.038803661866107175,0.7452814445194086,0.002686917000005451,exact_subset_dp,,,
shell,4,30,shell,0.5,equal,8,3,112,12.0,42.0,0,sharp,ok,2.0,1.587274438182844,0.005089474966396557,0.7452814445194086,0.003407449999997425,exact_sieve,0.0,,
shell,4,30,shell,0.5,equal,8,3,112,12.0,42.0,0,efficient,outside_schedule_domain,,,,,4.632899999990059e-05,unavailable,,,
shell,4,30,shell,0.5,equal,8,3,112,12.0,42.0,0,borda,ok,1.0,1.562096058742166,-0.020088904474281577,0.7452814445194086,0.0015377600000050506,published_global_clipped_borda,0.0,,
shell,4,31,shell,0.5,equal,8,3,112,12.0,42.0,0,pl,ok,2.0,1.5724054625690074,0.0,,0.0015599519999938138,hunter_mm,,43.0,1.2116878928785419e-11
shell,4,31,shell,0.5,equal,8,3,112,12.0,42.0,0,mle,ok,1.0,1.560705450418486,-0.0117000121505213,0.832968122258636,0.0025967750000006617,exact_subset_dp,,,
shell,4,31,shell,0.5,equal,8,3,112,12.0,42.0,0,sharp,ok,0.0,1.5339863031596663,-0.03841915940934104,0.8074398347256734,0.0034117669999886857,exact_sieve,0.0,,
shell,4,31,shell,0.5,equal,8,3,112,12.0,42.0,0,efficient,outside_schedule_domain,,,,,4.94270000075403e-05,unavailable,,,
shell,4,31,shell,0.5,equal,8,3,112,12.0,42.0,0,borda,ok,2.0,1.5860826132057784,0.013677150636770996,0.757533184154752,0.0013607850000028066,published_global_clipped_borda,0.0,,
shell,4,32,shell,0.5,equal,8,3,112,12.0,42.0,0,pl,ok,2.0,1.6140117095322553,0.0,,0.0016176560000076279,hunter_mm,,41.0,2.4534533135270717e-11
shell,4,32,shell,0.5,equal,8,3,112,12.0,42.0,0,mle,ok,2.0,1.5958736360618784,-0.01813807347037688,0.8074398347256734,0.002601811999994652,exact_subset_dp,,,
shell,4,32,shell,0.5,equal,8,3,112,12.0,42.0,0,sharp,ok,3.0,1.6220095219927924,0.007997812460537101,0.757533184154752,0.003285771000008708,exact_sieve,0.0,,
shell,4,32,shell,0.5,equal,8,3,112,12.0,42.0,0,efficient,outside_schedule_domain,,,,,4.7919000010665513e-05,unavailable,,,
shell,4,32,shell,0.5,equal,8,3,112,12.0,42.0,0,borda,ok,2.0,1.5875917280764846,-0.026419981455770625,0.7452814445194086,0.0015133140000074263,published_global_clipped_borda,0.0,,
shell,4,33,shell,0.5,equal,8,3,112,12.0,42.0,0,pl,ok,3.0,1.5808789800478058,0.0,,0.001549620999995227,hunter_mm,,40.0,1.8281376412687678e-11
shell,4,33,shell,0.5,equal,8,3,112,12.0,42.0,0,mle,ok,0.0,1.53434902919603,-0.0465299508517758,0.832968122258636,0.002677145000006931,exact_subset_dp,,,
shell,4,33,shell,0.5,equal,8,3,112,12.0,42.0,0,sharp,ok,1.0,1.5619030971514536,-0.018975882896352214,0.8074398347256734,0.0033262930000006463,exact_sieve,0.0,,
shell,4,33,shell,0.5,equal,8,3,112,12.0,42.0,0,efficient,outside_schedule_domain,,,,,4.676800000424919e-05,unavailable,,,
shell,4,33,shell,0.5,equal,8,3,112,12.0,42.0,0,borda,ok,2.0,1.5958736360618784,0.014994656014072572,0.8074398347256734,0.001508228000005829,published_global_clipped_borda,0.0,,
shell,4,34,shell,0.5,equal,8,3,112,12.0,42.0,0,pl,ok,0.0,1.5777987081269513,0.0,,0.002104200999994532,hunter_mm,,60.0,2.7609914354798093e-11
shell,4,34,shell,0.5,equal,8,3,112,12.0,42.0,0,mle,ok,2.0,1.5873182664997123,0.009519558372760972,0.8201538760195531,0.002495983000002866,exact_subset_dp,,,
shell,4,34,shell,0.5,equal,8,3,112,12.0,42.0,0,sharp,ok,5.0,1.66741437299274,0.08961566486578865,0.4616408358223037,0.0033188689999974486,exact_sieve,0.0,,
shell,4,34,shell,0.5,equal,8,3,112,12.0,42.0,0,efficient,outside_schedule_domain,,,,,5.0174000008951225e-05,unavailable,,,
shell,4,34,shell,0.5,equal,8,3,112,12.0,42.0,0,borda,ok,1.0,1.5602169080091888,-0.017581800117762558,0.7452814445194086,0.0014910259999965092,published_global_clipped_borda,0.0,,
shell,4,35,shell,0.5,equal,8,3,112,12.0,42.0,0,pl,ok,1.0,1.5782881294036932,0.0,,0.001760233000013045,hunter_mm,,49.0,2.370871752889668e-11
shell,4,35,shell,0.5,equal,8,3,112,12.0,42.0,0,mle,ok,1.0,1.5784866258064445,0.00019849640275126923,0.99566290138276,0.002568216000000234,exact_subset_dp,,,
shell,4,35,shell,0.5,equal,8,3,112,12.0,42.0,0,sharp,ok,3.0,1.6366972269404316,0.0584090975367384,0.8852839704922475,0.0038725979999867377,exact_sieve,0.0,,
shell,4,35,shell,0.5,equal,8,3,112,12.0,42.0,0,efficient,outside_schedule_domain,,,,,5.2594999999655556e-05,unavailable,,,
shell,4,35,shell,0.5,equal,8,3,112,12.0,42.0,0,borda,ok,1.0,1.5784866258064445,0.00019849640275126923,0.99566290138276,0.0014003200000018978,published_global_clipped_borda,0.0,,
shell,4,36,shell,0.5,equal,8,3,112,12.0,42.0,0,pl,ok,1.0,1.568202952346987,0.0,,0.0015649040000056402,hunter_mm,,41.0,2.4251838632543307e-11
shell,4,36,shell,0.5,equal,8,3,112,12.0,42.0,0,mle,ok,2.0,1.5945663729307373,0.026363420583750408,0.8201538760195531,0.002541715999996086,exact_subset_dp,,,
shell,4,36,shell,0.5,equal,8,3,112,12.0,42.0,0,sharp,ok,4.0,1.6396109940511452,0.07140804170415826,0.6271010645696942,0.0034316050000029463,exact_sieve,0.0,,
shell,4,36,shell,0.5,equal,8,3,112,12.0,42.0,0,efficient,outside_schedule_domain,,,,,4.4713999997725296e-05,unavailable,,,
shell,4,36,shell,0.5,equal,8,3,112,12.0,42.0,0,borda,ok,2.0,1.5875994275609169,0.019396475213929953,0.7823017009175557,0.0013471799999962286,published_global_clipped_borda,0.0,,
shell,4,37,shell,0.5,equal,8,3,112,12.0,42.0,0,pl,ok,1.0,1.5921200914008629,0.0,,0.0016167259999946282,hunter_mm,,42.0,1.6951012022608277e-11
shell,4,37,shell,0.5,equal,8,3,112,12.0,42.0,0,mle,ok,0.0,1.5346107410288816,-0.05750935037198124,0.757533184154752,0.0025315529999971886,exact_subset_dp,,,
shell,4,37,shell,0.5,equal,8,3,112,12.0,42.0,0,sharp,ok,3.0,1.6230839559465768,0.03096386454571398,0.6617844044760891,0.0033284309999999095,exact_sieve,0.0,,
shell,4,37,shell,0.5,equal,8,3,112,12.0,42.0,0,efficient,outside_schedule_domain,,,,,4.877900001076796e-05,unavailable,,,
shell,4,37,shell,0.5,equal,8,3,112,12.0,42.0,0,borda,ok,2.0,1.592924143047791,0.0008040516469280945,0.697104725066857,0.0014418000000091524,published_global_clipped_borda,0.0,,
shell,4,38,shell,0.5,equal,8,3,112,12.0,42.0,0,pl,ok,2.0,1.6092062284280795,0.0,,0.0019154220000103805,hunter_mm,,53.0,2.27881205968775e-11
shell,4,38,shell,0.5,equal,8,3,112,12.0,42.0,0,mle,ok,0.0,1.5469822859365587,-0.062223942491520745,0.99566290138276,0.0024851090000055365,exact_subset_dp,,,
shell,4,38,shell,0.5,equal,8,3,112,12.0,42.0,0,sharp,ok,2.0,1.5891219894271778,-0.020084239000901727,0.8201538760195531,0.003406264999995301,exact_sieve,0.0,,
shell,4,38,shell,0.5,equal,8,3,112,12.0,42.0,0,efficient,outside_schedule_domain,,,,,4.889200000945948e-05,unavailable,,,
shell,4,38,shell,0.5,equal,8,3,112,12.0,42.0,0,borda,ok,3.0,1.6271429578552175,0.017936729427137976,0.8074398347256734,0.0015315360000016653,published_global_clipped_borda,0.0,,
shell,4,39,shell,0.5,equal,8,3,112,12.0,42.0,0,pl,ok,0.0,1.5730462412599793,0.0,,0.0016423260000095752,hunter_mm,,44.0,2.0142427408537903e-11
shell,4,39,shell,0.5,equal,8,3,112,12.0,42.0,0,mle,ok,0.0,1.536497651189554,-0.03654859007042521,0.8852839704922475,0.0025303799999960574,exact_subset_dp,,,
shell,4,39,shell,0.5,equal,8,3,112,12.0,42.0,0,sharp,ok,3.0,1.6186233834384431,0.04557714217846387,0.757533184154752,0.0032962509999947542,exact_sieve,0.0,,
shell,4,39,shell,0.5,equal,8,3,112,12.0,42.0,0,efficient,outside_schedule_domain,,,,,4.703600001221275e-05,unavailable,,,
shell,4,39,shell,0.5,equal,8,3,112,12.0,42.0,0,borda,ok,0.0,1.536497651189554,-0.03654859007042521,0.8852839704922475,0.0013714319999991176,published_global_clipped_borda,0.0,,
shell,5,0,shell,0.5,equal,8,3,448,48.0,168.0,0,pl,ok,1.0,1.5753611871487125,0.0,,0.0025922940000100425,hunter_mm,,42.0,1.7403856134023954e-11
shell,5,0,shell,0.5,equal,8,3,448,48.0,168.0,0,mle,ok,0.0,1.535777586099218,-0.03958360104949454,0.8720402655126755,0.002854389000006563,exact_subset_dp,,,
shell,5,0,shell,0.5,equal,8,3,448,48.0,168.0,0,sharp,ok,2.0,1.5990968973319064,0.02373571018319387,0.8233479365601499,0.011067453999999088,exact_sieve,0.0,,
shell,5,0,shell,0.5,equal,8,3,448,48.0,168.0,0,efficient,outside_schedule_domain,,,,,8.263399999464127e-05,unavailable,,,
shell,5,0,shell,0.5,equal,8,3,448,48.0,168.0,0,borda,ok,1.0,1.5644026994434896,-0.010958487705222897,0.8297550163683275,0.0014354260000004615,published_global_clipped_borda,0.0,,
shell,5,1,shell,0.5,equal,8,3,448,48.0,168.0,0,pl,ok,0.0,1.560850312928725,0.0,,0.0026437700000059294,hunter_mm,,45.0,2.015828773746112e-11
shell,5,1,shell,0.5,equal,8,3,448,48.0,168.0,0,mle,ok,0.0,1.5349280727330004,-0.025922240195724644,0.852383464765803,0.002736964000007447,exact_subset_dp,,,
shell,5,1,shell,0.5,equal,8,3,448,48.0,168.0,0,sharp,ok,0.0,1.5349280727330004,-0.025922240195724644,0.852383464765803,0.0111074760000065,exact_sieve,0.0,,
shell,5,1,shell,0.5,equal,8,3,448,48.0,168.0,0,efficient,outside_schedule_domain,,,,,7.574200000703968e-05,unavailable,,,
shell,5,1,shell,0.5,equal,8,3,448,48.0,168.0,0,borda,ok,0.0,1.5349280727330004,-0.025922240195724644,0.852383464765803,0.0015898139999990235,published_global_clipped_borda,0.0,,
shell,5,2,shell,0.5,equal,8,3,448,48.0,168.0,0,pl,ok,1.0,1.566015143198174,0.0,,0.0024742610000032528,hunter_mm,,41.0,1.751272143175291e-11
shell,5,2,shell,0.5,equal,8,3,448,48.0,168.0,0,mle,ok,0.0,1.5340338274539826,-0.031981315744191274,0.8137844996447892,0.002671089000003235,exact_subset_dp,,,
shell,5,2,shell,0.5,equal,8,3,448,48.0,168.0,0,sharp,ok,1.0,1.5610607028387071,-0.004954440359466794,0.7791858305831347,0.010267584000004604,exact_sieve,0.0,,
shell,5,2,shell,0.5,equal,8,3,448,48.0,168.0,0,efficient,outside_schedule_domain,,,,,6.97730000069896e-05,unavailable,,,
shell,5,2,shell,0.5,equal,8,3,448,48.0,168.0,0,borda,ok,1.0,1.560828320137621,-0.005186823060552959,0.7948233114465767,0.0015383580000047914,published_global_clipped_borda,0.0,,
shell,5,3,shell,0.5,equal,8,3,448,48.0,168.0,0,pl,ok,0.0,1.5609420884806169,0.0,,0.002798017000003483,hunter_mm,,41.0,1.6773756986562407e-11
shell,5,3,shell,0.5,equal,8,3,448,48.0,168.0,0,mle,ok,0.0,1.5340421897999463,-0.026899898680670553,0.7854233449861958,0.003172919999997248,exact_subset_dp,,,
shell,5,3,shell,0.5,equal,8,3,448,48.0,168.0,0,sharp,ok,0.0,1.5340421897999463,-0.026899898680670553,0.7854233449861958,0.010997739000004003,exact_sieve,0.0,,
shell,5,3,shell,0.5,equal,8,3,448,48.0,168.0,0,efficient,outside_schedule_domain,,,,,7.341600000643211e-05,unavailable,,,
shell,5,3,shell,0.5,equal,8,3,448,48.0,168.0,0,borda,ok,0.0,1.5340421897999463,-0.026899898680670553,0.7854233449861958,0.0016504630000042653,published_global_clipped_borda,0.0,,
shell,5,4,shell,0.5,equal,8,3,448,48.0,168.0,0,pl,ok,0.0,1.5643920854563198,0.0,,0.0024223619999901302,hunter_mm,,39.0,1.4521717162097048e-11
shell,5,4,shell,0.5,equal,8,3,448,48.0,168.0,0,mle,ok,0.0,1.5341588467231668,-0.03023323873315298,0.8233479365601499,0.0027137630000027,exact_subset_dp,,,
shell,5,4,shell,0.5,equal,8,3,448,48.0,168.0,0,sharp,ok,1.0,1.5587754406450494,-0.005616644811270444,0.7791858305831347,0.010242085000001566,exact_sieve,0.0,,
shell,5,4,shell,0.5,equal,8,3,448,48.0,168.0,0,efficient,outside_schedule_domain,,,,,6.864600000255905e-05,unavailable,,,
shell,5,4,shell,0.5,equal,8,3,448,48.0,168.0,0,borda,ok,0.0,1.5341588467231668,-0.03023323873315298,0.8233479365601499,0.0015438689999882627,published_global_clipped_borda,0.0,,
shell,5,5,shell,0.5,equal,8,3,448,48.0,168.0,0,pl,ok,0.0,1.5666250978210583,0.0,,0.002254722999992964,hunter_mm,,36.0,1.8865924695481747e-11
shell,5,5,shell,0.5,equal,8,3,448,48.0,168.0,0,mle,ok,0.0,1.536755535090878,-0.029869562730180377,0.7120219548409804,0.002754602000010209,exact_subset_dp,,,
shell,5,5,shell,0.5,equal,8,3,448,48.0,168.0,0,sharp,ok,2.0,1.5870754067107689,0.020450308889710556,0.6793617336205114,0.010445712999995749,exact_sieve,0.0,,
shell,5,5,shell,0.5,equal,8,3,448,48.0,168.0,0,efficient,outside_schedule_domain,,,,,7.074200000545261e-05,unavailable,,,
shell,5,5,shell,0.5,equal,8,3,448,48.0,168.0,0,borda,ok,0.0,1.536755535090878,-0.029869562730180377,0.7120219548409804,0.001548493000001372,published_global_clipped_borda,0.0,,
shell,5,6,shell,0.5,equal,8,3,448,48.0,168.0,0,pl,ok,0.0,1.5618312923151607,0.0,,0.0025069430000002058,hunter_mm,,41.0,1.4863285205787438e-11
shell,5,6,shell,0.5,equal,8,3,448,48.0,168.0,0,mle,ok,1.0,1.5607949418110212,-0.0010363505041395271,0.7483362990178007,0.0027267950000009478,exact_subset_dp,,,
shell,5,6,shell,0.5,equal,8,3,448,48.0,168.0,0,sharp,ok,1.0,1.5607949418110212,-0.0010363505041395271,0.7483362990178007,0.010077973000008456,exact_sieve,0.0,,
shell,5,6,shell,0.5,equal,8,3,448,48.0,168.0,0,efficient,outside_schedule_domain,,,,,6.47979999968129e-05,unavailable,,,
shell,5,6,shell,0.5,equal,8,3,448,48.0,168.0,0,borda,ok,0.0,1.535292131823836,-0.026539160491324765,0.7391876815223555,0.001489231999997287,published_global_clipped_borda,0.0,,
shell,5,7,shell,0.5,equal,8,3,448,48.0,168.0,0,pl,ok,0.0,1.5661481800773704,0.0,,0.002460329000001593,hunter_mm,,40.0,1.9154963329778443e-11
shell,5,7,shell,0.5,equal,8,3,448,48.0,168.0,0,mle,ok,0.0,1.5339732040367637,-0.032174976040606706,0.8042766647277028,0.002746692999991751,exact_subset_dp,,,
shell,5,7,shell,0.5,equal,8,3,448,48.0,168.0,0,sharp,ok,2.0,1.5942857821186693,0.028137602041298893,0.7120219548409804,0.010707287000002452,exact_sieve,0.0,,
shell,5,7,shell,0.5,equal,8,3,448,48.0,168.0,0,efficient,outside_schedule_domain,,,,,7.87390000027699e-05,unavailable,,,
shell,5,7,shell,0.5,equal,8,3,448,48.0,168.0,0,borda,ok,1.0,1.558587359860345,-0.007560820217025421,0.7606097072789118,0.0016277590000015607,published_global_clipped_borda,0.0,,
shell,5,8,shell,0.5,equal,8,3,448,48.0,168.0,0,pl,ok,0.0,1.56318347262004,0.0,,0.002346770000002607,hunter_mm,,38.0,1.7155546824402077e-11
shell,5,8,shell,0.5,equal,8,3,448,48.0,168.0,0,mle,ok,0.0,1.5340683080359008,-0.029115164584139208,0.81696607787102,0.0027514639999992596,exact_subset_dp,,,
shell,5,8,shell,0.5,equal,8,3,448,48.0,168.0,0,sharp,ok,0.0,1.5340683080359008,-0.029115164584139208,0.81696607787102,0.010645433999997067,exact_sieve,0.0,,
shell,5,8,shell,0.5,equal,8,3,448,48.0,168.0,0,efficient,outside_schedule_domain,,,,,7.189099999038717e-05,unavailable,,,
shell,5,8,shell,0.5,equal,8,3,448,48.0,168.0,0,borda,ok,0.0,1.5340683080359008,-0.029115164584139208,0.81696607787102,0.0015587559999943323,published_global_clipped_borda,0.0,,
shell,5,9,shell,0.5,equal,8,3,448,48.0,168.0,0,pl,ok,0.0,1.5713621757960814,0.0,,0.0022457910000071024,hunter_mm,,36.0,1.2452610371432066e-11
shell,5,9,shell,0.5,equal,8,3,448,48.0,168.0,0,mle,ok,0.0,1.5389862298393837,-0.03237594595669768,0.6823072157970891,0.002595752999994261,exact_subset_dp,,,
shell,5,9,shell,0.5,equal,8,3,448,48.0,168.0,0,sharp,ok,0.0,1.5389862298393837,-0.03237594595669768,0.6823072157970891,0.01035521199999323,exact_sieve,0.0,,
shell,5,9,shell,0.5,equal,8,3,448,48.0,168.0,0,efficient,outside_schedule_domain,,,,,6.962100000862392e-05,unavailable,,,
shell,5,9,shell,0.5,equal,8,3,448,48.0,168.0,0,borda,ok,0.0,1.5389862298393837,-0.03237594595669768,0.6823072157970891,0.0014668740000018943,published_global_clipped_borda,0.0,,
shell,5,10,shell,0.5,equal,8,3,448,48.0,168.0,0,pl,ok,0.0,1.559293849755624,0.0,,0.002541973000006692,hunter_mm,,43.0,1.85817710424934e-11
shell,5,10,shell,0.5,equal,8,3,448,48.0,168.0,0,mle,ok,0.0,1.5339762321498367,-0.025317617605787213,0.7948233114465767,0.0027214910000026293,exact_subset_dp,,,
shell,5,10,shell,0.5,equal,8,3,448,48.0,168.0,0,sharp,ok,1.0,1.5576866599762837,-0.0016071897793401568,0.776075695237584,0.010253990000009594,exact_sieve,0.0,,
shell,5,10,shell,0.5,equal,8,3,448,48.0,168.0,0,efficient,outside_schedule_domain,,,,,6.410100000664443e-05,unavailable,,,
shell,5,10,shell,0.5,equal,8,3,448,48.0,168.0,0,borda,ok,0.0,1.5339762321498367,-0.025317617605787213,0.7948233114465767,0.0015757829999927253,published_global_clipped_borda,0.0,,
shell,5,11,shell,0.5,equal,8,3,448,48.0,168.0,0,pl,ok,0.0,1.563509327207311,0.0,,0.002476511000011783,hunter_mm,,40.0,1.3722864114892478e-11
shell,5,11,shell,0.5,equal,8,3,448,48.0,168.0,0,mle,ok,0.0,1.5344369222283403,-0.02907240497897079,0.7636917388705126,0.002614298999986886,exact_subset_dp,,,
shell,5,11,shell,0.5,equal,8,3,448,48.0,168.0,0,sharp,ok,1.0,1.562789593782612,-0.0007197334246991094,0.7180232709244534,0.01041428499999597,exact_sieve,0.0,,
shell,5,11,shell,0.5,equal,8,3,448,48.0,168.0,0,efficient,outside_schedule_domain,,,,,8.22899999946003e-05,unavailable,,,
shell,5,11,shell,0.5,equal,8,3,448,48.0,168.0,0,borda,ok,0.0,1.5344369222283403,-0.02907240497897079,0.7636917388705126,0.0014920060000065405,published_global_clipped_borda,0.0,,
shell,5,12,shell,0.5,equal,8,3,448,48.0,168.0,0,pl,ok,0.0,1.560192409111353,0.0,,0.002606649000000516,hunter_mm,,44.0,1.7727724050636037e-11
shell,5,12,shell,0.5,equal,8,3,448,48.0,168.0,0,mle,ok,0.0,1.5355719705512092,-0.024620438560143842,0.7331149445745953,0.0026473060000000714,exact_subset_dp,,,
shell,5,12,shell,0.5,equal,8,3,448,48.0,168.0,0,sharp,ok,2.0,1.5893009561048137,0.02910854699346066,0.697104725066857,0.010645753000005698,exact_sieve,0.0,,
shell,5,12,shell,0.5,equal,8,3,448,48.0,168.0,0,efficient,outside_schedule_domain,,,,,8.891299999902458e-05,unavailable,,,
shell,5,12,shell,0.5,equal,8,3,448,48.0,168.0,0,borda,ok,0.0,1.5355719705512092,-0.024620438560143842,0.7331149445745953,0.0020136179999923343,published_global_clipped_borda,0.0,,
shell,5,13,shell,0.5,equal,8,3,448,48.0,168.0,0,pl,ok,0.0,1.565278834026099,0.0,,0.002356740999999829,hunter_mm,,38.0,1.9754229997813256e-11
shell,5,13,shell,0.5,equal,8,3,448,48.0,168.0,0,mle,ok,0.0,1.534078038367582,-0.031200795658516967,0.7823017009175557,0.0028889210000073717,exact_subset_dp,,,
shell,5,13,shell,0.5,equal,8,3,448,48.0,168.0,0,sharp,ok,1.0,1.562445289736392,-0.0028335442897069463,0.7452814445194086,0.010803418999998371,exact_sieve,0.0,,
shell,5,13,shell,0.5,equal,8,3,448,48.0,168.0,0,efficient,outside_schedule_domain,,,,,6.94210000062867e-05,unavailable,,,
shell,5,13,shell,0.5,equal,8,3,448,48.0,168.0,0,borda,ok,1.0,1.5602373948342214,-0.005041439191877606,0.7422319171816304,0.0014473619999932907,published_global_clipped_borda,0.0,,
shell,5,14,shell,0.5,equal,8,3,448,48.0,168.0,0,pl,ok,0.0,1.5614552065090954,0.0,,0.0024565480000120488,hunter_mm,,40.0,2.0503725701408778e-11
shell,5,14,shell,0.5,equal,8,3,448,48.0,168.0,0,mle,ok,0.0,1.5344369222283403,-0.027018284280755145,0.7636917388705126,0.0028035590000001775,exact_subset_dp,,,
shell,5,14,shell,0.5,equal,8,3,448,48.0,168.0,0,sharp,ok,0.0,1.5344369222283403,-0.027018284280755145,0.7636917388705126,0.01122978600000124,exact_sieve,0.0,,
shell,5,14,shell,0.5,equal,8,3,448,48.0,168.0,0,efficient,outside_schedule_domain,,,,,8.147199999086752e-05,unavailable,,,
shell,5,14,shell,0.5,equal,8,3,448,48.0,168.0,0,borda,ok,0.0,1.5344369222283403,-0.027018284280755145,0.7636917388705126,0.001418060000005994,published_global_clipped_borda,0.0,,
shell,5,15,shell,0.5,equal,8,3,448,48.0,168.0,0,pl,ok,0.0,1.5620832387286203,0.0,,0.0024731550000041125,hunter_mm,,41.0,1.6419120031839286e-11
shell,5,15,shell,0.5,equal,8,3,448,48.0,168.0,0,mle,ok,0.0,1.5355719705512092,-0.026511268177411118,0.7331149445745953,0.0026278990000037084,exact_subset_dp,,,
shell,5,15,shell,0.5,equal,8,3,448,48.0,168.0,0,sharp,ok,1.0,1.5636682251823295,0.0015849864537091918,0.6911715770665259,0.010114626999992993,exact_sieve,0.0,,
shell,5,15,shell,0.5,equal,8,3,448,48.0,168.0,0,efficient,outside_schedule_domain,,,,,6.652300000098421e-05,unavailable,,,
shell,5,15,shell,0.5,equal,8,3,448,48.0,168.0,0,borda,ok,0.0,1.5355719705512092,-0.026511268177411118,0.7331149445745953,0.0014163860000024897,published_global_clipped_borda,0.0,,
shell,5,16,shell,0.5,equal,8,3,448,48.0,168.0,0,pl,ok,0.0,1.564195793381505,0.0,,0.0023918939999987288,hunter_mm,,41.0,1.645858053020025e-11
shell,5,16,shell,0.5,equal,8,3,448,48.0,168.0,0,mle,ok,0.0,1.5358778711109966,-0.028317922270508333,0.7270629548365617,0.002591566000006651,exact_subset_dp,,,
shell,5,16,shell,0.5,equal,8,3,448,48.0,168.0,0,sharp,ok,1.0,1.559661184487589,-0.004534608893915992,0.6823072157970891,0.010274467999991543,exact_sieve,0.0,,
shell,5,16,shell,0.5,equal,8,3,448,48.0,168.0,0,efficient,outside_schedule_domain,,,,,6.72079999901598e-05,unavailable,,,
shell,5,16,shell,0.5,equal,8,3,448,48.0,168.0,0,borda,ok,0.0,1.5358778711109966,-0.028317922270508333,0.7270629548365617,0.00144608399999413,published_global_clipped_borda,0.0,,
shell,5,17,shell,0.5,equal,8,3,448,48.0,168.0,0,pl,ok,0.0,1.5632729379008268,0.0,,0.0024514480000021877,hunter_mm,,40.0,1.4131489629270228e-11
shell,5,17,shell,0.5,equal,8,3,448,48.0,168.0,0,mle,ok,0.0,1.5358778711109966,-0.02739506678983017,0.7270629548365617,0.002677114999997343,exact_subset_dp,,,
shell,5,17,shell,0.5,equal,8,3,448,48.0,168.0,0,sharp,ok,0.0,1.5358778711109966,-0.02739506678983017,0.7270629548365617,0.010187821000002373,exact_sieve,0.0,,
shell,5,17,shell,0.5,equal,8,3,448,48.0,168.0,0,efficient,outside_schedule_domain,,,,,6.551399999921159e-05,unavailable,,,
shell,5,17,shell,0.5,equal,8,3,448,48.0,168.0,0,borda,ok,0.0,1.5358778711109966,-0.02739506678983017,0.7270629548365617,0.0014032559999890282,published_global_clipped_borda,0.0,,
shell,5,18,shell,0.5,equal,8,3,448,48.0,168.0,0,pl,ok,0.0,1.5659909640984966,0.0,,0.0025783979999971507,hunter_mm,,44.0,1.4650947122163416e-11
shell,5,18,shell,0.5,equal,8,3,448,48.0,168.0,0,mle,ok,0.0,1.5348113380103838,-0.031179626088112755,0.7513965164149394,0.0026165339999977277,exact_subset_dp,,,
shell,5,18,shell,0.5,equal,8,3,448,48.0,168.0,0,sharp,ok,0.0,1.5348113380103838,-0.031179626088112755,0.7513965164149394,0.010361180000003856,exact_sieve,0.0,,
shell,5,18,shell,0.5,equal,8,3,448,48.0,168.0,0,efficient,outside_schedule_domain,,,,,6.76449999872375e-05,unavailable,,,
shell,5,18,shell,0.5,equal,8,3,448,48.0,168.0,0,borda,ok,1.0,1.5581424225656795,-0.00784854153281711,0.7180232709244534,0.0015633809999968662,published_global_clipped_borda,0.0,,
shell,5,19,shell,0.5,equal,8,3,448,48.0,168.0,0,pl,ok,0.0,1.56718842842366,0.0,,0.0026817760000028557,hunter_mm,,46.0,2.5127075023842085e-11
shell,5,19,shell,0.5,equal,8,3,448,48.0,168.0,0,mle,ok,0.0,1.533991260886277,-0.033197167537383,0.791684110769496,0.0027863830000001144,exact_subset_dp,,,
shell,5,19,shell,0.5,equal,8,3,448,48.0,168.0,0,sharp,ok,0.0,1.533991260886277,-0.033197167537383,0.791684110769496,0.010647323000000597,exact_sieve,0.0,,
shell,5,19,shell,0.5,equal,8,3,448,48.0,168.0,0,efficient,outside_schedule_domain,,,,,7.67199999955892e-05,unavailable,,,
shell,5,19,shell,0.5,equal,8,3,448,48.0,168.0,0,borda,ok,0.0,1.533991260886277,-0.033197167537383,0.791684110769496,0.0015658159999958343,published_global_clipped_borda,0.0,,
shell,5,20,shell,0.5,equal,8,3,448,48.0,168.0,0,pl,ok,1.0,1.5804118386934491,0.0,,0.002425715000001105,hunter_mm,,40.0,1.674482774660646e-11
shell,5,20,shell,0.5,equal,8,3,448,48.0,168.0,0,mle,ok,1.0,1.5626055755944868,-0.017806263098962383,0.7120219548409804,0.0027705139999909534,exact_subset_dp,,,
shell,5,20,shell,0.5,equal,8,3,448,48.0,168.0,0,sharp,ok,1.0,1.5626055755944868,-0.017806263098962383,0.7120219548409804,0.010614703000001668,exact_sieve,0.0,,
shell,5,20,shell,0.5,equal,8,3,448,48.0,168.0,0,efficient,outside_schedule_domain,,,,,7.122299999196002e-05,unavailable,,,
shell,5,20,shell,0.5,equal,8,3,448,48.0,168.0,0,borda,ok,1.0,1.5626055755944868,-0.017806263098962383,0.7120219548409804,0.0014975729999946452,published_global_clipped_borda,0.0,,
shell,5,21,shell,0.5,equal,8,3,448,48.0,168.0,0,pl,ok,0.0,1.5621096899141924,0.0,,0.002391481000003637,hunter_mm,,41.0,1.9361528253674417e-11
shell,5,21,shell,0.5,equal,8,3,448,48.0,168.0,0,mle,ok,0.0,1.536040541279566,-0.026069148634626504,0.7240446541092876,0.0027631450000029645,exact_subset_dp,,,
shell,5,21,shell,0.5,equal,8,3,448,48.0,168.0,0,sharp,ok,1.0,1.5616665557454568,-0.00044313416873564826,0.7030570268349976,0.010364752999990401,exact_sieve,0.0,,
shell,5,21,shell,0.5,equal,8,3,448,48.0,168.0,0,efficient,outside_schedule_domain,,,,,6.533000001240907e-05,unavailable,,,
shell,5,21,shell,0.5,equal,8,3,448,48.0,168.0,0,borda,ok,0.0,1.536040541279566,-0.026069148634626504,0.7240446541092876,0.0015433779999938224,published_global_clipped_borda,0.0,,
shell,5,22,shell,0.5,equal,8,3,448,48.0,168.0,0,pl,ok,0.0,1.5602379376218778,0.0,,0.0025378639999900088,hunter_mm,,41.0,1.5837743814829862e-11
shell,5,22,shell,0.5,equal,8,3,448,48.0,168.0,0,mle,ok,0.0,1.534360113371134,-0.02587782425074381,0.766779315990074,0.002771019999997293,exact_subset_dp,,,
shell,5,22,shell,0.5,equal,8,3,448,48.0,168.0,0,sharp,ok,0.0,1.534360113371134,-0.02587782425074381,0.766779315990074,0.010232364999993138,exact_sieve,0.0,,
shell,5,22,shell,0.5,equal,8,3,448,48.0,168.0,0,efficient,outside_schedule_domain,,,,,6.526300001041818e-05,unavailable,,,
shell,5,22,shell,0.5,equal,8,3,448,48.0,168.0,0,borda,ok,0.0,1.534360113371134,-0.02587782425074381,0.766779315990074,0.0015274659999988671,published_global_clipped_borda,0.0,,
shell,5,23,shell,0.5,equal,8,3,448,48.0,168.0,0,pl,ok,2.0,1.5701139327220954,0.0,,0.002528420999993841,hunter_mm,,43.0,1.5553526720525822e-11
shell,5,23,shell,0.5,equal,8,3,448,48.0,168.0,0,mle,ok,0.0,1.5387350434427933,-0.0313788892793021,0.685257329800172,0.0027313399999968624,exact_subset_dp,,,
shell,5,23,shell,0.5,equal,8,3,448,48.0,168.0,0,sharp,ok,0.0,1.5387350434427933,-0.0313788892793021,0.685257329800172,0.010175188999994589,exact_sieve,0.0,,
shell,5,23,shell,0.5,equal,8,3,448,48.0,168.0,0,efficient,outside_schedule_domain,,,,,6.779199999584762e-05,unavailable,,,
shell,5,23,shell,0.5,equal,8,3,448,48.0,168.0,0,borda,ok,2.0,1.5889129624013387,0.018799029679243295,0.6559609814981936,0.0015681349999994154,published_global_clipped_borda,0.0,,
shell,5,24,shell,0.5,equal,8,3,448,48.0,168.0,0,pl,ok,1.0,1.5667444156888366,0.0,,0.002448391000001493,hunter_mm,,41.0,1.8499170449461287e-11
shell,5,24,shell,0.5,equal,8,3,448,48.0,168.0,0,mle,ok,0.0,1.5341588467231668,-0.032585568965669776,0.8233479365601499,0.0026417790000010655,exact_subset_dp,,,
shell,5,24,shell,0.5,equal,8,3,448,48.0,168.0,0,sharp,ok,0.0,1.5341588467231668,-0.032585568965669776,0.8233479365601499,0.010484238000003643,exact_sieve,0.0,,
shell,5,24,shell,0.5,equal,8,3,448,48.0,168.0,0,efficient,outside_schedule_domain,,,,,6.745700000010402e-05,unavailable,,,
shell,5,24,shell,0.5,equal,8,3,448,48.0,168.0,0,borda,ok,1.0,1.5602108701424753,-0.006533545546361319,0.8233479365601499,0.0015938239999968573,published_global_clipped_borda,0.0,,
shell,5,25,shell,0.5,equal,8,3,448,48.0,168.0,0,pl,ok,1.0,1.5667744268542552,0.0,,0.0026596369999936087,hunter_mm,,47.0,1.6450523483107257e-11
shell,5,25,shell,0.5,equal,8,3,448,48.0,168.0,0,mle,ok,1.0,1.5642228949215111,-0.0025515319327440444,0.8265483022961607,0.0028352860000069313,exact_subset_dp,,,
shell,5,25,shell,0.5,equal,8,3,448,48.0,168.0,0,sharp,ok,2.0,1.5910710365265928,0.0242966096723376,0.8137844996447892,0.010623408000000722,exact_sieve,0.0,,
shell,5,25,shell,0.5,equal,8,3,448,48.0,168.0,0,efficient,outside_schedule_domain,,,,,7.13740000009011e-05,unavailable,,,
shell,5,25,shell,0.5,equal,8,3,448,48.0,168.0,0,borda,ok,1.0,1.5610319754023934,-0.0057424514518618075,0.8011195480346118,0.0015834870000048795,published_global_clipped_borda,0.0,,
shell,5,26,shell,0.5,equal,8,3,448,48.0,168.0,0,pl,ok,1.0,1.5722582478481852,0.0,,0.002778671000001509,hunter_mm,,47.0,2.241851149165086e-11
shell,5,26,shell,0.5,equal,8,3,448,48.0,168.0,0,mle,ok,0.0,1.542028172076602,-0.03023007577158321,0.9532945643782407,0.002734867000000918,exact_subset_dp,,,
shell,5,26,shell,0.5,equal,8,3,448,48.0,168.0,0,sharp,ok,0.0,1.542028172076602,-0.03023007577158321,0.9532945643782407,0.010624399000008111,exact_sieve,0.0,,
shell,5,26,shell,0.5,equal,8,3,448,48.0,168.0,0,efficient,outside_schedule_domain,,,,,6.996700000172495e-05,unavailable,,,
shell,5,26,shell,0.5,equal,8,3,448,48.0,168.0,0,borda,ok,1.0,1.5734623651783193,0.0012041173301340358,0.9257182786944403,0.0014011410000023261,published_global_clipped_borda,0.0,,
shell,5,27,shell,0.5,equal,8,3,448,48.0,168.0,0,pl,ok,1.0,1.5667889729633693,0.0,,0.0023440530000016224,hunter_mm,,38.0,1.4437149888278457e-11
shell,5,27,shell,0.5,equal,8,3,448,48.0,168.0,0,mle,ok,0.0,1.5365671806970291,-0.03022179226634014,0.7150201211726228,0.0026082199999990507,exact_subset_dp,,,
shell,5,27,shell,0.5,equal,8,3,448,48.0,168.0,0,sharp,ok,1.0,1.5602661687859234,-0.0065228041774458845,0.6882121065231049,0.010356994999995095,exact_sieve,0.0,,
shell,5,27,shell,0.5,equal,8,3,448,48.0,168.0,0,efficient,outside_schedule_domain,,,,,7.246100000202205e-05,unavailable,,,
shell,5,27,shell,0.5,equal,8,3,448,48.0,168.0,0,borda,ok,1.0,1.5602661687859234,-0.0065228041774458845,0.6882121065231049,0.0015848729999987654,published_global_clipped_borda,0.0,,
shell,5,28,shell,0.5,equal,8,3,448,48.0,168.0,0,pl,ok,2.0,1.5658646828054312,0.0,,0.0024807989999970914,hunter_mm,,43.0,1.809682562533713e-11
shell,5,28,shell,0.5,equal,8,3,448,48.0,168.0,0,mle,ok,0.0,1.5339863031596663,-0.0318783796457649,0.8074398347256734,0.0027242700000016384,exact_subset_dp,,,
shell,5,28,shell,0.5,equal,8,3,448,48.0,168.0,0,sharp,ok,2.0,1.5866414972184018,0.020776814412970523,0.7636917388705126,0.010539793000006625,exact_sieve,0.0,,
shell,5,28,shell,0.5,equal,8,3,448,48.0,168.0,0,efficient,outside_schedule_domain,,,,,6.72390000033829e-05,unavailable,,,
shell,5,28,shell,0.5,equal,8,3,448,48.0,168.0,0,borda,ok,2.0,1.5866414972184018,0.020776814412970523,0.7636917388705126,0.001397216000000867,published_global_clipped_borda,0.0,,
shell,5,29,shell,0.5,equal,8,3,448,48.0,168.0,0,pl,ok,2.0,1.5712516067974478,0.0,,0.002780008000001999,hunter_mm,,46.0,2.4866458098975793e-11
shell,5,29,shell,0.5,equal,8,3,448,48.0,168.0,0,mle,ok,0.0,1.533991260886277,-0.03726034591117089,0.791684110769496,0.0027430189999932963,exact_subset_dp,,,
shell,5,29,shell,0.5,equal,8,3,448,48.0,168.0,0,sharp,ok,0.0,1.533991260886277,-0.03726034591117089,0.791684110769496,0.01037617100000432,exact_sieve,0.0,,
shell,5,29,shell,0.5,equal,8,3,448,48.0,168.0,0,efficient,outside_schedule_domain,,,,,7.276799999544892e-05,unavailable,,,
shell,5,29,shell,0.5,equal,8,3,448,48.0,168.0,0,borda,ok,1.0,1.5621628402956884,-0.009088766501759382,0.7636917388705126,0.0015273039999925686,published_global_clipped_borda,0.0,,
shell,5,30,shell,0.5,equal,8,3,448,48.0,168.0,0,pl,ok,0.0,1.56174968260891,0.0,,0.002664279000001102,hunter_mm,,45.0,1.5480569207479025e-11
shell,5,30,shell,0.5,equal,8,3,448,48.0,168.0,0,mle,ok,0.0,1.5345124089638156,-0.027237273645094318,0.839413685151351,0.0027969060000003765,exact_subset_dp,,,
shell,5,30,shell,0.5,equal,8,3,448,48.0,168.0,0,sharp,ok,1.0,1.5582423275823558,-0.003507355026554082,0.8011195480346118,0.010572383999999602,exact_sieve,0.0,,
shell,5,30,shell,0.5,equal,8,3,448,48.0,168.0,0,efficient,outside_schedule_domain,,,,,6.755200000441164e-05,unavailable,,,
shell,5,30,shell,0.5,equal,8,3,448,48.0,168.0,0,borda,ok,0.0,1.5345124089638156,-0.027237273645094318,0.839413685151351,0.001541591999995262,published_global_clipped_borda,0.0,,
shell,5,31,shell,0.5,equal,8,3,448,48.0,168.0,0,pl,ok,0.0,1.5635135748959075,0.0,,0.002665578000005553,hunter_mm,,40.0,1.978246138329658e-11
shell,5,31,shell,0.5,equal,8,3,448,48.0,168.0,0,mle,ok,0.0,1.5339863031596663,-0.029527271736241145,0.8074398347256734,0.0027942819999964286,exact_subset_dp,,,
shell,5,31,shell,0.5,equal,8,3,448,48.0,168.0,0,sharp,ok,2.0,1.5840837957678946,0.02057022087198712,0.7300863735775438,0.010458521000003884,exact_sieve,0.0,,
shell,5,31,shell,0.5,equal,8,3,448,48.0,168.0,0,efficient,outside_schedule_domain,,,,,6.42859999970824e-05,unavailable,,,
shell,5,31,shell,0.5,equal,8,3,448,48.0,168.0,0,borda,ok,0.0,1.5339863031596663,-0.029527271736241145,0.8074398347256734,0.001549003999997467,published_global_clipped_borda,0.0,,
shell,5,32,shell,0.5,equal,8,3,448,48.0,168.0,0,pl,ok,0.0,1.5625700748547184,0.0,,0.0023282829999971,hunter_mm,,38.0,1.9756323561231123e-11
shell,5,32,shell,0.5,equal,8,3,448,48.0,168.0,0,mle,ok,0.0,1.5358778711109966,-0.026692203743721832,0.7270629548365617,0.0025557639999931325,exact_subset_dp,,,
shell,5,32,shell,0.5,equal,8,3,448,48.0,168.0,0,sharp,ok,3.0,1.6117486271766466,0.04917855232192814,0.641478269422387,0.010078352999997264,exact_sieve,0.0,,
shell,5,32,shell,0.5,equal,8,3,448,48.0,168.0,0,efficient,outside_schedule_domain,,,,,6.211699999880693e-05,unavailable,,,
shell,5,32,shell,0.5,equal,8,3,448,48.0,168.0,0,borda,ok,0.0,1.5358778711109966,-0.026692203743721832,0.7270629548365617,0.0013687120000014374,published_global_clipped_borda,0.0,,
shell,5,33,shell,0.5,equal,8,3,448,48.0,168.0,0,pl,ok,1.0,1.576516345011313,0.0,,0.0027939480000043204,hunter_mm,,49.0,1.5277937645156012e-11
shell,5,33,shell,0.5,equal,8,3,448,48.0,168.0,0,mle,ok,1.0,1.5614704841719755,-0.015045860839337566,0.8458853458049513,0.0027660770000039747,exact_subset_dp,,,
shell,5,33,shell,0.5,equal,8,3,448,48.0,168.0,0,sharp,ok,2.0,1.5877835754757372,0.011267230464424127,0.791684110769496,0.01020900700000027,exact_sieve,0.0,,
shell,5,33,shell,0.5,equal,8,3,448,48.0,168.0,0,efficient,outside_schedule_domain,,,,,6.763400000409092e-05,unavailable,,,
shell,5,33,shell,0.5,equal,8,3,448,48.0,168.0,0,borda,ok,1.0,1.5614704841719755,-0.015045860839337566,0.8458853458049513,0.0016703769999963924,published_global_clipped_borda,0.0,,
shell,5,34,shell,0.5,equal,8,3,448,48.0,168.0,0,pl,ok,0.0,1.5615895858875928,0.0,,0.002786283999995476,hunter_mm,,47.0,1.931534297585001e-11
shell,5,34,shell,0.5,equal,8,3,448,48.0,168.0,0,mle,ok,0.0,1.5340683080359008,-0.027521277851692005,0.81696607787102,0.002648948000000928,exact_subset_dp,,,
shell,5,34,shell,0.5,equal,8,3,448,48.0,168.0,0,sharp,ok,1.0,1.5608411495532422,-0.0007484363343506217,0.7636917388705126,0.010050671000001898,exact_sieve,0.0,,
shell,5,34,shell,0.5,equal,8,3,448,48.0,168.0,0,efficient,outside_schedule_domain,,,,,6.485199999417546e-05,unavailable,,,
shell,5,34,shell,0.5,equal,8,3,448,48.0,168.0,0,borda,ok,0.0,1.5340683080359008,-0.027521277851692005,0.81696607787102,0.0015741819999988138,published_global_clipped_borda,0.0,,
shell,5,35,shell,0.5,equal,8,3,448,48.0,168.0,0,pl,ok,0.0,1.564206380078652,0.0,,0.002523888999988344,hunter_mm,,44.0,1.3184596271896355e-11
shell,5,35,shell,0.5,equal,8,3,448,48.0,168.0,0,mle,ok,0.0,1.5358778711109966,-0.028328508967655486,0.7270629548365617,0.0025267359999929795,exact_subset_dp,,,
shell,5,35,shell,0.5,equal,8,3,448,48.0,168.0,0,sharp,ok,2.0,1.5895400133954543,0.025333633316802162,0.6734845421971655,0.009760058000011895,exact_sieve,0.0,,
shell,5,35,shell,0.5,equal,8,3,448,48.0,168.0,0,efficient,outside_schedule_domain,,,,,6.6203000002929e-05,unavailable,,,
shell,5,35,shell,0.5,equal,8,3,448,48.0,168.0,0,borda,ok,0.0,1.5358778711109966,-0.028328508967655486,0.7270629548365617,0.0013847929999997177,published_global_clipped_borda,0.0,,
shell,5,36,shell,0.5,equal,8,3,448,48.0,168.0,0,pl,ok,1.0,1.568223281347031,0.0,,0.0023738809999969135,hunter_mm,,41.0,1.525624071518905e-11
shell,5,36,shell,0.5,equal,8,3,448,48.0,168.0,0,mle,ok,1.0,1.5586204054208577,-0.00960287592617326,0.7452814445194086,0.0026520169999884047,exact_subset_dp,,,
shell,5,36,shell,0.5,equal,8,3,448,48.0,168.0,0,sharp,ok,3.0,1.6235933654271861,0.0553700840801552,0.6793617336205114,0.010264032000009138,exact_sieve,0.0,,
shell,5,36,shell,0.5,equal,8,3,448,48.0,168.0,0,efficient,outside_schedule_domain,,,,,6.61509999986265e-05,unavailable,,,
shell,5,36,shell,0.5,equal,8,3,448,48.0,168.0,0,borda,ok,1.0,1.5586204054208577,-0.00960287592617326,0.7452814445194086,0.0015624579999951038,published_global_clipped_borda,0.0,,
shell,5,37,shell,0.5,equal,8,3,448,48.0,168.0,0,pl,ok,0.0,1.5664301824917586,0.0,,0.0029373609999936434,hunter_mm,,49.0,2.0558412115536028e-11
shell,5,37,shell,0.5,equal,8,3,448,48.0,168.0,0,mle,ok,0.0,1.534605165986218,-0.03182501650554048,0.8426462308593962,0.0025882179999996424,exact_subset_dp,,,
shell,5,37,shell,0.5,equal,8,3,448,48.0,168.0,0,sharp,ok,0.0,1.534605165986218,-0.03182501650554048,0.8426462308593962,0.009956956999999989,exact_sieve,0.0,,
shell,5,37,shell,0.5,equal,8,3,448,48.0,168.0,0,efficient,outside_schedule_domain,,,,,6.395799999836527e-05,unavailable,,,
shell,5,37,shell,0.5,equal,8,3,448,48.0,168.0,0,borda,ok,0.0,1.534605165986218,-0.03182501650554048,0.8426462308593962,0.0014286359999999831,published_global_clipped_borda,0.0,,
shell,5,38,shell,0.5,equal,8,3,448,48.0,168.0,0,pl,ok,0.0,1.5606194904959632,0.0,,0.0026106619999950453,hunter_mm,,43.0,2.6643766558111436e-11
shell,5,38,shell,0.5,equal,8,3,448,48.0,168.0,0,mle,ok,0.0,1.533967177122373,-0.026652313373590086,0.8011195480346118,0.0027494160000003376,exact_subset_dp,,,
shell,5,38,shell,0.5,equal,8,3,448,48.0,168.0,0,sharp,ok,0.0,1.533967177122373,-0.026652313373590086,0.8011195480346118,0.010266215000001466,exact_sieve,0.0,,
shell,5,38,shell,0.5,equal,8,3,448,48.0,168.0,0,efficient,outside_schedule_domain,,,,,7.520900000201891e-05,unavailable,,,
shell,5,38,shell,0.5,equal,8,3,448,48.0,168.0,0,borda,ok,0.0,1.533967177122373,-0.026652313373590086,0.8011195480346118,0.0015158829999961654,published_global_clipped_borda,0.0,,
shell,5,39,shell,0.5,equal,8,3,448,48.0,168.0,0,pl,ok,1.0,1.5638931972267431,0.0,,0.0025127970000085043,hunter_mm,,43.0,2.0298239279879583e-11
shell,5,39,shell,0.5,equal,8,3,448,48.0,168.0,0,mle,ok,0.0,1.534214961953606,-0.029678235273137066,0.8265483022961607,0.002899013000003947,exact_subset_dp,,,
shell,5,39,shell,0.5,equal,8,3,448,48.0,168.0,0,sharp,ok,1.0,1.5636788587311123,-0.00021433849563079477,0.8074398347256734,0.010252903999997898,exact_sieve,0.0,,
shell,5,39,shell,0.5,equal,8,3,448,48.0,168.0,0,efficient,outside_schedule_domain,,,,,6.298399999593585e-05,unavailable,,,
shell,5,39,shell,0.5,equal,8,3,448,48.0,168.0,0,borda,ok,1.0,1.5622896283419787,-0.001603568884764428,0.7729712564241071,0.0015183870000043953,published_global_clipped_borda,0.0,,
shell,6,0,shell,1.0,equal,8,3,28,3.0,10.5,0,pl,ok,4.0,1.6077366632455206,0.0,,0.001758938000008925,hunter_mm,,55.0,1.7515703173590478e-11
shell,6,0,shell,1.0,equal,8,3,28,3.0,10.5,0,mle,ok,5.0,1.6748751609179413,0.06713849767242075,0.8589084084290807,0.0026858779999940907,exact_subset_dp,,,
shell,6,0,shell,1.0,equal,8,3,28,3.0,10.5,0,sharp,ok,12.0,1.7849875045320123,0.1772508412864917,0.23562881521737206,0.0019292270000050848,exact_sieve,0.0,,
shell,6,0,shell,1.0,equal,8,3,28,3.0,10.5,0,efficient,outside_schedule_domain,,,,,3.526999999792224e-05,unavailable,,,
shell,6,0,shell,1.0,equal,8,3,28,3.0,10.5,0,borda,ok,4.0,1.6435709317658056,0.03583426852028504,0.8589084084290807,0.0014945540000042001,published_global_clipped_borda,0.0,,
shell,6,1,shell,1.0,equal,8,3,28,3.0,10.5,0,pl,ok,2.0,1.7447304530404883,0.0,,0.002390563000005841,hunter_mm,,88.0,2.342227998854339e-11
shell,6,1,shell,1.0,equal,8,3,28,3.0,10.5,0,mle,ok,5.0,1.8593159287474834,0.11458547570699507,1.2127529326707367,0.003078971999997293,exact_subset_dp,,,
shell,6,1,shell,1.0,equal,8,3,28,3.0,10.5,0,sharp,ok,5.0,1.730933750442642,-0.013796702597846267,0.8589084084290807,0.0020371530000034,exact_sieve,0.0,,
shell,6,1,shell,1.0,equal,8,3,28,3.0,10.5,0,efficient,outside_schedule_domain,,,,,3.538299999661376e-05,unavailable,,,
shell,6,1,shell,1.0,equal,8,3,28,3.0,10.5,0,borda,ok,2.0,1.6433612160562205,-0.10136923698426781,1.1470129282507922,0.00177380899999946,published_global_clipped_borda,0.0,,
shell,6,2,shell,1.0,equal,8,3,28,3.0,10.5,0,pl,ok,3.0,1.6617183081832367,0.0,,0.0018986899999902107,hunter_mm,,65.0,1.3744561044859438e-11
shell,6,2,shell,1.0,equal,8,3,28,3.0,10.5,0,mle,ok,4.0,1.6900613327028329,0.02834302451959614,1.0844293045104068,0.0031143359999958875,exact_subset_dp,,,
shell,6,2,shell,1.0,equal,8,3,28,3.0,10.5,0,sharp,ok,6.0,1.729030542684477,0.06731223450124024,0.7090287388626768,0.0020350960000001805,exact_sieve,0.0,,
shell,6,2,shell,1.0,equal,8,3,28,3.0,10.5,0,efficient,outside_schedule_domain,,,,,3.525500000023385e-05,unavailable,,,
shell,6,2,shell,1.0,equal,8,3,28,3.0,10.5,0,borda,ok,2.0,1.6169365563974154,-0.04478175178582133,1.0246248379567524,0.0017565750000017033,published_global_clipped_borda,0.0,,
shell,6,3,shell,1.0,equal,8,3,28,3.0,10.5,0,pl,ok,4.0,1.6474170356461713,0.0,,0.0018370429999947646,hunter_mm,,66.0,1.5948892999923762e-11
shell,6,3,shell,1.0,equal,8,3,28,3.0,10.5,0,mle,ok,4.0,1.6539324917261202,0.006515456079948967,0.9121196566486348,0.0025389999999987367,exact_subset_dp,,,
shell,6,3,shell,1.0,equal,8,3,28,3.0,10.5,0,sharp,ok,18.0,1.8119263319280572,0.16450929628188593,0.07799027688065245,0.0019437839999909556,exact_sieve,0.0,,
shell,6,3,shell,1.0,equal,8,3,28,3.0,10.5,0,efficient,outside_schedule_domain,,,,,3.777300000251671e-05,unavailable,,,
shell,6,3,shell,1.0,equal,8,3,28,3.0,10.5,0,borda,ok,4.0,1.6402925261027752,-0.0071245095433960515,0.8074398347256734,0.0014527630000031877,published_global_clipped_borda,0.0,,
shell,6,4,shell,1.0,equal,8,3,28,3.0,10.5,0,pl,ok,4.0,1.661348241078464,0.0,,0.0016869550000109257,hunter_mm,,58.0,1.7706756695799543e-11
shell,6,4,shell,1.0,equal,8,3,28,3.0,10.5,0,mle,ok,6.0,1.802989218551398,0.14164097747293414,1.0844293045104068,0.0030802429999994274,exact_subset_dp,,,
shell,6,4,shell,1.0,equal,8,3,28,3.0,10.5,0,sharp,ok,12.0,1.7932788459291216,0.13193060485065766,0.31614842415667943,0.002000488999996719,exact_sieve,0.0,,
shell,6,4,shell,1.0,equal,8,3,28,3.0,10.5,0,efficient,outside_schedule_domain,,,,,3.642000000070311e-05,unavailable,,,
shell,6,4,shell,1.0,equal,8,3,28,3.0,10.5,0,borda,ok,5.0,1.7093188808274704,0.047970639749006505,0.9121196566486348,0.0013254830000022366,published_global_clipped_borda,0.0,,
shell,6,5,shell,1.0,equal,8,3,28,3.0,10.5,0,pl,ok,7.0,1.7471628051435673,0.0,,0.0014347340000000486,hunter_mm,,41.0,1.9215391182975897e-11
shell,6,5,shell,1.0,equal,8,3,28,3.0,10.5,0,mle,ok,8.0,1.8190339017416455,0.07187109659807822,0.757533184154752,0.002499106000001916,exact_subset_dp,,,
shell,6,5,shell,1.0,equal,8,3,28,3.0,10.5,0,sharp,ok,12.0,1.822427903177483,0.07526509803391579,0.39843792971796577,0.0020549890000012283,exact_sieve,0.0,,
shell,6,5,shell,1.0,equal,8,3,28,3.0,10.5,0,efficient,outside_schedule_domain,,,,,3.7452999990250646e-05,unavailable,,,
shell,6,5,shell,1.0,equal,8,3,28,3.0,10.5,0,borda,ok,7.0,1.7442742137357188,-0.002888591407848473,0.5705796667792838,0.0015047280000004548,published_global_clipped_borda,0.0,,
shell,6,6,shell,1.0,equal,8,3,28,3.0,10.5,0,pl,ok,6.0,1.7068467501500328,0.0,,0.0015021189999941953,hunter_mm,,49.0,1.1828760193566268e-11
shell,6,6,shell,1.0,equal,8,3,28,3.0,10.5,0,mle,ok,11.0,1.9326570599941673,0.22581030984413442,0.8074398347256734,0.002641530000005332,exact_subset_dp,,,
shell,6,6,shell,1.0,equal,8,3,28,3.0,10.5,0,sharp,ok,15.0,1.900781405299992,0.19393465514995922,0.39843792971796577,0.0020902910000017982,exact_sieve,0.0,,
shell,6,6,shell,1.0,equal,8,3,28,3.0,10.5,0,efficient,outside_schedule_domain,,,,,3.638399999772446e-05,unavailable,,,
shell,6,6,shell,1.0,equal,8,3,28,3.0,10.5,0,borda,ok,8.0,1.724733542981327,0.01788679283129424,0.5264006135801002,0.0014918600000015658,published_global_clipped_borda,0.0,,
shell,6,7,shell,1.0,equal,8,3,28,3.0,10.5,0,pl,ok,5.0,1.6621239942250978,0.0,,0.0020751330000052803,hunter_mm,,75.0,1.647821561740719e-11
shell,6,7,shell,1.0,equal,8,3,28,3.0,10.5,0,mle,ok,5.0,1.700857733850909,0.03873373962581117,0.9672795990261153,0.0026123969999929386,exact_subset_dp,,,
shell,6,7,shell,1.0,equal,8,3,28,3.0,10.5,0,sharp,ok,6.0,1.6988090056065634,0.036685011381465626,0.5705796667792838,0.002107644999995273,exact_sieve,0.0,,
shell,6,7,shell,1.0,equal,8,3,28,3.0,10.5,0,efficient,outside_schedule_domain,,,,,3.673899999512287e-05,unavailable,,,
shell,6,7,shell,1.0,equal,8,3,28,3.0,10.5,0,borda,ok,6.0,1.7482245371626364,0.08610054293753855,0.9672795990261153,0.0013383489999938547,published_global_clipped_borda,0.0,,
shell,6,8,shell,1.0,equal,8,3,28,3.0,10.5,0,pl,ok,4.0,1.6725882483284131,0.0,,0.0017530819999933556,hunter_mm,,60.0,1.4184716893136544e-11
shell,6,8,shell,1.0,equal,8,3,28,3.0,10.5,0,mle,ok,5.0,1.7197676214108641,0.047179373082451015,0.9121196566486348,0.0025020100000006096,exact_subset_dp,,,
shell,6,8,shell,1.0,equal,8,3,28,3.0,10.5,0,sharp,ok,10.0,1.7410120575793955,0.06842380925098235,0.31614842415667943,0.0020866049999881398,exact_sieve,0.0,,
shell,6,8,shell,1.0,equal,8,3,28,3.0,10.5,0,efficient,outside_schedule_domain,,,,,3.95450000070241e-05,unavailable,,,
shell,6,8,shell,1.0,equal,8,3,28,3.0,10.5,0,borda,ok,4.0,1.66987646464227,-0.002711783686143221,0.8589084084290807,0.0014629629999944882,published_global_clipped_borda,0.0,,
shell,6,9,shell,1.0,equal,8,3,28,3.0,10.5,0,pl,ok,8.0,1.940629729355946,0.0,,0.0038519130000054247,hunter_mm,,153.0,3.021154754938899e-11
shell,6,9,shell,1.0,equal,8,3,28,3.0,10.5,0,mle,ok,8.0,1.8624827523045697,-0.0781469770513763,0.9672795990261153,0.002605318000007628,exact_subset_dp,,,
shell,6,9,shell,1.0,equal,8,3,28,3.0,10.5,0,sharp,ok,9.0,1.809542791326355,-0.13108693802959093,0.5705796667792838,0.0020475630000049705,exact_sieve,0.0,,
shell,6,9,shell,1.0,equal,8,3,28,3.0,10.5,0,efficient,outside_schedule_domain,,,,,3.30730000115409e-05,unavailable,,,
shell,6,9,shell,1.0,equal,8,3,28,3.0,10.5,0,borda,ok,7.0,1.8030150943310508,-0.13761463502489524,0.8589084084290807,0.0015304110000045057,published_global_clipped_borda,0.0,,
shell,6,10,shell,1.0,equal,8,3,28,3.0,10.5,0,pl,ok,5.0,1.5990133061616274,0.0,,0.0014300609999935432,hunter_mm,,43.0,1.138873122792055e-11
shell,6,10,shell,1.0,equal,8,3,28,3.0,10.5,0,mle,ok,3.0,1.6128018160681146,0.013788509906487167,0.48304091257642995,0.0024967859999946995,exact_subset_dp,,,
shell,6,10,shell,1.0,equal,8,3,28,3.0,10.5,0,sharp,ok,9.0,1.7643641031330606,0.16535079697143318,0.3570395237671002,0.001998969000013062,exact_sieve,0.0,,
shell,6,10,shell,1.0,equal,8,3,28,3.0,10.5,0,efficient,outside_schedule_domain,,,,,3.3812999987503645e-05,unavailable,,,
shell,6,10,shell,1.0,equal,8,3,28,3.0,10.5,0,borda,ok,5.0,1.6950245189538977,0.09601121279227032,0.23562881521737206,0.0012766079999977364,published_global_clipped_borda,0.0,,
shell,6,11,shell,1.0,equal,8,3,28,3.0,10.5,0,pl,ok,5.0,1.8854711902968107,0.0,,0.0022635170000029348,hunter_mm,,86.0,4.52561163147688e-11
shell,6,11,shell,1.0,equal,8,3,28,3.0,10.5,0,mle,ok,5.0,1.8919902953144887,0.006519105017678051,1.355592246167523,0.0028709569999989526,exact_subset_dp,,,
shell,6,11,shell,1.0,equal,8,3,28,3.0,10.5,0,sharp,ok,11.0,1.8116282757501447,-0.07384291454666592,0.5264006135801002,0.0021337310000006937,exact_sieve,0.0,,
shell,6,11,shell,1.0,equal,8,3,28,3.0,10.5,0,efficient,outside_schedule_domain,,,,,4.5553999996172934e-05,unavailable,,,
shell,6,11,shell,1.0,equal,8,3,28,3.0,10.5,0,borda,ok,5.0,1.7627721300188228,-0.12269906027798783,1.1470129282507922,0.0016867020000006505,published_global_clipped_borda,0.0,,
shell,6,12,shell,1.0,equal,8,3,28,3.0,10.5,0,pl,ok,5.0,1.601260667580938,0.0,,0.001236224000010111,hunter_mm,,38.0,1.5633018689088983e-11
shell,6,12,shell,1.0,equal,8,3,28,3.0,10.5,0,mle,ok,5.0,1.66372255829234,0.06246189071140207,0.6617844044760891,0.0025152949999949215,exact_subset_dp,,,
shell,6,12,shell,1.0,equal,8,3,28,3.0,10.5,0,sharp,ok,8.0,1.7524188712206474,0.15115820363970944,0.23562881521737206,0.0019307489999960126,exact_sieve,0.0,,
shell,6,12,shell,1.0,equal,8,3,28,3.0,10.5,0,efficient,outside_schedule_domain,,,,,3.472100000578848e-05,unavailable,,,
shell,6,12,shell,1.0,equal,8,3,28,3.0,10.5,0,borda,ok,6.0,1.6824208303393515,0.08116016275841353,0.5264006135801002,0.0014033789999956525,published_global_clipped_borda,0.0,,
shell,6,13,shell,1.0,equal,8,3,28,3.0,10.5,0,pl,ok,4.0,1.5816470764485038,0.0,,0.0016205250000069782,hunter_mm,,54.0,1.2759634618727693e-11
shell,6,13,shell,1.0,equal,8,3,28,3.0,10.5,0,mle,ok,3.0,1.6239238634844964,0.04227678703599258,0.8074398347256734,0.0026220379999983834,exact_subset_dp,,,
shell,6,13,shell,1.0,equal,8,3,28,3.0,10.5,0,sharp,ok,6.0,1.701010339796773,0.1193632633482693,0.44041348850630796,0.002093861000005859,exact_sieve,0.0,,
shell,6,13,shell,1.0,equal,8,3,28,3.0,10.5,0,efficient,outside_schedule_domain,,,,,3.645500000004631e-05,unavailable,,,
shell,6,13,shell,1.0,equal,8,3,28,3.0,10.5,0,borda,ok,2.0,1.5695154768445996,-0.012131599603904197,0.7090287388626768,0.001463263999994524,published_global_clipped_borda,0.0,,
shell,6,14,shell,1.0,equal,8,3,28,3.0,10.5,0,pl,ok,6.0,1.7479559962790416,0.0,,0.0017501789999982975,hunter_mm,,60.0,3.825409830174717e-11
shell,6,14,shell,1.0,equal,8,3,28,3.0,10.5,0,mle,ok,3.0,1.676899592763075,-0.07105640351596665,1.1470129282507922,0.002949224999994726,exact_subset_dp,,,
shell,6,14,shell,1.0,equal,8,3,28,3.0,10.5,0,sharp,ok,7.0,1.7529447575010828,0.0049887612220411715,0.6617844044760891,0.0018742990000077953,exact_sieve,0.0,,
shell,6,14,shell,1.0,equal,8,3,28,3.0,10.5,0,efficient,outside_schedule_domain,,,,,4.5999999997548e-05,unavailable,,,
shell,6,14,shell,1.0,equal,8,3,28,3.0,10.5,0,borda,ok,7.0,1.826945758790185,0.07898976251114331,0.9672795990261153,0.001348952000000736,published_global_clipped_borda,0.0,,
shell,6,15,shell,1.0,equal,8,3,28,3.0,10.5,0,pl,ok,6.0,1.8015682872890717,0.0,,0.0024691179999933865,hunter_mm,,92.0,2.863217599521509e-11
shell,6,15,shell,1.0,equal,8,3,28,3.0,10.5,0,mle,ok,3.0,1.636333025792581,-0.1652352614964907,0.8589084084290807,0.0028682900000092104,exact_subset_dp,,,
shell,6,15,shell,1.0,equal,8,3,28,3.0,10.5,0,sharp,ok,13.0,1.819549727735604,0.017981440446532382,0.31614842415667943,0.0020390090000006467,exact_sieve,0.0,,
shell,6,15,shell,1.0,equal,8,3,28,3.0,10.5,0,efficient,outside_schedule_domain,,,,,4.491200000700246e-05,unavailable,,,
shell,6,15,shell,1.0,equal,8,3,28,3.0,10.5,0,borda,ok,5.0,1.664087347026333,-0.1374809402627386,0.7090287388626768,0.0014719429999985323,published_global_clipped_borda,0.0,,
shell,6,16,shell,1.0,equal,8,3,28,3.0,10.5,0,pl,ok,3.0,1.705317163308577,0.0,,0.002851273999993964,hunter_mm,,100.0,2.050147353470168e-11
shell,6,16,shell,1.0,equal,8,3,28,3.0,10.5,0,mle,ok,3.0,1.6557347935872042,-0.049582369721372865,1.0844293045104068,0.003171050999995373,exact_subset_dp,,,
shell,6,16,shell,1.0,equal,8,3,28,3.0,10.5,0,sharp,ok,12.0,1.841813304066521,0.13649614075794392,0.6156729370132851,0.0020465190000038547,exact_sieve,0.0,,
shell,6,16,shell,1.0,equal,8,3,28,3.0,10.5,0,efficient,outside_schedule_domain,,,,,3.546800000719941e-05,unavailable,,,
shell,6,16,shell,1.0,equal,8,3,28,3.0,10.5,0,borda,ok,1.0,1.5644944538314292,-0.14082270947714792,0.9672795990261153,0.0013577109999971526,published_global_clipped_borda,0.0,,
shell,6,17,shell,1.0,equal,8,3,28,3.0,10.5,0,pl,ok,3.0,1.6066307330156595,0.0,,0.002380317000003629,hunter_mm,,71.0,1.762888248078655e-11
shell,6,17,shell,1.0,equal,8,3,28,3.0,10.5,0,mle,ok,4.0,1.6873834828217298,0.08075274980607028,0.9121196566486348,0.0024566279999902463,exact_subset_dp,,,
shell,6,17,shell,1.0,equal,8,3,28,3.0,10.5,0,sharp,ok,13.0,1.8322645993610656,0.22563386634540605,0.39843792971796577,0.0020539529999865636,exact_sieve,0.0,,
shell,6,17,shell,1.0,equal,8,3,28,3.0,10.5,0,efficient,outside_schedule_domain,,,,,3.762199999357563e-05,unavailable,,,
shell,6,17,shell,1.0,equal,8,3,28,3.0,10.5,0,borda,ok,3.0,1.6296111800308282,0.02298044701516866,0.8589084084290807,0.0014311759999969809,published_global_clipped_borda,0.0,,
shell,6,18,shell,1.0,equal,8,3,28,3.0,10.5,0,pl,ok,6.0,1.6515606245790142,0.0,,0.0016313260000089258,hunter_mm,,54.0,1.8080584648519757e-11
shell,6,18,shell,1.0,equal,8,3,28,3.0,10.5,0,mle,ok,7.0,1.7295133708870116,0.07795274630799742,0.7090287388626768,0.0026335670000037226,exact_subset_dp,,,
shell,6,18,shell,1.0,equal,8,3,28,3.0,10.5,0,sharp,ok,6.0,1.6878945179808764,0.036333893401862216,0.39843792971796577,0.002041929000000664,exact_sieve,0.0,,
shell,6,18,shell,1.0,equal,8,3,28,3.0,10.5,0,efficient,outside_schedule_domain,,,,,3.4782000000177504e-05,unavailable,,,
shell,6,18,shell,1.0,equal,8,3,28,3.0,10.5,0,borda,ok,7.0,1.7295133708870116,0.07795274630799742,0.7090287388626768,0.001420049000003587,published_global_clipped_borda,0.0,,
shell,6,19,shell,1.0,equal,8,3,28,3.0,10.5,0,pl,no_unique_finite_mle,,,,,0.00025678999999456664,hunter_mm,,,
shell,6,19,shell,1.0,equal,8,3,28,3.0,10.5,0,mle,ok,4.0,1.6991925032944453,,1.0844293045104068,0.0031941830000050686,exact_subset_dp,,,
shell,6,19,shell,1.0,equal,8,3,28,3.0,10.5,0,sharp,ok,9.0,1.793094793401981,,0.6156729370132851,0.0020327870000045323,exact_sieve,0.0,,
shell,6,19,shell,1.0,equal,8,3,28,3.0,10.5,0,efficient,outside_schedule_domain,,,,,3.5777999997321785e-05,unavailable,,,
shell,6,19,shell,1.0,equal,8,3,28,3.0,10.5,0,borda,ok,2.0,1.5986924890933043,,0.9672795990261153,0.0013219909999975243,published_global_clipped_borda,0.0,,
shell,6,20,shell,1.0,equal,8,3,28,3.0,10.5,0,pl,ok,9.0,1.989014561855397,0.0,,0.00174785100000463,hunter_mm,,60.0,1.2532514708547232e-11
shell,6,20,shell,1.0,equal,8,3,28,3.0,10.5,0,mle,ok,7.0,1.8402597876451399,-0.14875477421025707,1.0246248379567524,0.002921419999992736,exact_subset_dp,,,
shell,6,20,shell,1.0,equal,8,3,28,3.0,10.5,0,sharp,ok,11.0,1.7804045364932684,-0.20861002536212858,0.3570395237671002,0.0020293629999912355,exact_sieve,0.0,,
shell,6,20,shell,1.0,equal,8,3,28,3.0,10.5,0,efficient,outside_schedule_domain,,,,,3.3905000009326614e-05,unavailable,,,
shell,6,20,shell,1.0,equal,8,3,28,3.0,10.5,0,borda,ok,9.0,1.8979523076519713,-0.09106225420342562,0.9672795990261153,0.0012901700000043093,published_global_clipped_borda,0.0,,
shell,6,21,shell,1.0,equal,8,3,28,3.0,10.5,0,pl,ok,2.0,1.9608537490448599,0.0,,0.004904643999992686,hunter_mm,,206.0,3.650216636888867e-11
shell,6,21,shell,1.0,equal,8,3,28,3.0,10.5,0,mle,ok,1.0,1.8258934984588127,-0.13496025058604721,1.7070122647274826,0.002879639999989081,exact_subset_dp,,,
shell,6,21,shell,1.0,equal,8,3,28,3.0,10.5,0,sharp,ok,10.0,1.8608661312631245,-0.09998761778173537,0.7090287388626768,0.002001080999988858,exact_sieve,0.0,,
shell,6,21,shell,1.0,equal,8,3,28,3.0,10.5,0,efficient,outside_schedule_domain,,,,,3.3498999997050305e-05,unavailable,,,
shell,6,21,shell,1.0,equal,8,3,28,3.0,10.5,0,borda,ok,4.0,1.8079986718575933,-0.15285507718726654,1.355592246167523,0.0017110779999995884,published_global_clipped_borda,0.0,,
shell,6,22,shell,1.0,equal,8,3,28,3.0,10.5,0,pl,ok,1.0,1.6632749144380305,0.0,,0.002212021000005393,hunter_mm,,81.0,1.742691705227831e-11
shell,6,22,shell,1.0,equal,8,3,28,3.0,10.5,0,mle,ok,1.0,1.5589944126935782,-0.10428050174445236,0.8589084084290807,0.0026584799999938014,exact_subset_dp,,,
shell,6,22,shell,1.0,equal,8,3,28,3.0,10.5,0,sharp,ok,11.0,1.8012029598347026,0.13792804539667203,0.39843792971796577,0.0020361579999956803,exact_sieve,0.0,,
shell,6,22,shell,1.0,equal,8,3,28,3.0,10.5,0,efficient,outside_schedule_domain,,,,,3.366299999640887e-05,unavailable,,,
shell,6,22,shell,1.0,equal,8,3,28,3.0,10.5,0,borda,ok,3.0,1.616438882315206,-0.0468360321228245,0.8074398347256734,0.0015066200000006802,published_global_clipped_borda,0.0,,
shell,6,23,shell,1.0,equal,8,3,28,3.0,10.5,0,pl,ok,4.0,1.5867952050184462,0.0,,0.001978133999998022,hunter_mm,,70.0,3.239326267540881e-11
shell,6,23,shell,1.0,equal,8,3,28,3.0,10.5,0,mle,ok,2.0,1.6443237646616204,0.05752855964317427,1.0844293045104068,0.0030552480000096693,exact_subset_dp,,,
shell,6,23,shell,1.0,equal,8,3,28,3.0,10.5,0,sharp,ok,6.0,1.7087858403252632,0.12199063530681697,0.757533184154752,0.00191767399999776,exact_sieve,0.0,,
shell,6,23,shell,1.0,equal,8,3,28,3.0,10.5,0,efficient,outside_schedule_domain,,,,,3.768000000548e-05,unavailable,,,
shell,6,23,shell,1.0,equal,8,3,28,3.0,10.5,0,borda,ok,3.0,1.6235697417563866,0.0367745367379404,0.9121196566486348,0.0013235890000089512,published_global_clipped_borda,0.0,,
shell,6,24,shell,1.0,equal,8,3,28,3.0,10.5,0,pl,ok,5.0,1.8658132315937888,0.0,,0.003265116000008561,hunter_mm,,127.0,2.6385623844557162e-11
shell,6,24,shell,1.0,equal,8,3,28,3.0,10.5,0,mle,ok,6.0,2.078584551225379,0.21277131963159013,1.6084230339112893,0.0029709169999989626,exact_subset_dp,,,
shell,6,24,shell,1.0,equal,8,3,28,3.0,10.5,0,sharp,ok,12.0,1.790498912507803,-0.07531431908598574,0.31614842415667943,0.002127614000002609,exact_sieve,0.0,,
shell,6,24,shell,1.0,equal,8,3,28,3.0,10.5,0,efficient,outside_schedule_domain,,,,,3.593399999601843e-05,unavailable,,,
shell,6,24,shell,1.0,equal,8,3,28,3.0,10.5,0,borda,ok,4.0,1.8804900523739891,0.014676820780200384,1.5178272565961248,0.0017740320000001475,published_global_clipped_borda,0.0,,
shell,6,25,shell,1.0,equal,8,3,28,3.0,10.5,0,pl,ok,7.0,1.9846152418082637,0.0,,0.005264727000010794,hunter_mm,,216.0,3.255218317121944e-11
shell,6,25,shell,1.0,equal,8,3,28,3.0,10.5,0,mle,ok,10.0,2.0746904165391022,0.09007517473083859,1.0844293045104068,0.0031268399999930807,exact_subset_dp,,,
shell,6,25,shell,1.0,equal,8,3,28,3.0,10.5,0,sharp,ok,12.0,1.8267302182786012,-0.1578850235296625,0.44041348850630796,0.0020377320000051213,exact_sieve,0.0,,
shell,6,25,shell,1.0,equal,8,3,28,3.0,10.5,0,efficient,outside_schedule_domain,,,,,3.43059999892148e-05,unavailable,,,
shell,6,25,shell,1.0,equal,8,3,28,3.0,10.5,0,borda,ok,6.0,1.806632745539447,-0.17798249626881657,0.9672795990261153,0.0013431680000053348,published_global_clipped_borda,0.0,,
shell,6,26,shell,1.0,equal,8,3,28,3.0,10.5,0,pl,ok,3.0,1.6137994109333347,0.0,,0.0015983049999874765,hunter_mm,,54.0,1.9000674050013392e-11
shell,6,26,shell,1.0,equal,8,3,28,3.0,10.5,0,mle,ok,3.0,1.640573868242596,0.026774457309261424,1.0246248379567524,0.0029250900000050706,exact_subset_dp,,,
shell,6,26,shell,1.0,equal,8,3,28,3.0,10.5,0,sharp,ok,12.0,1.7981112245447106,0.18431181361137594,0.31614842415667943,0.0020685839999998734,exact_sieve,0.0,,
shell,6,26,shell,1.0,equal,8,3,28,3.0,10.5,0,efficient,outside_schedule_domain,,,,,3.6065000003304704e-05,unavailable,,,
shell,6,26,shell,1.0,equal,8,3,28,3.0,10.5,0,borda,ok,3.0,1.6089074151535865,-0.004891995779748193,0.8589084084290807,0.0014576559999994743,published_global_clipped_borda,0.0,,
shell,6,27,shell,1.0,equal,8,3,28,3.0,10.5,0,pl,ok,3.0,1.6268302721980272,0.0,,0.001956065000001672,hunter_mm,,69.0,2.3567877808058515e-11
shell,6,27,shell,1.0,equal,8,3,28,3.0,10.5,0,mle,ok,6.0,1.702019635026005,0.07518936282797783,0.8074398347256734,0.002659143000002473,exact_subset_dp,,,
shell,6,27,shell,1.0,equal,8,3,28,3.0,10.5,0,sharp,ok,9.0,1.7593365192540118,0.13250624705598457,0.39843792971796577,0.0020775579999963156,exact_sieve,0.0,,
shell,6,27,shell,1.0,equal,8,3,28,3.0,10.5,0,efficient,outside_schedule_domain,,,,,3.610699999967437e-05,unavailable,,,
shell,6,27,shell,1.0,equal,8,3,28,3.0,10.5,0,borda,ok,1.0,1.5627936244907432,-0.06403664770728401,0.6617844044760891,0.0013410490000040909,published_global_clipped_borda,0.0,,
shell,6,28,shell,1.0,equal,8,3,28,3.0,10.5,0,pl,ok,5.0,1.9646970234490573,0.0,,0.0034617959999962977,hunter_mm,,139.0,1.4386714042302629e-11
shell,6,28,shell,1.0,equal,8,3,28,3.0,10.5,0,mle,ok,3.0,1.761604876753654,-0.2030921466954032,1.355592246167523,0.0029660919999940916,exact_subset_dp,,,
shell,6,28,shell,1.0,equal,8,3,28,3.0,10.5,0,sharp,ok,7.0,1.713757312570392,-0.2509397108786653,0.6617844044760891,0.0018856220000031954,exact_sieve,0.0,,
shell,6,28,shell,1.0,equal,8,3,28,3.0,10.5,0,efficient,outside_schedule_domain,,,,,3.5208999989322365e-05,unavailable,,,
shell,6,28,shell,1.0,equal,8,3,28,3.0,10.5,0,borda,ok,5.0,1.7648593849168603,-0.19983763853219694,1.1470129282507922,0.0017543059999951538,published_global_clipped_borda,0.0,,
shell,6,29,shell,1.0,equal,8,3,28,3.0,10.5,0,pl,ok,1.0,1.592755081024408,0.0,,0.0017939899999959152,hunter_mm,,59.0,1.9755371941495727e-11
shell,6,29,shell,1.0,equal,8,3,28,3.0,10.5,0,mle,ok,4.0,1.6916122110280687,0.0988571300036607,1.0246248379567524,0.0029896830000097907,exact_subset_dp,,,
shell,6,29,shell,1.0,equal,8,3,28,3.0,10.5,0,sharp,ok,9.0,1.8114176077852244,0.21866252676081643,0.757533184154752,0.0019102780000110897,exact_sieve,0.0,,
shell,6,29,shell,1.0,equal,8,3,28,3.0,10.5,0,efficient,outside_schedule_domain,,,,,3.563799999994899e-05,unavailable,,,
shell,6,29,shell,1.0,equal,8,3,28,3.0,10.5,0,borda,ok,4.0,1.648195030258419,0.055439949234010966,0.9121196566486348,0.0012951029999896946,published_global_clipped_borda,0.0,,
shell,6,30,shell,1.0,equal,8,3,28,3.0,10.5,0,pl,ok,10.0,1.8035148074602187,0.0,,0.001979583999997203,hunter_mm,,74.0,2.3127785401097103e-11
shell,6,30,shell,1.0,equal,8,3,28,3.0,10.5,0,mle,ok,10.0,1.9862340423633231,0.18271923490310438,1.0246248379567524,0.002863180999995052,exact_subset_dp,,,
shell,6,30,shell,1.0,equal,8,3,28,3.0,10.5,0,sharp,ok,13.0,2.0139791939270513,0.21046438646683252,0.8074398347256734,0.002029155000002447,exact_sieve,0.0,,
shell,6,30,shell,1.0,equal,8,3,28,3.0,10.5,0,efficient,outside_schedule_domain,,,,,3.381499999477455e-05,unavailable,,,
shell,6,30,shell,1.0,equal,8,3,28,3.0,10.5,0,borda,ok,9.0,1.8841712341232861,0.08065642666306738,0.9121196566486348,0.0013173280000131626,published_global_clipped_borda,0.0,,
shell,6,31,shell,1.0,equal,8,3,28,3.0,10.5,0,pl,ok,5.0,1.588600581151482,0.0,,0.001741300000006163,hunter_mm,,56.0,2.0244631368119113e-11
shell,6,31,shell,1.0,equal,8,3,28,3.0,10.5,0,mle,ok,5.0,1.6750941599890479,0.08649357883756581,0.6617844044760891,0.0024937809999983074,exact_subset_dp,,,
shell,6,31,shell,1.0,equal,8,3,28,3.0,10.5,0,sharp,ok,10.0,1.771153775319125,0.18255319416764304,0.3570395237671002,0.002004346999996187,exact_sieve,0.0,,
shell,6,31,shell,1.0,equal,8,3,28,3.0,10.5,0,efficient,outside_schedule_domain,,,,,3.588400001319769e-05,unavailable,,,
shell,6,31,shell,1.0,equal,8,3,28,3.0,10.5,0,borda,ok,3.0,1.6124258242155598,0.02382524306407774,0.48304091257642995,0.001410255000010352,published_global_clipped_borda,0.0,,
shell,6,32,shell,1.0,equal,8,3,28,3.0,10.5,0,pl,ok,3.0,1.723125325753409,0.0,,0.0025640679999980875,hunter_mm,,98.0,2.6061248397419538e-11
shell,6,32,shell,1.0,equal,8,3,28,3.0,10.5,0,mle,ok,3.0,1.7137000245463498,-0.00942530120705909,1.2127529326707367,0.0030409470000023475,exact_subset_dp,,,
shell,6,32,shell,1.0,equal,8,3,28,3.0,10.5,0,sharp,ok,8.0,1.7330989012063858,0.009973575452976835,0.44041348850630796,0.0021394860000043536,exact_sieve,0.0,,
shell,6,32,shell,1.0,equal,8,3,28,3.0,10.5,0,efficient,outside_schedule_domain,,,,,3.988500000673412e-05,unavailable,,,
shell,6,32,shell,1.0,equal,8,3,28,3.0,10.5,0,borda,ok,2.0,1.6842741214703203,-0.038851204283088636,1.2127529326707367,0.0018915570000075377,published_global_clipped_borda,0.0,,
shell,6,33,shell,1.0,equal,8,3,28,3.0,10.5,0,pl,ok,8.0,1.6501057897026437,0.0,,0.0014939879999928962,hunter_mm,,49.0,1.6070383119475603e-11
shell,6,33,shell,1.0,equal,8,3,28,3.0,10.5,0,mle,ok,7.0,1.7472814664041558,0.09717567670151217,0.6617844044760891,0.0025693510000053266,exact_subset_dp,,,
shell,6,33,shell,1.0,equal,8,3,28,3.0,10.5,0,sharp,ok,7.0,1.7091364235272364,0.059030633824592726,0.44041348850630796,0.002084019999983866,exact_sieve,0.0,,
shell,6,33,shell,1.0,equal,8,3,28,3.0,10.5,0,efficient,outside_schedule_domain,,,,,3.7507000001824053e-05,unavailable,,,
shell,6,33,shell,1.0,equal,8,3,28,3.0,10.5,0,borda,ok,7.0,1.714712268792257,0.06460647908961326,0.5264006135801002,0.0016543720000186113,published_global_clipped_borda,0.0,,
shell,6,34,shell,1.0,equal,8,3,28,3.0,10.5,0,pl,ok,4.0,1.5774801062706554,0.0,,0.0014615260000141461,hunter_mm,,47.0,1.2635765449837371e-11
shell,6,34,shell,1.0,equal,8,3,28,3.0,10.5,0,mle,ok,4.0,1.6358052651569044,0.05832515888624901,0.6617844044760891,0.002518753000003926,exact_subset_dp,,,
shell,6,34,shell,1.0,equal,8,3,28,3.0,10.5,0,sharp,ok,13.0,1.8090091421355,0.23152903586484452,0.3570395237671002,0.002000250999998343,exact_sieve,0.0,,
shell,6,34,shell,1.0,equal,8,3,28,3.0,10.5,0,efficient,outside_schedule_domain,,,,,3.2809999993332895e-05,unavailable,,,
shell,6,34,shell,1.0,equal,8,3,28,3.0,10.5,0,borda,ok,5.0,1.6443832784082777,0.06690317213762231,0.5705796667792838,0.0015055750000101398,published_global_clipped_borda,0.0,,
shell,6,35,shell,1.0,equal,8,3,28,3.0,10.5,0,pl,ok,4.0,1.6475283634407527,0.0,,0.0018664119999982631,hunter_mm,,65.0,2.2587550877314502e-11
shell,6,35,shell,1.0,equal,8,3,28,3.0,10.5,0,mle,ok,9.0,1.899376813376708,0.25184844993595523,0.9121196566486348,0.002517147999981262,exact_subset_dp,,,
shell,6,35,shell,1.0,equal,8,3,28,3.0,10.5,0,sharp,ok,6.0,1.7234482503445,0.0759198869037474,0.7090287388626768,0.0020300820000045405,exact_sieve,0.0,,
shell,6,35,shell,1.0,equal,8,3,28,3.0,10.5,0,efficient,outside_schedule_domain,,,,,3.458399999090034e-05,unavailable,,,
shell,6,35,shell,1.0,equal,8,3,28,3.0,10.5,0,borda,ok,4.0,1.6366069381338733,-0.010921425306879451,0.757533184154752,0.001433031000004803,published_global_clipped_borda,0.0,,
shell,6,36,shell,1.0,equal,8,3,28,3.0,10.5,0,pl,no_unique_finite_mle,,,,,0.00025762299998177696,hunter_mm,,,
shell,6,36,shell,1.0,equal,8,3,28,3.0,10.5,0,mle,ok,4.0,1.7635358651696595,,1.1470129282507922,0.002943681000004972,exact_subset_dp,,,
shell,6,36,shell,1.0,equal,8,3,28,3.0,10.5,0,sharp,ok,3.0,1.628895531930497,,0.8589084084290807,0.0020578720000230533,exact_sieve,0.0,,
shell,6,36,shell,1.0,equal,8,3,28,3.0,10.5,0,efficient,outside_schedule_domain,,,,,3.7413000001151886e-05,unavailable,,,
shell,6,36,shell,1.0,equal,8,3,28,3.0,10.5,0,borda,ok,1.0,1.5677591996752354,,0.9121196566486348,0.001370761000003995,published_global_clipped_borda,0.0,,
shell,6,37,shell,1.0,equal,8,3,28,3.0,10.5,0,pl,ok,3.0,1.5718228889106947,0.0,,0.0015819010000086564,hunter_mm,,49.0,1.7551039986431404e-11
shell,6,37,shell,1.0,equal,8,3,28,3.0,10.5,0,mle,ok,4.0,1.6830631986148115,0.1112403097041168,0.9672795990261153,0.002521717000007584,exact_subset_dp,,,
shell,6,37,shell,1.0,equal,8,3,28,3.0,10.5,0,sharp,ok,7.0,1.722244420164892,0.15042153125419744,0.5705796667792838,0.002069524000006595,exact_sieve,0.0,,
shell,6,37,shell,1.0,equal,8,3,28,3.0,10.5,0,efficient,outside_schedule_domain,,,,,4.689200000029814e-05,unavailable,,,
shell,6,37,shell,1.0,equal,8,3,28,3.0,10.5,0,borda,ok,4.0,1.6566544061475348,0.08483151723684013,0.9121196566486348,0.001308663999992632,published_global_clipped_borda,0.0,,
shell,6,38,shell,1.0,equal,8,3,28,3.0,10.5,0,pl,ok,4.0,1.6487928067301354,0.0,,0.0018367130000171983,hunter_mm,,63.0,2.119396721614716e-11
shell,6,38,shell,1.0,equal,8,3,28,3.0,10.5,0,mle,ok,6.0,1.7657549967871802,0.11696219005704478,0.9672795990261153,0.002502724999999373,exact_subset_dp,,,
shell,6,38,shell,1.0,equal,8,3,28,3.0,10.5,0,sharp,ok,10.0,1.7908869759619168,0.14209416923178142,0.44041348850630796,0.002021969000026047,exact_sieve,0.0,,
shell,6,38,shell,1.0,equal,8,3,28,3.0,10.5,0,efficient,outside_schedule_domain,,,,,3.575400000954687e-05,unavailable,,,
shell,6,38,shell,1.0,equal,8,3,28,3.0,10.5,0,borda,ok,5.0,1.6864230104397826,0.0376302037096472,0.8074398347256734,0.001494239999999536,published_global_clipped_borda,0.0,,
shell,6,39,shell,1.0,equal,8,3,28,3.0,10.5,0,pl,ok,5.0,1.7517057494843518,0.0,,0.001683805999988408,hunter_mm,,56.0,2.1940481177905115e-11
shell,6,39,shell,1.0,equal,8,3,28,3.0,10.5,0,mle,ok,7.0,1.773676119104866,0.02197036962051424,0.9121196566486348,0.0025216100000022834,exact_subset_dp,,,
shell,6,39,shell,1.0,equal,8,3,28,3.0,10.5,0,sharp,ok,7.0,1.7597831546606253,0.008077405176273533,0.8589084084290807,0.002033568000001651,exact_sieve,0.0,,
shell,6,39,shell,1.0,equal,8,3,28,3.0,10.5,0,efficient,outside_schedule_domain,,,,,3.544500000884909e-05,unavailable,,,
shell,6,39,shell,1.0,equal,8,3,28,3.0,10.5,0,borda,ok,6.0,1.7359695945078104,-0.01573615497654135,0.8589084084290807,0.0015345449999983884,published_global_clipped_borda,0.0,,
shell,7,0,shell,1.0,equal,8,3,112,12.0,42.0,0,pl,ok,2.0,1.5801733498937651,0.0,,0.0016330899999843496,hunter_mm,,40.0,1.5927513276535267e-11
shell,7,0,shell,1.0,equal,8,3,112,12.0,42.0,0,mle,ok,1.0,1.5587509062429137,-0.02142244365085144,0.832968122258636,0.002554324999977098,exact_subset_dp,,,
shell,7,0,shell,1.0,equal,8,3,112,12.0,42.0,0,sharp,ok,8.0,1.7319829150704873,0.15180956517672217,0.6271010645696942,0.003705557000017734,exact_sieve,0.0,,
shell,7,0,shell,1.0,equal,8,3,112,12.0,42.0,0,efficient,outside_schedule_domain,,,,,5.4339000001846216e-05,unavailable,,,
shell,7,0,shell,1.0,equal,8,3,112,12.0,42.0,0,borda,ok,3.0,1.6012533722229856,0.02108002232922046,0.697104725066857,0.0014733849999970516,published_global_clipped_borda,0.0,,
shell,7,1,shell,1.0,equal,8,3,112,12.0,42.0,0,pl,ok,1.0,1.5620657890372724,0.0,,0.0017915990000005877,hunter_mm,,50.0,1.751494187780216e-11
shell,7,1,shell,1.0,equal,8,3,112,12.0,42.0,0,mle,ok,2.0,1.6016206482120166,0.039554859174744106,0.8458853458049513,0.0026410040000257595,exact_subset_dp,,,
shell,7,1,shell,1.0,equal,8,3,112,12.0,42.0,0,sharp,ok,4.0,1.634617961212566,0.07255217217529353,0.7698724759713074,0.0032961979999868163,exact_sieve,0.0,,
shell,7,1,shell,1.0,equal,8,3,112,12.0,42.0,0,efficient,outside_schedule_domain,,,,,4.837599999518716e-05,unavailable,,,
shell,7,1,shell,1.0,equal,8,3,112,12.0,42.0,0,borda,ok,1.0,1.561236619524091,-0.0008291695131814603,0.832968122258636,0.0013743589999819505,published_global_clipped_borda,0.0,,
shell,7,2,shell,1.0,equal,8,3,112,12.0,42.0,0,pl,ok,1.0,1.545893106749992,0.0,,0.001619126000008464,hunter_mm,,43.0,2.1007005658800283e-11
shell,7,2,shell,1.0,equal,8,3,112,12.0,42.0,0,mle,ok,1.0,1.5535778008805083,0.007684694130516423,0.8074398347256734,0.0027232779999906143,exact_subset_dp,,,
shell,7,2,shell,1.0,equal,8,3,112,12.0,42.0,0,sharp,ok,3.0,1.592854658811207,0.046961552061214995,0.697104725066857,0.0034061080000071797,exact_sieve,0.0,,
shell,7,2,shell,1.0,equal,8,3,112,12.0,42.0,0,efficient,outside_schedule_domain,,,,,7.605999999782398e-05,unavailable,,,
shell,7,2,shell,1.0,equal,8,3,112,12.0,42.0,0,borda,ok,1.0,1.5535778008805083,0.007684694130516423,0.8074398347256734,0.001532702000019981,published_global_clipped_borda,0.0,,
shell,7,3,shell,1.0,equal,8,3,112,12.0,42.0,0,pl,ok,0.0,1.544474366819155,0.0,,0.001842726000006678,hunter_mm,,52.0,1.9415707137276125e-11
shell,7,3,shell,1.0,equal,8,3,112,12.0,42.0,0,mle,ok,4.0,1.6314479065333198,0.08697353971416488,0.7452814445194086,0.002581522000014047,exact_subset_dp,,,
shell,7,3,shell,1.0,equal,8,3,112,12.0,42.0,0,sharp,ok,2.0,1.580387051937913,0.035912685118758114,0.685257329800172,0.003508567999972456,exact_sieve,0.0,,
shell,7,3,shell,1.0,equal,8,3,112,12.0,42.0,0,efficient,outside_schedule_domain,,,,,4.6174999994264e-05,unavailable,,,
shell,7,3,shell,1.0,equal,8,3,112,12.0,42.0,0,borda,ok,1.0,1.5603890765702777,0.015914709751122746,0.7090287388626768,0.0015108670000074653,published_global_clipped_borda,0.0,,
shell,7,4,shell,1.0,equal,8,3,112,12.0,42.0,0,pl,ok,0.0,1.5482975909760506,0.0,,0.002005222000008189,hunter_mm,,57.0,2.267640043994236e-11
shell,7,4,shell,1.0,equal,8,3,112,12.0,42.0,0,mle,ok,0.0,1.5489232533469899,0.0006256623709393061,1.0100693875885711,0.002950488999999834,exact_subset_dp,,,
shell,7,4,shell,1.0,equal,8,3,112,12.0,42.0,0,sharp,ok,3.0,1.615281301981947,0.0669837110058964,0.8720402655126755,0.0034514930000000277,exact_sieve,0.0,,
shell,7,4,shell,1.0,equal,8,3,112,12.0,42.0,0,efficient,outside_schedule_domain,,,,,4.748300000301242e-05,unavailable,,,
shell,7,4,shell,1.0,equal,8,3,112,12.0,42.0,0,borda,ok,0.0,1.5489232533469899,0.0006256623709393061,1.0100693875885711,0.001767460000024812,published_global_clipped_borda,0.0,,
shell,7,5,shell,1.0,equal,8,3,112,12.0,42.0,0,pl,ok,2.0,1.5528804699746208,0.0,,0.0019614670000009937,hunter_mm,,55.0,2.0708831475043812e-11
shell,7,5,shell,1.0,equal,8,3,112,12.0,42.0,0,mle,ok,1.0,1.577630945025846,0.024750475051225296,0.981401033651984,0.0025258450000080757,exact_subset_dp,,,
shell,7,5,shell,1.0,equal,8,3,112,12.0,42.0,0,sharp,ok,3.0,1.6343238111396576,0.08144334116503682,0.8458853458049513,0.0034368990000075428,exact_sieve,0.0,,
shell,7,5,shell,1.0,equal,8,3,112,12.0,42.0,0,efficient,outside_schedule_domain,,,,,4.4868999992786485e-05,unavailable,,,
shell,7,5,shell,1.0,equal,8,3,112,12.0,42.0,0,borda,ok,2.0,1.599972292580082,0.047091822605461076,0.9532945643782407,0.001477897000000894,published_global_clipped_borda,0.0,,
shell,7,6,shell,1.0,equal,8,3,112,12.0,42.0,0,pl,ok,2.0,1.6230132624650069,0.0,,0.003155723999981319,hunter_mm,,100.0,3.3296476686928145e-11
shell,7,6,shell,1.0,equal,8,3,112,12.0,42.0,0,mle,ok,2.0,1.5783530604421074,-0.04466020202289944,0.8201538760195531,0.0025787090000051194,exact_subset_dp,,,
shell,7,6,shell,1.0,equal,8,3,112,12.0,42.0,0,sharp,ok,4.0,1.6317185650569055,0.008705302591898612,0.7090287388626768,0.003382744000020921,exact_sieve,0.0,,
shell,7,6,shell,1.0,equal,8,3,112,12.0,42.0,0,efficient,outside_schedule_domain,,,,,4.474899998285764e-05,unavailable,,,
shell,7,6,shell,1.0,equal,8,3,112,12.0,42.0,0,borda,ok,3.0,1.6052615908224839,-0.017751671642523004,0.6617844044760891,0.0013725730000260228,published_global_clipped_borda,0.0,,
shell,7,7,shell,1.0,equal,8,3,112,12.0,42.0,0,pl,ok,1.0,1.5916644439047736,0.0,,0.001978267999987793,hunter_mm,,57.0,2.312569183767924e-11
shell,7,7,shell,1.0,equal,8,3,112,12.0,42.0,0,mle,ok,1.0,1.6032886566421567,0.011624212737383122,1.1310869512614286,0.003058238999983587,exact_subset_dp,,,
shell,7,7,shell,1.0,equal,8,3,112,12.0,42.0,0,sharp,ok,2.0,1.6089495931667108,0.01728514926193725,1.0246248379567524,0.0037080569999830004,exact_sieve,0.0,,
shell,7,7,shell,1.0,equal,8,3,112,12.0,42.0,0,efficient,outside_schedule_domain,,,,,4.908399998271307e-05,unavailable,,,
shell,7,7,shell,1.0,equal,8,3,112,12.0,42.0,0,borda,ok,0.0,1.5701533613331653,-0.021511082571608275,1.1310869512614286,0.0019245389999866802,published_global_clipped_borda,0.0,,
shell,7,8,shell,1.0,equal,8,3,112,12.0,42.0,0,pl,ok,5.0,1.6012479780539022,0.0,,0.0018778140000108579,hunter_mm,,52.0,1.695462817760277e-11
shell,7,8,shell,1.0,equal,8,3,112,12.0,42.0,0,mle,ok,1.0,1.5618849895052929,-0.03936298854860931,0.832968122258636,0.0024425820000146814,exact_subset_dp,,,
shell,7,8,shell,1.0,equal,8,3,112,12.0,42.0,0,sharp,ok,4.0,1.6293297821920003,0.028081804138098132,0.757533184154752,0.0032599520000076154,exact_sieve,0.0,,
shell,7,8,shell,1.0,equal,8,3,112,12.0,42.0,0,efficient,outside_schedule_domain,,,,,4.7785000020894586e-05,unavailable,,,
shell,7,8,shell,1.0,equal,8,3,112,12.0,42.0,0,borda,ok,6.0,1.6726346275963107,0.07138664954240848,0.7210314373934753,0.0014825270000073942,published_global_clipped_borda,0.0,,
shell,7,9,shell,1.0,equal,8,3,112,12.0,42.0,0,pl,ok,1.0,1.5496932211245953,0.0,,0.0016623269999911372,hunter_mm,,47.0,1.969630807658567e-11
shell,7,9,shell,1.0,equal,8,3,112,12.0,42.0,0,mle,ok,1.0,1.5537045715534157,0.004011350428820393,0.7210314373934753,0.0026796950000118613,exact_subset_dp,,,
shell,7,9,shell,1.0,equal,8,3,112,12.0,42.0,0,sharp,ok,2.0,1.576695781465768,0.027002560341172765,0.697104725066857,0.0035614659999794185,exact_sieve,0.0,,
shell,7,9,shell,1.0,equal,8,3,112,12.0,42.0,0,efficient,outside_schedule_domain,,,,,4.946600000721446e-05,unavailable,,,
shell,7,9,shell,1.0,equal,8,3,112,12.0,42.0,0,borda,ok,2.0,1.576695781465768,0.027002560341172765,0.697104725066857,0.0016361029999814036,published_global_clipped_borda,0.0,,
shell,7,10,shell,1.0,equal,8,3,112,12.0,42.0,0,pl,ok,2.0,1.5592987677982262,0.0,,0.0020817109999882177,hunter_mm,,57.0,2.3075953846176033e-11
shell,7,10,shell,1.0,equal,8,3,112,12.0,42.0,0,mle,ok,1.0,1.5599803011375564,0.000681533339330187,0.8201538760195531,0.0025208250000048338,exact_subset_dp,,,
shell,7,10,shell,1.0,equal,8,3,112,12.0,42.0,0,sharp,ok,7.0,1.7164585644503003,0.15715979665207414,0.5594530460875712,0.00328875499999981,exact_sieve,0.0,,
shell,7,10,shell,1.0,equal,8,3,112,12.0,42.0,0,efficient,outside_schedule_domain,,,,,6.418999998913932e-05,unavailable,,,
shell,7,10,shell,1.0,equal,8,3,112,12.0,42.0,0,borda,ok,2.0,1.569649799340933,0.01035103154270689,0.7698724759713074,0.0013620820000141975,published_global_clipped_borda,0.0,,
shell,7,11,shell,1.0,equal,8,3,112,12.0,42.0,0,pl,ok,4.0,1.578342881293615,0.0,,0.001408409999982041,hunter_mm,,35.0,2.0057733252087928e-11
shell,7,11,shell,1.0,equal,8,3,112,12.0,42.0,0,mle,ok,4.0,1.6390947242994542,0.060751843005839135,0.6271010645696942,0.0026275209999937488,exact_subset_dp,,,
shell,7,11,shell,1.0,equal,8,3,112,12.0,42.0,0,sharp,ok,4.0,1.617673127574353,0.03933024628073789,0.5483819891258543,0.0031936469999891415,exact_sieve,0.0,,
shell,7,11,shell,1.0,equal,8,3,112,12.0,42.0,0,efficient,outside_schedule_domain,,,,,4.552699999749166e-05,unavailable,,,
shell,7,11,shell,1.0,equal,8,3,112,12.0,42.0,0,borda,ok,4.0,1.6315766156006137,0.053233734306998626,0.5154873992669441,0.001356613999973888,published_global_clipped_borda,0.0,,
shell,7,12,shell,1.0,equal,8,3,112,12.0,42.0,0,pl,ok,1.0,1.557757459409681,0.0,,0.0016590109999867764,hunter_mm,,43.0,1.724988406083737e-11
shell,7,12,shell,1.0,equal,8,3,112,12.0,42.0,0,mle,ok,0.0,1.5343490291960302,-0.0234084302136508,0.832968122258636,0.0025379010000108337,exact_subset_dp,,,
shell,7,12,shell,1.0,equal,8,3,112,12.0,42.0,0,sharp,ok,2.0,1.5783027114742487,0.0205452520645677,0.697104725066857,0.0034921040000028825,exact_sieve,0.0,,
shell,7,12,shell,1.0,equal,8,3,112,12.0,42.0,0,efficient,outside_schedule_domain,,,,,4.513299998620823e-05,unavailable,,,
shell,7,12,shell,1.0,equal,8,3,112,12.0,42.0,0,borda,ok,1.0,1.557640326696973,-0.00011713271270807901,0.8074398347256734,0.0015419839999992746,published_global_clipped_borda,0.0,,
shell,7,13,shell,1.0,equal,8,3,112,12.0,42.0,0,pl,ok,1.0,1.5869910808039058,0.0,,0.00209197600000266,hunter_mm,,63.0,2.2040274367489995e-11
shell,7,13,shell,1.0,equal,8,3,112,12.0,42.0,0,mle,ok,2.0,1.6138100438022758,0.026818962998369944,1.06923102053233,0.0028636690000212184,exact_subset_dp,,,
shell,7,13,shell,1.0,equal,8,3,112,12.0,42.0,0,sharp,ok,2.0,1.590600600115402,0.003609519311496223,0.9121196566486348,0.003345034000005853,exact_sieve,0.0,,
shell,7,13,shell,1.0,equal,8,3,112,12.0,42.0,0,efficient,outside_schedule_domain,,,,,4.658500000687127e-05,unavailable,,,
shell,7,13,shell,1.0,equal,8,3,112,12.0,42.0,0,borda,ok,1.0,1.5848880065648454,-0.0021030742390604207,1.0542008677446841,0.001892440999995415,published_global_clipped_borda,0.0,,
shell,7,14,shell,1.0,equal,8,3,112,12.0,42.0,0,pl,ok,5.0,1.583100869309037,0.0,,0.001604035000013937,hunter_mm,,42.0,1.736483972487284e-11
shell,7,14,shell,1.0,equal,8,3,112,12.0,42.0,0,mle,ok,0.0,1.5387350434427933,-0.0443658258662436,0.685257329800172,0.0026227989999938472,exact_subset_dp,,,
shell,7,14,shell,1.0,equal,8,3,112,12.0,42.0,0,sharp,ok,6.0,1.6896735996955616,0.1065727303865247,0.5264006135801002,0.0033669069999859857,exact_sieve,0.0,,
shell,7,14,shell,1.0,equal,8,3,112,12.0,42.0,0,efficient,outside_schedule_domain,,,,,5.7325000000219006e-05,unavailable,,,
shell,7,14,shell,1.0,equal,8,3,112,12.0,42.0,0,borda,ok,4.0,1.6375200301450916,0.05441916083605469,0.5817633816848975,0.0016813619999993534,published_global_clipped_borda,0.0,,
shell,7,15,shell,1.0,equal,8,3,112,12.0,42.0,0,pl,ok,4.0,1.559397837258693,0.0,,0.001851291999997784,hunter_mm,,51.0,1.5771764846509282e-11
shell,7,15,shell,1.0,equal,8,3,112,12.0,42.0,0,mle,ok,1.0,1.569301769080539,0.009903931821846124,0.9257182786944403,0.00250719400000321,exact_subset_dp,,,
shell,7,15,shell,1.0,equal,8,3,112,12.0,42.0,0,sharp,ok,2.0,1.586719336130681,0.027321498871988092,0.8589084084290807,0.003392939000008255,exact_sieve,0.0,,
shell,7,15,shell,1.0,equal,8,3,112,12.0,42.0,0,efficient,outside_schedule_domain,,,,,4.730999998514562e-05,unavailable,,,
shell,7,15,shell,1.0,equal,8,3,112,12.0,42.0,0,borda,ok,3.0,1.5927774169055626,0.03337957964686966,0.7452814445194086,0.0014864259999853857,published_global_clipped_borda,0.0,,
shell,7,16,shell,1.0,equal,8,3,112,12.0,42.0,0,pl,ok,2.0,1.5473618219432266,0.0,,0.0016037979999907748,hunter_mm,,40.0,1.794082343004837e-11
shell,7,16,shell,1.0,equal,8,3,112,12.0,42.0,0,mle,ok,0.0,1.5350385285685106,-0.012323293374715938,0.7452814445194086,0.0027141159999928277,exact_subset_dp,,,
shell,7,16,shell,1.0,equal,8,3,112,12.0,42.0,0,sharp,ok,2.0,1.5917153651749911,0.04435354323176455,0.6156729370132851,0.003461842000007209,exact_sieve,0.0,,
shell,7,16,shell,1.0,equal,8,3,112,12.0,42.0,0,efficient,outside_schedule_domain,,,,,4.901999997741768e-05,unavailable,,,
shell,7,16,shell,1.0,equal,8,3,112,12.0,42.0,0,borda,ok,1.0,1.5582142131535428,0.010852391210316226,0.697104725066857,0.0014652929999954267,published_global_clipped_borda,0.0,,
shell,7,17,shell,1.0,equal,8,3,112,12.0,42.0,0,pl,ok,0.0,1.579147475863318,0.0,,0.0021178970000050867,hunter_mm,,64.0,3.070210752298408e-11
shell,7,17,shell,1.0,equal,8,3,112,12.0,42.0,0,mle,ok,1.0,1.5664507935381473,-0.012696682325170627,0.981401033651984,0.0025261959999909323,exact_subset_dp,,,
shell,7,17,shell,1.0,equal,8,3,112,12.0,42.0,0,sharp,ok,2.0,1.5952495640896758,0.016102088226357836,0.9394420412429931,0.0034342619999847557,exact_sieve,0.0,,
shell,7,17,shell,1.0,equal,8,3,112,12.0,42.0,0,efficient,outside_schedule_domain,,,,,4.633000000353604e-05,unavailable,,,
shell,7,17,shell,1.0,equal,8,3,112,12.0,42.0,0,borda,ok,0.0,1.542028172076602,-0.03711930378671591,0.9532945643782407,0.0014732520000109162,published_global_clipped_borda,0.0,,
shell,7,18,shell,1.0,equal,8,3,112,12.0,42.0,0,pl,ok,1.0,1.593650605691469,0.0,,0.0020003600000109145,hunter_mm,,58.0,3.4346367020329385e-11
shell,7,18,shell,1.0,equal,8,3,112,12.0,42.0,0,mle,ok,1.0,1.5910140469976655,-0.0026365586938035257,1.0844293045104068,0.0029858670000066923,exact_subset_dp,,,
shell,7,18,shell,1.0,equal,8,3,112,12.0,42.0,0,sharp,ok,2.0,1.6194632780095564,0.02581267231808737,1.0100693875885711,0.003818468000019948,exact_sieve,0.0,,
shell,7,18,shell,1.0,equal,8,3,112,12.0,42.0,0,efficient,outside_schedule_domain,,,,,4.956099999731123e-05,unavailable,,,
shell,7,18,shell,1.0,equal,8,3,112,12.0,42.0,0,borda,ok,2.0,1.6156234720582447,0.021972866366775756,1.0393337671007024,0.0019994349999876704,published_global_clipped_borda,0.0,,
shell,7,19,shell,1.0,equal,8,3,112,12.0,42.0,0,pl,ok,2.0,1.572754346880071,0.0,,0.0018414129999939632,hunter_mm,,51.0,1.5854365439541394e-11
shell,7,19,shell,1.0,equal,8,3,112,12.0,42.0,0,mle,ok,1.0,1.559147663361368,-0.0136066835187032,0.8986426795612205,0.0025309080000113227,exact_subset_dp,,,
shell,7,19,shell,1.0,equal,8,3,112,12.0,42.0,0,sharp,ok,6.0,1.7125279141399259,0.1397735672598548,0.757533184154752,0.003265855999984524,exact_sieve,0.0,,
shell,7,19,shell,1.0,equal,8,3,112,12.0,42.0,0,efficient,outside_schedule_domain,,,,,4.724699999769655e-05,unavailable,,,
shell,7,19,shell,1.0,equal,8,3,112,12.0,42.0,0,borda,ok,4.0,1.632234815082084,0.059480468202012915,0.8458853458049513,0.0018180140000083611,published_global_clipped_borda,0.0,,
shell,7,20,shell,1.0,equal,8,3,112,12.0,42.0,0,pl,ok,0.0,1.5407976841821776,0.0,,0.00176433300001122,hunter_mm,,50.0,1.734406269398343e-11
shell,7,20,shell,1.0,equal,8,3,112,12.0,42.0,0,mle,ok,0.0,1.5343490291960302,-0.006448654986147329,0.832968122258636,0.002488923000015575,exact_subset_dp,,,
shell,7,20,shell,1.0,equal,8,3,112,12.0,42.0,0,sharp,ok,5.0,1.6520453163064457,0.11124763212426814,0.6156729370132851,0.0035921310000048834,exact_sieve,0.0,,
shell,7,20,shell,1.0,equal,8,3,112,12.0,42.0,0,efficient,outside_schedule_domain,,,,,4.8756000012417644e-05,unavailable,,,
shell,7,20,shell,1.0,equal,8,3,112,12.0,42.0,0,borda,ok,1.0,1.5587543867342668,0.017956702552089254,0.7823017009175557,0.0013950059999956466,published_global_clipped_borda,0.0,,
shell,7,21,shell,1.0,equal,8,3,112,12.0,42.0,0,pl,ok,4.0,1.5721444496573163,0.0,,0.0017802689999939503,hunter_mm,,49.0,1.976514190411243e-11
shell,7,21,shell,1.0,equal,8,3,112,12.0,42.0,0,mle,ok,3.0,1.616438882315206,0.04429443265788979,0.8074398347256734,0.002703029999992168,exact_subset_dp,,,
shell,7,21,shell,1.0,equal,8,3,112,12.0,42.0,0,sharp,ok,5.0,1.6654686961354392,0.09332424647812299,0.7210314373934753,0.003422031999974706,exact_sieve,0.0,,
shell,7,21,shell,1.0,equal,8,3,112,12.0,42.0,0,efficient,outside_schedule_domain,,,,,4.796399997530898e-05,unavailable,,,
shell,7,21,shell,1.0,equal,8,3,112,12.0,42.0,0,borda,ok,6.0,1.690661613215967,0.11851716355865083,0.7331149445745953,0.0013395090000187793,published_global_clipped_borda,0.0,,
shell,7,22,shell,1.0,equal,8,3,112,12.0,42.0,0,pl,ok,1.0,1.5712858147984137,0.0,,0.0017086959999801365,hunter_mm,,44.0,1.4989406541384855e-11
shell,7,22,shell,1.0,equal,8,3,112,12.0,42.0,0,mle,ok,2.0,1.579539261402739,0.008253446604325365,0.7823017009175557,0.00249058200000718,exact_subset_dp,,,
shell,7,22,shell,1.0,equal,8,3,112,12.0,42.0,0,sharp,ok,8.0,1.745200301558683,0.17391448676026933,0.6043083947860767,0.0034314380000068923,exact_sieve,0.0,,
shell,7,22,shell,1.0,equal,8,3,112,12.0,42.0,0,efficient,outside_schedule_domain,,,,,4.742499999110805e-05,unavailable,,,
shell,7,22,shell,1.0,equal,8,3,112,12.0,42.0,0,borda,ok,2.0,1.579539261402739,0.008253446604325365,0.7823017009175557,0.0013745299999925464,published_global_clipped_borda,0.0,,
shell,7,23,shell,1.0,equal,8,3,112,12.0,42.0,0,pl,ok,2.0,1.5613969064989306,0.0,,0.0018240840000203207,hunter_mm,,50.0,2.2530199927928152e-11
shell,7,23,shell,1.0,equal,8,3,112,12.0,42.0,0,mle,ok,3.0,1.598446818018463,0.03704991151953241,0.757533184154752,0.002441753999988805,exact_subset_dp,,,
shell,7,23,shell,1.0,equal,8,3,112,12.0,42.0,0,sharp,ok,4.0,1.6383528606424749,0.07695595414354428,0.6734845421971655,0.003284661000009237,exact_sieve,0.0,,
shell,7,23,shell,1.0,equal,8,3,112,12.0,42.0,0,efficient,outside_schedule_domain,,,,,4.423299998279617e-05,unavailable,,,
shell,7,23,shell,1.0,equal,8,3,112,12.0,42.0,0,borda,ok,2.0,1.57744392426217,0.01604701776323947,0.757533184154752,0.0013520210000024235,published_global_clipped_borda,0.0,,
shell,7,24,shell,1.0,equal,8,3,112,12.0,42.0,0,pl,ok,2.0,1.5586550688051761,0.0,,0.0016295010000249022,hunter_mm,,43.0,1.7022764150656908e-11
shell,7,24,shell,1.0,equal,8,3,112,12.0,42.0,0,mle,ok,0.0,1.5341099716531545,-0.024545097152021578,0.8201538760195531,0.00250929500001007,exact_subset_dp,,,
shell,7,24,shell,1.0,equal,8,3,112,12.0,42.0,0,sharp,ok,2.0,1.5770244737667132,0.01836940496153705,0.7331149445745953,0.0032201889999896594,exact_sieve,0.0,,
shell,7,24,shell,1.0,equal,8,3,112,12.0,42.0,0,efficient,outside_schedule_domain,,,,,4.762199998253891e-05,unavailable,,,
shell,7,24,shell,1.0,equal,8,3,112,12.0,42.0,0,borda,ok,4.0,1.626777623219854,0.06812255441467796,0.7090287388626768,0.001518735000018978,published_global_clipped_borda,0.0,,
shell,7,25,shell,1.0,equal,8,3,112,12.0,42.0,0,pl,ok,1.0,1.561301280014359,0.0,,0.0020930660000146872,hunter_mm,,60.0,3.0790735041007016e-11
shell,7,25,shell,1.0,equal,8,3,112,12.0,42.0,0,mle,ok,0.0,1.5435377527362242,-0.017763527278134905,0.9672795990261153,0.0025256739999974798,exact_subset_dp,,,
shell,7,25,shell,1.0,equal,8,3,112,12.0,42.0,0,sharp,ok,2.0,1.6058405660840713,0.04453928606971225,0.8852839704922475,0.0032566249999774755,exact_sieve,0.0,,
shell,7,25,shell,1.0,equal,8,3,112,12.0,42.0,0,efficient,outside_schedule_domain,,,,,4.7101000006932736e-05,unavailable,,,
shell,7,25,shell,1.0,equal,8,3,112,12.0,42.0,0,borda,ok,1.0,1.5636055189091826,0.0023042388948235626,0.9121196566486348,0.0013647769999920456,published_global_clipped_borda,0.0,,
shell,7,26,shell,1.0,equal,8,3,112,12.0,42.0,0,pl,ok,1.0,1.544389955070619,0.0,,0.0014949400000148216,hunter_mm,,39.0,1.4875783144978935e-11
shell,7,26,shell,1.0,equal,8,3,112,12.0,42.0,0,mle,ok,2.0,1.5800760293703664,0.03568607429974735,0.7210314373934753,0.0027849579999781326,exact_subset_dp,,,
shell,7,26,shell,1.0,equal,8,3,112,12.0,42.0,0,sharp,ok,3.0,1.6096474024554077,0.06525744738478867,0.6043083947860767,0.003440955999991502,exact_sieve,0.0,,
shell,7,26,shell,1.0,equal,8,3,112,12.0,42.0,0,efficient,outside_schedule_domain,,,,,5.0579000003381225e-05,unavailable,,,
shell,7,26,shell,1.0,equal,8,3,112,12.0,42.0,0,borda,ok,1.0,1.5573215017125361,0.012931546641917091,0.6385945001665354,0.0013812839999900461,published_global_clipped_borda,0.0,,
shell,7,27,shell,1.0,equal,8,3,112,12.0,42.0,0,pl,ok,3.0,1.580153468712272,0.0,,0.0014521479999984876,hunter_mm,,37.0,1.1724399229251503e-11
shell,7,27,shell,1.0,equal,8,3,112,12.0,42.0,0,mle,ok,5.0,1.6494794949420037,0.06932602622973172,0.6734845421971655,0.0026097850000041944,exact_subset_dp,,,
shell,7,27,shell,1.0,equal,8,3,112,12.0,42.0,0,sharp,ok,7.0,1.6920620076316335,0.11190853891936148,0.5046239547582334,0.003403324999993629,exact_sieve,0.0,,
shell,7,27,shell,1.0,equal,8,3,112,12.0,42.0,0,efficient,outside_schedule_domain,,,,,4.580600000281265e-05,unavailable,,,
shell,7,27,shell,1.0,equal,8,3,112,12.0,42.0,0,borda,ok,1.0,1.5585000103326279,-0.021653458379644164,0.6271010645696942,0.0015118829999778427,published_global_clipped_borda,0.0,,
shell,7,28,shell,1.0,equal,8,3,112,12.0,42.0,0,pl,ok,0.0,1.5688647825957314,0.0,,0.002140727000011111,hunter_mm,,62.0,2.3242233534607035e-11
shell,7,28,shell,1.0,equal,8,3,112,12.0,42.0,0,mle,ok,0.0,1.5394202728124196,-0.029444509783311812,0.9257182786944403,0.0025159220000148252,exact_subset_dp,,,
shell,7,28,shell,1.0,equal,8,3,112,12.0,42.0,0,sharp,ok,2.0,1.5891279060626262,0.02026312346689485,0.8458853458049513,0.003344488000010415,exact_sieve,0.0,,
shell,7,28,shell,1.0,equal,8,3,112,12.0,42.0,0,efficient,outside_schedule_domain,,,,,4.780599999776314e-05,unavailable,,,
shell,7,28,shell,1.0,equal,8,3,112,12.0,42.0,0,borda,ok,0.0,1.5394202728124196,-0.029444509783311812,0.9257182786944403,0.0013867299999787974,published_global_clipped_borda,0.0,,
shell,7,29,shell,1.0,equal,8,3,112,12.0,42.0,0,pl,ok,3.0,1.5830460205119854,0.0,,0.0019258749999835345,hunter_mm,,54.0,1.85986464324677e-11
shell,7,29,shell,1.0,equal,8,3,112,12.0,42.0,0,mle,ok,0.0,1.5342900700105795,-0.04875595050140591,0.7698724759713074,0.002495157999987896,exact_subset_dp,,,
shell,7,29,shell,1.0,equal,8,3,112,12.0,42.0,0,sharp,ok,2.0,1.5925373983300004,0.009491377818015012,0.7090287388626768,0.0034539359999996577,exact_sieve,0.0,,
shell,7,29,shell,1.0,equal,8,3,112,12.0,42.0,0,efficient,outside_schedule_domain,,,,,4.547700001467092e-05,unavailable,,,
shell,7,29,shell,1.0,equal,8,3,112,12.0,42.0,0,borda,ok,3.0,1.5994059372071767,0.016359916695191323,0.7090287388626768,0.0015226020000227436,published_global_clipped_borda,0.0,,
shell,7,30,shell,1.0,equal,8,3,112,12.0,42.0,0,pl,ok,0.0,1.544674425111204,0.0,,0.0017140380000171263,hunter_mm,,45.0,1.9174249489749075e-11
shell,7,30,shell,1.0,equal,8,3,112,12.0,42.0,0,mle,ok,1.0,1.5560211695556743,0.011346744444470369,0.8589084084290807,0.0026735309999992296,exact_subset_dp,,,
shell,7,30,shell,1.0,equal,8,3,112,12.0,42.0,0,sharp,ok,3.0,1.5923682885520045,0.04769386344080062,0.7331149445745953,0.0032489350000162176,exact_sieve,0.0,,
shell,7,30,shell,1.0,equal,8,3,112,12.0,42.0,0,efficient,outside_schedule_domain,,,,,4.729200000497258e-05,unavailable,,,
shell,7,30,shell,1.0,equal,8,3,112,12.0,42.0,0,borda,ok,0.0,1.5341099716531545,-0.01056445345804935,0.8201538760195531,0.0013359400000183541,published_global_clipped_borda,0.0,,
shell,7,31,shell,1.0,equal,8,3,112,12.0,42.0,0,pl,ok,4.0,1.5887741779625026,0.0,,0.001424304000011034,hunter_mm,,35.0,1.2714781608532836e-11
shell,7,31,shell,1.0,equal,8,3,112,12.0,42.0,0,mle,ok,3.0,1.6007565891676916,0.011982411205188948,0.5930057567449797,0.002675251999988859,exact_subset_dp,,,
shell,7,31,shell,1.0,equal,8,3,112,12.0,42.0,0,sharp,ok,8.0,1.737395204456155,0.14862102649365228,0.38803702576072924,0.003399881000007099,exact_sieve,0.0,,
shell,7,31,shell,1.0,equal,8,3,112,12.0,42.0,0,efficient,outside_schedule_domain,,,,,4.741399999375062e-05,unavailable,,,
shell,7,31,shell,1.0,equal,8,3,112,12.0,42.0,0,borda,ok,4.0,1.6205119954016534,0.03173781743915072,0.5705796667792838,0.001479931000005763,published_global_clipped_borda,0.0,,
shell,7,32,shell,1.0,equal,8,3,112,12.0,42.0,0,pl,ok,3.0,1.562277603534801,0.0,,0.002016784999995025,hunter_mm,,57.0,3.104627666061788e-11
shell,7,32,shell,1.0,equal,8,3,112,12.0,42.0,0,mle,ok,0.0,1.5406565801865868,-0.02162102334821414,0.9394420412429931,0.00268801500001814,exact_subset_dp,,,
shell,7,32,shell,1.0,equal,8,3,112,12.0,42.0,0,sharp,ok,2.0,1.5747492015766678,0.012471598041866816,0.7823017009175557,0.0032917489999988447,exact_sieve,0.0,,
shell,7,32,shell,1.0,equal,8,3,112,12.0,42.0,0,efficient,outside_schedule_domain,,,,,4.543200000739489e-05,unavailable,,,
shell,7,32,shell,1.0,equal,8,3,112,12.0,42.0,0,borda,ok,3.0,1.6106313546795166,0.04835375114471563,0.8720402655126755,0.0015451950000056058,published_global_clipped_borda,0.0,,
shell,7,33,shell,1.0,equal,8,3,112,12.0,42.0,0,pl,ok,3.0,1.5744657438703393,0.0,,0.002008120999988705,hunter_mm,,57.0,2.266209442325362e-11
shell,7,33,shell,1.0,equal,8,3,112,12.0,42.0,0,mle,ok,3.0,1.631266855271497,0.05680111140115773,0.9394420412429931,0.002650987999999188,exact_subset_dp,,,
shell,7,33,shell,1.0,equal,8,3,112,12.0,42.0,0,sharp,ok,2.0,1.5949676581298373,0.02050191425949799,0.9257182786944403,0.0032816219999745044,exact_sieve,0.0,,
shell,7,33,shell,1.0,equal,8,3,112,12.0,42.0,0,efficient,outside_schedule_domain,,,,,4.626300000154515e-05,unavailable,,,
shell,7,33,shell,1.0,equal,8,3,112,12.0,42.0,0,borda,ok,3.0,1.631266855271497,0.05680111140115773,0.9394420412429931,0.0015229999999917254,published_global_clipped_borda,0.0,,
shell,7,34,shell,1.0,equal,8,3,112,12.0,42.0,0,pl,ok,0.0,1.5420070013868594,0.0,,0.001535304999976006,hunter_mm,,40.0,1.145204566098203e-11
shell,7,34,shell,1.0,equal,8,3,112,12.0,42.0,0,mle,ok,1.0,1.552970043687448,0.010963042300588643,0.7698724759713074,0.0025258390000146846,exact_subset_dp,,,
shell,7,34,shell,1.0,equal,8,3,112,12.0,42.0,0,sharp,ok,3.0,1.6032181249766542,0.06121112358979475,0.685257329800172,0.0033997010000064165,exact_sieve,0.0,,
shell,7,34,shell,1.0,equal,8,3,112,12.0,42.0,0,efficient,outside_schedule_domain,,,,,4.5676999974375576e-05,unavailable,,,
shell,7,34,shell,1.0,equal,8,3,112,12.0,42.0,0,borda,ok,1.0,1.556200532417699,0.014193531030839646,0.7210314373934753,0.001633255999990979,published_global_clipped_borda,0.0,,
shell,7,35,shell,1.0,equal,8,3,112,12.0,42.0,0,pl,ok,3.0,1.5609973975162212,0.0,,0.0019426120000218816,hunter_mm,,49.0,2.3952966594314214e-11
shell,7,35,shell,1.0,equal,8,3,112,12.0,42.0,0,mle,ok,1.0,1.5600498593877163,-0.0009475381285048989,0.8074398347256734,0.002786637000014025,exact_subset_dp,,,
shell,7,35,shell,1.0,equal,8,3,112,12.0,42.0,0,sharp,ok,3.0,1.6046326416807455,0.043635244164524245,0.6043083947860767,0.0034436949999872013,exact_sieve,0.0,,
shell,7,35,shell,1.0,equal,8,3,112,12.0,42.0,0,efficient,outside_schedule_domain,,,,,6.234800000015639e-05,unavailable,,,
shell,7,35,shell,1.0,equal,8,3,112,12.0,42.0,0,borda,ok,3.0,1.5953419432548446,0.03434454573862333,0.6734845421971655,0.0013472099999773945,published_global_clipped_borda,0.0,,
shell,7,36,shell,1.0,equal,8,3,112,12.0,42.0,0,pl,ok,1.0,1.5690693673493792,0.0,,0.0019887210000035793,hunter_mm,,57.0,2.4503383449265518e-11
shell,7,36,shell,1.0,equal,8,3,112,12.0,42.0,0,mle,ok,1.0,1.573431298719258,0.004361931369878835,1.0100693875885711,0.0029741369999953804,exact_subset_dp,,,
shell,7,36,shell,1.0,equal,8,3,112,12.0,42.0,0,sharp,ok,3.0,1.6278891958763464,0.05881982852696721,0.981401033651984,0.003279824000003373,exact_sieve,0.0,,
shell,7,36,shell,1.0,equal,8,3,112,12.0,42.0,0,efficient,outside_schedule_domain,,,,,4.960300000789175e-05,unavailable,,,
shell,7,36,shell,1.0,equal,8,3,112,12.0,42.0,0,borda,ok,1.0,1.5717123169780218,0.0026429496286426435,0.9394420412429931,0.0014814270000158558,published_global_clipped_borda,0.0,,
shell,7,37,shell,1.0,equal,8,3,112,12.0,42.0,0,pl,ok,2.0,1.5621737956698465,0.0,,0.0017201649999947222,hunter_mm,,47.0,2.1095823500770295e-11
shell,7,37,shell,1.0,equal,8,3,112,12.0,42.0,0,mle,ok,3.0,1.6083979891223161,0.04622419345246964,0.7948233114465767,0.002673525999995263,exact_subset_dp,,,
shell,7,37,shell,1.0,equal,8,3,112,12.0,42.0,0,sharp,ok,5.0,1.658444610039668,0.09627081436982143,0.757533184154752,0.00322687600001359,exact_sieve,0.0,,
shell,7,37,shell,1.0,equal,8,3,112,12.0,42.0,0,efficient,outside_schedule_domain,,,,,4.8870999989958364e-05,unavailable,,,
shell,7,37,shell,1.0,equal,8,3,112,12.0,42.0,0,borda,ok,2.0,1.583348904762104,0.021175109092257616,0.757533184154752,0.0014984860000026856,published_global_clipped_borda,0.0,,
shell,7,38,shell,1.0,equal,8,3,112,12.0,42.0,0,pl,ok,2.0,1.573302503174073,0.0,,0.0017970540000078472,hunter_mm,,50.0,2.0791685833338695e-11
shell,7,38,shell,1.0,equal,8,3,112,12.0,42.0,0,mle,ok,1.0,1.553789625848636,-0.01951287732543716,0.8589084084290807,0.0028186180000204786,exact_subset_dp,,,
shell,7,38,shell,1.0,equal,8,3,112,12.0,42.0,0,sharp,ok,3.0,1.6088710385838874,0.035568535409814306,0.6734845421971655,0.0034143180000114626,exact_sieve,0.0,,
shell,7,38,shell,1.0,equal,8,3,112,12.0,42.0,0,efficient,outside_schedule_domain,,,,,5.844599999704769e-05,unavailable,,,
shell,7,38,shell,1.0,equal,8,3,112,12.0,42.0,0,borda,ok,3.0,1.6146458171745393,0.0413433140004662,0.8201538760195531,0.0014902389999917887,published_global_clipped_borda,0.0,,
shell,7,39,shell,1.0,equal,8,3,112,12.0,42.0,0,pl,ok,2.0,1.5660472315312355,0.0,,0.002007171999991897,hunter_mm,,38.0,1.3831031558148815e-11
shell,7,39,shell,1.0,equal,8,3,112,12.0,42.0,0,mle,ok,2.0,1.5840065027338337,0.017959271202598215,0.7823017009175557,0.0029555200000004334,exact_subset_dp,,,
shell,7,39,shell,1.0,equal,8,3,112,12.0,42.0,0,sharp,ok,6.0,1.701665078383072,0.13561784685183653,0.5594530460875712,0.0033371560000148293,exact_sieve,0.0,,
shell,7,39,shell,1.0,equal,8,3,112,12.0,42.0,0,efficient,outside_schedule_domain,,,,,5.2083999975138795e-05,unavailable,,,
shell,7,39,shell,1.0,equal,8,3,112,12.0,42.0,0,borda,ok,1.0,1.5590633477627804,-0.006983883768455046,0.757533184154752,0.0013754299999959585,published_global_clipped_borda,0.0,,
shell,8,0,shell,1.0,equal,8,3,448,48.0,168.0,0,pl,ok,0.0,1.538275870783803,0.0,,0.0027533509999955186,hunter_mm,,43.0,2.073864889341946e-11
shell,8,0,shell,1.0,equal,8,3,448,48.0,168.0,0,mle,ok,0.0,1.5340421897999463,-0.004233680983856569,0.7854233449861958,0.0027714279999884184,exact_subset_dp,,,
shell,8,0,shell,1.0,equal,8,3,448,48.0,168.0,0,sharp,ok,0.0,1.5340421897999463,-0.004233680983856569,0.7854233449861958,0.010588870999981737,exact_sieve,0.0,,
shell,8,0,shell,1.0,equal,8,3,448,48.0,168.0,0,efficient,outside_schedule_domain,,,,,7.693099999528386e-05,unavailable,,,
shell,8,0,shell,1.0,equal,8,3,448,48.0,168.0,0,borda,ok,0.0,1.5340421897999463,-0.004233680983856569,0.7854233449861958,0.0015586319999840725,published_global_clipped_borda,0.0,,
shell,8,1,shell,1.0,equal,8,3,448,48.0,168.0,0,pl,ok,0.0,1.5449817580899785,0.0,,0.002729581000011194,hunter_mm,,48.0,2.8700280247611384e-11
shell,8,1,shell,1.0,equal,8,3,448,48.0,168.0,0,mle,ok,1.0,1.5663720302790693,0.021390272189090842,0.9053661762565085,0.0026066639999839936,exact_subset_dp,,,
shell,8,1,shell,1.0,equal,8,3,448,48.0,168.0,0,sharp,ok,1.0,1.5663720302790693,0.021390272189090842,0.9053661762565085,0.010046356999993122,exact_sieve,0.0,,
shell,8,1,shell,1.0,equal,8,3,448,48.0,168.0,0,efficient,outside_schedule_domain,,,,,7.075199999917459e-05,unavailable,,,
shell,8,1,shell,1.0,equal,8,3,448,48.0,168.0,0,borda,ok,0.0,1.5366971934930147,-0.008284564596963806,0.888612740509556,0.0013952219999850968,published_global_clipped_borda,0.0,,
shell,8,2,shell,1.0,equal,8,3,448,48.0,168.0,0,pl,ok,0.0,1.5371495741141787,0.0,,0.002441145999995342,hunter_mm,,42.0,1.8304088403705723e-11
shell,8,2,shell,1.0,equal,8,3,448,48.0,168.0,0,mle,ok,0.0,1.5340338274539824,-0.003115746660196317,0.8137844996447892,0.0025925970000173493,exact_subset_dp,,,
shell,8,2,shell,1.0,equal,8,3,448,48.0,168.0,0,sharp,ok,1.0,1.5556873685316224,0.01853779441744363,0.776075695237584,0.010217001000000892,exact_sieve,0.0,,
shell,8,2,shell,1.0,equal,8,3,448,48.0,168.0,0,efficient,outside_schedule_domain,,,,,6.915299999832314e-05,unavailable,,,
shell,8,2,shell,1.0,equal,8,3,448,48.0,168.0,0,borda,ok,0.0,1.5340338274539824,-0.003115746660196317,0.8137844996447892,0.001473696999994445,published_global_clipped_borda,0.0,,
shell,8,3,shell,1.0,equal,8,3,448,48.0,168.0,0,pl,ok,1.0,1.5432314849490623,0.0,,0.0023355280000032508,hunter_mm,,39.0,2.032539216299613e-11
shell,8,3,shell,1.0,equal,8,3,448,48.0,168.0,0,mle,ok,1.0,1.5600528976422072,0.016821412693144966,0.7030570268349976,0.0027936369999963517,exact_subset_dp,,,
shell,8,3,shell,1.0,equal,8,3,448,48.0,168.0,0,sharp,ok,3.0,1.6059959651021618,0.06276448015309954,0.6501550097881424,0.010250053000021353,exact_sieve,0.0,,
shell,8,3,shell,1.0,equal,8,3,448,48.0,168.0,0,efficient,outside_schedule_domain,,,,,6.68170000039936e-05,unavailable,,,
shell,8,3,shell,1.0,equal,8,3,448,48.0,168.0,0,borda,ok,1.0,1.554368252118397,0.01113676716933476,0.6734845421971655,0.0014248139999892828,published_global_clipped_borda,0.0,,
shell,8,4,shell,1.0,equal,8,3,448,48.0,168.0,0,pl,ok,0.0,1.5526197638984485,0.0,,0.0029835579999826223,hunter_mm,,52.0,2.8019428047595543e-11
shell,8,4,shell,1.0,equal,8,3,448,48.0,168.0,0,mle,ok,1.0,1.5654615490745232,0.012841785176074705,0.8819623877046637,0.002874017999999978,exact_subset_dp,,,
shell,8,4,shell,1.0,equal,8,3,448,48.0,168.0,0,sharp,ok,2.0,1.5795684117826,0.026948647884151633,0.8654605491756215,0.010084363999993684,exact_sieve,0.0,,
shell,8,4,shell,1.0,equal,8,3,448,48.0,168.0,0,efficient,outside_schedule_domain,,,,,7.051800000112962e-05,unavailable,,,
shell,8,4,shell,1.0,equal,8,3,448,48.0,168.0,0,borda,ok,1.0,1.5654615490745232,0.012841785176074705,0.8819623877046637,0.0015398540000148842,published_global_clipped_borda,0.0,,
shell,8,5,shell,1.0,equal,8,3,448,48.0,168.0,0,pl,ok,1.0,1.5452094324564878,0.0,,0.002580228999988776,hunter_mm,,43.0,1.9144114864794962e-11
shell,8,5,shell,1.0,equal,8,3,448,48.0,168.0,0,mle,ok,0.0,1.5357216738163113,-0.00948775864017648,0.7300863735775438,0.00278518099997882,exact_subset_dp,,,
shell,8,5,shell,1.0,equal,8,3,448,48.0,168.0,0,sharp,ok,2.0,1.5920124976807806,0.046803065224292784,0.6472584959388571,0.010357475999995813,exact_sieve,0.0,,
shell,8,5,shell,1.0,equal,8,3,448,48.0,168.0,0,efficient,outside_schedule_domain,,,,,6.937199998446886e-05,unavailable,,,
shell,8,5,shell,1.0,equal,8,3,448,48.0,168.0,0,borda,ok,1.0,1.5530576224590653,0.007848190002577526,0.6941357727405297,0.001534534000001031,published_global_clipped_borda,0.0,,
shell,8,6,shell,1.0,equal,8,3,448,48.0,168.0,0,pl,ok,1.0,1.5417207301580804,0.0,,0.00300452999999834,hunter_mm,,53.0,2.2137720228394234e-11
shell,8,6,shell,1.0,equal,8,3,448,48.0,168.0,0,mle,ok,0.0,1.5369046161033608,-0.0048161140547196,0.891948748105368,0.002689317000005076,exact_subset_dp,,,
shell,8,6,shell,1.0,equal,8,3,448,48.0,168.0,0,sharp,ok,0.0,1.5369046161033608,-0.0048161140547196,0.891948748105368,0.010483602999983077,exact_sieve,0.0,,
shell,8,6,shell,1.0,equal,8,3,448,48.0,168.0,0,efficient,outside_schedule_domain,,,,,6.881000001612847e-05,unavailable,,,
shell,8,6,shell,1.0,equal,8,3,448,48.0,168.0,0,borda,ok,1.0,1.5551585093168199,0.013437779158739449,0.8786479422186868,0.0013957540000149038,published_global_clipped_borda,0.0,,
shell,8,7,shell,1.0,equal,8,3,448,48.0,168.0,0,pl,ok,0.0,1.5407679619540702,0.0,,0.0025953920000176822,hunter_mm,,44.0,2.1395583717419088e-11
shell,8,7,shell,1.0,equal,8,3,448,48.0,168.0,0,mle,ok,0.0,1.5361220669980389,-0.004645894956031293,0.8786479422186868,0.002704300000004878,exact_subset_dp,,,
shell,8,7,shell,1.0,equal,8,3,448,48.0,168.0,0,sharp,ok,2.0,1.5800269011970247,0.03925893924295454,0.8074398347256734,0.010706607999992457,exact_sieve,0.0,,
shell,8,7,shell,1.0,equal,8,3,448,48.0,168.0,0,efficient,outside_schedule_domain,,,,,7.059400002162874e-05,unavailable,,,
shell,8,7,shell,1.0,equal,8,3,448,48.0,168.0,0,borda,ok,0.0,1.5361220669980389,-0.004645894956031293,0.8786479422186868,0.0014408920000050784,published_global_clipped_borda,0.0,,
shell,8,8,shell,1.0,equal,8,3,448,48.0,168.0,0,pl,ok,1.0,1.5460359654987494,0.0,,0.002417863000005127,hunter_mm,,40.0,2.0059890256821486e-11
shell,8,8,shell,1.0,equal,8,3,448,48.0,168.0,0,mle,ok,0.0,1.5339912608862771,-0.012044704612472312,0.791684110769496,0.0027284290000011424,exact_subset_dp,,,
shell,8,8,shell,1.0,equal,8,3,448,48.0,168.0,0,sharp,ok,1.0,1.5556193596261105,0.009583394127361089,0.766779315990074,0.010614769999989448,exact_sieve,0.0,,
shell,8,8,shell,1.0,equal,8,3,448,48.0,168.0,0,efficient,outside_schedule_domain,,,,,7.091199998399134e-05,unavailable,,,
shell,8,8,shell,1.0,equal,8,3,448,48.0,168.0,0,borda,ok,1.0,1.5529819779346352,0.006946012435885773,0.7729712564241071,0.001582646999992221,published_global_clipped_borda,0.0,,
shell,8,9,shell,1.0,equal,8,3,448,48.0,168.0,0,pl,ok,0.0,1.5364615244850863,0.0,,0.0024430400000028385,hunter_mm,,41.0,1.4679590876198745e-11
shell,8,9,shell,1.0,equal,8,3,448,48.0,168.0,0,mle,ok,0.0,1.5341099716531545,-0.0023515528319317802,0.8201538760195531,0.002922673999989911,exact_subset_dp,,,
shell,8,9,shell,1.0,equal,8,3,448,48.0,168.0,0,sharp,ok,2.0,1.578332926847257,0.041871402362170684,0.7948233114465767,0.010609818999995468,exact_sieve,0.0,,
shell,8,9,shell,1.0,equal,8,3,448,48.0,168.0,0,efficient,outside_schedule_domain,,,,,6.65379999986726e-05,unavailable,,,
shell,8,9,shell,1.0,equal,8,3,448,48.0,168.0,0,borda,ok,0.0,1.5341099716531545,-0.0023515528319317802,0.8201538760195531,0.0014082730000097854,published_global_clipped_borda,0.0,,
shell,8,10,shell,1.0,equal,8,3,448,48.0,168.0,0,pl,ok,1.0,1.5406758202165278,0.0,,0.002689057999987199,hunter_mm,,46.0,1.9198674396290828e-11
shell,8,10,shell,1.0,equal,8,3,448,48.0,168.0,0,mle,ok,0.0,1.5344270401022801,-0.006248780114247676,0.8361876637942263,0.0028869659999770647,exact_subset_dp,,,
shell,8,10,shell,1.0,equal,8,3,448,48.0,168.0,0,sharp,ok,0.0,1.5344270401022801,-0.006248780114247676,0.8361876637942263,0.010910311999992928,exact_sieve,0.0,,
shell,8,10,shell,1.0,equal,8,3,448,48.0,168.0,0,efficient,outside_schedule_domain,,,,,6.923699999106248e-05,unavailable,,,
shell,8,10,shell,1.0,equal,8,3,448,48.0,168.0,0,borda,ok,0.0,1.5344270401022801,-0.006248780114247676,0.8361876637942263,0.0015890450000028977,published_global_clipped_borda,0.0,,
shell,8,11,shell,1.0,equal,8,3,448,48.0,168.0,0,pl,ok,0.0,1.535976496303371,0.0,,0.0025511920000269583,hunter_mm,,43.0,1.9437404067243083e-11
shell,8,11,shell,1.0,equal,8,3,448,48.0,168.0,0,mle,ok,0.0,1.5341207757033317,-0.0018557206000393567,0.7791858305831347,0.0025979740000252605,exact_subset_dp,,,
shell,8,11,shell,1.0,equal,8,3,448,48.0,168.0,0,sharp,ok,3.0,1.5992330221784794,0.06325652587510833,0.7210314373934753,0.010464466000001948,exact_sieve,0.0,,
shell,8,11,shell,1.0,equal,8,3,448,48.0,168.0,0,efficient,outside_schedule_domain,,,,,7.119299999658324e-05,unavailable,,,
shell,8,11,shell,1.0,equal,8,3,448,48.0,168.0,0,borda,ok,0.0,1.5341207757033317,-0.0018557206000393567,0.7791858305831347,0.001406459999998333,published_global_clipped_borda,0.0,,
shell,8,12,shell,1.0,equal,8,3,448,48.0,168.0,0,pl,ok,0.0,1.5402871281782287,0.0,,0.002335053999985348,hunter_mm,,38.0,1.1345083602723856e-11
shell,8,12,shell,1.0,equal,8,3,448,48.0,168.0,0,mle,ok,0.0,1.534921620483799,-0.005365507694429672,0.7483362990178007,0.0027528340000060325,exact_subset_dp,,,
shell,8,12,shell,1.0,equal,8,3,448,48.0,168.0,0,sharp,ok,2.0,1.5861293554930578,0.04584222731482912,0.7030570268349976,0.010444848000020102,exact_sieve,0.0,,
shell,8,12,shell,1.0,equal,8,3,448,48.0,168.0,0,efficient,outside_schedule_domain,,,,,6.995500001494293e-05,unavailable,,,
shell,8,12,shell,1.0,equal,8,3,448,48.0,168.0,0,borda,ok,1.0,1.5534362884647472,0.01314916028651858,0.7300863735775438,0.0015742279999813036,published_global_clipped_borda,0.0,,
shell,8,13,shell,1.0,equal,8,3,448,48.0,168.0,0,pl,ok,1.0,1.5544014207153711,0.0,,0.0023546809999857032,hunter_mm,,38.0,1.3204231359103297e-11
shell,8,13,shell,1.0,equal,8,3,448,48.0,168.0,0,mle,ok,1.0,1.5523117988440476,-0.002089621871323555,0.7090287388626768,0.0027849440000125014,exact_subset_dp,,,
shell,8,13,shell,1.0,equal,8,3,448,48.0,168.0,0,sharp,ok,1.0,1.5523117988440476,-0.002089621871323555,0.7090287388626768,0.010627021000004788,exact_sieve,0.0,,
shell,8,13,shell,1.0,equal,8,3,448,48.0,168.0,0,efficient,outside_schedule_domain,,,,,6.746500000076594e-05,unavailable,,,
shell,8,13,shell,1.0,equal,8,3,448,48.0,168.0,0,borda,ok,1.0,1.5523117988440476,-0.002089621871323555,0.7090287388626768,0.0015721169999949325,published_global_clipped_borda,0.0,,
shell,8,14,shell,1.0,equal,8,3,448,48.0,168.0,0,pl,ok,0.0,1.5381546322433484,0.0,,0.0025454000000024735,hunter_mm,,43.0,1.552491468714834e-11
shell,8,14,shell,1.0,equal,8,3,448,48.0,168.0,0,mle,ok,0.0,1.5339912608862771,-0.004163371357071233,0.791684110769496,0.0026650679999988824,exact_subset_dp,,,
shell,8,14,shell,1.0,equal,8,3,448,48.0,168.0,0,sharp,ok,0.0,1.5339912608862771,-0.004163371357071233,0.791684110769496,0.01050779099998067,exact_sieve,0.0,,
shell,8,14,shell,1.0,equal,8,3,448,48.0,168.0,0,efficient,outside_schedule_domain,,,,,7.019700001364981e-05,unavailable,,,
shell,8,14,shell,1.0,equal,8,3,448,48.0,168.0,0,borda,ok,0.0,1.5339912608862771,-0.004163371357071233,0.791684110769496,0.0015669629999877088,published_global_clipped_borda,0.0,,
shell,8,15,shell,1.0,equal,8,3,448,48.0,168.0,0,pl,ok,0.0,1.5407091537446609,0.0,,0.0025878679999777887,hunter_mm,,44.0,1.5932969229684855e-11
shell,8,15,shell,1.0,equal,8,3,448,48.0,168.0,0,mle,ok,0.0,1.5342900700105795,-0.006419083734081399,0.7698724759713074,0.0025828930000102446,exact_subset_dp,,,
shell,8,15,shell,1.0,equal,8,3,448,48.0,168.0,0,sharp,ok,2.0,1.5764482558782538,0.03573910213359288,0.7210314373934753,0.01054675800000382,exact_sieve,0.0,,
shell,8,15,shell,1.0,equal,8,3,448,48.0,168.0,0,efficient,outside_schedule_domain,,,,,7.730799998739712e-05,unavailable,,,
shell,8,15,shell,1.0,equal,8,3,448,48.0,168.0,0,borda,ok,0.0,1.5342900700105795,-0.006419083734081399,0.7698724759713074,0.0014165770000147404,published_global_clipped_borda,0.0,,
shell,8,16,shell,1.0,equal,8,3,448,48.0,168.0,0,pl,ok,1.0,1.544584620567658,0.0,,0.0024337399999865283,hunter_mm,,40.0,2.1814232959676313e-11
shell,8,16,shell,1.0,equal,8,3,448,48.0,168.0,0,mle,ok,0.0,1.5344369222283403,-0.010147698339317834,0.7636917388705126,0.002583863000012343,exact_subset_dp,,,
shell,8,16,shell,1.0,equal,8,3,448,48.0,168.0,0,sharp,ok,3.0,1.6132159758369906,0.0686313552693325,0.6705527721810679,0.01068531100000314,exact_sieve,0.0,,
shell,8,16,shell,1.0,equal,8,3,448,48.0,168.0,0,efficient,outside_schedule_domain,,,,,7.20560000218029e-05,unavailable,,,
shell,8,16,shell,1.0,equal,8,3,448,48.0,168.0,0,borda,ok,2.0,1.5795804089324856,0.03499578836482753,0.7000784657811105,0.0015672490000042671,published_global_clipped_borda,0.0,,
shell,8,17,shell,1.0,equal,8,3,448,48.0,168.0,0,pl,ok,0.0,1.536701552153231,0.0,,0.0025996569999904295,hunter_mm,,44.0,2.559971282575394e-11
shell,8,17,shell,1.0,equal,8,3,448,48.0,168.0,0,mle,ok,0.0,1.5344270401022801,-0.002274512050950861,0.8361876637942263,0.002751113000016403,exact_subset_dp,,,
shell,8,17,shell,1.0,equal,8,3,448,48.0,168.0,0,sharp,ok,0.0,1.5344270401022801,-0.002274512050950861,0.8361876637942263,0.011008965000002036,exact_sieve,0.0,,
shell,8,17,shell,1.0,equal,8,3,448,48.0,168.0,0,efficient,outside_schedule_domain,,,,,7.329899997898792e-05,unavailable,,,
shell,8,17,shell,1.0,equal,8,3,448,48.0,168.0,0,borda,ok,0.0,1.5344270401022801,-0.002274512050950861,0.8361876637942263,0.0016022039999938897,published_global_clipped_borda,0.0,,
shell,8,18,shell,1.0,equal,8,3,448,48.0,168.0,0,pl,ok,0.0,1.5366414127006776,0.0,,0.0027758200000107536,hunter_mm,,48.0,1.6912883791876864e-11
shell,8,18,shell,1.0,equal,8,3,448,48.0,168.0,0,mle,ok,0.0,1.5353185903983628,-0.00132282230231473,0.8621810556555045,0.0027505130000236022,exact_subset_dp,,,
shell,8,18,shell,1.0,equal,8,3,448,48.0,168.0,0,sharp,ok,2.0,1.5755048548947648,0.03886344219408722,0.8137844996447892,0.010328145999977778,exact_sieve,0.0,,
shell,8,18,shell,1.0,equal,8,3,448,48.0,168.0,0,efficient,outside_schedule_domain,,,,,6.747099999415695e-05,unavailable,,,
shell,8,18,shell,1.0,equal,8,3,448,48.0,168.0,0,borda,ok,0.0,1.5353185903983628,-0.00132282230231473,0.8621810556555045,0.0015934509999908641,published_global_clipped_borda,0.0,,
shell,8,19,shell,1.0,equal,8,3,448,48.0,168.0,0,pl,ok,0.0,1.543197321026652,0.0,,0.0027573540000105368,hunter_mm,,48.0,1.9258182350410736e-11
shell,8,19,shell,1.0,equal,8,3,448,48.0,168.0,0,mle,ok,0.0,1.5340780383675818,-0.00911928265907025,0.7823017009175557,0.0026424809999809895,exact_subset_dp,,,
shell,8,19,shell,1.0,equal,8,3,448,48.0,168.0,0,sharp,ok,0.0,1.5340780383675818,-0.00911928265907025,0.7823017009175557,0.010770641000021897,exact_sieve,0.0,,
shell,8,19,shell,1.0,equal,8,3,448,48.0,168.0,0,efficient,outside_schedule_domain,,,,,7.075599998529469e-05,unavailable,,,
shell,8,19,shell,1.0,equal,8,3,448,48.0,168.0,0,borda,ok,0.0,1.5340780383675818,-0.00911928265907025,0.7823017009175557,0.001406129999992345,published_global_clipped_borda,0.0,,
shell,8,20,shell,1.0,equal,8,3,448,48.0,168.0,0,pl,ok,1.0,1.544030696303359,0.0,,0.0023268610000002354,hunter_mm,,37.0,1.9540559646559684e-11
shell,8,20,shell,1.0,equal,8,3,448,48.0,168.0,0,mle,ok,0.0,1.5365671806970291,-0.007463515606329851,0.7150201211726228,0.0025899789999925815,exact_subset_dp,,,
shell,8,20,shell,1.0,equal,8,3,448,48.0,168.0,0,sharp,ok,3.0,1.608902607132122,0.06487191082876298,0.6764208525822514,0.010554397000021254,exact_sieve,0.0,,
shell,8,20,shell,1.0,equal,8,3,448,48.0,168.0,0,efficient,outside_schedule_domain,,,,,7.622699999387805e-05,unavailable,,,
shell,8,20,shell,1.0,equal,8,3,448,48.0,168.0,0,borda,ok,1.0,1.560705029528994,0.01667433322563494,0.6882121065231049,0.0015394919999778267,published_global_clipped_borda,0.0,,
shell,8,21,shell,1.0,equal,8,3,448,48.0,168.0,0,pl,ok,1.0,1.5525693433458567,0.0,,0.0026263260000121136,hunter_mm,,44.0,1.5123775248022345e-11
shell,8,21,shell,1.0,equal,8,3,448,48.0,168.0,0,mle,ok,0.0,1.537574523433633,-0.014994819912223623,0.9020007062678247,0.0026469839999947453,exact_subset_dp,,,
shell,8,21,shell,1.0,equal,8,3,448,48.0,168.0,0,sharp,ok,2.0,1.5822004142840336,0.02963107093817685,0.8491310752359388,0.011191378999996004,exact_sieve,0.0,,
shell,8,21,shell,1.0,equal,8,3,448,48.0,168.0,0,efficient,outside_schedule_domain,,,,,7.125799999130322e-05,unavailable,,,
shell,8,21,shell,1.0,equal,8,3,448,48.0,168.0,0,borda,ok,1.0,1.5564632330572323,0.003893889711375609,0.8654605491756215,0.001404663999977629,published_global_clipped_borda,0.0,,
shell,8,22,shell,1.0,equal,8,3,448,48.0,168.0,0,pl,ok,0.0,1.5380164805421623,0.0,,0.0026610449999964203,hunter_mm,,43.0,1.5435906521231247e-11
shell,8,22,shell,1.0,equal,8,3,448,48.0,168.0,0,mle,ok,1.0,1.5556136347851743,0.017597154243012003,0.757533184154752,0.0026650979999942592,exact_subset_dp,,,
shell,8,22,shell,1.0,equal,8,3,448,48.0,168.0,0,sharp,ok,2.0,1.5794801509813545,0.04146367043919219,0.7120219548409804,0.01114444199998843,exact_sieve,0.0,,
shell,8,22,shell,1.0,equal,8,3,448,48.0,168.0,0,efficient,outside_schedule_domain,,,,,7.51510000043254e-05,unavailable,,,
shell,8,22,shell,1.0,equal,8,3,448,48.0,168.0,0,borda,ok,0.0,1.534811338010384,-0.0032051425317782822,0.7513965164149394,0.0014015650000089863,published_global_clipped_borda,0.0,,
shell,8,23,shell,1.0,equal,8,3,448,48.0,168.0,0,pl,ok,0.0,1.5374625303097784,0.0,,0.002719241000022521,hunter_mm,,47.0,1.8278458112165806e-11
shell,8,23,shell,1.0,equal,8,3,448,48.0,168.0,0,mle,ok,0.0,1.5343490291960302,-0.003113501113748196,0.832968122258636,0.0025790939999978946,exact_subset_dp,,,
shell,8,23,shell,1.0,equal,8,3,448,48.0,168.0,0,sharp,ok,1.0,1.5569470956145994,0.01948456530482101,0.7791858305831347,0.010476293000010628,exact_sieve,0.0,,
shell,8,23,shell,1.0,equal,8,3,448,48.0,168.0,0,efficient,outside_schedule_domain,,,,,7.586899999978414e-05,unavailable,,,
shell,8,23,shell,1.0,equal,8,3,448,48.0,168.0,0,borda,ok,0.0,1.5343490291960302,-0.003113501113748196,0.832968122258636,0.0014615970000022571,published_global_clipped_borda,0.0,,
shell,8,24,shell,1.0,equal,8,3,448,48.0,168.0,0,pl,ok,1.0,1.549487640794319,0.0,,0.002734868999993978,hunter_mm,,47.0,2.198400192047042e-11
shell,8,24,shell,1.0,equal,8,3,448,48.0,168.0,0,mle,ok,1.0,1.560448076877572,0.010960436083252922,0.9121196566486348,0.00256588499999566,exact_subset_dp,,,
shell,8,24,shell,1.0,equal,8,3,448,48.0,168.0,0,sharp,ok,1.0,1.560448076877572,0.010960436083252922,0.9121196566486348,0.010605973999986418,exact_sieve,0.0,,
shell,8,24,shell,1.0,equal,8,3,448,48.0,168.0,0,efficient,outside_schedule_domain,,,,,7.744999999204083e-05,unavailable,,,
shell,8,24,shell,1.0,equal,8,3,448,48.0,168.0,0,borda,ok,0.0,1.5361220669980389,-0.013365573796280117,0.8786479422186868,0.0014530909999734831,published_global_clipped_borda,0.0,,
shell,8,25,shell,1.0,equal,8,3,448,48.0,168.0,0,pl,ok,1.0,1.541545981245728,0.0,,0.0025101199999824075,hunter_mm,,38.0,1.848508647737747e-11
shell,8,25,shell,1.0,equal,8,3,448,48.0,168.0,0,mle,ok,0.0,1.5397767997014564,-0.0017691815442715253,0.6734845421971655,0.002597405999978264,exact_subset_dp,,,
shell,8,25,shell,1.0,equal,8,3,448,48.0,168.0,0,sharp,ok,1.0,1.5595065907372883,0.01796060949156031,0.6734845421971655,0.010586305000003904,exact_sieve,0.0,,
shell,8,25,shell,1.0,equal,8,3,448,48.0,168.0,0,efficient,outside_schedule_domain,,,,,8.006500002011308e-05,unavailable,,,
shell,8,25,shell,1.0,equal,8,3,448,48.0,168.0,0,borda,ok,1.0,1.5595065907372883,0.01796060949156031,0.6734845421971655,0.0014251620000038656,published_global_clipped_borda,0.0,,
shell,8,26,shell,1.0,equal,8,3,448,48.0,168.0,0,pl,ok,0.0,1.5391176794611046,0.0,,0.00242864599999848,hunter_mm,,40.0,1.573147961104431e-11
shell,8,26,shell,1.0,equal,8,3,448,48.0,168.0,0,mle,ok,0.0,1.535428782689236,-0.003688896771868455,0.7361487023127573,0.0027287279999939074,exact_subset_dp,,,
shell,8,26,shell,1.0,equal,8,3,448,48.0,168.0,0,sharp,ok,2.0,1.580086401341442,0.0409687218803374,0.7090287388626768,0.010651382000020249,exact_sieve,0.0,,
shell,8,26,shell,1.0,equal,8,3,448,48.0,168.0,0,efficient,outside_schedule_domain,,,,,7.255600002054052e-05,unavailable,,,
shell,8,26,shell,1.0,equal,8,3,448,48.0,168.0,0,borda,ok,0.0,1.535428782689236,-0.003688896771868455,0.7361487023127573,0.0015555640000002313,published_global_clipped_borda,0.0,,
shell,8,27,shell,1.0,equal,8,3,448,48.0,168.0,0,pl,ok,0.0,1.5428665722380093,0.0,,0.002634266000001162,hunter_mm,,45.0,1.9049587304412594e-11
shell,8,27,shell,1.0,equal,8,3,448,48.0,168.0,0,mle,ok,0.0,1.5369046161033608,-0.0059619561346484495,0.891948748105368,0.0027172160000077383,exact_subset_dp,,,
shell,8,27,shell,1.0,equal,8,3,448,48.0,168.0,0,sharp,ok,3.0,1.597245185239714,0.05437861300170477,0.8011195480346118,0.01061354399999459,exact_sieve,0.0,,
shell,8,27,shell,1.0,equal,8,3,448,48.0,168.0,0,efficient,outside_schedule_domain,,,,,7.166800000391049e-05,unavailable,,,
shell,8,27,shell,1.0,equal,8,3,448,48.0,168.0,0,borda,ok,1.0,1.5583554467812393,0.015488874543230002,0.8491310752359388,0.0015653869999994185,published_global_clipped_borda,0.0,,
shell,8,28,shell,1.0,equal,8,3,448,48.0,168.0,0,pl,ok,0.0,1.5384363067155338,0.0,,0.0025595009999790364,hunter_mm,,43.0,1.3555823130673161e-11
shell,8,28,shell,1.0,equal,8,3,448,48.0,168.0,0,mle,ok,0.0,1.5339863031596663,-0.004450003555867443,0.8074398347256734,0.0027079919999835056,exact_subset_dp,,,
shell,8,28,shell,1.0,equal,8,3,448,48.0,168.0,0,sharp,ok,0.0,1.5339863031596663,-0.004450003555867443,0.8074398347256734,0.010359192999999323,exact_sieve,0.0,,
shell,8,28,shell,1.0,equal,8,3,448,48.0,168.0,0,efficient,outside_schedule_domain,,,,,6.640899999865724e-05,unavailable,,,
shell,8,28,shell,1.0,equal,8,3,448,48.0,168.0,0,borda,ok,0.0,1.5339863031596663,-0.004450003555867443,0.8074398347256734,0.0015806959999906667,published_global_clipped_borda,0.0,,
shell,8,29,shell,1.0,equal,8,3,448,48.0,168.0,0,pl,ok,1.0,1.544254628306958,0.0,,0.0028431579999903533,hunter_mm,,48.0,2.2027966752245577e-11
shell,8,29,shell,1.0,equal,8,3,448,48.0,168.0,0,mle,ok,0.0,1.534214961953606,-0.010039666353351961,0.8265483022961607,0.0027408250000178214,exact_subset_dp,,,
shell,8,29,shell,1.0,equal,8,3,448,48.0,168.0,0,sharp,ok,2.0,1.5786560944684016,0.03440146616144357,0.776075695237584,0.010757181000002447,exact_sieve,0.0,,
shell,8,29,shell,1.0,equal,8,3,448,48.0,168.0,0,efficient,outside_schedule_domain,,,,,7.315499999549502e-05,unavailable,,,
shell,8,29,shell,1.0,equal,8,3,448,48.0,168.0,0,borda,ok,1.0,1.5609356224731614,0.01668099416620339,0.8137844996447892,0.0014920499999959702,published_global_clipped_borda,0.0,,
shell,8,30,shell,1.0,equal,8,3,448,48.0,168.0,0,pl,ok,0.0,1.5446794105616188,0.0,,0.0030510670000012396,hunter_mm,,53.0,2.5385788709237592e-11
shell,8,30,shell,1.0,equal,8,3,448,48.0,168.0,0,mle,ok,0.0,1.5344369222283403,-0.010242488333278565,0.7636917388705126,0.0025902520000045115,exact_subset_dp,,,
shell,8,30,shell,1.0,equal,8,3,448,48.0,168.0,0,sharp,ok,2.0,1.5756777825640784,0.030998372002459584,0.7180232709244534,0.010856361999998398,exact_sieve,0.0,,
shell,8,30,shell,1.0,equal,8,3,448,48.0,168.0,0,efficient,outside_schedule_domain,,,,,7.784100000662875e-05,unavailable,,,
shell,8,30,shell,1.0,equal,8,3,448,48.0,168.0,0,borda,ok,0.0,1.5344369222283403,-0.010242488333278565,0.7636917388705126,0.001471186999992824,published_global_clipped_borda,0.0,,
shell,8,31,shell,1.0,equal,8,3,448,48.0,168.0,0,pl,ok,1.0,1.5433501846871522,0.0,,0.002724408000005951,hunter_mm,,47.0,1.702523836196893e-11
shell,8,31,shell,1.0,equal,8,3,448,48.0,168.0,0,mle,ok,1.0,1.5510976883636547,0.007747503676502454,0.7885508018261497,0.0027292820000184292,exact_subset_dp,,,
shell,8,31,shell,1.0,equal,8,3,448,48.0,168.0,0,sharp,ok,4.0,1.6281811278657279,0.08483094317857565,0.7180232709244534,0.010855892999984462,exact_sieve,0.0,,
shell,8,31,shell,1.0,equal,8,3,448,48.0,168.0,0,efficient,outside_schedule_domain,,,,,7.322900000872323e-05,unavailable,,,
shell,8,31,shell,1.0,equal,8,3,448,48.0,168.0,0,borda,ok,1.0,1.5510976883636547,0.007747503676502454,0.7885508018261497,0.0014705259999914233,published_global_clipped_borda,0.0,,
shell,8,32,shell,1.0,equal,8,3,448,48.0,168.0,0,pl,ok,0.0,1.5400606261514458,0.0,,0.002639667000011059,hunter_mm,,45.0,1.4171965188682277e-11
shell,8,32,shell,1.0,equal,8,3,448,48.0,168.0,0,mle,ok,0.0,1.5343490291960302,-0.0057115969554155654,0.832968122258636,0.002576263000008794,exact_subset_dp,,,
shell,8,32,shell,1.0,equal,8,3,448,48.0,168.0,0,sharp,ok,2.0,1.5754644886545044,0.0354038625030586,0.776075695237584,0.010384450000003653,exact_sieve,0.0,,
shell,8,32,shell,1.0,equal,8,3,448,48.0,168.0,0,efficient,outside_schedule_domain,,,,,7.189800001583535e-05,unavailable,,,
shell,8,32,shell,1.0,equal,8,3,448,48.0,168.0,0,borda,ok,1.0,1.5537792703766296,0.013718644225183763,0.8137844996447892,0.0014187889999845993,published_global_clipped_borda,0.0,,
shell,8,33,shell,1.0,equal,8,3,448,48.0,168.0,0,pl,ok,0.0,1.5392762325722786,0.0,,0.0023786259999951653,hunter_mm,,39.0,2.0385471088957274e-11
shell,8,33,shell,1.0,equal,8,3,448,48.0,168.0,0,mle,ok,0.0,1.5345204726707444,-0.004755759901534207,0.7606097072789118,0.00274998199998322,exact_subset_dp,,,
shell,8,33,shell,1.0,equal,8,3,448,48.0,168.0,0,sharp,ok,4.0,1.639698533114605,0.10042230054232637,0.5930057567449797,0.010426322999990134,exact_sieve,0.0,,
shell,8,33,shell,1.0,equal,8,3,448,48.0,168.0,0,efficient,outside_schedule_domain,,,,,7.303900000010799e-05,unavailable,,,
shell,8,33,shell,1.0,equal,8,3,448,48.0,168.0,0,borda,ok,0.0,1.5345204726707444,-0.004755759901534207,0.7606097072789118,0.0015641980000111744,published_global_clipped_borda,0.0,,
shell,8,34,shell,1.0,equal,8,3,448,48.0,168.0,0,pl,ok,1.0,1.5393174830085885,0.0,,0.0025632149999808007,hunter_mm,,43.0,1.4785823359326448e-11
shell,8,34,shell,1.0,equal,8,3,448,48.0,168.0,0,mle,ok,0.0,1.5342268163024944,-0.005090666706094149,0.7729712564241071,0.002731214999982967,exact_subset_dp,,,
shell,8,34,shell,1.0,equal,8,3,448,48.0,168.0,0,sharp,ok,0.0,1.5342268163024944,-0.005090666706094149,0.7729712564241071,0.010803240999990749,exact_sieve,0.0,,
shell,8,34,shell,1.0,equal,8,3,448,48.0,168.0,0,efficient,outside_schedule_domain,,,,,7.130200000915465e-05,unavailable,,,
shell,8,34,shell,1.0,equal,8,3,448,48.0,168.0,0,borda,ok,0.0,1.5342268163024944,-0.005090666706094149,0.7729712564241071,0.0015549140000246098,published_global_clipped_borda,0.0,,
shell,8,35,shell,1.0,equal,8,3,448,48.0,168.0,0,pl,ok,0.0,1.5414390106969584,0.0,,0.0031278440000050978,hunter_mm,,51.0,1.985567266160615e-11
shell,8,35,shell,1.0,equal,8,3,448,48.0,168.0,0,mle,ok,0.0,1.533968195405972,-0.007470815290986366,0.7979684437893203,0.0027845119999767576,exact_subset_dp,,,
shell,8,35,shell,1.0,equal,8,3,448,48.0,168.0,0,sharp,ok,0.0,1.533968195405972,-0.007470815290986366,0.7979684437893203,0.010594382999983054,exact_sieve,0.0,,
shell,8,35,shell,1.0,equal,8,3,448,48.0,168.0,0,efficient,outside_schedule_domain,,,,,6.82259999962298e-05,unavailable,,,
shell,8,35,shell,1.0,equal,8,3,448,48.0,168.0,0,borda,ok,0.0,1.533968195405972,-0.007470815290986366,0.7979684437893203,0.001512165000008281,published_global_clipped_borda,0.0,,
shell,8,36,shell,1.0,equal,8,3,448,48.0,168.0,0,pl,ok,0.0,1.5386325467038278,0.0,,0.0027561580000110553,hunter_mm,,48.0,1.9459164438525736e-11
shell,8,36,shell,1.0,equal,8,3,448,48.0,168.0,0,mle,ok,0.0,1.5340338274539824,-0.00459871924984534,0.8137844996447892,0.002617528000001812,exact_subset_dp,,,
shell,8,36,shell,1.0,equal,8,3,448,48.0,168.0,0,sharp,ok,1.0,1.5558183488032822,0.017185802099454417,0.7854233449861958,0.010290462999989813,exact_sieve,0.0,,
shell,8,36,shell,1.0,equal,8,3,448,48.0,168.0,0,efficient,outside_schedule_domain,,,,,6.971499999508524e-05,unavailable,,,
shell,8,36,shell,1.0,equal,8,3,448,48.0,168.0,0,borda,ok,0.0,1.5340338274539824,-0.00459871924984534,0.8137844996447892,0.0014154760000053557,published_global_clipped_borda,0.0,,
shell,8,37,shell,1.0,equal,8,3,448,48.0,168.0,0,pl,ok,0.0,1.5382256699695176,0.0,,0.0025465639999993073,hunter_mm,,43.0,1.5801265058306465e-11
shell,8,37,shell,1.0,equal,8,3,448,48.0,168.0,0,mle,ok,0.0,1.5343601133711338,-0.0038655565983838347,0.766779315990074,0.002758765000010044,exact_subset_dp,,,
shell,8,37,shell,1.0,equal,8,3,448,48.0,168.0,0,sharp,ok,0.0,1.5343601133711338,-0.0038655565983838347,0.766779315990074,0.010311094000002186,exact_sieve,0.0,,
shell,8,37,shell,1.0,equal,8,3,448,48.0,168.0,0,efficient,outside_schedule_domain,,,,,6.721500000139713e-05,unavailable,,,
shell,8,37,shell,1.0,equal,8,3,448,48.0,168.0,0,borda,ok,0.0,1.5343601133711338,-0.0038655565983838347,0.766779315990074,0.0016103979999968487,published_global_clipped_borda,0.0,,
shell,8,38,shell,1.0,equal,8,3,448,48.0,168.0,0,pl,ok,0.0,1.538715405685248,0.0,,0.0024346599999773844,hunter_mm,,42.0,1.679063237653671e-11
shell,8,38,shell,1.0,equal,8,3,448,48.0,168.0,0,mle,ok,0.0,1.5340780383675818,-0.0046373673176660635,0.7823017009175557,0.0025646100000074057,exact_subset_dp,,,
shell,8,38,shell,1.0,equal,8,3,448,48.0,168.0,0,sharp,ok,0.0,1.5340780383675818,-0.0046373673176660635,0.7823017009175557,0.010397804000007227,exact_sieve,0.0,,
shell,8,38,shell,1.0,equal,8,3,448,48.0,168.0,0,efficient,outside_schedule_domain,,,,,8.02879999923789e-05,unavailable,,,
shell,8,38,shell,1.0,equal,8,3,448,48.0,168.0,0,borda,ok,0.0,1.5340780383675818,-0.0046373673176660635,0.7823017009175557,0.0014297740000017711,published_global_clipped_borda,0.0,,
shell,8,39,shell,1.0,equal,8,3,448,48.0,168.0,0,pl,ok,0.0,1.5371000555379846,0.0,,0.002693370000002915,hunter_mm,,46.0,2.2303999916825237e-11
shell,8,39,shell,1.0,equal,8,3,448,48.0,168.0,0,mle,ok,0.0,1.5345204726707444,-0.0025795828672401377,0.7606097072789118,0.0027776009999911366,exact_subset_dp,,,
shell,8,39,shell,1.0,equal,8,3,448,48.0,168.0,0,sharp,ok,0.0,1.5345204726707444,-0.0025795828672401377,0.7606097072789118,0.010593486999994184,exact_sieve,0.0,,
shell,8,39,shell,1.0,equal,8,3,448,48.0,168.0,0,efficient,outside_schedule_domain,,,,,6.938199999240169e-05,unavailable,,,
shell,8,39,shell,1.0,equal,8,3,448,48.0,168.0,0,borda,ok,0.0,1.5345204726707444,-0.0025795828672401377,0.7606097072789118,0.0015534179999860953,published_global_clipped_borda,0.0,,
shell,9,0,shell,2.0,equal,8,3,28,3.0,10.5,0,pl,ok,3.0,1.6510870575287697,0.0,,0.0033906760000093072,hunter_mm,,125.0,3.416029364140221e-11
shell,9,0,shell,2.0,equal,8,3,28,3.0,10.5,0,mle,ok,5.0,1.726794036778815,0.07570697925004533,1.1470129282507922,0.0029560970000090947,exact_subset_dp,,,
shell,9,0,shell,2.0,equal,8,3,28,3.0,10.5,0,sharp,ok,11.0,1.7940668026238153,0.14297974509504563,0.5705796667792838,0.0021169460000010076,exact_sieve,0.0,,
shell,9,0,shell,2.0,equal,8,3,28,3.0,10.5,0,efficient,outside_schedule_domain,,,,,3.510899998104833e-05,unavailable,,,
shell,9,0,shell,2.0,equal,8,3,28,3.0,10.5,0,borda,ok,3.0,1.6029341993590678,-0.04815285816970194,0.9672795990261153,0.0013803040000084366,published_global_clipped_borda,0.0,,
shell,9,1,shell,2.0,equal,8,3,28,3.0,10.5,0,pl,ok,1.0,1.5337607704951486,0.0,,0.001645652000007658,hunter_mm,,53.0,6.039930460539316e-12
shell,9,1,shell,2.0,equal,8,3,28,3.0,10.5,0,mle,ok,0.0,1.5435377527362242,0.009776982241075594,0.9672795990261153,0.0025241410000091946,exact_subset_dp,,,
shell,9,1,shell,2.0,equal,8,3,28,3.0,10.5,0,sharp,ok,12.0,1.7945492799091778,0.2607885094140292,0.23562881521737206,0.0019137200000045596,exact_sieve,0.0,,
shell,9,1,shell,2.0,equal,8,3,28,3.0,10.5,0,efficient,outside_schedule_domain,,,,,3.50250000167307e-05,unavailable,,,
shell,9,1,shell,2.0,equal,8,3,28,3.0,10.5,0,borda,ok,2.0,1.5704089324985318,0.03664816200338317,0.9121196566486348,0.001362596000006988,published_global_clipped_borda,0.0,,
shell,9,2,shell,2.0,equal,8,3,28,3.0,10.5,0,pl,ok,3.0,1.561434294384178,0.0,,0.001713075999987268,hunter_mm,,56.0,2.275735155876646e-11
shell,9,2,shell,2.0,equal,8,3,28,3.0,10.5,0,mle,ok,5.0,1.6686002122557486,0.1071659178715707,0.8589084084290807,0.002843014999996285,exact_subset_dp,,,
shell,9,2,shell,2.0,equal,8,3,28,3.0,10.5,0,sharp,ok,9.0,1.7677842841036673,0.20634998971948937,0.48304091257642995,0.001988503999996283,exact_sieve,0.0,,
shell,9,2,shell,2.0,equal,8,3,28,3.0,10.5,0,efficient,outside_schedule_domain,,,,,3.5443000001578184e-05,unavailable,,,
shell,9,2,shell,2.0,equal,8,3,28,3.0,10.5,0,borda,ok,5.0,1.66625576230348,0.10482146791930202,0.8074398347256734,0.0014650960000039959,published_global_clipped_borda,0.0,,
shell,9,3,shell,2.0,equal,8,3,28,3.0,10.5,0,pl,ok,7.0,1.6923404626979754,0.0,,0.0016255039999748533,hunter_mm,,53.0,1.7462349027092775e-11
shell,9,3,shell,2.0,equal,8,3,28,3.0,10.5,0,mle,ok,9.0,1.8812279685683588,0.1888875058703834,0.9672795990261153,0.0027104859999838027,exact_subset_dp,,,
shell,9,3,shell,2.0,equal,8,3,28,3.0,10.5,0,sharp,ok,7.0,1.6837263115387209,-0.008614151159254568,0.6156729370132851,0.0020929459999763367,exact_sieve,0.0,,
shell,9,3,shell,2.0,equal,8,3,28,3.0,10.5,0,efficient,outside_schedule_domain,,,,,3.408300000273812e-05,unavailable,,,
shell,9,3,shell,2.0,equal,8,3,28,3.0,10.5,0,borda,ok,6.0,1.658666568562364,-0.03367389413561139,0.5705796667792838,0.0014657639999882122,published_global_clipped_borda,0.0,,
shell,9,4,shell,2.0,equal,8,3,28,3.0,10.5,0,pl,ok,1.0,1.5302785916293975,0.0,,0.0015486290000126246,hunter_mm,,49.0,2.7336989814687384e-11
shell,9,4,shell,2.0,equal,8,3,28,3.0,10.5,0,mle,ok,2.0,1.6016117553982494,0.0713331637688519,1.0844293045104068,0.00307853399999658,exact_subset_dp,,,
shell,9,4,shell,2.0,equal,8,3,28,3.0,10.5,0,sharp,ok,9.0,1.7493959505552024,0.21911735892580486,0.48304091257642995,0.002107066999997187,exact_sieve,0.0,,
shell,9,4,shell,2.0,equal,8,3,28,3.0,10.5,0,efficient,outside_schedule_domain,,,,,4.2658000012352204e-05,unavailable,,,
shell,9,4,shell,2.0,equal,8,3,28,3.0,10.5,0,borda,ok,2.0,1.5802517478151739,0.04997315618577636,0.9121196566486348,0.001359781999980214,published_global_clipped_borda,0.0,,
shell,9,5,shell,2.0,equal,8,3,28,3.0,10.5,0,pl,ok,4.0,1.5826341513093007,0.0,,0.0013960160000010546,hunter_mm,,43.0,1.742948642556387e-11
shell,9,5,shell,2.0,equal,8,3,28,3.0,10.5,0,mle,ok,9.0,1.7509414728978423,0.16830732158854156,0.6617844044760891,0.0025179129999912675,exact_subset_dp,,,
shell,9,5,shell,2.0,equal,8,3,28,3.0,10.5,0,sharp,ok,7.0,1.6936224326287164,0.11098828131941563,0.44041348850630796,0.002051262999998471,exact_sieve,0.0,,
shell,9,5,shell,2.0,equal,8,3,28,3.0,10.5,0,efficient,outside_schedule_domain,,,,,3.333699999075179e-05,unavailable,,,
shell,9,5,shell,2.0,equal,8,3,28,3.0,10.5,0,borda,ok,5.0,1.6373029024981989,0.054668751188898135,0.48304091257642995,0.0013480720000131896,published_global_clipped_borda,0.0,,
shell,9,6,shell,2.0,equal,8,3,28,3.0,10.5,0,pl,ok,3.0,1.6027580919672737,0.0,,0.002166987999999037,hunter_mm,,77.0,1.735976441961741e-11
shell,9,6,shell,2.0,equal,8,3,28,3.0,10.5,0,mle,ok,5.0,1.691487481478506,0.08872938951123222,0.9672795990261153,0.002563915999985511,exact_subset_dp,,,
shell,9,6,shell,2.0,equal,8,3,28,3.0,10.5,0,sharp,ok,11.0,1.7802489304184235,0.17749083845114977,0.23562881521737206,0.0019316160000073523,exact_sieve,0.0,,
shell,9,6,shell,2.0,equal,8,3,28,3.0,10.5,0,efficient,outside_schedule_domain,,,,,4.257200001234196e-05,unavailable,,,
shell,9,6,shell,2.0,equal,8,3,28,3.0,10.5,0,borda,ok,1.0,1.5550605369292598,-0.04769755503801387,0.8074398347256734,0.0015217199999995046,published_global_clipped_borda,0.0,,
shell,9,7,shell,2.0,equal,8,3,28,3.0,10.5,0,pl,ok,6.0,1.6254967520308836,0.0,,0.0016224259999830792,hunter_mm,,53.0,1.0286501809072694e-11
shell,9,7,shell,2.0,equal,8,3,28,3.0,10.5,0,mle,ok,3.0,1.6131811959675624,-0.012315556063321242,1.0246248379567524,0.0029651920000048904,exact_subset_dp,,,
shell,9,7,shell,2.0,equal,8,3,28,3.0,10.5,0,sharp,ok,10.0,1.7668638939674526,0.14136714193656896,0.5705796667792838,0.0020890879999910794,exact_sieve,0.0,,
shell,9,7,shell,2.0,equal,8,3,28,3.0,10.5,0,efficient,outside_schedule_domain,,,,,3.649300001029587e-05,unavailable,,,
shell,9,7,shell,2.0,equal,8,3,28,3.0,10.5,0,borda,ok,8.0,1.7888057878157761,0.16330903578489253,0.8589084084290807,0.001502302000005784,published_global_clipped_borda,0.0,,
shell,9,8,shell,2.0,equal,8,3,28,3.0,10.5,0,pl,ok,1.0,1.5433614098073662,0.0,,0.0019727920000036647,hunter_mm,,63.0,1.0193782326187569e-11
shell,9,8,shell,2.0,equal,8,3,28,3.0,10.5,0,mle,ok,5.0,1.6834455533257286,0.1400841435183624,0.8589084084290807,0.0027698359999988043,exact_subset_dp,,,
shell,9,8,shell,2.0,equal,8,3,28,3.0,10.5,0,sharp,ok,7.0,1.7289652216358486,0.1856038118284824,0.5264006135801002,0.002133885999995755,exact_sieve,0.0,,
shell,9,8,shell,2.0,equal,8,3,28,3.0,10.5,0,efficient,outside_schedule_domain,,,,,3.652000000897715e-05,unavailable,,,
shell,9,8,shell,2.0,equal,8,3,28,3.0,10.5,0,borda,ok,4.0,1.6579108679802514,0.1145494581728852,0.8074398347256734,0.001643466999979637,published_global_clipped_borda,0.0,,
shell,9,9,shell,2.0,equal,8,3,28,3.0,10.5,0,pl,ok,5.0,1.7315148433824854,0.0,,0.0020077979999939544,hunter_mm,,69.0,1.6491474852387e-11
shell,9,9,shell,2.0,equal,8,3,28,3.0,10.5,0,mle,ok,3.0,1.6331168936270815,-0.09839794975540395,0.9121196566486348,0.002909196999979713,exact_subset_dp,,,
shell,9,9,shell,2.0,equal,8,3,28,3.0,10.5,0,sharp,ok,9.0,1.7380522286996816,0.006537385317196165,0.5705796667792838,0.002172994999995126,exact_sieve,0.0,,
shell,9,9,shell,2.0,equal,8,3,28,3.0,10.5,0,efficient,outside_schedule_domain,,,,,4.033400000480469e-05,unavailable,,,
shell,9,9,shell,2.0,equal,8,3,28,3.0,10.5,0,borda,ok,6.0,1.7110944161294817,-0.020420427253003748,0.8589084084290807,0.0014859890000025189,published_global_clipped_borda,0.0,,
shell,9,10,shell,2.0,equal,8,3,28,3.0,10.5,0,pl,ok,1.0,1.7304432701313117,0.0,,0.0028540760000055343,hunter_mm,,106.0,1.1781750178637855e-11
shell,9,10,shell,2.0,equal,8,3,28,3.0,10.5,0,mle,ok,0.0,1.772048761497084,0.041605491365772185,1.7070122647274826,0.002838142999991078,exact_subset_dp,,,
shell,9,10,shell,2.0,equal,8,3,28,3.0,10.5,0,sharp,ok,7.0,1.709950210407099,-0.02049305972421278,0.8074398347256734,0.0021025780000059058,exact_sieve,0.0,,
shell,9,10,shell,2.0,equal,8,3,28,3.0,10.5,0,efficient,outside_schedule_domain,,,,,3.6980000004405156e-05,unavailable,,,
shell,9,10,shell,2.0,equal,8,3,28,3.0,10.5,0,borda,ok,2.0,1.8241774646307396,0.09373419449942788,1.6084230339112893,0.0018078200000104516,published_global_clipped_borda,0.0,,
shell,9,11,shell,2.0,equal,8,3,28,3.0,10.5,0,pl,ok,3.0,1.6332186100351127,0.0,,0.0015643479999880583,hunter_mm,,50.0,1.0660424923766447e-11
shell,9,11,shell,2.0,equal,8,3,28,3.0,10.5,0,mle,ok,6.0,1.7570561300106105,0.12383751997549775,0.9672795990261153,0.002532059000003528,exact_subset_dp,,,
shell,9,11,shell,2.0,equal,8,3,28,3.0,10.5,0,sharp,ok,11.0,1.7709054835565343,0.13768687352142162,0.39843792971796577,0.00204760500000134,exact_sieve,0.0,,
shell,9,11,shell,2.0,equal,8,3,28,3.0,10.5,0,efficient,outside_schedule_domain,,,,,3.904900000861744e-05,unavailable,,,
shell,9,11,shell,2.0,equal,8,3,28,3.0,10.5,0,borda,ok,3.0,1.5949075377369477,-0.038311072298164994,0.6617844044760891,0.0013323039999875164,published_global_clipped_borda,0.0,,
shell,9,12,shell,2.0,equal,8,3,28,3.0,10.5,0,pl,ok,5.0,1.5991877122887996,0.0,,0.0014639620000025388,hunter_mm,,45.0,2.8714554543642278e-11
shell,9,12,shell,2.0,equal,8,3,28,3.0,10.5,0,mle,ok,7.0,1.7279597648683969,0.12877205257959723,0.8074398347256734,0.002662460999999894,exact_subset_dp,,,
shell,9,12,shell,2.0,equal,8,3,28,3.0,10.5,0,sharp,ok,6.0,1.6554248479287188,0.05623713563991917,0.6156729370132851,0.0020981449999908364,exact_sieve,0.0,,
shell,9,12,shell,2.0,equal,8,3,28,3.0,10.5,0,efficient,outside_schedule_domain,,,,,3.5386000007520124e-05,unavailable,,,
shell,9,12,shell,2.0,equal,8,3,28,3.0,10.5,0,borda,ok,5.0,1.6443942803403198,0.045206568051520124,0.5705796667792838,0.0014615630000207602,published_global_clipped_borda,0.0,,
shell,9,13,shell,2.0,equal,8,3,28,3.0,10.5,0,pl,ok,3.0,1.5910123174098958,0.0,,0.001414203999985375,hunter_mm,,43.0,1.2691117997779396e-11
shell,9,13,shell,2.0,equal,8,3,28,3.0,10.5,0,mle,ok,2.0,1.5940304912178136,0.003018173807917801,0.8074398347256734,0.0027427320000015243,exact_subset_dp,,,
shell,9,13,shell,2.0,equal,8,3,28,3.0,10.5,0,sharp,ok,9.0,1.7487113494138273,0.15769903200393154,0.31614842415667943,0.0020990529999949104,exact_sieve,0.0,,
shell,9,13,shell,2.0,equal,8,3,28,3.0,10.5,0,efficient,outside_schedule_domain,,,,,3.838000000655484e-05,unavailable,,,
shell,9,13,shell,2.0,equal,8,3,28,3.0,10.5,0,borda,ok,4.0,1.6463942441214536,0.05538192671155784,0.7090287388626768,0.0015607899999849906,published_global_clipped_borda,0.0,,
shell,9,14,shell,2.0,equal,8,3,28,3.0,10.5,0,pl,ok,5.0,1.6524738252285978,0.0,,0.0017648589999907927,hunter_mm,,59.0,1.601544294008558e-11
shell,9,14,shell,2.0,equal,8,3,28,3.0,10.5,0,mle,ok,6.0,1.6482117211721357,-0.0042621040564621016,0.7090287388626768,0.00265430600001082,exact_subset_dp,,,
shell,9,14,shell,2.0,equal,8,3,28,3.0,10.5,0,sharp,ok,8.0,1.742863720712418,0.09038989548382026,0.27569892377869015,0.0020655179999948814,exact_sieve,0.0,,
shell,9,14,shell,2.0,equal,8,3,28,3.0,10.5,0,efficient,outside_schedule_domain,,,,,3.515500000617067e-05,unavailable,,,
shell,9,14,shell,2.0,equal,8,3,28,3.0,10.5,0,borda,ok,4.0,1.6463210042917322,-0.006152820936865533,0.6156729370132851,0.0014853350000123555,published_global_clipped_borda,0.0,,
shell,9,15,shell,2.0,equal,8,3,28,3.0,10.5,0,pl,ok,3.0,1.5408629412710364,0.0,,0.0016495019999922533,hunter_mm,,52.0,1.6761861739869996e-11
shell,9,15,shell,2.0,equal,8,3,28,3.0,10.5,0,mle,ok,2.0,1.5550567532149873,0.014193811943950863,0.8074398347256734,0.00267363800000453,exact_subset_dp,,,
shell,9,15,shell,2.0,equal,8,3,28,3.0,10.5,0,sharp,ok,7.0,1.7753037858731655,0.2344408446021291,0.7090287388626768,0.0021033050000198728,exact_sieve,0.0,,
shell,9,15,shell,2.0,equal,8,3,28,3.0,10.5,0,efficient,outside_schedule_domain,,,,,3.509199999029988e-05,unavailable,,,
shell,9,15,shell,2.0,equal,8,3,28,3.0,10.5,0,borda,ok,3.0,1.594816446993458,0.053953505722421635,0.8074398347256734,0.0015090010000164966,published_global_clipped_borda,0.0,,
shell,9,16,shell,2.0,equal,8,3,28,3.0,10.5,0,pl,ok,7.0,1.7689462396086306,0.0,,0.0014625990000070033,hunter_mm,,44.0,9.850469646315624e-12
shell,9,16,shell,2.0,equal,8,3,28,3.0,10.5,0,mle,ok,5.0,1.63398697445199,-0.1349592651566407,0.8074398347256734,0.0026934470000128385,exact_subset_dp,,,
shell,9,16,shell,2.0,equal,8,3,28,3.0,10.5,0,sharp,ok,14.0,1.7953807648648241,0.026434525256193497,0.11711369801112119,0.0019392199999970217,exact_sieve,0.0,,
shell,9,16,shell,2.0,equal,8,3,28,3.0,10.5,0,efficient,outside_schedule_domain,,,,,3.4656000025279354e-05,unavailable,,,
shell,9,16,shell,2.0,equal,8,3,28,3.0,10.5,0,borda,ok,9.0,1.7393352424671038,-0.029610997141526818,0.6617844044760891,0.001335897000018349,published_global_clipped_borda,0.0,,
shell,9,17,shell,2.0,equal,8,3,28,3.0,10.5,0,pl,ok,4.0,1.671947427906631,0.0,,0.0018497129999843764,hunter_mm,,63.0,2.1888268975089886e-11
shell,9,17,shell,2.0,equal,8,3,28,3.0,10.5,0,mle,ok,6.0,1.8238854246150742,0.1519379967084431,1.2127529326707367,0.003154090999998971,exact_subset_dp,,,
shell,9,17,shell,2.0,equal,8,3,28,3.0,10.5,0,sharp,ok,11.0,1.8896438612775013,0.2176964333708702,0.8074398347256734,0.0020600139999942257,exact_sieve,0.0,,
shell,9,17,shell,2.0,equal,8,3,28,3.0,10.5,0,efficient,outside_schedule_domain,,,,,3.612000000430271e-05,unavailable,,,
shell,9,17,shell,2.0,equal,8,3,28,3.0,10.5,0,borda,ok,4.0,1.670451085357421,-0.0014963425492100502,1.0246248379567524,0.001889704999996411,published_global_clipped_borda,0.0,,
shell,9,18,shell,2.0,equal,8,3,28,3.0,10.5,0,pl,ok,5.0,1.7520479101946211,0.0,,0.0029866019999928994,hunter_mm,,113.0,4.258936060961917e-11
shell,9,18,shell,2.0,equal,8,3,28,3.0,10.5,0,mle,ok,5.0,1.7886616502335,0.03661374003887885,1.2127529326707367,0.003069807000002811,exact_subset_dp,,,
shell,9,18,shell,2.0,equal,8,3,28,3.0,10.5,0,sharp,ok,9.0,1.7641505417708228,0.012102631576201617,0.6156729370132851,0.002069048999999268,exact_sieve,0.0,,
shell,9,18,shell,2.0,equal,8,3,28,3.0,10.5,0,efficient,outside_schedule_domain,,,,,3.934599999411148e-05,unavailable,,,
shell,9,18,shell,2.0,equal,8,3,28,3.0,10.5,0,borda,ok,5.0,1.7747688986804908,0.022720988485869675,1.1470129282507922,0.001751591000015651,published_global_clipped_borda,0.0,,
shell,9,19,shell,2.0,equal,8,3,28,3.0,10.5,0,pl,ok,2.0,1.562854271946132,0.0,,0.001357047999988481,hunter_mm,,43.0,2.1741275446629515e-11
shell,9,19,shell,2.0,equal,8,3,28,3.0,10.5,0,mle,ok,6.0,1.6688279120562228,0.1059736401100908,0.6617844044760891,0.0024960969999767713,exact_subset_dp,,,
shell,9,19,shell,2.0,equal,8,3,28,3.0,10.5,0,sharp,ok,2.0,1.6070955367757627,0.044241264829630644,0.48304091257642995,0.0019308140000191543,exact_sieve,0.0,,
shell,9,19,shell,2.0,equal,8,3,28,3.0,10.5,0,efficient,outside_schedule_domain,,,,,3.598500001089633e-05,unavailable,,,
shell,9,19,shell,2.0,equal,8,3,28,3.0,10.5,0,borda,ok,3.0,1.6127447676629045,0.04989049571677251,0.5705796667792838,0.0014530759999900056,published_global_clipped_borda,0.0,,
shell,9,20,shell,2.0,equal,8,3,28,3.0,10.5,0,pl,ok,6.0,2.0436413820781003,0.0,,0.0025420489999987694,hunter_mm,,95.0,3.593791930711632e-11
shell,9,20,shell,2.0,equal,8,3,28,3.0,10.5,0,mle,ok,4.0,1.7756123386660403,-0.26802904341206,1.2820987754788464,0.002964721000012105,exact_subset_dp,,,
shell,9,20,shell,2.0,equal,8,3,28,3.0,10.5,0,sharp,ok,8.0,1.7519309627101358,-0.2917104193679645,0.8589084084290807,0.0020423230000119474,exact_sieve,0.0,,
shell,9,20,shell,2.0,equal,8,3,28,3.0,10.5,0,efficient,outside_schedule_domain,,,,,3.568799999698058e-05,unavailable,,,
shell,9,20,shell,2.0,equal,8,3,28,3.0,10.5,0,borda,ok,6.0,1.7927526215135805,-0.2508887605645198,1.0844293045104068,0.001968894000015098,published_global_clipped_borda,0.0,,
shell,9,21,shell,2.0,equal,8,3,28,3.0,10.5,0,pl,ok,3.0,1.726353137690463,0.0,,0.002888909000006379,hunter_mm,,109.0,2.5086599464430037e-11
shell,9,21,shell,2.0,equal,8,3,28,3.0,10.5,0,mle,ok,2.0,1.6376467797943257,-0.08870635789613734,1.2127529326707367,0.0031517859999894426,exact_subset_dp,,,
shell,9,21,shell,2.0,equal,8,3,28,3.0,10.5,0,sharp,ok,8.0,1.7459034486187859,0.019550310928322823,0.6156729370132851,0.0020964529999787374,exact_sieve,0.0,,
shell,9,21,shell,2.0,equal,8,3,28,3.0,10.5,0,efficient,outside_schedule_domain,,,,,3.516300000683259e-05,unavailable,,,
shell,9,21,shell,2.0,equal,8,3,28,3.0,10.5,0,borda,ok,2.0,1.6212158356634776,-0.10513730202698546,1.1470129282507922,0.001806693000020232,published_global_clipped_borda,0.0,,
shell,9,22,shell,2.0,equal,8,3,28,3.0,10.5,0,pl,ok,6.0,1.6271012302416497,0.0,,0.0016254609999748482,hunter_mm,,53.0,1.4090950628542487e-11
shell,9,22,shell,2.0,equal,8,3,28,3.0,10.5,0,mle,ok,2.0,1.5912497678120323,-0.03585146242961734,0.8074398347256734,0.002787576999992325,exact_subset_dp,,,
shell,9,22,shell,2.0,equal,8,3,28,3.0,10.5,0,sharp,ok,4.0,1.62546089110733,-0.0016403391343196017,0.5705796667792838,0.002200001999995038,exact_sieve,0.0,,
shell,9,22,shell,2.0,equal,8,3,28,3.0,10.5,0,efficient,outside_schedule_domain,,,,,4.055200000152581e-05,unavailable,,,
shell,9,22,shell,2.0,equal,8,3,28,3.0,10.5,0,borda,ok,7.0,1.6881782985124234,0.06107706827077375,0.5264006135801002,0.0015084970000032172,published_global_clipped_borda,0.0,,
shell,9,23,shell,2.0,equal,8,3,28,3.0,10.5,0,pl,ok,2.0,1.53593102802937,0.0,,0.0018226870000148665,hunter_mm,,63.0,3.5330024620147273e-11
shell,9,23,shell,2.0,equal,8,3,28,3.0,10.5,0,mle,ok,1.0,1.5900472980117761,0.05411626998240604,1.0844293045104068,0.0031419789999915793,exact_subset_dp,,,
shell,9,23,shell,2.0,equal,8,3,28,3.0,10.5,0,sharp,ok,7.0,1.7183985323047386,0.1824675042753685,0.7090287388626768,0.0020427559999802725,exact_sieve,0.0,,
shell,9,23,shell,2.0,equal,8,3,28,3.0,10.5,0,efficient,outside_schedule_domain,,,,,3.4530999982962385e-05,unavailable,,,
shell,9,23,shell,2.0,equal,8,3,28,3.0,10.5,0,borda,ok,2.0,1.6013440497728701,0.06541302174350005,1.0246248379567524,0.0018015209999759918,published_global_clipped_borda,0.0,,
shell,9,24,shell,2.0,equal,8,3,28,3.0,10.5,0,pl,ok,2.0,1.5424879510076708,0.0,,0.002044930000010936,hunter_mm,,65.0,2.891807428438499e-11
shell,9,24,shell,2.0,equal,8,3,28,3.0,10.5,0,mle,ok,5.0,1.741758654758637,0.19927070375096623,1.0844293045104068,0.0031343469999853824,exact_subset_dp,,,
shell,9,24,shell,2.0,equal,8,3,28,3.0,10.5,0,sharp,ok,10.0,1.7847583317604534,0.24227038075278262,0.5705796667792838,0.00220221999998671,exact_sieve,0.0,,
shell,9,24,shell,2.0,equal,8,3,28,3.0,10.5,0,efficient,outside_schedule_domain,,,,,3.945100002056279e-05,unavailable,,,
shell,9,24,shell,2.0,equal,8,3,28,3.0,10.5,0,borda,ok,1.0,1.5706271404813301,0.028139189473659343,1.0246248379567524,0.0017619840000122622,published_global_clipped_borda,0.0,,
shell,9,25,shell,2.0,equal,8,3,28,3.0,10.5,0,pl,ok,3.0,1.6706493892330756,0.0,,0.0017910720000031688,hunter_mm,,62.0,9.99581370056798e-12
shell,9,25,shell,2.0,equal,8,3,28,3.0,10.5,0,mle,ok,4.0,1.6720546966159595,0.0014053073828839135,0.9121196566486348,0.0025576489999821206,exact_subset_dp,,,
shell,9,25,shell,2.0,equal,8,3,28,3.0,10.5,0,sharp,ok,9.0,1.7810480118803307,0.11039862264725508,0.39843792971796577,0.002127373999996962,exact_sieve,0.0,,
shell,9,25,shell,2.0,equal,8,3,28,3.0,10.5,0,efficient,outside_schedule_domain,,,,,3.753199999323442e-05,unavailable,,,
shell,9,25,shell,2.0,equal,8,3,28,3.0,10.5,0,borda,ok,4.0,1.648493428559724,-0.022155960673351682,0.757533184154752,0.001325619999988703,published_global_clipped_borda,0.0,,
shell,9,26,shell,2.0,equal,8,3,28,3.0,10.5,0,pl,ok,4.0,1.6173896190245045,0.0,,0.001948916999992889,hunter_mm,,67.0,2.4985664331162686e-11
shell,9,26,shell,2.0,equal,8,3,28,3.0,10.5,0,mle,ok,3.0,1.7206855667557022,0.10329594773119766,1.2820987754788464,0.0029664260000004106,exact_subset_dp,,,
shell,9,26,shell,2.0,equal,8,3,28,3.0,10.5,0,sharp,ok,10.0,1.7619895806276937,0.14459996160318922,0.48304091257642995,0.0019235849999859056,exact_sieve,0.0,,
shell,9,26,shell,2.0,equal,8,3,28,3.0,10.5,0,efficient,outside_schedule_domain,,,,,3.7013999985902046e-05,unavailable,,,
shell,9,26,shell,2.0,equal,8,3,28,3.0,10.5,0,borda,ok,3.0,1.648702376673857,0.031312757649352596,1.0844293045104068,0.001910888999987037,published_global_clipped_borda,0.0,,
shell,9,27,shell,2.0,equal,8,3,28,3.0,10.5,0,pl,ok,1.0,1.531017998301238,0.0,,0.0016346369999951094,hunter_mm,,53.0,1.5894904440269133e-11
shell,9,27,shell,2.0,equal,8,3,28,3.0,10.5,0,mle,ok,1.0,1.59127872140788,0.0602607231066421,1.1470129282507922,0.002942092000012053,exact_subset_dp,,,
shell,9,27,shell,2.0,equal,8,3,28,3.0,10.5,0,sharp,ok,9.0,1.8182114935206584,0.2871934952194204,0.6617844044760891,0.0019902100000024348,exact_sieve,0.0,,
shell,9,27,shell,2.0,equal,8,3,28,3.0,10.5,0,efficient,outside_schedule_domain,,,,,3.7093999992521276e-05,unavailable,,,
shell,9,27,shell,2.0,equal,8,3,28,3.0,10.5,0,borda,ok,2.0,1.5929578917331795,0.061939893431941506,0.9121196566486348,0.0013236529999858249,published_global_clipped_borda,0.0,,
shell,9,28,shell,2.0,equal,8,3,28,3.0,10.5,0,pl,ok,3.0,1.713258820954005,0.0,,0.0023407649999853675,hunter_mm,,85.0,3.197937153182855e-11
shell,9,28,shell,2.0,equal,8,3,28,3.0,10.5,0,mle,ok,3.0,1.8288039499804438,0.11554512902643888,1.5178272565961248,0.002926378000012164,exact_subset_dp,,,
shell,9,28,shell,2.0,equal,8,3,28,3.0,10.5,0,sharp,ok,11.0,1.9073454421931313,0.19408662123912634,0.757533184154752,0.0021219209999969735,exact_sieve,0.0,,
shell,9,28,shell,2.0,equal,8,3,28,3.0,10.5,0,efficient,outside_schedule_domain,,,,,4.1322999976500796e-05,unavailable,,,
shell,9,28,shell,2.0,equal,8,3,28,3.0,10.5,0,borda,ok,4.0,1.7384636259221633,0.025204804968158356,1.2820987754788464,0.0018225700000016332,published_global_clipped_borda,0.0,,
shell,9,29,shell,2.0,equal,8,3,28,3.0,10.5,0,pl,ok,3.0,1.5725480974096215,0.0,,0.0021343070000057196,hunter_mm,,64.0,1.879721775058637e-11
shell,9,29,shell,2.0,equal,8,3,28,3.0,10.5,0,mle,ok,4.0,1.7131553748219313,0.14060727741230972,1.0844293045104068,0.0031726670000011836,exact_subset_dp,,,
shell,9,29,shell,2.0,equal,8,3,28,3.0,10.5,0,sharp,ok,9.0,1.7502435327690082,0.1776954353593867,0.6156729370132851,0.0021465400000124646,exact_sieve,0.0,,
shell,9,29,shell,2.0,equal,8,3,28,3.0,10.5,0,efficient,outside_schedule_domain,,,,,3.9614000002075045e-05,unavailable,,,
shell,9,29,shell,2.0,equal,8,3,28,3.0,10.5,0,borda,ok,3.0,1.6041646433115553,0.031616545901933746,0.9121196566486348,0.0013539569999920786,published_global_clipped_borda,0.0,,
shell,9,30,shell,2.0,equal,8,3,28,3.0,10.5,0,pl,ok,4.0,1.6362228688196192,0.0,,0.002337011000008715,hunter_mm,,84.0,2.8894220349684474e-11
shell,9,30,shell,2.0,equal,8,3,28,3.0,10.5,0,mle,ok,2.0,1.7027715984896556,0.06654872967003644,1.355592246167523,0.0029836020000004737,exact_subset_dp,,,
shell,9,30,shell,2.0,equal,8,3,28,3.0,10.5,0,sharp,ok,5.0,1.6765033766646598,0.04028050784504056,0.8074398347256734,0.002053016999980173,exact_sieve,0.0,,
shell,9,30,shell,2.0,equal,8,3,28,3.0,10.5,0,efficient,outside_schedule_domain,,,,,3.513899997642511e-05,unavailable,,,
shell,9,30,shell,2.0,equal,8,3,28,3.0,10.5,0,borda,ok,6.0,1.7344235921096438,0.0982007232900246,1.0844293045104068,0.0019015789999912158,published_global_clipped_borda,0.0,,
shell,9,31,shell,2.0,equal,8,3,28,3.0,10.5,0,pl,ok,4.0,1.891653241605718,0.0,,0.003903718999993089,hunter_mm,,155.0,2.4138913090610004e-11
shell,9,31,shell,2.0,equal,8,3,28,3.0,10.5,0,mle,ok,5.0,1.8643844050282343,-0.02726883657748358,1.2820987754788464,0.0029920560000107344,exact_subset_dp,,,
shell,9,31,shell,2.0,equal,8,3,28,3.0,10.5,0,sharp,ok,6.0,1.7343297615144393,-0.1573234800912786,0.8074398347256734,0.0021482039999796143,exact_sieve,0.0,,
shell,9,31,shell,2.0,equal,8,3,28,3.0,10.5,0,efficient,outside_schedule_domain,,,,,3.80549999761115e-05,unavailable,,,
shell,9,31,shell,2.0,equal,8,3,28,3.0,10.5,0,borda,ok,3.0,1.680487456848784,-0.21116578475693393,1.1470129282507922,0.0017960589999859167,published_global_clipped_borda,0.0,,
shell,9,32,shell,2.0,equal,8,3,28,3.0,10.5,0,pl,ok,2.0,1.6390681278122525,0.0,,0.002752431999994087,hunter_mm,,103.0,3.559026089711941e-11
shell,9,32,shell,2.0,equal,8,3,28,3.0,10.5,0,mle,ok,4.0,1.707282010180667,0.06821388236841441,1.1470129282507922,0.002981968000000279,exact_subset_dp,,,
shell,9,32,shell,2.0,equal,8,3,28,3.0,10.5,0,sharp,ok,11.0,1.8231558171690132,0.18408768935676068,0.7090287388626768,0.0020597170000087317,exact_sieve,0.0,,
shell,9,32,shell,2.0,equal,8,3,28,3.0,10.5,0,efficient,outside_schedule_domain,,,,,3.529700001081437e-05,unavailable,,,
shell,9,32,shell,2.0,equal,8,3,28,3.0,10.5,0,borda,ok,3.0,1.6530878524745527,0.01401972466230017,1.0844293045104068,0.001935086000003139,published_global_clipped_borda,0.0,,
shell,9,33,shell,2.0,equal,8,3,28,3.0,10.5,0,pl,no_unique_finite_mle,,,,,0.00027104500000518783,hunter_mm,,,
shell,9,33,shell,2.0,equal,8,3,28,3.0,10.5,0,mle,ok,7.0,1.9990865221617993,,1.355592246167523,0.0029644469999823286,exact_subset_dp,,,
shell,9,33,shell,2.0,equal,8,3,28,3.0,10.5,0,sharp,ok,7.0,1.7740615363139964,,0.8589084084290807,0.0020369400000106452,exact_sieve,0.0,,
shell,9,33,shell,2.0,equal,8,3,28,3.0,10.5,0,efficient,outside_schedule_domain,,,,,3.6159000018187726e-05,unavailable,,,
shell,9,33,shell,2.0,equal,8,3,28,3.0,10.5,0,borda,ok,7.0,1.8412495097462878,,1.0246248379567524,0.00179237300000068,published_global_clipped_borda,0.0,,
shell,9,34,shell,2.0,equal,8,3,28,3.0,10.5,0,pl,ok,2.0,1.5564158854001215,0.0,,0.0019226080000009915,hunter_mm,,67.0,2.4173932696872467e-11
shell,9,34,shell,2.0,equal,8,3,28,3.0,10.5,0,mle,ok,5.0,1.6770388807210854,0.12062299532096388,0.9672795990261153,0.0024936889999764844,exact_subset_dp,,,
shell,9,34,shell,2.0,equal,8,3,28,3.0,10.5,0,sharp,ok,8.0,1.7107456166817698,0.15432973128164829,0.39843792971796577,0.002051155000003746,exact_sieve,0.0,,
shell,9,34,shell,2.0,equal,8,3,28,3.0,10.5,0,efficient,outside_schedule_domain,,,,,3.66790000043693e-05,unavailable,,,
shell,9,34,shell,2.0,equal,8,3,28,3.0,10.5,0,borda,ok,2.0,1.56607211884934,0.00965623344921851,0.757533184154752,0.0013526310000031572,published_global_clipped_borda,0.0,,
shell,9,35,shell,2.0,equal,8,3,28,3.0,10.5,0,pl,ok,3.0,1.5439308998705772,0.0,,0.0019030649999933757,hunter_mm,,64.0,2.636849468932009e-11
shell,9,35,shell,2.0,equal,8,3,28,3.0,10.5,0,mle,ok,5.0,1.6729065210689371,0.12897562119835992,0.8589084084290807,0.0026685169999893787,exact_subset_dp,,,
shell,9,35,shell,2.0,equal,8,3,28,3.0,10.5,0,sharp,ok,9.0,1.7214084090354185,0.17747750916484129,0.44041348850630796,0.0020461810000256264,exact_sieve,0.0,,
shell,9,35,shell,2.0,equal,8,3,28,3.0,10.5,0,efficient,outside_schedule_domain,,,,,3.5373000002891786e-05,unavailable,,,
shell,9,35,shell,2.0,equal,8,3,28,3.0,10.5,0,borda,ok,3.0,1.5804886407014636,0.036557740830886365,0.7090287388626768,0.001487005000001318,published_global_clipped_borda,0.0,,
shell,9,36,shell,2.0,equal,8,3,28,3.0,10.5,0,pl,ok,6.0,1.7396954982580435,0.0,,0.002214932000015324,hunter_mm,,80.0,1.646720854913448e-11
shell,9,36,shell,2.0,equal,8,3,28,3.0,10.5,0,mle,ok,2.0,1.7306684706559492,-0.009027027602094284,1.355592246167523,0.0029690930000185745,exact_subset_dp,,,
shell,9,36,shell,2.0,equal,8,3,28,3.0,10.5,0,sharp,ok,5.0,1.6534852200363528,-0.0862102782216907,0.7090287388626768,0.002049197999980379,exact_sieve,0.0,,
shell,9,36,shell,2.0,equal,8,3,28,3.0,10.5,0,efficient,outside_schedule_domain,,,,,3.62579999944046e-05,unavailable,,,
shell,9,36,shell,2.0,equal,8,3,28,3.0,10.5,0,borda,ok,5.0,1.7939410658124355,0.05424556755439203,1.2127529326707367,0.0018932319999862557,published_global_clipped_borda,0.0,,
shell,9,37,shell,2.0,equal,8,3,28,3.0,10.5,0,pl,ok,3.0,1.8648901662223982,0.0,,0.0030013939999946615,hunter_mm,,115.0,1.0523201357922777e-11
shell,9,37,shell,2.0,equal,8,3,28,3.0,10.5,0,mle,ok,2.0,1.7074242947196936,-0.15746587150270464,1.4338950196876177,0.0029300760000126047,exact_subset_dp,,,
shell,9,37,shell,2.0,equal,8,3,28,3.0,10.5,0,sharp,ok,4.0,1.7105482504110205,-0.15434191581137768,1.2127529326707367,0.002459493999992901,exact_sieve,0.0,,
shell,9,37,shell,2.0,equal,8,3,28,3.0,10.5,0,efficient,outside_schedule_domain,,,,,3.6502999989806995e-05,unavailable,,,
shell,9,37,shell,2.0,equal,8,3,28,3.0,10.5,0,borda,ok,3.0,1.766172197072796,-0.09871796914960229,1.4338950196876177,0.0018259969999974146,published_global_clipped_borda,0.0,,
shell,9,38,shell,2.0,equal,8,3,28,3.0,10.5,0,pl,ok,1.0,1.6583724476195691,0.0,,0.0019021559999998772,hunter_mm,,66.0,2.939972075312523e-11
shell,9,38,shell,2.0,equal,8,3,28,3.0,10.5,0,mle,ok,2.0,1.6264572141729092,-0.03191523344665992,1.0246248379567524,0.0029549539999891294,exact_subset_dp,,,
shell,9,38,shell,2.0,equal,8,3,28,3.0,10.5,0,sharp,ok,7.0,1.7256955113685284,0.06732306374895924,0.7090287388626768,0.0020440899999982776,exact_sieve,0.0,,
shell,9,38,shell,2.0,equal,8,3,28,3.0,10.5,0,efficient,outside_schedule_domain,,,,,3.882299998281269e-05,unavailable,,,
shell,9,38,shell,2.0,equal,8,3,28,3.0,10.5,0,borda,ok,2.0,1.5991933546740096,-0.059179092945559564,0.9121196566486348,0.001333827999985715,published_global_clipped_borda,0.0,,
shell,9,39,shell,2.0,equal,8,3,28,3.0,10.5,0,pl,ok,2.0,1.5822506576884545,0.0,,0.002194733000010274,hunter_mm,,79.0,2.7242335371673628e-11
shell,9,39,shell,2.0,equal,8,3,28,3.0,10.5,0,mle,ok,1.0,1.5725122921768733,-0.009738365511581248,1.0844293045104068,0.003080678000003445,exact_subset_dp,,,
shell,9,39,shell,2.0,equal,8,3,28,3.0,10.5,0,sharp,ok,11.0,1.7636682955848229,0.18141763789636833,0.31614842415667943,0.0020590359999914654,exact_sieve,0.0,,
shell,9,39,shell,2.0,equal,8,3,28,3.0,10.5,0,efficient,outside_schedule_domain,,,,,3.438900000674039e-05,unavailable,,,
shell,9,39,shell,2.0,equal,8,3,28,3.0,10.5,0,borda,ok,3.0,1.6013659014595998,0.019115243771145263,0.9672795990261153,0.0013266269999974156,published_global_clipped_borda,0.0,,
shell,10,0,shell,2.0,equal,8,3,112,12.0,42.0,0,pl,ok,1.0,1.5518828435730487,0.0,,0.0024916579999967325,hunter_mm,,71.0,2.6326464817673566e-11
shell,10,0,shell,2.0,equal,8,3,112,12.0,42.0,0,mle,ok,1.0,1.5682575281670075,0.016374684593958744,1.0100693875885711,0.0031166570000209504,exact_subset_dp,,,
shell,10,0,shell,2.0,equal,8,3,112,12.0,42.0,0,sharp,ok,3.0,1.598566209081516,0.0466833655084673,0.757533184154752,0.003518743000000768,exact_sieve,0.0,,
shell,10,0,shell,2.0,equal,8,3,112,12.0,42.0,0,efficient,outside_schedule_domain,,,,,6.264099999953032e-05,unavailable,,,
shell,10,0,shell,2.0,equal,8,3,112,12.0,42.0,0,borda,ok,1.0,1.562792380837934,0.010909537264885305,0.9121196566486348,0.0013636639999958788,published_global_clipped_borda,0.0,,
shell,10,1,shell,2.0,equal,8,3,112,12.0,42.0,0,pl,ok,2.0,1.548176593212926,0.0,,0.0021684769999978926,hunter_mm,,60.0,3.502468156771751e-11
shell,10,1,shell,2.0,equal,8,3,112,12.0,42.0,0,mle,ok,2.0,1.5883335130213088,0.04015691980838265,0.99566290138276,0.0026119640000104027,exact_subset_dp,,,
shell,10,1,shell,2.0,equal,8,3,112,12.0,42.0,0,sharp,ok,6.0,1.7083231327637067,0.16014653955078062,0.8201538760195531,0.0034125829999993584,exact_sieve,0.0,,
shell,10,1,shell,2.0,equal,8,3,112,12.0,42.0,0,efficient,outside_schedule_domain,,,,,5.4067000007762545e-05,unavailable,,,
shell,10,1,shell,2.0,equal,8,3,112,12.0,42.0,0,borda,ok,3.0,1.602708173703486,0.05453158049055995,0.9394420412429931,0.0015018980000149895,published_global_clipped_borda,0.0,,
shell,10,2,shell,2.0,equal,8,3,112,12.0,42.0,0,pl,ok,1.0,1.5110464107753834,0.0,,0.0017779549999943356,hunter_mm,,47.0,1.9364002464986438e-11
shell,10,2,shell,2.0,equal,8,3,112,12.0,42.0,0,mle,ok,1.0,1.5438988113029604,0.032852400527576986,0.7210314373934753,0.0027215020000141976,exact_subset_dp,,,
shell,10,2,shell,2.0,equal,8,3,112,12.0,42.0,0,sharp,ok,6.0,1.676593219996283,0.1655468092208996,0.5594530460875712,0.003489099999995915,exact_sieve,0.0,,
shell,10,2,shell,2.0,equal,8,3,112,12.0,42.0,0,efficient,outside_schedule_domain,,,,,5.756799998835049e-05,unavailable,,,
shell,10,2,shell,2.0,equal,8,3,112,12.0,42.0,0,borda,ok,1.0,1.5438988113029604,0.032852400527576986,0.7210314373934753,0.0015403209999931278,published_global_clipped_borda,0.0,,
shell,10,3,shell,2.0,equal,8,3,112,12.0,42.0,0,pl,ok,1.0,1.532863451770069,0.0,,0.002099022000010109,hunter_mm,,59.0,2.2736479365903506e-11
shell,10,3,shell,2.0,equal,8,3,112,12.0,42.0,0,mle,ok,1.0,1.5508968825259348,0.01803343075586583,0.8458853458049513,0.002653207000008706,exact_subset_dp,,,
shell,10,3,shell,2.0,equal,8,3,112,12.0,42.0,0,sharp,ok,8.0,1.7347894734687024,0.20192602169863338,0.4938089074013421,0.003434288000022434,exact_sieve,0.0,,
shell,10,3,shell,2.0,equal,8,3,112,12.0,42.0,0,efficient,outside_schedule_domain,,,,,4.8286000009056806e-05,unavailable,,,
shell,10,3,shell,2.0,equal,8,3,112,12.0,42.0,0,borda,ok,2.0,1.575725866429514,0.04286241465944496,0.8201538760195531,0.0013631520000103592,published_global_clipped_borda,0.0,,
shell,10,4,shell,2.0,equal,8,3,112,12.0,42.0,0,pl,ok,1.0,1.527213545888801,0.0,,0.0014935450000166384,hunter_mm,,38.0,1.1705620599806415e-11
shell,10,4,shell,2.0,equal,8,3,112,12.0,42.0,0,mle,ok,4.0,1.5913438498484465,0.06413030395964547,0.7090287388626768,0.0026227609999978085,exact_subset_dp,,,
shell,10,4,shell,2.0,equal,8,3,112,12.0,42.0,0,sharp,ok,3.0,1.5734197325605397,0.0462061866717387,0.685257329800172,0.0035000220000256377,exact_sieve,0.0,,
shell,10,4,shell,2.0,equal,8,3,112,12.0,42.0,0,efficient,outside_schedule_domain,,,,,4.822800002557415e-05,unavailable,,,
shell,10,4,shell,2.0,equal,8,3,112,12.0,42.0,0,borda,ok,2.0,1.56899875419731,0.04178520830850907,0.6385945001665354,0.0013151489999927435,published_global_clipped_borda,0.0,,
shell,10,5,shell,2.0,equal,8,3,112,12.0,42.0,0,pl,ok,2.0,1.5479286773147534,0.0,,0.0017882409999856463,hunter_mm,,48.0,2.301790504231706e-11
shell,10,5,shell,2.0,equal,8,3,112,12.0,42.0,0,mle,ok,4.0,1.641237371723501,0.09330869440874756,0.8201538760195531,0.002526123000023972,exact_subset_dp,,,
shell,10,5,shell,2.0,equal,8,3,112,12.0,42.0,0,sharp,ok,3.0,1.58977880452521,0.041850127210456556,0.8074398347256734,0.0034623199999828103,exact_sieve,0.0,,
shell,10,5,shell,2.0,equal,8,3,112,12.0,42.0,0,efficient,outside_schedule_domain,,,,,4.9358000012489356e-05,unavailable,,,
shell,10,5,shell,2.0,equal,8,3,112,12.0,42.0,0,borda,ok,3.0,1.5894648625737344,0.04153618525898106,0.7452814445194086,0.0015163010000094346,published_global_clipped_borda,0.0,,
shell,10,6,shell,2.0,equal,8,3,112,12.0,42.0,0,pl,ok,1.0,1.5157671252989287,0.0,,0.002048782999992227,hunter_mm,,53.0,2.5335352863261764e-11
shell,10,6,shell,2.0,equal,8,3,112,12.0,42.0,0,mle,ok,1.0,1.5424523036436346,0.026685178344705962,0.7948233114465767,0.0026542100000028768,exact_subset_dp,,,
shell,10,6,shell,2.0,equal,8,3,112,12.0,42.0,0,sharp,ok,3.0,1.6015094808990744,0.08574235560014576,0.7948233114465767,0.0035251359999790566,exact_sieve,0.0,,
shell,10,6,shell,2.0,equal,8,3,112,12.0,42.0,0,efficient,outside_schedule_domain,,,,,5.0409000010631644e-05,unavailable,,,
shell,10,6,shell,2.0,equal,8,3,112,12.0,42.0,0,borda,ok,2.0,1.565943350567255,0.050176225268326435,0.7331149445745953,0.0015604419999988295,published_global_clipped_borda,0.0,,
shell,10,7,shell,2.0,equal,8,3,112,12.0,42.0,0,pl,ok,2.0,1.5516410193640726,0.0,,0.002291440000021794,hunter_mm,,66.0,2.821698430466313e-11
shell,10,7,shell,2.0,equal,8,3,112,12.0,42.0,0,mle,ok,3.0,1.622198315784978,0.07055729642090536,0.99566290138276,0.0028266589999930147,exact_subset_dp,,,
shell,10,7,shell,2.0,equal,8,3,112,12.0,42.0,0,sharp,ok,4.0,1.6443812331966914,0.09274021383261877,0.9121196566486348,0.003484589000009919,exact_sieve,0.0,,
shell,10,7,shell,2.0,equal,8,3,112,12.0,42.0,0,efficient,outside_schedule_domain,,,,,5.141899998761801e-05,unavailable,,,
shell,10,7,shell,2.0,equal,8,3,112,12.0,42.0,0,borda,ok,1.0,1.5603324226817714,0.008691403317698798,0.981401033651984,0.0013866040000038993,published_global_clipped_borda,0.0,,
shell,10,8,shell,2.0,equal,8,3,112,12.0,42.0,0,pl,ok,5.0,1.567310387120723,0.0,,0.002001420999988568,hunter_mm,,55.0,2.0779758865988438e-11
shell,10,8,shell,2.0,equal,8,3,112,12.0,42.0,0,mle,ok,4.0,1.6346435521273428,0.06733316500661979,0.8458853458049513,0.0026939189999950486,exact_subset_dp,,,
shell,10,8,shell,2.0,equal,8,3,112,12.0,42.0,0,sharp,ok,4.0,1.6054487260014125,0.038138338880689515,0.7331149445745953,0.003318339000003334,exact_sieve,0.0,,
shell,10,8,shell,2.0,equal,8,3,112,12.0,42.0,0,efficient,outside_schedule_domain,,,,,4.901000002632827e-05,unavailable,,,
shell,10,8,shell,2.0,equal,8,3,112,12.0,42.0,0,borda,ok,5.0,1.6591905169766368,0.09188012985591376,0.7948233114465767,0.001524345000007088,published_global_clipped_borda,0.0,,
shell,10,9,shell,2.0,equal,8,3,112,12.0,42.0,0,pl,ok,2.0,1.5276842255308267,0.0,,0.001971974000014143,hunter_mm,,53.0,1.9645047493505833e-11
shell,10,9,shell,2.0,equal,8,3,112,12.0,42.0,0,mle,ok,3.0,1.6173937533951397,0.08970952786431297,0.8458853458049513,0.0026793140000052063,exact_subset_dp,,,
shell,10,9,shell,2.0,equal,8,3,112,12.0,42.0,0,sharp,ok,6.0,1.6586002386530256,0.13091601312219892,0.7698724759713074,0.0033921120000002247,exact_sieve,0.0,,
shell,10,9,shell,2.0,equal,8,3,112,12.0,42.0,0,efficient,outside_schedule_domain,,,,,4.680300000359239e-05,unavailable,,,
shell,10,9,shell,2.0,equal,8,3,112,12.0,42.0,0,borda,ok,1.0,1.5468848766941194,0.019200651163292726,0.7331149445745953,0.0013867170000025908,published_global_clipped_borda,0.0,,
shell,10,10,shell,2.0,equal,8,3,112,12.0,42.0,0,pl,ok,2.0,1.5269452579118763,0.0,,0.001737604999988207,hunter_mm,,46.0,1.3353223289007993e-11
shell,10,10,shell,2.0,equal,8,3,112,12.0,42.0,0,mle,ok,1.0,1.5519104078929828,0.02496514998110655,0.7331149445745953,0.002513196999984757,exact_subset_dp,,,
shell,10,10,shell,2.0,equal,8,3,112,12.0,42.0,0,sharp,ok,4.0,1.6453900450169243,0.11844478710504802,0.5483819891258543,0.0033758820000002743,exact_sieve,0.0,,
shell,10,10,shell,2.0,equal,8,3,112,12.0,42.0,0,efficient,outside_schedule_domain,,,,,4.947099998275917e-05,unavailable,,,
shell,10,10,shell,2.0,equal,8,3,112,12.0,42.0,0,borda,ok,3.0,1.5887291350531085,0.061783877141232235,0.7090287388626768,0.0015380920000040987,published_global_clipped_borda,0.0,,
shell,10,11,shell,2.0,equal,8,3,112,12.0,42.0,0,pl,ok,4.0,1.5373326884705443,0.0,,0.0015618649999851186,hunter_mm,,39.0,1.9928820498600023e-11
shell,10,11,shell,2.0,equal,8,3,112,12.0,42.0,0,mle,ok,3.0,1.5732576028309309,0.035924914360386584,0.7698724759713074,0.0025080220000006648,exact_subset_dp,,,
shell,10,11,shell,2.0,equal,8,3,112,12.0,42.0,0,sharp,ok,5.0,1.6508192206202439,0.11348653214969961,0.6734845421971655,0.003514921999993703,exact_sieve,0.0,,
shell,10,11,shell,2.0,equal,8,3,112,12.0,42.0,0,efficient,outside_schedule_domain,,,,,5.1549000005479684e-05,unavailable,,,
shell,10,11,shell,2.0,equal,8,3,112,12.0,42.0,0,borda,ok,5.0,1.6193774101675804,0.08204472169703614,0.7698724759713074,0.0013965329999905407,published_global_clipped_borda,0.0,,
shell,10,12,shell,2.0,equal,8,3,112,12.0,42.0,0,pl,ok,4.0,1.5574012821812526,0.0,,0.0015554240000028585,hunter_mm,,39.0,2.2274880352922212e-11
shell,10,12,shell,2.0,equal,8,3,112,12.0,42.0,0,mle,ok,2.0,1.5635762117491396,0.006174929567887011,0.6501550097881424,0.00290803100000403,exact_subset_dp,,,
shell,10,12,shell,2.0,equal,8,3,112,12.0,42.0,0,sharp,ok,7.0,1.6704963931055175,0.11309511092426483,0.5483819891258543,0.003317199000008486,exact_sieve,0.0,,
shell,10,12,shell,2.0,equal,8,3,112,12.0,42.0,0,efficient,outside_schedule_domain,,,,,4.844200000775345e-05,unavailable,,,
shell,10,12,shell,2.0,equal,8,3,112,12.0,42.0,0,borda,ok,6.0,1.641289501733377,0.08388821955212444,0.5817633816848975,0.001518148000002384,published_global_clipped_borda,0.0,,
shell,10,13,shell,2.0,equal,8,3,112,12.0,42.0,0,pl,ok,2.0,1.5149175980980731,0.0,,0.00207606899999746,hunter_mm,,57.0,2.8628210912984287e-11
shell,10,13,shell,2.0,equal,8,3,112,12.0,42.0,0,mle,ok,2.0,1.568411853844425,0.053494255746351804,0.8986426795612205,0.0025430949999929453,exact_subset_dp,,,
shell,10,13,shell,2.0,equal,8,3,112,12.0,42.0,0,sharp,ok,1.0,1.554544641935672,0.03962704383759896,0.8986426795612205,0.003325065000012728,exact_sieve,0.0,,
shell,10,13,shell,2.0,equal,8,3,112,12.0,42.0,0,efficient,outside_schedule_domain,,,,,4.8152000005075024e-05,unavailable,,,
shell,10,13,shell,2.0,equal,8,3,112,12.0,42.0,0,borda,ok,3.0,1.5845759710518341,0.06965837295376098,0.7823017009175557,0.0013675939999870934,published_global_clipped_borda,0.0,,
shell,10,14,shell,2.0,equal,8,3,112,12.0,42.0,0,pl,ok,1.0,1.519125054373694,0.0,,0.0018761329999961163,hunter_mm,,49.0,1.5249896583619763e-11
shell,10,14,shell,2.0,equal,8,3,112,12.0,42.0,0,mle,ok,3.0,1.6029189097076522,0.08379385533395811,0.8201538760195531,0.002547679000002745,exact_subset_dp,,,
shell,10,14,shell,2.0,equal,8,3,112,12.0,42.0,0,sharp,ok,7.0,1.6912908997610705,0.17216584538737645,0.6271010645696942,0.00353392099998473,exact_sieve,0.0,,
shell,10,14,shell,2.0,equal,8,3,112,12.0,42.0,0,efficient,outside_schedule_domain,,,,,4.5746000012059085e-05,unavailable,,,
shell,10,14,shell,2.0,equal,8,3,112,12.0,42.0,0,borda,ok,1.0,1.5424523036436346,0.023327249269940564,0.7948233114465767,0.0015438430000074277,published_global_clipped_borda,0.0,,
shell,10,15,shell,2.0,equal,8,3,112,12.0,42.0,0,pl,ok,2.0,1.532414386101397,0.0,,0.0017302650000203812,hunter_mm,,45.0,2.057928430839898e-11
shell,10,15,shell,2.0,equal,8,3,112,12.0,42.0,0,mle,ok,5.0,1.6769549214421704,0.14454053534077338,0.8458853458049513,0.0026717860000076143,exact_subset_dp,,,
shell,10,15,shell,2.0,equal,8,3,112,12.0,42.0,0,sharp,ok,6.0,1.701116879890526,0.16870249378912905,0.6501550097881424,0.003340301999998019,exact_sieve,0.0,,
shell,10,15,shell,2.0,equal,8,3,112,12.0,42.0,0,efficient,outside_schedule_domain,,,,,4.9791000009236086e-05,unavailable,,,
shell,10,15,shell,2.0,equal,8,3,112,12.0,42.0,0,borda,ok,2.0,1.5637805097541972,0.031366123652800226,0.7948233114465767,0.0015059190000101808,published_global_clipped_borda,0.0,,
shell,10,16,shell,2.0,equal,8,3,112,12.0,42.0,0,pl,ok,2.0,1.5185594993367906,0.0,,0.0016869549999967148,hunter_mm,,45.0,1.7828912949166156e-11
shell,10,16,shell,2.0,equal,8,3,112,12.0,42.0,0,mle,ok,3.0,1.6000971568729936,0.08153765753620301,0.7090287388626768,0.0026616730000057487,exact_subset_dp,,,
shell,10,16,shell,2.0,equal,8,3,112,12.0,42.0,0,sharp,ok,7.0,1.7128985044718443,0.19433900513505376,0.4510061953818934,0.0035802969999849665,exact_sieve,0.0,,
shell,10,16,shell,2.0,equal,8,3,112,12.0,42.0,0,efficient,outside_schedule_domain,,,,,5.129400000214446e-05,unavailable,,,
shell,10,16,shell,2.0,equal,8,3,112,12.0,42.0,0,borda,ok,2.0,1.574288959187709,0.05572945985091837,0.6156729370132851,0.001497884000002614,published_global_clipped_borda,0.0,,
shell,10,17,shell,2.0,equal,8,3,112,12.0,42.0,0,pl,ok,1.0,1.5118088499892592,0.0,,0.0017489919999889025,hunter_mm,,46.0,2.4992325669310437e-11
shell,10,17,shell,2.0,equal,8,3,112,12.0,42.0,0,mle,ok,0.0,1.53434902919603,0.02254017920677076,0.832968122258636,0.0025318939999863233,exact_subset_dp,,,
shell,10,17,shell,2.0,equal,8,3,112,12.0,42.0,0,sharp,ok,3.0,1.574178160065422,0.062369310076162865,0.697104725066857,0.003552452999997513,exact_sieve,0.0,,
shell,10,17,shell,2.0,equal,8,3,112,12.0,42.0,0,efficient,outside_schedule_domain,,,,,5.08159999981217e-05,unavailable,,,
shell,10,17,shell,2.0,equal,8,3,112,12.0,42.0,0,borda,ok,2.0,1.5637805097541972,0.051971659764938005,0.7948233114465767,0.0014912750000064534,published_global_clipped_borda,0.0,,
shell,10,18,shell,2.0,equal,8,3,112,12.0,42.0,0,pl,ok,3.0,1.5452140447536462,0.0,,0.001665255999995452,hunter_mm,,43.0,1.4244224847256452e-11
shell,10,18,shell,2.0,equal,8,3,112,12.0,42.0,0,mle,ok,2.0,1.5652465430990747,0.02003249834542853,0.6617844044760891,0.0025463019999847347,exact_subset_dp,,,
shell,10,18,shell,2.0,equal,8,3,112,12.0,42.0,0,sharp,ok,2.0,1.5728456183435888,0.027631573589942615,0.6385945001665354,0.003365978000005043,exact_sieve,0.0,,
shell,10,18,shell,2.0,equal,8,3,112,12.0,42.0,0,efficient,outside_schedule_domain,,,,,4.800700000373581e-05,unavailable,,,
shell,10,18,shell,2.0,equal,8,3,112,12.0,42.0,0,borda,ok,3.0,1.5866006587467512,0.04138661399310495,0.6501550097881424,0.0013416479999932562,published_global_clipped_borda,0.0,,
shell,10,19,shell,2.0,equal,8,3,112,12.0,42.0,0,pl,ok,1.0,1.5070609852979422,0.0,,0.0016356649999806905,hunter_mm,,42.0,1.6054459349236693e-11
shell,10,19,shell,2.0,equal,8,3,112,12.0,42.0,0,mle,ok,1.0,1.5432318805853145,0.03617089528737227,0.832968122258636,0.0026255249999849184,exact_subset_dp,,,
shell,10,19,shell,2.0,equal,8,3,112,12.0,42.0,0,sharp,ok,2.0,1.5611377513168643,0.054076766018922084,0.7210314373934753,0.003461500999975442,exact_sieve,0.0,,
shell,10,19,shell,2.0,equal,8,3,112,12.0,42.0,0,efficient,outside_schedule_domain,,,,,4.50830000033875e-05,unavailable,,,
shell,10,19,shell,2.0,equal,8,3,112,12.0,42.0,0,borda,ok,0.0,1.534078038367582,0.027017053069639863,0.7823017009175557,0.0013464820000024247,published_global_clipped_borda,0.0,,
shell,10,20,shell,2.0,equal,8,3,112,12.0,42.0,0,pl,ok,1.0,1.527845056021607,0.0,,0.0020456489999958194,hunter_mm,,57.0,2.3394746457532686e-11
shell,10,20,shell,2.0,equal,8,3,112,12.0,42.0,0,mle,ok,1.0,1.588352865250256,0.06050780922864907,1.0998010083445606,0.0031263059999844245,exact_subset_dp,,,
shell,10,20,shell,2.0,equal,8,3,112,12.0,42.0,0,sharp,ok,1.0,1.5645099226192238,0.03666486659761681,1.0100693875885711,0.0037324009999792906,exact_sieve,0.0,,
shell,10,20,shell,2.0,equal,8,3,112,12.0,42.0,0,efficient,outside_schedule_domain,,,,,4.8733999989281074e-05,unavailable,,,
shell,10,20,shell,2.0,equal,8,3,112,12.0,42.0,0,borda,ok,1.0,1.588352865250256,0.06050780922864907,1.0998010083445606,0.0017845190000116418,published_global_clipped_borda,0.0,,
shell,10,21,shell,2.0,equal,8,3,112,12.0,42.0,0,pl,ok,1.0,1.5291453823442351,0.0,,0.001971665000013445,hunter_mm,,54.0,1.7908404917729317e-11
shell,10,21,shell,2.0,equal,8,3,112,12.0,42.0,0,mle,ok,1.0,1.5429862808749328,0.013840898530697698,0.7452814445194086,0.0027871570000002066,exact_subset_dp,,,
shell,10,21,shell,2.0,equal,8,3,112,12.0,42.0,0,sharp,ok,6.0,1.6884636729235494,0.15931829057931424,0.5705796667792838,0.0034981440000194652,exact_sieve,0.0,,
shell,10,21,shell,2.0,equal,8,3,112,12.0,42.0,0,efficient,outside_schedule_domain,,,,,5.093600000805054e-05,unavailable,,,
shell,10,21,shell,2.0,equal,8,3,112,12.0,42.0,0,borda,ok,3.0,1.5871757674884241,0.05803038514418901,0.6156729370132851,0.0014635150000117392,published_global_clipped_borda,0.0,,
shell,10,22,shell,2.0,equal,8,3,112,12.0,42.0,0,pl,ok,3.0,1.5169389943691574,0.0,,0.0016928040000152578,hunter_mm,,46.0,1.0044409748388716e-11
shell,10,22,shell,2.0,equal,8,3,112,12.0,42.0,0,mle,ok,3.0,1.5958979539875426,0.07895895961838528,0.8201538760195531,0.002558738999994148,exact_subset_dp,,,
shell,10,22,shell,2.0,equal,8,3,112,12.0,42.0,0,sharp,ok,3.0,1.5958979539875426,0.07895895961838528,0.8201538760195531,0.0032992750000175874,exact_sieve,0.0,,
shell,10,22,shell,2.0,equal,8,3,112,12.0,42.0,0,efficient,outside_schedule_domain,,,,,4.730400002017632e-05,unavailable,,,
shell,10,22,shell,2.0,equal,8,3,112,12.0,42.0,0,borda,ok,4.0,1.6069801272831494,0.09004113291399207,0.7331149445745953,0.0014088859999787928,published_global_clipped_borda,0.0,,
shell,10,23,shell,2.0,equal,8,3,112,12.0,42.0,0,pl,ok,3.0,1.571874652151304,0.0,,0.0019995420000213926,hunter_mm,,55.0,2.7539367611747625e-11
shell,10,23,shell,2.0,equal,8,3,112,12.0,42.0,0,mle,ok,3.0,1.6166096037523408,0.04473495160103669,0.9672795990261153,0.0025042319999784013,exact_subset_dp,,,
shell,10,23,shell,2.0,equal,8,3,112,12.0,42.0,0,sharp,ok,4.0,1.6361449801198302,0.06427032796852616,0.9394420412429931,0.003496857000016007,exact_sieve,0.0,,
shell,10,23,shell,2.0,equal,8,3,112,12.0,42.0,0,efficient,outside_schedule_domain,,,,,4.87410000005184e-05,unavailable,,,
shell,10,23,shell,2.0,equal,8,3,112,12.0,42.0,0,borda,ok,2.0,1.5671044118925315,-0.004770240258772596,0.8852839704922475,0.001335686999993868,published_global_clipped_borda,0.0,,
shell,10,24,shell,2.0,equal,8,3,112,12.0,42.0,0,pl,ok,2.0,1.5513034810377826,0.0,,0.001970452999984218,hunter_mm,,55.0,1.9049396980465515e-11
shell,10,24,shell,2.0,equal,8,3,112,12.0,42.0,0,mle,ok,2.0,1.569495508601942,0.018192027564159385,0.8589084084290807,0.0026328970000122354,exact_subset_dp,,,
shell,10,24,shell,2.0,equal,8,3,112,12.0,42.0,0,sharp,ok,6.0,1.6634216758830456,0.11211819484526298,0.8074398347256734,0.0034119009999926675,exact_sieve,0.0,,
shell,10,24,shell,2.0,equal,8,3,112,12.0,42.0,0,efficient,outside_schedule_domain,,,,,4.450199998018434e-05,unavailable,,,
shell,10,24,shell,2.0,equal,8,3,112,12.0,42.0,0,borda,ok,3.0,1.602591532049254,0.05128805101147149,0.8074398347256734,0.0015112739999949554,published_global_clipped_borda,0.0,,
shell,10,25,shell,2.0,equal,8,3,112,12.0,42.0,0,pl,ok,2.0,1.5389657622888993,0.0,,0.0016513219999865214,hunter_mm,,43.0,1.646454401387538e-11
shell,10,25,shell,2.0,equal,8,3,112,12.0,42.0,0,mle,ok,2.0,1.5703251149162085,0.03135935262730927,0.7698724759713074,0.002539769999998498,exact_subset_dp,,,
shell,10,25,shell,2.0,equal,8,3,112,12.0,42.0,0,sharp,ok,5.0,1.6373029024981989,0.09833714020929962,0.48304091257642995,0.0035438860000169825,exact_sieve,0.0,,
shell,10,25,shell,2.0,equal,8,3,112,12.0,42.0,0,efficient,outside_schedule_domain,,,,,5.240000001549561e-05,unavailable,,,
shell,10,25,shell,2.0,equal,8,3,112,12.0,42.0,0,borda,ok,2.0,1.5703251149162085,0.03135935262730927,0.7698724759713074,0.0014197689999946306,published_global_clipped_borda,0.0,,
shell,10,26,shell,2.0,equal,8,3,112,12.0,42.0,0,pl,ok,1.0,1.518835615567236,0.0,,0.0016465930000038043,hunter_mm,,41.0,1.9432963175144582e-11
shell,10,26,shell,2.0,equal,8,3,112,12.0,42.0,0,mle,ok,3.0,1.6025496778111603,0.0837140622439243,0.6734845421971655,0.0025318790000028457,exact_subset_dp,,,
shell,10,26,shell,2.0,equal,8,3,112,12.0,42.0,0,sharp,ok,9.0,1.7546062340892155,0.23577061852197945,0.3570395237671002,0.003474871999998186,exact_sieve,0.0,,
shell,10,26,shell,2.0,equal,8,3,112,12.0,42.0,0,efficient,outside_schedule_domain,,,,,4.913600000122642e-05,unavailable,,,
shell,10,26,shell,2.0,equal,8,3,112,12.0,42.0,0,borda,ok,1.0,1.561531347211373,0.04269573164413698,0.6156729370132851,0.0015057560000002468,published_global_clipped_borda,0.0,,
shell,10,27,shell,2.0,equal,8,3,112,12.0,42.0,0,pl,ok,2.0,1.5102832755077946,0.0,,0.0017619890000162286,hunter_mm,,48.0,2.3940785861701184e-11
shell,10,27,shell,2.0,equal,8,3,112,12.0,42.0,0,mle,ok,3.0,1.5812941183435216,0.071010842835727,0.8720402655126755,0.0026862909999749718,exact_subset_dp,,,
shell,10,27,shell,2.0,equal,8,3,112,12.0,42.0,0,sharp,ok,3.0,1.5854321963521891,0.0751489208443945,0.8074398347256734,0.003420304000002261,exact_sieve,0.0,,
shell,10,27,shell,2.0,equal,8,3,112,12.0,42.0,0,efficient,outside_schedule_domain,,,,,4.775699997594529e-05,unavailable,,,
shell,10,27,shell,2.0,equal,8,3,112,12.0,42.0,0,borda,ok,1.0,1.5432318805853145,0.032948605077519844,0.832968122258636,0.0013530969999919762,published_global_clipped_borda,0.0,,
shell,10,28,shell,2.0,equal,8,3,112,12.0,42.0,0,pl,ok,2.0,1.5161890170893348,0.0,,0.0017440780000015366,hunter_mm,,45.0,1.881136516398588e-11
shell,10,28,shell,2.0,equal,8,3,112,12.0,42.0,0,mle,ok,1.0,1.552391835786429,0.036202818697094186,0.9121196566486348,0.00270860000000539,exact_subset_dp,,,
shell,10,28,shell,2.0,equal,8,3,112,12.0,42.0,0,sharp,ok,0.0,1.5383166567941942,0.022127639704859314,0.9121196566486348,0.003285207000004675,exact_sieve,0.0,,
shell,10,28,shell,2.0,equal,8,3,112,12.0,42.0,0,efficient,outside_schedule_domain,,,,,4.904900001179158e-05,unavailable,,,
shell,10,28,shell,2.0,equal,8,3,112,12.0,42.0,0,borda,ok,2.0,1.575383358843532,0.05919434175419713,0.8589084084290807,0.0014862950000065211,published_global_clipped_borda,0.0,,
shell,10,29,shell,2.0,equal,8,3,112,12.0,42.0,0,pl,ok,3.0,1.5622900716323047,0.0,,0.0016660420000107479,hunter_mm,,43.0,2.40188821213191e-11
shell,10,29,shell,2.0,equal,8,3,112,12.0,42.0,0,mle,ok,3.0,1.5930143490889899,0.030724277456685156,0.7823017009175557,0.0025536529999783397,exact_subset_dp,,,
shell,10,29,shell,2.0,equal,8,3,112,12.0,42.0,0,sharp,ok,5.0,1.6359309204654513,0.07364084883314659,0.6385945001665354,0.0033166200000209756,exact_sieve,0.0,,
shell,10,29,shell,2.0,equal,8,3,112,12.0,42.0,0,efficient,outside_schedule_domain,,,,,4.5961000012084696e-05,unavailable,,,
shell,10,29,shell,2.0,equal,8,3,112,12.0,42.0,0,borda,ok,3.0,1.5930143490889899,0.030724277456685156,0.7823017009175557,0.0012931729999934305,published_global_clipped_borda,0.0,,
shell,10,30,shell,2.0,equal,8,3,112,12.0,42.0,0,pl,ok,1.0,1.5196855138967662,0.0,,0.001731787000011309,hunter_mm,,43.0,1.835224036231661e-11
shell,10,30,shell,2.0,equal,8,3,112,12.0,42.0,0,mle,ok,3.0,1.6052498490755722,0.08556433517880602,0.8201538760195531,0.002524846000000025,exact_subset_dp,,,
shell,10,30,shell,2.0,equal,8,3,112,12.0,42.0,0,sharp,ok,4.0,1.6119624377038764,0.09227692380711017,0.6271010645696942,0.0035255230000075244,exact_sieve,0.0,,
shell,10,30,shell,2.0,equal,8,3,112,12.0,42.0,0,efficient,outside_schedule_domain,,,,,4.428500000130953e-05,unavailable,,,
shell,10,30,shell,2.0,equal,8,3,112,12.0,42.0,0,borda,ok,2.0,1.5595717771994755,0.03988626330270928,0.757533184154752,0.001313140999997131,published_global_clipped_borda,0.0,,
shell,10,31,shell,2.0,equal,8,3,112,12.0,42.0,0,pl,ok,3.0,1.5243667367629914,0.0,,0.0018376289999935125,hunter_mm,,51.0,2.7756463794048614e-11
shell,10,31,shell,2.0,equal,8,3,112,12.0,42.0,0,mle,ok,2.0,1.567837415885617,0.04347067912262559,0.8720402655126755,0.002739005999984556,exact_subset_dp,,,
shell,10,31,shell,2.0,equal,8,3,112,12.0,42.0,0,sharp,ok,4.0,1.6062633022009412,0.08189656543794976,0.7823017009175557,0.0032854149999934634,exact_sieve,0.0,,
shell,10,31,shell,2.0,equal,8,3,112,12.0,42.0,0,efficient,outside_schedule_domain,,,,,4.6112000006814924e-05,unavailable,,,
shell,10,31,shell,2.0,equal,8,3,112,12.0,42.0,0,borda,ok,4.0,1.6016461164658191,0.07727937970282772,0.8074398347256734,0.0015402880000010555,published_global_clipped_borda,0.0,,
shell,10,32,shell,2.0,equal,8,3,112,12.0,42.0,0,pl,ok,0.0,1.551625896286993,0.0,,0.002245620999985931,hunter_mm,,67.0,3.918795446874615e-11
shell,10,32,shell,2.0,equal,8,3,112,12.0,42.0,0,mle,ok,1.0,1.5623466446045668,0.010720748317573747,0.99566290138276,0.0025091349999968315,exact_subset_dp,,,
shell,10,32,shell,2.0,equal,8,3,112,12.0,42.0,0,sharp,ok,5.0,1.6359309204654513,0.0843050241784582,0.6385945001665354,0.003370662000008906,exact_sieve,0.0,,
shell,10,32,shell,2.0,equal,8,3,112,12.0,42.0,0,efficient,outside_schedule_domain,,,,,4.94090000131564e-05,unavailable,,,
shell,10,32,shell,2.0,equal,8,3,112,12.0,42.0,0,borda,ok,1.0,1.565865470258132,0.014239573971138952,0.9394420412429931,0.0015030790000025718,published_global_clipped_borda,0.0,,
shell,10,33,shell,2.0,equal,8,3,112,12.0,42.0,0,pl,ok,3.0,1.5322743295696502,0.0,,0.0016730760000029932,hunter_mm,,43.0,2.431661221586572e-11
shell,10,33,shell,2.0,equal,8,3,112,12.0,42.0,0,mle,ok,3.0,1.5887291350531085,0.05645480548345838,0.7090287388626768,0.0026354969999999867,exact_subset_dp,,,
shell,10,33,shell,2.0,equal,8,3,112,12.0,42.0,0,sharp,ok,6.0,1.6376069960122615,0.1053326664426113,0.5930057567449797,0.0035024539999994886,exact_sieve,0.0,,
shell,10,33,shell,2.0,equal,8,3,112,12.0,42.0,0,efficient,outside_schedule_domain,,,,,4.714099998182064e-05,unavailable,,,
shell,10,33,shell,2.0,equal,8,3,112,12.0,42.0,0,borda,ok,4.0,1.596142060467681,0.06386773089803088,0.6734845421971655,0.0013947049999956107,published_global_clipped_borda,0.0,,
shell,10,34,shell,2.0,equal,8,3,112,12.0,42.0,0,pl,ok,2.0,1.539248551927051,0.0,,0.002007703999993282,hunter_mm,,55.0,2.5412116855250133e-11
shell,10,34,shell,2.0,equal,8,3,112,12.0,42.0,0,mle,ok,2.0,1.5654009286537576,0.026152376726706672,0.8589084084290807,0.0027277469999944515,exact_subset_dp,,,
shell,10,34,shell,2.0,equal,8,3,112,12.0,42.0,0,sharp,ok,6.0,1.6657578438657128,0.1265092919386619,0.7823017009175557,0.0034185770000192406,exact_sieve,0.0,,
shell,10,34,shell,2.0,equal,8,3,112,12.0,42.0,0,efficient,outside_schedule_domain,,,,,5.230700000424804e-05,unavailable,,,
shell,10,34,shell,2.0,equal,8,3,112,12.0,42.0,0,borda,ok,2.0,1.554492499245619,0.015243947318568152,0.7823017009175557,0.001381242999997312,published_global_clipped_borda,0.0,,
shell,10,35,shell,2.0,equal,8,3,112,12.0,42.0,0,pl,ok,2.0,1.54108949797289,0.0,,0.001608797000017148,hunter_mm,,41.0,2.3364294626000107e-11
shell,10,35,shell,2.0,equal,8,3,112,12.0,42.0,0,mle,ok,4.0,1.6109705531233418,0.06988105515045184,0.8589084084290807,0.00267281499998262,exact_subset_dp,,,
shell,10,35,shell,2.0,equal,8,3,112,12.0,42.0,0,sharp,ok,4.0,1.6129182280958418,0.07182873012295188,0.7090287388626768,0.0035779400000137684,exact_sieve,0.0,,
shell,10,35,shell,2.0,equal,8,3,112,12.0,42.0,0,efficient,outside_schedule_domain,,,,,5.177799999955823e-05,unavailable,,,
shell,10,35,shell,2.0,equal,8,3,112,12.0,42.0,0,borda,ok,2.0,1.5671413417111084,0.02605184373821845,0.7823017009175557,0.0013433480000060172,published_global_clipped_borda,0.0,,
shell,10,36,shell,2.0,equal,8,3,112,12.0,42.0,0,pl,ok,2.0,1.5310421120768205,0.0,,0.0016348469999911686,hunter_mm,,44.0,1.8178791805212313e-11
shell,10,36,shell,2.0,equal,8,3,112,12.0,42.0,0,mle,ok,3.0,1.574206665685077,0.04316455360825655,0.7948233114465767,0.0026889269999799126,exact_subset_dp,,,
shell,10,36,shell,2.0,equal,8,3,112,12.0,42.0,0,sharp,ok,6.0,1.6830988068794093,0.15205669480258877,0.4193490187149717,0.003483098999993217,exact_sieve,0.0,,
shell,10,36,shell,2.0,equal,8,3,112,12.0,42.0,0,efficient,outside_schedule_domain,,,,,5.2971000002344226e-05,unavailable,,,
shell,10,36,shell,2.0,equal,8,3,112,12.0,42.0,0,borda,ok,2.0,1.554717449224332,0.023675337147511577,0.7948233114465767,0.0015063449999956902,published_global_clipped_borda,0.0,,
shell,10,37,shell,2.0,equal,8,3,112,12.0,42.0,0,pl,ok,3.0,1.5391704405026634,0.0,,0.0016106519999823377,hunter_mm,,41.0,1.7414323951113276e-11
shell,10,37,shell,2.0,equal,8,3,112,12.0,42.0,0,mle,ok,3.0,1.5727050792829265,0.03353463878026308,0.7210314373934753,0.0025954219999846373,exact_subset_dp,,,
shell,10,37,shell,2.0,equal,8,3,112,12.0,42.0,0,sharp,ok,3.0,1.5925864561666287,0.053416015663965366,0.6501550097881424,0.003315409000009595,exact_sieve,0.0,,
shell,10,37,shell,2.0,equal,8,3,112,12.0,42.0,0,efficient,outside_schedule_domain,,,,,4.586399998629531e-05,unavailable,,,
shell,10,37,shell,2.0,equal,8,3,112,12.0,42.0,0,borda,ok,3.0,1.5823960988950183,0.043225658392354926,0.685257329800172,0.0015223700000035478,published_global_clipped_borda,0.0,,
shell,10,38,shell,2.0,equal,8,3,112,12.0,42.0,0,pl,ok,3.0,1.5793169045490936,0.0,,0.0020154240000067603,hunter_mm,,56.0,3.157601164665331e-11
shell,10,38,shell,2.0,equal,8,3,112,12.0,42.0,0,mle,ok,1.0,1.5596947294972243,-0.01962217505186925,1.0100693875885711,0.003070745000002262,exact_subset_dp,,,
shell,10,38,shell,2.0,equal,8,3,112,12.0,42.0,0,sharp,ok,4.0,1.6010725566642283,0.02175565211513475,0.8589084084290807,0.0036175840000112203,exact_sieve,0.0,,
shell,10,38,shell,2.0,equal,8,3,112,12.0,42.0,0,efficient,outside_schedule_domain,,,,,4.937999997878251e-05,unavailable,,,
shell,10,38,shell,2.0,equal,8,3,112,12.0,42.0,0,borda,ok,3.0,1.5902797181238928,0.010962813574799224,0.9532945643782407,0.0016008519999957116,published_global_clipped_borda,0.0,,
shell,10,39,shell,2.0,equal,8,3,112,12.0,42.0,0,pl,ok,2.0,1.5380052085063927,0.0,,0.0024327079999864054,hunter_mm,,70.0,2.6371920520367506e-11
shell,10,39,shell,2.0,equal,8,3,112,12.0,42.0,0,mle,ok,3.0,1.6390126601286454,0.10100745162225278,1.0246248379567524,0.003017688999989332,exact_subset_dp,,,
shell,10,39,shell,2.0,equal,8,3,112,12.0,42.0,0,sharp,ok,1.0,1.5615932900990868,0.0235880815926941,0.9394420412429931,0.0036370580000095742,exact_sieve,0.0,,
shell,10,39,shell,2.0,equal,8,3,112,12.0,42.0,0,efficient,outside_schedule_domain,,,,,4.928200002041194e-05,unavailable,,,
shell,10,39,shell,2.0,equal,8,3,112,12.0,42.0,0,borda,ok,2.0,1.5934622618189476,0.055457053312554905,1.0246248379567524,0.001777342999986331,published_global_clipped_borda,0.0,,
shell,11,0,shell,2.0,equal,8,3,448,48.0,168.0,0,pl,ok,1.0,1.5093450844764695,0.0,,0.0026242760000059207,hunter_mm,,43.0,1.7232057051127672e-11
shell,11,0,shell,2.0,equal,8,3,448,48.0,168.0,0,mle,ok,1.0,1.5468848766941194,0.037539792217649914,0.7331149445745953,0.0026648550000061277,exact_subset_dp,,,
shell,11,0,shell,2.0,equal,8,3,448,48.0,168.0,0,sharp,ok,2.0,1.5701986248662219,0.060853540389752325,0.7060404403986011,0.010903231000014557,exact_sieve,0.0,,
shell,11,0,shell,2.0,equal,8,3,448,48.0,168.0,0,efficient,outside_schedule_domain,,,,,8.0499999995709e-05,unavailable,,,
shell,11,0,shell,2.0,equal,8,3,448,48.0,168.0,0,borda,ok,1.0,1.554335777250322,0.04499069277385237,0.7090287388626768,0.0016030380000131572,published_global_clipped_borda,0.0,,
shell,11,1,shell,2.0,equal,8,3,448,48.0,168.0,0,pl,ok,1.0,1.5050176761839464,0.0,,0.002852243000006638,hunter_mm,,50.0,1.5494082207721606e-11
shell,11,1,shell,2.0,equal,8,3,448,48.0,168.0,0,mle,ok,0.0,1.535945955754581,0.030928279570634487,0.8753405845218964,0.0026252040000258603,exact_subset_dp,,,
shell,11,1,shell,2.0,equal,8,3,448,48.0,168.0,0,sharp,ok,1.0,1.5441753444465423,0.03915766826259581,0.8556425603777551,0.010549639999993587,exact_sieve,0.0,,
shell,11,1,shell,2.0,equal,8,3,448,48.0,168.0,0,efficient,outside_schedule_domain,,,,,8.219400001507893e-05,unavailable,,,
shell,11,1,shell,2.0,equal,8,3,448,48.0,168.0,0,borda,ok,2.0,1.5571713439340444,0.052153667750098,0.852383464765803,0.0016913230000170643,published_global_clipped_borda,0.0,,
shell,11,2,shell,2.0,equal,8,3,448,48.0,168.0,0,pl,ok,1.0,1.501937401075622,0.0,,0.0025953820000097494,hunter_mm,,43.0,2.1525511531958077e-11
shell,11,2,shell,2.0,equal,8,3,448,48.0,168.0,0,mle,ok,0.0,1.5339762321498367,0.03203883107421479,0.7948233114465767,0.0028240139999979874,exact_subset_dp,,,
shell,11,2,shell,2.0,equal,8,3,448,48.0,168.0,0,sharp,ok,1.0,1.546144614849576,0.0442072137739542,0.7791858305831347,0.01083113799998614,exact_sieve,0.0,,
shell,11,2,shell,2.0,equal,8,3,448,48.0,168.0,0,efficient,outside_schedule_domain,,,,,7.966600000486324e-05,unavailable,,,
shell,11,2,shell,2.0,equal,8,3,448,48.0,168.0,0,borda,ok,1.0,1.5424300876118575,0.04049268653623561,0.7791858305831347,0.0014257630000145127,published_global_clipped_borda,0.0,,
shell,11,3,shell,2.0,equal,8,3,448,48.0,168.0,0,pl,ok,0.0,1.5004918549248858,0.0,,0.0028233599999794023,hunter_mm,,49.0,2.09330330847024e-11
shell,11,3,shell,2.0,equal,8,3,448,48.0,168.0,0,mle,ok,0.0,1.534705341684307,0.03421348675942126,0.8458853458049513,0.002750832000003811,exact_subset_dp,,,
shell,11,3,shell,2.0,equal,8,3,448,48.0,168.0,0,sharp,ok,3.0,1.5889379377728505,0.08844608284796474,0.776075695237584,0.010704144000015958,exact_sieve,0.0,,
shell,11,3,shell,2.0,equal,8,3,448,48.0,168.0,0,efficient,outside_schedule_domain,,,,,7.87439999783146e-05,unavailable,,,
shell,11,3,shell,2.0,equal,8,3,448,48.0,168.0,0,borda,ok,0.0,1.534705341684307,0.03421348675942126,0.8458853458049513,0.0015734520000023622,published_global_clipped_borda,0.0,,
shell,11,4,shell,2.0,equal,8,3,448,48.0,168.0,0,pl,ok,0.0,1.5015081417712453,0.0,,0.00255509100000495,hunter_mm,,43.0,2.1703908511686418e-11
shell,11,4,shell,2.0,equal,8,3,448,48.0,168.0,0,mle,ok,2.0,1.5543956806139438,0.05288753884269859,0.7544621327077489,0.0025530140000000756,exact_subset_dp,,,
shell,11,4,shell,2.0,equal,8,3,448,48.0,168.0,0,sharp,ok,2.0,1.5543956806139438,0.05288753884269859,0.7544621327077489,0.01070555200001877,exact_sieve,0.0,,
shell,11,4,shell,2.0,equal,8,3,448,48.0,168.0,0,efficient,outside_schedule_domain,,,,,7.403899999758323e-05,unavailable,,,
shell,11,4,shell,2.0,equal,8,3,448,48.0,168.0,0,borda,ok,1.0,1.5429019500495422,0.04139380827829697,0.7483362990178007,0.0015830410000035045,published_global_clipped_borda,0.0,,
shell,11,5,shell,2.0,equal,8,3,448,48.0,168.0,0,pl,ok,1.0,1.5128986545335348,0.0,,0.0027241090000131862,hunter_mm,,47.0,1.734599765411206e-11
shell,11,5,shell,2.0,equal,8,3,448,48.0,168.0,0,mle,ok,2.0,1.5729423846237331,0.060043730090198366,0.8753405845218964,0.0025948270000242246,exact_subset_dp,,,
shell,11,5,shell,2.0,equal,8,3,448,48.0,168.0,0,sharp,ok,1.0,1.5492342885571226,0.03633563402358786,0.8720402655126755,0.010734710999997787,exact_sieve,0.0,,
shell,11,5,shell,2.0,equal,8,3,448,48.0,168.0,0,efficient,outside_schedule_domain,,,,,7.221199999207784e-05,unavailable,,,
shell,11,5,shell,2.0,equal,8,3,448,48.0,168.0,0,borda,ok,1.0,1.5492342885571226,0.03633563402358786,0.8720402655126755,0.0015551639999955569,published_global_clipped_borda,0.0,,
shell,11,6,shell,2.0,equal,8,3,448,48.0,168.0,0,pl,ok,0.0,1.5021198294698654,0.0,,0.002475174000011293,hunter_mm,,41.0,1.333485702811491e-11
shell,11,6,shell,2.0,equal,8,3,448,48.0,168.0,0,mle,ok,2.0,1.5609178193683915,0.058797989898526026,0.7331149445745953,0.002587320999992926,exact_subset_dp,,,
shell,11,6,shell,2.0,equal,8,3,448,48.0,168.0,0,sharp,ok,3.0,1.5740034318894915,0.0718836024196261,0.7060404403986011,0.01076921699998934,exact_sieve,0.0,,
shell,11,6,shell,2.0,equal,8,3,448,48.0,168.0,0,efficient,outside_schedule_domain,,,,,7.123199998204655e-05,unavailable,,,
shell,11,6,shell,2.0,equal,8,3,448,48.0,168.0,0,borda,ok,1.0,1.5473361054737806,0.0452162760039152,0.7210314373934753,0.0017266779999829396,published_global_clipped_borda,0.0,,
shell,11,7,shell,2.0,equal,8,3,448,48.0,168.0,0,pl,ok,0.0,1.501687414628209,0.0,,0.0027198690000034276,hunter_mm,,47.0,1.7268726131598148e-11
shell,11,7,shell,2.0,equal,8,3,448,48.0,168.0,0,mle,ok,0.0,1.5354639367041938,0.033776522075984694,0.8654605491756215,0.0025893279999991137,exact_subset_dp,,,
shell,11,7,shell,2.0,equal,8,3,448,48.0,168.0,0,sharp,ok,3.0,1.581968016406142,0.08028060177793295,0.7791858305831347,0.010580188999995244,exact_sieve,0.0,,
shell,11,7,shell,2.0,equal,8,3,448,48.0,168.0,0,efficient,outside_schedule_domain,,,,,7.338899999353998e-05,unavailable,,,
shell,11,7,shell,2.0,equal,8,3,448,48.0,168.0,0,borda,ok,0.0,1.5354639367041938,0.033776522075984694,0.8654605491756215,0.0014403449999917939,published_global_clipped_borda,0.0,,
shell,11,8,shell,2.0,equal,8,3,448,48.0,168.0,0,pl,ok,1.0,1.5075292261817073,0.0,,0.002482896999993045,hunter_mm,,41.0,1.658768360763523e-11
shell,11,8,shell,2.0,equal,8,3,448,48.0,168.0,0,mle,ok,2.0,1.5546505593233266,0.04712133314161937,0.791684110769496,0.0027702659999988555,exact_subset_dp,,,
shell,11,8,shell,2.0,equal,8,3,448,48.0,168.0,0,sharp,ok,3.0,1.5884972009572675,0.08096797477556028,0.7331149445745953,0.010434301000003643,exact_sieve,0.0,,
shell,11,8,shell,2.0,equal,8,3,448,48.0,168.0,0,efficient,outside_schedule_domain,,,,,7.72590000224227e-05,unavailable,,,
shell,11,8,shell,2.0,equal,8,3,448,48.0,168.0,0,borda,ok,1.0,1.5461499593990853,0.03862073321737802,0.7823017009175557,0.0014226910000161297,published_global_clipped_borda,0.0,,
shell,11,9,shell,2.0,equal,8,3,448,48.0,168.0,0,pl,ok,1.0,1.5030859626133775,0.0,,0.0026781130000017583,hunter_mm,,44.0,1.5099223458849208e-11
shell,11,9,shell,2.0,equal,8,3,448,48.0,168.0,0,mle,ok,1.0,1.547916151083606,0.04483018847022846,0.8491310752359388,0.0027428079999936017,exact_subset_dp,,,
shell,11,9,shell,2.0,equal,8,3,448,48.0,168.0,0,sharp,ok,2.0,1.5627910651487926,0.05970510253541517,0.8265483022961607,0.01096129600000495,exact_sieve,0.0,,
shell,11,9,shell,2.0,equal,8,3,448,48.0,168.0,0,efficient,outside_schedule_domain,,,,,8.022100001880972e-05,unavailable,,,
shell,11,9,shell,2.0,equal,8,3,448,48.0,168.0,0,borda,ok,0.0,1.534158846723167,0.03107288410978959,0.8233479365601499,0.0016002880000201003,published_global_clipped_borda,0.0,,
shell,11,10,shell,2.0,equal,8,3,448,48.0,168.0,0,pl,ok,0.0,1.5034289421003844,0.0,,0.0028549050000208354,hunter_mm,,49.0,1.6700228501674376e-11
shell,11,10,shell,2.0,equal,8,3,448,48.0,168.0,0,mle,ok,1.0,1.5424778068906217,0.03904886479023739,0.7979684437893203,0.002740418999991334,exact_subset_dp,,,
shell,11,10,shell,2.0,equal,8,3,448,48.0,168.0,0,sharp,ok,0.0,1.5339762321498367,0.030547290049452336,0.7948233114465767,0.01098846100001083,exact_sieve,0.0,,
shell,11,10,shell,2.0,equal,8,3,448,48.0,168.0,0,efficient,outside_schedule_domain,,,,,7.667500000252403e-05,unavailable,,,
shell,11,10,shell,2.0,equal,8,3,448,48.0,168.0,0,borda,ok,0.0,1.5339762321498367,0.030547290049452336,0.7948233114465767,0.0015763940000113053,published_global_clipped_borda,0.0,,
shell,11,11,shell,2.0,equal,8,3,448,48.0,168.0,0,pl,ok,1.0,1.5143589889780351,0.0,,0.003342537999998285,hunter_mm,,60.0,2.8323311949764373e-11
shell,11,11,shell,2.0,equal,8,3,448,48.0,168.0,0,mle,ok,2.0,1.5679134606887866,0.05355447171075145,0.81696607787102,0.002727174000000332,exact_subset_dp,,,
shell,11,11,shell,2.0,equal,8,3,448,48.0,168.0,0,sharp,ok,3.0,1.5779945517179585,0.06363556273992343,0.7513965164149394,0.010475706999983458,exact_sieve,0.0,,
shell,11,11,shell,2.0,equal,8,3,448,48.0,168.0,0,efficient,outside_schedule_domain,,,,,7.449500000689113e-05,unavailable,,,
shell,11,11,shell,2.0,equal,8,3,448,48.0,168.0,0,borda,ok,1.0,1.5494419380467763,0.03508294906874121,0.8074398347256734,0.0015686540000103832,published_global_clipped_borda,0.0,,
shell,11,12,shell,2.0,equal,8,3,448,48.0,168.0,0,pl,ok,1.0,1.5111327058240542,0.0,,0.003209093999998913,hunter_mm,,57.0,3.103485722379316e-11
shell,11,12,shell,2.0,equal,8,3,448,48.0,168.0,0,mle,ok,1.0,1.5499666350016175,0.03883392917756323,0.9325642941415211,0.0027344849999906273,exact_subset_dp,,,
shell,11,12,shell,2.0,equal,8,3,448,48.0,168.0,0,sharp,ok,1.0,1.5499666350016175,0.03883392917756323,0.9325642941415211,0.010554930000012064,exact_sieve,0.0,,
shell,11,12,shell,2.0,equal,8,3,448,48.0,168.0,0,efficient,outside_schedule_domain,,,,,7.429400000091846e-05,unavailable,,,
shell,11,12,shell,2.0,equal,8,3,448,48.0,168.0,0,borda,ok,1.0,1.5499666350016175,0.03883392917756323,0.9325642941415211,0.0015425740000125643,published_global_clipped_borda,0.0,,
shell,11,13,shell,2.0,equal,8,3,448,48.0,168.0,0,pl,ok,0.0,1.5077512553739942,0.0,,0.002952716000010014,hunter_mm,,51.0,1.814091733974367e-11
shell,11,13,shell,2.0,equal,8,3,448,48.0,168.0,0,mle,ok,0.0,1.5373432449374782,0.029591989563483967,0.8986426795612205,0.0025746480000066185,exact_subset_dp,,,
shell,11,13,shell,2.0,equal,8,3,448,48.0,168.0,0,sharp,ok,4.0,1.609070019515217,0.10131876414122276,0.7948233114465767,0.010718263000001116,exact_sieve,0.0,,
shell,11,13,shell,2.0,equal,8,3,448,48.0,168.0,0,efficient,outside_schedule_domain,,,,,7.102400002167997e-05,unavailable,,,
shell,11,13,shell,2.0,equal,8,3,448,48.0,168.0,0,borda,ok,0.0,1.5373432449374782,0.029591989563483967,0.8986426795612205,0.0013486370000066472,published_global_clipped_borda,0.0,,
shell,11,14,shell,2.0,equal,8,3,448,48.0,168.0,0,pl,ok,0.0,1.5029417045845332,0.0,,0.0026845379999826946,hunter_mm,,45.0,1.9833721966376418e-11
shell,11,14,shell,2.0,equal,8,3,448,48.0,168.0,0,mle,ok,2.0,1.5631470836519386,0.06020537906740531,0.832968122258636,0.0025484759999869766,exact_subset_dp,,,
shell,11,14,shell,2.0,equal,8,3,448,48.0,168.0,0,sharp,ok,2.0,1.570267215526615,0.06732551094208183,0.7885508018261497,0.010297587999986035,exact_sieve,0.0,,
shell,11,14,shell,2.0,equal,8,3,448,48.0,168.0,0,efficient,outside_schedule_domain,,,,,6.857200000354169e-05,unavailable,,,
shell,11,14,shell,2.0,equal,8,3,448,48.0,168.0,0,borda,ok,1.0,1.549918987039817,0.04697728245528365,0.8233479365601499,0.0015356730000064545,published_global_clipped_borda,0.0,,
shell,11,15,shell,2.0,equal,8,3,448,48.0,168.0,0,pl,ok,1.0,1.5102633547503517,0.0,,0.002425982999994858,hunter_mm,,40.0,1.865352317054203e-11
shell,11,15,shell,2.0,equal,8,3,448,48.0,168.0,0,mle,ok,1.0,1.544192223369133,0.033928868618781305,0.7150201211726228,0.002605445999989797,exact_subset_dp,,,
shell,11,15,shell,2.0,equal,8,3,448,48.0,168.0,0,sharp,ok,3.0,1.5960125609742062,0.08574920622385451,0.601476996538227,0.010238392000019303,exact_sieve,0.0,,
shell,11,15,shell,2.0,equal,8,3,448,48.0,168.0,0,efficient,outside_schedule_domain,,,,,7.998099999895203e-05,unavailable,,,
shell,11,15,shell,2.0,equal,8,3,448,48.0,168.0,0,borda,ok,2.0,1.5688863381617866,0.058622983411434904,0.6617844044760891,0.0013852980000024218,published_global_clipped_borda,0.0,,
shell,11,16,shell,2.0,equal,8,3,448,48.0,168.0,0,pl,ok,1.0,1.5004021442476434,0.0,,0.0026752470000133144,hunter_mm,,46.0,2.334906871023382e-11
shell,11,16,shell,2.0,equal,8,3,448,48.0,168.0,0,mle,ok,2.0,1.5653924927164653,0.0649903484688219,0.8297550163683275,0.002591674000001376,exact_subset_dp,,,
shell,11,16,shell,2.0,equal,8,3,448,48.0,168.0,0,sharp,ok,2.0,1.5653924927164653,0.0649903484688219,0.8297550163683275,0.01002913700000363,exact_sieve,0.0,,
shell,11,16,shell,2.0,equal,8,3,448,48.0,168.0,0,efficient,outside_schedule_domain,,,,,7.045300000640964e-05,unavailable,,,
shell,11,16,shell,2.0,equal,8,3,448,48.0,168.0,0,borda,ok,1.0,1.5431269328674868,0.04272478861984341,0.8297550163683275,0.0013952440000082333,published_global_clipped_borda,0.0,,
shell,11,17,shell,2.0,equal,8,3,448,48.0,168.0,0,pl,ok,0.0,1.5086223058977422,0.0,,0.002961475999995855,hunter_mm,,52.0,2.1519040517757405e-11
shell,11,17,shell,2.0,equal,8,3,448,48.0,168.0,0,mle,ok,0.0,1.5371199546016048,0.02849764870386262,0.895292044054161,0.002542957999992268,exact_subset_dp,,,
shell,11,17,shell,2.0,equal,8,3,448,48.0,168.0,0,sharp,ok,0.0,1.5371199546016048,0.02849764870386262,0.895292044054161,0.009832618000018556,exact_sieve,0.0,,
shell,11,17,shell,2.0,equal,8,3,448,48.0,168.0,0,efficient,outside_schedule_domain,,,,,6.357099999831917e-05,unavailable,,,
shell,11,17,shell,2.0,equal,8,3,448,48.0,168.0,0,borda,ok,0.0,1.5371199546016048,0.02849764870386262,0.895292044054161,0.001396901999981992,published_global_clipped_borda,0.0,,
shell,11,18,shell,2.0,equal,8,3,448,48.0,168.0,0,pl,ok,1.0,1.5036056863793275,0.0,,0.0024832299999957286,hunter_mm,,42.0,1.8628654174790427e-11
shell,11,18,shell,2.0,equal,8,3,448,48.0,168.0,0,mle,ok,0.0,1.534078038367582,0.030472351988254598,0.7823017009175557,0.0025621139999998377,exact_subset_dp,,,
shell,11,18,shell,2.0,equal,8,3,448,48.0,168.0,0,sharp,ok,3.0,1.5778146009325538,0.07420891455322631,0.7240446541092876,0.010034504000003608,exact_sieve,0.0,,
shell,11,18,shell,2.0,equal,8,3,448,48.0,168.0,0,efficient,outside_schedule_domain,,,,,7.896399998230663e-05,unavailable,,,
shell,11,18,shell,2.0,equal,8,3,448,48.0,168.0,0,borda,ok,1.0,1.5490551515683566,0.04544946518902915,0.7636917388705126,0.0014892959999883715,published_global_clipped_borda,0.0,,
shell,11,19,shell,2.0,equal,8,3,448,48.0,168.0,0,pl,ok,1.0,1.5075595227223126,0.0,,0.0026699810000252455,hunter_mm,,46.0,1.9239784368859805e-11
shell,11,19,shell,2.0,equal,8,3,448,48.0,168.0,0,mle,ok,0.0,1.5348129668854622,0.027253444163149565,0.8491310752359388,0.0027315639999869745,exact_subset_dp,,,
shell,11,19,shell,2.0,equal,8,3,448,48.0,168.0,0,sharp,ok,1.0,1.5428561707000914,0.03529664797777876,0.8201538760195531,0.009935458999990487,exact_sieve,0.0,,
shell,11,19,shell,2.0,equal,8,3,448,48.0,168.0,0,efficient,outside_schedule_domain,,,,,6.819999998697313e-05,unavailable,,,
shell,11,19,shell,2.0,equal,8,3,448,48.0,168.0,0,borda,ok,1.0,1.5468641639427865,0.039304641220473835,0.8233479365601499,0.0015402680000136115,published_global_clipped_borda,0.0,,
shell,11,20,shell,2.0,equal,8,3,448,48.0,168.0,0,pl,ok,2.0,1.5093239328043397,0.0,,0.002608923000025243,hunter_mm,,45.0,1.5686372835586683e-11
shell,11,20,shell,2.0,equal,8,3,448,48.0,168.0,0,mle,ok,1.0,1.546144614849576,0.036820682045236364,0.7791858305831347,0.002593596999986403,exact_subset_dp,,,
shell,11,20,shell,2.0,equal,8,3,448,48.0,168.0,0,sharp,ok,3.0,1.5726790000339272,0.0633550672295875,0.7331149445745953,0.01001142699999491,exact_sieve,0.0,,
shell,11,20,shell,2.0,equal,8,3,448,48.0,168.0,0,efficient,outside_schedule_domain,,,,,6.380199999966862e-05,unavailable,,,
shell,11,20,shell,2.0,equal,8,3,448,48.0,168.0,0,borda,ok,2.0,1.554365749057895,0.0450418162535553,0.7636917388705126,0.0014223189999995611,published_global_clipped_borda,0.0,,
shell,11,21,shell,2.0,equal,8,3,448,48.0,168.0,0,pl,ok,0.0,1.5050027406727797,0.0,,0.002881752999996934,hunter_mm,,51.0,2.1032064978498966e-11
shell,11,21,shell,2.0,equal,8,3,448,48.0,168.0,0,mle,ok,0.0,1.538580258767137,0.033577518094357384,0.9155077734718661,0.002779750000001968,exact_subset_dp,,,
shell,11,21,shell,2.0,equal,8,3,448,48.0,168.0,0,sharp,ok,2.0,1.569836104288262,0.06483336361548231,0.8458853458049513,0.009984241999973165,exact_sieve,0.0,,
shell,11,21,shell,2.0,equal,8,3,448,48.0,168.0,0,efficient,outside_schedule_domain,,,,,7.641300001637319e-05,unavailable,,,
shell,11,21,shell,2.0,equal,8,3,448,48.0,168.0,0,borda,ok,0.0,1.538580258767137,0.033577518094357384,0.9155077734718661,0.0015278680000108125,published_global_clipped_borda,0.0,,
shell,11,22,shell,2.0,equal,8,3,448,48.0,168.0,0,pl,ok,0.0,1.5096500279381444,0.0,,0.0026656710000168005,hunter_mm,,47.0,2.0769354490214807e-11
shell,11,22,shell,2.0,equal,8,3,448,48.0,168.0,0,mle,ok,2.0,1.5671044118925315,0.05745438395438707,0.8852839704922475,0.0025534030000073926,exact_subset_dp,,,
shell,11,22,shell,2.0,equal,8,3,448,48.0,168.0,0,sharp,ok,1.0,1.5499157675365014,0.040265739598357,0.8819623877046637,0.009801649999985784,exact_sieve,0.0,,
shell,11,22,shell,2.0,equal,8,3,448,48.0,168.0,0,efficient,outside_schedule_domain,,,,,6.560799999988376e-05,unavailable,,,
shell,11,22,shell,2.0,equal,8,3,448,48.0,168.0,0,borda,ok,3.0,1.5857736993197804,0.076123671381636,0.8361876637942263,0.0015795759999832626,published_global_clipped_borda,0.0,,
shell,11,23,shell,2.0,equal,8,3,448,48.0,168.0,0,pl,ok,2.0,1.5117558830706805,0.0,,0.0025167419999831964,hunter_mm,,42.0,2.0692717380857826e-11
shell,11,23,shell,2.0,equal,8,3,448,48.0,168.0,0,mle,ok,0.0,1.5342268163024944,0.022470933231813817,0.7729712564241071,0.002703609999997525,exact_subset_dp,,,
shell,11,23,shell,2.0,equal,8,3,448,48.0,168.0,0,sharp,ok,2.0,1.5596258134640575,0.04786993039337695,0.766779315990074,0.009682311000005939,exact_sieve,0.0,,
shell,11,23,shell,2.0,equal,8,3,448,48.0,168.0,0,efficient,outside_schedule_domain,,,,,6.386199999042219e-05,unavailable,,,
shell,11,23,shell,2.0,equal,8,3,448,48.0,168.0,0,borda,ok,2.0,1.566541469549002,0.054785586478321546,0.7361487023127573,0.0015184069999918393,published_global_clipped_borda,0.0,,
shell,11,24,shell,2.0,equal,8,3,448,48.0,168.0,0,pl,ok,1.0,1.5099082196680074,0.0,,0.0029670270000110577,hunter_mm,,52.0,2.1814994255464626e-11
shell,11,24,shell,2.0,equal,8,3,448,48.0,168.0,0,mle,ok,0.0,1.534013255414905,0.024105035746897707,0.7885508018261497,0.002522559999988516,exact_subset_dp,,,
shell,11,24,shell,2.0,equal,8,3,448,48.0,168.0,0,sharp,ok,1.0,1.5531707651493631,0.043262545481355774,0.7606097072789118,0.009512782000001607,exact_sieve,0.0,,
shell,11,24,shell,2.0,equal,8,3,448,48.0,168.0,0,efficient,outside_schedule_domain,,,,,6.575899999461399e-05,unavailable,,,
shell,11,24,shell,2.0,equal,8,3,448,48.0,168.0,0,borda,ok,1.0,1.5424698554003,0.03256163573229265,0.7729712564241071,0.0015176260000089314,published_global_clipped_borda,0.0,,
shell,11,25,shell,2.0,equal,8,3,448,48.0,168.0,0,pl,ok,1.0,1.5068286390850574,0.0,,0.0028982679999955963,hunter_mm,,52.0,2.2664600355223488e-11
shell,11,25,shell,2.0,equal,8,3,448,48.0,168.0,0,mle,ok,1.0,1.5425969184593349,0.03576827937427751,0.8074398347256734,0.002632579999982454,exact_subset_dp,,,
shell,11,25,shell,2.0,equal,8,3,448,48.0,168.0,0,sharp,ok,2.0,1.5641319634000577,0.05730332431500029,0.8042766647277028,0.009288454999989426,exact_sieve,0.0,,
shell,11,25,shell,2.0,equal,8,3,448,48.0,168.0,0,efficient,outside_schedule_domain,,,,,6.220999998163279e-05,unavailable,,,
shell,11,25,shell,2.0,equal,8,3,448,48.0,168.0,0,borda,ok,1.0,1.5425969184593349,0.03576827937427751,0.8074398347256734,0.0014852840000116885,published_global_clipped_borda,0.0,,
shell,11,26,shell,2.0,equal,8,3,448,48.0,168.0,0,pl,ok,0.0,1.5010977263311096,0.0,,0.002406796000002487,hunter_mm,,43.0,1.9188016255254426e-11
shell,11,26,shell,2.0,equal,8,3,448,48.0,168.0,0,mle,ok,0.0,1.5345204726707444,0.03342274633963482,0.7606097072789118,0.0026572870000052262,exact_subset_dp,,,
shell,11,26,shell,2.0,equal,8,3,448,48.0,168.0,0,sharp,ok,2.0,1.5696820879450775,0.06858436161396786,0.7030570268349976,0.009779315999992377,exact_sieve,0.0,,
shell,11,26,shell,2.0,equal,8,3,448,48.0,168.0,0,efficient,outside_schedule_domain,,,,,6.332800001018768e-05,unavailable,,,
shell,11,26,shell,2.0,equal,8,3,448,48.0,168.0,0,borda,ok,0.0,1.5345204726707444,0.03342274633963482,0.7606097072789118,0.0015395119999936924,published_global_clipped_borda,0.0,,
shell,11,27,shell,2.0,equal,8,3,448,48.0,168.0,0,pl,ok,2.0,1.519304125248438,0.0,,0.002341343000011875,hunter_mm,,40.0,2.099361954118909e-11
shell,11,27,shell,2.0,equal,8,3,448,48.0,168.0,0,mle,ok,1.0,1.5473304908208476,0.02802636557240956,0.8361876637942263,0.0026927000000114276,exact_subset_dp,,,
shell,11,27,shell,2.0,equal,8,3,448,48.0,168.0,0,sharp,ok,2.0,1.571618588999315,0.052314463750877005,0.8042766647277028,0.0094869410000058,exact_sieve,0.0,,
shell,11,27,shell,2.0,equal,8,3,448,48.0,168.0,0,efficient,outside_schedule_domain,,,,,6.377600001883366e-05,unavailable,,,
shell,11,27,shell,2.0,equal,8,3,448,48.0,168.0,0,borda,ok,2.0,1.576640673431624,0.05733654818318601,0.8042766647277028,0.0015605550000259427,published_global_clipped_borda,0.0,,
shell,11,28,shell,2.0,equal,8,3,448,48.0,168.0,0,pl,ok,0.0,1.504757750747257,0.0,,0.002956377999993265,hunter_mm,,53.0,2.347893308345712e-11
shell,11,28,shell,2.0,equal,8,3,448,48.0,168.0,0,mle,ok,1.0,1.5611949046053175,0.056437153858060585,0.9359991728966375,0.0025582970000073146,exact_subset_dp,,,
shell,11,28,shell,2.0,equal,8,3,448,48.0,168.0,0,sharp,ok,4.0,1.6101456810495176,0.10538793030226068,0.8011195480346118,0.00941640000002053,exact_sieve,0.0,,
shell,11,28,shell,2.0,equal,8,3,448,48.0,168.0,0,efficient,outside_schedule_domain,,,,,6.342699998640455e-05,unavailable,,,
shell,11,28,shell,2.0,equal,8,3,448,48.0,168.0,0,borda,ok,0.0,1.539716810395296,0.03495905964803914,0.9291373481754092,0.0014785859999904005,published_global_clipped_borda,0.0,,
shell,11,29,shell,2.0,equal,8,3,448,48.0,168.0,0,pl,ok,0.0,1.5083038677433476,0.0,,0.0027709799999797724,hunter_mm,,50.0,1.8662658720001802e-11
shell,11,29,shell,2.0,equal,8,3,448,48.0,168.0,0,mle,ok,0.0,1.5356169242336135,0.02731305649026594,0.8687469364953876,0.002708694000006062,exact_subset_dp,,,
shell,11,29,shell,2.0,equal,8,3,448,48.0,168.0,0,sharp,ok,1.0,1.5545334369368766,0.04622956919352905,0.8621810556555045,0.009652778999992506,exact_sieve,0.0,,
shell,11,29,shell,2.0,equal,8,3,448,48.0,168.0,0,efficient,outside_schedule_domain,,,,,6.292699998766693e-05,unavailable,,,
shell,11,29,shell,2.0,equal,8,3,448,48.0,168.0,0,borda,ok,0.0,1.5356169242336135,0.02731305649026594,0.8687469364953876,0.001566026999995529,published_global_clipped_borda,0.0,,
shell,11,30,shell,2.0,equal,8,3,448,48.0,168.0,0,pl,ok,0.0,1.5043102612002937,0.0,,0.0025943210000036743,hunter_mm,,46.0,1.5981755601452666e-11
shell,11,30,shell,2.0,equal,8,3,448,48.0,168.0,0,mle,ok,0.0,1.53434902919603,0.03003876799573635,0.832968122258636,0.0025915450000013607,exact_subset_dp,,,
shell,11,30,shell,2.0,equal,8,3,448,48.0,168.0,0,sharp,ok,0.0,1.53434902919603,0.03003876799573635,0.832968122258636,0.01013373300000353,exact_sieve,0.0,,
shell,11,30,shell,2.0,equal,8,3,448,48.0,168.0,0,efficient,outside_schedule_domain,,,,,6.552199999987351e-05,unavailable,,,
shell,11,30,shell,2.0,equal,8,3,448,48.0,168.0,0,borda,ok,0.0,1.53434902919603,0.03003876799573635,0.832968122258636,0.001394006999987596,published_global_clipped_borda,0.0,,
shell,11,31,shell,2.0,equal,8,3,448,48.0,168.0,0,pl,ok,0.0,1.506227825062405,0.0,,0.0026834219999898323,hunter_mm,,49.0,2.2608581673466688e-11
shell,11,31,shell,2.0,equal,8,3,448,48.0,168.0,0,mle,ok,1.0,1.5575984195314405,0.05137059446903547,0.8589084084290807,0.0026428339999995387,exact_subset_dp,,,
shell,11,31,shell,2.0,equal,8,3,448,48.0,168.0,0,sharp,ok,2.0,1.5758369286271483,0.06960910356474326,0.8233479365601499,0.010009208000013814,exact_sieve,0.0,,
shell,11,31,shell,2.0,equal,8,3,448,48.0,168.0,0,efficient,outside_schedule_domain,,,,,6.428600002550411e-05,unavailable,,,
shell,11,31,shell,2.0,equal,8,3,448,48.0,168.0,0,borda,ok,0.0,1.5349280727330004,0.028700247670595314,0.852383464765803,0.0015692769999873235,published_global_clipped_borda,0.0,,
shell,11,32,shell,2.0,equal,8,3,448,48.0,168.0,0,pl,ok,0.0,1.506895423425914,0.0,,0.002422010000003638,hunter_mm,,41.0,1.548221868168704e-11
shell,11,32,shell,2.0,equal,8,3,448,48.0,168.0,0,mle,ok,0.0,1.5346107410288816,0.027715317602967637,0.757533184154752,0.0025663849999943977,exact_subset_dp,,,
shell,11,32,shell,2.0,equal,8,3,448,48.0,168.0,0,sharp,ok,3.0,1.6014985211820076,0.09460309775609366,0.685257329800172,0.010155589000021337,exact_sieve,0.0,,
shell,11,32,shell,2.0,equal,8,3,448,48.0,168.0,0,efficient,outside_schedule_domain,,,,,6.239800001139884e-05,unavailable,,,
shell,11,32,shell,2.0,equal,8,3,448,48.0,168.0,0,borda,ok,0.0,1.5346107410288816,0.027715317602967637,0.757533184154752,0.0014254929999992783,published_global_clipped_borda,0.0,,
shell,11,33,shell,2.0,equal,8,3,448,48.0,168.0,0,pl,ok,0.0,1.5033676497170347,0.0,,0.002702177000003303,hunter_mm,,48.0,2.6796977335509707e-11
shell,11,33,shell,2.0,equal,8,3,448,48.0,168.0,0,mle,ok,0.0,1.534605165986218,0.031237516269183363,0.8426462308593962,0.0025784100000123544,exact_subset_dp,,,
shell,11,33,shell,2.0,equal,8,3,448,48.0,168.0,0,sharp,ok,2.0,1.554717449224332,0.051349799507297345,0.7948233114465767,0.010166685999990932,exact_sieve,0.0,,
shell,11,33,shell,2.0,equal,8,3,448,48.0,168.0,0,efficient,outside_schedule_domain,,,,,6.386299997984679e-05,unavailable,,,
shell,11,33,shell,2.0,equal,8,3,448,48.0,168.0,0,borda,ok,0.0,1.534605165986218,0.031237516269183363,0.8426462308593962,0.0013901110000063,published_global_clipped_borda,0.0,,
shell,11,34,shell,2.0,equal,8,3,448,48.0,168.0,0,pl,ok,0.0,1.5023890015250427,0.0,,0.0025112769999964257,hunter_mm,,45.0,2.6624036308930954e-11
shell,11,34,shell,2.0,equal,8,3,448,48.0,168.0,0,mle,ok,0.0,1.5341207757033315,0.03173177417828876,0.7791858305831347,0.0025141319999875122,exact_subset_dp,,,
shell,11,34,shell,2.0,equal,8,3,448,48.0,168.0,0,sharp,ok,2.0,1.5665372028620028,0.06414820133696009,0.7452814445194086,0.010467048999998951,exact_sieve,0.0,,
shell,11,34,shell,2.0,equal,8,3,448,48.0,168.0,0,efficient,outside_schedule_domain,,,,,6.693600002449784e-05,unavailable,,,
shell,11,34,shell,2.0,equal,8,3,448,48.0,168.0,0,borda,ok,0.0,1.5341207757033315,0.03173177417828876,0.7791858305831347,0.0014351740000222435,published_global_clipped_borda,0.0,,
shell,11,35,shell,2.0,equal,8,3,448,48.0,168.0,0,pl,ok,0.0,1.5107496837568515,0.0,,0.0033092680000095243,hunter_mm,,59.0,3.237600663754035e-11
shell,11,35,shell,2.0,equal,8,3,448,48.0,168.0,0,mle,ok,0.0,1.5369046161033608,0.02615493234650934,0.891948748105368,0.002759655000005523,exact_subset_dp,,,
shell,11,35,shell,2.0,equal,8,3,448,48.0,168.0,0,sharp,ok,1.0,1.5557038999093145,0.04495421615246298,0.8786479422186868,0.010065429999997377,exact_sieve,0.0,,
shell,11,35,shell,2.0,equal,8,3,448,48.0,168.0,0,efficient,outside_schedule_domain,,,,,6.223299999419396e-05,unavailable,,,
shell,11,35,shell,2.0,equal,8,3,448,48.0,168.0,0,borda,ok,0.0,1.5369046161033608,0.02615493234650934,0.891948748105368,0.0015910259999998289,published_global_clipped_borda,0.0,,
shell,11,36,shell,2.0,equal,8,3,448,48.0,168.0,0,pl,ok,0.0,1.502279288194796,0.0,,0.0028188779999993585,hunter_mm,,50.0,2.057547782945741e-11
shell,11,36,shell,2.0,equal,8,3,448,48.0,168.0,0,mle,ok,0.0,1.5350506906895975,0.032771402494801594,0.8556425603777551,0.002621421000014834,exact_subset_dp,,,
shell,11,36,shell,2.0,equal,8,3,448,48.0,168.0,0,sharp,ok,0.0,1.5350506906895975,0.032771402494801594,0.8556425603777551,0.009939532000004192,exact_sieve,0.0,,
shell,11,36,shell,2.0,equal,8,3,448,48.0,168.0,0,efficient,outside_schedule_domain,,,,,6.333099997846148e-05,unavailable,,,
shell,11,36,shell,2.0,equal,8,3,448,48.0,168.0,0,borda,ok,0.0,1.5350506906895975,0.032771402494801594,0.8556425603777551,0.0014157829999987825,published_global_clipped_borda,0.0,,
shell,11,37,shell,2.0,equal,8,3,448,48.0,168.0,0,pl,ok,0.0,1.5143325577842455,0.0,,0.00306619699998123,hunter_mm,,55.0,2.566753159222961e-11
shell,11,37,shell,2.0,equal,8,3,448,48.0,168.0,0,mle,ok,1.0,1.5624462037542772,0.04811364597003176,0.9087391420563987,0.002693971000013562,exact_subset_dp,,,
shell,11,37,shell,2.0,equal,8,3,448,48.0,168.0,0,sharp,ok,3.0,1.6169769422670544,0.10264438448280888,0.8426462308593962,0.010507627999999158,exact_sieve,0.0,,
shell,11,37,shell,2.0,equal,8,3,448,48.0,168.0,0,efficient,outside_schedule_domain,,,,,8.272899998473804e-05,unavailable,,,
shell,11,37,shell,2.0,equal,8,3,448,48.0,168.0,0,borda,ok,0.0,1.5373432449374782,0.023010687153232734,0.8986426795612205,0.0015057479999995849,published_global_clipped_borda,0.0,,
shell,11,38,shell,2.0,equal,8,3,448,48.0,168.0,0,pl,ok,1.0,1.5150947902709029,0.0,,0.0030633659999921292,hunter_mm,,53.0,1.619009688218804e-11
shell,11,38,shell,2.0,equal,8,3,448,48.0,168.0,0,mle,ok,1.0,1.5464164425041051,0.03132165223320227,0.891948748105368,0.002781706000007489,exact_subset_dp,,,
shell,11,38,shell,2.0,equal,8,3,448,48.0,168.0,0,sharp,ok,1.0,1.5464164425041051,0.03132165223320227,0.891948748105368,0.010421220000012,exact_sieve,0.0,,
shell,11,38,shell,2.0,equal,8,3,448,48.0,168.0,0,efficient,outside_schedule_domain,,,,,6.837000000814442e-05,unavailable,,,
shell,11,38,shell,2.0,equal,8,3,448,48.0,168.0,0,borda,ok,1.0,1.5464164425041051,0.03132165223320227,0.891948748105368,0.0014988709999954608,published_global_clipped_borda,0.0,,
shell,11,39,shell,2.0,equal,8,3,448,48.0,168.0,0,pl,ok,0.0,1.5029918827001634,0.0,,0.0025580889999901046,hunter_mm,,44.0,2.0401838948406035e-11
shell,11,39,shell,2.0,equal,8,3,448,48.0,168.0,0,mle,ok,1.0,1.5515126677083075,0.04852078500814416,0.7823017009175557,0.002587068999986286,exact_subset_dp,,,
shell,11,39,shell,2.0,equal,8,3,448,48.0,168.0,0,sharp,ok,2.0,1.5662493578480898,0.06325747514792646,0.7729712564241071,0.010555549000002884,exact_sieve,0.0,,
shell,11,39,shell,2.0,equal,8,3,448,48.0,168.0,0,efficient,outside_schedule_domain,,,,,7.100099998069709e-05,unavailable,,,
shell,11,39,shell,2.0,equal,8,3,448,48.0,168.0,0,borda,ok,0.0,1.5347077038729273,0.03171582117276395,0.7544621327077489,0.0014621459999943909,published_global_clipped_borda,0.0,,
shell,12,0,shell,4.0,equal,8,3,28,3.0,10.5,0,pl,ok,5.0,1.6226844603685269,0.0,,0.002442164999990837,hunter_mm,,85.0,2.557541480184357e-11
shell,12,0,shell,4.0,equal,8,3,28,3.0,10.5,0,mle,ok,11.0,1.983434317715454,0.3607498573469272,0.8589084084290807,0.0026136099999973794,exact_subset_dp,,,
shell,12,0,shell,4.0,equal,8,3,28,3.0,10.5,0,sharp,ok,7.0,1.7047161981218906,0.0820317377533637,0.6617844044760891,0.0018839230000082807,exact_sieve,0.0,,
shell,12,0,shell,4.0,equal,8,3,28,3.0,10.5,0,efficient,outside_schedule_domain,,,,,3.7448000000495085e-05,unavailable,,,
shell,12,0,shell,4.0,equal,8,3,28,3.0,10.5,0,borda,ok,8.0,1.806881975382293,0.18419751501376602,0.7090287388626768,0.0014666550000015377,published_global_clipped_borda,0.0,,
shell,12,1,shell,4.0,equal,8,3,28,3.0,10.5,0,pl,ok,2.0,1.5375917018156426,0.0,,0.0024162189999969996,hunter_mm,,89.0,1.7874527255149328e-11
shell,12,1,shell,4.0,equal,8,3,28,3.0,10.5,0,mle,ok,3.0,1.624094073192808,0.08650237137716532,1.0844293045104068,0.003113998999992873,exact_subset_dp,,,
shell,12,1,shell,4.0,equal,8,3,28,3.0,10.5,0,sharp,ok,9.0,1.7867297511586708,0.2491380493430282,0.5264006135801002,0.0022033559999954377,exact_sieve,0.0,,
shell,12,1,shell,4.0,equal,8,3,28,3.0,10.5,0,efficient,outside_schedule_domain,,,,,4.192400001556962e-05,unavailable,,,
shell,12,1,shell,4.0,equal,8,3,28,3.0,10.5,0,borda,ok,1.0,1.554295633129998,0.016703931314355325,0.9672795990261153,0.0013043550000020332,published_global_clipped_borda,0.0,,
shell,12,2,shell,4.0,equal,8,3,28,3.0,10.5,0,pl,ok,3.0,1.5452418493834874,0.0,,0.0016729720000228099,hunter_mm,,56.0,1.6409159745275506e-11
shell,12,2,shell,4.0,equal,8,3,28,3.0,10.5,0,mle,ok,4.0,1.5935257087918744,0.048283859408386975,0.8589084084290807,0.0026621020000163753,exact_subset_dp,,,
shell,12,2,shell,4.0,equal,8,3,28,3.0,10.5,0,sharp,ok,12.0,1.7879975434937152,0.2427556941102278,0.038969554757550054,0.0017435460000001513,exact_sieve,0.0,,
shell,12,2,shell,4.0,equal,8,3,28,3.0,10.5,0,efficient,outside_schedule_domain,,,,,3.4460999984275986e-05,unavailable,,,
shell,12,2,shell,4.0,equal,8,3,28,3.0,10.5,0,borda,ok,3.0,1.587892152335968,0.04265030295248051,0.7090287388626768,0.001505802999986372,published_global_clipped_borda,0.0,,
shell,12,3,shell,4.0,equal,8,3,28,3.0,10.5,0,pl,ok,3.0,1.6025665776892397,0.0,,0.0018380379999882734,hunter_mm,,67.0,9.125842938471708e-12
shell,12,3,shell,4.0,equal,8,3,28,3.0,10.5,0,mle,ok,2.0,1.6150499144927442,0.012483336803504441,1.2127529326707367,0.002979082999985394,exact_subset_dp,,,
shell,12,3,shell,4.0,equal,8,3,28,3.0,10.5,0,sharp,ok,7.0,1.6794413088015974,0.07687473111235765,0.6156729370132851,0.0020324270000173783,exact_sieve,0.0,,
shell,12,3,shell,4.0,equal,8,3,28,3.0,10.5,0,efficient,outside_schedule_domain,,,,,3.4962999990284516e-05,unavailable,,,
shell,12,3,shell,4.0,equal,8,3,28,3.0,10.5,0,borda,ok,3.0,1.609669658536454,0.007103080847214338,0.9121196566486348,0.0013302650000071026,published_global_clipped_borda,0.0,,
shell,12,4,shell,4.0,equal,8,3,28,3.0,10.5,0,pl,ok,3.0,1.646012776579478,0.0,,0.0023297010000078444,hunter_mm,,86.0,2.738958266539677e-11
shell,12,4,shell,4.0,equal,8,3,28,3.0,10.5,0,mle,ok,3.0,1.625789465660293,-0.020223310919185167,1.1470129282507922,0.0029527030000053855,exact_subset_dp,,,
shell,12,4,shell,4.0,equal,8,3,28,3.0,10.5,0,sharp,ok,8.0,1.6928687711680133,0.04685599458853518,0.6156729370132851,0.001991168000017751,exact_sieve,0.0,,
shell,12,4,shell,4.0,equal,8,3,28,3.0,10.5,0,efficient,outside_schedule_domain,,,,,3.6515000005010734e-05,unavailable,,,
shell,12,4,shell,4.0,equal,8,3,28,3.0,10.5,0,borda,ok,4.0,1.6919092136364595,0.04589643705698143,1.1470129282507922,0.0016945160000148007,published_global_clipped_borda,0.0,,
shell,12,5,shell,4.0,equal,8,3,28,3.0,10.5,0,pl,ok,1.0,1.6486765693845211,0.0,,0.00214531299999976,hunter_mm,,80.0,2.574251922737858e-11
shell,12,5,shell,4.0,equal,8,3,28,3.0,10.5,0,mle,ok,4.0,1.6777571311296176,0.029080561745096434,1.0246248379567524,0.0028125890000012532,exact_subset_dp,,,
shell,12,5,shell,4.0,equal,8,3,28,3.0,10.5,0,sharp,ok,5.0,1.6215728241455754,-0.027103745238945764,0.6156729370132851,0.002009962999977688,exact_sieve,0.0,,
shell,12,5,shell,4.0,equal,8,3,28,3.0,10.5,0,efficient,outside_schedule_domain,,,,,3.322800000660209e-05,unavailable,,,
shell,12,5,shell,4.0,equal,8,3,28,3.0,10.5,0,borda,ok,3.0,1.6067061784008416,-0.041970390983679495,0.9672795990261153,0.001309104000000616,published_global_clipped_borda,0.0,,
shell,12,6,shell,4.0,equal,8,3,28,3.0,10.5,0,pl,ok,2.0,1.513943175572674,0.0,,0.0015583529999787515,hunter_mm,,53.0,1.4411583038054232e-11
shell,12,6,shell,4.0,equal,8,3,28,3.0,10.5,0,mle,ok,4.0,1.6120431614938675,0.09809998592119351,0.9121196566486348,0.002536442000007355,exact_subset_dp,,,
shell,12,6,shell,4.0,equal,8,3,28,3.0,10.5,0,sharp,ok,7.0,1.7289998897979326,0.21505671422525863,0.757533184154752,0.0018565580000142745,exact_sieve,0.0,,
shell,12,6,shell,4.0,equal,8,3,28,3.0,10.5,0,efficient,outside_schedule_domain,,,,,3.428499999813539e-05,unavailable,,,
shell,12,6,shell,4.0,equal,8,3,28,3.0,10.5,0,borda,ok,2.0,1.5638198713966855,0.04987669582401155,0.8589084084290807,0.001489958999997043,published_global_clipped_borda,0.0,,
shell,12,7,shell,4.0,equal,8,3,28,3.0,10.5,0,pl,ok,5.0,1.6665389745710395,0.0,,0.0029595450000101664,hunter_mm,,114.0,1.7094262513442768e-11
shell,12,7,shell,4.0,equal,8,3,28,3.0,10.5,0,mle,ok,5.0,1.6453901070275623,-0.021148867543477223,0.9672795990261153,0.0025693370000112736,exact_subset_dp,,,
shell,12,7,shell,4.0,equal,8,3,28,3.0,10.5,0,sharp,ok,8.0,1.7210352626439844,0.05449628807294493,0.5264006135801002,0.002036272000026429,exact_sieve,0.0,,
shell,12,7,shell,4.0,equal,8,3,28,3.0,10.5,0,efficient,outside_schedule_domain,,,,,3.528599998503523e-05,unavailable,,,
shell,12,7,shell,4.0,equal,8,3,28,3.0,10.5,0,borda,ok,4.0,1.5759446327107698,-0.09059434186026971,0.8589084084290807,0.001536812000011878,published_global_clipped_borda,0.0,,
shell,12,8,shell,4.0,equal,8,3,28,3.0,10.5,0,pl,ok,3.0,1.7447969364250469,0.0,,0.003469423000012739,hunter_mm,,135.0,2.1680181459617286e-11
shell,12,8,shell,4.0,equal,8,3,28,3.0,10.5,0,mle,ok,4.0,1.8072673567254394,0.062470420300392515,1.4338950196876177,0.002947697999985621,exact_subset_dp,,,
shell,12,8,shell,4.0,equal,8,3,28,3.0,10.5,0,sharp,ok,12.0,1.8564721974620233,0.11167526103697645,0.48304091257642995,0.001891676999974834,exact_sieve,0.0,,
shell,12,8,shell,4.0,equal,8,3,28,3.0,10.5,0,efficient,outside_schedule_domain,,,,,3.5749999995005055e-05,unavailable,,,
shell,12,8,shell,4.0,equal,8,3,28,3.0,10.5,0,borda,ok,5.0,1.8097052105977007,0.06490827417265388,1.355592246167523,0.0017577570000071319,published_global_clipped_borda,0.0,,
shell,12,9,shell,4.0,equal,8,3,28,3.0,10.5,0,pl,ok,2.0,1.5857531977613004,0.0,,0.0018978330000152255,hunter_mm,,66.0,1.4561685190983553e-11
shell,12,9,shell,4.0,equal,8,3,28,3.0,10.5,0,mle,ok,3.0,1.5735407555401748,-0.012212442221125608,0.9672795990261153,0.0025334989999805657,exact_subset_dp,,,
shell,12,9,shell,4.0,equal,8,3,28,3.0,10.5,0,sharp,ok,9.0,1.7459519715672727,0.16019877380597225,0.48304091257642995,0.0019349840000018048,exact_sieve,0.0,,
shell,12,9,shell,4.0,equal,8,3,28,3.0,10.5,0,efficient,outside_schedule_domain,,,,,3.7048999985245246e-05,unavailable,,,
shell,12,9,shell,4.0,equal,8,3,28,3.0,10.5,0,borda,ok,3.0,1.6041645080919835,0.018411310330683106,0.8074398347256734,0.0014712789999862252,published_global_clipped_borda,0.0,,
shell,12,10,shell,4.0,equal,8,3,28,3.0,10.5,0,pl,ok,7.0,1.7939326613752358,0.0,,0.001693587999994861,hunter_mm,,58.0,1.5157399145339566e-11
shell,12,10,shell,4.0,equal,8,3,28,3.0,10.5,0,mle,ok,12.0,2.072699953117592,0.27876729174235626,0.9672795990261153,0.0025679620000005343,exact_subset_dp,,,
shell,12,10,shell,4.0,equal,8,3,28,3.0,10.5,0,sharp,ok,10.0,1.9430053560435623,0.1490726946683265,0.9121196566486348,0.0019350069999859443,exact_sieve,0.0,,
shell,12,10,shell,4.0,equal,8,3,28,3.0,10.5,0,efficient,outside_schedule_domain,,,,,3.451099999551843e-05,unavailable,,,
shell,12,10,shell,4.0,equal,8,3,28,3.0,10.5,0,borda,ok,8.0,1.8384210140508597,0.0444883526756239,0.9121196566486348,0.0013129579999997532,published_global_clipped_borda,0.0,,
shell,12,11,shell,4.0,equal,8,3,28,3.0,10.5,0,pl,ok,3.0,1.528067242075483,0.0,,0.0016393040000082237,hunter_mm,,55.0,2.1242309498705124e-11
shell,12,11,shell,4.0,equal,8,3,28,3.0,10.5,0,mle,ok,2.0,1.594992027949913,0.06692478587442996,0.8589084084290807,0.002623968999984072,exact_subset_dp,,,
shell,12,11,shell,4.0,equal,8,3,28,3.0,10.5,0,sharp,ok,6.0,1.6752329542844957,0.14716571220901264,0.6617844044760891,0.0018963469999846438,exact_sieve,0.0,,
shell,12,11,shell,4.0,equal,8,3,28,3.0,10.5,0,efficient,outside_schedule_domain,,,,,3.454800000213254e-05,unavailable,,,
shell,12,11,shell,4.0,equal,8,3,28,3.0,10.5,0,borda,ok,2.0,1.586854704456877,0.058787462381393985,0.8074398347256734,0.001524156000016319,published_global_clipped_borda,0.0,,
shell,12,12,shell,4.0,equal,8,3,28,3.0,10.5,0,pl,no_unique_finite_mle,,,,,0.00024315400000318732,hunter_mm,,,
shell,12,12,shell,4.0,equal,8,3,28,3.0,10.5,0,mle,ok,0.0,1.5435377527362242,,0.9672795990261153,0.0025636080000026595,exact_subset_dp,,,
shell,12,12,shell,4.0,equal,8,3,28,3.0,10.5,0,sharp,ok,8.0,1.7472174911471878,,0.5264006135801002,0.0020491359999823544,exact_sieve,0.0,,
shell,12,12,shell,4.0,equal,8,3,28,3.0,10.5,0,efficient,outside_schedule_domain,,,,,3.5717000002932764e-05,unavailable,,,
shell,12,12,shell,4.0,equal,8,3,28,3.0,10.5,0,borda,ok,4.0,1.6388226440028864,,0.8589084084290807,0.0014610499999889726,published_global_clipped_borda,0.0,,
shell,12,13,shell,4.0,equal,8,3,28,3.0,10.5,0,pl,ok,4.0,1.53673313517824,0.0,,0.0016690280000091207,hunter_mm,,59.0,1.8822086746337975e-11
shell,12,13,shell,4.0,equal,8,3,28,3.0,10.5,0,mle,ok,7.0,1.7416570093600046,0.2049238741817645,0.8589084084290807,0.00290323100000478,exact_subset_dp,,,
shell,12,13,shell,4.0,equal,8,3,28,3.0,10.5,0,sharp,ok,9.0,1.753098084934534,0.21636494975629383,0.31614842415667943,0.002087042999988853,exact_sieve,0.0,,
shell,12,13,shell,4.0,equal,8,3,28,3.0,10.5,0,efficient,outside_schedule_domain,,,,,3.721400000245012e-05,unavailable,,,
shell,12,13,shell,4.0,equal,8,3,28,3.0,10.5,0,borda,ok,4.0,1.587916023021548,0.051182887843308045,0.6156729370132851,0.0014794309999786037,published_global_clipped_borda,0.0,,
shell,12,14,shell,4.0,equal,8,3,28,3.0,10.5,0,pl,ok,2.0,1.5221698716801966,0.0,,0.0018957780000050661,hunter_mm,,67.0,3.437047472029267e-11
shell,12,14,shell,4.0,equal,8,3,28,3.0,10.5,0,mle,ok,4.0,1.7051247472772988,0.18295487559710222,1.1470129282507922,0.002905505000001085,exact_subset_dp,,,
shell,12,14,shell,4.0,equal,8,3,28,3.0,10.5,0,sharp,ok,11.0,1.7778746735409547,0.25570480186075817,0.3570395237671002,0.0020611779999910596,exact_sieve,0.0,,
shell,12,14,shell,4.0,equal,8,3,28,3.0,10.5,0,efficient,outside_schedule_domain,,,,,3.299800002309894e-05,unavailable,,,
shell,12,14,shell,4.0,equal,8,3,28,3.0,10.5,0,borda,ok,3.0,1.5618224062470345,0.03965253456683793,0.8589084084290807,0.0014512919999845053,published_global_clipped_borda,0.0,,
shell,12,15,shell,4.0,equal,8,3,28,3.0,10.5,0,pl,ok,2.0,1.5181434711819102,0.0,,0.001940367000003107,hunter_mm,,69.0,1.4564984139399583e-11
shell,12,15,shell,4.0,equal,8,3,28,3.0,10.5,0,mle,ok,5.0,1.6866516018322428,0.16850813065033265,0.9121196566486348,0.002527106000002277,exact_subset_dp,,,
shell,12,15,shell,4.0,equal,8,3,28,3.0,10.5,0,sharp,ok,13.0,1.8162176069619196,0.2980741357800094,0.27569892377869015,0.0020176049999918177,exact_sieve,0.0,,
shell,12,15,shell,4.0,equal,8,3,28,3.0,10.5,0,efficient,outside_schedule_domain,,,,,3.552900000158843e-05,unavailable,,,
shell,12,15,shell,4.0,equal,8,3,28,3.0,10.5,0,borda,ok,3.0,1.605939121272133,0.08779565009022283,0.9121196566486348,0.0013368609999986347,published_global_clipped_borda,0.0,,
shell,12,16,shell,4.0,equal,8,3,28,3.0,10.5,0,pl,ok,3.0,1.6892759485247422,0.0,,0.004164674999998397,hunter_mm,,164.0,2.0872065980321556e-11
shell,12,16,shell,4.0,equal,8,3,28,3.0,10.5,0,mle,ok,3.0,1.736023636940911,0.04674768841616883,1.5178272565961248,0.0030152269999916825,exact_subset_dp,,,
shell,12,16,shell,4.0,equal,8,3,28,3.0,10.5,0,sharp,ok,4.0,1.7255117305963057,0.03623578207156353,1.1470129282507922,0.00259277300000349,exact_sieve,0.0,,
shell,12,16,shell,4.0,equal,8,3,28,3.0,10.5,0,efficient,outside_schedule_domain,,,,,4.8595000009754585e-05,unavailable,,,
shell,12,16,shell,4.0,equal,8,3,28,3.0,10.5,0,borda,ok,2.0,1.6670301308330528,-0.022245817691689318,1.2820987754788464,0.001806152999989763,published_global_clipped_borda,0.0,,
shell,12,17,shell,4.0,equal,8,3,28,3.0,10.5,0,pl,ok,5.0,1.5237527796581682,0.0,,0.0016863380000131656,hunter_mm,,54.0,1.7159892554527036e-11
shell,12,17,shell,4.0,equal,8,3,28,3.0,10.5,0,mle,ok,5.0,1.6105861044721443,0.0868333248139761,0.9672795990261153,0.002535717000000659,exact_subset_dp,,,
shell,12,17,shell,4.0,equal,8,3,28,3.0,10.5,0,sharp,ok,11.0,1.8233729561427334,0.2996201764845652,0.757533184154752,0.0019235160000050655,exact_sieve,0.0,,
shell,12,17,shell,4.0,equal,8,3,28,3.0,10.5,0,efficient,outside_schedule_domain,,,,,3.5478000000921384e-05,unavailable,,,
shell,12,17,shell,4.0,equal,8,3,28,3.0,10.5,0,borda,ok,6.0,1.6548016677619253,0.13104888810375703,0.9121196566486348,0.0013484170000026552,published_global_clipped_borda,0.0,,
shell,12,18,shell,4.0,equal,8,3,28,3.0,10.5,0,pl,ok,4.0,1.685941821690986,0.0,,0.0018542100000047412,hunter_mm,,65.0,2.953618302318059e-11
shell,12,18,shell,4.0,equal,8,3,28,3.0,10.5,0,mle,ok,6.0,1.8283800096438632,0.1424381879528771,1.2127529326707367,0.0030904440000085742,exact_subset_dp,,,
shell,12,18,shell,4.0,equal,8,3,28,3.0,10.5,0,sharp,ok,10.0,1.827354889699534,0.14141306800854792,0.7090287388626768,0.0020421010000006845,exact_sieve,0.0,,
shell,12,18,shell,4.0,equal,8,3,28,3.0,10.5,0,efficient,outside_schedule_domain,,,,,3.664100000833059e-05,unavailable,,,
shell,12,18,shell,4.0,equal,8,3,28,3.0,10.5,0,borda,ok,5.0,1.7605306456250993,0.07458882393411326,1.0246248379567524,0.0017661730000213538,published_global_clipped_borda,0.0,,
shell,12,19,shell,4.0,equal,8,3,28,3.0,10.5,0,pl,ok,4.0,1.5191783693128582,0.0,,0.0013219280000100753,hunter_mm,,41.0,1.0989717072870268e-11
shell,12,19,shell,4.0,equal,8,3,28,3.0,10.5,0,mle,ok,2.0,1.5484288588892814,0.029250489576423178,0.9121196566486348,0.002499931000016886,exact_subset_dp,,,
shell,12,19,shell,4.0,equal,8,3,28,3.0,10.5,0,sharp,ok,8.0,1.7648958674718995,0.24571749815904131,0.23562881521737206,0.001968597000001182,exact_sieve,0.0,,
shell,12,19,shell,4.0,equal,8,3,28,3.0,10.5,0,efficient,outside_schedule_domain,,,,,3.699800001299991e-05,unavailable,,,
shell,12,19,shell,4.0,equal,8,3,28,3.0,10.5,0,borda,ok,5.0,1.6178637459136946,0.09868537660083643,0.6156729370132851,0.0014495930000180124,published_global_clipped_borda,0.0,,
shell,12,20,shell,4.0,equal,8,3,28,3.0,10.5,0,pl,ok,6.0,1.6566867690868203,0.0,,0.0015521990000024743,hunter_mm,,51.0,1.0482345150616572e-11
shell,12,20,shell,4.0,equal,8,3,28,3.0,10.5,0,mle,ok,9.0,1.8945066615081885,0.23781989242136814,0.9672795990261153,0.0025191370000072766,exact_subset_dp,,,
shell,12,20,shell,4.0,equal,8,3,28,3.0,10.5,0,sharp,ok,5.0,1.6755854452215204,0.018898676134700088,0.6617844044760891,0.0019789189999812606,exact_sieve,0.0,,
shell,12,20,shell,4.0,equal,8,3,28,3.0,10.5,0,efficient,outside_schedule_domain,,,,,3.881300000330157e-05,unavailable,,,
shell,12,20,shell,4.0,equal,8,3,28,3.0,10.5,0,borda,ok,6.0,1.706489276404129,0.04980250731730873,0.9121196566486348,0.0013059380000015608,published_global_clipped_borda,0.0,,
shell,12,21,shell,4.0,equal,8,3,28,3.0,10.5,0,pl,ok,6.0,1.671440507528422,0.0,,0.0032325949999858494,hunter_mm,,129.0,2.3603975916687757e-11
shell,12,21,shell,4.0,equal,8,3,28,3.0,10.5,0,mle,ok,4.0,1.6458291412660704,-0.02561136626235161,1.0246248379567524,0.0029434550000075888,exact_subset_dp,,,
shell,12,21,shell,4.0,equal,8,3,28,3.0,10.5,0,sharp,ok,12.0,1.8616396763168206,0.1901991687883986,0.5264006135801002,0.0021150590000047487,exact_sieve,0.0,,
shell,12,21,shell,4.0,equal,8,3,28,3.0,10.5,0,efficient,outside_schedule_domain,,,,,3.641500001094755e-05,unavailable,,,
shell,12,21,shell,4.0,equal,8,3,28,3.0,10.5,0,borda,ok,5.0,1.6586562998341465,-0.012784207694275462,0.9121196566486348,0.0013694740000005368,published_global_clipped_borda,0.0,,
shell,12,22,shell,4.0,equal,8,3,28,3.0,10.5,0,pl,ok,4.0,1.7283696154208352,0.0,,0.004180649000005587,hunter_mm,,169.0,3.210060788611762e-11
shell,12,22,shell,4.0,equal,8,3,28,3.0,10.5,0,mle,ok,6.0,1.7993601886346196,0.07099057321378432,1.2820987754788464,0.0029560819999971955,exact_subset_dp,,,
shell,12,22,shell,4.0,equal,8,3,28,3.0,10.5,0,sharp,ok,2.0,1.5802394674726015,-0.14813014794823376,1.0246248379567524,0.0022543999999982134,exact_sieve,0.0,,
shell,12,22,shell,4.0,equal,8,3,28,3.0,10.5,0,efficient,outside_schedule_domain,,,,,3.554799999960778e-05,unavailable,,,
shell,12,22,shell,4.0,equal,8,3,28,3.0,10.5,0,borda,ok,6.0,1.731138639798839,0.0027690243780038593,1.0844293045104068,0.001836929999996073,published_global_clipped_borda,0.0,,
shell,12,23,shell,4.0,equal,8,3,28,3.0,10.5,0,pl,ok,6.0,1.6058255415343847,0.0,,0.002041528000006565,hunter_mm,,48.0,2.2158528979941495e-11
shell,12,23,shell,4.0,equal,8,3,28,3.0,10.5,0,mle,ok,7.0,1.7034188411885869,0.09759329965420216,0.9121196566486348,0.002692830999990292,exact_subset_dp,,,
shell,12,23,shell,4.0,equal,8,3,28,3.0,10.5,0,sharp,ok,10.0,1.7686310518062431,0.1628055102718584,0.3570395237671002,0.0021227269999997134,exact_sieve,0.0,,
shell,12,23,shell,4.0,equal,8,3,28,3.0,10.5,0,efficient,outside_schedule_domain,,,,,3.7743999996564526e-05,unavailable,,,
shell,12,23,shell,4.0,equal,8,3,28,3.0,10.5,0,borda,ok,5.0,1.6434092639129347,0.03758372237855001,0.5264006135801002,0.0016235570000162625,published_global_clipped_borda,0.0,,
shell,12,24,shell,4.0,equal,8,3,28,3.0,10.5,0,pl,ok,4.0,1.6118431374310118,0.0,,0.0028926739999803885,hunter_mm,,103.0,3.506338077029016e-11
shell,12,24,shell,4.0,equal,8,3,28,3.0,10.5,0,mle,ok,5.0,1.653579523929683,0.041736386498671285,1.0246248379567524,0.0030306220000113626,exact_subset_dp,,,
shell,12,24,shell,4.0,equal,8,3,28,3.0,10.5,0,sharp,ok,5.0,1.6221441054658639,0.010300968034852032,0.757533184154752,0.0020390189999943686,exact_sieve,0.0,,
shell,12,24,shell,4.0,equal,8,3,28,3.0,10.5,0,efficient,outside_schedule_domain,,,,,4.2191000005686874e-05,unavailable,,,
shell,12,24,shell,4.0,equal,8,3,28,3.0,10.5,0,borda,ok,6.0,1.7153610564909432,0.10351791905993135,0.9672795990261153,0.00133977100000493,published_global_clipped_borda,0.0,,
shell,12,25,shell,4.0,equal,8,3,28,3.0,10.5,0,pl,ok,6.0,1.8311878371468804,0.0,,0.0021151570000199627,hunter_mm,,76.0,1.4097802290637317e-11
shell,12,25,shell,4.0,equal,8,3,28,3.0,10.5,0,mle,ok,5.0,1.6530856585714229,-0.17810217857545751,1.1470129282507922,0.0030124970000144913,exact_subset_dp,,,
shell,12,25,shell,4.0,equal,8,3,28,3.0,10.5,0,sharp,ok,9.0,1.744505366456045,-0.08668247069083534,0.8074398347256734,0.0020938899999976,exact_sieve,0.0,,
shell,12,25,shell,4.0,equal,8,3,28,3.0,10.5,0,efficient,outside_schedule_domain,,,,,3.652800000963907e-05,unavailable,,,
shell,12,25,shell,4.0,equal,8,3,28,3.0,10.5,0,borda,ok,6.0,1.685280546804635,-0.14590729034224537,0.8589084084290807,0.0014745029999971848,published_global_clipped_borda,0.0,,
shell,12,26,shell,4.0,equal,8,3,28,3.0,10.5,0,pl,ok,4.0,1.5051861662333632,0.0,,0.0017080819999932828,hunter_mm,,58.0,2.297895207448164e-11
shell,12,26,shell,4.0,equal,8,3,28,3.0,10.5,0,mle,ok,4.0,1.6106419079394017,0.10545574170603844,1.0246248379567524,0.0029579760000046917,exact_subset_dp,,,
shell,12,26,shell,4.0,equal,8,3,28,3.0,10.5,0,sharp,ok,5.0,1.6314478804850925,0.12626171425172927,0.6156729370132851,0.0020359689999907005,exact_sieve,0.0,,
shell,12,26,shell,4.0,equal,8,3,28,3.0,10.5,0,efficient,outside_schedule_domain,,,,,3.517100000749451e-05,unavailable,,,
shell,12,26,shell,4.0,equal,8,3,28,3.0,10.5,0,borda,ok,3.0,1.5737224588243066,0.0685362925909434,0.9121196566486348,0.0013035129999821038,published_global_clipped_borda,0.0,,
shell,12,27,shell,4.0,equal,8,3,28,3.0,10.5,0,pl,ok,3.0,1.5834054799714532,0.0,,0.003947680000010223,hunter_mm,,158.0,2.971232783620183e-11
shell,12,27,shell,4.0,equal,8,3,28,3.0,10.5,0,mle,ok,2.0,1.5617638633270101,-0.021641616644443085,0.9672795990261153,0.0026149109999948905,exact_subset_dp,,,
shell,12,27,shell,4.0,equal,8,3,28,3.0,10.5,0,sharp,ok,8.0,1.7266781341030097,0.14327265413155654,0.5264006135801002,0.0020451890000003914,exact_sieve,0.0,,
shell,12,27,shell,4.0,equal,8,3,28,3.0,10.5,0,efficient,outside_schedule_domain,,,,,3.5066999998889514e-05,unavailable,,,
shell,12,27,shell,4.0,equal,8,3,28,3.0,10.5,0,borda,ok,2.0,1.5617638633270101,-0.021641616644443085,0.9672795990261153,0.0013511489999871173,published_global_clipped_borda,0.0,,
shell,12,28,shell,4.0,equal,8,3,28,3.0,10.5,0,pl,ok,3.0,1.5842795067643556,0.0,,0.0017318069999987529,hunter_mm,,59.0,2.284344142416168e-11
shell,12,28,shell,4.0,equal,8,3,28,3.0,10.5,0,mle,ok,3.0,1.6050773590341363,0.020797852269780703,0.8589084084290807,0.002652641000025824,exact_subset_dp,,,
shell,12,28,shell,4.0,equal,8,3,28,3.0,10.5,0,sharp,ok,6.0,1.6889998092502618,0.10472030248590625,0.5705796667792838,0.0021493980000002466,exact_sieve,0.0,,
shell,12,28,shell,4.0,equal,8,3,28,3.0,10.5,0,efficient,outside_schedule_domain,,,,,3.934400001526228e-05,unavailable,,,
shell,12,28,shell,4.0,equal,8,3,28,3.0,10.5,0,borda,ok,4.0,1.6208972112366407,0.03661770447228507,0.757533184154752,0.0013293130000135989,published_global_clipped_borda,0.0,,
shell,12,29,shell,4.0,equal,8,3,28,3.0,10.5,0,pl,ok,1.0,1.4854972051552524,0.0,,0.0016108279999969,hunter_mm,,53.0,2.247408608419781e-11
shell,12,29,shell,4.0,equal,8,3,28,3.0,10.5,0,mle,ok,2.0,1.5706440551345535,0.08514684997930111,0.9672795990261153,0.0024803050000059557,exact_subset_dp,,,
shell,12,29,shell,4.0,equal,8,3,28,3.0,10.5,0,sharp,ok,12.0,1.8010161826392386,0.31551897748398616,0.31614842415667943,0.0020129929999939122,exact_sieve,0.0,,
shell,12,29,shell,4.0,equal,8,3,28,3.0,10.5,0,efficient,outside_schedule_domain,,,,,3.525799999692936e-05,unavailable,,,
shell,12,29,shell,4.0,equal,8,3,28,3.0,10.5,0,borda,ok,5.0,1.5962177710833811,0.11072056592812873,0.8074398347256734,0.001465740000014648,published_global_clipped_borda,0.0,,
shell,12,30,shell,4.0,equal,8,3,28,3.0,10.5,0,pl,ok,6.0,1.6418010596812067,0.0,,0.0019750120000026072,hunter_mm,,70.0,1.756858151022048e-11
shell,12,30,shell,4.0,equal,8,3,28,3.0,10.5,0,mle,ok,6.0,1.8527077445782534,0.21090668489704667,1.1470129282507922,0.0029577960000040093,exact_subset_dp,,,
shell,12,30,shell,4.0,equal,8,3,28,3.0,10.5,0,sharp,ok,12.0,1.9059390486862917,0.264137989005085,0.6617844044760891,0.0019242550000058145,exact_sieve,0.0,,
shell,12,30,shell,4.0,equal,8,3,28,3.0,10.5,0,efficient,outside_schedule_domain,,,,,4.9735000004602625e-05,unavailable,,,
shell,12,30,shell,4.0,equal,8,3,28,3.0,10.5,0,borda,ok,7.0,1.8536044432069136,0.21180338352570693,1.0844293045104068,0.0019174800000030245,published_global_clipped_borda,0.0,,
shell,12,31,shell,4.0,equal,8,3,28,3.0,10.5,0,pl,ok,3.0,1.559400110949715,0.0,,0.0018976350000059483,hunter_mm,,62.0,2.3657330063185457e-11
shell,12,31,shell,4.0,equal,8,3,28,3.0,10.5,0,mle,ok,9.0,1.786302796864203,0.2269026859144878,0.6617844044760891,0.0025016489999813984,exact_subset_dp,,,
shell,12,31,shell,4.0,equal,8,3,28,3.0,10.5,0,sharp,ok,7.0,1.7394095692476155,0.18000945829790038,0.15639208465863194,0.0021216570000035517,exact_sieve,0.0,,
shell,12,31,shell,4.0,equal,8,3,28,3.0,10.5,0,efficient,outside_schedule_domain,,,,,3.4222000010686315e-05,unavailable,,,
shell,12,31,shell,4.0,equal,8,3,28,3.0,10.5,0,borda,ok,4.0,1.6222559462092114,0.06285583525949634,0.5264006135801002,0.0014764530000093146,published_global_clipped_borda,0.0,,
shell,12,32,shell,4.0,equal,8,3,28,3.0,10.5,0,pl,ok,6.0,1.6375193335580531,0.0,,0.0017869070000244847,hunter_mm,,62.0,2.2134421279978208e-11
shell,12,32,shell,4.0,equal,8,3,28,3.0,10.5,0,mle,ok,7.0,1.7871314172434491,0.14961208368539602,1.0844293045104068,0.003150137999995195,exact_subset_dp,,,
shell,12,32,shell,4.0,equal,8,3,28,3.0,10.5,0,sharp,ok,3.0,1.5919987800214905,-0.04552055353656259,0.8074398347256734,0.0020336929999871245,exact_sieve,0.0,,
shell,12,32,shell,4.0,equal,8,3,28,3.0,10.5,0,efficient,outside_schedule_domain,,,,,3.483499997969375e-05,unavailable,,,
shell,12,32,shell,4.0,equal,8,3,28,3.0,10.5,0,borda,ok,5.0,1.7287956810201068,0.09127634746205371,1.0246248379567524,0.0017733410000175809,published_global_clipped_borda,0.0,,
shell,12,33,shell,4.0,equal,8,3,28,3.0,10.5,0,pl,ok,3.0,1.5484847936344504,0.0,,0.002207954999988715,hunter_mm,,81.0,1.6126719007810866e-11
shell,12,33,shell,4.0,equal,8,3,28,3.0,10.5,0,mle,ok,5.0,1.702379893273225,0.15389509963877468,1.2127529326707367,0.003095104999999876,exact_subset_dp,,,
shell,12,33,shell,4.0,equal,8,3,28,3.0,10.5,0,sharp,ok,11.0,1.7781958620055296,0.22971106837107924,0.27569892377869015,0.0020538370000053874,exact_sieve,0.0,,
shell,12,33,shell,4.0,equal,8,3,28,3.0,10.5,0,efficient,outside_schedule_domain,,,,,3.9499999985537215e-05,unavailable,,,
shell,12,33,shell,4.0,equal,8,3,28,3.0,10.5,0,borda,ok,3.0,1.6043110778010057,0.05582628416655533,0.9672795990261153,0.0013215500000001157,published_global_clipped_borda,0.0,,
shell,12,34,shell,4.0,equal,8,3,28,3.0,10.5,0,pl,ok,5.0,1.6083872550968954,0.0,,0.0016711609999902066,hunter_mm,,56.0,1.5705468671610235e-11
shell,12,34,shell,4.0,equal,8,3,28,3.0,10.5,0,mle,ok,3.0,1.6123506493330464,0.003963394236150997,1.0844293045104068,0.003103931999987708,exact_subset_dp,,,
shell,12,34,shell,4.0,equal,8,3,28,3.0,10.5,0,sharp,ok,8.0,1.72717045628248,0.1187832011855845,0.44041348850630796,0.0020303180000098564,exact_sieve,0.0,,
shell,12,34,shell,4.0,equal,8,3,28,3.0,10.5,0,efficient,outside_schedule_domain,,,,,3.4381000006078466e-05,unavailable,,,
shell,12,34,shell,4.0,equal,8,3,28,3.0,10.5,0,borda,ok,5.0,1.6429094622323455,0.03452220713545007,0.9672795990261153,0.0013126529999851755,published_global_clipped_borda,0.0,,
shell,12,35,shell,4.0,equal,8,3,28,3.0,10.5,0,pl,ok,8.0,1.929244913593458,0.0,,0.002362639000011768,hunter_mm,,88.0,1.933152051135169e-11
shell,12,35,shell,4.0,equal,8,3,28,3.0,10.5,0,mle,ok,8.0,2.037350167074023,0.1081052534805651,1.4338950196876177,0.002942351999990933,exact_subset_dp,,,
shell,12,35,shell,4.0,equal,8,3,28,3.0,10.5,0,sharp,ok,15.0,1.936155414164673,0.006910500571215117,0.6156729370132851,0.002034749000017655,exact_sieve,0.0,,
shell,12,35,shell,4.0,equal,8,3,28,3.0,10.5,0,efficient,outside_schedule_domain,,,,,3.657799999245981e-05,unavailable,,,
shell,12,35,shell,4.0,equal,8,3,28,3.0,10.5,0,borda,ok,7.0,1.9520408599236811,0.022795946330223193,1.355592246167523,0.001728616999997712,published_global_clipped_borda,0.0,,
shell,12,36,shell,4.0,equal,8,3,28,3.0,10.5,0,pl,ok,2.0,1.5103656674346415,0.0,,0.00175050600000759,hunter_mm,,60.0,1.6847095147503363e-11
shell,12,36,shell,4.0,equal,8,3,28,3.0,10.5,0,mle,ok,4.0,1.6728218377937243,0.16245617035908277,1.0844293045104068,0.0030653940000036073,exact_subset_dp,,,
shell,12,36,shell,4.0,equal,8,3,28,3.0,10.5,0,sharp,ok,9.0,1.767641186516425,0.2572755190817835,0.7090287388626768,0.002072238000010884,exact_sieve,0.0,,
shell,12,36,shell,4.0,equal,8,3,28,3.0,10.5,0,efficient,outside_schedule_domain,,,,,3.678999999578991e-05,unavailable,,,
shell,12,36,shell,4.0,equal,8,3,28,3.0,10.5,0,borda,ok,1.0,1.5466582470927648,0.03629257965812327,0.9121196566486348,0.0013389769999889722,published_global_clipped_borda,0.0,,
shell,12,37,shell,4.0,equal,8,3,28,3.0,10.5,0,pl,ok,1.0,2.0924728478645735,0.0,,0.005783579999985022,hunter_mm,,230.0,1.0360855031064732e-11
shell,12,37,shell,4.0,equal,8,3,28,3.0,10.5,0,mle,ok,1.0,1.7546759926297675,-0.33779685523480607,1.6084230339112893,0.002989474000003156,exact_subset_dp,,,
shell,12,37,shell,4.0,equal,8,3,28,3.0,10.5,0,sharp,ok,6.0,1.663790669710338,-0.4286821781542356,0.8589084084290807,0.0020346050000057403,exact_sieve,0.0,,
shell,12,37,shell,4.0,equal,8,3,28,3.0,10.5,0,efficient,outside_schedule_domain,,,,,3.5645999986400057e-05,unavailable,,,
shell,12,37,shell,4.0,equal,8,3,28,3.0,10.5,0,borda,ok,1.0,1.6459330435065265,-0.4465398043580471,1.355592246167523,0.0017735799999911706,published_global_clipped_borda,0.0,,
shell,12,38,shell,4.0,equal,8,3,28,3.0,10.5,0,pl,ok,3.0,1.5508631046047747,0.0,,0.0020141150000085872,hunter_mm,,71.0,2.3124676776628152e-11
shell,12,38,shell,4.0,equal,8,3,28,3.0,10.5,0,mle,ok,6.0,1.748293147287968,0.1974300426831932,1.2127529326707367,0.0030671879999886187,exact_subset_dp,,,
shell,12,38,shell,4.0,equal,8,3,28,3.0,10.5,0,sharp,ok,8.0,1.708310050994632,0.15744694638985735,0.5264006135801002,0.002026219000015317,exact_sieve,0.0,,
shell,12,38,shell,4.0,equal,8,3,28,3.0,10.5,0,efficient,outside_schedule_domain,,,,,3.4233000008043746e-05,unavailable,,,
shell,12,38,shell,4.0,equal,8,3,28,3.0,10.5,0,borda,ok,3.0,1.6022798701528773,0.051416765548102594,0.9121196566486348,0.001432427000025882,published_global_clipped_borda,0.0,,
shell,12,39,shell,4.0,equal,8,3,28,3.0,10.5,0,pl,ok,6.0,1.695364541174767,0.0,,0.0018535840000026838,hunter_mm,,65.0,2.661134804579238e-11
shell,12,39,shell,4.0,equal,8,3,28,3.0,10.5,0,mle,ok,6.0,1.7034682156835474,0.008103674508780356,0.8589084084290807,0.002647344000024532,exact_subset_dp,,,
shell,12,39,shell,4.0,equal,8,3,28,3.0,10.5,0,sharp,ok,7.0,1.751505414018976,0.05614087284420899,0.6617844044760891,0.00191531699999814,exact_sieve,0.0,,
shell,12,39,shell,4.0,equal,8,3,28,3.0,10.5,0,efficient,outside_schedule_domain,,,,,3.733200000510806e-05,unavailable,,,
shell,12,39,shell,4.0,equal,8,3,28,3.0,10.5,0,borda,ok,5.0,1.6902412254696189,-0.005123315705148235,0.6617844044760891,0.0013199259999794322,published_global_clipped_borda,0.0,,
shell,13,0,shell,4.0,equal,8,3,112,12.0,42.0,0,pl,ok,5.0,1.5054705636836685,0.0,,0.0018380949999823315,hunter_mm,,47.0,1.667047452461442e-11
shell,13,0,shell,4.0,equal,8,3,112,12.0,42.0,0,mle,ok,4.0,1.5849310208206981,0.07946045713702965,0.832968122258636,0.0025867020000021057,exact_subset_dp,,,
shell,13,0,shell,4.0,equal,8,3,112,12.0,42.0,0,sharp,ok,3.0,1.571251850197712,0.06578128651404347,0.697104725066857,0.003581052000015461,exact_sieve,0.0,,
shell,13,0,shell,4.0,equal,8,3,112,12.0,42.0,0,efficient,outside_schedule_domain,,,,,5.4352999995899154e-05,unavailable,,,
shell,13,0,shell,4.0,equal,8,3,112,12.0,42.0,0,borda,ok,5.0,1.6083882789210984,0.10291771523742987,0.685257329800172,0.0015119990000016514,published_global_clipped_borda,0.0,,
shell,13,1,shell,4.0,equal,8,3,112,12.0,42.0,0,pl,ok,1.0,1.4868837213840977,0.0,,0.00215799200000788,hunter_mm,,62.0,2.5867593781267064e-11
shell,13,1,shell,4.0,equal,8,3,112,12.0,42.0,0,mle,ok,1.0,1.5454154413224541,0.058531719938356375,0.9672795990261153,0.0025771389999817984,exact_subset_dp,,,
shell,13,1,shell,4.0,equal,8,3,112,12.0,42.0,0,sharp,ok,1.0,1.554295633129998,0.06741191174590022,0.9672795990261153,0.0032985229999837884,exact_sieve,0.0,,
shell,13,1,shell,4.0,equal,8,3,112,12.0,42.0,0,efficient,outside_schedule_domain,,,,,4.545400000210975e-05,unavailable,,,
shell,13,1,shell,4.0,equal,8,3,112,12.0,42.0,0,borda,ok,1.0,1.5507463184644512,0.06386259708035347,0.9532945643782407,0.0015213350000067294,published_global_clipped_borda,0.0,,
shell,13,2,shell,4.0,equal,8,3,112,12.0,42.0,0,pl,ok,1.0,1.4821016905183826,0.0,,0.0016570439999838982,hunter_mm,,44.0,1.5223378113660146e-11
shell,13,2,shell,4.0,equal,8,3,112,12.0,42.0,0,mle,ok,5.0,1.6360950003841905,0.15399330986580795,0.832968122258636,0.002462202999993224,exact_subset_dp,,,
shell,13,2,shell,4.0,equal,8,3,112,12.0,42.0,0,sharp,ok,6.0,1.6391906872705226,0.15708899675214005,0.7452814445194086,0.0034567410000079235,exact_sieve,0.0,,
shell,13,2,shell,4.0,equal,8,3,112,12.0,42.0,0,efficient,outside_schedule_domain,,,,,4.7741999992467754e-05,unavailable,,,
shell,13,2,shell,4.0,equal,8,3,112,12.0,42.0,0,borda,ok,2.0,1.570480618882042,0.08837892836365935,0.7948233114465767,0.001523375999994414,published_global_clipped_borda,0.0,,
shell,13,3,shell,4.0,equal,8,3,112,12.0,42.0,0,pl,ok,1.0,1.486602720768547,0.0,,0.0018966560000137633,hunter_mm,,53.0,2.5498397044592432e-11
shell,13,3,shell,4.0,equal,8,3,112,12.0,42.0,0,mle,ok,2.0,1.555556099499361,0.06895337873081386,0.8986426795612205,0.0025097760000107883,exact_subset_dp,,,
shell,13,3,shell,4.0,equal,8,3,112,12.0,42.0,0,sharp,ok,3.0,1.5938173325948348,0.10721461182628778,0.7090287388626768,0.003393678000009004,exact_sieve,0.0,,
shell,13,3,shell,4.0,equal,8,3,112,12.0,42.0,0,efficient,outside_schedule_domain,,,,,4.784899999776826e-05,unavailable,,,
shell,13,3,shell,4.0,equal,8,3,112,12.0,42.0,0,borda,ok,1.0,1.544593821605255,0.057991100836708,0.8852839704922475,0.0013548880000087138,published_global_clipped_borda,0.0,,
shell,13,4,shell,4.0,equal,8,3,112,12.0,42.0,0,pl,ok,0.0,1.4709137334344193,0.0,,0.0018543370000259074,hunter_mm,,51.0,1.5734715118144648e-11
shell,13,4,shell,4.0,equal,8,3,112,12.0,42.0,0,mle,ok,1.0,1.5424412006177664,0.07152746718334702,0.8458853458049513,0.0026193769999736105,exact_subset_dp,,,
shell,13,4,shell,4.0,equal,8,3,112,12.0,42.0,0,sharp,ok,3.0,1.565237793232867,0.0943240597984476,0.7698724759713074,0.00331804600000396,exact_sieve,0.0,,
shell,13,4,shell,4.0,equal,8,3,112,12.0,42.0,0,efficient,outside_schedule_domain,,,,,4.6509999975796745e-05,unavailable,,,
shell,13,4,shell,4.0,equal,8,3,112,12.0,42.0,0,borda,ok,1.0,1.535519147622752,0.06460541418833277,0.7948233114465767,0.0014908130000037545,published_global_clipped_borda,0.0,,
shell,13,5,shell,4.0,equal,8,3,112,12.0,42.0,0,pl,ok,5.0,1.5002699929391308,0.0,,0.0016623069999752715,hunter_mm,,45.0,1.4407903441744046e-11
shell,13,5,shell,4.0,equal,8,3,112,12.0,42.0,0,mle,ok,3.0,1.5806989645550984,0.08042897161596763,0.7948233114465767,0.0028450519999978496,exact_subset_dp,,,
shell,13,5,shell,4.0,equal,8,3,112,12.0,42.0,0,sharp,ok,5.0,1.6150916088864111,0.11482161594728035,0.7210314373934753,0.0034720010000057755,exact_sieve,0.0,,
shell,13,5,shell,4.0,equal,8,3,112,12.0,42.0,0,efficient,outside_schedule_domain,,,,,4.851299999586445e-05,unavailable,,,
shell,13,5,shell,4.0,equal,8,3,112,12.0,42.0,0,borda,ok,5.0,1.5991486094884708,0.09887861654934005,0.7331149445745953,0.0013668730000233609,published_global_clipped_borda,0.0,,
shell,13,6,shell,4.0,equal,8,3,112,12.0,42.0,0,pl,ok,1.0,1.4917508166747093,0.0,,0.0015978630000006433,hunter_mm,,42.0,2.040444004234944e-11
shell,13,6,shell,4.0,equal,8,3,112,12.0,42.0,0,mle,ok,3.0,1.5635233448086088,0.07177252813389945,0.7452814445194086,0.002730589999998756,exact_subset_dp,,,
shell,13,6,shell,4.0,equal,8,3,112,12.0,42.0,0,sharp,ok,1.0,1.5539857745135843,0.062234957838875005,0.6385945001665354,0.003369074000005412,exact_sieve,0.0,,
shell,13,6,shell,4.0,equal,8,3,112,12.0,42.0,0,efficient,outside_schedule_domain,,,,,4.607000002465611e-05,unavailable,,,
shell,13,6,shell,4.0,equal,8,3,112,12.0,42.0,0,borda,ok,1.0,1.55115966099665,0.05940884432194071,0.6734845421971655,0.0013768159999756335,published_global_clipped_borda,0.0,,
shell,13,7,shell,4.0,equal,8,3,112,12.0,42.0,0,pl,ok,2.0,1.5114316162097032,0.0,,0.002522072999994407,hunter_mm,,74.0,2.4447808856718568e-11
shell,13,7,shell,4.0,equal,8,3,112,12.0,42.0,0,mle,ok,1.0,1.5630529350423878,0.051621318832684615,1.0844293045104068,0.003135597000010648,exact_subset_dp,,,
shell,13,7,shell,4.0,equal,8,3,112,12.0,42.0,0,sharp,ok,2.0,1.5601213737941306,0.048689757584427396,1.0100693875885711,0.0036290540000152305,exact_sieve,0.0,,
shell,13,7,shell,4.0,equal,8,3,112,12.0,42.0,0,efficient,outside_schedule_domain,,,,,4.765500000303291e-05,unavailable,,,
shell,13,7,shell,4.0,equal,8,3,112,12.0,42.0,0,borda,ok,3.0,1.5958805506855944,0.08444893447589119,0.9394420412429931,0.001506893999987824,published_global_clipped_borda,0.0,,
shell,13,8,shell,4.0,equal,8,3,112,12.0,42.0,0,pl,ok,1.0,1.4730425474287734,0.0,,0.002122623999980533,hunter_mm,,57.0,1.750916871807411e-11
shell,13,8,shell,4.0,equal,8,3,112,12.0,42.0,0,mle,ok,0.0,1.536497651189554,0.06345510376078067,0.8852839704922475,0.002556104999996478,exact_subset_dp,,,
shell,13,8,shell,4.0,equal,8,3,112,12.0,42.0,0,sharp,ok,3.0,1.5558565651578466,0.08281401772907326,0.7948233114465767,0.0034692350000113947,exact_sieve,0.0,,
shell,13,8,shell,4.0,equal,8,3,112,12.0,42.0,0,efficient,outside_schedule_domain,,,,,4.777199998784454e-05,unavailable,,,
shell,13,8,shell,4.0,equal,8,3,112,12.0,42.0,0,borda,ok,2.0,1.5435837188879429,0.0705411714591695,0.832968122258636,0.0013618750000148339,published_global_clipped_borda,0.0,,
shell,13,9,shell,4.0,equal,8,3,112,12.0,42.0,0,pl,ok,1.0,1.504102189083845,0.0,,0.0022512590000189903,hunter_mm,,65.0,1.7506123534920855e-11
shell,13,9,shell,4.0,equal,8,3,112,12.0,42.0,0,mle,ok,2.0,1.5664204480837203,0.0623182589998752,0.9532945643782407,0.002659245000018018,exact_subset_dp,,,
shell,13,9,shell,4.0,equal,8,3,112,12.0,42.0,0,sharp,ok,2.0,1.5645682866235093,0.060466097539664254,0.832968122258636,0.003400338999995256,exact_sieve,0.0,,
shell,13,9,shell,4.0,equal,8,3,112,12.0,42.0,0,efficient,outside_schedule_domain,,,,,5.076600001530096e-05,unavailable,,,
shell,13,9,shell,4.0,equal,8,3,112,12.0,42.0,0,borda,ok,1.0,1.5492480413618617,0.045145852278016596,0.9394420412429931,0.0014714849999961643,published_global_clipped_borda,0.0,,
shell,13,10,shell,4.0,equal,8,3,112,12.0,42.0,0,pl,ok,2.0,1.4819061740314372,0.0,,0.0018024149999860128,hunter_mm,,48.0,2.2079037011378334e-11
shell,13,10,shell,4.0,equal,8,3,112,12.0,42.0,0,mle,ok,1.0,1.5357845507816408,0.05387837675020357,0.7698724759713074,0.0025739110000131404,exact_subset_dp,,,
shell,13,10,shell,4.0,equal,8,3,112,12.0,42.0,0,sharp,ok,6.0,1.629320497612882,0.14741432358144468,0.5930057567449797,0.003534061999999949,exact_sieve,0.0,,
shell,13,10,shell,4.0,equal,8,3,112,12.0,42.0,0,efficient,outside_schedule_domain,,,,,4.908200000386387e-05,unavailable,,,
shell,13,10,shell,4.0,equal,8,3,112,12.0,42.0,0,borda,ok,2.0,1.5576039479417139,0.07569777391027666,0.7210314373934753,0.0015185809999991307,published_global_clipped_borda,0.0,,
shell,13,11,shell,4.0,equal,8,3,112,12.0,42.0,0,pl,ok,2.0,1.50275870709046,0.0,,0.0021916599999940445,hunter_mm,,63.0,2.1448049685497087e-11
shell,13,11,shell,4.0,equal,8,3,112,12.0,42.0,0,mle,ok,2.0,1.5735548889354694,0.07079618184500935,0.8458853458049513,0.002669002000004639,exact_subset_dp,,,
shell,13,11,shell,4.0,equal,8,3,112,12.0,42.0,0,sharp,ok,6.0,1.665352595951893,0.1625938888614331,0.7331149445745953,0.003280256000010695,exact_sieve,0.0,,
shell,13,11,shell,4.0,equal,8,3,112,12.0,42.0,0,efficient,outside_schedule_domain,,,,,5.034399998748995e-05,unavailable,,,
shell,13,11,shell,4.0,equal,8,3,112,12.0,42.0,0,borda,ok,4.0,1.6003632539446795,0.09760454685421949,0.8074398347256734,0.0014860029999965718,published_global_clipped_borda,0.0,,
shell,13,12,shell,4.0,equal,8,3,112,12.0,42.0,0,pl,ok,0.0,1.5071465928931773,0.0,,0.0014567200000215053,hunter_mm,,37.0,1.4352138525250017e-11
shell,13,12,shell,4.0,equal,8,3,112,12.0,42.0,0,mle,ok,4.0,1.6066804185934536,0.09953382570027625,0.697104725066857,0.0026632850000112285,exact_subset_dp,,,
shell,13,12,shell,4.0,equal,8,3,112,12.0,42.0,0,sharp,ok,4.0,1.614645586207406,0.10749899331422874,0.5046239547582334,0.0034445750000031694,exact_sieve,0.0,,
shell,13,12,shell,4.0,equal,8,3,112,12.0,42.0,0,efficient,outside_schedule_domain,,,,,5.7646999977123414e-05,unavailable,,,
shell,13,12,shell,4.0,equal,8,3,112,12.0,42.0,0,borda,ok,2.0,1.566815108317928,0.05966851542475071,0.6043083947860767,0.0015352960000143412,published_global_clipped_borda,0.0,,
shell,13,13,shell,4.0,equal,8,3,112,12.0,42.0,0,pl,ok,1.0,1.474194074694809,0.0,,0.001752691999996614,hunter_mm,,48.0,2.1053317819256077e-11
shell,13,13,shell,4.0,equal,8,3,112,12.0,42.0,0,mle,ok,3.0,1.5640159509198417,0.08982187622503268,0.757533184154752,0.0025236970000150905,exact_subset_dp,,,
shell,13,13,shell,4.0,equal,8,3,112,12.0,42.0,0,sharp,ok,2.0,1.5702073193786572,0.0960132446838482,0.685257329800172,0.0034140390000061416,exact_sieve,0.0,,
shell,13,13,shell,4.0,equal,8,3,112,12.0,42.0,0,efficient,outside_schedule_domain,,,,,4.6703999998953805e-05,unavailable,,,
shell,13,13,shell,4.0,equal,8,3,112,12.0,42.0,0,borda,ok,1.0,1.539145690312739,0.06495161561792995,0.697104725066857,0.0015064250000023094,published_global_clipped_borda,0.0,,
shell,13,14,shell,4.0,equal,8,3,112,12.0,42.0,0,pl,ok,4.0,1.5068222051682079,0.0,,0.0018100329999981568,hunter_mm,,50.0,2.402770046420041e-11
shell,13,14,shell,4.0,equal,8,3,112,12.0,42.0,0,mle,ok,4.0,1.5919133242436119,0.08509111907540401,0.8986426795612205,0.002890095999987352,exact_subset_dp,,,
shell,13,14,shell,4.0,equal,8,3,112,12.0,42.0,0,sharp,ok,6.0,1.6506843163534595,0.1438621111852516,0.757533184154752,0.003443693000008352,exact_sieve,0.0,,
shell,13,14,shell,4.0,equal,8,3,112,12.0,42.0,0,efficient,outside_schedule_domain,,,,,4.96190000092156e-05,unavailable,,,
shell,13,14,shell,4.0,equal,8,3,112,12.0,42.0,0,borda,ok,4.0,1.5919133242436119,0.08509111907540401,0.8986426795612205,0.0014214370000047438,published_global_clipped_borda,0.0,,
shell,13,15,shell,4.0,equal,8,3,112,12.0,42.0,0,pl,ok,2.0,1.5073231540505516,0.0,,0.002109907000004796,hunter_mm,,62.0,2.289172026540395e-11
shell,13,15,shell,4.0,equal,8,3,112,12.0,42.0,0,mle,ok,1.0,1.5630529350423878,0.05572978099183623,1.0844293045104068,0.0030948639999905936,exact_subset_dp,,,
shell,13,15,shell,4.0,equal,8,3,112,12.0,42.0,0,sharp,ok,3.0,1.6062971834337305,0.0989740293831789,0.9532945643782407,0.003492940000000999,exact_sieve,0.0,,
shell,13,15,shell,4.0,equal,8,3,112,12.0,42.0,0,efficient,outside_schedule_domain,,,,,4.9472000000605476e-05,unavailable,,,
shell,13,15,shell,4.0,equal,8,3,112,12.0,42.0,0,borda,ok,3.0,1.5807901722736308,0.07346701822307922,0.832968122258636,0.0013684959999977764,published_global_clipped_borda,0.0,,
shell,13,16,shell,4.0,equal,8,3,112,12.0,42.0,0,pl,ok,3.0,1.5163493902782124,0.0,,0.0019352459999879557,hunter_mm,,53.0,2.8850636165803476e-11
shell,13,16,shell,4.0,equal,8,3,112,12.0,42.0,0,mle,ok,1.0,1.5441131007088718,0.027763710430659394,0.8458853458049513,0.0026985479999837025,exact_subset_dp,,,
shell,13,16,shell,4.0,equal,8,3,112,12.0,42.0,0,sharp,ok,6.0,1.6409313081910257,0.12458191791281337,0.6734845421971655,0.003447123000000829,exact_sieve,0.0,,
shell,13,16,shell,4.0,equal,8,3,112,12.0,42.0,0,efficient,outside_schedule_domain,,,,,4.887100001838007e-05,unavailable,,,
shell,13,16,shell,4.0,equal,8,3,112,12.0,42.0,0,borda,ok,3.0,1.5814506827116144,0.06510129243340201,0.8074398347256734,0.00150179700000308,published_global_clipped_borda,0.0,,
shell,13,17,shell,4.0,equal,8,3,112,12.0,42.0,0,pl,ok,2.0,1.5089088603680267,0.0,,0.0015261640000119314,hunter_mm,,39.0,1.892289499697394e-11
shell,13,17,shell,4.0,equal,8,3,112,12.0,42.0,0,mle,ok,2.0,1.5539940032470034,0.04508514287897669,0.757533184154752,0.002548246999992898,exact_subset_dp,,,
shell,13,17,shell,4.0,equal,8,3,112,12.0,42.0,0,sharp,ok,4.0,1.6124545642037282,0.1035457038357015,0.5373649994974447,0.003445393999982116,exact_sieve,0.0,,
shell,13,17,shell,4.0,equal,8,3,112,12.0,42.0,0,efficient,outside_schedule_domain,,,,,4.443700001388606e-05,unavailable,,,
shell,13,17,shell,4.0,equal,8,3,112,12.0,42.0,0,borda,ok,1.0,1.54925430675966,0.04034544639163329,0.697104725066857,0.0015959419999944657,published_global_clipped_borda,0.0,,
shell,13,18,shell,4.0,equal,8,3,112,12.0,42.0,0,pl,ok,1.0,1.484581852852032,0.0,,0.0021424899999828995,hunter_mm,,62.0,1.1781559854690776e-11
shell,13,18,shell,4.0,equal,8,3,112,12.0,42.0,0,mle,ok,1.0,1.5505163258389167,0.0659344729868847,0.8720402655126755,0.00265560899998718,exact_subset_dp,,,
shell,13,18,shell,4.0,equal,8,3,112,12.0,42.0,0,sharp,ok,5.0,1.6410032097168292,0.1564213568647972,0.6734845421971655,0.0033161709999944833,exact_sieve,0.0,,
shell,13,18,shell,4.0,equal,8,3,112,12.0,42.0,0,efficient,outside_schedule_domain,,,,,4.481799999211944e-05,unavailable,,,
shell,13,18,shell,4.0,equal,8,3,112,12.0,42.0,0,borda,ok,1.0,1.543752639115278,0.05917078626324601,0.8720402655126755,0.001578110999986393,published_global_clipped_borda,0.0,,
shell,13,19,shell,4.0,equal,8,3,112,12.0,42.0,0,pl,ok,2.0,1.5061541662325284,0.0,,0.0019409479999978885,hunter_mm,,54.0,2.1338423091979817e-11
shell,13,19,shell,4.0,equal,8,3,112,12.0,42.0,0,mle,ok,0.0,1.5342900700105797,0.028135903778051308,0.7698724759713074,0.002513957999980221,exact_subset_dp,,,
shell,13,19,shell,4.0,equal,8,3,112,12.0,42.0,0,sharp,ok,4.0,1.597907260259962,0.09175309402743359,0.6734845421971655,0.0033445400000005066,exact_sieve,0.0,,
shell,13,19,shell,4.0,equal,8,3,112,12.0,42.0,0,efficient,outside_schedule_domain,,,,,4.970899999534595e-05,unavailable,,,
shell,13,19,shell,4.0,equal,8,3,112,12.0,42.0,0,borda,ok,3.0,1.570810281022861,0.06465611479033262,0.7452814445194086,0.001480866999997943,published_global_clipped_borda,0.0,,
shell,13,20,shell,4.0,equal,8,3,112,12.0,42.0,0,pl,ok,2.0,1.4908301113328504,0.0,,0.0019357140000124673,hunter_mm,,55.0,1.9407523207551745e-11
shell,13,20,shell,4.0,equal,8,3,112,12.0,42.0,0,mle,ok,3.0,1.5709937145082686,0.08016360317541826,0.7948233114465767,0.0026577569999801653,exact_subset_dp,,,
shell,13,20,shell,4.0,equal,8,3,112,12.0,42.0,0,sharp,ok,2.0,1.5573275954340797,0.06649748410122935,0.697104725066857,0.003489473000001908,exact_sieve,0.0,,
shell,13,20,shell,4.0,equal,8,3,112,12.0,42.0,0,efficient,outside_schedule_domain,,,,,4.806300000836927e-05,unavailable,,,
shell,13,20,shell,4.0,equal,8,3,112,12.0,42.0,0,borda,ok,3.0,1.5709937145082686,0.08016360317541826,0.7948233114465767,0.0015278730000147789,published_global_clipped_borda,0.0,,
shell,13,21,shell,4.0,equal,8,3,112,12.0,42.0,0,pl,ok,2.0,1.4981835544544082,0.0,,0.001777889000010191,hunter_mm,,48.0,1.6986412276764895e-11
shell,13,21,shell,4.0,equal,8,3,112,12.0,42.0,0,mle,ok,2.0,1.5516071304944086,0.053423576040000365,0.7331149445745953,0.0026414529999954084,exact_subset_dp,,,
shell,13,21,shell,4.0,equal,8,3,112,12.0,42.0,0,sharp,ok,12.0,1.7817273325334015,0.28354377807899334,0.367338912900087,0.0034681329999841637,exact_sieve,0.0,,
shell,13,21,shell,4.0,equal,8,3,112,12.0,42.0,0,efficient,outside_schedule_domain,,,,,4.7682999991138786e-05,unavailable,,,
shell,13,21,shell,4.0,equal,8,3,112,12.0,42.0,0,borda,ok,2.0,1.5659802880655294,0.06779673361112115,0.6043083947860767,0.0015149790000066332,published_global_clipped_borda,0.0,,
shell,13,22,shell,4.0,equal,8,3,112,12.0,42.0,0,pl,ok,1.0,1.480891642129254,0.0,,0.001749814000021388,hunter_mm,,47.0,1.664195765321048e-11
shell,13,22,shell,4.0,equal,8,3,112,12.0,42.0,0,mle,ok,1.0,1.5492083233991507,0.06831668126989676,0.7698724759713074,0.0025304069999947387,exact_subset_dp,,,
shell,13,22,shell,4.0,equal,8,3,112,12.0,42.0,0,sharp,ok,3.0,1.5846118599474721,0.10372021781821816,0.6501550097881424,0.0033011400000191315,exact_sieve,0.0,,
shell,13,22,shell,4.0,equal,8,3,112,12.0,42.0,0,efficient,outside_schedule_domain,,,,,4.597899999225774e-05,unavailable,,,
shell,13,22,shell,4.0,equal,8,3,112,12.0,42.0,0,borda,ok,1.0,1.54341541601829,0.06252377388903607,0.6501550097881424,0.0013592469999821333,published_global_clipped_borda,0.0,,
shell,13,23,shell,4.0,equal,8,3,112,12.0,42.0,0,pl,ok,2.0,1.512845135133655,0.0,,0.0020870529999967857,hunter_mm,,59.0,2.3831222709499602e-11
shell,13,23,shell,4.0,equal,8,3,112,12.0,42.0,0,mle,ok,2.0,1.5601627209061717,0.04731758577251677,0.7823017009175557,0.0025969529999940733,exact_subset_dp,,,
shell,13,23,shell,4.0,equal,8,3,112,12.0,42.0,0,sharp,ok,3.0,1.5950242741539502,0.08217913902029528,0.7698724759713074,0.003316505000015013,exact_sieve,0.0,,
shell,13,23,shell,4.0,equal,8,3,112,12.0,42.0,0,efficient,outside_schedule_domain,,,,,4.627399999890258e-05,unavailable,,,
shell,13,23,shell,4.0,equal,8,3,112,12.0,42.0,0,borda,ok,2.0,1.5558392705948336,0.042994135461178695,0.757533184154752,0.001358965999997963,published_global_clipped_borda,0.0,,
shell,13,24,shell,4.0,equal,8,3,112,12.0,42.0,0,pl,ok,1.0,1.4743476157197164,0.0,,0.0018294639999965057,hunter_mm,,48.0,1.9038421632850647e-11
shell,13,24,shell,4.0,equal,8,3,112,12.0,42.0,0,mle,ok,2.0,1.5532070881211657,0.0788594724014493,0.8458853458049513,0.0026760529999876326,exact_subset_dp,,,
shell,13,24,shell,4.0,equal,8,3,112,12.0,42.0,0,sharp,ok,2.0,1.5488186752327024,0.07447105951298605,0.7823017009175557,0.0033435510000003887,exact_sieve,0.0,,
shell,13,24,shell,4.0,equal,8,3,112,12.0,42.0,0,efficient,outside_schedule_domain,,,,,4.742499999110805e-05,unavailable,,,
shell,13,24,shell,4.0,equal,8,3,112,12.0,42.0,0,borda,ok,2.0,1.5435837188879429,0.06923610316822648,0.832968122258636,0.0014255540000078781,published_global_clipped_borda,0.0,,
shell,13,25,shell,4.0,equal,8,3,112,12.0,42.0,0,pl,ok,0.0,1.4812597173271906,0.0,,0.0018251040000052399,hunter_mm,,46.0,2.5579475046047915e-11
shell,13,25,shell,4.0,equal,8,3,112,12.0,42.0,0,mle,ok,0.0,1.5383166567941944,0.05705693946700374,0.9121196566486348,0.0025705399999935707,exact_subset_dp,,,
shell,13,25,shell,4.0,equal,8,3,112,12.0,42.0,0,sharp,ok,2.0,1.5839971733517082,0.10273745602451756,0.8986426795612205,0.003353777000000946,exact_sieve,0.0,,
shell,13,25,shell,4.0,equal,8,3,112,12.0,42.0,0,efficient,outside_schedule_domain,,,,,4.624500002137211e-05,unavailable,,,
shell,13,25,shell,4.0,equal,8,3,112,12.0,42.0,0,borda,ok,0.0,1.5383166567941944,0.05705693946700374,0.9121196566486348,0.0014208309999901303,published_global_clipped_borda,0.0,,
shell,13,26,shell,4.0,equal,8,3,112,12.0,42.0,0,pl,ok,2.0,1.4954258625392471,0.0,,0.0017979200000013407,hunter_mm,,48.0,2.9087208832022172e-11
shell,13,26,shell,4.0,equal,8,3,112,12.0,42.0,0,mle,ok,3.0,1.561681329358454,0.0662554668192068,0.7823017009175557,0.002500100999981214,exact_subset_dp,,,
shell,13,26,shell,4.0,equal,8,3,112,12.0,42.0,0,sharp,ok,2.0,1.5635954998035335,0.06816963726428638,0.685257329800172,0.0035679080000079466,exact_sieve,0.0,,
shell,13,26,shell,4.0,equal,8,3,112,12.0,42.0,0,efficient,outside_schedule_domain,,,,,4.8789000004489935e-05,unavailable,,,
shell,13,26,shell,4.0,equal,8,3,112,12.0,42.0,0,borda,ok,3.0,1.566689134624705,0.0712632720854578,0.685257329800172,0.0015355879999958688,published_global_clipped_borda,0.0,,
shell,13,27,shell,4.0,equal,8,3,112,12.0,42.0,0,pl,ok,3.0,1.5119863903830688,0.0,,0.0019677119999812476,hunter_mm,,55.0,2.115945514041024e-11
shell,13,27,shell,4.0,equal,8,3,112,12.0,42.0,0,mle,ok,4.0,1.6208849945294077,0.1088986041463389,0.9121196566486348,0.0026065080000137186,exact_subset_dp,,,
shell,13,27,shell,4.0,equal,8,3,112,12.0,42.0,0,sharp,ok,4.0,1.6129498124996458,0.10096342211657694,0.8458853458049513,0.00341154400001642,exact_sieve,0.0,,
shell,13,27,shell,4.0,equal,8,3,112,12.0,42.0,0,efficient,outside_schedule_domain,,,,,4.47709999775725e-05,unavailable,,,
shell,13,27,shell,4.0,equal,8,3,112,12.0,42.0,0,borda,ok,5.0,1.6052347348769456,0.09324834449387676,0.8201538760195531,0.0013844619999758834,published_global_clipped_borda,0.0,,
shell,13,28,shell,4.0,equal,8,3,112,12.0,42.0,0,pl,ok,1.0,1.486385324567578,0.0,,0.0017971879999834073,hunter_mm,,49.0,2.0632067483055446e-11
shell,13,28,shell,4.0,equal,8,3,112,12.0,42.0,0,mle,ok,1.0,1.5526305138544512,0.06624518928687317,0.9532945643782407,0.0026704670000015085,exact_subset_dp,,,
shell,13,28,shell,4.0,equal,8,3,112,12.0,42.0,0,sharp,ok,2.0,1.5856702558768416,0.09928493130926364,0.9121196566486348,0.003309561999998323,exact_sieve,0.0,,
shell,13,28,shell,4.0,equal,8,3,112,12.0,42.0,0,efficient,outside_schedule_domain,,,,,5.6778000015356156e-05,unavailable,,,
shell,13,28,shell,4.0,equal,8,3,112,12.0,42.0,0,borda,ok,1.0,1.5526305138544512,0.06624518928687317,0.9532945643782407,0.0015061340000102064,published_global_clipped_borda,0.0,,
shell,13,29,shell,4.0,equal,8,3,112,12.0,42.0,0,pl,ok,2.0,1.4937712283886808,0.0,,0.0016434819999915362,hunter_mm,,41.0,1.095733028120906e-11
shell,13,29,shell,4.0,equal,8,3,112,12.0,42.0,0,mle,ok,4.0,1.5935900535783163,0.09981882518963547,0.7948233114465767,0.0027642299999968145,exact_subset_dp,,,
shell,13,29,shell,4.0,equal,8,3,112,12.0,42.0,0,sharp,ok,3.0,1.5639777767265883,0.07020654833790752,0.7823017009175557,0.0033713530000056835,exact_sieve,0.0,,
shell,13,29,shell,4.0,equal,8,3,112,12.0,42.0,0,efficient,outside_schedule_domain,,,,,4.793900001232032e-05,unavailable,,,
shell,13,29,shell,4.0,equal,8,3,112,12.0,42.0,0,borda,ok,2.0,1.5488846734104764,0.055113445021795604,0.757533184154752,0.0013406179999719825,published_global_clipped_borda,0.0,,
shell,13,30,shell,4.0,equal,8,3,112,12.0,42.0,0,pl,ok,1.0,1.507123538839668,0.0,,0.002603170000014643,hunter_mm,,80.0,2.1377820149025085e-11
shell,13,30,shell,4.0,equal,8,3,112,12.0,42.0,0,mle,ok,2.0,1.5631416765854012,0.056018137745733165,0.9672795990261153,0.0034724379999886423,exact_subset_dp,,,
shell,13,30,shell,4.0,equal,8,3,112,12.0,42.0,0,sharp,ok,2.0,1.5663411978257247,0.05921765898605669,0.8589084084290807,0.0035689329999968322,exact_sieve,0.0,,
shell,13,30,shell,4.0,equal,8,3,112,12.0,42.0,0,efficient,outside_schedule_domain,,,,,4.954400000656278e-05,unavailable,,,
shell,13,30,shell,4.0,equal,8,3,112,12.0,42.0,0,borda,ok,1.0,1.5578711668068195,0.05074762796715149,0.9257182786944403,0.0014021489999720416,published_global_clipped_borda,0.0,,
shell,13,31,shell,4.0,equal,8,3,112,12.0,42.0,0,pl,ok,2.0,1.4831605075641119,0.0,,0.001889086000005591,hunter_mm,,52.0,2.4974054570390892e-11
shell,13,31,shell,4.0,equal,8,3,112,12.0,42.0,0,mle,ok,3.0,1.577183623959547,0.09402311639543504,0.9257182786944403,0.002516366999998354,exact_subset_dp,,,
shell,13,31,shell,4.0,equal,8,3,112,12.0,42.0,0,sharp,ok,3.0,1.5696276240607636,0.08646711649665173,0.8720402655126755,0.003559290999987752,exact_sieve,0.0,,
shell,13,31,shell,4.0,equal,8,3,112,12.0,42.0,0,efficient,outside_schedule_domain,,,,,4.973800000129813e-05,unavailable,,,
shell,13,31,shell,4.0,equal,8,3,112,12.0,42.0,0,borda,ok,3.0,1.5696276240607636,0.08646711649665173,0.8720402655126755,0.0015416889999926298,published_global_clipped_borda,0.0,,
shell,13,32,shell,4.0,equal,8,3,112,12.0,42.0,0,pl,ok,1.0,1.4956340453971162,0.0,,0.0018932669999855989,hunter_mm,,51.0,2.8953093890647453e-11
shell,13,32,shell,4.0,equal,8,3,112,12.0,42.0,0,mle,ok,1.0,1.5594418251811333,0.06380777978401708,0.9672795990261153,0.0025356120000026294,exact_subset_dp,,,
shell,13,32,shell,4.0,equal,8,3,112,12.0,42.0,0,sharp,ok,4.0,1.6356464071086538,0.14001236171153764,0.9121196566486348,0.003234047999995937,exact_sieve,0.0,,
shell,13,32,shell,4.0,equal,8,3,112,12.0,42.0,0,efficient,outside_schedule_domain,,,,,4.765500000303291e-05,unavailable,,,
shell,13,32,shell,4.0,equal,8,3,112,12.0,42.0,0,borda,ok,1.0,1.5594418251811333,0.06380777978401708,0.9672795990261153,0.0013943280000034974,published_global_clipped_borda,0.0,,
shell,13,33,shell,4.0,equal,8,3,112,12.0,42.0,0,pl,ok,1.0,1.4836694901611094,0.0,,0.0016601229999935185,hunter_mm,,44.0,1.5617158360165765e-11
shell,13,33,shell,4.0,equal,8,3,112,12.0,42.0,0,mle,ok,1.0,1.5413307699120538,0.05766127975094437,0.7698724759713074,0.0025973020000265024,exact_subset_dp,,,
shell,13,33,shell,4.0,equal,8,3,112,12.0,42.0,0,sharp,ok,3.0,1.5709705481041993,0.08730105794308995,0.757533184154752,0.0032664750000037657,exact_sieve,0.0,,
shell,13,33,shell,4.0,equal,8,3,112,12.0,42.0,0,efficient,outside_schedule_domain,,,,,4.658299999960036e-05,unavailable,,,
shell,13,33,shell,4.0,equal,8,3,112,12.0,42.0,0,borda,ok,1.0,1.5430358658817749,0.0593663757206655,0.757533184154752,0.0013709860000119534,published_global_clipped_borda,0.0,,
shell,13,34,shell,4.0,equal,8,3,112,12.0,42.0,0,pl,ok,2.0,1.5022296119685494,0.0,,0.002049769999985074,hunter_mm,,58.0,2.3016572774687508e-11
shell,13,34,shell,4.0,equal,8,3,112,12.0,42.0,0,mle,ok,3.0,1.5784632942558599,0.07623368228731042,0.9532945643782407,0.0026495330000102513,exact_subset_dp,,,
shell,13,34,shell,4.0,equal,8,3,112,12.0,42.0,0,sharp,ok,2.0,1.5623512395316665,0.06012162756311712,0.9532945643782407,0.003539340999992646,exact_sieve,0.0,,
shell,13,34,shell,4.0,equal,8,3,112,12.0,42.0,0,efficient,outside_schedule_domain,,,,,5.036499999278021e-05,unavailable,,,
shell,13,34,shell,4.0,equal,8,3,112,12.0,42.0,0,borda,ok,2.0,1.5623512395316665,0.06012162756311712,0.9532945643782407,0.001480009999994536,published_global_clipped_borda,0.0,,
shell,13,35,shell,4.0,equal,8,3,112,12.0,42.0,0,pl,ok,2.0,1.535465344291202,0.0,,0.0016302010000117662,hunter_mm,,44.0,2.3646418156886284e-11
shell,13,35,shell,4.0,equal,8,3,112,12.0,42.0,0,mle,ok,2.0,1.5601627209061717,0.024697376614969624,0.7823017009175557,0.002487287999997534,exact_subset_dp,,,
shell,13,35,shell,4.0,equal,8,3,112,12.0,42.0,0,sharp,ok,5.0,1.7009915819218395,0.16552623763063745,0.7331149445745953,0.0034481180000227596,exact_sieve,0.0,,
shell,13,35,shell,4.0,equal,8,3,112,12.0,42.0,0,efficient,outside_schedule_domain,,,,,5.0294999994093814e-05,unavailable,,,
shell,13,35,shell,4.0,equal,8,3,112,12.0,42.0,0,borda,ok,3.0,1.5851286282164843,0.04966328392528219,0.757533184154752,0.0013490000000047075,published_global_clipped_borda,0.0,,
shell,13,36,shell,4.0,equal,8,3,112,12.0,42.0,0,pl,ok,3.0,1.5046953406706616,0.0,,0.001682956999985663,hunter_mm,,44.0,1.795509772607927e-11
shell,13,36,shell,4.0,equal,8,3,112,12.0,42.0,0,mle,ok,1.0,1.5428160899606853,0.03812074929002374,0.7948233114465767,0.0026714040000115347,exact_subset_dp,,,
shell,13,36,shell,4.0,equal,8,3,112,12.0,42.0,0,sharp,ok,3.0,1.6037125364293698,0.09901719575870827,0.7090287388626768,0.0034678279999980077,exact_sieve,0.0,,
shell,13,36,shell,4.0,equal,8,3,112,12.0,42.0,0,efficient,outside_schedule_domain,,,,,4.7502000001031774e-05,unavailable,,,
shell,13,36,shell,4.0,equal,8,3,112,12.0,42.0,0,borda,ok,3.0,1.5658150350706295,0.061119694399967894,0.697104725066857,0.0015483130000006895,published_global_clipped_borda,0.0,,
shell,13,37,shell,4.0,equal,8,3,112,12.0,42.0,0,pl,ok,1.0,1.4929965807401666,0.0,,0.002186596000001373,hunter_mm,,62.0,2.2780951728204204e-11
shell,13,37,shell,4.0,equal,8,3,112,12.0,42.0,0,mle,ok,2.0,1.562879241783901,0.06988266104373442,0.9532945643782407,0.0026778909999904954,exact_subset_dp,,,
shell,13,37,shell,4.0,equal,8,3,112,12.0,42.0,0,sharp,ok,1.0,1.5552544833790607,0.06225790263889408,0.8986426795612205,0.0033520620000047074,exact_sieve,0.0,,
shell,13,37,shell,4.0,equal,8,3,112,12.0,42.0,0,efficient,outside_schedule_domain,,,,,4.923000000189859e-05,unavailable,,,
shell,13,37,shell,4.0,equal,8,3,112,12.0,42.0,0,borda,ok,1.0,1.5438787128350866,0.050882132094919985,0.9532945643782407,0.0014601299999981165,published_global_clipped_borda,0.0,,
shell,13,38,shell,4.0,equal,8,3,112,12.0,42.0,0,pl,ok,0.0,1.5061710305235643,0.0,,0.002174470999989353,hunter_mm,,63.0,2.3492192318436925e-11
shell,13,38,shell,4.0,equal,8,3,112,12.0,42.0,0,mle,ok,2.0,1.5525968592229356,0.046425828699371285,0.9532945643782407,0.0026848859999972774,exact_subset_dp,,,
shell,13,38,shell,4.0,equal,8,3,112,12.0,42.0,0,sharp,ok,4.0,1.6124597106146625,0.10628868009109826,0.8986426795612205,0.0035394999999880383,exact_sieve,0.0,,
shell,13,38,shell,4.0,equal,8,3,112,12.0,42.0,0,efficient,outside_schedule_domain,,,,,4.776199997991171e-05,unavailable,,,
shell,13,38,shell,4.0,equal,8,3,112,12.0,42.0,0,borda,ok,1.0,1.551053546315639,0.044882515792074695,0.8852839704922475,0.0013212590000080127,published_global_clipped_borda,0.0,,
shell,13,39,shell,4.0,equal,8,3,112,12.0,42.0,0,pl,ok,3.0,1.4906644775005669,0.0,,0.0018762030000232244,hunter_mm,,51.0,2.8293938620598577e-11
shell,13,39,shell,4.0,equal,8,3,112,12.0,42.0,0,mle,ok,4.0,1.5759446327107698,0.08528015521020293,0.8589084084290807,0.0026574970000012854,exact_subset_dp,,,
shell,13,39,shell,4.0,equal,8,3,112,12.0,42.0,0,sharp,ok,3.0,1.5869808994325472,0.09631642193198031,0.7948233114465767,0.0035076310000192734,exact_sieve,0.0,,
shell,13,39,shell,4.0,equal,8,3,112,12.0,42.0,0,efficient,outside_schedule_domain,,,,,5.157600000416096e-05,unavailable,,,
shell,13,39,shell,4.0,equal,8,3,112,12.0,42.0,0,borda,ok,3.0,1.5590314086800214,0.06836693117945458,0.8074398347256734,0.0015317600000059883,published_global_clipped_borda,0.0,,
shell,14,0,shell,4.0,equal,8,3,448,48.0,168.0,0,pl,ok,1.0,1.4685933554710218,0.0,,0.0028556579999872156,hunter_mm,,46.0,2.1922336961616954e-11
shell,14,0,shell,4.0,equal,8,3,448,48.0,168.0,0,mle,ok,0.0,1.533991260886277,0.06539790541525514,0.791684110769496,0.0029446979999931955,exact_subset_dp,,,
shell,14,0,shell,4.0,equal,8,3,448,48.0,168.0,0,sharp,ok,4.0,1.5904941311206162,0.12190077564959445,0.6676255124486691,0.010778789999989158,exact_sieve,0.0,,
shell,14,0,shell,4.0,equal,8,3,448,48.0,168.0,0,efficient,outside_schedule_domain,,,,,7.952799998633964e-05,unavailable,,,
shell,14,0,shell,4.0,equal,8,3,448,48.0,168.0,0,borda,ok,1.0,1.5355439946569427,0.06695063918592092,0.7885508018261497,0.0014766970000152924,published_global_clipped_borda,0.0,,
shell,14,1,shell,4.0,equal,8,3,448,48.0,168.0,0,pl,ok,1.0,1.4762022859622248,0.0,,0.002978015999985928,hunter_mm,,51.0,2.3908240466750742e-11
shell,14,1,shell,4.0,equal,8,3,448,48.0,168.0,0,mle,ok,1.0,1.5421518904204892,0.06594960445826437,0.9359991728966375,0.0026190799999881165,exact_subset_dp,,,
shell,14,1,shell,4.0,equal,8,3,448,48.0,168.0,0,sharp,ok,1.0,1.5536347816255804,0.07743249566335564,0.8786479422186868,0.010605826999977808,exact_sieve,0.0,,
shell,14,1,shell,4.0,equal,8,3,448,48.0,168.0,0,efficient,outside_schedule_domain,,,,,7.937699999160941e-05,unavailable,,,
shell,14,1,shell,4.0,equal,8,3,448,48.0,168.0,0,borda,ok,1.0,1.5421518904204892,0.06594960445826437,0.9359991728966375,0.0014310119999834114,published_global_clipped_borda,0.0,,
shell,14,2,shell,4.0,equal,8,3,448,48.0,168.0,0,pl,ok,1.0,1.4790109929085884,0.0,,0.00248144600001865,hunter_mm,,41.0,1.929079118667687e-11
shell,14,2,shell,4.0,equal,8,3,448,48.0,168.0,0,mle,ok,2.0,1.559577735005024,0.08056674209643555,0.6764208525822514,0.0026463309999940066,exact_subset_dp,,,
shell,14,2,shell,4.0,equal,8,3,448,48.0,168.0,0,sharp,ok,1.0,1.5508502752098976,0.0718392823013092,0.6734845421971655,0.010642222000001311,exact_sieve,0.0,,
shell,14,2,shell,4.0,equal,8,3,448,48.0,168.0,0,efficient,outside_schedule_domain,,,,,7.37809999975525e-05,unavailable,,,
shell,14,2,shell,4.0,equal,8,3,448,48.0,168.0,0,borda,ok,2.0,1.5541404189447316,0.07512942603614325,0.6530558287250038,0.001602732000009155,published_global_clipped_borda,0.0,,
shell,14,3,shell,4.0,equal,8,3,448,48.0,168.0,0,pl,ok,0.0,1.4730327243566625,0.0,,0.002571824999989758,hunter_mm,,44.0,1.6216742234779045e-11
shell,14,3,shell,4.0,equal,8,3,448,48.0,168.0,0,mle,ok,2.0,1.5430720379856937,0.07003931362903115,0.7544621327077489,0.0026109529999871484,exact_subset_dp,,,
shell,14,3,shell,4.0,equal,8,3,448,48.0,168.0,0,sharp,ok,3.0,1.5826270339758592,0.1095943096191967,0.7030570268349976,0.010945929000001797,exact_sieve,0.0,,
shell,14,3,shell,4.0,equal,8,3,448,48.0,168.0,0,efficient,outside_schedule_domain,,,,,8.163999999055704e-05,unavailable,,,
shell,14,3,shell,4.0,equal,8,3,448,48.0,168.0,0,borda,ok,1.0,1.5438415410108424,0.07080881665417982,0.7300863735775438,0.001603130999995983,published_global_clipped_borda,0.0,,
shell,14,4,shell,4.0,equal,8,3,448,48.0,168.0,0,pl,ok,0.0,1.4727793911974878,0.0,,0.003111290000020972,hunter_mm,,52.0,2.1085419124996665e-11
shell,14,4,shell,4.0,equal,8,3,448,48.0,168.0,0,mle,ok,0.0,1.5366971934930147,0.0639178022955269,0.888612740509556,0.002587047999980996,exact_subset_dp,,,
shell,14,4,shell,4.0,equal,8,3,448,48.0,168.0,0,sharp,ok,2.0,1.5590326009160298,0.086253209718542,0.8491310752359388,0.010618974999999864,exact_sieve,0.0,,
shell,14,4,shell,4.0,equal,8,3,448,48.0,168.0,0,efficient,outside_schedule_domain,,,,,7.706200000257013e-05,unavailable,,,
shell,14,4,shell,4.0,equal,8,3,448,48.0,168.0,0,borda,ok,0.0,1.5366971934930147,0.0639178022955269,0.888612740509556,0.001426191000007293,published_global_clipped_borda,0.0,,
shell,14,5,shell,4.0,equal,8,3,448,48.0,168.0,0,pl,ok,0.0,1.4750521902134637,0.0,,0.002846669000007296,hunter_mm,,50.0,2.1748190550040037e-11
shell,14,5,shell,4.0,equal,8,3,448,48.0,168.0,0,mle,ok,1.0,1.5538847302599024,0.07883254004643869,0.8819623877046637,0.002803921999998238,exact_subset_dp,,,
shell,14,5,shell,4.0,equal,8,3,448,48.0,168.0,0,sharp,ok,2.0,1.5504227718262076,0.0753705816127439,0.8491310752359388,0.01115992499998697,exact_sieve,0.0,,
shell,14,5,shell,4.0,equal,8,3,448,48.0,168.0,0,efficient,outside_schedule_domain,,,,,8.410699999217286e-05,unavailable,,,
shell,14,5,shell,4.0,equal,8,3,448,48.0,168.0,0,borda,ok,1.0,1.5365827242985803,0.06153053408511666,0.852383464765803,0.001575191999990011,published_global_clipped_borda,0.0,,
shell,14,6,shell,4.0,equal,8,3,448,48.0,168.0,0,pl,ok,1.0,1.4772712674360315,0.0,,0.0027936019999970085,hunter_mm,,46.0,1.867166738683019e-11
shell,14,6,shell,4.0,equal,8,3,448,48.0,168.0,0,mle,ok,1.0,1.5355800607099095,0.058308793273877946,0.8106090992009355,0.0027789399999846864,exact_subset_dp,,,
shell,14,6,shell,4.0,equal,8,3,448,48.0,168.0,0,sharp,ok,2.0,1.5428898062772765,0.06561853884124491,0.8042766647277028,0.011170165000010002,exact_sieve,0.0,,
shell,14,6,shell,4.0,equal,8,3,448,48.0,168.0,0,efficient,outside_schedule_domain,,,,,8.46460000047955e-05,unavailable,,,
shell,14,6,shell,4.0,equal,8,3,448,48.0,168.0,0,borda,ok,1.0,1.5413725254563075,0.064101258020276,0.766779315990074,0.0016529840000032436,published_global_clipped_borda,0.0,,
shell,14,7,shell,4.0,equal,8,3,448,48.0,168.0,0,pl,ok,0.0,1.4711093230918397,0.0,,0.002652380000000676,hunter_mm,,45.0,1.9188460344464277e-11
shell,14,7,shell,4.0,equal,8,3,448,48.0,168.0,0,mle,ok,1.0,1.541293640269143,0.07018431717730333,0.8011195480346118,0.0027447309999786285,exact_subset_dp,,,
shell,14,7,shell,4.0,equal,8,3,448,48.0,168.0,0,sharp,ok,2.0,1.5598641175634336,0.08875479447159385,0.7544621327077489,0.010545645000007653,exact_sieve,0.0,,
shell,14,7,shell,4.0,equal,8,3,448,48.0,168.0,0,efficient,outside_schedule_domain,,,,,7.797799997888433e-05,unavailable,,,
shell,14,7,shell,4.0,equal,8,3,448,48.0,168.0,0,borda,ok,1.0,1.5357273124435613,0.06461798935172158,0.7729712564241071,0.0015912529999866365,published_global_clipped_borda,0.0,,
shell,14,8,shell,4.0,equal,8,3,448,48.0,168.0,0,pl,ok,0.0,1.4678039108415974,0.0,,0.002860190999996348,hunter_mm,,49.0,2.1823431950451777e-11
shell,14,8,shell,4.0,equal,8,3,448,48.0,168.0,0,mle,ok,2.0,1.5440832379983505,0.07627932715675301,0.8458853458049513,0.0028162819999977273,exact_subset_dp,,,
shell,14,8,shell,4.0,equal,8,3,448,48.0,168.0,0,sharp,ok,1.0,1.5424412006177664,0.0746372897761689,0.8458853458049513,0.010654314000021259,exact_sieve,0.0,,
shell,14,8,shell,4.0,equal,8,3,448,48.0,168.0,0,efficient,outside_schedule_domain,,,,,7.318999999483822e-05,unavailable,,,
shell,14,8,shell,4.0,equal,8,3,448,48.0,168.0,0,borda,ok,0.0,1.5340338274539824,0.06622991661238498,0.8137844996447892,0.0014406280000116567,published_global_clipped_borda,0.0,,
shell,14,9,shell,4.0,equal,8,3,448,48.0,168.0,0,pl,ok,1.0,1.4795739660882818,0.0,,0.00329172700000413,hunter_mm,,58.0,3.1732394489836224e-11
shell,14,9,shell,4.0,equal,8,3,448,48.0,168.0,0,mle,ok,1.0,1.5384221735319956,0.058848207443713774,0.888612740509556,0.002591886000004706,exact_subset_dp,,,
shell,14,9,shell,4.0,equal,8,3,448,48.0,168.0,0,sharp,ok,2.0,1.5543938445355137,0.07481987844723181,0.8654605491756215,0.01055672300000765,exact_sieve,0.0,,
shell,14,9,shell,4.0,equal,8,3,448,48.0,168.0,0,efficient,outside_schedule_domain,,,,,7.615100000180064e-05,unavailable,,,
shell,14,9,shell,4.0,equal,8,3,448,48.0,168.0,0,borda,ok,1.0,1.5384221735319956,0.058848207443713774,0.888612740509556,0.0014613360000055309,published_global_clipped_borda,0.0,,
shell,14,10,shell,4.0,equal,8,3,448,48.0,168.0,0,pl,ok,0.0,1.469320008330722,0.0,,0.0027604699999983495,hunter_mm,,48.0,2.1568651626629228e-11
shell,14,10,shell,4.0,equal,8,3,448,48.0,168.0,0,mle,ok,1.0,1.5414197495331827,0.07209974120246065,0.8106090992009355,0.0025830719999930807,exact_subset_dp,,,
shell,14,10,shell,4.0,equal,8,3,448,48.0,168.0,0,sharp,ok,2.0,1.550203523499956,0.08088351516923398,0.8011195480346118,0.01060810799998535,exact_sieve,0.0,,
shell,14,10,shell,4.0,equal,8,3,448,48.0,168.0,0,efficient,outside_schedule_domain,,,,,7.070499998462765e-05,unavailable,,,
shell,14,10,shell,4.0,equal,8,3,448,48.0,168.0,0,borda,ok,1.0,1.5427775031595439,0.0734574948288218,0.7854233449861958,0.0017382959999849845,published_global_clipped_borda,0.0,,
shell,14,11,shell,4.0,equal,8,3,448,48.0,168.0,0,pl,ok,2.0,1.4716744467819,0.0,,0.0028361589999974512,hunter_mm,,50.0,1.9043560379421772e-11
shell,14,11,shell,4.0,equal,8,3,448,48.0,168.0,0,mle,ok,1.0,1.5359659915897717,0.06429154480787158,0.832968122258636,0.002590499000007185,exact_subset_dp,,,
shell,14,11,shell,4.0,equal,8,3,448,48.0,168.0,0,sharp,ok,3.0,1.579119687492269,0.10744524071036898,0.7698724759713074,0.010397815000004584,exact_sieve,0.0,,
shell,14,11,shell,4.0,equal,8,3,448,48.0,168.0,0,efficient,outside_schedule_domain,,,,,7.253900000137037e-05,unavailable,,,
shell,14,11,shell,4.0,equal,8,3,448,48.0,168.0,0,borda,ok,2.0,1.5435837188879429,0.07190927210604281,0.832968122258636,0.0015121839999778786,published_global_clipped_borda,0.0,,
shell,14,12,shell,4.0,equal,8,3,448,48.0,168.0,0,pl,ok,0.0,1.4742639702671134,0.0,,0.0030436810000082914,hunter_mm,,44.0,1.9040388313637127e-11
shell,14,12,shell,4.0,equal,8,3,448,48.0,168.0,0,mle,ok,2.0,1.5433907837660807,0.06912681349896732,0.7422319171816304,0.002672089000014921,exact_subset_dp,,,
shell,14,12,shell,4.0,equal,8,3,448,48.0,168.0,0,sharp,ok,6.0,1.628259343631204,0.15399537336409064,0.6185239412076018,0.010802979999994022,exact_sieve,0.0,,
shell,14,12,shell,4.0,equal,8,3,448,48.0,168.0,0,efficient,outside_schedule_domain,,,,,7.295900002191047e-05,unavailable,,,
shell,14,12,shell,4.0,equal,8,3,448,48.0,168.0,0,borda,ok,1.0,1.5367270470997028,0.06246307683258934,0.7391876815223555,0.0016016250000063792,published_global_clipped_borda,0.0,,
shell,14,13,shell,4.0,equal,8,3,448,48.0,168.0,0,pl,ok,1.0,1.4719677173782049,0.0,,0.002715558000005558,hunter_mm,,47.0,1.9914926850463287e-11
shell,14,13,shell,4.0,equal,8,3,448,48.0,168.0,0,mle,ok,0.0,1.5341588467231668,0.06219112934496196,0.8233479365601499,0.002726542999994308,exact_subset_dp,,,
shell,14,13,shell,4.0,equal,8,3,448,48.0,168.0,0,sharp,ok,3.0,1.5577193172500676,0.08575159987186276,0.766779315990074,0.010674413999993249,exact_sieve,0.0,,
shell,14,13,shell,4.0,equal,8,3,448,48.0,168.0,0,efficient,outside_schedule_domain,,,,,7.327699998427306e-05,unavailable,,,
shell,14,13,shell,4.0,equal,8,3,448,48.0,168.0,0,borda,ok,1.0,1.5477069660977787,0.07573924871957383,0.8106090992009355,0.0014637449999952423,published_global_clipped_borda,0.0,,
shell,14,14,shell,4.0,equal,8,3,448,48.0,168.0,0,pl,ok,1.0,1.4888545508643647,0.0,,0.0030045700000016495,hunter_mm,,51.0,2.0806721425157905e-11
shell,14,14,shell,4.0,equal,8,3,448,48.0,168.0,0,mle,ok,1.0,1.5428236401503335,0.053969089285968774,0.7729712564241071,0.0027265819999797714,exact_subset_dp,,,
shell,14,14,shell,4.0,equal,8,3,448,48.0,168.0,0,sharp,ok,1.0,1.5428236401503335,0.053969089285968774,0.7729712564241071,0.010738023000016028,exact_sieve,0.0,,
shell,14,14,shell,4.0,equal,8,3,448,48.0,168.0,0,efficient,outside_schedule_domain,,,,,7.904399998892586e-05,unavailable,,,
shell,14,14,shell,4.0,equal,8,3,448,48.0,168.0,0,borda,ok,1.0,1.5428236401503335,0.053969089285968774,0.7729712564241071,0.0015286269999990054,published_global_clipped_borda,0.0,,
shell,14,15,shell,4.0,equal,8,3,448,48.0,168.0,0,pl,ok,1.0,1.473042996145323,0.0,,0.0032135649999815996,hunter_mm,,57.0,2.4853769835837217e-11
shell,14,15,shell,4.0,equal,8,3,448,48.0,168.0,0,mle,ok,2.0,1.5458631853890117,0.0728201892436886,0.8786479422186868,0.0026096869999889805,exact_subset_dp,,,
shell,14,15,shell,4.0,equal,8,3,448,48.0,168.0,0,sharp,ok,1.0,1.5369922611023643,0.06394926495704123,0.8621810556555045,0.010618851000003815,exact_sieve,0.0,,
shell,14,15,shell,4.0,equal,8,3,448,48.0,168.0,0,efficient,outside_schedule_domain,,,,,6.777799998758383e-05,unavailable,,,
shell,14,15,shell,4.0,equal,8,3,448,48.0,168.0,0,borda,ok,1.0,1.5369922611023643,0.06394926495704123,0.8621810556555045,0.0015380459999789764,published_global_clipped_borda,0.0,,
shell,14,16,shell,4.0,equal,8,3,448,48.0,168.0,0,pl,ok,0.0,1.474711219606772,0.0,,0.0030843019999906574,hunter_mm,,53.0,2.436882441868095e-11
shell,14,16,shell,4.0,equal,8,3,448,48.0,168.0,0,mle,ok,1.0,1.5362409155786914,0.061529695971919374,0.8426462308593962,0.002557803000001968,exact_subset_dp,,,
shell,14,16,shell,4.0,equal,8,3,448,48.0,168.0,0,sharp,ok,2.0,1.5525682418404458,0.07785702223367386,0.832968122258636,0.010784706999999116,exact_sieve,0.0,,
shell,14,16,shell,4.0,equal,8,3,448,48.0,168.0,0,efficient,outside_schedule_domain,,,,,7.238599999936923e-05,unavailable,,,
shell,14,16,shell,4.0,equal,8,3,448,48.0,168.0,0,borda,ok,0.0,1.5345124089638156,0.059801189357043594,0.839413685151351,0.0015396379999970122,published_global_clipped_borda,0.0,,
shell,14,17,shell,4.0,equal,8,3,448,48.0,168.0,0,pl,ok,1.0,1.4727594589014412,0.0,,0.002762037999985978,hunter_mm,,48.0,2.0719045526870363e-11
shell,14,17,shell,4.0,equal,8,3,448,48.0,168.0,0,mle,ok,1.0,1.541293640269143,0.06853418136770184,0.8011195480346118,0.0033481010000002698,exact_subset_dp,,,
shell,14,17,shell,4.0,equal,8,3,448,48.0,168.0,0,sharp,ok,3.0,1.5613583678918297,0.08859890899038847,0.7606097072789118,0.010755416000023388,exact_sieve,0.0,,
shell,14,17,shell,4.0,equal,8,3,448,48.0,168.0,0,efficient,outside_schedule_domain,,,,,7.204799999271927e-05,unavailable,,,
shell,14,17,shell,4.0,equal,8,3,448,48.0,168.0,0,borda,ok,1.0,1.541293640269143,0.06853418136770184,0.8011195480346118,0.001548557999996092,published_global_clipped_borda,0.0,,
shell,14,18,shell,4.0,equal,8,3,448,48.0,168.0,0,pl,ok,1.0,1.4785721859130758,0.0,,0.0025749430000132634,hunter_mm,,43.0,2.409856441382934e-11
shell,14,18,shell,4.0,equal,8,3,448,48.0,168.0,0,mle,ok,2.0,1.5484760728686755,0.06990388695559968,0.7636917388705126,0.002574199000008548,exact_subset_dp,,,
shell,14,18,shell,4.0,equal,8,3,448,48.0,168.0,0,sharp,ok,4.0,1.6059193623611006,0.12734717644802473,0.6941357727405297,0.010996855000001915,exact_sieve,0.0,,
shell,14,18,shell,4.0,equal,8,3,448,48.0,168.0,0,efficient,outside_schedule_domain,,,,,7.651599997871017e-05,unavailable,,,
shell,14,18,shell,4.0,equal,8,3,448,48.0,168.0,0,borda,ok,2.0,1.5571523539499021,0.07858016803682633,0.7452814445194086,0.0015880839999908858,published_global_clipped_borda,0.0,,
shell,14,19,shell,4.0,equal,8,3,448,48.0,168.0,0,pl,ok,0.0,1.4746419120700671,0.0,,0.0027043560000095113,hunter_mm,,47.0,2.2790087277663976e-11
shell,14,19,shell,4.0,equal,8,3,448,48.0,168.0,0,mle,ok,1.0,1.5470884431105185,0.0724465310404514,0.7979684437893203,0.002772768999989239,exact_subset_dp,,,
shell,14,19,shell,4.0,equal,8,3,448,48.0,168.0,0,sharp,ok,2.0,1.5560006618708058,0.08135874980073865,0.7823017009175557,0.011563700000010613,exact_sieve,0.0,,
shell,14,19,shell,4.0,equal,8,3,448,48.0,168.0,0,efficient,outside_schedule_domain,,,,,8.84119999966515e-05,unavailable,,,
shell,14,19,shell,4.0,equal,8,3,448,48.0,168.0,0,borda,ok,1.0,1.5470884431105185,0.0724465310404514,0.7979684437893203,0.0015973430000144617,published_global_clipped_borda,0.0,,
shell,14,20,shell,4.0,equal,8,3,448,48.0,168.0,0,pl,ok,0.0,1.469479048256681,0.0,,0.002784948999988046,hunter_mm,,45.0,1.9666680982157102e-11
shell,14,20,shell,4.0,equal,8,3,448,48.0,168.0,0,mle,ok,2.0,1.5485366773014548,0.07905762904477376,0.757533184154752,0.003032413999989103,exact_subset_dp,,,
shell,14,20,shell,4.0,equal,8,3,448,48.0,168.0,0,sharp,ok,1.0,1.5511382731863999,0.08165922492971878,0.7000784657811105,0.01156054999998446,exact_sieve,0.0,,
shell,14,20,shell,4.0,equal,8,3,448,48.0,168.0,0,efficient,outside_schedule_domain,,,,,7.769200001916943e-05,unavailable,,,
shell,14,20,shell,4.0,equal,8,3,448,48.0,168.0,0,borda,ok,0.0,1.535428782689236,0.06594973443255503,0.7361487023127573,0.0021690769999906934,published_global_clipped_borda,0.0,,
shell,14,21,shell,4.0,equal,8,3,448,48.0,168.0,0,pl,ok,1.0,1.47181727329678,0.0,,0.0026882549999811545,hunter_mm,,45.0,1.922861869729786e-11
shell,14,21,shell,4.0,equal,8,3,448,48.0,168.0,0,mle,ok,2.0,1.5489938467887212,0.07717657349194118,0.8137844996447892,0.002615552999998272,exact_subset_dp,,,
shell,14,21,shell,4.0,equal,8,3,448,48.0,168.0,0,sharp,ok,3.0,1.5564361344731088,0.08461886117632877,0.8137844996447892,0.010954363999985617,exact_sieve,0.0,,
shell,14,21,shell,4.0,equal,8,3,448,48.0,168.0,0,efficient,outside_schedule_domain,,,,,7.534899998518085e-05,unavailable,,,
shell,14,21,shell,4.0,equal,8,3,448,48.0,168.0,0,borda,ok,1.0,1.535553709898378,0.063736436601598,0.8074398347256734,0.001532720000000154,published_global_clipped_borda,0.0,,
shell,14,22,shell,4.0,equal,8,3,448,48.0,168.0,0,pl,ok,1.0,1.4769152226826652,0.0,,0.0031136790000232395,hunter_mm,,54.0,1.9247524209374335e-11
shell,14,22,shell,4.0,equal,8,3,448,48.0,168.0,0,mle,ok,1.0,1.5453076516593678,0.06839242897670261,0.895292044054161,0.0025795260000052167,exact_subset_dp,,,
shell,14,22,shell,4.0,equal,8,3,448,48.0,168.0,0,sharp,ok,1.0,1.54916450822792,0.07224928554525478,0.8491310752359388,0.010467776000012918,exact_sieve,0.0,,
shell,14,22,shell,4.0,equal,8,3,448,48.0,168.0,0,efficient,outside_schedule_domain,,,,,7.14969999933146e-05,unavailable,,,
shell,14,22,shell,4.0,equal,8,3,448,48.0,168.0,0,borda,ok,2.0,1.5454454485727864,0.06853022589012125,0.8720402655126755,0.0018683589999852757,published_global_clipped_borda,0.0,,
shell,14,23,shell,4.0,equal,8,3,448,48.0,168.0,0,pl,ok,0.0,1.4734217331844803,0.0,,0.002986009000011336,hunter_mm,,51.0,2.5222554203959848e-11
shell,14,23,shell,4.0,equal,8,3,448,48.0,168.0,0,mle,ok,2.0,1.560439126572745,0.08701739338826475,0.8556425603777551,0.0025837670000044,exact_subset_dp,,,
shell,14,23,shell,4.0,equal,8,3,448,48.0,168.0,0,sharp,ok,2.0,1.5525693470803175,0.07914761389583713,0.8426462308593962,0.010456941000001052,exact_sieve,0.0,,
shell,14,23,shell,4.0,equal,8,3,448,48.0,168.0,0,efficient,outside_schedule_domain,,,,,7.901200001469988e-05,unavailable,,,
shell,14,23,shell,4.0,equal,8,3,448,48.0,168.0,0,borda,ok,1.0,1.5365827242985803,0.0631609911141,0.852383464765803,0.0016299149999952078,published_global_clipped_borda,0.0,,
shell,14,24,shell,4.0,equal,8,3,448,48.0,168.0,0,pl,ok,0.0,1.4752584081156699,0.0,,0.0025609820000056516,hunter_mm,,43.0,1.9975830513528438e-11
shell,14,24,shell,4.0,equal,8,3,448,48.0,168.0,0,mle,ok,2.0,1.5508228583732913,0.07556445025762137,0.7210314373934753,0.0028324490000102287,exact_subset_dp,,,
shell,14,24,shell,4.0,equal,8,3,448,48.0,168.0,0,sharp,ok,3.0,1.583600402247574,0.10834199413190415,0.6676255124486691,0.01053858499997773,exact_sieve,0.0,,
shell,14,24,shell,4.0,equal,8,3,448,48.0,168.0,0,efficient,outside_schedule_domain,,,,,6.880199998704484e-05,unavailable,,,
shell,14,24,shell,4.0,equal,8,3,448,48.0,168.0,0,borda,ok,0.0,1.536755535090878,0.06149712697520804,0.7120219548409804,0.001613843000001225,published_global_clipped_borda,0.0,,
shell,14,25,shell,4.0,equal,8,3,448,48.0,168.0,0,pl,ok,1.0,1.4783483308820262,0.0,,0.0025080309999907513,hunter_mm,,42.0,1.5114703139878268e-11
shell,14,25,shell,4.0,equal,8,3,448,48.0,168.0,0,mle,ok,2.0,1.5510585439183875,0.07271021303636127,0.7150201211726228,0.0026327440000102342,exact_subset_dp,,,
shell,14,25,shell,4.0,equal,8,3,448,48.0,168.0,0,sharp,ok,5.0,1.6026582061022943,0.12430987522026804,0.6647027331115386,0.01067962499999453,exact_sieve,0.0,,
shell,14,25,shell,4.0,equal,8,3,448,48.0,168.0,0,efficient,outside_schedule_domain,,,,,6.964499999639884e-05,unavailable,,,
shell,14,25,shell,4.0,equal,8,3,448,48.0,168.0,0,borda,ok,1.0,1.5446744936170707,0.06632616273504444,0.7120219548409804,0.0015598229999795876,published_global_clipped_borda,0.0,,
shell,14,26,shell,4.0,equal,8,3,448,48.0,168.0,0,pl,ok,1.0,1.477669999581765,0.0,,0.002975057000014658,hunter_mm,,52.0,2.3210766642023373e-11
shell,14,26,shell,4.0,equal,8,3,448,48.0,168.0,0,mle,ok,1.0,1.5384221735319956,0.06075217395023058,0.888612740509556,0.002531308000015997,exact_subset_dp,,,
shell,14,26,shell,4.0,equal,8,3,448,48.0,168.0,0,sharp,ok,3.0,1.5675063510981744,0.08983635151640934,0.852383464765803,0.010437244999991435,exact_sieve,0.0,,
shell,14,26,shell,4.0,equal,8,3,448,48.0,168.0,0,efficient,outside_schedule_domain,,,,,6.768800000145347e-05,unavailable,,,
shell,14,26,shell,4.0,equal,8,3,448,48.0,168.0,0,borda,ok,2.0,1.5613941902524475,0.08372419067068249,0.8687469364953876,0.0016182140000182699,published_global_clipped_borda,0.0,,
shell,14,27,shell,4.0,equal,8,3,448,48.0,168.0,0,pl,ok,2.0,1.4758559096242327,0.0,,0.002677233000014212,hunter_mm,,46.0,2.6778515912643084e-11
shell,14,27,shell,4.0,equal,8,3,448,48.0,168.0,0,mle,ok,2.0,1.5518489596423317,0.07599305001809897,0.8458853458049513,0.002705136999992419,exact_subset_dp,,,
shell,14,27,shell,4.0,equal,8,3,448,48.0,168.0,0,sharp,ok,2.0,1.5432025963794447,0.06734668675521194,0.8201538760195531,0.010400651999987076,exact_sieve,0.0,,
shell,14,27,shell,4.0,equal,8,3,448,48.0,168.0,0,efficient,outside_schedule_domain,,,,,6.638299998940056e-05,unavailable,,,
shell,14,27,shell,4.0,equal,8,3,448,48.0,168.0,0,borda,ok,2.0,1.5518489596423317,0.07599305001809897,0.8458853458049513,0.0015344070000082866,published_global_clipped_borda,0.0,,
shell,14,28,shell,4.0,equal,8,3,448,48.0,168.0,0,pl,ok,1.0,1.4705818217968423,0.0,,0.0026741890000039348,hunter_mm,,46.0,1.8005089482845247e-11
shell,14,28,shell,4.0,equal,8,3,448,48.0,168.0,0,mle,ok,2.0,1.5484760728686755,0.07789425107183323,0.7636917388705126,0.00257489099999475,exact_subset_dp,,,
shell,14,28,shell,4.0,equal,8,3,448,48.0,168.0,0,sharp,ok,3.0,1.5655132221586507,0.09493140036180847,0.757533184154752,0.010597446000019772,exact_sieve,0.0,,
shell,14,28,shell,4.0,equal,8,3,448,48.0,168.0,0,efficient,outside_schedule_domain,,,,,7.085699999720418e-05,unavailable,,,
shell,14,28,shell,4.0,equal,8,3,448,48.0,168.0,0,borda,ok,1.0,1.5359194049178533,0.06533758312101101,0.7636917388705126,0.0014655540000205747,published_global_clipped_borda,0.0,,
shell,14,29,shell,4.0,equal,8,3,448,48.0,168.0,0,pl,ok,0.0,1.4725138055692444,0.0,,0.002780043000001342,hunter_mm,,49.0,1.843040006325022e-11
shell,14,29,shell,4.0,equal,8,3,448,48.0,168.0,0,mle,ok,2.0,1.5513741144550812,0.07886030888583684,0.8361876637942263,0.002729383000001917,exact_subset_dp,,,
shell,14,29,shell,4.0,equal,8,3,448,48.0,168.0,0,sharp,ok,2.0,1.5510460604210492,0.07853225485180482,0.8011195480346118,0.010549486999991586,exact_sieve,0.0,,
shell,14,29,shell,4.0,equal,8,3,448,48.0,168.0,0,efficient,outside_schedule_domain,,,,,7.168199999796343e-05,unavailable,,,
shell,14,29,shell,4.0,equal,8,3,448,48.0,168.0,0,borda,ok,0.0,1.5342783463454392,0.061764540776194865,0.8297550163683275,0.001434566000000359,published_global_clipped_borda,0.0,,
shell,14,30,shell,4.0,equal,8,3,448,48.0,168.0,0,pl,ok,1.0,1.4730488327752498,0.0,,0.002706335999988596,hunter_mm,,46.0,1.4799463242200416e-11
shell,14,30,shell,4.0,equal,8,3,448,48.0,168.0,0,mle,ok,0.0,1.534605165986218,0.06155633321096832,0.8426462308593962,0.002599565999986453,exact_subset_dp,,,
shell,14,30,shell,4.0,equal,8,3,448,48.0,168.0,0,sharp,ok,1.0,1.549934639575934,0.07688580680068413,0.8011195480346118,0.010633049999995592,exact_sieve,0.0,,
shell,14,30,shell,4.0,equal,8,3,448,48.0,168.0,0,efficient,outside_schedule_domain,,,,,7.061399998065099e-05,unavailable,,,
shell,14,30,shell,4.0,equal,8,3,448,48.0,168.0,0,borda,ok,1.0,1.542074211011543,0.06902537823629329,0.8361876637942263,0.0016172990000029586,published_global_clipped_borda,0.0,,
shell,14,31,shell,4.0,equal,8,3,448,48.0,168.0,0,pl,ok,0.0,1.4749923916074223,0.0,,0.0027961339999933443,hunter_mm,,49.0,2.768046109784856e-11
shell,14,31,shell,4.0,equal,8,3,448,48.0,168.0,0,mle,ok,1.0,1.5443717475852587,0.0693793559778364,0.8819623877046637,0.0027518809999946825,exact_subset_dp,,,
shell,14,31,shell,4.0,equal,8,3,448,48.0,168.0,0,sharp,ok,3.0,1.5694462431508953,0.09445385154347297,0.8556425603777551,0.0396481139999878,exact_sieve,0.0,,
shell,14,31,shell,4.0,equal,8,3,448,48.0,168.0,0,efficient,outside_schedule_domain,,,,,9.283500000378808e-05,unavailable,,,
shell,14,31,shell,4.0,equal,8,3,448,48.0,168.0,0,borda,ok,0.0,1.5349280727330004,0.05993568112557801,0.852383464765803,0.0016326390000074298,published_global_clipped_borda,0.0,,
shell,14,32,shell,4.0,equal,8,3,448,48.0,168.0,0,pl,ok,0.0,1.4704421981608702,0.0,,0.0027329469999983758,hunter_mm,,47.0,1.9526475674475866e-11
shell,14,32,shell,4.0,equal,8,3,448,48.0,168.0,0,mle,ok,1.0,1.548302404313419,0.07786020615254885,0.8297550163683275,0.0025767710000081934,exact_subset_dp,,,
shell,14,32,shell,4.0,equal,8,3,448,48.0,168.0,0,sharp,ok,1.0,1.548302404313419,0.07786020615254885,0.8297550163683275,0.010366352000005463,exact_sieve,0.0,,
shell,14,32,shell,4.0,equal,8,3,448,48.0,168.0,0,efficient,outside_schedule_domain,,,,,7.615900000246256e-05,unavailable,,,
shell,14,32,shell,4.0,equal,8,3,448,48.0,168.0,0,borda,ok,1.0,1.5355223148850894,0.0650801167242192,0.8011195480346118,0.0016053829999975733,published_global_clipped_borda,0.0,,
shell,14,33,shell,4.0,equal,8,3,448,48.0,168.0,0,pl,ok,0.0,1.4682068844456566,0.0,,0.0029591539999955785,hunter_mm,,51.0,1.822630935066627e-11
shell,14,33,shell,4.0,equal,8,3,448,48.0,168.0,0,mle,ok,1.0,1.5361418835204184,0.06793499907476175,0.839413685151351,0.0027964660000066033,exact_subset_dp,,,
shell,14,33,shell,4.0,equal,8,3,448,48.0,168.0,0,sharp,ok,2.0,1.5491279074458653,0.08092102300020865,0.8042766647277028,0.010731931000009354,exact_sieve,0.0,,
shell,14,33,shell,4.0,equal,8,3,448,48.0,168.0,0,efficient,outside_schedule_domain,,,,,7.328600000278129e-05,unavailable,,,
shell,14,33,shell,4.0,equal,8,3,448,48.0,168.0,0,borda,ok,1.0,1.5361418835204184,0.06793499907476175,0.839413685151351,0.0016634129999886227,published_global_clipped_borda,0.0,,
shell,14,34,shell,4.0,equal,8,3,448,48.0,168.0,0,pl,ok,0.0,1.470773572811741,0.0,,0.0027522519999934048,hunter_mm,,50.0,2.4418562410184156e-11
shell,14,34,shell,4.0,equal,8,3,448,48.0,168.0,0,mle,ok,1.0,1.5427833516921359,0.07200977888039484,0.7885508018261497,0.0025752060000172605,exact_subset_dp,,,
shell,14,34,shell,4.0,equal,8,3,448,48.0,168.0,0,sharp,ok,1.0,1.5427833516921359,0.07200977888039484,0.7885508018261497,0.01049382400000809,exact_sieve,0.0,,
shell,14,34,shell,4.0,equal,8,3,448,48.0,168.0,0,efficient,outside_schedule_domain,,,,,7.401199999890196e-05,unavailable,,,
shell,14,34,shell,4.0,equal,8,3,448,48.0,168.0,0,borda,ok,1.0,1.5427833516921359,0.07200977888039484,0.7885508018261497,0.0013843410000049516,published_global_clipped_borda,0.0,,
shell,14,35,shell,4.0,equal,8,3,448,48.0,168.0,0,pl,ok,1.0,1.473766161352487,0.0,,0.0025384730000155287,hunter_mm,,41.0,2.1866127955913075e-11
shell,14,35,shell,4.0,equal,8,3,448,48.0,168.0,0,mle,ok,2.0,1.5499604201233999,0.07619425877091279,0.7854233449861958,0.0028525680000086595,exact_subset_dp,,,
shell,14,35,shell,4.0,equal,8,3,448,48.0,168.0,0,sharp,ok,5.0,1.5866297465933092,0.11286358524082218,0.7240446541092876,0.010455157999984976,exact_sieve,0.0,,
shell,14,35,shell,4.0,equal,8,3,448,48.0,168.0,0,efficient,outside_schedule_domain,,,,,6.863499999099076e-05,unavailable,,,
shell,14,35,shell,4.0,equal,8,3,448,48.0,168.0,0,borda,ok,1.0,1.5412678067324261,0.06750164537993908,0.776075695237584,0.001432083999986844,published_global_clipped_borda,0.0,,
shell,14,36,shell,4.0,equal,8,3,448,48.0,168.0,0,pl,ok,2.0,1.482390655105735,0.0,,0.002669098000012582,hunter_mm,,43.0,1.6445194412589056e-11
shell,14,36,shell,4.0,equal,8,3,448,48.0,168.0,0,mle,ok,2.0,1.5616121547228614,0.07922149961712632,0.8233479365601499,0.0027913639999894713,exact_subset_dp,,,
shell,14,36,shell,4.0,equal,8,3,448,48.0,168.0,0,sharp,ok,1.0,1.5474141237508607,0.06502346864512565,0.8137844996447892,0.010100949000019455,exact_sieve,0.0,,
shell,14,36,shell,4.0,equal,8,3,448,48.0,168.0,0,efficient,outside_schedule_domain,,,,,6.63240000164933e-05,unavailable,,,
shell,14,36,shell,4.0,equal,8,3,448,48.0,168.0,0,borda,ok,3.0,1.5820209191807157,0.09963026407498066,0.7513965164149394,0.0014249319999919408,published_global_clipped_borda,0.0,,
shell,14,37,shell,4.0,equal,8,3,448,48.0,168.0,0,pl,ok,2.0,1.4725819800079407,0.0,,0.002753232000003436,hunter_mm,,49.0,2.4622399357505335e-11
shell,14,37,shell,4.0,equal,8,3,448,48.0,168.0,0,mle,ok,2.0,1.5465487864839145,0.07396680647597376,0.888612740509556,0.00255496100001551,exact_subset_dp,,,
shell,14,37,shell,4.0,equal,8,3,448,48.0,168.0,0,sharp,ok,4.0,1.5854571960673205,0.11287521605937978,0.7948233114465767,0.010663164999982655,exact_sieve,0.0,,
shell,14,37,shell,4.0,equal,8,3,448,48.0,168.0,0,efficient,outside_schedule_domain,,,,,7.74049999847648e-05,unavailable,,,
shell,14,37,shell,4.0,equal,8,3,448,48.0,168.0,0,borda,ok,1.0,1.5382161694014955,0.06563418939355481,0.8852839704922475,0.0013622689999976956,published_global_clipped_borda,0.0,,
shell,14,38,shell,4.0,equal,8,3,448,48.0,168.0,0,pl,ok,0.0,1.4732166314739321,0.0,,0.0027275900000063302,hunter_mm,,46.0,1.617125481142726e-11
shell,14,38,shell,4.0,equal,8,3,448,48.0,168.0,0,mle,ok,1.0,1.5428160899606853,0.0695994584867532,0.7948233114465767,0.002746142999995982,exact_subset_dp,,,
shell,14,38,shell,4.0,equal,8,3,448,48.0,168.0,0,sharp,ok,2.0,1.5561768098548239,0.08296017838089176,0.791684110769496,0.010792680000008659,exact_sieve,0.0,,
shell,14,38,shell,4.0,equal,8,3,448,48.0,168.0,0,efficient,outside_schedule_domain,,,,,7.269799999676252e-05,unavailable,,,
shell,14,38,shell,4.0,equal,8,3,448,48.0,168.0,0,borda,ok,0.0,1.5344369222283403,0.06122029075440816,0.7636917388705126,0.00140603900001679,published_global_clipped_borda,0.0,,
shell,14,39,shell,4.0,equal,8,3,448,48.0,168.0,0,pl,ok,0.0,1.4866397138977125,0.0,,0.0033894629999906556,hunter_mm,,61.0,2.4011459487383036e-11
shell,14,39,shell,4.0,equal,8,3,448,48.0,168.0,0,mle,ok,2.0,1.564239178060465,0.07759946416275243,0.9885141554538925,0.0026043689999823982,exact_subset_dp,,,
shell,14,39,shell,4.0,equal,8,3,448,48.0,168.0,0,sharp,ok,3.0,1.5799303725078055,0.093290658610093,0.9463519764475037,0.010646356999984619,exact_sieve,0.0,,
shell,14,39,shell,4.0,equal,8,3,448,48.0,168.0,0,efficient,outside_schedule_domain,,,,,7.085799998662878e-05,unavailable,,,
shell,14,39,shell,4.0,equal,8,3,448,48.0,168.0,0,borda,ok,1.0,1.5475350807789245,0.060895366881212,0.9849531741521286,0.001562724999985221,published_global_clipped_borda,0.0,,
shell,15,0,shell,0.0,alternating,8,3,28,3.0,10.5,0,pl,ok,7.0,2.042126654342584,0.0,,0.005271252000000004,hunter_mm,,209.0,2.7347838279670864e-11
shell,15,0,shell,0.0,alternating,8,3,28,3.0,10.5,0,mle,ok,2.0,1.6344367828841677,-0.40768987145841606,1.0246248379567524,0.0029938659999970696,exact_subset_dp,,,
shell,15,0,shell,0.0,alternating,8,3,28,3.0,10.5,0,sharp,ok,8.0,1.8064919789287626,-0.23563467541382122,0.757533184154752,0.001978100000002314,exact_sieve,0.0,,
shell,15,0,shell,0.0,alternating,8,3,28,3.0,10.5,0,efficient,outside_schedule_domain,,,,,3.796800001509837e-05,unavailable,,,
shell,15,0,shell,0.0,alternating,8,3,28,3.0,10.5,0,borda,ok,5.0,1.7340773357035426,-0.30804931863904117,0.9121196566486348,0.0013339029999883678,published_global_clipped_borda,0.0,,
shell,15,1,shell,0.0,alternating,8,3,28,3.0,10.5,0,pl,ok,5.0,1.736241149943946,0.0,,0.0019257740000000467,hunter_mm,,61.0,2.7801697452137628e-11
shell,15,1,shell,0.0,alternating,8,3,28,3.0,10.5,0,mle,ok,5.0,1.8324588863398363,0.09621773639589026,1.1470129282507922,0.002986681000010094,exact_subset_dp,,,
shell,15,1,shell,0.0,alternating,8,3,28,3.0,10.5,0,sharp,ok,11.0,1.8142796498689684,0.07803849992502232,0.44041348850630796,0.002065860000016073,exact_sieve,0.0,,
shell,15,1,shell,0.0,alternating,8,3,28,3.0,10.5,0,efficient,outside_schedule_domain,,,,,3.5338999992973186e-05,unavailable,,,
shell,15,1,shell,0.0,alternating,8,3,28,3.0,10.5,0,borda,ok,4.0,1.6969460231682314,-0.03929512677571467,0.9121196566486348,0.0013503899999989244,published_global_clipped_borda,0.0,,
shell,15,2,shell,0.0,alternating,8,3,28,3.0,10.5,0,pl,ok,5.0,1.8542632675069057,0.0,,0.0026352440000039223,hunter_mm,,98.0,3.587707908536686e-11
shell,15,2,shell,0.0,alternating,8,3,28,3.0,10.5,0,mle,ok,5.0,1.8197527113735577,-0.03451055613334808,1.1470129282507922,0.00297254399998792,exact_subset_dp,,,
shell,15,2,shell,0.0,alternating,8,3,28,3.0,10.5,0,sharp,ok,7.0,1.7514928084386057,-0.10277045906830007,0.6617844044760891,0.0019414260000019112,exact_sieve,0.0,,
shell,15,2,shell,0.0,alternating,8,3,28,3.0,10.5,0,efficient,outside_schedule_domain,,,,,3.448800001137897e-05,unavailable,,,
shell,15,2,shell,0.0,alternating,8,3,28,3.0,10.5,0,borda,ok,7.0,1.8150760382626931,-0.039187229244212585,0.9121196566486348,0.001360491000014008,published_global_clipped_borda,0.0,,
shell,15,3,shell,0.0,alternating,8,3,28,3.0,10.5,0,pl,ok,6.0,1.904950873045912,0.0,,0.0036324739999997746,hunter_mm,,144.0,2.7172264438490856e-11
shell,15,3,shell,0.0,alternating,8,3,28,3.0,10.5,0,mle,ok,2.0,1.6712013085612787,-0.23374956448463324,1.1470129282507922,0.002967325000014398,exact_subset_dp,,,
shell,15,3,shell,0.0,alternating,8,3,28,3.0,10.5,0,sharp,ok,13.0,1.8862134638015235,-0.01873740924438838,0.48304091257642995,0.0020198839999920892,exact_sieve,0.0,,
shell,15,3,shell,0.0,alternating,8,3,28,3.0,10.5,0,efficient,outside_schedule_domain,,,,,3.8917000011906566e-05,unavailable,,,
shell,15,3,shell,0.0,alternating,8,3,28,3.0,10.5,0,borda,ok,5.0,1.8057028019615171,-0.09924807108439482,1.0844293045104068,0.001956440999975939,published_global_clipped_borda,0.0,,
shell,15,4,shell,0.0,alternating,8,3,28,3.0,10.5,0,pl,ok,4.0,1.6500449720868888,0.0,,0.0017506679999996777,hunter_mm,,58.0,2.974262106444517e-11
shell,15,4,shell,0.0,alternating,8,3,28,3.0,10.5,0,mle,ok,0.0,1.5383166567941942,-0.11172831529269467,0.9121196566486348,0.002519320999994079,exact_subset_dp,,,
shell,15,4,shell,0.0,alternating,8,3,28,3.0,10.5,0,sharp,ok,11.0,1.784733396602943,0.13468842451605423,0.07799027688065245,0.001991577000012512,exact_sieve,0.0,,
shell,15,4,shell,0.0,alternating,8,3,28,3.0,10.5,0,efficient,outside_schedule_domain,,,,,3.885699999273129e-05,unavailable,,,
shell,15,4,shell,0.0,alternating,8,3,28,3.0,10.5,0,borda,ok,5.0,1.6780625619397154,0.02801758985282654,0.6617844044760891,0.0014773470000193356,published_global_clipped_borda,0.0,,
shell,15,5,shell,0.0,alternating,8,3,28,3.0,10.5,0,pl,ok,2.0,1.616442675275095,0.0,,0.0014369999999814809,hunter_mm,,45.0,1.5495351034035464e-11
shell,15,5,shell,0.0,alternating,8,3,28,3.0,10.5,0,mle,ok,4.0,1.6489615973662164,0.03251892209112128,0.6156729370132851,0.0026664380000056553,exact_subset_dp,,,
shell,15,5,shell,0.0,alternating,8,3,28,3.0,10.5,0,sharp,ok,8.0,1.7438913601234296,0.1274486848483345,0.23562881521737206,0.0018976019999854543,exact_sieve,0.0,,
shell,15,5,shell,0.0,alternating,8,3,28,3.0,10.5,0,efficient,outside_schedule_domain,,,,,4.0033999994193437e-05,unavailable,,,
shell,15,5,shell,0.0,alternating,8,3,28,3.0,10.5,0,borda,ok,2.0,1.5998973922222621,-0.016545283052832982,0.5705796667792838,0.001500480000004245,published_global_clipped_borda,0.0,,
shell,15,6,shell,0.0,alternating,8,3,28,3.0,10.5,0,pl,ok,3.0,1.836311052739279,0.0,,0.0025214800000128434,hunter_mm,,93.0,3.017084994537202e-11
shell,15,6,shell,0.0,alternating,8,3,28,3.0,10.5,0,mle,ok,1.0,1.6860409886653729,-0.15027006407390608,1.355592246167523,0.002912500000007867,exact_subset_dp,,,
shell,15,6,shell,0.0,alternating,8,3,28,3.0,10.5,0,sharp,ok,10.0,1.8257492615793454,-0.010561791159933609,0.5705796667792838,0.002110517999994954,exact_sieve,0.0,,
shell,15,6,shell,0.0,alternating,8,3,28,3.0,10.5,0,efficient,outside_schedule_domain,,,,,3.625699997655829e-05,unavailable,,,
shell,15,6,shell,0.0,alternating,8,3,28,3.0,10.5,0,borda,ok,4.0,1.7688237798843227,-0.06748727285495626,1.1470129282507922,0.0017354689999820039,published_global_clipped_borda,0.0,,
shell,15,7,shell,0.0,alternating,8,3,28,3.0,10.5,0,pl,ok,7.0,1.8199696447589817,0.0,,0.003162864000017862,hunter_mm,,126.0,2.531308496145357e-11
shell,15,7,shell,0.0,alternating,8,3,28,3.0,10.5,0,mle,ok,10.0,1.9044265706858843,0.08445692592690257,0.8074398347256734,0.0026713490000247475,exact_subset_dp,,,
shell,15,7,shell,0.0,alternating,8,3,28,3.0,10.5,0,sharp,ok,6.0,1.7062669518264308,-0.11370269293255086,0.31614842415667943,0.0021112489999950412,exact_sieve,0.0,,
shell,15,7,shell,0.0,alternating,8,3,28,3.0,10.5,0,efficient,outside_schedule_domain,,,,,3.724699999452241e-05,unavailable,,,
shell,15,7,shell,0.0,alternating,8,3,28,3.0,10.5,0,borda,ok,9.0,1.807817395072976,-0.012152249686005812,0.6617844044760891,0.0013451959999883911,published_global_clipped_borda,0.0,,
shell,15,8,shell,0.0,alternating,8,3,28,3.0,10.5,0,pl,ok,3.0,1.63805640723269,0.0,,0.0014373790000092868,hunter_mm,,47.0,2.4087462183583088e-11
shell,15,8,shell,0.0,alternating,8,3,28,3.0,10.5,0,mle,ok,1.0,1.5754479693295058,-0.06260843790318416,0.9121196566486348,0.0024517429999946216,exact_subset_dp,,,
shell,15,8,shell,0.0,alternating,8,3,28,3.0,10.5,0,sharp,ok,14.0,1.8197158302289655,0.18165942299627558,0.23562881521737206,0.0019213360000094326,exact_sieve,0.0,,
shell,15,8,shell,0.0,alternating,8,3,28,3.0,10.5,0,efficient,outside_schedule_domain,,,,,3.728299998329021e-05,unavailable,,,
shell,15,8,shell,0.0,alternating,8,3,28,3.0,10.5,0,borda,ok,4.0,1.6684474905484827,0.030391083315792766,0.8074398347256734,0.001480607000019063,published_global_clipped_borda,0.0,,
shell,15,9,shell,0.0,alternating,8,3,28,3.0,10.5,0,pl,ok,5.0,1.6593390980151494,0.0,,0.0014635809999958838,hunter_mm,,47.0,8.79918360396914e-12
shell,15,9,shell,0.0,alternating,8,3,28,3.0,10.5,0,mle,ok,1.0,1.5927255174681751,-0.0666135805469743,1.0246248379567524,0.003021042000000307,exact_subset_dp,,,
shell,15,9,shell,0.0,alternating,8,3,28,3.0,10.5,0,sharp,ok,4.0,1.66635552707077,0.007016429055620499,0.757533184154752,0.0018846060000043963,exact_sieve,0.0,,
shell,15,9,shell,0.0,alternating,8,3,28,3.0,10.5,0,efficient,outside_schedule_domain,,,,,3.581300001087584e-05,unavailable,,,
shell,15,9,shell,0.0,alternating,8,3,28,3.0,10.5,0,borda,ok,5.0,1.7374453744478062,0.07810627643265677,0.9121196566486348,0.0013281699999936336,published_global_clipped_borda,0.0,,
shell,15,10,shell,0.0,alternating,8,3,28,3.0,10.5,0,pl,ok,9.0,1.9408435261570225,0.0,,0.0024517980000098305,hunter_mm,,93.0,1.6471617720575135e-11
shell,15,10,shell,0.0,alternating,8,3,28,3.0,10.5,0,mle,ok,5.0,1.6969775709009076,-0.24386595525611487,0.7090287388626768,0.002680342000019209,exact_subset_dp,,,
shell,15,10,shell,0.0,alternating,8,3,28,3.0,10.5,0,sharp,ok,10.0,1.8058176134922006,-0.1350259126648219,0.48304091257642995,0.0018742649999978767,exact_sieve,0.0,,
shell,15,10,shell,0.0,alternating,8,3,28,3.0,10.5,0,efficient,outside_schedule_domain,,,,,3.416300000935735e-05,unavailable,,,
shell,15,10,shell,0.0,alternating,8,3,28,3.0,10.5,0,borda,ok,9.0,1.7856665300405683,-0.1551769961164542,0.5705796667792838,0.0014735500000142565,published_global_clipped_borda,0.0,,
shell,15,11,shell,0.0,alternating,8,3,28,3.0,10.5,0,pl,ok,6.0,2.1455862524853178,0.0,,0.004587763999978733,hunter_mm,,185.0,3.501789334693837e-11
shell,15,11,shell,0.0,alternating,8,3,28,3.0,10.5,0,mle,ok,7.0,2.12469756740991,-0.020888685075407754,1.4338950196876177,0.002981278000021348,exact_subset_dp,,,
shell,15,11,shell,0.0,alternating,8,3,28,3.0,10.5,0,sharp,ok,3.0,1.6299228031369206,-0.5156634493483971,0.757533184154752,0.0019652359999895452,exact_sieve,0.0,,
shell,15,11,shell,0.0,alternating,8,3,28,3.0,10.5,0,efficient,outside_schedule_domain,,,,,3.388499999346095e-05,unavailable,,,
shell,15,11,shell,0.0,alternating,8,3,28,3.0,10.5,0,borda,ok,7.0,1.9840432095718585,-0.16154304291345922,1.2127529326707367,0.0019150349999961236,published_global_clipped_borda,0.0,,
shell,15,12,shell,0.0,alternating,8,3,28,3.0,10.5,0,pl,ok,4.0,1.823020231295991,0.0,,0.0017652969999915058,hunter_mm,,61.0,1.5518824320841825e-11
shell,15,12,shell,0.0,alternating,8,3,28,3.0,10.5,0,mle,ok,4.0,1.8311198194707585,0.008099588174767636,1.2820987754788464,0.0029240549999940413,exact_subset_dp,,,
shell,15,12,shell,0.0,alternating,8,3,28,3.0,10.5,0,sharp,ok,4.0,1.6782129887925625,-0.14480724250342836,0.8589084084290807,0.0020620509999957903,exact_sieve,0.0,,
shell,15,12,shell,0.0,alternating,8,3,28,3.0,10.5,0,efficient,outside_schedule_domain,,,,,3.837699998143762e-05,unavailable,,,
shell,15,12,shell,0.0,alternating,8,3,28,3.0,10.5,0,borda,ok,1.0,1.6202723770720437,-0.20274785422394714,1.1470129282507922,0.0017626419999885456,published_global_clipped_borda,0.0,,
shell,15,13,shell,0.0,alternating,8,3,28,3.0,10.5,0,pl,ok,12.0,2.179861235016433,0.0,,0.0019405710000057752,hunter_mm,,67.0,1.5739600099452998e-11
shell,15,13,shell,0.0,alternating,8,3,28,3.0,10.5,0,mle,ok,10.0,2.112515893718569,-0.06734534129786374,1.1470129282507922,0.003120037000002185,exact_subset_dp,,,
shell,15,13,shell,0.0,alternating,8,3,28,3.0,10.5,0,sharp,ok,8.0,1.74910980063297,-0.43075143438346286,0.44041348850630796,0.002078850999993165,exact_sieve,0.0,,
shell,15,13,shell,0.0,alternating,8,3,28,3.0,10.5,0,efficient,outside_schedule_domain,,,,,4.063200000814504e-05,unavailable,,,
shell,15,13,shell,0.0,alternating,8,3,28,3.0,10.5,0,borda,ok,11.0,1.990545598358048,-0.1893156366583848,0.9121196566486348,0.0013412979999998242,published_global_clipped_borda,0.0,,
shell,15,14,shell,0.0,alternating,8,3,28,3.0,10.5,0,pl,ok,1.0,1.7645594875499495,0.0,,0.0015871349999940776,hunter_mm,,51.0,2.255833615143794e-11
shell,15,14,shell,0.0,alternating,8,3,28,3.0,10.5,0,mle,ok,2.0,1.6492395038378036,-0.11531998371214591,1.0844293045104068,0.0030840359999899647,exact_subset_dp,,,
shell,15,14,shell,0.0,alternating,8,3,28,3.0,10.5,0,sharp,ok,5.0,1.7408134131920698,-0.023746074357879676,0.9121196566486348,0.0019261340000014116,exact_sieve,0.0,,
shell,15,14,shell,0.0,alternating,8,3,28,3.0,10.5,0,efficient,outside_schedule_domain,,,,,3.827300000125433e-05,unavailable,,,
shell,15,14,shell,0.0,alternating,8,3,28,3.0,10.5,0,borda,ok,2.0,1.6159473206090809,-0.14861216694086865,0.9121196566486348,0.0013324530000033974,published_global_clipped_borda,0.0,,
shell,15,15,shell,0.0,alternating,8,3,28,3.0,10.5,0,pl,ok,2.0,1.6857857012487618,0.0,,0.0016546519999849352,hunter_mm,,57.0,1.2457622235371802e-11
shell,15,15,shell,0.0,alternating,8,3,28,3.0,10.5,0,mle,ok,3.0,1.7694586913248467,0.08367299007608486,1.2820987754788464,0.0029319459999896935,exact_subset_dp,,,
shell,15,15,shell,0.0,alternating,8,3,28,3.0,10.5,0,sharp,ok,4.0,1.6935779844239678,0.007792283175205972,0.9121196566486348,0.0019276550000029147,exact_sieve,0.0,,
shell,15,15,shell,0.0,alternating,8,3,28,3.0,10.5,0,efficient,outside_schedule_domain,,,,,3.462499998363455e-05,unavailable,,,
shell,15,15,shell,0.0,alternating,8,3,28,3.0,10.5,0,borda,ok,3.0,1.741782866076031,0.05599716482726924,1.2127529326707367,0.001913658000006535,published_global_clipped_borda,0.0,,
shell,15,16,shell,0.0,alternating,8,3,28,3.0,10.5,0,pl,ok,3.0,1.7008874424178968,0.0,,0.0020615770000063094,hunter_mm,,74.0,2.0330150261673096e-11
shell,15,16,shell,0.0,alternating,8,3,28,3.0,10.5,0,mle,ok,2.0,1.7412255458624353,0.040338103444538476,1.355592246167523,0.003072392000007085,exact_subset_dp,,,
shell,15,16,shell,0.0,alternating,8,3,28,3.0,10.5,0,sharp,ok,7.0,1.7909092870155545,0.09002184459765772,0.8074398347256734,0.0020481249999875217,exact_sieve,0.0,,
shell,15,16,shell,0.0,alternating,8,3,28,3.0,10.5,0,efficient,outside_schedule_domain,,,,,3.558299999895098e-05,unavailable,,,
shell,15,16,shell,0.0,alternating,8,3,28,3.0,10.5,0,borda,ok,4.0,1.8666113979397194,0.16572395552182262,1.355592246167523,0.0018456550000109928,published_global_clipped_borda,0.0,,
shell,15,17,shell,0.0,alternating,8,3,28,3.0,10.5,0,pl,ok,2.0,1.888376036904756,0.0,,0.003943030999977282,hunter_mm,,153.0,2.9277849985679236e-11
shell,15,17,shell,0.0,alternating,8,3,28,3.0,10.5,0,mle,ok,1.0,1.5754479693295058,-0.31292806757525016,0.9121196566486348,0.00254893499999298,exact_subset_dp,,,
shell,15,17,shell,0.0,alternating,8,3,28,3.0,10.5,0,sharp,ok,13.0,1.791012922347126,-0.09736311455762992,0.038969554757550054,0.0017798620000064602,exact_sieve,0.0,,
shell,15,17,shell,0.0,alternating,8,3,28,3.0,10.5,0,efficient,outside_schedule_domain,,,,,3.828599997746096e-05,unavailable,,,
shell,15,17,shell,0.0,alternating,8,3,28,3.0,10.5,0,borda,ok,3.0,1.6299228031369206,-0.25845323376783536,0.757533184154752,0.0013624560000096153,published_global_clipped_borda,0.0,,
shell,15,18,shell,0.0,alternating,8,3,28,3.0,10.5,0,pl,ok,2.0,1.7811783740944036,0.0,,0.0016940659999988839,hunter_mm,,53.0,3.919899325767671e-11
shell,15,18,shell,0.0,alternating,8,3,28,3.0,10.5,0,mle,ok,3.0,1.7964101030594974,0.015231728965093838,1.355592246167523,0.0029663650000202324,exact_subset_dp,,,
shell,15,18,shell,0.0,alternating,8,3,28,3.0,10.5,0,sharp,ok,7.0,1.7849462784843935,0.0037679043899898623,0.8074398347256734,0.002089009999991731,exact_sieve,0.0,,
shell,15,18,shell,0.0,alternating,8,3,28,3.0,10.5,0,efficient,outside_schedule_domain,,,,,3.678100000570339e-05,unavailable,,,
shell,15,18,shell,0.0,alternating,8,3,28,3.0,10.5,0,borda,ok,2.0,1.6492395038378036,-0.1319388702566,1.0844293045104068,0.001930345000005218,published_global_clipped_borda,0.0,,
shell,15,19,shell,0.0,alternating,8,3,28,3.0,10.5,0,pl,ok,4.0,1.7461835059301596,0.0,,0.0018679369999858864,hunter_mm,,66.0,1.4297737597043385e-11
shell,15,19,shell,0.0,alternating,8,3,28,3.0,10.5,0,mle,ok,7.0,1.877044328076539,0.1308608221463794,1.0246248379567524,0.002930896999998822,exact_subset_dp,,,
shell,15,19,shell,0.0,alternating,8,3,28,3.0,10.5,0,sharp,ok,5.0,1.6917413362777873,-0.05444216965237225,0.7090287388626768,0.0020847699999819724,exact_sieve,0.0,,
shell,15,19,shell,0.0,alternating,8,3,28,3.0,10.5,0,efficient,outside_schedule_domain,,,,,3.6309999984496244e-05,unavailable,,,
shell,15,19,shell,0.0,alternating,8,3,28,3.0,10.5,0,borda,ok,6.0,1.7513148339468796,0.005131328016720005,0.8589084084290807,0.001505647000016097,published_global_clipped_borda,0.0,,
shell,15,20,shell,0.0,alternating,8,3,28,3.0,10.5,0,pl,ok,4.0,1.7852591527306947,0.0,,0.002056043000010277,hunter_mm,,73.0,1.4851041031858715e-11
shell,15,20,shell,0.0,alternating,8,3,28,3.0,10.5,0,mle,ok,2.0,1.687934989125291,-0.09732416360540364,1.2127529326707367,0.0030526909999935015,exact_subset_dp,,,
shell,15,20,shell,0.0,alternating,8,3,28,3.0,10.5,0,sharp,ok,5.0,1.7290359046254786,-0.05622324810521606,0.8589084084290807,0.002161659999984522,exact_sieve,0.0,,
shell,15,20,shell,0.0,alternating,8,3,28,3.0,10.5,0,efficient,outside_schedule_domain,,,,,3.5634999989042626e-05,unavailable,,,
shell,15,20,shell,0.0,alternating,8,3,28,3.0,10.5,0,borda,ok,5.0,1.7163496883981386,-0.06890946433255607,0.8589084084290807,0.001476190999994742,published_global_clipped_borda,0.0,,
shell,15,21,shell,0.0,alternating,8,3,28,3.0,10.5,0,pl,ok,2.0,1.6060538718977342,0.0,,0.001476084999978866,hunter_mm,,46.0,1.3426593170606793e-11
shell,15,21,shell,0.0,alternating,8,3,28,3.0,10.5,0,mle,ok,4.0,1.6813845428493974,0.07533067095166324,0.8589084084290807,0.002677803000011636,exact_subset_dp,,,
shell,15,21,shell,0.0,alternating,8,3,28,3.0,10.5,0,sharp,ok,7.0,1.7423387267326675,0.13628485483493336,0.6156729370132851,0.002130029999989347,exact_sieve,0.0,,
shell,15,21,shell,0.0,alternating,8,3,28,3.0,10.5,0,efficient,outside_schedule_domain,,,,,3.709300000309668e-05,unavailable,,,
shell,15,21,shell,0.0,alternating,8,3,28,3.0,10.5,0,borda,ok,2.0,1.5947975148356255,-0.011256357062108702,0.6617844044760891,0.0013552070000173444,published_global_clipped_borda,0.0,,
shell,15,22,shell,0.0,alternating,8,3,28,3.0,10.5,0,pl,ok,2.0,1.787483788514285,0.0,,0.0027885800000149175,hunter_mm,,105.0,1.9396928507831035e-11
shell,15,22,shell,0.0,alternating,8,3,28,3.0,10.5,0,mle,ok,2.0,1.741225545862435,-0.04625824265184986,1.355592246167523,0.0030332759999964765,exact_subset_dp,,,
shell,15,22,shell,0.0,alternating,8,3,28,3.0,10.5,0,sharp,ok,8.0,1.7674020438941132,-0.02008174462017176,0.6156729370132851,0.002084631000002446,exact_sieve,0.0,,
shell,15,22,shell,0.0,alternating,8,3,28,3.0,10.5,0,efficient,outside_schedule_domain,,,,,3.657999999973072e-05,unavailable,,,
shell,15,22,shell,0.0,alternating,8,3,28,3.0,10.5,0,borda,ok,2.0,1.7125317647919687,-0.07495202372231624,1.2820987754788464,0.0017308559999946738,published_global_clipped_borda,0.0,,
shell,15,23,shell,0.0,alternating,8,3,28,3.0,10.5,0,pl,ok,9.0,1.803963649762704,0.0,,0.0018077220000236593,hunter_mm,,60.0,2.1948982314207958e-11
shell,15,23,shell,0.0,alternating,8,3,28,3.0,10.5,0,mle,ok,4.0,1.7153318632171293,-0.0886317865455748,0.9672795990261153,0.0024955960000170307,exact_subset_dp,,,
shell,15,23,shell,0.0,alternating,8,3,28,3.0,10.5,0,sharp,ok,12.0,1.8903892848925385,0.08642563512983448,0.6156729370132851,0.0020910510000078375,exact_sieve,0.0,,
shell,15,23,shell,0.0,alternating,8,3,28,3.0,10.5,0,efficient,outside_schedule_domain,,,,,3.553999999894586e-05,unavailable,,,
shell,15,23,shell,0.0,alternating,8,3,28,3.0,10.5,0,borda,ok,6.0,1.7576579420605494,-0.0463057077021547,0.8589084084290807,0.0014601510000034068,published_global_clipped_borda,0.0,,
shell,15,24,shell,0.0,alternating,8,3,28,3.0,10.5,0,pl,ok,6.0,1.8778411176212133,0.0,,0.002195348000014974,hunter_mm,,79.0,2.5683804289704833e-11
shell,15,24,shell,0.0,alternating,8,3,28,3.0,10.5,0,mle,ok,8.0,1.8799825355705724,0.00214141794935907,0.9672795990261153,0.0024571820000005573,exact_subset_dp,,,
shell,15,24,shell,0.0,alternating,8,3,28,3.0,10.5,0,sharp,ok,13.0,1.9199993965245126,0.04215827890329926,0.6156729370132851,0.0019933079999816528,exact_sieve,0.0,,
shell,15,24,shell,0.0,alternating,8,3,28,3.0,10.5,0,efficient,outside_schedule_domain,,,,,3.168300000311319e-05,unavailable,,,
shell,15,24,shell,0.0,alternating,8,3,28,3.0,10.5,0,borda,ok,8.0,1.8307597872148664,-0.04708133040634688,0.8589084084290807,0.0014098829999795726,published_global_clipped_borda,0.0,,
shell,15,25,shell,0.0,alternating,8,3,28,3.0,10.5,0,pl,ok,3.0,1.670726211630424,0.0,,0.0019355629999893154,hunter_mm,,68.0,2.550899174431314e-11
shell,15,25,shell,0.0,alternating,8,3,28,3.0,10.5,0,mle,ok,4.0,1.7645883882288964,0.0938621765984724,1.1470129282507922,0.0029950250000183587,exact_subset_dp,,,
shell,15,25,shell,0.0,alternating,8,3,28,3.0,10.5,0,sharp,ok,11.0,1.796390958948095,0.12566474731767108,0.44041348850630796,0.0021541570000067622,exact_sieve,0.0,,
shell,15,25,shell,0.0,alternating,8,3,28,3.0,10.5,0,efficient,outside_schedule_domain,,,,,4.029199999422417e-05,unavailable,,,
shell,15,25,shell,0.0,alternating,8,3,28,3.0,10.5,0,borda,ok,4.0,1.7645883882288964,0.0938621765984724,1.1470129282507922,0.00179787000001852,published_global_clipped_borda,0.0,,
shell,15,26,shell,0.0,alternating,8,3,28,3.0,10.5,0,pl,ok,3.0,1.9893294553360648,0.0,,0.0033440210000037496,hunter_mm,,127.0,2.090397696211507e-11
shell,15,26,shell,0.0,alternating,8,3,28,3.0,10.5,0,mle,ok,3.0,1.7462610053581757,-0.243068449977889,1.2127529326707367,0.003108924000002844,exact_subset_dp,,,
shell,15,26,shell,0.0,alternating,8,3,28,3.0,10.5,0,sharp,ok,11.0,1.8062195386946285,-0.18310991664143628,0.39843792971796577,0.002136586000005991,exact_sieve,0.0,,
shell,15,26,shell,0.0,alternating,8,3,28,3.0,10.5,0,efficient,outside_schedule_domain,,,,,3.8815999999997075e-05,unavailable,,,
shell,15,26,shell,0.0,alternating,8,3,28,3.0,10.5,0,borda,ok,3.0,1.7507391446403202,-0.23859031069574455,1.2127529326707367,0.001877992999993694,published_global_clipped_borda,0.0,,
shell,15,27,shell,0.0,alternating,8,3,28,3.0,10.5,0,pl,ok,6.0,1.9463713969384764,0.0,,0.00281899099999805,hunter_mm,,106.0,2.5525994016918828e-11
shell,15,27,shell,0.0,alternating,8,3,28,3.0,10.5,0,mle,ok,2.0,1.6924131284074355,-0.25395826853104086,1.2127529326707367,0.003104114000024083,exact_subset_dp,,,
shell,15,27,shell,0.0,alternating,8,3,28,3.0,10.5,0,sharp,ok,4.0,1.6845560969062325,-0.26181530003224385,0.8589084084290807,0.0021086929999967197,exact_sieve,0.0,,
shell,15,27,shell,0.0,alternating,8,3,28,3.0,10.5,0,efficient,outside_schedule_domain,,,,,3.7345999999160995e-05,unavailable,,,
shell,15,27,shell,0.0,alternating,8,3,28,3.0,10.5,0,borda,ok,6.0,1.8538529355773203,-0.09251846136115605,1.0844293045104068,0.0018942130000141333,published_global_clipped_borda,0.0,,
shell,15,28,shell,0.0,alternating,8,3,28,3.0,10.5,0,pl,ok,12.0,1.983208399737163,0.0,,0.0013519009999924947,hunter_mm,,41.0,7.954779692097093e-12
shell,15,28,shell,0.0,alternating,8,3,28,3.0,10.5,0,mle,ok,12.0,1.9662089843576671,-0.016999415379495897,0.757533184154752,0.002460873999979185,exact_subset_dp,,,
shell,15,28,shell,0.0,alternating,8,3,28,3.0,10.5,0,sharp,ok,12.0,1.9662089843576671,-0.016999415379495897,0.757533184154752,0.001924641000016436,exact_sieve,0.0,,
shell,15,28,shell,0.0,alternating,8,3,28,3.0,10.5,0,efficient,outside_schedule_domain,,,,,3.524499999230102e-05,unavailable,,,
shell,15,28,shell,0.0,alternating,8,3,28,3.0,10.5,0,borda,ok,12.0,1.899482873833596,-0.08372552590356697,0.6156729370132851,0.001448009999990063,published_global_clipped_borda,0.0,,
shell,15,29,shell,0.0,alternating,8,3,28,3.0,10.5,0,pl,ok,5.0,1.8120944477781604,0.0,,0.002923054999996566,hunter_mm,,111.0,3.569075194117691e-11
shell,15,29,shell,0.0,alternating,8,3,28,3.0,10.5,0,mle,ok,6.0,1.8391165313397029,0.027022083561542454,1.0246248379567524,0.002933898000009094,exact_subset_dp,,,
shell,15,29,shell,0.0,alternating,8,3,28,3.0,10.5,0,sharp,ok,12.0,1.8994828738335958,0.0873884260554354,0.6156729370132851,0.0020304470000098718,exact_sieve,0.0,,
shell,15,29,shell,0.0,alternating,8,3,28,3.0,10.5,0,efficient,outside_schedule_domain,,,,,3.507499999955144e-05,unavailable,,,
shell,15,29,shell,0.0,alternating,8,3,28,3.0,10.5,0,borda,ok,6.0,1.7671726042310545,-0.04492184354710593,0.8589084084290807,0.0015272059999915655,published_global_clipped_borda,0.0,,
shell,15,30,shell,0.0,alternating,8,3,28,3.0,10.5,0,pl,ok,7.0,1.8322251468987072,0.0,,0.0021877110000048106,hunter_mm,,70.0,2.814618379634989e-11
shell,15,30,shell,0.0,alternating,8,3,28,3.0,10.5,0,mle,ok,10.0,1.9103895792170453,0.07816443231833814,0.8074398347256734,0.002676859999979797,exact_subset_dp,,,
shell,15,30,shell,0.0,alternating,8,3,28,3.0,10.5,0,sharp,ok,8.0,1.7651286466588487,-0.06709650023985847,0.6156729370132851,0.0021102670000061607,exact_sieve,0.0,,
shell,15,30,shell,0.0,alternating,8,3,28,3.0,10.5,0,efficient,outside_schedule_domain,,,,,3.8383000003250345e-05,unavailable,,,
shell,15,30,shell,0.0,alternating,8,3,28,3.0,10.5,0,borda,ok,7.0,1.74171814565888,-0.09050700123982724,0.6617844044760891,0.001371946000006119,published_global_clipped_borda,0.0,,
shell,15,31,shell,0.0,alternating,8,3,28,3.0,10.5,0,pl,ok,5.0,1.7275757875676674,0.0,,0.0021626770000011675,hunter_mm,,77.0,3.512333281361992e-11
shell,15,31,shell,0.0,alternating,8,3,28,3.0,10.5,0,mle,ok,5.0,1.774704453848771,0.04712866628110368,1.0246248379567524,0.002995773999998619,exact_subset_dp,,,
shell,15,31,shell,0.0,alternating,8,3,28,3.0,10.5,0,sharp,ok,10.0,1.8152148190289972,0.08763903146132979,0.5705796667792838,0.002258369000003313,exact_sieve,0.0,,
shell,15,31,shell,0.0,alternating,8,3,28,3.0,10.5,0,efficient,outside_schedule_domain,,,,,4.121899999631751e-05,unavailable,,,
shell,15,31,shell,0.0,alternating,8,3,28,3.0,10.5,0,borda,ok,7.0,1.8084808578934657,0.0809050703257983,0.8589084084290807,0.0014672210000128416,published_global_clipped_borda,0.0,,
shell,15,32,shell,0.0,alternating,8,3,28,3.0,10.5,0,pl,ok,8.0,1.8660471577056799,0.0,,0.0028718430000083117,hunter_mm,,109.0,3.444666774043981e-11
shell,15,32,shell,0.0,alternating,8,3,28,3.0,10.5,0,mle,ok,9.0,1.9443613775731845,0.07831421986750464,0.9672795990261153,0.0025150550000034855,exact_subset_dp,,,
shell,15,32,shell,0.0,alternating,8,3,28,3.0,10.5,0,sharp,ok,12.0,1.8370870960337484,-0.028960061671931436,0.44041348850630796,0.0020846219999839377,exact_sieve,0.0,,
shell,15,32,shell,0.0,alternating,8,3,28,3.0,10.5,0,efficient,outside_schedule_domain,,,,,3.606000001354914e-05,unavailable,,,
shell,15,32,shell,0.0,alternating,8,3,28,3.0,10.5,0,borda,ok,9.0,1.9162829732874247,0.050235815581744836,0.9121196566486348,0.0013361980000183848,published_global_clipped_borda,0.0,,
shell,15,33,shell,0.0,alternating,8,3,28,3.0,10.5,0,pl,ok,7.0,1.792547386069274,0.0,,0.00175252899998668,hunter_mm,,59.0,1.6530174054959648e-11
shell,15,33,shell,0.0,alternating,8,3,28,3.0,10.5,0,mle,ok,5.0,1.699991029065917,-0.09255635700335696,0.757533184154752,0.0025340940000262435,exact_subset_dp,,,
shell,15,33,shell,0.0,alternating,8,3,28,3.0,10.5,0,sharp,ok,7.0,1.7238065436927874,-0.06874084237648659,0.31614842415667943,0.0021821010000167007,exact_sieve,0.0,,
shell,15,33,shell,0.0,alternating,8,3,28,3.0,10.5,0,efficient,outside_schedule_domain,,,,,3.704299999185423e-05,unavailable,,,
shell,15,33,shell,0.0,alternating,8,3,28,3.0,10.5,0,borda,ok,9.0,1.8102610607679073,0.017713674698633275,0.6617844044760891,0.0013752450000197314,published_global_clipped_borda,0.0,,
shell,15,34,shell,0.0,alternating,8,3,28,3.0,10.5,0,pl,ok,2.0,1.7476864691077219,0.0,,0.0022861319999947227,hunter_mm,,83.0,1.886338704285403e-11
shell,15,34,shell,0.0,alternating,8,3,28,3.0,10.5,0,mle,ok,1.0,1.6050936693141016,-0.14259279979362027,1.0844293045104068,0.0031018359999848144,exact_subset_dp,,,
shell,15,34,shell,0.0,alternating,8,3,28,3.0,10.5,0,sharp,ok,5.0,1.699991029065917,-0.047695440041804815,0.757533184154752,0.0018984969999849,exact_sieve,0.0,,
shell,15,34,shell,0.0,alternating,8,3,28,3.0,10.5,0,efficient,outside_schedule_domain,,,,,3.3870000009983414e-05,unavailable,,,
shell,15,34,shell,0.0,alternating,8,3,28,3.0,10.5,0,borda,ok,2.0,1.6344367828841675,-0.11324968622355436,1.0246248379567524,0.0017983609999987493,published_global_clipped_borda,0.0,,
shell,15,35,shell,0.0,alternating,8,3,28,3.0,10.5,0,pl,ok,6.0,1.732098274310711,0.0,,0.0014916210000137653,hunter_mm,,48.0,1.7334927144523656e-11
shell,15,35,shell,0.0,alternating,8,3,28,3.0,10.5,0,mle,ok,8.0,1.8497891115558764,0.11769083724516549,0.8589084084290807,0.0026042109999764307,exact_subset_dp,,,
shell,15,35,shell,0.0,alternating,8,3,28,3.0,10.5,0,sharp,ok,11.0,1.7988632977963401,0.06676502348562918,0.39843792971796577,0.002136442999983501,exact_sieve,0.0,,
shell,15,35,shell,0.0,alternating,8,3,28,3.0,10.5,0,efficient,outside_schedule_domain,,,,,4.120299999499366e-05,unavailable,,,
shell,15,35,shell,0.0,alternating,8,3,28,3.0,10.5,0,borda,ok,7.0,1.757323131113897,0.02522485680318609,0.7090287388626768,0.0014633339999932105,published_global_clipped_borda,0.0,,
shell,15,36,shell,0.0,alternating,8,3,28,3.0,10.5,0,pl,ok,3.0,1.789067306665181,0.0,,0.0019748290000052293,hunter_mm,,69.0,1.5789591856218976e-11
shell,15,36,shell,0.0,alternating,8,3,28,3.0,10.5,0,mle,ok,3.0,1.7462610053581757,-0.042806301307005246,1.2127529326707367,0.0030900069999972857,exact_subset_dp,,,
shell,15,36,shell,0.0,alternating,8,3,28,3.0,10.5,0,sharp,ok,11.0,1.791759469228055,0.0026921625628739676,0.0,0.0007043270000224311,exact_sieve,0.0,,
shell,15,36,shell,0.0,alternating,8,3,28,3.0,10.5,0,efficient,outside_schedule_domain,,,,,2.9332999986309005e-05,unavailable,,,
shell,15,36,shell,0.0,alternating,8,3,28,3.0,10.5,0,borda,ok,3.0,1.7462610053581757,-0.042806301307005246,1.2127529326707367,0.001951265999991847,published_global_clipped_borda,0.0,,
shell,15,37,shell,0.0,alternating,8,3,28,3.0,10.5,0,pl,ok,2.0,1.773729799269816,0.0,,0.0027675460000011753,hunter_mm,,104.0,3.085760218774729e-11
shell,15,37,shell,0.0,alternating,8,3,28,3.0,10.5,0,mle,ok,4.0,1.8045870215910604,0.030857222321244437,1.2127529326707367,0.003906763000003366,exact_subset_dp,,,
shell,15,37,shell,0.0,alternating,8,3,28,3.0,10.5,0,sharp,ok,8.0,1.7399047497789097,-0.033825049490906256,0.39843792971796577,0.003425469000006842,exact_sieve,0.0,,
shell,15,37,shell,0.0,alternating,8,3,28,3.0,10.5,0,efficient,outside_schedule_domain,,,,,5.1409000008106887e-05,unavailable,,,
shell,15,37,shell,0.0,alternating,8,3,28,3.0,10.5,0,borda,ok,2.0,1.687934989125291,-0.08579481014452495,1.2127529326707367,0.00239956699999766,published_global_clipped_borda,0.0,,
shell,15,38,shell,0.0,alternating,8,3,28,3.0,10.5,0,pl,ok,8.0,2.103522953344923,0.0,,0.0022226549999970757,hunter_mm,,78.0,2.621696510678768e-11
shell,15,38,shell,0.0,alternating,8,3,28,3.0,10.5,0,mle,ok,9.0,1.9718172649459933,-0.1317056883989296,1.0246248379567524,0.0028842140000051586,exact_subset_dp,,,
shell,15,38,shell,0.0,alternating,8,3,28,3.0,10.5,0,sharp,ok,7.0,1.770059254994914,-0.333463698350009,0.757533184154752,0.0018417269999986274,exact_sieve,0.0,,
shell,15,38,shell,0.0,alternating,8,3,28,3.0,10.5,0,efficient,outside_schedule_domain,,,,,3.583800000228621e-05,unavailable,,,
shell,15,38,shell,0.0,alternating,8,3,28,3.0,10.5,0,borda,ok,7.0,1.8251801544954835,-0.27834279884943935,0.9121196566486348,0.001345451000020148,published_global_clipped_borda,0.0,,
shell,15,39,shell,0.0,alternating,8,3,28,3.0,10.5,0,pl,ok,4.0,1.657994179540307,0.0,,0.0016307879999999386,hunter_mm,,52.0,9.949723584717113e-12
shell,15,39,shell,0.0,alternating,8,3,28,3.0,10.5,0,mle,ok,4.0,1.6635583051320681,0.005564125591761115,0.757533184154752,0.002536371000019244,exact_subset_dp,,,
shell,15,39,shell,0.0,alternating,8,3,28,3.0,10.5,0,sharp,ok,8.0,1.7519044640320003,0.09391028449169325,0.5705796667792838,0.002069516000005933,exact_sieve,0.0,,
shell,15,39,shell,0.0,alternating,8,3,28,3.0,10.5,0,efficient,outside_schedule_domain,,,,,3.5179999997581035e-05,unavailable,,,
shell,15,39,shell,0.0,alternating,8,3,28,3.0,10.5,0,borda,ok,2.0,1.597241180530557,-0.06075299900974995,0.6617844044760891,0.0013421900000025744,published_global_clipped_borda,0.0,,
shell,16,0,shell,0.0,alternating,8,3,112,12.0,42.0,0,pl,ok,3.0,1.62492799609208,0.0,,0.0016109730000266609,hunter_mm,,37.0,1.0689512767011626e-11
shell,16,0,shell,0.0,alternating,8,3,112,12.0,42.0,0,mle,ok,2.0,1.5982861656795977,-0.026641830412482248,0.6271010645696942,0.002838309999987132,exact_subset_dp,,,
shell,16,0,shell,0.0,alternating,8,3,112,12.0,42.0,0,sharp,ok,4.0,1.6513663889110295,0.026438392818949552,0.4938089074013421,0.0035592350000115403,exact_sieve,0.0,,
shell,16,0,shell,0.0,alternating,8,3,112,12.0,42.0,0,efficient,outside_schedule_domain,,,,,5.938500001434477e-05,unavailable,,,
shell,16,0,shell,0.0,alternating,8,3,112,12.0,42.0,0,borda,ok,3.0,1.6252319041905516,0.00030390809847169464,0.5705796667792838,0.00152917799999841,published_global_clipped_borda,0.0,,
shell,16,1,shell,0.0,alternating,8,3,112,12.0,42.0,0,pl,ok,3.0,1.6268773840243131,0.0,,0.001409921000004033,hunter_mm,,33.0,1.1204941736358315e-11
shell,16,1,shell,0.0,alternating,8,3,112,12.0,42.0,0,mle,ok,0.0,1.536950259777974,-0.08992712424633909,0.7090287388626768,0.0028542709999896942,exact_subset_dp,,,
shell,16,1,shell,0.0,alternating,8,3,112,12.0,42.0,0,sharp,ok,0.0,1.536950259777974,-0.08992712424633909,0.7090287388626768,0.003619213999996873,exact_sieve,0.0,,
shell,16,1,shell,0.0,alternating,8,3,112,12.0,42.0,0,efficient,outside_schedule_domain,,,,,4.8035000020263396e-05,unavailable,,,
shell,16,1,shell,0.0,alternating,8,3,112,12.0,42.0,0,borda,ok,3.0,1.6221776483160775,-0.004699735708235675,0.5930057567449797,0.0015753770000230816,published_global_clipped_borda,0.0,,
shell,16,2,shell,0.0,alternating,8,3,112,12.0,42.0,0,pl,ok,1.0,1.6336041115147952,0.0,,0.0021880259999988994,hunter_mm,,61.0,3.713226551635021e-11
shell,16,2,shell,0.0,alternating,8,3,112,12.0,42.0,0,mle,ok,1.0,1.608613941814096,-0.02499016970069934,1.0998010083445606,0.0029957899999999427,exact_subset_dp,,,
shell,16,2,shell,0.0,alternating,8,3,112,12.0,42.0,0,sharp,ok,2.0,1.6311607138370001,-0.0024433976777951116,1.0100693875885711,0.003843099999983224,exact_sieve,0.0,,
shell,16,2,shell,0.0,alternating,8,3,112,12.0,42.0,0,efficient,outside_schedule_domain,,,,,5.287199999770564e-05,unavailable,,,
shell,16,2,shell,0.0,alternating,8,3,112,12.0,42.0,0,borda,ok,0.0,1.5609478347904,-0.07265627672439523,1.0844293045104068,0.0019081080000091788,published_global_clipped_borda,0.0,,
shell,16,3,shell,0.0,alternating,8,3,112,12.0,42.0,0,pl,ok,3.0,1.6294650085409927,0.0,,0.0016438540000081048,hunter_mm,,42.0,1.475924144805114e-11
shell,16,3,shell,0.0,alternating,8,3,112,12.0,42.0,0,mle,ok,1.0,1.5682581763721568,-0.061206832168835934,0.832968122258636,0.0025150689999975384,exact_subset_dp,,,
shell,16,3,shell,0.0,alternating,8,3,112,12.0,42.0,0,sharp,ok,2.0,1.600659873221229,-0.028805135319763808,0.7823017009175557,0.003380570000018679,exact_sieve,0.0,,
shell,16,3,shell,0.0,alternating,8,3,112,12.0,42.0,0,efficient,outside_schedule_domain,,,,,4.822300002160773e-05,unavailable,,,
shell,16,3,shell,0.0,alternating,8,3,112,12.0,42.0,0,borda,ok,3.0,1.6339801005084769,0.0045150919674841195,0.7948233114465767,0.0014784810000207926,published_global_clipped_borda,0.0,,
shell,16,4,shell,0.0,alternating,8,3,112,12.0,42.0,0,pl,ok,2.0,1.6124841648422763,0.0,,0.0015300809999985177,hunter_mm,,39.0,2.4318896103230666e-11
shell,16,4,shell,0.0,alternating,8,3,112,12.0,42.0,0,mle,ok,3.0,1.6295915502453573,0.017107385403080988,0.7210314373934753,0.002663089999998647,exact_subset_dp,,,
shell,16,4,shell,0.0,alternating,8,3,112,12.0,42.0,0,sharp,ok,3.0,1.623833279991378,0.01134911514910164,0.6385945001665354,0.0035008620000098745,exact_sieve,0.0,,
shell,16,4,shell,0.0,alternating,8,3,112,12.0,42.0,0,efficient,outside_schedule_domain,,,,,4.8289000005752314e-05,unavailable,,,
shell,16,4,shell,0.0,alternating,8,3,112,12.0,42.0,0,borda,ok,2.0,1.598037085256796,-0.014447079585480305,0.5930057567449797,0.0015918519999900127,published_global_clipped_borda,0.0,,
shell,16,5,shell,0.0,alternating,8,3,112,12.0,42.0,0,pl,ok,1.0,1.6194374736272314,0.0,,0.002060778000014807,hunter_mm,,57.0,3.114486446520459e-11
shell,16,5,shell,0.0,alternating,8,3,112,12.0,42.0,0,mle,ok,0.0,1.5406565801865868,-0.07878089344064465,0.9394420412429931,0.0026957720000098107,exact_subset_dp,,,
shell,16,5,shell,0.0,alternating,8,3,112,12.0,42.0,0,sharp,ok,0.0,1.5406565801865868,-0.07878089344064465,0.9394420412429931,0.0035062510000045677,exact_sieve,0.0,,
shell,16,5,shell,0.0,alternating,8,3,112,12.0,42.0,0,efficient,outside_schedule_domain,,,,,4.7762999997758016e-05,unavailable,,,
shell,16,5,shell,0.0,alternating,8,3,112,12.0,42.0,0,borda,ok,2.0,1.6052430920486707,-0.014194381578560789,0.832968122258636,0.0013897299999996449,published_global_clipped_borda,0.0,,
shell,16,6,shell,0.0,alternating,8,3,112,12.0,42.0,0,pl,ok,0.0,1.596954133525546,0.0,,0.0017799160000038228,hunter_mm,,47.0,2.269625757175423e-11
shell,16,6,shell,0.0,alternating,8,3,112,12.0,42.0,0,mle,ok,0.0,1.5351808525407635,-0.06177328098478241,0.8589084084290807,0.002776466000000255,exact_subset_dp,,,
shell,16,6,shell,0.0,alternating,8,3,112,12.0,42.0,0,sharp,ok,2.0,1.5946777026794037,-0.0022764308461422633,0.7090287388626768,0.003434037000005219,exact_sieve,0.0,,
shell,16,6,shell,0.0,alternating,8,3,112,12.0,42.0,0,efficient,outside_schedule_domain,,,,,4.794899999183144e-05,unavailable,,,
shell,16,6,shell,0.0,alternating,8,3,112,12.0,42.0,0,borda,ok,1.0,1.5654490210853274,-0.031505112440218586,0.757533184154752,0.0013628149999931338,published_global_clipped_borda,0.0,,
shell,16,7,shell,0.0,alternating,8,3,112,12.0,42.0,0,pl,ok,0.0,1.5998004600970717,0.0,,0.0018151109999848813,hunter_mm,,49.0,1.5749972754568783e-11
shell,16,7,shell,0.0,alternating,8,3,112,12.0,42.0,0,mle,ok,2.0,1.5986888662270626,-0.001111593870009031,0.7948233114465767,0.002776263999976436,exact_subset_dp,,,
shell,16,7,shell,0.0,alternating,8,3,112,12.0,42.0,0,sharp,ok,3.0,1.6353951309926489,0.03559467089557722,0.7823017009175557,0.0034360740000067835,exact_sieve,0.0,,
shell,16,7,shell,0.0,alternating,8,3,112,12.0,42.0,0,efficient,outside_schedule_domain,,,,,5.105399998228677e-05,unavailable,,,
shell,16,7,shell,0.0,alternating,8,3,112,12.0,42.0,0,borda,ok,0.0,1.5350385285685109,-0.0647619315285608,0.7452814445194086,0.00149704099999326,published_global_clipped_borda,0.0,,
shell,16,8,shell,0.0,alternating,8,3,112,12.0,42.0,0,pl,ok,2.0,1.607550472451901,0.0,,0.001523710000014944,hunter_mm,,37.0,2.10175369172053e-11
shell,16,8,shell,0.0,alternating,8,3,112,12.0,42.0,0,mle,ok,2.0,1.5954788170665513,-0.012071655385349711,0.6385945001665354,0.0024948770000037257,exact_subset_dp,,,
shell,16,8,shell,0.0,alternating,8,3,112,12.0,42.0,0,sharp,ok,10.0,1.782524098290282,0.17497362583838094,0.38803702576072924,0.003553296000006867,exact_sieve,0.0,,
shell,16,8,shell,0.0,alternating,8,3,112,12.0,42.0,0,efficient,outside_schedule_domain,,,,,4.7478999988470605e-05,unavailable,,,
shell,16,8,shell,0.0,alternating,8,3,112,12.0,42.0,0,borda,ok,2.0,1.6020042807323316,-0.005546191719569382,0.5705796667792838,0.0015204000000039741,published_global_clipped_borda,0.0,,
shell,16,9,shell,0.0,alternating,8,3,112,12.0,42.0,0,pl,ok,1.0,1.5988125834419558,0.0,,0.0016138219999959347,hunter_mm,,42.0,2.2375942368820947e-11
shell,16,9,shell,0.0,alternating,8,3,112,12.0,42.0,0,mle,ok,0.0,1.5364976511895538,-0.06231493225240192,0.8852839704922475,0.002467607999989241,exact_subset_dp,,,
shell,16,9,shell,0.0,alternating,8,3,112,12.0,42.0,0,sharp,ok,4.0,1.6663555270707697,0.06754294362881397,0.757533184154752,0.0034405629999980647,exact_sieve,0.0,,
shell,16,9,shell,0.0,alternating,8,3,112,12.0,42.0,0,efficient,outside_schedule_domain,,,,,4.936299998803406e-05,unavailable,,,
shell,16,9,shell,0.0,alternating,8,3,112,12.0,42.0,0,borda,ok,0.0,1.5364976511895538,-0.06231493225240192,0.8852839704922475,0.0013555609999968965,published_global_clipped_borda,0.0,,
shell,16,10,shell,0.0,alternating,8,3,112,12.0,42.0,0,pl,ok,1.0,1.593697252468178,0.0,,0.0015983250000033422,hunter_mm,,42.0,1.791887273481864e-11
shell,16,10,shell,0.0,alternating,8,3,112,12.0,42.0,0,mle,ok,1.0,1.567497466019215,-0.026199786448963147,0.8201538760195531,0.002516141000000971,exact_subset_dp,,,
shell,16,10,shell,0.0,alternating,8,3,112,12.0,42.0,0,sharp,ok,4.0,1.6535657671649273,0.05986851469674925,0.6617844044760891,0.00317897900001185,exact_sieve,0.0,,
shell,16,10,shell,0.0,alternating,8,3,112,12.0,42.0,0,efficient,outside_schedule_domain,,,,,4.420100000857019e-05,unavailable,,,
shell,16,10,shell,0.0,alternating,8,3,112,12.0,42.0,0,borda,ok,1.0,1.5655620004954736,-0.0281352519727045,0.7210314373934753,0.0015045259999908467,published_global_clipped_borda,0.0,,
shell,16,11,shell,0.0,alternating,8,3,112,12.0,42.0,0,pl,ok,0.0,1.6032119471118098,0.0,,0.0017007980000016687,hunter_mm,,45.0,1.9865315741591464e-11
shell,16,11,shell,0.0,alternating,8,3,112,12.0,42.0,0,mle,ok,0.0,1.5347053416843068,-0.06850660542750298,0.8458853458049513,0.002692046999982267,exact_subset_dp,,,
shell,16,11,shell,0.0,alternating,8,3,112,12.0,42.0,0,sharp,ok,4.0,1.6539744432354602,0.05076249612365036,0.6271010645696942,0.0036071140000046853,exact_sieve,0.0,,
shell,16,11,shell,0.0,alternating,8,3,112,12.0,42.0,0,efficient,outside_schedule_domain,,,,,4.9507999989373275e-05,unavailable,,,
shell,16,11,shell,0.0,alternating,8,3,112,12.0,42.0,0,borda,ok,1.0,1.567497466019215,-0.035714481092594896,0.8201538760195531,0.001339128999973127,published_global_clipped_borda,0.0,,
shell,16,12,shell,0.0,alternating,8,3,112,12.0,42.0,0,pl,ok,0.0,1.5909642834193785,0.0,,0.0014920530000210874,hunter_mm,,37.0,1.7841728094936116e-11
shell,16,12,shell,0.0,alternating,8,3,112,12.0,42.0,0,mle,ok,0.0,1.5347053416843068,-0.05625894173507162,0.8458853458049513,0.002630250000009937,exact_subset_dp,,,
shell,16,12,shell,0.0,alternating,8,3,112,12.0,42.0,0,sharp,ok,2.0,1.595260455352262,0.0042961719328835635,0.7331149445745953,0.003372476000009783,exact_sieve,0.0,,
shell,16,12,shell,0.0,alternating,8,3,112,12.0,42.0,0,efficient,outside_schedule_domain,,,,,4.739400000630667e-05,unavailable,,,
shell,16,12,shell,0.0,alternating,8,3,112,12.0,42.0,0,borda,ok,2.0,1.5946103181806168,0.0036460347612383703,0.6734845421971655,0.0013885350000180097,published_global_clipped_borda,0.0,,
shell,16,13,shell,0.0,alternating,8,3,112,12.0,42.0,0,pl,ok,3.0,1.6270301691775981,0.0,,0.001418529999995144,hunter_mm,,35.0,1.4440448836694486e-11
shell,16,13,shell,0.0,alternating,8,3,112,12.0,42.0,0,mle,ok,0.0,1.5377924667081233,-0.08923770246947482,0.697104725066857,0.0027120039999886103,exact_subset_dp,,,
shell,16,13,shell,0.0,alternating,8,3,112,12.0,42.0,0,sharp,ok,3.0,1.6258100000440012,-0.0012201691335969045,0.5594530460875712,0.00392500699999232,exact_sieve,0.0,,
shell,16,13,shell,0.0,alternating,8,3,112,12.0,42.0,0,efficient,outside_schedule_domain,,,,,5.317199997989519e-05,unavailable,,,
shell,16,13,shell,0.0,alternating,8,3,112,12.0,42.0,0,borda,ok,3.0,1.623898280204771,-0.0031318889728271238,0.6156729370132851,0.0015961900000149853,published_global_clipped_borda,0.0,,
shell,16,14,shell,0.0,alternating,8,3,112,12.0,42.0,0,pl,ok,3.0,1.6032156379510483,0.0,,0.0015883020000160286,hunter_mm,,41.0,1.4867155126044704e-11
shell,16,14,shell,0.0,alternating,8,3,112,12.0,42.0,0,mle,ok,0.0,1.5357775860992184,-0.06743805185182983,0.8720402655126755,0.002581602999981669,exact_subset_dp,,,
shell,16,14,shell,0.0,alternating,8,3,112,12.0,42.0,0,sharp,ok,2.0,1.5952604553522622,-0.007955182598786026,0.7331149445745953,0.0033188179999967815,exact_sieve,0.0,,
shell,16,14,shell,0.0,alternating,8,3,112,12.0,42.0,0,efficient,outside_schedule_domain,,,,,4.793799999447401e-05,unavailable,,,
shell,16,14,shell,0.0,alternating,8,3,112,12.0,42.0,0,borda,ok,2.0,1.6082826976950806,0.005067059744032321,0.8589084084290807,0.001501895000018294,published_global_clipped_borda,0.0,,
shell,16,15,shell,0.0,alternating,8,3,112,12.0,42.0,0,pl,ok,2.0,1.6326423886126797,0.0,,0.0019464780000078008,hunter_mm,,54.0,1.754786792064676e-11
shell,16,15,shell,0.0,alternating,8,3,112,12.0,42.0,0,mle,ok,2.0,1.6125792818648175,-0.02006310674786227,0.9121196566486348,0.0025696030000119663,exact_subset_dp,,,
shell,16,15,shell,0.0,alternating,8,3,112,12.0,42.0,0,sharp,ok,2.0,1.6039134117628513,-0.028728976849828447,0.8201538760195531,0.0033749759999750495,exact_sieve,0.0,,
shell,16,15,shell,0.0,alternating,8,3,112,12.0,42.0,0,efficient,outside_schedule_domain,,,,,4.9131999986684605e-05,unavailable,,,
shell,16,15,shell,0.0,alternating,8,3,112,12.0,42.0,0,borda,ok,2.0,1.6067770419405707,-0.025865346672109046,0.8720402655126755,0.001498268999995389,published_global_clipped_borda,0.0,,
shell,16,16,shell,0.0,alternating,8,3,112,12.0,42.0,0,pl,ok,0.0,1.6168723734891126,0.0,,0.0014982820000000174,hunter_mm,,37.0,1.3620089183470035e-11
shell,16,16,shell,0.0,alternating,8,3,112,12.0,42.0,0,mle,ok,1.0,1.5666310589430106,-0.050241314546102034,0.685257329800172,0.00266420400001266,exact_subset_dp,,,
shell,16,16,shell,0.0,alternating,8,3,112,12.0,42.0,0,sharp,ok,8.0,1.7389261109257634,0.12205373743665082,0.4088748820359535,0.003515149999998357,exact_sieve,0.0,,
shell,16,16,shell,0.0,alternating,8,3,112,12.0,42.0,0,efficient,outside_schedule_domain,,,,,4.6807000018134204e-05,unavailable,,,
shell,16,16,shell,0.0,alternating,8,3,112,12.0,42.0,0,borda,ok,2.0,1.5950874145946177,-0.021784958894494943,0.6501550097881424,0.0013934290000179317,published_global_clipped_borda,0.0,,
shell,16,17,shell,0.0,alternating,8,3,112,12.0,42.0,0,pl,ok,1.0,1.5998922941570286,0.0,,0.0016850319999832664,hunter_mm,,44.0,2.1685510530135487e-11
shell,16,17,shell,0.0,alternating,8,3,112,12.0,42.0,0,mle,ok,1.0,1.5654162129517355,-0.03447608120529311,0.7331149445745953,0.002515366000011454,exact_subset_dp,,,
shell,16,17,shell,0.0,alternating,8,3,112,12.0,42.0,0,sharp,ok,4.0,1.6512349946014806,0.051342700444451994,0.6156729370132851,0.0035009030000026087,exact_sieve,0.0,,
shell,16,17,shell,0.0,alternating,8,3,112,12.0,42.0,0,efficient,outside_schedule_domain,,,,,4.945500000985703e-05,unavailable,,,
shell,16,17,shell,0.0,alternating,8,3,112,12.0,42.0,0,borda,ok,2.0,1.5975767753704155,-0.002315518786613069,0.7210314373934753,0.001490141999994421,published_global_clipped_borda,0.0,,
shell,16,18,shell,0.0,alternating,8,3,112,12.0,42.0,0,pl,ok,2.0,1.6008724025812466,0.0,,0.0014705480000145599,hunter_mm,,36.0,1.344235833755647e-11
shell,16,18,shell,0.0,alternating,8,3,112,12.0,42.0,0,mle,ok,1.0,1.5671935589410366,-0.03367884364021001,0.6734845421971655,0.002505783000003703,exact_subset_dp,,,
shell,16,18,shell,0.0,alternating,8,3,112,12.0,42.0,0,sharp,ok,4.0,1.6521877429162044,0.05131534033495777,0.6385945001665354,0.003292912000006254,exact_sieve,0.0,,
shell,16,18,shell,0.0,alternating,8,3,112,12.0,42.0,0,efficient,outside_schedule_domain,,,,,4.624099997840858e-05,unavailable,,,
shell,16,18,shell,0.0,alternating,8,3,112,12.0,42.0,0,borda,ok,0.0,1.5409165938961864,-0.05995580868506023,0.6617844044760891,0.001405929000014794,published_global_clipped_borda,0.0,,
shell,16,19,shell,0.0,alternating,8,3,112,12.0,42.0,0,pl,ok,2.0,1.637588465248603,0.0,,0.0018482360000007247,hunter_mm,,51.0,1.9652501848099746e-11
shell,16,19,shell,0.0,alternating,8,3,112,12.0,42.0,0,mle,ok,2.0,1.606698791696556,-0.03088967355204697,0.8458853458049513,0.0027225089999944885,exact_subset_dp,,,
shell,16,19,shell,0.0,alternating,8,3,112,12.0,42.0,0,sharp,ok,6.0,1.7088966687658573,0.07130820351725431,0.6385945001665354,0.0032912599999974645,exact_sieve,0.0,,
shell,16,19,shell,0.0,alternating,8,3,112,12.0,42.0,0,efficient,outside_schedule_domain,,,,,4.6362999995608334e-05,unavailable,,,
shell,16,19,shell,0.0,alternating,8,3,112,12.0,42.0,0,borda,ok,3.0,1.6299228031369206,-0.007665662111682403,0.757533184154752,0.0014020920000064052,published_global_clipped_borda,0.0,,
shell,16,20,shell,0.0,alternating,8,3,112,12.0,42.0,0,pl,ok,4.0,1.6150249527719374,0.0,,0.001620602000002691,hunter_mm,,42.0,1.934706363369644e-11
shell,16,20,shell,0.0,alternating,8,3,112,12.0,42.0,0,mle,ok,2.0,1.599814051350986,-0.015210901420951384,0.7698724759713074,0.0025327600000082384,exact_subset_dp,,,
shell,16,20,shell,0.0,alternating,8,3,112,12.0,42.0,0,sharp,ok,5.0,1.6917413362777876,0.0767163835058502,0.7090287388626768,0.003527546000015036,exact_sieve,0.0,,
shell,16,20,shell,0.0,alternating,8,3,112,12.0,42.0,0,efficient,outside_schedule_domain,,,,,4.8594000020329986e-05,unavailable,,,
shell,16,20,shell,0.0,alternating,8,3,112,12.0,42.0,0,borda,ok,3.0,1.6269291124837415,0.011904159711804141,0.7210314373934753,0.0014802789999919241,published_global_clipped_borda,0.0,,
shell,16,21,shell,0.0,alternating,8,3,112,12.0,42.0,0,pl,ok,3.0,1.6093656665431704,0.0,,0.001596371999994517,hunter_mm,,39.0,1.1169002231018306e-11
shell,16,21,shell,0.0,alternating,8,3,112,12.0,42.0,0,mle,ok,0.0,1.5341099716531548,-0.0752556948900156,0.8201538760195531,0.002711973000003809,exact_subset_dp,,,
shell,16,21,shell,0.0,alternating,8,3,112,12.0,42.0,0,sharp,ok,3.0,1.6269291124837415,0.017563445940571132,0.7210314373934753,0.003503054000020711,exact_sieve,0.0,,
shell,16,21,shell,0.0,alternating,8,3,112,12.0,42.0,0,efficient,outside_schedule_domain,,,,,4.850999999916894e-05,unavailable,,,
shell,16,21,shell,0.0,alternating,8,3,112,12.0,42.0,0,borda,ok,3.0,1.6299228031369206,0.020557136593750247,0.757533184154752,0.0013523460000044452,published_global_clipped_borda,0.0,,
shell,16,22,shell,0.0,alternating,8,3,112,12.0,42.0,0,pl,ok,0.0,1.5917296069891602,0.0,,0.0015273900000067897,hunter_mm,,38.0,1.3844481117075702e-11
shell,16,22,shell,0.0,alternating,8,3,112,12.0,42.0,0,mle,ok,1.0,1.5654490210853274,-0.026280585903832865,0.757533184154752,0.002615006000013409,exact_subset_dp,,,
shell,16,22,shell,0.0,alternating,8,3,112,12.0,42.0,0,sharp,ok,5.0,1.6751818685406379,0.08345226155147767,0.5483819891258543,0.003355182000007062,exact_sieve,0.0,,
shell,16,22,shell,0.0,alternating,8,3,112,12.0,42.0,0,efficient,outside_schedule_domain,,,,,4.9418000003242923e-05,unavailable,,,
shell,16,22,shell,0.0,alternating,8,3,112,12.0,42.0,0,borda,ok,1.0,1.5654162129517357,-0.026313394037424498,0.7331149445745953,0.001353301999984069,published_global_clipped_borda,0.0,,
shell,16,23,shell,0.0,alternating,8,3,112,12.0,42.0,0,pl,ok,2.0,1.610819853438271,0.0,,0.001822943999997051,hunter_mm,,49.0,2.866081974925042e-11
shell,16,23,shell,0.0,alternating,8,3,112,12.0,42.0,0,mle,ok,2.0,1.6125792818648175,0.0017594284265465276,0.9121196566486348,0.0025377169999956095,exact_subset_dp,,,
shell,16,23,shell,0.0,alternating,8,3,112,12.0,42.0,0,sharp,ok,2.0,1.6008849603852753,-0.009934893052995664,0.8201538760195531,0.003403320000018084,exact_sieve,0.0,,
shell,16,23,shell,0.0,alternating,8,3,112,12.0,42.0,0,efficient,outside_schedule_domain,,,,,4.569199998627482e-05,unavailable,,,
shell,16,23,shell,0.0,alternating,8,3,112,12.0,42.0,0,borda,ok,2.0,1.6125792818648175,0.0017594284265465276,0.9121196566486348,0.0014075480000030893,published_global_clipped_borda,0.0,,
shell,16,24,shell,0.0,alternating,8,3,112,12.0,42.0,0,pl,ok,2.0,1.612903442532283,0.0,,0.0018201910000072985,hunter_mm,,51.0,2.784781928864634e-11
shell,16,24,shell,0.0,alternating,8,3,112,12.0,42.0,0,mle,ok,0.0,1.5342900700105795,-0.07861337252170353,0.7698724759713074,0.002528018999981896,exact_subset_dp,,,
shell,16,24,shell,0.0,alternating,8,3,112,12.0,42.0,0,sharp,ok,2.0,1.5949143376087997,-0.017989104923483268,0.7210314373934753,0.003636068000020032,exact_sieve,0.0,,
shell,16,24,shell,0.0,alternating,8,3,112,12.0,42.0,0,efficient,outside_schedule_domain,,,,,6.209300002524287e-05,unavailable,,,
shell,16,24,shell,0.0,alternating,8,3,112,12.0,42.0,0,borda,ok,2.0,1.5949143376087997,-0.017989104923483268,0.7210314373934753,0.0015002610000180994,published_global_clipped_borda,0.0,,
shell,16,25,shell,0.0,alternating,8,3,112,12.0,42.0,0,pl,ok,3.0,1.6429291109945892,0.0,,0.002067836000009038,hunter_mm,,60.0,2.093341373259656e-11
shell,16,25,shell,0.0,alternating,8,3,112,12.0,42.0,0,mle,ok,3.0,1.6453037762255716,0.002374665230982398,0.832968122258636,0.0025331589999950666,exact_subset_dp,,,
shell,16,25,shell,0.0,alternating,8,3,112,12.0,42.0,0,sharp,ok,6.0,1.7206050577285024,0.0776759467339132,0.7090287388626768,0.0034465229999796065,exact_sieve,0.0,,
shell,16,25,shell,0.0,alternating,8,3,112,12.0,42.0,0,efficient,outside_schedule_domain,,,,,4.7967000000426196e-05,unavailable,,,
shell,16,25,shell,0.0,alternating,8,3,112,12.0,42.0,0,borda,ok,2.0,1.6016237834698641,-0.041305327524725044,0.7948233114465767,0.0014978410000026088,published_global_clipped_borda,0.0,,
shell,16,26,shell,0.0,alternating,8,3,112,12.0,42.0,0,pl,ok,5.0,1.6715319804926054,0.0,,0.0015351270000110162,hunter_mm,,38.0,1.447572220821972e-11
shell,16,26,shell,0.0,alternating,8,3,112,12.0,42.0,0,mle,ok,6.0,1.7090420634269317,0.03751008293432623,0.6043083947860767,0.0027017889999854106,exact_subset_dp,,,
shell,16,26,shell,0.0,alternating,8,3,112,12.0,42.0,0,sharp,ok,7.0,1.727088182177029,0.055556201684423545,0.4193490187149717,0.0035207839999884527,exact_sieve,0.0,,
shell,16,26,shell,0.0,alternating,8,3,112,12.0,42.0,0,efficient,outside_schedule_domain,,,,,5.196600000090257e-05,unavailable,,,
shell,16,26,shell,0.0,alternating,8,3,112,12.0,42.0,0,borda,ok,5.0,1.6770278676990937,0.0054958872064883035,0.5930057567449797,0.0015555029999916314,published_global_clipped_borda,0.0,,
shell,16,27,shell,0.0,alternating,8,3,112,12.0,42.0,0,pl,ok,2.0,1.615944887214275,0.0,,0.0016357549999952425,hunter_mm,,43.0,2.355354007071193e-11
shell,16,27,shell,0.0,alternating,8,3,112,12.0,42.0,0,mle,ok,3.0,1.6391522392247977,0.023207352010522708,0.832968122258636,0.002484592999991264,exact_subset_dp,,,
shell,16,27,shell,0.0,alternating,8,3,112,12.0,42.0,0,sharp,ok,5.0,1.6829498933295781,0.06700500611530313,0.6617844044760891,0.003366291000020283,exact_sieve,0.0,,
shell,16,27,shell,0.0,alternating,8,3,112,12.0,42.0,0,efficient,outside_schedule_domain,,,,,4.9747000019806364e-05,unavailable,,,
shell,16,27,shell,0.0,alternating,8,3,112,12.0,42.0,0,borda,ok,3.0,1.6299228031369208,0.013977915922645856,0.757533184154752,0.001399468999977671,published_global_clipped_borda,0.0,,
shell,16,28,shell,0.0,alternating,8,3,112,12.0,42.0,0,pl,ok,2.0,1.6342128547280266,0.0,,0.0022374710000008236,hunter_mm,,65.0,2.614936838491693e-11
shell,16,28,shell,0.0,alternating,8,3,112,12.0,42.0,0,mle,ok,0.0,1.536950259777974,-0.09726259495005252,0.7090287388626768,0.0026331970000228466,exact_subset_dp,,,
shell,16,28,shell,0.0,alternating,8,3,112,12.0,42.0,0,sharp,ok,6.0,1.7085946367993423,0.07438178207131574,0.5594530460875712,0.0032552229999964766,exact_sieve,0.0,,
shell,16,28,shell,0.0,alternating,8,3,112,12.0,42.0,0,efficient,outside_schedule_domain,,,,,4.5734999986279945e-05,unavailable,,,
shell,16,28,shell,0.0,alternating,8,3,112,12.0,42.0,0,borda,ok,2.0,1.5970971871075699,-0.037115667620456705,0.6734845421971655,0.0014229829999976573,published_global_clipped_borda,0.0,,
shell,16,29,shell,0.0,alternating,8,3,112,12.0,42.0,0,pl,ok,3.0,1.643577863099556,0.0,,0.0021392840000089564,hunter_mm,,61.0,3.0513496491429186e-11
shell,16,29,shell,0.0,alternating,8,3,112,12.0,42.0,0,mle,ok,0.0,1.5347053416843068,-0.10887252141524906,0.8458853458049513,0.002719532000014624,exact_subset_dp,,,
shell,16,29,shell,0.0,alternating,8,3,112,12.0,42.0,0,sharp,ok,3.0,1.6385590740332543,-0.005018789066301599,0.8074398347256734,0.0034891390000098,exact_sieve,0.0,,
shell,16,29,shell,0.0,alternating,8,3,112,12.0,42.0,0,efficient,outside_schedule_domain,,,,,4.749199999309894e-05,unavailable,,,
shell,16,29,shell,0.0,alternating,8,3,112,12.0,42.0,0,borda,ok,4.0,1.6663555270707697,0.022777663971213835,0.757533184154752,0.0013056479999988824,published_global_clipped_borda,0.0,,
shell,16,30,shell,0.0,alternating,8,3,112,12.0,42.0,0,pl,ok,2.0,1.6295694016109994,0.0,,0.0014920399999880374,hunter_mm,,35.0,1.0456397652498189e-11
shell,16,30,shell,0.0,alternating,8,3,112,12.0,42.0,0,mle,ok,0.0,1.5347053416843068,-0.09486405992669256,0.8458853458049513,0.0026985769999896547,exact_subset_dp,,,
shell,16,30,shell,0.0,alternating,8,3,112,12.0,42.0,0,sharp,ok,5.0,1.686449774130882,0.05688037251988254,0.6271010645696942,0.0034567700000138757,exact_sieve,0.0,,
shell,16,30,shell,0.0,alternating,8,3,112,12.0,42.0,0,efficient,outside_schedule_domain,,,,,4.763500001558896e-05,unavailable,,,
shell,16,30,shell,0.0,alternating,8,3,112,12.0,42.0,0,borda,ok,2.0,1.5990845230804749,-0.030484878530524506,0.757533184154752,0.0013537639999867679,published_global_clipped_borda,0.0,,
shell,16,31,shell,0.0,alternating,8,3,112,12.0,42.0,0,pl,ok,4.0,1.6750392879313818,0.0,,0.0016202429999907508,hunter_mm,,44.0,1.4332662041332306e-11
shell,16,31,shell,0.0,alternating,8,3,112,12.0,42.0,0,mle,ok,3.0,1.6311546493846456,-0.04388463854673619,0.7698724759713074,0.002534056000001783,exact_subset_dp,,,
shell,16,31,shell,0.0,alternating,8,3,112,12.0,42.0,0,sharp,ok,3.0,1.6311546493846456,-0.04388463854673619,0.7698724759713074,0.003317930000008573,exact_sieve,0.0,,
shell,16,31,shell,0.0,alternating,8,3,112,12.0,42.0,0,efficient,outside_schedule_domain,,,,,4.4401999986121155e-05,unavailable,,,
shell,16,31,shell,0.0,alternating,8,3,112,12.0,42.0,0,borda,ok,4.0,1.6619005972570422,-0.013138690674339593,0.7452814445194086,0.0015642399999933332,published_global_clipped_borda,0.0,,
shell,16,32,shell,0.0,alternating,8,3,112,12.0,42.0,0,pl,ok,3.0,1.6239434554097594,0.0,,0.0017112720000227455,hunter_mm,,46.0,1.6948284046033482e-11
shell,16,32,shell,0.0,alternating,8,3,112,12.0,42.0,0,mle,ok,0.0,1.5343490291960298,-0.0895944262137296,0.832968122258636,0.0024726810000004207,exact_subset_dp,,,
shell,16,32,shell,0.0,alternating,8,3,112,12.0,42.0,0,sharp,ok,3.0,1.6339974346577324,0.010053979247973022,0.7698724759713074,0.0033096059999877525,exact_sieve,0.0,,
shell,16,32,shell,0.0,alternating,8,3,112,12.0,42.0,0,efficient,outside_schedule_domain,,,,,5.022900000994923e-05,unavailable,,,
shell,16,32,shell,0.0,alternating,8,3,112,12.0,42.0,0,borda,ok,3.0,1.6339974346577322,0.0100539792479728,0.7698724759713074,0.0013643540000032317,published_global_clipped_borda,0.0,,
shell,16,33,shell,0.0,alternating,8,3,112,12.0,42.0,0,pl,ok,1.0,1.609494580366795,0.0,,0.0016748590000190688,hunter_mm,,45.0,1.627260231324661e-11
shell,16,33,shell,0.0,alternating,8,3,112,12.0,42.0,0,mle,ok,1.0,1.567497466019215,-0.04199711434758013,0.8201538760195531,0.0025180740000223523,exact_subset_dp,,,
shell,16,33,shell,0.0,alternating,8,3,112,12.0,42.0,0,sharp,ok,4.0,1.6528494458652667,0.04335486549847167,0.685257329800172,0.0035560019999820724,exact_sieve,0.0,,
shell,16,33,shell,0.0,alternating,8,3,112,12.0,42.0,0,efficient,outside_schedule_domain,,,,,4.618700000946774e-05,unavailable,,,
shell,16,33,shell,0.0,alternating,8,3,112,12.0,42.0,0,borda,ok,3.0,1.6311546493846456,0.02166006901785056,0.7698724759713074,0.0014331200000015087,published_global_clipped_borda,0.0,,
shell,16,34,shell,0.0,alternating,8,3,112,12.0,42.0,0,pl,ok,1.0,1.611104502370952,0.0,,0.0016063790000089284,hunter_mm,,42.0,1.6157963855789603e-11
shell,16,34,shell,0.0,alternating,8,3,112,12.0,42.0,0,mle,ok,2.0,1.6159473206090809,0.004842818238128821,0.9121196566486348,0.0025626849999866863,exact_subset_dp,,,
shell,16,34,shell,0.0,alternating,8,3,112,12.0,42.0,0,sharp,ok,4.0,1.6684474905484827,0.057342988177530696,0.8074398347256734,0.003482277000017575,exact_sieve,0.0,,
shell,16,34,shell,0.0,alternating,8,3,112,12.0,42.0,0,efficient,outside_schedule_domain,,,,,4.9074000003201945e-05,unavailable,,,
shell,16,34,shell,0.0,alternating,8,3,112,12.0,42.0,0,borda,ok,1.0,1.5754479693295058,-0.035656533041446226,0.9121196566486348,0.0014371890000006715,published_global_clipped_borda,0.0,,
shell,16,35,shell,0.0,alternating,8,3,112,12.0,42.0,0,pl,ok,4.0,1.6219498206662766,0.0,,0.0015173790000062581,hunter_mm,,39.0,1.194212982470942e-11
shell,16,35,shell,0.0,alternating,8,3,112,12.0,42.0,0,mle,ok,0.0,1.5339863031596663,-0.08796351750661024,0.8074398347256734,0.002663793000010628,exact_subset_dp,,,
shell,16,35,shell,0.0,alternating,8,3,112,12.0,42.0,0,sharp,ok,1.0,1.5654490210853274,-0.056500799580949224,0.757533184154752,0.0036541940000063278,exact_sieve,0.0,,
shell,16,35,shell,0.0,alternating,8,3,112,12.0,42.0,0,efficient,outside_schedule_domain,,,,,5.3256000001056236e-05,unavailable,,,
shell,16,35,shell,0.0,alternating,8,3,112,12.0,42.0,0,borda,ok,6.0,1.6961998187220135,0.07424999805573695,0.5594530460875712,0.0013700579999920137,published_global_clipped_borda,0.0,,
shell,16,36,shell,0.0,alternating,8,3,112,12.0,42.0,0,pl,ok,1.0,1.6038534279397467,0.0,,0.0018210149999902114,hunter_mm,,50.0,2.1189716647995738e-11
shell,16,36,shell,0.0,alternating,8,3,112,12.0,42.0,0,mle,ok,0.0,1.5351808525407635,-0.0686725753989832,0.8589084084290807,0.0027302510000026814,exact_subset_dp,,,
shell,16,36,shell,0.0,alternating,8,3,112,12.0,42.0,0,sharp,ok,1.0,1.5663325491884497,-0.03752087875129706,0.7948233114465767,0.0035088099999995848,exact_sieve,0.0,,
shell,16,36,shell,0.0,alternating,8,3,112,12.0,42.0,0,efficient,outside_schedule_domain,,,,,4.6599999990348806e-05,unavailable,,,
shell,16,36,shell,0.0,alternating,8,3,112,12.0,42.0,0,borda,ok,1.0,1.566856223940475,-0.036997203999271644,0.8074398347256734,0.0014969059999998535,published_global_clipped_borda,0.0,,
shell,16,37,shell,0.0,alternating,8,3,112,12.0,42.0,0,pl,ok,1.0,1.6138469262710808,0.0,,0.0016820499999994354,hunter_mm,,45.0,1.3127403925799236e-11
shell,16,37,shell,0.0,alternating,8,3,112,12.0,42.0,0,mle,ok,0.0,1.5394202728124196,-0.07442665345866128,0.9257182786944403,0.002491595999998708,exact_subset_dp,,,
shell,16,37,shell,0.0,alternating,8,3,112,12.0,42.0,0,sharp,ok,3.0,1.636915017751278,0.02306809148019706,0.7948233114465767,0.00348961099999201,exact_sieve,0.0,,
shell,16,37,shell,0.0,alternating,8,3,112,12.0,42.0,0,efficient,outside_schedule_domain,,,,,4.978600000526967e-05,unavailable,,,
shell,16,37,shell,0.0,alternating,8,3,112,12.0,42.0,0,borda,ok,1.0,1.5725365146777377,-0.041310411593343144,0.8852839704922475,0.0014204210000059447,published_global_clipped_borda,0.0,,
shell,16,38,shell,0.0,alternating,8,3,112,12.0,42.0,0,pl,ok,2.0,1.6146812026641384,0.0,,0.0015796760000057475,hunter_mm,,43.0,1.8625672432952863e-11
shell,16,38,shell,0.0,alternating,8,3,112,12.0,42.0,0,mle,ok,0.0,1.5350385285685109,-0.07964267409562753,0.7452814445194086,0.002694491999989168,exact_subset_dp,,,
shell,16,38,shell,0.0,alternating,8,3,112,12.0,42.0,0,sharp,ok,4.0,1.653565767164927,0.0388845645007887,0.6617844044760891,0.0033496320000097057,exact_sieve,0.0,,
shell,16,38,shell,0.0,alternating,8,3,112,12.0,42.0,0,efficient,outside_schedule_domain,,,,,4.6840000010206495e-05,unavailable,,,
shell,16,38,shell,0.0,alternating,8,3,112,12.0,42.0,0,borda,ok,1.0,1.5658139812286889,-0.048867221435449526,0.7090287388626768,0.0014791639999884865,published_global_clipped_borda,0.0,,
shell,16,39,shell,0.0,alternating,8,3,112,12.0,42.0,0,pl,ok,1.0,1.6000030184927607,0.0,,0.0017975840000019616,hunter_mm,,48.0,2.046838888856785e-11
shell,16,39,shell,0.0,alternating,8,3,112,12.0,42.0,0,mle,ok,2.0,1.5979675119531453,-0.0020355065396153726,0.7331149445745953,0.002579476999983399,exact_subset_dp,,,
shell,16,39,shell,0.0,alternating,8,3,112,12.0,42.0,0,sharp,ok,5.0,1.6824174499411368,0.08241443144837612,0.39843792971796577,0.0034307829999988826,exact_sieve,0.0,,
shell,16,39,shell,0.0,alternating,8,3,112,12.0,42.0,0,efficient,outside_schedule_domain,,,,,4.751700001293102e-05,unavailable,,,
shell,16,39,shell,0.0,alternating,8,3,112,12.0,42.0,0,borda,ok,1.0,1.5654162129517355,-0.03458680554102522,0.7331149445745953,0.0013609620000067935,published_global_clipped_borda,0.0,,
shell,17,0,shell,0.0,alternating,8,3,448,48.0,168.0,0,pl,ok,0.0,1.5905218891821453,0.0,,0.0026587739999968107,hunter_mm,,43.0,2.625493473422986e-11
shell,17,0,shell,0.0,alternating,8,3,448,48.0,168.0,0,mle,ok,0.0,1.534707703872927,-0.05581418530921822,0.7544621327077489,0.0026890540000010787,exact_subset_dp,,,
shell,17,0,shell,0.0,alternating,8,3,448,48.0,168.0,0,sharp,ok,0.0,1.534707703872927,-0.05581418530921822,0.7544621327077489,0.010782103999986248,exact_sieve,0.0,,
shell,17,0,shell,0.0,alternating,8,3,448,48.0,168.0,0,efficient,outside_schedule_domain,,,,,0.00010950399999387628,unavailable,,,
shell,17,0,shell,0.0,alternating,8,3,448,48.0,168.0,0,borda,ok,0.0,1.534707703872927,-0.05581418530921822,0.7544621327077489,0.0014742900000044301,published_global_clipped_borda,0.0,,
shell,17,1,shell,0.0,alternating,8,3,448,48.0,168.0,0,pl,ok,0.0,1.5898821732042083,0.0,,0.002556955999978072,hunter_mm,,42.0,2.127498177628695e-11
shell,17,1,shell,0.0,alternating,8,3,448,48.0,168.0,0,mle,ok,0.0,1.534214961953606,-0.055667211250602255,0.8265483022961607,0.002846428999987438,exact_subset_dp,,,
shell,17,1,shell,0.0,alternating,8,3,448,48.0,168.0,0,sharp,ok,0.0,1.534214961953606,-0.055667211250602255,0.8265483022961607,0.01077849600000036,exact_sieve,0.0,,
shell,17,1,shell,0.0,alternating,8,3,448,48.0,168.0,0,efficient,outside_schedule_domain,,,,,7.597800001235555e-05,unavailable,,,
shell,17,1,shell,0.0,alternating,8,3,448,48.0,168.0,0,borda,ok,1.0,1.566579806506458,-0.02330236669775032,0.8011195480346118,0.0015730410000003303,published_global_clipped_borda,0.0,,
shell,17,2,shell,0.0,alternating,8,3,448,48.0,168.0,0,pl,ok,1.0,1.5918836132973984,0.0,,0.0024718559999996614,hunter_mm,,41.0,1.6154823510662807e-11
shell,17,2,shell,0.0,alternating,8,3,448,48.0,168.0,0,mle,ok,0.0,1.534158846723167,-0.05772476657423131,0.8233479365601499,0.002763692000002038,exact_subset_dp,,,
shell,17,2,shell,0.0,alternating,8,3,448,48.0,168.0,0,sharp,ok,0.0,1.534158846723167,-0.05772476657423131,0.8233479365601499,0.010711675000010246,exact_sieve,0.0,,
shell,17,2,shell,0.0,alternating,8,3,448,48.0,168.0,0,efficient,outside_schedule_domain,,,,,7.64890000084506e-05,unavailable,,,
shell,17,2,shell,0.0,alternating,8,3,448,48.0,168.0,0,borda,ok,1.0,1.565693562023722,-0.02619005127367635,0.7729712564241071,0.0015637350000190509,published_global_clipped_borda,0.0,,
shell,17,3,shell,0.0,alternating,8,3,448,48.0,168.0,0,pl,ok,0.0,1.5876117871522482,0.0,,0.002425064999982851,hunter_mm,,39.0,1.894078544799933e-11
shell,17,3,shell,0.0,alternating,8,3,448,48.0,168.0,0,mle,ok,0.0,1.534042189799946,-0.053569597352302045,0.7854233449861958,0.002803513000003477,exact_subset_dp,,,
shell,17,3,shell,0.0,alternating,8,3,448,48.0,168.0,0,sharp,ok,0.0,1.534042189799946,-0.053569597352302045,0.7854233449861958,0.01109033500000578,exact_sieve,0.0,,
shell,17,3,shell,0.0,alternating,8,3,448,48.0,168.0,0,efficient,outside_schedule_domain,,,,,7.91250000133914e-05,unavailable,,,
shell,17,3,shell,0.0,alternating,8,3,448,48.0,168.0,0,borda,ok,0.0,1.534042189799946,-0.053569597352302045,0.7854233449861958,0.00153404299999238,published_global_clipped_borda,0.0,,
shell,17,4,shell,0.0,alternating,8,3,448,48.0,168.0,0,pl,ok,1.0,1.59189718934175,0.0,,0.0024581170000033126,hunter_mm,,40.0,2.1113269862585835e-11
shell,17,4,shell,0.0,alternating,8,3,448,48.0,168.0,0,mle,ok,0.0,1.5339863031596663,-0.05791088618208362,0.8074398347256734,0.002753379000012046,exact_subset_dp,,,
shell,17,4,shell,0.0,alternating,8,3,448,48.0,168.0,0,sharp,ok,0.0,1.5339863031596663,-0.05791088618208362,0.8074398347256734,0.010699261000013394,exact_sieve,0.0,,
shell,17,4,shell,0.0,alternating,8,3,448,48.0,168.0,0,efficient,outside_schedule_domain,,,,,7.086900001240792e-05,unavailable,,,
shell,17,4,shell,0.0,alternating,8,3,448,48.0,168.0,0,borda,ok,1.0,1.565574792519977,-0.026322396821772953,0.766779315990074,0.0016061890000003132,published_global_clipped_borda,0.0,,
shell,17,5,shell,0.0,alternating,8,3,448,48.0,168.0,0,pl,ok,0.0,1.5881431738538967,0.0,,0.0024907670000118287,hunter_mm,,39.0,1.467340534791869e-11
shell,17,5,shell,0.0,alternating,8,3,448,48.0,168.0,0,mle,ok,0.0,1.5360405412795664,-0.05210263257433034,0.7240446541092876,0.002691233000007287,exact_subset_dp,,,
shell,17,5,shell,0.0,alternating,8,3,448,48.0,168.0,0,sharp,ok,2.0,1.597156235907678,0.009013062053781384,0.6676255124486691,0.011149526999986392,exact_sieve,0.0,,
shell,17,5,shell,0.0,alternating,8,3,448,48.0,168.0,0,efficient,outside_schedule_domain,,,,,7.698699999991732e-05,unavailable,,,
shell,17,5,shell,0.0,alternating,8,3,448,48.0,168.0,0,borda,ok,0.0,1.5360405412795664,-0.05210263257433034,0.7240446541092876,0.001562921000015649,published_global_clipped_borda,0.0,,
shell,17,6,shell,0.0,alternating,8,3,448,48.0,168.0,0,pl,ok,1.0,1.5970957343921408,0.0,,0.0023383929999738484,hunter_mm,,38.0,1.6362593819556944e-11
shell,17,6,shell,0.0,alternating,8,3,448,48.0,168.0,0,mle,ok,0.0,1.5342900700105795,-0.06280566438156132,0.7698724759713074,0.0025936879999903795,exact_subset_dp,,,
shell,17,6,shell,0.0,alternating,8,3,448,48.0,168.0,0,sharp,ok,0.0,1.5342900700105795,-0.06280566438156132,0.7698724759713074,0.0105070780000176,exact_sieve,0.0,,
shell,17,6,shell,0.0,alternating,8,3,448,48.0,168.0,0,efficient,outside_schedule_domain,,,,,7.571399999051209e-05,unavailable,,,
shell,17,6,shell,0.0,alternating,8,3,448,48.0,168.0,0,borda,ok,1.0,1.5653965257795144,-0.03169920861262643,0.7361487023127573,0.001617017000000942,published_global_clipped_borda,0.0,,
shell,17,7,shell,0.0,alternating,8,3,448,48.0,168.0,0,pl,ok,1.0,1.6039088714231013,0.0,,0.0022796890000051917,hunter_mm,,36.0,1.6661719623048807e-11
shell,17,7,shell,0.0,alternating,8,3,448,48.0,168.0,0,mle,ok,0.0,1.5428077244302678,-0.06110114699283353,0.644366258611643,0.0027438520000089284,exact_subset_dp,,,
shell,17,7,shell,0.0,alternating,8,3,448,48.0,168.0,0,sharp,ok,0.0,1.5428077244302678,-0.06110114699283353,0.644366258611643,0.01069882499999153,exact_sieve,0.0,,
shell,17,7,shell,0.0,alternating,8,3,448,48.0,168.0,0,efficient,outside_schedule_domain,,,,,7.249399999409434e-05,unavailable,,,
shell,17,7,shell,0.0,alternating,8,3,448,48.0,168.0,0,borda,ok,2.0,1.5996440674542984,-0.0042648039688029105,0.5733701823703052,0.001678854999994428,published_global_clipped_borda,0.0,,
shell,17,8,shell,0.0,alternating,8,3,448,48.0,168.0,0,pl,ok,0.0,1.5938746466977078,0.0,,0.002776046999997561,hunter_mm,,47.0,1.7974891416575443e-11
shell,17,8,shell,0.0,alternating,8,3,448,48.0,168.0,0,mle,ok,0.0,1.5351808525407635,-0.05869379415694431,0.8589084084290807,0.0026546869999890532,exact_subset_dp,,,
shell,17,8,shell,0.0,alternating,8,3,448,48.0,168.0,0,sharp,ok,2.0,1.5996208353235,0.005746188625792126,0.766779315990074,0.010550952000016878,exact_sieve,0.0,,
shell,17,8,shell,0.0,alternating,8,3,448,48.0,168.0,0,efficient,outside_schedule_domain,,,,,7.243299998549446e-05,unavailable,,,
shell,17,8,shell,0.0,alternating,8,3,448,48.0,168.0,0,borda,ok,0.0,1.5351808525407635,-0.05869379415694431,0.8589084084290807,0.0015336199999751443,published_global_clipped_borda,0.0,,
shell,17,9,shell,0.0,alternating,8,3,448,48.0,168.0,0,pl,ok,1.0,1.5899633893582823,0.0,,0.0025123230000190233,hunter_mm,,43.0,1.9894118098916026e-11
shell,17,9,shell,0.0,alternating,8,3,448,48.0,168.0,0,mle,ok,0.0,1.5340780383675818,-0.055885350990700466,0.7823017009175557,0.0025802119999980277,exact_subset_dp,,,
shell,17,9,shell,0.0,alternating,8,3,448,48.0,168.0,0,sharp,ok,0.0,1.5340780383675818,-0.055885350990700466,0.7823017009175557,0.010760790000006182,exact_sieve,0.0,,
shell,17,9,shell,0.0,alternating,8,3,448,48.0,168.0,0,efficient,outside_schedule_domain,,,,,7.343600000808692e-05,unavailable,,,
shell,17,9,shell,0.0,alternating,8,3,448,48.0,168.0,0,borda,ok,1.0,1.5653965257795144,-0.024566863578767917,0.7361487023127573,0.0016241390000004685,published_global_clipped_borda,0.0,,
shell,17,10,shell,0.0,alternating,8,3,448,48.0,168.0,0,pl,ok,0.0,1.5861005382347815,0.0,,0.002700115000010328,hunter_mm,,43.0,1.8172193908380254e-11
shell,17,10,shell,0.0,alternating,8,3,448,48.0,168.0,0,mle,ok,0.0,1.5347053416843068,-0.05139519655047464,0.8458853458049513,0.0027716009999778635,exact_subset_dp,,,
shell,17,10,shell,0.0,alternating,8,3,448,48.0,168.0,0,sharp,ok,0.0,1.5347053416843068,-0.05139519655047464,0.8458853458049513,0.010779519000010396,exact_sieve,0.0,,
shell,17,10,shell,0.0,alternating,8,3,448,48.0,168.0,0,efficient,outside_schedule_domain,,,,,7.08270000018274e-05,unavailable,,,
shell,17,10,shell,0.0,alternating,8,3,448,48.0,168.0,0,borda,ok,0.0,1.5347053416843068,-0.05139519655047464,0.8458853458049513,0.001620252000009259,published_global_clipped_borda,0.0,,
shell,17,11,shell,0.0,alternating,8,3,448,48.0,168.0,0,pl,ok,0.0,1.5880936726896748,0.0,,0.002347194999998692,hunter_mm,,38.0,1.771681214433686e-11
shell,17,11,shell,0.0,alternating,8,3,448,48.0,168.0,0,mle,ok,0.0,1.535292131823836,-0.05280154086583888,0.7391876815223555,0.002758399000015288,exact_subset_dp,,,
shell,17,11,shell,0.0,alternating,8,3,448,48.0,168.0,0,sharp,ok,1.0,1.5662761949788204,-0.021817477710854405,0.6941357727405297,0.010536323999986053,exact_sieve,0.0,,
shell,17,11,shell,0.0,alternating,8,3,448,48.0,168.0,0,efficient,outside_schedule_domain,,,,,7.693899999594578e-05,unavailable,,,
shell,17,11,shell,0.0,alternating,8,3,448,48.0,168.0,0,borda,ok,0.0,1.535292131823836,-0.05280154086583888,0.7391876815223555,0.001567843000003677,published_global_clipped_borda,0.0,,
shell,17,12,shell,0.0,alternating,8,3,448,48.0,168.0,0,pl,ok,0.0,1.5881144963190343,0.0,,0.0024925759999803176,hunter_mm,,43.0,1.436901391522432e-11
shell,17,12,shell,0.0,alternating,8,3,448,48.0,168.0,0,mle,ok,0.0,1.534214961953606,-0.05389953436542827,0.8265483022961607,0.002738410999995722,exact_subset_dp,,,
shell,17,12,shell,0.0,alternating,8,3,448,48.0,168.0,0,sharp,ok,0.0,1.534214961953606,-0.05389953436542827,0.8265483022961607,0.010813653000013801,exact_sieve,0.0,,
shell,17,12,shell,0.0,alternating,8,3,448,48.0,168.0,0,efficient,outside_schedule_domain,,,,,7.320099999219565e-05,unavailable,,,
shell,17,12,shell,0.0,alternating,8,3,448,48.0,168.0,0,borda,ok,0.0,1.534214961953606,-0.05389953436542827,0.8265483022961607,0.0016993760000048042,published_global_clipped_borda,0.0,,
shell,17,13,shell,0.0,alternating,8,3,448,48.0,168.0,0,pl,ok,1.0,1.602752290616011,0.0,,0.0027219780000109495,hunter_mm,,45.0,1.6000153583003598e-11
shell,17,13,shell,0.0,alternating,8,3,448,48.0,168.0,0,mle,ok,0.0,1.5373432449374784,-0.06540904567853256,0.8986426795612205,0.0026251430000172604,exact_subset_dp,,,
shell,17,13,shell,0.0,alternating,8,3,448,48.0,168.0,0,sharp,ok,0.0,1.5373432449374784,-0.06540904567853256,0.8986426795612205,0.010547938000001977,exact_sieve,0.0,,
shell,17,13,shell,0.0,alternating,8,3,448,48.0,168.0,0,efficient,outside_schedule_domain,,,,,7.531299999641305e-05,unavailable,,,
shell,17,13,shell,0.0,alternating,8,3,448,48.0,168.0,0,borda,ok,1.0,1.569627595541709,-0.033124695074302046,0.852383464765803,0.0017601090000027853,published_global_clipped_borda,0.0,,
shell,17,14,shell,0.0,alternating,8,3,448,48.0,168.0,0,pl,ok,0.0,1.5875886157982126,0.0,,0.0024691609999933917,hunter_mm,,41.0,1.2578192455846094e-11
shell,17,14,shell,0.0,alternating,8,3,448,48.0,168.0,0,mle,ok,0.0,1.533967177122373,-0.05362143867583957,0.8011195480346118,0.003447512000008146,exact_subset_dp,,,
shell,17,14,shell,0.0,alternating,8,3,448,48.0,168.0,0,sharp,ok,1.0,1.5656306680442396,-0.021957947753973084,0.7698724759713074,0.012824278000010736,exact_sieve,0.0,,
shell,17,14,shell,0.0,alternating,8,3,448,48.0,168.0,0,efficient,outside_schedule_domain,,,,,8.85169999946811e-05,unavailable,,,
shell,17,14,shell,0.0,alternating,8,3,448,48.0,168.0,0,borda,ok,0.0,1.533967177122373,-0.05362143867583957,0.8011195480346118,0.0016321329999868794,published_global_clipped_borda,0.0,,
shell,17,15,shell,0.0,alternating,8,3,448,48.0,168.0,0,pl,ok,0.0,1.5942898239612209,0.0,,0.0027216420000115704,hunter_mm,,46.0,2.4707727927112242e-11
shell,17,15,shell,0.0,alternating,8,3,448,48.0,168.0,0,mle,ok,0.0,1.534214961953606,-0.060074862007614804,0.8265483022961607,0.002744755000009036,exact_subset_dp,,,
shell,17,15,shell,0.0,alternating,8,3,448,48.0,168.0,0,sharp,ok,0.0,1.534214961953606,-0.060074862007614804,0.8265483022961607,0.010962412000026234,exact_sieve,0.0,,
shell,17,15,shell,0.0,alternating,8,3,448,48.0,168.0,0,efficient,outside_schedule_domain,,,,,7.94740000173988e-05,unavailable,,,
shell,17,15,shell,0.0,alternating,8,3,448,48.0,168.0,0,borda,ok,0.0,1.534214961953606,-0.060074862007614804,0.8265483022961607,0.0016336989999956586,published_global_clipped_borda,0.0,,
shell,17,16,shell,0.0,alternating,8,3,448,48.0,168.0,0,pl,ok,1.0,1.5921552455443437,0.0,,0.002557870000003959,hunter_mm,,43.0,1.6147527759358127e-11
shell,17,16,shell,0.0,alternating,8,3,448,48.0,168.0,0,mle,ok,0.0,1.5346107410288816,-0.057544504515462114,0.757533184154752,0.002561657000001105,exact_subset_dp,,,
shell,17,16,shell,0.0,alternating,8,3,448,48.0,168.0,0,sharp,ok,0.0,1.5346107410288816,-0.057544504515462114,0.757533184154752,0.010692474999984825,exact_sieve,0.0,,
shell,17,16,shell,0.0,alternating,8,3,448,48.0,168.0,0,efficient,outside_schedule_domain,,,,,7.533100000500781e-05,unavailable,,,
shell,17,16,shell,0.0,alternating,8,3,448,48.0,168.0,0,borda,ok,1.0,1.565383588163793,-0.026771657380550762,0.7391876815223555,0.002111514999995734,published_global_clipped_borda,0.0,,
shell,17,17,shell,0.0,alternating,8,3,448,48.0,168.0,0,pl,ok,0.0,1.5917623755786723,0.0,,0.0024603459999923416,hunter_mm,,41.0,2.1072984627120863e-11
shell,17,17,shell,0.0,alternating,8,3,448,48.0,168.0,0,mle,ok,0.0,1.534921620483799,-0.056840755094873296,0.7483362990178007,0.002740649000003259,exact_subset_dp,,,
shell,17,17,shell,0.0,alternating,8,3,448,48.0,168.0,0,sharp,ok,0.0,1.534921620483799,-0.056840755094873296,0.7483362990178007,0.011100690999995777,exact_sieve,0.0,,
shell,17,17,shell,0.0,alternating,8,3,448,48.0,168.0,0,efficient,outside_schedule_domain,,,,,7.896900001469476e-05,unavailable,,,
shell,17,17,shell,0.0,alternating,8,3,448,48.0,168.0,0,borda,ok,0.0,1.534921620483799,-0.056840755094873296,0.7483362990178007,0.0016098520000014105,published_global_clipped_borda,0.0,,
shell,17,18,shell,0.0,alternating,8,3,448,48.0,168.0,0,pl,ok,0.0,1.5881948463067006,0.0,,0.0025137040000231536,hunter_mm,,42.0,1.6557612423996814e-11
shell,17,18,shell,0.0,alternating,8,3,448,48.0,168.0,0,mle,ok,0.0,1.533968195405972,-0.054226650900728535,0.7979684437893203,0.0027171490000057474,exact_subset_dp,,,
shell,17,18,shell,0.0,alternating,8,3,448,48.0,168.0,0,sharp,ok,0.0,1.533968195405972,-0.054226650900728535,0.7979684437893203,0.010853992999983575,exact_sieve,0.0,,
shell,17,18,shell,0.0,alternating,8,3,448,48.0,168.0,0,efficient,outside_schedule_domain,,,,,7.360899999753201e-05,unavailable,,,
shell,17,18,shell,0.0,alternating,8,3,448,48.0,168.0,0,borda,ok,0.0,1.533968195405972,-0.054226650900728535,0.7979684437893203,0.0016225520000148208,published_global_clipped_borda,0.0,,
shell,17,19,shell,0.0,alternating,8,3,448,48.0,168.0,0,pl,ok,0.0,1.5901809371205724,0.0,,0.0023522390000039195,hunter_mm,,38.0,1.651244220722349e-11
shell,17,19,shell,0.0,alternating,8,3,448,48.0,168.0,0,mle,ok,0.0,1.5342268163024946,-0.055954120818077824,0.7729712564241071,0.0027403750000019045,exact_subset_dp,,,
shell,17,19,shell,0.0,alternating,8,3,448,48.0,168.0,0,sharp,ok,0.0,1.5342268163024946,-0.055954120818077824,0.7729712564241071,0.010543683000008741,exact_sieve,0.0,,
shell,17,19,shell,0.0,alternating,8,3,448,48.0,168.0,0,efficient,outside_schedule_domain,,,,,7.064400000444948e-05,unavailable,,,
shell,17,19,shell,0.0,alternating,8,3,448,48.0,168.0,0,borda,ok,1.0,1.565615094906573,-0.024565842213999378,0.7180232709244534,0.0015691170000025068,published_global_clipped_borda,0.0,,
shell,17,20,shell,0.0,alternating,8,3,448,48.0,168.0,0,pl,ok,0.0,1.58724207610146,0.0,,0.0025498009999864735,hunter_mm,,43.0,2.0267724007031316e-11
shell,17,20,shell,0.0,alternating,8,3,448,48.0,168.0,0,mle,ok,0.0,1.5350506906895975,-0.05219138541186252,0.8556425603777551,0.002595349000017677,exact_subset_dp,,,
shell,17,20,shell,0.0,alternating,8,3,448,48.0,168.0,0,sharp,ok,0.0,1.5350506906895975,-0.05219138541186252,0.8556425603777551,0.010937605999998823,exact_sieve,0.0,,
shell,17,20,shell,0.0,alternating,8,3,448,48.0,168.0,0,efficient,outside_schedule_domain,,,,,7.211400000528556e-05,unavailable,,,
shell,17,20,shell,0.0,alternating,8,3,448,48.0,168.0,0,borda,ok,0.0,1.5350506906895975,-0.05219138541186252,0.8556425603777551,0.0014612950000127967,published_global_clipped_borda,0.0,,
shell,17,21,shell,0.0,alternating,8,3,448,48.0,168.0,0,pl,ok,1.0,1.59021842250833,0.0,,0.002596837999988111,hunter_mm,,44.0,1.8491430608946757e-11
shell,17,21,shell,0.0,alternating,8,3,448,48.0,168.0,0,mle,ok,0.0,1.534214961953606,-0.05600346055472394,0.8265483022961607,0.002869517999982918,exact_subset_dp,,,
shell,17,21,shell,0.0,alternating,8,3,448,48.0,168.0,0,sharp,ok,1.0,1.5656306680442396,-0.02458775446409045,0.7698724759713074,0.010912453000003097,exact_sieve,0.0,,
shell,17,21,shell,0.0,alternating,8,3,448,48.0,168.0,0,efficient,outside_schedule_domain,,,,,7.36759999995229e-05,unavailable,,,
shell,17,21,shell,0.0,alternating,8,3,448,48.0,168.0,0,borda,ok,0.0,1.534214961953606,-0.05600346055472394,0.8265483022961607,0.0016162879999797042,published_global_clipped_borda,0.0,,
shell,17,22,shell,0.0,alternating,8,3,448,48.0,168.0,0,pl,ok,1.0,1.5938235349624128,0.0,,0.0023928470000100788,hunter_mm,,39.0,1.957697496176739e-11
shell,17,22,shell,0.0,alternating,8,3,448,48.0,168.0,0,mle,ok,0.0,1.5364976511895538,-0.057325883772858965,0.8852839704922475,0.0026400200000011864,exact_subset_dp,,,
shell,17,22,shell,0.0,alternating,8,3,448,48.0,168.0,0,sharp,ok,0.0,1.5364976511895538,-0.057325883772858965,0.8852839704922475,0.010577651000005517,exact_sieve,0.0,,
shell,17,22,shell,0.0,alternating,8,3,448,48.0,168.0,0,efficient,outside_schedule_domain,,,,,7.790399999407782e-05,unavailable,,,
shell,17,22,shell,0.0,alternating,8,3,448,48.0,168.0,0,borda,ok,0.0,1.5364976511895538,-0.057325883772858965,0.8852839704922475,0.001455695000004198,published_global_clipped_borda,0.0,,
shell,17,23,shell,0.0,alternating,8,3,448,48.0,168.0,0,pl,ok,2.0,1.5955478999525794,0.0,,0.0023979949999954897,hunter_mm,,39.0,1.7024921155390463e-11
shell,17,23,shell,0.0,alternating,8,3,448,48.0,168.0,0,mle,ok,0.0,1.5340780383675818,-0.061469861584997565,0.7823017009175557,0.0025806669999894893,exact_subset_dp,,,
shell,17,23,shell,0.0,alternating,8,3,448,48.0,168.0,0,sharp,ok,0.0,1.5340780383675818,-0.061469861584997565,0.7823017009175557,0.010273390999998355,exact_sieve,0.0,,
shell,17,23,shell,0.0,alternating,8,3,448,48.0,168.0,0,efficient,outside_schedule_domain,,,,,7.625699998925484e-05,unavailable,,,
shell,17,23,shell,0.0,alternating,8,3,448,48.0,168.0,0,borda,ok,1.0,1.565483994345231,-0.030063905607348396,0.7606097072789118,0.0016171899999903872,published_global_clipped_borda,0.0,,
shell,17,24,shell,0.0,alternating,8,3,448,48.0,168.0,0,pl,ok,0.0,1.5926881161439614,0.0,,0.002805453000007674,hunter_mm,,49.0,2.2942346435326856e-11
shell,17,24,shell,0.0,alternating,8,3,448,48.0,168.0,0,mle,ok,0.0,1.537119954601605,-0.05556816154235644,0.895292044054161,0.0025780449999786015,exact_subset_dp,,,
shell,17,24,shell,0.0,alternating,8,3,448,48.0,168.0,0,sharp,ok,0.0,1.537119954601605,-0.05556816154235644,0.895292044054161,0.010783638000020801,exact_sieve,0.0,,
shell,17,24,shell,0.0,alternating,8,3,448,48.0,168.0,0,efficient,outside_schedule_domain,,,,,7.716899997944893e-05,unavailable,,,
shell,17,24,shell,0.0,alternating,8,3,448,48.0,168.0,0,borda,ok,0.0,1.537119954601605,-0.05556816154235644,0.895292044054161,0.0014250819999972464,published_global_clipped_borda,0.0,,
shell,17,25,shell,0.0,alternating,8,3,448,48.0,168.0,0,pl,ok,2.0,1.599098147098998,0.0,,0.0024866309999822533,hunter_mm,,40.0,1.253092867565491e-11
shell,17,25,shell,0.0,alternating,8,3,448,48.0,168.0,0,mle,ok,0.0,1.534158846723167,-0.06493930037583096,0.8233479365601499,0.0028493130000128986,exact_subset_dp,,,
shell,17,25,shell,0.0,alternating,8,3,448,48.0,168.0,0,sharp,ok,0.0,1.534158846723167,-0.06493930037583096,0.8233479365601499,0.010850878000013608,exact_sieve,0.0,,
shell,17,25,shell,0.0,alternating,8,3,448,48.0,168.0,0,efficient,outside_schedule_domain,,,,,7.959199999163502e-05,unavailable,,,
shell,17,25,shell,0.0,alternating,8,3,448,48.0,168.0,0,borda,ok,2.0,1.5958493919615981,-0.0032487551373998613,0.7483362990178007,0.0015560760000141727,published_global_clipped_borda,0.0,,
shell,17,26,shell,0.0,alternating,8,3,448,48.0,168.0,0,pl,ok,1.0,1.5932193487702127,0.0,,0.0025468389999900864,hunter_mm,,43.0,2.0000065096123112e-11
shell,17,26,shell,0.0,alternating,8,3,448,48.0,168.0,0,mle,ok,0.0,1.5340683080359003,-0.05915104073431232,0.81696607787102,0.002646302000016476,exact_subset_dp,,,
shell,17,26,shell,0.0,alternating,8,3,448,48.0,168.0,0,sharp,ok,0.0,1.5340683080359003,-0.05915104073431232,0.81696607787102,0.010649714000010135,exact_sieve,0.0,,
shell,17,26,shell,0.0,alternating,8,3,448,48.0,168.0,0,efficient,outside_schedule_domain,,,,,7.252700001458834e-05,unavailable,,,
shell,17,26,shell,0.0,alternating,8,3,448,48.0,168.0,0,borda,ok,1.0,1.5662197847777937,-0.026999563992418985,0.791684110769496,0.001557775999998512,published_global_clipped_borda,0.0,,
shell,17,27,shell,0.0,alternating,8,3,448,48.0,168.0,0,pl,ok,0.0,1.6004022323584781,0.0,,0.002514050000002044,hunter_mm,,42.0,1.3630620441875051e-11
shell,17,27,shell,0.0,alternating,8,3,448,48.0,168.0,0,mle,ok,0.0,1.5377924667081233,-0.06260976565035481,0.697104725066857,0.00282508600000142,exact_subset_dp,,,
shell,17,27,shell,0.0,alternating,8,3,448,48.0,168.0,0,sharp,ok,1.0,1.5671935589410366,-0.03320867341744149,0.6734845421971655,0.010808397999994668,exact_sieve,0.0,,
shell,17,27,shell,0.0,alternating,8,3,448,48.0,168.0,0,efficient,outside_schedule_domain,,,,,7.827000001725537e-05,unavailable,,,
shell,17,27,shell,0.0,alternating,8,3,448,48.0,168.0,0,borda,ok,1.0,1.5680385703370985,-0.032363662021379636,0.6588704970415888,0.0014015389999997296,published_global_clipped_borda,0.0,,
shell,17,28,shell,0.0,alternating,8,3,448,48.0,168.0,0,pl,ok,0.0,1.5922681630610307,0.0,,0.002405009000000291,hunter_mm,,39.0,1.4701192644192165e-11
shell,17,28,shell,0.0,alternating,8,3,448,48.0,168.0,0,mle,ok,0.0,1.5339863031596663,-0.05828185990136436,0.8074398347256734,0.002724766000000045,exact_subset_dp,,,
shell,17,28,shell,0.0,alternating,8,3,448,48.0,168.0,0,sharp,ok,1.0,1.5657635004034405,-0.026504662657590217,0.776075695237584,0.010646114999985912,exact_sieve,0.0,,
shell,17,28,shell,0.0,alternating,8,3,448,48.0,168.0,0,efficient,outside_schedule_domain,,,,,7.724700000721896e-05,unavailable,,,
shell,17,28,shell,0.0,alternating,8,3,448,48.0,168.0,0,borda,ok,1.0,1.5662197847777934,-0.02604837828323725,0.791684110769496,0.0016792760000043927,published_global_clipped_borda,0.0,,
shell,17,29,shell,0.0,alternating,8,3,448,48.0,168.0,0,pl,ok,1.0,1.5943635329744716,0.0,,0.0028138970000100016,hunter_mm,,50.0,1.758326817480338e-11
shell,17,29,shell,0.0,alternating,8,3,448,48.0,168.0,0,mle,ok,0.0,1.5347053416843068,-0.05965819129016481,0.8458853458049513,0.002656648999987965,exact_subset_dp,,,
shell,17,29,shell,0.0,alternating,8,3,448,48.0,168.0,0,sharp,ok,0.0,1.5347053416843068,-0.05965819129016481,0.8458853458049513,0.011388354000018808,exact_sieve,0.0,,
shell,17,29,shell,0.0,alternating,8,3,448,48.0,168.0,0,efficient,outside_schedule_domain,,,,,7.484799999701863e-05,unavailable,,,
shell,17,29,shell,0.0,alternating,8,3,448,48.0,168.0,0,borda,ok,1.0,1.5667143559077692,-0.027649177066702446,0.8042766647277028,0.0017689059999952406,published_global_clipped_borda,0.0,,
shell,17,30,shell,0.0,alternating,8,3,448,48.0,168.0,0,pl,ok,0.0,1.5931996814275884,0.0,,0.0024478729999941606,hunter_mm,,41.0,1.8421835485631685e-11
shell,17,30,shell,0.0,alternating,8,3,448,48.0,168.0,0,mle,ok,0.0,1.534158846723167,-0.05904083470442134,0.8233479365601499,0.002815325000000257,exact_subset_dp,,,
shell,17,30,shell,0.0,alternating,8,3,448,48.0,168.0,0,sharp,ok,1.0,1.5667143559077692,-0.02648532551981919,0.8042766647277028,0.011751708999980792,exact_sieve,0.0,,
shell,17,30,shell,0.0,alternating,8,3,448,48.0,168.0,0,efficient,outside_schedule_domain,,,,,8.15870000110408e-05,unavailable,,,
shell,17,30,shell,0.0,alternating,8,3,448,48.0,168.0,0,borda,ok,0.0,1.534158846723167,-0.05904083470442134,0.8233479365601499,0.0015768890000060765,published_global_clipped_borda,0.0,,
shell,17,31,shell,0.0,alternating,8,3,448,48.0,168.0,0,pl,ok,1.0,1.595246336640688,0.0,,0.0024078069999973195,hunter_mm,,38.0,1.1905714509501714e-11
shell,17,31,shell,0.0,alternating,8,3,448,48.0,168.0,0,mle,ok,0.0,1.5341207757033317,-0.061125560937356216,0.7791858305831347,0.0025621220000004996,exact_subset_dp,,,
shell,17,31,shell,0.0,alternating,8,3,448,48.0,168.0,0,sharp,ok,1.0,1.5654426266731827,-0.029803709967505254,0.7300863735775438,0.011348036000015327,exact_sieve,0.0,,
shell,17,31,shell,0.0,alternating,8,3,448,48.0,168.0,0,efficient,outside_schedule_domain,,,,,7.655899997871529e-05,unavailable,,,
shell,17,31,shell,0.0,alternating,8,3,448,48.0,168.0,0,borda,ok,1.0,1.565893406222405,-0.029352930418282908,0.7060404403986011,0.0015661550000061197,published_global_clipped_borda,0.0,,
shell,17,32,shell,0.0,alternating,8,3,448,48.0,168.0,0,pl,ok,1.0,1.5900123529728472,0.0,,0.002594826999995803,hunter_mm,,44.0,1.730108120260151e-11
shell,17,32,shell,0.0,alternating,8,3,448,48.0,168.0,0,mle,ok,0.0,1.5339863031596663,-0.05602604981318082,0.8074398347256734,0.002709981999998945,exact_subset_dp,,,
shell,17,32,shell,0.0,alternating,8,3,448,48.0,168.0,0,sharp,ok,0.0,1.5339863031596663,-0.05602604981318082,0.8074398347256734,0.011159167000016623,exact_sieve,0.0,,
shell,17,32,shell,0.0,alternating,8,3,448,48.0,168.0,0,efficient,outside_schedule_domain,,,,,7.467000000360713e-05,unavailable,,,
shell,17,32,shell,0.0,alternating,8,3,448,48.0,168.0,0,borda,ok,1.0,1.5655259097640621,-0.024486443208785014,0.7636917388705126,0.001419717000004539,published_global_clipped_borda,0.0,,
shell,17,33,shell,0.0,alternating,8,3,448,48.0,168.0,0,pl,ok,0.0,1.5880543531698015,0.0,,0.002469472999990785,hunter_mm,,39.0,1.3841245609975366e-11
shell,17,33,shell,0.0,alternating,8,3,448,48.0,168.0,0,mle,ok,0.0,1.5367555350908777,-0.05129881807892378,0.7120219548409804,0.0027667069999779415,exact_subset_dp,,,
shell,17,33,shell,0.0,alternating,8,3,448,48.0,168.0,0,sharp,ok,2.0,1.5974881382790402,0.009433785109238757,0.6501550097881424,0.01077843499999176,exact_sieve,0.0,,
shell,17,33,shell,0.0,alternating,8,3,448,48.0,168.0,0,efficient,outside_schedule_domain,,,,,8.412999997631232e-05,unavailable,,,
shell,17,33,shell,0.0,alternating,8,3,448,48.0,168.0,0,borda,ok,0.0,1.5367555350908777,-0.05129881807892378,0.7120219548409804,0.0016671730000155094,published_global_clipped_borda,0.0,,
shell,17,34,shell,0.0,alternating,8,3,448,48.0,168.0,0,pl,ok,1.0,1.5909814787318766,0.0,,0.002416143000004922,hunter_mm,,39.0,1.2908404504027464e-11
shell,17,34,shell,0.0,alternating,8,3,448,48.0,168.0,0,mle,ok,0.0,1.5342900700105795,-0.056691408721297076,0.7698724759713074,0.0025509780000163573,exact_subset_dp,,,
shell,17,34,shell,0.0,alternating,8,3,448,48.0,168.0,0,sharp,ok,1.0,1.5657411068242455,-0.025240371907631065,0.7120219548409804,0.010777313000005506,exact_sieve,0.0,,
shell,17,34,shell,0.0,alternating,8,3,448,48.0,168.0,0,efficient,outside_schedule_domain,,,,,7.589800000573632e-05,unavailable,,,
shell,17,34,shell,0.0,alternating,8,3,448,48.0,168.0,0,borda,ok,1.0,1.5653774233439135,-0.025604055387963065,0.7422319171816304,0.001414296000007198,published_global_clipped_borda,0.0,,
shell,17,35,shell,0.0,alternating,8,3,448,48.0,168.0,0,pl,ok,2.0,1.5971315055341047,0.0,,0.0024730430000090564,hunter_mm,,41.0,1.3890349188321644e-11
shell,17,35,shell,0.0,alternating,8,3,448,48.0,168.0,0,mle,ok,0.0,1.5357775860992184,-0.06135391943488622,0.8720402655126755,0.0026764440000022205,exact_subset_dp,,,
shell,17,35,shell,0.0,alternating,8,3,448,48.0,168.0,0,sharp,ok,2.0,1.5991924358905427,0.002060930356438062,0.8011195480346118,0.010622706000020798,exact_sieve,0.0,,
shell,17,35,shell,0.0,alternating,8,3,448,48.0,168.0,0,efficient,outside_schedule_domain,,,,,7.003100000702034e-05,unavailable,,,
shell,17,35,shell,0.0,alternating,8,3,448,48.0,168.0,0,borda,ok,2.0,1.5991924358905427,0.002060930356438062,0.8011195480346118,0.0015356860000110828,published_global_clipped_borda,0.0,,
shell,17,36,shell,0.0,alternating,8,3,448,48.0,168.0,0,pl,ok,0.0,1.5899889468439428,0.0,,0.002502023000005238,hunter_mm,,42.0,1.2389137335081353e-11
shell,17,36,shell,0.0,alternating,8,3,448,48.0,168.0,0,mle,ok,0.0,1.5348129668854622,-0.05517597995848056,0.8491310752359388,0.0027619619999939005,exact_subset_dp,,,
shell,17,36,shell,0.0,alternating,8,3,448,48.0,168.0,0,sharp,ok,0.0,1.5348129668854622,-0.05517597995848056,0.8491310752359388,0.010707098000011683,exact_sieve,0.0,,
shell,17,36,shell,0.0,alternating,8,3,448,48.0,168.0,0,efficient,outside_schedule_domain,,,,,7.680900000650581e-05,unavailable,,,
shell,17,36,shell,0.0,alternating,8,3,448,48.0,168.0,0,borda,ok,0.0,1.5348129668854622,-0.05517597995848056,0.8491310752359388,0.001506484999993063,published_global_clipped_borda,0.0,,
shell,17,37,shell,0.0,alternating,8,3,448,48.0,168.0,0,pl,ok,0.0,1.590075718744823,0.0,,0.0023688949999893794,hunter_mm,,38.0,1.788499507223865e-11
shell,17,37,shell,0.0,alternating,8,3,448,48.0,168.0,0,mle,ok,0.0,1.5357216738163109,-0.054354044928512035,0.7300863735775438,0.002799116000005597,exact_subset_dp,,,
shell,17,37,shell,0.0,alternating,8,3,448,48.0,168.0,0,sharp,ok,0.0,1.5357216738163109,-0.054354044928512035,0.7300863735775438,0.010870054000008622,exact_sieve,0.0,,
shell,17,37,shell,0.0,alternating,8,3,448,48.0,168.0,0,efficient,outside_schedule_domain,,,,,9.235499999249441e-05,unavailable,,,
shell,17,37,shell,0.0,alternating,8,3,448,48.0,168.0,0,borda,ok,0.0,1.5357216738163109,-0.054354044928512035,0.7300863735775438,0.0015603539999915483,published_global_clipped_borda,0.0,,
shell,17,38,shell,0.0,alternating,8,3,448,48.0,168.0,0,pl,ok,2.0,1.5990241936679626,0.0,,0.0025398260000031314,hunter_mm,,41.0,1.575425504337805e-11
shell,17,38,shell,0.0,alternating,8,3,448,48.0,168.0,0,mle,ok,0.0,1.5343490291960298,-0.06467516447193278,0.832968122258636,0.0026258839999968586,exact_subset_dp,,,
shell,17,38,shell,0.0,alternating,8,3,448,48.0,168.0,0,sharp,ok,0.0,1.5343490291960298,-0.06467516447193278,0.832968122258636,0.010833794999996371,exact_sieve,0.0,,
shell,17,38,shell,0.0,alternating,8,3,448,48.0,168.0,0,efficient,outside_schedule_domain,,,,,7.7439999984108e-05,unavailable,,,
shell,17,38,shell,0.0,alternating,8,3,448,48.0,168.0,0,borda,ok,2.0,1.5975602430749114,-0.0014639505930511554,0.7791858305831347,0.0014720009999962258,published_global_clipped_borda,0.0,,
shell,17,39,shell,0.0,alternating,8,3,448,48.0,168.0,0,pl,ok,0.0,1.5890469046898068,0.0,,0.0025599049999982526,hunter_mm,,43.0,1.4945632033556778e-11
shell,17,39,shell,0.0,alternating,8,3,448,48.0,168.0,0,mle,ok,0.0,1.5340683080359003,-0.054978596653906475,0.81696607787102,0.0027677999999866643,exact_subset_dp,,,
shell,17,39,shell,0.0,alternating,8,3,448,48.0,168.0,0,sharp,ok,0.0,1.5340683080359003,-0.054978596653906475,0.81696607787102,0.010781035000007932,exact_sieve,0.0,,
shell,17,39,shell,0.0,alternating,8,3,448,48.0,168.0,0,efficient,outside_schedule_domain,,,,,7.598900000971298e-05,unavailable,,,
shell,17,39,shell,0.0,alternating,8,3,448,48.0,168.0,0,borda,ok,0.0,1.5340683080359003,-0.054978596653906475,0.81696607787102,0.0016307939999933296,published_global_clipped_borda,0.0,,
shell,18,0,shell,0.5,alternating,8,3,28,3.0,10.5,0,pl,ok,7.0,1.7114403347232594,0.0,,0.001884252999985847,hunter_mm,,59.0,1.9948106658570655e-11
shell,18,0,shell,0.5,alternating,8,3,28,3.0,10.5,0,mle,ok,9.0,2.0042551804647286,0.2928148457414692,1.1470129282507922,0.0030248009999809256,exact_subset_dp,,,
shell,18,0,shell,0.5,alternating,8,3,28,3.0,10.5,0,sharp,ok,10.0,1.760636436884282,0.04919610216102255,0.3570395237671002,0.002224433000009185,exact_sieve,0.0,,
shell,18,0,shell,0.5,alternating,8,3,28,3.0,10.5,0,efficient,outside_schedule_domain,,,,,3.871699999535849e-05,unavailable,,,
shell,18,0,shell,0.5,alternating,8,3,28,3.0,10.5,0,borda,ok,6.0,1.7707119379793923,0.0592716032561329,1.0246248379567524,0.0018294600000103856,published_global_clipped_borda,0.0,,
shell,18,1,shell,0.5,alternating,8,3,28,3.0,10.5,0,pl,ok,5.0,1.6966208202924271,0.0,,0.0018749170000091908,hunter_mm,,60.0,2.1947776929209795e-11
shell,18,1,shell,0.5,alternating,8,3,28,3.0,10.5,0,mle,ok,2.0,1.6719022214019885,-0.024718598890438592,1.2127529326707367,0.003118983000007347,exact_subset_dp,,,
shell,18,1,shell,0.5,alternating,8,3,28,3.0,10.5,0,sharp,ok,3.0,1.6205466165060205,-0.07607420378640661,0.757533184154752,0.0019375560000014502,exact_sieve,0.0,,
shell,18,1,shell,0.5,alternating,8,3,28,3.0,10.5,0,efficient,outside_schedule_domain,,,,,3.531999999495383e-05,unavailable,,,
shell,18,1,shell,0.5,alternating,8,3,28,3.0,10.5,0,borda,ok,6.0,1.7075324468375277,0.010911626545100583,0.6617844044760891,0.0013553749999744014,published_global_clipped_borda,0.0,,
shell,18,2,shell,0.5,alternating,8,3,28,3.0,10.5,0,pl,ok,5.0,1.7250761106875272,0.0,,0.0019312040000158959,hunter_mm,,66.0,3.495083587625101e-11
shell,18,2,shell,0.5,alternating,8,3,28,3.0,10.5,0,mle,ok,3.0,1.7039299053378372,-0.021146205349690028,1.1470129282507922,0.002922671000021637,exact_subset_dp,,,
shell,18,2,shell,0.5,alternating,8,3,28,3.0,10.5,0,sharp,ok,6.0,1.6899552870091394,-0.03512082367838776,0.39843792971796577,0.0020899559999918438,exact_sieve,0.0,,
shell,18,2,shell,0.5,alternating,8,3,28,3.0,10.5,0,efficient,outside_schedule_domain,,,,,3.6103000013554265e-05,unavailable,,,
shell,18,2,shell,0.5,alternating,8,3,28,3.0,10.5,0,borda,ok,5.0,1.7704679992688015,0.0453918885812743,1.0246248379567524,0.0019290329999819278,published_global_clipped_borda,0.0,,
shell,18,3,shell,0.5,alternating,8,3,28,3.0,10.5,0,pl,ok,2.0,1.6520886448463257,0.0,,0.0016977120000092327,hunter_mm,,55.0,1.4296246726124601e-11
shell,18,3,shell,0.5,alternating,8,3,28,3.0,10.5,0,mle,ok,3.0,1.6588583517920508,0.006769706945725096,0.9672795990261153,0.002512491000004502,exact_subset_dp,,,
shell,18,3,shell,0.5,alternating,8,3,28,3.0,10.5,0,sharp,ok,0.0,1.5435377527362242,-0.1085508921101015,0.9672795990261153,0.0019227810000188583,exact_sieve,0.0,,
shell,18,3,shell,0.5,alternating,8,3,28,3.0,10.5,0,efficient,outside_schedule_domain,,,,,4.977400001848764e-05,unavailable,,,
shell,18,3,shell,0.5,alternating,8,3,28,3.0,10.5,0,borda,ok,3.0,1.637556340682782,-0.014532304163543674,0.9672795990261153,0.0014305450000051678,published_global_clipped_borda,0.0,,
shell,18,4,shell,0.5,alternating,8,3,28,3.0,10.5,0,pl,ok,7.0,1.747144989976107,0.0,,0.002799682000016901,hunter_mm,,105.0,3.572133065534087e-11
shell,18,4,shell,0.5,alternating,8,3,28,3.0,10.5,0,mle,ok,5.0,1.7305053577450837,-0.01663963223102316,0.9121196566486348,0.0024901649999833353,exact_subset_dp,,,
shell,18,4,shell,0.5,alternating,8,3,28,3.0,10.5,0,sharp,ok,4.0,1.633885355009193,-0.11325963496691394,0.6617844044760891,0.002081540999995468,exact_sieve,0.0,,
shell,18,4,shell,0.5,alternating,8,3,28,3.0,10.5,0,efficient,outside_schedule_domain,,,,,4.4230000014522375e-05,unavailable,,,
shell,18,4,shell,0.5,alternating,8,3,28,3.0,10.5,0,borda,ok,7.0,1.8013029401055558,0.054157950129448906,0.8589084084290807,0.0015151300000013634,published_global_clipped_borda,0.0,,
shell,18,5,shell,0.5,alternating,8,3,28,3.0,10.5,0,pl,ok,9.0,1.7718460965549025,0.0,,0.0012391690000015387,hunter_mm,,35.0,1.7120780983402385e-11
shell,18,5,shell,0.5,alternating,8,3,28,3.0,10.5,0,mle,ok,6.0,1.7069726524113515,-0.064873444143551,0.6156729370132851,0.002663238999986106,exact_subset_dp,,,
shell,18,5,shell,0.5,alternating,8,3,28,3.0,10.5,0,sharp,ok,14.0,1.8109848078820685,0.039138711327165954,0.1958788216280591,0.0021122699999978067,exact_sieve,0.0,,
shell,18,5,shell,0.5,alternating,8,3,28,3.0,10.5,0,efficient,outside_schedule_domain,,,,,3.732799999056624e-05,unavailable,,,
shell,18,5,shell,0.5,alternating,8,3,28,3.0,10.5,0,borda,ok,9.0,1.760857182295298,-0.010988914259604465,0.39843792971796577,0.001475233999997272,published_global_clipped_borda,0.0,,
shell,18,6,shell,0.5,alternating,8,3,28,3.0,10.5,0,pl,ok,1.0,1.6485333241904585,0.0,,0.002175768000000744,hunter_mm,,77.0,1.7516591352010178e-11
shell,18,6,shell,0.5,alternating,8,3,28,3.0,10.5,0,mle,ok,2.0,1.6673399945766794,0.01880667038622086,1.1470129282507922,0.002955760000020291,exact_subset_dp,,,
shell,18,6,shell,0.5,alternating,8,3,28,3.0,10.5,0,sharp,ok,5.0,1.6740257349449525,0.025492410754494044,0.757533184154752,0.001914365999994061,exact_sieve,0.0,,
shell,18,6,shell,0.5,alternating,8,3,28,3.0,10.5,0,efficient,outside_schedule_domain,,,,,3.334699999868462e-05,unavailable,,,
shell,18,6,shell,0.5,alternating,8,3,28,3.0,10.5,0,borda,ok,1.0,1.6028752121987524,-0.04565811199170611,1.0844293045104068,0.001908978999978217,published_global_clipped_borda,0.0,,
shell,18,7,shell,0.5,alternating,8,3,28,3.0,10.5,0,pl,ok,1.0,1.6237118803529462,0.0,,0.0017988749999915399,hunter_mm,,60.0,1.906881002306753e-11
shell,18,7,shell,0.5,alternating,8,3,28,3.0,10.5,0,mle,ok,5.0,1.7565395494576002,0.13282766910465393,1.0246248379567524,0.002943197000007558,exact_subset_dp,,,
shell,18,7,shell,0.5,alternating,8,3,28,3.0,10.5,0,sharp,ok,9.0,1.8582957895695515,0.23458390921660532,0.8074398347256734,0.002055600999995022,exact_sieve,0.0,,
shell,18,7,shell,0.5,alternating,8,3,28,3.0,10.5,0,efficient,outside_schedule_domain,,,,,3.4996000010778516e-05,unavailable,,,
shell,18,7,shell,0.5,alternating,8,3,28,3.0,10.5,0,borda,ok,3.0,1.6508838330167122,0.02717195266376593,0.9672795990261153,0.001383564000008164,published_global_clipped_borda,0.0,,
shell,18,8,shell,0.5,alternating,8,3,28,3.0,10.5,0,pl,ok,3.0,1.7677676391786576,0.0,,0.0030474449999928765,hunter_mm,,115.0,2.8483374389257474e-11
shell,18,8,shell,0.5,alternating,8,3,28,3.0,10.5,0,mle,ok,1.0,1.6497343931309871,-0.11803324604767051,1.2820987754788464,0.0028889489999812668,exact_subset_dp,,,
shell,18,8,shell,0.5,alternating,8,3,28,3.0,10.5,0,sharp,ok,8.0,1.7389697589411348,-0.028797880237522833,0.44041348850630796,0.0020349170000031336,exact_sieve,0.0,,
shell,18,8,shell,0.5,alternating,8,3,28,3.0,10.5,0,efficient,outside_schedule_domain,,,,,3.491100000019287e-05,unavailable,,,
shell,18,8,shell,0.5,alternating,8,3,28,3.0,10.5,0,borda,ok,4.0,1.7299796298490835,-0.03778800932957416,1.0844293045104068,0.0019932099999948605,published_global_clipped_borda,0.0,,
shell,18,9,shell,0.5,alternating,8,3,28,3.0,10.5,0,pl,ok,4.0,1.77083983255976,0.0,,0.0014196550000065145,hunter_mm,,44.0,8.089148398734584e-12
shell,18,9,shell,0.5,alternating,8,3,28,3.0,10.5,0,mle,ok,1.0,1.567798667382501,-0.203041165177259,0.9121196566486348,0.0025144410000166317,exact_subset_dp,,,
shell,18,9,shell,0.5,alternating,8,3,28,3.0,10.5,0,sharp,ok,10.0,1.779220119053542,0.008380286493781863,0.44041348850630796,0.002085684000007859,exact_sieve,0.0,,
shell,18,9,shell,0.5,alternating,8,3,28,3.0,10.5,0,efficient,outside_schedule_domain,,,,,3.583299999831979e-05,unavailable,,,
shell,18,9,shell,0.5,alternating,8,3,28,3.0,10.5,0,borda,ok,7.0,1.7615855524800557,-0.009254280079704413,0.7090287388626768,0.0014875619999941136,published_global_clipped_borda,0.0,,
shell,18,10,shell,0.5,alternating,8,3,28,3.0,10.5,0,pl,ok,6.0,1.7080525504155377,0.0,,0.0021349759999793605,hunter_mm,,76.0,2.947159976380525e-11
shell,18,10,shell,0.5,alternating,8,3,28,3.0,10.5,0,mle,ok,5.0,1.7376616442716593,0.029609093856121538,0.8589084084290807,0.002659104000002799,exact_subset_dp,,,
shell,18,10,shell,0.5,alternating,8,3,28,3.0,10.5,0,sharp,ok,8.0,1.7644093291235188,0.05635677870798106,0.48304091257642995,0.001957386999976052,exact_sieve,0.0,,
shell,18,10,shell,0.5,alternating,8,3,28,3.0,10.5,0,efficient,outside_schedule_domain,,,,,5.7564000002230387e-05,unavailable,,,
shell,18,10,shell,0.5,alternating,8,3,28,3.0,10.5,0,borda,ok,4.0,1.6435069658638661,-0.06454558455167159,0.6617844044760891,0.0013602490000153011,published_global_clipped_borda,0.0,,
shell,18,11,shell,0.5,alternating,8,3,28,3.0,10.5,0,pl,ok,3.0,1.605909278231166,0.0,,0.0017373499999848718,hunter_mm,,58.0,2.4700114969229096e-11
shell,18,11,shell,0.5,alternating,8,3,28,3.0,10.5,0,mle,ok,6.0,1.7191791638772247,0.11326988564605878,0.8074398347256734,0.002629853000001958,exact_subset_dp,,,
shell,18,11,shell,0.5,alternating,8,3,28,3.0,10.5,0,sharp,ok,10.0,1.7682737310916794,0.1623644528605135,0.3570395237671002,0.002087805000002163,exact_sieve,0.0,,
shell,18,11,shell,0.5,alternating,8,3,28,3.0,10.5,0,efficient,outside_schedule_domain,,,,,3.621999999836589e-05,unavailable,,,
shell,18,11,shell,0.5,alternating,8,3,28,3.0,10.5,0,borda,ok,4.0,1.6377085684325028,0.03179929020133687,0.5264006135801002,0.0015055549999942741,published_global_clipped_borda,0.0,,
shell,18,12,shell,0.5,alternating,8,3,28,3.0,10.5,0,pl,ok,4.0,1.767778041203855,0.0,,0.0017768030000127055,hunter_mm,,59.0,1.0073624474265281e-11
shell,18,12,shell,0.5,alternating,8,3,28,3.0,10.5,0,mle,ok,6.0,1.8489173379758754,0.08113929677202036,1.1470129282507922,0.0029120709999972405,exact_subset_dp,,,
shell,18,12,shell,0.5,alternating,8,3,28,3.0,10.5,0,sharp,ok,5.0,1.768780412746394,0.0010023715425389046,1.0246248379567524,0.0023731120000149986,exact_sieve,0.0,,
shell,18,12,shell,0.5,alternating,8,3,28,3.0,10.5,0,efficient,outside_schedule_domain,,,,,3.502999999227541e-05,unavailable,,,
shell,18,12,shell,0.5,alternating,8,3,28,3.0,10.5,0,borda,ok,2.0,1.6095037948066024,-0.15827424639725263,0.9672795990261153,0.0013594799999907536,published_global_clipped_borda,0.0,,
shell,18,13,shell,0.5,alternating,8,3,28,3.0,10.5,0,pl,ok,9.0,1.9892870545384846,0.0,,0.003611180999996577,hunter_mm,,141.0,2.4764158977421046e-11
shell,18,13,shell,0.5,alternating,8,3,28,3.0,10.5,0,mle,ok,7.0,1.7662098534015367,-0.22307720113694796,0.757533184154752,0.0025509939999892595,exact_subset_dp,,,
shell,18,13,shell,0.5,alternating,8,3,28,3.0,10.5,0,sharp,ok,8.0,1.7325831578669477,-0.2567038966715369,0.27569892377869015,0.002089301000012256,exact_sieve,0.0,,
shell,18,13,shell,0.5,alternating,8,3,28,3.0,10.5,0,efficient,outside_schedule_domain,,,,,5.0977999990209355e-05,unavailable,,,
shell,18,13,shell,0.5,alternating,8,3,28,3.0,10.5,0,borda,ok,10.0,1.7764836646943476,-0.21280338984413705,0.48304091257642995,0.0013324960000034025,published_global_clipped_borda,0.0,,
shell,18,14,shell,0.5,alternating,8,3,28,3.0,10.5,0,pl,ok,9.0,1.8047461775384452,0.0,,0.002146826000000601,hunter_mm,,77.0,3.350069428214348e-11
shell,18,14,shell,0.5,alternating,8,3,28,3.0,10.5,0,mle,ok,7.0,1.9145845996169575,0.10983842207851224,1.0844293045104068,0.0031800089999762804,exact_subset_dp,,,
shell,18,14,shell,0.5,alternating,8,3,28,3.0,10.5,0,sharp,ok,9.0,1.8227547322585669,0.01800855472012164,0.6617844044760891,0.00191795099999581,exact_sieve,0.0,,
shell,18,14,shell,0.5,alternating,8,3,28,3.0,10.5,0,efficient,outside_schedule_domain,,,,,3.4975000005488255e-05,unavailable,,,
shell,18,14,shell,0.5,alternating,8,3,28,3.0,10.5,0,borda,ok,7.0,1.7884468790381864,-0.016299298500258796,0.8589084084290807,0.0017080730000031963,published_global_clipped_borda,0.0,,
shell,18,15,shell,0.5,alternating,8,3,28,3.0,10.5,0,pl,ok,7.0,1.7631206094712257,0.0,,0.0018828270000028624,hunter_mm,,64.0,1.633709041064841e-11
shell,18,15,shell,0.5,alternating,8,3,28,3.0,10.5,0,mle,ok,9.0,2.0297098296556397,0.266589220184414,1.1470129282507922,0.0028778999999872212,exact_subset_dp,,,
shell,18,15,shell,0.5,alternating,8,3,28,3.0,10.5,0,sharp,ok,10.0,1.9521170448222822,0.18899643535105648,0.9121196566486348,0.001876387000010027,exact_sieve,0.0,,
shell,18,15,shell,0.5,alternating,8,3,28,3.0,10.5,0,efficient,outside_schedule_domain,,,,,3.3708000017895756e-05,unavailable,,,
shell,18,15,shell,0.5,alternating,8,3,28,3.0,10.5,0,borda,ok,7.0,1.792776454442315,0.029655844971089307,0.9121196566486348,0.0013367250000158037,published_global_clipped_borda,0.0,,
shell,18,16,shell,0.5,alternating,8,3,28,3.0,10.5,0,pl,ok,3.0,1.612283402520484,0.0,,0.0013398220000055971,hunter_mm,,39.0,9.579416625017855e-12
shell,18,16,shell,0.5,alternating,8,3,28,3.0,10.5,0,mle,ok,6.0,1.684312794648369,0.07202939212788495,0.6156729370132851,0.002816045000002987,exact_subset_dp,,,
shell,18,16,shell,0.5,alternating,8,3,28,3.0,10.5,0,sharp,ok,10.0,1.7657585041401749,0.1534751016196909,0.27569892377869015,0.002083359000010887,exact_sieve,0.0,,
shell,18,16,shell,0.5,alternating,8,3,28,3.0,10.5,0,efficient,outside_schedule_domain,,,,,3.66090000056829e-05,unavailable,,,
shell,18,16,shell,0.5,alternating,8,3,28,3.0,10.5,0,borda,ok,4.0,1.6483246235359024,0.0360412210154184,0.44041348850630796,0.0014789579999785474,published_global_clipped_borda,0.0,,
shell,18,17,shell,0.5,alternating,8,3,28,3.0,10.5,0,pl,ok,2.0,1.713378572105397,0.0,,0.002723887999991348,hunter_mm,,99.0,3.097033740573352e-11
shell,18,17,shell,0.5,alternating,8,3,28,3.0,10.5,0,mle,ok,2.0,1.6348322246046385,-0.0785463475007584,1.0844293045104068,0.0030818170000088685,exact_subset_dp,,,
shell,18,17,shell,0.5,alternating,8,3,28,3.0,10.5,0,sharp,ok,6.0,1.7113235742181852,-0.0020549978872117514,0.7090287388626768,0.0021444319999943673,exact_sieve,0.0,,
shell,18,17,shell,0.5,alternating,8,3,28,3.0,10.5,0,efficient,outside_schedule_domain,,,,,3.6867999995138234e-05,unavailable,,,
shell,18,17,shell,0.5,alternating,8,3,28,3.0,10.5,0,borda,ok,2.0,1.5921142072847903,-0.12126436482060665,0.757533184154752,0.0014755299999933413,published_global_clipped_borda,0.0,,
shell,18,18,shell,0.5,alternating,8,3,28,3.0,10.5,0,pl,ok,5.0,1.705396428558994,0.0,,0.0016457849999937935,hunter_mm,,51.0,1.532767563665922e-11
shell,18,18,shell,0.5,alternating,8,3,28,3.0,10.5,0,mle,ok,2.0,1.645282788753888,-0.06011363980510609,1.0844293045104068,0.0036309470000048805,exact_subset_dp,,,
shell,18,18,shell,0.5,alternating,8,3,28,3.0,10.5,0,sharp,ok,10.0,1.795455320657064,0.09005889209807005,0.5705796667792838,0.0022901460000070983,exact_sieve,0.0,,
shell,18,18,shell,0.5,alternating,8,3,28,3.0,10.5,0,efficient,outside_schedule_domain,,,,,4.250000000638465e-05,unavailable,,,
shell,18,18,shell,0.5,alternating,8,3,28,3.0,10.5,0,borda,ok,3.0,1.656160103269803,-0.049236325289190974,0.9672795990261153,0.0014002709999942908,published_global_clipped_borda,0.0,,
shell,18,19,shell,0.5,alternating,8,3,28,3.0,10.5,0,pl,ok,2.0,1.6662159070664486,0.0,,0.0024063959999978124,hunter_mm,,86.0,3.206600064840716e-11
shell,18,19,shell,0.5,alternating,8,3,28,3.0,10.5,0,mle,ok,2.0,1.6954983307211673,0.02928242365471867,1.2820987754788464,0.002961804000022994,exact_subset_dp,,,
shell,18,19,shell,0.5,alternating,8,3,28,3.0,10.5,0,sharp,ok,2.0,1.6359232610387031,-0.030292646027745507,1.1470129282507922,0.0023760530000060953,exact_sieve,0.0,,
shell,18,19,shell,0.5,alternating,8,3,28,3.0,10.5,0,efficient,outside_schedule_domain,,,,,3.7050999992516154e-05,unavailable,,,
shell,18,19,shell,0.5,alternating,8,3,28,3.0,10.5,0,borda,ok,2.0,1.6461186984824974,-0.020097208583951254,1.0844293045104068,0.001977490999991005,published_global_clipped_borda,0.0,,
shell,18,20,shell,0.5,alternating,8,3,28,3.0,10.5,0,pl,ok,3.0,1.6519407314605372,0.0,,0.0021870370000272032,hunter_mm,,77.0,1.7913924312194597e-11
shell,18,20,shell,0.5,alternating,8,3,28,3.0,10.5,0,mle,ok,3.0,1.7440401356197106,0.09209940415917339,1.2127529326707367,0.0030645939999942584,exact_subset_dp,,,
shell,18,20,shell,0.5,alternating,8,3,28,3.0,10.5,0,sharp,ok,3.0,1.6424850075449426,-0.009455723915594572,0.9672795990261153,0.0019426650000013979,exact_sieve,0.0,,
shell,18,20,shell,0.5,alternating,8,3,28,3.0,10.5,0,efficient,outside_schedule_domain,,,,,3.786599998534257e-05,unavailable,,,
shell,18,20,shell,0.5,alternating,8,3,28,3.0,10.5,0,borda,ok,4.0,1.7832393728484857,0.13129864138794844,1.2127529326707367,0.001901069000012967,published_global_clipped_borda,0.0,,
shell,18,21,shell,0.5,alternating,8,3,28,3.0,10.5,0,pl,ok,6.0,1.6738138690634874,0.0,,0.0019291929999951662,hunter_mm,,66.0,3.0607484800628166e-11
shell,18,21,shell,0.5,alternating,8,3,28,3.0,10.5,0,mle,ok,4.0,1.6338678073117547,-0.03994606175173265,0.6156729370132851,0.0026877359999843975,exact_subset_dp,,,
shell,18,21,shell,0.5,alternating,8,3,28,3.0,10.5,0,sharp,ok,11.0,1.7805045665141606,0.10669069745067317,0.3570395237671002,0.0021081210000204464,exact_sieve,0.0,,
shell,18,21,shell,0.5,alternating,8,3,28,3.0,10.5,0,efficient,outside_schedule_domain,,,,,3.7606999995887236e-05,unavailable,,,
shell,18,21,shell,0.5,alternating,8,3,28,3.0,10.5,0,borda,ok,5.0,1.672390771674175,-0.0014230973893123444,0.44041348850630796,0.0014994739999849571,published_global_clipped_borda,0.0,,
shell,18,22,shell,0.5,alternating,8,3,28,3.0,10.5,0,pl,ok,6.0,1.6115127254104835,0.0,,0.001246670999989874,hunter_mm,,37.0,2.449519951954114e-11
shell,18,22,shell,0.5,alternating,8,3,28,3.0,10.5,0,mle,ok,3.0,1.6186658715747972,0.007153146164313728,0.8589084084290807,0.002657320999986723,exact_subset_dp,,,
shell,18,22,shell,0.5,alternating,8,3,28,3.0,10.5,0,sharp,ok,15.0,1.8193190222790236,0.20780629686854013,0.1958788216280591,0.0020944549999910578,exact_sieve,0.0,,
shell,18,22,shell,0.5,alternating,8,3,28,3.0,10.5,0,efficient,outside_schedule_domain,,,,,3.578100000822815e-05,unavailable,,,
shell,18,22,shell,0.5,alternating,8,3,28,3.0,10.5,0,borda,ok,4.0,1.6366746011445563,0.025161875734072803,0.757533184154752,0.0013674399999956677,published_global_clipped_borda,0.0,,
shell,18,23,shell,0.5,alternating,8,3,28,3.0,10.5,0,pl,ok,1.0,1.6623182875085858,0.0,,0.002555489999991778,hunter_mm,,94.0,3.102819588564541e-11
shell,18,23,shell,0.5,alternating,8,3,28,3.0,10.5,0,mle,ok,2.0,1.606523733618445,-0.05579455389014076,0.9121196566486348,0.002480618999982198,exact_subset_dp,,,
shell,18,23,shell,0.5,alternating,8,3,28,3.0,10.5,0,sharp,ok,11.0,1.8070407011924106,0.14472241368382477,0.39843792971796577,0.0020843150000189326,exact_sieve,0.0,,
shell,18,23,shell,0.5,alternating,8,3,28,3.0,10.5,0,efficient,outside_schedule_domain,,,,,3.483399999026915e-05,unavailable,,,
shell,18,23,shell,0.5,alternating,8,3,28,3.0,10.5,0,borda,ok,1.0,1.5652044144226824,-0.09711387308590336,0.8074398347256734,0.0015289709999990464,published_global_clipped_borda,0.0,,
shell,18,24,shell,0.5,alternating,8,3,28,3.0,10.5,0,pl,ok,4.0,1.6083932397826666,0.0,,0.0018324659999962023,hunter_mm,,61.0,1.5089834144126665e-11
shell,18,24,shell,0.5,alternating,8,3,28,3.0,10.5,0,mle,ok,6.0,1.7464366919590133,0.13804345217634673,0.9121196566486348,0.002496849999999995,exact_subset_dp,,,
shell,18,24,shell,0.5,alternating,8,3,28,3.0,10.5,0,sharp,ok,6.0,1.6967397579736225,0.08834651819095596,0.7090287388626768,0.002144874999999047,exact_sieve,0.0,,
shell,18,24,shell,0.5,alternating,8,3,28,3.0,10.5,0,efficient,outside_schedule_domain,,,,,3.4645999988924814e-05,unavailable,,,
shell,18,24,shell,0.5,alternating,8,3,28,3.0,10.5,0,borda,ok,4.0,1.6329059254013791,0.02451268561871256,0.757533184154752,0.001327392999996846,published_global_clipped_borda,0.0,,
shell,18,25,shell,0.5,alternating,8,3,28,3.0,10.5,0,pl,ok,2.0,2.1313162092907247,0.0,,0.004093028999989201,hunter_mm,,163.0,1.1155330627486494e-11
shell,18,25,shell,0.5,alternating,8,3,28,3.0,10.5,0,mle,ok,2.0,2.0039889547580017,-0.1273272545327231,1.9357953092696811,0.0026656260000095244,exact_subset_dp,,,
shell,18,25,shell,0.5,alternating,8,3,28,3.0,10.5,0,sharp,ok,5.0,1.8106694425138308,-0.32064676677689397,1.2127529326707367,0.002501950000009856,exact_sieve,0.0,,
shell,18,25,shell,0.5,alternating,8,3,28,3.0,10.5,0,efficient,outside_schedule_domain,,,,,3.5932999992382975e-05,unavailable,,,
shell,18,25,shell,0.5,alternating,8,3,28,3.0,10.5,0,borda,ok,2.0,1.831652835887553,-0.29966337340317173,1.6084230339112893,0.0018506250000029922,published_global_clipped_borda,0.0,,
shell,18,26,shell,0.5,alternating,8,3,28,3.0,10.5,0,pl,ok,7.0,1.7416194081516596,0.0,,0.00143457199999375,hunter_mm,,46.0,2.7198941511739706e-11
shell,18,26,shell,0.5,alternating,8,3,28,3.0,10.5,0,mle,ok,4.0,1.6922214893441152,-0.049397918807544405,0.9121196566486348,0.002506987999993271,exact_subset_dp,,,
shell,18,26,shell,0.5,alternating,8,3,28,3.0,10.5,0,sharp,ok,12.0,1.9170896057320745,0.17547019758041493,0.6617844044760891,0.0019023119999985738,exact_sieve,0.0,,
shell,18,26,shell,0.5,alternating,8,3,28,3.0,10.5,0,efficient,outside_schedule_domain,,,,,3.542899997910354e-05,unavailable,,,
shell,18,26,shell,0.5,alternating,8,3,28,3.0,10.5,0,borda,ok,7.0,1.7624281232122114,0.02080871506055182,0.757533184154752,0.001380602000011777,published_global_clipped_borda,0.0,,
shell,18,27,shell,0.5,alternating,8,3,28,3.0,10.5,0,pl,ok,2.0,1.6303568902069385,0.0,,0.0016289059999792244,hunter_mm,,53.0,1.6490872159887917e-11
shell,18,27,shell,0.5,alternating,8,3,28,3.0,10.5,0,mle,ok,4.0,1.6757616798821047,0.045404789675166146,0.9121196566486348,0.002528334999993831,exact_subset_dp,,,
shell,18,27,shell,0.5,alternating,8,3,28,3.0,10.5,0,sharp,ok,9.0,1.7580392493687071,0.12768235916176862,0.39843792971796577,0.0021087439999973867,exact_sieve,0.0,,
shell,18,27,shell,0.5,alternating,8,3,28,3.0,10.5,0,efficient,outside_schedule_domain,,,,,3.598500001089633e-05,unavailable,,,
shell,18,27,shell,0.5,alternating,8,3,28,3.0,10.5,0,borda,ok,6.0,1.7756150240417858,0.14525813383484731,0.8589084084290807,0.0015372919999947499,published_global_clipped_borda,0.0,,
shell,18,28,shell,0.5,alternating,8,3,28,3.0,10.5,0,pl,ok,7.0,1.6959181530090985,0.0,,0.001439349999998285,hunter_mm,,45.0,1.2802013417610526e-11
shell,18,28,shell,0.5,alternating,8,3,28,3.0,10.5,0,mle,ok,3.0,1.6326092890918749,-0.06330886391722368,0.9121196566486348,0.0025134960000059436,exact_subset_dp,,,
shell,18,28,shell,0.5,alternating,8,3,28,3.0,10.5,0,sharp,ok,10.0,1.774124423087459,0.07820627007836056,0.3570395237671002,0.002059226999989505,exact_sieve,0.0,,
shell,18,28,shell,0.5,alternating,8,3,28,3.0,10.5,0,efficient,outside_schedule_domain,,,,,3.6115999989760894e-05,unavailable,,,
shell,18,28,shell,0.5,alternating,8,3,28,3.0,10.5,0,borda,ok,6.0,1.7242054589988187,0.02828730598972018,0.7090287388626768,0.0014510809999990215,published_global_clipped_borda,0.0,,
shell,18,29,shell,0.5,alternating,8,3,28,3.0,10.5,0,pl,ok,2.0,1.6616983336416369,0.0,,0.0017885999999975866,hunter_mm,,62.0,2.5319809740917012e-11
shell,18,29,shell,0.5,alternating,8,3,28,3.0,10.5,0,mle,ok,12.0,1.9222724998565908,0.2605741662149539,0.6617844044760891,0.0025033890000258907,exact_subset_dp,,,
shell,18,29,shell,0.5,alternating,8,3,28,3.0,10.5,0,sharp,ok,5.0,1.6655808204487275,0.0038824868070905794,0.39843792971796577,0.002073058000007677,exact_sieve,0.0,,
shell,18,29,shell,0.5,alternating,8,3,28,3.0,10.5,0,efficient,outside_schedule_domain,,,,,3.5534000005554844e-05,unavailable,,,
shell,18,29,shell,0.5,alternating,8,3,28,3.0,10.5,0,borda,ok,5.0,1.6703127864111693,0.008614452769532432,0.5264006135801002,0.001473899000018264,published_global_clipped_borda,0.0,,
shell,18,30,shell,0.5,alternating,8,3,28,3.0,10.5,0,pl,ok,5.0,1.7046212484598775,0.0,,0.002121345999995583,hunter_mm,,79.0,3.059806376524778e-11
shell,18,30,shell,0.5,alternating,8,3,28,3.0,10.5,0,mle,ok,6.0,1.839895543514804,0.1352742950549266,1.0844293045104068,0.003066638999996485,exact_subset_dp,,,
shell,18,30,shell,0.5,alternating,8,3,28,3.0,10.5,0,sharp,ok,9.0,1.7626395647374398,0.058018316277562265,0.5705796667792838,0.002047147999974186,exact_sieve,0.0,,
shell,18,30,shell,0.5,alternating,8,3,28,3.0,10.5,0,efficient,outside_schedule_domain,,,,,3.5088000004179776e-05,unavailable,,,
shell,18,30,shell,0.5,alternating,8,3,28,3.0,10.5,0,borda,ok,6.0,1.7633297612214447,0.05870851276156719,0.9672795990261153,0.001402678000005153,published_global_clipped_borda,0.0,,
shell,18,31,shell,0.5,alternating,8,3,28,3.0,10.5,0,pl,ok,5.0,1.7018760993357382,0.0,,0.0019239049999839608,hunter_mm,,66.0,2.92683337883253e-11
shell,18,31,shell,0.5,alternating,8,3,28,3.0,10.5,0,mle,ok,4.0,1.7718389379223374,0.06996283858659913,1.1470129282507922,0.0029378069999950185,exact_subset_dp,,,
shell,18,31,shell,0.5,alternating,8,3,28,3.0,10.5,0,sharp,ok,7.0,1.6951570027020704,-0.006719096633667876,0.48304091257642995,0.0019559330000049613,exact_sieve,0.0,,
shell,18,31,shell,0.5,alternating,8,3,28,3.0,10.5,0,efficient,outside_schedule_domain,,,,,3.454699998428623e-05,unavailable,,,
shell,18,31,shell,0.5,alternating,8,3,28,3.0,10.5,0,borda,ok,5.0,1.709725153020065,0.007849053684326757,0.9121196566486348,0.0012794149999990623,published_global_clipped_borda,0.0,,
shell,18,32,shell,0.5,alternating,8,3,28,3.0,10.5,0,pl,ok,2.0,1.6979234135904493,0.0,,0.0016024679999873115,hunter_mm,,50.0,1.629839120807576e-11
shell,18,32,shell,0.5,alternating,8,3,28,3.0,10.5,0,mle,ok,9.0,1.953259118033432,0.2553357044429827,1.0246248379567524,0.002983913999997867,exact_subset_dp,,,
shell,18,32,shell,0.5,alternating,8,3,28,3.0,10.5,0,sharp,ok,12.0,1.919742716782773,0.22181930319232368,0.7090287388626768,0.0020992010000213668,exact_sieve,0.0,,
shell,18,32,shell,0.5,alternating,8,3,28,3.0,10.5,0,efficient,outside_schedule_domain,,,,,3.602000001023953e-05,unavailable,,,
shell,18,32,shell,0.5,alternating,8,3,28,3.0,10.5,0,borda,ok,4.0,1.6677279824150204,-0.03019543117542889,0.8589084084290807,0.0015638289999913013,published_global_clipped_borda,0.0,,
shell,18,33,shell,0.5,alternating,8,3,28,3.0,10.5,0,pl,ok,3.0,1.6193964535765648,0.0,,0.0016775160000008782,hunter_mm,,52.0,3.2183462244412504e-11
shell,18,33,shell,0.5,alternating,8,3,28,3.0,10.5,0,mle,ok,6.0,1.7646448930966974,0.14524843952013256,0.8074398347256734,0.0027132499999993342,exact_subset_dp,,,
shell,18,33,shell,0.5,alternating,8,3,28,3.0,10.5,0,sharp,ok,11.0,1.7789475861116435,0.1595511325350787,0.27569892377869015,0.0021232490000215876,exact_sieve,0.0,,
shell,18,33,shell,0.5,alternating,8,3,28,3.0,10.5,0,efficient,outside_schedule_domain,,,,,3.5010000004831454e-05,unavailable,,,
shell,18,33,shell,0.5,alternating,8,3,28,3.0,10.5,0,borda,ok,4.0,1.656199600661092,0.036803147084527144,0.7090287388626768,0.0015086649999886959,published_global_clipped_borda,0.0,,
shell,18,34,shell,0.5,alternating,8,3,28,3.0,10.5,0,pl,ok,6.0,1.8221952402204649,0.0,,0.003088390999977264,hunter_mm,,117.0,2.894529060881723e-11
shell,18,34,shell,0.5,alternating,8,3,28,3.0,10.5,0,mle,ok,6.0,1.8592285692233526,0.037033329002887694,1.0844293045104068,0.0031225969999866265,exact_subset_dp,,,
shell,18,34,shell,0.5,alternating,8,3,28,3.0,10.5,0,sharp,ok,9.0,1.7479941631841878,-0.0742010770362771,0.27569892377869015,0.0020659650000141028,exact_sieve,0.0,,
shell,18,34,shell,0.5,alternating,8,3,28,3.0,10.5,0,efficient,outside_schedule_domain,,,,,3.4975999994912854e-05,unavailable,,,
shell,18,34,shell,0.5,alternating,8,3,28,3.0,10.5,0,borda,ok,5.0,1.6942982532751087,-0.12789698694535612,0.757533184154752,0.001369353999990608,published_global_clipped_borda,0.0,,
shell,18,35,shell,0.5,alternating,8,3,28,3.0,10.5,0,pl,ok,8.0,1.7301556179991397,0.0,,0.0013148289999946883,hunter_mm,,38.0,1.0263440890818337e-11
shell,18,35,shell,0.5,alternating,8,3,28,3.0,10.5,0,mle,ok,10.0,1.841339168241165,0.11118355024202531,0.6156729370132851,0.0026502630000209138,exact_subset_dp,,,
shell,18,35,shell,0.5,alternating,8,3,28,3.0,10.5,0,sharp,ok,6.0,1.7099566120578682,-0.020199005941271553,0.5705796667792838,0.0020610379999936868,exact_sieve,0.0,,
shell,18,35,shell,0.5,alternating,8,3,28,3.0,10.5,0,efficient,outside_schedule_domain,,,,,3.4486000004108064e-05,unavailable,,,
shell,18,35,shell,0.5,alternating,8,3,28,3.0,10.5,0,borda,ok,9.0,1.750139404088691,0.019983786089551314,0.3570395237671002,0.0014708209999980681,published_global_clipped_borda,0.0,,
shell,18,36,shell,0.5,alternating,8,3,28,3.0,10.5,0,pl,ok,2.0,1.6919345686066916,0.0,,0.0023745749999761756,hunter_mm,,88.0,2.1602751333814142e-11
shell,18,36,shell,0.5,alternating,8,3,28,3.0,10.5,0,mle,ok,4.0,1.743937714977435,0.05200314637074355,1.1470129282507922,0.0029320200000029217,exact_subset_dp,,,
shell,18,36,shell,0.5,alternating,8,3,28,3.0,10.5,0,sharp,ok,17.0,1.8403391854309612,0.14840461682426964,0.1958788216280591,0.0021157790000074783,exact_sieve,0.0,,
shell,18,36,shell,0.5,alternating,8,3,28,3.0,10.5,0,efficient,outside_schedule_domain,,,,,3.7187000003768844e-05,unavailable,,,
shell,18,36,shell,0.5,alternating,8,3,28,3.0,10.5,0,borda,ok,4.0,1.6754065352218215,-0.016528033384870078,0.9672795990261153,0.0013445170000068174,published_global_clipped_borda,0.0,,
shell,18,37,shell,0.5,alternating,8,3,28,3.0,10.5,0,pl,ok,3.0,1.8594433783545792,0.0,,0.0022822169999869857,hunter_mm,,85.0,2.3984814134792032e-11
shell,18,37,shell,0.5,alternating,8,3,28,3.0,10.5,0,mle,ok,5.0,1.815787243902948,-0.04365613445163108,1.2127529326707367,0.00303430600001775,exact_subset_dp,,,
shell,18,37,shell,0.5,alternating,8,3,28,3.0,10.5,0,sharp,ok,8.0,1.797619604051675,-0.0618237743029042,0.8074398347256734,0.0020643780000000334,exact_sieve,0.0,,
shell,18,37,shell,0.5,alternating,8,3,28,3.0,10.5,0,efficient,outside_schedule_domain,,,,,3.6068000014211066e-05,unavailable,,,
shell,18,37,shell,0.5,alternating,8,3,28,3.0,10.5,0,borda,ok,1.0,1.5785131400833778,-0.28093023827120134,1.0246248379567524,0.0017870830000106253,published_global_clipped_borda,0.0,,
shell,18,38,shell,0.5,alternating,8,3,28,3.0,10.5,0,pl,ok,6.0,1.7083432465789796,0.0,,0.0015214780000007977,hunter_mm,,50.0,1.229784528179932e-11
shell,18,38,shell,0.5,alternating,8,3,28,3.0,10.5,0,mle,ok,5.0,1.6808735645421524,-0.027469682036827203,0.8074398347256734,0.00263385100001301,exact_subset_dp,,,
shell,18,38,shell,0.5,alternating,8,3,28,3.0,10.5,0,sharp,ok,7.0,1.7211110313159106,0.012767784736930965,0.31614842415667943,0.0020722120000016275,exact_sieve,0.0,,
shell,18,38,shell,0.5,alternating,8,3,28,3.0,10.5,0,efficient,outside_schedule_domain,,,,,3.6034999993717065e-05,unavailable,,,
shell,18,38,shell,0.5,alternating,8,3,28,3.0,10.5,0,borda,ok,6.0,1.6930497650412026,-0.015293481537776987,0.7090287388626768,0.0014827130000014677,published_global_clipped_borda,0.0,,
shell,18,39,shell,0.5,alternating,8,3,28,3.0,10.5,0,pl,no_unique_finite_mle,,,,,0.000263929999988477,hunter_mm,,,
shell,18,39,shell,0.5,alternating,8,3,28,3.0,10.5,0,mle,ok,3.0,1.8037013824835992,,1.355592246167523,0.002909490999996933,exact_subset_dp,,,
shell,18,39,shell,0.5,alternating,8,3,28,3.0,10.5,0,sharp,ok,9.0,1.8083139481844148,,0.6617844044760891,0.0023963049999906616,exact_sieve,0.0,,
shell,18,39,shell,0.5,alternating,8,3,28,3.0,10.5,0,efficient,outside_schedule_domain,,,,,4.628799999295552e-05,unavailable,,,
shell,18,39,shell,0.5,alternating,8,3,28,3.0,10.5,0,borda,ok,1.0,1.610653191517436,,1.1470129282507922,0.0018151849999981096,published_global_clipped_borda,0.0,,
shell,19,0,shell,0.5,alternating,8,3,112,12.0,42.0,0,pl,ok,1.0,1.597853010307491,0.0,,0.002152467000001934,hunter_mm,,57.0,2.420723938761122e-11
shell,19,0,shell,0.5,alternating,8,3,112,12.0,42.0,0,mle,ok,1.0,1.5840665082806984,-0.013786502026792657,0.99566290138276,0.002600245999985873,exact_subset_dp,,,
shell,19,0,shell,0.5,alternating,8,3,112,12.0,42.0,0,sharp,ok,4.0,1.6505022257042037,0.052649215396712634,0.7698724759713074,0.003549810999999181,exact_sieve,0.0,,
shell,19,0,shell,0.5,alternating,8,3,112,12.0,42.0,0,efficient,outside_schedule_domain,,,,,5.933700001037323e-05,unavailable,,,
shell,19,0,shell,0.5,alternating,8,3,112,12.0,42.0,0,borda,ok,1.0,1.5840665082806984,-0.013786502026792657,0.99566290138276,0.0013516690000017206,published_global_clipped_borda,0.0,,
shell,19,1,shell,0.5,alternating,8,3,112,12.0,42.0,0,pl,ok,1.0,1.5901385737637386,0.0,,0.0020136199999853943,hunter_mm,,54.0,2.0538935631618317e-11
shell,19,1,shell,0.5,alternating,8,3,112,12.0,42.0,0,mle,ok,0.0,1.5394202728124196,-0.05071830095131902,0.9257182786944403,0.0026314779999836446,exact_subset_dp,,,
shell,19,1,shell,0.5,alternating,8,3,112,12.0,42.0,0,sharp,ok,1.0,1.5664929662593452,-0.023645607504393373,0.8986426795612205,0.0033245749999935015,exact_sieve,0.0,,
shell,19,1,shell,0.5,alternating,8,3,112,12.0,42.0,0,efficient,outside_schedule_domain,,,,,4.823700001566067e-05,unavailable,,,
shell,19,1,shell,0.5,alternating,8,3,112,12.0,42.0,0,borda,ok,1.0,1.5591814083878193,-0.030957165375919304,0.8720402655126755,0.001526336000011952,published_global_clipped_borda,0.0,,
shell,19,2,shell,0.5,alternating,8,3,112,12.0,42.0,0,pl,ok,3.0,1.5895271729939753,0.0,,0.0014246240000090893,hunter_mm,,35.0,1.2541713699322697e-11
shell,19,2,shell,0.5,alternating,8,3,112,12.0,42.0,0,mle,ok,4.0,1.6302268438904939,0.0406996708965186,0.5930057567449797,0.002761899999995876,exact_subset_dp,,,
shell,19,2,shell,0.5,alternating,8,3,112,12.0,42.0,0,sharp,ok,5.0,1.6594990597486678,0.06997188675469257,0.5264006135801002,0.0034900130000039553,exact_sieve,0.0,,
shell,19,2,shell,0.5,alternating,8,3,112,12.0,42.0,0,efficient,outside_schedule_domain,,,,,4.904899998336987e-05,unavailable,,,
shell,19,2,shell,0.5,alternating,8,3,112,12.0,42.0,0,borda,ok,3.0,1.602963452434211,0.013436279440235621,0.5705796667792838,0.001520475000006627,published_global_clipped_borda,0.0,,
shell,19,3,shell,0.5,alternating,8,3,112,12.0,42.0,0,pl,ok,0.0,1.5709300823874592,0.0,,0.0017842309999878125,hunter_mm,,49.0,1.7616321100279363e-11
shell,19,3,shell,0.5,alternating,8,3,112,12.0,42.0,0,mle,ok,0.0,1.5351808525407635,-0.03574922984669571,0.8589084084290807,0.0026036079999869344,exact_subset_dp,,,
shell,19,3,shell,0.5,alternating,8,3,112,12.0,42.0,0,sharp,ok,1.0,1.5647065497587123,-0.006223532628746975,0.7948233114465767,0.003480265000007421,exact_sieve,0.0,,
shell,19,3,shell,0.5,alternating,8,3,112,12.0,42.0,0,efficient,outside_schedule_domain,,,,,5.1029999980301e-05,unavailable,,,
shell,19,3,shell,0.5,alternating,8,3,112,12.0,42.0,0,borda,ok,0.0,1.5351808525407635,-0.03574922984669571,0.8589084084290807,0.001492119000005232,published_global_clipped_borda,0.0,,
shell,19,4,shell,0.5,alternating,8,3,112,12.0,42.0,0,pl,ok,2.0,1.581974113827557,0.0,,0.0018157110000061039,hunter_mm,,49.0,2.1822099682822227e-11
shell,19,4,shell,0.5,alternating,8,3,112,12.0,42.0,0,mle,ok,0.0,1.5350385285685109,-0.046935585259046064,0.7452814445194086,0.002668029000005845,exact_subset_dp,,,
shell,19,4,shell,0.5,alternating,8,3,112,12.0,42.0,0,sharp,ok,7.0,1.7048428719687587,0.1228687581412018,0.5046239547582334,0.0035992040000110137,exact_sieve,0.0,,
shell,19,4,shell,0.5,alternating,8,3,112,12.0,42.0,0,efficient,outside_schedule_domain,,,,,5.048399998486275e-05,unavailable,,,
shell,19,4,shell,0.5,alternating,8,3,112,12.0,42.0,0,borda,ok,2.0,1.580068111117044,-0.0019060027105128885,0.6617844044760891,0.0014971219999893037,published_global_clipped_borda,0.0,,
shell,19,5,shell,0.5,alternating,8,3,112,12.0,42.0,0,pl,ok,3.0,1.6127073858489769,0.0,,0.0013948799999923267,hunter_mm,,33.0,1.418135450340482e-11
shell,19,5,shell,0.5,alternating,8,3,112,12.0,42.0,0,mle,ok,1.0,1.570813933193944,-0.04189345265503297,0.5594530460875712,0.002531497000006766,exact_subset_dp,,,
shell,19,5,shell,0.5,alternating,8,3,112,12.0,42.0,0,sharp,ok,7.0,1.7280785147969835,0.11537112894800661,0.31614842415667943,0.0035269369999753053,exact_sieve,0.0,,
shell,19,5,shell,0.5,alternating,8,3,112,12.0,42.0,0,efficient,outside_schedule_domain,,,,,4.8297999995838836e-05,unavailable,,,
shell,19,5,shell,0.5,alternating,8,3,112,12.0,42.0,0,borda,ok,2.0,1.5984042457580856,-0.014303140090891286,0.4938089074013421,0.0014758509999808211,published_global_clipped_borda,0.0,,
shell,19,6,shell,0.5,alternating,8,3,112,12.0,42.0,0,pl,ok,2.0,1.5880469412190226,0.0,,0.0016397199999858003,hunter_mm,,40.0,1.711469061709587e-11
shell,19,6,shell,0.5,alternating,8,3,112,12.0,42.0,0,mle,ok,2.0,1.5944388652736756,0.006391924054653053,0.7452814445194086,0.0026806249999822285,exact_subset_dp,,,
shell,19,6,shell,0.5,alternating,8,3,112,12.0,42.0,0,sharp,ok,7.0,1.7333095681955146,0.14526262697649206,0.5705796667792838,0.003431199000004881,exact_sieve,0.0,,
shell,19,6,shell,0.5,alternating,8,3,112,12.0,42.0,0,efficient,outside_schedule_domain,,,,,4.868900001042675e-05,unavailable,,,
shell,19,6,shell,0.5,alternating,8,3,112,12.0,42.0,0,borda,ok,3.0,1.6234515311613786,0.03540458994235607,0.7210314373934753,0.0015073850000248967,published_global_clipped_borda,0.0,,
shell,19,7,shell,0.5,alternating,8,3,112,12.0,42.0,0,pl,ok,0.0,1.5723195829534684,0.0,,0.0019504580000102578,hunter_mm,,54.0,2.422582769310923e-11
shell,19,7,shell,0.5,alternating,8,3,112,12.0,42.0,0,mle,ok,1.0,1.5591814083878193,-0.013138174565649141,0.8720402655126755,0.002609457999994902,exact_subset_dp,,,
shell,19,7,shell,0.5,alternating,8,3,112,12.0,42.0,0,sharp,ok,1.0,1.5606194159794526,-0.011700166974015769,0.8201538760195531,0.003345044000013786,exact_sieve,0.0,,
shell,19,7,shell,0.5,alternating,8,3,112,12.0,42.0,0,efficient,outside_schedule_domain,,,,,4.708400001618429e-05,unavailable,,,
shell,19,7,shell,0.5,alternating,8,3,112,12.0,42.0,0,borda,ok,1.0,1.5594539492719068,-0.012865633681561572,0.7823017009175557,0.0014015669999878355,published_global_clipped_borda,0.0,,
shell,19,8,shell,0.5,alternating,8,3,112,12.0,42.0,0,pl,ok,4.0,1.626470260746447,0.0,,0.0017061149999904046,hunter_mm,,45.0,2.4053013549161862e-11
shell,19,8,shell,0.5,alternating,8,3,112,12.0,42.0,0,mle,ok,2.0,1.5846161315316185,-0.04185412921482845,0.8852839704922475,0.002521990000019514,exact_subset_dp,,,
shell,19,8,shell,0.5,alternating,8,3,112,12.0,42.0,0,sharp,ok,3.0,1.6227959675196146,-0.003674293226832326,0.832968122258636,0.003451940000019249,exact_sieve,0.0,,
shell,19,8,shell,0.5,alternating,8,3,112,12.0,42.0,0,efficient,outside_schedule_domain,,,,,4.920400002106362e-05,unavailable,,,
shell,19,8,shell,0.5,alternating,8,3,112,12.0,42.0,0,borda,ok,3.0,1.611419372642554,-0.015050888103892879,0.7948233114465767,0.00152645800000073,published_global_clipped_borda,0.0,,
shell,19,9,shell,0.5,alternating,8,3,112,12.0,42.0,0,pl,ok,0.0,1.560883393994901,0.0,,0.001878153999996357,hunter_mm,,51.0,1.951258202633913e-11
shell,19,9,shell,0.5,alternating,8,3,112,12.0,42.0,0,mle,ok,0.0,1.53434902919603,-0.026534364798870946,0.832968122258636,0.0025459420000117916,exact_subset_dp,,,
shell,19,9,shell,0.5,alternating,8,3,112,12.0,42.0,0,sharp,ok,2.0,1.5921468259369178,0.03126343194201686,0.685257329800172,0.0034237999999788826,exact_sieve,0.0,,
shell,19,9,shell,0.5,alternating,8,3,112,12.0,42.0,0,efficient,outside_schedule_domain,,,,,4.6282999988989104e-05,unavailable,,,
shell,19,9,shell,0.5,alternating,8,3,112,12.0,42.0,0,borda,ok,0.0,1.53434902919603,-0.026534364798870946,0.832968122258636,0.001300853000003599,published_global_clipped_borda,0.0,,
shell,19,10,shell,0.5,alternating,8,3,112,12.0,42.0,0,pl,ok,2.0,1.5737218650566605,0.0,,0.001986766000015905,hunter_mm,,54.0,1.829292273214378e-11
shell,19,10,shell,0.5,alternating,8,3,112,12.0,42.0,0,mle,ok,2.0,1.5869721694029704,0.013250304346309916,0.7452814445194086,0.002651984999999968,exact_subset_dp,,,
shell,19,10,shell,0.5,alternating,8,3,112,12.0,42.0,0,sharp,ok,4.0,1.6412688728367004,0.06754700778003997,0.5930057567449797,0.0034990870000228824,exact_sieve,0.0,,
shell,19,10,shell,0.5,alternating,8,3,112,12.0,42.0,0,efficient,outside_schedule_domain,,,,,4.8003999978618594e-05,unavailable,,,
shell,19,10,shell,0.5,alternating,8,3,112,12.0,42.0,0,borda,ok,2.0,1.5754886119566,0.0017667468999396085,0.7090287388626768,0.0015157759999908649,published_global_clipped_borda,0.0,,
shell,19,11,shell,0.5,alternating,8,3,112,12.0,42.0,0,pl,ok,1.0,1.6023565323716464,0.0,,0.002317608999987897,hunter_mm,,66.0,2.7410645182206802e-11
shell,19,11,shell,0.5,alternating,8,3,112,12.0,42.0,0,mle,ok,2.0,1.6196851582846783,0.01732862591303186,0.981401033651984,0.0025362889999769322,exact_subset_dp,,,
shell,19,11,shell,0.5,alternating,8,3,112,12.0,42.0,0,sharp,ok,4.0,1.6945763712042896,0.09221983883264318,0.8986426795612205,0.003323550000004616,exact_sieve,0.0,,
shell,19,11,shell,0.5,alternating,8,3,112,12.0,42.0,0,efficient,outside_schedule_domain,,,,,4.817600000706079e-05,unavailable,,,
shell,19,11,shell,0.5,alternating,8,3,112,12.0,42.0,0,borda,ok,1.0,1.5809357616604456,-0.021420770711200854,0.9672795990261153,0.0013848520000010467,published_global_clipped_borda,0.0,,
shell,19,12,shell,0.5,alternating,8,3,112,12.0,42.0,0,pl,ok,1.0,1.5640708318850096,0.0,,0.001700125000013486,hunter_mm,,46.0,1.751665479332587e-11
shell,19,12,shell,0.5,alternating,8,3,112,12.0,42.0,0,mle,ok,0.0,1.5339762321498367,-0.030094599735172922,0.7948233114465767,0.0026609989999997197,exact_subset_dp,,,
shell,19,12,shell,0.5,alternating,8,3,112,12.0,42.0,0,sharp,ok,2.0,1.5916119794647845,0.027541147579774883,0.7452814445194086,0.003500602000002573,exact_sieve,0.0,,
shell,19,12,shell,0.5,alternating,8,3,112,12.0,42.0,0,efficient,outside_schedule_domain,,,,,4.719099999306309e-05,unavailable,,,
shell,19,12,shell,0.5,alternating,8,3,112,12.0,42.0,0,borda,ok,0.0,1.5339762321498367,-0.030094599735172922,0.7948233114465767,0.0015455749999944146,published_global_clipped_borda,0.0,,
shell,19,13,shell,0.5,alternating,8,3,112,12.0,42.0,0,pl,ok,2.0,1.5820633653558256,0.0,,0.0017336219999890545,hunter_mm,,46.0,2.638993785402428e-11
shell,19,13,shell,0.5,alternating,8,3,112,12.0,42.0,0,mle,ok,0.0,1.534705341684307,-0.047358023671518534,0.8458853458049513,0.002691616999982216,exact_subset_dp,,,
shell,19,13,shell,0.5,alternating,8,3,112,12.0,42.0,0,sharp,ok,5.0,1.6800228906540284,0.09795952529820284,0.6385945001665354,0.0033229969999979403,exact_sieve,0.0,,
shell,19,13,shell,0.5,alternating,8,3,112,12.0,42.0,0,efficient,outside_schedule_domain,,,,,4.991400001586044e-05,unavailable,,,
shell,19,13,shell,0.5,alternating,8,3,112,12.0,42.0,0,borda,ok,1.0,1.5556563786687914,-0.02640698668703423,0.8074398347256734,0.0015380499999935182,published_global_clipped_borda,0.0,,
shell,19,14,shell,0.5,alternating,8,3,112,12.0,42.0,0,pl,ok,2.0,1.5831039079594058,0.0,,0.0015081880000025194,hunter_mm,,37.0,2.1319200373324877e-11
shell,19,14,shell,0.5,alternating,8,3,112,12.0,42.0,0,mle,ok,2.0,1.5892296713685155,0.006125763409109641,0.5817633816848975,0.0026732970000011846,exact_subset_dp,,,
shell,19,14,shell,0.5,alternating,8,3,112,12.0,42.0,0,sharp,ok,10.0,1.7675053731605685,0.18440146520116274,0.24561406116898063,0.003486737000002904,exact_sieve,0.0,,
shell,19,14,shell,0.5,alternating,8,3,112,12.0,42.0,0,efficient,outside_schedule_domain,,,,,5.005900001719965e-05,unavailable,,,
shell,19,14,shell,0.5,alternating,8,3,112,12.0,42.0,0,borda,ok,0.0,1.557487189218219,-0.025616718741186872,0.5483819891258543,0.0017878560000212929,published_global_clipped_borda,0.0,,
shell,19,15,shell,0.5,alternating,8,3,112,12.0,42.0,0,pl,ok,2.0,1.5861380872470892,0.0,,0.0020475179999834836,hunter_mm,,54.0,2.7143366919192756e-11
shell,19,15,shell,0.5,alternating,8,3,112,12.0,42.0,0,mle,ok,1.0,1.5679035375513903,-0.01823454969569882,0.9121196566486348,0.0025260679999803415,exact_subset_dp,,,
shell,19,15,shell,0.5,alternating,8,3,112,12.0,42.0,0,sharp,ok,1.0,1.5597723994712498,-0.026365687775839364,0.8720402655126755,0.0034620189999827744,exact_sieve,0.0,,
shell,19,15,shell,0.5,alternating,8,3,112,12.0,42.0,0,efficient,outside_schedule_domain,,,,,4.561599999419741e-05,unavailable,,,
shell,19,15,shell,0.5,alternating,8,3,112,12.0,42.0,0,borda,ok,2.0,1.5923372429688458,0.006199155721756666,0.8458853458049513,0.0017025450000005549,published_global_clipped_borda,0.0,,
shell,19,16,shell,0.5,alternating,8,3,112,12.0,42.0,0,pl,ok,2.0,1.5887124783529432,0.0,,0.0016933279999875595,hunter_mm,,43.0,1.9199308809447757e-11
shell,19,16,shell,0.5,alternating,8,3,112,12.0,42.0,0,mle,ok,2.0,1.5969214940054697,0.008209015652526519,0.8074398347256734,0.0027419200000053934,exact_subset_dp,,,
shell,19,16,shell,0.5,alternating,8,3,112,12.0,42.0,0,sharp,ok,5.0,1.6711931531862922,0.08248067483334909,0.6617844044760891,0.0033259589999943273,exact_sieve,0.0,,
shell,19,16,shell,0.5,alternating,8,3,112,12.0,42.0,0,efficient,outside_schedule_domain,,,,,4.604400001539943e-05,unavailable,,,
shell,19,16,shell,0.5,alternating,8,3,112,12.0,42.0,0,borda,ok,1.0,1.5594539492719068,-0.029258529081036322,0.7823017009175557,0.0013916369999833478,published_global_clipped_borda,0.0,,
shell,19,17,shell,0.5,alternating,8,3,112,12.0,42.0,0,pl,ok,1.0,1.6045352261047796,0.0,,0.002390679000001228,hunter_mm,,73.0,3.764969288714123e-11
shell,19,17,shell,0.5,alternating,8,3,112,12.0,42.0,0,mle,ok,2.0,1.609470977347344,0.00493575124256429,0.981401033651984,0.002473450000024968,exact_subset_dp,,,
shell,19,17,shell,0.5,alternating,8,3,112,12.0,42.0,0,sharp,ok,2.0,1.609470977347344,0.00493575124256429,0.981401033651984,0.0032280019999859633,exact_sieve,0.0,,
shell,19,17,shell,0.5,alternating,8,3,112,12.0,42.0,0,efficient,outside_schedule_domain,,,,,5.060899999875801e-05,unavailable,,,
shell,19,17,shell,0.5,alternating,8,3,112,12.0,42.0,0,borda,ok,1.0,1.5694976088739307,-0.03503761723084886,0.9672795990261153,0.0014126860000089891,published_global_clipped_borda,0.0,,
shell,19,18,shell,0.5,alternating,8,3,112,12.0,42.0,0,pl,ok,2.0,1.57574270742115,0.0,,0.0017176690000155759,hunter_mm,,46.0,2.0466041559887215e-11
shell,19,18,shell,0.5,alternating,8,3,112,12.0,42.0,0,mle,ok,1.0,1.563041693469152,-0.012701013951998075,0.8589084084290807,0.0027182860000039,exact_subset_dp,,,
shell,19,18,shell,0.5,alternating,8,3,112,12.0,42.0,0,sharp,ok,2.0,1.5962482695659403,0.020505562144790268,0.7331149445745953,0.0032906880000211913,exact_sieve,0.0,,
shell,19,18,shell,0.5,alternating,8,3,112,12.0,42.0,0,efficient,outside_schedule_domain,,,,,4.7750999982554276e-05,unavailable,,,
shell,19,18,shell,0.5,alternating,8,3,112,12.0,42.0,0,borda,ok,3.0,1.6018958961859169,0.0261531887647668,0.7090287388626768,0.001533743999999615,published_global_clipped_borda,0.0,,
shell,19,19,shell,0.5,alternating,8,3,112,12.0,42.0,0,pl,ok,1.0,1.5697754290169632,0.0,,0.0017851400000097328,hunter_mm,,47.0,1.743678217686855e-11
shell,19,19,shell,0.5,alternating,8,3,112,12.0,42.0,0,mle,ok,0.0,1.5383166567941944,-0.03145877222276883,0.9121196566486348,0.002507288000003882,exact_subset_dp,,,
shell,19,19,shell,0.5,alternating,8,3,112,12.0,42.0,0,sharp,ok,5.0,1.665145120281178,0.0953696912642148,0.6043083947860767,0.00355386399999702,exact_sieve,0.0,,
shell,19,19,shell,0.5,alternating,8,3,112,12.0,42.0,0,efficient,outside_schedule_domain,,,,,4.863899999918431e-05,unavailable,,,
shell,19,19,shell,0.5,alternating,8,3,112,12.0,42.0,0,borda,ok,1.0,1.5613684321089805,-0.008406996907982744,0.832968122258636,0.0012942159999909109,published_global_clipped_borda,0.0,,
shell,19,20,shell,0.5,alternating,8,3,112,12.0,42.0,0,pl,ok,4.0,1.6060931261018627,0.0,,0.0016370849999987058,hunter_mm,,42.0,1.3740691124602173e-11
shell,19,20,shell,0.5,alternating,8,3,112,12.0,42.0,0,mle,ok,0.0,1.5362096633821474,-0.06988346271971535,0.7210314373934753,0.0027396129999885943,exact_subset_dp,,,
shell,19,20,shell,0.5,alternating,8,3,112,12.0,42.0,0,sharp,ok,0.0,1.5362096633821474,-0.06988346271971535,0.7210314373934753,0.003525842000016155,exact_sieve,0.0,,
shell,19,20,shell,0.5,alternating,8,3,112,12.0,42.0,0,efficient,outside_schedule_domain,,,,,5.0760000021909946e-05,unavailable,,,
shell,19,20,shell,0.5,alternating,8,3,112,12.0,42.0,0,borda,ok,3.0,1.619309037979773,0.013215911877910269,0.6156729370132851,0.0015064699999811637,published_global_clipped_borda,0.0,,
shell,19,21,shell,0.5,alternating,8,3,112,12.0,42.0,0,pl,ok,1.0,1.5728324317964935,0.0,,0.0015678000000036718,hunter_mm,,40.0,1.823645996117713e-11
shell,19,21,shell,0.5,alternating,8,3,112,12.0,42.0,0,mle,ok,0.0,1.5339863031596663,-0.038846128636827126,0.8074398347256734,0.002652699999998731,exact_subset_dp,,,
shell,19,21,shell,0.5,alternating,8,3,112,12.0,42.0,0,sharp,ok,2.0,1.5920055856746802,0.019173153878186744,0.697104725066857,0.003606876999981523,exact_sieve,0.0,,
shell,19,21,shell,0.5,alternating,8,3,112,12.0,42.0,0,efficient,outside_schedule_domain,,,,,4.690300002607728e-05,unavailable,,,
shell,19,21,shell,0.5,alternating,8,3,112,12.0,42.0,0,borda,ok,0.0,1.5339863031596663,-0.038846128636827126,0.8074398347256734,0.0015035840000052758,published_global_clipped_borda,0.0,,
shell,19,22,shell,0.5,alternating,8,3,112,12.0,42.0,0,pl,ok,3.0,1.608631429004093,0.0,,0.0015341820000003281,hunter_mm,,39.0,1.1819751526737881e-11
shell,19,22,shell,0.5,alternating,8,3,112,12.0,42.0,0,mle,ok,3.0,1.6224227218623897,0.013791292858296611,0.7948233114465767,0.0027095129999850087,exact_subset_dp,,,
shell,19,22,shell,0.5,alternating,8,3,112,12.0,42.0,0,sharp,ok,4.0,1.6429779768467134,0.03434654784262037,0.5154873992669441,0.0033107320000169693,exact_sieve,0.0,,
shell,19,22,shell,0.5,alternating,8,3,112,12.0,42.0,0,efficient,outside_schedule_domain,,,,,4.9323999974149046e-05,unavailable,,,
shell,19,22,shell,0.5,alternating,8,3,112,12.0,42.0,0,borda,ok,3.0,1.627722227819302,0.01909079881520892,0.6501550097881424,0.0013746070000024702,published_global_clipped_borda,0.0,,
shell,19,23,shell,0.5,alternating,8,3,112,12.0,42.0,0,pl,ok,1.0,1.5686708569756835,0.0,,0.0018478430000072876,hunter_mm,,49.0,1.967292995175285e-11
shell,19,23,shell,0.5,alternating,8,3,112,12.0,42.0,0,mle,ok,0.0,1.5350385285685109,-0.033632328407172674,0.7452814445194086,0.002724375000013879,exact_subset_dp,,,
shell,19,23,shell,0.5,alternating,8,3,112,12.0,42.0,0,sharp,ok,4.0,1.6279980838546544,0.05932722687897085,0.6043083947860767,0.003502067999988867,exact_sieve,0.0,,
shell,19,23,shell,0.5,alternating,8,3,112,12.0,42.0,0,efficient,outside_schedule_domain,,,,,4.7841999986530936e-05,unavailable,,,
shell,19,23,shell,0.5,alternating,8,3,112,12.0,42.0,0,borda,ok,3.0,1.6152369166377962,0.04656605966211269,0.7210314373934753,0.0015011179999930846,published_global_clipped_borda,0.0,,
shell,19,24,shell,0.5,alternating,8,3,112,12.0,42.0,0,pl,ok,1.0,1.5849777946464123,0.0,,0.0020561700000030214,hunter_mm,,57.0,2.6592379092400212e-11
shell,19,24,shell,0.5,alternating,8,3,112,12.0,42.0,0,mle,ok,1.0,1.5693418252045,-0.015635969441912367,0.9257182786944403,0.002540745000004563,exact_subset_dp,,,
shell,19,24,shell,0.5,alternating,8,3,112,12.0,42.0,0,sharp,ok,6.0,1.6980669237814907,0.1130891291350784,0.697104725066857,0.0034326800000030744,exact_sieve,0.0,,
shell,19,24,shell,0.5,alternating,8,3,112,12.0,42.0,0,efficient,outside_schedule_domain,,,,,4.7762000008333416e-05,unavailable,,,
shell,19,24,shell,0.5,alternating,8,3,112,12.0,42.0,0,borda,ok,1.0,1.5693418252045,-0.015635969441912367,0.9257182786944403,0.0014076169999839294,published_global_clipped_borda,0.0,,
shell,19,25,shell,0.5,alternating,8,3,112,12.0,42.0,0,pl,ok,4.0,1.5791175619358622,0.0,,0.001737079999998059,hunter_mm,,46.0,1.7624314706056664e-11
shell,19,25,shell,0.5,alternating,8,3,112,12.0,42.0,0,mle,ok,1.0,1.5597583127873864,-0.019359249148475755,0.7948233114465767,0.0026892310000050657,exact_subset_dp,,,
shell,19,25,shell,0.5,alternating,8,3,112,12.0,42.0,0,sharp,ok,3.0,1.6048088729368446,0.02569131100098243,0.7698724759713074,0.003348232000007556,exact_sieve,0.0,,
shell,19,25,shell,0.5,alternating,8,3,112,12.0,42.0,0,efficient,outside_schedule_domain,,,,,5.8877000014945224e-05,unavailable,,,
shell,19,25,shell,0.5,alternating,8,3,112,12.0,42.0,0,borda,ok,4.0,1.6238117949286062,0.044694232992744,0.7452814445194086,0.0015443689999870003,published_global_clipped_borda,0.0,,
shell,19,26,shell,0.5,alternating,8,3,112,12.0,42.0,0,pl,ok,4.0,1.6340087666668723,0.0,,0.0019065660000023854,hunter_mm,,52.0,2.325060778827849e-11
shell,19,26,shell,0.5,alternating,8,3,112,12.0,42.0,0,mle,ok,3.0,1.6336935591848838,-0.0003152074819885442,0.8986426795612205,0.0025531169999908343,exact_subset_dp,,,
shell,19,26,shell,0.5,alternating,8,3,112,12.0,42.0,0,sharp,ok,2.0,1.605280839900629,-0.02872792676624325,0.8720402655126755,0.0034597780000069633,exact_sieve,0.0,,
shell,19,26,shell,0.5,alternating,8,3,112,12.0,42.0,0,efficient,outside_schedule_domain,,,,,4.8457999980655586e-05,unavailable,,,
shell,19,26,shell,0.5,alternating,8,3,112,12.0,42.0,0,borda,ok,4.0,1.6559224555849803,0.021913688918107965,0.8201538760195531,0.0013780460000134553,published_global_clipped_borda,0.0,,
shell,19,27,shell,0.5,alternating,8,3,112,12.0,42.0,0,pl,ok,1.0,1.5861221973044142,0.0,,0.0019340670000076443,hunter_mm,,52.0,2.4388808433124202e-11
shell,19,27,shell,0.5,alternating,8,3,112,12.0,42.0,0,mle,ok,1.0,1.5707254565338136,-0.015396740770600603,0.8852839704922475,0.0024685909999959676,exact_subset_dp,,,
shell,19,27,shell,0.5,alternating,8,3,112,12.0,42.0,0,sharp,ok,3.0,1.6347477721596555,0.04862557485524133,0.8074398347256734,0.003461783999995305,exact_sieve,0.0,,
shell,19,27,shell,0.5,alternating,8,3,112,12.0,42.0,0,efficient,outside_schedule_domain,,,,,4.720799998381153e-05,unavailable,,,
shell,19,27,shell,0.5,alternating,8,3,112,12.0,42.0,0,borda,ok,1.0,1.5674752863541728,-0.018646910950241402,0.8201538760195531,0.0013677789999917422,published_global_clipped_borda,0.0,,
shell,19,28,shell,0.5,alternating,8,3,112,12.0,42.0,0,pl,ok,3.0,1.6233236401436373,0.0,,0.0019169480000016392,hunter_mm,,49.0,1.5189246685817384e-11
shell,19,28,shell,0.5,alternating,8,3,112,12.0,42.0,0,mle,ok,0.0,1.53434902919603,-0.08897461094760728,0.832968122258636,0.0025660000000016225,exact_subset_dp,,,
shell,19,28,shell,0.5,alternating,8,3,112,12.0,42.0,0,sharp,ok,3.0,1.6203052440584726,-0.003018396085164632,0.697104725066857,0.0035532580000108283,exact_sieve,0.0,,
shell,19,28,shell,0.5,alternating,8,3,112,12.0,42.0,0,efficient,outside_schedule_domain,,,,,5.039100000203689e-05,unavailable,,,
shell,19,28,shell,0.5,alternating,8,3,112,12.0,42.0,0,borda,ok,3.0,1.6229813460767304,-0.0003422940669068897,0.7698724759713074,0.0013766160000159289,published_global_clipped_borda,0.0,,
shell,19,29,shell,0.5,alternating,8,3,112,12.0,42.0,0,pl,ok,0.0,1.5859029350843699,0.0,,0.0019056579999983114,hunter_mm,,51.0,1.8796583337429442e-11
shell,19,29,shell,0.5,alternating,8,3,112,12.0,42.0,0,mle,ok,0.0,1.542028172076602,-0.043874763007767825,0.9532945643782407,0.0026834600000142927,exact_subset_dp,,,
shell,19,29,shell,0.5,alternating,8,3,112,12.0,42.0,0,sharp,ok,2.0,1.5837236359641027,-0.002179299120267153,0.832968122258636,0.003420414000004257,exact_sieve,0.0,,
shell,19,29,shell,0.5,alternating,8,3,112,12.0,42.0,0,efficient,outside_schedule_domain,,,,,4.71959999970295e-05,unavailable,,,
shell,19,29,shell,0.5,alternating,8,3,112,12.0,42.0,0,borda,ok,0.0,1.542028172076602,-0.043874763007767825,0.9532945643782407,0.0015467999999998483,published_global_clipped_borda,0.0,,
shell,19,30,shell,0.5,alternating,8,3,112,12.0,42.0,0,pl,ok,5.0,1.6116140432391388,0.0,,0.0014276699999982156,hunter_mm,,34.0,1.1045386827390757e-11
shell,19,30,shell,0.5,alternating,8,3,112,12.0,42.0,0,mle,ok,4.0,1.6282107978678448,0.016596754628706023,0.6385945001665354,0.002539998000003152,exact_subset_dp,,,
shell,19,30,shell,0.5,alternating,8,3,112,12.0,42.0,0,sharp,ok,5.0,1.6590651848591345,0.04745114161999564,0.5705796667792838,0.0034969490000094083,exact_sieve,0.0,,
shell,19,30,shell,0.5,alternating,8,3,112,12.0,42.0,0,efficient,outside_schedule_domain,,,,,4.8619999972743244e-05,unavailable,,,
shell,19,30,shell,0.5,alternating,8,3,112,12.0,42.0,0,borda,ok,5.0,1.6480895629537493,0.036475519714610494,0.6156729370132851,0.00150667900001622,published_global_clipped_borda,0.0,,
shell,19,31,shell,0.5,alternating,8,3,112,12.0,42.0,0,pl,ok,4.0,1.596196435386005,0.0,,0.0014800309999998262,hunter_mm,,38.0,1.998338003009589e-11
shell,19,31,shell,0.5,alternating,8,3,112,12.0,42.0,0,mle,ok,3.0,1.6218170550450643,0.025620619659059374,0.5817633816848975,0.0027706260000002203,exact_subset_dp,,,
shell,19,31,shell,0.5,alternating,8,3,112,12.0,42.0,0,sharp,ok,3.0,1.616150806067524,0.019954370681519062,0.5373649994974447,0.003450151999999207,exact_sieve,0.0,,
shell,19,31,shell,0.5,alternating,8,3,112,12.0,42.0,0,efficient,outside_schedule_domain,,,,,4.855899999256508e-05,unavailable,,,
shell,19,31,shell,0.5,alternating,8,3,112,12.0,42.0,0,borda,ok,3.0,1.6231616455482918,0.026965210162286812,0.5046239547582334,0.0015002389999949628,published_global_clipped_borda,0.0,,
shell,19,32,shell,0.5,alternating,8,3,112,12.0,42.0,0,pl,ok,2.0,1.5980091339879847,0.0,,0.001882049999977653,hunter_mm,,48.0,2.2850039320993735e-11
shell,19,32,shell,0.5,alternating,8,3,112,12.0,42.0,0,mle,ok,0.0,1.5350385285685109,-0.06297060541947386,0.7452814445194086,0.002659722999993619,exact_subset_dp,,,
shell,19,32,shell,0.5,alternating,8,3,112,12.0,42.0,0,sharp,ok,5.0,1.6700441934422783,0.07203505945429356,0.5594530460875712,0.003381901000011567,exact_sieve,0.0,,
shell,19,32,shell,0.5,alternating,8,3,112,12.0,42.0,0,efficient,outside_schedule_domain,,,,,4.9030000013772224e-05,unavailable,,,
shell,19,32,shell,0.5,alternating,8,3,112,12.0,42.0,0,borda,ok,5.0,1.6639018234993248,0.06589268951134009,0.6385945001665354,0.001353281999996625,published_global_clipped_borda,0.0,,
shell,19,33,shell,0.5,alternating,8,3,112,12.0,42.0,0,pl,ok,2.0,1.6036804570483763,0.0,,0.0016160609999928965,hunter_mm,,41.0,1.5386929825516357e-11
shell,19,33,shell,0.5,alternating,8,3,112,12.0,42.0,0,mle,ok,2.0,1.5876802035978734,-0.01600025345050282,0.6271010645696942,0.0026773540000135654,exact_subset_dp,,,
shell,19,33,shell,0.5,alternating,8,3,112,12.0,42.0,0,sharp,ok,11.0,1.7844388032848837,0.18075834623650744,0.3570395237671002,0.003471316000002389,exact_sieve,0.0,,
shell,19,33,shell,0.5,alternating,8,3,112,12.0,42.0,0,efficient,outside_schedule_domain,,,,,5.6241999999429027e-05,unavailable,,,
shell,19,33,shell,0.5,alternating,8,3,112,12.0,42.0,0,borda,ok,3.0,1.6179327141078954,0.014252257059519158,0.5705796667792838,0.001483818999986397,published_global_clipped_borda,0.0,,
shell,19,34,shell,0.5,alternating,8,3,112,12.0,42.0,0,pl,ok,3.0,1.639387489749954,0.0,,0.001844503000000941,hunter_mm,,50.0,2.2886581518832827e-11
shell,19,34,shell,0.5,alternating,8,3,112,12.0,42.0,0,mle,ok,3.0,1.644721950483288,0.005334460733333879,0.9672795990261153,0.002540377000002536,exact_subset_dp,,,
shell,19,34,shell,0.5,alternating,8,3,112,12.0,42.0,0,sharp,ok,1.0,1.5602569081180937,-0.07913058163186037,0.8852839704922475,0.003359579000004942,exact_sieve,0.0,,
shell,19,34,shell,0.5,alternating,8,3,112,12.0,42.0,0,efficient,outside_schedule_domain,,,,,4.752600000301754e-05,unavailable,,,
shell,19,34,shell,0.5,alternating,8,3,112,12.0,42.0,0,borda,ok,3.0,1.644721950483288,0.005334460733333879,0.9672795990261153,0.0014137119999872994,published_global_clipped_borda,0.0,,
shell,19,35,shell,0.5,alternating,8,3,112,12.0,42.0,0,pl,ok,1.0,1.567457392857122,0.0,,0.0015768939999816212,hunter_mm,,40.0,1.5640187557762276e-11
shell,19,35,shell,0.5,alternating,8,3,112,12.0,42.0,0,mle,ok,0.0,1.5355719705512092,-0.03188542230591285,0.7331149445745953,0.0025293150000038622,exact_subset_dp,,,
shell,19,35,shell,0.5,alternating,8,3,112,12.0,42.0,0,sharp,ok,4.0,1.6539730272888267,0.08651563443170462,0.6271010645696942,0.0034610530000236395,exact_sieve,0.0,,
shell,19,35,shell,0.5,alternating,8,3,112,12.0,42.0,0,efficient,outside_schedule_domain,,,,,4.699100000493672e-05,unavailable,,,
shell,19,35,shell,0.5,alternating,8,3,112,12.0,42.0,0,borda,ok,1.0,1.5633756139353772,-0.004081778921744883,0.6156729370132851,0.0014831239999750778,published_global_clipped_borda,0.0,,
shell,19,36,shell,0.5,alternating,8,3,112,12.0,42.0,0,pl,ok,2.0,1.5705521071719035,0.0,,0.0017016789999786397,hunter_mm,,44.0,1.6665652984621763e-11
shell,19,36,shell,0.5,alternating,8,3,112,12.0,42.0,0,mle,ok,0.0,1.5340780383675818,-0.03647406880432169,0.7823017009175557,0.0025301400000046215,exact_subset_dp,,,
shell,19,36,shell,0.5,alternating,8,3,112,12.0,42.0,0,sharp,ok,3.0,1.6203182816833168,0.0497661745114133,0.6501550097881424,0.0034537479999983134,exact_sieve,0.0,,
shell,19,36,shell,0.5,alternating,8,3,112,12.0,42.0,0,efficient,outside_schedule_domain,,,,,4.841900002361399e-05,unavailable,,,
shell,19,36,shell,0.5,alternating,8,3,112,12.0,42.0,0,borda,ok,2.0,1.5794588133213403,0.008906706149436783,0.7090287388626768,0.0015511250000201926,published_global_clipped_borda,0.0,,
shell,19,37,shell,0.5,alternating,8,3,112,12.0,42.0,0,pl,ok,3.0,1.6128124881150177,0.0,,0.0015155099999901722,hunter_mm,,38.0,1.2775558388966601e-11
shell,19,37,shell,0.5,alternating,8,3,112,12.0,42.0,0,mle,ok,1.0,1.5553077053255588,-0.05750478278945881,0.7948233114465767,0.002666690000012295,exact_subset_dp,,,
shell,19,37,shell,0.5,alternating,8,3,112,12.0,42.0,0,sharp,ok,3.0,1.6111196149402922,-0.00169287317472544,0.7090287388626768,0.003419973999996273,exact_sieve,0.0,,
shell,19,37,shell,0.5,alternating,8,3,112,12.0,42.0,0,efficient,outside_schedule_domain,,,,,4.5645000000149594e-05,unavailable,,,
shell,19,37,shell,0.5,alternating,8,3,112,12.0,42.0,0,borda,ok,3.0,1.5982293468253799,-0.01458314128963778,0.6734845421971655,0.0013767159999815703,published_global_clipped_borda,0.0,,
shell,19,38,shell,0.5,alternating,8,3,112,12.0,42.0,0,pl,ok,4.0,1.6322655866405886,0.0,,0.002054979999996931,hunter_mm,,58.0,3.4868044959271824e-11
shell,19,38,shell,0.5,alternating,8,3,112,12.0,42.0,0,mle,ok,5.0,1.6891183352985284,0.05685274865793977,0.9121196566486348,0.002511337000015601,exact_subset_dp,,,
shell,19,38,shell,0.5,alternating,8,3,112,12.0,42.0,0,sharp,ok,4.0,1.649389614822386,0.01712402818179748,0.7452814445194086,0.003547625999999582,exact_sieve,0.0,,
shell,19,38,shell,0.5,alternating,8,3,112,12.0,42.0,0,efficient,outside_schedule_domain,,,,,4.911499999593616e-05,unavailable,,,
shell,19,38,shell,0.5,alternating,8,3,112,12.0,42.0,0,borda,ok,5.0,1.6891183352985284,0.05685274865793977,0.9121196566486348,0.001382095999986177,published_global_clipped_borda,0.0,,
shell,19,39,shell,0.5,alternating,8,3,112,12.0,42.0,0,pl,ok,2.0,1.6013597019781591,0.0,,0.001995891999996502,hunter_mm,,56.0,1.6610268716021892e-11
shell,19,39,shell,0.5,alternating,8,3,112,12.0,42.0,0,mle,ok,2.0,1.591100853581278,-0.01025884839688107,0.832968122258636,0.002559472000001506,exact_subset_dp,,,
shell,19,39,shell,0.5,alternating,8,3,112,12.0,42.0,0,sharp,ok,8.0,1.757109776103029,0.15575007412486985,0.5483819891258543,0.0034308010000074773,exact_sieve,0.0,,
shell,19,39,shell,0.5,alternating,8,3,112,12.0,42.0,0,efficient,outside_schedule_domain,,,,,5.023099998879843e-05,unavailable,,,
shell,19,39,shell,0.5,alternating,8,3,112,12.0,42.0,0,borda,ok,2.0,1.5847175539527543,-0.016642148025404868,0.7698724759713074,0.0013431490000073154,published_global_clipped_borda,0.0,,
shell,20,0,shell,0.5,alternating,8,3,448,48.0,168.0,0,pl,ok,0.0,1.5619647240283427,0.0,,0.0024815890000127183,hunter_mm,,41.0,1.4916766234916524e-11
shell,20,0,shell,0.5,alternating,8,3,448,48.0,168.0,0,mle,ok,0.0,1.5342900700105795,-0.027674654017763256,0.7698724759713074,0.002592012000008026,exact_subset_dp,,,
shell,20,0,shell,0.5,alternating,8,3,448,48.0,168.0,0,sharp,ok,0.0,1.5342900700105795,-0.027674654017763256,0.7698724759713074,0.010930973000000677,exact_sieve,0.0,,
shell,20,0,shell,0.5,alternating,8,3,448,48.0,168.0,0,efficient,outside_schedule_domain,,,,,8.161900001368849e-05,unavailable,,,
shell,20,0,shell,0.5,alternating,8,3,448,48.0,168.0,0,borda,ok,0.0,1.5342900700105795,-0.027674654017763256,0.7698724759713074,0.001493734999996832,published_global_clipped_borda,0.0,,
shell,20,1,shell,0.5,alternating,8,3,448,48.0,168.0,0,pl,ok,2.0,1.5663997196828707,0.0,,0.002359136999984912,hunter_mm,,38.0,1.8408766574598954e-11
shell,20,1,shell,0.5,alternating,8,3,448,48.0,168.0,0,mle,ok,0.0,1.534360113371134,-0.032039606311736746,0.766779315990074,0.0027749770000013996,exact_subset_dp,,,
shell,20,1,shell,0.5,alternating,8,3,448,48.0,168.0,0,sharp,ok,0.0,1.534360113371134,-0.032039606311736746,0.766779315990074,0.010835119999995868,exact_sieve,0.0,,
shell,20,1,shell,0.5,alternating,8,3,448,48.0,168.0,0,efficient,outside_schedule_domain,,,,,7.875000000012733e-05,unavailable,,,
shell,20,1,shell,0.5,alternating,8,3,448,48.0,168.0,0,borda,ok,2.0,1.5754412058684075,0.009041486185536796,0.7361487023127573,0.0016297669999971731,published_global_clipped_borda,0.0,,
shell,20,2,shell,0.5,alternating,8,3,448,48.0,168.0,0,pl,ok,1.0,1.5702369540903227,0.0,,0.0025184060000071895,hunter_mm,,42.0,1.4384683920200457e-11
shell,20,2,shell,0.5,alternating,8,3,448,48.0,168.0,0,mle,ok,2.0,1.5877917959774277,0.01755484188710499,0.766779315990074,0.002765675999995665,exact_subset_dp,,,
shell,20,2,shell,0.5,alternating,8,3,448,48.0,168.0,0,sharp,ok,0.0,1.5346107410288816,-0.03562621306144109,0.757533184154752,0.010651757999994516,exact_sieve,0.0,,
shell,20,2,shell,0.5,alternating,8,3,448,48.0,168.0,0,efficient,outside_schedule_domain,,,,,8.752899998398789e-05,unavailable,,,
shell,20,2,shell,0.5,alternating,8,3,448,48.0,168.0,0,borda,ok,2.0,1.5877917959774277,0.01755484188710499,0.766779315990074,0.0016134489999899415,published_global_clipped_borda,0.0,,
shell,20,3,shell,0.5,alternating,8,3,448,48.0,168.0,0,pl,ok,1.0,1.562830395458882,0.0,,0.002532118000004857,hunter_mm,,43.0,1.9036264628117092e-11
shell,20,3,shell,0.5,alternating,8,3,448,48.0,168.0,0,mle,ok,0.0,1.5339732040367635,-0.02885719142211851,0.8042766647277028,0.002655213999986472,exact_subset_dp,,,
shell,20,3,shell,0.5,alternating,8,3,448,48.0,168.0,0,sharp,ok,0.0,1.5339732040367635,-0.02885719142211851,0.8042766647277028,0.01111827199997606,exact_sieve,0.0,,
shell,20,3,shell,0.5,alternating,8,3,448,48.0,168.0,0,efficient,outside_schedule_domain,,,,,8.517099999494349e-05,unavailable,,,
shell,20,3,shell,0.5,alternating,8,3,448,48.0,168.0,0,borda,ok,1.0,1.5593060293485776,-0.0035243661103043777,0.7791858305831347,0.0015092689999960385,published_global_clipped_borda,0.0,,
shell,20,4,shell,0.5,alternating,8,3,448,48.0,168.0,0,pl,ok,1.0,1.5715666596083449,0.0,,0.0026905349999992723,hunter_mm,,47.0,1.5163426070330388e-11
shell,20,4,shell,0.5,alternating,8,3,448,48.0,168.0,0,mle,ok,0.0,1.5388520362590699,-0.032714623349274996,0.9189035464278319,0.0027878250000128446,exact_subset_dp,,,
shell,20,4,shell,0.5,alternating,8,3,448,48.0,168.0,0,sharp,ok,0.0,1.5388520362590699,-0.032714623349274996,0.9189035464278319,0.010775847000019212,exact_sieve,0.0,,
shell,20,4,shell,0.5,alternating,8,3,448,48.0,168.0,0,efficient,outside_schedule_domain,,,,,8.070499998780178e-05,unavailable,,,
shell,20,4,shell,0.5,alternating,8,3,448,48.0,168.0,0,borda,ok,1.0,1.5620700428125018,-0.009496616795843016,0.8986426795612205,0.0014325960000007854,published_global_clipped_borda,0.0,,
shell,20,5,shell,0.5,alternating,8,3,448,48.0,168.0,0,pl,ok,0.0,1.5597349442146522,0.0,,0.0023640160000013566,hunter_mm,,38.0,1.4887963877591962e-11
shell,20,5,shell,0.5,alternating,8,3,448,48.0,168.0,0,mle,ok,0.0,1.5354287826892365,-0.024306161525415648,0.7361487023127573,0.002968209999977489,exact_subset_dp,,,
shell,20,5,shell,0.5,alternating,8,3,448,48.0,168.0,0,sharp,ok,1.0,1.5664877449704435,0.006752800755791322,0.6882121065231049,0.011125185999986797,exact_sieve,0.0,,
shell,20,5,shell,0.5,alternating,8,3,448,48.0,168.0,0,efficient,outside_schedule_domain,,,,,7.764599999404709e-05,unavailable,,,
shell,20,5,shell,0.5,alternating,8,3,448,48.0,168.0,0,borda,ok,0.0,1.5354287826892365,-0.024306161525415648,0.7361487023127573,0.0015669050000042262,published_global_clipped_borda,0.0,,
shell,20,6,shell,0.5,alternating,8,3,448,48.0,168.0,0,pl,ok,1.0,1.5652057529673327,0.0,,0.0027364809999994577,hunter_mm,,47.0,2.5499729312221983e-11
shell,20,6,shell,0.5,alternating,8,3,448,48.0,168.0,0,mle,ok,0.0,1.5363059539765422,-0.028899798990790426,0.8819623877046637,0.0026932019999890144,exact_subset_dp,,,
shell,20,6,shell,0.5,alternating,8,3,448,48.0,168.0,0,sharp,ok,0.0,1.5363059539765422,-0.028899798990790426,0.8819623877046637,0.010592637999991439,exact_sieve,0.0,,
shell,20,6,shell,0.5,alternating,8,3,448,48.0,168.0,0,efficient,outside_schedule_domain,,,,,7.385900002532253e-05,unavailable,,,
shell,20,6,shell,0.5,alternating,8,3,448,48.0,168.0,0,borda,ok,1.0,1.5632855878189866,-0.0019201651483460314,0.8621810556555045,0.0015824589999908767,published_global_clipped_borda,0.0,,
shell,20,7,shell,0.5,alternating,8,3,448,48.0,168.0,0,pl,ok,1.0,1.559545523259946,0.0,,0.0024513520000084554,hunter_mm,,40.0,1.3315951516038434e-11
shell,20,7,shell,0.5,alternating,8,3,448,48.0,168.0,0,mle,ok,0.0,1.5351808525407635,-0.02436467071918247,0.8589084084290807,0.002730119999995395,exact_subset_dp,,,
shell,20,7,shell,0.5,alternating,8,3,448,48.0,168.0,0,sharp,ok,1.0,1.555558386369015,-0.003987136890930998,0.8042766647277028,0.011209777000004806,exact_sieve,0.0,,
shell,20,7,shell,0.5,alternating,8,3,448,48.0,168.0,0,efficient,outside_schedule_domain,,,,,8.306199998742159e-05,unavailable,,,
shell,20,7,shell,0.5,alternating,8,3,448,48.0,168.0,0,borda,ok,0.0,1.5351808525407635,-0.02436467071918247,0.8589084084290807,0.0017087089999847649,published_global_clipped_borda,0.0,,
shell,20,8,shell,0.5,alternating,8,3,448,48.0,168.0,0,pl,ok,1.0,1.562539885698063,0.0,,0.0024644819999934953,hunter_mm,,40.0,1.3156967578912112e-11
shell,20,8,shell,0.5,alternating,8,3,448,48.0,168.0,0,mle,ok,0.0,1.534707703872927,-0.027832181825135915,0.7544621327077489,0.0025688679999973374,exact_subset_dp,,,
shell,20,8,shell,0.5,alternating,8,3,448,48.0,168.0,0,sharp,ok,1.0,1.554977322580042,-0.0075625631180209485,0.7513965164149394,0.0105758140000205,exact_sieve,0.0,,
shell,20,8,shell,0.5,alternating,8,3,448,48.0,168.0,0,efficient,outside_schedule_domain,,,,,8.103400000436523e-05,unavailable,,,
shell,20,8,shell,0.5,alternating,8,3,448,48.0,168.0,0,borda,ok,1.0,1.559352386079303,-0.0031874996187599702,0.7331149445745953,0.0014494499999955224,published_global_clipped_borda,0.0,,
shell,20,9,shell,0.5,alternating,8,3,448,48.0,168.0,0,pl,ok,2.0,1.5666640313070084,0.0,,0.002868127999988701,hunter_mm,,49.0,2.5140524582768974e-11
shell,20,9,shell,0.5,alternating,8,3,448,48.0,168.0,0,mle,ok,0.0,1.5345124089638154,-0.03215162234319302,0.839413685151351,0.0027357250000079603,exact_subset_dp,,,
shell,20,9,shell,0.5,alternating,8,3,448,48.0,168.0,0,sharp,ok,0.0,1.5345124089638154,-0.03215162234319302,0.839413685151351,0.010761882999986483,exact_sieve,0.0,,
shell,20,9,shell,0.5,alternating,8,3,448,48.0,168.0,0,efficient,outside_schedule_domain,,,,,7.727199999862933e-05,unavailable,,,
shell,20,9,shell,0.5,alternating,8,3,448,48.0,168.0,0,borda,ok,1.0,1.5563978706390342,-0.010266160667974145,0.8265483022961607,0.001558157000005167,published_global_clipped_borda,0.0,,
shell,20,10,shell,0.5,alternating,8,3,448,48.0,168.0,0,pl,ok,0.0,1.5609914987553126,0.0,,0.0024271890000022722,hunter_mm,,40.0,1.644728797600692e-11
shell,20,10,shell,0.5,alternating,8,3,448,48.0,168.0,0,mle,ok,0.0,1.5355719705512092,-0.025419528204103425,0.7331149445745953,0.002646121999987372,exact_subset_dp,,,
shell,20,10,shell,0.5,alternating,8,3,448,48.0,168.0,0,sharp,ok,1.0,1.5642120611426984,0.0032205623873857725,0.7150201211726228,0.010614322999998649,exact_sieve,0.0,,
shell,20,10,shell,0.5,alternating,8,3,448,48.0,168.0,0,efficient,outside_schedule_domain,,,,,7.417599999826052e-05,unavailable,,,
shell,20,10,shell,0.5,alternating,8,3,448,48.0,168.0,0,borda,ok,0.0,1.5355719705512092,-0.025419528204103425,0.7331149445745953,0.0013936379999961446,published_global_clipped_borda,0.0,,
shell,20,11,shell,0.5,alternating,8,3,448,48.0,168.0,0,pl,ok,0.0,1.5630535467141895,0.0,,0.002716204999984484,hunter_mm,,47.0,2.0960503174397413e-11
shell,20,11,shell,0.5,alternating,8,3,448,48.0,168.0,0,mle,ok,0.0,1.5356169242336135,-0.02743662248057599,0.8687469364953876,0.0027339600000004793,exact_subset_dp,,,
shell,20,11,shell,0.5,alternating,8,3,448,48.0,168.0,0,sharp,ok,0.0,1.5356169242336135,-0.02743662248057599,0.8687469364953876,0.010815463000000136,exact_sieve,0.0,,
shell,20,11,shell,0.5,alternating,8,3,448,48.0,168.0,0,efficient,outside_schedule_domain,,,,,7.333499999617743e-05,unavailable,,,
shell,20,11,shell,0.5,alternating,8,3,448,48.0,168.0,0,borda,ok,0.0,1.5356169242336135,-0.02743662248057599,0.8687469364953876,0.001611079000014115,published_global_clipped_borda,0.0,,
shell,20,12,shell,0.5,alternating,8,3,448,48.0,168.0,0,pl,ok,1.0,1.5661154144309197,0.0,,0.0024362610000139284,hunter_mm,,40.0,2.119174677009791e-11
shell,20,12,shell,0.5,alternating,8,3,448,48.0,168.0,0,mle,ok,0.0,1.53434902919603,-0.03176638523488973,0.832968122258636,0.002577943000005689,exact_subset_dp,,,
shell,20,12,shell,0.5,alternating,8,3,448,48.0,168.0,0,sharp,ok,2.0,1.575946412006863,0.00983099757594319,0.7636917388705126,0.010438479000015377,exact_sieve,0.0,,
shell,20,12,shell,0.5,alternating,8,3,448,48.0,168.0,0,efficient,outside_schedule_domain,,,,,7.343600000808692e-05,unavailable,,,
shell,20,12,shell,0.5,alternating,8,3,448,48.0,168.0,0,borda,ok,1.0,1.5568138557397442,-0.009301558691175549,0.8233479365601499,0.0015590280000026269,published_global_clipped_borda,0.0,,
shell,20,13,shell,0.5,alternating,8,3,448,48.0,168.0,0,pl,ok,0.0,1.5645563174375976,0.0,,0.002334591999982649,hunter_mm,,38.0,1.8150687302360372e-11
shell,20,13,shell,0.5,alternating,8,3,448,48.0,168.0,0,mle,ok,0.0,1.5339681954059723,-0.03058812203162531,0.7979684437893203,0.002719524000013962,exact_subset_dp,,,
shell,20,13,shell,0.5,alternating,8,3,448,48.0,168.0,0,sharp,ok,0.0,1.5339681954059723,-0.03058812203162531,0.7979684437893203,0.010739022999985082,exact_sieve,0.0,,
shell,20,13,shell,0.5,alternating,8,3,448,48.0,168.0,0,efficient,outside_schedule_domain,,,,,7.246799998483766e-05,unavailable,,,
shell,20,13,shell,0.5,alternating,8,3,448,48.0,168.0,0,borda,ok,0.0,1.5339681954059723,-0.03058812203162531,0.7979684437893203,0.0015570789999799217,published_global_clipped_borda,0.0,,
shell,20,14,shell,0.5,alternating,8,3,448,48.0,168.0,0,pl,ok,0.0,1.5594572886645135,0.0,,0.002547350000014603,hunter_mm,,42.0,1.7455433923682253e-11
shell,20,14,shell,0.5,alternating,8,3,448,48.0,168.0,0,mle,ok,0.0,1.5341588467231668,-0.025298441941346672,0.8233479365601499,0.0029579590000139433,exact_subset_dp,,,
shell,20,14,shell,0.5,alternating,8,3,448,48.0,168.0,0,sharp,ok,1.0,1.5554956748327107,-0.003961613831802824,0.7729712564241071,0.010631020000005265,exact_sieve,0.0,,
shell,20,14,shell,0.5,alternating,8,3,448,48.0,168.0,0,efficient,outside_schedule_domain,,,,,8.885899998745117e-05,unavailable,,,
shell,20,14,shell,0.5,alternating,8,3,448,48.0,168.0,0,borda,ok,0.0,1.5341588467231668,-0.025298441941346672,0.8233479365601499,0.0016093769999940832,published_global_clipped_borda,0.0,,
shell,20,15,shell,0.5,alternating,8,3,448,48.0,168.0,0,pl,ok,0.0,1.564696437316638,0.0,,0.0028093669999975646,hunter_mm,,49.0,1.8970222218480817e-11
shell,20,15,shell,0.5,alternating,8,3,448,48.0,168.0,0,mle,ok,0.0,1.542028172076602,-0.022668265240036067,0.9532945643782407,0.0027610639999977593,exact_subset_dp,,,
shell,20,15,shell,0.5,alternating,8,3,448,48.0,168.0,0,sharp,ok,0.0,1.542028172076602,-0.022668265240036067,0.9532945643782407,0.010728095999979814,exact_sieve,0.0,,
shell,20,15,shell,0.5,alternating,8,3,448,48.0,168.0,0,efficient,outside_schedule_domain,,,,,8.047000000033222e-05,unavailable,,,
shell,20,15,shell,0.5,alternating,8,3,448,48.0,168.0,0,borda,ok,0.0,1.542028172076602,-0.022668265240036067,0.9532945643782407,0.0015863459999820861,published_global_clipped_borda,0.0,,
shell,20,16,shell,0.5,alternating,8,3,448,48.0,168.0,0,pl,ok,1.0,1.5606662738471395,0.0,,0.0025704180000047927,hunter_mm,,43.0,1.851959855311439e-11
shell,20,16,shell,0.5,alternating,8,3,448,48.0,168.0,0,mle,ok,0.0,1.5341207757033315,-0.026545498143808022,0.7791858305831347,0.0026170000000149685,exact_subset_dp,,,
shell,20,16,shell,0.5,alternating,8,3,448,48.0,168.0,0,sharp,ok,1.0,1.5653963871063874,0.004730113259247881,0.7331149445745953,0.010664039999994657,exact_sieve,0.0,,
shell,20,16,shell,0.5,alternating,8,3,448,48.0,168.0,0,efficient,outside_schedule_domain,,,,,7.11799999919549e-05,unavailable,,,
shell,20,16,shell,0.5,alternating,8,3,448,48.0,168.0,0,borda,ok,1.0,1.5549519125023652,-0.005714361344774321,0.7698724759713074,0.0014210800000000745,published_global_clipped_borda,0.0,,
shell,20,17,shell,0.5,alternating,8,3,448,48.0,168.0,0,pl,ok,0.0,1.5600049821115354,0.0,,0.0026053740000122616,hunter_mm,,44.0,1.2800237060771126e-11
shell,20,17,shell,0.5,alternating,8,3,448,48.0,168.0,0,mle,ok,0.0,1.5339762321498367,-0.026028749961698683,0.7948233114465767,0.003187362000005578,exact_subset_dp,,,
shell,20,17,shell,0.5,alternating,8,3,448,48.0,168.0,0,sharp,ok,0.0,1.5339762321498367,-0.026028749961698683,0.7948233114465767,0.010945362999990493,exact_sieve,0.0,,
shell,20,17,shell,0.5,alternating,8,3,448,48.0,168.0,0,efficient,outside_schedule_domain,,,,,7.52210000030118e-05,unavailable,,,
shell,20,17,shell,0.5,alternating,8,3,448,48.0,168.0,0,borda,ok,0.0,1.5339762321498367,-0.026028749961698683,0.7948233114465767,0.0016570059999878595,published_global_clipped_borda,0.0,,
shell,20,18,shell,0.5,alternating,8,3,448,48.0,168.0,0,pl,ok,1.0,1.56502207841139,0.0,,0.002762305000004517,hunter_mm,,47.0,2.1992312732826188e-11
shell,20,18,shell,0.5,alternating,8,3,448,48.0,168.0,0,mle,ok,0.0,1.5340683080359006,-0.03095377037548941,0.81696607787102,0.0027124020000144355,exact_subset_dp,,,
shell,20,18,shell,0.5,alternating,8,3,448,48.0,168.0,0,sharp,ok,1.0,1.5551763869368462,-0.009845691474543727,0.7885508018261497,0.01044733699998801,exact_sieve,0.0,,
shell,20,18,shell,0.5,alternating,8,3,448,48.0,168.0,0,efficient,outside_schedule_domain,,,,,7.099500001572778e-05,unavailable,,,
shell,20,18,shell,0.5,alternating,8,3,448,48.0,168.0,0,borda,ok,0.0,1.5340683080359006,-0.03095377037548941,0.81696607787102,0.0015881079999928716,published_global_clipped_borda,0.0,,
shell,20,19,shell,0.5,alternating,8,3,448,48.0,168.0,0,pl,ok,1.0,1.5628436498439418,0.0,,0.002269133999988071,hunter_mm,,36.0,1.0451544391847684e-11
shell,20,19,shell,0.5,alternating,8,3,448,48.0,168.0,0,mle,ok,0.0,1.5363852166926963,-0.02645843315124541,0.7180232709244534,0.0027532450000080644,exact_subset_dp,,,
shell,20,19,shell,0.5,alternating,8,3,448,48.0,168.0,0,sharp,ok,2.0,1.5791413623794315,0.016297712535489728,0.6911715770665259,0.01106711799999971,exact_sieve,0.0,,
shell,20,19,shell,0.5,alternating,8,3,448,48.0,168.0,0,efficient,outside_schedule_domain,,,,,6.857100001411709e-05,unavailable,,,
shell,20,19,shell,0.5,alternating,8,3,448,48.0,168.0,0,borda,ok,0.0,1.5363852166926963,-0.02645843315124541,0.7180232709244534,0.001547749999986081,published_global_clipped_borda,0.0,,
shell,20,20,shell,0.5,alternating,8,3,448,48.0,168.0,0,pl,ok,1.0,1.5716044191187313,0.0,,0.00226912799999468,hunter_mm,,35.0,1.3403119883800433e-11
shell,20,20,shell,0.5,alternating,8,3,448,48.0,168.0,0,mle,ok,0.0,1.5340780383675818,-0.037526380751149446,0.7823017009175557,0.00257862500001238,exact_subset_dp,,,
shell,20,20,shell,0.5,alternating,8,3,448,48.0,168.0,0,sharp,ok,1.0,1.5555126304916826,-0.01609178862704863,0.7483362990178007,0.010493130000014617,exact_sieve,0.0,,
shell,20,20,shell,0.5,alternating,8,3,448,48.0,168.0,0,efficient,outside_schedule_domain,,,,,7.127200001377787e-05,unavailable,,,
shell,20,20,shell,0.5,alternating,8,3,448,48.0,168.0,0,borda,ok,1.0,1.5592381870914116,-0.012366232027319679,0.7422319171816304,0.0014006090000009408,published_global_clipped_borda,0.0,,
shell,20,21,shell,0.5,alternating,8,3,448,48.0,168.0,0,pl,ok,0.0,1.561589041407939,0.0,,0.0024945339999931093,hunter_mm,,40.0,1.6867142603262307e-11
shell,20,21,shell,0.5,alternating,8,3,448,48.0,168.0,0,mle,ok,0.0,1.534214961953606,-0.0273740794543329,0.8265483022961607,0.0027305360000013934,exact_subset_dp,,,
shell,20,21,shell,0.5,alternating,8,3,448,48.0,168.0,0,sharp,ok,0.0,1.534214961953606,-0.0273740794543329,0.8265483022961607,0.010740242000025546,exact_sieve,0.0,,
shell,20,21,shell,0.5,alternating,8,3,448,48.0,168.0,0,efficient,outside_schedule_domain,,,,,7.563699998058837e-05,unavailable,,,
shell,20,21,shell,0.5,alternating,8,3,448,48.0,168.0,0,borda,ok,0.0,1.534214961953606,-0.0273740794543329,0.8265483022961607,0.001617148999997653,published_global_clipped_borda,0.0,,
shell,20,22,shell,0.5,alternating,8,3,448,48.0,168.0,0,pl,ok,0.0,1.5611169254215573,0.0,,0.0026773429999877862,hunter_mm,,46.0,2.091292218762776e-11
shell,20,22,shell,0.5,alternating,8,3,448,48.0,168.0,0,mle,ok,0.0,1.5354639367041938,-0.025652988717363545,0.8654605491756215,0.002580604999991465,exact_subset_dp,,,
shell,20,22,shell,0.5,alternating,8,3,448,48.0,168.0,0,sharp,ok,1.0,1.5574072180685499,-0.003709707353007463,0.8458853458049513,0.010906511999991153,exact_sieve,0.0,,
shell,20,22,shell,0.5,alternating,8,3,448,48.0,168.0,0,efficient,outside_schedule_domain,,,,,7.914400001141075e-05,unavailable,,,
shell,20,22,shell,0.5,alternating,8,3,448,48.0,168.0,0,borda,ok,0.0,1.5354639367041938,-0.025652988717363545,0.8654605491756215,0.00145449400000075,published_global_clipped_borda,0.0,,
shell,20,23,shell,0.5,alternating,8,3,448,48.0,168.0,0,pl,ok,2.0,1.571653960214622,0.0,,0.002615856999995003,hunter_mm,,42.0,1.9936814104377324e-11
shell,20,23,shell,0.5,alternating,8,3,448,48.0,168.0,0,mle,ok,0.0,1.5339732040367635,-0.03768075617785849,0.8042766647277028,0.0027551049999772204,exact_subset_dp,,,
shell,20,23,shell,0.5,alternating,8,3,448,48.0,168.0,0,sharp,ok,1.0,1.5635800311515424,-0.008073929063079577,0.7948233114465767,0.010898905000004788,exact_sieve,0.0,,
shell,20,23,shell,0.5,alternating,8,3,448,48.0,168.0,0,efficient,outside_schedule_domain,,,,,8.185699999785356e-05,unavailable,,,
shell,20,23,shell,0.5,alternating,8,3,448,48.0,168.0,0,borda,ok,2.0,1.5875222368277724,0.01586827661315038,0.7606097072789118,0.0016078870000058032,published_global_clipped_borda,0.0,,
shell,20,24,shell,0.5,alternating,8,3,448,48.0,168.0,0,pl,ok,1.0,1.5679263311005118,0.0,,0.0024871729999915715,hunter_mm,,41.0,1.1893089687678833e-11
shell,20,24,shell,0.5,alternating,8,3,448,48.0,168.0,0,mle,ok,0.0,1.5345204726707447,-0.03340585842976718,0.7606097072789118,0.002749695999995083,exact_subset_dp,,,
shell,20,24,shell,0.5,alternating,8,3,448,48.0,168.0,0,sharp,ok,1.0,1.555185546325355,-0.012740784775156833,0.7361487023127573,0.01090413100001797,exact_sieve,0.0,,
shell,20,24,shell,0.5,alternating,8,3,448,48.0,168.0,0,efficient,outside_schedule_domain,,,,,8.223799997608694e-05,unavailable,,,
shell,20,24,shell,0.5,alternating,8,3,448,48.0,168.0,0,borda,ok,1.0,1.5555126304916826,-0.012413700608829181,0.7483362990178007,0.0015806410000038795,published_global_clipped_borda,0.0,,
shell,20,25,shell,0.5,alternating,8,3,448,48.0,168.0,0,pl,ok,0.0,1.5573773926617571,0.0,,0.002535771999987446,hunter_mm,,42.0,1.4282353077987864e-11
shell,20,25,shell,0.5,alternating,8,3,448,48.0,168.0,0,mle,ok,0.0,1.5345124089638154,-0.022864983697941765,0.839413685151351,0.0027789450000170746,exact_subset_dp,,,
shell,20,25,shell,0.5,alternating,8,3,448,48.0,168.0,0,sharp,ok,1.0,1.560713712462229,0.0033363198004718875,0.8201538760195531,0.010955429000006234,exact_sieve,0.0,,
shell,20,25,shell,0.5,alternating,8,3,448,48.0,168.0,0,efficient,outside_schedule_domain,,,,,7.89529999849492e-05,unavailable,,,
shell,20,25,shell,0.5,alternating,8,3,448,48.0,168.0,0,borda,ok,0.0,1.5345124089638154,-0.022864983697941765,0.839413685151351,0.0015387499999803822,published_global_clipped_borda,0.0,,
shell,20,26,shell,0.5,alternating,8,3,448,48.0,168.0,0,pl,ok,0.0,1.5610706422309484,0.0,,0.002238010000013446,hunter_mm,,34.0,1.689638904979672e-11
shell,20,26,shell,0.5,alternating,8,3,448,48.0,168.0,0,mle,ok,0.0,1.5344369222283403,-0.026633720002608108,0.7636917388705126,0.002579051999987314,exact_subset_dp,,,
shell,20,26,shell,0.5,alternating,8,3,448,48.0,168.0,0,sharp,ok,3.0,1.6117455778608072,0.05067493562985881,0.6764208525822514,0.010759629999995468,exact_sieve,0.0,,
shell,20,26,shell,0.5,alternating,8,3,448,48.0,168.0,0,efficient,outside_schedule_domain,,,,,8.1622000010384e-05,unavailable,,,
shell,20,26,shell,0.5,alternating,8,3,448,48.0,168.0,0,borda,ok,0.0,1.5344369222283403,-0.026633720002608108,0.7636917388705126,0.0014451140000062423,published_global_clipped_borda,0.0,,
shell,20,27,shell,0.5,alternating,8,3,448,48.0,168.0,0,pl,ok,0.0,1.5597818029974162,0.0,,0.0025279879999970944,hunter_mm,,42.0,1.5343345641635355e-11
shell,20,27,shell,0.5,alternating,8,3,448,48.0,168.0,0,mle,ok,0.0,1.5348129668854622,-0.024968836111953996,0.8491310752359388,0.0027721740000004047,exact_subset_dp,,,
shell,20,27,shell,0.5,alternating,8,3,448,48.0,168.0,0,sharp,ok,1.0,1.564324231941606,0.004542428944189769,0.7823017009175557,0.010683573999983764,exact_sieve,0.0,,
shell,20,27,shell,0.5,alternating,8,3,448,48.0,168.0,0,efficient,outside_schedule_domain,,,,,7.76139999913994e-05,unavailable,,,
shell,20,27,shell,0.5,alternating,8,3,448,48.0,168.0,0,borda,ok,0.0,1.5348129668854622,-0.024968836111953996,0.8491310752359388,0.0015455070000029991,published_global_clipped_borda,0.0,,
shell,20,28,shell,0.5,alternating,8,3,448,48.0,168.0,0,pl,ok,0.0,1.5685996072338602,0.0,,0.00280380399999558,hunter_mm,,49.0,2.3282074680862154e-11
shell,20,28,shell,0.5,alternating,8,3,448,48.0,168.0,0,mle,ok,0.0,1.5363059539765422,-0.03229365325731792,0.8819623877046637,0.002744626999998445,exact_subset_dp,,,
shell,20,28,shell,0.5,alternating,8,3,448,48.0,168.0,0,sharp,ok,0.0,1.5363059539765422,-0.03229365325731792,0.8819623877046637,0.010558763999995335,exact_sieve,0.0,,
shell,20,28,shell,0.5,alternating,8,3,448,48.0,168.0,0,efficient,outside_schedule_domain,,,,,7.419700000355078e-05,unavailable,,,
shell,20,28,shell,0.5,alternating,8,3,448,48.0,168.0,0,borda,ok,0.0,1.5363059539765422,-0.03229365325731792,0.8819623877046637,0.001588564999991604,published_global_clipped_borda,0.0,,
shell,20,29,shell,0.5,alternating,8,3,448,48.0,168.0,0,pl,ok,0.0,1.5645309530506988,0.0,,0.002568340000010494,hunter_mm,,41.0,1.3158172963910276e-11
shell,20,29,shell,0.5,alternating,8,3,448,48.0,168.0,0,mle,ok,0.0,1.5340338274539824,-0.030497125596716357,0.8137844996447892,0.002634846000006519,exact_subset_dp,,,
shell,20,29,shell,0.5,alternating,8,3,448,48.0,168.0,0,sharp,ok,0.0,1.5340338274539824,-0.030497125596716357,0.8137844996447892,0.010847143999995978,exact_sieve,0.0,,
shell,20,29,shell,0.5,alternating,8,3,448,48.0,168.0,0,efficient,outside_schedule_domain,,,,,7.876300000475567e-05,unavailable,,,
shell,20,29,shell,0.5,alternating,8,3,448,48.0,168.0,0,borda,ok,0.0,1.5340338274539824,-0.030497125596716357,0.8137844996447892,0.0014447220000022298,published_global_clipped_borda,0.0,,
shell,20,30,shell,0.5,alternating,8,3,448,48.0,168.0,0,pl,ok,1.0,1.576090136866211,0.0,,0.0026772519999838096,hunter_mm,,46.0,1.9496087284258986e-11
shell,20,30,shell,0.5,alternating,8,3,448,48.0,168.0,0,mle,ok,0.0,1.534705341684307,-0.041384795181903966,0.8458853458049513,0.00274355800002013,exact_subset_dp,,,
shell,20,30,shell,0.5,alternating,8,3,448,48.0,168.0,0,sharp,ok,1.0,1.557109650758384,-0.0189804861078271,0.8297550163683275,0.010687342000011313,exact_sieve,0.0,,
shell,20,30,shell,0.5,alternating,8,3,448,48.0,168.0,0,efficient,outside_schedule_domain,,,,,7.36380000034842e-05,unavailable,,,
shell,20,30,shell,0.5,alternating,8,3,448,48.0,168.0,0,borda,ok,1.0,1.557109650758384,-0.0189804861078271,0.8297550163683275,0.001464386000009199,published_global_clipped_borda,0.0,,
shell,20,31,shell,0.5,alternating,8,3,448,48.0,168.0,0,pl,ok,2.0,1.5667536189468776,0.0,,0.0025011749999919175,hunter_mm,,41.0,2.2088299443469493e-11
shell,20,31,shell,0.5,alternating,8,3,448,48.0,168.0,0,mle,ok,0.0,1.5342268163024946,-0.03252680264438301,0.7729712564241071,0.0026691850000020167,exact_subset_dp,,,
shell,20,31,shell,0.5,alternating,8,3,448,48.0,168.0,0,sharp,ok,1.0,1.5554504481773823,-0.011303170769495274,0.7636917388705126,0.011021764999981087,exact_sieve,0.0,,
shell,20,31,shell,0.5,alternating,8,3,448,48.0,168.0,0,efficient,outside_schedule_domain,,,,,7.34289999968496e-05,unavailable,,,
shell,20,31,shell,0.5,alternating,8,3,448,48.0,168.0,0,borda,ok,2.0,1.5754124551819604,0.00865883623508279,0.7180232709244534,0.0016162099999803559,published_global_clipped_borda,0.0,,
shell,20,32,shell,0.5,alternating,8,3,448,48.0,168.0,0,pl,ok,0.0,1.5627321964937306,0.0,,0.002441262000019151,hunter_mm,,39.0,1.5987592202496412e-11
shell,20,32,shell,0.5,alternating,8,3,448,48.0,168.0,0,mle,ok,0.0,1.5355719705512092,-0.027160225942521432,0.7331149445745953,0.0025104830000088896,exact_subset_dp,,,
shell,20,32,shell,0.5,alternating,8,3,448,48.0,168.0,0,sharp,ok,0.0,1.5355719705512092,-0.027160225942521432,0.7331149445745953,0.01113149900001531,exact_sieve,0.0,,
shell,20,32,shell,0.5,alternating,8,3,448,48.0,168.0,0,efficient,outside_schedule_domain,,,,,7.394700000418197e-05,unavailable,,,
shell,20,32,shell,0.5,alternating,8,3,448,48.0,168.0,0,borda,ok,1.0,1.560591695121708,-0.0021405013720225963,0.6911715770665259,0.001577862999994295,published_global_clipped_borda,0.0,,
shell,20,33,shell,0.5,alternating,8,3,448,48.0,168.0,0,pl,ok,2.0,1.5693765479697261,0.0,,0.0023512679999839747,hunter_mm,,38.0,1.1586414367619519e-11
shell,20,33,shell,0.5,alternating,8,3,448,48.0,168.0,0,mle,ok,1.0,1.5597698826698547,-0.00960666529987142,0.7120219548409804,0.002769519999986869,exact_subset_dp,,,
shell,20,33,shell,0.5,alternating,8,3,448,48.0,168.0,0,sharp,ok,3.0,1.610521458629798,0.041144910660071865,0.6647027331115386,0.010821105999980318,exact_sieve,0.0,,
shell,20,33,shell,0.5,alternating,8,3,448,48.0,168.0,0,efficient,outside_schedule_domain,,,,,7.404400000154965e-05,unavailable,,,
shell,20,33,shell,0.5,alternating,8,3,448,48.0,168.0,0,borda,ok,1.0,1.5597698826698547,-0.00960666529987142,0.7120219548409804,0.001591131999987283,published_global_clipped_borda,0.0,,
shell,20,34,shell,0.5,alternating,8,3,448,48.0,168.0,0,pl,ok,0.0,1.5661782381655325,0.0,,0.0027094989999909558,hunter_mm,,46.0,2.228059007133457e-11
shell,20,34,shell,0.5,alternating,8,3,448,48.0,168.0,0,mle,ok,0.0,1.5341703766494736,-0.03200786151605883,0.776075695237584,0.0026239270000019133,exact_subset_dp,,,
shell,20,34,shell,0.5,alternating,8,3,448,48.0,168.0,0,sharp,ok,0.0,1.5341703766494736,-0.03200786151605883,0.776075695237584,0.010887384999989536,exact_sieve,0.0,,
shell,20,34,shell,0.5,alternating,8,3,448,48.0,168.0,0,efficient,outside_schedule_domain,,,,,7.239300001060656e-05,unavailable,,,
shell,20,34,shell,0.5,alternating,8,3,448,48.0,168.0,0,borda,ok,0.0,1.5341703766494736,-0.03200786151605883,0.776075695237584,0.0014012659999877997,published_global_clipped_borda,0.0,,
shell,20,35,shell,0.5,alternating,8,3,448,48.0,168.0,0,pl,ok,0.0,1.560347941353389,0.0,,0.0027011560000005375,hunter_mm,,46.0,2.0825563495918686e-11
shell,20,35,shell,0.5,alternating,8,3,448,48.0,168.0,0,mle,ok,0.0,1.5339762321498367,-0.02637170920355225,0.7948233114465767,0.00275006000001099,exact_subset_dp,,,
shell,20,35,shell,0.5,alternating,8,3,448,48.0,168.0,0,sharp,ok,0.0,1.5339762321498367,-0.02637170920355225,0.7948233114465767,0.011083068999994339,exact_sieve,0.0,,
shell,20,35,shell,0.5,alternating,8,3,448,48.0,168.0,0,efficient,outside_schedule_domain,,,,,8.110699999974713e-05,unavailable,,,
shell,20,35,shell,0.5,alternating,8,3,448,48.0,168.0,0,borda,ok,0.0,1.5339762321498367,-0.02637170920355225,0.7948233114465767,0.0015536470000085956,published_global_clipped_borda,0.0,,
shell,20,36,shell,0.5,alternating,8,3,448,48.0,168.0,0,pl,ok,0.0,1.5638966472221179,0.0,,0.0025390200000003915,hunter_mm,,42.0,1.7308884484431732e-11
shell,20,36,shell,0.5,alternating,8,3,448,48.0,168.0,0,mle,ok,0.0,1.5340780383675818,-0.02981860885453602,0.7823017009175557,0.002598370999976396,exact_subset_dp,,,
shell,20,36,shell,0.5,alternating,8,3,448,48.0,168.0,0,sharp,ok,1.0,1.562823739456856,-0.0010729077652618102,0.7391876815223555,0.011707200000017792,exact_sieve,0.0,,
shell,20,36,shell,0.5,alternating,8,3,448,48.0,168.0,0,efficient,outside_schedule_domain,,,,,8.516500000155247e-05,unavailable,,,
shell,20,36,shell,0.5,alternating,8,3,448,48.0,168.0,0,borda,ok,1.0,1.55921359493049,-0.004683052291627909,0.7452814445194086,0.0016111749999936364,published_global_clipped_borda,0.0,,
shell,20,37,shell,0.5,alternating,8,3,448,48.0,168.0,0,pl,ok,0.0,1.558362302486819,0.0,,0.002741289999988794,hunter_mm,,46.0,1.6626763458102036e-11
shell,20,37,shell,0.5,alternating,8,3,448,48.0,168.0,0,mle,ok,0.0,1.533991260886277,-0.024371041600542043,0.791684110769496,0.002746916999996074,exact_subset_dp,,,
shell,20,37,shell,0.5,alternating,8,3,448,48.0,168.0,0,sharp,ok,2.0,1.5962482695659403,0.037885967079121396,0.7331149445745953,0.010936438000015869,exact_sieve,0.0,,
shell,20,37,shell,0.5,alternating,8,3,448,48.0,168.0,0,efficient,outside_schedule_domain,,,,,8.741299998860086e-05,unavailable,,,
shell,20,37,shell,0.5,alternating,8,3,448,48.0,168.0,0,borda,ok,0.0,1.533991260886277,-0.024371041600542043,0.791684110769496,0.0015414399999826855,published_global_clipped_borda,0.0,,
shell,20,38,shell,0.5,alternating,8,3,448,48.0,168.0,0,pl,ok,0.0,1.5625402162777893,0.0,,0.0027919900000199505,hunter_mm,,47.0,1.8254477294833903e-11
shell,20,38,shell,0.5,alternating,8,3,448,48.0,168.0,0,mle,ok,0.0,1.5359459557545807,-0.026594260523208568,0.8753405845218964,0.0026045509999903516,exact_subset_dp,,,
shell,20,38,shell,0.5,alternating,8,3,448,48.0,168.0,0,sharp,ok,0.0,1.5359459557545807,-0.026594260523208568,0.8753405845218964,0.010746818999990637,exact_sieve,0.0,,
shell,20,38,shell,0.5,alternating,8,3,448,48.0,168.0,0,efficient,outside_schedule_domain,,,,,7.805499998880805e-05,unavailable,,,
shell,20,38,shell,0.5,alternating,8,3,448,48.0,168.0,0,borda,ok,0.0,1.5359459557545807,-0.026594260523208568,0.8753405845218964,0.0014423270000065713,published_global_clipped_borda,0.0,,
shell,20,39,shell,0.5,alternating,8,3,448,48.0,168.0,0,pl,ok,1.0,1.5628151138814406,0.0,,0.002437406000012743,hunter_mm,,40.0,1.5338904749536855e-11
shell,20,39,shell,0.5,alternating,8,3,448,48.0,168.0,0,mle,ok,0.0,1.5341703766494736,-0.02864473723196692,0.776075695237584,0.002602446999986796,exact_subset_dp,,,
shell,20,39,shell,0.5,alternating,8,3,448,48.0,168.0,0,sharp,ok,1.0,1.565554056279026,0.002738942397585431,0.766779315990074,0.010988959000002296,exact_sieve,0.0,,
shell,20,39,shell,0.5,alternating,8,3,448,48.0,168.0,0,efficient,outside_schedule_domain,,,,,7.757699998478529e-05,unavailable,,,
shell,20,39,shell,0.5,alternating,8,3,448,48.0,168.0,0,borda,ok,0.0,1.5341703766494736,-0.02864473723196692,0.776075695237584,0.001407340000014301,published_global_clipped_borda,0.0,,
shell,21,0,shell,1.0,alternating,8,3,28,3.0,10.5,0,pl,ok,5.0,1.6149711253528567,0.0,,0.0016393100000016148,hunter_mm,,46.0,1.2328646040568207e-11
shell,21,0,shell,1.0,alternating,8,3,28,3.0,10.5,0,mle,ok,6.0,1.7136092888804615,0.0986381635276048,0.757533184154752,0.002621618000006265,exact_subset_dp,,,
shell,21,0,shell,1.0,alternating,8,3,28,3.0,10.5,0,sharp,ok,10.0,1.7488344964253788,0.1338633710725221,0.23562881521737206,0.002009525999994821,exact_sieve,0.0,,
shell,21,0,shell,1.0,alternating,8,3,28,3.0,10.5,0,efficient,outside_schedule_domain,,,,,3.73090000209686e-05,unavailable,,,
shell,21,0,shell,1.0,alternating,8,3,28,3.0,10.5,0,borda,ok,4.0,1.6408808144278617,0.025909689075005016,0.6617844044760891,0.0013357640000037918,published_global_clipped_borda,0.0,,
shell,21,1,shell,1.0,alternating,8,3,28,3.0,10.5,0,pl,ok,5.0,1.6833448549883627,0.0,,0.0019890169999996488,hunter_mm,,68.0,3.596412057049747e-11
shell,21,1,shell,1.0,alternating,8,3,28,3.0,10.5,0,mle,ok,6.0,1.7629394973062171,0.0795946423178544,1.0246248379567524,0.0029598360000022694,exact_subset_dp,,,
shell,21,1,shell,1.0,alternating,8,3,28,3.0,10.5,0,sharp,ok,6.0,1.661126606606918,-0.022218248381444816,0.6617844044760891,0.001927369999975781,exact_sieve,0.0,,
shell,21,1,shell,1.0,alternating,8,3,28,3.0,10.5,0,efficient,outside_schedule_domain,,,,,3.592799998841656e-05,unavailable,,,
shell,21,1,shell,1.0,alternating,8,3,28,3.0,10.5,0,borda,ok,8.0,1.7575767981258825,0.0742319431375198,0.757533184154752,0.0014111990000174046,published_global_clipped_borda,0.0,,
shell,21,2,shell,1.0,alternating,8,3,28,3.0,10.5,0,pl,ok,4.0,1.6568655484773882,0.0,,0.0022340310000004138,hunter_mm,,76.0,2.4116137658276263e-11
shell,21,2,shell,1.0,alternating,8,3,28,3.0,10.5,0,mle,ok,3.0,1.751200750195069,0.09433520171768084,1.355592246167523,0.003011131999983263,exact_subset_dp,,,
shell,21,2,shell,1.0,alternating,8,3,28,3.0,10.5,0,sharp,ok,8.0,1.83027847230544,0.17341292382805173,0.8074398347256734,0.0020761430000106884,exact_sieve,0.0,,
shell,21,2,shell,1.0,alternating,8,3,28,3.0,10.5,0,efficient,outside_schedule_domain,,,,,3.3708000017895756e-05,unavailable,,,
shell,21,2,shell,1.0,alternating,8,3,28,3.0,10.5,0,borda,ok,3.0,1.7253156485190293,0.0684501000416411,1.2127529326707367,0.0019081679999999324,published_global_clipped_borda,0.0,,
shell,21,3,shell,1.0,alternating,8,3,28,3.0,10.5,0,pl,ok,3.0,1.8388690278572355,0.0,,0.002554188999994267,hunter_mm,,93.0,2.3546434643354328e-11
shell,21,3,shell,1.0,alternating,8,3,28,3.0,10.5,0,mle,ok,3.0,1.8704398170064296,0.03157078914919409,1.4338950196876177,0.00296468199999822,exact_subset_dp,,,
shell,21,3,shell,1.0,alternating,8,3,28,3.0,10.5,0,sharp,ok,6.0,1.7841837129218883,-0.05468531493534723,1.0246248379567524,0.002402108000012504,exact_sieve,0.0,,
shell,21,3,shell,1.0,alternating,8,3,28,3.0,10.5,0,efficient,outside_schedule_domain,,,,,5.0429000026497306e-05,unavailable,,,
shell,21,3,shell,1.0,alternating,8,3,28,3.0,10.5,0,borda,ok,2.0,1.7829598685830033,-0.055909159274232234,1.4338950196876177,0.0017439850000187107,published_global_clipped_borda,0.0,,
shell,21,4,shell,1.0,alternating,8,3,28,3.0,10.5,0,pl,ok,3.0,1.5988730570164658,0.0,,0.0015631679999899006,hunter_mm,,46.0,1.3305991229474655e-11
shell,21,4,shell,1.0,alternating,8,3,28,3.0,10.5,0,mle,ok,3.0,1.6261337853169975,0.027260728300531722,0.8589084084290807,0.002794821000009051,exact_subset_dp,,,
shell,21,4,shell,1.0,alternating,8,3,28,3.0,10.5,0,sharp,ok,11.0,1.8225194193379592,0.22364636232149349,0.48304091257642995,0.0020860090000098808,exact_sieve,0.0,,
shell,21,4,shell,1.0,alternating,8,3,28,3.0,10.5,0,efficient,outside_schedule_domain,,,,,4.082699999230499e-05,unavailable,,,
shell,21,4,shell,1.0,alternating,8,3,28,3.0,10.5,0,borda,ok,4.0,1.631491244536728,0.03261818752026224,0.757533184154752,0.001341158999991876,published_global_clipped_borda,0.0,,
shell,21,5,shell,1.0,alternating,8,3,28,3.0,10.5,0,pl,ok,8.0,1.7034701181187155,0.0,,0.001886116000008542,hunter_mm,,63.0,2.052190163835478e-11
shell,21,5,shell,1.0,alternating,8,3,28,3.0,10.5,0,mle,ok,5.0,1.7160062419755235,0.012536123856808024,0.9672795990261153,0.0025313410000080694,exact_subset_dp,,,
shell,21,5,shell,1.0,alternating,8,3,28,3.0,10.5,0,sharp,ok,6.0,1.6739498443579595,-0.029520273760756055,0.5264006135801002,0.0020683989999952246,exact_sieve,0.0,,
shell,21,5,shell,1.0,alternating,8,3,28,3.0,10.5,0,efficient,outside_schedule_domain,,,,,3.7083000023585555e-05,unavailable,,,
shell,21,5,shell,1.0,alternating,8,3,28,3.0,10.5,0,borda,ok,7.0,1.7379861617609937,0.03451604364227823,0.7090287388626768,0.001521612999994204,published_global_clipped_borda,0.0,,
shell,21,6,shell,1.0,alternating,8,3,28,3.0,10.5,0,pl,ok,4.0,1.83433554979341,0.0,,0.002056796000005079,hunter_mm,,72.0,1.7334895423865807e-11
shell,21,6,shell,1.0,alternating,8,3,28,3.0,10.5,0,mle,ok,7.0,1.9163909576316023,0.08205540783819232,1.1470129282507922,0.0029639709999855768,exact_subset_dp,,,
shell,21,6,shell,1.0,alternating,8,3,28,3.0,10.5,0,sharp,ok,6.0,1.745759532041238,-0.08857601775217194,0.8589084084290807,0.0020542400000067573,exact_sieve,0.0,,
shell,21,6,shell,1.0,alternating,8,3,28,3.0,10.5,0,efficient,outside_schedule_domain,,,,,3.6674999989827484e-05,unavailable,,,
shell,21,6,shell,1.0,alternating,8,3,28,3.0,10.5,0,borda,ok,3.0,1.615921312039785,-0.2184142377536249,0.9672795990261153,0.0013752700000111417,published_global_clipped_borda,0.0,,
shell,21,7,shell,1.0,alternating,8,3,28,3.0,10.5,0,pl,no_unique_finite_mle,,,,,0.00028683900001169604,hunter_mm,,,
shell,21,7,shell,1.0,alternating,8,3,28,3.0,10.5,0,mle,ok,3.0,1.6906855044600815,,1.0844293045104068,0.003118460999985473,exact_subset_dp,,,
shell,21,7,shell,1.0,alternating,8,3,28,3.0,10.5,0,sharp,ok,9.0,1.7795788040142437,,0.44041348850630796,0.002103543000004038,exact_sieve,0.0,,
shell,21,7,shell,1.0,alternating,8,3,28,3.0,10.5,0,efficient,outside_schedule_domain,,,,,3.9612999984228736e-05,unavailable,,,
shell,21,7,shell,1.0,alternating,8,3,28,3.0,10.5,0,borda,ok,3.0,1.6906855044600815,,1.0844293045104068,0.0019384789999890017,published_global_clipped_borda,0.0,,
shell,21,8,shell,1.0,alternating,8,3,28,3.0,10.5,0,pl,ok,4.0,1.6860484924149746,0.0,,0.0020761580000225877,hunter_mm,,73.0,3.841155964729686e-11
shell,21,8,shell,1.0,alternating,8,3,28,3.0,10.5,0,mle,ok,5.0,1.7805562431001198,0.09450775068514528,1.1470129282507922,0.0029335590000130196,exact_subset_dp,,,
shell,21,8,shell,1.0,alternating,8,3,28,3.0,10.5,0,sharp,ok,10.0,1.878885474176493,0.19283698176151853,0.757533184154752,0.001950123999989728,exact_sieve,0.0,,
shell,21,8,shell,1.0,alternating,8,3,28,3.0,10.5,0,efficient,outside_schedule_domain,,,,,3.723400001831578e-05,unavailable,,,
shell,21,8,shell,1.0,alternating,8,3,28,3.0,10.5,0,borda,ok,5.0,1.7805562431001198,0.09450775068514528,1.1470129282507922,0.001768366999982618,published_global_clipped_borda,0.0,,
shell,21,9,shell,1.0,alternating,8,3,28,3.0,10.5,0,pl,ok,5.0,1.6230906289005795,0.0,,0.0017215400000054615,hunter_mm,,57.0,1.0127264106683599e-11
shell,21,9,shell,1.0,alternating,8,3,28,3.0,10.5,0,mle,ok,7.0,1.7734069160659167,0.15031628716533718,0.757533184154752,0.0025155349999863574,exact_subset_dp,,,
shell,21,9,shell,1.0,alternating,8,3,28,3.0,10.5,0,sharp,ok,12.0,1.7892724980714458,0.1661818691708663,0.31614842415667943,0.0021070029999918916,exact_sieve,0.0,,
shell,21,9,shell,1.0,alternating,8,3,28,3.0,10.5,0,efficient,outside_schedule_domain,,,,,3.738299997735339e-05,unavailable,,,
shell,21,9,shell,1.0,alternating,8,3,28,3.0,10.5,0,borda,ok,2.0,1.5880090937541749,-0.03508153514640466,0.5264006135801002,0.0014588720000006106,published_global_clipped_borda,0.0,,
shell,21,10,shell,1.0,alternating,8,3,28,3.0,10.5,0,pl,ok,6.0,1.617640140690331,0.0,,0.002024481999995942,hunter_mm,,71.0,1.7679603812682997e-11
shell,21,10,shell,1.0,alternating,8,3,28,3.0,10.5,0,mle,ok,6.0,1.7192221285269014,0.10158198783657046,0.9121196566486348,0.0025259570000173426,exact_subset_dp,,,
shell,21,10,shell,1.0,alternating,8,3,28,3.0,10.5,0,sharp,ok,8.0,1.781501704131803,0.16386156344147218,0.6156729370132851,0.002048298999994813,exact_sieve,0.0,,
shell,21,10,shell,1.0,alternating,8,3,28,3.0,10.5,0,efficient,outside_schedule_domain,,,,,3.6125999997693725e-05,unavailable,,,
shell,21,10,shell,1.0,alternating,8,3,28,3.0,10.5,0,borda,ok,3.0,1.6215982886731317,0.003958147982800808,0.9121196566486348,0.001472712000008869,published_global_clipped_borda,0.0,,
shell,21,11,shell,1.0,alternating,8,3,28,3.0,10.5,0,pl,ok,3.0,1.667273959609259,0.0,,0.0017152940000073613,hunter_mm,,57.0,2.6329668604116054e-11
shell,21,11,shell,1.0,alternating,8,3,28,3.0,10.5,0,mle,ok,6.0,1.8155039068145902,0.14822994720533123,1.2127529326707367,0.0031738659999973606,exact_subset_dp,,,
shell,21,11,shell,1.0,alternating,8,3,28,3.0,10.5,0,sharp,ok,9.0,1.740523283212292,0.07324932360303316,0.44041348850630796,0.0020826639999995677,exact_sieve,0.0,,
shell,21,11,shell,1.0,alternating,8,3,28,3.0,10.5,0,efficient,outside_schedule_domain,,,,,3.555000000687869e-05,unavailable,,,
shell,21,11,shell,1.0,alternating,8,3,28,3.0,10.5,0,borda,ok,5.0,1.6992156950299784,0.03194173542071943,1.0246248379567524,0.0017922719999887704,published_global_clipped_borda,0.0,,
shell,21,12,shell,1.0,alternating,8,3,28,3.0,10.5,0,pl,ok,3.0,1.6462052665590459,0.0,,0.001706088000020145,hunter_mm,,56.0,2.6358724726703388e-11
shell,21,12,shell,1.0,alternating,8,3,28,3.0,10.5,0,mle,ok,3.0,1.6306426234612927,-0.015562643097753126,0.9672795990261153,0.0025176820000183397,exact_subset_dp,,,
shell,21,12,shell,1.0,alternating,8,3,28,3.0,10.5,0,sharp,ok,8.0,1.7929375599253858,0.14673229336633997,0.757533184154752,0.0019584480000105486,exact_sieve,0.0,,
shell,21,12,shell,1.0,alternating,8,3,28,3.0,10.5,0,efficient,outside_schedule_domain,,,,,3.5900000000310683e-05,unavailable,,,
shell,21,12,shell,1.0,alternating,8,3,28,3.0,10.5,0,borda,ok,5.0,1.72911170866069,0.0829064421016441,0.9672795990261153,0.0013349390000030326,published_global_clipped_borda,0.0,,
shell,21,13,shell,1.0,alternating,8,3,28,3.0,10.5,0,pl,ok,4.0,1.6551116996638988,0.0,,0.002020358000009992,hunter_mm,,70.0,7.567724225054917e-12
shell,21,13,shell,1.0,alternating,8,3,28,3.0,10.5,0,mle,ok,4.0,1.6928521975554731,0.0377404978915743,0.9121196566486348,0.0025155649999817342,exact_subset_dp,,,
shell,21,13,shell,1.0,alternating,8,3,28,3.0,10.5,0,sharp,ok,7.0,1.7514841858661325,0.09637248620223371,0.5705796667792838,0.002048480000013342,exact_sieve,0.0,,
shell,21,13,shell,1.0,alternating,8,3,28,3.0,10.5,0,efficient,outside_schedule_domain,,,,,4.622000000154003e-05,unavailable,,,
shell,21,13,shell,1.0,alternating,8,3,28,3.0,10.5,0,borda,ok,5.0,1.6501356539116272,-0.004976045752271618,0.757533184154752,0.001352189000016324,published_global_clipped_borda,0.0,,
shell,21,14,shell,1.0,alternating,8,3,28,3.0,10.5,0,pl,ok,0.0,1.5852418027876283,0.0,,0.0020654409999849577,hunter_mm,,73.0,2.5838315614074806e-11
shell,21,14,shell,1.0,alternating,8,3,28,3.0,10.5,0,mle,ok,4.0,1.6710679480464694,0.08582614525884114,0.757533184154752,0.0025048349999963193,exact_subset_dp,,,
shell,21,14,shell,1.0,alternating,8,3,28,3.0,10.5,0,sharp,ok,10.0,1.763631713604544,0.1783899108169158,0.48304091257642995,0.0018987219999928584,exact_sieve,0.0,,
shell,21,14,shell,1.0,alternating,8,3,28,3.0,10.5,0,efficient,outside_schedule_domain,,,,,3.750900000909496e-05,unavailable,,,
shell,21,14,shell,1.0,alternating,8,3,28,3.0,10.5,0,borda,ok,1.0,1.56783813150307,-0.01740367128455822,0.6617844044760891,0.0015744799999879433,published_global_clipped_borda,0.0,,
shell,21,15,shell,1.0,alternating,8,3,28,3.0,10.5,0,pl,ok,3.0,1.6217553305025731,0.0,,0.0020163220000029014,hunter_mm,,71.0,2.079048044834053e-11
shell,21,15,shell,1.0,alternating,8,3,28,3.0,10.5,0,mle,ok,5.0,1.7972786796772615,0.17552334917468837,1.1470129282507922,0.002943763999979865,exact_subset_dp,,,
shell,21,15,shell,1.0,alternating,8,3,28,3.0,10.5,0,sharp,ok,17.0,1.8502028912038615,0.22844756070128835,0.23562881521737206,0.0019302909999794338,exact_sieve,0.0,,
shell,21,15,shell,1.0,alternating,8,3,28,3.0,10.5,0,efficient,outside_schedule_domain,,,,,3.5123999992947574e-05,unavailable,,,
shell,21,15,shell,1.0,alternating,8,3,28,3.0,10.5,0,borda,ok,4.0,1.6859240858980742,0.06416875539550104,1.0246248379567524,0.0018104300000061357,published_global_clipped_borda,0.0,,
shell,21,16,shell,1.0,alternating,8,3,28,3.0,10.5,0,pl,ok,2.0,1.8858823274681176,0.0,,0.0026145280000093862,hunter_mm,,98.0,9.465634625322699e-12
shell,21,16,shell,1.0,alternating,8,3,28,3.0,10.5,0,mle,ok,1.0,1.782713699729069,-0.10316862773904867,1.6084230339112893,0.0029456940000045506,exact_subset_dp,,,
shell,21,16,shell,1.0,alternating,8,3,28,3.0,10.5,0,sharp,ok,7.0,1.7279228535193212,-0.1579594739487964,0.757533184154752,0.0019290959999977986,exact_sieve,0.0,,
shell,21,16,shell,1.0,alternating,8,3,28,3.0,10.5,0,efficient,outside_schedule_domain,,,,,3.5967000002301575e-05,unavailable,,,
shell,21,16,shell,1.0,alternating,8,3,28,3.0,10.5,0,borda,ok,1.0,1.782713699729069,-0.10316862773904867,1.6084230339112893,0.001897549000005938,published_global_clipped_borda,0.0,,
shell,21,17,shell,1.0,alternating,8,3,28,3.0,10.5,0,pl,ok,4.0,1.6450890830627178,0.0,,0.0018178910000017368,hunter_mm,,61.0,2.5259064681141095e-11
shell,21,17,shell,1.0,alternating,8,3,28,3.0,10.5,0,mle,ok,3.0,1.6100855917073855,-0.03500349135533232,0.8589084084290807,0.002632782000006273,exact_subset_dp,,,
shell,21,17,shell,1.0,alternating,8,3,28,3.0,10.5,0,sharp,ok,8.0,1.7295052438692107,0.08441616080649283,0.39843792971796577,0.002263919999990094,exact_sieve,0.0,,
shell,21,17,shell,1.0,alternating,8,3,28,3.0,10.5,0,efficient,outside_schedule_domain,,,,,4.415200001517405e-05,unavailable,,,
shell,21,17,shell,1.0,alternating,8,3,28,3.0,10.5,0,borda,ok,5.0,1.719205468280963,0.07411638521824515,0.757533184154752,0.001404641999982914,published_global_clipped_borda,0.0,,
shell,21,18,shell,1.0,alternating,8,3,28,3.0,10.5,0,pl,ok,4.0,1.6084598760802875,0.0,,0.001902950999976838,hunter_mm,,50.0,1.4084923703551665e-11
shell,21,18,shell,1.0,alternating,8,3,28,3.0,10.5,0,mle,ok,6.0,1.7755732175019516,0.16711334142166412,0.9121196566486348,0.0026953240000011647,exact_subset_dp,,,
shell,21,18,shell,1.0,alternating,8,3,28,3.0,10.5,0,sharp,ok,10.0,1.800158523623959,0.1916986475436715,0.39843792971796577,0.002114973999994163,exact_sieve,0.0,,
shell,21,18,shell,1.0,alternating,8,3,28,3.0,10.5,0,efficient,outside_schedule_domain,,,,,3.989299997897433e-05,unavailable,,,
shell,21,18,shell,1.0,alternating,8,3,28,3.0,10.5,0,borda,ok,4.0,1.6368734453359133,0.02841356925562577,0.8074398347256734,0.0015130339999984699,published_global_clipped_borda,0.0,,
shell,21,19,shell,1.0,alternating,8,3,28,3.0,10.5,0,pl,ok,2.0,1.6195089282515769,0.0,,0.0018730190000155744,hunter_mm,,65.0,1.971978136339203e-11
shell,21,19,shell,1.0,alternating,8,3,28,3.0,10.5,0,mle,ok,4.0,1.663014740410026,0.043505812158449064,0.9672795990261153,0.0024378530000035425,exact_subset_dp,,,
shell,21,19,shell,1.0,alternating,8,3,28,3.0,10.5,0,sharp,ok,4.0,1.6395208663712098,0.020011938119632866,0.757533184154752,0.0019257799999934377,exact_sieve,0.0,,
shell,21,19,shell,1.0,alternating,8,3,28,3.0,10.5,0,efficient,outside_schedule_domain,,,,,3.820300000256793e-05,unavailable,,,
shell,21,19,shell,1.0,alternating,8,3,28,3.0,10.5,0,borda,ok,3.0,1.5933693546540386,-0.026139573597538268,0.8074398347256734,0.001500773000003619,published_global_clipped_borda,0.0,,
shell,21,20,shell,1.0,alternating,8,3,28,3.0,10.5,0,pl,ok,2.0,1.6522204906095495,0.0,,0.002945495000005849,hunter_mm,,112.0,3.853209814711331e-11
shell,21,20,shell,1.0,alternating,8,3,28,3.0,10.5,0,mle,ok,2.0,1.6611389849349179,0.008918494325368398,1.2127529326707367,0.0031556859999852804,exact_subset_dp,,,
shell,21,20,shell,1.0,alternating,8,3,28,3.0,10.5,0,sharp,ok,9.0,1.8145061995071472,0.16228570889759775,0.757533184154752,0.0019440469999949528,exact_sieve,0.0,,
shell,21,20,shell,1.0,alternating,8,3,28,3.0,10.5,0,efficient,outside_schedule_domain,,,,,3.475200000480072e-05,unavailable,,,
shell,21,20,shell,1.0,alternating,8,3,28,3.0,10.5,0,borda,ok,1.0,1.5563425524149976,-0.09587793819455181,0.8589084084290807,0.0015967740000064623,published_global_clipped_borda,0.0,,
shell,21,21,shell,1.0,alternating,8,3,28,3.0,10.5,0,pl,ok,5.0,1.638363907687335,0.0,,0.0017787080000175592,hunter_mm,,59.0,2.4140626006133712e-11
shell,21,21,shell,1.0,alternating,8,3,28,3.0,10.5,0,mle,ok,4.0,1.6807010969445393,0.0423371892572042,0.8589084084290807,0.002668274999990672,exact_subset_dp,,,
shell,21,21,shell,1.0,alternating,8,3,28,3.0,10.5,0,sharp,ok,5.0,1.6621689008662757,0.02380499317894058,0.5705796667792838,0.002068618000009792,exact_sieve,0.0,,
shell,21,21,shell,1.0,alternating,8,3,28,3.0,10.5,0,efficient,outside_schedule_domain,,,,,3.609600000231694e-05,unavailable,,,
shell,21,21,shell,1.0,alternating,8,3,28,3.0,10.5,0,borda,ok,5.0,1.6738005881435019,0.03543668045616677,0.7090287388626768,0.0015378559999987829,published_global_clipped_borda,0.0,,
shell,21,22,shell,1.0,alternating,8,3,28,3.0,10.5,0,pl,ok,7.0,1.7454086819303158,0.0,,0.001889075999997658,hunter_mm,,65.0,1.787662081856719e-11
shell,21,22,shell,1.0,alternating,8,3,28,3.0,10.5,0,mle,ok,3.0,1.6943941757757197,-0.05101450615459613,1.2127529326707367,0.0030553580000116654,exact_subset_dp,,,
shell,21,22,shell,1.0,alternating,8,3,28,3.0,10.5,0,sharp,ok,8.0,1.7750725643105414,0.029663882380225548,0.7090287388626768,0.0020784390000017083,exact_sieve,0.0,,
shell,21,22,shell,1.0,alternating,8,3,28,3.0,10.5,0,efficient,outside_schedule_domain,,,,,3.750299998728224e-05,unavailable,,,
shell,21,22,shell,1.0,alternating,8,3,28,3.0,10.5,0,borda,ok,8.0,1.865388909727569,0.11998022779725326,1.0246248379567524,0.0017986900000153128,published_global_clipped_borda,0.0,,
shell,21,23,shell,1.0,alternating,8,3,28,3.0,10.5,0,pl,ok,3.0,1.5807438635267428,0.0,,0.0016224349999731658,hunter_mm,,53.0,2.3470431947154272e-11
shell,21,23,shell,1.0,alternating,8,3,28,3.0,10.5,0,mle,ok,3.0,1.6235627408159259,0.0428188772891831,0.8589084084290807,0.0026635840000039934,exact_subset_dp,,,
shell,21,23,shell,1.0,alternating,8,3,28,3.0,10.5,0,sharp,ok,9.0,1.7455349857112044,0.16479112218446157,0.1958788216280591,0.0020824380000021847,exact_sieve,0.0,,
shell,21,23,shell,1.0,alternating,8,3,28,3.0,10.5,0,efficient,outside_schedule_domain,,,,,3.49229999869749e-05,unavailable,,,
shell,21,23,shell,1.0,alternating,8,3,28,3.0,10.5,0,borda,ok,2.0,1.5781722833439356,-0.0025715801828072316,0.6156729370132851,0.0015168829999936406,published_global_clipped_borda,0.0,,
shell,21,24,shell,1.0,alternating,8,3,28,3.0,10.5,0,pl,ok,3.0,1.6650937971177522,0.0,,0.002198335999992196,hunter_mm,,78.0,3.468653935507453e-11
shell,21,24,shell,1.0,alternating,8,3,28,3.0,10.5,0,mle,ok,3.0,1.7454334724906484,0.08033967537289621,1.355592246167523,0.002977154999996401,exact_subset_dp,,,
shell,21,24,shell,1.0,alternating,8,3,28,3.0,10.5,0,sharp,ok,11.0,1.8584776570119321,0.19338385989417994,0.7090287388626768,0.0020903690000011466,exact_sieve,0.0,,
shell,21,24,shell,1.0,alternating,8,3,28,3.0,10.5,0,efficient,outside_schedule_domain,,,,,3.634899999838126e-05,unavailable,,,
shell,21,24,shell,1.0,alternating,8,3,28,3.0,10.5,0,borda,ok,3.0,1.7454334724906484,0.08033967537289621,1.355592246167523,0.0017731039999944187,published_global_clipped_borda,0.0,,
shell,21,25,shell,1.0,alternating,8,3,28,3.0,10.5,0,pl,ok,4.0,1.7115255259454454,0.0,,0.0016041469999947822,hunter_mm,,53.0,1.7310629120613287e-11
shell,21,25,shell,1.0,alternating,8,3,28,3.0,10.5,0,mle,ok,6.0,1.7639339680564712,0.0524084421110258,0.9121196566486348,0.0026028629999927944,exact_subset_dp,,,
shell,21,25,shell,1.0,alternating,8,3,28,3.0,10.5,0,sharp,ok,6.0,1.7073030313739743,-0.004222494571471058,0.6156729370132851,0.002123578999999154,exact_sieve,0.0,,
shell,21,25,shell,1.0,alternating,8,3,28,3.0,10.5,0,efficient,outside_schedule_domain,,,,,3.5647999993670965e-05,unavailable,,,
shell,21,25,shell,1.0,alternating,8,3,28,3.0,10.5,0,borda,ok,5.0,1.685764091745614,-0.025761434199831346,0.6156729370132851,0.0014897500000188302,published_global_clipped_borda,0.0,,
shell,21,26,shell,1.0,alternating,8,3,28,3.0,10.5,0,pl,ok,4.0,1.6963798693374315,0.0,,0.002508426999980884,hunter_mm,,93.0,3.062420158731324e-11
shell,21,26,shell,1.0,alternating,8,3,28,3.0,10.5,0,mle,ok,7.0,1.8330166365105383,0.1366367671731068,1.1470129282507922,0.002879873000011912,exact_subset_dp,,,
shell,21,26,shell,1.0,alternating,8,3,28,3.0,10.5,0,sharp,ok,9.0,1.7497540189981848,0.05337414966075338,0.48304091257642995,0.0019292380000024423,exact_sieve,0.0,,
shell,21,26,shell,1.0,alternating,8,3,28,3.0,10.5,0,efficient,outside_schedule_domain,,,,,3.4986000002845685e-05,unavailable,,,
shell,21,26,shell,1.0,alternating,8,3,28,3.0,10.5,0,borda,ok,4.0,1.6626749320741712,-0.03370493726326029,0.9672795990261153,0.0013562509999758277,published_global_clipped_borda,0.0,,
shell,21,27,shell,1.0,alternating,8,3,28,3.0,10.5,0,pl,ok,5.0,1.878276282408655,0.0,,0.0025393999999892003,hunter_mm,,91.0,2.4830233107715164e-11
shell,21,27,shell,1.0,alternating,8,3,28,3.0,10.5,0,mle,ok,7.0,1.9729275436964833,0.0946512612878283,1.2820987754788464,0.0029492600000082803,exact_subset_dp,,,
shell,21,27,shell,1.0,alternating,8,3,28,3.0,10.5,0,sharp,ok,8.0,1.8237805993954375,-0.0544956830132175,0.8589084084290807,0.0021180529999753617,exact_sieve,0.0,,
shell,21,27,shell,1.0,alternating,8,3,28,3.0,10.5,0,efficient,outside_schedule_domain,,,,,3.717700002425772e-05,unavailable,,,
shell,21,27,shell,1.0,alternating,8,3,28,3.0,10.5,0,borda,ok,4.0,1.7538589360404475,-0.12441734636820745,1.1470129282507922,0.0017641050000065661,published_global_clipped_borda,0.0,,
shell,21,28,shell,1.0,alternating,8,3,28,3.0,10.5,0,pl,ok,2.0,1.6128009819841849,0.0,,0.0022260400000106983,hunter_mm,,77.0,1.6647128120439447e-11
shell,21,28,shell,1.0,alternating,8,3,28,3.0,10.5,0,mle,ok,3.0,1.6395349930141692,0.026734011029984295,1.1470129282507922,0.002949575000002369,exact_subset_dp,,,
shell,21,28,shell,1.0,alternating,8,3,28,3.0,10.5,0,sharp,ok,5.0,1.6992156950299784,0.08641471304579351,1.0246248379567524,0.002394605999995747,exact_sieve,0.0,,
shell,21,28,shell,1.0,alternating,8,3,28,3.0,10.5,0,efficient,outside_schedule_domain,,,,,3.4712000001491106e-05,unavailable,,,
shell,21,28,shell,1.0,alternating,8,3,28,3.0,10.5,0,borda,ok,3.0,1.6321739957099255,0.01937301372574063,0.9121196566486348,0.0013770810000153233,published_global_clipped_borda,0.0,,
shell,21,29,shell,1.0,alternating,8,3,28,3.0,10.5,0,pl,ok,6.0,1.7824398995159796,0.0,,0.0018626060000030975,hunter_mm,,64.0,1.5610306698070938e-11
shell,21,29,shell,1.0,alternating,8,3,28,3.0,10.5,0,mle,ok,8.0,1.8429847703086846,0.060544870792704986,1.0246248379567524,0.002936320000003434,exact_subset_dp,,,
shell,21,29,shell,1.0,alternating,8,3,28,3.0,10.5,0,sharp,ok,14.0,1.8447533231229278,0.06231342360694825,0.3570395237671002,0.0020975349999901027,exact_sieve,0.0,,
shell,21,29,shell,1.0,alternating,8,3,28,3.0,10.5,0,efficient,outside_schedule_domain,,,,,3.698800000506708e-05,unavailable,,,
shell,21,29,shell,1.0,alternating,8,3,28,3.0,10.5,0,borda,ok,2.0,1.587859770685085,-0.1945801288308946,0.9121196566486348,0.0013444230000061452,published_global_clipped_borda,0.0,,
shell,21,30,shell,1.0,alternating,8,3,28,3.0,10.5,0,pl,ok,4.0,1.6518931594679191,0.0,,0.0014670540000167875,hunter_mm,,46.0,2.331766525896585e-11
shell,21,30,shell,1.0,alternating,8,3,28,3.0,10.5,0,mle,ok,0.0,1.5435377527362242,-0.10835540673169497,0.9672795990261153,0.0024944529999970655,exact_subset_dp,,,
shell,21,30,shell,1.0,alternating,8,3,28,3.0,10.5,0,sharp,ok,12.0,1.8021098613294686,0.15021670186154945,0.31614842415667943,0.0020969140000204334,exact_sieve,0.0,,
shell,21,30,shell,1.0,alternating,8,3,28,3.0,10.5,0,efficient,outside_schedule_domain,,,,,4.0193999979010187e-05,unavailable,,,
shell,21,30,shell,1.0,alternating,8,3,28,3.0,10.5,0,borda,ok,3.0,1.6293876900657878,-0.022505469402131384,0.8589084084290807,0.001470915999988165,published_global_clipped_borda,0.0,,
shell,21,31,shell,1.0,alternating,8,3,28,3.0,10.5,0,pl,ok,4.0,1.6912899334860103,0.0,,0.002935718999992787,hunter_mm,,109.0,3.5989053007564766e-11
shell,21,31,shell,1.0,alternating,8,3,28,3.0,10.5,0,mle,ok,4.0,1.7257349599846612,0.03444502649865089,1.0844293045104068,0.003132534999991776,exact_subset_dp,,,
shell,21,31,shell,1.0,alternating,8,3,28,3.0,10.5,0,sharp,ok,6.0,1.6927015317389538,0.0014115982529434579,0.6617844044760891,0.0019599599999935435,exact_sieve,0.0,,
shell,21,31,shell,1.0,alternating,8,3,28,3.0,10.5,0,efficient,outside_schedule_domain,,,,,3.575300002012227e-05,unavailable,,,
shell,21,31,shell,1.0,alternating,8,3,28,3.0,10.5,0,borda,ok,4.0,1.6734895967274055,-0.017800336758604818,0.9672795990261153,0.001294647999998233,published_global_clipped_borda,0.0,,
shell,21,32,shell,1.0,alternating,8,3,28,3.0,10.5,0,pl,ok,4.0,1.6204546342170498,0.0,,0.001690811000003123,hunter_mm,,55.0,1.1055125069349613e-11
shell,21,32,shell,1.0,alternating,8,3,28,3.0,10.5,0,mle,ok,3.0,1.6670938317474315,0.046639197530381704,1.0246248379567524,0.002981296000001521,exact_subset_dp,,,
shell,21,32,shell,1.0,alternating,8,3,28,3.0,10.5,0,sharp,ok,3.0,1.600920197704165,-0.01953443651288489,0.8589084084290807,0.002140343999997185,exact_sieve,0.0,,
shell,21,32,shell,1.0,alternating,8,3,28,3.0,10.5,0,efficient,outside_schedule_domain,,,,,3.7733999988631695e-05,unavailable,,,
shell,21,32,shell,1.0,alternating,8,3,28,3.0,10.5,0,borda,ok,2.0,1.6029973339757908,-0.01745730024125902,0.8589084084290807,0.0015777659999969273,published_global_clipped_borda,0.0,,
shell,21,33,shell,1.0,alternating,8,3,28,3.0,10.5,0,pl,ok,3.0,1.6593551904448163,0.0,,0.001905723999982456,hunter_mm,,65.0,1.9364383112880593e-11
shell,21,33,shell,1.0,alternating,8,3,28,3.0,10.5,0,mle,ok,1.0,1.5677092995533655,-0.09164589089145081,0.9672795990261153,0.002537657000004856,exact_subset_dp,,,
shell,21,33,shell,1.0,alternating,8,3,28,3.0,10.5,0,sharp,ok,9.0,1.7709181430956147,0.11156295265079841,0.39843792971796577,0.00209212699999739,exact_sieve,0.0,,
shell,21,33,shell,1.0,alternating,8,3,28,3.0,10.5,0,efficient,outside_schedule_domain,,,,,3.82629999933215e-05,unavailable,,,
shell,21,33,shell,1.0,alternating,8,3,28,3.0,10.5,0,borda,ok,3.0,1.634875520811806,-0.024479669633010293,0.9121196566486348,0.0013218349999988277,published_global_clipped_borda,0.0,,
shell,21,34,shell,1.0,alternating,8,3,28,3.0,10.5,0,pl,ok,9.0,2.0028373443337277,0.0,,0.0021908950000124605,hunter_mm,,72.0,1.630232456964872e-11
shell,21,34,shell,1.0,alternating,8,3,28,3.0,10.5,0,mle,ok,10.0,2.12456293757697,0.12172559324324217,1.1470129282507922,0.0028978590000008353,exact_subset_dp,,,
shell,21,34,shell,1.0,alternating,8,3,28,3.0,10.5,0,sharp,ok,12.0,1.8894247767073318,-0.11341256762639595,0.5264006135801002,0.002045114999987163,exact_sieve,0.0,,
shell,21,34,shell,1.0,alternating,8,3,28,3.0,10.5,0,efficient,outside_schedule_domain,,,,,3.429699998491742e-05,unavailable,,,
shell,21,34,shell,1.0,alternating,8,3,28,3.0,10.5,0,borda,ok,10.0,2.0585887404043914,0.055751396070663706,1.0844293045104068,0.0018690859999992426,published_global_clipped_borda,0.0,,
shell,21,35,shell,1.0,alternating,8,3,28,3.0,10.5,0,pl,ok,5.0,1.623805842147523,0.0,,0.0013929690000225037,hunter_mm,,43.0,1.596589527252945e-11
shell,21,35,shell,1.0,alternating,8,3,28,3.0,10.5,0,mle,ok,8.0,1.7907942333492919,0.1669883912017689,0.7090287388626768,0.0026362579999954505,exact_subset_dp,,,
shell,21,35,shell,1.0,alternating,8,3,28,3.0,10.5,0,sharp,ok,9.0,1.7919939636031517,0.16818812145562867,0.5705796667792838,0.0021025689999873975,exact_sieve,0.0,,
shell,21,35,shell,1.0,alternating,8,3,28,3.0,10.5,0,efficient,outside_schedule_domain,,,,,3.8873999983479735e-05,unavailable,,,
shell,21,35,shell,1.0,alternating,8,3,28,3.0,10.5,0,borda,ok,6.0,1.712075449602571,0.08826960745504797,0.6617844044760891,0.0013315449999993234,published_global_clipped_borda,0.0,,
shell,21,36,shell,1.0,alternating,8,3,28,3.0,10.5,0,pl,ok,3.0,1.7161950348883614,0.0,,0.002441209000011213,hunter_mm,,90.0,2.294123621230223e-11
shell,21,36,shell,1.0,alternating,8,3,28,3.0,10.5,0,mle,ok,5.0,1.678158702671056,-0.0380363322173054,0.8074398347256734,0.0026738040000111596,exact_subset_dp,,,
shell,21,36,shell,1.0,alternating,8,3,28,3.0,10.5,0,sharp,ok,10.0,1.7854511517845937,0.06925611689623223,0.39843792971796577,0.0020847030000084033,exact_sieve,0.0,,
shell,21,36,shell,1.0,alternating,8,3,28,3.0,10.5,0,efficient,outside_schedule_domain,,,,,3.663399999709327e-05,unavailable,,,
shell,21,36,shell,1.0,alternating,8,3,28,3.0,10.5,0,borda,ok,4.0,1.6424594478437162,-0.07373558704464522,0.8074398347256734,0.001495478000009598,published_global_clipped_borda,0.0,,
shell,21,37,shell,1.0,alternating,8,3,28,3.0,10.5,0,pl,ok,8.0,1.6606915374121556,0.0,,0.001550825999999006,hunter_mm,,50.0,1.7204015989591426e-11
shell,21,37,shell,1.0,alternating,8,3,28,3.0,10.5,0,mle,ok,5.0,1.67238724126423,0.011695703852074413,0.6617844044760891,0.002551749000019754,exact_subset_dp,,,
shell,21,37,shell,1.0,alternating,8,3,28,3.0,10.5,0,sharp,ok,14.0,1.8249267280781032,0.1642351906659476,0.3570395237671002,0.0020630809999886424,exact_sieve,0.0,,
shell,21,37,shell,1.0,alternating,8,3,28,3.0,10.5,0,efficient,outside_schedule_domain,,,,,3.7665000007791605e-05,unavailable,,,
shell,21,37,shell,1.0,alternating,8,3,28,3.0,10.5,0,borda,ok,7.0,1.6977939311399572,0.037102393727801664,0.48304091257642995,0.0013355090000004566,published_global_clipped_borda,0.0,,
shell,21,38,shell,1.0,alternating,8,3,28,3.0,10.5,0,pl,ok,1.0,1.7103245939222482,0.0,,0.00233667799997761,hunter_mm,,85.0,2.112202476415145e-11
shell,21,38,shell,1.0,alternating,8,3,28,3.0,10.5,0,mle,ok,3.0,1.6235172248143908,-0.08680736910785747,0.9672795990261153,0.0025402899999846795,exact_subset_dp,,,
shell,21,38,shell,1.0,alternating,8,3,28,3.0,10.5,0,sharp,ok,1.0,1.5607893701056064,-0.14953522381664186,0.9121196566486348,0.0019394300000215026,exact_sieve,0.0,,
shell,21,38,shell,1.0,alternating,8,3,28,3.0,10.5,0,efficient,outside_schedule_domain,,,,,3.562999998507621e-05,unavailable,,,
shell,21,38,shell,1.0,alternating,8,3,28,3.0,10.5,0,borda,ok,2.0,1.6100237042794372,-0.10030088964281103,0.8589084084290807,0.0014860109999972337,published_global_clipped_borda,0.0,,
shell,21,39,shell,1.0,alternating,8,3,28,3.0,10.5,0,pl,ok,0.0,1.5820396692486152,0.0,,0.0022585700000092856,hunter_mm,,79.0,2.5608309124030323e-11
shell,21,39,shell,1.0,alternating,8,3,28,3.0,10.5,0,mle,ok,4.0,1.6261096277086344,0.044069958460019265,0.8589084084290807,0.003140919999992775,exact_subset_dp,,,
shell,21,39,shell,1.0,alternating,8,3,28,3.0,10.5,0,sharp,ok,6.0,1.7353709730950588,0.15333130384644367,0.7090287388626768,0.00217392400000449,exact_sieve,0.0,,
shell,21,39,shell,1.0,alternating,8,3,28,3.0,10.5,0,efficient,outside_schedule_domain,,,,,3.867399999535337e-05,unavailable,,,
shell,21,39,shell,1.0,alternating,8,3,28,3.0,10.5,0,borda,ok,0.0,1.5351808525407633,-0.04685881670785186,0.8589084084290807,0.0015457579999917925,published_global_clipped_borda,0.0,,
shell,22,0,shell,1.0,alternating,8,3,112,12.0,42.0,0,pl,ok,0.0,1.5418181893827008,0.0,,0.0017679500000156168,hunter_mm,,41.0,1.9069317553593076e-11
shell,22,0,shell,1.0,alternating,8,3,112,12.0,42.0,0,mle,ok,1.0,1.547659752749508,0.00584156336680719,0.7948233114465767,0.002743542999979809,exact_subset_dp,,,
shell,22,0,shell,1.0,alternating,8,3,112,12.0,42.0,0,sharp,ok,7.0,1.7303550873921756,0.18853689800947482,0.5373649994974447,0.0035823979999918265,exact_sieve,0.0,,
shell,22,0,shell,1.0,alternating,8,3,112,12.0,42.0,0,efficient,outside_schedule_domain,,,,,6.237400000941307e-05,unavailable,,,
shell,22,0,shell,1.0,alternating,8,3,112,12.0,42.0,0,borda,ok,0.0,1.5340780383675818,-0.0077401510151189346,0.7823017009175557,0.001400638000006893,published_global_clipped_borda,0.0,,
shell,22,1,shell,1.0,alternating,8,3,112,12.0,42.0,0,pl,ok,2.0,1.5581517032989416,0.0,,0.0017374269999947956,hunter_mm,,44.0,1.6100581185745407e-11
shell,22,1,shell,1.0,alternating,8,3,112,12.0,42.0,0,mle,ok,1.0,1.5541635815668062,-0.0039881217321353635,0.8074398347256734,0.002753191000010702,exact_subset_dp,,,
shell,22,1,shell,1.0,alternating,8,3,112,12.0,42.0,0,sharp,ok,3.0,1.6148047629255113,0.056653059626569746,0.757533184154752,0.00344893599998386,exact_sieve,0.0,,
shell,22,1,shell,1.0,alternating,8,3,112,12.0,42.0,0,efficient,outside_schedule_domain,,,,,5.8581999979878674e-05,unavailable,,,
shell,22,1,shell,1.0,alternating,8,3,112,12.0,42.0,0,borda,ok,2.0,1.5873134370508826,0.029161733751940977,0.7698724759713074,0.0013891920000048685,published_global_clipped_borda,0.0,,
shell,22,2,shell,1.0,alternating,8,3,112,12.0,42.0,0,pl,ok,3.0,1.57809179689286,0.0,,0.001979441000003135,hunter_mm,,54.0,2.0381537727384316e-11
shell,22,2,shell,1.0,alternating,8,3,112,12.0,42.0,0,mle,ok,4.0,1.6432057534178917,0.0651139565250316,0.9394420412429931,0.0026921189999882245,exact_subset_dp,,,
shell,22,2,shell,1.0,alternating,8,3,112,12.0,42.0,0,sharp,ok,3.0,1.6154106145182607,0.03731881762540068,0.9121196566486348,0.0033996839999872464,exact_sieve,0.0,,
shell,22,2,shell,1.0,alternating,8,3,112,12.0,42.0,0,efficient,outside_schedule_domain,,,,,5.481299999132716e-05,unavailable,,,
shell,22,2,shell,1.0,alternating,8,3,112,12.0,42.0,0,borda,ok,2.0,1.5690804645647174,-0.009011332328142663,0.8458853458049513,0.0015054160000147476,published_global_clipped_borda,0.0,,
shell,22,3,shell,1.0,alternating,8,3,112,12.0,42.0,0,pl,ok,1.0,1.540263844109293,0.0,,0.001614379000017152,hunter_mm,,41.0,1.4727774555467477e-11
shell,22,3,shell,1.0,alternating,8,3,112,12.0,42.0,0,mle,ok,3.0,1.6021912100859148,0.06192736597662174,0.697104725066857,0.0026402519999919605,exact_subset_dp,,,
shell,22,3,shell,1.0,alternating,8,3,112,12.0,42.0,0,sharp,ok,7.0,1.6762054586287953,0.13594161451950226,0.5594530460875712,0.003525182000004179,exact_sieve,0.0,,
shell,22,3,shell,1.0,alternating,8,3,112,12.0,42.0,0,efficient,outside_schedule_domain,,,,,5.066699998224067e-05,unavailable,,,
shell,22,3,shell,1.0,alternating,8,3,112,12.0,42.0,0,borda,ok,1.0,1.560363937791973,0.020100093682679843,0.6271010645696942,0.001594925000006242,published_global_clipped_borda,0.0,,
shell,22,4,shell,1.0,alternating,8,3,112,12.0,42.0,0,pl,ok,3.0,1.553525294410199,0.0,,0.0016133590000038112,hunter_mm,,41.0,1.2226854449539003e-11
shell,22,4,shell,1.0,alternating,8,3,112,12.0,42.0,0,mle,ok,1.0,1.5605842403491432,0.007058945938944294,0.6271010645696942,0.002686109000023862,exact_subset_dp,,,
shell,22,4,shell,1.0,alternating,8,3,112,12.0,42.0,0,sharp,ok,5.0,1.6509387529942345,0.0974134585840356,0.48304091257642995,0.0033423940000147923,exact_sieve,0.0,,
shell,22,4,shell,1.0,alternating,8,3,112,12.0,42.0,0,efficient,outside_schedule_domain,,,,,4.6386000008169503e-05,unavailable,,,
shell,22,4,shell,1.0,alternating,8,3,112,12.0,42.0,0,borda,ok,3.0,1.5840636206321734,0.0305383262219745,0.5930057567449797,0.0015237389999924744,published_global_clipped_borda,0.0,,
shell,22,5,shell,1.0,alternating,8,3,112,12.0,42.0,0,pl,ok,4.0,1.5777307120912116,0.0,,0.0019160270000213586,hunter_mm,,51.0,1.3634236596869543e-11
shell,22,5,shell,1.0,alternating,8,3,112,12.0,42.0,0,mle,ok,4.0,1.662478478495381,0.08474776640416937,0.8458853458049513,0.002712552000019741,exact_subset_dp,,,
shell,22,5,shell,1.0,alternating,8,3,112,12.0,42.0,0,sharp,ok,6.0,1.670659430638766,0.09292871854755447,0.7090287388626768,0.0035591600000088874,exact_sieve,0.0,,
shell,22,5,shell,1.0,alternating,8,3,112,12.0,42.0,0,efficient,outside_schedule_domain,,,,,5.104400000277565e-05,unavailable,,,
shell,22,5,shell,1.0,alternating,8,3,112,12.0,42.0,0,borda,ok,3.0,1.5939540403182388,0.01622332822702721,0.7823017009175557,0.001415562000005366,published_global_clipped_borda,0.0,,
shell,22,6,shell,1.0,alternating,8,3,112,12.0,42.0,0,pl,ok,3.0,1.5905029884236699,0.0,,0.0021753660000172204,hunter_mm,,60.0,2.6270731621837383e-11
shell,22,6,shell,1.0,alternating,8,3,112,12.0,42.0,0,mle,ok,3.0,1.6011385118827826,0.010635523459112672,0.7948233114465767,0.0027507959999866216,exact_subset_dp,,,
shell,22,6,shell,1.0,alternating,8,3,112,12.0,42.0,0,sharp,ok,0.0,1.5346107410288814,-0.055892247394788486,0.757533184154752,0.003493631999987201,exact_sieve,0.0,,
shell,22,6,shell,1.0,alternating,8,3,112,12.0,42.0,0,efficient,outside_schedule_domain,,,,,5.416199999785931e-05,unavailable,,,
shell,22,6,shell,1.0,alternating,8,3,112,12.0,42.0,0,borda,ok,3.0,1.6011385118827826,0.010635523459112672,0.7948233114465767,0.0015340980000075888,published_global_clipped_borda,0.0,,
shell,22,7,shell,1.0,alternating,8,3,112,12.0,42.0,0,pl,ok,1.0,1.5621293237164333,0.0,,0.0018269260000067788,hunter_mm,,48.0,1.2603251775544777e-11
shell,22,7,shell,1.0,alternating,8,3,112,12.0,42.0,0,mle,ok,1.0,1.55948391382886,-0.0026454098875732246,0.8986426795612205,0.0025043529999777547,exact_subset_dp,,,
shell,22,7,shell,1.0,alternating,8,3,112,12.0,42.0,0,sharp,ok,5.0,1.679971273545322,0.11784194982888874,0.6156729370132851,0.003591532000001507,exact_sieve,0.0,,
shell,22,7,shell,1.0,alternating,8,3,112,12.0,42.0,0,efficient,outside_schedule_domain,,,,,4.896400000120593e-05,unavailable,,,
shell,22,7,shell,1.0,alternating,8,3,112,12.0,42.0,0,borda,ok,1.0,1.5546049638264894,-0.007524359889943932,0.8201538760195531,0.0013628119999964383,published_global_clipped_borda,0.0,,
shell,22,8,shell,1.0,alternating,8,3,112,12.0,42.0,0,pl,ok,5.0,1.611215837199546,0.0,,0.0016974509999840848,hunter_mm,,43.0,2.494740921779989e-11
shell,22,8,shell,1.0,alternating,8,3,112,12.0,42.0,0,mle,ok,4.0,1.6595429107646678,0.04832707356512178,0.7948233114465767,0.0026731719999872894,exact_subset_dp,,,
shell,22,8,shell,1.0,alternating,8,3,112,12.0,42.0,0,sharp,ok,1.0,1.5572215721820382,-0.053994265017507814,0.6617844044760891,0.003392903000019487,exact_sieve,0.0,,
shell,22,8,shell,1.0,alternating,8,3,112,12.0,42.0,0,efficient,outside_schedule_domain,,,,,5.279799998447743e-05,unavailable,,,
shell,22,8,shell,1.0,alternating,8,3,112,12.0,42.0,0,borda,ok,5.0,1.6616258787732847,0.05041004157373874,0.7452814445194086,0.0015505259999883947,published_global_clipped_borda,0.0,,
shell,22,9,shell,1.0,alternating,8,3,112,12.0,42.0,0,pl,ok,3.0,1.5705903862928676,0.0,,0.0017949600000122246,hunter_mm,,44.0,1.1770996875627914e-11
shell,22,9,shell,1.0,alternating,8,3,112,12.0,42.0,0,mle,ok,2.0,1.5754621932785149,0.0048718069856472646,0.7090287388626768,0.0026976690000140024,exact_subset_dp,,,
shell,22,9,shell,1.0,alternating,8,3,112,12.0,42.0,0,sharp,ok,3.0,1.6005058094456839,0.029915423152816256,0.6271010645696942,0.003785845000010113,exact_sieve,0.0,,
shell,22,9,shell,1.0,alternating,8,3,112,12.0,42.0,0,efficient,outside_schedule_domain,,,,,5.4943999998613435e-05,unavailable,,,
shell,22,9,shell,1.0,alternating,8,3,112,12.0,42.0,0,borda,ok,3.0,1.603661525488018,0.03307113919515037,0.6501550097881424,0.0013739649999990888,published_global_clipped_borda,0.0,,
shell,22,10,shell,1.0,alternating,8,3,112,12.0,42.0,0,pl,ok,1.0,1.5456475029942496,0.0,,0.0018267960000173389,hunter_mm,,48.0,2.5142491263555453e-11
shell,22,10,shell,1.0,alternating,8,3,112,12.0,42.0,0,mle,ok,3.0,1.6136418365950285,0.06799433360077889,0.8458853458049513,0.0027234410000005482,exact_subset_dp,,,
shell,22,10,shell,1.0,alternating,8,3,112,12.0,42.0,0,sharp,ok,4.0,1.6359023223430098,0.09025481934876023,0.7698724759713074,0.0034194070000239662,exact_sieve,0.0,,
shell,22,10,shell,1.0,alternating,8,3,112,12.0,42.0,0,efficient,outside_schedule_domain,,,,,5.0532000017255996e-05,unavailable,,,
shell,22,10,shell,1.0,alternating,8,3,112,12.0,42.0,0,borda,ok,1.0,1.547942463454548,0.002294960460298423,0.8458853458049513,0.001559381999982179,published_global_clipped_borda,0.0,,
shell,22,11,shell,1.0,alternating,8,3,112,12.0,42.0,0,pl,ok,0.0,1.5678304967009793,0.0,,0.001971747999988338,hunter_mm,,52.0,2.3294509178737955e-11
shell,22,11,shell,1.0,alternating,8,3,112,12.0,42.0,0,mle,ok,0.0,1.542028172076602,-0.02580232462437726,0.9532945643782407,0.0026596609999955945,exact_subset_dp,,,
shell,22,11,shell,1.0,alternating,8,3,112,12.0,42.0,0,sharp,ok,3.0,1.6155029621726391,0.04767246547165982,0.8589084084290807,0.00369190899999694,exact_sieve,0.0,,
shell,22,11,shell,1.0,alternating,8,3,112,12.0,42.0,0,efficient,outside_schedule_domain,,,,,5.390199999055767e-05,unavailable,,,
shell,22,11,shell,1.0,alternating,8,3,112,12.0,42.0,0,borda,ok,0.0,1.542028172076602,-0.02580232462437726,0.9532945643782407,0.0015965050000090741,published_global_clipped_borda,0.0,,
shell,22,12,shell,1.0,alternating,8,3,112,12.0,42.0,0,pl,ok,4.0,1.5655974900644272,0.0,,0.0023484179999968546,hunter_mm,,44.0,1.814814964973266e-11
shell,22,12,shell,1.0,alternating,8,3,112,12.0,42.0,0,mle,ok,3.0,1.599090258354635,0.03349276829020775,0.7210314373934753,0.004949468999996043,exact_subset_dp,,,
shell,22,12,shell,1.0,alternating,8,3,112,12.0,42.0,0,sharp,ok,4.0,1.6466200881934696,0.08102259812904244,0.5594530460875712,0.0037612369999919792,exact_sieve,0.0,,
shell,22,12,shell,1.0,alternating,8,3,112,12.0,42.0,0,efficient,outside_schedule_domain,,,,,5.2516000010882635e-05,unavailable,,,
shell,22,12,shell,1.0,alternating,8,3,112,12.0,42.0,0,borda,ok,3.0,1.593714308115124,0.028116818050696768,0.6501550097881424,0.0014385849999882794,published_global_clipped_borda,0.0,,
shell,22,13,shell,1.0,alternating,8,3,112,12.0,42.0,0,pl,ok,2.0,1.5548751814686261,0.0,,0.001764728000011928,hunter_mm,,44.0,2.6467716907063732e-11
shell,22,13,shell,1.0,alternating,8,3,112,12.0,42.0,0,mle,ok,5.0,1.6471115954727176,0.09223641400409144,0.7698724759713074,0.002588650999996389,exact_subset_dp,,,
shell,22,13,shell,1.0,alternating,8,3,112,12.0,42.0,0,sharp,ok,5.0,1.6609591936353145,0.10608401216668839,0.7210314373934753,0.003577425999992556,exact_sieve,0.0,,
shell,22,13,shell,1.0,alternating,8,3,112,12.0,42.0,0,efficient,outside_schedule_domain,,,,,4.915999997479048e-05,unavailable,,,
shell,22,13,shell,1.0,alternating,8,3,112,12.0,42.0,0,borda,ok,1.0,1.5486227977033182,-0.006252383765307901,0.7210314373934753,0.001512681999997767,published_global_clipped_borda,0.0,,
shell,22,14,shell,1.0,alternating,8,3,112,12.0,42.0,0,pl,ok,1.0,1.556558016620305,0.0,,0.001826534999992191,hunter_mm,,49.0,1.8855329995761038e-11
shell,22,14,shell,1.0,alternating,8,3,112,12.0,42.0,0,mle,ok,3.0,1.6041303155074387,0.04757229888713366,0.7331149445745953,0.002567060000018273,exact_subset_dp,,,
shell,22,14,shell,1.0,alternating,8,3,112,12.0,42.0,0,sharp,ok,5.0,1.6498923942992818,0.09333437767897679,0.5594530460875712,0.0035992749999991247,exact_sieve,0.0,,
shell,22,14,shell,1.0,alternating,8,3,112,12.0,42.0,0,efficient,outside_schedule_domain,,,,,5.12029999981678e-05,unavailable,,,
shell,22,14,shell,1.0,alternating,8,3,112,12.0,42.0,0,borda,ok,1.0,1.5505322978178955,-0.006025718802409541,0.685257329800172,0.0016942649999975856,published_global_clipped_borda,0.0,,
shell,22,15,shell,1.0,alternating,8,3,112,12.0,42.0,0,pl,ok,1.0,1.5812473836368173,0.0,,0.0018432520000146724,hunter_mm,,49.0,1.9639528099040556e-11
shell,22,15,shell,1.0,alternating,8,3,112,12.0,42.0,0,mle,ok,2.0,1.5792504472995277,-0.00199693633728959,0.7452814445194086,0.002742935000014768,exact_subset_dp,,,
shell,22,15,shell,1.0,alternating,8,3,112,12.0,42.0,0,sharp,ok,1.0,1.5536625183086905,-0.027584865328126762,0.7452814445194086,0.0036752229999876818,exact_sieve,0.0,,
shell,22,15,shell,1.0,alternating,8,3,112,12.0,42.0,0,efficient,outside_schedule_domain,,,,,5.1090999988900876e-05,unavailable,,,
shell,22,15,shell,1.0,alternating,8,3,112,12.0,42.0,0,borda,ok,3.0,1.607610085192047,0.026362701555229684,0.697104725066857,0.001597454999995307,published_global_clipped_borda,0.0,,
shell,22,16,shell,1.0,alternating,8,3,112,12.0,42.0,0,pl,ok,2.0,1.5668341789135694,0.0,,0.002202285999999276,hunter_mm,,62.0,2.012218962883188e-11
shell,22,16,shell,1.0,alternating,8,3,112,12.0,42.0,0,mle,ok,2.0,1.5753270472362675,0.008492868322698133,0.9672795990261153,0.0026359590000026856,exact_subset_dp,,,
shell,22,16,shell,1.0,alternating,8,3,112,12.0,42.0,0,sharp,ok,2.0,1.5942072971126509,0.027373118199081503,0.9257182786944403,0.003379685999988169,exact_sieve,0.0,,
shell,22,16,shell,1.0,alternating,8,3,112,12.0,42.0,0,efficient,outside_schedule_domain,,,,,5.008100001191451e-05,unavailable,,,
shell,22,16,shell,1.0,alternating,8,3,112,12.0,42.0,0,borda,ok,2.0,1.5753270472362675,0.008492868322698133,0.9672795990261153,0.0013611370000035095,published_global_clipped_borda,0.0,,
shell,22,17,shell,1.0,alternating,8,3,112,12.0,42.0,0,pl,ok,3.0,1.5788405945600281,0.0,,0.0019581479999999374,hunter_mm,,53.0,1.7468566276030676e-11
shell,22,17,shell,1.0,alternating,8,3,112,12.0,42.0,0,mle,ok,3.0,1.6106529144727917,0.031812319912763565,0.9121196566486348,0.002518438000009837,exact_subset_dp,,,
shell,22,17,shell,1.0,alternating,8,3,112,12.0,42.0,0,sharp,ok,4.0,1.6240815562247626,0.04524096166473446,0.8986426795612205,0.0032826430000056916,exact_sieve,0.0,,
shell,22,17,shell,1.0,alternating,8,3,112,12.0,42.0,0,efficient,outside_schedule_domain,,,,,4.4958000017913946e-05,unavailable,,,
shell,22,17,shell,1.0,alternating,8,3,112,12.0,42.0,0,borda,ok,4.0,1.6480464843333875,0.0692058897733594,0.8986426795612205,0.0014142729999946368,published_global_clipped_borda,0.0,,
shell,22,18,shell,1.0,alternating,8,3,112,12.0,42.0,0,pl,ok,2.0,1.5517135334419097,0.0,,0.0018884110000101373,hunter_mm,,52.0,2.8538441451278882e-11
shell,22,18,shell,1.0,alternating,8,3,112,12.0,42.0,0,mle,ok,1.0,1.5729106721395052,0.02119713869759554,0.9394420412429931,0.002661496000001762,exact_subset_dp,,,
shell,22,18,shell,1.0,alternating,8,3,112,12.0,42.0,0,sharp,ok,5.0,1.6890809593037202,0.1373674258618105,0.6501550097881424,0.003462092000006578,exact_sieve,0.0,,
shell,22,18,shell,1.0,alternating,8,3,112,12.0,42.0,0,efficient,outside_schedule_domain,,,,,4.7160000008261704e-05,unavailable,,,
shell,22,18,shell,1.0,alternating,8,3,112,12.0,42.0,0,borda,ok,2.0,1.6048892706744071,0.053175737232497466,0.8986426795612205,0.00136835700001825,published_global_clipped_borda,0.0,,
shell,22,19,shell,1.0,alternating,8,3,112,12.0,42.0,0,pl,ok,2.0,1.5657352809894056,0.0,,0.0016467400000124144,hunter_mm,,43.0,1.738114414300591e-11
shell,22,19,shell,1.0,alternating,8,3,112,12.0,42.0,0,mle,ok,0.0,1.53434902919603,-0.03138625179337562,0.832968122258636,0.002556777000023658,exact_subset_dp,,,
shell,22,19,shell,1.0,alternating,8,3,112,12.0,42.0,0,sharp,ok,4.0,1.6838681427752429,0.11813286178583726,0.7210314373934753,0.003542498000001615,exact_sieve,0.0,,
shell,22,19,shell,1.0,alternating,8,3,112,12.0,42.0,0,efficient,outside_schedule_domain,,,,,5.03220000211968e-05,unavailable,,,
shell,22,19,shell,1.0,alternating,8,3,112,12.0,42.0,0,borda,ok,3.0,1.6011560964627152,0.03542081547330955,0.7948233114465767,0.0015814729999874544,published_global_clipped_borda,0.0,,
shell,22,20,shell,1.0,alternating,8,3,112,12.0,42.0,0,pl,ok,1.0,1.5476514842257818,0.0,,0.0017302059999906305,hunter_mm,,45.0,2.1664701778588226e-11
shell,22,20,shell,1.0,alternating,8,3,112,12.0,42.0,0,mle,ok,2.0,1.5692118289840908,0.021560344758309036,0.832968122258636,0.0025836030000050414,exact_subset_dp,,,
shell,22,20,shell,1.0,alternating,8,3,112,12.0,42.0,0,sharp,ok,3.0,1.6015161242677365,0.05386464004195468,0.6501550097881424,0.003439106000001857,exact_sieve,0.0,,
shell,22,20,shell,1.0,alternating,8,3,112,12.0,42.0,0,efficient,outside_schedule_domain,,,,,4.9142999984042035e-05,unavailable,,,
shell,22,20,shell,1.0,alternating,8,3,112,12.0,42.0,0,borda,ok,1.0,1.548689243298522,0.0010377590727401742,0.832968122258636,0.0013859949999925902,published_global_clipped_borda,0.0,,
shell,22,21,shell,1.0,alternating,8,3,112,12.0,42.0,0,pl,ok,1.0,1.542268505941829,0.0,,0.0016147219999993467,hunter_mm,,39.0,1.23095819252025e-11
shell,22,21,shell,1.0,alternating,8,3,112,12.0,42.0,0,mle,ok,1.0,1.5536343835840234,0.011365877642194322,0.7331149445745953,0.002589065999984541,exact_subset_dp,,,
shell,22,21,shell,1.0,alternating,8,3,112,12.0,42.0,0,sharp,ok,3.0,1.5923946276064989,0.05012612166466979,0.6501550097881424,0.003397874000000911,exact_sieve,0.0,,
shell,22,21,shell,1.0,alternating,8,3,112,12.0,42.0,0,efficient,outside_schedule_domain,,,,,5.030200000533114e-05,unavailable,,,
shell,22,21,shell,1.0,alternating,8,3,112,12.0,42.0,0,borda,ok,1.0,1.5660916184296818,0.023823112487852738,0.5817633816848975,0.0015329690000100982,published_global_clipped_borda,0.0,,
shell,22,22,shell,1.0,alternating,8,3,112,12.0,42.0,0,pl,ok,2.0,1.5534134408926517,0.0,,0.0015828589999955511,hunter_mm,,39.0,1.2750816275846383e-11
shell,22,22,shell,1.0,alternating,8,3,112,12.0,42.0,0,mle,ok,2.0,1.5625050579174813,0.009091617024829635,0.8458853458049513,0.002742531999984976,exact_subset_dp,,,
shell,22,22,shell,1.0,alternating,8,3,112,12.0,42.0,0,sharp,ok,2.0,1.5625050579174813,0.009091617024829635,0.8458853458049513,0.003508037000017339,exact_sieve,0.0,,
shell,22,22,shell,1.0,alternating,8,3,112,12.0,42.0,0,efficient,outside_schedule_domain,,,,,5.1149999990229844e-05,unavailable,,,
shell,22,22,shell,1.0,alternating,8,3,112,12.0,42.0,0,borda,ok,1.0,1.5469444258508152,-0.006469015041836501,0.8201538760195531,0.0014007669999784866,published_global_clipped_borda,0.0,,
shell,22,23,shell,1.0,alternating,8,3,112,12.0,42.0,0,pl,ok,2.0,1.542561692658861,0.0,,0.0017862550000131705,hunter_mm,,47.0,1.8994361639101953e-11
shell,22,23,shell,1.0,alternating,8,3,112,12.0,42.0,0,mle,ok,1.0,1.5463201500526567,0.0037584573937956556,0.7823017009175557,0.0025306570000225292,exact_subset_dp,,,
shell,22,23,shell,1.0,alternating,8,3,112,12.0,42.0,0,sharp,ok,5.0,1.6692778823104382,0.12671618965157716,0.6617844044760891,0.0035472379999816894,exact_sieve,0.0,,
shell,22,23,shell,1.0,alternating,8,3,112,12.0,42.0,0,efficient,outside_schedule_domain,,,,,6.804599999554739e-05,unavailable,,,
shell,22,23,shell,1.0,alternating,8,3,112,12.0,42.0,0,borda,ok,3.0,1.5779854868932282,0.035423794234367145,0.7331149445745953,0.0014297989999931815,published_global_clipped_borda,0.0,,
shell,22,24,shell,1.0,alternating,8,3,112,12.0,42.0,0,pl,ok,1.0,1.5593342646458703,0.0,,0.0020679959999938546,hunter_mm,,54.0,2.7088934270328278e-11
shell,22,24,shell,1.0,alternating,8,3,112,12.0,42.0,0,mle,ok,2.0,1.5803920499865531,0.02105778534068281,0.8589084084290807,0.00269600300001116,exact_subset_dp,,,
shell,22,24,shell,1.0,alternating,8,3,112,12.0,42.0,0,sharp,ok,2.0,1.5780002057178062,0.018665941071935865,0.7090287388626768,0.0035943870000210154,exact_sieve,0.0,,
shell,22,24,shell,1.0,alternating,8,3,112,12.0,42.0,0,efficient,outside_schedule_domain,,,,,5.38769999991473e-05,unavailable,,,
shell,22,24,shell,1.0,alternating,8,3,112,12.0,42.0,0,borda,ok,2.0,1.5803920499865531,0.02105778534068281,0.8589084084290807,0.0015236090000030345,published_global_clipped_borda,0.0,,
shell,22,25,shell,1.0,alternating,8,3,112,12.0,42.0,0,pl,ok,3.0,1.5553820709594364,0.0,,0.001587904999979628,hunter_mm,,39.0,1.1366717091375124e-11
shell,22,25,shell,1.0,alternating,8,3,112,12.0,42.0,0,mle,ok,1.0,1.547545989402109,-0.00783608155732729,0.7823017009175557,0.0029199349999942115,exact_subset_dp,,,
shell,22,25,shell,1.0,alternating,8,3,112,12.0,42.0,0,sharp,ok,2.0,1.5779545178620928,0.022572446902656473,0.7210314373934753,0.004498531999985289,exact_sieve,0.0,,
shell,22,25,shell,1.0,alternating,8,3,112,12.0,42.0,0,efficient,outside_schedule_domain,,,,,6.158499999742162e-05,unavailable,,,
shell,22,25,shell,1.0,alternating,8,3,112,12.0,42.0,0,borda,ok,3.0,1.5900142853700818,0.03463221441064546,0.685257329800172,0.0016956759999970927,published_global_clipped_borda,0.0,,
shell,22,26,shell,1.0,alternating,8,3,112,12.0,42.0,0,pl,ok,3.0,1.56495302982113,0.0,,0.0016776230000061787,hunter_mm,,41.0,1.265933389861727e-11
shell,22,26,shell,1.0,alternating,8,3,112,12.0,42.0,0,mle,ok,2.0,1.5655761788136298,0.0006231489924997113,0.7698724759713074,0.0026462129999913486,exact_subset_dp,,,
shell,22,26,shell,1.0,alternating,8,3,112,12.0,42.0,0,sharp,ok,1.0,1.5616038200254425,-0.0033492097956875355,0.6156729370132851,0.0035733549999861225,exact_sieve,0.0,,
shell,22,26,shell,1.0,alternating,8,3,112,12.0,42.0,0,efficient,outside_schedule_domain,,,,,6.48479999938445e-05,unavailable,,,
shell,22,26,shell,1.0,alternating,8,3,112,12.0,42.0,0,borda,ok,4.0,1.6158398744012152,0.05088684458008519,0.7331149445745953,0.0014118880000069112,published_global_clipped_borda,0.0,,
shell,22,27,shell,1.0,alternating,8,3,112,12.0,42.0,0,pl,ok,0.0,1.5399657032142096,0.0,,0.0017107699999883152,hunter_mm,,40.0,2.277930225399619e-11
shell,22,27,shell,1.0,alternating,8,3,112,12.0,42.0,0,mle,ok,1.0,1.5606264575593478,0.020660754345138255,0.7452814445194086,0.0030383129999904668,exact_subset_dp,,,
shell,22,27,shell,1.0,alternating,8,3,112,12.0,42.0,0,sharp,ok,1.0,1.553346271255354,0.013380568041144514,0.6501550097881424,0.0034825930000010885,exact_sieve,0.0,,
shell,22,27,shell,1.0,alternating,8,3,112,12.0,42.0,0,efficient,outside_schedule_domain,,,,,5.298199999970166e-05,unavailable,,,
shell,22,27,shell,1.0,alternating,8,3,112,12.0,42.0,0,borda,ok,1.0,1.5467013163010688,0.006735613086859216,0.7452814445194086,0.0015176649999943947,published_global_clipped_borda,0.0,,
shell,22,28,shell,1.0,alternating,8,3,112,12.0,42.0,0,pl,ok,1.0,1.5494306344915445,0.0,,0.0017824030000213043,hunter_mm,,47.0,1.949906902609655e-11
shell,22,28,shell,1.0,alternating,8,3,112,12.0,42.0,0,mle,ok,0.0,1.5451881429689869,-0.004242491522557623,0.981401033651984,0.0025882920000128706,exact_subset_dp,,,
shell,22,28,shell,1.0,alternating,8,3,112,12.0,42.0,0,sharp,ok,4.0,1.654651073310419,0.10522043881887444,0.832968122258636,0.003829637999984925,exact_sieve,0.0,,
shell,22,28,shell,1.0,alternating,8,3,112,12.0,42.0,0,efficient,outside_schedule_domain,,,,,6.213699998625088e-05,unavailable,,,
shell,22,28,shell,1.0,alternating,8,3,112,12.0,42.0,0,borda,ok,2.0,1.6032706541567248,0.05384001966518026,0.981401033651984,0.0015601299999730145,published_global_clipped_borda,0.0,,
shell,22,29,shell,1.0,alternating,8,3,112,12.0,42.0,0,pl,ok,1.0,1.599815518918721,0.0,,0.002013583000007202,hunter_mm,,51.0,2.546166452280626e-11
shell,22,29,shell,1.0,alternating,8,3,112,12.0,42.0,0,mle,ok,2.0,1.621412932806193,0.02159741388747194,0.981401033651984,0.0025732080000011592,exact_subset_dp,,,
shell,22,29,shell,1.0,alternating,8,3,112,12.0,42.0,0,sharp,ok,3.0,1.6357854654120008,0.03596994649327967,0.8852839704922475,0.0034860280000259536,exact_sieve,0.0,,
shell,22,29,shell,1.0,alternating,8,3,112,12.0,42.0,0,efficient,outside_schedule_domain,,,,,6.057200002373975e-05,unavailable,,,
shell,22,29,shell,1.0,alternating,8,3,112,12.0,42.0,0,borda,ok,1.0,1.5814893192302388,-0.01832619968848226,0.981401033651984,0.0013931909999769232,published_global_clipped_borda,0.0,,
shell,22,30,shell,1.0,alternating,8,3,112,12.0,42.0,0,pl,ok,2.0,1.5401486683498744,0.0,,0.0017247030000078212,hunter_mm,,46.0,1.6655248608848135e-11
shell,22,30,shell,1.0,alternating,8,3,112,12.0,42.0,0,mle,ok,2.0,1.572162853956656,0.03201418560678149,0.8852839704922475,0.0025256880000199544,exact_subset_dp,,,
shell,22,30,shell,1.0,alternating,8,3,112,12.0,42.0,0,sharp,ok,2.0,1.5787478825767414,0.03859921422686696,0.7948233114465767,0.003578585999974848,exact_sieve,0.0,,
shell,22,30,shell,1.0,alternating,8,3,112,12.0,42.0,0,efficient,outside_schedule_domain,,,,,6.354100000294238e-05,unavailable,,,
shell,22,30,shell,1.0,alternating,8,3,112,12.0,42.0,0,borda,ok,1.0,1.5494240019407883,0.009275333590913926,0.8720402655126755,0.0015127770000162855,published_global_clipped_borda,0.0,,
shell,22,31,shell,1.0,alternating,8,3,112,12.0,42.0,0,pl,ok,1.0,1.549625851687023,0.0,,0.0017971359999933156,hunter_mm,,42.0,2.6699721798552544e-11
shell,22,31,shell,1.0,alternating,8,3,112,12.0,42.0,0,mle,ok,1.0,1.559799609801128,0.010173758114105036,0.8986426795612205,0.002544180999990431,exact_subset_dp,,,
shell,22,31,shell,1.0,alternating,8,3,112,12.0,42.0,0,sharp,ok,5.0,1.6777072945048275,0.12808144281780454,0.757533184154752,0.0034155740000016976,exact_sieve,0.0,,
shell,22,31,shell,1.0,alternating,8,3,112,12.0,42.0,0,efficient,outside_schedule_domain,,,,,5.179500001872839e-05,unavailable,,,
shell,22,31,shell,1.0,alternating,8,3,112,12.0,42.0,0,borda,ok,2.0,1.5998489183399922,0.05022306665296927,0.8852839704922475,0.0013398369999890747,published_global_clipped_borda,0.0,,
shell,22,32,shell,1.0,alternating,8,3,112,12.0,42.0,0,pl,ok,1.0,1.5560606337286313,0.0,,0.0016932439999948201,hunter_mm,,42.0,1.488771011232919e-11
shell,22,32,shell,1.0,alternating,8,3,112,12.0,42.0,0,mle,ok,2.0,1.574057203845132,0.017996570116500576,0.8074398347256734,0.002772085000003699,exact_subset_dp,,,
shell,22,32,shell,1.0,alternating,8,3,112,12.0,42.0,0,sharp,ok,5.0,1.6438763831283632,0.0878157493997318,0.6043083947860767,0.0035203070000022763,exact_sieve,0.0,,
shell,22,32,shell,1.0,alternating,8,3,112,12.0,42.0,0,efficient,outside_schedule_domain,,,,,4.981800000791736e-05,unavailable,,,
shell,22,32,shell,1.0,alternating,8,3,112,12.0,42.0,0,borda,ok,1.0,1.5541635815668062,-0.001897052161825119,0.8074398347256734,0.0015713450000021112,published_global_clipped_borda,0.0,,
shell,22,33,shell,1.0,alternating,8,3,112,12.0,42.0,0,pl,ok,2.0,1.5759044278315515,0.0,,0.001588910999998916,hunter_mm,,40.0,1.770970671697926e-11
shell,22,33,shell,1.0,alternating,8,3,112,12.0,42.0,0,mle,ok,4.0,1.6293483795178085,0.05344395168625704,0.6156729370132851,0.0026904100000137987,exact_subset_dp,,,
shell,22,33,shell,1.0,alternating,8,3,112,12.0,42.0,0,sharp,ok,9.0,1.7520632312554538,0.17615880342390233,0.3776710531069181,0.003559909999978572,exact_sieve,0.0,,
shell,22,33,shell,1.0,alternating,8,3,112,12.0,42.0,0,efficient,outside_schedule_domain,,,,,5.057699999611032e-05,unavailable,,,
shell,22,33,shell,1.0,alternating,8,3,112,12.0,42.0,0,borda,ok,2.0,1.5885795450740021,0.012675117242450629,0.5930057567449797,0.0015029360000085035,published_global_clipped_borda,0.0,,
shell,22,34,shell,1.0,alternating,8,3,112,12.0,42.0,0,pl,ok,1.0,1.5545606597119423,0.0,,0.0019048469999916051,hunter_mm,,43.0,1.3886733033327152e-11
shell,22,34,shell,1.0,alternating,8,3,112,12.0,42.0,0,mle,ok,2.0,1.5950765775842304,0.04051591787228803,0.7698724759713074,0.0026441750000003594,exact_subset_dp,,,
shell,22,34,shell,1.0,alternating,8,3,112,12.0,42.0,0,sharp,ok,3.0,1.6151381196405183,0.060577459928575994,0.6617844044760891,0.0034351699999888297,exact_sieve,0.0,,
shell,22,34,shell,1.0,alternating,8,3,112,12.0,42.0,0,efficient,outside_schedule_domain,,,,,5.276100000628503e-05,unavailable,,,
shell,22,34,shell,1.0,alternating,8,3,112,12.0,42.0,0,borda,ok,2.0,1.5875116341308098,0.03295097441886741,0.697104725066857,0.0015411189999952057,published_global_clipped_borda,0.0,,
shell,22,35,shell,1.0,alternating,8,3,112,12.0,42.0,0,pl,ok,0.0,1.55615998099595,0.0,,0.0016548320000140393,hunter_mm,,41.0,1.3525307857824893e-11
shell,22,35,shell,1.0,alternating,8,3,112,12.0,42.0,0,mle,ok,1.0,1.5668331362503796,0.010673155254429467,0.8074398347256734,0.0026543440000068586,exact_subset_dp,,,
shell,22,35,shell,1.0,alternating,8,3,112,12.0,42.0,0,sharp,ok,2.0,1.5920492207888948,0.03588923979294467,0.6271010645696942,0.003583227999996552,exact_sieve,0.0,,
shell,22,35,shell,1.0,alternating,8,3,112,12.0,42.0,0,efficient,outside_schedule_domain,,,,,5.2629000009574156e-05,unavailable,,,
shell,22,35,shell,1.0,alternating,8,3,112,12.0,42.0,0,borda,ok,1.0,1.5668331362503796,0.010673155254429467,0.8074398347256734,0.0015556820000028893,published_global_clipped_borda,0.0,,
shell,22,36,shell,1.0,alternating,8,3,112,12.0,42.0,0,pl,ok,5.0,1.584885213813134,0.0,,0.001792596999990792,hunter_mm,,48.0,2.268788331808277e-11
shell,22,36,shell,1.0,alternating,8,3,112,12.0,42.0,0,mle,ok,3.0,1.6077582995797843,0.02287308576665037,0.8589084084290807,0.0027850479999926847,exact_subset_dp,,,
shell,22,36,shell,1.0,alternating,8,3,112,12.0,42.0,0,sharp,ok,3.0,1.6151504355791828,0.030265221766048844,0.6271010645696942,0.0035356490000140184,exact_sieve,0.0,,
shell,22,36,shell,1.0,alternating,8,3,112,12.0,42.0,0,efficient,outside_schedule_domain,,,,,6.969200001094578e-05,unavailable,,,
shell,22,36,shell,1.0,alternating,8,3,112,12.0,42.0,0,borda,ok,4.0,1.6207449391475102,0.0358597253343762,0.8458853458049513,0.0014586009999959515,published_global_clipped_borda,0.0,,
shell,22,37,shell,1.0,alternating,8,3,112,12.0,42.0,0,pl,ok,3.0,1.569717078508758,0.0,,0.0018156849999968472,hunter_mm,,49.0,1.0314796635871711e-11
shell,22,37,shell,1.0,alternating,8,3,112,12.0,42.0,0,mle,ok,3.0,1.582246811230502,0.012529732721743958,0.832968122258636,0.0025394049999931667,exact_subset_dp,,,
shell,22,37,shell,1.0,alternating,8,3,112,12.0,42.0,0,sharp,ok,6.0,1.6864942946107346,0.11677721610197667,0.6271010645696942,0.003564646999990373,exact_sieve,0.0,,
shell,22,37,shell,1.0,alternating,8,3,112,12.0,42.0,0,efficient,outside_schedule_domain,,,,,4.9312999976791616e-05,unavailable,,,
shell,22,37,shell,1.0,alternating,8,3,112,12.0,42.0,0,borda,ok,3.0,1.5912985365896357,0.021581458080877747,0.757533184154752,0.001386007000007794,published_global_clipped_borda,0.0,,
shell,22,38,shell,1.0,alternating,8,3,112,12.0,42.0,0,pl,ok,1.0,1.5442846207583534,0.0,,0.0018230879999805438,hunter_mm,,47.0,1.9223797157305202e-11
shell,22,38,shell,1.0,alternating,8,3,112,12.0,42.0,0,mle,ok,2.0,1.5667990758065558,0.022514455048202375,0.8074398347256734,0.0027107140000168783,exact_subset_dp,,,
shell,22,38,shell,1.0,alternating,8,3,112,12.0,42.0,0,sharp,ok,5.0,1.6629086594770115,0.11862403871865812,0.5705796667792838,0.0035528310000074725,exact_sieve,0.0,,
shell,22,38,shell,1.0,alternating,8,3,112,12.0,42.0,0,efficient,outside_schedule_domain,,,,,6.161899997891851e-05,unavailable,,,
shell,22,38,shell,1.0,alternating,8,3,112,12.0,42.0,0,borda,ok,1.0,1.5538382336883054,0.009553612929952049,0.7948233114465767,0.0015379700000153207,published_global_clipped_borda,0.0,,
shell,22,39,shell,1.0,alternating,8,3,112,12.0,42.0,0,pl,ok,2.0,1.544334439774695,0.0,,0.001966339000006201,hunter_mm,,53.0,2.1819117940984664e-11
shell,22,39,shell,1.0,alternating,8,3,112,12.0,42.0,0,mle,ok,2.0,1.5725820501993772,0.028247610424682268,0.8720402655126755,0.002631290000010722,exact_subset_dp,,,
shell,22,39,shell,1.0,alternating,8,3,112,12.0,42.0,0,sharp,ok,2.0,1.5677806496019013,0.023446209827206355,0.8074398347256734,0.00357512499999757,exact_sieve,0.0,,
shell,22,39,shell,1.0,alternating,8,3,112,12.0,42.0,0,efficient,outside_schedule_domain,,,,,5.2449999998316343e-05,unavailable,,,
shell,22,39,shell,1.0,alternating,8,3,112,12.0,42.0,0,borda,ok,3.0,1.5815590246031124,0.037224584828417395,0.8201538760195531,0.0013797790000182886,published_global_clipped_borda,0.0,,
shell,23,0,shell,1.0,alternating,8,3,448,48.0,168.0,0,pl,ok,0.0,1.5355539773804168,0.0,,0.0028202339999836568,hunter_mm,,45.0,2.178714351787546e-11
shell,23,0,shell,1.0,alternating,8,3,448,48.0,168.0,0,mle,ok,0.0,1.5345124089638154,-0.0010415684166014127,0.839413685151351,0.0028243680000059612,exact_subset_dp,,,
shell,23,0,shell,1.0,alternating,8,3,448,48.0,168.0,0,sharp,ok,1.0,1.5481330341137443,0.012579056733327487,0.81696607787102,0.011477224999993041,exact_sieve,0.0,,
shell,23,0,shell,1.0,alternating,8,3,448,48.0,168.0,0,efficient,outside_schedule_domain,,,,,9.462699998152857e-05,unavailable,,,
shell,23,0,shell,1.0,alternating,8,3,448,48.0,168.0,0,borda,ok,0.0,1.5345124089638154,-0.0010415684166014127,0.839413685151351,0.0016456120000043484,published_global_clipped_borda,0.0,,
shell,23,1,shell,1.0,alternating,8,3,448,48.0,168.0,0,pl,ok,1.0,1.541439522752551,0.0,,0.002498553999998876,hunter_mm,,41.0,1.7645440664182388e-11
shell,23,1,shell,1.0,alternating,8,3,448,48.0,168.0,0,mle,ok,1.0,1.546380196372384,0.004940673619832969,0.791684110769496,0.002786310999994157,exact_subset_dp,,,
shell,23,1,shell,1.0,alternating,8,3,448,48.0,168.0,0,sharp,ok,2.0,1.5596758239421413,0.018236301189590298,0.776075695237584,0.011500323999996453,exact_sieve,0.0,,
shell,23,1,shell,1.0,alternating,8,3,448,48.0,168.0,0,efficient,outside_schedule_domain,,,,,0.00010797199999501572,unavailable,,,
shell,23,1,shell,1.0,alternating,8,3,448,48.0,168.0,0,borda,ok,1.0,1.546380196372384,0.004940673619832969,0.791684110769496,0.001585021000011011,published_global_clipped_borda,0.0,,
shell,23,2,shell,1.0,alternating,8,3,448,48.0,168.0,0,pl,ok,3.0,1.5504782511557678,0.0,,0.0026230819999852883,hunter_mm,,42.0,1.8510145797076152e-11
shell,23,2,shell,1.0,alternating,8,3,448,48.0,168.0,0,mle,ok,2.0,1.5654642972050532,0.01498604604928544,0.7240446541092876,0.002803986999992958,exact_subset_dp,,,
shell,23,2,shell,1.0,alternating,8,3,448,48.0,168.0,0,sharp,ok,1.0,1.5553646487022372,0.0048863975464694676,0.6941357727405297,0.010908926000013253,exact_sieve,0.0,,
shell,23,2,shell,1.0,alternating,8,3,448,48.0,168.0,0,efficient,outside_schedule_domain,,,,,8.294200000591445e-05,unavailable,,,
shell,23,2,shell,1.0,alternating,8,3,448,48.0,168.0,0,borda,ok,3.0,1.5931802567767768,0.04270200562100901,0.7090287388626768,0.0016117819999976746,published_global_clipped_borda,0.0,,
shell,23,3,shell,1.0,alternating,8,3,448,48.0,168.0,0,pl,ok,2.0,1.540064453125439,0.0,,0.002664520000024595,hunter_mm,,43.0,1.604487971056707e-11
shell,23,3,shell,1.0,alternating,8,3,448,48.0,168.0,0,mle,ok,1.0,1.5615866302630272,0.021522177137588194,0.8042766647277028,0.002820738999986361,exact_subset_dp,,,
shell,23,3,shell,1.0,alternating,8,3,448,48.0,168.0,0,sharp,ok,3.0,1.594585376053277,0.054520922927838056,0.791684110769496,0.011522530000007691,exact_sieve,0.0,,
shell,23,3,shell,1.0,alternating,8,3,448,48.0,168.0,0,efficient,outside_schedule_domain,,,,,0.00010399600000710052,unavailable,,,
shell,23,3,shell,1.0,alternating,8,3,448,48.0,168.0,0,borda,ok,1.0,1.553669293662908,0.01360484053746891,0.7854233449861958,0.001674440000016375,published_global_clipped_borda,0.0,,
shell,23,4,shell,1.0,alternating,8,3,448,48.0,168.0,0,pl,ok,2.0,1.5355354190911596,0.0,,0.0026958690000071783,hunter_mm,,44.0,2.269257797544404e-11
shell,23,4,shell,1.0,alternating,8,3,448,48.0,168.0,0,mle,ok,2.0,1.561217879145298,0.025682460054138323,0.8233479365601499,0.0027761309999903006,exact_subset_dp,,,
shell,23,4,shell,1.0,alternating,8,3,448,48.0,168.0,0,sharp,ok,3.0,1.5801337358598126,0.044598316768653,0.7979684437893203,0.011642276999992873,exact_sieve,0.0,,
shell,23,4,shell,1.0,alternating,8,3,448,48.0,168.0,0,efficient,outside_schedule_domain,,,,,9.110900001019218e-05,unavailable,,,
shell,23,4,shell,1.0,alternating,8,3,448,48.0,168.0,0,borda,ok,3.0,1.5801337358598126,0.044598316768653,0.7979684437893203,0.001592657000003328,published_global_clipped_borda,0.0,,
shell,23,5,shell,1.0,alternating,8,3,448,48.0,168.0,0,pl,ok,1.0,1.5363194741983832,0.0,,0.002655213999986472,hunter_mm,,44.0,1.7303999503123382e-11
shell,23,5,shell,1.0,alternating,8,3,448,48.0,168.0,0,mle,ok,1.0,1.546333151583755,0.010013677385371844,0.7854233449861958,0.0027982379999969,exact_subset_dp,,,
shell,23,5,shell,1.0,alternating,8,3,448,48.0,168.0,0,sharp,ok,2.0,1.5772058470192971,0.0408863728209139,0.7544621327077489,0.01097871999999711,exact_sieve,0.0,,
shell,23,5,shell,1.0,alternating,8,3,448,48.0,168.0,0,efficient,outside_schedule_domain,,,,,8.527800000024399e-05,unavailable,,,
shell,23,5,shell,1.0,alternating,8,3,448,48.0,168.0,0,borda,ok,1.0,1.546333151583755,0.010013677385371844,0.7854233449861958,0.001603355000014517,published_global_clipped_borda,0.0,,
shell,23,6,shell,1.0,alternating,8,3,448,48.0,168.0,0,pl,ok,1.0,1.5392680842988207,0.0,,0.0025516639999807467,hunter_mm,,42.0,1.559736466966959e-11
shell,23,6,shell,1.0,alternating,8,3,448,48.0,168.0,0,mle,ok,1.0,1.5520659054507109,0.01279782115189021,0.6647027331115386,0.0027447699999925135,exact_subset_dp,,,
shell,23,6,shell,1.0,alternating,8,3,448,48.0,168.0,0,sharp,ok,0.0,1.5409165938961864,0.0016485095973657327,0.6617844044760891,0.01069158199999265,exact_sieve,0.0,,
shell,23,6,shell,1.0,alternating,8,3,448,48.0,168.0,0,efficient,outside_schedule_domain,,,,,9.156299998380746e-05,unavailable,,,
shell,23,6,shell,1.0,alternating,8,3,448,48.0,168.0,0,borda,ok,1.0,1.5584001873614743,0.01913210306265367,0.6501550097881424,0.0014228690000095412,published_global_clipped_borda,0.0,,
shell,23,7,shell,1.0,alternating,8,3,448,48.0,168.0,0,pl,ok,0.0,1.542551078281824,0.0,,0.0024517960000025596,hunter_mm,,41.0,1.6664384158307908e-11
shell,23,7,shell,1.0,alternating,8,3,448,48.0,168.0,0,mle,ok,0.0,1.5350385285685109,-0.007512549713313055,0.7452814445194086,0.002769628000010016,exact_subset_dp,,,
shell,23,7,shell,1.0,alternating,8,3,448,48.0,168.0,0,sharp,ok,0.0,1.5350385285685109,-0.007512549713313055,0.7452814445194086,0.011225975000002109,exact_sieve,0.0,,
shell,23,7,shell,1.0,alternating,8,3,448,48.0,168.0,0,efficient,outside_schedule_domain,,,,,8.793099999593323e-05,unavailable,,,
shell,23,7,shell,1.0,alternating,8,3,448,48.0,168.0,0,borda,ok,1.0,1.554668323276236,0.012117244994412024,0.7090287388626768,0.0015654070000152842,published_global_clipped_borda,0.0,,
shell,23,8,shell,1.0,alternating,8,3,448,48.0,168.0,0,pl,ok,1.0,1.5337802783841765,0.0,,0.002729668000000629,hunter_mm,,43.0,2.382037424451612e-11
shell,23,8,shell,1.0,alternating,8,3,448,48.0,168.0,0,mle,ok,1.0,1.5478870273235756,0.014106748939399116,0.8074398347256734,0.0028313230000094336,exact_subset_dp,,,
shell,23,8,shell,1.0,alternating,8,3,448,48.0,168.0,0,sharp,ok,1.0,1.546380196372384,0.012599917988207476,0.791684110769496,0.011078991999994514,exact_sieve,0.0,,
shell,23,8,shell,1.0,alternating,8,3,448,48.0,168.0,0,efficient,outside_schedule_domain,,,,,8.3275000008598e-05,unavailable,,,
shell,23,8,shell,1.0,alternating,8,3,448,48.0,168.0,0,borda,ok,2.0,1.5600978130748497,0.026317534690673217,0.7948233114465767,0.0015685129999951641,published_global_clipped_borda,0.0,,
shell,23,9,shell,1.0,alternating,8,3,448,48.0,168.0,0,pl,ok,0.0,1.5349578666331682,0.0,,0.002610613999991074,hunter_mm,,43.0,1.6750474023703125e-11
shell,23,9,shell,1.0,alternating,8,3,448,48.0,168.0,0,mle,ok,0.0,1.5340065017772115,-0.0009513648559567045,0.8106090992009355,0.002601821999974163,exact_subset_dp,,,
shell,23,9,shell,1.0,alternating,8,3,448,48.0,168.0,0,sharp,ok,1.0,1.565364108521203,0.030406241888034646,0.7483362990178007,0.01067869699997459,exact_sieve,0.0,,
shell,23,9,shell,1.0,alternating,8,3,448,48.0,168.0,0,efficient,outside_schedule_domain,,,,,7.630400000380178e-05,unavailable,,,
shell,23,9,shell,1.0,alternating,8,3,448,48.0,168.0,0,borda,ok,2.0,1.5653057202149543,0.030347853581786044,0.7698724759713074,0.0014728069999989657,published_global_clipped_borda,0.0,,
shell,23,10,shell,1.0,alternating,8,3,448,48.0,168.0,0,pl,ok,0.0,1.533453172288306,0.0,,0.002667809000001853,hunter_mm,,46.0,1.5484312245104904e-11
shell,23,10,shell,1.0,alternating,8,3,448,48.0,168.0,0,mle,ok,0.0,1.5346107410288814,0.0011575687405753765,0.757533184154752,0.0025789110000005167,exact_subset_dp,,,
shell,23,10,shell,1.0,alternating,8,3,448,48.0,168.0,0,sharp,ok,3.0,1.5899904095898734,0.056537237301567345,0.6882121065231049,0.010936101999988068,exact_sieve,0.0,,
shell,23,10,shell,1.0,alternating,8,3,448,48.0,168.0,0,efficient,outside_schedule_domain,,,,,7.430499999827589e-05,unavailable,,,
shell,23,10,shell,1.0,alternating,8,3,448,48.0,168.0,0,borda,ok,1.0,1.5466322131360024,0.013179040847696388,0.7483362990178007,0.0015661159999922347,published_global_clipped_borda,0.0,,
shell,23,11,shell,1.0,alternating,8,3,448,48.0,168.0,0,pl,ok,1.0,1.540770900773034,0.0,,0.0024832990000049904,hunter_mm,,41.0,1.786399599674431e-11
shell,23,11,shell,1.0,alternating,8,3,448,48.0,168.0,0,mle,ok,1.0,1.5475311420041793,0.006760241231145381,0.776075695237584,0.00262219399999708,exact_subset_dp,,,
shell,23,11,shell,1.0,alternating,8,3,448,48.0,168.0,0,sharp,ok,1.0,1.5653562001892638,0.02458529941622989,0.7422319171816304,0.010935805000002574,exact_sieve,0.0,,
shell,23,11,shell,1.0,alternating,8,3,448,48.0,168.0,0,efficient,outside_schedule_domain,,,,,8.593600000494916e-05,unavailable,,,
shell,23,11,shell,1.0,alternating,8,3,448,48.0,168.0,0,borda,ok,1.0,1.5475311420041793,0.006760241231145381,0.776075695237584,0.0014736900000116293,published_global_clipped_borda,0.0,,
shell,23,12,shell,1.0,alternating,8,3,448,48.0,168.0,0,pl,ok,1.0,1.537613105145235,0.0,,0.0026380719999963276,hunter_mm,,44.0,2.6505147283322524e-11
shell,23,12,shell,1.0,alternating,8,3,448,48.0,168.0,0,mle,ok,1.0,1.5494314391829913,0.011818334037756228,0.8491310752359388,0.002879497999998648,exact_subset_dp,,,
shell,23,12,shell,1.0,alternating,8,3,448,48.0,168.0,0,sharp,ok,1.0,1.5494314391829913,0.011818334037756228,0.8491310752359388,0.010869226000011167,exact_sieve,0.0,,
shell,23,12,shell,1.0,alternating,8,3,448,48.0,168.0,0,efficient,outside_schedule_domain,,,,,7.668700001772777e-05,unavailable,,,
shell,23,12,shell,1.0,alternating,8,3,448,48.0,168.0,0,borda,ok,1.0,1.5494314391829913,0.011818334037756228,0.8491310752359388,0.0015593919999901118,published_global_clipped_borda,0.0,,
shell,23,13,shell,1.0,alternating,8,3,448,48.0,168.0,0,pl,ok,0.0,1.5344632558132962,0.0,,0.002650958999993236,hunter_mm,,44.0,1.9309950464016115e-11
shell,23,13,shell,1.0,alternating,8,3,448,48.0,168.0,0,mle,ok,0.0,1.5347053416843068,0.00024208587101059997,0.8458853458049513,0.0028000720000136425,exact_subset_dp,,,
shell,23,13,shell,1.0,alternating,8,3,448,48.0,168.0,0,sharp,ok,1.0,1.5617083312703446,0.02724507545704835,0.8074398347256734,0.0110987699999896,exact_sieve,0.0,,
shell,23,13,shell,1.0,alternating,8,3,448,48.0,168.0,0,efficient,outside_schedule_domain,,,,,7.977999999297936e-05,unavailable,,,
shell,23,13,shell,1.0,alternating,8,3,448,48.0,168.0,0,borda,ok,0.0,1.5347053416843068,0.00024208587101059997,0.8458853458049513,0.001573256000000356,published_global_clipped_borda,0.0,,
shell,23,14,shell,1.0,alternating,8,3,448,48.0,168.0,0,pl,ok,0.0,1.5415734515682868,0.0,,0.002968958999986171,hunter_mm,,51.0,1.9287555679576532e-11
shell,23,14,shell,1.0,alternating,8,3,448,48.0,168.0,0,mle,ok,0.0,1.5340338274539824,-0.007539624114304422,0.8137844996447892,0.002585178000003907,exact_subset_dp,,,
shell,23,14,shell,1.0,alternating,8,3,448,48.0,168.0,0,sharp,ok,1.0,1.5537888924475296,0.012215440879242756,0.8042766647277028,0.011564967000026627,exact_sieve,0.0,,
shell,23,14,shell,1.0,alternating,8,3,448,48.0,168.0,0,efficient,outside_schedule_domain,,,,,9.015300000214665e-05,unavailable,,,
shell,23,14,shell,1.0,alternating,8,3,448,48.0,168.0,0,borda,ok,0.0,1.5340338274539824,-0.007539624114304422,0.8137844996447892,0.0014847859999918,published_global_clipped_borda,0.0,,
shell,23,15,shell,1.0,alternating,8,3,448,48.0,168.0,0,pl,ok,1.0,1.53760532284836,0.0,,0.0026749289999941084,hunter_mm,,46.0,2.156383008663657e-11
shell,23,15,shell,1.0,alternating,8,3,448,48.0,168.0,0,mle,ok,0.0,1.5340132554149053,-0.0035920674334546376,0.7885508018261497,0.002524641999997357,exact_subset_dp,,,
shell,23,15,shell,1.0,alternating,8,3,448,48.0,168.0,0,sharp,ok,0.0,1.5340132554149053,-0.0035920674334546376,0.7885508018261497,0.010842249999996056,exact_sieve,0.0,,
shell,23,15,shell,1.0,alternating,8,3,448,48.0,168.0,0,efficient,outside_schedule_domain,,,,,7.456800000227304e-05,unavailable,,,
shell,23,15,shell,1.0,alternating,8,3,448,48.0,168.0,0,borda,ok,1.0,1.5475887897321328,0.009983466883772829,0.7885508018261497,0.001421686000014688,published_global_clipped_borda,0.0,,
shell,23,16,shell,1.0,alternating,8,3,448,48.0,168.0,0,pl,ok,1.0,1.5399837400370155,0.0,,0.0028622579999932896,hunter_mm,,49.0,2.4295422816424305e-11
shell,23,16,shell,1.0,alternating,8,3,448,48.0,168.0,0,mle,ok,1.0,1.547791599375138,0.007807859338122558,0.8426462308593962,0.002630590999984861,exact_subset_dp,,,
shell,23,16,shell,1.0,alternating,8,3,448,48.0,168.0,0,sharp,ok,1.0,1.547791599375138,0.007807859338122558,0.8426462308593962,0.010601401999991822,exact_sieve,0.0,,
shell,23,16,shell,1.0,alternating,8,3,448,48.0,168.0,0,efficient,outside_schedule_domain,,,,,6.971899998120534e-05,unavailable,,,
shell,23,16,shell,1.0,alternating,8,3,448,48.0,168.0,0,borda,ok,1.0,1.5540714373448719,0.014087697307856306,0.8042766647277028,0.0016466960000229847,published_global_clipped_borda,0.0,,
shell,23,17,shell,1.0,alternating,8,3,448,48.0,168.0,0,pl,ok,2.0,1.536307884669604,0.0,,0.002594282000018211,hunter_mm,,44.0,1.948206675349086e-11
shell,23,17,shell,1.0,alternating,8,3,448,48.0,168.0,0,mle,ok,1.0,1.5471494814848181,0.010841596815214016,0.8265483022961607,0.002764775000002828,exact_subset_dp,,,
shell,23,17,shell,1.0,alternating,8,3,448,48.0,168.0,0,sharp,ok,1.0,1.5533182786398947,0.017010393970290583,0.7791858305831347,0.010421575999998822,exact_sieve,0.0,,
shell,23,17,shell,1.0,alternating,8,3,448,48.0,168.0,0,efficient,outside_schedule_domain,,,,,7.122599998865553e-05,unavailable,,,
shell,23,17,shell,1.0,alternating,8,3,448,48.0,168.0,0,borda,ok,2.0,1.5602956815877362,0.02398779691813213,0.8011195480346118,0.0015726450000101977,published_global_clipped_borda,0.0,,
shell,23,18,shell,1.0,alternating,8,3,448,48.0,168.0,0,pl,ok,0.0,1.5318740418512538,0.0,,0.0025970510000092872,hunter_mm,,44.0,1.8157983053665052e-11
shell,23,18,shell,1.0,alternating,8,3,448,48.0,168.0,0,mle,ok,0.0,1.5339671771223733,0.0020931352711195395,0.8011195480346118,0.00279369799997653,exact_subset_dp,,,
shell,23,18,shell,1.0,alternating,8,3,448,48.0,168.0,0,sharp,ok,0.0,1.5339671771223733,0.0020931352711195395,0.8011195480346118,0.011536215000006678,exact_sieve,0.0,,
shell,23,18,shell,1.0,alternating,8,3,448,48.0,168.0,0,efficient,outside_schedule_domain,,,,,8.822200001645797e-05,unavailable,,,
shell,23,18,shell,1.0,alternating,8,3,448,48.0,168.0,0,borda,ok,0.0,1.5339671771223733,0.0020931352711195395,0.8011195480346118,0.0018013660000235632,published_global_clipped_borda,0.0,,
shell,23,19,shell,1.0,alternating,8,3,448,48.0,168.0,0,pl,ok,0.0,1.540907625379346,0.0,,0.0036564309999960187,hunter_mm,,55.0,2.369653679628365e-11
shell,23,19,shell,1.0,alternating,8,3,448,48.0,168.0,0,mle,ok,0.0,1.5347053416843068,-0.006202283695039057,0.8458853458049513,0.0031997399999852405,exact_subset_dp,,,
shell,23,19,shell,1.0,alternating,8,3,448,48.0,168.0,0,sharp,ok,2.0,1.5944229801634453,0.05351535478409941,0.757533184154752,0.010675741000000016,exact_sieve,0.0,,
shell,23,19,shell,1.0,alternating,8,3,448,48.0,168.0,0,efficient,outside_schedule_domain,,,,,6.985300001360883e-05,unavailable,,,
shell,23,19,shell,1.0,alternating,8,3,448,48.0,168.0,0,borda,ok,0.0,1.5347053416843068,-0.006202283695039057,0.8458853458049513,0.0020227820000116026,published_global_clipped_borda,0.0,,
shell,23,20,shell,1.0,alternating,8,3,448,48.0,168.0,0,pl,ok,2.0,1.5336186908461635,0.0,,0.0025877109999896675,hunter_mm,,41.0,1.3385546639353508e-11
shell,23,20,shell,1.0,alternating,8,3,448,48.0,168.0,0,mle,ok,0.0,1.5354287826892363,0.001810091843072792,0.7361487023127573,0.0027790910000078384,exact_subset_dp,,,
shell,23,20,shell,1.0,alternating,8,3,448,48.0,168.0,0,sharp,ok,2.0,1.5666257375140544,0.033007046667890894,0.7090287388626768,0.01061489800000004,exact_sieve,0.0,,
shell,23,20,shell,1.0,alternating,8,3,448,48.0,168.0,0,efficient,outside_schedule_domain,,,,,8.435600000211707e-05,unavailable,,,
shell,23,20,shell,1.0,alternating,8,3,448,48.0,168.0,0,borda,ok,2.0,1.5652576674952168,0.03163897664905324,0.7210314373934753,0.0015516379999951369,published_global_clipped_borda,0.0,,
shell,23,21,shell,1.0,alternating,8,3,448,48.0,168.0,0,pl,ok,2.0,1.535844409936753,0.0,,0.002549630999993724,hunter_mm,,43.0,1.6110478030993493e-11
shell,23,21,shell,1.0,alternating,8,3,448,48.0,168.0,0,mle,ok,1.0,1.5533182786398947,0.017473868703141715,0.7791858305831347,0.0026267390000214164,exact_subset_dp,,,
shell,23,21,shell,1.0,alternating,8,3,448,48.0,168.0,0,sharp,ok,4.0,1.5963900441037322,0.06054563416697922,0.7422319171816304,0.010659375999978238,exact_sieve,0.0,,
shell,23,21,shell,1.0,alternating,8,3,448,48.0,168.0,0,efficient,outside_schedule_domain,,,,,7.322900000872323e-05,unavailable,,,
shell,23,21,shell,1.0,alternating,8,3,448,48.0,168.0,0,borda,ok,2.0,1.565251150251876,0.029406740315123026,0.766779315990074,0.00156738900000164,published_global_clipped_borda,0.0,,
shell,23,22,shell,1.0,alternating,8,3,448,48.0,168.0,0,pl,ok,1.0,1.5343706096713208,0.0,,0.0025309010000000853,hunter_mm,,42.0,1.873847109225478e-11
shell,23,22,shell,1.0,alternating,8,3,448,48.0,168.0,0,mle,ok,1.0,1.5540758025722892,0.019705192900968393,0.7180232709244534,0.002760811000001695,exact_subset_dp,,,
shell,23,22,shell,1.0,alternating,8,3,448,48.0,168.0,0,sharp,ok,3.0,1.5778777584308301,0.04350714875950934,0.697104725066857,0.010709426000005351,exact_sieve,0.0,,
shell,23,22,shell,1.0,alternating,8,3,448,48.0,168.0,0,efficient,outside_schedule_domain,,,,,7.375100000217572e-05,unavailable,,,
shell,23,22,shell,1.0,alternating,8,3,448,48.0,168.0,0,borda,ok,1.0,1.5503381787542945,0.015967569082973698,0.6882121065231049,0.001569423000006509,published_global_clipped_borda,0.0,,
shell,23,23,shell,1.0,alternating,8,3,448,48.0,168.0,0,pl,ok,0.0,1.536867903913727,0.0,,0.0032168390000038016,hunter_mm,,54.0,2.0675271019042286e-11
shell,23,23,shell,1.0,alternating,8,3,448,48.0,168.0,0,mle,ok,0.0,1.5359459557545811,-0.0009219481591458134,0.8753405845218964,0.0026221220000195444,exact_subset_dp,,,
shell,23,23,shell,1.0,alternating,8,3,448,48.0,168.0,0,sharp,ok,0.0,1.5359459557545811,-0.0009219481591458134,0.8753405845218964,0.010666327999985015,exact_sieve,0.0,,
shell,23,23,shell,1.0,alternating,8,3,448,48.0,168.0,0,efficient,outside_schedule_domain,,,,,7.6734000003853e-05,unavailable,,,
shell,23,23,shell,1.0,alternating,8,3,448,48.0,168.0,0,borda,ok,0.0,1.5359459557545811,-0.0009219481591458134,0.8753405845218964,0.001418140999987827,published_global_clipped_borda,0.0,,
shell,23,24,shell,1.0,alternating,8,3,448,48.0,168.0,0,pl,ok,1.0,1.5332578054790718,0.0,,0.0024712659999863718,hunter_mm,,41.0,1.774149081614139e-11
shell,23,24,shell,1.0,alternating,8,3,448,48.0,168.0,0,mle,ok,0.0,1.5342900700105795,0.0010322645315077317,0.7698724759713074,0.0025999460000036834,exact_subset_dp,,,
shell,23,24,shell,1.0,alternating,8,3,448,48.0,168.0,0,sharp,ok,2.0,1.5779787763392932,0.04472097086022142,0.7120219548409804,0.010784935999993195,exact_sieve,0.0,,
shell,23,24,shell,1.0,alternating,8,3,448,48.0,168.0,0,efficient,outside_schedule_domain,,,,,7.462299998906019e-05,unavailable,,,
shell,23,24,shell,1.0,alternating,8,3,448,48.0,168.0,0,borda,ok,2.0,1.5662784915262238,0.033020686047152026,0.7300863735775438,0.0015712130000054003,published_global_clipped_borda,0.0,,
shell,23,25,shell,1.0,alternating,8,3,448,48.0,168.0,0,pl,ok,1.0,1.5396448537276877,0.0,,0.0030239069999993262,hunter_mm,,52.0,2.1903050801646325e-11
shell,23,25,shell,1.0,alternating,8,3,448,48.0,168.0,0,mle,ok,0.0,1.542028172076602,0.002383318348914365,0.9532945643782407,0.00277799899998854,exact_subset_dp,,,
shell,23,25,shell,1.0,alternating,8,3,448,48.0,168.0,0,sharp,ok,0.0,1.542028172076602,0.002383318348914365,0.9532945643782407,0.010739150999995672,exact_sieve,0.0,,
shell,23,25,shell,1.0,alternating,8,3,448,48.0,168.0,0,efficient,outside_schedule_domain,,,,,8.205199998201351e-05,unavailable,,,
shell,23,25,shell,1.0,alternating,8,3,448,48.0,168.0,0,borda,ok,1.0,1.5522819026608499,0.012637048933162198,0.9087391420563987,0.0015810320000184674,published_global_clipped_borda,0.0,,
shell,23,26,shell,1.0,alternating,8,3,448,48.0,168.0,0,pl,ok,1.0,1.543471485202697,0.0,,0.0027486580000015692,hunter_mm,,48.0,1.9164098879238215e-11
shell,23,26,shell,1.0,alternating,8,3,448,48.0,168.0,0,mle,ok,1.0,1.5510156457693771,0.007544160566680169,0.8753405845218964,0.0025440499999831445,exact_subset_dp,,,
shell,23,26,shell,1.0,alternating,8,3,448,48.0,168.0,0,sharp,ok,2.0,1.571129349342959,0.027657864140262056,0.8589084084290807,0.01052086300001065,exact_sieve,0.0,,
shell,23,26,shell,1.0,alternating,8,3,448,48.0,168.0,0,efficient,outside_schedule_domain,,,,,7.053499999187807e-05,unavailable,,,
shell,23,26,shell,1.0,alternating,8,3,448,48.0,168.0,0,borda,ok,3.0,1.5808285024786708,0.03735701727597385,0.8137844996447892,0.001394877000024053,published_global_clipped_borda,0.0,,
shell,23,27,shell,1.0,alternating,8,3,448,48.0,168.0,0,pl,ok,1.0,1.5329060636935685,0.0,,0.0025829160000228057,hunter_mm,,41.0,1.8195794077818003e-11
shell,23,27,shell,1.0,alternating,8,3,448,48.0,168.0,0,mle,ok,0.0,1.5345204726707449,0.0016144089771763515,0.7606097072789118,0.0028848139999979594,exact_subset_dp,,,
shell,23,27,shell,1.0,alternating,8,3,448,48.0,168.0,0,sharp,ok,1.0,1.547696374418824,0.014790310725255384,0.7544621327077489,0.010236677000023064,exact_sieve,0.0,,
shell,23,27,shell,1.0,alternating,8,3,448,48.0,168.0,0,efficient,outside_schedule_domain,,,,,7.173399998805507e-05,unavailable,,,
shell,23,27,shell,1.0,alternating,8,3,448,48.0,168.0,0,borda,ok,1.0,1.5478978504957464,0.014991786802177831,0.7120219548409804,0.0015646779999940463,published_global_clipped_borda,0.0,,
shell,23,28,shell,1.0,alternating,8,3,448,48.0,168.0,0,pl,ok,1.0,1.537054923548145,0.0,,0.002918795999988788,hunter_mm,,49.0,1.7550469014590167e-11
shell,23,28,shell,1.0,alternating,8,3,448,48.0,168.0,0,mle,ok,0.0,1.5369046161033606,-0.00015030744478439217,0.891948748105368,0.0027252640000199335,exact_subset_dp,,,
shell,23,28,shell,1.0,alternating,8,3,448,48.0,168.0,0,sharp,ok,1.0,1.550790458476059,0.013735534927914017,0.8720402655126755,0.010155734999983679,exact_sieve,0.0,,
shell,23,28,shell,1.0,alternating,8,3,448,48.0,168.0,0,efficient,outside_schedule_domain,,,,,6.843299999559349e-05,unavailable,,,
shell,23,28,shell,1.0,alternating,8,3,448,48.0,168.0,0,borda,ok,1.0,1.5482668825066912,0.011211958958546209,0.852383464765803,0.0015284579999956804,published_global_clipped_borda,0.0,,
shell,23,29,shell,1.0,alternating,8,3,448,48.0,168.0,0,pl,ok,1.0,1.5353799003824475,0.0,,0.002649429999991071,hunter_mm,,46.0,1.6375028317432746e-11
shell,23,29,shell,1.0,alternating,8,3,448,48.0,168.0,0,mle,ok,0.0,1.5340780383675818,-0.0013018620148657067,0.7823017009175557,0.00257244799999512,exact_subset_dp,,,
shell,23,29,shell,1.0,alternating,8,3,448,48.0,168.0,0,sharp,ok,1.0,1.5535881385270567,0.018208238144609146,0.7513965164149394,0.009722490000001471,exact_sieve,0.0,,
shell,23,29,shell,1.0,alternating,8,3,448,48.0,168.0,0,efficient,outside_schedule_domain,,,,,6.887000000688204e-05,unavailable,,,
shell,23,29,shell,1.0,alternating,8,3,448,48.0,168.0,0,borda,ok,0.0,1.5340780383675818,-0.0013018620148657067,0.7823017009175557,0.0014080540000236397,published_global_clipped_borda,0.0,,
shell,23,30,shell,1.0,alternating,8,3,448,48.0,168.0,0,pl,ok,2.0,1.5361784763205177,0.0,,0.0026540549999936047,hunter_mm,,46.0,1.8270083858494347e-11
shell,23,30,shell,1.0,alternating,8,3,448,48.0,168.0,0,mle,ok,0.0,1.534158846723167,-0.0020196295973506917,0.8233479365601499,0.0027130099999794766,exact_subset_dp,,,
shell,23,30,shell,1.0,alternating,8,3,448,48.0,168.0,0,sharp,ok,0.0,1.534158846723167,-0.0020196295973506917,0.8233479365601499,0.01047859700000231,exact_sieve,0.0,,
shell,23,30,shell,1.0,alternating,8,3,448,48.0,168.0,0,efficient,outside_schedule_domain,,,,,6.774499999551153e-05,unavailable,,,
shell,23,30,shell,1.0,alternating,8,3,448,48.0,168.0,0,borda,ok,2.0,1.567017025898026,0.030838549577508312,0.7885508018261497,0.001413960000007819,published_global_clipped_borda,0.0,,
shell,23,31,shell,1.0,alternating,8,3,448,48.0,168.0,0,pl,ok,1.0,1.5331853950609224,0.0,,0.002607706999981474,hunter_mm,,45.0,1.6989267135971075e-11
shell,23,31,shell,1.0,alternating,8,3,448,48.0,168.0,0,mle,ok,0.0,1.53434902919603,0.0011636341351075608,0.832968122258636,0.0025718670000003385,exact_subset_dp,,,
shell,23,31,shell,1.0,alternating,8,3,448,48.0,168.0,0,sharp,ok,2.0,1.5657853609876193,0.032599965926696894,0.7791858305831347,0.010296694000004436,exact_sieve,0.0,,
shell,23,31,shell,1.0,alternating,8,3,448,48.0,168.0,0,efficient,outside_schedule_domain,,,,,6.96699999878092e-05,unavailable,,,
shell,23,31,shell,1.0,alternating,8,3,448,48.0,168.0,0,borda,ok,1.0,1.5466915913196688,0.013506196258746384,0.8106090992009355,0.0013974940000025526,published_global_clipped_borda,0.0,,
shell,23,32,shell,1.0,alternating,8,3,448,48.0,168.0,0,pl,ok,2.0,1.5360594272977062,0.0,,0.002599932999999055,hunter_mm,,44.0,2.1198915638771202e-11
shell,23,32,shell,1.0,alternating,8,3,448,48.0,168.0,0,mle,ok,1.0,1.5475350845317322,0.011475657234025993,0.7791858305831347,0.002582613999976502,exact_subset_dp,,,
shell,23,32,shell,1.0,alternating,8,3,448,48.0,168.0,0,sharp,ok,1.0,1.5606144325366755,0.024555005238969363,0.7483362990178007,0.010942778000014641,exact_sieve,0.0,,
shell,23,32,shell,1.0,alternating,8,3,448,48.0,168.0,0,efficient,outside_schedule_domain,,,,,7.391100001541417e-05,unavailable,,,
shell,23,32,shell,1.0,alternating,8,3,448,48.0,168.0,0,borda,ok,2.0,1.5665497822451309,0.03049035494742469,0.7544621327077489,0.0014465950000044359,published_global_clipped_borda,0.0,,
shell,23,33,shell,1.0,alternating,8,3,448,48.0,168.0,0,pl,ok,1.0,1.5358164264532137,0.0,,0.0025776280000116003,hunter_mm,,43.0,1.5908861529721564e-11
shell,23,33,shell,1.0,alternating,8,3,448,48.0,168.0,0,mle,ok,0.0,1.533968195405972,-0.001848231047241633,0.7979684437893203,0.0028026299999908133,exact_subset_dp,,,
shell,23,33,shell,1.0,alternating,8,3,448,48.0,168.0,0,sharp,ok,1.0,1.5464652542361206,0.010648827782906878,0.757533184154752,0.010017855000000964,exact_sieve,0.0,,
shell,23,33,shell,1.0,alternating,8,3,448,48.0,168.0,0,efficient,outside_schedule_domain,,,,,6.978499999377163e-05,unavailable,,,
shell,23,33,shell,1.0,alternating,8,3,448,48.0,168.0,0,borda,ok,1.0,1.5464652542361206,0.010648827782906878,0.757533184154752,0.0013470130000143854,published_global_clipped_borda,0.0,,
shell,23,34,shell,1.0,alternating,8,3,448,48.0,168.0,0,pl,ok,1.0,1.5322667443965345,0.0,,0.002481552000006104,hunter_mm,,44.0,1.767690755676605e-11
shell,23,34,shell,1.0,alternating,8,3,448,48.0,168.0,0,mle,ok,1.0,1.5494314391829913,0.01716469478645677,0.8491310752359388,0.002635338999994019,exact_subset_dp,,,
shell,23,34,shell,1.0,alternating,8,3,448,48.0,168.0,0,sharp,ok,0.0,1.534605165986218,0.002338421589683559,0.8426462308593962,0.009990386999987777,exact_sieve,0.0,,
shell,23,34,shell,1.0,alternating,8,3,448,48.0,168.0,0,efficient,outside_schedule_domain,,,,,6.594300000983822e-05,unavailable,,,
shell,23,34,shell,1.0,alternating,8,3,448,48.0,168.0,0,borda,ok,0.0,1.534605165986218,0.002338421589683559,0.8426462308593962,0.0013915880000183734,published_global_clipped_borda,0.0,,
shell,23,35,shell,1.0,alternating,8,3,448,48.0,168.0,0,pl,ok,1.0,1.545602212250469,0.0,,0.0025137760000006892,hunter_mm,,43.0,1.544986361068368e-11
shell,23,35,shell,1.0,alternating,8,3,448,48.0,168.0,0,mle,ok,1.0,1.553520970561995,0.007918758311526108,0.7636917388705126,0.002703276000005417,exact_subset_dp,,,
shell,23,35,shell,1.0,alternating,8,3,448,48.0,168.0,0,sharp,ok,1.0,1.553520970561995,0.007918758311526108,0.7636917388705126,0.010253561000013178,exact_sieve,0.0,,
shell,23,35,shell,1.0,alternating,8,3,448,48.0,168.0,0,efficient,outside_schedule_domain,,,,,6.830800001011994e-05,unavailable,,,
shell,23,35,shell,1.0,alternating,8,3,448,48.0,168.0,0,borda,ok,2.0,1.5754774524888595,0.02987524023839061,0.7422319171816304,0.0014306859999919652,published_global_clipped_borda,0.0,,
shell,23,36,shell,1.0,alternating,8,3,448,48.0,168.0,0,pl,ok,1.0,1.5361364212799589,0.0,,0.0026893689999951675,hunter_mm,,47.0,2.4733485101283545e-11
shell,23,36,shell,1.0,alternating,8,3,448,48.0,168.0,0,mle,ok,0.0,1.5340338274539824,-0.00210259382597644,0.8137844996447892,0.0026107950000096025,exact_subset_dp,,,
shell,23,36,shell,1.0,alternating,8,3,448,48.0,168.0,0,sharp,ok,2.0,1.5995372840334368,0.0634008627534779,0.7331149445745953,0.010261955000004264,exact_sieve,0.0,,
shell,23,36,shell,1.0,alternating,8,3,448,48.0,168.0,0,efficient,outside_schedule_domain,,,,,7.046700000046258e-05,unavailable,,,
shell,23,36,shell,1.0,alternating,8,3,448,48.0,168.0,0,borda,ok,1.0,1.5478194716929132,0.011683050412954366,0.8042766647277028,0.001558349999982056,published_global_clipped_borda,0.0,,
shell,23,37,shell,1.0,alternating,8,3,448,48.0,168.0,0,pl,ok,1.0,1.5362110219620155,0.0,,0.002685659000007945,hunter_mm,,47.0,1.820968772595474e-11
shell,23,37,shell,1.0,alternating,8,3,448,48.0,168.0,0,mle,ok,0.0,1.5341099716531545,-0.0021010503088609855,0.8201538760195531,0.0024871230000087508,exact_subset_dp,,,
shell,23,37,shell,1.0,alternating,8,3,448,48.0,168.0,0,sharp,ok,1.0,1.5619736884875315,0.025762666525515954,0.8137844996447892,0.00996994000001905,exact_sieve,0.0,,
shell,23,37,shell,1.0,alternating,8,3,448,48.0,168.0,0,efficient,outside_schedule_domain,,,,,6.701800000996627e-05,unavailable,,,
shell,23,37,shell,1.0,alternating,8,3,448,48.0,168.0,0,borda,ok,1.0,1.5466217973994159,0.010410775437400321,0.8074398347256734,0.0015219809999962308,published_global_clipped_borda,0.0,,
shell,23,38,shell,1.0,alternating,8,3,448,48.0,168.0,0,pl,ok,0.0,1.538272856198021,0.0,,0.0026885590000063075,hunter_mm,,48.0,2.4087208418320317e-11
shell,23,38,shell,1.0,alternating,8,3,448,48.0,168.0,0,mle,ok,0.0,1.5339863031596663,-0.004286553038354679,0.8074398347256734,0.002698473999998896,exact_subset_dp,,,
shell,23,38,shell,1.0,alternating,8,3,448,48.0,168.0,0,sharp,ok,1.0,1.5536271348314137,0.01535427863339267,0.7823017009175557,0.01003548400001364,exact_sieve,0.0,,
shell,23,38,shell,1.0,alternating,8,3,448,48.0,168.0,0,efficient,outside_schedule_domain,,,,,6.517299999586612e-05,unavailable,,,
shell,23,38,shell,1.0,alternating,8,3,448,48.0,168.0,0,borda,ok,0.0,1.5339863031596663,-0.004286553038354679,0.8074398347256734,0.0014844780000089486,published_global_clipped_borda,0.0,,
shell,23,39,shell,1.0,alternating,8,3,448,48.0,168.0,0,pl,ok,2.0,1.5392822630103675,0.0,,0.0026885279999930844,hunter_mm,,47.0,2.1039995142960575e-11
shell,23,39,shell,1.0,alternating,8,3,448,48.0,168.0,0,mle,ok,0.0,1.5339732040367637,-0.005309058973603786,0.8042766647277028,0.002680470000001378,exact_subset_dp,,,
shell,23,39,shell,1.0,alternating,8,3,448,48.0,168.0,0,sharp,ok,1.0,1.5538382336883054,0.014555970677937902,0.7948233114465767,0.010521395000012035,exact_sieve,0.0,,
shell,23,39,shell,1.0,alternating,8,3,448,48.0,168.0,0,efficient,outside_schedule_domain,,,,,7.211299998743925e-05,unavailable,,,
shell,23,39,shell,1.0,alternating,8,3,448,48.0,168.0,0,borda,ok,2.0,1.5653673062609634,0.026085043250595907,0.7729712564241071,0.0015538779999815233,published_global_clipped_borda,0.0,,
shell,24,0,shell,2.0,alternating,8,3,28,3.0,10.5,0,pl,ok,2.0,1.6642346882737615,0.0,,0.00388530600000081,hunter_mm,,141.0,2.6801894037475904e-11
shell,24,0,shell,2.0,alternating,8,3,28,3.0,10.5,0,mle,ok,2.0,1.6099838568752987,-0.05425083139846287,1.0246248379567524,0.003178952000013169,exact_subset_dp,,,
shell,24,0,shell,2.0,alternating,8,3,28,3.0,10.5,0,sharp,ok,10.0,1.7754851685692041,0.1112504802954426,0.48304091257642995,0.0019620820000056938,exact_sieve,0.0,,
shell,24,0,shell,2.0,alternating,8,3,28,3.0,10.5,0,efficient,outside_schedule_domain,,,,,3.758700000844328e-05,unavailable,,,
shell,24,0,shell,2.0,alternating,8,3,28,3.0,10.5,0,borda,ok,2.0,1.5885758577252733,-0.07565883054848821,0.8589084084290807,0.0014891989999910038,published_global_clipped_borda,0.0,,
shell,24,1,shell,2.0,alternating,8,3,28,3.0,10.5,0,pl,ok,0.0,1.578995130420941,0.0,,0.0023160980000227482,hunter_mm,,81.0,1.601728273824067e-11
shell,24,1,shell,2.0,alternating,8,3,28,3.0,10.5,0,mle,ok,1.0,1.5879879796308698,0.00899284920992871,1.1470129282507922,0.0029589730000054715,exact_subset_dp,,,
shell,24,1,shell,2.0,alternating,8,3,28,3.0,10.5,0,sharp,ok,7.0,1.7211512964387679,0.14215616601782677,0.6617844044760891,0.0018966070000203672,exact_sieve,0.0,,
shell,24,1,shell,2.0,alternating,8,3,28,3.0,10.5,0,efficient,outside_schedule_domain,,,,,3.58350000055907e-05,unavailable,,,
shell,24,1,shell,2.0,alternating,8,3,28,3.0,10.5,0,borda,ok,1.0,1.5942680031269179,0.01527287270597677,1.0844293045104068,0.0019427629999881901,published_global_clipped_borda,0.0,,
shell,24,2,shell,2.0,alternating,8,3,28,3.0,10.5,0,pl,ok,3.0,1.658662294590842,0.0,,0.001557919000021002,hunter_mm,,50.0,1.848153376369867e-11
shell,24,2,shell,2.0,alternating,8,3,28,3.0,10.5,0,mle,ok,7.0,1.85483812510959,0.19617583051874798,1.0844293045104068,0.0030994530000043596,exact_subset_dp,,,
shell,24,2,shell,2.0,alternating,8,3,28,3.0,10.5,0,sharp,ok,11.0,1.7840165581250376,0.12535426353419554,0.07799027688065245,0.0019043940000074144,exact_sieve,0.0,,
shell,24,2,shell,2.0,alternating,8,3,28,3.0,10.5,0,efficient,outside_schedule_domain,,,,,3.468400001338523e-05,unavailable,,,
shell,24,2,shell,2.0,alternating,8,3,28,3.0,10.5,0,borda,ok,4.0,1.6886503516908515,0.029988057100009513,0.9672795990261153,0.001372054000000844,published_global_clipped_borda,0.0,,
shell,24,3,shell,2.0,alternating,8,3,28,3.0,10.5,0,pl,ok,1.0,1.645020176663062,0.0,,0.0020210669999869424,hunter_mm,,72.0,2.187152046774697e-11
shell,24,3,shell,2.0,alternating,8,3,28,3.0,10.5,0,mle,ok,3.0,1.6917250336479013,0.04670485698483917,1.0246248379567524,0.0029448250000143616,exact_subset_dp,,,
shell,24,3,shell,2.0,alternating,8,3,28,3.0,10.5,0,sharp,ok,13.0,1.7958399720308544,0.15081979536779233,0.23562881521737206,0.0019336759999930564,exact_sieve,0.0,,
shell,24,3,shell,2.0,alternating,8,3,28,3.0,10.5,0,efficient,outside_schedule_domain,,,,,3.510900000947004e-05,unavailable,,,
shell,24,3,shell,2.0,alternating,8,3,28,3.0,10.5,0,borda,ok,6.0,1.7551857665495907,0.11016558988652858,0.757533184154752,0.0013356609999846114,published_global_clipped_borda,0.0,,
shell,24,4,shell,2.0,alternating,8,3,28,3.0,10.5,0,pl,ok,3.0,1.6093048425989682,0.0,,0.002374811999999338,hunter_mm,,87.0,1.7897493011430144e-11
shell,24,4,shell,2.0,alternating,8,3,28,3.0,10.5,0,mle,ok,1.0,1.5745707817324766,-0.03473406086649167,1.0844293045104068,0.0031041159999745105,exact_subset_dp,,,
shell,24,4,shell,2.0,alternating,8,3,28,3.0,10.5,0,sharp,ok,9.0,1.7341972413737263,0.1248923987747581,0.3570395237671002,0.002028727000009667,exact_sieve,0.0,,
shell,24,4,shell,2.0,alternating,8,3,28,3.0,10.5,0,efficient,outside_schedule_domain,,,,,3.39739999901667e-05,unavailable,,,
shell,24,4,shell,2.0,alternating,8,3,28,3.0,10.5,0,borda,ok,1.0,1.548605857363778,-0.06069898523519024,0.9672795990261153,0.0013294149999865112,published_global_clipped_borda,0.0,,
shell,24,5,shell,2.0,alternating,8,3,28,3.0,10.5,0,pl,ok,2.0,1.7506312664309052,0.0,,0.004910453999997344,hunter_mm,,198.0,2.8246040427250462e-11
shell,24,5,shell,2.0,alternating,8,3,28,3.0,10.5,0,mle,ok,3.0,1.7411213486979333,-0.009509917732971829,1.355592246167523,0.0029455769999913173,exact_subset_dp,,,
shell,24,5,shell,2.0,alternating,8,3,28,3.0,10.5,0,sharp,ok,6.0,1.7154433291214537,-0.03518793730945147,0.8589084084290807,0.0021678720000011253,exact_sieve,0.0,,
shell,24,5,shell,2.0,alternating,8,3,28,3.0,10.5,0,efficient,outside_schedule_domain,,,,,4.160000000297259e-05,unavailable,,,
shell,24,5,shell,2.0,alternating,8,3,28,3.0,10.5,0,borda,ok,3.0,1.672329141646837,-0.07830212478406806,1.2820987754788464,0.0017627409999931842,published_global_clipped_borda,0.0,,
shell,24,6,shell,2.0,alternating,8,3,28,3.0,10.5,0,pl,ok,7.0,1.7054418653362604,0.0,,0.0013429250000172033,hunter_mm,,42.0,2.5337700191942402e-11
shell,24,6,shell,2.0,alternating,8,3,28,3.0,10.5,0,mle,ok,6.0,1.7238932007809022,0.018451335444641837,1.0246248379567524,0.0029927319999956126,exact_subset_dp,,,
shell,24,6,shell,2.0,alternating,8,3,28,3.0,10.5,0,sharp,ok,9.0,1.7111299901855905,0.005688124849330123,0.5705796667792838,0.002146562999996604,exact_sieve,0.0,,
shell,24,6,shell,2.0,alternating,8,3,28,3.0,10.5,0,efficient,outside_schedule_domain,,,,,3.98800000027677e-05,unavailable,,,
shell,24,6,shell,2.0,alternating,8,3,28,3.0,10.5,0,borda,ok,7.0,1.6832741409582455,-0.022167724378014952,0.757533184154752,0.001332843000000139,published_global_clipped_borda,0.0,,
shell,24,7,shell,2.0,alternating,8,3,28,3.0,10.5,0,pl,no_unique_finite_mle,,,,,0.0002679760000035003,hunter_mm,,,
shell,24,7,shell,2.0,alternating,8,3,28,3.0,10.5,0,mle,ok,4.0,1.8402080913639896,,1.4338950196876177,0.0029282250000051135,exact_subset_dp,,,
shell,24,7,shell,2.0,alternating,8,3,28,3.0,10.5,0,sharp,ok,6.0,1.7106965023414076,,0.8074398347256734,0.0020451869999931205,exact_sieve,0.0,,
shell,24,7,shell,2.0,alternating,8,3,28,3.0,10.5,0,efficient,outside_schedule_domain,,,,,3.4121999988201424e-05,unavailable,,,
shell,24,7,shell,2.0,alternating,8,3,28,3.0,10.5,0,borda,ok,5.0,1.7815443588045798,,1.0844293045104068,0.001847410000010541,published_global_clipped_borda,0.0,,
shell,24,8,shell,2.0,alternating,8,3,28,3.0,10.5,0,pl,ok,3.0,1.5122640866867412,0.0,,0.0018596319999915067,hunter_mm,,64.0,1.449145565451155e-11
shell,24,8,shell,2.0,alternating,8,3,28,3.0,10.5,0,mle,ok,3.0,1.6200797726321747,0.10781568594543356,1.0246248379567524,0.002975313000007418,exact_subset_dp,,,
shell,24,8,shell,2.0,alternating,8,3,28,3.0,10.5,0,sharp,ok,9.0,1.7351891764205414,0.2229250897338002,0.44041348850630796,0.0020970909999959986,exact_sieve,0.0,,
shell,24,8,shell,2.0,alternating,8,3,28,3.0,10.5,0,efficient,outside_schedule_domain,,,,,3.70660000044154e-05,unavailable,,,
shell,24,8,shell,2.0,alternating,8,3,28,3.0,10.5,0,borda,ok,2.0,1.54836023704979,0.03609615036304881,0.8074398347256734,0.0014749750000078166,published_global_clipped_borda,0.0,,
shell,24,9,shell,2.0,alternating,8,3,28,3.0,10.5,0,pl,ok,4.0,1.5983059485810946,0.0,,0.002552124999994021,hunter_mm,,97.0,2.5023570517289174e-11
shell,24,9,shell,2.0,alternating,8,3,28,3.0,10.5,0,mle,ok,3.0,1.6133694910311331,0.015063542450038492,1.2127529326707367,0.003312095000012505,exact_subset_dp,,,
shell,24,9,shell,2.0,alternating,8,3,28,3.0,10.5,0,sharp,ok,9.0,1.8096263469281793,0.2113203983470846,0.8074398347256734,0.0021715720000088368,exact_sieve,0.0,,
shell,24,9,shell,2.0,alternating,8,3,28,3.0,10.5,0,efficient,outside_schedule_domain,,,,,4.056800000284966e-05,unavailable,,,
shell,24,9,shell,2.0,alternating,8,3,28,3.0,10.5,0,borda,ok,3.0,1.6457885812393245,0.04748263265822983,1.1470129282507922,0.0017865229999927124,published_global_clipped_borda,0.0,,
shell,24,10,shell,2.0,alternating,8,3,28,3.0,10.5,0,pl,ok,2.0,1.568730537190548,0.0,,0.0019878899999810073,hunter_mm,,72.0,3.02412698057911e-11
shell,24,10,shell,2.0,alternating,8,3,28,3.0,10.5,0,mle,ok,5.0,1.7493171821891491,0.1805866449986011,1.1470129282507922,0.0028925360000187084,exact_subset_dp,,,
shell,24,10,shell,2.0,alternating,8,3,28,3.0,10.5,0,sharp,ok,11.0,1.7959308682817514,0.2272003310912034,0.39843792971796577,0.002080322000011847,exact_sieve,0.0,,
shell,24,10,shell,2.0,alternating,8,3,28,3.0,10.5,0,efficient,outside_schedule_domain,,,,,3.5394999997606647e-05,unavailable,,,
shell,24,10,shell,2.0,alternating,8,3,28,3.0,10.5,0,borda,ok,3.0,1.6305573771112702,0.06182683992072224,1.1470129282507922,0.0018253689999880862,published_global_clipped_borda,0.0,,
shell,24,11,shell,2.0,alternating,8,3,28,3.0,10.5,0,pl,ok,2.0,1.5270343522640224,0.0,,0.0016139049999992494,hunter_mm,,54.0,1.832182025144188e-11
shell,24,11,shell,2.0,alternating,8,3,28,3.0,10.5,0,mle,ok,3.0,1.610297963195523,0.08326361093150059,0.8074398347256734,0.002648090999997521,exact_subset_dp,,,
shell,24,11,shell,2.0,alternating,8,3,28,3.0,10.5,0,sharp,ok,3.0,1.5952863809610651,0.06825202869704272,0.6156729370132851,0.0020227919999911137,exact_sieve,0.0,,
shell,24,11,shell,2.0,alternating,8,3,28,3.0,10.5,0,efficient,outside_schedule_domain,,,,,3.450400001270282e-05,unavailable,,,
shell,24,11,shell,2.0,alternating,8,3,28,3.0,10.5,0,borda,ok,2.0,1.567143992485719,0.040109640221696496,0.757533184154752,0.001316906999988987,published_global_clipped_borda,0.0,,
shell,24,12,shell,2.0,alternating,8,3,28,3.0,10.5,0,pl,ok,3.0,1.6626092447000214,0.0,,0.0035203990000240992,hunter_mm,,134.0,3.3612858528288465e-11
shell,24,12,shell,2.0,alternating,8,3,28,3.0,10.5,0,mle,ok,4.0,1.6977093716198781,0.035100126919856756,1.1470129282507922,0.0030160409999950843,exact_subset_dp,,,
shell,24,12,shell,2.0,alternating,8,3,28,3.0,10.5,0,sharp,ok,12.0,1.8112726486352595,0.14866340393523814,0.44041348850630796,0.002131743000006736,exact_sieve,0.0,,
shell,24,12,shell,2.0,alternating,8,3,28,3.0,10.5,0,efficient,outside_schedule_domain,,,,,3.965300001596006e-05,unavailable,,,
shell,24,12,shell,2.0,alternating,8,3,28,3.0,10.5,0,borda,ok,5.0,1.6575222651586188,-0.005086979541402581,1.0246248379567524,0.0019372339999961241,published_global_clipped_borda,0.0,,
shell,24,13,shell,2.0,alternating,8,3,28,3.0,10.5,0,pl,ok,3.0,1.7404251195393405,0.0,,0.002220671000003449,hunter_mm,,81.0,2.0176305071117895e-11
shell,24,13,shell,2.0,alternating,8,3,28,3.0,10.5,0,mle,ok,4.0,1.670600043455577,-0.06982507608376354,1.1470129282507922,0.0030469430000152897,exact_subset_dp,,,
shell,24,13,shell,2.0,alternating,8,3,28,3.0,10.5,0,sharp,ok,11.0,1.7493978430987327,0.00897272355939216,0.31614842415667943,0.002054865999980393,exact_sieve,0.0,,
shell,24,13,shell,2.0,alternating,8,3,28,3.0,10.5,0,efficient,outside_schedule_domain,,,,,3.7675999976727326e-05,unavailable,,,
shell,24,13,shell,2.0,alternating,8,3,28,3.0,10.5,0,borda,ok,4.0,1.6530550912402824,-0.08737002829905816,1.0246248379567524,0.0017873970000152894,published_global_clipped_borda,0.0,,
shell,24,14,shell,2.0,alternating,8,3,28,3.0,10.5,0,pl,ok,5.0,1.6560262791011733,0.0,,0.0023214619999976094,hunter_mm,,86.0,3.000346003391639e-11
shell,24,14,shell,2.0,alternating,8,3,28,3.0,10.5,0,mle,ok,5.0,1.7355209240395215,0.07949464493834824,0.9672795990261153,0.002424727000004623,exact_subset_dp,,,
shell,24,14,shell,2.0,alternating,8,3,28,3.0,10.5,0,sharp,ok,7.0,1.7111574748581428,0.055131195756969564,0.757533184154752,0.0018832259999896905,exact_sieve,0.0,,
shell,24,14,shell,2.0,alternating,8,3,28,3.0,10.5,0,efficient,outside_schedule_domain,,,,,3.6911999984567956e-05,unavailable,,,
shell,24,14,shell,2.0,alternating,8,3,28,3.0,10.5,0,borda,ok,4.0,1.604577427734362,-0.05144885136681121,0.8074398347256734,0.0015508540000155335,published_global_clipped_borda,0.0,,
shell,24,15,shell,2.0,alternating,8,3,28,3.0,10.5,0,pl,ok,4.0,1.892027635524313,0.0,,0.0031008999999926345,hunter_mm,,119.0,1.7063176268753264e-11
shell,24,15,shell,2.0,alternating,8,3,28,3.0,10.5,0,mle,ok,5.0,1.7414183069281464,-0.1506093285961667,1.2820987754788464,0.0030086659999994936,exact_subset_dp,,,
shell,24,15,shell,2.0,alternating,8,3,28,3.0,10.5,0,sharp,ok,4.0,1.644624689023253,-0.2474029465010601,0.757533184154752,0.0019199019999973643,exact_sieve,0.0,,
shell,24,15,shell,2.0,alternating,8,3,28,3.0,10.5,0,efficient,outside_schedule_domain,,,,,3.898099998878024e-05,unavailable,,,
shell,24,15,shell,2.0,alternating,8,3,28,3.0,10.5,0,borda,ok,4.0,1.7192754051215164,-0.17275223040279664,1.2127529326707367,0.0018946550000009665,published_global_clipped_borda,0.0,,
shell,24,16,shell,2.0,alternating,8,3,28,3.0,10.5,0,pl,ok,7.0,1.6683630219703502,0.0,,0.001601104999991776,hunter_mm,,50.0,2.1197456488510268e-11
shell,24,16,shell,2.0,alternating,8,3,28,3.0,10.5,0,mle,ok,10.0,1.9220257895742447,0.2536627676038945,1.0246248379567524,0.003000299999996514,exact_subset_dp,,,
shell,24,16,shell,2.0,alternating,8,3,28,3.0,10.5,0,sharp,ok,8.0,1.7220014130003938,0.05363839103004353,0.39843792971796577,0.002025180999993381,exact_sieve,0.0,,
shell,24,16,shell,2.0,alternating,8,3,28,3.0,10.5,0,efficient,outside_schedule_domain,,,,,3.6856000008356204e-05,unavailable,,,
shell,24,16,shell,2.0,alternating,8,3,28,3.0,10.5,0,borda,ok,8.0,1.7211638827626414,0.05280086079229118,0.8074398347256734,0.001493549999992183,published_global_clipped_borda,0.0,,
shell,24,17,shell,2.0,alternating,8,3,28,3.0,10.5,0,pl,ok,7.0,1.5985990447472158,0.0,,0.001690812999981972,hunter_mm,,57.0,2.902846217369058e-11
shell,24,17,shell,2.0,alternating,8,3,28,3.0,10.5,0,mle,ok,6.0,1.692144994729762,0.09354594998254617,0.757533184154752,0.00246930399998746,exact_subset_dp,,,
shell,24,17,shell,2.0,alternating,8,3,28,3.0,10.5,0,sharp,ok,12.0,1.8066179218875793,0.2080188771403635,0.39843792971796577,0.0020258579999961057,exact_sieve,0.0,,
shell,24,17,shell,2.0,alternating,8,3,28,3.0,10.5,0,efficient,outside_schedule_domain,,,,,3.3516999991434204e-05,unavailable,,,
shell,24,17,shell,2.0,alternating,8,3,28,3.0,10.5,0,borda,ok,4.0,1.6387147857769866,0.04011574102977078,0.7090287388626768,0.001472487999990335,published_global_clipped_borda,0.0,,
shell,24,18,shell,2.0,alternating,8,3,28,3.0,10.5,0,pl,ok,5.0,1.6665701727565045,0.0,,0.0017324370000153522,hunter_mm,,57.0,1.8672872771828354e-11
shell,24,18,shell,2.0,alternating,8,3,28,3.0,10.5,0,mle,ok,5.0,1.7323963547202756,0.0658261819637711,1.0246248379567524,0.0028487929999982953,exact_subset_dp,,,
shell,24,18,shell,2.0,alternating,8,3,28,3.0,10.5,0,sharp,ok,12.0,1.8034427460744826,0.13687257331797809,0.44041348850630796,0.0020137959999999566,exact_sieve,0.0,,
shell,24,18,shell,2.0,alternating,8,3,28,3.0,10.5,0,efficient,outside_schedule_domain,,,,,3.5316999998258325e-05,unavailable,,,
shell,24,18,shell,2.0,alternating,8,3,28,3.0,10.5,0,borda,ok,5.0,1.7323963547202756,0.0658261819637711,1.0246248379567524,0.00177969799997868,published_global_clipped_borda,0.0,,
shell,24,19,shell,2.0,alternating,8,3,28,3.0,10.5,0,pl,ok,4.0,1.5989241321342273,0.0,,0.0018385999999850355,hunter_mm,,64.0,2.3753094729223837e-11
shell,24,19,shell,2.0,alternating,8,3,28,3.0,10.5,0,mle,ok,3.0,1.600386670801938,0.0014625386677107333,1.0246248379567524,0.0029075760000125683,exact_subset_dp,,,
shell,24,19,shell,2.0,alternating,8,3,28,3.0,10.5,0,sharp,ok,5.0,1.6444167689176905,0.04549263678346316,0.6156729370132851,0.0020247630000085337,exact_sieve,0.0,,
shell,24,19,shell,2.0,alternating,8,3,28,3.0,10.5,0,efficient,outside_schedule_domain,,,,,3.4700999975711966e-05,unavailable,,,
shell,24,19,shell,2.0,alternating,8,3,28,3.0,10.5,0,borda,ok,4.0,1.6202264428810205,0.02130231074679312,0.8074398347256734,0.0014144980000025953,published_global_clipped_borda,0.0,,
shell,24,20,shell,2.0,alternating,8,3,28,3.0,10.5,0,pl,ok,4.0,1.5891554748481376,0.0,,0.001581145000017159,hunter_mm,,52.0,1.8087245986667508e-11
shell,24,20,shell,2.0,alternating,8,3,28,3.0,10.5,0,mle,ok,3.0,1.6330905098684294,0.043935035020291835,1.0844293045104068,0.0030487919999870883,exact_subset_dp,,,
shell,24,20,shell,2.0,alternating,8,3,28,3.0,10.5,0,sharp,ok,5.0,1.6118370219784306,0.022681547130293023,0.7090287388626768,0.002083169000002272,exact_sieve,0.0,,
shell,24,20,shell,2.0,alternating,8,3,28,3.0,10.5,0,efficient,outside_schedule_domain,,,,,3.665799999907904e-05,unavailable,,,
shell,24,20,shell,2.0,alternating,8,3,28,3.0,10.5,0,borda,ok,4.0,1.6664106782049475,0.07725520335680991,1.0844293045104068,0.0019006610000076307,published_global_clipped_borda,0.0,,
shell,24,21,shell,2.0,alternating,8,3,28,3.0,10.5,0,pl,ok,2.0,1.515702834396735,0.0,,0.0016857760000164035,hunter_mm,,58.0,1.9217897114945768e-11
shell,24,21,shell,2.0,alternating,8,3,28,3.0,10.5,0,mle,ok,2.0,1.5527658423198691,0.03706300792313422,0.9121196566486348,0.0024369289999981447,exact_subset_dp,,,
shell,24,21,shell,2.0,alternating,8,3,28,3.0,10.5,0,sharp,ok,12.0,1.7693447811335972,0.25364194673686224,0.1958788216280591,0.0021903800000018236,exact_sieve,0.0,,
shell,24,21,shell,2.0,alternating,8,3,28,3.0,10.5,0,efficient,outside_schedule_domain,,,,,3.7754999993921956e-05,unavailable,,,
shell,24,21,shell,2.0,alternating,8,3,28,3.0,10.5,0,borda,ok,2.0,1.5527658423198691,0.03706300792313422,0.9121196566486348,0.001342672000021139,published_global_clipped_borda,0.0,,
shell,24,22,shell,2.0,alternating,8,3,28,3.0,10.5,0,pl,ok,3.0,1.524718143542731,0.0,,0.0018396590000122615,hunter_mm,,65.0,2.5234163964731645e-11
shell,24,22,shell,2.0,alternating,8,3,28,3.0,10.5,0,mle,ok,3.0,1.5890120040940152,0.06429386055128417,0.8074398347256734,0.0026154570000187505,exact_subset_dp,,,
shell,24,22,shell,2.0,alternating,8,3,28,3.0,10.5,0,sharp,ok,9.0,1.7185239884797903,0.1938058449370592,0.39843792971796577,0.001991266999993968,exact_sieve,0.0,,
shell,24,22,shell,2.0,alternating,8,3,28,3.0,10.5,0,efficient,outside_schedule_domain,,,,,3.3275000021149026e-05,unavailable,,,
shell,24,22,shell,2.0,alternating,8,3,28,3.0,10.5,0,borda,ok,4.0,1.6042900891869536,0.07957194564422254,0.7090287388626768,0.0014633079999839538,published_global_clipped_borda,0.0,,
shell,24,23,shell,2.0,alternating,8,3,28,3.0,10.5,0,pl,ok,4.0,1.5877930630165844,0.0,,0.002443705000018781,hunter_mm,,91.0,3.147320499457302e-11
shell,24,23,shell,2.0,alternating,8,3,28,3.0,10.5,0,mle,ok,4.0,1.6325127864121671,0.04471972339558272,0.9672795990261153,0.0024751040000126068,exact_subset_dp,,,
shell,24,23,shell,2.0,alternating,8,3,28,3.0,10.5,0,sharp,ok,13.0,1.8168869871751465,0.2290939241585621,0.44041348850630796,0.002082741999998916,exact_sieve,0.0,,
shell,24,23,shell,2.0,alternating,8,3,28,3.0,10.5,0,efficient,outside_schedule_domain,,,,,3.8908999982822934e-05,unavailable,,,
shell,24,23,shell,2.0,alternating,8,3,28,3.0,10.5,0,borda,ok,5.0,1.6258977250855575,0.038104662068973116,0.8589084084290807,0.0014634830000090915,published_global_clipped_borda,0.0,,
shell,24,24,shell,2.0,alternating,8,3,28,3.0,10.5,0,pl,ok,4.0,1.664703064175073,0.0,,0.0023116730000083408,hunter_mm,,86.0,1.42313462601708e-11
shell,24,24,shell,2.0,alternating,8,3,28,3.0,10.5,0,mle,ok,4.0,1.7022368582454788,0.03753379407040569,1.2820987754788464,0.0029874649999896974,exact_subset_dp,,,
shell,24,24,shell,2.0,alternating,8,3,28,3.0,10.5,0,sharp,ok,9.0,1.7448040927519215,0.08010102857684842,0.7090287388626768,0.0020379300000001876,exact_sieve,0.0,,
shell,24,24,shell,2.0,alternating,8,3,28,3.0,10.5,0,efficient,outside_schedule_domain,,,,,3.408000000604261e-05,unavailable,,,
shell,24,24,shell,2.0,alternating,8,3,28,3.0,10.5,0,borda,ok,3.0,1.662843098924039,-0.0018599652510340459,1.2820987754788464,0.0018055909999930009,published_global_clipped_borda,0.0,,
shell,24,25,shell,2.0,alternating,8,3,28,3.0,10.5,0,pl,ok,4.0,1.7300747062724007,0.0,,0.0018353560000150537,hunter_mm,,65.0,3.006306315000984e-11
shell,24,25,shell,2.0,alternating,8,3,28,3.0,10.5,0,mle,ok,4.0,1.6731534950037443,-0.056921211268656347,1.0246248379567524,0.002837022999983674,exact_subset_dp,,,
shell,24,25,shell,2.0,alternating,8,3,28,3.0,10.5,0,sharp,ok,8.0,1.8110194890906894,0.08094478281828876,0.757533184154752,0.0018491209999922376,exact_sieve,0.0,,
shell,24,25,shell,2.0,alternating,8,3,28,3.0,10.5,0,efficient,outside_schedule_domain,,,,,3.361599999607279e-05,unavailable,,,
shell,24,25,shell,2.0,alternating,8,3,28,3.0,10.5,0,borda,ok,6.0,1.704561852989774,-0.025512853282626757,0.9121196566486348,0.0013562469999897075,published_global_clipped_borda,0.0,,
shell,24,26,shell,2.0,alternating,8,3,28,3.0,10.5,0,pl,ok,4.0,1.6233282810363956,0.0,,0.002530140999994046,hunter_mm,,95.0,2.4411393541510863e-11
shell,24,26,shell,2.0,alternating,8,3,28,3.0,10.5,0,mle,ok,6.0,1.6838063979465487,0.060478116910153146,1.0246248379567524,0.0028412319999802094,exact_subset_dp,,,
shell,24,26,shell,2.0,alternating,8,3,28,3.0,10.5,0,sharp,ok,7.0,1.739183241575804,0.11585496053940836,0.23562881521737206,0.0018481660000020383,exact_sieve,0.0,,
shell,24,26,shell,2.0,alternating,8,3,28,3.0,10.5,0,efficient,outside_schedule_domain,,,,,3.417499999613938e-05,unavailable,,,
shell,24,26,shell,2.0,alternating,8,3,28,3.0,10.5,0,borda,ok,3.0,1.59003372204056,-0.033294558995835555,0.9121196566486348,0.0014289709999957267,published_global_clipped_borda,0.0,,
shell,24,27,shell,2.0,alternating,8,3,28,3.0,10.5,0,pl,ok,4.0,1.5966826697289171,0.0,,0.002303970000014033,hunter_mm,,82.0,2.8358426718000374e-11
shell,24,27,shell,2.0,alternating,8,3,28,3.0,10.5,0,mle,ok,2.0,1.5724503328444508,-0.024232336884466354,0.9121196566486348,0.002467182999993156,exact_subset_dp,,,
shell,24,27,shell,2.0,alternating,8,3,28,3.0,10.5,0,sharp,ok,7.0,1.7109383806868739,0.11425571095795672,0.39843792971796577,0.0020902610000064215,exact_sieve,0.0,,
shell,24,27,shell,2.0,alternating,8,3,28,3.0,10.5,0,efficient,outside_schedule_domain,,,,,3.730599999585138e-05,unavailable,,,
shell,24,27,shell,2.0,alternating,8,3,28,3.0,10.5,0,borda,ok,2.0,1.5556009525229828,-0.04108171720593434,0.9121196566486348,0.0014431900000033693,published_global_clipped_borda,0.0,,
shell,24,28,shell,2.0,alternating,8,3,28,3.0,10.5,0,pl,ok,2.0,1.800801584361949,0.0,,0.004551899999995612,hunter_mm,,183.0,1.8549098764911573e-11
shell,24,28,shell,2.0,alternating,8,3,28,3.0,10.5,0,mle,ok,2.0,1.74658515842431,-0.05421642593763898,1.5178272565961248,0.0029652709999936633,exact_subset_dp,,,
shell,24,28,shell,2.0,alternating,8,3,28,3.0,10.5,0,sharp,ok,6.0,1.662119477495506,-0.138682106866443,0.8589084084290807,0.0022556950000023335,exact_sieve,0.0,,
shell,24,28,shell,2.0,alternating,8,3,28,3.0,10.5,0,efficient,outside_schedule_domain,,,,,3.826600001843872e-05,unavailable,,,
shell,24,28,shell,2.0,alternating,8,3,28,3.0,10.5,0,borda,ok,2.0,1.6789195816775004,-0.12188200268444849,1.4338950196876177,0.0017416869999919982,published_global_clipped_borda,0.0,,
shell,24,29,shell,2.0,alternating,8,3,28,3.0,10.5,0,pl,ok,6.0,1.6361866811227217,0.0,,0.002285553000007212,hunter_mm,,76.0,1.045309870408216e-11
shell,24,29,shell,2.0,alternating,8,3,28,3.0,10.5,0,mle,ok,4.0,1.683337870735686,0.047151189612964384,1.1470129282507922,0.003016428999984555,exact_subset_dp,,,
shell,24,29,shell,2.0,alternating,8,3,28,3.0,10.5,0,sharp,ok,11.0,1.8311666787309613,0.19497999760823959,0.7090287388626768,0.002092740999984244,exact_sieve,0.0,,
shell,24,29,shell,2.0,alternating,8,3,28,3.0,10.5,0,efficient,outside_schedule_domain,,,,,3.735300001039832e-05,unavailable,,,
shell,24,29,shell,2.0,alternating,8,3,28,3.0,10.5,0,borda,ok,3.0,1.6131249850258402,-0.023061696096881468,1.0844293045104068,0.0018705399999987549,published_global_clipped_borda,0.0,,
shell,24,30,shell,2.0,alternating,8,3,28,3.0,10.5,0,pl,ok,4.0,1.6677105581278977,0.0,,0.002583812000011676,hunter_mm,,97.0,2.2582570734032613e-11
shell,24,30,shell,2.0,alternating,8,3,28,3.0,10.5,0,mle,ok,7.0,1.7991978014716568,0.13148724334375905,1.0246248379567524,0.0029375450000088676,exact_subset_dp,,,
shell,24,30,shell,2.0,alternating,8,3,28,3.0,10.5,0,sharp,ok,5.0,1.6793182861313372,0.011607728003439455,0.757533184154752,0.001950563999997712,exact_sieve,0.0,,
shell,24,30,shell,2.0,alternating,8,3,28,3.0,10.5,0,efficient,outside_schedule_domain,,,,,3.6137999984475755e-05,unavailable,,,
shell,24,30,shell,2.0,alternating,8,3,28,3.0,10.5,0,borda,ok,5.0,1.667513869451299,-0.0001966886765987219,0.9672795990261153,0.001349134999998114,published_global_clipped_borda,0.0,,
shell,24,31,shell,2.0,alternating,8,3,28,3.0,10.5,0,pl,ok,2.0,1.719663288104307,0.0,,0.0020715140000220345,hunter_mm,,74.0,2.999606912063817e-11
shell,24,31,shell,2.0,alternating,8,3,28,3.0,10.5,0,mle,ok,4.0,1.8082355025230052,0.08857221441869823,1.4338950196876177,0.0029550859999858403,exact_subset_dp,,,
shell,24,31,shell,2.0,alternating,8,3,28,3.0,10.5,0,sharp,ok,9.0,1.7347983635998052,0.015135075495498196,0.6617844044760891,0.0019082609999827582,exact_sieve,0.0,,
shell,24,31,shell,2.0,alternating,8,3,28,3.0,10.5,0,efficient,outside_schedule_domain,,,,,3.472600002396575e-05,unavailable,,,
shell,24,31,shell,2.0,alternating,8,3,28,3.0,10.5,0,borda,ok,2.0,1.6269849590217442,-0.0926783290825628,1.2820987754788464,0.001759628000002067,published_global_clipped_borda,0.0,,
shell,24,32,shell,2.0,alternating,8,3,28,3.0,10.5,0,pl,ok,4.0,1.6193267782577327,0.0,,0.0015615189999778067,hunter_mm,,51.0,1.2691942734883404e-11
shell,24,32,shell,2.0,alternating,8,3,28,3.0,10.5,0,mle,ok,7.0,1.8074257056513445,0.18809892739361178,0.9121196566486348,0.0025610980000010386,exact_subset_dp,,,
shell,24,32,shell,2.0,alternating,8,3,28,3.0,10.5,0,sharp,ok,4.0,1.5951274300964369,-0.024199348161295875,0.6156729370132851,0.002040195000006406,exact_sieve,0.0,,
shell,24,32,shell,2.0,alternating,8,3,28,3.0,10.5,0,efficient,outside_schedule_domain,,,,,3.514799999493334e-05,unavailable,,,
shell,24,32,shell,2.0,alternating,8,3,28,3.0,10.5,0,borda,ok,4.0,1.6370404403834709,0.017713662125738106,0.5264006135801002,0.0014775369999995291,published_global_clipped_borda,0.0,,
shell,24,33,shell,2.0,alternating,8,3,28,3.0,10.5,0,pl,ok,4.0,1.6010057486808271,0.0,,0.0022596809999981815,hunter_mm,,79.0,2.1835580962406962e-11
shell,24,33,shell,2.0,alternating,8,3,28,3.0,10.5,0,mle,ok,2.0,1.5689504772249927,-0.03205527145583442,0.9672795990261153,0.0025538810000114154,exact_subset_dp,,,
shell,24,33,shell,2.0,alternating,8,3,28,3.0,10.5,0,sharp,ok,4.0,1.6388437265805937,0.03783797789976662,0.6617844044760891,0.002056581999994478,exact_sieve,0.0,,
shell,24,33,shell,2.0,alternating,8,3,28,3.0,10.5,0,efficient,outside_schedule_domain,,,,,3.988400001730952e-05,unavailable,,,
shell,24,33,shell,2.0,alternating,8,3,28,3.0,10.5,0,borda,ok,4.0,1.6163443032859335,0.015338554605106358,0.9121196566486348,0.001457725000022947,published_global_clipped_borda,0.0,,
shell,24,34,shell,2.0,alternating,8,3,28,3.0,10.5,0,pl,ok,6.0,1.7132435906159575,0.0,,0.0018245530000058352,hunter_mm,,62.0,1.881466411240191e-11
shell,24,34,shell,2.0,alternating,8,3,28,3.0,10.5,0,mle,ok,7.0,1.9267706958437842,0.2135271052278267,1.2820987754788464,0.003029916000002686,exact_subset_dp,,,
shell,24,34,shell,2.0,alternating,8,3,28,3.0,10.5,0,sharp,ok,4.0,1.610271661601813,-0.10297192901414465,0.8589084084290807,0.0021161469999810834,exact_sieve,0.0,,
shell,24,34,shell,2.0,alternating,8,3,28,3.0,10.5,0,efficient,outside_schedule_domain,,,,,3.694100001894185e-05,unavailable,,,
shell,24,34,shell,2.0,alternating,8,3,28,3.0,10.5,0,borda,ok,5.0,1.769859838854829,0.05661624823887146,1.2127529326707367,0.001972475000002305,published_global_clipped_borda,0.0,,
shell,24,35,shell,2.0,alternating,8,3,28,3.0,10.5,0,pl,ok,8.0,1.692637241847687,0.0,,0.001632353999980296,hunter_mm,,54.0,2.4127620536416673e-11
shell,24,35,shell,2.0,alternating,8,3,28,3.0,10.5,0,mle,ok,9.0,1.8385812273093514,0.14594398546166443,1.0246248379567524,0.0029826040000102694,exact_subset_dp,,,
shell,24,35,shell,2.0,alternating,8,3,28,3.0,10.5,0,sharp,ok,7.0,1.68839401182885,-0.004243230018836863,0.9672795990261153,0.0019553809999877103,exact_sieve,0.0,,
shell,24,35,shell,2.0,alternating,8,3,28,3.0,10.5,0,efficient,outside_schedule_domain,,,,,6.94919999943977e-05,unavailable,,,
shell,24,35,shell,2.0,alternating,8,3,28,3.0,10.5,0,borda,ok,10.0,1.833673358586916,0.1410361167392291,0.9121196566486348,0.001361709999997629,published_global_clipped_borda,0.0,,
shell,24,36,shell,2.0,alternating,8,3,28,3.0,10.5,0,pl,ok,8.0,1.6417008531443618,0.0,,0.0014829419999955462,hunter_mm,,49.0,2.0702265298869602e-11
shell,24,36,shell,2.0,alternating,8,3,28,3.0,10.5,0,mle,ok,6.0,1.7770265061506199,0.1353256530062581,0.9121196566486348,0.0025249299999927644,exact_subset_dp,,,
shell,24,36,shell,2.0,alternating,8,3,28,3.0,10.5,0,sharp,ok,4.0,1.611146631584298,-0.03055422156006382,0.6617844044760891,0.002002668999978141,exact_sieve,0.0,,
shell,24,36,shell,2.0,alternating,8,3,28,3.0,10.5,0,efficient,outside_schedule_domain,,,,,3.717699999583601e-05,unavailable,,,
shell,24,36,shell,2.0,alternating,8,3,28,3.0,10.5,0,borda,ok,5.0,1.6734872016913926,0.031786348547030885,0.8074398347256734,0.001440275999982532,published_global_clipped_borda,0.0,,
shell,24,37,shell,2.0,alternating,8,3,28,3.0,10.5,0,pl,ok,4.0,1.6126375695011643,0.0,,0.0019155379999915567,hunter_mm,,68.0,1.8326832115381617e-11
shell,24,37,shell,2.0,alternating,8,3,28,3.0,10.5,0,mle,ok,5.0,1.6779380487954692,0.06530047929430483,0.9672795990261153,0.002484695999982023,exact_subset_dp,,,
shell,24,37,shell,2.0,alternating,8,3,28,3.0,10.5,0,sharp,ok,8.0,1.7434816524553318,0.1308440829541675,0.44041348850630796,0.001966289999984383,exact_sieve,0.0,,
shell,24,37,shell,2.0,alternating,8,3,28,3.0,10.5,0,efficient,outside_schedule_domain,,,,,3.4553000006098955e-05,unavailable,,,
shell,24,37,shell,2.0,alternating,8,3,28,3.0,10.5,0,borda,ok,5.0,1.6417171451375099,0.029079575636345556,0.8074398347256734,0.0014561690000221006,published_global_clipped_borda,0.0,,
shell,24,38,shell,2.0,alternating,8,3,28,3.0,10.5,0,pl,ok,3.0,1.549859935284553,0.0,,0.0020550749999870277,hunter_mm,,73.0,1.4093361398538816e-11
shell,24,38,shell,2.0,alternating,8,3,28,3.0,10.5,0,mle,ok,5.0,1.6563679069059833,0.10650797162143033,0.8589084084290807,0.0026808860000073764,exact_subset_dp,,,
shell,24,38,shell,2.0,alternating,8,3,28,3.0,10.5,0,sharp,ok,10.0,1.754270144178102,0.20441020889354888,0.3570395237671002,0.0020645460000139337,exact_sieve,0.0,,
shell,24,38,shell,2.0,alternating,8,3,28,3.0,10.5,0,efficient,outside_schedule_domain,,,,,3.621499999439948e-05,unavailable,,,
shell,24,38,shell,2.0,alternating,8,3,28,3.0,10.5,0,borda,ok,3.0,1.590406431155477,0.04054649587092407,0.8589084084290807,0.0014877610000212371,published_global_clipped_borda,0.0,,
shell,24,39,shell,2.0,alternating,8,3,28,3.0,10.5,0,pl,ok,2.0,1.5940976256284212,0.0,,0.0028706370000008974,hunter_mm,,112.0,2.7004113231246916e-11
shell,24,39,shell,2.0,alternating,8,3,28,3.0,10.5,0,mle,ok,3.0,1.7210384751910341,0.12694084956261298,1.355592246167523,0.002908184000006031,exact_subset_dp,,,
shell,24,39,shell,2.0,alternating,8,3,28,3.0,10.5,0,sharp,ok,7.0,1.723096426635274,0.1289988010068528,0.48304091257642995,0.0019325860000094508,exact_sieve,0.0,,
shell,24,39,shell,2.0,alternating,8,3,28,3.0,10.5,0,efficient,outside_schedule_domain,,,,,3.666999998586107e-05,unavailable,,,
shell,24,39,shell,2.0,alternating,8,3,28,3.0,10.5,0,borda,ok,3.0,1.6808932662004987,0.08679564057207756,1.1470129282507922,0.0017219160000081501,published_global_clipped_borda,0.0,,
shell,25,0,shell,2.0,alternating,8,3,112,12.0,42.0,0,pl,ok,0.0,1.502078412942375,0.0,,0.0018174619999911101,hunter_mm,,48.0,1.2121985954698695e-11
shell,25,0,shell,2.0,alternating,8,3,112,12.0,42.0,0,mle,ok,1.0,1.5383238512068593,0.03624543826448434,0.7698724759713074,0.0025104460000022755,exact_subset_dp,,,
shell,25,0,shell,2.0,alternating,8,3,112,12.0,42.0,0,sharp,ok,6.0,1.6897170939412285,0.1876386809988535,0.6501550097881424,0.0033803119999902265,exact_sieve,0.0,,
shell,25,0,shell,2.0,alternating,8,3,112,12.0,42.0,0,efficient,outside_schedule_domain,,,,,6.150199999410688e-05,unavailable,,,
shell,25,0,shell,2.0,alternating,8,3,112,12.0,42.0,0,borda,ok,0.0,1.5362096633821474,0.03413125043977239,0.7210314373934753,0.001597441000001254,published_global_clipped_borda,0.0,,
shell,25,1,shell,2.0,alternating,8,3,112,12.0,42.0,0,pl,ok,1.0,1.5134657408639636,0.0,,0.0021872439999981452,hunter_mm,,62.0,1.679177432021918e-11
shell,25,1,shell,2.0,alternating,8,3,112,12.0,42.0,0,mle,ok,4.0,1.6230264404954997,0.10956069963153614,0.9532945643782407,0.0027781280000169772,exact_subset_dp,,,
shell,25,1,shell,2.0,alternating,8,3,112,12.0,42.0,0,sharp,ok,3.0,1.6093787302347478,0.09591298937078419,0.8458853458049513,0.0035037590000115415,exact_sieve,0.0,,
shell,25,1,shell,2.0,alternating,8,3,112,12.0,42.0,0,efficient,outside_schedule_domain,,,,,4.9667000013187135e-05,unavailable,,,
shell,25,1,shell,2.0,alternating,8,3,112,12.0,42.0,0,borda,ok,1.0,1.5420517233623177,0.02858598249835409,0.8986426795612205,0.0013365930000190929,published_global_clipped_borda,0.0,,
shell,25,2,shell,2.0,alternating,8,3,112,12.0,42.0,0,pl,ok,3.0,1.4967195694059958,0.0,,0.0019368369999881452,hunter_mm,,53.0,1.9271822233284704e-11
shell,25,2,shell,2.0,alternating,8,3,112,12.0,42.0,0,mle,ok,2.0,1.5481255684120783,0.05140599900608245,0.7948233114465767,0.002648741999990989,exact_subset_dp,,,
shell,25,2,shell,2.0,alternating,8,3,112,12.0,42.0,0,sharp,ok,2.0,1.5464858714663803,0.04976630206038446,0.7698724759713074,0.003260857999975997,exact_sieve,0.0,,
shell,25,2,shell,2.0,alternating,8,3,112,12.0,42.0,0,efficient,outside_schedule_domain,,,,,4.44160000085958e-05,unavailable,,,
shell,25,2,shell,2.0,alternating,8,3,112,12.0,42.0,0,borda,ok,3.0,1.54963604791985,0.05291647851385428,0.7698724759713074,0.0013270340000133274,published_global_clipped_borda,0.0,,
shell,25,3,shell,2.0,alternating,8,3,112,12.0,42.0,0,pl,ok,2.0,1.5272949072429836,0.0,,0.002154039999993529,hunter_mm,,59.0,2.7024731658847098e-11
shell,25,3,shell,2.0,alternating,8,3,112,12.0,42.0,0,mle,ok,2.0,1.5797356443642716,0.05244073712128805,0.9672795990261153,0.0025410260000171547,exact_subset_dp,,,
shell,25,3,shell,2.0,alternating,8,3,112,12.0,42.0,0,sharp,ok,5.0,1.6495749976450735,0.12228009040208998,0.7948233114465767,0.003491283000016665,exact_sieve,0.0,,
shell,25,3,shell,2.0,alternating,8,3,112,12.0,42.0,0,efficient,outside_schedule_domain,,,,,4.8149999997804116e-05,unavailable,,,
shell,25,3,shell,2.0,alternating,8,3,112,12.0,42.0,0,borda,ok,3.0,1.6128727132265381,0.08557780598355458,0.9257182786944403,0.0013800640000170006,published_global_clipped_borda,0.0,,
shell,25,4,shell,2.0,alternating,8,3,112,12.0,42.0,0,pl,ok,1.0,1.5146634843519147,0.0,,0.0021755389999782437,hunter_mm,,62.0,2.2542095174620566e-11
shell,25,4,shell,2.0,alternating,8,3,112,12.0,42.0,0,mle,ok,1.0,1.5370114259709675,0.022347941619052847,0.8589084084290807,0.002696252999982107,exact_subset_dp,,,
shell,25,4,shell,2.0,alternating,8,3,112,12.0,42.0,0,sharp,ok,2.0,1.5465672879433494,0.03190380359143474,0.7948233114465767,0.0035446150000097987,exact_sieve,0.0,,
shell,25,4,shell,2.0,alternating,8,3,112,12.0,42.0,0,efficient,outside_schedule_domain,,,,,4.509300001132033e-05,unavailable,,,
shell,25,4,shell,2.0,alternating,8,3,112,12.0,42.0,0,borda,ok,1.0,1.5448732977327961,0.030209813380881467,0.7948233114465767,0.0014922309999860772,published_global_clipped_borda,0.0,,
shell,25,5,shell,2.0,alternating,8,3,112,12.0,42.0,0,pl,ok,2.0,1.536052826346101,0.0,,0.002155535000014197,hunter_mm,,61.0,3.1417725563999606e-11
shell,25,5,shell,2.0,alternating,8,3,112,12.0,42.0,0,mle,ok,0.0,1.5489232533469897,0.012870427000888585,1.0100693875885711,0.0029741660000013326,exact_subset_dp,,,
shell,25,5,shell,2.0,alternating,8,3,112,12.0,42.0,0,sharp,ok,1.0,1.549104321341992,0.013051494995890867,0.99566290138276,0.0032766999999864765,exact_sieve,0.0,,
shell,25,5,shell,2.0,alternating,8,3,112,12.0,42.0,0,efficient,outside_schedule_domain,,,,,4.7614000010298696e-05,unavailable,,,
shell,25,5,shell,2.0,alternating,8,3,112,12.0,42.0,0,borda,ok,2.0,1.574444119238696,0.03839129289259491,0.9394420412429931,0.0015034150000019508,published_global_clipped_borda,0.0,,
shell,25,6,shell,2.0,alternating,8,3,112,12.0,42.0,0,pl,ok,1.0,1.4948832703911716,0.0,,0.0016278739999791014,hunter_mm,,42.0,1.2625710001300051e-11
shell,25,6,shell,2.0,alternating,8,3,112,12.0,42.0,0,mle,ok,3.0,1.5594302757698246,0.06454700537865299,0.8074398347256734,0.002958718999991561,exact_subset_dp,,,
shell,25,6,shell,2.0,alternating,8,3,112,12.0,42.0,0,sharp,ok,3.0,1.5594302757698246,0.06454700537865299,0.8074398347256734,0.00350560399999722,exact_sieve,0.0,,
shell,25,6,shell,2.0,alternating,8,3,112,12.0,42.0,0,efficient,outside_schedule_domain,,,,,4.6943000000965185e-05,unavailable,,,
shell,25,6,shell,2.0,alternating,8,3,112,12.0,42.0,0,borda,ok,1.0,1.5384613978200232,0.04357812742885159,0.7090287388626768,0.0014969899999925929,published_global_clipped_borda,0.0,,
shell,25,7,shell,2.0,alternating,8,3,112,12.0,42.0,0,pl,ok,2.0,1.5125145001703906,0.0,,0.0016115130000002864,hunter_mm,,40.0,1.6422418980255316e-11
shell,25,7,shell,2.0,alternating,8,3,112,12.0,42.0,0,mle,ok,2.0,1.5707594742150714,0.058244974044680875,0.7452814445194086,0.002678066000015633,exact_subset_dp,,,
shell,25,7,shell,2.0,alternating,8,3,112,12.0,42.0,0,sharp,ok,3.0,1.5985134362008129,0.0859989360304223,0.7090287388626768,0.003726591999992479,exact_sieve,0.0,,
shell,25,7,shell,2.0,alternating,8,3,112,12.0,42.0,0,efficient,outside_schedule_domain,,,,,4.837599999518716e-05,unavailable,,,
shell,25,7,shell,2.0,alternating,8,3,112,12.0,42.0,0,borda,ok,2.0,1.5707594742150714,0.058244974044680875,0.7452814445194086,0.0018685590000018237,published_global_clipped_borda,0.0,,
shell,25,8,shell,2.0,alternating,8,3,112,12.0,42.0,0,pl,ok,3.0,1.5351452209917427,0.0,,0.0019653120000100444,hunter_mm,,52.0,2.3433445660105333e-11
shell,25,8,shell,2.0,alternating,8,3,112,12.0,42.0,0,mle,ok,1.0,1.553536375466097,0.018391154474354243,0.9394420412429931,0.0026643759999842587,exact_subset_dp,,,
shell,25,8,shell,2.0,alternating,8,3,112,12.0,42.0,0,sharp,ok,2.0,1.545655046410355,0.010509825418612229,0.7948233114465767,0.003490289000012581,exact_sieve,0.0,,
shell,25,8,shell,2.0,alternating,8,3,112,12.0,42.0,0,efficient,outside_schedule_domain,,,,,4.933200000323268e-05,unavailable,,,
shell,25,8,shell,2.0,alternating,8,3,112,12.0,42.0,0,borda,ok,3.0,1.5819838470508962,0.046838626059153565,0.8986426795612205,0.001340015000010908,published_global_clipped_borda,0.0,,
shell,25,9,shell,2.0,alternating,8,3,112,12.0,42.0,0,pl,ok,3.0,1.5456914691781796,0.0,,0.002000410000022157,hunter_mm,,54.0,2.3786052492726283e-11
shell,25,9,shell,2.0,alternating,8,3,112,12.0,42.0,0,mle,ok,2.0,1.58468312425377,0.03899165507559044,1.0998010083445606,0.0032152429999996457,exact_subset_dp,,,
shell,25,9,shell,2.0,alternating,8,3,112,12.0,42.0,0,sharp,ok,3.0,1.6019130917657454,0.0562216225875658,1.0246248379567524,0.0038020910000113872,exact_sieve,0.0,,
shell,25,9,shell,2.0,alternating,8,3,112,12.0,42.0,0,efficient,outside_schedule_domain,,,,,4.8209999988557684e-05,unavailable,,,
shell,25,9,shell,2.0,alternating,8,3,112,12.0,42.0,0,borda,ok,4.0,1.594194025702837,0.048502556524657514,1.06923102053233,0.0018019430000038028,published_global_clipped_borda,0.0,,
shell,25,10,shell,2.0,alternating,8,3,112,12.0,42.0,0,pl,ok,2.0,1.5084749966669624,0.0,,0.00211094899998443,hunter_mm,,63.0,1.8079886794047136e-11
shell,25,10,shell,2.0,alternating,8,3,112,12.0,42.0,0,mle,ok,2.0,1.5439669816090738,0.035491984942111365,0.8986426795612205,0.002453166999998757,exact_subset_dp,,,
shell,25,10,shell,2.0,alternating,8,3,112,12.0,42.0,0,sharp,ok,3.0,1.6149156681629384,0.10644067149597602,0.757533184154752,0.0032756520000134515,exact_sieve,0.0,,
shell,25,10,shell,2.0,alternating,8,3,112,12.0,42.0,0,efficient,outside_schedule_domain,,,,,4.498799998486902e-05,unavailable,,,
shell,25,10,shell,2.0,alternating,8,3,112,12.0,42.0,0,borda,ok,2.0,1.5439669816090738,0.035491984942111365,0.8986426795612205,0.001389945999989095,published_global_clipped_borda,0.0,,
shell,25,11,shell,2.0,alternating,8,3,112,12.0,42.0,0,pl,ok,1.0,1.4978702406791489,0.0,,0.0017659600000001774,hunter_mm,,46.0,2.1708476286416303e-11
shell,25,11,shell,2.0,alternating,8,3,112,12.0,42.0,0,mle,ok,2.0,1.5586881478777346,0.06081790719858571,0.8720402655126755,0.002668510000006563,exact_subset_dp,,,
shell,25,11,shell,2.0,alternating,8,3,112,12.0,42.0,0,sharp,ok,6.0,1.658174327393328,0.16030408671417917,0.685257329800172,0.0035204679999765176,exact_sieve,0.0,,
shell,25,11,shell,2.0,alternating,8,3,112,12.0,42.0,0,efficient,outside_schedule_domain,,,,,4.9302999997280494e-05,unavailable,,,
shell,25,11,shell,2.0,alternating,8,3,112,12.0,42.0,0,borda,ok,1.0,1.5448130405306313,0.04694279985148242,0.832968122258636,0.0013589609999939967,published_global_clipped_borda,0.0,,
shell,25,12,shell,2.0,alternating,8,3,112,12.0,42.0,0,pl,ok,3.0,1.512059460940035,0.0,,0.001812615000005735,hunter_mm,,48.0,1.9180022649477125e-11
shell,25,12,shell,2.0,alternating,8,3,112,12.0,42.0,0,mle,ok,2.0,1.5696270723581491,0.05756761141811406,0.8852839704922475,0.0025341099999991457,exact_subset_dp,,,
shell,25,12,shell,2.0,alternating,8,3,112,12.0,42.0,0,sharp,ok,3.0,1.5937140523899802,0.08165459144994514,0.8589084084290807,0.0034835659999998825,exact_sieve,0.0,,
shell,25,12,shell,2.0,alternating,8,3,112,12.0,42.0,0,efficient,outside_schedule_domain,,,,,4.579500000545522e-05,unavailable,,,
shell,25,12,shell,2.0,alternating,8,3,112,12.0,42.0,0,borda,ok,3.0,1.5926439163104522,0.08058445537041714,0.7823017009175557,0.0013361270000018521,published_global_clipped_borda,0.0,,
shell,25,13,shell,2.0,alternating,8,3,112,12.0,42.0,0,pl,ok,1.0,1.5096145211002283,0.0,,0.0019166440000049079,hunter_mm,,52.0,2.2573688949835612e-11
shell,25,13,shell,2.0,alternating,8,3,112,12.0,42.0,0,mle,ok,1.0,1.5376361471802946,0.02802162608006631,0.8720402655126755,0.0027265790000114976,exact_subset_dp,,,
shell,25,13,shell,2.0,alternating,8,3,112,12.0,42.0,0,sharp,ok,3.0,1.5505696399122226,0.04095511881199432,0.7823017009175557,0.003438494000022274,exact_sieve,0.0,,
shell,25,13,shell,2.0,alternating,8,3,112,12.0,42.0,0,efficient,outside_schedule_domain,,,,,6.168600000933111e-05,unavailable,,,
shell,25,13,shell,2.0,alternating,8,3,112,12.0,42.0,0,borda,ok,1.0,1.5376361471802946,0.02802162608006631,0.8720402655126755,0.0015092229999993378,published_global_clipped_borda,0.0,,
shell,25,14,shell,2.0,alternating,8,3,112,12.0,42.0,0,pl,ok,4.0,1.573706327531215,0.0,,0.0024209220000273035,hunter_mm,,71.0,3.507093028685761e-11
shell,25,14,shell,2.0,alternating,8,3,112,12.0,42.0,0,mle,ok,5.0,1.6944383314374831,0.12073200390626804,0.981401033651984,0.002554689000021426,exact_subset_dp,,,
shell,25,14,shell,2.0,alternating,8,3,112,12.0,42.0,0,sharp,ok,3.0,1.5970236164284966,0.023317288897281463,0.8201538760195531,0.0033487970000010137,exact_sieve,0.0,,
shell,25,14,shell,2.0,alternating,8,3,112,12.0,42.0,0,efficient,outside_schedule_domain,,,,,4.799900000307389e-05,unavailable,,,
shell,25,14,shell,2.0,alternating,8,3,112,12.0,42.0,0,borda,ok,4.0,1.6532940123457245,0.0795876848145094,0.981401033651984,0.0014041960000099607,published_global_clipped_borda,0.0,,
shell,25,15,shell,2.0,alternating,8,3,112,12.0,42.0,0,pl,ok,1.0,1.4974867500941156,0.0,,0.0017486909999888667,hunter_mm,,47.0,1.4772944772240796e-11
shell,25,15,shell,2.0,alternating,8,3,112,12.0,42.0,0,mle,ok,1.0,1.5456230114754335,0.04813626138131788,0.7331149445745953,0.0025698620000014216,exact_subset_dp,,,
shell,25,15,shell,2.0,alternating,8,3,112,12.0,42.0,0,sharp,ok,1.0,1.5662448144655783,0.0687580643714627,0.697104725066857,0.0034513590000244676,exact_sieve,0.0,,
shell,25,15,shell,2.0,alternating,8,3,112,12.0,42.0,0,efficient,outside_schedule_domain,,,,,4.9209000025030036e-05,unavailable,,,
shell,25,15,shell,2.0,alternating,8,3,112,12.0,42.0,0,borda,ok,1.0,1.5414449780260073,0.04395822793189175,0.697104725066857,0.0015058330000101705,published_global_clipped_borda,0.0,,
shell,25,16,shell,2.0,alternating,8,3,112,12.0,42.0,0,pl,ok,0.0,1.5007356818830666,0.0,,0.0018188720000011926,hunter_mm,,48.0,1.5866673054785808e-11
shell,25,16,shell,2.0,alternating,8,3,112,12.0,42.0,0,mle,ok,1.0,1.5383844383005714,0.03764875641750476,0.8852839704922475,0.0025304739999967296,exact_subset_dp,,,
shell,25,16,shell,2.0,alternating,8,3,112,12.0,42.0,0,sharp,ok,1.0,1.5702372219063316,0.06950154002326503,0.8589084084290807,0.003496890999997504,exact_sieve,0.0,,
shell,25,16,shell,2.0,alternating,8,3,112,12.0,42.0,0,efficient,outside_schedule_domain,,,,,4.9757999988742085e-05,unavailable,,,
shell,25,16,shell,2.0,alternating,8,3,112,12.0,42.0,0,borda,ok,1.0,1.545331623302714,0.04459594141964729,0.8458853458049513,0.0015046800000106941,published_global_clipped_borda,0.0,,
shell,25,17,shell,2.0,alternating,8,3,112,12.0,42.0,0,pl,ok,2.0,1.5120496298003634,0.0,,0.0017810809999900812,hunter_mm,,48.0,1.902002365129972e-11
shell,25,17,shell,2.0,alternating,8,3,112,12.0,42.0,0,mle,ok,2.0,1.539844246207999,0.027794616407635697,0.7823017009175557,0.002622109000014916,exact_subset_dp,,,
shell,25,17,shell,2.0,alternating,8,3,112,12.0,42.0,0,sharp,ok,5.0,1.6381112237358675,0.1260615939355041,0.685257329800172,0.0036114690000204064,exact_sieve,0.0,,
shell,25,17,shell,2.0,alternating,8,3,112,12.0,42.0,0,efficient,outside_schedule_domain,,,,,5.002300000001014e-05,unavailable,,,
shell,25,17,shell,2.0,alternating,8,3,112,12.0,42.0,0,borda,ok,2.0,1.547995234900292,0.0359456050999285,0.7698724759713074,0.0013655610000000706,published_global_clipped_borda,0.0,,
shell,25,18,shell,2.0,alternating,8,3,112,12.0,42.0,0,pl,ok,3.0,1.5485736703174657,0.0,,0.0015798889999985022,hunter_mm,,39.0,1.3958167954797318e-11
shell,25,18,shell,2.0,alternating,8,3,112,12.0,42.0,0,mle,ok,2.0,1.5528692141899891,0.0042955438725234,0.6385945001665354,0.002518911999999318,exact_subset_dp,,,
shell,25,18,shell,2.0,alternating,8,3,112,12.0,42.0,0,sharp,ok,3.0,1.609925283939282,0.06135161362181618,0.5154873992669441,0.0034249180000074375,exact_sieve,0.0,,
shell,25,18,shell,2.0,alternating,8,3,112,12.0,42.0,0,efficient,outside_schedule_domain,,,,,4.671100001019113e-05,unavailable,,,
shell,25,18,shell,2.0,alternating,8,3,112,12.0,42.0,0,borda,ok,3.0,1.599810783213237,0.051237112895771375,0.5594530460875712,0.0013821830000040336,published_global_clipped_borda,0.0,,
shell,25,19,shell,2.0,alternating,8,3,112,12.0,42.0,0,pl,ok,4.0,1.5392417236166098,0.0,,0.0019345740000176193,hunter_mm,,53.0,2.3635379367955725e-11
shell,25,19,shell,2.0,alternating,8,3,112,12.0,42.0,0,mle,ok,3.0,1.5982456491904393,0.0590039255738295,0.832968122258636,0.0025114069999858657,exact_subset_dp,,,
shell,25,19,shell,2.0,alternating,8,3,112,12.0,42.0,0,sharp,ok,4.0,1.5819122303622646,0.04267050674565476,0.7698724759713074,0.00331613200000902,exact_sieve,0.0,,
shell,25,19,shell,2.0,alternating,8,3,112,12.0,42.0,0,efficient,outside_schedule_domain,,,,,4.822799999715244e-05,unavailable,,,
shell,25,19,shell,2.0,alternating,8,3,112,12.0,42.0,0,borda,ok,4.0,1.6070999938412895,0.06785827022467972,0.757533184154752,0.001386563000011165,published_global_clipped_borda,0.0,,
shell,25,20,shell,2.0,alternating,8,3,112,12.0,42.0,0,pl,ok,0.0,1.504468955602853,0.0,,0.0018357320000177424,hunter_mm,,48.0,1.9851802741348886e-11
shell,25,20,shell,2.0,alternating,8,3,112,12.0,42.0,0,mle,ok,3.0,1.5523015963953999,0.0478326407925469,0.8589084084290807,0.0026066929999899457,exact_subset_dp,,,
shell,25,20,shell,2.0,alternating,8,3,112,12.0,42.0,0,sharp,ok,1.0,1.544413006337741,0.03994405073488805,0.8201538760195531,0.003245312999979433,exact_sieve,0.0,,
shell,25,20,shell,2.0,alternating,8,3,112,12.0,42.0,0,efficient,outside_schedule_domain,,,,,5.989899997871362e-05,unavailable,,,
shell,25,20,shell,2.0,alternating,8,3,112,12.0,42.0,0,borda,ok,1.0,1.544413006337741,0.03994405073488805,0.8201538760195531,0.0014770929999770033,published_global_clipped_borda,0.0,,
shell,25,21,shell,2.0,alternating,8,3,112,12.0,42.0,0,pl,ok,4.0,1.5404379324914546,0.0,,0.0022708699999896,hunter_mm,,66.0,3.62270848240444e-11
shell,25,21,shell,2.0,alternating,8,3,112,12.0,42.0,0,mle,ok,2.0,1.558566580990216,0.0181286484987615,1.0246248379567524,0.0030444589999945038,exact_subset_dp,,,
shell,25,21,shell,2.0,alternating,8,3,112,12.0,42.0,0,sharp,ok,5.0,1.627746979057967,0.0873090465665125,0.8201538760195531,0.0033633619999875464,exact_sieve,0.0,,
shell,25,21,shell,2.0,alternating,8,3,112,12.0,42.0,0,efficient,outside_schedule_domain,,,,,4.58560000140551e-05,unavailable,,,
shell,25,21,shell,2.0,alternating,8,3,112,12.0,42.0,0,borda,ok,4.0,1.5804795625701398,0.04004163007868522,0.99566290138276,0.0013884669999981725,published_global_clipped_borda,0.0,,
shell,25,22,shell,2.0,alternating,8,3,112,12.0,42.0,0,pl,ok,2.0,1.5120162846128262,0.0,,0.001733035000000882,hunter_mm,,46.0,1.8516616811276824e-11
shell,25,22,shell,2.0,alternating,8,3,112,12.0,42.0,0,mle,ok,2.0,1.542176385540344,0.030160100927517863,0.7090287388626768,0.002694116000014901,exact_subset_dp,,,
shell,25,22,shell,2.0,alternating,8,3,112,12.0,42.0,0,sharp,ok,6.0,1.653620108704135,0.14160382409130867,0.4510061953818934,0.00348487599998748,exact_sieve,0.0,,
shell,25,22,shell,2.0,alternating,8,3,112,12.0,42.0,0,efficient,outside_schedule_domain,,,,,4.7502000001031774e-05,unavailable,,,
shell,25,22,shell,2.0,alternating,8,3,112,12.0,42.0,0,borda,ok,2.0,1.5700750870545677,0.05805880244174144,0.6501550097881424,0.0013652920000026825,published_global_clipped_borda,0.0,,
shell,25,23,shell,2.0,alternating,8,3,112,12.0,42.0,0,pl,ok,3.0,1.4999092293548706,0.0,,0.0014833820000035303,hunter_mm,,38.0,1.8863069836275568e-11
shell,25,23,shell,2.0,alternating,8,3,112,12.0,42.0,0,mle,ok,2.0,1.5465883279743786,0.04667909861950803,0.832968122258636,0.0024945339999931093,exact_subset_dp,,,
shell,25,23,shell,2.0,alternating,8,3,112,12.0,42.0,0,sharp,ok,4.0,1.6169372354937512,0.11702800613888065,0.697104725066857,0.003486849000012171,exact_sieve,0.0,,
shell,25,23,shell,2.0,alternating,8,3,112,12.0,42.0,0,efficient,outside_schedule_domain,,,,,4.9232000009169496e-05,unavailable,,,
shell,25,23,shell,2.0,alternating,8,3,112,12.0,42.0,0,borda,ok,3.0,1.5504582158837583,0.05054898652888773,0.8201538760195531,0.0013457649999963905,published_global_clipped_borda,0.0,,
shell,25,24,shell,2.0,alternating,8,3,112,12.0,42.0,0,pl,ok,2.0,1.5251922995057612,0.0,,0.0017631649999998444,hunter_mm,,47.0,1.74381144444981e-11
shell,25,24,shell,2.0,alternating,8,3,112,12.0,42.0,0,mle,ok,2.0,1.5772061670063335,0.05201386750057235,0.8852839704922475,0.002494628999983206,exact_subset_dp,,,
shell,25,24,shell,2.0,alternating,8,3,112,12.0,42.0,0,sharp,ok,1.0,1.5452563727883912,0.020064073282630046,0.7452814445194086,0.0034656970000241927,exact_sieve,0.0,,
shell,25,24,shell,2.0,alternating,8,3,112,12.0,42.0,0,efficient,outside_schedule_domain,,,,,4.3443999999226435e-05,unavailable,,,
shell,25,24,shell,2.0,alternating,8,3,112,12.0,42.0,0,borda,ok,3.0,1.585466407387576,0.060274107881814754,0.8589084084290807,0.001500682999989067,published_global_clipped_borda,0.0,,
shell,25,25,shell,2.0,alternating,8,3,112,12.0,42.0,0,pl,ok,4.0,1.5342910852642058,0.0,,0.0018368119999934152,hunter_mm,,50.0,2.3994393773461654e-11
shell,25,25,shell,2.0,alternating,8,3,112,12.0,42.0,0,mle,ok,3.0,1.5833181561667866,0.04902707090258085,0.757533184154752,0.002442095999981575,exact_subset_dp,,,
shell,25,25,shell,2.0,alternating,8,3,112,12.0,42.0,0,sharp,ok,8.0,1.7130878904115812,0.1787968051473754,0.5373649994974447,0.0034022460000073806,exact_sieve,0.0,,
shell,25,25,shell,2.0,alternating,8,3,112,12.0,42.0,0,efficient,outside_schedule_domain,,,,,4.423699999733799e-05,unavailable,,,
shell,25,25,shell,2.0,alternating,8,3,112,12.0,42.0,0,borda,ok,3.0,1.5732046109701865,0.03891352570598072,0.7090287388626768,0.0014878629999941495,published_global_clipped_borda,0.0,,
shell,25,26,shell,2.0,alternating,8,3,112,12.0,42.0,0,pl,ok,3.0,1.520700503882497,0.0,,0.0019258620000073279,hunter_mm,,49.0,2.2578764255091042e-11
shell,25,26,shell,2.0,alternating,8,3,112,12.0,42.0,0,mle,ok,2.0,1.549763677322845,0.029063173440347922,0.8458853458049513,0.0027096079999751055,exact_subset_dp,,,
shell,25,26,shell,2.0,alternating,8,3,112,12.0,42.0,0,sharp,ok,2.0,1.5800651924264175,0.05936468854392052,0.7210314373934753,0.0034425660000181324,exact_sieve,0.0,,
shell,25,26,shell,2.0,alternating,8,3,112,12.0,42.0,0,efficient,outside_schedule_domain,,,,,4.837099999122074e-05,unavailable,,,
shell,25,26,shell,2.0,alternating,8,3,112,12.0,42.0,0,borda,ok,1.0,1.5579380417836035,0.03723753790110651,0.7452814445194086,0.0015208399999835365,published_global_clipped_borda,0.0,,
shell,25,27,shell,2.0,alternating,8,3,112,12.0,42.0,0,pl,ok,1.0,1.5092521587273535,0.0,,0.002044613999999001,hunter_mm,,57.0,1.4664840770300155e-11
shell,25,27,shell,2.0,alternating,8,3,112,12.0,42.0,0,mle,ok,1.0,1.5476188709025638,0.03836671217521026,0.8852839704922475,0.002505016000014848,exact_subset_dp,,,
shell,25,27,shell,2.0,alternating,8,3,112,12.0,42.0,0,sharp,ok,2.0,1.5772138391429185,0.06796168041556494,0.832968122258636,0.003332771999993156,exact_sieve,0.0,,
shell,25,27,shell,2.0,alternating,8,3,112,12.0,42.0,0,efficient,outside_schedule_domain,,,,,4.4626000004655e-05,unavailable,,,
shell,25,27,shell,2.0,alternating,8,3,112,12.0,42.0,0,borda,ok,1.0,1.5358579483633443,0.026605789635990806,0.8201538760195531,0.001389682999985098,published_global_clipped_borda,0.0,,
shell,25,28,shell,2.0,alternating,8,3,112,12.0,42.0,0,pl,ok,2.0,1.4978615372371138,0.0,,0.0018893980000029842,hunter_mm,,52.0,3.088976693480358e-11
shell,25,28,shell,2.0,alternating,8,3,112,12.0,42.0,0,mle,ok,3.0,1.589955077942363,0.09209354070524922,0.8986426795612205,0.0024945360000003802,exact_subset_dp,,,
shell,25,28,shell,2.0,alternating,8,3,112,12.0,42.0,0,sharp,ok,6.0,1.6712601743193813,0.17339863708226755,0.757533184154752,0.003320656999989069,exact_sieve,0.0,,
shell,25,28,shell,2.0,alternating,8,3,112,12.0,42.0,0,efficient,outside_schedule_domain,,,,,4.731100000299193e-05,unavailable,,,
shell,25,28,shell,2.0,alternating,8,3,112,12.0,42.0,0,borda,ok,3.0,1.5504582158837583,0.052596678646644524,0.8201538760195531,0.001409926999997424,published_global_clipped_borda,0.0,,
shell,25,29,shell,2.0,alternating,8,3,112,12.0,42.0,0,pl,ok,2.0,1.5219812872094804,0.0,,0.0020184820000110903,hunter_mm,,50.0,2.4286160384333145e-11
shell,25,29,shell,2.0,alternating,8,3,112,12.0,42.0,0,mle,ok,2.0,1.54836023704979,0.02637894984030953,0.8074398347256734,0.00265269000001922,exact_subset_dp,,,
shell,25,29,shell,2.0,alternating,8,3,112,12.0,42.0,0,sharp,ok,3.0,1.6083834683414198,0.08640218113193932,0.685257329800172,0.003524542999997493,exact_sieve,0.0,,
shell,25,29,shell,2.0,alternating,8,3,112,12.0,42.0,0,efficient,outside_schedule_domain,,,,,5.297799998515984e-05,unavailable,,,
shell,25,29,shell,2.0,alternating,8,3,112,12.0,42.0,0,borda,ok,1.0,1.5381407443621136,0.016159457152633117,0.7948233114465767,0.0015019180000024335,published_global_clipped_borda,0.0,,
shell,25,30,shell,2.0,alternating,8,3,112,12.0,42.0,0,pl,ok,3.0,1.5210285760866544,0.0,,0.0019977930000152355,hunter_mm,,55.0,1.680522387914607e-11
shell,25,30,shell,2.0,alternating,8,3,112,12.0,42.0,0,mle,ok,1.0,1.5567992022632424,0.035770626176587994,0.9672795990261153,0.002545781999998553,exact_subset_dp,,,
shell,25,30,shell,2.0,alternating,8,3,112,12.0,42.0,0,sharp,ok,4.0,1.6199282185053192,0.09889964241866478,0.7948233114465767,0.0034380300000123043,exact_sieve,0.0,,
shell,25,30,shell,2.0,alternating,8,3,112,12.0,42.0,0,efficient,outside_schedule_domain,,,,,4.524700000274606e-05,unavailable,,,
shell,25,30,shell,2.0,alternating,8,3,112,12.0,42.0,0,borda,ok,3.0,1.5575449339676184,0.03651635788096397,0.9121196566486348,0.0013490199999921515,published_global_clipped_borda,0.0,,
shell,25,31,shell,2.0,alternating,8,3,112,12.0,42.0,0,pl,ok,2.0,1.5281587084953228,0.0,,0.001944146999989016,hunter_mm,,52.0,3.2906883567258256e-11
shell,25,31,shell,2.0,alternating,8,3,112,12.0,42.0,0,mle,ok,2.0,1.5869280035217193,0.058769295026396495,0.7452814445194086,0.002769657000015968,exact_subset_dp,,,
shell,25,31,shell,2.0,alternating,8,3,112,12.0,42.0,0,sharp,ok,5.0,1.6409559315271764,0.11279722303185369,0.5594530460875712,0.0033442309999998088,exact_sieve,0.0,,
shell,25,31,shell,2.0,alternating,8,3,112,12.0,42.0,0,efficient,outside_schedule_domain,,,,,4.648499998438638e-05,unavailable,,,
shell,25,31,shell,2.0,alternating,8,3,112,12.0,42.0,0,borda,ok,1.0,1.5515081911598188,0.02334948266449599,0.6385945001665354,0.0013443870000173774,published_global_clipped_borda,0.0,,
shell,25,32,shell,2.0,alternating,8,3,112,12.0,42.0,0,pl,ok,1.0,1.4984753082785214,0.0,,0.001696049000003086,hunter_mm,,43.0,1.6633107589671324e-11
shell,25,32,shell,2.0,alternating,8,3,112,12.0,42.0,0,mle,ok,3.0,1.5505802006571432,0.052104892378621814,0.757533184154752,0.0025343879999866203,exact_subset_dp,,,
shell,25,32,shell,2.0,alternating,8,3,112,12.0,42.0,0,sharp,ok,3.0,1.5934511646018334,0.09497585632331207,0.6385945001665354,0.003319833000006156,exact_sieve,0.0,,
shell,25,32,shell,2.0,alternating,8,3,112,12.0,42.0,0,efficient,outside_schedule_domain,,,,,4.730300000233001e-05,unavailable,,,
shell,25,32,shell,2.0,alternating,8,3,112,12.0,42.0,0,borda,ok,2.0,1.5405318666293442,0.04205655835082278,0.7452814445194086,0.0015142359999913424,published_global_clipped_borda,0.0,,
shell,25,33,shell,2.0,alternating,8,3,112,12.0,42.0,0,pl,ok,2.0,1.5230020692998285,0.0,,0.0019199190000165345,hunter_mm,,52.0,1.2688199697257525e-11
shell,25,33,shell,2.0,alternating,8,3,112,12.0,42.0,0,mle,ok,2.0,1.553340759441138,0.03033869014130941,0.8986426795612205,0.002530170999989423,exact_subset_dp,,,
shell,25,33,shell,2.0,alternating,8,3,112,12.0,42.0,0,sharp,ok,4.0,1.6013334540848079,0.07833138478497936,0.7090287388626768,0.003604795000001104,exact_sieve,0.0,,
shell,25,33,shell,2.0,alternating,8,3,112,12.0,42.0,0,efficient,outside_schedule_domain,,,,,5.0282999978890075e-05,unavailable,,,
shell,25,33,shell,2.0,alternating,8,3,112,12.0,42.0,0,borda,ok,1.0,1.5467324341644844,0.02373036486465585,0.8720402655126755,0.0015381649999994806,published_global_clipped_borda,0.0,,
shell,25,34,shell,2.0,alternating,8,3,112,12.0,42.0,0,pl,ok,1.0,1.515872373861604,0.0,,0.0017692830000157755,hunter_mm,,47.0,1.5963928591742972e-11
shell,25,34,shell,2.0,alternating,8,3,112,12.0,42.0,0,mle,ok,2.0,1.5545129307570709,0.03864055689546686,0.757533184154752,0.002460299999995641,exact_subset_dp,,,
shell,25,34,shell,2.0,alternating,8,3,112,12.0,42.0,0,sharp,ok,6.0,1.6754745289816508,0.15960215512004683,0.6271010645696942,0.0035277710000229945,exact_sieve,0.0,,
shell,25,34,shell,2.0,alternating,8,3,112,12.0,42.0,0,efficient,outside_schedule_domain,,,,,4.747299999507959e-05,unavailable,,,
shell,25,34,shell,2.0,alternating,8,3,112,12.0,42.0,0,borda,ok,2.0,1.5494641999455188,0.033591826083914755,0.7331149445745953,0.001402133999988564,published_global_clipped_borda,0.0,,
shell,25,35,shell,2.0,alternating,8,3,112,12.0,42.0,0,pl,ok,3.0,1.5424759282403169,0.0,,0.0020321590000094147,hunter_mm,,59.0,3.2587266218797595e-11
shell,25,35,shell,2.0,alternating,8,3,112,12.0,42.0,0,mle,ok,1.0,1.5420517233623177,-0.00042420487799921247,0.8986426795612205,0.0025199270000086926,exact_subset_dp,,,
shell,25,35,shell,2.0,alternating,8,3,112,12.0,42.0,0,sharp,ok,5.0,1.676309080969555,0.13383315272923824,0.832968122258636,0.0034163109999951757,exact_sieve,0.0,,
shell,25,35,shell,2.0,alternating,8,3,112,12.0,42.0,0,efficient,outside_schedule_domain,,,,,5.019599998945523e-05,unavailable,,,
shell,25,35,shell,2.0,alternating,8,3,112,12.0,42.0,0,borda,ok,3.0,1.5868319571703648,0.044356028930047975,0.8720402655126755,0.0015118459999996503,published_global_clipped_borda,0.0,,
shell,25,36,shell,2.0,alternating,8,3,112,12.0,42.0,0,pl,ok,2.0,1.5329305513829512,0.0,,0.002451612000015757,hunter_mm,,70.0,2.1593964711590682e-11
shell,25,36,shell,2.0,alternating,8,3,112,12.0,42.0,0,mle,ok,2.0,1.5863129124615143,0.05338236107856309,1.06923102053233,0.003191585999985591,exact_subset_dp,,,
shell,25,36,shell,2.0,alternating,8,3,112,12.0,42.0,0,sharp,ok,3.0,1.5691052132641268,0.036174661881175574,0.9532945643782407,0.003552187999986245,exact_sieve,0.0,,
shell,25,36,shell,2.0,alternating,8,3,112,12.0,42.0,0,efficient,outside_schedule_domain,,,,,5.049399999279558e-05,unavailable,,,
shell,25,36,shell,2.0,alternating,8,3,112,12.0,42.0,0,borda,ok,1.0,1.5616120672859926,0.028681515903041355,1.0100693875885711,0.0018342209999957504,published_global_clipped_borda,0.0,,
shell,25,37,shell,2.0,alternating,8,3,112,12.0,42.0,0,pl,ok,1.0,1.5090931410346744,0.0,,0.001692314000024453,hunter_mm,,44.0,2.1951900614729832e-11
shell,25,37,shell,2.0,alternating,8,3,112,12.0,42.0,0,mle,ok,3.0,1.6018803678445885,0.09278722680991414,0.9394420412429931,0.0026603079999745205,exact_subset_dp,,,
shell,25,37,shell,2.0,alternating,8,3,112,12.0,42.0,0,sharp,ok,4.0,1.5988304220817928,0.08973728104711842,0.8852839704922475,0.003507164000012608,exact_sieve,0.0,,
shell,25,37,shell,2.0,alternating,8,3,112,12.0,42.0,0,efficient,outside_schedule_domain,,,,,5.1444999996874685e-05,unavailable,,,
shell,25,37,shell,2.0,alternating,8,3,112,12.0,42.0,0,borda,ok,2.0,1.582054651667892,0.07296151063321754,0.8852839704922475,0.0013909360000070592,published_global_clipped_borda,0.0,,
shell,25,38,shell,2.0,alternating,8,3,112,12.0,42.0,0,pl,ok,2.0,1.5111548798207055,0.0,,0.0022260830000107035,hunter_mm,,67.0,2.339049588938126e-11
shell,25,38,shell,2.0,alternating,8,3,112,12.0,42.0,0,mle,ok,0.0,1.535777586099218,0.024622706278512485,0.8720402655126755,0.002663820999998734,exact_subset_dp,,,
shell,25,38,shell,2.0,alternating,8,3,112,12.0,42.0,0,sharp,ok,3.0,1.550731800155626,0.03957692033492055,0.7948233114465767,0.0035121839999874283,exact_sieve,0.0,,
shell,25,38,shell,2.0,alternating,8,3,112,12.0,42.0,0,efficient,outside_schedule_domain,,,,,5.458399999724861e-05,unavailable,,,
shell,25,38,shell,2.0,alternating,8,3,112,12.0,42.0,0,borda,ok,2.0,1.552302393701669,0.04114751388096338,0.8720402655126755,0.0015440049999995153,published_global_clipped_borda,0.0,,
shell,25,39,shell,2.0,alternating,8,3,112,12.0,42.0,0,pl,ok,3.0,1.505488748826144,0.0,,0.0018086530000118728,hunter_mm,,48.0,2.022401294051893e-11
shell,25,39,shell,2.0,alternating,8,3,112,12.0,42.0,0,mle,ok,2.0,1.5481255684120783,0.04263681958593435,0.7948233114465767,0.0026895069999852694,exact_subset_dp,,,
shell,25,39,shell,2.0,alternating,8,3,112,12.0,42.0,0,sharp,ok,7.0,1.6622848741186536,0.15679612529250964,0.5930057567449797,0.0036331579999853147,exact_sieve,0.0,,
shell,25,39,shell,2.0,alternating,8,3,112,12.0,42.0,0,efficient,outside_schedule_domain,,,,,5.058400000734764e-05,unavailable,,,
shell,25,39,shell,2.0,alternating,8,3,112,12.0,42.0,0,borda,ok,3.0,1.549671769791113,0.04418302096496918,0.7823017009175557,0.0013767159999815703,published_global_clipped_borda,0.0,,
shell,26,0,shell,2.0,alternating,8,3,448,48.0,168.0,0,pl,ok,2.0,1.5004843565956993,0.0,,0.003116677999997819,hunter_mm,,47.0,2.14781843104512e-11
shell,26,0,shell,2.0,alternating,8,3,448,48.0,168.0,0,mle,ok,2.0,1.5496515533227344,0.04916719672703507,0.8201538760195531,0.002715190000003531,exact_subset_dp,,,
shell,26,0,shell,2.0,alternating,8,3,448,48.0,168.0,0,sharp,ok,0.0,1.534078038367582,0.03359368177188271,0.7823017009175557,0.010669761000002609,exact_sieve,0.0,,
shell,26,0,shell,2.0,alternating,8,3,448,48.0,168.0,0,efficient,outside_schedule_domain,,,,,0.0001077189999989514,unavailable,,,
shell,26,0,shell,2.0,alternating,8,3,448,48.0,168.0,0,borda,ok,2.0,1.5496515533227344,0.04916719672703507,0.8201538760195531,0.0017585749999966538,published_global_clipped_borda,0.0,,
shell,26,1,shell,2.0,alternating,8,3,448,48.0,168.0,0,pl,ok,1.0,1.4992949976834313,0.0,,0.0031733339999959753,hunter_mm,,52.0,2.2634592612900762e-11
shell,26,1,shell,2.0,alternating,8,3,448,48.0,168.0,0,mle,ok,1.0,1.5359765669700605,0.036681569286629134,0.8265483022961607,0.0027834459999951378,exact_subset_dp,,,
shell,26,1,shell,2.0,alternating,8,3,448,48.0,168.0,0,sharp,ok,1.0,1.5382976876580372,0.039002689974605875,0.8137844996447892,0.010750667999985808,exact_sieve,0.0,,
shell,26,1,shell,2.0,alternating,8,3,448,48.0,168.0,0,efficient,outside_schedule_domain,,,,,7.80000000020209e-05,unavailable,,,
shell,26,1,shell,2.0,alternating,8,3,448,48.0,168.0,0,borda,ok,1.0,1.545190851833257,0.04589585414982578,0.8137844996447892,0.0014371209999808343,published_global_clipped_borda,0.0,,
shell,26,2,shell,2.0,alternating,8,3,448,48.0,168.0,0,pl,ok,1.0,1.5084947733308216,0.0,,0.002762719999992669,hunter_mm,,47.0,1.8614697085337996e-11
shell,26,2,shell,2.0,alternating,8,3,448,48.0,168.0,0,mle,ok,1.0,1.5428225713783468,0.03432779804752517,0.9087391420563987,0.002753063000000111,exact_subset_dp,,,
shell,26,2,shell,2.0,alternating,8,3,448,48.0,168.0,0,sharp,ok,1.0,1.5428225713783468,0.03432779804752517,0.9087391420563987,0.010985895999994,exact_sieve,0.0,,
shell,26,2,shell,2.0,alternating,8,3,448,48.0,168.0,0,efficient,outside_schedule_domain,,,,,8.164499999452346e-05,unavailable,,,
shell,26,2,shell,2.0,alternating,8,3,448,48.0,168.0,0,borda,ok,1.0,1.5428225713783468,0.03432779804752517,0.9087391420563987,0.0015914139999892996,published_global_clipped_borda,0.0,,
shell,26,3,shell,2.0,alternating,8,3,448,48.0,168.0,0,pl,ok,2.0,1.495664929278521,0.0,,0.002684318999996549,hunter_mm,,47.0,2.653756579564158e-11
shell,26,3,shell,2.0,alternating,8,3,448,48.0,168.0,0,mle,ok,2.0,1.5398720879944452,0.04420715871592429,0.8011195480346118,0.0027565429999754087,exact_subset_dp,,,
shell,26,3,shell,2.0,alternating,8,3,448,48.0,168.0,0,sharp,ok,4.0,1.6319869218418244,0.13632199256330346,0.6882121065231049,0.010894713999988426,exact_sieve,0.0,,
shell,26,3,shell,2.0,alternating,8,3,448,48.0,168.0,0,efficient,outside_schedule_domain,,,,,7.90919999928974e-05,unavailable,,,
shell,26,3,shell,2.0,alternating,8,3,448,48.0,168.0,0,borda,ok,2.0,1.5398720879944452,0.04420715871592429,0.8011195480346118,0.0015746780000256422,published_global_clipped_borda,0.0,,
shell,26,4,shell,2.0,alternating,8,3,448,48.0,168.0,0,pl,ok,2.0,1.4984307130034527,0.0,,0.0026185549999979685,hunter_mm,,44.0,2.4008414304229777e-11
shell,26,4,shell,2.0,alternating,8,3,448,48.0,168.0,0,mle,ok,1.0,1.5357071827009907,0.03727646969753806,0.8074398347256734,0.0027947189999792954,exact_subset_dp,,,
shell,26,4,shell,2.0,alternating,8,3,448,48.0,168.0,0,sharp,ok,1.0,1.5384383191767421,0.04000760617328947,0.7636917388705126,0.01082191999998372,exact_sieve,0.0,,
shell,26,4,shell,2.0,alternating,8,3,448,48.0,168.0,0,efficient,outside_schedule_domain,,,,,8.379400000535497e-05,unavailable,,,
shell,26,4,shell,2.0,alternating,8,3,448,48.0,168.0,0,borda,ok,2.0,1.5455999039402855,0.047169190936832806,0.7885508018261497,0.0014324310000120022,published_global_clipped_borda,0.0,,
shell,26,5,shell,2.0,alternating,8,3,448,48.0,168.0,0,pl,ok,1.0,1.4975204372334523,0.0,,0.0025375439999777427,hunter_mm,,43.0,1.9254058664890702e-11
shell,26,5,shell,2.0,alternating,8,3,448,48.0,168.0,0,mle,ok,0.0,1.5340338274539822,0.03651339022052991,0.8137844996447892,0.0025158690000068873,exact_subset_dp,,,
shell,26,5,shell,2.0,alternating,8,3,448,48.0,168.0,0,sharp,ok,1.0,1.5582422626442942,0.06072182541084192,0.7885508018261497,0.010592892999994774,exact_sieve,0.0,,
shell,26,5,shell,2.0,alternating,8,3,448,48.0,168.0,0,efficient,outside_schedule_domain,,,,,0.00010273000000893262,unavailable,,,
shell,26,5,shell,2.0,alternating,8,3,448,48.0,168.0,0,borda,ok,1.0,1.538216920208723,0.04069648297527073,0.8074398347256734,0.0015296999999918626,published_global_clipped_borda,0.0,,
shell,26,6,shell,2.0,alternating,8,3,448,48.0,168.0,0,pl,ok,0.0,1.4992079129496594,0.0,,0.002868922000004659,hunter_mm,,49.0,2.9019072858968034e-11
shell,26,6,shell,2.0,alternating,8,3,448,48.0,168.0,0,mle,ok,1.0,1.5360467857641664,0.03683887281450704,0.8297550163683275,0.0026223090000030425,exact_subset_dp,,,
shell,26,6,shell,2.0,alternating,8,3,448,48.0,168.0,0,sharp,ok,1.0,1.5360467857641664,0.03683887281450704,0.8297550163683275,0.010262756999992462,exact_sieve,0.0,,
shell,26,6,shell,2.0,alternating,8,3,448,48.0,168.0,0,efficient,outside_schedule_domain,,,,,7.287799999744493e-05,unavailable,,,
shell,26,6,shell,2.0,alternating,8,3,448,48.0,168.0,0,borda,ok,0.0,1.534214961953606,0.03500704900394669,0.8265483022961607,0.0015722229999823867,published_global_clipped_borda,0.0,,
shell,26,7,shell,2.0,alternating,8,3,448,48.0,168.0,0,pl,ok,0.0,1.4979933034497726,0.0,,0.003168810000005351,hunter_mm,,55.0,2.312746819451864e-11
shell,26,7,shell,2.0,alternating,8,3,448,48.0,168.0,0,mle,ok,1.0,1.5376361471802946,0.03964284373052207,0.8720402655126755,0.002688290999998344,exact_subset_dp,,,
shell,26,7,shell,2.0,alternating,8,3,448,48.0,168.0,0,sharp,ok,2.0,1.5416735748719346,0.04368027142216202,0.8621810556555045,0.010561999999993077,exact_sieve,0.0,,
shell,26,7,shell,2.0,alternating,8,3,448,48.0,168.0,0,efficient,outside_schedule_domain,,,,,7.277599999611084e-05,unavailable,,,
shell,26,7,shell,2.0,alternating,8,3,448,48.0,168.0,0,borda,ok,1.0,1.5376361471802946,0.03964284373052207,0.8720402655126755,0.0015865160000032574,published_global_clipped_borda,0.0,,
shell,26,8,shell,2.0,alternating,8,3,448,48.0,168.0,0,pl,ok,1.0,1.5100270084743233,0.0,,0.0031207020000181274,hunter_mm,,54.0,2.6426987582388913e-11
shell,26,8,shell,2.0,alternating,8,3,448,48.0,168.0,0,mle,ok,1.0,1.5365081593349823,0.026481150860659053,0.8458853458049513,0.0027320080000095004,exact_subset_dp,,,
shell,26,8,shell,2.0,alternating,8,3,448,48.0,168.0,0,sharp,ok,2.0,1.54742276669092,0.037395758216596686,0.8297550163683275,0.01078932800001553,exact_sieve,0.0,,
shell,26,8,shell,2.0,alternating,8,3,448,48.0,168.0,0,efficient,outside_schedule_domain,,,,,7.965700001477671e-05,unavailable,,,
shell,26,8,shell,2.0,alternating,8,3,448,48.0,168.0,0,borda,ok,1.0,1.544189631929863,0.034162623455539665,0.8106090992009355,0.0014901319999864882,published_global_clipped_borda,0.0,,
shell,26,9,shell,2.0,alternating,8,3,448,48.0,168.0,0,pl,ok,1.0,1.4986100489502174,0.0,,0.0030843469999979334,hunter_mm,,53.0,2.3065612911718094e-11
shell,26,9,shell,2.0,alternating,8,3,448,48.0,168.0,0,mle,ok,0.0,1.5349280727330004,0.03631802378278293,0.852383464765803,0.002769944000021951,exact_subset_dp,,,
shell,26,9,shell,2.0,alternating,8,3,448,48.0,168.0,0,sharp,ok,3.0,1.5788145637949738,0.08020451484475632,0.791684110769496,0.010825433999997358,exact_sieve,0.0,,
shell,26,9,shell,2.0,alternating,8,3,448,48.0,168.0,0,efficient,outside_schedule_domain,,,,,7.93739999949139e-05,unavailable,,,
shell,26,9,shell,2.0,alternating,8,3,448,48.0,168.0,0,borda,ok,1.0,1.545190756809145,0.04658070785892754,0.8426462308593962,0.001420862999992778,published_global_clipped_borda,0.0,,
shell,26,10,shell,2.0,alternating,8,3,448,48.0,168.0,0,pl,ok,2.0,1.4990522559112562,0.0,,0.002534357000001819,hunter_mm,,41.0,2.2104984509496717e-11
shell,26,10,shell,2.0,alternating,8,3,448,48.0,168.0,0,mle,ok,1.0,1.5369977209391221,0.03794546502786589,0.7361487023127573,0.0027944590000004155,exact_subset_dp,,,
shell,26,10,shell,2.0,alternating,8,3,448,48.0,168.0,0,sharp,ok,1.0,1.5369977209391221,0.03794546502786589,0.7361487023127573,0.01088563999999792,exact_sieve,0.0,,
shell,26,10,shell,2.0,alternating,8,3,448,48.0,168.0,0,efficient,outside_schedule_domain,,,,,8.880599997951322e-05,unavailable,,,
shell,26,10,shell,2.0,alternating,8,3,448,48.0,168.0,0,borda,ok,1.0,1.5369977209391221,0.03794546502786589,0.7361487023127573,0.0016652669999928094,published_global_clipped_borda,0.0,,
shell,26,11,shell,2.0,alternating,8,3,448,48.0,168.0,0,pl,ok,1.0,1.493064669210785,0.0,,0.0026501939999832302,hunter_mm,,45.0,2.0665247291162814e-11
shell,26,11,shell,2.0,alternating,8,3,448,48.0,168.0,0,mle,ok,1.0,1.535913630867424,0.042848961656638984,0.8233479365601499,0.002768212999995967,exact_subset_dp,,,
shell,26,11,shell,2.0,alternating,8,3,448,48.0,168.0,0,sharp,ok,4.0,1.5958148620717372,0.10275019286095222,0.7270629548365617,0.011171281000002864,exact_sieve,0.0,,
shell,26,11,shell,2.0,alternating,8,3,448,48.0,168.0,0,efficient,outside_schedule_domain,,,,,8.059900000034759e-05,unavailable,,,
shell,26,11,shell,2.0,alternating,8,3,448,48.0,168.0,0,borda,ok,1.0,1.535913630867424,0.042848961656638984,0.8233479365601499,0.0016058420000035767,published_global_clipped_borda,0.0,,
shell,26,12,shell,2.0,alternating,8,3,448,48.0,168.0,0,pl,ok,1.0,1.5105746021481061,0.0,,0.0025150769999982003,hunter_mm,,41.0,2.174977658293236e-11
shell,26,12,shell,2.0,alternating,8,3,448,48.0,168.0,0,mle,ok,3.0,1.5961527013180143,0.08557809916990822,0.7150201211726228,0.0027062209999826337,exact_subset_dp,,,
shell,26,12,shell,2.0,alternating,8,3,448,48.0,168.0,0,sharp,ok,3.0,1.5961527013180143,0.08557809916990822,0.7150201211726228,0.010560411000000158,exact_sieve,0.0,,
shell,26,12,shell,2.0,alternating,8,3,448,48.0,168.0,0,efficient,outside_schedule_domain,,,,,7.555900000966176e-05,unavailable,,,
shell,26,12,shell,2.0,alternating,8,3,448,48.0,168.0,0,borda,ok,1.0,1.559636056605266,0.049061454457159925,0.6882121065231049,0.00160791700000118,published_global_clipped_borda,0.0,,
shell,26,13,shell,2.0,alternating,8,3,448,48.0,168.0,0,pl,ok,1.0,1.4953075091880847,0.0,,0.0025851320000072064,hunter_mm,,43.0,1.9909788103892165e-11
shell,26,13,shell,2.0,alternating,8,3,448,48.0,168.0,0,mle,ok,2.0,1.5398720879944452,0.044564578806360444,0.8011195480346118,0.002713409999984151,exact_subset_dp,,,
shell,26,13,shell,2.0,alternating,8,3,448,48.0,168.0,0,sharp,ok,2.0,1.5455737209729894,0.050266211784904646,0.776075695237584,0.010856903000018292,exact_sieve,0.0,,
shell,26,13,shell,2.0,alternating,8,3,448,48.0,168.0,0,efficient,outside_schedule_domain,,,,,8.25749999933123e-05,unavailable,,,
shell,26,13,shell,2.0,alternating,8,3,448,48.0,168.0,0,borda,ok,1.0,1.5356688887709535,0.040361379582868784,0.7979684437893203,0.0015852200000097127,published_global_clipped_borda,0.0,,
shell,26,14,shell,2.0,alternating,8,3,448,48.0,168.0,0,pl,ok,2.0,1.4953104564063917,0.0,,0.002566795000007005,hunter_mm,,43.0,2.1398248252678188e-11
shell,26,14,shell,2.0,alternating,8,3,448,48.0,168.0,0,mle,ok,2.0,1.548886029609781,0.05357557320338935,0.7791858305831347,0.002645795000006501,exact_subset_dp,,,
shell,26,14,shell,2.0,alternating,8,3,448,48.0,168.0,0,sharp,ok,2.0,1.5545918317021328,0.05928137529574107,0.7791858305831347,0.010650864000012916,exact_sieve,0.0,,
shell,26,14,shell,2.0,alternating,8,3,448,48.0,168.0,0,efficient,outside_schedule_domain,,,,,7.933099999490878e-05,unavailable,,,
shell,26,14,shell,2.0,alternating,8,3,448,48.0,168.0,0,borda,ok,2.0,1.548886029609781,0.05357557320338935,0.7791858305831347,0.0014299110000024484,published_global_clipped_borda,0.0,,
shell,26,15,shell,2.0,alternating,8,3,448,48.0,168.0,0,pl,ok,2.0,1.4949079084522947,0.0,,0.0025877379999883487,hunter_mm,,43.0,2.078071048572383e-11
shell,26,15,shell,2.0,alternating,8,3,448,48.0,168.0,0,mle,ok,1.0,1.5362091892872036,0.041301280834908916,0.8361876637942263,0.0027601870000069084,exact_subset_dp,,,
shell,26,15,shell,2.0,alternating,8,3,448,48.0,168.0,0,sharp,ok,0.0,1.534214961953606,0.03930705350131136,0.8265483022961607,0.01065045600000758,exact_sieve,0.0,,
shell,26,15,shell,2.0,alternating,8,3,448,48.0,168.0,0,efficient,outside_schedule_domain,,,,,7.697300000586438e-05,unavailable,,,
shell,26,15,shell,2.0,alternating,8,3,448,48.0,168.0,0,borda,ok,2.0,1.5398720879944452,0.044964179542150484,0.8011195480346118,0.0016075850000163427,published_global_clipped_borda,0.0,,
shell,26,16,shell,2.0,alternating,8,3,448,48.0,168.0,0,pl,ok,2.0,1.5051597564517134,0.0,,0.002616678999999067,hunter_mm,,44.0,1.5560441823936344e-11
shell,26,16,shell,2.0,alternating,8,3,448,48.0,168.0,0,mle,ok,1.0,1.5379155245917966,0.032755768140083186,0.7180232709244534,0.0027275899999779085,exact_subset_dp,,,
shell,26,16,shell,2.0,alternating,8,3,448,48.0,168.0,0,sharp,ok,2.0,1.5639328003139834,0.05877304386227,0.697104725066857,0.01061866300000247,exact_sieve,0.0,,
shell,26,16,shell,2.0,alternating,8,3,448,48.0,168.0,0,efficient,outside_schedule_domain,,,,,7.028499999250926e-05,unavailable,,,
shell,26,16,shell,2.0,alternating,8,3,448,48.0,168.0,0,borda,ok,2.0,1.5478591292973094,0.042699372845595995,0.7000784657811105,0.0015795610000282068,published_global_clipped_borda,0.0,,
shell,26,17,shell,2.0,alternating,8,3,448,48.0,168.0,0,pl,ok,1.0,1.504828632899785,0.0,,0.0026511210000137453,hunter_mm,,45.0,1.7733941299573938e-11
shell,26,17,shell,2.0,alternating,8,3,448,48.0,168.0,0,mle,ok,2.0,1.5763478784991969,0.07151924559941181,0.8589084084290807,0.0027604680000195003,exact_subset_dp,,,
shell,26,17,shell,2.0,alternating,8,3,448,48.0,168.0,0,sharp,ok,2.0,1.5763478784991969,0.07151924559941181,0.8589084084290807,0.010292778000007274,exact_sieve,0.0,,
shell,26,17,shell,2.0,alternating,8,3,448,48.0,168.0,0,efficient,outside_schedule_domain,,,,,7.098700001506586e-05,unavailable,,,
shell,26,17,shell,2.0,alternating,8,3,448,48.0,168.0,0,borda,ok,1.0,1.5450573915161199,0.04022875861633479,0.839413685151351,0.0015538460000072973,published_global_clipped_borda,0.0,,
shell,26,18,shell,2.0,alternating,8,3,448,48.0,168.0,0,pl,ok,1.0,1.4973374166585538,0.0,,0.0030257850000054987,hunter_mm,,52.0,1.9823634797181253e-11
shell,26,18,shell,2.0,alternating,8,3,448,48.0,168.0,0,mle,ok,1.0,1.5374684663118057,0.04013104965325187,0.8687469364953876,0.002722323000000415,exact_subset_dp,,,
shell,26,18,shell,2.0,alternating,8,3,448,48.0,168.0,0,sharp,ok,0.0,1.5354639367041942,0.03812652004564043,0.8654605491756215,0.009934955999995054,exact_sieve,0.0,,
shell,26,18,shell,2.0,alternating,8,3,448,48.0,168.0,0,efficient,outside_schedule_domain,,,,,6.963999999243242e-05,unavailable,,,
shell,26,18,shell,2.0,alternating,8,3,448,48.0,168.0,0,borda,ok,1.0,1.5374684663118057,0.04013104965325187,0.8687469364953876,0.0015361050000137766,published_global_clipped_borda,0.0,,
shell,26,19,shell,2.0,alternating,8,3,448,48.0,168.0,0,pl,ok,0.0,1.499319444226964,0.0,,0.0026747439999894596,hunter_mm,,47.0,1.7478082473384606e-11
shell,26,19,shell,2.0,alternating,8,3,448,48.0,168.0,0,mle,ok,0.0,1.533991260886277,0.03467181665931296,0.791684110769496,0.0027742240000065976,exact_subset_dp,,,
shell,26,19,shell,2.0,alternating,8,3,448,48.0,168.0,0,sharp,ok,0.0,1.533991260886277,0.03467181665931296,0.791684110769496,0.010516733000002887,exact_sieve,0.0,,
shell,26,19,shell,2.0,alternating,8,3,448,48.0,168.0,0,efficient,outside_schedule_domain,,,,,7.311799998888091e-05,unavailable,,,
shell,26,19,shell,2.0,alternating,8,3,448,48.0,168.0,0,borda,ok,1.0,1.544400991878358,0.04508154765139416,0.7452814445194086,0.0016184149999958208,published_global_clipped_borda,0.0,,
shell,26,20,shell,2.0,alternating,8,3,448,48.0,168.0,0,pl,ok,0.0,1.493489276131728,0.0,,0.0028493860000082805,hunter_mm,,48.0,2.197467604706357e-11
shell,26,20,shell,2.0,alternating,8,3,448,48.0,168.0,0,mle,ok,1.0,1.5458912129326459,0.05240193680091787,0.8361876637942263,0.0027650639999876603,exact_subset_dp,,,
shell,26,20,shell,2.0,alternating,8,3,448,48.0,168.0,0,sharp,ok,2.0,1.5492139190236485,0.05572464289192047,0.8042766647277028,0.01030469799999878,exact_sieve,0.0,,
shell,26,20,shell,2.0,alternating,8,3,448,48.0,168.0,0,efficient,outside_schedule_domain,,,,,7.227100002182851e-05,unavailable,,,
shell,26,20,shell,2.0,alternating,8,3,448,48.0,168.0,0,borda,ok,1.0,1.5458912129326459,0.05240193680091787,0.8361876637942263,0.0015374150000013742,published_global_clipped_borda,0.0,,
shell,26,21,shell,2.0,alternating,8,3,448,48.0,168.0,0,pl,ok,2.0,1.5117214119791877,0.0,,0.0028633109999987028,hunter_mm,,50.0,1.7859935752539968e-11
shell,26,21,shell,2.0,alternating,8,3,448,48.0,168.0,0,mle,ok,1.0,1.5356745863695727,0.023953174390384913,0.8011195480346118,0.0027319299999817304,exact_subset_dp,,,
shell,26,21,shell,2.0,alternating,8,3,448,48.0,168.0,0,sharp,ok,1.0,1.5356745863695727,0.023953174390384913,0.8011195480346118,0.010313015999997788,exact_sieve,0.0,,
shell,26,21,shell,2.0,alternating,8,3,448,48.0,168.0,0,efficient,outside_schedule_domain,,,,,6.83270000081393e-05,unavailable,,,
shell,26,21,shell,2.0,alternating,8,3,448,48.0,168.0,0,borda,ok,2.0,1.5465325875760971,0.03481117559690938,0.791684110769496,0.0016011550000030184,published_global_clipped_borda,0.0,,
shell,26,22,shell,2.0,alternating,8,3,448,48.0,168.0,0,pl,ok,1.0,1.4963095370773962,0.0,,0.002695366000011745,hunter_mm,,46.0,1.9721621161547123e-11
shell,26,22,shell,2.0,alternating,8,3,448,48.0,168.0,0,mle,ok,0.0,1.5341099716531543,0.0378004345757581,0.8201538760195531,0.002699918000018897,exact_subset_dp,,,
shell,26,22,shell,2.0,alternating,8,3,448,48.0,168.0,0,sharp,ok,4.0,1.5969971564377983,0.10068761936040205,0.6941357727405297,0.010192111999998588,exact_sieve,0.0,,
shell,26,22,shell,2.0,alternating,8,3,448,48.0,168.0,0,efficient,outside_schedule_domain,,,,,6.843700001013531e-05,unavailable,,,
shell,26,22,shell,2.0,alternating,8,3,448,48.0,168.0,0,borda,ok,1.0,1.535687341980385,0.0393778049029887,0.8042766647277028,0.0016034139999874242,published_global_clipped_borda,0.0,,
shell,26,23,shell,2.0,alternating,8,3,448,48.0,168.0,0,pl,ok,2.0,1.500791471279683,0.0,,0.002700623999999152,hunter_mm,,46.0,2.2634211965006604e-11
shell,26,23,shell,2.0,alternating,8,3,448,48.0,168.0,0,mle,ok,1.0,1.5456543272721925,0.0448628559925095,0.8297550163683275,0.0025403759999846898,exact_subset_dp,,,
shell,26,23,shell,2.0,alternating,8,3,448,48.0,168.0,0,sharp,ok,1.0,1.5439089284719025,0.04311745719221949,0.7854233449861958,0.0103517929999839,exact_sieve,0.0,,
shell,26,23,shell,2.0,alternating,8,3,448,48.0,168.0,0,efficient,outside_schedule_domain,,,,,7.417200001214042e-05,unavailable,,,
shell,26,23,shell,2.0,alternating,8,3,448,48.0,168.0,0,borda,ok,2.0,1.5497609545381454,0.0489694832584624,0.8233479365601499,0.0017401220000010653,published_global_clipped_borda,0.0,,
shell,26,24,shell,2.0,alternating,8,3,448,48.0,168.0,0,pl,ok,2.0,1.500759407244027,0.0,,0.0028001920000235714,hunter_mm,,45.0,2.039644643657214e-11
shell,26,24,shell,2.0,alternating,8,3,448,48.0,168.0,0,mle,ok,2.0,1.540940213355113,0.04018080611108621,0.8458853458049513,0.002668986000003315,exact_subset_dp,,,
shell,26,24,shell,2.0,alternating,8,3,448,48.0,168.0,0,sharp,ok,2.0,1.5634943331028062,0.06273492585877927,0.7854233449861958,0.010150691999996297,exact_sieve,0.0,,
shell,26,24,shell,2.0,alternating,8,3,448,48.0,168.0,0,efficient,outside_schedule_domain,,,,,6.622799998012852e-05,unavailable,,,
shell,26,24,shell,2.0,alternating,8,3,448,48.0,168.0,0,borda,ok,2.0,1.540940213355113,0.04018080611108621,0.8458853458049513,0.0015023609999786913,published_global_clipped_borda,0.0,,
shell,26,25,shell,2.0,alternating,8,3,448,48.0,168.0,0,pl,ok,0.0,1.4938238129146804,0.0,,0.0029631679999795324,hunter_mm,,51.0,1.816413686128726e-11
shell,26,25,shell,2.0,alternating,8,3,448,48.0,168.0,0,mle,ok,1.0,1.545970734027243,0.052146921112562694,0.8589084084290807,0.002820844999973815,exact_subset_dp,,,
shell,26,25,shell,2.0,alternating,8,3,448,48.0,168.0,0,sharp,ok,1.0,1.545970734027243,0.052146921112562694,0.8589084084290807,0.010484705999999733,exact_sieve,0.0,,
shell,26,25,shell,2.0,alternating,8,3,448,48.0,168.0,0,efficient,outside_schedule_domain,,,,,7.753500000262648e-05,unavailable,,,
shell,26,25,shell,2.0,alternating,8,3,448,48.0,168.0,0,borda,ok,1.0,1.538407204488982,0.04458339157430169,0.8201538760195531,0.00144589100000303,published_global_clipped_borda,0.0,,
shell,26,26,shell,2.0,alternating,8,3,448,48.0,168.0,0,pl,ok,1.0,1.4977386586270693,0.0,,0.002855075000013585,hunter_mm,,50.0,2.0750448978138334e-11
shell,26,26,shell,2.0,alternating,8,3,448,48.0,168.0,0,mle,ok,0.0,1.5340338274539822,0.03629516882691286,0.8137844996447892,0.0026076089999946817,exact_subset_dp,,,
shell,26,26,shell,2.0,alternating,8,3,448,48.0,168.0,0,sharp,ok,2.0,1.5630548099312418,0.06531615130417245,0.766779315990074,0.010356481000002304,exact_sieve,0.0,,
shell,26,26,shell,2.0,alternating,8,3,448,48.0,168.0,0,efficient,outside_schedule_domain,,,,,7.971700000553028e-05,unavailable,,,
shell,26,26,shell,2.0,alternating,8,3,448,48.0,168.0,0,borda,ok,1.0,1.5382976876580372,0.040559029030967864,0.8137844996447892,0.001452705000019705,published_global_clipped_borda,0.0,,
shell,26,27,shell,2.0,alternating,8,3,448,48.0,168.0,0,pl,ok,2.0,1.4991340376178224,0.0,,0.002815843999997014,hunter_mm,,49.0,2.2554466231180672e-11
shell,26,27,shell,2.0,alternating,8,3,448,48.0,168.0,0,mle,ok,1.0,1.5383488382610615,0.03921480064323912,0.81696607787102,0.0026234119999912764,exact_subset_dp,,,
shell,26,27,shell,2.0,alternating,8,3,448,48.0,168.0,0,sharp,ok,3.0,1.5784928354451142,0.07935879782729183,0.7331149445745953,0.010351607999979251,exact_sieve,0.0,,
shell,26,27,shell,2.0,alternating,8,3,448,48.0,168.0,0,efficient,outside_schedule_domain,,,,,6.872299999827192e-05,unavailable,,,
shell,26,27,shell,2.0,alternating,8,3,448,48.0,168.0,0,borda,ok,2.0,1.5494547120373117,0.050320674419489286,0.8137844996447892,0.0014430820000086442,published_global_clipped_borda,0.0,,
shell,26,28,shell,2.0,alternating,8,3,448,48.0,168.0,0,pl,ok,0.0,1.4947467102027798,0.0,,0.002712647000009838,hunter_mm,,47.0,2.5118447004907855e-11
shell,26,28,shell,2.0,alternating,8,3,448,48.0,168.0,0,mle,ok,1.0,1.5383844383005714,0.04363772809779154,0.8852839704922475,0.0025406359999919914,exact_subset_dp,,,
shell,26,28,shell,2.0,alternating,8,3,448,48.0,168.0,0,sharp,ok,0.0,1.535777586099218,0.04103087589643817,0.8720402655126755,0.00998207099999604,exact_sieve,0.0,,
shell,26,28,shell,2.0,alternating,8,3,448,48.0,168.0,0,efficient,outside_schedule_domain,,,,,7.925399998498506e-05,unavailable,,,
shell,26,28,shell,2.0,alternating,8,3,448,48.0,168.0,0,borda,ok,1.0,1.5461578860796894,0.051411175876909576,0.8426462308593962,0.0013570609999931094,published_global_clipped_borda,0.0,,
shell,26,29,shell,2.0,alternating,8,3,448,48.0,168.0,0,pl,ok,0.0,1.494118039540287,0.0,,0.002413291000010531,hunter_mm,,40.0,1.628640079940981e-11
shell,26,29,shell,2.0,alternating,8,3,448,48.0,168.0,0,mle,ok,2.0,1.540854804918269,0.04673676537798199,0.7361487023127573,0.0026904129999820725,exact_subset_dp,,,
shell,26,29,shell,2.0,alternating,8,3,448,48.0,168.0,0,sharp,ok,1.0,1.5592117023289245,0.06509366278863737,0.697104725066857,0.01006546899998284,exact_sieve,0.0,,
shell,26,29,shell,2.0,alternating,8,3,448,48.0,168.0,0,efficient,outside_schedule_domain,,,,,6.908400001748305e-05,unavailable,,,
shell,26,29,shell,2.0,alternating,8,3,448,48.0,168.0,0,borda,ok,1.0,1.53713444301702,0.043016403476732856,0.7331149445745953,0.001386600999978782,published_global_clipped_borda,0.0,,
shell,26,30,shell,2.0,alternating,8,3,448,48.0,168.0,0,pl,ok,2.0,1.5018961074561203,0.0,,0.0026816150000001926,hunter_mm,,45.0,2.232328607679587e-11
shell,26,30,shell,2.0,alternating,8,3,448,48.0,168.0,0,mle,ok,2.0,1.546464113052775,0.044568005596654636,0.7791858305831347,0.0025953859999958695,exact_subset_dp,,,
shell,26,30,shell,2.0,alternating,8,3,448,48.0,168.0,0,sharp,ok,2.0,1.5399646642264178,0.03806855677029741,0.7698724759713074,0.01022819199999958,exact_sieve,0.0,,
shell,26,30,shell,2.0,alternating,8,3,448,48.0,168.0,0,efficient,outside_schedule_domain,,,,,6.929100001684674e-05,unavailable,,,
shell,26,30,shell,2.0,alternating,8,3,448,48.0,168.0,0,borda,ok,2.0,1.5399646642264178,0.03806855677029741,0.7698724759713074,0.0013651220000099329,published_global_clipped_borda,0.0,,
shell,26,31,shell,2.0,alternating,8,3,448,48.0,168.0,0,pl,ok,2.0,1.4996671828644081,0.0,,0.0026945969999871977,hunter_mm,,46.0,1.6189969999556654e-11
shell,26,31,shell,2.0,alternating,8,3,448,48.0,168.0,0,mle,ok,2.0,1.5403073036877393,0.04064012082333113,0.8265483022961607,0.0026842039999905865,exact_subset_dp,,,
shell,26,31,shell,2.0,alternating,8,3,448,48.0,168.0,0,sharp,ok,5.0,1.609285381354972,0.10961819849056376,0.7606097072789118,0.010289357000004884,exact_sieve,0.0,,
shell,26,31,shell,2.0,alternating,8,3,448,48.0,168.0,0,efficient,outside_schedule_domain,,,,,6.517799999983254e-05,unavailable,,,
shell,26,31,shell,2.0,alternating,8,3,448,48.0,168.0,0,borda,ok,2.0,1.5403073036877393,0.04064012082333113,0.8265483022961607,0.0015749190000065028,published_global_clipped_borda,0.0,,
shell,26,32,shell,2.0,alternating,8,3,448,48.0,168.0,0,pl,ok,1.0,1.5019406428530755,0.0,,0.0030483239999909983,hunter_mm,,53.0,2.865415841110267e-11
shell,26,32,shell,2.0,alternating,8,3,448,48.0,168.0,0,mle,ok,1.0,1.5452391330118578,0.04329849015878229,0.9359991728966375,0.0025207099999988714,exact_subset_dp,,,
shell,26,32,shell,2.0,alternating,8,3,448,48.0,168.0,0,sharp,ok,0.0,1.5394202728124196,0.03747962995934406,0.9257182786944403,0.01029335999999148,exact_sieve,0.0,,
shell,26,32,shell,2.0,alternating,8,3,448,48.0,168.0,0,efficient,outside_schedule_domain,,,,,6.982400000765665e-05,unavailable,,,
shell,26,32,shell,2.0,alternating,8,3,448,48.0,168.0,0,borda,ok,1.0,1.5452391330118578,0.04329849015878229,0.9359991728966375,0.001463486000005787,published_global_clipped_borda,0.0,,
shell,26,33,shell,2.0,alternating,8,3,448,48.0,168.0,0,pl,ok,0.0,1.4948151070165259,0.0,,0.0028581660000099873,hunter_mm,,50.0,1.8834204037635314e-11
shell,26,33,shell,2.0,alternating,8,3,448,48.0,168.0,0,mle,ok,1.0,1.5593100147515448,0.06449490773501898,0.8201538760195531,0.0025384770000016488,exact_subset_dp,,,
shell,26,33,shell,2.0,alternating,8,3,448,48.0,168.0,0,sharp,ok,2.0,1.5885450116353659,0.09372990461884001,0.7823017009175557,0.00998083900000779,exact_sieve,0.0,,
shell,26,33,shell,2.0,alternating,8,3,448,48.0,168.0,0,efficient,outside_schedule_domain,,,,,6.771800002525197e-05,unavailable,,,
shell,26,33,shell,2.0,alternating,8,3,448,48.0,168.0,0,borda,ok,0.0,1.5340683080359006,0.039253201019374684,0.81696607787102,0.0015498600000114493,published_global_clipped_borda,0.0,,
shell,26,34,shell,2.0,alternating,8,3,448,48.0,168.0,0,pl,ok,3.0,1.5049952902891017,0.0,,0.0028540840000061962,hunter_mm,,49.0,2.6563259528497187e-11
shell,26,34,shell,2.0,alternating,8,3,448,48.0,168.0,0,mle,ok,1.0,1.5413531196045698,0.03635782931546805,0.888612740509556,0.0025160300000095503,exact_subset_dp,,,
shell,26,34,shell,2.0,alternating,8,3,448,48.0,168.0,0,sharp,ok,0.0,1.5351808525407633,0.03018556225166158,0.8589084084290807,0.010443584000000783,exact_sieve,0.0,,
shell,26,34,shell,2.0,alternating,8,3,448,48.0,168.0,0,efficient,outside_schedule_domain,,,,,6.78690000199822e-05,unavailable,,,
shell,26,34,shell,2.0,alternating,8,3,448,48.0,168.0,0,borda,ok,3.0,1.5554299243905527,0.05043463410145099,0.888612740509556,0.001398666999989473,published_global_clipped_borda,0.0,,
shell,26,35,shell,2.0,alternating,8,3,448,48.0,168.0,0,pl,ok,2.0,1.49398172869175,0.0,,0.0026923270000054345,hunter_mm,,48.0,2.303738152623477e-11
shell,26,35,shell,2.0,alternating,8,3,448,48.0,168.0,0,mle,ok,3.0,1.551189113829566,0.05720738513781587,0.8137844996447892,0.002675019999998085,exact_subset_dp,,,
shell,26,35,shell,2.0,alternating,8,3,448,48.0,168.0,0,sharp,ok,2.0,1.5492869589287577,0.05530523023700762,0.8074398347256734,0.010452016000016329,exact_sieve,0.0,,
shell,26,35,shell,2.0,alternating,8,3,448,48.0,168.0,0,efficient,outside_schedule_domain,,,,,6.954399998448935e-05,unavailable,,,
shell,26,35,shell,2.0,alternating,8,3,448,48.0,168.0,0,borda,ok,2.0,1.5399813584569857,0.04599962976523564,0.8106090992009355,0.0014273359999776858,published_global_clipped_borda,0.0,,
shell,26,36,shell,2.0,alternating,8,3,448,48.0,168.0,0,pl,ok,0.0,1.4958313855241678,0.0,,0.00244606799998337,hunter_mm,,40.0,1.6487382887524812e-11
shell,26,36,shell,2.0,alternating,8,3,448,48.0,168.0,0,mle,ok,2.0,1.5481385359321695,0.05230715040800171,0.7544621327077489,0.0025769060000015998,exact_subset_dp,,,
shell,26,36,shell,2.0,alternating,8,3,448,48.0,168.0,0,sharp,ok,2.0,1.5459893945496703,0.05015800902550249,0.7452814445194086,0.010235926000007112,exact_sieve,0.0,,
shell,26,36,shell,2.0,alternating,8,3,448,48.0,168.0,0,efficient,outside_schedule_domain,,,,,6.683499998416664e-05,unavailable,,,
shell,26,36,shell,2.0,alternating,8,3,448,48.0,168.0,0,borda,ok,2.0,1.5548326353308972,0.05900124980672938,0.7331149445745953,0.0013920769999913318,published_global_clipped_borda,0.0,,
shell,26,37,shell,2.0,alternating,8,3,448,48.0,168.0,0,pl,ok,2.0,1.5033546867939016,0.0,,0.0027366699999902266,hunter_mm,,48.0,2.1293696964416344e-11
shell,26,37,shell,2.0,alternating,8,3,448,48.0,168.0,0,mle,ok,2.0,1.547623158547717,0.04426847175381532,0.8556425603777551,0.002630323000005319,exact_subset_dp,,,
shell,26,37,shell,2.0,alternating,8,3,448,48.0,168.0,0,sharp,ok,2.0,1.547623158547717,0.04426847175381532,0.8556425603777551,0.010005699000004142,exact_sieve,0.0,,
shell,26,37,shell,2.0,alternating,8,3,448,48.0,168.0,0,efficient,outside_schedule_domain,,,,,8.01099999989674e-05,unavailable,,,
shell,26,37,shell,2.0,alternating,8,3,448,48.0,168.0,0,borda,ok,2.0,1.547623158547717,0.04426847175381532,0.8556425603777551,0.001400215999979082,published_global_clipped_borda,0.0,,
shell,26,38,shell,2.0,alternating,8,3,448,48.0,168.0,0,pl,ok,2.0,1.5009094142086579,0.0,,0.003064932999990333,hunter_mm,,55.0,2.1639705900205238e-11
shell,26,38,shell,2.0,alternating,8,3,448,48.0,168.0,0,mle,ok,2.0,1.5490325666899551,0.04812315248129728,0.8786479422186868,0.002526256999999532,exact_subset_dp,,,
shell,26,38,shell,2.0,alternating,8,3,448,48.0,168.0,0,sharp,ok,2.0,1.5486052040787595,0.04769578987010159,0.8556425603777551,0.009965382000018508,exact_sieve,0.0,,
shell,26,38,shell,2.0,alternating,8,3,448,48.0,168.0,0,efficient,outside_schedule_domain,,,,,7.819800001129806e-05,unavailable,,,
shell,26,38,shell,2.0,alternating,8,3,448,48.0,168.0,0,borda,ok,3.0,1.5529337808719608,0.0520243666633029,0.8687469364953876,0.001595621000006986,published_global_clipped_borda,0.0,,
shell,26,39,shell,2.0,alternating,8,3,448,48.0,168.0,0,pl,ok,2.0,1.4947279548360772,0.0,,0.002727149999998346,hunter_mm,,47.0,2.2580223405351976e-11
shell,26,39,shell,2.0,alternating,8,3,448,48.0,168.0,0,mle,ok,2.0,1.5457416291476767,0.05101367431159942,0.757533184154752,0.002628622999992558,exact_subset_dp,,,
shell,26,39,shell,2.0,alternating,8,3,448,48.0,168.0,0,sharp,ok,2.0,1.5457416291476767,0.05101367431159942,0.757533184154752,0.010116891000023998,exact_sieve,0.0,,
shell,26,39,shell,2.0,alternating,8,3,448,48.0,168.0,0,efficient,outside_schedule_domain,,,,,6.68880000205263e-05,unavailable,,,
shell,26,39,shell,2.0,alternating,8,3,448,48.0,168.0,0,borda,ok,2.0,1.5457416291476767,0.05101367431159942,0.757533184154752,0.0014464049999958206,published_global_clipped_borda,0.0,,
shell,27,0,shell,4.0,alternating,8,3,28,3.0,10.5,0,pl,ok,5.0,1.5065263273237004,0.0,,0.0018659840000054828,hunter_mm,,60.0,1.4336087872379721e-11
shell,27,0,shell,4.0,alternating,8,3,28,3.0,10.5,0,mle,ok,5.0,1.624303049281036,0.11777672195733557,0.9672795990261153,0.0025134740000112288,exact_subset_dp,,,
shell,27,0,shell,4.0,alternating,8,3,28,3.0,10.5,0,sharp,ok,7.0,1.7115697300803139,0.20504340275661348,0.48304091257642995,0.001885213999997859,exact_sieve,0.0,,
shell,27,0,shell,4.0,alternating,8,3,28,3.0,10.5,0,efficient,outside_schedule_domain,,,,,3.9399000002049434e-05,unavailable,,,
shell,27,0,shell,4.0,alternating,8,3,28,3.0,10.5,0,borda,ok,5.0,1.624303049281036,0.11777672195733557,0.9672795990261153,0.0013231029999758448,published_global_clipped_borda,0.0,,
shell,27,1,shell,4.0,alternating,8,3,28,3.0,10.5,0,pl,ok,2.0,1.5784217983419206,0.0,,0.0018149550000146064,hunter_mm,,61.0,1.6434409388921267e-11
shell,27,1,shell,4.0,alternating,8,3,28,3.0,10.5,0,mle,ok,3.0,1.570491860705542,-0.007929937636378614,0.9672795990261153,0.002581227999996827,exact_subset_dp,,,
shell,27,1,shell,4.0,alternating,8,3,28,3.0,10.5,0,sharp,ok,12.0,1.7778970393711453,0.19947524102922465,0.27569892377869015,0.002003763999994135,exact_sieve,0.0,,
shell,27,1,shell,4.0,alternating,8,3,28,3.0,10.5,0,efficient,outside_schedule_domain,,,,,3.7219000006416536e-05,unavailable,,,
shell,27,1,shell,4.0,alternating,8,3,28,3.0,10.5,0,borda,ok,3.0,1.5874266204844532,0.00900482214253251,0.8074398347256734,0.0014799620000189861,published_global_clipped_borda,0.0,,
shell,27,2,shell,4.0,alternating,8,3,28,3.0,10.5,0,pl,ok,4.0,1.7262412634769848,0.0,,0.0015609529999949245,hunter_mm,,54.0,2.0979662451736658e-11
shell,27,2,shell,4.0,alternating,8,3,28,3.0,10.5,0,mle,ok,2.0,1.6703560939085134,-0.05588516956847145,1.2127529326707367,0.003053210999979683,exact_subset_dp,,,
shell,27,2,shell,4.0,alternating,8,3,28,3.0,10.5,0,sharp,ok,12.0,1.8528274442019703,0.1265861807249855,0.5264006135801002,0.0021234870000057526,exact_sieve,0.0,,
shell,27,2,shell,4.0,alternating,8,3,28,3.0,10.5,0,efficient,outside_schedule_domain,,,,,3.594899999370682e-05,unavailable,,,
shell,27,2,shell,4.0,alternating,8,3,28,3.0,10.5,0,borda,ok,4.0,1.6981717667947853,-0.02806949668219949,0.9121196566486348,0.0013870319999966796,published_global_clipped_borda,0.0,,
shell,27,3,shell,4.0,alternating,8,3,28,3.0,10.5,0,pl,ok,4.0,1.5636179760773357,0.0,,0.0015522930000031465,hunter_mm,,48.0,1.6489349568311288e-11
shell,27,3,shell,4.0,alternating,8,3,28,3.0,10.5,0,mle,ok,8.0,1.7946508132733219,0.23103283719598622,0.757533184154752,0.0026105649999976777,exact_subset_dp,,,
shell,27,3,shell,4.0,alternating,8,3,28,3.0,10.5,0,sharp,ok,10.0,1.7556592822146246,0.19204130613728898,0.31614842415667943,0.0020314850000033857,exact_sieve,0.0,,
shell,27,3,shell,4.0,alternating,8,3,28,3.0,10.5,0,efficient,outside_schedule_domain,,,,,3.661900001361573e-05,unavailable,,,
shell,27,3,shell,4.0,alternating,8,3,28,3.0,10.5,0,borda,ok,7.0,1.7227681547687754,0.15915017869143977,0.7090287388626768,0.0014380000000073778,published_global_clipped_borda,0.0,,
shell,27,4,shell,4.0,alternating,8,3,28,3.0,10.5,0,pl,ok,3.0,1.5146404812616434,0.0,,0.0013932820000093216,hunter_mm,,45.0,1.0085392838326308e-11
shell,27,4,shell,4.0,alternating,8,3,28,3.0,10.5,0,mle,ok,3.0,1.5864454326035387,0.07180495134189524,0.7090287388626768,0.0026210839999976088,exact_subset_dp,,,
shell,27,4,shell,4.0,alternating,8,3,28,3.0,10.5,0,sharp,ok,12.0,1.8003253355837336,0.28568485432209023,0.27569892377869015,0.0020216009999955986,exact_sieve,0.0,,
shell,27,4,shell,4.0,alternating,8,3,28,3.0,10.5,0,efficient,outside_schedule_domain,,,,,3.2512000018414255e-05,unavailable,,,
shell,27,4,shell,4.0,alternating,8,3,28,3.0,10.5,0,borda,ok,8.0,1.7056260101697314,0.19098552890808795,0.39843792971796577,0.001538970000012796,published_global_clipped_borda,0.0,,
shell,27,5,shell,4.0,alternating,8,3,28,3.0,10.5,0,pl,ok,2.0,1.5164975210773668,0.0,,0.0022481710000192834,hunter_mm,,83.0,2.142438607474365e-11
shell,27,5,shell,4.0,alternating,8,3,28,3.0,10.5,0,mle,ok,5.0,1.6308292968273062,0.11433177574993936,1.1470129282507922,0.002993267000022115,exact_subset_dp,,,
shell,27,5,shell,4.0,alternating,8,3,28,3.0,10.5,0,sharp,ok,5.0,1.6715943044985373,0.1550967834211705,0.6156729370132851,0.0020428969999954916,exact_sieve,0.0,,
shell,27,5,shell,4.0,alternating,8,3,28,3.0,10.5,0,efficient,outside_schedule_domain,,,,,3.3483000009937314e-05,unavailable,,,
shell,27,5,shell,4.0,alternating,8,3,28,3.0,10.5,0,borda,ok,2.0,1.5376633548474294,0.021165833770062648,1.0246248379567524,0.0017626560000110203,published_global_clipped_borda,0.0,,
shell,27,6,shell,4.0,alternating,8,3,28,3.0,10.5,0,pl,ok,4.0,1.4877053056859482,0.0,,0.0013862710000012157,hunter_mm,,45.0,1.957615022466338e-11
shell,27,6,shell,4.0,alternating,8,3,28,3.0,10.5,0,mle,ok,7.0,1.6476806467753229,0.15997534108937472,0.9121196566486348,0.002506842000002507,exact_subset_dp,,,
shell,27,6,shell,4.0,alternating,8,3,28,3.0,10.5,0,sharp,ok,9.0,1.719071437134851,0.23136613144890283,0.39843792971796577,0.0021981460000120023,exact_sieve,0.0,,
shell,27,6,shell,4.0,alternating,8,3,28,3.0,10.5,0,efficient,outside_schedule_domain,,,,,3.9442999991479155e-05,unavailable,,,
shell,27,6,shell,4.0,alternating,8,3,28,3.0,10.5,0,borda,ok,4.0,1.5900775249414814,0.10237221925553319,0.7090287388626768,0.0015713620000212813,published_global_clipped_borda,0.0,,
shell,27,7,shell,4.0,alternating,8,3,28,3.0,10.5,0,pl,ok,4.0,1.549977089542443,0.0,,0.002363806999994722,hunter_mm,,87.0,3.654492581566566e-11
shell,27,7,shell,4.0,alternating,8,3,28,3.0,10.5,0,mle,ok,6.0,1.7328677622679487,0.18289067272550574,1.355592246167523,0.003238375999984555,exact_subset_dp,,,
shell,27,7,shell,4.0,alternating,8,3,28,3.0,10.5,0,sharp,ok,9.0,1.752474740195849,0.20249765065340597,0.9672795990261153,0.0019237500000031105,exact_sieve,0.0,,
shell,27,7,shell,4.0,alternating,8,3,28,3.0,10.5,0,efficient,outside_schedule_domain,,,,,3.921700002251782e-05,unavailable,,,
shell,27,7,shell,4.0,alternating,8,3,28,3.0,10.5,0,borda,ok,5.0,1.5790868776096816,0.02910978806723863,1.0246248379567524,0.0016946280000240677,published_global_clipped_borda,0.0,,
shell,27,8,shell,4.0,alternating,8,3,28,3.0,10.5,0,pl,ok,4.0,1.8311808677032018,0.0,,0.0038475270000049022,hunter_mm,,153.0,1.9171775278437053e-11
shell,27,8,shell,4.0,alternating,8,3,28,3.0,10.5,0,mle,ok,3.0,1.7962885529715764,-0.03489231473162535,1.355592246167523,0.0029011489999959394,exact_subset_dp,,,
shell,27,8,shell,4.0,alternating,8,3,28,3.0,10.5,0,sharp,ok,4.0,1.7540384453344309,-0.07714242236877089,1.2820987754788464,0.0023060460000010607,exact_sieve,0.0,,
shell,27,8,shell,4.0,alternating,8,3,28,3.0,10.5,0,efficient,outside_schedule_domain,,,,,3.419300000473413e-05,unavailable,,,
shell,27,8,shell,4.0,alternating,8,3,28,3.0,10.5,0,borda,ok,5.0,1.7261603964822667,-0.10502047122093505,1.2127529326707367,0.0018824870000173632,published_global_clipped_borda,0.0,,
shell,27,9,shell,4.0,alternating,8,3,28,3.0,10.5,0,pl,ok,8.0,1.763026058864592,0.0,,0.0014744700000051125,hunter_mm,,49.0,1.4770026471718924e-11
shell,27,9,shell,4.0,alternating,8,3,28,3.0,10.5,0,mle,ok,8.0,1.7529153433407578,-0.010110715523834246,0.6617844044760891,0.002523241999995207,exact_subset_dp,,,
shell,27,9,shell,4.0,alternating,8,3,28,3.0,10.5,0,sharp,ok,14.0,1.7917594692280552,0.028733410363463108,0.0,0.0006844199999989087,exact_sieve,0.0,,
shell,27,9,shell,4.0,alternating,8,3,28,3.0,10.5,0,efficient,outside_schedule_domain,,,,,2.9632999996920262e-05,unavailable,,,
shell,27,9,shell,4.0,alternating,8,3,28,3.0,10.5,0,borda,ok,9.0,1.7078329103964744,-0.055193148468117625,0.48304091257642995,0.0013175089999890588,published_global_clipped_borda,0.0,,
shell,27,10,shell,4.0,alternating,8,3,28,3.0,10.5,0,pl,ok,2.0,1.877623011511266,0.0,,0.005853478999995332,hunter_mm,,246.0,1.3258664007967776e-11
shell,27,10,shell,4.0,alternating,8,3,28,3.0,10.5,0,mle,ok,2.0,1.7263803231574246,-0.15124268835384136,1.5178272565961248,0.0028832790000024033,exact_subset_dp,,,
shell,27,10,shell,4.0,alternating,8,3,28,3.0,10.5,0,sharp,ok,6.0,1.7038586274425405,-0.17376438406872552,0.9121196566486348,0.001972322000000304,exact_sieve,0.0,,
shell,27,10,shell,4.0,alternating,8,3,28,3.0,10.5,0,efficient,outside_schedule_domain,,,,,3.4975999994912854e-05,unavailable,,,
shell,27,10,shell,4.0,alternating,8,3,28,3.0,10.5,0,borda,ok,3.0,1.7080990659437985,-0.16952394556746753,1.355592246167523,0.0017700550000085968,published_global_clipped_borda,0.0,,
shell,27,11,shell,4.0,alternating,8,3,28,3.0,10.5,0,pl,ok,6.0,1.6111375276548667,0.0,,0.0015018840000209366,hunter_mm,,50.0,1.58787586254253e-11
shell,27,11,shell,4.0,alternating,8,3,28,3.0,10.5,0,mle,ok,10.0,1.8948805123959382,0.2837429847410715,0.9121196566486348,0.0025092469999776768,exact_subset_dp,,,
shell,27,11,shell,4.0,alternating,8,3,28,3.0,10.5,0,sharp,ok,9.0,1.768484263352823,0.15734673569795632,0.48304091257642995,0.0018916150000052312,exact_sieve,0.0,,
shell,27,11,shell,4.0,alternating,8,3,28,3.0,10.5,0,efficient,outside_schedule_domain,,,,,3.5327999995615755e-05,unavailable,,,
shell,27,11,shell,4.0,alternating,8,3,28,3.0,10.5,0,borda,ok,8.0,1.78334625342755,0.1722087257726832,0.8074398347256734,0.0014543620000040391,published_global_clipped_borda,0.0,,
shell,27,12,shell,4.0,alternating,8,3,28,3.0,10.5,0,pl,ok,4.0,1.5979139869395413,0.0,,0.0025069019999932607,hunter_mm,,97.0,3.221131298200167e-11
shell,27,12,shell,4.0,alternating,8,3,28,3.0,10.5,0,mle,ok,6.0,1.6595653843506866,0.061651397411145226,0.8589084084290807,0.0026030280000099992,exact_subset_dp,,,
shell,27,12,shell,4.0,alternating,8,3,28,3.0,10.5,0,sharp,ok,9.0,1.6983457577377747,0.1004317707982334,0.6156729370132851,0.002033475999979828,exact_sieve,0.0,,
shell,27,12,shell,4.0,alternating,8,3,28,3.0,10.5,0,efficient,outside_schedule_domain,,,,,3.482900001472444e-05,unavailable,,,
shell,27,12,shell,4.0,alternating,8,3,28,3.0,10.5,0,borda,ok,5.0,1.623110313893337,0.02519632695379559,0.8074398347256734,0.0014044520000027205,published_global_clipped_borda,0.0,,
shell,27,13,shell,4.0,alternating,8,3,28,3.0,10.5,0,pl,ok,2.0,1.4918398235209644,0.0,,0.0022598010000081103,hunter_mm,,83.0,2.1338264488690584e-11
shell,27,13,shell,4.0,alternating,8,3,28,3.0,10.5,0,mle,ok,4.0,1.687990549829547,0.19615072630858266,1.2127529326707367,0.0030501180000044315,exact_subset_dp,,,
shell,27,13,shell,4.0,alternating,8,3,28,3.0,10.5,0,sharp,ok,9.0,1.7874325778867401,0.2955927543657757,0.6617844044760891,0.0018506739999963884,exact_sieve,0.0,,
shell,27,13,shell,4.0,alternating,8,3,28,3.0,10.5,0,efficient,outside_schedule_domain,,,,,3.411800000208132e-05,unavailable,,,
shell,27,13,shell,4.0,alternating,8,3,28,3.0,10.5,0,borda,ok,2.0,1.5694406104486898,0.07760078692772532,1.1470129282507922,0.0017410510000104296,published_global_clipped_borda,0.0,,
shell,27,14,shell,4.0,alternating,8,3,28,3.0,10.5,0,pl,ok,1.0,1.6207736533178008,0.0,,0.002437643999996908,hunter_mm,,95.0,2.061316197097897e-11
shell,27,14,shell,4.0,alternating,8,3,28,3.0,10.5,0,mle,ok,4.0,1.7400148680163996,0.11924121469859883,1.2127529326707367,0.003011570000012398,exact_subset_dp,,,
shell,27,14,shell,4.0,alternating,8,3,28,3.0,10.5,0,sharp,ok,11.0,1.7810640077585085,0.16029035444070772,0.23562881521737206,0.0020240439999952287,exact_sieve,0.0,,
shell,27,14,shell,4.0,alternating,8,3,28,3.0,10.5,0,efficient,outside_schedule_domain,,,,,3.804600001444669e-05,unavailable,,,
shell,27,14,shell,4.0,alternating,8,3,28,3.0,10.5,0,borda,ok,2.0,1.5739488496170564,-0.04682480370074438,1.1470129282507922,0.0017583359999946424,published_global_clipped_borda,0.0,,
shell,27,15,shell,4.0,alternating,8,3,28,3.0,10.5,0,pl,ok,8.0,1.6798359787620742,0.0,,0.0016442689999962568,hunter_mm,,56.0,1.6297820236234527e-11
shell,27,15,shell,4.0,alternating,8,3,28,3.0,10.5,0,mle,ok,9.0,1.7693747016707482,0.08953872290867393,1.0844293045104068,0.0029972369999882176,exact_subset_dp,,,
shell,27,15,shell,4.0,alternating,8,3,28,3.0,10.5,0,sharp,ok,8.0,1.6958739916727041,0.016038012910629895,0.5705796667792838,0.0021177950000037526,exact_sieve,0.0,,
shell,27,15,shell,4.0,alternating,8,3,28,3.0,10.5,0,efficient,outside_schedule_domain,,,,,3.5909000018818915e-05,unavailable,,,
shell,27,15,shell,4.0,alternating,8,3,28,3.0,10.5,0,borda,ok,8.0,1.7703013220909565,0.09046534332888223,1.0844293045104068,0.001879572999996526,published_global_clipped_borda,0.0,,
shell,27,16,shell,4.0,alternating,8,3,28,3.0,10.5,0,pl,ok,7.0,1.637629207420893,0.0,,0.0014346419999924365,hunter_mm,,48.0,1.5058938223384236e-11
shell,27,16,shell,4.0,alternating,8,3,28,3.0,10.5,0,mle,ok,12.0,1.9176097848613085,0.2799805774404156,0.7090287388626768,0.002604789999992363,exact_subset_dp,,,
shell,27,16,shell,4.0,alternating,8,3,28,3.0,10.5,0,sharp,ok,13.0,1.8263105617027844,0.18868135428189148,0.31614842415667943,0.002083508999987771,exact_sieve,0.0,,
shell,27,16,shell,4.0,alternating,8,3,28,3.0,10.5,0,efficient,outside_schedule_domain,,,,,3.28460000105224e-05,unavailable,,,
shell,27,16,shell,4.0,alternating,8,3,28,3.0,10.5,0,borda,ok,5.0,1.6223876056645454,-0.015241601756347478,0.44041348850630796,0.0015082120000045052,published_global_clipped_borda,0.0,,
shell,27,17,shell,4.0,alternating,8,3,28,3.0,10.5,0,pl,ok,2.0,1.5317123393677687,0.0,,0.001710728999995581,hunter_mm,,60.0,2.006858171707141e-11
shell,27,17,shell,4.0,alternating,8,3,28,3.0,10.5,0,mle,ok,4.0,1.6397642456636727,0.108051906295904,1.0246248379567524,0.002981557999987672,exact_subset_dp,,,
shell,27,17,shell,4.0,alternating,8,3,28,3.0,10.5,0,sharp,ok,9.0,1.7650980867541373,0.23338574738636853,0.48304091257642995,0.0019393200000195066,exact_sieve,0.0,,
shell,27,17,shell,4.0,alternating,8,3,28,3.0,10.5,0,efficient,outside_schedule_domain,,,,,3.923400001326627e-05,unavailable,,,
shell,27,17,shell,4.0,alternating,8,3,28,3.0,10.5,0,borda,ok,3.0,1.5871205441338911,0.055408204766122404,0.9672795990261153,0.0013767289999861987,published_global_clipped_borda,0.0,,
shell,27,18,shell,4.0,alternating,8,3,28,3.0,10.5,0,pl,ok,4.0,1.5577241572503284,0.0,,0.0016402910000010706,hunter_mm,,57.0,1.1894802603202542e-11
shell,27,18,shell,4.0,alternating,8,3,28,3.0,10.5,0,mle,ok,7.0,1.7459044311591163,0.1881802739087879,1.0246248379567524,0.0028289729999926294,exact_subset_dp,,,
shell,27,18,shell,4.0,alternating,8,3,28,3.0,10.5,0,sharp,ok,9.0,1.7177213738509405,0.15999721660061206,0.6617844044760891,0.0018979940000178885,exact_sieve,0.0,,
shell,27,18,shell,4.0,alternating,8,3,28,3.0,10.5,0,efficient,outside_schedule_domain,,,,,3.712000000177795e-05,unavailable,,,
shell,27,18,shell,4.0,alternating,8,3,28,3.0,10.5,0,borda,ok,5.0,1.6222644000801725,0.06454024282984405,0.8589084084290807,0.001450403999996297,published_global_clipped_borda,0.0,,
shell,27,19,shell,4.0,alternating,8,3,28,3.0,10.5,0,pl,ok,5.0,1.5953189642247232,0.0,,0.0017215579999856345,hunter_mm,,56.0,2.4150649734013184e-11
shell,27,19,shell,4.0,alternating,8,3,28,3.0,10.5,0,mle,ok,8.0,1.7390633517368792,0.143744387512156,0.7090287388626768,0.002646357999992688,exact_subset_dp,,,
shell,27,19,shell,4.0,alternating,8,3,28,3.0,10.5,0,sharp,ok,9.0,1.7264072034802407,0.1310882392555175,0.3570395237671002,0.0021587640000007013,exact_sieve,0.0,,
shell,27,19,shell,4.0,alternating,8,3,28,3.0,10.5,0,efficient,outside_schedule_domain,,,,,3.651700001228164e-05,unavailable,,,
shell,27,19,shell,4.0,alternating,8,3,28,3.0,10.5,0,borda,ok,6.0,1.6584223359686014,0.06310337174387826,0.5264006135801002,0.0014190830000018195,published_global_clipped_borda,0.0,,
shell,27,20,shell,4.0,alternating,8,3,28,3.0,10.5,0,pl,ok,2.0,1.4799035349771121,0.0,,0.0015052439999863054,hunter_mm,,51.0,1.660912677233942e-11
shell,27,20,shell,4.0,alternating,8,3,28,3.0,10.5,0,mle,ok,3.0,1.6937509145950391,0.213847379617927,0.9672795990261153,0.0024978790000034223,exact_subset_dp,,,
shell,27,20,shell,4.0,alternating,8,3,28,3.0,10.5,0,sharp,ok,9.0,1.703478297414569,0.2235747624374569,0.39843792971796577,0.0019893420000016704,exact_sieve,0.0,,
shell,27,20,shell,4.0,alternating,8,3,28,3.0,10.5,0,efficient,outside_schedule_domain,,,,,3.3333000004631685e-05,unavailable,,,
shell,27,20,shell,4.0,alternating,8,3,28,3.0,10.5,0,borda,ok,2.0,1.5532649240150993,0.07336138903798717,0.757533184154752,0.0013532420000217371,published_global_clipped_borda,0.0,,
shell,27,21,shell,4.0,alternating,8,3,28,3.0,10.5,0,pl,ok,6.0,1.9658538029044288,0.0,,0.0029652839999982916,hunter_mm,,116.0,3.4408539509708394e-11
shell,27,21,shell,4.0,alternating,8,3,28,3.0,10.5,0,mle,ok,6.0,1.8131621593654268,-0.152691643539002,1.355592246167523,0.002864352000017334,exact_subset_dp,,,
shell,27,21,shell,4.0,alternating,8,3,28,3.0,10.5,0,sharp,ok,10.0,1.760306550537425,-0.20554725236700389,0.5705796667792838,0.001972746000006964,exact_sieve,0.0,,
shell,27,21,shell,4.0,alternating,8,3,28,3.0,10.5,0,efficient,outside_schedule_domain,,,,,3.370600001062485e-05,unavailable,,,
shell,27,21,shell,4.0,alternating,8,3,28,3.0,10.5,0,borda,ok,4.0,1.6672923554776495,-0.29856144742677926,1.1470129282507922,0.001781547000007322,published_global_clipped_borda,0.0,,
shell,27,22,shell,4.0,alternating,8,3,28,3.0,10.5,0,pl,ok,0.0,1.9015130352523582,0.0,,0.0074930489999758265,hunter_mm,,324.0,1.5405010600488822e-11
shell,27,22,shell,4.0,alternating,8,3,28,3.0,10.5,0,mle,ok,0.0,1.772048761497084,-0.12946427375527425,1.7070122647274826,0.0027072839999959797,exact_subset_dp,,,
shell,27,22,shell,4.0,alternating,8,3,28,3.0,10.5,0,sharp,ok,5.0,1.8075153303357205,-0.09399770491663761,1.1470129282507922,0.002285359000012477,exact_sieve,0.0,,
shell,27,22,shell,4.0,alternating,8,3,28,3.0,10.5,0,efficient,outside_schedule_domain,,,,,3.768599998466016e-05,unavailable,,,
shell,27,22,shell,4.0,alternating,8,3,28,3.0,10.5,0,borda,ok,0.0,1.772048761497084,-0.12946427375527425,1.7070122647274826,0.0015755459999979848,published_global_clipped_borda,0.0,,
shell,27,23,shell,4.0,alternating,8,3,28,3.0,10.5,0,pl,ok,4.0,1.59289783192209,0.0,,0.002175451999988809,hunter_mm,,81.0,9.510202149596937e-12
shell,27,23,shell,4.0,alternating,8,3,28,3.0,10.5,0,mle,ok,3.0,1.7180913386259569,0.12519350670386697,1.2127529326707367,0.002972513999992543,exact_subset_dp,,,
shell,27,23,shell,4.0,alternating,8,3,28,3.0,10.5,0,sharp,ok,10.0,1.7435231774966995,0.1506253455746096,0.44041348850630796,0.002152420999976812,exact_sieve,0.0,,
shell,27,23,shell,4.0,alternating,8,3,28,3.0,10.5,0,efficient,outside_schedule_domain,,,,,3.8644999989401185e-05,unavailable,,,
shell,27,23,shell,4.0,alternating,8,3,28,3.0,10.5,0,borda,ok,6.0,1.6736624889119347,0.08076465698984481,0.9121196566486348,0.0012792359999878045,published_global_clipped_borda,0.0,,
shell,27,24,shell,4.0,alternating,8,3,28,3.0,10.5,0,pl,ok,2.0,1.469994215316234,0.0,,0.0018441280000160987,hunter_mm,,65.0,2.1030478945606644e-11
shell,27,24,shell,4.0,alternating,8,3,28,3.0,10.5,0,mle,ok,1.0,1.5461115302701882,0.07611731495395424,1.0246248379567524,0.0029265999999950054,exact_subset_dp,,,
shell,27,24,shell,4.0,alternating,8,3,28,3.0,10.5,0,sharp,ok,9.0,1.7694511738151713,0.2994569584989373,0.11711369801112119,0.0018192370000065239,exact_sieve,0.0,,
shell,27,24,shell,4.0,alternating,8,3,28,3.0,10.5,0,efficient,outside_schedule_domain,,,,,4.6852999986413124e-05,unavailable,,,
shell,27,24,shell,4.0,alternating,8,3,28,3.0,10.5,0,borda,ok,4.0,1.538611300324206,0.06861708500797192,0.6156729370132851,0.0014258189999907245,published_global_clipped_borda,0.0,,
shell,27,25,shell,4.0,alternating,8,3,28,3.0,10.5,0,pl,ok,5.0,1.6078980395201619,0.0,,0.002232518999988997,hunter_mm,,82.0,2.197492981232634e-11
shell,27,25,shell,4.0,alternating,8,3,28,3.0,10.5,0,mle,ok,5.0,1.758152120723016,0.1502540812028541,1.2820987754788464,0.0029268490000049496,exact_subset_dp,,,
shell,27,25,shell,4.0,alternating,8,3,28,3.0,10.5,0,sharp,ok,10.0,1.745538244523705,0.13764020500354324,0.31614842415667943,0.0020344950000037443,exact_sieve,0.0,,
shell,27,25,shell,4.0,alternating,8,3,28,3.0,10.5,0,efficient,outside_schedule_domain,,,,,3.5136000008151314e-05,unavailable,,,
shell,27,25,shell,4.0,alternating,8,3,28,3.0,10.5,0,borda,ok,3.0,1.6798140429648174,0.07191600344465554,1.2127529326707367,0.0019432260000087354,published_global_clipped_borda,0.0,,
shell,27,26,shell,4.0,alternating,8,3,28,3.0,10.5,0,pl,ok,2.0,1.6516967703146874,0.0,,0.0022245309999959773,hunter_mm,,85.0,1.7742949966402323e-11
shell,27,26,shell,4.0,alternating,8,3,28,3.0,10.5,0,mle,ok,1.0,1.6324520520382155,-0.019244718276471895,1.355592246167523,0.0028491939999923943,exact_subset_dp,,,
shell,27,26,shell,4.0,alternating,8,3,28,3.0,10.5,0,sharp,ok,3.0,1.6394743474762357,-0.012222422838451763,1.0246248379567524,0.0023120860000176435,exact_sieve,0.0,,
shell,27,26,shell,4.0,alternating,8,3,28,3.0,10.5,0,efficient,outside_schedule_domain,,,,,3.6627000014277655e-05,unavailable,,,
shell,27,26,shell,4.0,alternating,8,3,28,3.0,10.5,0,borda,ok,2.0,1.6212750039391353,-0.03042176637555216,1.355592246167523,0.0017015220000189402,published_global_clipped_borda,0.0,,
shell,27,27,shell,4.0,alternating,8,3,28,3.0,10.5,0,pl,ok,5.0,1.5494043274269962,0.0,,0.0018906079999965186,hunter_mm,,67.0,1.2081700719233724e-11
shell,27,27,shell,4.0,alternating,8,3,28,3.0,10.5,0,mle,ok,3.0,1.6011449305190344,0.051740603092038207,0.8074398347256734,0.0026110059999950863,exact_subset_dp,,,
shell,27,27,shell,4.0,alternating,8,3,28,3.0,10.5,0,sharp,ok,7.0,1.6940983299036558,0.14469400247665964,0.6156729370132851,0.00197757399999432,exact_sieve,0.0,,
shell,27,27,shell,4.0,alternating,8,3,28,3.0,10.5,0,efficient,outside_schedule_domain,,,,,3.47440000041388e-05,unavailable,,,
shell,27,27,shell,4.0,alternating,8,3,28,3.0,10.5,0,borda,ok,6.0,1.65428934151137,0.10488501408437378,0.7090287388626768,0.0014303110000071229,published_global_clipped_borda,0.0,,
shell,27,28,shell,4.0,alternating,8,3,28,3.0,10.5,0,pl,ok,3.0,1.574039878007358,0.0,,0.0025306080000007114,hunter_mm,,99.0,2.497256369947211e-11
shell,27,28,shell,4.0,alternating,8,3,28,3.0,10.5,0,mle,ok,6.0,1.6790158794596957,0.10497600145233776,1.1470129282507922,0.0028458029999853807,exact_subset_dp,,,
shell,27,28,shell,4.0,alternating,8,3,28,3.0,10.5,0,sharp,ok,8.0,1.7977804562599684,0.2237405782526105,0.757533184154752,0.0018518429999971886,exact_sieve,0.0,,
shell,27,28,shell,4.0,alternating,8,3,28,3.0,10.5,0,efficient,outside_schedule_domain,,,,,3.3505000004652175e-05,unavailable,,,
shell,27,28,shell,4.0,alternating,8,3,28,3.0,10.5,0,borda,ok,4.0,1.6185359608544532,0.044496082847095275,1.0844293045104068,0.0019083070000078806,published_global_clipped_borda,0.0,,
shell,27,29,shell,4.0,alternating,8,3,28,3.0,10.5,0,pl,no_unique_finite_mle,,,,,0.00023806999999465006,hunter_mm,,,
shell,27,29,shell,4.0,alternating,8,3,28,3.0,10.5,0,mle,ok,2.0,1.5400479731085657,,0.9672795990261153,0.0024991310000075373,exact_subset_dp,,,
shell,27,29,shell,4.0,alternating,8,3,28,3.0,10.5,0,sharp,ok,8.0,1.7090392536396508,,0.6156729370132851,0.002063270000007833,exact_sieve,0.0,,
shell,27,29,shell,4.0,alternating,8,3,28,3.0,10.5,0,efficient,outside_schedule_domain,,,,,4.78639999812458e-05,unavailable,,,
shell,27,29,shell,4.0,alternating,8,3,28,3.0,10.5,0,borda,ok,4.0,1.5968064260093162,,0.8589084084290807,0.0014972600000078273,published_global_clipped_borda,0.0,,
shell,27,30,shell,4.0,alternating,8,3,28,3.0,10.5,0,pl,ok,3.0,1.5239620723383407,0.0,,0.001962236999986544,hunter_mm,,72.0,1.781654189260605e-11
shell,27,30,shell,4.0,alternating,8,3,28,3.0,10.5,0,mle,ok,4.0,1.762505771656514,0.23854369931817332,1.2127529326707367,0.0029839959999833354,exact_subset_dp,,,
shell,27,30,shell,4.0,alternating,8,3,28,3.0,10.5,0,sharp,ok,6.0,1.6533565395184548,0.12939446718011416,0.9121196566486348,0.001907494999983328,exact_sieve,0.0,,
shell,27,30,shell,4.0,alternating,8,3,28,3.0,10.5,0,efficient,outside_schedule_domain,,,,,3.659999998717467e-05,unavailable,,,
shell,27,30,shell,4.0,alternating,8,3,28,3.0,10.5,0,borda,ok,4.0,1.6306051462226736,0.10664307388433292,0.9672795990261153,0.0013355430000103752,published_global_clipped_borda,0.0,,
shell,27,31,shell,4.0,alternating,8,3,28,3.0,10.5,0,pl,ok,3.0,1.580947447155309,0.0,,0.0026526300000000447,hunter_mm,,102.0,3.684988822020127e-11
shell,27,31,shell,4.0,alternating,8,3,28,3.0,10.5,0,mle,ok,6.0,1.7518172386657715,0.17086979151046244,1.0844293045104068,0.003014836999994941,exact_subset_dp,,,
shell,27,31,shell,4.0,alternating,8,3,28,3.0,10.5,0,sharp,ok,5.0,1.7294550629868142,0.14850761583150507,0.8589084084290807,0.002023661999999149,exact_sieve,0.0,,
shell,27,31,shell,4.0,alternating,8,3,28,3.0,10.5,0,efficient,outside_schedule_domain,,,,,3.5109999998894637e-05,unavailable,,,
shell,27,31,shell,4.0,alternating,8,3,28,3.0,10.5,0,borda,ok,2.0,1.5673569213436054,-0.013590525811703724,0.9672795990261153,0.0013308439999946131,published_global_clipped_borda,0.0,,
shell,27,32,shell,4.0,alternating,8,3,28,3.0,10.5,0,pl,ok,3.0,1.6404269618148213,0.0,,0.0023036289999822657,hunter_mm,,87.0,9.895259215194789e-12
shell,27,32,shell,4.0,alternating,8,3,28,3.0,10.5,0,mle,ok,3.0,1.6514520252161906,0.011025063401369328,1.4338950196876177,0.002927274999990459,exact_subset_dp,,,
shell,27,32,shell,4.0,alternating,8,3,28,3.0,10.5,0,sharp,ok,5.0,1.6785391655698614,0.0381122037550401,1.2127529326707367,0.0024554539999996905,exact_sieve,0.0,,
shell,27,32,shell,4.0,alternating,8,3,28,3.0,10.5,0,efficient,outside_schedule_domain,,,,,3.6070999982484864e-05,unavailable,,,
shell,27,32,shell,4.0,alternating,8,3,28,3.0,10.5,0,borda,ok,3.0,1.597988820246771,-0.04243814156805037,1.2820987754788464,0.00175191399998198,published_global_clipped_borda,0.0,,
shell,27,33,shell,4.0,alternating,8,3,28,3.0,10.5,0,pl,ok,2.0,1.517518074402762,0.0,,0.001823562999987871,hunter_mm,,67.0,2.7076943861662326e-11
shell,27,33,shell,4.0,alternating,8,3,28,3.0,10.5,0,mle,ok,5.0,1.6772372754308515,0.15971920102808945,1.0246248379567524,0.0029561370000124043,exact_subset_dp,,,
shell,27,33,shell,4.0,alternating,8,3,28,3.0,10.5,0,sharp,ok,14.0,1.7880451555737122,0.27052708117095015,0.11711369801112119,0.0018779410000036023,exact_sieve,0.0,,
shell,27,33,shell,4.0,alternating,8,3,28,3.0,10.5,0,efficient,outside_schedule_domain,,,,,3.4736000003476875e-05,unavailable,,,
shell,27,33,shell,4.0,alternating,8,3,28,3.0,10.5,0,borda,ok,2.0,1.5722224658633643,0.05470439146060224,0.9121196566486348,0.0012932239999940975,published_global_clipped_borda,0.0,,
shell,27,34,shell,4.0,alternating,8,3,28,3.0,10.5,0,pl,ok,7.0,1.7273133544891568,0.0,,0.0018538550000073428,hunter_mm,,67.0,3.186720728568357e-11
shell,27,34,shell,4.0,alternating,8,3,28,3.0,10.5,0,mle,ok,8.0,1.9331637456102535,0.2058503911210967,1.355592246167523,0.0028477589999909014,exact_subset_dp,,,
shell,27,34,shell,4.0,alternating,8,3,28,3.0,10.5,0,sharp,ok,10.0,1.8084420101743914,0.08112865568523464,0.6617844044760891,0.0018838549999884435,exact_sieve,0.0,,
shell,27,34,shell,4.0,alternating,8,3,28,3.0,10.5,0,efficient,outside_schedule_domain,,,,,3.50619999949231e-05,unavailable,,,
shell,27,34,shell,4.0,alternating,8,3,28,3.0,10.5,0,borda,ok,7.0,1.8337236603631741,0.10641030587401734,1.2820987754788464,0.001756094000000985,published_global_clipped_borda,0.0,,
shell,27,35,shell,4.0,alternating,8,3,28,3.0,10.5,0,pl,ok,1.0,1.6572460420479618,0.0,,0.0036384439999892493,hunter_mm,,145.0,2.7075008901533693e-11
shell,27,35,shell,4.0,alternating,8,3,28,3.0,10.5,0,mle,ok,1.0,1.7638808878496908,0.106634845801729,1.7070122647274826,0.0029359169999736423,exact_subset_dp,,,
shell,27,35,shell,4.0,alternating,8,3,28,3.0,10.5,0,sharp,ok,12.0,1.7578744974642515,0.10062845541628973,0.31614842415667943,0.0020519480000018575,exact_sieve,0.0,,
shell,27,35,shell,4.0,alternating,8,3,28,3.0,10.5,0,efficient,outside_schedule_domain,,,,,3.734300000246549e-05,unavailable,,,
shell,27,35,shell,4.0,alternating,8,3,28,3.0,10.5,0,borda,ok,1.0,1.7638808878496908,0.106634845801729,1.7070122647274826,0.0016261090000000422,published_global_clipped_borda,0.0,,
shell,27,36,shell,4.0,alternating,8,3,28,3.0,10.5,0,pl,ok,7.0,1.68150419138308,0.0,,0.0016965169999991758,hunter_mm,,60.0,2.426503442620742e-11
shell,27,36,shell,4.0,alternating,8,3,28,3.0,10.5,0,mle,ok,8.0,1.8444080064523005,0.16290381506922058,1.0246248379567524,0.0029008230000044932,exact_subset_dp,,,
shell,27,36,shell,4.0,alternating,8,3,28,3.0,10.5,0,sharp,ok,8.0,1.7237410463988307,0.04223685501575081,0.8074398347256734,0.0019983990000014273,exact_sieve,0.0,,
shell,27,36,shell,4.0,alternating,8,3,28,3.0,10.5,0,efficient,outside_schedule_domain,,,,,3.426099999614962e-05,unavailable,,,
shell,27,36,shell,4.0,alternating,8,3,28,3.0,10.5,0,borda,ok,5.0,1.636642865135434,-0.04486132624764583,0.9121196566486348,0.0013455469999996694,published_global_clipped_borda,0.0,,
shell,27,37,shell,4.0,alternating,8,3,28,3.0,10.5,0,pl,ok,3.0,1.5076091420911597,0.0,,0.0015877579999994396,hunter_mm,,53.0,2.0830258153279958e-11
shell,27,37,shell,4.0,alternating,8,3,28,3.0,10.5,0,mle,ok,3.0,1.5591151007145712,0.05150595862341145,0.8589084084290807,0.0025728169999865713,exact_subset_dp,,,
shell,27,37,shell,4.0,alternating,8,3,28,3.0,10.5,0,sharp,ok,10.0,1.7710650075850385,0.2634558654938788,0.11711369801112119,0.0018834790000141766,exact_sieve,0.0,,
shell,27,37,shell,4.0,alternating,8,3,28,3.0,10.5,0,efficient,outside_schedule_domain,,,,,3.5443999991002784e-05,unavailable,,,
shell,27,37,shell,4.0,alternating,8,3,28,3.0,10.5,0,borda,ok,5.0,1.5918192893459835,0.08421014725482379,0.6617844044760891,0.0013165499999843178,published_global_clipped_borda,0.0,,
shell,27,38,shell,4.0,alternating,8,3,28,3.0,10.5,0,pl,ok,3.0,1.634311060523808,0.0,,0.0016857420000064849,hunter_mm,,60.0,2.140275258609238e-11
shell,27,38,shell,4.0,alternating,8,3,28,3.0,10.5,0,mle,ok,5.0,1.6670503706567188,0.03273931013291076,1.0246248379567524,0.002797474999994165,exact_subset_dp,,,
shell,27,38,shell,4.0,alternating,8,3,28,3.0,10.5,0,sharp,ok,12.0,1.8806805731394705,0.24636951261566242,0.6617844044760891,0.001899772000001576,exact_sieve,0.0,,
shell,27,38,shell,4.0,alternating,8,3,28,3.0,10.5,0,efficient,outside_schedule_domain,,,,,3.889000001322529e-05,unavailable,,,
shell,27,38,shell,4.0,alternating,8,3,28,3.0,10.5,0,borda,ok,5.0,1.665580874048749,0.03126981352494096,0.9121196566486348,0.0013244159999885596,published_global_clipped_borda,0.0,,
shell,27,39,shell,4.0,alternating,8,3,28,3.0,10.5,0,pl,ok,11.0,2.072650598116995,0.0,,0.0025824139999883755,hunter_mm,,96.0,2.7351200669402586e-11
shell,27,39,shell,4.0,alternating,8,3,28,3.0,10.5,0,mle,ok,12.0,2.127868323794459,0.05521772567746419,1.0844293045104068,0.0031626690000052804,exact_subset_dp,,,
shell,27,39,shell,4.0,alternating,8,3,28,3.0,10.5,0,sharp,ok,14.0,1.9637494593921558,-0.10890113872483909,0.6617844044760891,0.0018853390000117543,exact_sieve,0.0,,
shell,27,39,shell,4.0,alternating,8,3,28,3.0,10.5,0,efficient,outside_schedule_domain,,,,,3.675799999314222e-05,unavailable,,,
shell,27,39,shell,4.0,alternating,8,3,28,3.0,10.5,0,borda,ok,9.0,1.877904546603408,-0.19474605151358682,0.9672795990261153,0.0013288600000009865,published_global_clipped_borda,0.0,,
shell,28,0,shell,4.0,alternating,8,3,112,12.0,42.0,0,pl,ok,1.0,1.4775299381909337,0.0,,0.0018839090000142278,hunter_mm,,50.0,1.9289395477731628e-11
shell,28,0,shell,4.0,alternating,8,3,112,12.0,42.0,0,mle,ok,2.0,1.5918943751176853,0.11436443692675158,0.8201538760195531,0.0026109019999864813,exact_subset_dp,,,
shell,28,0,shell,4.0,alternating,8,3,112,12.0,42.0,0,sharp,ok,5.0,1.6091332735944364,0.13160333540350266,0.7331149445745953,0.0034086169999909544,exact_sieve,0.0,,
shell,28,0,shell,4.0,alternating,8,3,112,12.0,42.0,0,efficient,outside_schedule_domain,,,,,5.8238000008259405e-05,unavailable,,,
shell,28,0,shell,4.0,alternating,8,3,112,12.0,42.0,0,borda,ok,2.0,1.5272845248302545,0.04975458663932075,0.7698724759713074,0.0013618979999989733,published_global_clipped_borda,0.0,,
shell,28,1,shell,4.0,alternating,8,3,112,12.0,42.0,0,pl,ok,2.0,1.4825532770016308,0.0,,0.002092962999995507,hunter_mm,,60.0,1.586426228478948e-11
shell,28,1,shell,4.0,alternating,8,3,112,12.0,42.0,0,mle,ok,2.0,1.582616712472749,0.10006343547111829,1.0393337671007024,0.003022558999987268,exact_subset_dp,,,
shell,28,1,shell,4.0,alternating,8,3,112,12.0,42.0,0,sharp,ok,4.0,1.5864967966449512,0.10394351964332049,0.8986426795612205,0.003531601000020146,exact_sieve,0.0,,
shell,28,1,shell,4.0,alternating,8,3,112,12.0,42.0,0,efficient,outside_schedule_domain,,,,,5.622700001595149e-05,unavailable,,,
shell,28,1,shell,4.0,alternating,8,3,112,12.0,42.0,0,borda,ok,2.0,1.532400453434684,0.04984717643305325,0.981401033651984,0.0013145509999787919,published_global_clipped_borda,0.0,,
shell,28,2,shell,4.0,alternating,8,3,112,12.0,42.0,0,pl,ok,4.0,1.503560889550203,0.0,,0.0020371049999994284,hunter_mm,,60.0,2.6759991048460765e-11
shell,28,2,shell,4.0,alternating,8,3,112,12.0,42.0,0,mle,ok,4.0,1.603325204239459,0.09976431468925595,0.9257182786944403,0.0024935570000081952,exact_subset_dp,,,
shell,28,2,shell,4.0,alternating,8,3,112,12.0,42.0,0,sharp,ok,6.0,1.6745935103339622,0.17103262078375914,0.7452814445194086,0.0033986869999864666,exact_sieve,0.0,,
shell,28,2,shell,4.0,alternating,8,3,112,12.0,42.0,0,efficient,outside_schedule_domain,,,,,5.8752000001049964e-05,unavailable,,,
shell,28,2,shell,4.0,alternating,8,3,112,12.0,42.0,0,borda,ok,4.0,1.5914798819930114,0.08791899244280832,0.8720402655126755,0.0014931240000066737,published_global_clipped_borda,0.0,,
shell,28,3,shell,4.0,alternating,8,3,112,12.0,42.0,0,pl,ok,2.0,1.4737719498179525,0.0,,0.002040425999979334,hunter_mm,,59.0,1.3182978518346188e-11
shell,28,3,shell,4.0,alternating,8,3,112,12.0,42.0,0,mle,ok,2.0,1.5284156177798291,0.054643667961876696,0.9394420412429931,0.0025598320000028707,exact_subset_dp,,,
shell,28,3,shell,4.0,alternating,8,3,112,12.0,42.0,0,sharp,ok,5.0,1.5922939103487448,0.11852196053079234,0.8458853458049513,0.003513470000001462,exact_sieve,0.0,,
shell,28,3,shell,4.0,alternating,8,3,112,12.0,42.0,0,efficient,outside_schedule_domain,,,,,4.889799998863964e-05,unavailable,,,
shell,28,3,shell,4.0,alternating,8,3,112,12.0,42.0,0,borda,ok,2.0,1.5284156177798291,0.054643667961876696,0.9394420412429931,0.001587100999984159,published_global_clipped_borda,0.0,,
shell,28,4,shell,4.0,alternating,8,3,112,12.0,42.0,0,pl,ok,0.0,1.4607343552376193,0.0,,0.0018311290000099234,hunter_mm,,51.0,2.4502875918739976e-11
shell,28,4,shell,4.0,alternating,8,3,112,12.0,42.0,0,mle,ok,2.0,1.58695197754123,0.12621762230361067,0.8458853458049513,0.0025871429999995144,exact_subset_dp,,,
shell,28,4,shell,4.0,alternating,8,3,112,12.0,42.0,0,sharp,ok,4.0,1.587942741533631,0.1272083862960116,0.7210314373934753,0.003425164999981689,exact_sieve,0.0,,
shell,28,4,shell,4.0,alternating,8,3,112,12.0,42.0,0,efficient,outside_schedule_domain,,,,,4.840900001568116e-05,unavailable,,,
shell,28,4,shell,4.0,alternating,8,3,112,12.0,42.0,0,borda,ok,1.0,1.5274228025271575,0.06668844728953816,0.7948233114465767,0.0014464890000169817,published_global_clipped_borda,0.0,,
shell,28,5,shell,4.0,alternating,8,3,112,12.0,42.0,0,pl,ok,3.0,1.47189897871367,0.0,,0.001741361000000552,hunter_mm,,49.0,1.929275786746335e-11
shell,28,5,shell,4.0,alternating,8,3,112,12.0,42.0,0,mle,ok,4.0,1.5236879098156795,0.05178893110200944,0.8201538760195531,0.002485790000008592,exact_subset_dp,,,
shell,28,5,shell,4.0,alternating,8,3,112,12.0,42.0,0,sharp,ok,5.0,1.5843725036949179,0.11247352498124785,0.7698724759713074,0.0031551620000129788,exact_sieve,0.0,,
shell,28,5,shell,4.0,alternating,8,3,112,12.0,42.0,0,efficient,outside_schedule_domain,,,,,4.735999999638807e-05,unavailable,,,
shell,28,5,shell,4.0,alternating,8,3,112,12.0,42.0,0,borda,ok,4.0,1.5590667603286616,0.08716778161499161,0.7698724759713074,0.00129219100000455,published_global_clipped_borda,0.0,,
shell,28,6,shell,4.0,alternating,8,3,112,12.0,42.0,0,pl,ok,4.0,1.5080822881683646,0.0,,0.002075569999988147,hunter_mm,,62.0,3.605490509325396e-11
shell,28,6,shell,4.0,alternating,8,3,112,12.0,42.0,0,mle,ok,4.0,1.605331566836873,0.09724927866850841,0.981401033651984,0.002445411999985936,exact_subset_dp,,,
shell,28,6,shell,4.0,alternating,8,3,112,12.0,42.0,0,sharp,ok,7.0,1.656073306650511,0.14799101848214624,0.9257182786944403,0.0032353130000046804,exact_sieve,0.0,,
shell,28,6,shell,4.0,alternating,8,3,112,12.0,42.0,0,efficient,outside_schedule_domain,,,,,6.077699998741082e-05,unavailable,,,
shell,28,6,shell,4.0,alternating,8,3,112,12.0,42.0,0,borda,ok,4.0,1.5960673042867972,0.08798501611843257,0.9121196566486348,0.001325729999990699,published_global_clipped_borda,0.0,,
shell,28,7,shell,4.0,alternating,8,3,112,12.0,42.0,0,pl,ok,2.0,1.4788930648926346,0.0,,0.0019423550000112755,hunter_mm,,56.0,1.613985136015929e-11
shell,28,7,shell,4.0,alternating,8,3,112,12.0,42.0,0,mle,ok,1.0,1.5446763039705045,0.06578323907786987,0.9672795990261153,0.002478077999995776,exact_subset_dp,,,
shell,28,7,shell,4.0,alternating,8,3,112,12.0,42.0,0,sharp,ok,5.0,1.5951294241037175,0.11623635921108288,0.7452814445194086,0.003312157999999954,exact_sieve,0.0,,
shell,28,7,shell,4.0,alternating,8,3,112,12.0,42.0,0,efficient,outside_schedule_domain,,,,,4.2987000000493936e-05,unavailable,,,
shell,28,7,shell,4.0,alternating,8,3,112,12.0,42.0,0,borda,ok,2.0,1.5360804393318093,0.057187374439174654,0.9257182786944403,0.0013484900000264588,published_global_clipped_borda,0.0,,
shell,28,8,shell,4.0,alternating,8,3,112,12.0,42.0,0,pl,ok,2.0,1.4789780491323965,0.0,,0.002019102000019757,hunter_mm,,60.0,2.667662915964034e-11
shell,28,8,shell,4.0,alternating,8,3,112,12.0,42.0,0,mle,ok,3.0,1.5284477623550727,0.04946971322267624,0.9257182786944403,0.0024921319999862135,exact_subset_dp,,,
shell,28,8,shell,4.0,alternating,8,3,112,12.0,42.0,0,sharp,ok,7.0,1.6405485758602492,0.16157052672785266,0.8074398347256734,0.003337209000022767,exact_sieve,0.0,,
shell,28,8,shell,4.0,alternating,8,3,112,12.0,42.0,0,efficient,outside_schedule_domain,,,,,4.575500000214561e-05,unavailable,,,
shell,28,8,shell,4.0,alternating,8,3,112,12.0,42.0,0,borda,ok,2.0,1.5316535317938709,0.05267548266147437,0.8458853458049513,0.001487064000002647,published_global_clipped_borda,0.0,,
shell,28,9,shell,4.0,alternating,8,3,112,12.0,42.0,0,pl,ok,1.0,1.4672729375355393,0.0,,0.00159164699999792,hunter_mm,,44.0,2.3682770030778297e-11
shell,28,9,shell,4.0,alternating,8,3,112,12.0,42.0,0,mle,ok,2.0,1.5626781216127021,0.09540518407716281,0.7948233114465767,0.0027272749999838197,exact_subset_dp,,,
shell,28,9,shell,4.0,alternating,8,3,112,12.0,42.0,0,sharp,ok,8.0,1.6854316368438957,0.2181586993083564,0.5930057567449797,0.003398805999978549,exact_sieve,0.0,,
shell,28,9,shell,4.0,alternating,8,3,112,12.0,42.0,0,efficient,outside_schedule_domain,,,,,6.196199998953489e-05,unavailable,,,
shell,28,9,shell,4.0,alternating,8,3,112,12.0,42.0,0,borda,ok,2.0,1.538486865499879,0.07121392796433956,0.6501550097881424,0.001347363999997242,published_global_clipped_borda,0.0,,
shell,28,10,shell,4.0,alternating,8,3,112,12.0,42.0,0,pl,ok,1.0,1.5131222953697234,0.0,,0.0021229099999970913,hunter_mm,,58.0,2.5148898836440433e-11
shell,28,10,shell,4.0,alternating,8,3,112,12.0,42.0,0,mle,ok,2.0,1.5442895655122453,0.031167270142521852,1.06923102053233,0.002926237000025367,exact_subset_dp,,,
shell,28,10,shell,4.0,alternating,8,3,112,12.0,42.0,0,sharp,ok,2.0,1.5442895655122453,0.031167270142521852,1.06923102053233,0.003580781000010802,exact_sieve,0.0,,
shell,28,10,shell,4.0,alternating,8,3,112,12.0,42.0,0,efficient,outside_schedule_domain,,,,,4.958100001317689e-05,unavailable,,,
shell,28,10,shell,4.0,alternating,8,3,112,12.0,42.0,0,borda,ok,2.0,1.573796116449189,0.060673821079465506,1.0100693875885711,0.0017577320000157215,published_global_clipped_borda,0.0,,
shell,28,11,shell,4.0,alternating,8,3,112,12.0,42.0,0,pl,ok,2.0,1.465989229217909,0.0,,0.0019834690000095634,hunter_mm,,55.0,2.2808897627766912e-11
shell,28,11,shell,4.0,alternating,8,3,112,12.0,42.0,0,mle,ok,1.0,1.5307961023625056,0.06480687314459654,0.9121196566486348,0.0025087430000212407,exact_subset_dp,,,
shell,28,11,shell,4.0,alternating,8,3,112,12.0,42.0,0,sharp,ok,2.0,1.5249623703245816,0.05897314110667251,0.8852839704922475,0.0031554710000136765,exact_sieve,0.0,,
shell,28,11,shell,4.0,alternating,8,3,112,12.0,42.0,0,efficient,outside_schedule_domain,,,,,4.5836999987614035e-05,unavailable,,,
shell,28,11,shell,4.0,alternating,8,3,112,12.0,42.0,0,borda,ok,1.0,1.5307961023625056,0.06480687314459654,0.9121196566486348,0.0013593580000019756,published_global_clipped_borda,0.0,,
shell,28,12,shell,4.0,alternating,8,3,112,12.0,42.0,0,pl,ok,1.0,1.4753494430552234,0.0,,0.001649339000010741,hunter_mm,,47.0,1.7000750014111484e-11
shell,28,12,shell,4.0,alternating,8,3,112,12.0,42.0,0,mle,ok,4.0,1.5259237907959748,0.050574347740751424,0.8986426795612205,0.002496297999982744,exact_subset_dp,,,
shell,28,12,shell,4.0,alternating,8,3,112,12.0,42.0,0,sharp,ok,4.0,1.5583811828215115,0.08303173976628808,0.8589084084290807,0.0032995569999911822,exact_sieve,0.0,,
shell,28,12,shell,4.0,alternating,8,3,112,12.0,42.0,0,efficient,outside_schedule_domain,,,,,4.5642999992878686e-05,unavailable,,,
shell,28,12,shell,4.0,alternating,8,3,112,12.0,42.0,0,borda,ok,1.0,1.5336372766933482,0.05828783363812473,0.832968122258636,0.0013515630000142664,published_global_clipped_borda,0.0,,
shell,28,13,shell,4.0,alternating,8,3,112,12.0,42.0,0,pl,ok,7.0,1.5544014447623875,0.0,,0.001748220000024503,hunter_mm,,50.0,2.1011509992214476e-11
shell,28,13,shell,4.0,alternating,8,3,112,12.0,42.0,0,mle,ok,7.0,1.7300270558499369,0.17562561108754937,1.0246248379567524,0.002922488999985262,exact_subset_dp,,,
shell,28,13,shell,4.0,alternating,8,3,112,12.0,42.0,0,sharp,ok,9.0,1.7752865760829377,0.2208851313205502,0.9121196566486348,0.0032692389999908755,exact_sieve,0.0,,
shell,28,13,shell,4.0,alternating,8,3,112,12.0,42.0,0,efficient,outside_schedule_domain,,,,,4.9767999996674916e-05,unavailable,,,
shell,28,13,shell,4.0,alternating,8,3,112,12.0,42.0,0,borda,ok,6.0,1.5972748739869909,0.042873429224603354,0.9394420412429931,0.0014812430000006316,published_global_clipped_borda,0.0,,
shell,28,14,shell,4.0,alternating,8,3,112,12.0,42.0,0,pl,ok,2.0,1.473322496228606,0.0,,0.0018137289999913264,hunter_mm,,50.0,9.518417799979163e-12
shell,28,14,shell,4.0,alternating,8,3,112,12.0,42.0,0,mle,ok,3.0,1.5777563642282666,0.10443386799966059,0.8986426795612205,0.002513176999997313,exact_subset_dp,,,
shell,28,14,shell,4.0,alternating,8,3,112,12.0,42.0,0,sharp,ok,2.0,1.5273651144168363,0.05404261818823031,0.8589084084290807,0.003284120000017765,exact_sieve,0.0,,
shell,28,14,shell,4.0,alternating,8,3,112,12.0,42.0,0,efficient,outside_schedule_domain,,,,,4.451999998877909e-05,unavailable,,,
shell,28,14,shell,4.0,alternating,8,3,112,12.0,42.0,0,borda,ok,1.0,1.5350324473299997,0.061709951101393656,0.8720402655126755,0.001535668000002488,published_global_clipped_borda,0.0,,
shell,28,15,shell,4.0,alternating,8,3,112,12.0,42.0,0,pl,ok,4.0,1.5061725007667133,0.0,,0.0015580760000091232,hunter_mm,,43.0,2.188325711115015e-11
shell,28,15,shell,4.0,alternating,8,3,112,12.0,42.0,0,mle,ok,2.0,1.5260194573759462,0.01984695660923297,0.7331149445745953,0.002494683999998415,exact_subset_dp,,,
shell,28,15,shell,4.0,alternating,8,3,112,12.0,42.0,0,sharp,ok,6.0,1.6902136105683132,0.18404110980159993,0.5373649994974447,0.0034378119999871615,exact_sieve,0.0,,
shell,28,15,shell,4.0,alternating,8,3,112,12.0,42.0,0,efficient,outside_schedule_domain,,,,,5.0931000004084126e-05,unavailable,,,
shell,28,15,shell,4.0,alternating,8,3,112,12.0,42.0,0,borda,ok,4.0,1.579404515181258,0.07323201441454463,0.6617844044760891,0.0014634820000196669,published_global_clipped_borda,0.0,,
shell,28,16,shell,4.0,alternating,8,3,112,12.0,42.0,0,pl,ok,3.0,1.4666985922844773,0.0,,0.0018383839999955853,hunter_mm,,54.0,1.612278564623791e-11
shell,28,16,shell,4.0,alternating,8,3,112,12.0,42.0,0,mle,ok,3.0,1.534898932620049,0.06820034033557176,1.0100693875885711,0.0028409850000059578,exact_subset_dp,,,
shell,28,16,shell,4.0,alternating,8,3,112,12.0,42.0,0,sharp,ok,4.0,1.5901170233885846,0.12341843110410733,0.8201538760195531,0.0032101150000016787,exact_sieve,0.0,,
shell,28,16,shell,4.0,alternating,8,3,112,12.0,42.0,0,efficient,outside_schedule_domain,,,,,4.95480000211046e-05,unavailable,,,
shell,28,16,shell,4.0,alternating,8,3,112,12.0,42.0,0,borda,ok,1.0,1.536191843808992,0.0694932515245148,0.8589084084290807,0.0015724880000220764,published_global_clipped_borda,0.0,,
shell,28,17,shell,4.0,alternating,8,3,112,12.0,42.0,0,pl,ok,1.0,1.4784191074827633,0.0,,0.0016753809999840996,hunter_mm,,46.0,1.726054220187377e-11
shell,28,17,shell,4.0,alternating,8,3,112,12.0,42.0,0,mle,ok,3.0,1.5229404981914128,0.044521390708649466,0.7948233114465767,0.002759040000000823,exact_subset_dp,,,
shell,28,17,shell,4.0,alternating,8,3,112,12.0,42.0,0,sharp,ok,4.0,1.59008112558317,0.11166201810040666,0.685257329800172,0.003426424999986466,exact_sieve,0.0,,
shell,28,17,shell,4.0,alternating,8,3,112,12.0,42.0,0,efficient,outside_schedule_domain,,,,,4.705000000626569e-05,unavailable,,,
shell,28,17,shell,4.0,alternating,8,3,112,12.0,42.0,0,borda,ok,2.0,1.5556094403538703,0.07719033287110699,0.685257329800172,0.0021471120000171595,published_global_clipped_borda,0.0,,
shell,28,18,shell,4.0,alternating,8,3,112,12.0,42.0,0,pl,ok,3.0,1.490975206254069,0.0,,0.0017856460000018615,hunter_mm,,50.0,1.7408360467438146e-11
shell,28,18,shell,4.0,alternating,8,3,112,12.0,42.0,0,mle,ok,4.0,1.5246961807219124,0.03372097446784328,0.8720402655126755,0.002682056999987026,exact_subset_dp,,,
shell,28,18,shell,4.0,alternating,8,3,112,12.0,42.0,0,sharp,ok,3.0,1.560137382379696,0.06916217612562692,0.8074398347256734,0.0035062310000171237,exact_sieve,0.0,,
shell,28,18,shell,4.0,alternating,8,3,112,12.0,42.0,0,efficient,outside_schedule_domain,,,,,4.384800001844269e-05,unavailable,,,
shell,28,18,shell,4.0,alternating,8,3,112,12.0,42.0,0,borda,ok,5.0,1.5889574698728723,0.09798226361880324,0.8074398347256734,0.0014795660000004318,published_global_clipped_borda,0.0,,
shell,28,19,shell,4.0,alternating,8,3,112,12.0,42.0,0,pl,ok,2.0,1.5287535136347812,0.0,,0.0023201219999862133,hunter_mm,,69.0,2.378554496220074e-11
shell,28,19,shell,4.0,alternating,8,3,112,12.0,42.0,0,mle,ok,3.0,1.579788961311957,0.051035447677175716,0.981401033651984,0.002488763999991761,exact_subset_dp,,,
shell,28,19,shell,4.0,alternating,8,3,112,12.0,42.0,0,sharp,ok,3.0,1.5652162375554197,0.03646272392063854,0.9257182786944403,0.003128008999993881,exact_sieve,0.0,,
shell,28,19,shell,4.0,alternating,8,3,112,12.0,42.0,0,efficient,outside_schedule_domain,,,,,4.6809999986408e-05,unavailable,,,
shell,28,19,shell,4.0,alternating,8,3,112,12.0,42.0,0,borda,ok,3.0,1.579788961311957,0.051035447677175716,0.981401033651984,0.0012922809999906804,published_global_clipped_borda,0.0,,
shell,28,20,shell,4.0,alternating,8,3,112,12.0,42.0,0,pl,ok,2.0,1.4756234812005213,0.0,,0.0016681749999918338,hunter_mm,,48.0,1.9072870267271876e-11
shell,28,20,shell,4.0,alternating,8,3,112,12.0,42.0,0,mle,ok,0.0,1.536497651189554,0.06087416998903272,0.8852839704922475,0.0023967729999867515,exact_subset_dp,,,
shell,28,20,shell,4.0,alternating,8,3,112,12.0,42.0,0,sharp,ok,4.0,1.580354789226121,0.1047313080255996,0.685257329800172,0.003429603000000725,exact_sieve,0.0,,
shell,28,20,shell,4.0,alternating,8,3,112,12.0,42.0,0,efficient,outside_schedule_domain,,,,,4.601399999160094e-05,unavailable,,,
shell,28,20,shell,4.0,alternating,8,3,112,12.0,42.0,0,borda,ok,3.0,1.5309307418145544,0.055307260614033016,0.8458853458049513,0.0014755039999840847,published_global_clipped_borda,0.0,,
shell,28,21,shell,4.0,alternating,8,3,112,12.0,42.0,0,pl,ok,2.0,1.4821773543274142,0.0,,0.0018145429999947282,hunter_mm,,52.0,1.9615166633814495e-11
shell,28,21,shell,4.0,alternating,8,3,112,12.0,42.0,0,mle,ok,2.0,1.5309965904129876,0.04881923608557348,0.9257182786944403,0.0024642199999789227,exact_subset_dp,,,
shell,28,21,shell,4.0,alternating,8,3,112,12.0,42.0,0,sharp,ok,4.0,1.6154394516638009,0.13326209733638672,0.8201538760195531,0.0033744270000113374,exact_sieve,0.0,,
shell,28,21,shell,4.0,alternating,8,3,112,12.0,42.0,0,efficient,outside_schedule_domain,,,,,4.546600001731349e-05,unavailable,,,
shell,28,21,shell,4.0,alternating,8,3,112,12.0,42.0,0,borda,ok,2.0,1.5296516120818517,0.04747425775443759,0.832968122258636,0.0013792530000102943,published_global_clipped_borda,0.0,,
shell,28,22,shell,4.0,alternating,8,3,112,12.0,42.0,0,pl,ok,2.0,1.4962247813274652,0.0,,0.0019437119999849983,hunter_mm,,56.0,3.163069806078056e-11
shell,28,22,shell,4.0,alternating,8,3,112,12.0,42.0,0,mle,ok,3.0,1.6128801263824537,0.11665534505498854,0.99566290138276,0.002446040999984689,exact_subset_dp,,,
shell,28,22,shell,4.0,alternating,8,3,112,12.0,42.0,0,sharp,ok,1.0,1.5746908216328062,0.07846604030534099,0.8986426795612205,0.003164405000006809,exact_sieve,0.0,,
shell,28,22,shell,4.0,alternating,8,3,112,12.0,42.0,0,efficient,outside_schedule_domain,,,,,4.750399997988097e-05,unavailable,,,
shell,28,22,shell,4.0,alternating,8,3,112,12.0,42.0,0,borda,ok,2.0,1.5284156177798291,0.03219083645236398,0.9394420412429931,0.0014280530000121416,published_global_clipped_borda,0.0,,
shell,28,23,shell,4.0,alternating,8,3,112,12.0,42.0,0,pl,ok,4.0,1.4906038298166078,0.0,,0.0016268939999974918,hunter_mm,,46.0,1.843706140139797e-11
shell,28,23,shell,4.0,alternating,8,3,112,12.0,42.0,0,mle,ok,3.0,1.5276792028317812,0.037075373015173385,0.7948233114465767,0.002617830000019694,exact_subset_dp,,,
shell,28,23,shell,4.0,alternating,8,3,112,12.0,42.0,0,sharp,ok,7.0,1.639435662010675,0.14883183219406715,0.6501550097881424,0.0034349700000007033,exact_sieve,0.0,,
shell,28,23,shell,4.0,alternating,8,3,112,12.0,42.0,0,efficient,outside_schedule_domain,,,,,4.9860999979500775e-05,unavailable,,,
shell,28,23,shell,4.0,alternating,8,3,112,12.0,42.0,0,borda,ok,4.0,1.559254736566188,0.06865090674958019,0.7823017009175557,0.0013605219999988094,published_global_clipped_borda,0.0,,
shell,28,24,shell,4.0,alternating,8,3,112,12.0,42.0,0,pl,ok,2.0,1.477488533618098,0.0,,0.0016384969999876375,hunter_mm,,46.0,1.4658338035441634e-11
shell,28,24,shell,4.0,alternating,8,3,112,12.0,42.0,0,mle,ok,4.0,1.571815298679347,0.09432676506124893,0.9121196566486348,0.002481908000021349,exact_subset_dp,,,
shell,28,24,shell,4.0,alternating,8,3,112,12.0,42.0,0,sharp,ok,3.0,1.5977897211017724,0.12030118748367435,0.7948233114465767,0.003386423999984345,exact_sieve,0.0,,
shell,28,24,shell,4.0,alternating,8,3,112,12.0,42.0,0,efficient,outside_schedule_domain,,,,,4.535100001135106e-05,unavailable,,,
shell,28,24,shell,4.0,alternating,8,3,112,12.0,42.0,0,borda,ok,2.0,1.5345384214800415,0.05704988786194343,0.7698724759713074,0.0013688370000011219,published_global_clipped_borda,0.0,,
shell,28,25,shell,4.0,alternating,8,3,112,12.0,42.0,0,pl,ok,2.0,1.491625883899196,0.0,,0.0017247730000065076,hunter_mm,,50.0,2.082784738328363e-11
shell,28,25,shell,4.0,alternating,8,3,112,12.0,42.0,0,mle,ok,5.0,1.6429974722023863,0.1513715883031903,0.757533184154752,0.0025790250000170545,exact_subset_dp,,,
shell,28,25,shell,4.0,alternating,8,3,112,12.0,42.0,0,sharp,ok,7.0,1.7090108542190536,0.2173849703198576,0.697104725066857,0.0035225690000117993,exact_sieve,0.0,,
shell,28,25,shell,4.0,alternating,8,3,112,12.0,42.0,0,efficient,outside_schedule_domain,,,,,5.096800001069823e-05,unavailable,,,
shell,28,25,shell,4.0,alternating,8,3,112,12.0,42.0,0,borda,ok,3.0,1.567900211701613,0.07627432780241694,0.7210314373934753,0.0016282370000055835,published_global_clipped_borda,0.0,,
shell,28,26,shell,4.0,alternating,8,3,112,12.0,42.0,0,pl,ok,3.0,1.4650300105515355,0.0,,0.0019485969999948338,hunter_mm,,53.0,2.078914818071098e-11
shell,28,26,shell,4.0,alternating,8,3,112,12.0,42.0,0,mle,ok,2.0,1.5315052055451492,0.06647519499361376,0.8852839704922475,0.002453432000010025,exact_subset_dp,,,
shell,28,26,shell,4.0,alternating,8,3,112,12.0,42.0,0,sharp,ok,2.0,1.5695700660064444,0.10454005545490896,0.7698724759713074,0.0031924120000041967,exact_sieve,0.0,,
shell,28,26,shell,4.0,alternating,8,3,112,12.0,42.0,0,efficient,outside_schedule_domain,,,,,4.462399999738409e-05,unavailable,,,
shell,28,26,shell,4.0,alternating,8,3,112,12.0,42.0,0,borda,ok,2.0,1.5315052055451492,0.06647519499361376,0.8852839704922475,0.001342171000004555,published_global_clipped_borda,0.0,,
shell,28,27,shell,4.0,alternating,8,3,112,12.0,42.0,0,pl,ok,2.0,1.4680402301246969,0.0,,0.0018753049999986615,hunter_mm,,52.0,2.2165761289930483e-11
shell,28,27,shell,4.0,alternating,8,3,112,12.0,42.0,0,mle,ok,4.0,1.5921785712291316,0.12413834110443478,0.832968122258636,0.002491564999985485,exact_subset_dp,,,
shell,28,27,shell,4.0,alternating,8,3,112,12.0,42.0,0,sharp,ok,6.0,1.6319279595672946,0.16388772944259777,0.8201538760195531,0.0033182319999980336,exact_sieve,0.0,,
shell,28,27,shell,4.0,alternating,8,3,112,12.0,42.0,0,efficient,outside_schedule_domain,,,,,4.800800002158212e-05,unavailable,,,
shell,28,27,shell,4.0,alternating,8,3,112,12.0,42.0,0,borda,ok,3.0,1.5227225351620817,0.054682305037384804,0.8201538760195531,0.0013225289999923007,published_global_clipped_borda,0.0,,
shell,28,28,shell,4.0,alternating,8,3,112,12.0,42.0,0,pl,ok,2.0,1.523350921861373,0.0,,0.0020585190000019793,hunter_mm,,61.0,1.6314378419630363e-11
shell,28,28,shell,4.0,alternating,8,3,112,12.0,42.0,0,mle,ok,2.0,1.5413673724387575,0.018016450577384546,0.99566290138276,0.0025260320000199954,exact_subset_dp,,,
shell,28,28,shell,4.0,alternating,8,3,112,12.0,42.0,0,sharp,ok,2.0,1.5941031053715198,0.07075218351014678,0.981401033651984,0.003333159000021624,exact_sieve,0.0,,
shell,28,28,shell,4.0,alternating,8,3,112,12.0,42.0,0,efficient,outside_schedule_domain,,,,,4.5141000015291866e-05,unavailable,,,
shell,28,28,shell,4.0,alternating,8,3,112,12.0,42.0,0,borda,ok,6.0,1.6210917179237807,0.09774079606240771,0.8852839704922475,0.001422447000010152,published_global_clipped_borda,0.0,,
shell,28,29,shell,4.0,alternating,8,3,112,12.0,42.0,0,pl,ok,1.0,1.4978326979231396,0.0,,0.0024684869999873627,hunter_mm,,75.0,1.941342324991118e-11
shell,28,29,shell,4.0,alternating,8,3,112,12.0,42.0,0,mle,ok,1.0,1.5355623968472103,0.03772969892407074,0.9672795990261153,0.0024324110000009114,exact_subset_dp,,,
shell,28,29,shell,4.0,alternating,8,3,112,12.0,42.0,0,sharp,ok,4.0,1.5983102144783519,0.10047751655521231,0.7698724759713074,0.0031860759999915444,exact_sieve,0.0,,
shell,28,29,shell,4.0,alternating,8,3,112,12.0,42.0,0,efficient,outside_schedule_domain,,,,,4.435799999669143e-05,unavailable,,,
shell,28,29,shell,4.0,alternating,8,3,112,12.0,42.0,0,borda,ok,1.0,1.5375372710878066,0.03970457316466702,0.9121196566486348,0.0013571039999931145,published_global_clipped_borda,0.0,,
shell,28,30,shell,4.0,alternating,8,3,112,12.0,42.0,0,pl,ok,2.0,1.4856291339167562,0.0,,0.0021298320000084914,hunter_mm,,63.0,1.9141957860061407e-11
shell,28,30,shell,4.0,alternating,8,3,112,12.0,42.0,0,mle,ok,1.0,1.6028367725671648,0.11720763865040862,1.1310869512614286,0.00297470600000338,exact_subset_dp,,,
shell,28,30,shell,4.0,alternating,8,3,112,12.0,42.0,0,sharp,ok,4.0,1.6012828371677656,0.11565370325100943,0.9121196566486348,0.0031752209999922343,exact_sieve,0.0,,
shell,28,30,shell,4.0,alternating,8,3,112,12.0,42.0,0,efficient,outside_schedule_domain,,,,,4.527600000869825e-05,unavailable,,,
shell,28,30,shell,4.0,alternating,8,3,112,12.0,42.0,0,borda,ok,3.0,1.626603551421989,0.14097441750523276,1.1153516423293843,0.001791281999999228,published_global_clipped_borda,0.0,,
shell,28,31,shell,4.0,alternating,8,3,112,12.0,42.0,0,pl,ok,2.0,1.4941167654469454,0.0,,0.0020068819999892185,hunter_mm,,53.0,2.264201524683683e-11
shell,28,31,shell,4.0,alternating,8,3,112,12.0,42.0,0,mle,ok,2.0,1.5816693171490854,0.08755255170214005,0.981401033651984,0.002648219000008112,exact_subset_dp,,,
shell,28,31,shell,4.0,alternating,8,3,112,12.0,42.0,0,sharp,ok,7.0,1.6326586420880083,0.13854187664106288,0.7823017009175557,0.0032956199999887303,exact_sieve,0.0,,
shell,28,31,shell,4.0,alternating,8,3,112,12.0,42.0,0,efficient,outside_schedule_domain,,,,,4.778100000635277e-05,unavailable,,,
shell,28,31,shell,4.0,alternating,8,3,112,12.0,42.0,0,borda,ok,3.0,1.6156968192336156,0.12158005378667025,0.9532945643782407,0.001469046000011076,published_global_clipped_borda,0.0,,
shell,28,32,shell,4.0,alternating,8,3,112,12.0,42.0,0,pl,ok,4.0,1.466060053826234,0.0,,0.0019589189999749124,hunter_mm,,51.0,1.9982364969044805e-11
shell,28,32,shell,4.0,alternating,8,3,112,12.0,42.0,0,mle,ok,3.0,1.5313481397710433,0.06528808594480928,0.8589084084290807,0.002686751999988246,exact_subset_dp,,,
shell,28,32,shell,4.0,alternating,8,3,112,12.0,42.0,0,sharp,ok,5.0,1.5852980754789887,0.11923802165275466,0.7210314373934753,0.003549280000015642,exact_sieve,0.0,,
shell,28,32,shell,4.0,alternating,8,3,112,12.0,42.0,0,efficient,outside_schedule_domain,,,,,4.762899999377623e-05,unavailable,,,
shell,28,32,shell,4.0,alternating,8,3,112,12.0,42.0,0,borda,ok,4.0,1.5236879098156795,0.05762785598944542,0.8201538760195531,0.001363052999977299,published_global_clipped_borda,0.0,,
shell,28,33,shell,4.0,alternating,8,3,112,12.0,42.0,0,pl,ok,1.0,1.4928531025560876,0.0,,0.0024751519999881566,hunter_mm,,74.0,2.7878905533335844e-11
shell,28,33,shell,4.0,alternating,8,3,112,12.0,42.0,0,mle,ok,1.0,1.5732017322361969,0.08034862968010925,0.9257182786944403,0.002538915000002362,exact_subset_dp,,,
shell,28,33,shell,4.0,alternating,8,3,112,12.0,42.0,0,sharp,ok,3.0,1.6290403071568165,0.13618720460072886,0.8720402655126755,0.0033512459999940347,exact_sieve,0.0,,
shell,28,33,shell,4.0,alternating,8,3,112,12.0,42.0,0,efficient,outside_schedule_domain,,,,,4.4479999985469476e-05,unavailable,,,
shell,28,33,shell,4.0,alternating,8,3,112,12.0,42.0,0,borda,ok,2.0,1.5273651144168363,0.034512011860748704,0.8589084084290807,0.0015301819999820054,published_global_clipped_borda,0.0,,
shell,28,34,shell,4.0,alternating,8,3,112,12.0,42.0,0,pl,ok,2.0,1.494598864321321,0.0,,0.0021695599999986825,hunter_mm,,64.0,1.9710550651958717e-11
shell,28,34,shell,4.0,alternating,8,3,112,12.0,42.0,0,mle,ok,2.0,1.564850734978608,0.070251870657287,0.8458853458049513,0.002613986000000068,exact_subset_dp,,,
shell,28,34,shell,4.0,alternating,8,3,112,12.0,42.0,0,sharp,ok,4.0,1.6025698157218724,0.10797095140055135,0.7210314373934753,0.003451258000012558,exact_sieve,0.0,,
shell,28,34,shell,4.0,alternating,8,3,112,12.0,42.0,0,efficient,outside_schedule_domain,,,,,4.859300000248368e-05,unavailable,,,
shell,28,34,shell,4.0,alternating,8,3,112,12.0,42.0,0,borda,ok,2.0,1.5620909590730996,0.06749209475177853,0.7698724759713074,0.001363128999997798,published_global_clipped_borda,0.0,,
shell,28,35,shell,4.0,alternating,8,3,112,12.0,42.0,0,pl,ok,6.0,1.5290636990459106,0.0,,0.0016614299999844206,hunter_mm,,44.0,1.674102126766489e-11
shell,28,35,shell,4.0,alternating,8,3,112,12.0,42.0,0,mle,ok,7.0,1.6582152026206405,0.12915150357472993,0.7331149445745953,0.0025367240000093716,exact_subset_dp,,,
shell,28,35,shell,4.0,alternating,8,3,112,12.0,42.0,0,sharp,ok,7.0,1.6282559189404275,0.09919221989451699,0.6617844044760891,0.0032060050000097817,exact_sieve,0.0,,
shell,28,35,shell,4.0,alternating,8,3,112,12.0,42.0,0,efficient,outside_schedule_domain,,,,,4.5904999979029526e-05,unavailable,,,
shell,28,35,shell,4.0,alternating,8,3,112,12.0,42.0,0,borda,ok,5.0,1.639076107472687,0.1100124084267764,0.7210314373934753,0.0014886510000167164,published_global_clipped_borda,0.0,,
shell,28,36,shell,4.0,alternating,8,3,112,12.0,42.0,0,pl,ok,2.0,1.5049836119958873,0.0,,0.0016401649999977508,hunter_mm,,43.0,1.1853882954580642e-11
shell,28,36,shell,4.0,alternating,8,3,112,12.0,42.0,0,mle,ok,3.0,1.52539302716498,0.02040941516909278,0.7331149445745953,0.002610228000008874,exact_subset_dp,,,
shell,28,36,shell,4.0,alternating,8,3,112,12.0,42.0,0,sharp,ok,7.0,1.7103461116863328,0.2053624996904455,0.5817633816848975,0.0034616230000210635,exact_sieve,0.0,,
shell,28,36,shell,4.0,alternating,8,3,112,12.0,42.0,0,efficient,outside_schedule_domain,,,,,4.85990000242964e-05,unavailable,,,
shell,28,36,shell,4.0,alternating,8,3,112,12.0,42.0,0,borda,ok,2.0,1.5298061166492465,0.024822504653359223,0.685257329800172,0.0015537370000231476,published_global_clipped_borda,0.0,,
shell,28,37,shell,4.0,alternating,8,3,112,12.0,42.0,0,pl,ok,1.0,1.4679051612019527,0.0,,0.0020250819999887426,hunter_mm,,57.0,1.66004353120895e-11
shell,28,37,shell,4.0,alternating,8,3,112,12.0,42.0,0,mle,ok,3.0,1.5344756459564164,0.0665704847544637,0.9532945643782407,0.002651694000007865,exact_subset_dp,,,
shell,28,37,shell,4.0,alternating,8,3,112,12.0,42.0,0,sharp,ok,6.0,1.616991445942836,0.14908628474088337,0.685257329800172,0.0036078150000093956,exact_sieve,0.0,,
shell,28,37,shell,4.0,alternating,8,3,112,12.0,42.0,0,efficient,outside_schedule_domain,,,,,4.9666999984765425e-05,unavailable,,,
shell,28,37,shell,4.0,alternating,8,3,112,12.0,42.0,0,borda,ok,3.0,1.583026726450609,0.11512156524865635,0.7331149445745953,0.0013436090000027434,published_global_clipped_borda,0.0,,
shell,28,38,shell,4.0,alternating,8,3,112,12.0,42.0,0,pl,ok,1.0,1.4771535688577813,0.0,,0.0019299230000058287,hunter_mm,,54.0,2.0342077229023355e-11
shell,28,38,shell,4.0,alternating,8,3,112,12.0,42.0,0,mle,ok,2.0,1.6021278287163587,0.12497425985857746,0.6734845421971655,0.0025759870000001683,exact_subset_dp,,,
shell,28,38,shell,4.0,alternating,8,3,112,12.0,42.0,0,sharp,ok,2.0,1.5348946088403592,0.05774103998257796,0.6617844044760891,0.0033638449999955355,exact_sieve,0.0,,
shell,28,38,shell,4.0,alternating,8,3,112,12.0,42.0,0,efficient,outside_schedule_domain,,,,,5.127999997966981e-05,unavailable,,,
shell,28,38,shell,4.0,alternating,8,3,112,12.0,42.0,0,borda,ok,1.0,1.535460088711119,0.05830651985333768,0.6617844044760891,0.0013864580000131355,published_global_clipped_borda,0.0,,
shell,28,39,shell,4.0,alternating,8,3,112,12.0,42.0,0,pl,ok,1.0,1.4696815669557468,0.0,,0.0020595959999809565,hunter_mm,,52.0,2.62901446644394e-11
shell,28,39,shell,4.0,alternating,8,3,112,12.0,42.0,0,mle,ok,2.0,1.5965978395511136,0.12691627259536675,0.9257182786944403,0.0025761560000034933,exact_subset_dp,,,
shell,28,39,shell,4.0,alternating,8,3,112,12.0,42.0,0,sharp,ok,6.0,1.6791070660749723,0.20942549911922548,0.6617844044760891,0.0032904189999953815,exact_sieve,0.0,,
shell,28,39,shell,4.0,alternating,8,3,112,12.0,42.0,0,efficient,outside_schedule_domain,,,,,4.773700001692305e-05,unavailable,,,
shell,28,39,shell,4.0,alternating,8,3,112,12.0,42.0,0,borda,ok,2.0,1.5594722358970814,0.08979066894133458,0.8986426795612205,0.0013904829999944468,published_global_clipped_borda,0.0,,
shell,29,0,shell,4.0,alternating,8,3,448,48.0,168.0,0,pl,ok,0.0,1.4584691754328816,0.0,,0.00311918799999944,hunter_mm,,52.0,1.9180910827896825e-11
shell,29,0,shell,4.0,alternating,8,3,448,48.0,168.0,0,mle,ok,2.0,1.5234305945302173,0.06496141909733577,0.8233479365601499,0.0027940999999884752,exact_subset_dp,,,
shell,29,0,shell,4.0,alternating,8,3,448,48.0,168.0,0,sharp,ok,2.0,1.5343303993533939,0.07586122392051231,0.7823017009175557,0.010945333000023538,exact_sieve,0.0,,
shell,29,0,shell,4.0,alternating,8,3,448,48.0,168.0,0,efficient,outside_schedule_domain,,,,,8.335200001852172e-05,unavailable,,,
shell,29,0,shell,4.0,alternating,8,3,448,48.0,168.0,0,borda,ok,1.0,1.5349117910752947,0.07644261564241317,0.7948233114465767,0.0015437940000140316,published_global_clipped_borda,0.0,,
shell,29,1,shell,4.0,alternating,8,3,448,48.0,168.0,0,pl,ok,1.0,1.464816695297569,0.0,,0.0030633459999762636,hunter_mm,,54.0,1.738932807273029e-11
shell,29,1,shell,4.0,alternating,8,3,448,48.0,168.0,0,mle,ok,2.0,1.5256338996296375,0.0608172043320685,0.8986426795612205,0.002579468999982737,exact_subset_dp,,,
shell,29,1,shell,4.0,alternating,8,3,448,48.0,168.0,0,sharp,ok,3.0,1.524689261300356,0.05987256600278701,0.895292044054161,0.010262189999991733,exact_sieve,0.0,,
shell,29,1,shell,4.0,alternating,8,3,448,48.0,168.0,0,efficient,outside_schedule_domain,,,,,7.52580000096259e-05,unavailable,,,
shell,29,1,shell,4.0,alternating,8,3,448,48.0,168.0,0,borda,ok,1.0,1.5285874918658484,0.06377079656827944,0.8720402655126755,0.001537159999998039,published_global_clipped_borda,0.0,,
shell,29,2,shell,4.0,alternating,8,3,448,48.0,168.0,0,pl,ok,2.0,1.4686894108999615,0.0,,0.0029847110000105204,hunter_mm,,52.0,1.5132657032219347e-11
shell,29,2,shell,4.0,alternating,8,3,448,48.0,168.0,0,mle,ok,1.0,1.5312755477051734,0.06258613680521186,0.9189035464278319,0.002700730000015028,exact_subset_dp,,,
shell,29,2,shell,4.0,alternating,8,3,448,48.0,168.0,0,sharp,ok,1.0,1.532261660762035,0.06357224986207344,0.8852839704922475,0.010347288000019716,exact_sieve,0.0,,
shell,29,2,shell,4.0,alternating,8,3,448,48.0,168.0,0,efficient,outside_schedule_domain,,,,,7.336400000212961e-05,unavailable,,,
shell,29,2,shell,4.0,alternating,8,3,448,48.0,168.0,0,borda,ok,2.0,1.532109381253108,0.0634199703531464,0.9155077734718661,0.001656924000002391,published_global_clipped_borda,0.0,,
shell,29,3,shell,4.0,alternating,8,3,448,48.0,168.0,0,pl,ok,0.0,1.4626891285874715,0.0,,0.0026201940000021295,hunter_mm,,47.0,2.3517695727345458e-11
shell,29,3,shell,4.0,alternating,8,3,448,48.0,168.0,0,mle,ok,2.0,1.5243689522677892,0.06167982368031777,0.766779315990074,0.0026745469999980287,exact_subset_dp,,,
shell,29,3,shell,4.0,alternating,8,3,448,48.0,168.0,0,sharp,ok,3.0,1.5321438613820535,0.06945473279458203,0.7361487023127573,0.010518308999991177,exact_sieve,0.0,,
shell,29,3,shell,4.0,alternating,8,3,448,48.0,168.0,0,efficient,outside_schedule_domain,,,,,6.855999998833795e-05,unavailable,,,
shell,29,3,shell,4.0,alternating,8,3,448,48.0,168.0,0,borda,ok,0.0,1.5344369222283403,0.0717477936408688,0.7636917388705126,0.0014160150000179783,published_global_clipped_borda,0.0,,
shell,29,4,shell,4.0,alternating,8,3,448,48.0,168.0,0,pl,ok,2.0,1.461432419457748,0.0,,0.0027051630000016758,hunter_mm,,47.0,2.1967063089180426e-11
shell,29,4,shell,4.0,alternating,8,3,448,48.0,168.0,0,mle,ok,2.0,1.5350868862122113,0.07365446675446341,0.8491310752359388,0.0028268830000115486,exact_subset_dp,,,
shell,29,4,shell,4.0,alternating,8,3,448,48.0,168.0,0,sharp,ok,1.0,1.5351279809945364,0.07369556153678847,0.8233479365601499,0.010681578000003356,exact_sieve,0.0,,
shell,29,4,shell,4.0,alternating,8,3,448,48.0,168.0,0,efficient,outside_schedule_domain,,,,,0.00011018700001841353,unavailable,,,
shell,29,4,shell,4.0,alternating,8,3,448,48.0,168.0,0,borda,ok,2.0,1.5294328495556735,0.06800043009792556,0.8074398347256734,0.0016245890000163854,published_global_clipped_borda,0.0,,
shell,29,5,shell,4.0,alternating,8,3,448,48.0,168.0,0,pl,ok,2.0,1.4718082687917862,0.0,,0.0027812000000153603,hunter_mm,,48.0,2.6420262802925467e-11
shell,29,5,shell,4.0,alternating,8,3,448,48.0,168.0,0,mle,ok,3.0,1.5495677268680468,0.07775945807626061,0.776075695237584,0.002737781999996969,exact_subset_dp,,,
shell,29,5,shell,4.0,alternating,8,3,448,48.0,168.0,0,sharp,ok,3.0,1.5242323651927938,0.05242409640100765,0.7544621327077489,0.01063733199998751,exact_sieve,0.0,,
shell,29,5,shell,4.0,alternating,8,3,448,48.0,168.0,0,efficient,outside_schedule_domain,,,,,7.730299998343071e-05,unavailable,,,
shell,29,5,shell,4.0,alternating,8,3,448,48.0,168.0,0,borda,ok,3.0,1.5495677268680468,0.07775945807626061,0.776075695237584,0.001409512000009272,published_global_clipped_borda,0.0,,
shell,29,6,shell,4.0,alternating,8,3,448,48.0,168.0,0,pl,ok,1.0,1.4742670922251582,0.0,,0.0027559849999931885,hunter_mm,,48.0,2.1927792914766542e-11
shell,29,6,shell,4.0,alternating,8,3,448,48.0,168.0,0,mle,ok,2.0,1.5320820576641032,0.05781496543894504,0.8589084084290807,0.002698542999979736,exact_subset_dp,,,
shell,29,6,shell,4.0,alternating,8,3,448,48.0,168.0,0,sharp,ok,3.0,1.555412917797395,0.08114582557223682,0.832968122258636,0.010688704000017424,exact_sieve,0.0,,
shell,29,6,shell,4.0,alternating,8,3,448,48.0,168.0,0,efficient,outside_schedule_domain,,,,,7.188400002178241e-05,unavailable,,,
shell,29,6,shell,4.0,alternating,8,3,448,48.0,168.0,0,borda,ok,1.0,1.5302600155035289,0.05599292327837069,0.8265483022961607,0.0015894839999930355,published_global_clipped_borda,0.0,,
shell,29,7,shell,4.0,alternating,8,3,448,48.0,168.0,0,pl,ok,2.0,1.4659218680605108,0.0,,0.002762052999997877,hunter_mm,,49.0,2.574867303500079e-11
shell,29,7,shell,4.0,alternating,8,3,448,48.0,168.0,0,mle,ok,3.0,1.5243848340902637,0.05846296602975287,0.81696607787102,0.0027222849999759546,exact_subset_dp,,,
shell,29,7,shell,4.0,alternating,8,3,448,48.0,168.0,0,sharp,ok,4.0,1.5510431349334886,0.08512126687297772,0.8106090992009355,0.010854636999994227,exact_sieve,0.0,,
shell,29,7,shell,4.0,alternating,8,3,448,48.0,168.0,0,efficient,outside_schedule_domain,,,,,8.053500002347391e-05,unavailable,,,
shell,29,7,shell,4.0,alternating,8,3,448,48.0,168.0,0,borda,ok,2.0,1.5282819376583916,0.06236006959788076,0.8137844996447892,0.001440822000006392,published_global_clipped_borda,0.0,,
shell,29,8,shell,4.0,alternating,8,3,448,48.0,168.0,0,pl,ok,3.0,1.4646225941203612,0.0,,0.0026724720000004254,hunter_mm,,46.0,1.7655781598640327e-11
shell,29,8,shell,4.0,alternating,8,3,448,48.0,168.0,0,mle,ok,3.0,1.5283159606272823,0.06369336650692103,0.7120219548409804,0.002706931000005852,exact_subset_dp,,,
shell,29,8,shell,4.0,alternating,8,3,448,48.0,168.0,0,sharp,ok,1.0,1.566552798515764,0.10193020439540268,0.641478269422387,0.010746837000027654,exact_sieve,0.0,,
shell,29,8,shell,4.0,alternating,8,3,448,48.0,168.0,0,efficient,outside_schedule_domain,,,,,7.36389999929088e-05,unavailable,,,
shell,29,8,shell,4.0,alternating,8,3,448,48.0,168.0,0,borda,ok,3.0,1.5367715050975659,0.07214891097720466,0.6734845421971655,0.0014383219999842822,published_global_clipped_borda,0.0,,
shell,29,9,shell,4.0,alternating,8,3,448,48.0,168.0,0,pl,ok,2.0,1.4580087394717245,0.0,,0.002590582999999924,hunter_mm,,45.0,1.0741820131800394e-11
shell,29,9,shell,4.0,alternating,8,3,448,48.0,168.0,0,mle,ok,2.0,1.5238080963516212,0.06579935687989669,0.7854233449861958,0.002750383999995165,exact_subset_dp,,,
shell,29,9,shell,4.0,alternating,8,3,448,48.0,168.0,0,sharp,ok,4.0,1.5243084359541708,0.06629969648244627,0.776075695237584,0.010639714999996386,exact_sieve,0.0,,
shell,29,9,shell,4.0,alternating,8,3,448,48.0,168.0,0,efficient,outside_schedule_domain,,,,,7.844000001000495e-05,unavailable,,,
shell,29,9,shell,4.0,alternating,8,3,448,48.0,168.0,0,borda,ok,3.0,1.5249715751591362,0.06696283568741168,0.776075695237584,0.0014306070000031923,published_global_clipped_borda,0.0,,
shell,29,10,shell,4.0,alternating,8,3,448,48.0,168.0,0,pl,ok,2.0,1.4701350295307303,0.0,,0.002812753000000612,hunter_mm,,49.0,2.3728194012814388e-11
shell,29,10,shell,4.0,alternating,8,3,448,48.0,168.0,0,mle,ok,3.0,1.5277191020500183,0.05758407251928799,0.791684110769496,0.002726770999998962,exact_subset_dp,,,
shell,29,10,shell,4.0,alternating,8,3,448,48.0,168.0,0,sharp,ok,2.0,1.5342676322844406,0.06413260275371035,0.7885508018261497,0.010776190999990831,exact_sieve,0.0,,
shell,29,10,shell,4.0,alternating,8,3,448,48.0,168.0,0,efficient,outside_schedule_domain,,,,,7.61330000216276e-05,unavailable,,,
shell,29,10,shell,4.0,alternating,8,3,448,48.0,168.0,0,borda,ok,2.0,1.5304530112388668,0.060317981708136514,0.7544621327077489,0.0014231650000056106,published_global_clipped_borda,0.0,,
shell,29,11,shell,4.0,alternating,8,3,448,48.0,168.0,0,pl,ok,2.0,1.4604489331229114,0.0,,0.0030190930000060234,hunter_mm,,52.0,2.9181101979247615e-11
shell,29,11,shell,4.0,alternating,8,3,448,48.0,168.0,0,mle,ok,1.0,1.5338851437576804,0.07343621063476902,0.8426462308593962,0.002579859999997325,exact_subset_dp,,,
shell,29,11,shell,4.0,alternating,8,3,448,48.0,168.0,0,sharp,ok,5.0,1.5833784307831755,0.12292949766026418,0.7391876815223555,0.010992471000008663,exact_sieve,0.0,,
shell,29,11,shell,4.0,alternating,8,3,448,48.0,168.0,0,efficient,outside_schedule_domain,,,,,7.24420000040027e-05,unavailable,,,
shell,29,11,shell,4.0,alternating,8,3,448,48.0,168.0,0,borda,ok,2.0,1.5234305945302173,0.06298166140730599,0.8233479365601499,0.0015650290000053246,published_global_clipped_borda,0.0,,
shell,29,12,shell,4.0,alternating,8,3,448,48.0,168.0,0,pl,ok,2.0,1.4599963096218822,0.0,,0.002746169999994663,hunter_mm,,49.0,2.2420097524543182e-11
shell,29,12,shell,4.0,alternating,8,3,448,48.0,168.0,0,mle,ok,2.0,1.5254542681907264,0.06545795856884418,0.895292044054161,0.0025411360000191507,exact_subset_dp,,,
shell,29,12,shell,4.0,alternating,8,3,448,48.0,168.0,0,sharp,ok,2.0,1.5254542681907264,0.06545795856884418,0.895292044054161,0.010426120999994737,exact_sieve,0.0,,
shell,29,12,shell,4.0,alternating,8,3,448,48.0,168.0,0,efficient,outside_schedule_domain,,,,,6.693899999277164e-05,unavailable,,,
shell,29,12,shell,4.0,alternating,8,3,448,48.0,168.0,0,borda,ok,2.0,1.5254542681907264,0.06545795856884418,0.895292044054161,0.0013598909999927855,published_global_clipped_borda,0.0,,
shell,29,13,shell,4.0,alternating,8,3,448,48.0,168.0,0,pl,ok,2.0,1.4751049769200812,0.0,,0.003113368000015271,hunter_mm,,50.0,2.7478337066051087e-11
shell,29,13,shell,4.0,alternating,8,3,448,48.0,168.0,0,mle,ok,2.0,1.55588972131336,0.08078474439327876,0.8589084084290807,0.002857529999999997,exact_subset_dp,,,
shell,29,13,shell,4.0,alternating,8,3,448,48.0,168.0,0,sharp,ok,2.0,1.55588972131336,0.08078474439327876,0.8589084084290807,0.01047010299998874,exact_sieve,0.0,,
shell,29,13,shell,4.0,alternating,8,3,448,48.0,168.0,0,efficient,outside_schedule_domain,,,,,6.950400000960144e-05,unavailable,,,
shell,29,13,shell,4.0,alternating,8,3,448,48.0,168.0,0,borda,ok,1.0,1.5302600155035289,0.05515503858344761,0.8265483022961607,0.00162730600001737,published_global_clipped_borda,0.0,,
shell,29,14,shell,4.0,alternating,8,3,448,48.0,168.0,0,pl,ok,2.0,1.4627170661688038,0.0,,0.003038462000006348,hunter_mm,,54.0,2.1729982892436185e-11
shell,29,14,shell,4.0,alternating,8,3,448,48.0,168.0,0,mle,ok,3.0,1.5296571125104852,0.06694004634168138,0.888612740509556,0.0025190369999847917,exact_subset_dp,,,
shell,29,14,shell,4.0,alternating,8,3,448,48.0,168.0,0,sharp,ok,2.0,1.5304164120863892,0.06769934591758542,0.888612740509556,0.0098417760000018,exact_sieve,0.0,,
shell,29,14,shell,4.0,alternating,8,3,448,48.0,168.0,0,efficient,outside_schedule_domain,,,,,8.47520000206714e-05,unavailable,,,
shell,29,14,shell,4.0,alternating,8,3,448,48.0,168.0,0,borda,ok,2.0,1.5297114667956797,0.0669944006268759,0.8361876637942263,0.0015887350000127753,published_global_clipped_borda,0.0,,
shell,29,15,shell,4.0,alternating,8,3,448,48.0,168.0,0,pl,ok,2.0,1.462873515196316,0.0,,0.002665265000018735,hunter_mm,,48.0,2.1649602745453324e-11
shell,29,15,shell,4.0,alternating,8,3,448,48.0,168.0,0,mle,ok,3.0,1.5253196933536879,0.06244617815737197,0.8687469364953876,0.0026253519999954733,exact_subset_dp,,,
shell,29,15,shell,4.0,alternating,8,3,448,48.0,168.0,0,sharp,ok,2.0,1.528293930607108,0.06542041541079202,0.81696607787102,0.01074623499999916,exact_sieve,0.0,,
shell,29,15,shell,4.0,alternating,8,3,448,48.0,168.0,0,efficient,outside_schedule_domain,,,,,7.600899999715693e-05,unavailable,,,
shell,29,15,shell,4.0,alternating,8,3,448,48.0,168.0,0,borda,ok,2.0,1.5317494469574566,0.06887593176114071,0.8491310752359388,0.001606774999999061,published_global_clipped_borda,0.0,,
shell,29,16,shell,4.0,alternating,8,3,448,48.0,168.0,0,pl,ok,1.0,1.4628546178890502,0.0,,0.00280510299998582,hunter_mm,,49.0,2.6420262802925467e-11
shell,29,16,shell,4.0,alternating,8,3,448,48.0,168.0,0,mle,ok,3.0,1.5237137566095438,0.06085913872049353,0.766779315990074,0.002707894999986138,exact_subset_dp,,,
shell,29,16,shell,4.0,alternating,8,3,448,48.0,168.0,0,sharp,ok,4.0,1.5545136234621104,0.09165900557306017,0.7513965164149394,0.010657083000012335,exact_sieve,0.0,,
shell,29,16,shell,4.0,alternating,8,3,448,48.0,168.0,0,efficient,outside_schedule_domain,,,,,7.826500001328895e-05,unavailable,,,
shell,29,16,shell,4.0,alternating,8,3,448,48.0,168.0,0,borda,ok,1.0,1.5314724354616445,0.06861781757259422,0.7452814445194086,0.0016931170000020757,published_global_clipped_borda,0.0,,
shell,29,17,shell,4.0,alternating,8,3,448,48.0,168.0,0,pl,ok,2.0,1.4617922275499036,0.0,,0.0025665409999930944,hunter_mm,,42.0,2.488853567683691e-11
shell,29,17,shell,4.0,alternating,8,3,448,48.0,168.0,0,mle,ok,3.0,1.556232471359937,0.09444024381003335,0.7544621327077489,0.0025961580000171125,exact_subset_dp,,,
shell,29,17,shell,4.0,alternating,8,3,448,48.0,168.0,0,sharp,ok,2.0,1.5624463214586728,0.10065409390876923,0.7452814445194086,0.010434965999991164,exact_sieve,0.0,,
shell,29,17,shell,4.0,alternating,8,3,448,48.0,168.0,0,efficient,outside_schedule_domain,,,,,7.598000001962646e-05,unavailable,,,
shell,29,17,shell,4.0,alternating,8,3,448,48.0,168.0,0,borda,ok,2.0,1.524877036095298,0.06308480854539433,0.7544621327077489,0.001435696000015696,published_global_clipped_borda,0.0,,
shell,29,18,shell,4.0,alternating,8,3,448,48.0,168.0,0,pl,ok,1.0,1.4619997824822448,0.0,,0.002973039000011113,hunter_mm,,51.0,2.4652851189037913e-11
shell,29,18,shell,4.0,alternating,8,3,448,48.0,168.0,0,mle,ok,3.0,1.5231705111278686,0.061170728645623784,0.8556425603777551,0.002492105000015954,exact_subset_dp,,,
shell,29,18,shell,4.0,alternating,8,3,448,48.0,168.0,0,sharp,ok,3.0,1.5304227548100202,0.06842297232777539,0.81696607787102,0.010607453999995187,exact_sieve,0.0,,
shell,29,18,shell,4.0,alternating,8,3,448,48.0,168.0,0,efficient,outside_schedule_domain,,,,,6.667900001389171e-05,unavailable,,,
shell,29,18,shell,4.0,alternating,8,3,448,48.0,168.0,0,borda,ok,1.0,1.5305731926458215,0.06857341016357665,0.8426462308593962,0.0013825289999829238,published_global_clipped_borda,0.0,,
shell,29,19,shell,4.0,alternating,8,3,448,48.0,168.0,0,pl,ok,1.0,1.46255858132439,0.0,,0.002779608999986749,hunter_mm,,50.0,1.779928585473759e-11
shell,29,19,shell,4.0,alternating,8,3,448,48.0,168.0,0,mle,ok,2.0,1.5308598266339886,0.06830124530959858,0.8720402655126755,0.0026994229999957042,exact_subset_dp,,,
shell,29,19,shell,4.0,alternating,8,3,448,48.0,168.0,0,sharp,ok,2.0,1.5308598266339886,0.06830124530959858,0.8720402655126755,0.010415198999993436,exact_sieve,0.0,,
shell,29,19,shell,4.0,alternating,8,3,448,48.0,168.0,0,efficient,outside_schedule_domain,,,,,6.640499998411542e-05,unavailable,,,
shell,29,19,shell,4.0,alternating,8,3,448,48.0,168.0,0,borda,ok,2.0,1.5308598266339886,0.06830124530959858,0.8720402655126755,0.0015681069999970987,published_global_clipped_borda,0.0,,
shell,29,20,shell,4.0,alternating,8,3,448,48.0,168.0,0,pl,ok,1.0,1.4603418216431894,0.0,,0.003064383999998199,hunter_mm,,53.0,2.6909902877443007e-11
shell,29,20,shell,4.0,alternating,8,3,448,48.0,168.0,0,mle,ok,1.0,1.5301374011663273,0.06979557952313797,0.9020007062678247,0.002815111000018078,exact_subset_dp,,,
shell,29,20,shell,4.0,alternating,8,3,448,48.0,168.0,0,sharp,ok,3.0,1.5609193795182827,0.10057755787509337,0.8753405845218964,0.010611029000017425,exact_sieve,0.0,,
shell,29,20,shell,4.0,alternating,8,3,448,48.0,168.0,0,efficient,outside_schedule_domain,,,,,7.521700001689169e-05,unavailable,,,
shell,29,20,shell,4.0,alternating,8,3,448,48.0,168.0,0,borda,ok,1.0,1.5301374011663273,0.06979557952313797,0.9020007062678247,0.0014557229999923038,published_global_clipped_borda,0.0,,
shell,29,21,shell,4.0,alternating,8,3,448,48.0,168.0,0,pl,ok,1.0,1.4623791630607408,0.0,,0.0028428469999823847,hunter_mm,,49.0,2.2367060584623946e-11
shell,29,21,shell,4.0,alternating,8,3,448,48.0,168.0,0,mle,ok,1.0,1.5283280931543803,0.06594893009363956,0.8654605491756215,0.0025829870000109167,exact_subset_dp,,,
shell,29,21,shell,4.0,alternating,8,3,448,48.0,168.0,0,sharp,ok,1.0,1.5283280931543803,0.06594893009363956,0.8654605491756215,0.011993136999990384,exact_sieve,0.0,,
shell,29,21,shell,4.0,alternating,8,3,448,48.0,168.0,0,efficient,outside_schedule_domain,,,,,8.294299999533905e-05,unavailable,,,
shell,29,21,shell,4.0,alternating,8,3,448,48.0,168.0,0,borda,ok,1.0,1.5283280931543803,0.06594893009363956,0.8654605491756215,0.0014363209999999071,published_global_clipped_borda,0.0,,
shell,29,22,shell,4.0,alternating,8,3,448,48.0,168.0,0,pl,ok,2.0,1.4706975405686227,0.0,,0.003532630999984576,hunter_mm,,65.0,2.749254792076629e-11
shell,29,22,shell,4.0,alternating,8,3,448,48.0,168.0,0,mle,ok,3.0,1.536779213956585,0.06608167338796234,0.9428929564873928,0.002784107999985963,exact_subset_dp,,,
shell,29,22,shell,4.0,alternating,8,3,448,48.0,168.0,0,sharp,ok,4.0,1.5287186703225544,0.0580211297539317,0.9394420412429931,0.010732769999975744,exact_sieve,0.0,,
shell,29,22,shell,4.0,alternating,8,3,448,48.0,168.0,0,efficient,outside_schedule_domain,,,,,8.082499999773063e-05,unavailable,,,
shell,29,22,shell,4.0,alternating,8,3,448,48.0,168.0,0,borda,ok,2.0,1.527114335308066,0.05641679473944339,0.9223070298870251,0.0014562499999897227,published_global_clipped_borda,0.0,,
shell,29,23,shell,4.0,alternating,8,3,448,48.0,168.0,0,pl,ok,1.0,1.465122237207074,0.0,,0.003010487000011608,hunter_mm,,52.0,2.5934048559455344e-11
shell,29,23,shell,4.0,alternating,8,3,448,48.0,168.0,0,mle,ok,1.0,1.530139954453388,0.065017717246314,0.8137844996447892,0.002555017999981146,exact_subset_dp,,,
shell,29,23,shell,4.0,alternating,8,3,448,48.0,168.0,0,sharp,ok,3.0,1.5852904304242306,0.12016819321715655,0.7791858305831347,0.01032451300000048,exact_sieve,0.0,,
shell,29,23,shell,4.0,alternating,8,3,448,48.0,168.0,0,efficient,outside_schedule_domain,,,,,7.374399999093839e-05,unavailable,,,
shell,29,23,shell,4.0,alternating,8,3,448,48.0,168.0,0,borda,ok,1.0,1.530139954453388,0.065017717246314,0.8137844996447892,0.0014013629999851673,published_global_clipped_borda,0.0,,
shell,29,24,shell,4.0,alternating,8,3,448,48.0,168.0,0,pl,ok,3.0,1.4648114072943692,0.0,,0.002681698999992932,hunter_mm,,46.0,2.360778239562933e-11
shell,29,24,shell,4.0,alternating,8,3,448,48.0,168.0,0,mle,ok,3.0,1.5246790885399364,0.059867681245567184,0.8458853458049513,0.0027145169999869267,exact_subset_dp,,,
shell,29,24,shell,4.0,alternating,8,3,448,48.0,168.0,0,sharp,ok,2.0,1.5283393618391612,0.06352795454479199,0.8233479365601499,0.010211824999998953,exact_sieve,0.0,,
shell,29,24,shell,4.0,alternating,8,3,448,48.0,168.0,0,efficient,outside_schedule_domain,,,,,6.825100001606188e-05,unavailable,,,
shell,29,24,shell,4.0,alternating,8,3,448,48.0,168.0,0,borda,ok,4.0,1.5511371982431574,0.08632579094878823,0.8137844996447892,0.001409111000015173,published_global_clipped_borda,0.0,,
shell,29,25,shell,4.0,alternating,8,3,448,48.0,168.0,0,pl,ok,1.0,1.4621080671855893,0.0,,0.003040486000003284,hunter_mm,,53.0,2.3294889826632114e-11
shell,29,25,shell,4.0,alternating,8,3,448,48.0,168.0,0,mle,ok,2.0,1.528973139304313,0.06686507211872361,0.895292044054161,0.0026187539999966702,exact_subset_dp,,,
shell,29,25,shell,4.0,alternating,8,3,448,48.0,168.0,0,sharp,ok,3.0,1.5253196933536879,0.06321162616809861,0.8687469364953876,0.010918885999984695,exact_sieve,0.0,,
shell,29,25,shell,4.0,alternating,8,3,448,48.0,168.0,0,efficient,outside_schedule_domain,,,,,8.043500000098902e-05,unavailable,,,
shell,29,25,shell,4.0,alternating,8,3,448,48.0,168.0,0,borda,ok,1.0,1.5287286499283352,0.06662058274274596,0.8753405845218964,0.0014392060000147922,published_global_clipped_borda,0.0,,
shell,29,26,shell,4.0,alternating,8,3,448,48.0,168.0,0,pl,ok,1.0,1.459853777478969,0.0,,0.002837086999988969,hunter_mm,,50.0,2.0025695387663032e-11
shell,29,26,shell,4.0,alternating,8,3,448,48.0,168.0,0,mle,ok,3.0,1.5242059151076959,0.06435213762872682,0.8852839704922475,0.0026294019999966167,exact_subset_dp,,,
shell,29,26,shell,4.0,alternating,8,3,448,48.0,168.0,0,sharp,ok,0.0,1.5344270401022801,0.0745732626233111,0.8361876637942263,0.010852490999980091,exact_sieve,0.0,,
shell,29,26,shell,4.0,alternating,8,3,448,48.0,168.0,0,efficient,outside_schedule_domain,,,,,7.40269999823795e-05,unavailable,,,
shell,29,26,shell,4.0,alternating,8,3,448,48.0,168.0,0,borda,ok,2.0,1.5239892461650075,0.06413546868603848,0.8589084084290807,0.0015349049999997533,published_global_clipped_borda,0.0,,
shell,29,27,shell,4.0,alternating,8,3,448,48.0,168.0,0,pl,ok,3.0,1.4617748081373168,0.0,,0.0028236790000164547,hunter_mm,,50.0,2.6449445808144187e-11
shell,29,27,shell,4.0,alternating,8,3,448,48.0,168.0,0,mle,ok,3.0,1.524555215737705,0.06278040760038817,0.7948233114465767,0.0026334259999885035,exact_subset_dp,,,
shell,29,27,shell,4.0,alternating,8,3,448,48.0,168.0,0,sharp,ok,2.0,1.5270304825568823,0.06525567441956559,0.7791858305831347,0.01103334200001882,exact_sieve,0.0,,
shell,29,27,shell,4.0,alternating,8,3,448,48.0,168.0,0,efficient,outside_schedule_domain,,,,,8.252899999661167e-05,unavailable,,,
shell,29,27,shell,4.0,alternating,8,3,448,48.0,168.0,0,borda,ok,4.0,1.5239927879649324,0.06221797982761568,0.7885508018261497,0.0014767499999948086,published_global_clipped_borda,0.0,,
shell,29,28,shell,4.0,alternating,8,3,448,48.0,168.0,0,pl,ok,2.0,1.4625036981563162,0.0,,0.002800291999989213,hunter_mm,,49.0,2.7906692829609322e-11
shell,29,28,shell,4.0,alternating,8,3,448,48.0,168.0,0,mle,ok,3.0,1.5551476428137405,0.09264394465742432,0.81696607787102,0.002761373000026879,exact_subset_dp,,,
shell,29,28,shell,4.0,alternating,8,3,448,48.0,168.0,0,sharp,ok,3.0,1.5551476428137405,0.09264394465742432,0.81696607787102,0.010947952999998734,exact_sieve,0.0,,
shell,29,28,shell,4.0,alternating,8,3,448,48.0,168.0,0,efficient,outside_schedule_domain,,,,,8.74970000097619e-05,unavailable,,,
shell,29,28,shell,4.0,alternating,8,3,448,48.0,168.0,0,borda,ok,2.0,1.5247400573442973,0.062236359187981094,0.757533184154752,0.001577220000001489,published_global_clipped_borda,0.0,,
shell,29,29,shell,4.0,alternating,8,3,448,48.0,168.0,0,pl,ok,3.0,1.459956083969202,0.0,,0.002805633999997781,hunter_mm,,49.0,1.9859986671073263e-11
shell,29,29,shell,4.0,alternating,8,3,448,48.0,168.0,0,mle,ok,2.0,1.5311670443857401,0.07121096041653807,0.8786479422186868,0.0026000640000063413,exact_subset_dp,,,
shell,29,29,shell,4.0,alternating,8,3,448,48.0,168.0,0,sharp,ok,3.0,1.5235547968019074,0.06359871283270535,0.8687469364953876,0.010424295000007078,exact_sieve,0.0,,
shell,29,29,shell,4.0,alternating,8,3,448,48.0,168.0,0,efficient,outside_schedule_domain,,,,,7.836300000008123e-05,unavailable,,,
shell,29,29,shell,4.0,alternating,8,3,448,48.0,168.0,0,borda,ok,2.0,1.5275885766046016,0.0676324926353995,0.8654605491756215,0.0014214079999987916,published_global_clipped_borda,0.0,,
shell,29,30,shell,4.0,alternating,8,3,448,48.0,168.0,0,pl,ok,2.0,1.4665248089586975,0.0,,0.0028309420000027785,hunter_mm,,50.0,2.0607896341776464e-11
shell,29,30,shell,4.0,alternating,8,3,448,48.0,168.0,0,mle,ok,0.0,1.5356169242336135,0.06909211527491599,0.8687469364953876,0.002675925999994888,exact_subset_dp,,,
shell,29,30,shell,4.0,alternating,8,3,448,48.0,168.0,0,sharp,ok,2.0,1.5642842684649638,0.0977594595062663,0.8137844996447892,0.010587564999980259,exact_sieve,0.0,,
shell,29,30,shell,4.0,alternating,8,3,448,48.0,168.0,0,efficient,outside_schedule_domain,,,,,7.519700000102603e-05,unavailable,,,
shell,29,30,shell,4.0,alternating,8,3,448,48.0,168.0,0,borda,ok,4.0,1.579064155126992,0.11253934616829442,0.7698724759713074,0.0014214939999988019,published_global_clipped_borda,0.0,,
shell,29,31,shell,4.0,alternating,8,3,448,48.0,168.0,0,pl,ok,1.0,1.4593590490731678,0.0,,0.0030866810000134137,hunter_mm,,52.0,2.805387668201677e-11
shell,29,31,shell,4.0,alternating,8,3,448,48.0,168.0,0,mle,ok,1.0,1.5288774915439518,0.06951844247078398,0.8786479422186868,0.0028512789999979304,exact_subset_dp,,,
shell,29,31,shell,4.0,alternating,8,3,448,48.0,168.0,0,sharp,ok,1.0,1.5288774915439518,0.06951844247078398,0.8786479422186868,0.01041649100000086,exact_sieve,0.0,,
shell,29,31,shell,4.0,alternating,8,3,448,48.0,168.0,0,efficient,outside_schedule_domain,,,,,6.886200000622011e-05,unavailable,,,
shell,29,31,shell,4.0,alternating,8,3,448,48.0,168.0,0,borda,ok,1.0,1.5288774915439518,0.06951844247078398,0.8786479422186868,0.0014312419999953363,published_global_clipped_borda,0.0,,
shell,29,32,shell,4.0,alternating,8,3,448,48.0,168.0,0,pl,ok,3.0,1.4640733155038526,0.0,,0.0027728659999866068,hunter_mm,,48.0,1.831125727237902e-11
shell,29,32,shell,4.0,alternating,8,3,448,48.0,168.0,0,mle,ok,3.0,1.5261644938454244,0.06209117834157185,0.888612740509556,0.0025937879999844426,exact_subset_dp,,,
shell,29,32,shell,4.0,alternating,8,3,448,48.0,168.0,0,sharp,ok,4.0,1.5644678789634474,0.10039456345959485,0.8233479365601499,0.011060044000004154,exact_sieve,0.0,,
shell,29,32,shell,4.0,alternating,8,3,448,48.0,168.0,0,efficient,outside_schedule_domain,,,,,7.649599999126622e-05,unavailable,,,
shell,29,32,shell,4.0,alternating,8,3,448,48.0,168.0,0,borda,ok,3.0,1.528607280170227,0.06453396466637451,0.8654605491756215,0.0014220609999995304,published_global_clipped_borda,0.0,,
shell,29,33,shell,4.0,alternating,8,3,448,48.0,168.0,0,pl,ok,2.0,1.4589314279554597,0.0,,0.0030297889999815197,hunter_mm,,53.0,1.971267593603443e-11
shell,29,33,shell,4.0,alternating,8,3,448,48.0,168.0,0,mle,ok,2.0,1.5237487595005978,0.06481733154513813,0.8491310752359388,0.0028208379999909994,exact_subset_dp,,,
shell,29,33,shell,4.0,alternating,8,3,448,48.0,168.0,0,sharp,ok,3.0,1.5277191020500183,0.06878767409455855,0.791684110769496,0.0107788400000004,exact_sieve,0.0,,
shell,29,33,shell,4.0,alternating,8,3,448,48.0,168.0,0,efficient,outside_schedule_domain,,,,,7.472199999369877e-05,unavailable,,,
shell,29,33,shell,4.0,alternating,8,3,448,48.0,168.0,0,borda,ok,2.0,1.5237487595005978,0.06481733154513813,0.8491310752359388,0.0015631230000110463,published_global_clipped_borda,0.0,,
shell,29,34,shell,4.0,alternating,8,3,448,48.0,168.0,0,pl,ok,2.0,1.4595040839097184,0.0,,0.0031225479999932304,hunter_mm,,54.0,2.0108105656748064e-11
shell,29,34,shell,4.0,alternating,8,3,448,48.0,168.0,0,mle,ok,3.0,1.5250002374332357,0.06549615352351723,0.8589084084290807,0.002654008999996904,exact_subset_dp,,,
shell,29,34,shell,4.0,alternating,8,3,448,48.0,168.0,0,sharp,ok,3.0,1.5504940787227661,0.0909899948130477,0.8233479365601499,0.010020626999988735,exact_sieve,0.0,,
shell,29,34,shell,4.0,alternating,8,3,448,48.0,168.0,0,efficient,outside_schedule_domain,,,,,6.547800001044379e-05,unavailable,,,
shell,29,34,shell,4.0,alternating,8,3,448,48.0,168.0,0,borda,ok,2.0,1.5239016384273127,0.06439755451759432,0.8556425603777551,0.0014002479999817297,published_global_clipped_borda,0.0,,
shell,29,35,shell,4.0,alternating,8,3,448,48.0,168.0,0,pl,ok,2.0,1.4625597440397842,0.0,,0.0027774570000076437,hunter_mm,,50.0,2.5499221781696437e-11
shell,29,35,shell,4.0,alternating,8,3,448,48.0,168.0,0,mle,ok,3.0,1.5284879158235902,0.06592817178380606,0.8621810556555045,0.0027142419999961476,exact_subset_dp,,,
shell,29,35,shell,4.0,alternating,8,3,448,48.0,168.0,0,sharp,ok,4.0,1.560070018439088,0.09751027439930393,0.7636917388705126,0.010601167999993777,exact_sieve,0.0,,
shell,29,35,shell,4.0,alternating,8,3,448,48.0,168.0,0,efficient,outside_schedule_domain,,,,,8.037799997850925e-05,unavailable,,,
shell,29,35,shell,4.0,alternating,8,3,448,48.0,168.0,0,borda,ok,2.0,1.526937407460537,0.0643776634207529,0.8426462308593962,0.001425065000006498,published_global_clipped_borda,0.0,,
shell,29,36,shell,4.0,alternating,8,3,448,48.0,168.0,0,pl,ok,2.0,1.4701004782807616,0.0,,0.002646068999979434,hunter_mm,,45.0,1.943042552251687e-11
shell,29,36,shell,4.0,alternating,8,3,448,48.0,168.0,0,mle,ok,3.0,1.53022370123744,0.06012322295667838,0.8986426795612205,0.002595215999974698,exact_subset_dp,,,
shell,29,36,shell,4.0,alternating,8,3,448,48.0,168.0,0,sharp,ok,4.0,1.5254051942695201,0.055304715988758524,0.888612740509556,0.010562424999989162,exact_sieve,0.0,,
shell,29,36,shell,4.0,alternating,8,3,448,48.0,168.0,0,efficient,outside_schedule_domain,,,,,7.548699997528274e-05,unavailable,,,
shell,29,36,shell,4.0,alternating,8,3,448,48.0,168.0,0,borda,ok,3.0,1.53022370123744,0.06012322295667838,0.8986426795612205,0.0014432779999822287,published_global_clipped_borda,0.0,,
shell,29,37,shell,4.0,alternating,8,3,448,48.0,168.0,0,pl,ok,2.0,1.4630371833687268,0.0,,0.003041653000025235,hunter_mm,,52.0,2.813996654741199e-11
shell,29,37,shell,4.0,alternating,8,3,448,48.0,168.0,0,mle,ok,2.0,1.5299117175320927,0.06687453416336586,0.8786479422186868,0.002551265999983343,exact_subset_dp,,,
shell,29,37,shell,4.0,alternating,8,3,448,48.0,168.0,0,sharp,ok,1.0,1.5279957978337262,0.0649586144649994,0.8556425603777551,0.01058268299999554,exact_sieve,0.0,,
shell,29,37,shell,4.0,alternating,8,3,448,48.0,168.0,0,efficient,outside_schedule_domain,,,,,7.583100000374543e-05,unavailable,,,
shell,29,37,shell,4.0,alternating,8,3,448,48.0,168.0,0,borda,ok,2.0,1.5299117175320927,0.06687453416336586,0.8786479422186868,0.001432233000002725,published_global_clipped_borda,0.0,,
shell,29,38,shell,4.0,alternating,8,3,448,48.0,168.0,0,pl,ok,1.0,1.4625037687166658,0.0,,0.002583147000024155,hunter_mm,,43.0,1.9153694503464588e-11
shell,29,38,shell,4.0,alternating,8,3,448,48.0,168.0,0,mle,ok,2.0,1.5235748195090575,0.06107105079239172,0.839413685151351,0.002736993000013399,exact_subset_dp,,,
shell,29,38,shell,4.0,alternating,8,3,448,48.0,168.0,0,sharp,ok,4.0,1.5237641310047811,0.06126036228811538,0.832968122258636,0.01084260599998288,exact_sieve,0.0,,
shell,29,38,shell,4.0,alternating,8,3,448,48.0,168.0,0,efficient,outside_schedule_domain,,,,,7.820100000799357e-05,unavailable,,,
shell,29,38,shell,4.0,alternating,8,3,448,48.0,168.0,0,borda,ok,1.0,1.5274810902609954,0.06497732154432967,0.832968122258636,0.0014111130000173944,published_global_clipped_borda,0.0,,
shell,29,39,shell,4.0,alternating,8,3,448,48.0,168.0,0,pl,ok,3.0,1.4677787432601606,0.0,,0.003117957000000615,hunter_mm,,55.0,1.163336094123224e-11
shell,29,39,shell,4.0,alternating,8,3,448,48.0,168.0,0,mle,ok,2.0,1.5311991148822757,0.06342037162211511,0.9020007062678247,0.0025991299999930106,exact_subset_dp,,,
shell,29,39,shell,4.0,alternating,8,3,448,48.0,168.0,0,sharp,ok,3.0,1.5672062736543266,0.09942753039416607,0.8556425603777551,0.010381047000009858,exact_sieve,0.0,,
shell,29,39,shell,4.0,alternating,8,3,448,48.0,168.0,0,efficient,outside_schedule_domain,,,,,7.330200000410514e-05,unavailable,,,
shell,29,39,shell,4.0,alternating,8,3,448,48.0,168.0,0,borda,ok,2.0,1.5311991148822757,0.06342037162211511,0.9020007062678247,0.0014337119999936476,published_global_clipped_borda,0.0,,
