part,cell,rep,family,value,shape,n,r,N,lambda_,mu,unseen_items,primary_sm,sm_nll,pl_nll,pair_choice,discovery_pair_sm,discovery_pair_pl,context_choice,context_eligible_cells,context_status,context_observed,context_sm_predicted,context_pl_predicted,pair_selected_nll,pair_regret,pair_correct,context_selected_nll,context_regret,context_correct
shell,0,0,shell,0.0,equal,8,3,28,3.0,10.5,0,mle,1.781312764471645,1.882541205005127,sm,0.6952550537864282,0.7403117896857176,pl,20,ok,0.017080674353934264,0.1096988575207659,0.0,1.781312764471645,0.0,1.0,1.882541205005127,0.10122844053348179,0.0
shell,0,1,shell,0.0,equal,8,3,28,3.0,10.5,0,mle,1.7046167060259363,1.7268389610204005,sm,0.6587247365639824,0.6606932108744948,pl,20,ok,0.017119024549360186,0.11198348902273733,0.0,1.7046167060259363,0.0,1.0,1.7268389610204005,0.022222254994464175,0.0
shell,0,2,shell,0.0,equal,8,3,28,3.0,10.5,0,mle,1.7535483692536125,1.706028058998445,pl,0.668176961715259,0.6353834898916841,pl,20,ok,0.0336115868692362,0.1151490394127623,0.0,1.706028058998445,0.0,1.0,1.706028058998445,0.0,1.0
shell,0,3,shell,0.0,equal,8,3,28,3.0,10.5,0,mle,1.6688116165331721,1.705995542333636,sm,0.6278309119144857,0.6321195248650917,pl,20,ok,0.049378435311026064,0.11198348902273744,0.0,1.6688116165331721,0.0,1.0,1.705995542333636,0.03718392580046381,0.0
shell,0,4,shell,0.0,equal,8,3,28,3.0,10.5,0,mle,1.6969775709009074,1.6761563283300818,pl,0.6485484580055976,0.6405840234207716,pl,20,ok,0.04439998383798645,0.09658332386123053,0.0,1.6761563283300818,0.0,1.0,1.6761563283300818,0.0,1.0
shell,0,5,shell,0.0,equal,8,3,28,3.0,10.5,0,mle,1.7861868525646118,1.6427237648777844,pl,0.6823033654916277,0.6203828142692743,pl,20,ok,-0.03912755573285453,0.09658332386123053,0.0,1.6427237648777844,0.0,1.0,1.6427237648777844,0.0,1.0
shell,0,6,shell,0.0,equal,8,3,28,3.0,10.5,0,mle,1.6495909513574916,2.109669322688629,sm,0.6429573133937345,0.8268528947545328,pl,20,ok,0.04687034433065679,0.10698809686617954,0.0,1.6495909513574916,0.0,1.0,2.109669322688629,0.4600783713311374,0.0
shell,0,7,shell,0.0,equal,8,3,28,3.0,10.5,0,mle,1.5829145612927196,1.7773842517849925,sm,0.6041871158384843,0.6759815111899047,sm,20,ok,0.09438471707670157,0.11198348902273726,0.0,1.5829145612927196,0.0,1.0,1.5829145612927196,0.0,1.0
shell,0,8,shell,0.0,equal,8,3,28,3.0,10.5,0,mle,1.6385652514566955,1.6645017373457698,sm,0.6229973117962881,0.635968827405107,sm,20,ok,0.1162666191279171,0.11621436976736421,0.0,1.6385652514566955,0.0,1.0,1.6385652514566955,0.0,1.0
shell,0,9,shell,0.0,equal,8,3,28,3.0,10.5,0,mle,1.9814796494612463,2.0257370011463642,sm,0.7785800508748405,0.7948561592024261,pl,20,ok,0.03703462270242254,0.11319184697072249,0.0,1.9814796494612463,0.0,1.0,2.0257370011463642,0.04425735168511791,0.0
shell,0,10,shell,0.0,equal,8,3,28,3.0,10.5,0,mle,1.5997261447212843,1.6433213643563493,sm,0.6133510199697773,0.6198153624582787,pl,20,ok,0.03605505049642067,0.10388038723617499,0.0,1.5997261447212843,0.0,1.0,1.6433213643563493,0.043595219635065074,0.0
shell,0,11,shell,0.0,equal,8,3,28,3.0,10.5,0,mle,1.7813127644716449,1.712553961556197,pl,0.6796789500873426,0.6554346376991136,pl,20,ok,0.020384700757240234,0.10969885752076593,0.0,1.712553961556197,0.0,1.0,1.712553961556197,0.0,1.0
shell,0,12,shell,0.0,equal,8,3,28,3.0,10.5,0,mle,1.660339039872124,1.977309427977608,sm,0.6547972794838508,0.8031322526341566,sm,20,ok,0.07835844141299586,0.11586524632099336,0.0,1.660339039872124,0.0,1.0,1.660339039872124,0.0,1.0
shell,0,13,shell,0.0,equal,8,3,28,3.0,10.5,0,mle,1.6222913698492145,1.6212729931968175,pl,0.6308333186523293,0.6277813071773183,sm,20,ok,0.0796529346010298,0.11198348902273751,0.0,1.6212729931968175,0.0,1.0,1.6222913698492145,0.0010183766523970128,0.0
shell,0,14,shell,0.0,equal,8,3,28,3.0,10.5,0,mle,1.6607610831933661,1.675922257079889,sm,0.6229246597529332,0.6319369171826925,pl,20,ok,0.036447265887379315,0.10040337704421266,0.0,1.6607610831933661,0.0,1.0,1.675922257079889,0.015161173886522938,0.0
shell,0,15,shell,0.0,equal,8,3,28,3.0,10.5,0,mle,1.6050936693141018,1.6516825833235522,sm,0.6324120288649501,0.6485061094887201,sm,20,ok,0.10268036847825879,0.11514903941276235,0.0,1.6050936693141018,0.0,1.0,1.6050936693141018,0.0,1.0
shell,0,16,shell,0.0,equal,8,3,28,3.0,10.5,0,mle,1.6344367828841677,1.6429687962913424,pl,0.6359398970119372,0.6339326970082466,sm,20,ok,0.06941928156579517,0.11381112446842778,0.0,1.6429687962913424,0.008532013407174688,0.0,1.6344367828841677,0.0,1.0
shell,0,17,shell,0.0,equal,8,3,28,3.0,10.5,0,mle,1.6344367828841677,1.6668733263421647,sm,0.6243030685528872,0.6361108403782729,pl,20,ok,0.04664612738827745,0.11381112446842767,0.0,1.6344367828841677,0.0,1.0,1.6668733263421647,0.03243654345799696,0.0
shell,0,18,shell,0.0,equal,8,3,28,3.0,10.5,0,mle,1.6385652514566955,1.8367573833586848,sm,0.6360820059984071,0.698619187695771,pl,20,ok,0.05402673942645537,0.11621436976736409,0.0,1.6385652514566955,0.0,1.0,1.8367573833586848,0.19819213190198925,0.0
shell,0,19,shell,0.0,equal,8,3,28,3.0,10.5,0,mle,1.9060073682852245,1.8067073044495965,pl,0.74527600364383,0.6971056670935795,pl,20,ok,0.022409975204684768,0.1151490394127623,0.0,1.8067073044495965,0.0,1.0,1.8067073044495965,0.0,1.0
shell,0,20,shell,0.0,equal,8,3,28,3.0,10.5,0,mle,1.6935779844239678,1.9148247318365996,sm,0.6374236503532557,0.7312336087730502,pl,20,ok,0.052021931179042295,0.10969885752076587,0.0,1.6935779844239678,0.0,1.0,1.9148247318365996,0.22124674741263184,0.0
shell,0,21,shell,0.0,equal,8,3,28,3.0,10.5,0,mle,1.6973896374536068,1.830230158170523,sm,0.6561585357710317,0.7123895725910016,sm,20,ok,0.0887959975077342,0.11514903941276232,0.0,1.6973896374536068,0.0,1.0,1.6973896374536068,0.0,1.0
shell,0,22,shell,0.0,equal,8,3,28,3.0,10.5,0,mle,1.6222913698492145,1.6425477829091728,pl,0.625310622169755,0.6248075293554619,pl,20,ok,0.054709168544426846,0.11198348902273736,0.0,1.6425477829091728,0.02025641305995829,0.0,1.6425477829091728,0.02025641305995829,0.0
shell,0,23,shell,0.0,equal,8,3,28,3.0,10.5,0,mle,1.6344367828841677,1.9449341454209925,sm,0.6379647330589774,0.7719976566035978,sm,20,ok,0.06602912928729011,0.11381112446842778,0.0,1.6344367828841677,0.0,1.0,1.6344367828841677,0.0,1.0
shell,0,24,shell,0.0,equal,8,3,28,3.0,10.5,0,mle,1.8164157192647639,1.7762205217651474,pl,0.6795273496662019,0.6687670001502992,pl,20,ok,0.0024704807075987506,0.11381112446842767,0.0,1.7762205217651474,0.0,1.0,1.7762205217651474,0.0,1.0
shell,0,25,shell,0.0,equal,8,3,28,3.0,10.5,0,mle,1.630856431468311,,abstain,0.6153274257111593,,abstain,0,fit_unavailable,,,,,,,,,
shell,0,26,shell,0.0,equal,8,3,28,3.0,10.5,0,mle,1.7431318449068425,1.7205470144067494,pl,0.6670960861348721,0.6571207781243371,pl,20,ok,0.016677986238794944,0.10388038723617488,0.0,1.7205470144067494,0.0,1.0,1.7205470144067494,0.0,1.0
shell,0,27,shell,0.0,equal,8,3,28,3.0,10.5,0,mle,1.6917413362777878,1.729236279690298,sm,0.6489958049076058,0.6644418210342501,sm,20,ok,0.07496903656004598,0.0965833238612304,0.0,1.6917413362777878,0.0,1.0,1.6917413362777878,0.0,1.0
shell,0,28,shell,0.0,equal,8,3,28,3.0,10.5,0,mle,1.7336265310610646,1.8136006679265582,sm,0.6626417767044611,0.7068284124069406,pl,20,ok,0.01221150808540271,0.10040337704421268,0.0,1.7336265310610646,0.0,1.0,1.8136006679265582,0.0799741368654936,0.0
shell,0,29,shell,0.0,equal,8,3,28,3.0,10.5,0,mle,1.6432478432438216,1.706385989194652,sm,0.619259443611297,0.6342392233591192,pl,20,ok,0.04984868253681257,0.1069880968661794,0.0,1.6432478432438216,0.0,1.0,1.706385989194652,0.06313814595083045,0.0
shell,0,30,shell,0.0,equal,8,3,28,3.0,10.5,0,mle,1.858126984680756,1.7070497040412236,pl,0.713901233591288,0.6457879496119476,pl,20,ok,-0.01663358021847586,0.11381112446842777,0.0,1.7070497040412236,0.0,1.0,1.7070497040412236,0.0,1.0
shell,0,31,shell,0.0,equal,8,3,28,3.0,10.5,0,mle,1.6355775697676738,1.6576481938824632,pl,0.6317146197107676,0.6283022315492127,sm,20,ok,0.07663834708624453,0.10388038723617485,0.0,1.6576481938824632,0.02207062411478944,0.0,1.6355775697676738,0.0,1.0
shell,0,32,shell,0.0,equal,8,3,28,3.0,10.5,0,mle,1.7938907912811353,1.6980264165361447,pl,0.6813622072586757,0.6443569715375111,pl,20,ok,0.023451057665992446,0.10388038723617478,0.0,1.6980264165361447,0.0,1.0,1.6980264165361447,0.0,1.0
shell,0,33,shell,0.0,equal,8,3,28,3.0,10.5,0,mle,1.5658139812286889,1.6227733382078766,sm,0.6015920813892931,0.618736658765219,sm,20,ok,0.08923983773919905,0.0965833238612305,0.0,1.5658139812286889,0.0,1.0,1.5658139812286889,0.0,1.0
shell,0,34,shell,0.0,equal,8,3,28,3.0,10.5,0,mle,1.665239897469441,1.6739745422869925,pl,0.6354893034766425,0.6326648470584199,pl,20,ok,0.006871427542639601,0.11198348902273736,0.0,1.6739745422869925,0.008734644817551596,0.0,1.6739745422869925,0.008734644817551596,0.0
shell,0,35,shell,0.0,equal,8,3,28,3.0,10.5,0,mle,1.8251801544954835,1.7081395773871422,pl,0.7249571312929103,0.6745498718276629,pl,20,ok,-0.00530516879187587,0.10969885752076591,0.0,1.7081395773871422,0.0,1.0,1.7081395773871422,0.0,1.0
shell,0,36,shell,0.0,equal,8,3,28,3.0,10.5,0,mle,1.7415354719773088,1.7149488748730908,pl,0.6804098343889214,0.663711886514604,pl,20,ok,0.036474342171313665,0.1151490394127623,0.0,1.7149488748730908,0.0,1.0,1.7149488748730908,0.0,1.0
shell,0,37,shell,0.0,equal,8,3,28,3.0,10.5,0,mle,1.5990845230804747,1.6601178453950232,sm,0.6034198534171198,0.6308501376488611,sm,20,ok,0.06967840886220004,0.10040337704421264,0.0,1.5990845230804747,0.0,1.0,1.5990845230804747,0.0,1.0
shell,0,38,shell,0.0,equal,8,3,28,3.0,10.5,0,mle,1.873260859397382,1.8192602838771186,pl,0.7320925387649188,0.7049518682676822,pl,20,ok,-0.0049563988886139835,0.11381112446842771,0.0,1.8192602838771186,0.0,1.0,1.8192602838771186,0.0,1.0
shell,0,39,shell,0.0,equal,8,3,28,3.0,10.5,0,mle,1.6327200250756224,1.7730742086793057,sm,0.6293193757664556,0.6883163890928373,pl,20,ok,0.04659717834945039,0.1004033770442126,0.0,1.6327200250756224,0.0,1.0,1.7730742086793057,0.14035418360368324,0.0
shell,1,0,shell,0.0,equal,8,3,112,12.0,42.0,0,mle,1.5339762321498367,1.6242123857937565,sm,0.559638621054313,0.6016213813742386,sm,20,ok,0.1236633426790687,0.10304470818968992,0.0,1.5339762321498367,0.0,1.0,1.5339762321498367,0.0,1.0
shell,1,1,shell,0.0,equal,8,3,112,12.0,42.0,0,mle,1.5489232533469899,1.6412591286943203,sm,0.597453251681827,0.6301254058713709,sm,20,ok,0.1088220708775077,0.11339881515370812,0.0,1.5489232533469899,0.0,1.0,1.5489232533469899,0.0,1.0
shell,1,2,shell,0.0,equal,8,3,112,12.0,42.0,0,mle,1.5656306680442396,1.6003991005455749,sm,0.5952335103869298,0.6105863446966519,sm,20,ok,0.08842163975674489,0.10130579303837713,0.0,1.5656306680442396,0.0,1.0,1.5656306680442396,0.0,1.0
shell,1,3,shell,0.0,equal,8,3,112,12.0,42.0,0,mle,1.5355719705512092,1.628775544113775,sm,0.5787804817133173,0.6126536185002918,sm,20,ok,0.12327092101000064,0.09853464046649044,0.0,1.5355719705512092,0.0,1.0,1.5355719705512092,0.0,1.0
shell,1,4,shell,0.0,equal,8,3,112,12.0,42.0,0,mle,1.5532586310874401,1.6435368029786313,sm,0.6070836806556859,0.626445555497595,sm,20,ok,0.08182466811785385,0.11419283623038408,0.0,1.5532586310874401,0.0,1.0,1.5532586310874401,0.0,1.0
shell,1,5,shell,0.0,equal,8,3,112,12.0,42.0,0,mle,1.5659246154498092,1.592943043653213,sm,0.5807150065986852,0.5818331903958608,sm,20,ok,0.05500673101435381,0.10218637257711385,0.0,1.5659246154498092,0.0,1.0,1.5659246154498092,0.0,1.0
shell,1,6,shell,0.0,equal,8,3,112,12.0,42.0,0,mle,1.5532586310874401,1.6735271205021807,sm,0.5892370631623244,0.6263343028360672,sm,20,ok,0.09856864611564979,0.1141928362303841,0.0,1.5532586310874401,0.0,1.0,1.5532586310874401,0.0,1.0
shell,1,7,shell,0.0,equal,8,3,112,12.0,42.0,0,mle,1.6016237834698637,1.6324717590011142,sm,0.6099126842316559,0.6206029410152748,sm,20,ok,0.06826015026343754,0.10304470818968998,0.0,1.6016237834698637,0.0,1.0,1.6016237834698637,0.0,1.0
shell,1,8,shell,0.0,equal,8,3,112,12.0,42.0,0,mle,1.5340780383675818,1.6005923494662304,sm,0.5722760353786445,0.6006055291772024,sm,20,ok,0.1195414898584264,0.10218637257711385,0.0,1.5340780383675818,0.0,1.0,1.5340780383675818,0.0,1.0
shell,1,9,shell,0.0,equal,8,3,112,12.0,42.0,0,mle,1.6810110037610957,1.6211237298500363,pl,0.6405928818770157,0.6064685673945894,pl,20,ok,0.04601182502636186,0.10304470818968982,0.0,1.6211237298500363,0.0,1.0,1.6211237298500363,0.0,1.0
shell,1,10,shell,0.0,equal,8,3,112,12.0,42.0,0,mle,1.5346107410288816,1.6009336166603818,sm,0.5893087780140929,0.6070314615935883,sm,20,ok,0.09855509547114628,0.10040337704421265,0.0,1.5346107410288816,0.0,1.0,1.5346107410288816,0.0,1.0
shell,1,11,shell,0.0,equal,8,3,112,12.0,42.0,0,mle,1.5694823901765331,1.6028739325517531,sm,0.6005483963430602,0.6139435498807063,sm,20,ok,0.09746394529949572,0.09026439942903992,0.0,1.5694823901765331,0.0,1.0,1.5694823901765331,0.0,1.0
shell,1,12,shell,0.0,equal,8,3,112,12.0,42.0,0,mle,1.5717207600291605,1.6292983896425797,sm,0.5964402548848502,0.6155637098281973,sm,20,ok,0.07887424605055345,0.0731743753126642,0.0,1.5717207600291605,0.0,1.0,1.5717207600291605,0.0,1.0
shell,1,13,shell,0.0,equal,8,3,112,12.0,42.0,0,mle,1.5469822859365583,1.6056588530914908,sm,0.5783082428629671,0.5951246068352393,sm,20,ok,0.09620969162449919,0.11295643087554835,0.0,1.5469822859365583,0.0,1.0,1.5469822859365583,0.0,1.0
shell,1,14,shell,0.0,equal,8,3,112,12.0,42.0,0,mle,1.599814051350986,1.6077898291588202,sm,0.6134470072940453,0.6177674991340679,sm,20,ok,0.06501245924843145,0.10130579303837721,0.0,1.599814051350986,0.0,1.0,1.599814051350986,0.0,1.0
shell,1,15,shell,0.0,equal,8,3,112,12.0,42.0,0,mle,1.6616020521428545,1.6155166664781413,pl,0.6315904293854445,0.5975863506160546,pl,20,ok,0.01827826256333719,0.0955776652414191,0.0,1.6155166664781413,0.0,1.0,1.6155166664781413,0.0,1.0
shell,1,16,shell,0.0,equal,8,3,112,12.0,42.0,0,mle,1.580835666411501,1.6414881673313535,sm,0.5910146436378464,0.606596247733335,sm,20,ok,0.06209066786157882,0.11145393841719584,0.0,1.580835666411501,0.0,1.0,1.580835666411501,0.0,1.0
shell,1,17,shell,0.0,equal,8,3,112,12.0,42.0,0,mle,1.5851398184288739,1.634317029188401,sm,0.6079692332740528,0.6269203749097497,sm,20,ok,0.10638156833642737,0.11248448643334502,0.0,1.5851398184288739,0.0,1.0,1.5851398184288739,0.0,1.0
shell,1,18,shell,0.0,equal,8,3,112,12.0,42.0,0,mle,1.5357775860992184,1.6046225898390154,sm,0.5935421537727982,0.6189782632803217,sm,20,ok,0.10599127563733032,0.10770411352989498,0.0,1.5357775860992184,0.0,1.0,1.5357775860992184,0.0,1.0
shell,1,19,shell,0.0,equal,8,3,112,12.0,42.0,0,mle,1.5949143376087997,1.6157785264971118,sm,0.6009338461920957,0.6112929972432036,sm,20,ok,0.05950702868157652,0.09756911007873542,0.0,1.5949143376087997,0.0,1.0,1.5949143376087997,0.0,1.0
shell,1,20,shell,0.0,equal,8,3,112,12.0,42.0,0,mle,1.576669768764042,1.6340031674758915,sm,0.5919473794604735,0.6161944312940407,sm,20,ok,0.08556843966773074,0.08330924158594226,0.0,1.576669768764042,0.0,1.0,1.576669768764042,0.0,1.0
shell,1,21,shell,0.0,equal,8,3,112,12.0,42.0,0,mle,1.5469822859365583,1.5985782524451273,sm,0.6098563438520886,0.6257494060097067,sm,20,ok,0.09043837816102022,0.11295643087554827,0.0,1.5469822859365583,0.0,1.0,1.5469822859365583,0.0,1.0
shell,1,22,shell,0.0,equal,8,3,112,12.0,42.0,0,mle,1.6161985734780444,1.6659981269160722,sm,0.6108529165957935,0.6315114884699878,sm,20,ok,0.11894474500154703,0.11581026248723719,0.0,1.6161985734780444,0.0,1.0,1.6161985734780444,0.0,1.0
shell,1,23,shell,0.0,equal,8,3,112,12.0,42.0,0,mle,1.5340780383675818,1.6090476346225986,sm,0.5768147440926584,0.6074283262481612,sm,20,ok,0.0970959336717978,0.1021863725771139,0.0,1.5340780383675818,0.0,1.0,1.5340780383675818,0.0,1.0
shell,1,24,shell,0.0,equal,8,3,112,12.0,42.0,0,mle,1.6373009061289117,1.6437069767629193,pl,0.6331932137996495,0.6312124725148092,sm,20,ok,0.059565482413715974,0.10469299178080595,0.0,1.6437069767629193,0.006406070634007666,0.0,1.6373009061289117,0.0,1.0
shell,1,25,shell,0.0,equal,8,3,112,12.0,42.0,0,mle,1.5435377527362242,1.6064933877161376,sm,0.5873587679898922,0.6030986157552636,sm,20,ok,0.0976172504243794,0.11198348902273741,0.0,1.5435377527362242,0.0,1.0,1.5435377527362242,0.0,1.0
shell,1,26,shell,0.0,equal,8,3,112,12.0,42.0,0,mle,1.5340780383675818,1.6024962905121456,sm,0.5771811770684453,0.6091050381478321,sm,20,ok,0.11988661047014568,0.10218637257711377,0.0,1.5340780383675818,0.0,1.0,1.5340780383675818,0.0,1.0
shell,1,27,shell,0.0,equal,8,3,112,12.0,42.0,0,mle,1.6917413362777876,1.626443451476708,pl,0.6549550555792618,0.6237147715709698,pl,20,ok,0.01525774439554025,0.09658332386123035,0.0,1.626443451476708,0.0,1.0,1.626443451476708,0.0,1.0
shell,1,28,shell,0.0,equal,8,3,112,12.0,42.0,0,mle,1.590041983591995,1.6271381383803003,sm,0.6158220334852265,0.63032837981779,sm,20,ok,0.0834137320080971,0.11339881515370802,0.0,1.590041983591995,0.0,1.0,1.590041983591995,0.0,1.0
shell,1,29,shell,0.0,equal,8,3,112,12.0,42.0,0,mle,1.5669093923707476,1.658482533577728,sm,0.5909000024484039,0.6248648727791792,sm,20,ok,0.12417642051248669,0.11562357134760057,0.0,1.5669093923707476,0.0,1.0,1.5669093923707476,0.0,1.0
shell,1,30,shell,0.0,equal,8,3,112,12.0,42.0,0,mle,1.5663325491884497,1.6377098471331166,sm,0.5966911366068705,0.6204620143101247,sm,20,ok,0.10606600434203824,0.10304470818968987,0.0,1.5663325491884497,0.0,1.0,1.5663325491884497,0.0,1.0
shell,1,31,shell,0.0,equal,8,3,112,12.0,42.0,0,mle,1.542028172076602,1.6208292602948415,sm,0.5934177101290188,0.605531873782785,sm,20,ok,0.07580576584264012,0.11145393841719584,0.0,1.542028172076602,0.0,1.0,1.542028172076602,0.0,1.0
shell,1,32,shell,0.0,equal,8,3,112,12.0,42.0,0,mle,1.5654490210853274,1.614965458740234,sm,0.6094710597255542,0.6244709349714945,sm,20,ok,0.06588460898955747,0.10040337704421268,0.0,1.5654490210853274,0.0,1.0,1.5654490210853274,0.0,1.0
shell,1,33,shell,0.0,equal,8,3,112,12.0,42.0,0,mle,1.5339863031596663,1.6000118628960298,sm,0.5871328643700052,0.6121002449059975,sm,20,ok,0.12288730508606376,0.10388038723617499,0.0,1.5339863031596663,0.0,1.0,1.5339863031596663,0.0,1.0
shell,1,34,shell,0.0,equal,8,3,112,12.0,42.0,0,mle,1.7311704761900315,1.6727858301321314,pl,0.6729075394176072,0.6377976730228696,pl,20,ok,0.04325321189407862,0.11295643087554828,0.0,1.6727858301321314,0.0,1.0,1.6727858301321314,0.0,1.0
shell,1,35,shell,0.0,equal,8,3,112,12.0,42.0,0,mle,1.5949143376087997,1.6081132884770337,pl,0.6048565050234813,0.6017449703952766,pl,20,ok,0.03436993214212222,0.09756911007873548,0.0,1.6081132884770337,0.013198950868233972,0.0,1.6081132884770337,0.013198950868233972,0.0
shell,1,36,shell,0.0,equal,8,3,112,12.0,42.0,0,mle,1.6052430920486707,1.6484631544165014,sm,0.602594802480681,0.6173241913719424,sm,20,ok,0.0676237490216589,0.10548209846241705,0.0,1.6052430920486707,0.0,1.0,1.6052430920486707,0.0,1.0
shell,1,37,shell,0.0,equal,8,3,112,12.0,42.0,0,mle,1.5406565801865868,1.6208682585541625,sm,0.5798687333454716,0.6061310241241358,sm,20,ok,0.1361975781593931,0.11089632714505597,0.0,1.5406565801865868,0.0,1.0,1.5406565801865868,0.0,1.0
shell,1,38,shell,0.0,equal,8,3,112,12.0,42.0,0,mle,1.5339762321498367,1.617808600378488,sm,0.5841309641089936,0.6088112848443549,sm,20,ok,0.1099203118133505,0.10304470818968989,0.0,1.5339762321498367,0.0,1.0,1.5339762321498367,0.0,1.0
shell,1,39,shell,0.0,equal,8,3,112,12.0,42.0,0,mle,1.536950259777974,1.6218796669872095,sm,0.5763117847744529,0.6144841540556729,sm,20,ok,0.1056033599812126,0.09658332386123047,0.0,1.536950259777974,0.0,1.0,1.536950259777974,0.0,1.0
shell,2,0,shell,0.0,equal,8,3,448,48.0,168.0,0,mle,1.5339863031596663,1.5890991436123103,sm,0.5949018133685201,0.6099922583106081,sm,20,ok,0.09949301701537981,0.10388038723617479,0.0,1.5339863031596663,0.0,1.0,1.5339863031596663,0.0,1.0
shell,2,1,shell,0.0,equal,8,3,448,48.0,168.0,0,mle,1.5377924667081233,1.589821402974582,sm,0.5898839802637792,0.6071677528062263,sm,20,ok,0.07266993657591575,0.09557766524141913,0.0,1.5377924667081233,0.0,1.0,1.5377924667081233,0.0,1.0
shell,2,2,shell,0.0,equal,8,3,448,48.0,168.0,0,mle,1.5339863031596663,1.588579680385472,sm,0.581260267683292,0.5982922106557528,sm,20,ok,0.10628715088079058,0.10388038723617488,0.0,1.5339863031596663,0.0,1.0,1.5339863031596663,0.0,1.0
shell,2,3,shell,0.0,equal,8,3,448,48.0,168.0,0,mle,1.5378138267899102,1.5975351844975898,sm,0.5889422743697905,0.6146888408571847,sm,20,ok,0.11206706299073307,0.10938270240327083,0.0,1.5378138267899102,0.0,1.0,1.5378138267899102,0.0,1.0
shell,2,4,shell,0.0,equal,8,3,448,48.0,168.0,0,mle,1.5340338274539824,1.5922349884063791,sm,0.5791248686699303,0.6021425661968454,sm,20,ok,0.09832143254781743,0.1042896001525982,0.0,1.5340338274539824,0.0,1.0,1.5340338274539824,0.0,1.0
shell,2,5,shell,0.0,equal,8,3,448,48.0,168.0,0,mle,1.5342900700105795,1.5891771542233755,sm,0.5763213691121205,0.5933115828837705,sm,20,ok,0.08609193877670193,0.10130579303837717,0.0,1.5342900700105795,0.0,1.0,1.5342900700105795,0.0,1.0
shell,2,6,shell,0.0,equal,8,3,448,48.0,168.0,0,mle,1.5339863031596663,1.5884440351398874,sm,0.5725249911602931,0.5895460907235854,sm,20,ok,0.10795721720374281,0.10388038723617488,0.0,1.5339863031596663,0.0,1.0,1.5339863031596663,0.0,1.0
shell,2,7,shell,0.0,equal,8,3,448,48.0,168.0,0,mle,1.5343490291960298,1.5858297092965121,sm,0.5685248088690645,0.5864549779424192,sm,20,ok,0.06834954640965452,0.10548209846241705,0.0,1.5343490291960298,0.0,1.0,1.5343490291960298,0.0,1.0
shell,2,8,shell,0.0,equal,8,3,448,48.0,168.0,0,mle,1.5345124089638156,1.591954213051066,sm,0.5810618008715224,0.5998467169342622,sm,20,ok,0.10492056572898022,0.10586770628814816,0.0,1.5345124089638156,0.0,1.0,1.5345124089638156,0.0,1.0
shell,2,9,shell,0.0,equal,8,3,448,48.0,168.0,0,mle,1.5346107410288816,1.5948314480099415,sm,0.5837637770984873,0.6012571704004155,sm,20,ok,0.08489615762618478,0.10040337704421265,0.0,1.5346107410288816,0.0,1.0,1.5346107410288816,0.0,1.0
shell,2,10,shell,0.0,equal,8,3,448,48.0,168.0,0,mle,1.5375745234336329,1.6035001409670864,sm,0.5838322475108987,0.6020159113689182,sm,20,ok,0.09908017512074639,0.10922214705593522,0.0,1.5375745234336329,0.0,1.0,1.5375745234336329,0.0,1.0
shell,2,11,shell,0.0,equal,8,3,448,48.0,168.0,0,mle,1.534605165986218,1.5897187932096846,sm,0.5942766838789989,0.6123084763345388,sm,20,ok,0.10970069439294866,0.10605825019210655,0.0,1.534605165986218,0.0,1.0,1.534605165986218,0.0,1.0
shell,2,12,shell,0.0,equal,8,3,448,48.0,168.0,0,mle,1.5347053416843068,1.592013322602155,sm,0.5947913776213808,0.6198047878037518,sm,20,ok,0.12146679161681818,0.1062472783618382,0.0,1.5347053416843068,0.0,1.0,1.5347053416843068,0.0,1.0
shell,2,13,shell,0.0,equal,8,3,448,48.0,168.0,0,mle,1.5371513348681547,1.5936291245778698,sm,0.5804388597543143,0.5995157390588899,sm,20,ok,0.09474437437381451,0.09633375736533872,0.0,1.5371513348681547,0.0,1.0,1.5371513348681547,0.0,1.0
shell,2,14,shell,0.0,equal,8,3,448,48.0,168.0,0,mle,1.5362096633821474,1.596264012053208,sm,0.5789410498428602,0.5916808867009459,sm,20,ok,0.06785425793492551,0.09756911007873546,0.0,1.5362096633821474,0.0,1.0,1.5362096633821474,0.0,1.0
shell,2,15,shell,0.0,equal,8,3,448,48.0,168.0,0,mle,1.5355719705512092,1.5906743486578692,sm,0.5788960780129405,0.5998465659970085,sm,20,ok,0.10915196278627794,0.09853464046649044,0.0,1.5355719705512092,0.0,1.0,1.5355719705512092,0.0,1.0
shell,2,16,shell,0.0,equal,8,3,448,48.0,168.0,0,mle,1.5341099716531548,1.5861439482204536,sm,0.5783580888706474,0.59458839871492,sm,20,ok,0.10670496212315812,0.10469299178080607,0.0,1.5341099716531548,0.0,1.0,1.5341099716531548,0.0,1.0
shell,2,17,shell,0.0,equal,8,3,448,48.0,168.0,0,mle,1.5671620320403494,1.5858506950540785,sm,0.5999888293578318,0.608746018468436,sm,20,ok,0.08623988945309996,0.1042896001525983,0.0,1.5671620320403494,0.0,1.0,1.5671620320403494,0.0,1.0
shell,2,18,shell,0.0,equal,8,3,448,48.0,168.0,0,mle,1.534707703872927,1.5959573946325696,sm,0.5907726125512983,0.6172009595858169,sm,20,ok,0.12300298945579417,0.10017440836784958,0.0,1.534707703872927,0.0,1.0,1.534707703872927,0.0,1.0
shell,2,19,shell,0.0,equal,8,3,448,48.0,168.0,0,mle,1.5343490291960298,1.5961340351503344,sm,0.5859695459560337,0.6011098887173769,sm,20,ok,0.08762427940523802,0.10548209846241706,0.0,1.5343490291960298,0.0,1.0,1.5343490291960298,0.0,1.0
shell,2,20,shell,0.0,equal,8,3,448,48.0,168.0,0,mle,1.5354287826892363,1.5914827889809566,sm,0.5914570522224205,0.6141556298549199,sm,20,ok,0.13099532408028286,0.0987728127229249,0.0,1.5354287826892363,0.0,1.0,1.5354287826892363,0.0,1.0
shell,2,21,shell,0.0,equal,8,3,448,48.0,168.0,0,mle,1.534811338010384,1.58866440312684,sm,0.5734825681254786,0.593199960886981,sm,20,ok,0.12519867043721947,0.09994410632801641,0.0,1.534811338010384,0.0,1.0,1.534811338010384,0.0,1.0
shell,2,22,shell,0.0,equal,8,3,448,48.0,168.0,0,mle,1.534006501777212,1.5862805480029079,sm,0.5882527239231148,0.5966494252376322,sm,20,ok,0.06538723645126428,0.10408571805069883,0.0,1.534006501777212,0.0,1.0,1.534006501777212,0.0,1.0
shell,2,23,shell,0.0,equal,8,3,448,48.0,168.0,0,mle,1.534921620483799,1.5971960933909957,sm,0.5740173768837429,0.5974610787536118,sm,20,ok,0.10638969116629454,0.09971247714496384,0.0,1.534921620483799,0.0,1.0,1.534921620483799,0.0,1.0
shell,2,24,shell,0.0,equal,8,3,448,48.0,168.0,0,mle,1.5360405412795664,1.593897065818079,sm,0.5834947972805699,0.6092440663346854,sm,20,ok,0.14626241792743347,0.09781240673705738,0.0,1.5360405412795664,0.0,1.0,1.5360405412795664,0.0,1.0
shell,2,25,shell,0.0,equal,8,3,448,48.0,168.0,0,mle,1.5340132554149053,1.5889024363962276,sm,0.5769192499804536,0.6011725683984499,sm,20,ok,0.12628705282933153,0.10261834654154463,0.0,1.5340132554149053,0.0,1.0,1.5340132554149053,0.0,1.0
shell,2,26,shell,0.0,equal,8,3,448,48.0,168.0,0,mle,1.534360113371134,1.5884906456222883,sm,0.5883401944566761,0.5988170022907845,sm,20,ok,0.07191709775942626,0.10108222040250835,0.0,1.534360113371134,0.0,1.0,1.534360113371134,0.0,1.0
shell,2,27,shell,0.0,equal,8,3,448,48.0,168.0,0,mle,1.5356169242336135,1.5864534692675547,sm,0.5850825222853986,0.5980156607445404,sm,20,ok,0.0850181466350063,0.1075274588466759,0.0,1.5356169242336135,0.0,1.0,1.5356169242336135,0.0,1.0
shell,2,28,shell,0.0,equal,8,3,448,48.0,168.0,0,mle,1.5347053416843068,1.5946287554139544,sm,0.581943307556701,0.6143100921656997,sm,20,ok,0.12565681480752797,0.10624727836183807,0.0,1.5347053416843068,0.0,1.0,1.5347053416843068,0.0,1.0
shell,2,29,shell,0.0,equal,8,3,448,48.0,168.0,0,mle,1.534605165986218,1.5960039456793262,sm,0.580045984434676,0.6061802743503617,sm,20,ok,0.13066365466194982,0.10605825019210656,0.0,1.534605165986218,0.0,1.0,1.534605165986218,0.0,1.0
shell,2,30,shell,0.0,equal,8,3,448,48.0,168.0,0,mle,1.534214961953606,1.5867693979440123,sm,0.5753381904253801,0.5976412118452095,sm,20,ok,0.13016318793962148,0.1050905090300965,0.0,1.534214961953606,0.0,1.0,1.534214961953606,0.0,1.0
shell,2,31,shell,0.0,equal,8,3,448,48.0,168.0,0,mle,1.5445477614672183,1.5985708244706758,sm,0.5825708160463501,0.6020108723396054,sm,20,ok,0.10456877786071683,0.08942822300461359,0.0,1.5445477614672183,0.0,1.0,1.5445477614672183,0.0,1.0
shell,2,32,shell,0.0,equal,8,3,448,48.0,168.0,0,mle,1.5340780383675818,1.590074790602963,sm,0.5772912945656933,0.5884461927294028,sm,20,ok,0.09625198625102602,0.10218637257711372,0.0,1.5340780383675818,0.0,1.0,1.5340780383675818,0.0,1.0
shell,2,33,shell,0.0,equal,8,3,448,48.0,168.0,0,mle,1.533967177122373,1.588275956620631,sm,0.5803038010257087,0.5988668613602959,sm,20,ok,0.10864442443919804,0.10346540577905393,0.0,1.533967177122373,0.0,1.0,1.533967177122373,0.0,1.0
shell,2,34,shell,0.0,equal,8,3,448,48.0,168.0,0,mle,1.5400526007411766,1.5901653095230808,sm,0.5751283074675789,0.5920530474154625,sm,20,ok,0.10714121376848322,0.09324423073051524,0.0,1.5400526007411766,0.0,1.0,1.5400526007411766,0.0,1.0
shell,2,35,shell,0.0,equal,8,3,448,48.0,168.0,0,mle,1.534158846723167,1.5905121131219149,sm,0.6007227668488604,0.6207506735257101,sm,20,ok,0.11828098801194022,0.10489248803450413,0.0,1.534158846723167,0.0,1.0,1.534158846723167,0.0,1.0
shell,2,36,shell,0.0,equal,8,3,448,48.0,168.0,0,mle,1.5359459557545811,1.589095576289311,sm,0.5828104857645995,0.6028145844327885,sm,20,ok,0.10349060073157976,0.10787919022668001,0.0,1.5359459557545811,0.0,1.0,1.5359459557545811,0.0,1.0
shell,2,37,shell,0.0,equal,8,3,448,48.0,168.0,0,mle,1.5367555350908777,1.5956310592952065,sm,0.6023810380748144,0.6211272587582616,sm,20,ok,0.10366895677176671,0.09683164835378495,0.0,1.5367555350908777,0.0,1.0,1.5367555350908777,0.0,1.0
shell,2,38,shell,0.0,equal,8,3,448,48.0,168.0,0,mle,1.539243596602142,1.5986928448523412,sm,0.5969093622019264,0.6115263915842145,sm,20,ok,0.094241372802808,0.09403274434021971,0.0,1.539243596602142,0.0,1.0,1.539243596602142,0.0,1.0
shell,2,39,shell,0.0,equal,8,3,448,48.0,168.0,0,mle,1.533968195405972,1.5935547294211534,sm,0.5907225479263186,0.6133508570365769,sm,20,ok,0.1182509657312762,0.10325576823850711,0.0,1.533968195405972,0.0,1.0,1.533968195405972,0.0,1.0
shell,3,0,shell,0.5,equal,8,3,28,3.0,10.5,0,mle,1.7755017307807948,,abstain,0.6812798169639966,,abstain,0,fit_unavailable,,,,,,,,,
shell,3,1,shell,0.5,equal,8,3,28,3.0,10.5,0,mle,1.9194761278958046,1.9334952406994441,pl,0.7618931490560215,0.7584601727237381,pl,20,ok,-0.02785551777559696,0.11621436976736405,0.0,1.9334952406994441,0.014019112803639544,0.0,1.9334952406994441,0.014019112803639544,0.0
shell,3,2,shell,0.5,equal,8,3,28,3.0,10.5,0,mle,1.7358690561904684,1.6767943145128517,pl,0.6862401816311363,0.6617909885158327,pl,20,ok,0.04127245650612008,0.11621436976736403,0.0,1.6767943145128517,0.0,1.0,1.6767943145128517,0.0,1.0
shell,3,3,shell,0.5,equal,8,3,28,3.0,10.5,0,mle,1.7610543215698948,1.6880149283916972,pl,0.6886239978823101,0.6510672929456687,pl,20,ok,0.01473123697206127,0.11514903941276228,0.0,1.6880149283916972,0.0,1.0,1.6880149283916972,0.0,1.0
shell,3,4,shell,0.5,equal,8,3,28,3.0,10.5,0,mle,1.5839174893785306,1.5924888987695913,sm,0.586145328967601,0.5899773133299633,sm,20,ok,0.061970615397341486,0.09658332386123043,0.0,1.5839174893785306,0.0,1.0,1.5839174893785306,0.0,1.0
shell,3,5,shell,0.5,equal,8,3,28,3.0,10.5,0,mle,1.7838446827647592,1.6946479641364358,pl,0.6897398382096664,0.6475724336262821,pl,20,ok,0.03639878149974141,0.07835604919304627,0.0,1.6946479641364358,0.0,1.0,1.6946479641364358,0.0,1.0
shell,3,6,shell,0.5,equal,8,3,28,3.0,10.5,0,mle,1.6259437868561981,1.6517323662685222,sm,0.6295396588973476,0.6486006069277936,sm,20,ok,0.08596116164071622,0.11621436976736407,0.0,1.6259437868561981,0.0,1.0,1.6259437868561981,0.0,1.0
shell,3,7,shell,0.5,equal,8,3,28,3.0,10.5,0,mle,1.656744004378909,1.7843637905639775,sm,0.6368381321280162,0.6906150609285036,pl,20,ok,0.04592746630807445,0.1119834890227374,0.0,1.656744004378909,0.0,1.0,1.7843637905639775,0.12761978618506853,0.0
shell,3,8,shell,0.5,equal,8,3,28,3.0,10.5,0,mle,1.9134366770245663,1.7595405864294982,pl,0.7565142598255498,0.6704955790671833,pl,20,ok,0.018590015393985228,0.10698809686617948,0.0,1.7595405864294982,0.0,1.0,1.7595405864294982,0.0,1.0
shell,3,9,shell,0.5,equal,8,3,28,3.0,10.5,0,mle,1.6938002842718238,1.7817569077100117,sm,0.6462713924281211,0.6831363934173128,pl,20,ok,0.027505857155991305,0.1119834890227374,0.0,1.6938002842718238,0.0,1.0,1.7817569077100117,0.08795662343818789,0.0
shell,3,10,shell,0.5,equal,8,3,28,3.0,10.5,0,mle,1.6783664741586808,1.8176868772766928,sm,0.6286618138183137,0.6887616861120971,pl,20,ok,0.04100414840897514,0.11381112446842777,0.0,1.6783664741586808,0.0,1.0,1.8176868772766928,0.13932040311801197,0.0
shell,3,11,shell,0.5,equal,8,3,28,3.0,10.5,0,mle,1.8669598416830648,1.706500788853649,pl,0.723293752535013,0.6567484648321447,pl,20,ok,0.007906210854761089,0.1138111244684278,0.0,1.706500788853649,0.0,1.0,1.706500788853649,0.0,1.0
shell,3,12,shell,0.5,equal,8,3,28,3.0,10.5,0,mle,1.7768403613680301,1.7043299536771324,pl,0.6534688722429558,0.6264146658730008,pl,20,ok,0.03198876179508255,0.1162143697673641,0.0,1.7043299536771324,0.0,1.0,1.7043299536771324,0.0,1.0
shell,3,13,shell,0.5,equal,8,3,28,3.0,10.5,0,mle,1.6486224932479285,1.6708831583113541,sm,0.6121277042535463,0.6295941012393833,pl,20,ok,0.05137205502066363,0.11596246315052867,0.0,1.6486224932479285,0.0,1.0,1.6708831583113541,0.02226066506342561,0.0
shell,3,14,shell,0.5,equal,8,3,28,3.0,10.5,0,mle,2.430139842189142,,abstain,0.9678893477263034,,abstain,0,fit_unavailable,,,,,,,,,
shell,3,15,shell,0.5,equal,8,3,28,3.0,10.5,0,mle,1.6172006440583053,1.677094672042335,sm,0.6246018070255202,0.6463213587147864,pl,20,ok,0.02095475176225937,0.0965833238612305,0.0,1.6172006440583053,0.0,1.0,1.677094672042335,0.05989402798402965,0.0
shell,3,16,shell,0.5,equal,8,3,28,3.0,10.5,0,mle,1.6902649320124299,1.642466750868003,pl,0.6669901343421527,0.6606735653443265,pl,20,ok,0.010198500847669474,0.1159624631505287,0.0,1.642466750868003,0.0,1.0,1.642466750868003,0.0,1.0
shell,3,17,shell,0.5,equal,8,3,28,3.0,10.5,0,mle,1.7086739147931007,1.7022474524846012,pl,0.6521875821091137,0.6477241191819993,pl,20,ok,0.03676477665005968,0.10040337704421261,0.0,1.7022474524846012,0.0,1.0,1.7022474524846012,0.0,1.0
shell,3,18,shell,0.5,equal,8,3,28,3.0,10.5,0,mle,1.6081463149522794,1.6745602355880944,sm,0.5987624966637931,0.6145578880188252,sm,20,ok,0.06862313837999362,0.11586524632099321,0.0,1.6081463149522794,0.0,1.0,1.6081463149522794,0.0,1.0
shell,3,19,shell,0.5,equal,8,3,28,3.0,10.5,0,mle,1.637299230523481,1.888741676487089,sm,0.627791395521395,0.7575945391101621,sm,20,ok,0.09584386437092193,0.11514903941276232,0.0,1.637299230523481,0.0,1.0,1.637299230523481,0.0,1.0
shell,3,20,shell,0.5,equal,8,3,28,3.0,10.5,0,mle,1.683420466141845,1.6966127690428199,sm,0.6271467669770534,0.6371079712407568,pl,20,ok,0.04948039459886097,0.10969885752076583,0.0,1.683420466141845,0.0,1.0,1.6966127690428199,0.01319230290097484,0.0
shell,3,21,shell,0.5,equal,8,3,28,3.0,10.5,0,mle,1.7092663778934538,1.6654056108760713,pl,0.6641536123673975,0.6391047566931106,pl,20,ok,0.03442132933146024,0.11586524632099324,0.0,1.6654056108760713,0.0,1.0,1.6654056108760713,0.0,1.0
shell,3,22,shell,0.5,equal,8,3,28,3.0,10.5,0,mle,1.7721943325842144,1.8246466593535728,sm,0.6815087689176591,0.6962745333462533,pl,20,ok,-0.014282211488048584,0.10388038723617492,0.0,1.7721943325842144,0.0,1.0,1.8246466593535728,0.052452326769358404,0.0
shell,3,23,shell,0.5,equal,8,3,28,3.0,10.5,0,mle,1.8394249913533007,1.7380320056376748,pl,0.6972134431522103,0.6546634884398689,pl,20,ok,0.031030913166896875,0.11514903941276225,0.0,1.7380320056376748,0.0,1.0,1.7380320056376748,0.0,1.0
shell,3,24,shell,0.5,equal,8,3,28,3.0,10.5,0,mle,1.5383166567941944,1.5869328587457259,sm,0.5680562486532151,0.5898661551050027,sm,20,ok,0.07391920022097558,0.10969885752076594,0.0,1.5383166567941944,0.0,1.0,1.5383166567941944,0.0,1.0
shell,3,25,shell,0.5,equal,8,3,28,3.0,10.5,0,mle,1.810389886800681,1.7056179134096616,pl,0.687042608675511,0.6427654718539154,pl,20,ok,0.011114216841715749,0.11586524632099314,0.0,1.7056179134096616,0.0,1.0,1.7056179134096616,0.0,1.0
shell,3,26,shell,0.5,equal,8,3,28,3.0,10.5,0,mle,1.6081463149522794,,abstain,0.5891060113401516,,abstain,0,fit_unavailable,,,,,,,,,
shell,3,27,shell,0.5,equal,8,3,28,3.0,10.5,0,mle,1.852863149248969,1.8333262575188507,pl,0.7275204297124042,0.7189194561804583,pl,20,ok,0.022537086786830102,0.11198348902273729,0.0,1.8333262575188507,0.0,1.0,1.8333262575188507,0.0,1.0
shell,3,28,shell,0.5,equal,8,3,28,3.0,10.5,0,mle,1.5383166567941944,1.584595932889144,sm,0.5773605396402866,0.6051595388800374,sm,20,ok,0.08087334948128204,0.10969885752076595,0.0,1.5383166567941944,0.0,1.0,1.5383166567941944,0.0,1.0
shell,3,29,shell,0.5,equal,8,3,28,3.0,10.5,0,mle,1.818556942481803,1.619761725253437,pl,0.707055581630557,0.609975202488689,pl,20,ok,0.01366147280536993,0.11514903941276235,0.0,1.619761725253437,0.0,1.0,1.619761725253437,0.0,1.0
shell,3,30,shell,0.5,equal,8,3,28,3.0,10.5,0,mle,1.689020973163633,1.8196555469686089,sm,0.6542522105232867,0.7024522723043473,pl,20,ok,0.032593183126140915,0.11198348902273736,0.0,1.689020973163633,0.0,1.0,1.8196555469686089,0.1306345738049759,0.0
shell,3,31,shell,0.5,equal,8,3,28,3.0,10.5,0,mle,2.025872883961389,1.9869701699847715,pl,0.8264636148591753,0.7810077371941925,pl,20,ok,0.013745868522366044,0.11586524632099313,0.0,1.9869701699847715,0.0,1.0,1.9869701699847715,0.0,1.0
shell,3,32,shell,0.5,equal,8,3,28,3.0,10.5,0,mle,1.7204018903601,1.669739901737686,pl,0.662997932162527,0.631254614187749,pl,20,ok,-0.016717374264526342,0.10388038723617482,0.0,1.669739901737686,0.0,1.0,1.669739901737686,0.0,1.0
shell,3,33,shell,0.5,equal,8,3,28,3.0,10.5,0,mle,1.7479671124040206,1.6216165875778092,pl,0.6692955986995502,0.6155436193770046,pl,20,ok,0.008922187628393396,0.0924452228952991,0.0,1.6216165875778092,0.0,1.0,1.6216165875778092,0.0,1.0
shell,3,34,shell,0.5,equal,8,3,28,3.0,10.5,0,mle,1.734950014906834,1.7655564027773505,sm,0.6628079202711064,0.6673450521584462,pl,20,ok,0.0017926237623200139,0.11381112446842784,0.0,1.734950014906834,0.0,1.0,1.7655564027773505,0.030606387870516505,0.0
shell,3,35,shell,0.5,equal,8,3,28,3.0,10.5,0,mle,1.6937948764574664,1.589392188519929,pl,0.6449147902332046,0.5930526050980288,pl,20,ok,0.0002010473798352586,0.10040337704421257,0.0,1.589392188519929,0.0,1.0,1.589392188519929,0.0,1.0
shell,3,36,shell,0.5,equal,8,3,28,3.0,10.5,0,mle,1.7935141658295564,1.7572003402240162,pl,0.6971056764432199,0.6810346126800192,pl,20,ok,0.012123227536194126,0.1119834890227374,0.0,1.7572003402240162,0.0,1.0,1.7572003402240162,0.0,1.0
shell,3,37,shell,0.5,equal,8,3,28,3.0,10.5,0,mle,1.6609834190284118,1.6247394181004118,pl,0.6248876276959812,0.6167759687289603,pl,20,ok,0.036925260499017204,0.11198348902273748,0.0,1.6247394181004118,0.0,1.0,1.6247394181004118,0.0,1.0
shell,3,38,shell,0.5,equal,8,3,28,3.0,10.5,0,mle,1.7356291239511417,1.619437192736516,pl,0.661359075786684,0.6073544368821127,sm,20,ok,0.06826297894294973,0.10388038723617493,0.0,1.619437192736516,0.0,1.0,1.7356291239511417,0.11619193121462557,0.0
shell,3,39,shell,0.5,equal,8,3,28,3.0,10.5,0,mle,1.8074243887555692,1.730777738342324,pl,0.6813496729052081,0.6477055262416731,pl,20,ok,-0.001995484913589638,0.11586524632099306,0.0,1.730777738342324,0.0,1.0,1.730777738342324,0.0,1.0
shell,4,0,shell,0.5,equal,8,3,112,12.0,42.0,0,mle,1.5609478347904,1.6299550788388357,sm,0.6054371826723017,0.6368205027683073,pl,20,ok,0.05100266587171306,0.11514903941276233,0.0,1.5609478347904,0.0,1.0,1.6299550788388357,0.06900724404843572,0.0
shell,4,1,shell,0.5,equal,8,3,112,12.0,42.0,0,mle,1.5339863031596663,1.5937259052997115,sm,0.5795111523856321,0.6042335248356676,sm,20,ok,0.05532911054285492,0.10388038723617486,0.0,1.5339863031596663,0.0,1.0,1.5339863031596663,0.0,1.0
shell,4,2,shell,0.5,equal,8,3,112,12.0,42.0,0,mle,1.5642700696487175,1.604305194749087,sm,0.6044104504622305,0.6278531242759946,sm,20,ok,0.05753329961153665,0.10469299178080613,0.0,1.5642700696487175,0.0,1.0,1.5642700696487175,0.0,1.0
shell,4,3,shell,0.5,equal,8,3,112,12.0,42.0,0,mle,1.569052824169448,1.5879296461898333,sm,0.5901538006066341,0.5998282097676918,sm,20,ok,0.05937072646310223,0.1083948819325351,0.0,1.569052824169448,0.0,1.0,1.569052824169448,0.0,1.0
shell,4,4,shell,0.5,equal,8,3,112,12.0,42.0,0,mle,1.5762160556090554,1.5916448398056575,pl,0.5946148877889882,0.5924506401560445,pl,20,ok,0.02653857763661485,0.11198348902273736,0.0,1.5916448398056575,0.015428784196602097,0.0,1.5916448398056575,0.015428784196602097,0.0
shell,4,5,shell,0.5,equal,8,3,112,12.0,42.0,0,mle,1.6157979977065495,1.59748959972206,pl,0.6186859522203357,0.6060048197946724,pl,20,ok,0.027420732067190833,0.0845093931573721,0.0,1.59748959972206,0.0,1.0,1.59748959972206,0.0,1.0
shell,4,6,shell,0.5,equal,8,3,112,12.0,42.0,0,mle,1.5383166567941944,1.5614009954408543,sm,0.579845410876727,0.5915426591063868,sm,20,ok,0.06519298537334016,0.10969885752076591,0.0,1.5383166567941944,0.0,1.0,1.5383166567941944,0.0,1.0
shell,4,7,shell,0.5,equal,8,3,112,12.0,42.0,0,mle,1.5664371207417227,1.6043880530053496,sm,0.597274104963984,0.6084617133230747,sm,20,ok,0.048146503431603385,0.09026439942903977,0.0,1.5664371207417227,0.0,1.0,1.5664371207417227,0.0,1.0
shell,4,8,shell,0.5,equal,8,3,112,12.0,42.0,0,mle,1.5585802821890313,1.604199411848057,sm,0.6054501843430615,0.6207591616572105,pl,20,ok,0.04250036645402234,0.10040337704421272,0.0,1.5585802821890313,0.0,1.0,1.604199411848057,0.04561912965902559,0.0
shell,4,9,shell,0.5,equal,8,3,112,12.0,42.0,0,mle,1.601603812874563,1.592191478747232,pl,0.6074992428620203,0.6059217309037946,sm,20,ok,0.05913433556895753,0.11089632714505587,0.0,1.592191478747232,0.0,1.0,1.601603812874563,0.009412334127331112,0.0
shell,4,10,shell,0.5,equal,8,3,112,12.0,42.0,0,mle,1.5834349931376306,1.597686287675919,sm,0.5709166184596337,0.5847700268177521,sm,20,ok,0.06604373227468865,0.11381112446842782,0.0,1.5834349931376306,0.0,1.0,1.5834349931376306,0.0,1.0
shell,4,11,shell,0.5,equal,8,3,112,12.0,42.0,0,mle,1.5588312943463563,1.5998141932824002,sm,0.5838554594009163,0.6078920266456252,sm,20,ok,0.10386474466064549,0.10218637257711385,0.0,1.5588312943463563,0.0,1.0,1.5588312943463563,0.0,1.0
shell,4,12,shell,0.5,equal,8,3,112,12.0,42.0,0,mle,1.6387868706668631,1.5802689479193235,pl,0.6151694944361563,0.5895762256787951,pl,20,ok,0.005833915854062794,0.09557766524141913,0.0,1.5802689479193235,0.0,1.0,1.5802689479193235,0.0,1.0
shell,4,13,shell,0.5,equal,8,3,112,12.0,42.0,0,mle,1.5897412251715308,1.5810270472683057,pl,0.5985800274861914,0.5867682122314435,pl,20,ok,0.03153078966885618,0.09853464046649041,0.0,1.5810270472683057,0.0,1.0,1.5810270472683057,0.0,1.0
shell,4,14,shell,0.5,equal,8,3,112,12.0,42.0,0,mle,1.5618240266853107,1.5899498516051622,sm,0.6008631000863804,0.6025472258379689,pl,20,ok,0.019353031608292645,0.09947952701994095,0.0,1.5618240266853107,0.0,1.0,1.5899498516051622,0.028125824919851494,0.0
shell,4,15,shell,0.5,equal,8,3,112,12.0,42.0,0,mle,1.534078038367582,1.582453889709311,sm,0.6013561502953242,0.6120164606768117,sm,20,ok,0.054645046176942415,0.1021863725771138,0.0,1.534078038367582,0.0,1.0,1.534078038367582,0.0,1.0
shell,4,16,shell,0.5,equal,8,3,112,12.0,42.0,0,mle,1.65054725806197,1.6135554250440705,pl,0.631268242183488,0.61824548986046,pl,20,ok,0.04044670166781965,0.10130579303837718,0.0,1.6135554250440705,0.0,1.0,1.6135554250440705,0.0,1.0
shell,4,17,shell,0.5,equal,8,3,112,12.0,42.0,0,mle,1.5351808525407635,1.5819793021828263,sm,0.5861556830386965,0.5983223959555202,pl,20,ok,0.05331895468149939,0.1069880968661796,0.0,1.5351808525407635,0.0,1.0,1.5819793021828263,0.04679844964206281,0.0
shell,4,18,shell,0.5,equal,8,3,112,12.0,42.0,0,mle,1.536497651189554,1.5772719802116892,sm,0.5803995997582574,0.5998863286530752,sm,20,ok,0.06578707512303619,0.10839488193253505,0.0,1.536497651189554,0.0,1.0,1.536497651189554,0.0,1.0
shell,4,19,shell,0.5,equal,8,3,112,12.0,42.0,0,mle,1.571431267808922,1.5887716296236878,sm,0.6087212794234956,0.6248130118557137,sm,20,ok,0.09171688490546737,0.10969885752076594,0.0,1.571431267808922,0.0,1.0,1.571431267808922,0.0,1.0
shell,4,20,shell,0.5,equal,8,3,112,12.0,42.0,0,mle,1.5935055081320226,1.653183228648897,sm,0.5917083567667841,0.606838196371073,pl,20,ok,0.039321900172198575,0.1038803872361748,0.0,1.5935055081320226,0.0,1.0,1.653183228648897,0.059677720516874366,0.0
shell,4,21,shell,0.5,equal,8,3,112,12.0,42.0,0,mle,1.5618365680326318,1.5816309589095572,sm,0.5921478542985018,0.6003277164149539,pl,20,ok,0.0302138070052521,0.10040337704421282,0.0,1.5618365680326318,0.0,1.0,1.5816309589095572,0.01979439087692536,0.0
shell,4,22,shell,0.5,equal,8,3,112,12.0,42.0,0,mle,1.5377924667081233,1.5732070230825657,sm,0.5897103124594296,0.6040839674215018,sm,20,ok,0.04862470683311365,0.0955776652414192,0.0,1.5377924667081233,0.0,1.0,1.5377924667081233,0.0,1.0
shell,4,23,shell,0.5,equal,8,3,112,12.0,42.0,0,mle,1.536497651189554,1.5962820970871943,sm,0.5957927534323423,0.6111034582939904,sm,20,ok,0.059019391861029454,0.10839488193253512,0.0,1.536497651189554,0.0,1.0,1.536497651189554,0.0,1.0
shell,4,24,shell,0.5,equal,8,3,112,12.0,42.0,0,mle,1.5341099716531545,1.5832338555641507,sm,0.5785222959960101,0.5941383716012156,pl,20,ok,0.028963351446991536,0.10469299178080618,0.0,1.5341099716531545,0.0,1.0,1.5832338555641507,0.0491238839109962,0.0
shell,4,25,shell,0.5,equal,8,3,112,12.0,42.0,0,mle,1.6604843093689599,1.5708779564328326,pl,0.6540221855311706,0.6192470239852916,pl,20,ok,0.047079270294110846,0.10624727836183821,0.0,1.5708779564328326,0.0,1.0,1.5708779564328326,0.0,1.0
shell,4,26,shell,0.5,equal,8,3,112,12.0,42.0,0,mle,1.598196697740931,1.563533957149056,pl,0.6246630424622486,0.6054496645979885,pl,20,ok,0.03345819904375548,0.10304470818968989,0.0,1.563533957149056,0.0,1.0,1.563533957149056,0.0,1.0
shell,4,27,shell,0.5,equal,8,3,112,12.0,42.0,0,mle,1.5636133910980778,1.577613570139896,sm,0.5844016665150107,0.5928012266252134,sm,20,ok,0.07891621833526719,0.09455251318039418,0.0,1.5636133910980778,0.0,1.0,1.5636133910980778,0.0,1.0
shell,4,28,shell,0.5,equal,8,3,112,12.0,42.0,0,mle,1.5650600609004595,1.6308236282039155,sm,0.6000035574416736,0.6240374785705148,pl,20,ok,0.012924741199876758,0.09026439942903987,0.0,1.5650600609004595,0.0,1.0,1.6308236282039155,0.065763567303456,0.0
shell,4,29,shell,0.5,equal,8,3,112,12.0,42.0,0,mle,1.6218414796222365,1.5867608797208645,pl,0.6047882175081299,0.5896243411564486,pl,20,ok,0.04531826520110198,0.09756911007873548,0.0,1.5867608797208645,0.0,1.0,1.5867608797208645,0.0,1.0
shell,4,30,shell,0.5,equal,8,3,112,12.0,42.0,0,mle,1.6209886250825547,1.5821849632164475,pl,0.6105712945717682,0.59950519059569,sm,20,ok,0.07220323016596611,0.0994795270199409,0.0,1.5821849632164475,0.0,1.0,1.6209886250825547,0.038803661866107175,0.0
shell,4,31,shell,0.5,equal,8,3,112,12.0,42.0,0,mle,1.560705450418486,1.5724054625690074,pl,0.59851801802966,0.5978237194397639,pl,20,ok,0.03907981830060713,0.10548209846241711,0.0,1.5724054625690074,0.0117000121505213,0.0,1.5724054625690074,0.0117000121505213,0.0
shell,4,32,shell,0.5,equal,8,3,112,12.0,42.0,0,mle,1.5958736360618784,1.6140117095322553,pl,0.6104513620411665,0.6074971662364457,sm,20,ok,0.05623804331803828,0.10388038723617499,0.0,1.6140117095322553,0.01813807347037688,0.0,1.5958736360618784,0.0,1.0
shell,4,33,shell,0.5,equal,8,3,112,12.0,42.0,0,mle,1.53434902919603,1.5808789800478058,sm,0.6009288662361638,0.6122177118318394,sm,20,ok,0.0567698352036497,0.10548209846241705,0.0,1.53434902919603,0.0,1.0,1.53434902919603,0.0,1.0
shell,4,34,shell,0.5,equal,8,3,112,12.0,42.0,0,mle,1.5873182664997123,1.5777987081269513,pl,0.6080865243710815,0.603581935899778,sm,20,ok,0.06122991320257654,0.10469299178080602,0.0,1.5777987081269513,0.0,1.0,1.5873182664997123,0.009519558372760972,0.0
shell,4,35,shell,0.5,equal,8,3,112,12.0,42.0,0,mle,1.5784866258064445,1.5782881294036932,sm,0.5753568726822096,0.5788853834624063,sm,20,ok,0.06362021399212202,0.11295643087554837,0.0,1.5784866258064445,0.00019849640275126923,0.0,1.5784866258064445,0.00019849640275126923,0.0
shell,4,36,shell,0.5,equal,8,3,112,12.0,42.0,0,mle,1.5945663729307373,1.568202952346987,pl,0.598231781579391,0.5908037773334531,sm,20,ok,0.06232467765374056,0.10469299178080602,0.0,1.568202952346987,0.0,1.0,1.5945663729307373,0.026363420583750408,0.0
shell,4,37,shell,0.5,equal,8,3,112,12.0,42.0,0,mle,1.5346107410288816,1.5921200914008629,sm,0.5797121744114074,0.6042165978769897,sm,20,ok,0.1206303654585349,0.10040337704421269,0.0,1.5346107410288816,0.0,1.0,1.5346107410288816,0.0,1.0
shell,4,38,shell,0.5,equal,8,3,112,12.0,42.0,0,mle,1.5469822859365587,1.6092062284280795,sm,0.5828290383872471,0.6020259587338953,sm,20,ok,0.07936282110875288,0.11295643087554827,0.0,1.5469822859365587,0.0,1.0,1.5469822859365587,0.0,1.0
shell,4,39,shell,0.5,equal,8,3,112,12.0,42.0,0,mle,1.536497651189554,1.5730462412599793,sm,0.5873406341753532,0.6004218343847101,sm,20,ok,0.07133384147545507,0.10839488193253517,0.0,1.536497651189554,0.0,1.0,1.536497651189554,0.0,1.0
shell,5,0,shell,0.5,equal,8,3,448,48.0,168.0,0,mle,1.535777586099218,1.5753611871487125,sm,0.5890747960087922,0.6087917657076073,sm,20,ok,0.06576141999562105,0.10770411352989494,0.0,1.535777586099218,0.0,1.0,1.535777586099218,0.0,1.0
shell,5,1,shell,0.5,equal,8,3,448,48.0,168.0,0,mle,1.5349280727330004,1.560850312928725,sm,0.5814201034841477,0.5885027120461396,sm,20,ok,0.06630583181387704,0.10662076017788713,0.0,1.5349280727330004,0.0,1.0,1.5349280727330004,0.0,1.0
shell,5,2,shell,0.5,equal,8,3,448,48.0,168.0,0,mle,1.5340338274539826,1.566015143198174,sm,0.5844764895918465,0.6014272308622405,sm,20,ok,0.07286407335820007,0.10428960015259822,0.0,1.5340338274539826,0.0,1.0,1.5340338274539826,0.0,1.0
shell,5,3,shell,0.5,equal,8,3,448,48.0,168.0,0,mle,1.5340421897999463,1.5609420884806169,sm,0.5756453007573004,0.5836515121364662,sm,20,ok,0.06658511999602265,0.10240305787777831,0.0,1.5340421897999463,0.0,1.0,1.5340421897999463,0.0,1.0
shell,5,4,shell,0.5,equal,8,3,448,48.0,168.0,0,mle,1.5341588467231668,1.5643920854563198,sm,0.5788367565367116,0.5938378762385831,sm,20,ok,0.09175969211534556,0.10489248803450411,0.0,1.5341588467231668,0.0,1.0,1.5341588467231668,0.0,1.0
shell,5,5,shell,0.5,equal,8,3,448,48.0,168.0,0,mle,1.536755535090878,1.5666250978210583,sm,0.5765187638788252,0.5944285200621974,sm,20,ok,0.09163346993202881,0.09683164835378504,0.0,1.536755535090878,0.0,1.0,1.536755535090878,0.0,1.0
shell,5,6,shell,0.5,equal,8,3,448,48.0,168.0,0,mle,1.5607949418110212,1.5618312923151607,pl,0.6048078984637725,0.6004397360896214,pl,20,ok,0.040146574567874106,0.09971247714496377,0.0,1.5618312923151607,0.0010363505041395271,0.0,1.5618312923151607,0.0010363505041395271,0.0
shell,5,7,shell,0.5,equal,8,3,448,48.0,168.0,0,mle,1.5339732040367637,1.5661481800773704,sm,0.5898146459880218,0.5962722786015713,pl,20,ok,0.044137116197955524,0.1036736142917742,0.0,1.5339732040367637,0.0,1.0,1.5661481800773704,0.032174976040606706,0.0
shell,5,8,shell,0.5,equal,8,3,448,48.0,168.0,0,mle,1.5340683080359008,1.56318347262004,sm,0.6068827866885624,0.6126929447487003,pl,20,ok,0.044906794767080475,0.10449202693780613,0.0,1.5340683080359008,0.0,1.0,1.56318347262004,0.029115164584139208,0.0
shell,5,9,shell,0.5,equal,8,3,448,48.0,168.0,0,mle,1.5389862298393837,1.5713621757960814,sm,0.5845403189320957,0.5975494192155991,sm,20,ok,0.07643166045199846,0.09429322330798358,0.0,1.5389862298393837,0.0,1.0,1.5389862298393837,0.0,1.0
shell,5,10,shell,0.5,equal,8,3,448,48.0,168.0,0,mle,1.5339762321498367,1.559293849755624,sm,0.5924030190791009,0.6018347957261931,sm,20,ok,0.0663510319082016,0.10304470818968994,0.0,1.5339762321498367,0.0,1.0,1.5339762321498367,0.0,1.0
shell,5,11,shell,0.5,equal,8,3,448,48.0,168.0,0,mle,1.5344369222283403,1.563509327207311,sm,0.5922002925975177,0.5991245098339945,sm,20,ok,0.0592192323784343,0.10085728932982041,0.0,1.5344369222283403,0.0,1.0,1.5344369222283403,0.0,1.0
shell,5,12,shell,0.5,equal,8,3,448,48.0,168.0,0,mle,1.5355719705512092,1.560192409111353,sm,0.5833226996578458,0.5935368656060448,sm,20,ok,0.06194520372156966,0.09853464046649045,0.0,1.5355719705512092,0.0,1.0,1.5355719705512092,0.0,1.0
shell,5,13,shell,0.5,equal,8,3,448,48.0,168.0,0,mle,1.534078038367582,1.565278834026099,sm,0.581009511828007,0.5916207909654324,sm,20,ok,0.06675609428847434,0.10218637257711377,0.0,1.534078038367582,0.0,1.0,1.534078038367582,0.0,1.0
shell,5,14,shell,0.5,equal,8,3,448,48.0,168.0,0,mle,1.5344369222283403,1.5614552065090954,sm,0.5824849182312619,0.5874978933211855,sm,20,ok,0.055674579220804765,0.10085728932982053,0.0,1.5344369222283403,0.0,1.0,1.5344369222283403,0.0,1.0
shell,5,15,shell,0.5,equal,8,3,448,48.0,168.0,0,mle,1.5355719705512092,1.5620832387286203,sm,0.5772358981611551,0.5890836241179142,sm,20,ok,0.08914725526875986,0.09853464046649048,0.0,1.5355719705512092,0.0,1.0,1.5355719705512092,0.0,1.0
shell,5,16,shell,0.5,equal,8,3,448,48.0,168.0,0,mle,1.5358778711109966,1.564195793381505,sm,0.5707179069227813,0.5841854585838601,sm,20,ok,0.0661720408349445,0.09805443139302604,0.0,1.5358778711109966,0.0,1.0,1.5358778711109966,0.0,1.0
shell,5,17,shell,0.5,equal,8,3,448,48.0,168.0,0,mle,1.5358778711109966,1.5632729379008268,sm,0.5883269688679816,0.5991494701119061,pl,20,ok,0.04728896266547694,0.09805443139302579,0.0,1.5358778711109966,0.0,1.0,1.5632729379008268,0.02739506678983017,0.0
shell,5,18,shell,0.5,equal,8,3,448,48.0,168.0,0,mle,1.5348113380103838,1.5659909640984966,sm,0.5695652771640588,0.5877682449294372,sm,20,ok,0.09520942332405982,0.09994410632801638,0.0,1.5348113380103838,0.0,1.0,1.5348113380103838,0.0,1.0
shell,5,19,shell,0.5,equal,8,3,448,48.0,168.0,0,mle,1.533991260886277,1.56718842842366,sm,0.5860017922216643,0.6005816712287297,sm,20,ok,0.06837953672827272,0.10283223213134893,0.0,1.533991260886277,0.0,1.0,1.533991260886277,0.0,1.0
shell,5,20,shell,0.5,equal,8,3,448,48.0,168.0,0,mle,1.5626055755944868,1.5804118386934491,sm,0.5886573403370281,0.592515635596858,pl,20,ok,0.029073463862496183,0.09683164835378504,0.0,1.5626055755944868,0.0,1.0,1.5804118386934491,0.017806263098962383,0.0
shell,5,21,shell,0.5,equal,8,3,448,48.0,168.0,0,mle,1.536040541279566,1.5621096899141924,sm,0.5779258305637041,0.5890825467146527,sm,20,ok,0.07970432872487514,0.09781240673705734,0.0,1.536040541279566,0.0,1.0,1.536040541279566,0.0,1.0
shell,5,22,shell,0.5,equal,8,3,448,48.0,168.0,0,mle,1.534360113371134,1.5602379376218778,sm,0.5852730771927156,0.5968350369563863,sm,20,ok,0.07903889050872796,0.10108222040250829,0.0,1.534360113371134,0.0,1.0,1.534360113371134,0.0,1.0
shell,5,23,shell,0.5,equal,8,3,448,48.0,168.0,0,mle,1.5387350434427933,1.5701139327220954,sm,0.5754197299600325,0.5921531608363898,sm,20,ok,0.08553756080548451,0.09455251318039419,0.0,1.5387350434427933,0.0,1.0,1.5387350434427933,0.0,1.0
shell,5,24,shell,0.5,equal,8,3,448,48.0,168.0,0,mle,1.5341588467231668,1.5667444156888366,sm,0.5776779077538007,0.5922004742322465,sm,20,ok,0.07399637561605407,0.10489248803450411,0.0,1.5341588467231668,0.0,1.0,1.5341588467231668,0.0,1.0
shell,5,25,shell,0.5,equal,8,3,448,48.0,168.0,0,mle,1.5642228949215111,1.5667744268542552,sm,0.5969950240589619,0.6028266807731814,sm,20,ok,0.08597865885423443,0.10509050903009653,0.0,1.5642228949215111,0.0,1.0,1.5642228949215111,0.0,1.0
shell,5,26,shell,0.5,equal,8,3,448,48.0,168.0,0,mle,1.542028172076602,1.5722582478481852,sm,0.5928020588567765,0.603463325635038,sm,20,ok,0.07400485295249133,0.11145393841719575,0.0,1.542028172076602,0.0,1.0,1.542028172076602,0.0,1.0
shell,5,27,shell,0.5,equal,8,3,448,48.0,168.0,0,mle,1.5365671806970291,1.5667889729633693,sm,0.5571427071209784,0.5706050656028231,sm,20,ok,0.10317111097264847,0.09707872487852029,0.0,1.5365671806970291,0.0,1.0,1.5365671806970291,0.0,1.0
shell,5,28,shell,0.5,equal,8,3,448,48.0,168.0,0,mle,1.5339863031596663,1.5658646828054312,sm,0.5974220657637388,0.6059150396991934,sm,20,ok,0.054834701622813106,0.10388038723617495,0.0,1.5339863031596663,0.0,1.0,1.5339863031596663,0.0,1.0
shell,5,29,shell,0.5,equal,8,3,448,48.0,168.0,0,mle,1.533991260886277,1.5712516067974478,sm,0.5738044269198519,0.593028183605306,sm,20,ok,0.07959642562949633,0.10283223213134891,0.0,1.533991260886277,0.0,1.0,1.533991260886277,0.0,1.0
shell,5,30,shell,0.5,equal,8,3,448,48.0,168.0,0,mle,1.5345124089638156,1.56174968260891,sm,0.5892450896676485,0.5966556914044376,sm,20,ok,0.0569219413589571,0.10586770628814823,0.0,1.5345124089638156,0.0,1.0,1.5345124089638156,0.0,1.0
shell,5,31,shell,0.5,equal,8,3,448,48.0,168.0,0,mle,1.5339863031596663,1.5635135748959075,sm,0.6043959009583032,0.6138094755718262,pl,20,ok,0.05142957228705442,0.10388038723617486,0.0,1.5339863031596663,0.0,1.0,1.5635135748959075,0.029527271736241145,0.0
shell,5,32,shell,0.5,equal,8,3,448,48.0,168.0,0,mle,1.5358778711109966,1.5625700748547184,sm,0.5994066006216437,0.6062589915384644,sm,20,ok,0.06687882492352748,0.098054431393026,0.0,1.5358778711109966,0.0,1.0,1.5358778711109966,0.0,1.0
shell,5,33,shell,0.5,equal,8,3,448,48.0,168.0,0,mle,1.5614704841719755,1.576516345011313,sm,0.5904021610147506,0.5945297150767983,pl,20,ok,0.03696121436240642,0.10624727836183818,0.0,1.5614704841719755,0.0,1.0,1.576516345011313,0.015045860839337566,0.0
shell,5,34,shell,0.5,equal,8,3,448,48.0,168.0,0,mle,1.5340683080359008,1.5615895858875928,sm,0.5777033356102643,0.5886782710747476,pl,20,ok,0.041107977049927295,0.10449202693780615,0.0,1.5340683080359008,0.0,1.0,1.5615895858875928,0.027521277851692005,0.0
shell,5,35,shell,0.5,equal,8,3,448,48.0,168.0,0,mle,1.5358778711109966,1.564206380078652,sm,0.5809745435918542,0.5904533015181119,sm,20,ok,0.09267897697193689,0.09805443139302591,0.0,1.5358778711109966,0.0,1.0,1.5358778711109966,0.0,1.0
shell,5,36,shell,0.5,equal,8,3,448,48.0,168.0,0,mle,1.5586204054208577,1.568223281347031,sm,0.6017074703358203,0.6041253475136636,pl,20,ok,0.0415793640339831,0.09947952701994098,0.0,1.5586204054208577,0.0,1.0,1.568223281347031,0.00960287592617326,0.0
shell,5,37,shell,0.5,equal,8,3,448,48.0,168.0,0,mle,1.534605165986218,1.5664301824917586,sm,0.5839922787476722,0.5944159516992409,sm,20,ok,0.09130587320419875,0.10605825019210657,0.0,1.534605165986218,0.0,1.0,1.534605165986218,0.0,1.0
shell,5,38,shell,0.5,equal,8,3,448,48.0,168.0,0,mle,1.533967177122373,1.5606194904959632,sm,0.5695131127936965,0.5876472946243753,sm,20,ok,0.08181469596468496,0.103465405779054,0.0,1.533967177122373,0.0,1.0,1.533967177122373,0.0,1.0
shell,5,39,shell,0.5,equal,8,3,448,48.0,168.0,0,mle,1.534214961953606,1.5638931972267431,sm,0.5682094570964915,0.5822169393652754,sm,20,ok,0.10534936603556437,0.10509050903009652,0.0,1.534214961953606,0.0,1.0,1.534214961953606,0.0,1.0
shell,6,0,shell,1.0,equal,8,3,28,3.0,10.5,0,mle,1.6748751609179413,1.6077366632455206,pl,0.637791233234209,0.6214624798967632,pl,20,ok,0.023521632048414055,0.1069880968661795,0.0,1.6077366632455206,0.0,1.0,1.6077366632455206,0.0,1.0
shell,6,1,shell,1.0,equal,8,3,28,3.0,10.5,0,mle,1.8593159287474834,1.7447304530404883,pl,0.7369945482061969,0.7050653946505799,pl,20,ok,0.01807112609262918,0.11621436976736405,0.0,1.7447304530404883,0.0,1.0,1.7447304530404883,0.0,1.0
shell,6,2,shell,1.0,equal,8,3,28,3.0,10.5,0,mle,1.6900613327028329,1.6617183081832367,pl,0.6433635452747719,0.642733163372139,pl,20,ok,0.032284463677291535,0.11514903941276236,0.0,1.6617183081832367,0.0,1.0,1.6617183081832367,0.0,1.0
shell,6,3,shell,1.0,equal,8,3,28,3.0,10.5,0,mle,1.6539324917261202,1.6474170356461713,sm,0.6154706296380679,0.620051927794577,pl,20,ok,0.02845154754900928,0.1096988575207659,0.0,1.6539324917261202,0.006515456079948967,0.0,1.6474170356461713,0.0,1.0
shell,6,4,shell,1.0,equal,8,3,28,3.0,10.5,0,mle,1.802989218551398,1.661348241078464,pl,0.6972097287237805,0.6538254678607052,pl,20,ok,0.04358133927716803,0.11514903941276228,0.0,1.661348241078464,0.0,1.0,1.661348241078464,0.0,1.0
shell,6,5,shell,1.0,equal,8,3,28,3.0,10.5,0,mle,1.8190339017416455,1.7471628051435673,pl,0.6982789302044393,0.6642122801121085,sm,20,ok,0.06329096748535927,0.10040337704421265,0.0,1.7471628051435673,0.0,1.0,1.8190339017416455,0.07187109659807822,0.0
shell,6,6,shell,1.0,equal,8,3,28,3.0,10.5,0,mle,1.9326570599941673,1.7068467501500328,pl,0.7511225098452341,0.6556130349830357,pl,20,ok,-0.0327649119665414,0.10388038723617483,0.0,1.7068467501500328,0.0,1.0,1.7068467501500328,0.0,1.0
shell,6,7,shell,1.0,equal,8,3,28,3.0,10.5,0,mle,1.700857733850909,1.6621239942250978,pl,0.6552194901223128,0.6382497629996056,pl,20,ok,0.003900438628119573,0.11198348902273733,0.0,1.6621239942250978,0.0,1.0,1.6621239942250978,0.0,1.0
shell,6,8,shell,1.0,equal,8,3,28,3.0,10.5,0,mle,1.7197676214108641,1.6725882483284131,pl,0.6695580469441341,0.6481998797070021,pl,20,ok,-0.005785457361693325,0.10969885752076598,0.0,1.6725882483284131,0.0,1.0,1.6725882483284131,0.0,1.0
shell,6,9,shell,1.0,equal,8,3,28,3.0,10.5,0,mle,1.8624827523045697,1.940629729355946,sm,0.7091744259139331,0.755313517884051,pl,20,ok,0.016155936424781112,0.1119834890227373,0.0,1.8624827523045697,0.0,1.0,1.940629729355946,0.0781469770513763,0.0
shell,6,10,shell,1.0,equal,8,3,28,3.0,10.5,0,mle,1.6128018160681146,1.5990133061616274,pl,0.6159947745705471,0.6107626628861983,sm,20,ok,0.0464150771724048,0.07317437531266421,0.0,1.5990133061616274,0.0,1.0,1.6128018160681146,0.013788509906487167,0.0
shell,6,11,shell,1.0,equal,8,3,28,3.0,10.5,0,mle,1.8919902953144887,1.8854711902968107,sm,0.6974095545164312,0.7049060071396943,pl,20,ok,0.017072006548202005,0.11487283515807822,0.0,1.8919902953144887,0.006519105017678051,0.0,1.8854711902968107,0.0,1.0
shell,6,12,shell,1.0,equal,8,3,28,3.0,10.5,0,mle,1.66372255829234,1.601260667580938,pl,0.634609175933625,0.6204407653848084,pl,20,ok,0.039597101086860424,0.09244522289529906,0.0,1.601260667580938,0.0,1.0,1.601260667580938,0.0,1.0
shell,6,13,shell,1.0,equal,8,3,28,3.0,10.5,0,mle,1.6239238634844964,1.5816470764485038,pl,0.6160301600547544,0.6078733366753936,pl,20,ok,0.022661052660860003,0.10388038723617497,0.0,1.5816470764485038,0.0,1.0,1.5816470764485038,0.0,1.0
shell,6,14,shell,1.0,equal,8,3,28,3.0,10.5,0,mle,1.676899592763075,1.7479559962790416,sm,0.6485684259240521,0.6810036331585971,pl,20,ok,0.009116157796319385,0.11596246315052869,0.0,1.676899592763075,0.0,1.0,1.7479559962790416,0.07105640351596665,0.0
shell,6,15,shell,1.0,equal,8,3,28,3.0,10.5,0,mle,1.636333025792581,1.8015682872890717,sm,0.633119866120585,0.7008469537732869,pl,20,ok,0.026155233821372168,0.10698809686617948,0.0,1.636333025792581,0.0,1.0,1.8015682872890717,0.1652352614964907,0.0
shell,6,16,shell,1.0,equal,8,3,28,3.0,10.5,0,mle,1.6557347935872042,1.705317163308577,sm,0.646924697940781,0.6689444063866746,pl,20,ok,0.02869241279645525,0.11514903941276221,0.0,1.6557347935872042,0.0,1.0,1.705317163308577,0.049582369721372865,0.0
shell,6,17,shell,1.0,equal,8,3,28,3.0,10.5,0,mle,1.6873834828217298,1.6066307330156595,pl,0.6469189563413504,0.6124431370682247,pl,20,ok,0.009191192506554898,0.10969885752076589,0.0,1.6066307330156595,0.0,1.0,1.6066307330156595,0.0,1.0
shell,6,18,shell,1.0,equal,8,3,28,3.0,10.5,0,mle,1.7295133708870116,1.6515606245790142,pl,0.6592261206283713,0.6354196028892766,pl,20,ok,0.03353167394750538,0.09658332386123053,0.0,1.6515606245790142,0.0,1.0,1.6515606245790142,0.0,1.0
shell,6,19,shell,1.0,equal,8,3,28,3.0,10.5,0,mle,1.6991925032944453,,abstain,0.6565523896896925,,abstain,0,fit_unavailable,,,,,,,,,
shell,6,20,shell,1.0,equal,8,3,28,3.0,10.5,0,mle,1.8402597876451399,1.989014561855397,sm,0.704151063410046,0.7606271454516064,pl,20,ok,0.02063470702216347,0.11381112446842774,0.0,1.8402597876451399,0.0,1.0,1.989014561855397,0.14875477421025707,0.0
shell,6,21,shell,1.0,equal,8,3,28,3.0,10.5,0,mle,1.8258934984588127,1.9608537490448599,sm,0.6932444623040228,0.7382810721142303,pl,20,ok,0.034024253923156965,0.10351206420639857,0.0,1.8258934984588127,0.0,1.0,1.9608537490448599,0.13496025058604721,0.0
shell,6,22,shell,1.0,equal,8,3,28,3.0,10.5,0,mle,1.5589944126935782,1.6632749144380305,sm,0.5985572258281823,0.6504710086876389,pl,20,ok,0.03631970656777799,0.10698809686617941,0.0,1.5589944126935782,0.0,1.0,1.6632749144380305,0.10428050174445236,0.0
shell,6,23,shell,1.0,equal,8,3,28,3.0,10.5,0,mle,1.6443237646616204,1.5867952050184462,pl,0.6312129473388624,0.6106480532323331,sm,20,ok,0.059263780583618746,0.1151490394127624,0.0,1.5867952050184462,0.0,1.0,1.6443237646616204,0.05752855964317427,0.0
shell,6,24,shell,1.0,equal,8,3,28,3.0,10.5,0,mle,2.078584551225379,1.8658132315937888,pl,0.8042850296712484,0.6854206470715387,pl,20,ok,0.00376098799893595,0.10756586625867798,0.0,1.8658132315937888,0.0,1.0,1.8658132315937888,0.0,1.0
shell,6,25,shell,1.0,equal,8,3,28,3.0,10.5,0,mle,2.0746904165391022,1.9846152418082637,pl,0.8034922817947043,0.7536681207143472,pl,20,ok,-0.015096568985344729,0.11514903941276222,0.0,1.9846152418082637,0.0,1.0,1.9846152418082637,0.0,1.0
shell,6,26,shell,1.0,equal,8,3,28,3.0,10.5,0,mle,1.640573868242596,1.6137994109333347,pl,0.6223919966462058,0.6156088368743059,pl,20,ok,0.007956611433950088,0.11381112446842787,0.0,1.6137994109333347,0.0,1.0,1.6137994109333347,0.0,1.0
shell,6,27,shell,1.0,equal,8,3,28,3.0,10.5,0,mle,1.702019635026005,1.6268302721980272,pl,0.662031604638043,0.6309445503491509,pl,20,ok,-0.015319705561686289,0.103880387236175,0.0,1.6268302721980272,0.0,1.0,1.6268302721980272,0.0,1.0
shell,6,28,shell,1.0,equal,8,3,28,3.0,10.5,0,mle,1.761604876753654,1.9646970234490573,sm,0.6905250336154317,0.7758821351818206,pl,20,ok,0.019136659783099863,0.11487283515807832,0.0,1.761604876753654,0.0,1.0,1.9646970234490573,0.2030921466954032,0.0
shell,6,29,shell,1.0,equal,8,3,28,3.0,10.5,0,mle,1.6916122110280687,1.592755081024408,pl,0.6367042759362945,0.6066152867849826,pl,20,ok,0.02986308582705238,0.11381112446842777,0.0,1.592755081024408,0.0,1.0,1.592755081024408,0.0,1.0
shell,6,30,shell,1.0,equal,8,3,28,3.0,10.5,0,mle,1.9862340423633231,1.8035148074602187,pl,0.7660679990071734,0.690071719945136,pl,20,ok,0.008492642639248475,0.1138111244684278,0.0,1.8035148074602187,0.0,1.0,1.8035148074602187,0.0,1.0
shell,6,31,shell,1.0,equal,8,3,28,3.0,10.5,0,mle,1.6750941599890479,1.588600581151482,pl,0.6264264567367915,0.5904176755988159,pl,20,ok,-0.008587754300348624,0.09244522289529906,0.0,1.588600581151482,0.0,1.0,1.588600581151482,0.0,1.0
shell,6,32,shell,1.0,equal,8,3,28,3.0,10.5,0,mle,1.7137000245463498,1.723125325753409,sm,0.6693049176182229,0.6810690537257749,pl,20,ok,0.04833934138399956,0.11621436976736407,0.0,1.7137000245463498,0.0,1.0,1.723125325753409,0.00942530120705909,0.0
shell,6,33,shell,1.0,equal,8,3,28,3.0,10.5,0,mle,1.7472814664041558,1.6501057897026437,pl,0.6727884044413759,0.6368483561834466,pl,20,ok,-0.020648289595818253,0.09244522289529904,0.0,1.6501057897026437,0.0,1.0,1.6501057897026437,0.0,1.0
shell,6,34,shell,1.0,equal,8,3,28,3.0,10.5,0,mle,1.6358052651569044,1.5774801062706554,pl,0.6191261167459261,0.6030806009268278,pl,20,ok,0.03117476611880786,0.09244522289529906,0.0,1.5774801062706554,0.0,1.0,1.5774801062706554,0.0,1.0
shell,6,35,shell,1.0,equal,8,3,28,3.0,10.5,0,mle,1.899376813376708,1.6475283634407527,pl,0.7346004969335607,0.6309379272678253,pl,20,ok,-0.006843220862564338,0.10969885752076597,0.0,1.6475283634407527,0.0,1.0,1.6475283634407527,0.0,1.0
shell,6,36,shell,1.0,equal,8,3,28,3.0,10.5,0,mle,1.7635358651696595,,abstain,0.6748022911443923,,abstain,0,fit_unavailable,,,,,,,,,
shell,6,37,shell,1.0,equal,8,3,28,3.0,10.5,0,mle,1.6830631986148115,1.5718228889106947,pl,0.6392962537406076,0.6015538259334358,pl,20,ok,0.03243122230953421,0.11198348902273735,0.0,1.5718228889106947,0.0,1.0,1.5718228889106947,0.0,1.0
shell,6,38,shell,1.0,equal,8,3,28,3.0,10.5,0,mle,1.7657549967871802,1.6487928067301354,pl,0.6705155505359135,0.6135342792803524,pl,20,ok,0.0055572716149214696,0.11198348902273735,0.0,1.6487928067301354,0.0,1.0,1.6487928067301354,0.0,1.0
shell,6,39,shell,1.0,equal,8,3,28,3.0,10.5,0,mle,1.773676119104866,1.7517057494843518,sm,0.6818677020186718,0.6907937089232868,pl,20,ok,0.026084945463338432,0.10969885752076591,0.0,1.773676119104866,0.02197036962051424,0.0,1.7517057494843518,0.0,1.0
shell,7,0,shell,1.0,equal,8,3,112,12.0,42.0,0,mle,1.5587509062429137,1.5801733498937651,sm,0.5900058677272448,0.6114197882268456,sm,20,ok,0.07773427997243701,0.10548209846241699,0.0,1.5587509062429137,0.0,1.0,1.5587509062429137,0.0,1.0
shell,7,1,shell,1.0,equal,8,3,112,12.0,42.0,0,mle,1.6016206482120166,1.5620657890372724,pl,0.6030998580535464,0.5910270734276057,pl,20,ok,0.003490593081232286,0.1062472783618383,0.0,1.5620657890372724,0.0,1.0,1.5620657890372724,0.0,1.0
shell,7,2,shell,1.0,equal,8,3,112,12.0,42.0,0,mle,1.5535778008805083,1.545893106749992,pl,0.5833155076848522,0.5809416942402449,pl,20,ok,0.046400947792589256,0.10388038723617488,0.0,1.545893106749992,0.0,1.0,1.545893106749992,0.0,1.0
shell,7,3,shell,1.0,equal,8,3,112,12.0,42.0,0,mle,1.6314479065333198,1.544474366819155,pl,0.6276025008657325,0.5954409776825161,pl,20,ok,0.039845757740986275,0.09947952701994085,0.0,1.544474366819155,0.0,1.0,1.544474366819155,0.0,1.0
shell,7,4,shell,1.0,equal,8,3,112,12.0,42.0,0,mle,1.5489232533469899,1.5482975909760506,sm,0.5916485506913381,0.5966724297465978,pl,20,ok,0.04137168446885091,0.11339881515370816,0.0,1.5489232533469899,0.0006256623709393061,0.0,1.5482975909760506,0.0,1.0
shell,7,5,shell,1.0,equal,8,3,112,12.0,42.0,0,mle,1.577630945025846,1.5528804699746208,pl,0.6100770753655516,0.6005680590653801,pl,20,ok,0.035494096581484655,0.11248448643334498,0.0,1.5528804699746208,0.0,1.0,1.5528804699746208,0.0,1.0
shell,7,6,shell,1.0,equal,8,3,112,12.0,42.0,0,mle,1.5783530604421074,1.6230132624650069,sm,0.6035997483581043,0.6303293452672076,sm,20,ok,0.05765021056888842,0.10469299178080607,0.0,1.5783530604421074,0.0,1.0,1.5783530604421074,0.0,1.0
shell,7,7,shell,1.0,equal,8,3,112,12.0,42.0,0,mle,1.6032886566421567,1.5916644439047736,sm,0.6142280621995041,0.6201471854765972,pl,20,ok,0.05065398069825671,0.11581026248723723,0.0,1.6032886566421567,0.011624212737383122,0.0,1.5916644439047736,0.0,1.0
shell,7,8,shell,1.0,equal,8,3,112,12.0,42.0,0,mle,1.5618849895052929,1.6012479780539022,sm,0.5803220122214195,0.6034258982543488,sm,20,ok,0.06783677418258358,0.10548209846241709,0.0,1.5618849895052929,0.0,1.0,1.5618849895052929,0.0,1.0
shell,7,9,shell,1.0,equal,8,3,112,12.0,42.0,0,mle,1.5537045715534157,1.5496932211245953,sm,0.5925723596379847,0.6007003130553955,sm,20,ok,0.07545788924054204,0.09756911007873556,0.0,1.5537045715534157,0.004011350428820393,0.0,1.5537045715534157,0.004011350428820393,0.0
shell,7,10,shell,1.0,equal,8,3,112,12.0,42.0,0,mle,1.5599803011375564,1.5592987677982262,sm,0.5981578484102188,0.6059651560610774,pl,20,ok,0.048601131798911054,0.10469299178080604,0.0,1.5599803011375564,0.000681533339330187,0.0,1.5592987677982262,0.0,1.0
shell,7,11,shell,1.0,equal,8,3,112,12.0,42.0,0,mle,1.6390947242994542,1.578342881293615,pl,0.614100093162941,0.5993920233548424,sm,20,ok,0.05066897283951394,0.08914731571548573,0.0,1.578342881293615,0.0,1.0,1.6390947242994542,0.060751843005839135,0.0
shell,7,12,shell,1.0,equal,8,3,112,12.0,42.0,0,mle,1.5343490291960302,1.557757459409681,sm,0.5808297308224633,0.5871057824790185,pl,20,ok,0.025829573836186094,0.1054820984624171,0.0,1.5343490291960302,0.0,1.0,1.557757459409681,0.0234084302136508,0.0
shell,7,13,shell,1.0,equal,8,3,112,12.0,42.0,0,mle,1.6138100438022758,1.5869910808039058,pl,0.5951440686530276,0.5935499992971247,sm,20,ok,0.09099961889984885,0.11486233663839271,0.0,1.5869910808039058,0.0,1.0,1.6138100438022758,0.026818962998369944,0.0
shell,7,14,shell,1.0,equal,8,3,112,12.0,42.0,0,mle,1.5387350434427933,1.583100869309037,sm,0.576709008044851,0.6037754991681359,pl,20,ok,0.033265974149567654,0.09455251318039422,0.0,1.5387350434427933,0.0,1.0,1.583100869309037,0.0443658258662436,0.0
shell,7,15,shell,1.0,equal,8,3,112,12.0,42.0,0,mle,1.569301769080539,1.559397837258693,pl,0.6002637365337232,0.5973805515572077,pl,20,ok,0.030015958888297434,0.11031114066224548,0.0,1.559397837258693,0.0,1.0,1.559397837258693,0.0,1.0
shell,7,16,shell,1.0,equal,8,3,112,12.0,42.0,0,mle,1.5350385285685106,1.5473618219432266,sm,0.5794104546636316,0.5832034368322412,pl,20,ok,0.04897772022795091,0.09947952701994095,0.0,1.5350385285685106,0.0,1.0,1.5473618219432266,0.012323293374715938,0.0
shell,7,17,shell,1.0,equal,8,3,112,12.0,42.0,0,mle,1.5664507935381473,1.579147475863318,sm,0.6041300182552046,0.6150213947129707,pl,20,ok,0.034523440334288384,0.11248448643334509,0.0,1.5664507935381473,0.0,1.0,1.579147475863318,0.012696682325170627,0.0
shell,7,18,shell,1.0,equal,8,3,112,12.0,42.0,0,mle,1.5910140469976655,1.593650605691469,pl,0.6123588466165599,0.6063903561869305,pl,20,ok,0.0057618747867777004,0.11514903941276224,0.0,1.593650605691469,0.0026365586938035257,0.0,1.593650605691469,0.0026365586938035257,0.0
shell,7,19,shell,1.0,equal,8,3,112,12.0,42.0,0,mle,1.559147663361368,1.572754346880071,sm,0.5911525470501262,0.6011082559552229,pl,20,ok,0.02327691466114049,0.10905994953308257,0.0,1.559147663361368,0.0,1.0,1.572754346880071,0.0136066835187032,0.0
shell,7,20,shell,1.0,equal,8,3,112,12.0,42.0,0,mle,1.5343490291960302,1.5407976841821776,pl,0.5968044883046805,0.596508060628933,pl,20,ok,-0.018934992980175973,0.10548209846241713,0.0,1.5407976841821776,0.006448654986147329,0.0,1.5407976841821776,0.006448654986147329,0.0
shell,7,21,shell,1.0,equal,8,3,112,12.0,42.0,0,mle,1.616438882315206,1.5721444496573163,pl,0.629818267398966,0.6102649438621733,pl,20,ok,0.027802931746575717,0.10388038723617489,0.0,1.5721444496573163,0.0,1.0,1.5721444496573163,0.0,1.0
shell,7,22,shell,1.0,equal,8,3,112,12.0,42.0,0,mle,1.579539261402739,1.5712858147984137,pl,0.6019383665105069,0.5988484450388436,pl,20,ok,0.03256521309263677,0.1021863725771138,0.0,1.5712858147984137,0.0,1.0,1.5712858147984137,0.0,1.0
shell,7,23,shell,1.0,equal,8,3,112,12.0,42.0,0,mle,1.598446818018463,1.5613969064989306,pl,0.5947422954162705,0.5928524640151884,sm,20,ok,0.08874859450398592,0.10040337704421265,0.0,1.5613969064989306,0.0,1.0,1.598446818018463,0.03704991151953241,0.0
shell,7,24,shell,1.0,equal,8,3,112,12.0,42.0,0,mle,1.5341099716531545,1.5586550688051761,sm,0.5846975203712872,0.5928835459501429,sm,20,ok,0.052930689299471645,0.10469299178080622,0.0,1.5341099716531545,0.0,1.0,1.5341099716531545,0.0,1.0
shell,7,25,shell,1.0,equal,8,3,112,12.0,42.0,0,mle,1.5435377527362242,1.561301280014359,sm,0.5743788158266915,0.581356388784367,pl,20,ok,0.03879515385825944,0.11198348902273735,0.0,1.5435377527362242,0.0,1.0,1.561301280014359,0.017763527278134905,0.0
shell,7,26,shell,1.0,equal,8,3,112,12.0,42.0,0,mle,1.5800760293703664,1.544389955070619,pl,0.614772693550743,0.6026041820923761,pl,20,ok,0.004987840126569374,0.0975691100787354,0.0,1.544389955070619,0.0,1.0,1.544389955070619,0.0,1.0
shell,7,27,shell,1.0,equal,8,3,112,12.0,42.0,0,mle,1.6494794949420037,1.580153468712272,pl,0.6349141700044622,0.6094601523200098,pl,20,ok,0.0057652605245124165,0.09350824228127827,0.0,1.580153468712272,0.0,1.0,1.580153468712272,0.0,1.0
shell,7,28,shell,1.0,equal,8,3,112,12.0,42.0,0,mle,1.5394202728124196,1.5688647825957314,sm,0.5693021818484538,0.5789486569922505,pl,20,ok,0.043025465440229324,0.1103111406622456,0.0,1.5394202728124196,0.0,1.0,1.5688647825957314,0.029444509783311812,0.0
shell,7,29,shell,1.0,equal,8,3,112,12.0,42.0,0,mle,1.5342900700105795,1.5830460205119854,sm,0.5994429299090898,0.6191042620924866,sm,20,ok,0.05118935994424741,0.10130579303837713,0.0,1.5342900700105795,0.0,1.0,1.5342900700105795,0.0,1.0
shell,7,30,shell,1.0,equal,8,3,112,12.0,42.0,0,mle,1.5560211695556743,1.544674425111204,sm,0.6032728009322148,0.6058598753791992,pl,20,ok,0.041382848614891596,0.10698809686617952,0.0,1.5560211695556743,0.011346744444470369,0.0,1.544674425111204,0.0,1.0
shell,7,31,shell,1.0,equal,8,3,112,12.0,42.0,0,mle,1.6007565891676916,1.5887741779625026,pl,0.6065865102193031,0.6062307132319804,pl,20,ok,0.008579197707270203,0.08569361800406339,0.0,1.5887741779625026,0.0,1.0,1.5887741779625026,0.0,1.0
shell,7,32,shell,1.0,equal,8,3,112,12.0,42.0,0,mle,1.5406565801865868,1.562277603534801,sm,0.5771865620676354,0.587569578889817,pl,20,ok,0.04936697647047759,0.11089632714505589,0.0,1.5406565801865868,0.0,1.0,1.562277603534801,0.02162102334821414,0.0
shell,7,33,shell,1.0,equal,8,3,112,12.0,42.0,0,mle,1.631266855271497,1.5744657438703393,pl,0.6194941592416954,0.5944398370698163,pl,20,ok,-0.006243996460276865,0.110896327145056,0.0,1.5744657438703393,0.0,1.0,1.5744657438703393,0.0,1.0
shell,7,34,shell,1.0,equal,8,3,112,12.0,42.0,0,mle,1.552970043687448,1.5420070013868594,pl,0.5882402483524499,0.58772835786563,pl,20,ok,0.035157313609588216,0.10130579303837722,0.0,1.5420070013868594,0.0,1.0,1.5420070013868594,0.0,1.0
shell,7,35,shell,1.0,equal,8,3,112,12.0,42.0,0,mle,1.5600498593877163,1.5609973975162212,sm,0.6049095421199036,0.6071067862248912,pl,20,ok,0.01659116815359702,0.10388038723617489,0.0,1.5600498593877163,0.0,1.0,1.5609973975162212,0.0009475381285048989,0.0
shell,7,36,shell,1.0,equal,8,3,112,12.0,42.0,0,mle,1.573431298719258,1.5690693673493792,pl,0.6086108981520025,0.6038501428090085,pl,20,ok,0.04072186987240816,0.11339881515370809,0.0,1.5690693673493792,0.0,1.0,1.5690693673493792,0.0,1.0
shell,7,37,shell,1.0,equal,8,3,112,12.0,42.0,0,mle,1.6083979891223161,1.5621737956698465,pl,0.6308293000174572,0.6138005973576519,pl,20,ok,0.03253807351448366,0.10304470818968987,0.0,1.5621737956698465,0.0,1.0,1.5621737956698465,0.0,1.0
shell,7,38,shell,1.0,equal,8,3,112,12.0,42.0,0,mle,1.553789625848636,1.573302503174073,sm,0.605156926289608,0.6098659294738339,pl,20,ok,0.0347876037142737,0.10698809686617948,0.0,1.553789625848636,0.0,1.0,1.573302503174073,0.01951287732543716,0.0
shell,7,39,shell,1.0,equal,8,3,112,12.0,42.0,0,mle,1.5840065027338337,1.5660472315312355,pl,0.6053890222957207,0.6039536253451232,sm,20,ok,0.06435672311579049,0.10218637257711376,0.0,1.5660472315312355,0.0,1.0,1.5840065027338337,0.017959271202598215,0.0
shell,8,0,shell,1.0,equal,8,3,448,48.0,168.0,0,mle,1.5340421897999463,1.538275870783803,sm,0.5759071085389623,0.5782899184084479,pl,20,ok,0.03385090305227432,0.10240305787777841,0.0,1.5340421897999463,0.0,1.0,1.538275870783803,0.004233680983856569,0.0
shell,8,1,shell,1.0,equal,8,3,448,48.0,168.0,0,mle,1.5663720302790693,1.5449817580899785,pl,0.5893217957588028,0.5758456557007051,pl,20,ok,0.012591217467610334,0.10938270240327096,0.0,1.5449817580899785,0.0,1.0,1.5449817580899785,0.0,1.0
shell,8,2,shell,1.0,equal,8,3,448,48.0,168.0,0,mle,1.5340338274539824,1.5371495741141787,sm,0.5958462977838923,0.6048146169943784,sm,20,ok,0.05489139197661947,0.10428960015259815,0.0,1.5340338274539824,0.0,1.0,1.5340338274539824,0.0,1.0
shell,8,3,shell,1.0,equal,8,3,448,48.0,168.0,0,mle,1.5600528976422072,1.5432314849490623,sm,0.5883842994217287,0.5936030894222524,sm,20,ok,0.06553253250837282,0.09608295481314605,0.0,1.5600528976422072,0.016821412693144966,0.0,1.5600528976422072,0.016821412693144966,0.0
shell,8,4,shell,1.0,equal,8,3,448,48.0,168.0,0,mle,1.5654615490745232,1.5526197638984485,pl,0.600461326878201,0.5964480844883595,pl,20,ok,0.033523078606045295,0.10822458149869851,0.0,1.5526197638984485,0.0,1.0,1.5526197638984485,0.0,1.0
shell,8,5,shell,1.0,equal,8,3,448,48.0,168.0,0,mle,1.5357216738163113,1.5452094324564878,sm,0.5770496553028385,0.5849231812548024,pl,20,ok,0.04092122769213512,0.09829517799331262,0.0,1.5357216738163113,0.0,1.0,1.5452094324564878,0.00948775864017648,0.0
shell,8,6,shell,1.0,equal,8,3,448,48.0,168.0,0,mle,1.5369046161033608,1.5417207301580804,sm,0.5661022892461249,0.5707792896271294,pl,20,ok,0.026976832927189012,0.10873065686002359,0.0,1.5369046161033608,0.0,1.0,1.5417207301580804,0.0048161140547196,0.0
shell,8,7,shell,1.0,equal,8,3,448,48.0,168.0,0,mle,1.5361220669980389,1.5407679619540702,pl,0.5940759358069214,0.5939162948923572,pl,20,ok,0.010574907248018964,0.10805268190248139,0.0,1.5407679619540702,0.004645894956031293,0.0,1.5407679619540702,0.004645894956031293,0.0
shell,8,8,shell,1.0,equal,8,3,448,48.0,168.0,0,mle,1.5339912608862771,1.5460359654987494,sm,0.5809528674914495,0.5822670434331201,pl,20,ok,0.02725394589351134,0.1028322321313489,0.0,1.5339912608862771,0.0,1.0,1.5460359654987494,0.012044704612472312,0.0
shell,8,9,shell,1.0,equal,8,3,448,48.0,168.0,0,mle,1.5341099716531545,1.5364615244850863,sm,0.5806448916014502,0.584212499797217,sm,20,ok,0.06033930663249211,0.10469299178080607,0.0,1.5341099716531545,0.0,1.0,1.5341099716531545,0.0,1.0
shell,8,10,shell,1.0,equal,8,3,448,48.0,168.0,0,mle,1.5344270401022801,1.5406758202165278,pl,0.5717796405025827,0.5707410742537534,pl,20,ok,0.031230611240687597,0.10567565345180667,0.0,1.5406758202165278,0.006248780114247676,0.0,1.5406758202165278,0.006248780114247676,0.0
shell,8,11,shell,1.0,equal,8,3,448,48.0,168.0,0,mle,1.5341207757033317,1.535976496303371,sm,0.5812444734184552,0.5819863662116407,pl,20,ok,0.026446906051815544,0.10196829705630296,0.0,1.5341207757033317,0.0,1.0,1.535976496303371,0.0018557206000393567,0.0
shell,8,12,shell,1.0,equal,8,3,448,48.0,168.0,0,mle,1.534921620483799,1.5402871281782287,sm,0.5710141468403718,0.5775810889990507,pl,20,ok,0.048443198080268556,0.09971247714496392,0.0,1.534921620483799,0.0,1.0,1.5402871281782287,0.005365507694429672,0.0
shell,8,13,shell,1.0,equal,8,3,448,48.0,168.0,0,mle,1.5523117988440476,1.5544014207153711,pl,0.5877491027471851,0.5867531632765937,pl,20,ok,0.03701668265495497,0.09658332386123053,0.0,1.5544014207153711,0.002089621871323555,0.0,1.5544014207153711,0.002089621871323555,0.0
shell,8,14,shell,1.0,equal,8,3,448,48.0,168.0,0,mle,1.5339912608862771,1.5381546322433484,sm,0.5772350580665198,0.5804332655758927,pl,20,ok,0.03777444517774993,0.10283223213134889,0.0,1.5339912608862771,0.0,1.0,1.5381546322433484,0.004163371357071233,0.0
shell,8,15,shell,1.0,equal,8,3,448,48.0,168.0,0,mle,1.5342900700105795,1.5407091537446609,pl,0.5892452750701654,0.5861424172477646,pl,20,ok,0.03058111433162235,0.1013057930383772,0.0,1.5407091537446609,0.006419083734081399,0.0,1.5407091537446609,0.006419083734081399,0.0
shell,8,16,shell,1.0,equal,8,3,448,48.0,168.0,0,mle,1.5344369222283403,1.544584620567658,sm,0.5866078407479768,0.5911497260306141,sm,20,ok,0.06784349778913283,0.1008572893298204,0.0,1.5344369222283403,0.0,1.0,1.5344369222283403,0.0,1.0
shell,8,17,shell,1.0,equal,8,3,448,48.0,168.0,0,mle,1.5344270401022801,1.536701552153231,sm,0.5891563234457887,0.593846384099951,sm,20,ok,0.05376262824867497,0.10567565345180664,0.0,1.5344270401022801,0.0,1.0,1.5344270401022801,0.0,1.0
shell,8,18,shell,1.0,equal,8,3,448,48.0,168.0,0,mle,1.5353185903983628,1.5366414127006776,sm,0.5806453956592172,0.5842409411785146,pl,20,ok,0.03529212559837003,0.10716944353974749,0.0,1.5353185903983628,0.0,1.0,1.5366414127006776,0.00132282230231473,0.0
shell,8,19,shell,1.0,equal,8,3,448,48.0,168.0,0,mle,1.5340780383675818,1.543197321026652,sm,0.5945762022207052,0.5988821650528369,pl,20,ok,0.024148466147091714,0.10218637257711391,0.0,1.5340780383675818,0.0,1.0,1.543197321026652,0.00911928265907025,0.0
shell,8,20,shell,1.0,equal,8,3,448,48.0,168.0,0,mle,1.5365671806970291,1.544030696303359,sm,0.5799741041330047,0.5891857423504926,sm,20,ok,0.06657251531368727,0.09707872487852033,0.0,1.5365671806970291,0.0,1.0,1.5365671806970291,0.0,1.0
shell,8,21,shell,1.0,equal,8,3,448,48.0,168.0,0,mle,1.537574523433633,1.5525693433458567,sm,0.5985115135284993,0.6014419219828305,pl,20,ok,0.031217513391668342,0.10922214705593532,0.0,1.537574523433633,0.0,1.0,1.5525693433458567,0.014994819912223623,0.0
shell,8,22,shell,1.0,equal,8,3,448,48.0,168.0,0,mle,1.5556136347851743,1.5380164805421623,pl,0.6071574904336401,0.6039663066664678,pl,20,ok,0.03336136120143347,0.10040337704421269,0.0,1.5380164805421623,0.0,1.0,1.5380164805421623,0.0,1.0
shell,8,23,shell,1.0,equal,8,3,448,48.0,168.0,0,mle,1.5343490291960302,1.5374625303097784,sm,0.5668255407453894,0.5719322347834229,sm,20,ok,0.0736330156528638,0.10548209846241702,0.0,1.5343490291960302,0.0,1.0,1.5343490291960302,0.0,1.0
shell,8,24,shell,1.0,equal,8,3,448,48.0,168.0,0,mle,1.560448076877572,1.549487640794319,pl,0.5778030423748153,0.5661204244532396,pl,20,ok,0.013982352301083564,0.10969885752076587,0.0,1.549487640794319,0.0,1.0,1.549487640794319,0.0,1.0
shell,8,25,shell,1.0,equal,8,3,448,48.0,168.0,0,mle,1.5397767997014564,1.541545981245728,sm,0.573626547727105,0.5784032918744363,sm,20,ok,0.05222504255427222,0.09350824228127826,0.0,1.5397767997014564,0.0,1.0,1.5397767997014564,0.0,1.0
shell,8,26,shell,1.0,equal,8,3,448,48.0,168.0,0,mle,1.535428782689236,1.5391176794611046,sm,0.5747742812932413,0.5776227285987062,sm,20,ok,0.05182716873785628,0.09877281272292486,0.0,1.535428782689236,0.0,1.0,1.535428782689236,0.0,1.0
shell,8,27,shell,1.0,equal,8,3,448,48.0,168.0,0,mle,1.5369046161033608,1.5428665722380093,sm,0.5758036682692164,0.5809792153490566,pl,20,ok,0.047806590941900096,0.10873065686002366,0.0,1.5369046161033608,0.0,1.0,1.5428665722380093,0.0059619561346484495,0.0
shell,8,28,shell,1.0,equal,8,3,448,48.0,168.0,0,mle,1.5339863031596663,1.5384363067155338,sm,0.5856035915608206,0.5901228253044736,pl,20,ok,0.04770626380399554,0.10388038723617485,0.0,1.5339863031596663,0.0,1.0,1.5384363067155338,0.004450003555867443,0.0
shell,8,29,shell,1.0,equal,8,3,448,48.0,168.0,0,mle,1.534214961953606,1.544254628306958,sm,0.584644674063818,0.593819815336817,sm,20,ok,0.06537566146007252,0.10509050903009655,0.0,1.534214961953606,0.0,1.0,1.534214961953606,0.0,1.0
shell,8,30,shell,1.0,equal,8,3,448,48.0,168.0,0,mle,1.5344369222283403,1.5446794105616188,pl,0.5843587112052613,0.5832720628713373,pl,20,ok,0.018132230773806816,0.10085728932982031,0.0,1.5446794105616188,0.010242488333278565,0.0,1.5446794105616188,0.010242488333278565,0.0
shell,8,31,shell,1.0,equal,8,3,448,48.0,168.0,0,mle,1.5510976883636547,1.5433501846871522,pl,0.5959135211090705,0.5942534603627726,pl,20,ok,0.028715300052413854,0.1026183465415446,0.0,1.5433501846871522,0.0,1.0,1.5433501846871522,0.0,1.0
shell,8,32,shell,1.0,equal,8,3,448,48.0,168.0,0,mle,1.5343490291960302,1.5400606261514458,sm,0.5781816892550167,0.5847182293313324,pl,20,ok,0.03290359878607375,0.10548209846241711,0.0,1.5343490291960302,0.0,1.0,1.5400606261514458,0.0057115969554155654,0.0
shell,8,33,shell,1.0,equal,8,3,448,48.0,168.0,0,mle,1.5345204726707444,1.5392762325722786,pl,0.5699759667256878,0.5698306272361188,pl,20,ok,0.0201882149819076,0.10063100611773729,0.0,1.5392762325722786,0.004755759901534207,0.0,1.5392762325722786,0.004755759901534207,0.0
shell,8,34,shell,1.0,equal,8,3,448,48.0,168.0,0,mle,1.5342268163024944,1.5393174830085885,sm,0.586091992495569,0.5938828756957976,sm,20,ok,0.06125630687979739,0.10152800092041572,0.0,1.5342268163024944,0.0,1.0,1.5342268163024944,0.0,1.0
shell,8,35,shell,1.0,equal,8,3,448,48.0,168.0,0,mle,1.533968195405972,1.5414390106969584,pl,0.5738580048898521,0.5737315217340244,pl,20,ok,0.04441546369841624,0.10325576823850702,0.0,1.5414390106969584,0.007470815290986366,0.0,1.5414390106969584,0.007470815290986366,0.0
shell,8,36,shell,1.0,equal,8,3,448,48.0,168.0,0,mle,1.5340338274539824,1.5386325467038278,sm,0.5777075606629902,0.5871308278714578,sm,20,ok,0.05446530999819196,0.10428960015259815,0.0,1.5340338274539824,0.0,1.0,1.5340338274539824,0.0,1.0
shell,8,37,shell,1.0,equal,8,3,448,48.0,168.0,0,mle,1.5343601133711338,1.5382256699695176,sm,0.5846590097562426,0.5855889229163702,sm,20,ok,0.053161208828524306,0.10108222040250833,0.0,1.5343601133711338,0.0,1.0,1.5343601133711338,0.0,1.0
shell,8,38,shell,1.0,equal,8,3,448,48.0,168.0,0,mle,1.5340780383675818,1.538715405685248,sm,0.568614048109135,0.5756044263297299,sm,20,ok,0.05732537376968522,0.1021863725771139,0.0,1.5340780383675818,0.0,1.0,1.5340780383675818,0.0,1.0
shell,8,39,shell,1.0,equal,8,3,448,48.0,168.0,0,mle,1.5345204726707444,1.5371000555379846,sm,0.5951693618202846,0.5994195302011188,sm,20,ok,0.05426153295509691,0.10063100611773727,0.0,1.5345204726707444,0.0,1.0,1.5345204726707444,0.0,1.0
shell,9,0,shell,2.0,equal,8,3,28,3.0,10.5,0,mle,1.726794036778815,1.6510870575287697,pl,0.6587908684868852,0.6285672004713838,pl,20,ok,0.020482868848039078,0.11596246315052872,0.0,1.6510870575287697,0.0,1.0,1.6510870575287697,0.0,1.0
shell,9,1,shell,2.0,equal,8,3,28,3.0,10.5,0,mle,1.5435377527362242,1.5337607704951486,sm,0.575547231307248,0.5938505647720597,pl,20,ok,0.02966949309634583,0.11198348902273741,0.0,1.5435377527362242,0.009776982241075594,0.0,1.5337607704951486,0.0,1.0
shell,9,2,shell,2.0,equal,8,3,28,3.0,10.5,0,mle,1.6686002122557486,1.561434294384178,pl,0.6391322249795887,0.6180235551256833,pl,20,ok,0.036049638887893184,0.1069880968661795,0.0,1.561434294384178,0.0,1.0,1.561434294384178,0.0,1.0
shell,9,3,shell,2.0,equal,8,3,28,3.0,10.5,0,mle,1.8812279685683588,1.6923404626979754,pl,0.7304637139309088,0.6567689333298522,pl,20,ok,0.00879455627217471,0.11198348902273729,0.0,1.6923404626979754,0.0,1.0,1.6923404626979754,0.0,1.0
shell,9,4,shell,2.0,equal,8,3,28,3.0,10.5,0,mle,1.6016117553982494,1.5302785916293975,pl,0.604427599248685,0.580733885269724,pl,20,ok,0.028206549955477396,0.1151490394127623,0.0,1.5302785916293975,0.0,1.0,1.5302785916293975,0.0,1.0
shell,9,5,shell,2.0,equal,8,3,28,3.0,10.5,0,mle,1.7509414728978423,1.5826341513093007,pl,0.6770233205989807,0.6103123871387008,pl,20,ok,-0.00029140841162388564,0.09244522289529916,0.0,1.5826341513093007,0.0,1.0,1.5826341513093007,0.0,1.0
shell,9,6,shell,2.0,equal,8,3,28,3.0,10.5,0,mle,1.691487481478506,1.6027580919672737,pl,0.6566481640037388,0.62110381283852,pl,20,ok,0.04144161309410344,0.11198348902273729,0.0,1.6027580919672737,0.0,1.0,1.6027580919672737,0.0,1.0
shell,9,7,shell,2.0,equal,8,3,28,3.0,10.5,0,mle,1.6131811959675624,1.6254967520308836,sm,0.6136337336700385,0.6278509451025299,sm,20,ok,0.05772786799560147,0.11381112446842777,0.0,1.6131811959675624,0.0,1.0,1.6131811959675624,0.0,1.0
shell,9,8,shell,2.0,equal,8,3,28,3.0,10.5,0,mle,1.6834455533257286,1.5433614098073662,pl,0.6402332282004188,0.597354230155207,pl,20,ok,0.03323470310292967,0.10698809686617948,0.0,1.5433614098073662,0.0,1.0,1.5433614098073662,0.0,1.0
shell,9,9,shell,2.0,equal,8,3,28,3.0,10.5,0,mle,1.6331168936270815,1.7315148433824854,sm,0.632611564336507,0.6832257834910381,pl,20,ok,-0.003776126408675119,0.10969885752076593,0.0,1.6331168936270815,0.0,1.0,1.7315148433824854,0.09839794975540395,0.0
shell,9,10,shell,2.0,equal,8,3,28,3.0,10.5,0,mle,1.772048761497084,1.7304432701313117,sm,0.6921468193190381,0.7047539263515478,pl,20,ok,0.017956686866501082,0.10351206420639848,0.0,1.772048761497084,0.041605491365772185,0.0,1.7304432701313117,0.0,1.0
shell,9,11,shell,2.0,equal,8,3,28,3.0,10.5,0,mle,1.7570561300106105,1.6332186100351127,pl,0.6886780955507669,0.6279622051707715,pl,20,ok,0.00230584506030006,0.11198348902273736,0.0,1.6332186100351127,0.0,1.0,1.6332186100351127,0.0,1.0
shell,9,12,shell,2.0,equal,8,3,28,3.0,10.5,0,mle,1.7279597648683969,1.5991877122887996,pl,0.641917538889076,0.6000835175372591,pl,20,ok,0.01544755123133879,0.10388038723617488,0.0,1.5991877122887996,0.0,1.0,1.5991877122887996,0.0,1.0
shell,9,13,shell,2.0,equal,8,3,28,3.0,10.5,0,mle,1.5940304912178136,1.5910123174098958,sm,0.6177916013831892,0.6234113751958807,pl,20,ok,0.04484719150633114,0.103880387236175,0.0,1.5940304912178136,0.003018173807917801,0.0,1.5910123174098958,0.0,1.0
shell,9,14,shell,2.0,equal,8,3,28,3.0,10.5,0,mle,1.6482117211721357,1.6524738252285978,sm,0.6314304125772926,0.6439158500978804,pl,20,ok,0.014127993000835583,0.09658332386123054,0.0,1.6482117211721357,0.0,1.0,1.6524738252285978,0.0042621040564621016,0.0
shell,9,15,shell,2.0,equal,8,3,28,3.0,10.5,0,mle,1.5550567532149873,1.5408629412710364,sm,0.5898852852844744,0.5907536474955343,pl,20,ok,0.03717633800063722,0.10388038723617495,0.0,1.5550567532149873,0.014193811943950863,0.0,1.5408629412710364,0.0,1.0
shell,9,16,shell,2.0,equal,8,3,28,3.0,10.5,0,mle,1.63398697445199,1.7689462396086306,sm,0.6177916013831892,0.6955909610248843,sm,20,ok,0.06118275709541612,0.1038803872361749,0.0,1.63398697445199,0.0,1.0,1.63398697445199,0.0,1.0
shell,9,17,shell,2.0,equal,8,3,28,3.0,10.5,0,mle,1.8238854246150742,1.671947427906631,pl,0.679572077606248,0.6371350657943603,pl,20,ok,-0.009744873301792665,0.11621436976736418,0.0,1.671947427906631,0.0,1.0,1.671947427906631,0.0,1.0
shell,9,18,shell,2.0,equal,8,3,28,3.0,10.5,0,mle,1.7886616502335,1.7520479101946211,pl,0.6805847421549411,0.6744600939945429,pl,20,ok,0.024256930438123683,0.11621436976736411,0.0,1.7520479101946211,0.0,1.0,1.7520479101946211,0.0,1.0
shell,9,19,shell,2.0,equal,8,3,28,3.0,10.5,0,mle,1.6688279120562228,1.562854271946132,pl,0.6444992309187196,0.6049288838338596,pl,20,ok,0.03670173621654673,0.09244522289529905,0.0,1.562854271946132,0.0,1.0,1.562854271946132,0.0,1.0
shell,9,20,shell,2.0,equal,8,3,28,3.0,10.5,0,mle,1.7756123386660403,2.0436413820781003,sm,0.6769288753188878,0.7886918245903107,pl,20,ok,0.010033085567770437,0.11586524632099314,0.0,1.7756123386660403,0.0,1.0,2.0436413820781003,0.26802904341206,0.0
shell,9,21,shell,2.0,equal,8,3,28,3.0,10.5,0,mle,1.6376467797943257,1.726353137690463,sm,0.6229148319169362,0.6729367428251242,pl,20,ok,0.028645564115910137,0.1162143697673641,0.0,1.6376467797943257,0.0,1.0,1.726353137690463,0.08870635789613734,0.0
shell,9,22,shell,2.0,equal,8,3,28,3.0,10.5,0,mle,1.5912497678120323,1.6271012302416497,sm,0.5871328643700053,0.6130778406063173,pl,20,ok,0.040947088159673566,0.1038803872361749,0.0,1.5912497678120323,0.0,1.0,1.6271012302416497,0.03585146242961734,0.0
shell,9,23,shell,2.0,equal,8,3,28,3.0,10.5,0,mle,1.5900472980117761,1.53593102802937,pl,0.6037656869182298,0.5901435091980469,pl,20,ok,-0.0020251657585610328,0.1151490394127624,0.0,1.53593102802937,0.0,1.0,1.53593102802937,0.0,1.0
shell,9,24,shell,2.0,equal,8,3,28,3.0,10.5,0,mle,1.741758654758637,1.5424879510076708,pl,0.6608041177415512,0.5833834394262964,pl,20,ok,-0.0021452495533486556,0.1151490394127622,0.0,1.5424879510076708,0.0,1.0,1.5424879510076708,0.0,1.0
shell,9,25,shell,2.0,equal,8,3,28,3.0,10.5,0,mle,1.6720546966159595,1.6706493892330756,pl,0.6384487948944306,0.6350440006583923,pl,20,ok,0.005060271998705007,0.10969885752076594,0.0,1.6706493892330756,0.0,1.0,1.6706493892330756,0.0,1.0
shell,9,26,shell,2.0,equal,8,3,28,3.0,10.5,0,mle,1.7206855667557022,1.6173896190245045,pl,0.6701725041981007,0.6288924269376287,pl,20,ok,-0.0003610042282430864,0.11586524632099315,0.0,1.6173896190245045,0.0,1.0,1.6173896190245045,0.0,1.0
shell,9,27,shell,2.0,equal,8,3,28,3.0,10.5,0,mle,1.59127872140788,1.531017998301238,pl,0.6005724872922824,0.5934584535239696,pl,20,ok,0.03667388061507309,0.11596246315052874,0.0,1.531017998301238,0.0,1.0,1.531017998301238,0.0,1.0
shell,9,28,shell,2.0,equal,8,3,28,3.0,10.5,0,mle,1.8288039499804438,1.713258820954005,pl,0.7224719288620363,0.6781052337457716,pl,20,ok,0.013598827115851609,0.1107736407459121,0.0,1.713258820954005,0.0,1.0,1.713258820954005,0.0,1.0
shell,9,29,shell,2.0,equal,8,3,28,3.0,10.5,0,mle,1.7131553748219313,1.5725480974096215,pl,0.6580519071113986,0.6022490301775587,pl,20,ok,0.024455829842765495,0.11514903941276235,0.0,1.5725480974096215,0.0,1.0,1.5725480974096215,0.0,1.0
shell,9,30,shell,2.0,equal,8,3,28,3.0,10.5,0,mle,1.7027715984896556,1.6362228688196192,pl,0.6548270947889325,0.6254561605043175,pl,20,ok,-0.008659546376304174,0.11487283515807815,0.0,1.6362228688196192,0.0,1.0,1.6362228688196192,0.0,1.0
shell,9,31,shell,2.0,equal,8,3,28,3.0,10.5,0,mle,1.8643844050282343,1.891653241605718,sm,0.7567073869640448,0.7623195186501116,pl,20,ok,-0.009471789297201322,0.11586524632099306,0.0,1.8643844050282343,0.0,1.0,1.891653241605718,0.02726883657748358,0.0
shell,9,32,shell,2.0,equal,8,3,28,3.0,10.5,0,mle,1.707282010180667,1.6390681278122525,pl,0.6683696670785871,0.6388324088406178,pl,20,ok,-0.02294169744205073,0.11596246315052874,0.0,1.6390681278122525,0.0,1.0,1.6390681278122525,0.0,1.0
shell,9,33,shell,2.0,equal,8,3,28,3.0,10.5,0,mle,1.9990865221617993,,abstain,0.7731649098288336,,abstain,0,fit_unavailable,,,,,,,,,
shell,9,34,shell,2.0,equal,8,3,28,3.0,10.5,0,mle,1.6770388807210854,1.5564158854001215,pl,0.6432482629795645,0.6135024370648611,pl,20,ok,-0.011081296729131869,0.11198348902273728,0.0,1.5564158854001215,0.0,1.0,1.5564158854001215,0.0,1.0
shell,9,35,shell,2.0,equal,8,3,28,3.0,10.5,0,mle,1.6729065210689371,1.5439308998705772,pl,0.6338903585481971,0.5938565065151552,pl,20,ok,0.03322426678840279,0.10698809686617952,0.0,1.5439308998705772,0.0,1.0,1.5439308998705772,0.0,1.0
shell,9,36,shell,2.0,equal,8,3,28,3.0,10.5,0,mle,1.7306684706559492,1.7396954982580435,sm,0.6832952083025384,0.6922810619075896,pl,20,ok,0.018988915847329542,0.11487283515807814,0.0,1.7306684706559492,0.0,1.0,1.7396954982580435,0.009027027602094284,0.0
shell,9,37,shell,2.0,equal,8,3,28,3.0,10.5,0,mle,1.7074242947196936,1.8648901662223982,sm,0.6537570645078008,0.7468678941791522,pl,20,ok,0.025518664896295076,0.11319184697072261,0.0,1.7074242947196936,0.0,1.0,1.8648901662223982,0.15746587150270464,0.0
shell,9,38,shell,2.0,equal,8,3,28,3.0,10.5,0,mle,1.6264572141729092,1.6583724476195691,sm,0.600386851663221,0.6173662568280937,pl,20,ok,0.008673430050236694,0.11381112446842769,0.0,1.6264572141729092,0.0,1.0,1.6583724476195691,0.03191523344665992,0.0
shell,9,39,shell,2.0,equal,8,3,28,3.0,10.5,0,mle,1.5725122921768733,1.5822506576884545,sm,0.6087690308951564,0.6516472881924569,sm,20,ok,0.08381479165012001,0.11514903941276244,0.0,1.5725122921768733,0.0,1.0,1.5725122921768733,0.0,1.0
shell,10,0,shell,2.0,equal,8,3,112,12.0,42.0,0,mle,1.5682575281670075,1.5518828435730487,sm,0.5858310577482668,0.5907274184521097,pl,20,ok,0.008969396627333787,0.11339881515370806,0.0,1.5682575281670075,0.016374684593958744,0.0,1.5518828435730487,0.0,1.0
shell,10,1,shell,2.0,equal,8,3,112,12.0,42.0,0,mle,1.5883335130213088,1.548176593212926,pl,0.5928887955435521,0.588847715316644,pl,20,ok,0.0413104261259058,0.11295643087554834,0.0,1.548176593212926,0.0,1.0,1.548176593212926,0.0,1.0
shell,10,2,shell,2.0,equal,8,3,112,12.0,42.0,0,mle,1.5438988113029604,1.5110464107753834,pl,0.5781667965058517,0.5653665933785018,pl,20,ok,0.017160187982040637,0.09756911007873548,0.0,1.5110464107753834,0.0,1.0,1.5110464107753834,0.0,1.0
shell,10,3,shell,2.0,equal,8,3,112,12.0,42.0,0,mle,1.5508968825259348,1.532863451770069,pl,0.5933251664685969,0.5910938970836128,pl,20,ok,-0.0008229896299266763,0.10624727836183823,0.0,1.532863451770069,0.0,1.0,1.532863451770069,0.0,1.0
shell,10,4,shell,2.0,equal,8,3,112,12.0,42.0,0,mle,1.5913438498484465,1.527213545888801,pl,0.6052131906186022,0.5948728357407934,pl,20,ok,0.031302033425431926,0.09658332386123045,0.0,1.527213545888801,0.0,1.0,1.527213545888801,0.0,1.0
shell,10,5,shell,2.0,equal,8,3,112,12.0,42.0,0,mle,1.641237371723501,1.5479286773147534,pl,0.6381786184530458,0.5909026395108409,pl,20,ok,-0.05098128158129653,0.10469299178080599,0.0,1.5479286773147534,0.0,1.0,1.5479286773147534,0.0,1.0
shell,10,6,shell,2.0,equal,8,3,112,12.0,42.0,0,mle,1.5424523036436346,1.5157671252989287,pl,0.5786280369459538,0.5741308718714851,pl,20,ok,0.026168287091618853,0.10304470818968993,0.0,1.5157671252989287,0.0,1.0,1.5157671252989287,0.0,1.0
shell,10,7,shell,2.0,equal,8,3,112,12.0,42.0,0,mle,1.622198315784978,1.5516410193640726,pl,0.6191041911856033,0.5978314769751175,pl,20,ok,0.013113075818413011,0.1129564308755483,0.0,1.5516410193640726,0.0,1.0,1.5516410193640726,0.0,1.0
shell,10,8,shell,2.0,equal,8,3,112,12.0,42.0,0,mle,1.6346435521273428,1.567310387120723,pl,0.6063236095591605,0.5856677778929904,pl,20,ok,-0.006704123787578279,0.1062472783618382,0.0,1.567310387120723,0.0,1.0,1.567310387120723,0.0,1.0
shell,10,9,shell,2.0,equal,8,3,112,12.0,42.0,0,mle,1.6173937533951397,1.5276842255308267,pl,0.617508110053785,0.5788533427263599,pl,20,ok,-0.018735958537503126,0.10624727836183818,0.0,1.5276842255308267,0.0,1.0,1.5276842255308267,0.0,1.0
shell,10,10,shell,2.0,equal,8,3,112,12.0,42.0,0,mle,1.5519104078929828,1.5269452579118763,pl,0.598999727778714,0.5868191478855587,pl,20,ok,-0.015629038783561453,0.09853464046649042,0.0,1.5269452579118763,0.0,1.0,1.5269452579118763,0.0,1.0
shell,10,11,shell,2.0,equal,8,3,112,12.0,42.0,0,mle,1.5732576028309309,1.5373326884705443,pl,0.5840913219801107,0.5784050938679766,pl,20,ok,0.02070940672197095,0.10130579303837717,0.0,1.5373326884705443,0.0,1.0,1.5373326884705443,0.0,1.0
shell,10,12,shell,2.0,equal,8,3,112,12.0,42.0,0,mle,1.5635762117491396,1.5574012821812526,pl,0.5973814262244114,0.5965493057224194,pl,20,ok,0.04230332614600898,0.0913638212256267,0.0,1.5574012821812526,0.0,1.0,1.5574012821812526,0.0,1.0
shell,10,13,shell,2.0,equal,8,3,112,12.0,42.0,0,mle,1.568411853844425,1.5149175980980731,pl,0.6202422293284165,0.6043958356802513,pl,20,ok,0.03057332978842733,0.10905994953308254,0.0,1.5149175980980731,0.0,1.0,1.5149175980980731,0.0,1.0
shell,10,14,shell,2.0,equal,8,3,112,12.0,42.0,0,mle,1.6029189097076522,1.519125054373694,pl,0.6081862500991654,0.5847801375553541,pl,20,ok,0.02960127496328224,0.10469299178080602,0.0,1.519125054373694,0.0,1.0,1.519125054373694,0.0,1.0
shell,10,15,shell,2.0,equal,8,3,112,12.0,42.0,0,mle,1.6769549214421704,1.532414386101397,pl,0.6376589853272201,0.5834220411015539,pl,20,ok,0.0373457363545226,0.1062472783618383,0.0,1.532414386101397,0.0,1.0,1.532414386101397,0.0,1.0
shell,10,16,shell,2.0,equal,8,3,112,12.0,42.0,0,mle,1.6000971568729936,1.5185594993367906,pl,0.6050612595486106,0.57520676007733,pl,20,ok,0.027333752445092077,0.09658332386123053,0.0,1.5185594993367906,0.0,1.0,1.5185594993367906,0.0,1.0
shell,10,17,shell,2.0,equal,8,3,112,12.0,42.0,0,mle,1.53434902919603,1.5118088499892592,sm,0.5650850359005367,0.5670507166997757,pl,20,ok,0.04025398455813918,0.10548209846241716,0.0,1.53434902919603,0.02254017920677076,0.0,1.5118088499892592,0.0,1.0
shell,10,18,shell,2.0,equal,8,3,112,12.0,42.0,0,mle,1.5652465430990747,1.5452140447536462,pl,0.6028181009759341,0.5966172394920012,pl,20,ok,0.015221121346755058,0.09244522289529905,0.0,1.5452140447536462,0.0,1.0,1.5452140447536462,0.0,1.0
shell,10,19,shell,2.0,equal,8,3,112,12.0,42.0,0,mle,1.5432318805853145,1.5070609852979422,pl,0.5893759870454037,0.5782440534491512,pl,20,ok,0.0069273716956157,0.10548209846241696,0.0,1.5070609852979422,0.0,1.0,1.5070609852979422,0.0,1.0
shell,10,20,shell,2.0,equal,8,3,112,12.0,42.0,0,mle,1.588352865250256,1.527845056021607,pl,0.5824255692559202,0.56728121162413,pl,20,ok,0.015426891803092733,0.11540297248386473,0.0,1.527845056021607,0.0,1.0,1.527845056021607,0.0,1.0
shell,10,21,shell,2.0,equal,8,3,112,12.0,42.0,0,mle,1.5429862808749328,1.5291453823442351,sm,0.5843189802354446,0.5941886502394027,pl,20,ok,0.013417626404651,0.09947952701994105,0.0,1.5429862808749328,0.013840898530697698,0.0,1.5291453823442351,0.0,1.0
shell,10,22,shell,2.0,equal,8,3,112,12.0,42.0,0,mle,1.5958979539875426,1.5169389943691574,pl,0.6147861699456891,0.5866974252121608,pl,20,ok,0.007190076744133487,0.104692991780806,0.0,1.5169389943691574,0.0,1.0,1.5169389943691574,0.0,1.0
shell,10,23,shell,2.0,equal,8,3,112,12.0,42.0,0,mle,1.6166096037523408,1.571874652151304,pl,0.6096653212868317,0.5958132467962184,sm,20,ok,0.057624809278859566,0.11198348902273735,0.0,1.571874652151304,0.0,1.0,1.6166096037523408,0.04473495160103669,0.0
shell,10,24,shell,2.0,equal,8,3,112,12.0,42.0,0,mle,1.569495508601942,1.5513034810377826,pl,0.5975172728824152,0.5932439503018547,pl,20,ok,9.740905337806664e-06,0.10698809686617948,0.0,1.5513034810377826,0.0,1.0,1.5513034810377826,0.0,1.0
shell,10,25,shell,2.0,equal,8,3,112,12.0,42.0,0,mle,1.5703251149162085,1.5389657622888993,pl,0.6028892953128174,0.5966173283482027,pl,20,ok,0.0172551110704097,0.10130579303837714,0.0,1.5389657622888993,0.0,1.0,1.5389657622888993,0.0,1.0
shell,10,26,shell,2.0,equal,8,3,112,12.0,42.0,0,mle,1.6025496778111603,1.518835615567236,pl,0.615354048828677,0.5843050282746152,pl,20,ok,0.0168244351096042,0.09350824228127828,0.0,1.518835615567236,0.0,1.0,1.518835615567236,0.0,1.0
shell,10,27,shell,2.0,equal,8,3,112,12.0,42.0,0,mle,1.5812941183435216,1.5102832755077946,pl,0.5937860441936262,0.5789486524074612,sm,20,ok,0.07007244794808212,0.10770411352989498,0.0,1.5102832755077946,0.0,1.0,1.5812941183435216,0.071010842835727,0.0
shell,10,28,shell,2.0,equal,8,3,112,12.0,42.0,0,mle,1.552391835786429,1.5161890170893348,pl,0.5864212634742907,0.5828510324581939,pl,20,ok,0.020646533601054638,0.10969885752076595,0.0,1.5161890170893348,0.0,1.0,1.5161890170893348,0.0,1.0
shell,10,29,shell,2.0,equal,8,3,112,12.0,42.0,0,mle,1.5930143490889899,1.5622900716323047,pl,0.6106268589656261,0.60252771117011,pl,20,ok,0.015988783061207414,0.10218637257711377,0.0,1.5622900716323047,0.0,1.0,1.5622900716323047,0.0,1.0
shell,10,30,shell,2.0,equal,8,3,112,12.0,42.0,0,mle,1.6052498490755722,1.5196855138967662,pl,0.5980065375643119,0.5721075646710537,pl,20,ok,0.011047346819967227,0.10469299178080609,0.0,1.5196855138967662,0.0,1.0,1.5196855138967662,0.0,1.0
shell,10,31,shell,2.0,equal,8,3,112,12.0,42.0,0,mle,1.567837415885617,1.5243667367629914,pl,0.5996008576365918,0.5874374019530949,pl,20,ok,-0.01162175231360434,0.10770411352989491,0.0,1.5243667367629914,0.0,1.0,1.5243667367629914,0.0,1.0
shell,10,32,shell,2.0,equal,8,3,112,12.0,42.0,0,mle,1.5623466446045668,1.551625896286993,sm,0.5770969357872959,0.5785930364433292,pl,20,ok,0.007610041516579085,0.11295643087554831,0.0,1.5623466446045668,0.010720748317573747,0.0,1.551625896286993,0.0,1.0
shell,10,33,shell,2.0,equal,8,3,112,12.0,42.0,0,mle,1.5887291350531085,1.5322743295696502,pl,0.601803085378347,0.5797602634886025,pl,20,ok,-0.002722324050421111,0.09658332386123056,0.0,1.5322743295696502,0.0,1.0,1.5322743295696502,0.0,1.0
shell,10,34,shell,2.0,equal,8,3,112,12.0,42.0,0,mle,1.5654009286537576,1.539248551927051,pl,0.5858862225205418,0.5838064096609837,pl,20,ok,0.011005425833399649,0.10698809686617951,0.0,1.539248551927051,0.0,1.0,1.539248551927051,0.0,1.0
shell,10,35,shell,2.0,equal,8,3,112,12.0,42.0,0,mle,1.6109705531233418,1.54108949797289,pl,0.6130070962277443,0.5943693418495571,pl,20,ok,0.027394391091122502,0.10698809686617947,0.0,1.54108949797289,0.0,1.0,1.54108949797289,0.0,1.0
shell,10,36,shell,2.0,equal,8,3,112,12.0,42.0,0,mle,1.574206665685077,1.5310421120768205,pl,0.579736861227937,0.5710714072489752,pl,20,ok,0.02966567533362882,0.10304470818968986,0.0,1.5310421120768205,0.0,1.0,1.5310421120768205,0.0,1.0
shell,10,37,shell,2.0,equal,8,3,112,12.0,42.0,0,mle,1.5727050792829265,1.5391704405026634,pl,0.5996789052301581,0.5915234718314658,pl,20,ok,0.04294725519371255,0.09756911007873557,0.0,1.5391704405026634,0.0,1.0,1.5391704405026634,0.0,1.0
shell,10,38,shell,2.0,equal,8,3,112,12.0,42.0,0,mle,1.5596947294972243,1.5793169045490936,sm,0.5908579630828592,0.6120127994425749,pl,20,ok,0.03297868205643483,0.11339881515370809,0.0,1.5596947294972243,0.0,1.0,1.5793169045490936,0.01962217505186925,0.0
shell,10,39,shell,2.0,equal,8,3,112,12.0,42.0,0,mle,1.6390126601286454,1.5380052085063927,pl,0.6182854424819466,0.5924054596109943,pl,20,ok,0.01028512882477908,0.11381112446842788,0.0,1.5380052085063927,0.0,1.0,1.5380052085063927,0.0,1.0
shell,11,0,shell,2.0,equal,8,3,448,48.0,168.0,0,mle,1.5468848766941194,1.5093450844764695,pl,0.5840278826249626,0.572813230770399,pl,20,ok,0.020556026770420465,0.09853464046649042,0.0,1.5093450844764695,0.0,1.0,1.5093450844764695,0.0,1.0
shell,11,1,shell,2.0,equal,8,3,448,48.0,168.0,0,mle,1.535945955754581,1.5050176761839464,pl,0.5761449247647181,0.5663119939470216,pl,20,ok,-0.002057928885536641,0.10787919022668009,0.0,1.5050176761839464,0.0,1.0,1.5050176761839464,0.0,1.0
shell,11,2,shell,2.0,equal,8,3,448,48.0,168.0,0,mle,1.5339762321498367,1.501937401075622,pl,0.5794464125581308,0.5731119854805532,pl,20,ok,0.021509747106842454,0.10304470818968987,0.0,1.501937401075622,0.0,1.0,1.501937401075622,0.0,1.0
shell,11,3,shell,2.0,equal,8,3,448,48.0,168.0,0,mle,1.534705341684307,1.5004918549248858,pl,0.5843775759596195,0.5747153412636742,pl,20,ok,-0.009863483596107557,0.10624727836183827,0.0,1.5004918549248858,0.0,1.0,1.5004918549248858,0.0,1.0
shell,11,4,shell,2.0,equal,8,3,448,48.0,168.0,0,mle,1.5543956806139438,1.5015081417712453,pl,0.5736608267946454,0.5626507893146447,pl,20,ok,0.027739831834623134,0.10017440836784956,0.0,1.5015081417712453,0.0,1.0,1.5015081417712453,0.0,1.0
shell,11,5,shell,2.0,equal,8,3,448,48.0,168.0,0,mle,1.5729423846237331,1.5128986545335348,pl,0.5779876783403595,0.5649208074047257,pl,20,ok,0.03417217323144541,0.10787919022667995,0.0,1.5128986545335348,0.0,1.0,1.5128986545335348,0.0,1.0
shell,11,6,shell,2.0,equal,8,3,448,48.0,168.0,0,mle,1.5609178193683915,1.5021198294698654,pl,0.5790155427023562,0.5656361438787708,pl,20,ok,0.041703373546290376,0.09853464046649045,0.0,1.5021198294698654,0.0,1.0,1.5021198294698654,0.0,1.0
shell,11,7,shell,2.0,equal,8,3,448,48.0,168.0,0,mle,1.5354639367041938,1.501687414628209,pl,0.5818979861779922,0.5654087317016738,pl,20,ok,-0.01331600374889329,0.10734923318766677,0.0,1.501687414628209,0.0,1.0,1.501687414628209,0.0,1.0
shell,11,8,shell,2.0,equal,8,3,448,48.0,168.0,0,mle,1.5546505593233266,1.5075292261817073,pl,0.5922886979584762,0.5739408407469289,pl,20,ok,0.013414828177405705,0.10283223213134879,0.0,1.5075292261817073,0.0,1.0,1.5075292261817073,0.0,1.0
shell,11,9,shell,2.0,equal,8,3,448,48.0,168.0,0,mle,1.547916151083606,1.5030859626133775,pl,0.5841931829484384,0.5694484956305655,pl,20,ok,0.005515639436965667,0.10643478397285529,0.0,1.5030859626133775,0.0,1.0,1.5030859626133775,0.0,1.0
shell,11,10,shell,2.0,equal,8,3,448,48.0,168.0,0,mle,1.5424778068906217,1.5034289421003844,pl,0.5833118880439808,0.5698928697825042,pl,20,ok,0.00715894914654733,0.10325576823850711,0.0,1.5034289421003844,0.0,1.0,1.5034289421003844,0.0,1.0
shell,11,11,shell,2.0,equal,8,3,448,48.0,168.0,0,mle,1.5679134606887866,1.5143589889780351,pl,0.581759923470613,0.5647441521394011,pl,20,ok,0.05166823485561468,0.10449202693780615,0.0,1.5143589889780351,0.0,1.0,1.5143589889780351,0.0,1.0
shell,11,12,shell,2.0,equal,8,3,448,48.0,168.0,0,mle,1.5499666350016175,1.5111327058240542,pl,0.5963058041909249,0.5882314541753496,pl,20,ok,0.026119089184329956,0.11060715073561976,0.0,1.5111327058240542,0.0,1.0,1.5111327058240542,0.0,1.0
shell,11,13,shell,2.0,equal,8,3,448,48.0,168.0,0,mle,1.5373432449374782,1.5077512553739942,pl,0.5714469728522906,0.5585112229715599,pl,20,ok,0.013357490030267117,0.10905994953308253,0.0,1.5077512553739942,0.0,1.0,1.5077512553739942,0.0,1.0
shell,11,14,shell,2.0,equal,8,3,448,48.0,168.0,0,mle,1.5631470836519386,1.5029417045845332,pl,0.5834912599498466,0.5724918893060899,pl,20,ok,0.03414686838383784,0.10548209846241714,0.0,1.5029417045845332,0.0,1.0,1.5029417045845332,0.0,1.0
shell,11,15,shell,2.0,equal,8,3,448,48.0,168.0,0,mle,1.544192223369133,1.5102633547503517,pl,0.5820512595526831,0.5743290649806756,pl,20,ok,0.01197785991590914,0.09707872487852037,0.0,1.5102633547503517,0.0,1.0,1.5102633547503517,0.0,1.0
shell,11,16,shell,2.0,equal,8,3,448,48.0,168.0,0,mle,1.5653924927164653,1.5004021442476434,pl,0.5990405901559126,0.5896322797104352,sm,20,ok,0.052834432494443,0.10528704807693977,0.0,1.5004021442476434,0.0,1.0,1.5653924927164653,0.0649903484688219,0.0
shell,11,17,shell,2.0,equal,8,3,448,48.0,168.0,0,mle,1.5371199546016048,1.5086223058977422,sm,0.5939536001978465,0.5970900638782544,pl,20,ok,0.010279871722521951,0.10889611706578342,0.0,1.5371199546016048,0.02849764870386262,0.0,1.5086223058977422,0.0,1.0
shell,11,18,shell,2.0,equal,8,3,448,48.0,168.0,0,mle,1.534078038367582,1.5036056863793275,pl,0.5785456949845457,0.5741714931090328,pl,20,ok,0.027232748290255637,0.1021863725771138,0.0,1.5036056863793275,0.0,1.0,1.5036056863793275,0.0,1.0
shell,11,19,shell,2.0,equal,8,3,448,48.0,168.0,0,mle,1.5348129668854622,1.5075595227223126,pl,0.583358309161169,0.57196722748745,pl,20,ok,-0.011416577041614077,0.10643478397285532,0.0,1.5075595227223126,0.0,1.0,1.5075595227223126,0.0,1.0
shell,11,20,shell,2.0,equal,8,3,448,48.0,168.0,0,mle,1.546144614849576,1.5093239328043397,pl,0.5893566981068857,0.5788304434248763,pl,20,ok,0.009546696427094622,0.10196829705630295,0.0,1.5093239328043397,0.0,1.0,1.5093239328043397,0.0,1.0
shell,11,21,shell,2.0,equal,8,3,448,48.0,168.0,0,mle,1.538580258767137,1.5050027406727797,pl,0.5911364205001174,0.5787365951474284,pl,20,ok,0.0012980002428083681,0.10985444270198562,0.0,1.5050027406727797,0.0,1.0,1.5050027406727797,0.0,1.0
shell,11,22,shell,2.0,equal,8,3,448,48.0,168.0,0,mle,1.5671044118925315,1.5096500279381444,pl,0.6000136272461134,0.5876584378808765,pl,20,ok,0.047904665032234034,0.10839488193253499,0.0,1.5096500279381444,0.0,1.0,1.5096500279381444,0.0,1.0
shell,11,23,shell,2.0,equal,8,3,448,48.0,168.0,0,mle,1.5342268163024944,1.5117558830706805,pl,0.5852041729848623,0.5740678661321653,pl,20,ok,0.006573253428268485,0.1015280009204157,0.0,1.5117558830706805,0.0,1.0,1.5117558830706805,0.0,1.0
shell,11,24,shell,2.0,equal,8,3,448,48.0,168.0,0,mle,1.534013255414905,1.5099082196680074,pl,0.5929383876291044,0.5807927769291755,pl,20,ok,-0.007913009366230517,0.10261834654154471,0.0,1.5099082196680074,0.0,1.0,1.5099082196680074,0.0,1.0
shell,11,25,shell,2.0,equal,8,3,448,48.0,168.0,0,mle,1.5425969184593349,1.5068286390850574,pl,0.5887723961010066,0.5762627866983803,pl,20,ok,-0.011822667733207507,0.10388038723617478,0.0,1.5068286390850574,0.0,1.0,1.5068286390850574,0.0,1.0
shell,11,26,shell,2.0,equal,8,3,448,48.0,168.0,0,mle,1.5345204726707444,1.5010977263311096,pl,0.5833841666264465,0.5775141718456915,pl,20,ok,0.00497951853395212,0.10063100611773733,0.0,1.5010977263311096,0.0,1.0,1.5010977263311096,0.0,1.0
shell,11,27,shell,2.0,equal,8,3,448,48.0,168.0,0,mle,1.5473304908208476,1.519304125248438,sm,0.5890815987005658,0.5921228369963649,pl,20,ok,0.007865932374750879,0.10567565345180671,0.0,1.5473304908208476,0.02802636557240956,0.0,1.519304125248438,0.0,1.0
shell,11,28,shell,2.0,equal,8,3,448,48.0,168.0,0,mle,1.5611949046053175,1.504757750747257,pl,0.6083896959905416,0.5891529668145024,pl,20,ok,-0.017845360642491502,0.11075259689020753,0.0,1.504757750747257,0.0,1.0,1.504757750747257,0.0,1.0
shell,11,29,shell,2.0,equal,8,3,448,48.0,168.0,0,mle,1.5356169242336135,1.5083038677433476,pl,0.5792756482996599,0.5786597908535472,pl,20,ok,0.00810893120639702,0.10752745884667599,0.0,1.5083038677433476,0.0,1.0,1.5083038677433476,0.0,1.0
shell,11,30,shell,2.0,equal,8,3,448,48.0,168.0,0,mle,1.53434902919603,1.5043102612002937,pl,0.5699337074334178,0.561227113294361,pl,20,ok,0.014421445088301248,0.10548209846241695,0.0,1.5043102612002937,0.0,1.0,1.5043102612002937,0.0,1.0
shell,11,31,shell,2.0,equal,8,3,448,48.0,168.0,0,mle,1.5575984195314405,1.506227825062405,pl,0.5841684057036834,0.5709742656699042,pl,20,ok,0.025073823902654224,0.1069880968661795,0.0,1.506227825062405,0.0,1.0,1.506227825062405,0.0,1.0
shell,11,32,shell,2.0,equal,8,3,448,48.0,168.0,0,mle,1.5346107410288816,1.506895423425914,pl,0.5872284181838977,0.5798714120451752,pl,20,ok,-0.018546845046563554,0.1004033770442127,0.0,1.506895423425914,0.0,1.0,1.506895423425914,0.0,1.0
shell,11,33,shell,2.0,equal,8,3,448,48.0,168.0,0,mle,1.534605165986218,1.5033676497170347,sm,0.588214147604435,0.590532002314099,pl,20,ok,0.020349764876817267,0.10605825019210662,0.0,1.534605165986218,0.031237516269183363,0.0,1.5033676497170347,0.0,1.0
shell,11,34,shell,2.0,equal,8,3,448,48.0,168.0,0,mle,1.5341207757033315,1.5023890015250427,pl,0.5907109235099863,0.585041772408092,pl,20,ok,-0.006302245802512416,0.10196829705630292,0.0,1.5023890015250427,0.0,1.0,1.5023890015250427,0.0,1.0
shell,11,35,shell,2.0,equal,8,3,448,48.0,168.0,0,mle,1.5369046161033608,1.5107496837568515,pl,0.5848052941723565,0.5762314896073055,pl,20,ok,-0.017299085870710145,0.1087306568600236,0.0,1.5107496837568515,0.0,1.0,1.5107496837568515,0.0,1.0
shell,11,36,shell,2.0,equal,8,3,448,48.0,168.0,0,mle,1.5350506906895975,1.502279288194796,pl,0.5878750461593176,0.5787546586194781,pl,20,ok,0.009136733147292745,0.10680520010674442,0.0,1.502279288194796,0.0,1.0,1.502279288194796,0.0,1.0
shell,11,37,shell,2.0,equal,8,3,448,48.0,168.0,0,mle,1.5624462037542772,1.5143325577842455,pl,0.597261701540908,0.5957690347707744,pl,20,ok,0.04807868969910423,0.10954160831878053,0.0,1.5143325577842455,0.0,1.0,1.5143325577842455,0.0,1.0
shell,11,38,shell,2.0,equal,8,3,448,48.0,168.0,0,mle,1.5464164425041051,1.5150947902709029,pl,0.5800761529664423,0.5704507584492863,pl,20,ok,0.007246603576824226,0.1087306568600236,0.0,1.5150947902709029,0.0,1.0,1.5150947902709029,0.0,1.0
shell,11,39,shell,2.0,equal,8,3,448,48.0,168.0,0,mle,1.5515126677083075,1.5029918827001634,pl,0.5916740246549916,0.5797351325912141,pl,20,ok,0.00955472129444101,0.10218637257711385,0.0,1.5029918827001634,0.0,1.0,1.5029918827001634,0.0,1.0
shell,12,0,shell,4.0,equal,8,3,28,3.0,10.5,0,mle,1.983434317715454,1.6226844603685269,pl,0.7769301748058548,0.6232471436235127,pl,20,ok,-0.06871405404040791,0.10698809686617958,0.0,1.6226844603685269,0.0,1.0,1.6226844603685269,0.0,1.0
shell,12,1,shell,4.0,equal,8,3,28,3.0,10.5,0,mle,1.624094073192808,1.5375917018156426,pl,0.6225088498473846,0.6138204104705623,pl,20,ok,0.018703560413221177,0.11514903941276239,0.0,1.5375917018156426,0.0,1.0,1.5375917018156426,0.0,1.0
shell,12,2,shell,4.0,equal,8,3,28,3.0,10.5,0,mle,1.5935257087918744,1.5452418493834874,sm,0.6114997959418299,0.6234472172629759,pl,20,ok,0.009823845073278568,0.10698809686617954,0.0,1.5935257087918744,0.048283859408386975,0.0,1.5452418493834874,0.0,1.0
shell,12,3,shell,4.0,equal,8,3,28,3.0,10.5,0,mle,1.6150499144927442,1.6025665776892397,sm,0.6326560582131773,0.6457074159194688,pl,20,ok,0.02142126373907263,0.11621436976736411,0.0,1.6150499144927442,0.012483336803504441,0.0,1.6025665776892397,0.0,1.0
shell,12,4,shell,4.0,equal,8,3,28,3.0,10.5,0,mle,1.625789465660293,1.646012776579478,sm,0.615535185107824,0.6432914250503486,pl,20,ok,0.026543457849736683,0.11596246315052883,0.0,1.625789465660293,0.0,1.0,1.646012776579478,0.020223310919185167,0.0
shell,12,5,shell,4.0,equal,8,3,28,3.0,10.5,0,mle,1.6777571311296176,1.6486765693845211,sm,0.6363627343236422,0.6590390135123444,pl,20,ok,-0.01566324829348218,0.11381112446842787,0.0,1.6777571311296176,0.029080561745096434,0.0,1.6486765693845211,0.0,1.0
shell,12,6,shell,4.0,equal,8,3,28,3.0,10.5,0,mle,1.6120431614938675,1.513943175572674,pl,0.6012666657141742,0.5733803752942809,sm,20,ok,0.05587440795372232,0.10969885752076595,0.0,1.513943175572674,0.0,1.0,1.6120431614938675,0.09809998592119351,0.0
shell,12,7,shell,4.0,equal,8,3,28,3.0,10.5,0,mle,1.6453901070275623,1.6665389745710395,sm,0.6347408368570595,0.6480931118947447,pl,20,ok,0.04142621298555631,0.11198348902273732,0.0,1.6453901070275623,0.0,1.0,1.6665389745710395,0.021148867543477223,0.0
shell,12,8,shell,4.0,equal,8,3,28,3.0,10.5,0,mle,1.8072673567254394,1.7447969364250469,sm,0.6945888055742147,0.6977456147156614,pl,20,ok,0.01666886647422645,0.11319184697072253,0.0,1.8072673567254394,0.062470420300392515,0.0,1.7447969364250469,0.0,1.0
shell,12,9,shell,4.0,equal,8,3,28,3.0,10.5,0,mle,1.5735407555401748,1.5857531977613004,sm,0.6012023861985534,0.6304946246102259,pl,20,ok,0.05405493064857515,0.11198348902273728,0.0,1.5735407555401748,0.0,1.0,1.5857531977613004,0.012212442221125608,0.0
shell,12,10,shell,4.0,equal,8,3,28,3.0,10.5,0,mle,2.072699953117592,1.7939326613752358,pl,0.8205572353558177,0.6988767125283237,pl,20,ok,-0.014715611404086225,0.11198348902273729,0.0,1.7939326613752358,0.0,1.0,1.7939326613752358,0.0,1.0
shell,12,11,shell,4.0,equal,8,3,28,3.0,10.5,0,mle,1.594992027949913,1.528067242075483,pl,0.6152806763655672,0.5919116269060519,pl,20,ok,-0.024741267960540627,0.10698809686617948,0.0,1.528067242075483,0.0,1.0,1.528067242075483,0.0,1.0
shell,12,12,shell,4.0,equal,8,3,28,3.0,10.5,0,mle,1.5435377527362242,,abstain,0.5866340696938228,,abstain,0,fit_unavailable,,,,,,,,,
shell,12,13,shell,4.0,equal,8,3,28,3.0,10.5,0,mle,1.7416570093600046,1.53673313517824,pl,0.661777512107308,0.5941844871215884,pl,20,ok,-0.054137021697368094,0.10698809686617958,0.0,1.53673313517824,0.0,1.0,1.53673313517824,0.0,1.0
shell,12,14,shell,4.0,equal,8,3,28,3.0,10.5,0,mle,1.7051247472772988,1.5221698716801966,pl,0.6476203748735103,0.5962760053402405,pl,20,ok,0.024044151878286273,0.11596246315052863,0.0,1.5221698716801966,0.0,1.0,1.5221698716801966,0.0,1.0
shell,12,15,shell,4.0,equal,8,3,28,3.0,10.5,0,mle,1.6866516018322428,1.5181434711819102,pl,0.6510020171220353,0.6006580323642133,pl,20,ok,-0.04296369339716587,0.10969885752076587,0.0,1.5181434711819102,0.0,1.0,1.5181434711819102,0.0,1.0
shell,12,16,shell,4.0,equal,8,3,28,3.0,10.5,0,mle,1.736023636940911,1.6892759485247422,pl,0.6592285959237404,0.6495147615946177,pl,20,ok,0.028012636320460145,0.11077364074591203,0.0,1.6892759485247422,0.0,1.0,1.6892759485247422,0.0,1.0
shell,12,17,shell,4.0,equal,8,3,28,3.0,10.5,0,mle,1.6105861044721443,1.5237527796581682,pl,0.6072663221935795,0.5910506744625245,sm,20,ok,0.0717316231574462,0.11198348902273736,0.0,1.5237527796581682,0.0,1.0,1.6105861044721443,0.0868333248139761,0.0
shell,12,18,shell,4.0,equal,8,3,28,3.0,10.5,0,mle,1.8283800096438632,1.685941821690986,pl,0.6956596368291725,0.6570147642176016,pl,20,ok,0.018499777585764664,0.11621436976736411,0.0,1.685941821690986,0.0,1.0,1.685941821690986,0.0,1.0
shell,12,19,shell,4.0,equal,8,3,28,3.0,10.5,0,mle,1.5484288588892814,1.5191783693128582,sm,0.5952209027712128,0.5976355364808934,pl,20,ok,0.030805462066243232,0.10969885752076586,0.0,1.5484288588892814,0.029250489576423178,0.0,1.5191783693128582,0.0,1.0
shell,12,20,shell,4.0,equal,8,3,28,3.0,10.5,0,mle,1.8945066615081885,1.6566867690868203,pl,0.7292300847054124,0.6646909922945108,pl,20,ok,0.005200711468425853,0.11198348902273728,0.0,1.6566867690868203,0.0,1.0,1.6566867690868203,0.0,1.0
shell,12,21,shell,4.0,equal,8,3,28,3.0,10.5,0,mle,1.6458291412660704,1.671440507528422,sm,0.6304344587641867,0.6554277296012938,pl,20,ok,0.015029144085349317,0.1138111244684279,0.0,1.6458291412660704,0.0,1.0,1.671440507528422,0.02561136626235161,0.0
shell,12,22,shell,4.0,equal,8,3,28,3.0,10.5,0,mle,1.7993601886346196,1.7283696154208352,pl,0.6848758956085573,0.6240620917672965,pl,20,ok,0.031983129231057776,0.11586524632099317,0.0,1.7283696154208352,0.0,1.0,1.7283696154208352,0.0,1.0
shell,12,23,shell,4.0,equal,8,3,28,3.0,10.5,0,mle,1.7034188411885869,1.6058255415343847,pl,0.6461707374981337,0.6210914788354196,pl,20,ok,0.018290971292937414,0.10969885752076601,0.0,1.6058255415343847,0.0,1.0,1.6058255415343847,0.0,1.0
shell,12,24,shell,4.0,equal,8,3,28,3.0,10.5,0,mle,1.653579523929683,1.6118431374310118,pl,0.6217738503035132,0.615556503105493,sm,20,ok,0.08310727061670847,0.11381112446842782,0.0,1.6118431374310118,0.0,1.0,1.653579523929683,0.041736386498671285,0.0
shell,12,25,shell,4.0,equal,8,3,28,3.0,10.5,0,mle,1.6530856585714229,1.8311878371468804,sm,0.6269873425725252,0.6991401124354265,pl,20,ok,0.04337519255217262,0.11596246315052876,0.0,1.6530856585714229,0.0,1.0,1.8311878371468804,0.17810217857545751,0.0
shell,12,26,shell,4.0,equal,8,3,28,3.0,10.5,0,mle,1.6106419079394017,1.5051861662333632,pl,0.617065508613002,0.5853498001773196,pl,20,ok,0.03824650924385285,0.11381112446842764,0.0,1.5051861662333632,0.0,1.0,1.5051861662333632,0.0,1.0
shell,12,27,shell,4.0,equal,8,3,28,3.0,10.5,0,mle,1.5617638633270101,1.5834054799714532,sm,0.61402264790165,0.6458147984306601,pl,20,ok,0.026390452688427303,0.11198348902273733,0.0,1.5617638633270101,0.0,1.0,1.5834054799714532,0.021641616644443085,0.0
shell,12,28,shell,4.0,equal,8,3,28,3.0,10.5,0,mle,1.6050773590341363,1.5842795067643556,sm,0.6222866738920771,0.6336303852337238,pl,20,ok,-0.039002053638522355,0.10698809686617952,0.0,1.6050773590341363,0.020797852269780703,0.0,1.5842795067643556,0.0,1.0
shell,12,29,shell,4.0,equal,8,3,28,3.0,10.5,0,mle,1.5706440551345535,1.4854972051552524,pl,0.5940468343402227,0.5685007399448576,pl,20,ok,0.019172424929415587,0.11198348902273733,0.0,1.4854972051552524,0.0,1.0,1.4854972051552524,0.0,1.0
shell,12,30,shell,4.0,equal,8,3,28,3.0,10.5,0,mle,1.8527077445782534,1.6418010596812067,pl,0.7068383368669361,0.6250373004318565,pl,20,ok,-0.01924148741039464,0.11596246315052881,0.0,1.6418010596812067,0.0,1.0,1.6418010596812067,0.0,1.0
shell,12,31,shell,4.0,equal,8,3,28,3.0,10.5,0,mle,1.786302796864203,1.559400110949715,pl,0.6879796385094887,0.5969746012916773,pl,20,ok,0.013799201006824545,0.09244522289529894,0.0,1.559400110949715,0.0,1.0,1.559400110949715,0.0,1.0
shell,12,32,shell,4.0,equal,8,3,28,3.0,10.5,0,mle,1.7871314172434491,1.6375193335580531,pl,0.6891425949357934,0.6385311305783243,pl,20,ok,0.031541929927854075,0.11514903941276228,0.0,1.6375193335580531,0.0,1.0,1.6375193335580531,0.0,1.0
shell,12,33,shell,4.0,equal,8,3,28,3.0,10.5,0,mle,1.702379893273225,1.5484847936344504,pl,0.6520993079707844,0.6053425444140832,pl,20,ok,0.03942522903613729,0.11621436976736405,0.0,1.5484847936344504,0.0,1.0,1.5484847936344504,0.0,1.0
shell,12,34,shell,4.0,equal,8,3,28,3.0,10.5,0,mle,1.6123506493330464,1.6083872550968954,sm,0.6086543786735791,0.6161177322101605,pl,20,ok,0.052594144813326166,0.11514903941276233,0.0,1.6123506493330464,0.003963394236150997,0.0,1.6083872550968954,0.0,1.0
shell,12,35,shell,4.0,equal,8,3,28,3.0,10.5,0,mle,2.037350167074023,1.929244913593458,pl,0.775153704050334,0.7222589448358376,pl,20,ok,-0.04296645700745784,0.11319184697072256,0.0,1.929244913593458,0.0,1.0,1.929244913593458,0.0,1.0
shell,12,36,shell,4.0,equal,8,3,28,3.0,10.5,0,mle,1.6728218377937243,1.5103656674346415,pl,0.6353824006529678,0.5729721804872385,pl,20,ok,-0.004171576001832866,0.11514903941276242,0.0,1.5103656674346415,0.0,1.0,1.5103656674346415,0.0,1.0
shell,12,37,shell,4.0,equal,8,3,28,3.0,10.5,0,mle,1.7546759926297675,2.0924728478645735,sm,0.706550565874019,0.8866953635238365,pl,20,ok,-0.02237506035545292,0.10756586625867796,0.0,1.7546759926297675,0.0,1.0,2.0924728478645735,0.33779685523480607,0.0
shell,12,38,shell,4.0,equal,8,3,28,3.0,10.5,0,mle,1.748293147287968,1.5508631046047747,pl,0.6762678125352454,0.5951521601513567,pl,20,ok,0.0385348120019699,0.1162143697673641,0.0,1.5508631046047747,0.0,1.0,1.5508631046047747,0.0,1.0
shell,12,39,shell,4.0,equal,8,3,28,3.0,10.5,0,mle,1.7034682156835474,1.695364541174767,pl,0.6805198182611635,0.6797870019816264,pl,20,ok,-0.01255875832681885,0.10698809686617956,0.0,1.695364541174767,0.0,1.0,1.695364541174767,0.0,1.0
shell,13,0,shell,4.0,equal,8,3,112,12.0,42.0,0,mle,1.5849310208206981,1.5054705636836685,pl,0.5925119028946729,0.5786245116425148,sm,20,ok,0.055120356634360615,0.10548209846241707,0.0,1.5054705636836685,0.0,1.0,1.5849310208206981,0.07946045713702965,0.0
shell,13,1,shell,4.0,equal,8,3,112,12.0,42.0,0,mle,1.5454154413224541,1.4868837213840977,pl,0.5969309960393883,0.582931812538159,pl,20,ok,0.014301550978114086,0.1119834890227374,0.0,1.4868837213840977,0.0,1.0,1.4868837213840977,0.0,1.0
shell,13,2,shell,4.0,equal,8,3,112,12.0,42.0,0,mle,1.6360950003841905,1.4821016905183826,pl,0.628118539869357,0.5799682607981738,pl,20,ok,-0.005248664330294734,0.10548209846241716,0.0,1.4821016905183826,0.0,1.0,1.4821016905183826,0.0,1.0
shell,13,3,shell,4.0,equal,8,3,112,12.0,42.0,0,mle,1.555556099499361,1.486602720768547,pl,0.5918058749956672,0.5701564093606445,pl,20,ok,0.01909965664210898,0.10905994953308251,0.0,1.486602720768547,0.0,1.0,1.486602720768547,0.0,1.0
shell,13,4,shell,4.0,equal,8,3,112,12.0,42.0,0,mle,1.5424412006177664,1.4709137334344193,pl,0.5954022865766383,0.5734679162517131,pl,20,ok,-0.03825942946092286,0.1062472783618382,0.0,1.4709137334344193,0.0,1.0,1.4709137334344193,0.0,1.0
shell,13,5,shell,4.0,equal,8,3,112,12.0,42.0,0,mle,1.5806989645550984,1.5002699929391308,pl,0.5991482187086618,0.5725092892528992,pl,20,ok,0.015581986941282485,0.10304470818968994,0.0,1.5002699929391308,0.0,1.0,1.5002699929391308,0.0,1.0
shell,13,6,shell,4.0,equal,8,3,112,12.0,42.0,0,mle,1.5635233448086088,1.4917508166747093,pl,0.5816867806822044,0.5637229241169511,sm,20,ok,0.05646834078331371,0.09947952701994091,0.0,1.4917508166747093,0.0,1.0,1.5635233448086088,0.07177252813389945,0.0
shell,13,7,shell,4.0,equal,8,3,112,12.0,42.0,0,mle,1.5630529350423878,1.5114316162097032,pl,0.5865507044661754,0.5832385507323695,pl,20,ok,-0.02618589163350543,0.11514903941276225,0.0,1.5114316162097032,0.0,1.0,1.5114316162097032,0.0,1.0
shell,13,8,shell,4.0,equal,8,3,112,12.0,42.0,0,mle,1.536497651189554,1.4730425474287734,pl,0.5706258645271032,0.5618809011966557,pl,20,ok,0.02134390170483224,0.10839488193253506,0.0,1.4730425474287734,0.0,1.0,1.4730425474287734,0.0,1.0
shell,13,9,shell,4.0,equal,8,3,112,12.0,42.0,0,mle,1.5664204480837203,1.504102189083845,pl,0.5927225451074036,0.5881548386247301,pl,20,ok,0.03619094500924641,0.1114539384171958,0.0,1.504102189083845,0.0,1.0,1.504102189083845,0.0,1.0
shell,13,10,shell,4.0,equal,8,3,112,12.0,42.0,0,mle,1.5357845507816408,1.4819061740314372,pl,0.5744605902507827,0.5535143084916543,pl,20,ok,0.001896278716375404,0.10130579303837704,0.0,1.4819061740314372,0.0,1.0,1.4819061740314372,0.0,1.0
shell,13,11,shell,4.0,equal,8,3,112,12.0,42.0,0,mle,1.5735548889354694,1.50275870709046,pl,0.5995424262319439,0.5782345660209428,pl,20,ok,-0.01425592902127756,0.10624727836183823,0.0,1.50275870709046,0.0,1.0,1.50275870709046,0.0,1.0
shell,13,12,shell,4.0,equal,8,3,112,12.0,42.0,0,mle,1.6066804185934536,1.5071465928931773,pl,0.6240903405889165,0.5874911415418864,pl,20,ok,0.012922400510671048,0.09557766524141913,0.0,1.5071465928931773,0.0,1.0,1.5071465928931773,0.0,1.0
shell,13,13,shell,4.0,equal,8,3,112,12.0,42.0,0,mle,1.5640159509198417,1.474194074694809,pl,0.5849341504916498,0.5606704089676651,pl,20,ok,0.023442322570419408,0.10040337704421262,0.0,1.474194074694809,0.0,1.0,1.474194074694809,0.0,1.0
shell,13,14,shell,4.0,equal,8,3,112,12.0,42.0,0,mle,1.5919133242436119,1.5068222051682079,pl,0.6061738259419688,0.5915774339709643,pl,20,ok,0.038270570768269216,0.10905994953308254,0.0,1.5068222051682079,0.0,1.0,1.5068222051682079,0.0,1.0
shell,13,15,shell,4.0,equal,8,3,112,12.0,42.0,0,mle,1.5630529350423878,1.5073231540505516,pl,0.5835978524482626,0.575929635156697,pl,20,ok,0.008019876200561557,0.11514903941276243,0.0,1.5073231540505516,0.0,1.0,1.5073231540505516,0.0,1.0
shell,13,16,shell,4.0,equal,8,3,112,12.0,42.0,0,mle,1.5441131007088718,1.5163493902782124,sm,0.5870938061444726,0.5925803163533808,pl,20,ok,0.003238772425033359,0.10624727836183816,0.0,1.5441131007088718,0.027763710430659394,0.0,1.5163493902782124,0.0,1.0
shell,13,17,shell,4.0,equal,8,3,112,12.0,42.0,0,mle,1.5539940032470034,1.5089088603680267,pl,0.6003385085061885,0.5922810699843504,pl,20,ok,0.025168014493043185,0.1004033770442127,0.0,1.5089088603680267,0.0,1.0,1.5089088603680267,0.0,1.0
shell,13,18,shell,4.0,equal,8,3,112,12.0,42.0,0,mle,1.5505163258389167,1.484581852852032,pl,0.5869630623372032,0.5753019178565763,pl,20,ok,0.01541781158162429,0.10770411352989497,0.0,1.484581852852032,0.0,1.0,1.484581852852032,0.0,1.0
shell,13,19,shell,4.0,equal,8,3,112,12.0,42.0,0,mle,1.5342900700105797,1.5061541662325284,pl,0.5803453925839005,0.5708845077241533,pl,20,ok,-0.011454066238302743,0.10130579303837725,0.0,1.5061541662325284,0.0,1.0,1.5061541662325284,0.0,1.0
shell,13,20,shell,4.0,equal,8,3,112,12.0,42.0,0,mle,1.5709937145082686,1.4908301113328504,pl,0.5903462815309232,0.5601815760393393,pl,20,ok,-0.0033262902612981255,0.10304470818968989,0.0,1.4908301113328504,0.0,1.0,1.4908301113328504,0.0,1.0
shell,13,21,shell,4.0,equal,8,3,112,12.0,42.0,0,mle,1.5516071304944086,1.4981835544544082,pl,0.5943101131673121,0.5710646150324187,pl,20,ok,-0.014726877582567351,0.09853464046649031,0.0,1.4981835544544082,0.0,1.0,1.4981835544544082,0.0,1.0
shell,13,22,shell,4.0,equal,8,3,112,12.0,42.0,0,mle,1.5492083233991507,1.480891642129254,pl,0.5805805468256449,0.559704234189788,pl,20,ok,-0.004530768942915583,0.10130579303837714,0.0,1.480891642129254,0.0,1.0,1.480891642129254,0.0,1.0
shell,13,23,shell,4.0,equal,8,3,112,12.0,42.0,0,mle,1.5601627209061717,1.512845135133655,pl,0.582967491957851,0.5775356720632104,pl,20,ok,0.03124013007047962,0.10218637257711383,0.0,1.512845135133655,0.0,1.0,1.512845135133655,0.0,1.0
shell,13,24,shell,4.0,equal,8,3,112,12.0,42.0,0,mle,1.5532070881211657,1.4743476157197164,pl,0.5847817096458839,0.577774842670507,pl,20,ok,0.027589283289494067,0.10624727836183816,0.0,1.4743476157197164,0.0,1.0,1.4743476157197164,0.0,1.0
shell,13,25,shell,4.0,equal,8,3,112,12.0,42.0,0,mle,1.5383166567941944,1.4812597173271906,pl,0.58366738712033,0.578093757427672,pl,20,ok,0.0021524990437031006,0.10969885752076586,0.0,1.4812597173271906,0.0,1.0,1.4812597173271906,0.0,1.0
shell,13,26,shell,4.0,equal,8,3,112,12.0,42.0,0,mle,1.561681329358454,1.4954258625392471,pl,0.5960014018847101,0.5725594589419507,pl,20,ok,0.03391416234849169,0.10218637257711392,0.0,1.4954258625392471,0.0,1.0,1.4954258625392471,0.0,1.0
shell,13,27,shell,4.0,equal,8,3,112,12.0,42.0,0,mle,1.6208849945294077,1.5119863903830688,pl,0.6197017500713087,0.5953715867703404,pl,20,ok,0.0020449058441949376,0.1096988575207659,0.0,1.5119863903830688,0.0,1.0,1.5119863903830688,0.0,1.0
shell,13,28,shell,4.0,equal,8,3,112,12.0,42.0,0,mle,1.5526305138544512,1.486385324567578,pl,0.5895448965594763,0.5675939491543167,pl,20,ok,-0.013214687608823711,0.11145393841719588,0.0,1.486385324567578,0.0,1.0,1.486385324567578,0.0,1.0
shell,13,29,shell,4.0,equal,8,3,112,12.0,42.0,0,mle,1.5935900535783163,1.4937712283886808,pl,0.5947168321112494,0.5745405910452536,sm,20,ok,0.05723254824587264,0.10304470818968998,0.0,1.4937712283886808,0.0,1.0,1.5935900535783163,0.09981882518963547,0.0
shell,13,30,shell,4.0,equal,8,3,112,12.0,42.0,0,mle,1.5631416765854012,1.507123538839668,pl,0.6004185653831451,0.5958456702888153,pl,20,ok,0.01630205348517977,0.11198348902273733,0.0,1.507123538839668,0.0,1.0,1.507123538839668,0.0,1.0
shell,13,31,shell,4.0,equal,8,3,112,12.0,42.0,0,mle,1.577183623959547,1.4831605075641119,pl,0.5838051015480001,0.5594647224745365,pl,20,ok,0.024245864082408836,0.11031114066224548,0.0,1.4831605075641119,0.0,1.0,1.4831605075641119,0.0,1.0
shell,13,32,shell,4.0,equal,8,3,112,12.0,42.0,0,mle,1.5594418251811333,1.4956340453971162,pl,0.5763133750247439,0.5665655144103091,pl,20,ok,0.00825623723622343,0.11198348902273741,0.0,1.4956340453971162,0.0,1.0,1.4956340453971162,0.0,1.0
shell,13,33,shell,4.0,equal,8,3,112,12.0,42.0,0,mle,1.5413307699120538,1.4836694901611094,pl,0.5693671303105486,0.5472829325826212,pl,20,ok,0.013563803111374463,0.10130579303837717,0.0,1.4836694901611094,0.0,1.0,1.4836694901611094,0.0,1.0
shell,13,34,shell,4.0,equal,8,3,112,12.0,42.0,0,mle,1.5784632942558599,1.5022296119685494,pl,0.595562550363195,0.5895343384705519,sm,20,ok,0.057248034276673986,0.11145393841719596,0.0,1.5022296119685494,0.0,1.0,1.5784632942558599,0.07623368228731042,0.0
shell,13,35,shell,4.0,equal,8,3,112,12.0,42.0,0,mle,1.5601627209061717,1.535465344291202,pl,0.5839993148938468,0.5805639626431338,pl,20,ok,0.04324284628410878,0.10218637257711383,0.0,1.535465344291202,0.0,1.0,1.535465344291202,0.0,1.0
shell,13,36,shell,4.0,equal,8,3,112,12.0,42.0,0,mle,1.5428160899606853,1.5046953406706616,pl,0.5911764332934655,0.5857503535320102,pl,20,ok,0.00966477622396213,0.10304470818968993,0.0,1.5046953406706616,0.0,1.0,1.5046953406706616,0.0,1.0
shell,13,37,shell,4.0,equal,8,3,112,12.0,42.0,0,mle,1.562879241783901,1.4929965807401666,pl,0.6026328909180084,0.5809393772372871,pl,20,ok,-0.010336825730411793,0.11145393841719592,0.0,1.4929965807401666,0.0,1.0,1.4929965807401666,0.0,1.0
shell,13,38,shell,4.0,equal,8,3,112,12.0,42.0,0,mle,1.5525968592229356,1.5061710305235643,pl,0.5770924319105294,0.5741961411594866,pl,20,ok,-0.002831112035309464,0.11145393841719588,0.0,1.5061710305235643,0.0,1.0,1.5061710305235643,0.0,1.0
shell,13,39,shell,4.0,equal,8,3,112,12.0,42.0,0,mle,1.5759446327107698,1.4906644775005669,pl,0.5926374955256997,0.5849290992372475,sm,20,ok,0.08261418568368734,0.10698809686617952,0.0,1.4906644775005669,0.0,1.0,1.5759446327107698,0.08528015521020293,0.0
shell,14,0,shell,4.0,equal,8,3,448,48.0,168.0,0,mle,1.533991260886277,1.4685933554710218,pl,0.5860134340090001,0.5752171382062727,pl,20,ok,-0.011788389412660609,0.10283223213134889,0.0,1.4685933554710218,0.0,1.0,1.4685933554710218,0.0,1.0
shell,14,1,shell,4.0,equal,8,3,448,48.0,168.0,0,mle,1.5421518904204892,1.4762022859622248,pl,0.5799479108899002,0.5661602206679434,pl,20,ok,0.010098110053723122,0.11075259689020737,0.0,1.4762022859622248,0.0,1.0,1.4762022859622248,0.0,1.0
shell,14,2,shell,4.0,equal,8,3,448,48.0,168.0,0,mle,1.559577735005024,1.4790109929085884,pl,0.5841385844349245,0.5577020819820274,pl,20,ok,-0.014415775905160431,0.09377108207186498,0.0,1.4790109929085884,0.0,1.0,1.4790109929085884,0.0,1.0
shell,14,3,shell,4.0,equal,8,3,448,48.0,168.0,0,mle,1.5430720379856937,1.4730327243566625,pl,0.5720911697527867,0.5481848140569806,pl,20,ok,0.022512247621262173,0.10017440836784959,0.0,1.4730327243566625,0.0,1.0,1.4730327243566625,0.0,1.0
shell,14,4,shell,4.0,equal,8,3,448,48.0,168.0,0,mle,1.5366971934930147,1.4727793911974878,pl,0.5895455122822064,0.5725397538728725,pl,20,ok,-0.01477782785183577,0.10856357609685266,0.0,1.4727793911974878,0.0,1.0,1.4727793911974878,0.0,1.0
shell,14,5,shell,4.0,equal,8,3,448,48.0,168.0,0,mle,1.5538847302599024,1.4750521902134637,pl,0.5595279904929653,0.5457611924448031,pl,20,ok,0.034337920872056754,0.1082245814986985,0.0,1.4750521902134637,0.0,1.0,1.4750521902134637,0.0,1.0
shell,14,6,shell,4.0,equal,8,3,448,48.0,168.0,0,mle,1.5355800607099095,1.4772712674360315,pl,0.5863239027178941,0.5686400303623622,pl,20,ok,-0.0021905379541917853,0.10408571805069881,0.0,1.4772712674360315,0.0,1.0,1.4772712674360315,0.0,1.0
shell,14,7,shell,4.0,equal,8,3,448,48.0,168.0,0,mle,1.541293640269143,1.4711093230918397,pl,0.5775972567770759,0.5587596785680355,pl,20,ok,-0.00805566100603325,0.10346540577905404,0.0,1.4711093230918397,0.0,1.0,1.4711093230918397,0.0,1.0
shell,14,8,shell,4.0,equal,8,3,448,48.0,168.0,0,mle,1.5440832379983505,1.4678039108415974,pl,0.5946033866222208,0.5796366772187871,pl,20,ok,0.02388898782230529,0.10624727836183835,0.0,1.4678039108415974,0.0,1.0,1.4678039108415974,0.0,1.0
shell,14,9,shell,4.0,equal,8,3,448,48.0,168.0,0,mle,1.5384221735319956,1.4795739660882818,pl,0.58667678734649,0.577158350490878,pl,20,ok,0.001121550298132261,0.10856357609685253,0.0,1.4795739660882818,0.0,1.0,1.4795739660882818,0.0,1.0
shell,14,10,shell,4.0,equal,8,3,448,48.0,168.0,0,mle,1.5414197495331827,1.469320008330722,pl,0.5798140966084522,0.5636854002012215,pl,20,ok,0.006305389754792492,0.10408571805069891,0.0,1.469320008330722,0.0,1.0,1.469320008330722,0.0,1.0
shell,14,11,shell,4.0,equal,8,3,448,48.0,168.0,0,mle,1.5359659915897717,1.4716744467819,pl,0.5735297484032685,0.5603697187267267,pl,20,ok,0.015737957808274864,0.105482098462417,0.0,1.4716744467819,0.0,1.0,1.4716744467819,0.0,1.0
shell,14,12,shell,4.0,equal,8,3,448,48.0,168.0,0,mle,1.5433907837660807,1.4742639702671134,pl,0.5814981633599686,0.5664362800000587,pl,20,ok,0.027136500242783603,0.0992452621353098,0.0,1.4742639702671134,0.0,1.0,1.4742639702671134,0.0,1.0
shell,14,13,shell,4.0,equal,8,3,448,48.0,168.0,0,mle,1.5341588467231668,1.4719677173782049,pl,0.5912172187606441,0.5810265632253181,pl,20,ok,-0.027883969859145166,0.10489248803450416,0.0,1.4719677173782049,0.0,1.0,1.4719677173782049,0.0,1.0
shell,14,14,shell,4.0,equal,8,3,448,48.0,168.0,0,mle,1.5428236401503335,1.4888545508643647,pl,0.5836194089354331,0.5712260445327306,pl,20,ok,-0.029436146919010017,0.10152800092041568,0.0,1.4888545508643647,0.0,1.0,1.4888545508643647,0.0,1.0
shell,14,15,shell,4.0,equal,8,3,448,48.0,168.0,0,mle,1.5458631853890117,1.473042996145323,pl,0.5809708532652988,0.5704778407315485,pl,20,ok,0.0181569492744149,0.10805268190248132,0.0,1.473042996145323,0.0,1.0,1.473042996145323,0.0,1.0
shell,14,16,shell,4.0,equal,8,3,448,48.0,168.0,0,mle,1.5362409155786914,1.474711219606772,pl,0.5725372020683897,0.5599920435238956,pl,20,ok,0.013563654838083241,0.10605825019210652,0.0,1.474711219606772,0.0,1.0,1.474711219606772,0.0,1.0
shell,14,17,shell,4.0,equal,8,3,448,48.0,168.0,0,mle,1.541293640269143,1.4727594589014412,pl,0.5760438690139168,0.5575425847161041,pl,20,ok,0.010726356174343539,0.1034654057790539,0.0,1.4727594589014412,0.0,1.0,1.4727594589014412,0.0,1.0
shell,14,18,shell,4.0,equal,8,3,448,48.0,168.0,0,mle,1.5484760728686755,1.4785721859130758,pl,0.5686126299099042,0.5531179174742181,sm,20,ok,0.053879314100709105,0.10085728932982042,0.0,1.4785721859130758,0.0,1.0,1.5484760728686755,0.06990388695559968,0.0
shell,14,19,shell,4.0,equal,8,3,448,48.0,168.0,0,mle,1.5470884431105185,1.4746419120700671,pl,0.5950749839511636,0.5786406911422701,pl,20,ok,-0.0020881292264639715,0.10325576823850709,0.0,1.4746419120700671,0.0,1.0,1.4746419120700671,0.0,1.0
shell,14,20,shell,4.0,equal,8,3,448,48.0,168.0,0,mle,1.5485366773014548,1.469479048256681,pl,0.5902676100853204,0.5628757363212538,pl,20,ok,0.036615279080165396,0.10040337704421272,0.0,1.469479048256681,0.0,1.0,1.469479048256681,0.0,1.0
shell,14,21,shell,4.0,equal,8,3,448,48.0,168.0,0,mle,1.5489938467887212,1.47181727329678,pl,0.5847709258947094,0.5666368052121594,pl,20,ok,0.0458458134250532,0.10428960015259829,0.0,1.47181727329678,0.0,1.0,1.47181727329678,0.0,1.0
shell,14,22,shell,4.0,equal,8,3,448,48.0,168.0,0,mle,1.5453076516593678,1.4769152226826652,pl,0.6006571429026306,0.5832940348185329,pl,20,ok,-0.016829103440531682,0.10889611706578353,0.0,1.4769152226826652,0.0,1.0,1.4769152226826652,0.0,1.0
shell,14,23,shell,4.0,equal,8,3,448,48.0,168.0,0,mle,1.560439126572745,1.4734217331844803,pl,0.592947838446211,0.5816788633618574,pl,20,ok,-0.01721132951641179,0.10680520010674426,0.0,1.4734217331844803,0.0,1.0,1.4734217331844803,0.0,1.0
shell,14,24,shell,4.0,equal,8,3,448,48.0,168.0,0,mle,1.5508228583732913,1.4752584081156699,pl,0.5868546550209836,0.5694572562536425,pl,20,ok,0.019066051686194775,0.09756911007873545,0.0,1.4752584081156699,0.0,1.0,1.4752584081156699,0.0,1.0
shell,14,25,shell,4.0,equal,8,3,448,48.0,168.0,0,mle,1.5510585439183875,1.4783483308820262,pl,0.5718778535880275,0.551894311533496,pl,20,ok,0.026366014479320965,0.09707872487852025,0.0,1.4783483308820262,0.0,1.0,1.4783483308820262,0.0,1.0
shell,14,26,shell,4.0,equal,8,3,448,48.0,168.0,0,mle,1.5384221735319956,1.477669999581765,pl,0.5998680983355068,0.5883702277092423,pl,20,ok,-0.007542455644376386,0.10856357609685263,0.0,1.477669999581765,0.0,1.0,1.477669999581765,0.0,1.0
shell,14,27,shell,4.0,equal,8,3,448,48.0,168.0,0,mle,1.5518489596423317,1.4758559096242327,pl,0.587465055000127,0.5634199719646531,pl,20,ok,-0.02675876945180324,0.10624727836183824,0.0,1.4758559096242327,0.0,1.0,1.4758559096242327,0.0,1.0
shell,14,28,shell,4.0,equal,8,3,448,48.0,168.0,0,mle,1.5484760728686755,1.4705818217968423,pl,0.577472466953988,0.5551030969620905,pl,20,ok,0.02879327303048762,0.10085728932982035,0.0,1.4705818217968423,0.0,1.0,1.4705818217968423,0.0,1.0
shell,14,29,shell,4.0,equal,8,3,448,48.0,168.0,0,mle,1.5513741144550812,1.4725138055692444,pl,0.5845128211891388,0.5585191475624522,pl,20,ok,0.02679497003485106,0.10567565345180677,0.0,1.4725138055692444,0.0,1.0,1.4725138055692444,0.0,1.0
shell,14,30,shell,4.0,equal,8,3,448,48.0,168.0,0,mle,1.534605165986218,1.4730488327752498,pl,0.5865759983828596,0.5761513600166404,pl,20,ok,-0.008379589170901848,0.10605825019210653,0.0,1.4730488327752498,0.0,1.0,1.4730488327752498,0.0,1.0
shell,14,31,shell,4.0,equal,8,3,448,48.0,168.0,0,mle,1.5443717475852587,1.4749923916074223,pl,0.5912681943195967,0.5795943890451845,pl,20,ok,0.004967497385732082,0.10822458149869849,0.0,1.4749923916074223,0.0,1.0,1.4749923916074223,0.0,1.0
shell,14,32,shell,4.0,equal,8,3,448,48.0,168.0,0,mle,1.548302404313419,1.4704421981608702,pl,0.5923892122940974,0.5733219238444984,pl,20,ok,-0.006196837547448055,0.10528704807693981,0.0,1.4704421981608702,0.0,1.0,1.4704421981608702,0.0,1.0
shell,14,33,shell,4.0,equal,8,3,448,48.0,168.0,0,mle,1.5361418835204184,1.4682068844456566,pl,0.5797790317522857,0.5585448793124894,pl,20,ok,-0.0360146287722292,0.10586770628814823,0.0,1.4682068844456566,0.0,1.0,1.4682068844456566,0.0,1.0
shell,14,34,shell,4.0,equal,8,3,448,48.0,168.0,0,mle,1.5427833516921359,1.470773572811741,pl,0.59536480327959,0.5769611198904979,pl,20,ok,0.0016484539842829705,0.1026183465415447,0.0,1.470773572811741,0.0,1.0,1.470773572811741,0.0,1.0
shell,14,35,shell,4.0,equal,8,3,448,48.0,168.0,0,mle,1.5499604201233999,1.473766161352487,pl,0.6038104707417651,0.5888261577270645,pl,20,ok,0.022985409402352146,0.10240305787777838,0.0,1.473766161352487,0.0,1.0,1.473766161352487,0.0,1.0
shell,14,36,shell,4.0,equal,8,3,448,48.0,168.0,0,mle,1.5616121547228614,1.482390655105735,pl,0.5857590408755438,0.5659278387590085,pl,20,ok,0.02621854634373907,0.104892488034504,0.0,1.482390655105735,0.0,1.0,1.482390655105735,0.0,1.0
shell,14,37,shell,4.0,equal,8,3,448,48.0,168.0,0,mle,1.5465487864839145,1.4725819800079407,pl,0.5968247976226901,0.5778838460147695,pl,20,ok,0.012451891017469961,0.10856357609685272,0.0,1.4725819800079407,0.0,1.0,1.4725819800079407,0.0,1.0
shell,14,38,shell,4.0,equal,8,3,448,48.0,168.0,0,mle,1.5428160899606853,1.4732166314739321,pl,0.5775211679292308,0.5570498506794933,pl,20,ok,0.018750852489536892,0.10304470818968992,0.0,1.4732166314739321,0.0,1.0,1.4732166314739321,0.0,1.0
shell,14,39,shell,4.0,equal,8,3,448,48.0,168.0,0,mle,1.564239178060465,1.4866397138977125,pl,0.6152747895023347,0.6086704267253633,pl,20,ok,0.02343464796660414,0.11272412179916018,0.0,1.4866397138977125,0.0,1.0,1.4866397138977125,0.0,1.0
shell,15,0,shell,0.0,alternating,8,3,28,3.0,10.5,0,mle,1.6344367828841677,2.042126654342584,sm,0.6029077659085865,0.7523300264709615,sm,20,ok,0.08217301209018014,0.11381112446842773,0.0,1.6344367828841677,0.0,1.0,1.6344367828841677,0.0,1.0
shell,15,1,shell,0.0,alternating,8,3,28,3.0,10.5,0,mle,1.8324588863398363,1.736241149943946,pl,0.7224985941070289,0.6690054158780736,pl,20,ok,0.04210675311584925,0.11596246315052873,0.0,1.736241149943946,0.0,1.0,1.736241149943946,0.0,1.0
shell,15,2,shell,0.0,alternating,8,3,28,3.0,10.5,0,mle,1.8197527113735577,1.8542632675069057,sm,0.6937046252915284,0.696241318770157,pl,20,ok,0.011666000801362328,0.11596246315052877,0.0,1.8197527113735577,0.0,1.0,1.8542632675069057,0.03451055613334808,0.0
shell,15,3,shell,0.0,alternating,8,3,28,3.0,10.5,0,mle,1.6712013085612787,1.904950873045912,sm,0.6444298277147483,0.7159187119113506,sm,20,ok,0.06183788641925865,0.11596246315052874,0.0,1.6712013085612787,0.0,1.0,1.6712013085612787,0.0,1.0
shell,15,4,shell,0.0,alternating,8,3,28,3.0,10.5,0,mle,1.5383166567941942,1.6500449720868888,sm,0.5975673111586741,0.6300035028317305,sm,20,ok,0.09967210715147533,0.10969885752076586,0.0,1.5383166567941942,0.0,1.0,1.5383166567941942,0.0,1.0
shell,15,5,shell,0.0,alternating,8,3,28,3.0,10.5,0,mle,1.6489615973662164,1.616442675275095,pl,0.627710352130264,0.6209068291145261,pl,20,ok,0.032394403140004926,0.08801292444559738,0.0,1.616442675275095,0.0,1.0,1.616442675275095,0.0,1.0
shell,15,6,shell,0.0,alternating,8,3,28,3.0,10.5,0,mle,1.6860409886653729,1.836311052739279,sm,0.6597712979460503,0.6990911548701079,sm,20,ok,0.06164553202764823,0.11487283515807835,0.0,1.6860409886653729,0.0,1.0,1.6860409886653729,0.0,1.0
shell,15,7,shell,0.0,alternating,8,3,28,3.0,10.5,0,mle,1.9044265706858843,1.8199696447589817,pl,0.7354990049879377,0.6776778875212363,pl,20,ok,-0.03277989509137258,0.10388038723617497,0.0,1.8199696447589817,0.0,1.0,1.8199696447589817,0.0,1.0
shell,15,8,shell,0.0,alternating,8,3,28,3.0,10.5,0,mle,1.5754479693295058,1.63805640723269,sm,0.5897131500632915,0.6171379524423072,sm,20,ok,0.11170270336963325,0.10969885752076584,0.0,1.5754479693295058,0.0,1.0,1.5754479693295058,0.0,1.0
shell,15,9,shell,0.0,alternating,8,3,28,3.0,10.5,0,mle,1.5927255174681751,1.6593390980151494,sm,0.5974919273638976,0.6268586521227837,sm,20,ok,0.09450794890654592,0.11381112446842785,0.0,1.5927255174681751,0.0,1.0,1.5927255174681751,0.0,1.0
shell,15,10,shell,0.0,alternating,8,3,28,3.0,10.5,0,mle,1.6969775709009076,1.9408435261570225,sm,0.6511482812847988,0.745382766717994,pl,20,ok,0.02695556417029594,0.0965833238612305,0.0,1.6969775709009076,0.0,1.0,1.9408435261570225,0.24386595525611487,0.0
shell,15,11,shell,0.0,alternating,8,3,28,3.0,10.5,0,mle,2.12469756740991,2.1455862524853178,pl,0.8070902955871033,0.7898082616833748,pl,20,ok,0.03374382435208142,0.11319184697072235,0.0,2.1455862524853178,0.020888685075407754,0.0,2.1455862524853178,0.020888685075407754,0.0
shell,15,12,shell,0.0,alternating,8,3,28,3.0,10.5,0,mle,1.8311198194707585,1.823020231295991,pl,0.7261715228063566,0.7137835712650761,pl,20,ok,0.005900707103489867,0.11586524632099317,0.0,1.823020231295991,0.0,1.0,1.823020231295991,0.0,1.0
shell,15,13,shell,0.0,alternating,8,3,28,3.0,10.5,0,mle,2.112515893718569,2.179861235016433,sm,0.8271032470939215,0.8451592645552407,pl,20,ok,0.013970193434601187,0.11596246315052866,0.0,2.112515893718569,0.0,1.0,2.179861235016433,0.06734534129786374,0.0
shell,15,14,shell,0.0,alternating,8,3,28,3.0,10.5,0,mle,1.6492395038378036,1.7645594875499495,sm,0.625454273008438,0.6458176433245566,sm,20,ok,0.05909343279109098,0.11514903941276237,0.0,1.6492395038378036,0.0,1.0,1.6492395038378036,0.0,1.0
shell,15,15,shell,0.0,alternating,8,3,28,3.0,10.5,0,mle,1.7694586913248467,1.6857857012487618,pl,0.6866967314321182,0.6562010153408131,pl,20,ok,0.04727668361988095,0.11586524632099313,0.0,1.6857857012487618,0.0,1.0,1.6857857012487618,0.0,1.0
shell,15,16,shell,0.0,alternating,8,3,28,3.0,10.5,0,mle,1.7412255458624353,1.7008874424178968,pl,0.6440619384001698,0.6302592326044094,pl,20,ok,0.056159639216983186,0.11487283515807814,0.0,1.7008874424178968,0.0,1.0,1.7008874424178968,0.0,1.0
shell,15,17,shell,0.0,alternating,8,3,28,3.0,10.5,0,mle,1.5754479693295058,1.888376036904756,sm,0.6159323259797497,0.7371208589406938,sm,20,ok,0.060083004923348525,0.10969885752076589,0.0,1.5754479693295058,0.0,1.0,1.5754479693295058,0.0,1.0
shell,15,18,shell,0.0,alternating,8,3,28,3.0,10.5,0,mle,1.7964101030594974,1.7811783740944036,pl,0.699748456507288,0.6806680448261044,pl,20,ok,0.037389423862805,0.1148728351580782,0.0,1.7811783740944036,0.0,1.0,1.7811783740944036,0.0,1.0
shell,15,19,shell,0.0,alternating,8,3,28,3.0,10.5,0,mle,1.877044328076539,1.7461835059301596,pl,0.7245053823999488,0.6653386052754772,sm,20,ok,0.058255676318947736,0.11381112446842782,0.0,1.7461835059301596,0.0,1.0,1.877044328076539,0.1308608221463794,0.0
shell,15,20,shell,0.0,alternating,8,3,28,3.0,10.5,0,mle,1.687934989125291,1.7852591527306947,sm,0.6592027173889016,0.6939671131508872,pl,20,ok,0.04626999978183717,0.11621436976736425,0.0,1.687934989125291,0.0,1.0,1.7852591527306947,0.09732416360540364,0.0
shell,15,21,shell,0.0,alternating,8,3,28,3.0,10.5,0,mle,1.6813845428493974,1.6060538718977342,pl,0.6385596193739692,0.6065050608590231,pl,20,ok,0.042607422300180775,0.10698809686617945,0.0,1.6060538718977342,0.0,1.0,1.6060538718977342,0.0,1.0
shell,15,22,shell,0.0,alternating,8,3,28,3.0,10.5,0,mle,1.741225545862435,1.787483788514285,pl,0.6780057007335265,0.6707302105263668,pl,20,ok,0.021460782932407094,0.11487283515807818,0.0,1.787483788514285,0.04625824265184986,0.0,1.787483788514285,0.04625824265184986,0.0
shell,15,23,shell,0.0,alternating,8,3,28,3.0,10.5,0,mle,1.7153318632171293,1.803963649762704,sm,0.6751569038751145,0.699181226425706,pl,20,ok,0.0425009609179032,0.11198348902273743,0.0,1.7153318632171293,0.0,1.0,1.803963649762704,0.0886317865455748,0.0
shell,15,24,shell,0.0,alternating,8,3,28,3.0,10.5,0,mle,1.8799825355705724,1.8778411176212133,pl,0.7114935797771332,0.6995383459374294,pl,20,ok,-0.031105428774982704,0.11198348902273736,0.0,1.8778411176212133,0.0,1.0,1.8778411176212133,0.0,1.0
shell,15,25,shell,0.0,alternating,8,3,28,3.0,10.5,0,mle,1.7645883882288964,1.670726211630424,pl,0.6780935120945782,0.6340658733974732,pl,20,ok,0.023625016735927446,0.11596246315052866,0.0,1.670726211630424,0.0,1.0,1.670726211630424,0.0,1.0
shell,15,26,shell,0.0,alternating,8,3,28,3.0,10.5,0,mle,1.7462610053581757,1.9893294553360648,sm,0.670678556099996,0.764253009901252,pl,20,ok,0.050508388851852985,0.1162143697673641,0.0,1.7462610053581757,0.0,1.0,1.9893294553360648,0.243068449977889,0.0
shell,15,27,shell,0.0,alternating,8,3,28,3.0,10.5,0,mle,1.6924131284074355,1.9463713969384764,sm,0.662114954111152,0.7600338907807287,sm,20,ok,0.10038170178108456,0.11621436976736413,0.0,1.6924131284074355,0.0,1.0,1.6924131284074355,0.0,1.0
shell,15,28,shell,0.0,alternating,8,3,28,3.0,10.5,0,mle,1.9662089843576671,1.983208399737163,sm,0.7627240128420818,0.7745241129425361,pl,20,ok,0.007298257682325536,0.10040337704421265,0.0,1.9662089843576671,0.0,1.0,1.983208399737163,0.016999415379495897,0.0
shell,15,29,shell,0.0,alternating,8,3,28,3.0,10.5,0,mle,1.8391165313397029,1.8120944477781604,pl,0.7031752658298361,0.6723364864134845,pl,20,ok,0.034682146418949206,0.11381112446842777,0.0,1.8120944477781604,0.0,1.0,1.8120944477781604,0.0,1.0
shell,15,30,shell,0.0,alternating,8,3,28,3.0,10.5,0,mle,1.9103895792170453,1.8322251468987072,pl,0.752223748353085,0.7137315327580387,pl,20,ok,-0.00856957959274114,0.10388038723617496,0.0,1.8322251468987072,0.0,1.0,1.8322251468987072,0.0,1.0
shell,15,31,shell,0.0,alternating,8,3,28,3.0,10.5,0,mle,1.774704453848771,1.7275757875676674,pl,0.667947403277331,0.6497234252990362,pl,20,ok,0.038586920946558675,0.11381112446842778,0.0,1.7275757875676674,0.0,1.0,1.7275757875676674,0.0,1.0
shell,15,32,shell,0.0,alternating,8,3,28,3.0,10.5,0,mle,1.9443613775731845,1.8660471577056799,pl,0.75013477805724,0.7072230727073172,pl,20,ok,-0.005937328979025584,0.11198348902273739,0.0,1.8660471577056799,0.0,1.0,1.8660471577056799,0.0,1.0
shell,15,33,shell,0.0,alternating,8,3,28,3.0,10.5,0,mle,1.699991029065917,1.792547386069274,sm,0.657430043059081,0.7007174944211406,pl,20,ok,0.035341951453613664,0.10040337704421265,0.0,1.699991029065917,0.0,1.0,1.792547386069274,0.09255635700335696,0.0
shell,15,34,shell,0.0,alternating,8,3,28,3.0,10.5,0,mle,1.6050936693141016,1.7476864691077219,sm,0.6072121873626618,0.6609377528010105,sm,20,ok,0.08217296028510274,0.11514903941276237,0.0,1.6050936693141016,0.0,1.0,1.6050936693141016,0.0,1.0
shell,15,35,shell,0.0,alternating,8,3,28,3.0,10.5,0,mle,1.8497891115558764,1.732098274310711,pl,0.7132593834712363,0.6543823179714033,pl,20,ok,0.016659363693153056,0.10698809686617942,0.0,1.732098274310711,0.0,1.0,1.732098274310711,0.0,1.0
shell,15,36,shell,0.0,alternating,8,3,28,3.0,10.5,0,mle,1.7462610053581757,1.789067306665181,sm,0.6494263624673868,0.650961131816411,sm,20,ok,0.06565381990998641,0.11621436976736416,0.0,1.7462610053581757,0.0,1.0,1.7462610053581757,0.0,1.0
shell,15,37,shell,0.0,alternating,8,3,28,3.0,10.5,0,mle,1.8045870215910604,1.773729799269816,pl,0.6966992815839361,0.6725728037579947,pl,20,ok,0.007727934562707457,0.11621436976736406,0.0,1.773729799269816,0.0,1.0,1.773729799269816,0.0,1.0
shell,15,38,shell,0.0,alternating,8,3,28,3.0,10.5,0,mle,1.9718172649459933,2.103522953344923,sm,0.7799330273566835,0.8262943234712075,pl,20,ok,-0.008570744159144258,0.11381112446842785,0.0,1.9718172649459933,0.0,1.0,2.103522953344923,0.1317056883989296,0.0
shell,15,39,shell,0.0,alternating,8,3,28,3.0,10.5,0,mle,1.6635583051320681,1.657994179540307,pl,0.6297731857149134,0.6244837833554308,pl,20,ok,0.03273081718334318,0.10040337704421269,0.0,1.657994179540307,0.0,1.0,1.657994179540307,0.0,1.0
shell,16,0,shell,0.0,alternating,8,3,112,12.0,42.0,0,mle,1.5982861656795977,1.62492799609208,sm,0.6043196403181696,0.6144004055337784,sm,20,ok,0.09144807785305241,0.0891473157154858,0.0,1.5982861656795977,0.0,1.0,1.5982861656795977,0.0,1.0
shell,16,1,shell,0.0,alternating,8,3,112,12.0,42.0,0,mle,1.536950259777974,1.6268773840243131,sm,0.5906865221615317,0.6256068790776662,sm,20,ok,0.11467130959686897,0.09658332386123043,0.0,1.536950259777974,0.0,1.0,1.536950259777974,0.0,1.0
shell,16,2,shell,0.0,alternating,8,3,112,12.0,42.0,0,mle,1.608613941814096,1.6336041115147952,sm,0.6178279591054322,0.628293114994988,sm,20,ok,0.09591588691916278,0.11540297248386469,0.0,1.608613941814096,0.0,1.0,1.608613941814096,0.0,1.0
shell,16,3,shell,0.0,alternating,8,3,112,12.0,42.0,0,mle,1.5682581763721568,1.6294650085409927,sm,0.5912854734101484,0.6168876636785191,sm,20,ok,0.08481415137532855,0.10548209846241714,0.0,1.5682581763721568,0.0,1.0,1.5682581763721568,0.0,1.0
shell,16,4,shell,0.0,alternating,8,3,112,12.0,42.0,0,mle,1.6295915502453573,1.6124841648422763,pl,0.6209622154760709,0.6050200035035581,pl,20,ok,0.04372146981510259,0.09756911007873546,0.0,1.6124841648422763,0.0,1.0,1.6124841648422763,0.0,1.0
shell,16,5,shell,0.0,alternating,8,3,112,12.0,42.0,0,mle,1.5406565801865868,1.6194374736272314,sm,0.5779108847314512,0.6134593872928609,sm,20,ok,0.13654297669664875,0.11089632714505583,0.0,1.5406565801865868,0.0,1.0,1.5406565801865868,0.0,1.0
shell,16,6,shell,0.0,alternating,8,3,112,12.0,42.0,0,mle,1.5351808525407635,1.596954133525546,sm,0.5956036755314165,0.6013609847267638,sm,20,ok,0.05969097201853829,0.10698809686617948,0.0,1.5351808525407635,0.0,1.0,1.5351808525407635,0.0,1.0
shell,16,7,shell,0.0,alternating,8,3,112,12.0,42.0,0,mle,1.5986888662270626,1.5998004600970717,pl,0.6025787216426381,0.6005011725543702,sm,20,ok,0.06761634276752014,0.10304470818968997,0.0,1.5998004600970717,0.001111593870009031,0.0,1.5986888662270626,0.0,1.0
shell,16,8,shell,0.0,alternating,8,3,112,12.0,42.0,0,mle,1.5954788170665513,1.607550472451901,pl,0.6067152581510684,0.6064694978670179,sm,20,ok,0.09154096959545276,0.09026439942903984,0.0,1.607550472451901,0.012071655385349711,0.0,1.5954788170665513,0.0,1.0
shell,16,9,shell,0.0,alternating,8,3,112,12.0,42.0,0,mle,1.5364976511895538,1.5988125834419558,sm,0.5936019306606467,0.6155435420639074,sm,20,ok,0.129293269861844,0.10839488193253502,0.0,1.5364976511895538,0.0,1.0,1.5364976511895538,0.0,1.0
shell,16,10,shell,0.0,alternating,8,3,112,12.0,42.0,0,mle,1.567497466019215,1.593697252468178,sm,0.585144563893883,0.5940102430592562,sm,20,ok,0.07091710019425997,0.10469299178080603,0.0,1.567497466019215,0.0,1.0,1.567497466019215,0.0,1.0
shell,16,11,shell,0.0,alternating,8,3,112,12.0,42.0,0,mle,1.5347053416843068,1.6032119471118098,sm,0.5863936101154961,0.6149293793535039,sm,20,ok,0.09427864712921831,0.10624727836183832,0.0,1.5347053416843068,0.0,1.0,1.5347053416843068,0.0,1.0
shell,16,12,shell,0.0,alternating,8,3,112,12.0,42.0,0,mle,1.5347053416843068,1.5909642834193785,sm,0.5690106341273576,0.587920402030501,sm,20,ok,0.1222481623940349,0.1062472783618382,0.0,1.5347053416843068,0.0,1.0,1.5347053416843068,0.0,1.0
shell,16,13,shell,0.0,alternating,8,3,112,12.0,42.0,0,mle,1.5377924667081233,1.6270301691775981,sm,0.5670982498203093,0.6085162025879196,sm,20,ok,0.09941663875603919,0.09557766524141915,0.0,1.5377924667081233,0.0,1.0,1.5377924667081233,0.0,1.0
shell,16,14,shell,0.0,alternating,8,3,112,12.0,42.0,0,mle,1.5357775860992184,1.6032156379510483,sm,0.5823275755315473,0.6091458386709349,sm,20,ok,0.10590202801323048,0.10770411352989497,0.0,1.5357775860992184,0.0,1.0,1.5357775860992184,0.0,1.0
shell,16,15,shell,0.0,alternating,8,3,112,12.0,42.0,0,mle,1.6125792818648175,1.6326423886126797,pl,0.631872942296867,0.6288591370279994,pl,20,ok,0.03910234489564666,0.10969885752076591,0.0,1.6326423886126797,0.02006310674786227,0.0,1.6326423886126797,0.02006310674786227,0.0
shell,16,16,shell,0.0,alternating,8,3,112,12.0,42.0,0,mle,1.5666310589430106,1.6168723734891126,sm,0.5967315149486938,0.6114980842203139,sm,20,ok,0.08227776523458681,0.09455251318039418,0.0,1.5666310589430106,0.0,1.0,1.5666310589430106,0.0,1.0
shell,16,17,shell,0.0,alternating,8,3,112,12.0,42.0,0,mle,1.5654162129517355,1.5998922941570286,sm,0.5966157436415066,0.6114185692332292,sm,20,ok,0.10230942775129803,0.09853464046649041,0.0,1.5654162129517355,0.0,1.0,1.5654162129517355,0.0,1.0
shell,16,18,shell,0.0,alternating,8,3,112,12.0,42.0,0,mle,1.5671935589410366,1.6008724025812466,sm,0.5945409053503012,0.6044092640583155,sm,20,ok,0.09077588299963223,0.09350824228127838,0.0,1.5671935589410366,0.0,1.0,1.5671935589410366,0.0,1.0
shell,16,19,shell,0.0,alternating,8,3,112,12.0,42.0,0,mle,1.606698791696556,1.637588465248603,sm,0.6056703989215714,0.6134926576033456,sm,20,ok,0.07301288203466239,0.10624727836183831,0.0,1.606698791696556,0.0,1.0,1.606698791696556,0.0,1.0
shell,16,20,shell,0.0,alternating,8,3,112,12.0,42.0,0,mle,1.599814051350986,1.6150249527719374,sm,0.6058907387508866,0.6151251185754325,sm,20,ok,0.06231558114897722,0.10130579303837718,0.0,1.599814051350986,0.0,1.0,1.599814051350986,0.0,1.0
shell,16,21,shell,0.0,alternating,8,3,112,12.0,42.0,0,mle,1.5341099716531548,1.6093656665431704,sm,0.588177587331533,0.6171965704666036,sm,20,ok,0.11295468637649496,0.10469299178080617,0.0,1.5341099716531548,0.0,1.0,1.5341099716531548,0.0,1.0
shell,16,22,shell,0.0,alternating,8,3,112,12.0,42.0,0,mle,1.5654490210853274,1.5917296069891602,sm,0.596834080951387,0.6027456362998705,sm,20,ok,0.08677883672932783,0.10040337704421268,0.0,1.5654490210853274,0.0,1.0,1.5654490210853274,0.0,1.0
shell,16,23,shell,0.0,alternating,8,3,112,12.0,42.0,0,mle,1.6125792818648175,1.610819853438271,pl,0.6139249922458672,0.6040594257145846,pl,20,ok,0.03194744501839127,0.10969885752076583,0.0,1.610819853438271,0.0,1.0,1.610819853438271,0.0,1.0
shell,16,24,shell,0.0,alternating,8,3,112,12.0,42.0,0,mle,1.5342900700105795,1.612903442532283,sm,0.5925140776253481,0.6150061413574283,sm,20,ok,0.06059959308890402,0.10130579303837717,0.0,1.5342900700105795,0.0,1.0,1.5342900700105795,0.0,1.0
shell,16,25,shell,0.0,alternating,8,3,112,12.0,42.0,0,mle,1.6453037762255716,1.6429291109945892,pl,0.6209129703697188,0.6116328998816882,pl,20,ok,0.04118819687312194,0.1054820984624171,0.0,1.6429291109945892,0.0,1.0,1.6429291109945892,0.0,1.0
shell,16,26,shell,0.0,alternating,8,3,112,12.0,42.0,0,mle,1.7090420634269317,1.6715319804926054,pl,0.6538580127859971,0.6378859845266842,pl,20,ok,0.030051100729656666,0.08686157622622791,0.0,1.6715319804926054,0.0,1.0,1.6715319804926054,0.0,1.0
shell,16,27,shell,0.0,alternating,8,3,112,12.0,42.0,0,mle,1.6391522392247977,1.615944887214275,pl,0.624535986459443,0.618831426023947,sm,20,ok,0.05456201278868149,0.10548209846241707,0.0,1.615944887214275,0.0,1.0,1.6391522392247977,0.023207352010522708,0.0
shell,16,28,shell,0.0,alternating,8,3,112,12.0,42.0,0,mle,1.536950259777974,1.6342128547280266,sm,0.5983761387588631,0.6308063657782952,sm,20,ok,0.08295709693567781,0.09658332386123047,0.0,1.536950259777974,0.0,1.0,1.536950259777974,0.0,1.0
shell,16,29,shell,0.0,alternating,8,3,112,12.0,42.0,0,mle,1.5347053416843068,1.643577863099556,sm,0.6034852074699779,0.6449060821508313,sm,20,ok,0.10524289570425134,0.10624727836183818,0.0,1.5347053416843068,0.0,1.0,1.5347053416843068,0.0,1.0
shell,16,30,shell,0.0,alternating,8,3,112,12.0,42.0,0,mle,1.5347053416843068,1.6295694016109994,sm,0.5808765463811257,0.6194284844660027,sm,20,ok,0.10863356949708514,0.10624727836183827,0.0,1.5347053416843068,0.0,1.0,1.5347053416843068,0.0,1.0
shell,16,31,shell,0.0,alternating,8,3,112,12.0,42.0,0,mle,1.6311546493846456,1.6750392879313818,sm,0.6285273395049934,0.6350860612152002,pl,20,ok,0.007297812919596987,0.1013057930383772,0.0,1.6311546493846456,0.0,1.0,1.6750392879313818,0.04388463854673619,0.0
shell,16,32,shell,0.0,alternating,8,3,112,12.0,42.0,0,mle,1.5343490291960298,1.6239434554097594,sm,0.5869786263988366,0.6224501578724648,sm,20,ok,0.10053916772675876,0.10548209846241707,0.0,1.5343490291960298,0.0,1.0,1.5343490291960298,0.0,1.0
shell,16,33,shell,0.0,alternating,8,3,112,12.0,42.0,0,mle,1.567497466019215,1.609494580366795,pl,0.6017505373780042,0.6010053055503131,pl,20,ok,0.024026866525771955,0.10469299178080603,0.0,1.609494580366795,0.04199711434758013,0.0,1.609494580366795,0.04199711434758013,0.0
shell,16,34,shell,0.0,alternating,8,3,112,12.0,42.0,0,mle,1.6159473206090809,1.611104502370952,pl,0.6086432893069986,0.6022348928050073,sm,20,ok,0.06856532751428879,0.10969885752076594,0.0,1.611104502370952,0.0,1.0,1.6159473206090809,0.004842818238128821,0.0
shell,16,35,shell,0.0,alternating,8,3,112,12.0,42.0,0,mle,1.5339863031596663,1.6219498206662766,sm,0.573638555698919,0.606680771573245,sm,20,ok,0.08942793868046951,0.10388038723617489,0.0,1.5339863031596663,0.0,1.0,1.5339863031596663,0.0,1.0
shell,16,36,shell,0.0,alternating,8,3,112,12.0,42.0,0,mle,1.5351808525407635,1.6038534279397467,sm,0.5993698199583509,0.6231238958911154,sm,20,ok,0.0826517083356756,0.10698809686617952,0.0,1.5351808525407635,0.0,1.0,1.5351808525407635,0.0,1.0
shell,16,37,shell,0.0,alternating,8,3,112,12.0,42.0,0,mle,1.5394202728124196,1.6138469262710808,sm,0.5922773982524456,0.6122826333376399,sm,20,ok,0.07254697350443941,0.11031114066224547,0.0,1.5394202728124196,0.0,1.0,1.5394202728124196,0.0,1.0
shell,16,38,shell,0.0,alternating,8,3,112,12.0,42.0,0,mle,1.5350385285685109,1.6146812026641384,sm,0.5771648424767558,0.6026884056764927,sm,20,ok,0.11012423653232885,0.09947952701994092,0.0,1.5350385285685109,0.0,1.0,1.5350385285685109,0.0,1.0
shell,16,39,shell,0.0,alternating,8,3,112,12.0,42.0,0,mle,1.5979675119531453,1.6000030184927607,pl,0.6106194128616443,0.6057196334934963,pl,20,ok,0.04848111585386017,0.09853464046649033,0.0,1.6000030184927607,0.0020355065396153726,0.0,1.6000030184927607,0.0020355065396153726,0.0
shell,17,0,shell,0.0,alternating,8,3,448,48.0,168.0,0,mle,1.534707703872927,1.5905218891821453,sm,0.5734093394170762,0.5952639946688535,sm,20,ok,0.11605378815715338,0.10017440836784947,0.0,1.534707703872927,0.0,1.0,1.534707703872927,0.0,1.0
shell,17,1,shell,0.0,alternating,8,3,448,48.0,168.0,0,mle,1.534214961953606,1.5898821732042083,sm,0.5774284984507698,0.5880494133432046,sm,20,ok,0.09000770235804022,0.10509050903009656,0.0,1.534214961953606,0.0,1.0,1.534214961953606,0.0,1.0
shell,17,2,shell,0.0,alternating,8,3,448,48.0,168.0,0,mle,1.534158846723167,1.5918836132973984,sm,0.5791242479502834,0.6047259087130451,sm,20,ok,0.1256073026859303,0.10489248803450407,0.0,1.534158846723167,0.0,1.0,1.534158846723167,0.0,1.0
shell,17,3,shell,0.0,alternating,8,3,448,48.0,168.0,0,mle,1.534042189799946,1.5876117871522482,sm,0.5838789491722348,0.6064029145248201,sm,20,ok,0.12919842389232408,0.10240305787777834,0.0,1.534042189799946,0.0,1.0,1.534042189799946,0.0,1.0
shell,17,4,shell,0.0,alternating,8,3,448,48.0,168.0,0,mle,1.5339863031596663,1.59189718934175,sm,0.5785811275983148,0.599629955667006,sm,20,ok,0.10568045376173113,0.10388038723617486,0.0,1.5339863031596663,0.0,1.0,1.5339863031596663,0.0,1.0
shell,17,5,shell,0.0,alternating,8,3,448,48.0,168.0,0,mle,1.5360405412795664,1.5881431738538967,sm,0.5864089335990348,0.6048138510046629,sm,20,ok,0.1187060968181217,0.09781240673705736,0.0,1.5360405412795664,0.0,1.0,1.5360405412795664,0.0,1.0
shell,17,6,shell,0.0,alternating,8,3,448,48.0,168.0,0,mle,1.5342900700105795,1.5970957343921408,sm,0.6032103292222128,0.6258073893354394,sm,20,ok,0.11295805340391124,0.10130579303837718,0.0,1.5342900700105795,0.0,1.0,1.5342900700105795,0.0,1.0
shell,17,7,shell,0.0,alternating,8,3,448,48.0,168.0,0,mle,1.5428077244302678,1.6039088714231013,sm,0.5786902438072268,0.6013844782065939,sm,20,ok,0.12108664767893489,0.09081634036372473,0.0,1.5428077244302678,0.0,1.0,1.5428077244302678,0.0,1.0
shell,17,8,shell,0.0,alternating,8,3,448,48.0,168.0,0,mle,1.5351808525407635,1.5938746466977078,sm,0.589229227597737,0.6121863487308579,sm,20,ok,0.098581521631452,0.10698809686617952,0.0,1.5351808525407635,0.0,1.0,1.5351808525407635,0.0,1.0
shell,17,9,shell,0.0,alternating,8,3,448,48.0,168.0,0,mle,1.5340780383675818,1.5899633893582823,sm,0.5848378465875688,0.607320174198882,sm,20,ok,0.12021592179072968,0.10218637257711377,0.0,1.5340780383675818,0.0,1.0,1.5340780383675818,0.0,1.0
shell,17,10,shell,0.0,alternating,8,3,448,48.0,168.0,0,mle,1.5347053416843068,1.5861005382347815,sm,0.5809235317725133,0.5967390120735283,sm,20,ok,0.1121510256050981,0.10624727836183828,0.0,1.5347053416843068,0.0,1.0,1.5347053416843068,0.0,1.0
shell,17,11,shell,0.0,alternating,8,3,448,48.0,168.0,0,mle,1.535292131823836,1.5880936726896748,sm,0.5627175778467938,0.5839115145686634,sm,20,ok,0.11913804070174232,0.0990096886546603,0.0,1.535292131823836,0.0,1.0,1.535292131823836,0.0,1.0
shell,17,12,shell,0.0,alternating,8,3,448,48.0,168.0,0,mle,1.534214961953606,1.5881144963190343,sm,0.5775076339404918,0.5899919161046645,sm,20,ok,0.06477053080455336,0.10509050903009659,0.0,1.534214961953606,0.0,1.0,1.534214961953606,0.0,1.0
shell,17,13,shell,0.0,alternating,8,3,448,48.0,168.0,0,mle,1.5373432449374784,1.602752290616011,sm,0.5861983937896398,0.6106541236939979,sm,20,ok,0.10433422038352017,0.10905994953308264,0.0,1.5373432449374784,0.0,1.0,1.5373432449374784,0.0,1.0
shell,17,14,shell,0.0,alternating,8,3,448,48.0,168.0,0,mle,1.533967177122373,1.5875886157982126,sm,0.607941439943906,0.6175628437484203,sm,20,ok,0.07408356145433202,0.10346540577905393,0.0,1.533967177122373,0.0,1.0,1.533967177122373,0.0,1.0
shell,17,15,shell,0.0,alternating,8,3,448,48.0,168.0,0,mle,1.534214961953606,1.5942898239612209,sm,0.5869494344023874,0.6030267357575725,sm,20,ok,0.10306400044314948,0.10509050903009655,0.0,1.534214961953606,0.0,1.0,1.534214961953606,0.0,1.0
shell,17,16,shell,0.0,alternating,8,3,448,48.0,168.0,0,mle,1.5346107410288816,1.5921552455443437,sm,0.5901470674070886,0.6025871815570618,sm,20,ok,0.09223385399452487,0.1004033770442126,0.0,1.5346107410288816,0.0,1.0,1.5346107410288816,0.0,1.0
shell,17,17,shell,0.0,alternating,8,3,448,48.0,168.0,0,mle,1.534921620483799,1.5917623755786723,sm,0.5824779771611759,0.6001438312256338,sm,20,ok,0.07469025918803153,0.09971247714496397,0.0,1.534921620483799,0.0,1.0,1.534921620483799,0.0,1.0
shell,17,18,shell,0.0,alternating,8,3,448,48.0,168.0,0,mle,1.533968195405972,1.5881948463067006,sm,0.575005345039153,0.6005108651048695,sm,20,ok,0.11402075528215148,0.10325576823850711,0.0,1.533968195405972,0.0,1.0,1.533968195405972,0.0,1.0
shell,17,19,shell,0.0,alternating,8,3,448,48.0,168.0,0,mle,1.5342268163024946,1.5901809371205724,sm,0.585845196369766,0.5959691822844991,sm,20,ok,0.05930333606445171,0.10152800092041574,0.0,1.5342268163024946,0.0,1.0,1.5342268163024946,0.0,1.0
shell,17,20,shell,0.0,alternating,8,3,448,48.0,168.0,0,mle,1.5350506906895975,1.58724207610146,sm,0.5749238077985963,0.5974639696577003,sm,20,ok,0.1438891227755001,0.1068052001067444,0.0,1.5350506906895975,0.0,1.0,1.5350506906895975,0.0,1.0
shell,17,21,shell,0.0,alternating,8,3,448,48.0,168.0,0,mle,1.534214961953606,1.59021842250833,sm,0.5827556291033213,0.6054576390663494,sm,20,ok,0.11406023056951774,0.10509050903009647,0.0,1.534214961953606,0.0,1.0,1.534214961953606,0.0,1.0
shell,17,22,shell,0.0,alternating,8,3,448,48.0,168.0,0,mle,1.5364976511895538,1.5938235349624128,sm,0.5859903210650795,0.6064415452529708,sm,20,ok,0.11248107202552449,0.10839488193253505,0.0,1.5364976511895538,0.0,1.0,1.5364976511895538,0.0,1.0
shell,17,23,shell,0.0,alternating,8,3,448,48.0,168.0,0,mle,1.5340780383675818,1.5955478999525794,sm,0.5955136054131142,0.6080074873400193,sm,20,ok,0.07131661401653881,0.1021863725771138,0.0,1.5340780383675818,0.0,1.0,1.5340780383675818,0.0,1.0
shell,17,24,shell,0.0,alternating,8,3,448,48.0,168.0,0,mle,1.537119954601605,1.5926881161439614,sm,0.5541513079056081,0.5786237546973634,sm,20,ok,0.12807625523236182,0.10889611706578355,0.0,1.537119954601605,0.0,1.0,1.537119954601605,0.0,1.0
shell,17,25,shell,0.0,alternating,8,3,448,48.0,168.0,0,mle,1.534158846723167,1.599098147098998,sm,0.5718753458937249,0.5981088228571921,sm,20,ok,0.10947718960165177,0.10489248803450411,0.0,1.534158846723167,0.0,1.0,1.534158846723167,0.0,1.0
shell,17,26,shell,0.0,alternating,8,3,448,48.0,168.0,0,mle,1.5340683080359003,1.5932193487702127,sm,0.5997996750284579,0.6195580880330938,sm,20,ok,0.12032012984626103,0.10449202693780622,0.0,1.5340683080359003,0.0,1.0,1.5340683080359003,0.0,1.0
shell,17,27,shell,0.0,alternating,8,3,448,48.0,168.0,0,mle,1.5377924667081233,1.6004022323584781,sm,0.5982411988317713,0.6233921269643579,sm,20,ok,0.11639588285761526,0.09557766524141903,0.0,1.5377924667081233,0.0,1.0,1.5377924667081233,0.0,1.0
shell,17,28,shell,0.0,alternating,8,3,448,48.0,168.0,0,mle,1.5339863031596663,1.5922681630610307,sm,0.5788379481791149,0.597841621855855,sm,20,ok,0.10084642547497075,0.10388038723617488,0.0,1.5339863031596663,0.0,1.0,1.5339863031596663,0.0,1.0
shell,17,29,shell,0.0,alternating,8,3,448,48.0,168.0,0,mle,1.5347053416843068,1.5943635329744716,sm,0.5735784248814264,0.5995552175082368,sm,20,ok,0.13052570619457188,0.1062472783618383,0.0,1.5347053416843068,0.0,1.0,1.5347053416843068,0.0,1.0
shell,17,30,shell,0.0,alternating,8,3,448,48.0,168.0,0,mle,1.534158846723167,1.5931996814275884,sm,0.5730602788794058,0.5848908904553682,sm,20,ok,0.06647709017067843,0.10489248803450411,0.0,1.534158846723167,0.0,1.0,1.534158846723167,0.0,1.0
shell,17,31,shell,0.0,alternating,8,3,448,48.0,168.0,0,mle,1.5341207757033317,1.595246336640688,sm,0.5849301952631554,0.606276576117227,sm,20,ok,0.11556544304289099,0.10196829705630288,0.0,1.5341207757033317,0.0,1.0,1.5341207757033317,0.0,1.0
shell,17,32,shell,0.0,alternating,8,3,448,48.0,168.0,0,mle,1.5339863031596663,1.5900123529728472,sm,0.5942532612235529,0.6074993861139276,sm,20,ok,0.09056890444741794,0.10388038723617493,0.0,1.5339863031596663,0.0,1.0,1.5339863031596663,0.0,1.0
shell,17,33,shell,0.0,alternating,8,3,448,48.0,168.0,0,mle,1.5367555350908777,1.5880543531698015,sm,0.578824457919726,0.5958205671175921,sm,20,ok,0.09114423873143293,0.09683164835378504,0.0,1.5367555350908777,0.0,1.0,1.5367555350908777,0.0,1.0
shell,17,34,shell,0.0,alternating,8,3,448,48.0,168.0,0,mle,1.5342900700105795,1.5909814787318766,sm,0.5920613224578547,0.6057107251863365,sm,20,ok,0.08442715588065466,0.1013057930383772,0.0,1.5342900700105795,0.0,1.0,1.5342900700105795,0.0,1.0
shell,17,35,shell,0.0,alternating,8,3,448,48.0,168.0,0,mle,1.5357775860992184,1.5971315055341047,sm,0.5655592863878925,0.5918766271966598,sm,20,ok,0.1120707496996932,0.10770411352989491,0.0,1.5357775860992184,0.0,1.0,1.5357775860992184,0.0,1.0
shell,17,36,shell,0.0,alternating,8,3,448,48.0,168.0,0,mle,1.5348129668854622,1.5899889468439428,sm,0.5986386167752901,0.6168558809373831,sm,20,ok,0.10422759830180041,0.10643478397285534,0.0,1.5348129668854622,0.0,1.0,1.5348129668854622,0.0,1.0
shell,17,37,shell,0.0,alternating,8,3,448,48.0,168.0,0,mle,1.5357216738163109,1.590075718744823,sm,0.5754746321287703,0.6023396796869342,sm,20,ok,0.13440816605625755,0.09829517799331267,0.0,1.5357216738163109,0.0,1.0,1.5357216738163109,0.0,1.0
shell,17,38,shell,0.0,alternating,8,3,448,48.0,168.0,0,mle,1.5343490291960298,1.5990241936679626,sm,0.5973058501464398,0.6178582279824354,sm,20,ok,0.09761840448471328,0.105482098462417,0.0,1.5343490291960298,0.0,1.0,1.5343490291960298,0.0,1.0
shell,17,39,shell,0.0,alternating,8,3,448,48.0,168.0,0,mle,1.5340683080359003,1.5890469046898068,sm,0.5796833614380931,0.5959475976393356,sm,20,ok,0.07751000441623515,0.1044920269378061,0.0,1.5340683080359003,0.0,1.0,1.5340683080359003,0.0,1.0
shell,18,0,shell,0.5,alternating,8,3,28,3.0,10.5,0,mle,2.0042551804647286,1.7114403347232594,pl,0.7794716742870955,0.647621909690879,pl,20,ok,-0.031023722751123646,0.11596246315052873,0.0,1.7114403347232594,0.0,1.0,1.7114403347232594,0.0,1.0
shell,18,1,shell,0.5,alternating,8,3,28,3.0,10.5,0,mle,1.6719022214019885,1.6966208202924271,sm,0.6406937265102371,0.6442880300530057,pl,20,ok,0.04245318191773514,0.11621436976736403,0.0,1.6719022214019885,0.0,1.0,1.6966208202924271,0.024718598890438592,0.0
shell,18,2,shell,0.5,alternating,8,3,28,3.0,10.5,0,mle,1.7039299053378372,1.7250761106875272,sm,0.6556338792585978,0.6581637949786743,pl,20,ok,0.05009152567337254,0.1159624631505287,0.0,1.7039299053378372,0.0,1.0,1.7250761106875272,0.021146205349690028,0.0
shell,18,3,shell,0.5,alternating,8,3,28,3.0,10.5,0,mle,1.6588583517920508,1.6520886448463257,pl,0.6133985175463456,0.6132263666839588,pl,20,ok,0.01727836782921744,0.11198348902273737,0.0,1.6520886448463257,0.0,1.0,1.6520886448463257,0.0,1.0
shell,18,4,shell,0.5,alternating,8,3,28,3.0,10.5,0,mle,1.7305053577450837,1.747144989976107,pl,0.671052808407429,0.6651318227160404,pl,20,ok,-0.0002787495545845215,0.10969885752076594,0.0,1.747144989976107,0.01663963223102316,0.0,1.747144989976107,0.01663963223102316,0.0
shell,18,5,shell,0.5,alternating,8,3,28,3.0,10.5,0,mle,1.7069726524113515,1.7718460965549025,sm,0.6567363481747681,0.688251444888203,pl,20,ok,0.005667872697543794,0.08801292444559745,0.0,1.7069726524113515,0.0,1.0,1.7718460965549025,0.064873444143551,0.0
shell,18,6,shell,0.5,alternating,8,3,28,3.0,10.5,0,mle,1.6673399945766794,1.6485333241904585,sm,0.6306477007579321,0.634231995566747,sm,20,ok,0.0761637701429223,0.11596246315052873,0.0,1.6673399945766794,0.01880667038622086,0.0,1.6673399945766794,0.01880667038622086,0.0
shell,18,7,shell,0.5,alternating,8,3,28,3.0,10.5,0,mle,1.7565395494576002,1.6237118803529462,pl,0.665483371102145,0.6159859665309755,pl,20,ok,0.02613623870303531,0.11381112446842791,0.0,1.6237118803529462,0.0,1.0,1.6237118803529462,0.0,1.0
shell,18,8,shell,0.5,alternating,8,3,28,3.0,10.5,0,mle,1.6497343931309871,1.7677676391786576,sm,0.6438487347932342,0.6969042058241708,pl,20,ok,0.05785458837666227,0.11586524632099313,0.0,1.6497343931309871,0.0,1.0,1.7677676391786576,0.11803324604767051,0.0
shell,18,9,shell,0.5,alternating,8,3,28,3.0,10.5,0,mle,1.567798667382501,1.77083983255976,sm,0.5779861367954005,0.6637255541891546,pl,20,ok,0.04960678496022119,0.10969885752076589,0.0,1.567798667382501,0.0,1.0,1.77083983255976,0.203041165177259,0.0
shell,18,10,shell,0.5,alternating,8,3,28,3.0,10.5,0,mle,1.7376616442716593,1.7080525504155377,pl,0.6673204173383119,0.6439961389779524,pl,20,ok,0.03603189371019559,0.10698809686617947,0.0,1.7080525504155377,0.0,1.0,1.7080525504155377,0.0,1.0
shell,18,11,shell,0.5,alternating,8,3,28,3.0,10.5,0,mle,1.7191791638772247,1.605909278231166,pl,0.6708031838982086,0.6218372125294402,pl,20,ok,0.019459193872872368,0.10388038723617492,0.0,1.605909278231166,0.0,1.0,1.605909278231166,0.0,1.0
shell,18,12,shell,0.5,alternating,8,3,28,3.0,10.5,0,mle,1.8489173379758754,1.767778041203855,pl,0.7139709060624312,0.6976662959449754,pl,20,ok,-0.009055187120193445,0.11596246315052863,0.0,1.767778041203855,0.0,1.0,1.767778041203855,0.0,1.0
shell,18,13,shell,0.5,alternating,8,3,28,3.0,10.5,0,mle,1.7662098534015367,1.9892870545384846,sm,0.6733689672309183,0.745447786332154,pl,20,ok,0.00396970241000561,0.10040337704421261,0.0,1.7662098534015367,0.0,1.0,1.9892870545384846,0.22307720113694796,0.0
shell,18,14,shell,0.5,alternating,8,3,28,3.0,10.5,0,mle,1.9145845996169575,1.8047461775384452,pl,0.7472553641503801,0.6851208504469168,pl,20,ok,-0.01147697682140097,0.1151490394127623,0.0,1.8047461775384452,0.0,1.0,1.8047461775384452,0.0,1.0
shell,18,15,shell,0.5,alternating,8,3,28,3.0,10.5,0,mle,2.0297098296556397,1.7631206094712257,pl,0.8139024196575647,0.6855560550231976,pl,20,ok,0.00017964576640686473,0.11596246315052873,0.0,1.7631206094712257,0.0,1.0,1.7631206094712257,0.0,1.0
shell,18,16,shell,0.5,alternating,8,3,28,3.0,10.5,0,mle,1.684312794648369,1.612283402520484,pl,0.6436848152237616,0.6154159934519768,pl,20,ok,0.0028823060091412306,0.08801292444559738,0.0,1.612283402520484,0.0,1.0,1.612283402520484,0.0,1.0
shell,18,17,shell,0.5,alternating,8,3,28,3.0,10.5,0,mle,1.6348322246046385,1.713378572105397,sm,0.6118864323885758,0.6269281415593404,pl,20,ok,0.02833302389007446,0.11514903941276232,0.0,1.6348322246046385,0.0,1.0,1.713378572105397,0.0785463475007584,0.0
shell,18,18,shell,0.5,alternating,8,3,28,3.0,10.5,0,mle,1.645282788753888,1.705396428558994,sm,0.6214780322252331,0.6450715520385131,sm,20,ok,0.08333307858575789,0.11514903941276242,0.0,1.645282788753888,0.0,1.0,1.645282788753888,0.0,1.0
shell,18,19,shell,0.5,alternating,8,3,28,3.0,10.5,0,mle,1.6954983307211673,1.6662159070664486,pl,0.6384917156748279,0.6231519449922704,sm,20,ok,0.05833638227523173,0.1158652463209932,0.0,1.6662159070664486,0.0,1.0,1.6954983307211673,0.02928242365471867,0.0
shell,18,20,shell,0.5,alternating,8,3,28,3.0,10.5,0,mle,1.7440401356197106,1.6519407314605372,pl,0.7011109137117885,0.6530623313522694,pl,20,ok,0.039148862205362914,0.1162143697673641,0.0,1.6519407314605372,0.0,1.0,1.6519407314605372,0.0,1.0
shell,18,21,shell,0.5,alternating,8,3,28,3.0,10.5,0,mle,1.6338678073117547,1.6738138690634874,sm,0.6160511850961643,0.6263708083188585,pl,20,ok,0.0363808024284347,0.08801292444559734,0.0,1.6338678073117547,0.0,1.0,1.6738138690634874,0.03994606175173265,0.0
shell,18,22,shell,0.5,alternating,8,3,28,3.0,10.5,0,mle,1.6186658715747972,1.6115127254104835,pl,0.6207204296189514,0.6121145797622722,pl,20,ok,0.02849596192125775,0.10698809686617944,0.0,1.6115127254104835,0.0,1.0,1.6115127254104835,0.0,1.0
shell,18,23,shell,0.5,alternating,8,3,28,3.0,10.5,0,mle,1.606523733618445,1.6623182875085858,sm,0.6275988665151586,0.6516975719062301,pl,20,ok,0.02629093835140052,0.10969885752076584,0.0,1.606523733618445,0.0,1.0,1.6623182875085858,0.05579455389014076,0.0
shell,18,24,shell,0.5,alternating,8,3,28,3.0,10.5,0,mle,1.7464366919590133,1.6083932397826666,pl,0.6784102383931003,0.6192909436432062,pl,20,ok,0.011423256725118148,0.10969885752076589,0.0,1.6083932397826666,0.0,1.0,1.6083932397826666,0.0,1.0
shell,18,25,shell,0.5,alternating,8,3,28,3.0,10.5,0,mle,2.0039889547580017,2.1313162092907247,sm,0.7812435394199869,0.8121993807702343,pl,20,ok,0.038815596833512774,0.09261725443433763,0.0,2.0039889547580017,0.0,1.0,2.1313162092907247,0.1273272545327231,0.0
shell,18,26,shell,0.5,alternating,8,3,28,3.0,10.5,0,mle,1.6922214893441152,1.7416194081516596,sm,0.6610098953807175,0.6855088467104186,pl,20,ok,0.03426106087366059,0.10969885752076586,0.0,1.6922214893441152,0.0,1.0,1.7416194081516596,0.049397918807544405,0.0
shell,18,27,shell,0.5,alternating,8,3,28,3.0,10.5,0,mle,1.6757616798821047,1.6303568902069385,pl,0.6431049006781855,0.6292557799364279,pl,20,ok,0.03331260289497216,0.10969885752076579,0.0,1.6303568902069385,0.0,1.0,1.6303568902069385,0.0,1.0
shell,18,28,shell,0.5,alternating,8,3,28,3.0,10.5,0,mle,1.6326092890918749,1.6959181530090985,sm,0.6234807709664442,0.6420216380889642,pl,20,ok,0.011705349624557725,0.10969885752076591,0.0,1.6326092890918749,0.0,1.0,1.6959181530090985,0.06330886391722368,0.0
shell,18,29,shell,0.5,alternating,8,3,28,3.0,10.5,0,mle,1.9222724998565908,1.6616983336416369,pl,0.7375999894599877,0.6274852409271042,pl,20,ok,0.013597699587012032,0.092445222895299,0.0,1.6616983336416369,0.0,1.0,1.6616983336416369,0.0,1.0
shell,18,30,shell,0.5,alternating,8,3,28,3.0,10.5,0,mle,1.839895543514804,1.7046212484598775,pl,0.6890640346264701,0.6280858486853851,pl,20,ok,0.013662959569836035,0.11514903941276217,0.0,1.7046212484598775,0.0,1.0,1.7046212484598775,0.0,1.0
shell,18,31,shell,0.5,alternating,8,3,28,3.0,10.5,0,mle,1.7718389379223374,1.7018760993357382,pl,0.6843115881700064,0.6480597631280115,pl,20,ok,0.013233475535531915,0.11596246315052863,0.0,1.7018760993357382,0.0,1.0,1.7018760993357382,0.0,1.0
shell,18,32,shell,0.5,alternating,8,3,28,3.0,10.5,0,mle,1.953259118033432,1.6979234135904493,pl,0.7701909119878738,0.6684835469349646,pl,20,ok,-0.05158739292296706,0.11381112446842781,0.0,1.6979234135904493,0.0,1.0,1.6979234135904493,0.0,1.0
shell,18,33,shell,0.5,alternating,8,3,28,3.0,10.5,0,mle,1.7646448930966974,1.6193964535765648,pl,0.686880050473547,0.6194523918822631,pl,20,ok,0.005012623817196608,0.10388038723617488,0.0,1.6193964535765648,0.0,1.0,1.6193964535765648,0.0,1.0
shell,18,34,shell,0.5,alternating,8,3,28,3.0,10.5,0,mle,1.8592285692233526,1.8221952402204649,pl,0.7199365612929999,0.6912169921377109,pl,20,ok,0.03090878427895449,0.11514903941276233,0.0,1.8221952402204649,0.0,1.0,1.8221952402204649,0.0,1.0
shell,18,35,shell,0.5,alternating,8,3,28,3.0,10.5,0,mle,1.841339168241165,1.7301556179991397,pl,0.7096465614547222,0.6662720348814267,pl,20,ok,0.03500562139212365,0.08801292444559736,0.0,1.7301556179991397,0.0,1.0,1.7301556179991397,0.0,1.0
shell,18,36,shell,0.5,alternating,8,3,28,3.0,10.5,0,mle,1.743937714977435,1.6919345686066916,pl,0.6801214602124215,0.6651323377803557,pl,20,ok,0.032838479291423875,0.11596246315052872,0.0,1.6919345686066916,0.0,1.0,1.6919345686066916,0.0,1.0
shell,18,37,shell,0.5,alternating,8,3,28,3.0,10.5,0,mle,1.815787243902948,1.8594433783545792,sm,0.7277008499319895,0.769962125347789,pl,20,ok,0.024173672196469563,0.11621436976736399,0.0,1.815787243902948,0.0,1.0,1.8594433783545792,0.04365613445163108,0.0
shell,18,38,shell,0.5,alternating,8,3,28,3.0,10.5,0,mle,1.6808735645421524,1.7083432465789796,sm,0.638174138388573,0.6530419055334558,pl,20,ok,0.01990320639805816,0.10388038723617488,0.0,1.6808735645421524,0.0,1.0,1.7083432465789796,0.027469682036827203,0.0
shell,18,39,shell,0.5,alternating,8,3,28,3.0,10.5,0,mle,1.8037013824835992,,abstain,0.7299181430230433,,abstain,0,fit_unavailable,,,,,,,,,
shell,19,0,shell,0.5,alternating,8,3,112,12.0,42.0,0,mle,1.5840665082806984,1.597853010307491,sm,0.6007828617078327,0.6076590216271023,pl,20,ok,0.05354230452615057,0.11295643087554835,0.0,1.5840665082806984,0.0,1.0,1.597853010307491,0.013786502026792657,0.0
shell,19,1,shell,0.5,alternating,8,3,112,12.0,42.0,0,mle,1.5394202728124196,1.5901385737637386,sm,0.5916839111404545,0.6041877114963307,pl,20,ok,0.037899321867747755,0.11031114066224554,0.0,1.5394202728124196,0.0,1.0,1.5901385737637386,0.05071830095131902,0.0
shell,19,2,shell,0.5,alternating,8,3,112,12.0,42.0,0,mle,1.6302268438904939,1.5895271729939753,pl,0.6156350515002227,0.6045005546032014,pl,20,ok,0.039493801409610715,0.08569361800406342,0.0,1.5895271729939753,0.0,1.0,1.5895271729939753,0.0,1.0
shell,19,3,shell,0.5,alternating,8,3,112,12.0,42.0,0,mle,1.5351808525407635,1.5709300823874592,sm,0.5639482712575191,0.5743652874927877,sm,20,ok,0.06706169359901368,0.10698809686617942,0.0,1.5351808525407635,0.0,1.0,1.5351808525407635,0.0,1.0
shell,19,4,shell,0.5,alternating,8,3,112,12.0,42.0,0,mle,1.5350385285685109,1.581974113827557,sm,0.5742828055035987,0.5889363573918633,sm,20,ok,0.05363575562348984,0.09947952701994082,0.0,1.5350385285685109,0.0,1.0,1.5350385285685109,0.0,1.0
shell,19,5,shell,0.5,alternating,8,3,112,12.0,42.0,0,mle,1.570813933193944,1.6127073858489769,sm,0.5978081629151937,0.6088995444611355,sm,20,ok,0.049330849650995115,0.08209349979926887,0.0,1.570813933193944,0.0,1.0,1.570813933193944,0.0,1.0
shell,19,6,shell,0.5,alternating,8,3,112,12.0,42.0,0,mle,1.5944388652736756,1.5880469412190226,sm,0.6128964598569291,0.6152513719008541,sm,20,ok,0.06871837940379001,0.09947952701994087,0.0,1.5944388652736756,0.006391924054653053,0.0,1.5944388652736756,0.006391924054653053,0.0
shell,19,7,shell,0.5,alternating,8,3,112,12.0,42.0,0,mle,1.5591814083878193,1.5723195829534684,sm,0.5898242852274502,0.5967081331494578,sm,20,ok,0.05726610711965802,0.10770411352989485,0.0,1.5591814083878193,0.0,1.0,1.5591814083878193,0.0,1.0
shell,19,8,shell,0.5,alternating,8,3,112,12.0,42.0,0,mle,1.5846161315316185,1.626470260746447,sm,0.6094761906474748,0.6259897728201066,pl,20,ok,0.0434414660203596,0.10839488193253505,0.0,1.5846161315316185,0.0,1.0,1.626470260746447,0.04185412921482845,0.0
shell,19,9,shell,0.5,alternating,8,3,112,12.0,42.0,0,mle,1.53434902919603,1.560883393994901,sm,0.5934797466162981,0.6016250048439358,sm,20,ok,0.06924113625543055,0.10548209846241706,0.0,1.53434902919603,0.0,1.0,1.53434902919603,0.0,1.0
shell,19,10,shell,0.5,alternating,8,3,112,12.0,42.0,0,mle,1.5869721694029704,1.5737218650566605,pl,0.5970976214505127,0.5833717649636145,pl,20,ok,0.0184390054752054,0.09947952701994096,0.0,1.5737218650566605,0.0,1.0,1.5737218650566605,0.0,1.0
shell,19,11,shell,0.5,alternating,8,3,112,12.0,42.0,0,mle,1.6196851582846783,1.6023565323716464,pl,0.6282206086017506,0.6147748844837664,pl,20,ok,0.011148520668226563,0.11248448643334498,0.0,1.6023565323716464,0.0,1.0,1.6023565323716464,0.0,1.0
shell,19,12,shell,0.5,alternating,8,3,112,12.0,42.0,0,mle,1.5339762321498367,1.5640708318850096,sm,0.5868392558989749,0.5944030407563097,pl,20,ok,0.029565097233762244,0.10304470818968986,0.0,1.5339762321498367,0.0,1.0,1.5640708318850096,0.030094599735172922,0.0
shell,19,13,shell,0.5,alternating,8,3,112,12.0,42.0,0,mle,1.534705341684307,1.5820633653558256,sm,0.5914407210687711,0.6151046777762346,sm,20,ok,0.08734282384161536,0.10624727836183823,0.0,1.534705341684307,0.0,1.0,1.534705341684307,0.0,1.0
shell,19,14,shell,0.5,alternating,8,3,112,12.0,42.0,0,mle,1.5892296713685155,1.5831039079594058,pl,0.5867252617523366,0.5854135710695046,sm,20,ok,0.07142492194236594,0.084509393157372,0.0,1.5831039079594058,0.0,1.0,1.5892296713685155,0.006125763409109641,0.0
shell,19,15,shell,0.5,alternating,8,3,112,12.0,42.0,0,mle,1.5679035375513903,1.5861380872470892,sm,0.5815215905374685,0.5913657724359719,sm,20,ok,0.058457950752957705,0.10969885752076594,0.0,1.5679035375513903,0.0,1.0,1.5679035375513903,0.0,1.0
shell,19,16,shell,0.5,alternating,8,3,112,12.0,42.0,0,mle,1.5969214940054697,1.5887124783529432,sm,0.5915248170154755,0.5924883109972985,sm,20,ok,0.07753070677930349,0.1038803872361749,0.0,1.5969214940054697,0.008209015652526519,0.0,1.5969214940054697,0.008209015652526519,0.0
shell,19,17,shell,0.5,alternating,8,3,112,12.0,42.0,0,mle,1.609470977347344,1.6045352261047796,sm,0.60562064662043,0.6073409789468905,pl,20,ok,0.04617175413861993,0.11248448643334502,0.0,1.609470977347344,0.00493575124256429,0.0,1.6045352261047796,0.0,1.0
shell,19,18,shell,0.5,alternating,8,3,112,12.0,42.0,0,mle,1.563041693469152,1.57574270742115,sm,0.6058495261575021,0.6138138530812203,sm,20,ok,0.06546399383962473,0.10698809686617942,0.0,1.563041693469152,0.0,1.0,1.563041693469152,0.0,1.0
shell,19,19,shell,0.5,alternating,8,3,112,12.0,42.0,0,mle,1.5383166567941944,1.5697754290169632,sm,0.6033791037521449,0.6129078314160317,sm,20,ok,0.06078771029581573,0.10969885752076584,0.0,1.5383166567941944,0.0,1.0,1.5383166567941944,0.0,1.0
shell,19,20,shell,0.5,alternating,8,3,112,12.0,42.0,0,mle,1.5362096633821474,1.6060931261018627,sm,0.5781073793071028,0.6047027608340543,sm,20,ok,0.06720868022172277,0.09756911007873542,0.0,1.5362096633821474,0.0,1.0,1.5362096633821474,0.0,1.0
shell,19,21,shell,0.5,alternating,8,3,112,12.0,42.0,0,mle,1.5339863031596663,1.5728324317964935,sm,0.573980983139986,0.5854686347427415,sm,20,ok,0.060786576002549914,0.10388038723617483,0.0,1.5339863031596663,0.0,1.0,1.5339863031596663,0.0,1.0
shell,19,22,shell,0.5,alternating,8,3,112,12.0,42.0,0,mle,1.6224227218623897,1.608631429004093,pl,0.6128270363736268,0.6093489362465323,pl,20,ok,0.04196044212237608,0.10304470818968986,0.0,1.608631429004093,0.0,1.0,1.608631429004093,0.0,1.0
shell,19,23,shell,0.5,alternating,8,3,112,12.0,42.0,0,mle,1.5350385285685109,1.5686708569756835,sm,0.5913042439442454,0.5979500239419135,pl,20,ok,0.03607520118303922,0.09947952701994084,0.0,1.5350385285685109,0.0,1.0,1.5686708569756835,0.033632328407172674,0.0
shell,19,24,shell,0.5,alternating,8,3,112,12.0,42.0,0,mle,1.5693418252045,1.5849777946464123,sm,0.5851490529884821,0.5901148656123889,pl,20,ok,0.04089573399099483,0.11031114066224544,0.0,1.5693418252045,0.0,1.0,1.5849777946464123,0.015635969441912367,0.0
shell,19,25,shell,0.5,alternating,8,3,112,12.0,42.0,0,mle,1.5597583127873864,1.5791175619358622,sm,0.58827385730186,0.5968933892907948,sm,20,ok,0.07267777465670397,0.10304470818968987,0.0,1.5597583127873864,0.0,1.0,1.5597583127873864,0.0,1.0
shell,19,26,shell,0.5,alternating,8,3,112,12.0,42.0,0,mle,1.6336935591848838,1.6340087666668723,sm,0.6320356230068229,0.6367817428936801,sm,20,ok,0.06286493764550867,0.10905994953308266,0.0,1.6336935591848838,0.0,1.0,1.6336935591848838,0.0,1.0
shell,19,27,shell,0.5,alternating,8,3,112,12.0,42.0,0,mle,1.5707254565338136,1.5861221973044142,sm,0.5943012029752265,0.6013005579993339,sm,20,ok,0.0590452815360797,0.10839488193253512,0.0,1.5707254565338136,0.0,1.0,1.5707254565338136,0.0,1.0
shell,19,28,shell,0.5,alternating,8,3,112,12.0,42.0,0,mle,1.53434902919603,1.6233236401436373,sm,0.5675768094666606,0.6017557039924111,sm,20,ok,0.07112663269515598,0.10548209846241725,0.0,1.53434902919603,0.0,1.0,1.53434902919603,0.0,1.0
shell,19,29,shell,0.5,alternating,8,3,112,12.0,42.0,0,mle,1.542028172076602,1.5859029350843699,sm,0.566963616717615,0.5888114774214471,sm,20,ok,0.09191740601406528,0.11145393841719571,0.0,1.542028172076602,0.0,1.0,1.542028172076602,0.0,1.0
shell,19,30,shell,0.5,alternating,8,3,112,12.0,42.0,0,mle,1.6282107978678448,1.6116140432391388,pl,0.6117111232780601,0.6056844438009237,pl,20,ok,0.02083458587023264,0.09026439942903981,0.0,1.6116140432391388,0.0,1.0,1.6116140432391388,0.0,1.0
shell,19,31,shell,0.5,alternating,8,3,112,12.0,42.0,0,mle,1.6218170550450643,1.596196435386005,pl,0.6244010976391883,0.6154494108513694,sm,20,ok,0.05353436618997817,0.08450939315737191,0.0,1.596196435386005,0.0,1.0,1.6218170550450643,0.025620619659059374,0.0
shell,19,32,shell,0.5,alternating,8,3,112,12.0,42.0,0,mle,1.5350385285685109,1.5980091339879847,sm,0.5841598740388743,0.6086133421122628,sm,20,ok,0.06659728422793448,0.09947952701994082,0.0,1.5350385285685109,0.0,1.0,1.5350385285685109,0.0,1.0
shell,19,33,shell,0.5,alternating,8,3,112,12.0,42.0,0,mle,1.5876802035978734,1.6036804570483763,pl,0.6178185690502053,0.6162430562804359,pl,20,ok,0.023144713813729192,0.08914731571548566,0.0,1.6036804570483763,0.01600025345050282,0.0,1.6036804570483763,0.01600025345050282,0.0
shell,19,34,shell,0.5,alternating,8,3,112,12.0,42.0,0,mle,1.644721950483288,1.639387489749954,sm,0.6304103241785554,0.6340390064302952,pl,20,ok,0.031735727725041095,0.1119834890227373,0.0,1.644721950483288,0.005334460733333879,0.0,1.639387489749954,0.0,1.0
shell,19,35,shell,0.5,alternating,8,3,112,12.0,42.0,0,mle,1.5355719705512092,1.567457392857122,sm,0.5869696530624137,0.5921535886017802,pl,20,ok,0.04807807184882734,0.09853464046649046,0.0,1.5355719705512092,0.0,1.0,1.567457392857122,0.03188542230591285,0.0
shell,19,36,shell,0.5,alternating,8,3,112,12.0,42.0,0,mle,1.5340780383675818,1.5705521071719035,sm,0.5760549343888626,0.5841741574296944,pl,20,ok,0.040579332570196934,0.10218637257711372,0.0,1.5340780383675818,0.0,1.0,1.5705521071719035,0.03647406880432169,0.0
shell,19,37,shell,0.5,alternating,8,3,112,12.0,42.0,0,mle,1.5553077053255588,1.6128124881150177,sm,0.5902599379478463,0.6143119885234731,sm,20,ok,0.0578347408637431,0.1030447081896899,0.0,1.5553077053255588,0.0,1.0,1.5553077053255588,0.0,1.0
shell,19,38,shell,0.5,alternating,8,3,112,12.0,42.0,0,mle,1.6891183352985284,1.6322655866405886,pl,0.6516100968931344,0.6376003473503562,pl,20,ok,0.011796515024955552,0.10969885752076598,0.0,1.6322655866405886,0.0,1.0,1.6322655866405886,0.0,1.0
shell,19,39,shell,0.5,alternating,8,3,112,12.0,42.0,0,mle,1.591100853581278,1.6013597019781591,sm,0.5994795049920005,0.6151095159389347,sm,20,ok,0.05574215909897067,0.10548209846241705,0.0,1.591100853581278,0.0,1.0,1.591100853581278,0.0,1.0
shell,20,0,shell,0.5,alternating,8,3,448,48.0,168.0,0,mle,1.5342900700105795,1.5619647240283427,sm,0.5658388018400874,0.5783329379820382,sm,20,ok,0.07285427291201575,0.10130579303837711,0.0,1.5342900700105795,0.0,1.0,1.5342900700105795,0.0,1.0
shell,20,1,shell,0.5,alternating,8,3,448,48.0,168.0,0,mle,1.534360113371134,1.5663997196828707,sm,0.5736472859982079,0.5851481922134235,sm,20,ok,0.05765586407940452,0.10108222040250839,0.0,1.534360113371134,0.0,1.0,1.534360113371134,0.0,1.0
shell,20,2,shell,0.5,alternating,8,3,448,48.0,168.0,0,mle,1.5877917959774277,1.5702369540903227,pl,0.6097209641114117,0.6052832213749941,pl,20,ok,0.048691758359989165,0.10108222040250836,0.0,1.5702369540903227,0.0,1.0,1.5702369540903227,0.0,1.0
shell,20,3,shell,0.5,alternating,8,3,448,48.0,168.0,0,mle,1.5339732040367635,1.562830395458882,sm,0.5916059896907055,0.6043302263967189,sm,20,ok,0.07864953053619429,0.1036736142917742,0.0,1.5339732040367635,0.0,1.0,1.5339732040367635,0.0,1.0
shell,20,4,shell,0.5,alternating,8,3,448,48.0,168.0,0,mle,1.5388520362590699,1.5715666596083449,sm,0.5748216503957914,0.5792090968192838,pl,20,ok,0.05493421433759374,0.1100083565295013,0.0,1.5388520362590699,0.0,1.0,1.5715666596083449,0.032714623349274996,0.0
shell,20,5,shell,0.5,alternating,8,3,448,48.0,168.0,0,mle,1.5354287826892365,1.5597349442146522,pl,0.5792980967600192,0.5791018948798015,pl,20,ok,0.03207379127902039,0.09877281272292487,0.0,1.5597349442146522,0.024306161525415648,0.0,1.5597349442146522,0.024306161525415648,0.0
shell,20,6,shell,0.5,alternating,8,3,448,48.0,168.0,0,mle,1.5363059539765422,1.5652057529673327,sm,0.58244857044255,0.5951114435466202,sm,20,ok,0.0748374402558685,0.10822458149869853,0.0,1.5363059539765422,0.0,1.0,1.5363059539765422,0.0,1.0
shell,20,7,shell,0.5,alternating,8,3,448,48.0,168.0,0,mle,1.5351808525407635,1.559545523259946,sm,0.5924838166941154,0.5991760147162697,pl,20,ok,0.04455413082627598,0.1069880968661795,0.0,1.5351808525407635,0.0,1.0,1.559545523259946,0.02436467071918247,0.0
shell,20,8,shell,0.5,alternating,8,3,448,48.0,168.0,0,mle,1.534707703872927,1.562539885698063,sm,0.5857226207410988,0.5902620939774991,sm,20,ok,0.05495021835267685,0.10017440836784952,0.0,1.534707703872927,0.0,1.0,1.534707703872927,0.0,1.0
shell,20,9,shell,0.5,alternating,8,3,448,48.0,168.0,0,mle,1.5345124089638154,1.5666640313070084,sm,0.5770558659206656,0.5927119972416539,sm,20,ok,0.08418552092175617,0.10586770628814826,0.0,1.5345124089638154,0.0,1.0,1.5345124089638154,0.0,1.0
shell,20,10,shell,0.5,alternating,8,3,448,48.0,168.0,0,mle,1.5355719705512092,1.5609914987553126,sm,0.5926646862440393,0.6066804797298062,sm,20,ok,0.06444355489190809,0.09853464046649042,0.0,1.5355719705512092,0.0,1.0,1.5355719705512092,0.0,1.0
shell,20,11,shell,0.5,alternating,8,3,448,48.0,168.0,0,mle,1.5356169242336135,1.5630535467141895,sm,0.5852958808167567,0.5993190941672063,sm,20,ok,0.0787398111826262,0.10752745884667596,0.0,1.5356169242336135,0.0,1.0,1.5356169242336135,0.0,1.0
shell,20,12,shell,0.5,alternating,8,3,448,48.0,168.0,0,mle,1.53434902919603,1.5661154144309197,sm,0.5767259712515688,0.5967733519636699,sm,20,ok,0.09462309824872267,0.10548209846241706,0.0,1.53434902919603,0.0,1.0,1.53434902919603,0.0,1.0
shell,20,13,shell,0.5,alternating,8,3,448,48.0,168.0,0,mle,1.5339681954059723,1.5645563174375976,sm,0.5791883959073699,0.5879153098185198,pl,20,ok,0.045970515936227224,0.10325576823850716,0.0,1.5339681954059723,0.0,1.0,1.5645563174375976,0.03058812203162531,0.0
shell,20,14,shell,0.5,alternating,8,3,448,48.0,168.0,0,mle,1.5341588467231668,1.5594572886645135,sm,0.5833411654714029,0.594033035437816,sm,20,ok,0.07705628049170105,0.10489248803450403,0.0,1.5341588467231668,0.0,1.0,1.5341588467231668,0.0,1.0
shell,20,15,shell,0.5,alternating,8,3,448,48.0,168.0,0,mle,1.542028172076602,1.564696437316638,sm,0.5888696099752042,0.5973385619733776,sm,20,ok,0.09425786413159616,0.11145393841719577,0.0,1.542028172076602,0.0,1.0,1.542028172076602,0.0,1.0
shell,20,16,shell,0.5,alternating,8,3,448,48.0,168.0,0,mle,1.5341207757033315,1.5606662738471395,sm,0.5747674300542973,0.5890067459129668,sm,20,ok,0.08793639406987892,0.10196829705630293,0.0,1.5341207757033315,0.0,1.0,1.5341207757033315,0.0,1.0
shell,20,17,shell,0.5,alternating,8,3,448,48.0,168.0,0,mle,1.5339762321498367,1.5600049821115354,sm,0.5799645186153967,0.5926795641179982,sm,20,ok,0.08585031864039608,0.10304470818968998,0.0,1.5339762321498367,0.0,1.0,1.5339762321498367,0.0,1.0
shell,20,18,shell,0.5,alternating,8,3,448,48.0,168.0,0,mle,1.5340683080359006,1.56502207841139,sm,0.5742979407931905,0.5887557421978371,sm,20,ok,0.0739281670789316,0.10449202693780607,0.0,1.5340683080359006,0.0,1.0,1.5340683080359006,0.0,1.0
shell,20,19,shell,0.5,alternating,8,3,448,48.0,168.0,0,mle,1.5363852166926963,1.5628436498439418,sm,0.5673998011510611,0.5845148236471455,sm,20,ok,0.09463380994476421,0.09732454745340198,0.0,1.5363852166926963,0.0,1.0,1.5363852166926963,0.0,1.0
shell,20,20,shell,0.5,alternating,8,3,448,48.0,168.0,0,mle,1.5340780383675818,1.5716044191187313,sm,0.583956673387964,0.598840042733613,pl,20,ok,0.04522104240653324,0.10218637257711383,0.0,1.5340780383675818,0.0,1.0,1.5716044191187313,0.037526380751149446,0.0
shell,20,21,shell,0.5,alternating,8,3,448,48.0,168.0,0,mle,1.534214961953606,1.561589041407939,sm,0.5989417084664562,0.6088389509358578,pl,20,ok,0.04417686428451413,0.1050905090300966,0.0,1.534214961953606,0.0,1.0,1.561589041407939,0.0273740794543329,0.0
shell,20,22,shell,0.5,alternating,8,3,448,48.0,168.0,0,mle,1.5354639367041938,1.5611169254215573,sm,0.5705257328239756,0.5788171995373549,sm,20,ok,0.064270606372381,0.10734923318766669,0.0,1.5354639367041938,0.0,1.0,1.5354639367041938,0.0,1.0
shell,20,23,shell,0.5,alternating,8,3,448,48.0,168.0,0,mle,1.5339732040367635,1.571653960214622,sm,0.5862197719061211,0.5986935864627504,sm,20,ok,0.0624903600230679,0.10367361429177427,0.0,1.5339732040367635,0.0,1.0,1.5339732040367635,0.0,1.0
shell,20,24,shell,0.5,alternating,8,3,448,48.0,168.0,0,mle,1.5345204726707447,1.5679263311005118,sm,0.5728459265548752,0.5921801535941928,sm,20,ok,0.08474313401655273,0.10063100611773718,0.0,1.5345204726707447,0.0,1.0,1.5345204726707447,0.0,1.0
shell,20,25,shell,0.5,alternating,8,3,448,48.0,168.0,0,mle,1.5345124089638154,1.5573773926617571,pl,0.5844608295159257,0.582993360976329,pl,20,ok,0.028869220928139153,0.10586770628814834,0.0,1.5573773926617571,0.022864983697941765,0.0,1.5573773926617571,0.022864983697941765,0.0
shell,20,26,shell,0.5,alternating,8,3,448,48.0,168.0,0,mle,1.5344369222283403,1.5610706422309484,sm,0.5818025856572189,0.5910219868761767,sm,20,ok,0.06428748821593727,0.10085728932982038,0.0,1.5344369222283403,0.0,1.0,1.5344369222283403,0.0,1.0
shell,20,27,shell,0.5,alternating,8,3,448,48.0,168.0,0,mle,1.5348129668854622,1.5597818029974162,sm,0.5663044012166166,0.5760539895776883,sm,20,ok,0.05870817414236124,0.10643478397285543,0.0,1.5348129668854622,0.0,1.0,1.5348129668854622,0.0,1.0
shell,20,28,shell,0.5,alternating,8,3,448,48.0,168.0,0,mle,1.5363059539765422,1.5685996072338602,sm,0.5720953922774706,0.5820763166641304,sm,20,ok,0.06881239347447587,0.10822458149869853,0.0,1.5363059539765422,0.0,1.0,1.5363059539765422,0.0,1.0
shell,20,29,shell,0.5,alternating,8,3,448,48.0,168.0,0,mle,1.5340338274539824,1.5645309530506988,sm,0.5686550626214284,0.5805922871851021,sm,20,ok,0.07236039964537501,0.10428960015259825,0.0,1.5340338274539824,0.0,1.0,1.5340338274539824,0.0,1.0
shell,20,30,shell,0.5,alternating,8,3,448,48.0,168.0,0,mle,1.534705341684307,1.576090136866211,sm,0.5762053679925605,0.5900401920686531,sm,20,ok,0.0862113889669389,0.1062472783618383,0.0,1.534705341684307,0.0,1.0,1.534705341684307,0.0,1.0
shell,20,31,shell,0.5,alternating,8,3,448,48.0,168.0,0,mle,1.5342268163024946,1.5667536189468776,sm,0.5904224804523863,0.5951518646449832,pl,20,ok,0.04859106613573322,0.10152800092041558,0.0,1.5342268163024946,0.0,1.0,1.5667536189468776,0.03252680264438301,0.0
shell,20,32,shell,0.5,alternating,8,3,448,48.0,168.0,0,mle,1.5355719705512092,1.5627321964937306,sm,0.5798549432874015,0.5895282327142961,sm,20,ok,0.0790820684605482,0.09853464046649038,0.0,1.5355719705512092,0.0,1.0,1.5355719705512092,0.0,1.0
shell,20,33,shell,0.5,alternating,8,3,448,48.0,168.0,0,mle,1.5597698826698547,1.5693765479697261,sm,0.5883266347907491,0.5887252437080017,pl,20,ok,0.03826032376207389,0.096831648353785,0.0,1.5597698826698547,0.0,1.0,1.5693765479697261,0.00960666529987142,0.0
shell,20,34,shell,0.5,alternating,8,3,448,48.0,168.0,0,mle,1.5341703766494736,1.5661782381655325,sm,0.5879364252139605,0.5980297944529229,sm,20,ok,0.055052073555135285,0.10174883771190592,0.0,1.5341703766494736,0.0,1.0,1.5341703766494736,0.0,1.0
shell,20,35,shell,0.5,alternating,8,3,448,48.0,168.0,0,mle,1.5339762321498367,1.560347941353389,sm,0.5799036825983103,0.5938300340142313,sm,20,ok,0.07234184741931915,0.10304470818968994,0.0,1.5339762321498367,0.0,1.0,1.5339762321498367,0.0,1.0
shell,20,36,shell,0.5,alternating,8,3,448,48.0,168.0,0,mle,1.5340780383675818,1.5638966472221179,sm,0.5726312223558706,0.5857491263819433,sm,20,ok,0.08842813735813956,0.10218637257711381,0.0,1.5340780383675818,0.0,1.0,1.5340780383675818,0.0,1.0
shell,20,37,shell,0.5,alternating,8,3,448,48.0,168.0,0,mle,1.533991260886277,1.558362302486819,sm,0.5840355196291095,0.5851904557294642,pl,20,ok,0.04777242454628541,0.1028322321313489,0.0,1.533991260886277,0.0,1.0,1.558362302486819,0.024371041600542043,0.0
shell,20,38,shell,0.5,alternating,8,3,448,48.0,168.0,0,mle,1.5359459557545807,1.5625402162777893,sm,0.5861121403144439,0.5935271996128244,sm,20,ok,0.06671314648595233,0.10787919022668001,0.0,1.5359459557545807,0.0,1.0,1.5359459557545807,0.0,1.0
shell,20,39,shell,0.5,alternating,8,3,448,48.0,168.0,0,mle,1.5341703766494736,1.5628151138814406,sm,0.5580936147843619,0.5730506457116836,sm,20,ok,0.10554932494670186,0.10174883771190603,0.0,1.5341703766494736,0.0,1.0,1.5341703766494736,0.0,1.0
shell,21,0,shell,1.0,alternating,8,3,28,3.0,10.5,0,mle,1.7136092888804615,1.6149711253528567,pl,0.6621970259208072,0.6159546803636176,pl,20,ok,0.010856330203796396,0.10040337704421264,0.0,1.6149711253528567,0.0,1.0,1.6149711253528567,0.0,1.0
shell,21,1,shell,1.0,alternating,8,3,28,3.0,10.5,0,mle,1.7629394973062171,1.6833448549883627,pl,0.6845772329693652,0.6598313761906747,pl,20,ok,0.027213460180033806,0.11381112446842784,0.0,1.6833448549883627,0.0,1.0,1.6833448549883627,0.0,1.0
shell,21,2,shell,1.0,alternating,8,3,28,3.0,10.5,0,mle,1.751200750195069,1.6568655484773882,pl,0.6679574549140485,0.6244319420098584,pl,20,ok,0.041602899586323634,0.11487283515807828,0.0,1.6568655484773882,0.0,1.0,1.6568655484773882,0.0,1.0
shell,21,3,shell,1.0,alternating,8,3,28,3.0,10.5,0,mle,1.8704398170064296,1.8388690278572355,pl,0.7247957034167103,0.7187579324383153,pl,20,ok,0.04093309281099414,0.11319184697072243,0.0,1.8388690278572355,0.0,1.0,1.8388690278572355,0.0,1.0
shell,21,4,shell,1.0,alternating,8,3,28,3.0,10.5,0,mle,1.6261337853169975,1.5988730570164658,pl,0.5992961399743367,0.5884357352339477,pl,20,ok,0.032324222173102865,0.10698809686617942,0.0,1.5988730570164658,0.0,1.0,1.5988730570164658,0.0,1.0
shell,21,5,shell,1.0,alternating,8,3,28,3.0,10.5,0,mle,1.7160062419755235,1.7034701181187155,pl,0.6721514515244705,0.6607580968594191,pl,20,ok,0.014927643693150625,0.11198348902273735,0.0,1.7034701181187155,0.0,1.0,1.7034701181187155,0.0,1.0
shell,21,6,shell,1.0,alternating,8,3,28,3.0,10.5,0,mle,1.9163909576316023,1.83433554979341,pl,0.7411216501079773,0.670994100671271,pl,20,ok,-0.004499868329925066,0.11596246315052866,0.0,1.83433554979341,0.0,1.0,1.83433554979341,0.0,1.0
shell,21,7,shell,1.0,alternating,8,3,28,3.0,10.5,0,mle,1.6906855044600815,,abstain,0.6241479681176326,,abstain,0,fit_unavailable,,,,,,,,,
shell,21,8,shell,1.0,alternating,8,3,28,3.0,10.5,0,mle,1.7805562431001198,1.6860484924149746,pl,0.6550346079203317,0.6186356512714754,pl,20,ok,0.027286391940791306,0.11596246315052865,0.0,1.6860484924149746,0.0,1.0,1.6860484924149746,0.0,1.0
shell,21,9,shell,1.0,alternating,8,3,28,3.0,10.5,0,mle,1.7734069160659167,1.6230906289005795,pl,0.6923699347140204,0.6162112476735051,pl,20,ok,-0.008813265605942358,0.10040337704421262,0.0,1.6230906289005795,0.0,1.0,1.6230906289005795,0.0,1.0
shell,21,10,shell,1.0,alternating,8,3,28,3.0,10.5,0,mle,1.7192221285269014,1.617640140690331,pl,0.6672037179762347,0.6360023435033572,pl,20,ok,-0.023788987666041293,0.10969885752076597,0.0,1.617640140690331,0.0,1.0,1.617640140690331,0.0,1.0
shell,21,11,shell,1.0,alternating,8,3,28,3.0,10.5,0,mle,1.8155039068145902,1.667273959609259,pl,0.7091216018027778,0.6430837986044907,pl,20,ok,0.016510827806655744,0.11621436976736423,0.0,1.667273959609259,0.0,1.0,1.667273959609259,0.0,1.0
shell,21,12,shell,1.0,alternating,8,3,28,3.0,10.5,0,mle,1.6306426234612927,1.6462052665590459,sm,0.6097305350317715,0.6271896367969022,pl,20,ok,0.023248122770775138,0.11198348902273739,0.0,1.6306426234612927,0.0,1.0,1.6462052665590459,0.015562643097753126,0.0
shell,21,13,shell,1.0,alternating,8,3,28,3.0,10.5,0,mle,1.6928521975554731,1.6551116996638988,pl,0.6429234824807386,0.6203134898639284,pl,20,ok,-0.0031175809593971702,0.1096988575207659,0.0,1.6551116996638988,0.0,1.0,1.6551116996638988,0.0,1.0
shell,21,14,shell,1.0,alternating,8,3,28,3.0,10.5,0,mle,1.6710679480464694,1.5852418027876283,pl,0.6540166141479828,0.6280959933515748,pl,20,ok,-0.0004076643647716511,0.10040337704421275,0.0,1.5852418027876283,0.0,1.0,1.5852418027876283,0.0,1.0
shell,21,15,shell,1.0,alternating,8,3,28,3.0,10.5,0,mle,1.7972786796772615,1.6217553305025731,pl,0.7197575004519664,0.6356321629799736,pl,20,ok,-0.03128933830658776,0.11596246315052867,0.0,1.6217553305025731,0.0,1.0,1.6217553305025731,0.0,1.0
shell,21,16,shell,1.0,alternating,8,3,28,3.0,10.5,0,mle,1.782713699729069,1.8858823274681176,sm,0.7175926891933809,0.7952972970012904,sm,20,ok,0.05635642619046836,0.10756586625867798,0.0,1.782713699729069,0.0,1.0,1.782713699729069,0.0,1.0
shell,21,17,shell,1.0,alternating,8,3,28,3.0,10.5,0,mle,1.6100855917073855,1.6450890830627178,sm,0.6214130294868453,0.641965776392652,pl,20,ok,0.03319002239973506,0.10698809686617952,0.0,1.6100855917073855,0.0,1.0,1.6450890830627178,0.03500349135533232,0.0
shell,21,18,shell,1.0,alternating,8,3,28,3.0,10.5,0,mle,1.7755732175019516,1.6084598760802875,pl,0.6935008840091895,0.6232128791549847,pl,20,ok,0.01688989588000669,0.10969885752076598,0.0,1.6084598760802875,0.0,1.0,1.6084598760802875,0.0,1.0
shell,21,19,shell,1.0,alternating,8,3,28,3.0,10.5,0,mle,1.663014740410026,1.6195089282515769,pl,0.6362524015813379,0.6090516968908187,pl,20,ok,0.03159555717513425,0.11198348902273746,0.0,1.6195089282515769,0.0,1.0,1.6195089282515769,0.0,1.0
shell,21,20,shell,1.0,alternating,8,3,28,3.0,10.5,0,mle,1.6611389849349179,1.6522204906095495,sm,0.6300263897542566,0.6320022560726154,pl,20,ok,0.04335234155423641,0.11621436976736423,0.0,1.6611389849349179,0.008918494325368398,0.0,1.6522204906095495,0.0,1.0
shell,21,21,shell,1.0,alternating,8,3,28,3.0,10.5,0,mle,1.6807010969445393,1.638363907687335,pl,0.6379259634932865,0.6154836687493235,pl,20,ok,0.006603869168328814,0.10698809686617948,0.0,1.638363907687335,0.0,1.0,1.638363907687335,0.0,1.0
shell,21,22,shell,1.0,alternating,8,3,28,3.0,10.5,0,mle,1.6943941757757197,1.7454086819303158,sm,0.6599720165091401,0.6835167689626945,pl,20,ok,0.012008456220458305,0.11621436976736405,0.0,1.6943941757757197,0.0,1.0,1.7454086819303158,0.05101450615459613,0.0
shell,21,23,shell,1.0,alternating,8,3,28,3.0,10.5,0,mle,1.6235627408159259,1.5807438635267428,pl,0.615297518650222,0.5861400859891411,pl,20,ok,0.03138471095776891,0.10698809686617952,0.0,1.5807438635267428,0.0,1.0,1.5807438635267428,0.0,1.0
shell,21,24,shell,1.0,alternating,8,3,28,3.0,10.5,0,mle,1.7454334724906484,1.6650937971177522,pl,0.6711474815780236,0.6384321699170228,pl,20,ok,0.023404425914001006,0.11487283515807824,0.0,1.6650937971177522,0.0,1.0,1.6650937971177522,0.0,1.0
shell,21,25,shell,1.0,alternating,8,3,28,3.0,10.5,0,mle,1.7639339680564712,1.7115255259454454,pl,0.6713647688734168,0.6530054817890159,pl,20,ok,0.027731137290205234,0.10969885752076584,0.0,1.7115255259454454,0.0,1.0,1.7115255259454454,0.0,1.0
shell,21,26,shell,1.0,alternating,8,3,28,3.0,10.5,0,mle,1.8330166365105383,1.6963798693374315,pl,0.7124235836736234,0.6598921163310901,pl,20,ok,0.026387451180670728,0.1159624631505287,0.0,1.6963798693374315,0.0,1.0,1.6963798693374315,0.0,1.0
shell,21,27,shell,1.0,alternating,8,3,28,3.0,10.5,0,mle,1.9729275436964833,1.878276282408655,pl,0.7546420840951841,0.7141371603490498,pl,20,ok,-0.040054817445276905,0.11586524632099308,0.0,1.878276282408655,0.0,1.0,1.878276282408655,0.0,1.0
shell,21,28,shell,1.0,alternating,8,3,28,3.0,10.5,0,mle,1.6395349930141692,1.6128009819841849,sm,0.6066563316458121,0.6085901916859143,sm,20,ok,0.07200371142042208,0.11596246315052877,0.0,1.6395349930141692,0.026734011029984295,0.0,1.6395349930141692,0.026734011029984295,0.0
shell,21,29,shell,1.0,alternating,8,3,28,3.0,10.5,0,mle,1.8429847703086846,1.7824398995159796,pl,0.7032970847826272,0.6788133549291597,pl,20,ok,-0.010149530307827205,0.11381112446842784,0.0,1.7824398995159796,0.0,1.0,1.7824398995159796,0.0,1.0
shell,21,30,shell,1.0,alternating,8,3,28,3.0,10.5,0,mle,1.5435377527362242,1.6518931594679191,sm,0.5906037560306924,0.6380880881108669,pl,20,ok,0.041402475706210806,0.11198348902273737,0.0,1.5435377527362242,0.0,1.0,1.6518931594679191,0.10835540673169497,0.0
shell,21,31,shell,1.0,alternating,8,3,28,3.0,10.5,0,mle,1.7257349599846612,1.6912899334860103,pl,0.6734058957069103,0.643466846807274,pl,20,ok,0.004455457501288305,0.11514903941276232,0.0,1.6912899334860103,0.0,1.0,1.6912899334860103,0.0,1.0
shell,21,32,shell,1.0,alternating,8,3,28,3.0,10.5,0,mle,1.6670938317474315,1.6204546342170498,pl,0.6188464575628836,0.6045196297173111,pl,20,ok,0.017962655953980052,0.11381112446842778,0.0,1.6204546342170498,0.0,1.0,1.6204546342170498,0.0,1.0
shell,21,33,shell,1.0,alternating,8,3,28,3.0,10.5,0,mle,1.5677092995533655,1.6593551904448163,sm,0.5889916233656488,0.6454378607118052,pl,20,ok,0.050098984325590915,0.11198348902273747,0.0,1.5677092995533655,0.0,1.0,1.6593551904448163,0.09164589089145081,0.0
shell,21,34,shell,1.0,alternating,8,3,28,3.0,10.5,0,mle,2.12456293757697,2.0028373443337277,pl,0.840252544781997,0.7832099525739162,pl,20,ok,-0.011388062841423284,0.1159624631505287,0.0,2.0028373443337277,0.0,1.0,2.0028373443337277,0.0,1.0
shell,21,35,shell,1.0,alternating,8,3,28,3.0,10.5,0,mle,1.7907942333492919,1.623805842147523,pl,0.6771713406336639,0.6183280052371278,pl,20,ok,0.01793625640092612,0.09658332386123047,0.0,1.623805842147523,0.0,1.0,1.623805842147523,0.0,1.0
shell,21,36,shell,1.0,alternating,8,3,28,3.0,10.5,0,mle,1.678158702671056,1.7161950348883614,pl,0.6391041631758905,0.6331723848531878,pl,20,ok,-0.03293963106152815,0.10388038723617482,0.0,1.7161950348883614,0.0380363322173054,0.0,1.7161950348883614,0.0380363322173054,0.0
shell,21,37,shell,1.0,alternating,8,3,28,3.0,10.5,0,mle,1.67238724126423,1.6606915374121556,pl,0.6343449662028767,0.6314634326838718,pl,20,ok,-0.004732819214628905,0.09244522289529894,0.0,1.6606915374121556,0.0,1.0,1.6606915374121556,0.0,1.0
shell,21,38,shell,1.0,alternating,8,3,28,3.0,10.5,0,mle,1.6235172248143908,1.7103245939222482,sm,0.6287744231899983,0.6786117851305045,pl,20,ok,0.04519566201211692,0.11198348902273725,0.0,1.6235172248143908,0.0,1.0,1.7103245939222482,0.08680736910785747,0.0
shell,21,39,shell,1.0,alternating,8,3,28,3.0,10.5,0,mle,1.6261096277086344,1.5820396692486152,pl,0.6195457464141069,0.5964469220579733,pl,20,ok,0.000705364092581352,0.10698809686617958,0.0,1.5820396692486152,0.0,1.0,1.5820396692486152,0.0,1.0
shell,22,0,shell,1.0,alternating,8,3,112,12.0,42.0,0,mle,1.547659752749508,1.5418181893827008,sm,0.5780019902701408,0.5837461032147248,sm,20,ok,0.05177502168411675,0.1030447081896898,0.0,1.547659752749508,0.00584156336680719,0.0,1.547659752749508,0.00584156336680719,0.0
shell,22,1,shell,1.0,alternating,8,3,112,12.0,42.0,0,mle,1.5541635815668062,1.5581517032989416,sm,0.5996731715473824,0.604142775456419,pl,20,ok,0.02621995566564286,0.10388038723617497,0.0,1.5541635815668062,0.0,1.0,1.5581517032989416,0.0039881217321353635,0.0
shell,22,2,shell,1.0,alternating,8,3,112,12.0,42.0,0,mle,1.6432057534178917,1.57809179689286,pl,0.6136069715196283,0.5834854476520841,pl,20,ok,0.024442540272112033,0.11089632714505594,0.0,1.57809179689286,0.0,1.0,1.57809179689286,0.0,1.0
shell,22,3,shell,1.0,alternating,8,3,112,12.0,42.0,0,mle,1.6021912100859148,1.540263844109293,pl,0.6096272426745301,0.5897662209083057,sm,20,ok,0.048454375826898904,0.09557766524141913,0.0,1.540263844109293,0.0,1.0,1.6021912100859148,0.06192736597662174,0.0
shell,22,4,shell,1.0,alternating,8,3,112,12.0,42.0,0,mle,1.5605842403491432,1.553525294410199,pl,0.5924429550385971,0.5909544830516618,sm,20,ok,0.05460714456866577,0.08914731571548574,0.0,1.553525294410199,0.0,1.0,1.5605842403491432,0.007058945938944294,0.0
shell,22,5,shell,1.0,alternating,8,3,112,12.0,42.0,0,mle,1.662478478495381,1.5777307120912116,pl,0.6319163620540238,0.5966926429699967,pl,20,ok,0.014246139100173465,0.10624727836183817,0.0,1.5777307120912116,0.0,1.0,1.5777307120912116,0.0,1.0
shell,22,6,shell,1.0,alternating,8,3,112,12.0,42.0,0,mle,1.6011385118827826,1.5905029884236699,sm,0.598449559865397,0.5991675975983396,sm,20,ok,0.05830015087652269,0.10304470818968992,0.0,1.6011385118827826,0.010635523459112672,0.0,1.6011385118827826,0.010635523459112672,0.0
shell,22,7,shell,1.0,alternating,8,3,112,12.0,42.0,0,mle,1.55948391382886,1.5621293237164333,sm,0.5850273199631415,0.5952713534199842,pl,20,ok,0.053684919024996745,0.10905994953308266,0.0,1.55948391382886,0.0,1.0,1.5621293237164333,0.0026454098875732246,0.0
shell,22,8,shell,1.0,alternating,8,3,112,12.0,42.0,0,mle,1.6595429107646678,1.611215837199546,pl,0.6478542322985819,0.6244681973080332,pl,20,ok,0.0020914072805654636,0.10304470818968994,0.0,1.611215837199546,0.0,1.0,1.611215837199546,0.0,1.0
shell,22,9,shell,1.0,alternating,8,3,112,12.0,42.0,0,mle,1.5754621932785149,1.5705903862928676,pl,0.6010180911044886,0.5967895598699136,pl,20,ok,0.03372208564140019,0.09658332386123053,0.0,1.5705903862928676,0.0,1.0,1.5705903862928676,0.0,1.0
shell,22,10,shell,1.0,alternating,8,3,112,12.0,42.0,0,mle,1.6136418365950285,1.5456475029942496,pl,0.6134008552290897,0.5969711123117643,pl,20,ok,0.050258128708516446,0.10624727836183823,0.0,1.5456475029942496,0.0,1.0,1.5456475029942496,0.0,1.0
shell,22,11,shell,1.0,alternating,8,3,112,12.0,42.0,0,mle,1.542028172076602,1.5678304967009793,sm,0.5825540697540358,0.6007198971954593,sm,20,ok,0.06277332364938948,0.11145393841719578,0.0,1.542028172076602,0.0,1.0,1.542028172076602,0.0,1.0
shell,22,12,shell,1.0,alternating,8,3,112,12.0,42.0,0,mle,1.599090258354635,1.5655974900644272,pl,0.6180692194098946,0.5999890004235703,pl,20,ok,-0.016226731735077146,0.09756911007873552,0.0,1.5655974900644272,0.0,1.0,1.5655974900644272,0.0,1.0
shell,22,13,shell,1.0,alternating,8,3,112,12.0,42.0,0,mle,1.6471115954727176,1.5548751814686261,pl,0.6160308021966115,0.5865689912533061,pl,20,ok,0.023155163327879293,0.1013057930383771,0.0,1.5548751814686261,0.0,1.0,1.5548751814686261,0.0,1.0
shell,22,14,shell,1.0,alternating,8,3,112,12.0,42.0,0,mle,1.6041303155074387,1.556558016620305,pl,0.6030159597902492,0.5858046257487467,pl,20,ok,-0.0015103720005209002,0.09853464046649044,0.0,1.556558016620305,0.0,1.0,1.556558016620305,0.0,1.0
shell,22,15,shell,1.0,alternating,8,3,112,12.0,42.0,0,mle,1.5792504472995277,1.5812473836368173,sm,0.5928045746866019,0.6018237065465071,pl,20,ok,0.03795244241394003,0.09947952701994088,0.0,1.5792504472995277,0.0,1.0,1.5812473836368173,0.00199693633728959,0.0
shell,22,16,shell,1.0,alternating,8,3,112,12.0,42.0,0,mle,1.5753270472362675,1.5668341789135694,pl,0.6100913613734061,0.6046422236287483,pl,20,ok,0.03987641323939916,0.11198348902273736,0.0,1.5668341789135694,0.0,1.0,1.5668341789135694,0.0,1.0
shell,22,17,shell,1.0,alternating,8,3,112,12.0,42.0,0,mle,1.6106529144727917,1.5788405945600281,pl,0.6206568250764247,0.6032260286298203,pl,20,ok,0.03132965340568832,0.10969885752076597,0.0,1.5788405945600281,0.0,1.0,1.5788405945600281,0.0,1.0
shell,22,18,shell,1.0,alternating,8,3,112,12.0,42.0,0,mle,1.5729106721395052,1.5517135334419097,pl,0.5869322567033851,0.5854067646723017,pl,20,ok,0.04651554562304524,0.11089632714505593,0.0,1.5517135334419097,0.0,1.0,1.5517135334419097,0.0,1.0
shell,22,19,shell,1.0,alternating,8,3,112,12.0,42.0,0,mle,1.53434902919603,1.5657352809894056,sm,0.5752900975673423,0.5875378600619842,pl,20,ok,0.023812007530497694,0.10548209846241695,0.0,1.53434902919603,0.0,1.0,1.5657352809894056,0.03138625179337562,0.0
shell,22,20,shell,1.0,alternating,8,3,112,12.0,42.0,0,mle,1.5692118289840908,1.5476514842257818,pl,0.5975160683875094,0.5927783509207546,pl,20,ok,0.04710471354203191,0.10548209846241707,0.0,1.5476514842257818,0.0,1.0,1.5476514842257818,0.0,1.0
shell,22,21,shell,1.0,alternating,8,3,112,12.0,42.0,0,mle,1.5536343835840234,1.542268505941829,sm,0.5842629436140017,0.5908118478559743,sm,20,ok,0.0742866262297753,0.0985346404664903,0.0,1.5536343835840234,0.011365877642194322,0.0,1.5536343835840234,0.011365877642194322,0.0
shell,22,22,shell,1.0,alternating,8,3,112,12.0,42.0,0,mle,1.5625050579174813,1.5534134408926517,pl,0.6025829198810638,0.6003876812798369,pl,20,ok,0.013238394173870327,0.10624727836183825,0.0,1.5534134408926517,0.0,1.0,1.5534134408926517,0.0,1.0
shell,22,23,shell,1.0,alternating,8,3,112,12.0,42.0,0,mle,1.5463201500526567,1.542561692658861,pl,0.5947582474644184,0.5920065004624891,pl,20,ok,0.03085529028739762,0.10218637257711374,0.0,1.542561692658861,0.0,1.0,1.542561692658861,0.0,1.0
shell,22,24,shell,1.0,alternating,8,3,112,12.0,42.0,0,mle,1.5803920499865531,1.5593342646458703,pl,0.6055484873578894,0.6019694354228124,pl,20,ok,0.04672638038577166,0.10698809686617954,0.0,1.5593342646458703,0.0,1.0,1.5593342646458703,0.0,1.0
shell,22,25,shell,1.0,alternating,8,3,112,12.0,42.0,0,mle,1.547545989402109,1.5553820709594364,pl,0.5966286020941363,0.5964298958892359,pl,20,ok,0.01695270991195661,0.10218637257711377,0.0,1.5553820709594364,0.00783608155732729,0.0,1.5553820709594364,0.00783608155732729,0.0
shell,22,26,shell,1.0,alternating,8,3,112,12.0,42.0,0,mle,1.5655761788136298,1.56495302982113,sm,0.5913626780901605,0.5951073918351713,pl,20,ok,0.01239692189484048,0.10130579303837725,0.0,1.5655761788136298,0.0006231489924997113,0.0,1.56495302982113,0.0,1.0
shell,22,27,shell,1.0,alternating,8,3,112,12.0,42.0,0,mle,1.5606264575593478,1.5399657032142096,pl,0.6131141731734054,0.5951818351090468,pl,20,ok,-0.022566143365164642,0.09947952701994082,0.0,1.5399657032142096,0.0,1.0,1.5399657032142096,0.0,1.0
shell,22,28,shell,1.0,alternating,8,3,112,12.0,42.0,0,mle,1.5451881429689869,1.5494306344915445,pl,0.5701760820858742,0.5699862547948453,pl,20,ok,0.03583381090402247,0.11248448643334501,0.0,1.5494306344915445,0.004242491522557623,0.0,1.5494306344915445,0.004242491522557623,0.0
shell,22,29,shell,1.0,alternating,8,3,112,12.0,42.0,0,mle,1.621412932806193,1.599815518918721,sm,0.5996242540238186,0.6042619448205534,sm,20,ok,0.06633408983210454,0.11248448643334495,0.0,1.621412932806193,0.02159741388747194,0.0,1.621412932806193,0.02159741388747194,0.0
shell,22,30,shell,1.0,alternating,8,3,112,12.0,42.0,0,mle,1.572162853956656,1.5401486683498744,sm,0.5893580652542825,0.5897020961069878,sm,20,ok,0.08694568378670008,0.10839488193253509,0.0,1.572162853956656,0.03201418560678149,0.0,1.572162853956656,0.03201418560678149,0.0
shell,22,31,shell,1.0,alternating,8,3,112,12.0,42.0,0,mle,1.559799609801128,1.549625851687023,sm,0.5876122091577147,0.589359198059638,sm,20,ok,0.0708588322893329,0.10905994953308257,0.0,1.559799609801128,0.010173758114105036,0.0,1.559799609801128,0.010173758114105036,0.0
shell,22,32,shell,1.0,alternating,8,3,112,12.0,42.0,0,mle,1.574057203845132,1.5560606337286313,sm,0.5924425157720181,0.5954940336027124,pl,20,ok,0.03678003136756704,0.10388038723617493,0.0,1.574057203845132,0.017996570116500576,0.0,1.5560606337286313,0.0,1.0
shell,22,33,shell,1.0,alternating,8,3,112,12.0,42.0,0,mle,1.6293483795178085,1.5759044278315515,pl,0.5967042447333649,0.5766772083366082,pl,20,ok,0.007245883312406088,0.08801292444559736,0.0,1.5759044278315515,0.0,1.0,1.5759044278315515,0.0,1.0
shell,22,34,shell,1.0,alternating,8,3,112,12.0,42.0,0,mle,1.5950765775842304,1.5545606597119423,pl,0.6061863861424517,0.589744018797308,pl,20,ok,0.023214057267620766,0.10130579303837711,0.0,1.5545606597119423,0.0,1.0,1.5545606597119423,0.0,1.0
shell,22,35,shell,1.0,alternating,8,3,112,12.0,42.0,0,mle,1.5668331362503796,1.55615998099595,pl,0.6004313072590081,0.5964261358563081,pl,20,ok,0.04527949365948355,0.10388038723617488,0.0,1.55615998099595,0.0,1.0,1.55615998099595,0.0,1.0
shell,22,36,shell,1.0,alternating,8,3,112,12.0,42.0,0,mle,1.6077582995797843,1.584885213813134,pl,0.6250297076578996,0.6229962701590126,pl,20,ok,0.04498459191499902,0.10698809686617951,0.0,1.584885213813134,0.0,1.0,1.584885213813134,0.0,1.0
shell,22,37,shell,1.0,alternating,8,3,112,12.0,42.0,0,mle,1.582246811230502,1.569717078508758,pl,0.6166061233584069,0.6123471921301014,pl,20,ok,0.007496400183818226,0.10548209846241703,0.0,1.569717078508758,0.0,1.0,1.569717078508758,0.0,1.0
shell,22,38,shell,1.0,alternating,8,3,112,12.0,42.0,0,mle,1.5667990758065558,1.5442846207583534,pl,0.5841106214888028,0.5772257267546997,sm,20,ok,0.05828079384054476,0.10388038723617492,0.0,1.5442846207583534,0.0,1.0,1.5667990758065558,0.022514455048202375,0.0
shell,22,39,shell,1.0,alternating,8,3,112,12.0,42.0,0,mle,1.5725820501993772,1.544334439774695,pl,0.5854326888426226,0.5798889456605382,sm,20,ok,0.07260361655683949,0.10770411352989495,0.0,1.544334439774695,0.0,1.0,1.5725820501993772,0.028247610424682268,0.0
shell,23,0,shell,1.0,alternating,8,3,448,48.0,168.0,0,mle,1.5345124089638154,1.5355539773804168,pl,0.5836489984333062,0.5795020570645395,pl,20,ok,-0.00043468984819837144,0.10586770628814823,0.0,1.5355539773804168,0.0010415684166014127,0.0,1.5355539773804168,0.0010415684166014127,0.0
shell,23,1,shell,1.0,alternating,8,3,448,48.0,168.0,0,mle,1.546380196372384,1.541439522752551,pl,0.5944464227365388,0.5879394402320413,pl,20,ok,0.020510427690691318,0.10283223213134884,0.0,1.541439522752551,0.0,1.0,1.541439522752551,0.0,1.0
shell,23,2,shell,1.0,alternating,8,3,448,48.0,168.0,0,mle,1.5654642972050532,1.5504782511557678,pl,0.5845971453620359,0.5760555264602819,pl,20,ok,0.028362105610580914,0.09781240673705738,0.0,1.5504782511557678,0.0,1.0,1.5504782511557678,0.0,1.0
shell,23,3,shell,1.0,alternating,8,3,448,48.0,168.0,0,mle,1.5615866302630272,1.540064453125439,sm,0.5641996448199126,0.5642174571507766,sm,20,ok,0.07530007676783249,0.10367361429177423,0.0,1.5615866302630272,0.021522177137588194,0.0,1.5615866302630272,0.021522177137588194,0.0
shell,23,4,shell,1.0,alternating,8,3,448,48.0,168.0,0,mle,1.561217879145298,1.5355354190911596,pl,0.5907512969004443,0.5864302735581227,pl,20,ok,0.05057041814527158,0.10489248803450406,0.0,1.5355354190911596,0.0,1.0,1.5355354190911596,0.0,1.0
shell,23,5,shell,1.0,alternating,8,3,448,48.0,168.0,0,mle,1.546333151583755,1.5363194741983832,pl,0.5866032574511949,0.5846812710727364,pl,20,ok,0.044143249395740214,0.10240305787777838,0.0,1.5363194741983832,0.0,1.0,1.5363194741983832,0.0,1.0
shell,23,6,shell,1.0,alternating,8,3,448,48.0,168.0,0,mle,1.5520659054507109,1.5392680842988207,pl,0.5977512673540182,0.5968544003310087,pl,20,ok,0.04518561598087133,0.09271271531577469,0.0,1.5392680842988207,0.0,1.0,1.5392680842988207,0.0,1.0
shell,23,7,shell,1.0,alternating,8,3,448,48.0,168.0,0,mle,1.5350385285685109,1.542551078281824,sm,0.5882240293612474,0.5952230803951621,pl,20,ok,0.046823118771213625,0.09947952701994092,0.0,1.5350385285685109,0.0,1.0,1.542551078281824,0.007512549713313055,0.0
shell,23,8,shell,1.0,alternating,8,3,448,48.0,168.0,0,mle,1.5478870273235756,1.5337802783841765,pl,0.5932129775144187,0.5870255163573798,sm,20,ok,0.0544232593150636,0.1038803872361749,0.0,1.5337802783841765,0.0,1.0,1.5478870273235756,0.014106748939399116,0.0
shell,23,9,shell,1.0,alternating,8,3,448,48.0,168.0,0,mle,1.5340065017772115,1.5349578666331682,pl,0.5820865663138725,0.577279635837031,pl,20,ok,0.023412295643113545,0.10408571805069892,0.0,1.5349578666331682,0.0009513648559567045,0.0,1.5349578666331682,0.0009513648559567045,0.0
shell,23,10,shell,1.0,alternating,8,3,448,48.0,168.0,0,mle,1.5346107410288814,1.533453172288306,pl,0.5874809292452826,0.5854047570798411,pl,20,ok,0.018120119469737007,0.1004033770442127,0.0,1.533453172288306,0.0,1.0,1.533453172288306,0.0,1.0
shell,23,11,shell,1.0,alternating,8,3,448,48.0,168.0,0,mle,1.5475311420041793,1.540770900773034,pl,0.5885034125527813,0.5882948057006098,pl,20,ok,0.030825921848357918,0.10174883771190596,0.0,1.540770900773034,0.0,1.0,1.540770900773034,0.0,1.0
shell,23,12,shell,1.0,alternating,8,3,448,48.0,168.0,0,mle,1.5494314391829913,1.537613105145235,pl,0.5910432607021926,0.5907345819133577,sm,20,ok,0.055947878449491284,0.10643478397285523,0.0,1.537613105145235,0.0,1.0,1.5494314391829913,0.011818334037756228,0.0
shell,23,13,shell,1.0,alternating,8,3,448,48.0,168.0,0,mle,1.5347053416843068,1.5344632558132962,pl,0.5807590581858522,0.5751851817690592,pl,20,ok,0.028186212897522246,0.10624727836183827,0.0,1.5344632558132962,0.0,1.0,1.5344632558132962,0.0,1.0
shell,23,14,shell,1.0,alternating,8,3,448,48.0,168.0,0,mle,1.5340338274539824,1.5415734515682868,sm,0.5817638745930306,0.5833066286808157,pl,20,ok,0.012525841766883542,0.10428960015259815,0.0,1.5340338274539824,0.0,1.0,1.5415734515682868,0.007539624114304422,0.0
shell,23,15,shell,1.0,alternating,8,3,448,48.0,168.0,0,mle,1.5340132554149053,1.53760532284836,sm,0.5798943834604197,0.5859023689706374,sm,20,ok,0.053587207600994724,0.10261834654154472,0.0,1.5340132554149053,0.0,1.0,1.5340132554149053,0.0,1.0
shell,23,16,shell,1.0,alternating,8,3,448,48.0,168.0,0,mle,1.547791599375138,1.5399837400370155,sm,0.5635403379034237,0.5680639953744853,sm,20,ok,0.08270551852176675,0.10605825019210659,0.0,1.547791599375138,0.007807859338122558,0.0,1.547791599375138,0.007807859338122558,0.0
shell,23,17,shell,1.0,alternating,8,3,448,48.0,168.0,0,mle,1.5471494814848181,1.536307884669604,pl,0.5879640565212897,0.585036310434115,pl,20,ok,0.048220870512217975,0.10509050903009653,0.0,1.536307884669604,0.0,1.0,1.536307884669604,0.0,1.0
shell,23,18,shell,1.0,alternating,8,3,448,48.0,168.0,0,mle,1.5339671771223733,1.5318740418512538,pl,0.5817239973605276,0.5802352726208677,pl,20,ok,0.0421945294294718,0.10346540577905403,0.0,1.5318740418512538,0.0,1.0,1.5318740418512538,0.0,1.0
shell,23,19,shell,1.0,alternating,8,3,448,48.0,168.0,0,mle,1.5347053416843068,1.540907625379346,sm,0.5600160582269927,0.5603242055499064,pl,20,ok,0.02425584926035184,0.10624727836183818,0.0,1.5347053416843068,0.0,1.0,1.540907625379346,0.006202283695039057,0.0
shell,23,20,shell,1.0,alternating,8,3,448,48.0,168.0,0,mle,1.5354287826892363,1.5336186908461635,pl,0.5831549933484191,0.5818777566608739,pl,20,ok,0.04092129081927235,0.09877281272292505,0.0,1.5336186908461635,0.0,1.0,1.5336186908461635,0.0,1.0
shell,23,21,shell,1.0,alternating,8,3,448,48.0,168.0,0,mle,1.5533182786398947,1.535844409936753,pl,0.5986685232423301,0.59170803322565,pl,20,ok,0.03471681600850152,0.10196829705630286,0.0,1.535844409936753,0.0,1.0,1.535844409936753,0.0,1.0
shell,23,22,shell,1.0,alternating,8,3,448,48.0,168.0,0,mle,1.5540758025722892,1.5343706096713208,pl,0.5797686784179743,0.569217216107322,pl,20,ok,0.046888073350942736,0.09732454745340197,0.0,1.5343706096713208,0.0,1.0,1.5343706096713208,0.0,1.0
shell,23,23,shell,1.0,alternating,8,3,448,48.0,168.0,0,mle,1.5359459557545811,1.536867903913727,sm,0.588600706179959,0.5909641922683104,pl,20,ok,0.02780606395415223,0.10787919022668,0.0,1.5359459557545811,0.0,1.0,1.536867903913727,0.0009219481591458134,0.0
shell,23,24,shell,1.0,alternating,8,3,448,48.0,168.0,0,mle,1.5342900700105795,1.5332578054790718,sm,0.5800780334667871,0.5837127896020856,sm,20,ok,0.06323120582946049,0.10130579303837715,0.0,1.5342900700105795,0.0010322645315077317,0.0,1.5342900700105795,0.0010322645315077317,0.0
shell,23,25,shell,1.0,alternating,8,3,448,48.0,168.0,0,mle,1.542028172076602,1.5396448537276877,sm,0.5834677041579605,0.5854108419425677,pl,20,ok,0.03188867953761826,0.11145393841719585,0.0,1.542028172076602,0.002383318348914365,0.0,1.5396448537276877,0.0,1.0
shell,23,26,shell,1.0,alternating,8,3,448,48.0,168.0,0,mle,1.5510156457693771,1.543471485202697,sm,0.585927995501249,0.5884041358123343,pl,20,ok,0.042744173425683415,0.10787919022667997,0.0,1.5510156457693771,0.007544160566680169,0.0,1.543471485202697,0.0,1.0
shell,23,27,shell,1.0,alternating,8,3,448,48.0,168.0,0,mle,1.5345204726707449,1.5329060636935685,pl,0.5961439059738887,0.594766162505615,pl,20,ok,0.013117550837799035,0.10063100611773731,0.0,1.5329060636935685,0.0,1.0,1.5329060636935685,0.0,1.0
shell,23,28,shell,1.0,alternating,8,3,448,48.0,168.0,0,mle,1.5369046161033606,1.537054923548145,pl,0.5695107439792266,0.5685227964005518,pl,20,ok,0.03571814312711785,0.10873065686002367,0.0,1.537054923548145,0.00015030744478439217,0.0,1.537054923548145,0.00015030744478439217,0.0
shell,23,29,shell,1.0,alternating,8,3,448,48.0,168.0,0,mle,1.5340780383675818,1.5353799003824475,sm,0.5896710605309043,0.6001920685038264,sm,20,ok,0.05720857378255705,0.10218637257711383,0.0,1.5340780383675818,0.0,1.0,1.5340780383675818,0.0,1.0
shell,23,30,shell,1.0,alternating,8,3,448,48.0,168.0,0,mle,1.534158846723167,1.5361784763205177,sm,0.5771290091294272,0.5824794019279897,pl,20,ok,0.051584573173796236,0.10489248803450413,0.0,1.534158846723167,0.0,1.0,1.5361784763205177,0.0020196295973506917,0.0
shell,23,31,shell,1.0,alternating,8,3,448,48.0,168.0,0,mle,1.53434902919603,1.5331853950609224,sm,0.5683082338687104,0.5782550834758884,sm,20,ok,0.06549483454678764,0.10548209846241714,0.0,1.53434902919603,0.0011636341351075608,0.0,1.53434902919603,0.0011636341351075608,0.0
shell,23,32,shell,1.0,alternating,8,3,448,48.0,168.0,0,mle,1.5475350845317322,1.5360594272977062,sm,0.5742368563634828,0.5807618194178668,sm,20,ok,0.0628405037390997,0.10196829705630293,0.0,1.5475350845317322,0.011475657234025993,0.0,1.5475350845317322,0.011475657234025993,0.0
shell,23,33,shell,1.0,alternating,8,3,448,48.0,168.0,0,mle,1.533968195405972,1.5358164264532137,sm,0.5934181779779135,0.593805483408738,pl,20,ok,0.03833802810186399,0.10325576823850709,0.0,1.533968195405972,0.0,1.0,1.5358164264532137,0.001848231047241633,0.0
shell,23,34,shell,1.0,alternating,8,3,448,48.0,168.0,0,mle,1.5494314391829913,1.5322667443965345,pl,0.5869951052899579,0.5775161646556519,pl,20,ok,0.04220386038229851,0.10643478397285532,0.0,1.5322667443965345,0.0,1.0,1.5322667443965345,0.0,1.0
shell,23,35,shell,1.0,alternating,8,3,448,48.0,168.0,0,mle,1.553520970561995,1.545602212250469,pl,0.5839808424535808,0.5806069513457737,sm,20,ok,0.05260939084384982,0.10085728932982045,0.0,1.545602212250469,0.0,1.0,1.553520970561995,0.007918758311526108,0.0
shell,23,36,shell,1.0,alternating,8,3,448,48.0,168.0,0,mle,1.5340338274539824,1.5361364212799589,sm,0.573773247748014,0.5785552955502383,pl,20,ok,0.0490309463262999,0.10428960015259832,0.0,1.5340338274539824,0.0,1.0,1.5361364212799589,0.00210259382597644,0.0
shell,23,37,shell,1.0,alternating,8,3,448,48.0,168.0,0,mle,1.5341099716531545,1.5362110219620155,pl,0.5703044164487964,0.5668905056837114,pl,20,ok,0.04547446829335455,0.10469299178080615,0.0,1.5362110219620155,0.0021010503088609855,0.0,1.5362110219620155,0.0021010503088609855,0.0
shell,23,38,shell,1.0,alternating,8,3,448,48.0,168.0,0,mle,1.5339863031596663,1.538272856198021,sm,0.5995875646871157,0.6061072540164352,pl,20,ok,0.051500928376069025,0.10388038723617474,0.0,1.5339863031596663,0.0,1.0,1.538272856198021,0.004286553038354679,0.0
shell,23,39,shell,1.0,alternating,8,3,448,48.0,168.0,0,mle,1.5339732040367637,1.5392822630103675,sm,0.5678554522844794,0.575301665240885,pl,20,ok,0.03021565631467534,0.10367361429177424,0.0,1.5339732040367637,0.0,1.0,1.5392822630103675,0.005309058973603786,0.0
shell,24,0,shell,2.0,alternating,8,3,28,3.0,10.5,0,mle,1.6099838568752987,1.6642346882737615,sm,0.6099663756339252,0.6292604822729913,pl,20,ok,-0.019318016550025036,0.1138111244684279,0.0,1.6099838568752987,0.0,1.0,1.6642346882737615,0.05425083139846287,0.0
shell,24,1,shell,2.0,alternating,8,3,28,3.0,10.5,0,mle,1.5879879796308698,1.578995130420941,sm,0.594271709243237,0.6048710049137926,pl,20,ok,0.029574992643031373,0.11596246315052869,0.0,1.5879879796308698,0.00899284920992871,0.0,1.578995130420941,0.0,1.0
shell,24,2,shell,2.0,alternating,8,3,28,3.0,10.5,0,mle,1.85483812510959,1.658662294590842,pl,0.7547067684334111,0.6569219879470788,pl,20,ok,-0.017089589866985055,0.11514903941276243,0.0,1.658662294590842,0.0,1.0,1.658662294590842,0.0,1.0
shell,24,3,shell,2.0,alternating,8,3,28,3.0,10.5,0,mle,1.6917250336479013,1.645020176663062,pl,0.6499350483182471,0.6268572611050197,pl,20,ok,-0.010638951121153872,0.11381112446842785,0.0,1.645020176663062,0.0,1.0,1.645020176663062,0.0,1.0
shell,24,4,shell,2.0,alternating,8,3,28,3.0,10.5,0,mle,1.5745707817324766,1.6093048425989682,sm,0.5862964513960562,0.6303324416453452,pl,20,ok,0.034940825125002455,0.11514903941276225,0.0,1.5745707817324766,0.0,1.0,1.6093048425989682,0.03473406086649167,0.0
shell,24,5,shell,2.0,alternating,8,3,28,3.0,10.5,0,mle,1.7411213486979333,1.7506312664309052,sm,0.679706597391588,0.6812005239214036,pl,20,ok,-0.0019253961863235464,0.11487283515807824,0.0,1.7411213486979333,0.0,1.0,1.7506312664309052,0.009509917732971829,0.0
shell,24,6,shell,2.0,alternating,8,3,28,3.0,10.5,0,mle,1.7238932007809022,1.7054418653362604,sm,0.6353949915558649,0.6356479261534704,pl,20,ok,0.035776396872906506,0.11381112446842774,0.0,1.7238932007809022,0.018451335444641837,0.0,1.7054418653362604,0.0,1.0
shell,24,7,shell,2.0,alternating,8,3,28,3.0,10.5,0,mle,1.8402080913639896,,abstain,0.7217562384327781,,abstain,0,fit_unavailable,,,,,,,,,
shell,24,8,shell,2.0,alternating,8,3,28,3.0,10.5,0,mle,1.6200797726321747,1.5122640866867412,pl,0.6266450325837061,0.5920818153053895,pl,20,ok,0.012047550384228379,0.11381112446842767,0.0,1.5122640866867412,0.0,1.0,1.5122640866867412,0.0,1.0
shell,24,9,shell,2.0,alternating,8,3,28,3.0,10.5,0,mle,1.6133694910311331,1.5983059485810946,sm,0.6021844977665096,0.6037001664985043,pl,20,ok,0.03312295455578047,0.11621436976736403,0.0,1.6133694910311331,0.015063542450038492,0.0,1.5983059485810946,0.0,1.0
shell,24,10,shell,2.0,alternating,8,3,28,3.0,10.5,0,mle,1.7493171821891491,1.568730537190548,pl,0.6637972014782519,0.6068650470069775,pl,20,ok,-0.009766306708562586,0.11596246315052866,0.0,1.568730537190548,0.0,1.0,1.568730537190548,0.0,1.0
shell,24,11,shell,2.0,alternating,8,3,28,3.0,10.5,0,mle,1.610297963195523,1.5270343522640224,pl,0.6134366268300439,0.5731227240529668,pl,20,ok,-0.008511567399013042,0.10388038723617495,0.0,1.5270343522640224,0.0,1.0,1.5270343522640224,0.0,1.0
shell,24,12,shell,2.0,alternating,8,3,28,3.0,10.5,0,mle,1.6977093716198781,1.6626092447000214,pl,0.648284376367587,0.6331986847921122,pl,20,ok,0.03133079887595276,0.11596246315052877,0.0,1.6626092447000214,0.0,1.0,1.6626092447000214,0.0,1.0
shell,24,13,shell,2.0,alternating,8,3,28,3.0,10.5,0,mle,1.670600043455577,1.7404251195393405,sm,0.6438305563764822,0.6770870196972028,pl,20,ok,-0.013939257581274199,0.11596246315052877,0.0,1.670600043455577,0.0,1.0,1.7404251195393405,0.06982507608376354,0.0
shell,24,14,shell,2.0,alternating,8,3,28,3.0,10.5,0,mle,1.7355209240395215,1.6560262791011733,pl,0.6556632073067999,0.6350517416008029,pl,20,ok,0.04178535587950832,0.11198348902273733,0.0,1.6560262791011733,0.0,1.0,1.6560262791011733,0.0,1.0
shell,24,15,shell,2.0,alternating,8,3,28,3.0,10.5,0,mle,1.7414183069281464,1.892027635524313,sm,0.6566955261683284,0.7069653438136286,pl,20,ok,0.011654698361007717,0.11586524632099317,0.0,1.7414183069281464,0.0,1.0,1.892027635524313,0.1506093285961667,0.0
shell,24,16,shell,2.0,alternating,8,3,28,3.0,10.5,0,mle,1.9220257895742447,1.6683630219703502,pl,0.7460388628134818,0.6407334451026413,pl,20,ok,-0.014522939076277035,0.11381112446842784,0.0,1.6683630219703502,0.0,1.0,1.6683630219703502,0.0,1.0
shell,24,17,shell,2.0,alternating,8,3,28,3.0,10.5,0,mle,1.692144994729762,1.5985990447472158,pl,0.6368947076080032,0.5979412545313854,pl,20,ok,-0.03524175828137997,0.10040337704421272,0.0,1.5985990447472158,0.0,1.0,1.5985990447472158,0.0,1.0
shell,24,18,shell,2.0,alternating,8,3,28,3.0,10.5,0,mle,1.7323963547202756,1.6665701727565045,pl,0.6574977910543435,0.637379509534486,pl,20,ok,0.014534874698302749,0.11381112446842769,0.0,1.6665701727565045,0.0,1.0,1.6665701727565045,0.0,1.0
shell,24,19,shell,2.0,alternating,8,3,28,3.0,10.5,0,mle,1.600386670801938,1.5989241321342273,sm,0.6297921479841967,0.6393797521360993,pl,20,ok,0.002579019355507837,0.11381112446842773,0.0,1.600386670801938,0.0014625386677107333,0.0,1.5989241321342273,0.0,1.0
shell,24,20,shell,2.0,alternating,8,3,28,3.0,10.5,0,mle,1.6330905098684294,1.5891554748481376,sm,0.6210916071634319,0.6226068038269629,pl,20,ok,0.027022823086639964,0.11514903941276229,0.0,1.6330905098684294,0.043935035020291835,0.0,1.5891554748481376,0.0,1.0
shell,24,21,shell,2.0,alternating,8,3,28,3.0,10.5,0,mle,1.5527658423198691,1.515702834396735,pl,0.5921025137992203,0.588949291079722,pl,20,ok,0.026508850117508677,0.10969885752076586,0.0,1.515702834396735,0.0,1.0,1.515702834396735,0.0,1.0
shell,24,22,shell,2.0,alternating,8,3,28,3.0,10.5,0,mle,1.5890120040940152,1.524718143542731,pl,0.5925157966015098,0.5736707007269072,pl,20,ok,0.012606169513770147,0.10388038723617499,0.0,1.524718143542731,0.0,1.0,1.524718143542731,0.0,1.0
shell,24,23,shell,2.0,alternating,8,3,28,3.0,10.5,0,mle,1.6325127864121671,1.5877930630165844,sm,0.648004815744643,0.6497715567156436,pl,20,ok,0.015860617702584307,0.11198348902273729,0.0,1.6325127864121671,0.04471972339558272,0.0,1.5877930630165844,0.0,1.0
shell,24,24,shell,2.0,alternating,8,3,28,3.0,10.5,0,mle,1.7022368582454788,1.664703064175073,pl,0.626551264057331,0.6209505740074208,pl,20,ok,0.019780338305552415,0.11586524632099314,0.0,1.664703064175073,0.0,1.0,1.664703064175073,0.0,1.0
shell,24,25,shell,2.0,alternating,8,3,28,3.0,10.5,0,mle,1.6731534950037443,1.7300747062724007,sm,0.626596205325959,0.6707778763120982,pl,20,ok,0.04433776568368683,0.11381112446842766,0.0,1.6731534950037443,0.0,1.0,1.7300747062724007,0.056921211268656347,0.0
shell,24,26,shell,2.0,alternating,8,3,28,3.0,10.5,0,mle,1.6838063979465487,1.6233282810363956,pl,0.6445109057695494,0.6328312134200437,pl,20,ok,0.04605238884604797,0.11381112446842777,0.0,1.6233282810363956,0.0,1.0,1.6233282810363956,0.0,1.0
shell,24,27,shell,2.0,alternating,8,3,28,3.0,10.5,0,mle,1.5724503328444508,1.5966826697289171,sm,0.5963415548128994,0.6109649929813579,pl,20,ok,-0.0016687090759261766,0.1096988575207659,0.0,1.5724503328444508,0.0,1.0,1.5966826697289171,0.024232336884466354,0.0
shell,24,28,shell,2.0,alternating,8,3,28,3.0,10.5,0,mle,1.74658515842431,1.800801584361949,sm,0.6318353899180205,0.6557523151732744,pl,20,ok,0.016813931009631775,0.11077364074591191,0.0,1.74658515842431,0.0,1.0,1.800801584361949,0.05421642593763898,0.0
shell,24,29,shell,2.0,alternating,8,3,28,3.0,10.5,0,mle,1.683337870735686,1.6361866811227217,pl,0.6559491010403987,0.6523104324603062,pl,20,ok,0.022810898032503846,0.11596246315052872,0.0,1.6361866811227217,0.0,1.0,1.6361866811227217,0.0,1.0
shell,24,30,shell,2.0,alternating,8,3,28,3.0,10.5,0,mle,1.7991978014716568,1.6677105581278977,pl,0.6831785980774503,0.6440126374713209,pl,20,ok,0.005598602535892557,0.11381112446842787,0.0,1.6677105581278977,0.0,1.0,1.6677105581278977,0.0,1.0
shell,24,31,shell,2.0,alternating,8,3,28,3.0,10.5,0,mle,1.8082355025230052,1.719663288104307,pl,0.7025900869557485,0.6707942447217218,pl,20,ok,0.024247817358753112,0.11319184697072239,0.0,1.719663288104307,0.0,1.0,1.719663288104307,0.0,1.0
shell,24,32,shell,2.0,alternating,8,3,28,3.0,10.5,0,mle,1.8074257056513445,1.6193267782577327,pl,0.7098410477123682,0.6288101266338386,pl,20,ok,0.0186538863288873,0.10969885752076597,0.0,1.6193267782577327,0.0,1.0,1.6193267782577327,0.0,1.0
shell,24,33,shell,2.0,alternating,8,3,28,3.0,10.5,0,mle,1.5689504772249927,1.6010057486808271,sm,0.6124726833687457,0.6356108410350676,pl,20,ok,-0.016368850960148854,0.11198348902273744,0.0,1.5689504772249927,0.0,1.0,1.6010057486808271,0.03205527145583442,0.0
shell,24,34,shell,2.0,alternating,8,3,28,3.0,10.5,0,mle,1.9267706958437842,1.7132435906159575,pl,0.7604622336838851,0.6723918230681806,pl,20,ok,-0.036249160730169205,0.11586524632099311,0.0,1.7132435906159575,0.0,1.0,1.7132435906159575,0.0,1.0
shell,24,35,shell,2.0,alternating,8,3,28,3.0,10.5,0,mle,1.8385812273093514,1.692637241847687,pl,0.7194147266514709,0.6507996546160627,pl,20,ok,-0.0034109724388372287,0.11381112446842767,0.0,1.692637241847687,0.0,1.0,1.692637241847687,0.0,1.0
shell,24,36,shell,2.0,alternating,8,3,28,3.0,10.5,0,mle,1.7770265061506199,1.6417008531443618,pl,0.6893223157279929,0.6425184818866654,pl,20,ok,-0.009265909321899054,0.10969885752076593,0.0,1.6417008531443618,0.0,1.0,1.6417008531443618,0.0,1.0
shell,24,37,shell,2.0,alternating,8,3,28,3.0,10.5,0,mle,1.6779380487954692,1.6126375695011643,pl,0.650903608928921,0.632728861163117,sm,20,ok,0.06751227687978692,0.11198348902273739,0.0,1.6126375695011643,0.0,1.0,1.6779380487954692,0.06530047929430483,0.0
shell,24,38,shell,2.0,alternating,8,3,28,3.0,10.5,0,mle,1.6563679069059833,1.549859935284553,pl,0.6278169494141304,0.5967339246675022,pl,20,ok,-0.011641636491077498,0.10698809686617948,0.0,1.549859935284553,0.0,1.0,1.549859935284553,0.0,1.0
shell,24,39,shell,2.0,alternating,8,3,28,3.0,10.5,0,mle,1.7210384751910341,1.5940976256284212,pl,0.652487516453988,0.6116990114144344,pl,20,ok,0.02770261451753898,0.11487283515807817,0.0,1.5940976256284212,0.0,1.0,1.5940976256284212,0.0,1.0
shell,25,0,shell,2.0,alternating,8,3,112,12.0,42.0,0,mle,1.5383238512068593,1.502078412942375,pl,0.582480348919891,0.5763605364735936,pl,20,ok,0.024834742546909264,0.10130579303837721,0.0,1.502078412942375,0.0,1.0,1.502078412942375,0.0,1.0
shell,25,1,shell,2.0,alternating,8,3,112,12.0,42.0,0,mle,1.6230264404954997,1.5134657408639636,pl,0.6283322807100004,0.5916459087645146,pl,20,ok,0.001195591492127066,0.11145393841719599,0.0,1.5134657408639636,0.0,1.0,1.5134657408639636,0.0,1.0
shell,25,2,shell,2.0,alternating,8,3,112,12.0,42.0,0,mle,1.5481255684120783,1.4967195694059958,pl,0.5811577312151965,0.5676651798109494,pl,20,ok,0.04760023909112367,0.10304470818969,0.0,1.4967195694059958,0.0,1.0,1.4967195694059958,0.0,1.0
shell,25,3,shell,2.0,alternating,8,3,112,12.0,42.0,0,mle,1.5797356443642716,1.5272949072429836,pl,0.6104966787492674,0.5877102665066753,pl,20,ok,-0.015183528441813941,0.11198348902273735,0.0,1.5272949072429836,0.0,1.0,1.5272949072429836,0.0,1.0
shell,25,4,shell,2.0,alternating,8,3,112,12.0,42.0,0,mle,1.5370114259709675,1.5146634843519147,sm,0.5830379304892476,0.5931684755937647,pl,20,ok,0.04884124877469276,0.10698809686617955,0.0,1.5370114259709675,0.022347941619052847,0.0,1.5146634843519147,0.0,1.0
shell,25,5,shell,2.0,alternating,8,3,112,12.0,42.0,0,mle,1.5489232533469897,1.536052826346101,sm,0.5913353024988262,0.5990269662286825,pl,20,ok,-0.0018068688991385606,0.11339881515370803,0.0,1.5489232533469897,0.012870427000888585,0.0,1.536052826346101,0.0,1.0
shell,25,6,shell,2.0,alternating,8,3,112,12.0,42.0,0,mle,1.5594302757698246,1.4948832703911716,pl,0.5918425923949925,0.5785295148402637,pl,20,ok,0.036535795667039656,0.10388038723617486,0.0,1.4948832703911716,0.0,1.0,1.4948832703911716,0.0,1.0
shell,25,7,shell,2.0,alternating,8,3,112,12.0,42.0,0,mle,1.5707594742150714,1.5125145001703906,pl,0.587022375305396,0.5639368436654478,pl,20,ok,0.0280239885082084,0.0994795270199409,0.0,1.5125145001703906,0.0,1.0,1.5125145001703906,0.0,1.0
shell,25,8,shell,2.0,alternating,8,3,112,12.0,42.0,0,mle,1.553536375466097,1.5351452209917427,sm,0.5913517356597011,0.5938303788784103,pl,20,ok,-0.019488486116503338,0.11089632714505589,0.0,1.553536375466097,0.018391154474354243,0.0,1.5351452209917427,0.0,1.0
shell,25,9,shell,2.0,alternating,8,3,112,12.0,42.0,0,mle,1.58468312425377,1.5456914691781796,pl,0.6085436606554258,0.6061842390483355,pl,20,ok,0.03892432181091245,0.11540297248386469,0.0,1.5456914691781796,0.0,1.0,1.5456914691781796,0.0,1.0
shell,25,10,shell,2.0,alternating,8,3,112,12.0,42.0,0,mle,1.5439669816090738,1.5084749966669624,pl,0.5701209592825266,0.5663253976605475,sm,20,ok,0.05552984899240691,0.10905994953308255,0.0,1.5084749966669624,0.0,1.0,1.5439669816090738,0.035491984942111365,0.0
shell,25,11,shell,2.0,alternating,8,3,112,12.0,42.0,0,mle,1.5586881478777346,1.4978702406791489,pl,0.609667504297797,0.5944010921223183,pl,20,ok,0.029902105773638377,0.10770411352989497,0.0,1.4978702406791489,0.0,1.0,1.4978702406791489,0.0,1.0
shell,25,12,shell,2.0,alternating,8,3,112,12.0,42.0,0,mle,1.5696270723581491,1.512059460940035,pl,0.5804891483763981,0.57104756505972,pl,20,ok,0.033239096969977816,0.10839488193253508,0.0,1.512059460940035,0.0,1.0,1.512059460940035,0.0,1.0
shell,25,13,shell,2.0,alternating,8,3,112,12.0,42.0,0,mle,1.5376361471802946,1.5096145211002283,pl,0.575855640532395,0.5702564433563275,pl,20,ok,0.02365365936096356,0.10770411352989495,0.0,1.5096145211002283,0.0,1.0,1.5096145211002283,0.0,1.0
shell,25,14,shell,2.0,alternating,8,3,112,12.0,42.0,0,mle,1.6944383314374831,1.573706327531215,pl,0.6652792442467865,0.6311331521518084,pl,20,ok,0.00569595661854499,0.11248448643334504,0.0,1.573706327531215,0.0,1.0,1.573706327531215,0.0,1.0
shell,25,15,shell,2.0,alternating,8,3,112,12.0,42.0,0,mle,1.5456230114754335,1.4974867500941156,pl,0.5839402183027971,0.5703565089248736,pl,20,ok,0.015261712546376227,0.0985346404664905,0.0,1.4974867500941156,0.0,1.0,1.4974867500941156,0.0,1.0
shell,25,16,shell,2.0,alternating,8,3,112,12.0,42.0,0,mle,1.5383844383005714,1.5007356818830666,pl,0.5922963918594436,0.5813307176916522,pl,20,ok,0.008558405462129182,0.10839488193253509,0.0,1.5007356818830666,0.0,1.0,1.5007356818830666,0.0,1.0
shell,25,17,shell,2.0,alternating,8,3,112,12.0,42.0,0,mle,1.539844246207999,1.5120496298003634,pl,0.5866519712244821,0.5833296867622684,pl,20,ok,0.022738375306517244,0.1021863725771139,0.0,1.5120496298003634,0.0,1.0,1.5120496298003634,0.0,1.0
shell,25,18,shell,2.0,alternating,8,3,112,12.0,42.0,0,mle,1.5528692141899891,1.5485736703174657,sm,0.5956902955314822,0.6048254961787523,sm,20,ok,0.05907536269596913,0.09026439942903985,0.0,1.5528692141899891,0.0042955438725234,0.0,1.5528692141899891,0.0042955438725234,0.0
shell,25,19,shell,2.0,alternating,8,3,112,12.0,42.0,0,mle,1.5982456491904393,1.5392417236166098,pl,0.6074910674940242,0.5805848691123172,pl,20,ok,-0.01768756673520046,0.1054820984624171,0.0,1.5392417236166098,0.0,1.0,1.5392417236166098,0.0,1.0
shell,25,20,shell,2.0,alternating,8,3,112,12.0,42.0,0,mle,1.5523015963953999,1.504468955602853,pl,0.565682930359032,0.558466184277506,sm,20,ok,0.05608125484682005,0.10698809686617952,0.0,1.504468955602853,0.0,1.0,1.5523015963953999,0.0478326407925469,0.0
shell,25,21,shell,2.0,alternating,8,3,112,12.0,42.0,0,mle,1.558566580990216,1.5404379324914546,pl,0.5799348781578243,0.5746746312351092,pl,20,ok,0.017285537077936758,0.11381112446842785,0.0,1.5404379324914546,0.0,1.0,1.5404379324914546,0.0,1.0
shell,25,22,shell,2.0,alternating,8,3,112,12.0,42.0,0,mle,1.542176385540344,1.5120162846128262,pl,0.5808107464285499,0.5759999004262029,pl,20,ok,0.003536524251013201,0.09658332386123035,0.0,1.5120162846128262,0.0,1.0,1.5120162846128262,0.0,1.0
shell,25,23,shell,2.0,alternating,8,3,112,12.0,42.0,0,mle,1.5465883279743786,1.4999092293548706,pl,0.5758660280094369,0.5673480417870417,pl,20,ok,0.03514588512541073,0.10548209846241699,0.0,1.4999092293548706,0.0,1.0,1.4999092293548706,0.0,1.0
shell,25,24,shell,2.0,alternating,8,3,112,12.0,42.0,0,mle,1.5772061670063335,1.5251922995057612,pl,0.5955906646034677,0.5830520015015065,pl,20,ok,-0.0010077415638398313,0.1083948819325351,0.0,1.5251922995057612,0.0,1.0,1.5251922995057612,0.0,1.0
shell,25,25,shell,2.0,alternating,8,3,112,12.0,42.0,0,mle,1.5833181561667866,1.5342910852642058,pl,0.5984094186588125,0.5840785381985716,pl,20,ok,0.011995688165496687,0.10040337704421268,0.0,1.5342910852642058,0.0,1.0,1.5342910852642058,0.0,1.0
shell,25,26,shell,2.0,alternating,8,3,112,12.0,42.0,0,mle,1.549763677322845,1.520700503882497,pl,0.5774648038763515,0.5766038021339257,pl,20,ok,0.025000958089358066,0.10624727836183817,0.0,1.520700503882497,0.0,1.0,1.520700503882497,0.0,1.0
shell,25,27,shell,2.0,alternating,8,3,112,12.0,42.0,0,mle,1.5476188709025638,1.5092521587273535,pl,0.5739649115801976,0.5697968037893187,pl,20,ok,0.028736652904455845,0.10839488193253516,0.0,1.5092521587273535,0.0,1.0,1.5092521587273535,0.0,1.0
shell,25,28,shell,2.0,alternating,8,3,112,12.0,42.0,0,mle,1.589955077942363,1.4978615372371138,pl,0.6024346474071359,0.5710970310270895,pl,20,ok,0.02553884403221813,0.10905994953308269,0.0,1.4978615372371138,0.0,1.0,1.4978615372371138,0.0,1.0
shell,25,29,shell,2.0,alternating,8,3,112,12.0,42.0,0,mle,1.54836023704979,1.5219812872094804,sm,0.599489631796074,0.604726084347675,pl,20,ok,0.027139622825790202,0.1038803872361749,0.0,1.54836023704979,0.02637894984030953,0.0,1.5219812872094804,0.0,1.0
shell,25,30,shell,2.0,alternating,8,3,112,12.0,42.0,0,mle,1.5567992022632424,1.5210285760866544,pl,0.5895121401673875,0.5851571528135698,pl,20,ok,0.03776154697865671,0.11198348902273736,0.0,1.5210285760866544,0.0,1.0,1.5210285760866544,0.0,1.0
shell,25,31,shell,2.0,alternating,8,3,112,12.0,42.0,0,mle,1.5869280035217193,1.5281587084953228,pl,0.601519060579297,0.5845124166648799,pl,20,ok,0.005739327780028853,0.09947952701994099,0.0,1.5281587084953228,0.0,1.0,1.5281587084953228,0.0,1.0
shell,25,32,shell,2.0,alternating,8,3,112,12.0,42.0,0,mle,1.5505802006571432,1.4984753082785214,pl,0.5809747297183319,0.567683896487134,pl,20,ok,0.021396533046049045,0.10040337704421277,0.0,1.4984753082785214,0.0,1.0,1.4984753082785214,0.0,1.0
shell,25,33,shell,2.0,alternating,8,3,112,12.0,42.0,0,mle,1.553340759441138,1.5230020692998285,sm,0.5942693934194521,0.5967299034161129,pl,20,ok,0.033950221276125764,0.1090599495330826,0.0,1.553340759441138,0.03033869014130941,0.0,1.5230020692998285,0.0,1.0
shell,25,34,shell,2.0,alternating,8,3,112,12.0,42.0,0,mle,1.5545129307570709,1.515872373861604,pl,0.6056924529695841,0.601336002314176,pl,20,ok,0.044277880994152516,0.10040337704421276,0.0,1.515872373861604,0.0,1.0,1.515872373861604,0.0,1.0
shell,25,35,shell,2.0,alternating,8,3,112,12.0,42.0,0,mle,1.5420517233623177,1.5424759282403169,sm,0.5778213940404129,0.5834494887038572,pl,20,ok,0.012814991511559301,0.10905994953308257,0.0,1.5420517233623177,0.0,1.0,1.5424759282403169,0.00042420487799921247,0.0
shell,25,36,shell,2.0,alternating,8,3,112,12.0,42.0,0,mle,1.5863129124615143,1.5329305513829512,pl,0.5996683341679385,0.5879762741165216,pl,20,ok,0.03910193835143097,0.11486233663839275,0.0,1.5329305513829512,0.0,1.0,1.5329305513829512,0.0,1.0
shell,25,37,shell,2.0,alternating,8,3,112,12.0,42.0,0,mle,1.6018803678445885,1.5090931410346744,pl,0.6087899591265832,0.581160085698502,pl,20,ok,0.017226588487417933,0.1108963271450559,0.0,1.5090931410346744,0.0,1.0,1.5090931410346744,0.0,1.0
shell,25,38,shell,2.0,alternating,8,3,112,12.0,42.0,0,mle,1.535777586099218,1.5111548798207055,pl,0.5833985340595337,0.5723831920503164,pl,20,ok,0.0038197134961616306,0.10770411352989491,0.0,1.5111548798207055,0.0,1.0,1.5111548798207055,0.0,1.0
shell,25,39,shell,2.0,alternating,8,3,112,12.0,42.0,0,mle,1.5481255684120783,1.505488748826144,pl,0.5920065850560077,0.5858468195479084,pl,20,ok,0.04583515023136601,0.10304470818968996,0.0,1.505488748826144,0.0,1.0,1.505488748826144,0.0,1.0
shell,26,0,shell,2.0,alternating,8,3,448,48.0,168.0,0,mle,1.5496515533227344,1.5004843565956993,pl,0.5851927045041436,0.5717468146132904,pl,20,ok,0.03837475512626121,0.10469299178080606,0.0,1.5004843565956993,0.0,1.0,1.5004843565956993,0.0,1.0
shell,26,1,shell,2.0,alternating,8,3,448,48.0,168.0,0,mle,1.5359765669700605,1.4992949976834313,pl,0.5734227669683095,0.5668980606736529,pl,20,ok,0.006245447641271122,0.10509050903009663,0.0,1.4992949976834313,0.0,1.0,1.4992949976834313,0.0,1.0
shell,26,2,shell,2.0,alternating,8,3,448,48.0,168.0,0,mle,1.5428225713783468,1.5084947733308216,pl,0.5849633272982067,0.5838025343608961,pl,20,ok,0.028181289630560727,0.10954160831878074,0.0,1.5084947733308216,0.0,1.0,1.5084947733308216,0.0,1.0
shell,26,3,shell,2.0,alternating,8,3,448,48.0,168.0,0,mle,1.5398720879944452,1.495664929278521,pl,0.5871136456803354,0.5782663887837652,pl,20,ok,0.03647317772393702,0.10346540577905394,0.0,1.495664929278521,0.0,1.0,1.495664929278521,0.0,1.0
shell,26,4,shell,2.0,alternating,8,3,448,48.0,168.0,0,mle,1.5357071827009907,1.4984307130034527,pl,0.5888580029612733,0.5821938204979933,pl,20,ok,0.007852768200191726,0.10388038723617475,0.0,1.4984307130034527,0.0,1.0,1.4984307130034527,0.0,1.0
shell,26,5,shell,2.0,alternating,8,3,448,48.0,168.0,0,mle,1.5340338274539822,1.4975204372334523,pl,0.590753329793674,0.5855697011040583,pl,20,ok,0.013843481173279713,0.10428960015259814,0.0,1.4975204372334523,0.0,1.0,1.4975204372334523,0.0,1.0
shell,26,6,shell,2.0,alternating,8,3,448,48.0,168.0,0,mle,1.5360467857641664,1.4992079129496594,pl,0.5723550523234392,0.5607580906249033,pl,20,ok,0.02728764812835057,0.10528704807693971,0.0,1.4992079129496594,0.0,1.0,1.4992079129496594,0.0,1.0
shell,26,7,shell,2.0,alternating,8,3,448,48.0,168.0,0,mle,1.5376361471802946,1.4979933034497726,pl,0.5773244355853281,0.5745657396587505,pl,20,ok,0.03952925926803595,0.1077041135298949,0.0,1.4979933034497726,0.0,1.0,1.4979933034497726,0.0,1.0
shell,26,8,shell,2.0,alternating,8,3,448,48.0,168.0,0,mle,1.5365081593349823,1.5100270084743233,pl,0.5834142024185405,0.5718319128966866,pl,20,ok,-0.0011544752352585144,0.10624727836183828,0.0,1.5100270084743233,0.0,1.0,1.5100270084743233,0.0,1.0
shell,26,9,shell,2.0,alternating,8,3,448,48.0,168.0,0,mle,1.5349280727330004,1.4986100489502174,pl,0.5879372163929779,0.5818549468588633,pl,20,ok,-0.020508662576276086,0.10662076017788719,0.0,1.4986100489502174,0.0,1.0,1.4986100489502174,0.0,1.0
shell,26,10,shell,2.0,alternating,8,3,448,48.0,168.0,0,mle,1.5369977209391221,1.4990522559112562,pl,0.5782096419040342,0.5686315041006992,pl,20,ok,0.02738039011752426,0.09877281272292487,0.0,1.4990522559112562,0.0,1.0,1.4990522559112562,0.0,1.0
shell,26,11,shell,2.0,alternating,8,3,448,48.0,168.0,0,mle,1.535913630867424,1.493064669210785,pl,0.5820910219787976,0.5758688576826987,pl,20,ok,0.04847822250479876,0.10489248803450422,0.0,1.493064669210785,0.0,1.0,1.493064669210785,0.0,1.0
shell,26,12,shell,2.0,alternating,8,3,448,48.0,168.0,0,mle,1.5961527013180143,1.5105746021481061,pl,0.6213367756538978,0.5977882873912724,pl,20,ok,0.024806855704999388,0.09707872487852034,0.0,1.5105746021481061,0.0,1.0,1.5105746021481061,0.0,1.0
shell,26,13,shell,2.0,alternating,8,3,448,48.0,168.0,0,mle,1.5398720879944452,1.4953075091880847,pl,0.5791144987850505,0.5732952596647952,pl,20,ok,0.02690614751445094,0.10346540577905403,0.0,1.4953075091880847,0.0,1.0,1.4953075091880847,0.0,1.0
shell,26,14,shell,2.0,alternating,8,3,448,48.0,168.0,0,mle,1.548886029609781,1.4953104564063917,pl,0.5873506234681609,0.5780158434141252,pl,20,ok,0.03255887253314637,0.1019682970563029,0.0,1.4953104564063917,0.0,1.0,1.4953104564063917,0.0,1.0
shell,26,15,shell,2.0,alternating,8,3,448,48.0,168.0,0,mle,1.5362091892872036,1.4949079084522947,pl,0.593085810036293,0.5822386203819568,pl,20,ok,0.003617811155734824,0.1056756534518068,0.0,1.4949079084522947,0.0,1.0,1.4949079084522947,0.0,1.0
shell,26,16,shell,2.0,alternating,8,3,448,48.0,168.0,0,mle,1.5379155245917966,1.5051597564517134,pl,0.580205552381386,0.5782908436872316,pl,20,ok,0.031660466202231896,0.0973245474534019,0.0,1.5051597564517134,0.0,1.0,1.5051597564517134,0.0,1.0
shell,26,17,shell,2.0,alternating,8,3,448,48.0,168.0,0,mle,1.5763478784991969,1.504828632899785,pl,0.6062263512289807,0.5845161621484943,pl,20,ok,0.007642190769111045,0.10698809686617945,0.0,1.504828632899785,0.0,1.0,1.504828632899785,0.0,1.0
shell,26,18,shell,2.0,alternating,8,3,448,48.0,168.0,0,mle,1.5374684663118057,1.4973374166585538,pl,0.5891671301405822,0.5860451196043601,pl,20,ok,0.020162750946124235,0.10752745884667597,0.0,1.4973374166585538,0.0,1.0,1.4973374166585538,0.0,1.0
shell,26,19,shell,2.0,alternating,8,3,448,48.0,168.0,0,mle,1.533991260886277,1.499319444226964,pl,0.5682509963571296,0.5605995777648485,pl,20,ok,0.004523444457243857,0.10283223213134894,0.0,1.499319444226964,0.0,1.0,1.499319444226964,0.0,1.0
shell,26,20,shell,2.0,alternating,8,3,448,48.0,168.0,0,mle,1.5458912129326459,1.493489276131728,pl,0.5957438225181217,0.5812802098921487,pl,20,ok,0.03220472531354942,0.10567565345180667,0.0,1.493489276131728,0.0,1.0,1.493489276131728,0.0,1.0
shell,26,21,shell,2.0,alternating,8,3,448,48.0,168.0,0,mle,1.5356745863695727,1.5117214119791877,sm,0.5857898380260077,0.5893084731117582,pl,20,ok,0.00301549324592719,0.10346540577905394,0.0,1.5356745863695727,0.023953174390384913,0.0,1.5117214119791877,0.0,1.0
shell,26,22,shell,2.0,alternating,8,3,448,48.0,168.0,0,mle,1.5341099716531543,1.4963095370773962,pl,0.564090503235152,0.5512663847158269,pl,20,ok,0.00841420827915607,0.10469299178080609,0.0,1.4963095370773962,0.0,1.0,1.4963095370773962,0.0,1.0
shell,26,23,shell,2.0,alternating,8,3,448,48.0,168.0,0,mle,1.5456543272721925,1.500791471279683,pl,0.5860354798749237,0.570912856366441,pl,20,ok,0.030918108806938165,0.10528704807693978,0.0,1.500791471279683,0.0,1.0,1.500791471279683,0.0,1.0
shell,26,24,shell,2.0,alternating,8,3,448,48.0,168.0,0,mle,1.540940213355113,1.500759407244027,pl,0.5825589002210141,0.56696128040465,pl,20,ok,0.023273097064209106,0.10624727836183814,0.0,1.500759407244027,0.0,1.0,1.500759407244027,0.0,1.0
shell,26,25,shell,2.0,alternating,8,3,448,48.0,168.0,0,mle,1.545970734027243,1.4938238129146804,pl,0.5720700080016623,0.5577520089318208,pl,20,ok,0.02278233067659049,0.10698809686617958,0.0,1.4938238129146804,0.0,1.0,1.4938238129146804,0.0,1.0
shell,26,26,shell,2.0,alternating,8,3,448,48.0,168.0,0,mle,1.5340338274539822,1.4977386586270693,pl,0.583033964448539,0.5702748255957689,pl,20,ok,-0.001116355519017384,0.10428960015259825,0.0,1.4977386586270693,0.0,1.0,1.4977386586270693,0.0,1.0
shell,26,27,shell,2.0,alternating,8,3,448,48.0,168.0,0,mle,1.5383488382610615,1.4991340376178224,pl,0.5746923025676228,0.5618461883582443,pl,20,ok,0.01829123466686622,0.10449202693780614,0.0,1.4991340376178224,0.0,1.0,1.4991340376178224,0.0,1.0
shell,26,28,shell,2.0,alternating,8,3,448,48.0,168.0,0,mle,1.5383844383005714,1.4947467102027798,sm,0.5787794319174459,0.5836408643617765,sm,20,ok,0.08585964116227578,0.10839488193253517,0.0,1.5383844383005714,0.04363772809779154,0.0,1.5383844383005714,0.04363772809779154,0.0
shell,26,29,shell,2.0,alternating,8,3,448,48.0,168.0,0,mle,1.540854804918269,1.494118039540287,pl,0.5835294125398179,0.5797670255673345,sm,20,ok,0.060131101325796604,0.09877281272292487,0.0,1.494118039540287,0.0,1.0,1.540854804918269,0.04673676537798199,0.0
shell,26,30,shell,2.0,alternating,8,3,448,48.0,168.0,0,mle,1.546464113052775,1.5018961074561203,pl,0.5784420354285716,0.5679039317207174,pl,20,ok,0.04859568834080522,0.10196829705630293,0.0,1.5018961074561203,0.0,1.0,1.5018961074561203,0.0,1.0
shell,26,31,shell,2.0,alternating,8,3,448,48.0,168.0,0,mle,1.5403073036877393,1.4996671828644081,pl,0.5704878389384871,0.5616485629923869,pl,20,ok,0.046611913306246304,0.10509050903009663,0.0,1.4996671828644081,0.0,1.0,1.4996671828644081,0.0,1.0
shell,26,32,shell,2.0,alternating,8,3,448,48.0,168.0,0,mle,1.5452391330118578,1.5019406428530755,pl,0.5921691014524096,0.586162782400486,pl,20,ok,0.011445716772486177,0.1107525968902076,0.0,1.5019406428530755,0.0,1.0,1.5019406428530755,0.0,1.0
shell,26,33,shell,2.0,alternating,8,3,448,48.0,168.0,0,mle,1.5593100147515448,1.4948151070165259,pl,0.5848969718274548,0.5664903657893064,pl,20,ok,-0.010492387513080561,0.1046929917808062,0.0,1.4948151070165259,0.0,1.0,1.4948151070165259,0.0,1.0
shell,26,34,shell,2.0,alternating,8,3,448,48.0,168.0,0,mle,1.5413531196045698,1.5049952902891017,pl,0.5751043777102823,0.5699453515965087,pl,20,ok,0.040944709381845135,0.10856357609685267,0.0,1.5049952902891017,0.0,1.0,1.5049952902891017,0.0,1.0
shell,26,35,shell,2.0,alternating,8,3,448,48.0,168.0,0,mle,1.551189113829566,1.49398172869175,pl,0.5833389669861997,0.5648017030375652,sm,20,ok,0.0773327051656685,0.10428960015259829,0.0,1.49398172869175,0.0,1.0,1.551189113829566,0.05720738513781587,0.0
shell,26,36,shell,2.0,alternating,8,3,448,48.0,168.0,0,mle,1.5481385359321695,1.4958313855241678,pl,0.5685000135135038,0.5585666557901066,pl,20,ok,0.04460848387301689,0.1001744083678495,0.0,1.4958313855241678,0.0,1.0,1.4958313855241678,0.0,1.0
shell,26,37,shell,2.0,alternating,8,3,448,48.0,168.0,0,mle,1.547623158547717,1.5033546867939016,pl,0.5738002891436533,0.5700334485023937,sm,20,ok,0.07376967065124056,0.10680520010674428,0.0,1.5033546867939016,0.0,1.0,1.547623158547717,0.04426847175381532,0.0
shell,26,38,shell,2.0,alternating,8,3,448,48.0,168.0,0,mle,1.5490325666899551,1.5009094142086579,sm,0.5875990380407141,0.5895001263688792,sm,20,ok,0.057751545456718775,0.10805268190248131,0.0,1.5490325666899551,0.04812315248129728,0.0,1.5490325666899551,0.04812315248129728,0.0
shell,26,39,shell,2.0,alternating,8,3,448,48.0,168.0,0,mle,1.5457416291476767,1.4947279548360772,pl,0.5772780624412615,0.5693011415422036,pl,20,ok,0.04309142188266118,0.10040337704421257,0.0,1.4947279548360772,0.0,1.0,1.4947279548360772,0.0,1.0
shell,27,0,shell,4.0,alternating,8,3,28,3.0,10.5,0,mle,1.624303049281036,1.5065263273237004,pl,0.6175486170540325,0.5843041488734982,pl,20,ok,0.0059936686408101235,0.11198348902273737,0.0,1.5065263273237004,0.0,1.0,1.5065263273237004,0.0,1.0
shell,27,1,shell,4.0,alternating,8,3,28,3.0,10.5,0,mle,1.570491860705542,1.5784217983419206,sm,0.5945112742354227,0.613148676973467,pl,20,ok,0.001955953341343565,0.11198348902273732,0.0,1.570491860705542,0.0,1.0,1.5784217983419206,0.007929937636378614,0.0
shell,27,2,shell,4.0,alternating,8,3,28,3.0,10.5,0,mle,1.6703560939085134,1.7262412634769848,sm,0.6447321620762048,0.6821115907710588,pl,20,ok,-0.025978816641382466,0.116214369767364,0.0,1.6703560939085134,0.0,1.0,1.7262412634769848,0.05588516956847145,0.0
shell,27,3,shell,4.0,alternating,8,3,28,3.0,10.5,0,mle,1.7946508132733219,1.5636179760773357,pl,0.6928032597927533,0.5912749259373324,pl,20,ok,-0.016667834346621273,0.10040337704421266,0.0,1.5636179760773357,0.0,1.0,1.5636179760773357,0.0,1.0
shell,27,4,shell,4.0,alternating,8,3,28,3.0,10.5,0,mle,1.5864454326035387,1.5146404812616434,pl,0.5948478364437786,0.5647918166790848,pl,20,ok,0.007403182821574279,0.09658332386123052,0.0,1.5146404812616434,0.0,1.0,1.5146404812616434,0.0,1.0
shell,27,5,shell,4.0,alternating,8,3,28,3.0,10.5,0,mle,1.6308292968273062,1.5164975210773668,pl,0.6040782562328454,0.5762480712749246,pl,20,ok,0.050408609606273365,0.11596246315052867,0.0,1.5164975210773668,0.0,1.0,1.5164975210773668,0.0,1.0
shell,27,6,shell,4.0,alternating,8,3,28,3.0,10.5,0,mle,1.6476806467753229,1.4877053056859482,pl,0.6200917006537932,0.5720438782764886,sm,20,ok,0.06166663178347342,0.10969885752076607,0.0,1.4877053056859482,0.0,1.0,1.6476806467753229,0.15997534108937472,0.0
shell,27,7,shell,4.0,alternating,8,3,28,3.0,10.5,0,mle,1.7328677622679487,1.549977089542443,pl,0.6532846849479379,0.5953794251956445,pl,20,ok,0.01992446991754954,0.11487283515807808,0.0,1.549977089542443,0.0,1.0,1.549977089542443,0.0,1.0
shell,27,8,shell,4.0,alternating,8,3,28,3.0,10.5,0,mle,1.7962885529715764,1.8311808677032018,sm,0.6952035139412329,0.7247951110765021,pl,20,ok,-0.028059262877433964,0.11487283515807833,0.0,1.7962885529715764,0.0,1.0,1.8311808677032018,0.03489231473162535,0.0
shell,27,9,shell,4.0,alternating,8,3,28,3.0,10.5,0,mle,1.7529153433407578,1.763026058864592,pl,0.6783308898675146,0.6748519135704726,pl,20,ok,-0.015350379202352967,0.09244522289529902,0.0,1.763026058864592,0.010110715523834246,0.0,1.763026058864592,0.010110715523834246,0.0
shell,27,10,shell,4.0,alternating,8,3,28,3.0,10.5,0,mle,1.7263803231574246,1.877623011511266,sm,0.6919707529561346,0.7959213158852294,pl,20,ok,0.0026594408206607576,0.11077364074591209,0.0,1.7263803231574246,0.0,1.0,1.877623011511266,0.15124268835384136,0.0
shell,27,11,shell,4.0,alternating,8,3,28,3.0,10.5,0,mle,1.8948805123959382,1.6111375276548667,pl,0.7534176112927414,0.6331591247241467,pl,20,ok,-0.019984123684798617,0.1096988575207659,0.0,1.6111375276548667,0.0,1.0,1.6111375276548667,0.0,1.0
shell,27,12,shell,4.0,alternating,8,3,28,3.0,10.5,0,mle,1.6595653843506866,1.5979139869395413,pl,0.638229108580751,0.6323391143198667,pl,20,ok,0.051156837400928565,0.10698809686617947,0.0,1.5979139869395413,0.0,1.0,1.5979139869395413,0.0,1.0
shell,27,13,shell,4.0,alternating,8,3,28,3.0,10.5,0,mle,1.687990549829547,1.4918398235209644,pl,0.6444536680224767,0.5917136908782352,pl,20,ok,0.02730220089863472,0.11621436976736407,0.0,1.4918398235209644,0.0,1.0,1.4918398235209644,0.0,1.0
shell,27,14,shell,4.0,alternating,8,3,28,3.0,10.5,0,mle,1.7400148680163996,1.6207736533178008,pl,0.6648230282398231,0.6376451225302379,pl,20,ok,0.013253888401307777,0.1162143697673642,0.0,1.6207736533178008,0.0,1.0,1.6207736533178008,0.0,1.0
shell,27,15,shell,4.0,alternating,8,3,28,3.0,10.5,0,mle,1.7693747016707482,1.6798359787620742,pl,0.6550167803557324,0.6429102599580554,pl,20,ok,0.05296670995220432,0.11514903941276233,0.0,1.6798359787620742,0.0,1.0,1.6798359787620742,0.0,1.0
shell,27,16,shell,4.0,alternating,8,3,28,3.0,10.5,0,mle,1.9176097848613085,1.637629207420893,pl,0.7345690881964927,0.634273397549186,pl,20,ok,0.04737641979879445,0.09658332386123052,0.0,1.637629207420893,0.0,1.0,1.637629207420893,0.0,1.0
shell,27,17,shell,4.0,alternating,8,3,28,3.0,10.5,0,mle,1.6397642456636727,1.5317123393677687,pl,0.6450313975967482,0.6267418954901917,pl,20,ok,0.05080927704597736,0.11381112446842763,0.0,1.5317123393677687,0.0,1.0,1.5317123393677687,0.0,1.0
shell,27,18,shell,4.0,alternating,8,3,28,3.0,10.5,0,mle,1.7459044311591163,1.5577241572503284,pl,0.6672967884933325,0.6096693205445857,pl,20,ok,0.051747966753809396,0.11381112446842778,0.0,1.5577241572503284,0.0,1.0,1.5577241572503284,0.0,1.0
shell,27,19,shell,4.0,alternating,8,3,28,3.0,10.5,0,mle,1.7390633517368792,1.5953189642247232,pl,0.6750780396489426,0.6148495398663435,pl,20,ok,-0.04861334417605974,0.09658332386123043,0.0,1.5953189642247232,0.0,1.0,1.5953189642247232,0.0,1.0
shell,27,20,shell,4.0,alternating,8,3,28,3.0,10.5,0,mle,1.6937509145950391,1.4799035349771121,pl,0.6589910861904525,0.5761891069440794,pl,20,ok,-0.009696052028091134,0.11198348902273735,0.0,1.4799035349771121,0.0,1.0,1.4799035349771121,0.0,1.0
shell,27,21,shell,4.0,alternating,8,3,28,3.0,10.5,0,mle,1.8131621593654268,1.9658538029044288,sm,0.7168134082993358,0.7723557048124565,pl,20,ok,0.009530701184737174,0.1148728351580782,0.0,1.8131621593654268,0.0,1.0,1.9658538029044288,0.152691643539002,0.0
shell,27,22,shell,4.0,alternating,8,3,28,3.0,10.5,0,mle,1.772048761497084,1.9015130352523582,sm,0.6657933152107767,0.7235755396399989,pl,20,ok,-0.024010400684945424,0.10351206420639852,0.0,1.772048761497084,0.0,1.0,1.9015130352523582,0.12946427375527425,0.0
shell,27,23,shell,4.0,alternating,8,3,28,3.0,10.5,0,mle,1.7180913386259569,1.59289783192209,pl,0.6462356316914082,0.621727719527426,pl,20,ok,0.014606615947766084,0.11621436976736406,0.0,1.59289783192209,0.0,1.0,1.59289783192209,0.0,1.0
shell,27,24,shell,4.0,alternating,8,3,28,3.0,10.5,0,mle,1.5461115302701882,1.469994215316234,pl,0.5779100421107841,0.56353052620575,pl,20,ok,0.019943027299093745,0.11381112446842782,0.0,1.469994215316234,0.0,1.0,1.469994215316234,0.0,1.0
shell,27,25,shell,4.0,alternating,8,3,28,3.0,10.5,0,mle,1.758152120723016,1.6078980395201619,pl,0.696806386634558,0.6576152473416441,pl,20,ok,0.019529944863087515,0.1158652463209931,0.0,1.6078980395201619,0.0,1.0,1.6078980395201619,0.0,1.0
shell,27,26,shell,4.0,alternating,8,3,28,3.0,10.5,0,mle,1.6324520520382155,1.6516967703146874,sm,0.6065565432454469,0.6613324362575677,pl,20,ok,0.0005552235521757445,0.11487283515807829,0.0,1.6324520520382155,0.0,1.0,1.6516967703146874,0.019244718276471895,0.0
shell,27,27,shell,4.0,alternating,8,3,28,3.0,10.5,0,mle,1.6011449305190344,1.5494043274269962,sm,0.6250715612816536,0.6381569479166601,pl,20,ok,-0.008772301143644865,0.10388038723617497,0.0,1.6011449305190344,0.051740603092038207,0.0,1.5494043274269962,0.0,1.0
shell,27,28,shell,4.0,alternating,8,3,28,3.0,10.5,0,mle,1.6790158794596957,1.574039878007358,pl,0.6462899861802183,0.6251819899689915,pl,20,ok,0.04866453660179386,0.11596246315052879,0.0,1.574039878007358,0.0,1.0,1.574039878007358,0.0,1.0
shell,27,29,shell,4.0,alternating,8,3,28,3.0,10.5,0,mle,1.5400479731085657,,abstain,0.5749999005691955,,abstain,0,fit_unavailable,,,,,,,,,
shell,27,30,shell,4.0,alternating,8,3,28,3.0,10.5,0,mle,1.762505771656514,1.5239620723383407,pl,0.6675270281588926,0.5797363941837818,pl,20,ok,-0.05405046220317035,0.11621436976736418,0.0,1.5239620723383407,0.0,1.0,1.5239620723383407,0.0,1.0
shell,27,31,shell,4.0,alternating,8,3,28,3.0,10.5,0,mle,1.7518172386657715,1.580947447155309,pl,0.6738209838241059,0.6010386465317779,pl,20,ok,-0.05473990798794901,0.11514903941276226,0.0,1.580947447155309,0.0,1.0,1.580947447155309,0.0,1.0
shell,27,32,shell,4.0,alternating,8,3,28,3.0,10.5,0,mle,1.6514520252161906,1.6404269618148213,sm,0.6088388452783414,0.6391255636365095,sm,20,ok,0.06399427922635571,0.11319184697072251,0.0,1.6514520252161906,0.011025063401369328,0.0,1.6514520252161906,0.011025063401369328,0.0
shell,27,33,shell,4.0,alternating,8,3,28,3.0,10.5,0,mle,1.6772372754308515,1.517518074402762,pl,0.6551882954648306,0.6027708911549624,pl,20,ok,-0.007205176363756693,0.1138111244684279,0.0,1.517518074402762,0.0,1.0,1.517518074402762,0.0,1.0
shell,27,34,shell,4.0,alternating,8,3,28,3.0,10.5,0,mle,1.9331637456102535,1.7273133544891568,pl,0.7521923444594376,0.6791780248582244,pl,20,ok,-0.004038435350834969,0.1148728351580782,0.0,1.7273133544891568,0.0,1.0,1.7273133544891568,0.0,1.0
shell,27,35,shell,4.0,alternating,8,3,28,3.0,10.5,0,mle,1.7638808878496908,1.6572460420479618,pl,0.6785264317674293,0.6593887350175428,pl,20,ok,0.025667447504950897,0.10351206420639847,0.0,1.6572460420479618,0.0,1.0,1.6572460420479618,0.0,1.0
shell,27,36,shell,4.0,alternating,8,3,28,3.0,10.5,0,mle,1.8444080064523005,1.68150419138308,pl,0.7136004644239503,0.653729109078522,pl,20,ok,-0.015730001599202653,0.1138111244684279,0.0,1.68150419138308,0.0,1.0,1.68150419138308,0.0,1.0
shell,27,37,shell,4.0,alternating,8,3,28,3.0,10.5,0,mle,1.5591151007145712,1.5076091420911597,pl,0.6028833461517854,0.6025429517702289,sm,20,ok,0.07105040237097163,0.10698809686617958,0.0,1.5076091420911597,0.0,1.0,1.5591151007145712,0.05150595862341145,0.0
shell,27,38,shell,4.0,alternating,8,3,28,3.0,10.5,0,mle,1.6670503706567188,1.634311060523808,sm,0.6315159656723228,0.6450940301247605,pl,20,ok,0.04852940952081803,0.1138111244684278,0.0,1.6670503706567188,0.03273931013291076,0.0,1.634311060523808,0.0,1.0
shell,27,39,shell,4.0,alternating,8,3,28,3.0,10.5,0,mle,2.127868323794459,2.072650598116995,pl,0.88017252117765,0.858397032293309,pl,20,ok,0.014259118896056274,0.11514903941276235,0.0,2.072650598116995,0.0,1.0,2.072650598116995,0.0,1.0
shell,28,0,shell,4.0,alternating,8,3,112,12.0,42.0,0,mle,1.5918943751176853,1.4775299381909337,pl,0.6177839490525341,0.5710460139067052,pl,20,ok,-0.04727288725004864,0.10469299178080595,0.0,1.4775299381909337,0.0,1.0,1.4775299381909337,0.0,1.0
shell,28,1,shell,4.0,alternating,8,3,112,12.0,42.0,0,mle,1.582616712472749,1.4825532770016308,pl,0.6143135020979096,0.5924852280687295,pl,20,ok,0.05142772695906724,0.11419283623038419,0.0,1.4825532770016308,0.0,1.0,1.4825532770016308,0.0,1.0
shell,28,2,shell,4.0,alternating,8,3,112,12.0,42.0,0,mle,1.603325204239459,1.503560889550203,pl,0.6096176846626213,0.5665253713268993,pl,20,ok,-0.028776739096000967,0.11031114066224541,0.0,1.503560889550203,0.0,1.0,1.503560889550203,0.0,1.0
shell,28,3,shell,4.0,alternating,8,3,112,12.0,42.0,0,mle,1.5284156177798291,1.4737719498179525,pl,0.5735104692132548,0.5655874242657426,pl,20,ok,0.050918818904034956,0.11089632714505596,0.0,1.4737719498179525,0.0,1.0,1.4737719498179525,0.0,1.0
shell,28,4,shell,4.0,alternating,8,3,112,12.0,42.0,0,mle,1.58695197754123,1.4607343552376193,pl,0.6035180923005882,0.5591921772759276,pl,20,ok,-0.010171601345322776,0.10624727836183827,0.0,1.4607343552376193,0.0,1.0,1.4607343552376193,0.0,1.0
shell,28,5,shell,4.0,alternating,8,3,112,12.0,42.0,0,mle,1.5236879098156795,1.47189897871367,pl,0.5740673198062753,0.5708544416184078,sm,20,ok,0.08426850392262136,0.10469299178080603,0.0,1.47189897871367,0.0,1.0,1.5236879098156795,0.05178893110200944,0.0
shell,28,6,shell,4.0,alternating,8,3,112,12.0,42.0,0,mle,1.605331566836873,1.5080822881683646,pl,0.6041609309563147,0.5779051843603893,pl,20,ok,0.03766879400935188,0.11248448643334498,0.0,1.5080822881683646,0.0,1.0,1.5080822881683646,0.0,1.0
shell,28,7,shell,4.0,alternating,8,3,112,12.0,42.0,0,mle,1.5446763039705045,1.4788930648926346,pl,0.5550685780419947,0.5385372883324412,pl,20,ok,0.0158487161909134,0.11198348902273746,0.0,1.4788930648926346,0.0,1.0,1.4788930648926346,0.0,1.0
shell,28,8,shell,4.0,alternating,8,3,112,12.0,42.0,0,mle,1.5284477623550727,1.4789780491323965,sm,0.5697311783571111,0.5700831316345234,sm,20,ok,0.08928623747244281,0.11031114066224539,0.0,1.5284477623550727,0.04946971322267624,0.0,1.5284477623550727,0.04946971322267624,0.0
shell,28,9,shell,4.0,alternating,8,3,112,12.0,42.0,0,mle,1.5626781216127021,1.4672729375355393,pl,0.6001471471068375,0.5723084885474825,pl,20,ok,0.023221148349747017,0.10304470818968992,0.0,1.4672729375355393,0.0,1.0,1.4672729375355393,0.0,1.0
shell,28,10,shell,4.0,alternating,8,3,112,12.0,42.0,0,mle,1.5442895655122453,1.5131222953697234,sm,0.5842325141236893,0.596163997758772,pl,20,ok,0.029597027981894505,0.1148623366383927,0.0,1.5442895655122453,0.031167270142521852,0.0,1.5131222953697234,0.0,1.0
shell,28,11,shell,4.0,alternating,8,3,112,12.0,42.0,0,mle,1.5307961023625056,1.465989229217909,pl,0.5672825918455456,0.5538142376595647,pl,20,ok,0.015691124115777267,0.10969885752076597,0.0,1.465989229217909,0.0,1.0,1.465989229217909,0.0,1.0
shell,28,12,shell,4.0,alternating,8,3,112,12.0,42.0,0,mle,1.5259237907959748,1.4753494430552234,pl,0.5585367381732195,0.5581561324146288,sm,20,ok,0.11032340513434798,0.10905994953308268,0.0,1.4753494430552234,0.0,1.0,1.5259237907959748,0.050574347740751424,0.0
shell,28,13,shell,4.0,alternating,8,3,112,12.0,42.0,0,mle,1.7300270558499369,1.5544014447623875,pl,0.6783562430550043,0.6085875364217981,pl,20,ok,0.02710177792041704,0.11381112446842766,0.0,1.5544014447623875,0.0,1.0,1.5544014447623875,0.0,1.0
shell,28,14,shell,4.0,alternating,8,3,112,12.0,42.0,0,mle,1.5777563642282666,1.473322496228606,pl,0.6003713834606371,0.5739541729614452,pl,20,ok,0.022303142524521515,0.10905994953308258,0.0,1.473322496228606,0.0,1.0,1.473322496228606,0.0,1.0
shell,28,15,shell,4.0,alternating,8,3,112,12.0,42.0,0,mle,1.5260194573759462,1.5061725007667133,pl,0.5785267994059733,0.578515640996076,pl,20,ok,0.024204306422808047,0.09853464046649041,0.0,1.5061725007667133,0.0,1.0,1.5061725007667133,0.0,1.0
shell,28,16,shell,4.0,alternating,8,3,112,12.0,42.0,0,mle,1.534898932620049,1.4666985922844773,pl,0.5552817681345202,0.5410311921298239,sm,20,ok,0.057013371645124815,0.11339881515370806,0.0,1.4666985922844773,0.0,1.0,1.534898932620049,0.06820034033557176,0.0
shell,28,17,shell,4.0,alternating,8,3,112,12.0,42.0,0,mle,1.5229404981914128,1.4784191074827633,pl,0.5823018839482754,0.5637359997695274,pl,20,ok,0.012737431894234005,0.10304470818968994,0.0,1.4784191074827633,0.0,1.0,1.4784191074827633,0.0,1.0
shell,28,18,shell,4.0,alternating,8,3,112,12.0,42.0,0,mle,1.5246961807219124,1.490975206254069,sm,0.5808729634161452,0.5896796501349006,sm,20,ok,0.1139405314295666,0.10770411352989494,0.0,1.5246961807219124,0.03372097446784328,0.0,1.5246961807219124,0.03372097446784328,0.0
shell,28,19,shell,4.0,alternating,8,3,112,12.0,42.0,0,mle,1.579788961311957,1.5287535136347812,pl,0.5940568405714058,0.5825808191783801,pl,20,ok,0.01781154455476327,0.11248448643334504,0.0,1.5287535136347812,0.0,1.0,1.5287535136347812,0.0,1.0
shell,28,20,shell,4.0,alternating,8,3,112,12.0,42.0,0,mle,1.536497651189554,1.4756234812005213,pl,0.5784877944704305,0.5584976191182265,pl,20,ok,-0.03636467038246858,0.10839488193253509,0.0,1.4756234812005213,0.0,1.0,1.4756234812005213,0.0,1.0
shell,28,21,shell,4.0,alternating,8,3,112,12.0,42.0,0,mle,1.5309965904129876,1.4821773543274142,pl,0.5654896483314535,0.5568981128907035,pl,20,ok,0.045194067452009094,0.11031114066224536,0.0,1.4821773543274142,0.0,1.0,1.4821773543274142,0.0,1.0
shell,28,22,shell,4.0,alternating,8,3,112,12.0,42.0,0,mle,1.6128801263824537,1.4962247813274652,pl,0.602867927763742,0.5782991503280027,pl,20,ok,0.03855492243824147,0.11295643087554827,0.0,1.4962247813274652,0.0,1.0,1.4962247813274652,0.0,1.0
shell,28,23,shell,4.0,alternating,8,3,112,12.0,42.0,0,mle,1.5276792028317812,1.4906038298166078,pl,0.5834578128317196,0.5730986043634774,pl,20,ok,0.02803000857280631,0.10304470818968985,0.0,1.4906038298166078,0.0,1.0,1.4906038298166078,0.0,1.0
shell,28,24,shell,4.0,alternating,8,3,112,12.0,42.0,0,mle,1.571815298679347,1.477488533618098,pl,0.5952638581196803,0.5619141755891062,pl,20,ok,0.041275075513324815,0.10969885752076587,0.0,1.477488533618098,0.0,1.0,1.477488533618098,0.0,1.0
shell,28,25,shell,4.0,alternating,8,3,112,12.0,42.0,0,mle,1.6429974722023863,1.491625883899196,pl,0.6268340516219976,0.5850880851155514,pl,20,ok,0.040793755472810826,0.10040337704421265,0.0,1.491625883899196,0.0,1.0,1.491625883899196,0.0,1.0
shell,28,26,shell,4.0,alternating,8,3,112,12.0,42.0,0,mle,1.5315052055451492,1.4650300105515355,pl,0.5768389294935109,0.5628852001360753,pl,20,ok,0.011340646878344265,0.1083948819325352,0.0,1.4650300105515355,0.0,1.0,1.4650300105515355,0.0,1.0
shell,28,27,shell,4.0,alternating,8,3,112,12.0,42.0,0,mle,1.5921785712291316,1.4680402301246969,pl,0.5985116612703754,0.5553432091463322,pl,20,ok,0.025516292194283988,0.10548209846241709,0.0,1.4680402301246969,0.0,1.0,1.4680402301246969,0.0,1.0
shell,28,28,shell,4.0,alternating,8,3,112,12.0,42.0,0,mle,1.5413673724387575,1.523350921861373,sm,0.5730917809754028,0.5823268084337515,pl,20,ok,0.021905331733482226,0.11295643087554832,0.0,1.5413673724387575,0.018016450577384546,0.0,1.523350921861373,0.0,1.0
shell,28,29,shell,4.0,alternating,8,3,112,12.0,42.0,0,mle,1.5355623968472103,1.4978326979231396,pl,0.5788720645781003,0.5767168929301116,pl,20,ok,0.010124711026246715,0.11198348902273732,0.0,1.4978326979231396,0.0,1.0,1.4978326979231396,0.0,1.0
shell,28,30,shell,4.0,alternating,8,3,112,12.0,42.0,0,mle,1.6028367725671648,1.4856291339167562,pl,0.6039192063447383,0.5702799238351035,pl,20,ok,-0.0007053536564737508,0.11581026248723722,0.0,1.4856291339167562,0.0,1.0,1.4856291339167562,0.0,1.0
shell,28,31,shell,4.0,alternating,8,3,112,12.0,42.0,0,mle,1.5816693171490854,1.4941167654469454,pl,0.5987231011775415,0.568686693768053,pl,20,ok,0.011616276907455984,0.11248448643334505,0.0,1.4941167654469454,0.0,1.0,1.4941167654469454,0.0,1.0
shell,28,32,shell,4.0,alternating,8,3,112,12.0,42.0,0,mle,1.5313481397710433,1.466060053826234,pl,0.5622030887349073,0.5486361214981997,sm,20,ok,0.05687449319999432,0.10698809686617948,0.0,1.466060053826234,0.0,1.0,1.5313481397710433,0.06528808594480928,0.0
shell,28,33,shell,4.0,alternating,8,3,112,12.0,42.0,0,mle,1.5732017322361969,1.4928531025560876,pl,0.5724427396452133,0.5569004024123517,pl,20,ok,0.0032717819075596013,0.11031114066224545,0.0,1.4928531025560876,0.0,1.0,1.4928531025560876,0.0,1.0
shell,28,34,shell,4.0,alternating,8,3,112,12.0,42.0,0,mle,1.564850734978608,1.494598864321321,pl,0.6008206463855676,0.5855570321606715,pl,20,ok,0.04546686210405494,0.10624727836183831,0.0,1.494598864321321,0.0,1.0,1.494598864321321,0.0,1.0
shell,28,35,shell,4.0,alternating,8,3,112,12.0,42.0,0,mle,1.6582152026206405,1.5290636990459106,pl,0.644711978919043,0.5978911420249632,pl,20,ok,0.030990236806044045,0.09853464046649035,0.0,1.5290636990459106,0.0,1.0,1.5290636990459106,0.0,1.0
shell,28,36,shell,4.0,alternating,8,3,112,12.0,42.0,0,mle,1.52539302716498,1.5049836119958873,sm,0.558376596344437,0.5650752445647854,sm,20,ok,0.0807614690970255,0.09853464046649055,0.0,1.52539302716498,0.02040941516909278,0.0,1.52539302716498,0.02040941516909278,0.0
shell,28,37,shell,4.0,alternating,8,3,112,12.0,42.0,0,mle,1.5344756459564164,1.4679051612019527,pl,0.5767546919041606,0.5649981631047497,sm,20,ok,0.06593827238312099,0.11145393841719582,0.0,1.4679051612019527,0.0,1.0,1.5344756459564164,0.0665704847544637,0.0
shell,28,38,shell,4.0,alternating,8,3,112,12.0,42.0,0,mle,1.6021278287163587,1.4771535688577813,pl,0.6074676597176428,0.5664847924174388,pl,20,ok,0.004277402920361216,0.09350824228127837,0.0,1.4771535688577813,0.0,1.0,1.4771535688577813,0.0,1.0
shell,28,39,shell,4.0,alternating,8,3,112,12.0,42.0,0,mle,1.5965978395511136,1.4696815669557468,pl,0.5949083392188986,0.5541160688605556,pl,20,ok,-0.005503675738992723,0.11031114066224534,0.0,1.4696815669557468,0.0,1.0,1.4696815669557468,0.0,1.0
shell,29,0,shell,4.0,alternating,8,3,448,48.0,168.0,0,mle,1.5234305945302173,1.4584691754328816,pl,0.5726073991205908,0.55713755354008,pl,20,ok,0.03777791435725868,0.10489248803450407,0.0,1.4584691754328816,0.0,1.0,1.4584691754328816,0.0,1.0
shell,29,1,shell,4.0,alternating,8,3,448,48.0,168.0,0,mle,1.5256338996296375,1.464816695297569,pl,0.543232696207762,0.5378674850766659,pl,20,ok,0.042909322428917575,0.1090599495330826,0.0,1.464816695297569,0.0,1.0,1.464816695297569,0.0,1.0
shell,29,2,shell,4.0,alternating,8,3,448,48.0,168.0,0,mle,1.5312755477051734,1.4686894108999615,pl,0.5909349161796327,0.5835847928498871,pl,20,ok,0.03675550187380739,0.11000835652950135,0.0,1.4686894108999615,0.0,1.0,1.4686894108999615,0.0,1.0
shell,29,3,shell,4.0,alternating,8,3,448,48.0,168.0,0,mle,1.5243689522677892,1.4626891285874715,pl,0.5865086022616787,0.5752793402962736,pl,20,ok,0.017954220934836295,0.10108222040250833,0.0,1.4626891285874715,0.0,1.0,1.4626891285874715,0.0,1.0
shell,29,4,shell,4.0,alternating,8,3,448,48.0,168.0,0,mle,1.5350868862122113,1.461432419457748,pl,0.588438838324618,0.5613025658373709,pl,20,ok,-0.002076429227755874,0.10643478397285526,0.0,1.461432419457748,0.0,1.0,1.461432419457748,0.0,1.0
shell,29,5,shell,4.0,alternating,8,3,448,48.0,168.0,0,mle,1.5495677268680468,1.4718082687917862,pl,0.5850854772372055,0.5680041878325793,pl,20,ok,0.027184617604831308,0.10174883771190611,0.0,1.4718082687917862,0.0,1.0,1.4718082687917862,0.0,1.0
shell,29,6,shell,4.0,alternating,8,3,448,48.0,168.0,0,mle,1.5320820576641032,1.4742670922251582,pl,0.5868819674759002,0.5829562259046084,pl,20,ok,0.04632101881209484,0.10698809686617952,0.0,1.4742670922251582,0.0,1.0,1.4742670922251582,0.0,1.0
shell,29,7,shell,4.0,alternating,8,3,448,48.0,168.0,0,mle,1.5243848340902637,1.4659218680605108,pl,0.567202077361194,0.5525437143440194,pl,20,ok,0.032235490240006354,0.1044920269378061,0.0,1.4659218680605108,0.0,1.0,1.4659218680605108,0.0,1.0
shell,29,8,shell,4.0,alternating,8,3,448,48.0,168.0,0,mle,1.5283159606272823,1.4646225941203612,pl,0.5647437082396544,0.5495047313387117,sm,20,ok,0.08220623569545234,0.09683164835378508,0.0,1.4646225941203612,0.0,1.0,1.5283159606272823,0.06369336650692103,0.0
shell,29,9,shell,4.0,alternating,8,3,448,48.0,168.0,0,mle,1.5238080963516212,1.4580087394717245,pl,0.5804185644052723,0.5621244361343388,pl,20,ok,0.011832484623605416,0.10240305787777841,0.0,1.4580087394717245,0.0,1.0,1.4580087394717245,0.0,1.0
shell,29,10,shell,4.0,alternating,8,3,448,48.0,168.0,0,mle,1.5277191020500183,1.4701350295307303,pl,0.5598464747923949,0.5416360046081473,pl,20,ok,0.043573257470476676,0.10283223213134876,0.0,1.4701350295307303,0.0,1.0,1.4701350295307303,0.0,1.0
shell,29,11,shell,4.0,alternating,8,3,448,48.0,168.0,0,mle,1.5338851437576804,1.4604489331229114,pl,0.5841841818775252,0.5606849042064118,pl,20,ok,-0.000850956100858862,0.10605825019210666,0.0,1.4604489331229114,0.0,1.0,1.4604489331229114,0.0,1.0
shell,29,12,shell,4.0,alternating,8,3,448,48.0,168.0,0,mle,1.5254542681907264,1.4599963096218822,pl,0.5782634618837956,0.5632777834313524,pl,20,ok,0.03947596932877227,0.10889611706578353,0.0,1.4599963096218822,0.0,1.0,1.4599963096218822,0.0,1.0
shell,29,13,shell,4.0,alternating,8,3,448,48.0,168.0,0,mle,1.55588972131336,1.4751049769200812,pl,0.6060453066916427,0.5893664008510373,pl,20,ok,0.014827197508727151,0.10698809686617955,0.0,1.4751049769200812,0.0,1.0,1.4751049769200812,0.0,1.0
shell,29,14,shell,4.0,alternating,8,3,448,48.0,168.0,0,mle,1.5296571125104852,1.4627170661688038,pl,0.5843637752459726,0.5677731162345446,sm,20,ok,0.058467657824269464,0.10856357609685256,0.0,1.4627170661688038,0.0,1.0,1.5296571125104852,0.06694004634168138,0.0
shell,29,15,shell,4.0,alternating,8,3,448,48.0,168.0,0,mle,1.5253196933536879,1.462873515196316,pl,0.5791538263601724,0.568602539243591,sm,20,ok,0.0598499942304411,0.10752745884667604,0.0,1.462873515196316,0.0,1.0,1.5253196933536879,0.06244617815737197,0.0
shell,29,16,shell,4.0,alternating,8,3,448,48.0,168.0,0,mle,1.5237137566095438,1.4628546178890502,pl,0.5799734529449279,0.5674809671878223,sm,20,ok,0.059452277689434556,0.10108222040250837,0.0,1.4628546178890502,0.0,1.0,1.5237137566095438,0.06085913872049353,0.0
shell,29,17,shell,4.0,alternating,8,3,448,48.0,168.0,0,mle,1.556232471359937,1.4617922275499036,pl,0.5850885802562037,0.5638729597896017,pl,20,ok,0.03570372565161172,0.1001744083678495,0.0,1.4617922275499036,0.0,1.0,1.4617922275499036,0.0,1.0
shell,29,18,shell,4.0,alternating,8,3,448,48.0,168.0,0,mle,1.5231705111278686,1.4619997824822448,pl,0.5782270149872065,0.5672530725361183,pl,20,ok,0.03792639926857156,0.10680520010674431,0.0,1.4619997824822448,0.0,1.0,1.4619997824822448,0.0,1.0
shell,29,19,shell,4.0,alternating,8,3,448,48.0,168.0,0,mle,1.5308598266339886,1.46255858132439,pl,0.592975582369761,0.5876977822606628,sm,20,ok,0.06176231110339168,0.10770411352989501,0.0,1.46255858132439,0.0,1.0,1.5308598266339886,0.06830124530959858,0.0
shell,29,20,shell,4.0,alternating,8,3,448,48.0,168.0,0,mle,1.5301374011663273,1.4603418216431894,pl,0.5839607452763296,0.5674089515207006,pl,20,ok,-0.014489859268163008,0.10922214705593523,0.0,1.4603418216431894,0.0,1.0,1.4603418216431894,0.0,1.0
shell,29,21,shell,4.0,alternating,8,3,448,48.0,168.0,0,mle,1.5283280931543803,1.4623791630607408,pl,0.5620082232494209,0.552165613609347,pl,20,ok,0.0007047758932465118,0.10734923318766679,0.0,1.4623791630607408,0.0,1.0,1.4623791630607408,0.0,1.0
shell,29,22,shell,4.0,alternating,8,3,448,48.0,168.0,0,mle,1.536779213956585,1.4706975405686227,pl,0.5773392953614181,0.5595829838465578,sm,20,ok,0.06356263484198424,0.11103833398294549,0.0,1.4706975405686227,0.0,1.0,1.536779213956585,0.06608167338796234,0.0
shell,29,23,shell,4.0,alternating,8,3,448,48.0,168.0,0,mle,1.530139954453388,1.465122237207074,pl,0.577842170246238,0.5658869601495093,pl,20,ok,0.0033570139525718676,0.10428960015259829,0.0,1.465122237207074,0.0,1.0,1.465122237207074,0.0,1.0
shell,29,24,shell,4.0,alternating,8,3,448,48.0,168.0,0,mle,1.5246790885399364,1.4648114072943692,pl,0.569771916108499,0.550278453247011,pl,20,ok,0.039199157726343414,0.10624727836183827,0.0,1.4648114072943692,0.0,1.0,1.4648114072943692,0.0,1.0
shell,29,25,shell,4.0,alternating,8,3,448,48.0,168.0,0,mle,1.528973139304313,1.4621080671855893,pl,0.5650494854418153,0.5550240308961746,sm,20,ok,0.058533433823209344,0.10889611706578348,0.0,1.4621080671855893,0.0,1.0,1.528973139304313,0.06686507211872361,0.0
shell,29,26,shell,4.0,alternating,8,3,448,48.0,168.0,0,mle,1.5242059151076959,1.459853777478969,pl,0.5674532947471437,0.552449101254412,pl,20,ok,0.05095228954846171,0.10839488193253509,0.0,1.459853777478969,0.0,1.0,1.459853777478969,0.0,1.0
shell,29,27,shell,4.0,alternating,8,3,448,48.0,168.0,0,mle,1.524555215737705,1.4617748081373168,pl,0.5753545344972456,0.5708682570261694,sm,20,ok,0.08029958289835791,0.10304470818968982,0.0,1.4617748081373168,0.0,1.0,1.524555215737705,0.06278040760038817,0.0
shell,29,28,shell,4.0,alternating,8,3,448,48.0,168.0,0,mle,1.5551476428137405,1.4625036981563162,pl,0.5742341819337305,0.5548826726826157,pl,20,ok,0.027773340298434382,0.10449202693780611,0.0,1.4625036981563162,0.0,1.0,1.4625036981563162,0.0,1.0
shell,29,29,shell,4.0,alternating,8,3,448,48.0,168.0,0,mle,1.5311670443857401,1.459956083969202,pl,0.5677576546087484,0.556706818700186,pl,20,ok,0.04992599538323415,0.10805268190248137,0.0,1.459956083969202,0.0,1.0,1.459956083969202,0.0,1.0
shell,29,30,shell,4.0,alternating,8,3,448,48.0,168.0,0,mle,1.5356169242336135,1.4665248089586975,pl,0.5904625941397937,0.559340534560145,pl,20,ok,-0.06055987311106257,0.10752745884667607,0.0,1.4665248089586975,0.0,1.0,1.4665248089586975,0.0,1.0
shell,29,31,shell,4.0,alternating,8,3,448,48.0,168.0,0,mle,1.5288774915439518,1.4593590490731678,pl,0.579182091683484,0.5596156586335241,pl,20,ok,0.006188277963632592,0.10805268190248138,0.0,1.4593590490731678,0.0,1.0,1.4593590490731678,0.0,1.0
shell,29,32,shell,4.0,alternating,8,3,448,48.0,168.0,0,mle,1.5261644938454244,1.4640733155038526,pl,0.5824161663485465,0.577356606679406,sm,20,ok,0.06420775131739338,0.10856357609685273,0.0,1.4640733155038526,0.0,1.0,1.5261644938454244,0.06209117834157185,0.0
shell,29,33,shell,4.0,alternating,8,3,448,48.0,168.0,0,mle,1.5237487595005978,1.4589314279554597,pl,0.580768144071561,0.5714935411197446,pl,20,ok,0.03680759408937973,0.1064347839728552,0.0,1.4589314279554597,0.0,1.0,1.4589314279554597,0.0,1.0
shell,29,34,shell,4.0,alternating,8,3,448,48.0,168.0,0,mle,1.5250002374332357,1.4595040839097184,pl,0.5564622966819106,0.5521304202801075,sm,20,ok,0.08598457526464726,0.10698809686617951,0.0,1.4595040839097184,0.0,1.0,1.5250002374332357,0.06549615352351723,0.0
shell,29,35,shell,4.0,alternating,8,3,448,48.0,168.0,0,mle,1.5284879158235902,1.4625597440397842,pl,0.5788181854738941,0.5662849714173664,sm,20,ok,0.07593608501510948,0.10716944353974751,0.0,1.4625597440397842,0.0,1.0,1.5284879158235902,0.06592817178380606,0.0
shell,29,36,shell,4.0,alternating,8,3,448,48.0,168.0,0,mle,1.53022370123744,1.4701004782807616,pl,0.5791512869772941,0.5665384883915676,sm,20,ok,0.09225973793443819,0.1090599495330825,0.0,1.4701004782807616,0.0,1.0,1.53022370123744,0.06012322295667838,0.0
shell,29,37,shell,4.0,alternating,8,3,448,48.0,168.0,0,mle,1.5299117175320927,1.4630371833687268,pl,0.5879371054082936,0.5726848021254909,pl,20,ok,0.04776913049904077,0.10805268190248132,0.0,1.4630371833687268,0.0,1.0,1.4630371833687268,0.0,1.0
shell,29,38,shell,4.0,alternating,8,3,448,48.0,168.0,0,mle,1.5235748195090575,1.4625037687166658,pl,0.5745435481444329,0.5611671690172778,pl,20,ok,0.024003239630680306,0.10586770628814826,0.0,1.4625037687166658,0.0,1.0,1.4625037687166658,0.0,1.0
shell,29,39,shell,4.0,alternating,8,3,448,48.0,168.0,0,mle,1.5311991148822757,1.4677787432601606,pl,0.5769775454129138,0.5645586569325685,pl,20,ok,0.023469527903135983,0.10922214705593518,0.0,1.4677787432601606,0.0,1.0,1.4677787432601606,0.0,1.0
